host_time,t_s,seq,cycle,irms,p_w,phase_deg,range,over_count,over_range,freq_hz,vrms,thd_v,pll_locked,cal_applied,win_range,win_over_range_count,win_clip_volt_count,ih1,ih2,ih3,ih4,ih5,ih6,ih7,ih8,ih9,ih10,ih11,ih12,ih13,ih14,ih15,ihdeg1,ihdeg2,ihdeg3,ihdeg4,ihdeg5,ihdeg6,ihdeg7,ihdeg8,ihdeg9,ihdeg10,ihdeg11,ihdeg12,ihdeg13,ihdeg14,ihdeg15,vh1,vh2,vh3,vh4,vh5,vh6,vh7,vh8,vh9,vh10,vh11,vh12,vh13,vh14,vh15
2026-08-05 09:03:27.228,0.000000,0,0,0.031440,-0.0582,123.71,0,0,0,60.0000,5.214,0.77175,0,0,0,0,256,0.007534,0.002672,0.014307,0.004076,0.014689,0.004842,0.013235,0.005644,0.011034,0.005301,0.008077,0.004719,0.005780,0.003366,0.003499,-123.71,-170.47,-158.94,139.32,173.97,106.83,157.78,80.95,142.64,61.03,130.79,47.36,122.95,34.91,121.21,0.7422,0.3635,0.2532,0.1860,0.1594,0.1277,0.1120,0.0950,0.0859,0.0747,0.0760,0.0701,0.0636,0.0559,0.0559
2026-08-05 09:03:27.228,0.016667,0,1,0.016068,0.0006,167.60,0,0,0,60.0000,5.214,0.77175,0,0,0,0,256,0.003266,0.001824,0.005392,0.004435,0.003920,0.006118,0.002078,0.006553,0.000941,0.006084,0.002579,0.004332,0.003710,0.002351,0.004098,-167.60,42.31,65.78,-72.81,-51.17,169.25,-155.44,67.11,-50.62,-37.64,-176.90,-142.85,83.74,117.26,-24.03,0.7422,0.3635,0.2532,0.1860,0.1594,0.1277,0.1120,0.0950,0.0859,0.0747,0.0760,0.0701,0.0636,0.0559,0.0559
2026-08-05 09:03:27.228,0.033333,0,2,0.019841,0.0005,-129.57,0,0,0,60.0000,5.214,0.77175,0,0,0,0,256,0.004080,0.002028,0.007992,0.003558,0.007893,0.004496,0.007197,0.005077,0.006198,0.005314,0.004394,0.005137,0.002917,0.004602,0.001515,129.57,36.11,-110.29,174.26,12.93,-42.43,147.33,100.12,-77.71,-122.11,59.01,18.54,-163.15,159.03,-31.77,0.7422,0.3635,0.2532,0.1860,0.1594,0.1277,0.1120,0.0950,0.0859,0.0747,0.0760,0.0701,0.0636,0.0559,0.0559
2026-08-05 09:03:27.228,0.050000,0,3,0.027835,0.0005,-164.88,0,0,0,60.0000,5.214,0.77175,0,0,0,0,256,0.006430,0.002742,0.012459,0.003613,0.012852,0.003803,0.012058,0.003594,0.010358,0.003000,0.008211,0.002323,0.006074,0.001596,0.004172,164.88,-115.45,-14.43,51.87,173.44,-120.86,14.01,65.84,-145.93,-102.86,59.55,90.58,-91.82,-80.79,119.57,0.7422,0.3635,0.2532,0.1860,0.1594,0.1277,0.1120,0.0950,0.0859,0.0747,0.0760,0.0701,0.0636,0.0559,0.0559
2026-08-05 09:03:27.228,0.066667,0,4,0.018292,-0.0006,148.21,0,0,0,60.0000,5.214,0.77175,0,0,0,0,256,0.003877,0.000638,0.007426,0.001877,0.007739,0.002748,0.007316,0.003404,0.006614,0.003739,0.005300,0.003624,0.004110,0.003449,0.002935,-148.21,-76.12,130.25,-175.37,52.21,118.92,-10.62,52.10,-75.94,-13.26,-137.71,-77.30,161.54,-140.14,99.61,0.7422,0.3635,0.2532,0.1860,0.1594,0.1277,0.1120,0.0950,0.0859,0.0747,0.0760,0.0701,0.0636,0.0559,0.0559
2026-08-05 09:03:27.228,0.083333,0,5,0.015776,-0.0001,177.42,0,0,0,60.0000,5.214,0.77175,0,0,0,0,256,0.003073,0.000758,0.005956,0.002015,0.006301,0.002621,0.005779,0.003337,0.005212,0.003800,0.004181,0.003915,0.003202,0.003769,0.002285,-177.42,177.16,54.36,59.23,-75.08,-49.05,173.50,-164.21,57.38,82.10,-56.96,-29.24,-168.52,-140.81,78.47,0.7422,0.3635,0.2532,0.1860,0.1594,0.1277,0.1120,0.0950,0.0859,0.0747,0.0760,0.0701,0.0636,0.0559,0.0559
2026-08-05 09:03:27.228,0.100000,0,6,0.017540,-0.0002,-120.84,0,0,0,60.0000,5.214,0.77175,0,0,0,0,256,0.003659,0.000844,0.007045,0.001707,0.007331,0.002405,0.006606,0.003144,0.005968,0.003738,0.004732,0.004015,0.003886,0.003940,0.003059,120.84,123.50,-131.24,-154.72,-23.86,-39.95,98.76,71.62,-142.49,-170.84,-22.90,-47.72,98.57,78.69,-140.12,0.7422,0.3635,0.2532,0.1860,0.1594,0.1277,0.1120,0.0950,0.0859,0.0747,0.0760,0.0701,0.0636,0.0559,0.0559
2026-08-05 09:03:27.228,0.116667,0,7,0.020343,-0.0005,-126.38,0,0,0,60.0000,5.214,0.77175,0,0,0,0,256,0.005477,0.002212,0.009651,0.002201,0.009542,0.002186,0.008360,0.002377,0.006569,0.002936,0.004305,0.003370,0.002338,0.003647,0.000815,126.38,149.98,-72.83,-70.83,83.48,80.24,-107.11,-141.77,58.92,6.68,-130.05,164.49,44.95,-33.59,-120.26,0.7422,0.3635,0.2532,0.1860,0.1594,0.1277,0.1120,0.0950,0.0859,0.0747,0.0760,0.0701,0.0636,0.0559,0.0559
2026-08-05 09:03:27.228,0.133333,0,8,0.015327,0.0001,158.29,0,0,0,60.0000,5.214,0.77175,0,0,0,0,256,0.003119,0.001067,0.006276,0.001384,0.006119,0.001889,0.005884,0.002573,0.004998,0.003217,0.003958,0.003459,0.003120,0.003603,0.002298,-158.29,32.91,62.55,-80.29,-65.98,159.15,-175.20,52.91,71.34,-54.15,-35.08,-163.99,-140.60,85.16,112.43,0.7422,0.3635,0.2532,0.1860,0.1594,0.1277,0.1120,0.0950,0.0859,0.0747,0.0760,0.0701,0.0636,0.0559,0.0559
2026-08-05 09:03:27.228,0.150000,0,9,0.014755,-0.0005,-116.85,0,0,0,60.0000,5.214,0.77175,0,0,0,0,256,0.002999,0.000814,0.005915,0.001331,0.005731,0.001852,0.005512,0.002659,0.004874,0.003210,0.004101,0.003373,0.003563,0.003174,0.002675,116.85,-107.66,-174.31,-6.66,-97.98,68.63,-0.47,157.53,92.80,-111.13,-169.46,-21.49,-73.48,70.55,18.54,0.7422,0.3635,0.2532,0.1860,0.1594,0.1277,0.1120,0.0950,0.0859,0.0747,0.0760,0.0701,0.0636,0.0559,0.0559
2026-08-05 09:03:27.228,0.166667,0,10,0.018184,-0.0004,-157.36,0,0,0,60.0000,5.214,0.77175,0,0,0,0,256,0.003739,0.001144,0.007316,0.002337,0.007198,0.003465,0.006914,0.004413,0.005722,0.004802,0.004297,0.004781,0.003022,0.004365,0.001832,157.36,-63.48,-32.38,131.93,143.23,-45.46,-26.51,146.31,160.19,-20.71,-10.10,169.68,176.96,0.68,3.40,0.7422,0.3635,0.2532,0.1860,0.1594,0.1277,0.1120,0.0950,0.0859,0.0747,0.0760,0.0701,0.0636,0.0559,0.0559
2026-08-05 09:03:27.228,0.183333,0,11,0.023954,-0.0009,143.48,0,0,0,60.0000,5.214,0.77175,0,0,0,0,256,0.005378,0.001482,0.010372,0.003158,0.010194,0.004850,0.009444,0.005794,0.007494,0.006159,0.005427,0.005725,0.003579,0.004837,0.001917,-143.48,72.47,136.18,9.34,67.52,-56.51,8.29,-114.52,-52.67,-169.02,-109.86,133.55,-168.43,80.54,126.11,0.7422,0.3635,0.2532,0.1860,0.1594,0.1277,0.1120,0.0950,0.0859,0.0747,0.0760,0.0701,0.0636,0.0559,0.0559
2026-08-05 09:03:27.228,0.200000,0,12,0.020805,0.0002,105.63,0,0,0,60.0000,5.214,0.77175,0,0,0,0,256,0.004493,0.001697,0.008586,0.002798,0.008923,0.002906,0.008681,0.003550,0.007548,0.003740,0.006310,0.003328,0.004724,0.003200,0.003654,-105.63,-126.93,-107.74,-141.93,-100.81,-144.32,-83.12,-133.29,-63.15,-125.09,-44.01,-108.09,-20.59,-90.05,4.29,0.7422,0.3635,0.2532,0.1860,0.1594,0.1277,0.1120,0.0950,0.0859,0.0747,0.0760,0.0701,0.0636,0.0559,0.0559
2026-08-05 09:03:27.228,0.216667,0,13,0.017099,-0.0001,-178.49,0,0,0,60.0000,5.214,0.77175,0,0,0,0,256,0.003528,0.000983,0.006837,0.001948,0.007124,0.002343,0.006824,0.003264,0.006093,0.003517,0.004979,0.003512,0.003829,0.003274,0.002886,178.49,66.94,33.83,-94.18,-107.68,119.50,125.50,-12.29,-3.00,-145.09,-130.37,88.36,104.56,-39.40,-21.99,0.7422,0.3635,0.2532,0.1860,0.1594,0.1277,0.1120,0.0950,0.0859,0.0747,0.0760,0.0701,0.0636,0.0559,0.0559
2026-08-05 09:03:27.228,0.233333,0,14,0.017604,0.0003,-153.63,0,0,0,60.0000,5.214,0.77175,0,0,0,0,256,0.003607,0.000841,0.007078,0.001847,0.007380,0.002420,0.007013,0.003430,0.006237,0.003696,0.005020,0.003701,0.003827,0.003529,0.002844,153.63,-7.74,-44.48,144.53,121.28,-51.18,-57.85,127.63,121.71,-54.96,-58.80,126.00,124.49,-53.98,-53.31,0.7422,0.3635,0.2532,0.1860,0.1594,0.1277,0.1120,0.0950,0.0859,0.0747,0.0760,0.0701,0.0636,0.0559,0.0559
2026-08-05 09:03:27.228,0.250000,0,15,0.016679,-0.0002,-124.99,0,0,0,60.0000,5.214,0.77175,0,0,0,0,256,0.003275,0.001291,0.006535,0.001989,0.006867,0.002194,0.006554,0.003029,0.006047,0.003251,0.005012,0.003235,0.004002,0.003091,0.003110,124.99,-28.21,-123.34,67.24,-11.67,177.03,117.70,-64.22,-116.58,58.15,11.09,-176.08,141.80,-48.50,-88.17,0.7422,0.3635,0.2532,0.1860,0.1594,0.1277,0.1120,0.0950,0.0859,0.0747,0.0760,0.0701,0.0636,0.0559,0.0559
2026-08-05 09:03:27.228,0.266667,0,16,0.015736,-0.0005,153.82,0,0,0,60.0000,5.214,0.77175,0,0,0,0,256,0.003106,0.000785,0.006075,0.001592,0.006450,0.002351,0.006045,0.003301,0.005396,0.003647,0.004293,0.003681,0.003265,0.003618,0.002395,-153.82,94.18,124.62,2.24,41.18,-75.76,-24.18,-145.20,-93.58,146.95,-161.12,80.48,132.60,15.38,64.40,0.7422,0.3635,0.2532,0.1860,0.1594,0.1277,0.1120,0.0950,0.0859,0.0747,0.0760,0.0701,0.0636,0.0559,0.0559
2026-08-05 09:03:27.228,0.283333,0,17,0.014400,-0.0001,100.39,0,0,0,60.0000,5.214,0.77175,0,0,0,0,256,0.002524,0.000703,0.005569,0.001573,0.005712,0.002053,0.005427,0.002897,0.004969,0.003316,0.003932,0.003334,0.003129,0.003372,0.002300,-100.39,-146.21,-63.40,-131.78,-34.83,-92.89,14.40,-51.40,59.34,-3.45,105.32,43.20,153.45,90.91,-160.45,0.7422,0.3635,0.2532,0.1860,0.1594,0.1277,0.1120,0.0950,0.0859,0.0747,0.0760,0.0701,0.0636,0.0559,0.0559
2026-08-05 09:03:27.228,0.300000,0,18,0.015240,-0.0003,-154.51,0,0,0,60.0000,5.214,0.77175,0,0,0,0,256,0.002850,0.000896,0.006108,0.001315,0.006052,0.001866,0.005422,0.002808,0.004680,0.003551,0.003784,0.003879,0.003093,0.004063,0.002585,154.51,25.99,-9.15,-177.72,179.14,7.46,23.53,-157.48,-139.12,45.30,59.55,-109.46,-101.52,99.71,99.07,0.7422,0.3635,0.2532,0.1860,0.1594,0.1277,0.1120,0.0950,0.0859,0.0747,0.0760,0.0701,0.0636,0.0559,0.0559
2026-08-05 09:03:27.228,0.316667,0,19,0.019211,0.0001,170.26,0,0,0,60.0000,5.214,0.77175,0,0,0,0,256,0.004886,0.002827,0.009005,0.002593,0.008807,0.001659,0.007704,0.001336,0.006120,0.001871,0.003930,0.002722,0.002242,0.003529,0.000783,-170.26,135.78,129.24,64.33,59.68,-6.11,2.95,-115.17,-57.78,143.68,-116.59,67.76,-177.79,6.15,106.52,0.7422,0.3635,0.2532,0.1860,0.1594,0.1277,0.1120,0.0950,0.0859,0.0747,0.0760,0.0701,0.0636,0.0559,0.0559
2026-08-05 09:03:27.228,0.333333,0,20,0.015079,-0.0004,152.99,0,0,0,60.0000,5.214,0.77175,0,0,0,0,256,0.002979,0.001543,0.006317,0.001592,0.006166,0.002232,0.005854,0.002406,0.004949,0.002990,0.003949,0.003232,0.003109,0.003317,0.002350,-152.99,178.75,63.22,63.50,-63.46,-40.75,-174.97,-142.03,72.54,114.33,-33.84,4.97,-140.06,-101.77,115.65,0.7422,0.3635,0.2532,0.1860,0.1594,0.1277,0.1120,0.0950,0.0859,0.0747,0.0760,0.0701,0.0636,0.0559,0.0559
2026-08-05 09:03:27.228,0.350000,0,21,0.016948,0.0008,96.81,0,0,0,60.0000,5.214,0.77175,0,0,0,0,256,0.003369,0.001036,0.007006,0.001314,0.006770,0.002376,0.006496,0.002903,0.005838,0.003589,0.004893,0.003695,0.004099,0.003450,0.003059,-96.81,-44.92,-104.78,-19.36,-97.30,6.05,-75.38,28.08,-54.82,47.13,-31.05,64.63,-9.30,88.50,13.07,0.7422,0.3635,0.2532,0.1860,0.1594,0.1277,0.1120,0.0950,0.0859,0.0747,0.0760,0.0701,0.0636,0.0559,0.0559
2026-08-05 09:03:27.228,0.366667,0,22,0.022069,-0.0006,170.70,0,0,0,60.0000,5.214,0.77175,0,0,0,0,256,0.004738,0.001150,0.009428,0.002244,0.009150,0.003834,0.008931,0.004466,0.007702,0.004801,0.006010,0.004653,0.004422,0.004343,0.002975,-170.70,171.67,54.18,65.93,-70.17,-46.54,176.68,-158.93,61.80,88.67,-49.43,-22.81,-160.21,-133.75,90.52,0.7422,0.3635,0.2532,0.1860,0.1594,0.1277,0.1120,0.0950,0.0859,0.0747,0.0760,0.0701,0.0636,0.0559,0.0559
2026-08-05 09:03:27.228,0.383333,0,23,0.021823,0.0002,113.94,0,0,0,60.0000,5.214,0.77175,0,0,0,0,256,0.005023,0.000976,0.009425,0.002441,0.009139,0.004033,0.009023,0.004444,0.007437,0.004961,0.005660,0.004654,0.004112,0.004041,0.002474,-113.94,-63.70,-140.10,-57.38,-153.23,-68.74,-157.58,-70.21,-162.47,-71.48,-161.83,-74.31,-164.60,-73.26,-166.24,0.7422,0.3635,0.2532,0.1860,0.1594,0.1277,0.1120,0.0950,0.0859,0.0747,0.0760,0.0701,0.0636,0.0559,0.0559
2026-08-05 09:03:27.228,0.400000,0,24,0.018206,0.0002,-67.59,0,0,0,60.0000,5.214,0.77175,0,0,0,0,256,0.004032,0.001307,0.007327,0.002701,0.007394,0.003776,0.006782,0.004353,0.005792,0.004847,0.004298,0.004551,0.002784,0.004237,0.001661,67.59,-75.48,60.61,-59.35,58.64,-45.70,67.79,-30.58,78.19,-19.31,87.49,-4.97,100.27,8.40,105.83,0.7422,0.3635,0.2532,0.1860,0.1594,0.1277,0.1120,0.0950,0.0859,0.0747,0.0760,0.0701,0.0636,0.0559,0.0559
2026-08-05 09:03:27.228,0.416667,0,25,0.017006,0.0001,126.80,0,0,0,60.0000,5.214,0.77175,0,0,0,0,256,0.003495,0.000738,0.006761,0.001943,0.006901,0.002903,0.006478,0.003639,0.005889,0.003969,0.004595,0.003946,0.003472,0.003756,0.002333,-126.80,-63.44,-159.19,-99.26,168.88,-112.01,152.55,-128.46,135.00,-146.78,118.35,-161.71,104.54,-177.28,86.88,0.7422,0.3635,0.2532,0.1860,0.1594,0.1277,0.1120,0.0950,0.0859,0.0747,0.0760,0.0701,0.0636,0.0559,0.0559
2026-08-05 09:03:27.228,0.433333,0,26,0.017216,0.0003,-137.08,0,0,0,60.0000,5.214,0.77175,0,0,0,0,256,0.003340,0.001204,0.006799,0.002459,0.006833,0.003336,0.006343,0.004014,0.005644,0.004318,0.004309,0.004330,0.003132,0.004080,0.002035,137.08,68.44,-89.03,-145.11,46.22,11.87,-162.62,165.42,-13.74,-43.28,136.61,109.00,-71.40,-97.41,80.01,0.7422,0.3635,0.2532,0.1860,0.1594,0.1277,0.1120,0.0950,0.0859,0.0747,0.0760,0.0701,0.0636,0.0559,0.0559
2026-08-05 09:03:27.228,0.450000,0,27,0.019224,-0.0000,84.01,0,0,0,60.0000,5.214,0.77175,0,0,0,0,256,0.004059,0.001043,0.007891,0.002646,0.008056,0.003657,0.007348,0.004433,0.006384,0.004809,0.004776,0.004595,0.003255,0.004303,0.002004,-84.01,-6.14,-37.55,56.65,12.50,124.70,76.72,-169.80,138.74,-104.45,-156.35,-37.80,-90.73,28.98,-32.30,0.7422,0.3635,0.2532,0.1860,0.1594,0.1277,0.1120,0.0950,0.0859,0.0747,0.0760,0.0701,0.0636,0.0559,0.0559
2026-08-05 09:03:27.228,0.466667,0,28,0.017941,-0.0001,150.69,0,0,0,60.0000,5.214,0.77175,0,0,0,0,256,0.003686,0.001518,0.007110,0.003018,0.007196,0.003870,0.006484,0.004668,0.005496,0.004982,0.003991,0.004658,0.002566,0.004364,0.001438,-150.69,-157.76,124.83,135.84,42.08,76.36,-23.85,10.91,-94.66,-53.10,-162.19,-118.04,132.00,177.61,59.11,0.7422,0.3635,0.2532,0.1860,0.1594,0.1277,0.1120,0.0950,0.0859,0.0747,0.0760,0.0701,0.0636,0.0559,0.0559
2026-08-05 09:03:27.228,0.483333,0,29,0.017510,-0.0003,175.71,0,0,0,60.0000,5.214,0.77175,0,0,0,0,256,0.003597,0.000812,0.007115,0.002283,0.007441,0.003077,0.006759,0.003747,0.005945,0.004193,0.004514,0.004107,0.003316,0.003805,0.002238,-175.71,-179.76,47.59,56.65,-85.74,-57.07,158.15,-177.67,37.09,64.01,-82.32,-52.22,161.41,-167.29,42.03,0.7422,0.3635,0.2532,0.1860,0.1594,0.1277,0.1120,0.0950,0.0859,0.0747,0.0760,0.0701,0.0636,0.0559,0.0559
2026-08-05 09:03:27.479,0.500000,1,0,0.015618,-0.0000,134.61,0,0,0,60.0000,0.288,2.27397,0,0,0,0,0,0.003222,0.000638,0.006190,0.001649,0.006406,0.002131,0.005790,0.002904,0.005106,0.003499,0.004094,0.003722,0.003261,0.003736,0.002620,-134.61,-61.21,-176.86,-119.35,140.61,-147.64,115.02,177.37,83.38,147.69,51.70,121.41,23.70,99.17,-7.69,0.0095,0.0076,0.0067,0.0005,0.0097,0.0048,0.0020,0.0036,0.0058,0.0042,0.0053,0.0062,0.0066,0.0035,0.0075
2026-08-05 09:03:27.479,0.516667,1,1,0.017343,0.0001,-129.24,0,0,0,60.0000,0.288,2.27397,0,0,0,0,0,0.004644,0.002339,0.007920,0.001746,0.007689,0.001010,0.006600,0.000765,0.005121,0.002097,0.003203,0.003023,0.001768,0.003808,0.000588,129.24,-170.40,-46.54,6.00,128.40,-178.89,-42.77,-82.07,141.10,70.51,-34.78,-106.70,149.43,79.33,-61.80,0.0095,0.0076,0.0067,0.0005,0.0097,0.0048,0.0020,0.0036,0.0058,0.0042,0.0053,0.0062,0.0066,0.0035,0.0075
2026-08-05 09:03:27.479,0.533333,1,2,0.014775,0.0001,129.08,0,0,0,60.0000,0.288,2.27397,0,0,0,0,0,0.003116,0.001323,0.006030,0.001460,0.005983,0.001983,0.005653,0.002578,0.004787,0.003111,0.003682,0.003395,0.002850,0.003473,0.002014,-129.08,71.83,143.40,11.93,67.86,-52.52,11.17,-102.06,-49.89,-154.11,-102.19,151.28,-155.88,95.40,151.52,0.0095,0.0076,0.0067,0.0005,0.0097,0.0048,0.0020,0.0036,0.0058,0.0042,0.0053,0.0062,0.0066,0.0035,0.0075
2026-08-05 09:03:27.479,0.550000,1,3,0.015379,-0.0000,-154.96,0,0,0,60.0000,0.288,2.27397,0,0,0,0,0,0.003090,0.000925,0.006241,0.001509,0.006073,0.002316,0.005832,0.003167,0.005034,0.003716,0.004094,0.003723,0.003300,0.003478,0.002262,154.96,-68.79,-55.43,110.12,101.92,-83.41,-82.48,91.66,89.36,-93.81,-95.13,78.75,77.00,-106.72,-112.87,0.0095,0.0076,0.0067,0.0005,0.0097,0.0048,0.0020,0.0036,0.0058,0.0042,0.0053,0.0062,0.0066,0.0035,0.0075
2026-08-05 09:03:27.479,0.566667,1,4,0.025404,-0.0014,-165.77,0,0,0,60.0000,0.288,2.27397,0,0,0,0,0,0.005634,0.001903,0.011118,0.003730,0.010998,0.005237,0.010077,0.006227,0.007869,0.006497,0.005592,0.005895,0.003576,0.004789,0.001748,165.77,-48.13,-11.84,153.89,178.87,-7.00,19.57,-161.38,-140.27,45.27,63.16,-110.58,-96.88,97.62,97.73,0.0095,0.0076,0.0067,0.0005,0.0097,0.0048,0.0020,0.0036,0.0058,0.0042,0.0053,0.0062,0.0066,0.0035,0.0075
2026-08-05 09:03:27.479,0.583333,1,5,0.029721,0.0007,-164.04,0,0,0,60.0000,0.288,2.27397,0,0,0,0,0,0.007300,0.001495,0.013757,0.003415,0.013599,0.004903,0.012770,0.005448,0.009963,0.005793,0.007456,0.004942,0.005043,0.003744,0.002842,164.04,9.58,-23.93,-175.49,162.23,-1.67,-4.40,-169.41,-170.06,26.06,29.20,-138.50,-132.21,63.50,75.15,0.0095,0.0076,0.0067,0.0005,0.0097,0.0048,0.0020,0.0036,0.0058,0.0042,0.0053,0.0062,0.0066,0.0035,0.0075
2026-08-05 09:03:27.479,0.600000,1,6,0.029607,0.0002,92.82,0,0,0,60.0000,0.288,2.27397,0,0,0,0,0,0.006942,0.003270,0.013247,0.004623,0.013691,0.004520,0.012533,0.004708,0.010649,0.004057,0.008151,0.003292,0.005846,0.002353,0.004008,-92.82,-98.37,-68.99,-80.25,-35.10,-54.08,8.20,-20.75,53.97,13.16,101.98,58.22,156.21,94.16,-146.53,0.0095,0.0076,0.0067,0.0005,0.0097,0.0048,0.0020,0.0036,0.0058,0.0042,0.0053,0.0062,0.0066,0.0035,0.0075
2026-08-05 09:03:27.479,0.616667,1,7,0.015567,0.0000,-66.97,0,0,0,60.0000,0.288,2.27397,0,0,0,0,0,0.003016,0.001202,0.005922,0.001986,0.006256,0.001964,0.006179,0.002679,0.005640,0.002847,0.004808,0.002889,0.003916,0.002816,0.003106,66.97,-133.73,61.13,-157.68,56.02,-165.52,67.94,-165.66,77.96,-162.38,88.26,-154.53,101.77,-144.52,115.57,0.0095,0.0076,0.0067,0.0005,0.0097,0.0048,0.0020,0.0036,0.0058,0.0042,0.0053,0.0062,0.0066,0.0035,0.0075
2026-08-05 09:03:27.479,0.633333,1,8,0.014891,-0.0000,81.66,0,0,0,60.0000,0.288,2.27397,0,0,0,0,0,0.002808,0.000957,0.005581,0.001706,0.005921,0.001935,0.005719,0.002695,0.005297,0.002915,0.004448,0.003101,0.003616,0.003081,0.002793,-81.66,-78.51,-20.11,-38.89,40.39,16.17,118.68,86.72,-166.96,157.19,-89.97,-128.00,-11.06,-52.43,67.38,0.0095,0.0076,0.0067,0.0005,0.0097,0.0048,0.0020,0.0036,0.0058,0.0042,0.0053,0.0062,0.0066,0.0035,0.0075
2026-08-05 09:03:27.479,0.650000,1,9,0.016797,0.0003,-151.73,0,0,0,60.0000,0.288,2.27397,0,0,0,0,0,0.003323,0.000686,0.006539,0.001826,0.006774,0.002394,0.006468,0.003395,0.005813,0.003787,0.004704,0.003772,0.003606,0.003734,0.002733,151.73,-30.26,-47.60,129.28,114.71,-66.84,-66.88,113.18,109.81,-71.31,-73.90,108.74,105.77,-72.61,-75.83,0.0095,0.0076,0.0067,0.0005,0.0097,0.0048,0.0020,0.0036,0.0058,0.0042,0.0053,0.0062,0.0066,0.0035,0.0075
2026-08-05 09:03:27.479,0.666667,1,10,0.017620,-0.0007,118.81,0,0,0,60.0000,0.288,2.27397,0,0,0,0,0,0.003590,0.000930,0.007062,0.001875,0.007373,0.002428,0.007007,0.003342,0.006309,0.003578,0.005103,0.003580,0.003960,0.003502,0.003025,-118.81,-177.39,-141.47,143.95,-160.48,122.80,-163.68,116.91,-169.22,107.72,-174.24,104.11,-176.22,100.38,179.55,0.0095,0.0076,0.0067,0.0005,0.0097,0.0048,0.0020,0.0036,0.0058,0.0042,0.0053,0.0062,0.0066,0.0035,0.0075
2026-08-05 09:03:27.479,0.683333,1,11,0.017673,-0.0005,137.03,0,0,0,60.0000,0.288,2.27397,0,0,0,0,0,0.003462,0.000786,0.007066,0.001928,0.007303,0.002546,0.006950,0.003476,0.006266,0.003796,0.004987,0.003819,0.003867,0.003761,0.002857,-137.03,134.61,169.84,71.58,118.29,20.03,82.50,-18.30,45.40,-58.51,8.06,-94.17,-26.42,-130.03,-62.21,0.0095,0.0076,0.0067,0.0005,0.0097,0.0048,0.0020,0.0036,0.0058,0.0042,0.0053,0.0062,0.0066,0.0035,0.0075
2026-08-05 09:03:27.479,0.700000,1,12,0.019110,-0.0001,-122.76,0,0,0,60.0000,0.288,2.27397,0,0,0,0,0,0.004519,0.001613,0.008425,0.001785,0.008091,0.002034,0.006989,0.003288,0.005378,0.004184,0.003727,0.004757,0.002800,0.004927,0.002529,122.76,-33.84,-108.41,72.06,19.91,175.47,159.23,-58.52,-67.85,71.79,60.34,-147.45,-173.72,-3.48,-48.89,0.0095,0.0076,0.0067,0.0005,0.0097,0.0048,0.0020,0.0036,0.0058,0.0042,0.0053,0.0062,0.0066,0.0035,0.0075
2026-08-05 09:03:27.479,0.716667,1,13,0.018471,0.0001,148.53,0,0,0,60.0000,0.288,2.27397,0,0,0,0,0,0.004609,0.002448,0.008208,0.002455,0.008036,0.001305,0.007099,0.000941,0.005441,0.001677,0.003463,0.002695,0.001704,0.003568,0.000696,-148.53,176.52,177.82,138.65,139.12,105.52,112.63,14.54,83.59,-71.47,54.04,-110.57,20.49,-140.29,-51.68,0.0095,0.0076,0.0067,0.0005,0.0097,0.0048,0.0020,0.0036,0.0058,0.0042,0.0053,0.0062,0.0066,0.0035,0.0075
2026-08-05 09:03:27.479,0.733333,1,14,0.014235,-0.0001,105.06,0,0,0,60.0000,0.288,2.27397,0,0,0,0,0,0.002970,0.001596,0.005772,0.001870,0.005553,0.002451,0.005364,0.002527,0.004453,0.003054,0.003443,0.003305,0.002607,0.003400,0.001788,-105.06,-84.64,-145.13,-110.66,-173.23,-106.00,175.51,-109.49,163.42,-110.06,157.61,-116.29,151.50,-123.02,145.48,0.0095,0.0076,0.0067,0.0005,0.0097,0.0048,0.0020,0.0036,0.0058,0.0042,0.0053,0.0062,0.0066,0.0035,0.0075
2026-08-05 09:03:27.479,0.750000,1,15,0.014177,-0.0001,22.47,0,0,0,60.0000,0.288,2.27397,0,0,0,0,0,0.002846,0.001289,0.005623,0.001538,0.005250,0.002528,0.005041,0.002963,0.004431,0.003600,0.003707,0.003635,0.002987,0.003370,0.001981,-22.47,86.80,126.69,-99.99,-74.43,91.36,102.82,-89.86,-82.33,85.44,95.38,-101.55,-91.19,76.49,82.81,0.0095,0.0076,0.0067,0.0005,0.0097,0.0048,0.0020,0.0036,0.0058,0.0042,0.0053,0.0062,0.0066,0.0035,0.0075
2026-08-05 09:03:27.479,0.766667,1,16,0.014718,0.0001,150.33,0,0,0,60.0000,0.288,2.27397,0,0,0,0,0,0.003047,0.000679,0.005884,0.001123,0.005530,0.002471,0.005641,0.002781,0.005176,0.003207,0.004165,0.003267,0.003263,0.003236,0.002436,-150.33,-136.48,118.68,166.66,34.90,95.49,-32.13,21.97,-104.46,-48.25,-173.24,-118.32,120.00,174.21,52.78,0.0095,0.0076,0.0067,0.0005,0.0097,0.0048,0.0020,0.0036,0.0058,0.0042,0.0053,0.0062,0.0066,0.0035,0.0075
2026-08-05 09:03:27.479,0.783333,1,17,0.014817,-0.0005,-80.36,0,0,0,60.0000,0.288,2.27397,0,0,0,0,0,0.002913,0.000980,0.005649,0.001603,0.005455,0.002804,0.005546,0.003022,0.004800,0.003615,0.003942,0.003732,0.003083,0.003506,0.002065,80.36,-49.61,106.52,0.93,135.14,46.76,176.92,90.19,-144.28,135.81,-99.55,177.11,-58.52,-137.44,-15.49,0.0095,0.0076,0.0067,0.0005,0.0097,0.0048,0.0020,0.0036,0.0058,0.0042,0.0053,0.0062,0.0066,0.0035,0.0075
2026-08-05 09:03:27.479,0.800000,1,18,0.014173,-0.0004,100.29,0,0,0,60.0000,0.288,2.27397,0,0,0,0,0,0.002668,0.000867,0.005283,0.001696,0.005320,0.002601,0.005105,0.003045,0.004670,0.003435,0.003783,0.003470,0.002900,0.003561,0.002186,-100.29,-49.05,-76.41,-11.30,-52.61,35.76,-15.00,80.52,24.48,117.71,62.24,160.16,102.71,-158.15,141.08,0.0095,0.0076,0.0067,0.0005,0.0097,0.0048,0.0020,0.0036,0.0058,0.0042,0.0053,0.0062,0.0066,0.0035,0.0075
2026-08-05 09:03:27.479,0.816667,1,19,0.014372,-0.0002,113.68,0,0,0,60.0000,0.288,2.27397,0,0,0,0,0,0.002740,0.001042,0.005409,0.002154,0.005411,0.003042,0.005067,0.003509,0.004472,0.003833,0.003392,0.003827,0.002480,0.003683,0.001543,-113.68,-72.69,-115.64,-66.94,-119.69,-45.23,-107.93,-29.19,-95.92,-16.82,-84.91,-1.73,-71.01,12.46,-63.59,0.0095,0.0076,0.0067,0.0005,0.0097,0.0048,0.0020,0.0036,0.0058,0.0042,0.0053,0.0062,0.0066,0.0035,0.0075
2026-08-05 09:03:27.479,0.833333,1,20,0.013678,0.0001,171.73,0,0,0,60.0000,0.288,2.27397,0,0,0,0,0,0.002589,0.000675,0.005043,0.001578,0.005253,0.002312,0.004935,0.002859,0.004623,0.003212,0.003665,0.003324,0.002910,0.003336,0.002136,-171.73,-167.21,78.36,82.64,-37.56,-6.29,-135.42,-102.79,125.04,158.13,26.23,61.68,-70.60,-35.63,-170.85,0.0095,0.0076,0.0067,0.0005,0.0097,0.0048,0.0020,0.0036,0.0058,0.0042,0.0053,0.0062,0.0066,0.0035,0.0075
2026-08-05 09:03:27.479,0.850000,1,21,0.015126,0.0000,-127.38,0,0,0,60.0000,0.288,2.27397,0,0,0,0,0,0.002877,0.001250,0.005526,0.002536,0.005704,0.003077,0.005244,0.003710,0.004713,0.004086,0.003568,0.004096,0.002534,0.003973,0.001651,127.38,39.51,-112.09,173.90,5.16,-43.09,141.63,93.25,-86.66,-129.85,48.76,6.99,-174.24,143.80,-42.93,0.0095,0.0076,0.0067,0.0005,0.0097,0.0048,0.0020,0.0036,0.0058,0.0042,0.0053,0.0062,0.0066,0.0035,0.0075
2026-08-05 09:03:27.479,0.866667,1,22,0.015187,-0.0005,-17.35,0,0,0,60.0000,0.288,2.27397,0,0,0,0,0,0.002934,0.001086,0.005655,0.002306,0.005913,0.002838,0.005462,0.003519,0.004889,0.003889,0.003845,0.003912,0.002813,0.003748,0.001966,17.35,-178.48,-82.93,99.41,174.26,21.54,91.27,-62.63,2.67,-146.67,-82.71,130.05,-166.80,46.44,104.93,0.0095,0.0076,0.0067,0.0005,0.0097,0.0048,0.0020,0.0036,0.0058,0.0042,0.0053,0.0062,0.0066,0.0035,0.0075
2026-08-05 09:03:27.479,0.883333,1,23,0.025122,0.0000,126.02,0,0,0,60.0000,0.288,2.27397,0,0,0,0,0,0.005676,0.001506,0.010997,0.003685,0.011162,0.004831,0.010045,0.005690,0.008122,0.005989,0.005791,0.005488,0.003750,0.004645,0.002086,-126.02,-102.90,-172.12,-120.16,151.05,-142.25,126.15,-164.89,99.63,171.28,75.45,152.08,53.81,132.25,25.91,0.0095,0.0076,0.0067,0.0005,0.0097,0.0048,0.0020,0.0036,0.0058,0.0042,0.0053,0.0062,0.0066,0.0035,0.0075
2026-08-05 09:03:27.479,0.900000,1,24,0.022807,-0.0006,-142.80,0,0,0,60.0000,0.288,2.27397,0,0,0,0,0,0.006094,0.002020,0.010799,0.001710,0.010079,0.001729,0.008095,0.003239,0.005481,0.004969,0.003029,0.005791,0.002003,0.006058,0.002223,142.80,-166.96,-36.36,-13.70,143.39,128.52,-26.94,-71.35,154.66,111.85,-30.26,-56.88,123.38,139.17,-74.81,0.0095,0.0076,0.0067,0.0005,0.0097,0.0048,0.0020,0.0036,0.0058,0.0042,0.0053,0.0062,0.0066,0.0035,0.0075
2026-08-05 09:03:27.479,0.916667,1,25,0.024697,-0.0000,54.16,0,0,0,60.0000,0.288,2.27397,0,0,0,0,0,0.006380,0.001515,0.011811,0.001227,0.011319,0.000967,0.009454,0.002434,0.006597,0.004040,0.003660,0.005058,0.001614,0.005579,0.001542,-54.16,153.94,78.24,-97.90,-146.80,-21.16,0.36,81.78,145.75,-141.19,-57.37,0.09,121.48,145.22,-19.42,0.0095,0.0076,0.0067,0.0005,0.0097,0.0048,0.0020,0.0036,0.0058,0.0042,0.0053,0.0062,0.0066,0.0035,0.0075
2026-08-05 09:03:27.479,0.933333,1,26,0.020136,0.0010,89.43,0,0,0,60.0000,0.288,2.27397,0,0,0,0,0,0.004549,0.002240,0.008998,0.002692,0.008573,0.003354,0.007757,0.004051,0.006056,0.004665,0.004320,0.004875,0.003057,0.004602,0.002009,-89.43,125.15,-106.84,132.51,-105.96,154.67,-90.22,-177.17,-75.61,-151.76,-54.30,-132.50,-32.98,-113.31,-11.74,0.0095,0.0076,0.0067,0.0005,0.0097,0.0048,0.0020,0.0036,0.0058,0.0042,0.0053,0.0062,0.0066,0.0035,0.0075
2026-08-05 09:03:27.479,0.950000,1,27,0.021666,0.0006,-144.02,0,0,0,60.0000,0.288,2.27397,0,0,0,0,0,0.005033,0.001763,0.009657,0.002609,0.008965,0.003987,0.008298,0.005123,0.006756,0.005612,0.005169,0.005170,0.003528,0.004330,0.001850,144.02,-110.50,-95.22,45.78,40.25,-164.25,-171.15,-14.92,-24.39,134.57,124.96,-77.35,-90.20,76.96,50.08,0.0095,0.0076,0.0067,0.0005,0.0097,0.0048,0.0020,0.0036,0.0058,0.0042,0.0053,0.0062,0.0066,0.0035,0.0075
2026-08-05 09:03:27.479,0.966667,1,28,0.016499,-0.0001,-132.78,0,0,0,60.0000,0.288,2.27397,0,0,0,0,0,0.003711,0.000633,0.006814,0.001288,0.006256,0.002503,0.006552,0.003191,0.005914,0.003320,0.004665,0.003504,0.003650,0.003508,0.002783,132.78,-115.22,-130.98,50.69,-17.50,150.34,112.20,-95.65,-128.22,32.05,-2.74,158.46,126.34,-76.21,-106.65,0.0095,0.0076,0.0067,0.0005,0.0097,0.0048,0.0020,0.0036,0.0058,0.0042,0.0053,0.0062,0.0066,0.0035,0.0075
2026-08-05 09:03:27.479,0.983333,1,29,0.015855,-0.0000,70.23,0,0,0,60.0000,0.288,2.27397,0,0,0,0,0,0.003103,0.000728,0.006142,0.001630,0.006036,0.002734,0.006027,0.003390,0.005173,0.003941,0.004169,0.003956,0.003289,0.003801,0.002125,-70.23,-159.57,-0.16,-59.54,77.45,20.68,169.62,113.67,-103.14,-152.14,-10.13,-60.97,80.55,32.06,171.17,0.0095,0.0076,0.0067,0.0005,0.0097,0.0048,0.0020,0.0036,0.0058,0.0042,0.0053,0.0062,0.0066,0.0035,0.0075
2026-08-05 09:03:27.734,1.000000,2,0,0.015930,0.0001,125.32,0,0,0,60.0000,0.292,31.25829,0,0,0,0,0,0.003059,0.000752,0.006114,0.001793,0.006379,0.002324,0.006065,0.003228,0.005465,0.003644,0.004465,0.003593,0.003458,0.003609,0.002563,-125.32,168.07,-152.39,126.63,-179.60,95.40,169.32,83.81,156.55,67.89,143.51,58.43,133.89,47.02,122.33,0.0006,0.0035,0.0043,0.0039,0.0075,0.0005,0.0030,0.0044,0.0040,0.0078,0.0062,0.0047,0.0056,0.0035,0.0026
2026-08-05 09:03:27.734,1.016667,2,1,0.016345,-0.0000,89.01,0,0,0,60.0000,0.292,31.25829,0,0,0,0,0,0.003169,0.000896,0.006313,0.001801,0.006651,0.002304,0.006262,0.003224,0.005669,0.003586,0.004664,0.003606,0.003610,0.003558,0.002701,-89.01,-119.16,-51.07,-94.64,-11.12,-57.31,46.20,-4.21,100.54,47.38,155.83,103.29,-147.06,160.71,-90.21,0.0006,0.0035,0.0043,0.0039,0.0075,0.0005,0.0030,0.0044,0.0040,0.0078,0.0062,0.0047,0.0056,0.0035,0.0026
2026-08-05 09:03:27.734,1.033333,2,2,0.016927,-0.0003,-57.11,0,0,0,60.0000,0.292,31.25829,0,0,0,0,0,0.003426,0.000780,0.006752,0.001861,0.006957,0.002439,0.006606,0.003414,0.005878,0.003717,0.004765,0.003847,0.003562,0.003618,0.002649,57.11,148.16,17.34,104.26,-16.18,69.07,-33.35,50.97,-53.75,29.55,-72.84,12.08,-88.53,-5.98,-106.79,0.0006,0.0035,0.0043,0.0039,0.0075,0.0005,0.0030,0.0044,0.0040,0.0078,0.0062,0.0047,0.0056,0.0035,0.0026
2026-08-05 09:03:27.734,1.050000,2,3,0.018342,0.0004,-121.51,0,0,0,60.0000,0.292,31.25829,0,0,0,0,0,0.003754,0.000960,0.007391,0.002366,0.007536,0.003199,0.006966,0.004295,0.006009,0.004672,0.004624,0.004563,0.003204,0.004222,0.002094,121.51,-113.16,-136.31,-4.38,-31.43,106.84,88.07,-129.11,-154.85,-10.15,-36.28,112.60,82.99,-127.13,-160.42,0.0006,0.0035,0.0043,0.0039,0.0075,0.0005,0.0030,0.0044,0.0040,0.0078,0.0062,0.0047,0.0056,0.0035,0.0026
2026-08-05 09:03:27.734,1.066667,2,4,0.017520,-0.0001,-87.15,0,0,0,60.0000,0.292,31.25829,0,0,0,0,0,0.003563,0.001099,0.006912,0.001948,0.007252,0.002367,0.006923,0.003291,0.006228,0.003536,0.005181,0.003541,0.004027,0.003423,0.003116,87.15,-114.91,115.25,-105.10,147.43,-75.65,-164.94,-34.86,-119.18,7.75,-72.74,54.13,-21.59,101.15,25.93,0.0006,0.0035,0.0043,0.0039,0.0075,0.0005,0.0030,0.0044,0.0040,0.0078,0.0062,0.0047,0.0056,0.0035,0.0026
2026-08-05 09:03:27.734,1.083333,2,5,0.016013,0.0006,102.46,0,0,0,60.0000,0.292,31.25829,0,0,0,0,0,0.003241,0.000735,0.006217,0.001897,0.006443,0.002469,0.006076,0.003416,0.005381,0.003819,0.004268,0.003884,0.003150,0.003810,0.002304,-102.46,-169.68,-93.17,-164.81,-81.43,-153.28,-52.55,-124.04,-26.45,-99.86,0.27,-69.81,28.29,-41.63,56.33,0.0006,0.0035,0.0043,0.0039,0.0075,0.0005,0.0030,0.0044,0.0040,0.0078,0.0062,0.0047,0.0056,0.0035,0.0026
2026-08-05 09:03:27.734,1.100000,2,6,0.015573,-0.0004,76.61,0,0,0,60.0000,0.292,31.25829,0,0,0,0,0,0.003489,0.001767,0.006542,0.001859,0.006509,0.001367,0.005644,0.001967,0.004573,0.002681,0.003385,0.003349,0.002710,0.003765,0.002405,-76.61,-49.71,23.26,37.41,115.31,111.12,-136.13,-170.29,-36.28,-79.92,63.15,22.11,158.98,131.21,-104.48,0.0006,0.0035,0.0043,0.0039,0.0075,0.0005,0.0030,0.0044,0.0040,0.0078,0.0062,0.0047,0.0056,0.0035,0.0026
2026-08-05 09:03:27.734,1.116667,2,7,0.017084,-0.0004,-111.27,0,0,0,60.0000,0.292,31.25829,0,0,0,0,0,0.004172,0.002305,0.007166,0.002115,0.006950,0.000863,0.005823,0.000471,0.004286,0.001968,0.002400,0.003086,0.000829,0.004110,0.000526,111.27,-21.99,-120.76,106.82,1.45,-112.95,137.03,-128.84,-91.33,-19.05,43.47,116.40,171.01,-108.29,159.59,0.0006,0.0035,0.0043,0.0039,0.0075,0.0005,0.0030,0.0044,0.0040,0.0078,0.0062,0.0047,0.0056,0.0035,0.0026
2026-08-05 09:03:27.734,1.133333,2,8,0.016562,-0.0002,-176.78,0,0,0,60.0000,0.292,31.25829,0,0,0,0,0,0.003410,0.001832,0.006719,0.002491,0.006360,0.003305,0.006028,0.003581,0.004954,0.004174,0.003714,0.004338,0.002618,0.004213,0.001711,176.78,116.89,-6.65,-46.49,-178.22,169.27,25.08,19.65,-132.25,-129.39,75.45,76.83,-75.90,-75.27,130.35,0.0006,0.0035,0.0043,0.0039,0.0075,0.0005,0.0030,0.0044,0.0040,0.0078,0.0062,0.0047,0.0056,0.0035,0.0026
2026-08-05 09:03:27.734,1.150000,2,9,0.023422,-0.0002,-95.04,0,0,0,60.0000,0.292,31.25829,0,0,0,0,0,0.005270,0.001110,0.010646,0.002305,0.010244,0.003816,0.009683,0.004484,0.008142,0.004856,0.006273,0.004404,0.004497,0.003750,0.002781,95.04,-5.40,123.72,54.89,165.72,104.46,-141.07,157.38,-88.26,-151.95,-32.24,-97.12,23.24,-37.54,81.73,0.0006,0.0035,0.0043,0.0039,0.0075,0.0005,0.0030,0.0044,0.0040,0.0078,0.0062,0.0047,0.0056,0.0035,0.0026
2026-08-05 09:03:27.734,1.166667,2,10,0.020367,-0.0001,131.11,0,0,0,60.0000,0.292,31.25829,0,0,0,0,0,0.004752,0.000604,0.008859,0.001745,0.008397,0.003362,0.008440,0.003642,0.007460,0.003921,0.005746,0.003812,0.004359,0.003528,0.003066,-131.11,-85.58,164.46,-109.45,114.55,-163.40,76.84,150.80,34.73,111.15,-1.58,72.59,-35.23,33.56,-72.34,0.0006,0.0035,0.0043,0.0039,0.0075,0.0005,0.0030,0.0044,0.0040,0.0078,0.0062,0.0047,0.0056,0.0035,0.0026
2026-08-05 09:03:27.734,1.183333,2,11,0.019251,-0.0002,-131.59,0,0,0,60.0000,0.292,31.25829,0,0,0,0,0,0.004056,0.000756,0.007929,0.001986,0.007867,0.003439,0.007711,0.003768,0.006643,0.004382,0.005279,0.004323,0.003985,0.003919,0.002613,131.59,72.32,-116.94,-145.46,5.06,-21.95,136.04,112.27,-91.89,-115.02,42.94,16.82,175.41,154.39,-48.43,0.0006,0.0035,0.0043,0.0039,0.0075,0.0005,0.0030,0.0044,0.0040,0.0078,0.0062,0.0047,0.0056,0.0035,0.0026
2026-08-05 09:03:27.734,1.200000,2,12,0.021889,0.0014,59.80,0,0,0,60.0000,0.292,31.25829,0,0,0,0,0,0.004617,0.000868,0.009350,0.002477,0.009400,0.003732,0.008830,0.004455,0.007678,0.004804,0.005807,0.004628,0.004308,0.004214,0.002877,-59.80,63.03,33.85,163.28,132.99,-84.69,-114.85,28.88,-3.18,138.16,109.68,-105.55,-133.10,8.87,-18.51,0.0006,0.0035,0.0043,0.0039,0.0075,0.0005,0.0030,0.0044,0.0040,0.0078,0.0062,0.0047,0.0056,0.0035,0.0026
2026-08-05 09:03:27.734,1.216667,2,13,0.024345,-0.0000,157.79,0,0,0,60.0000,0.292,31.25829,0,0,0,0,0,0.005344,0.001010,0.010680,0.002922,0.010756,0.004254,0.009932,0.005118,0.008422,0.005352,0.006186,0.005009,0.004356,0.004282,0.002627,-157.79,-128.42,99.16,137.52,2.52,48.98,-82.73,-34.65,-167.56,-120.77,109.59,159.09,30.20,77.73,-50.68,0.0006,0.0035,0.0043,0.0039,0.0075,0.0005,0.0030,0.0044,0.0040,0.0078,0.0062,0.0047,0.0056,0.0035,0.0026
2026-08-05 09:03:27.734,1.233333,2,14,0.022885,0.0003,-174.45,0,0,0,60.0000,0.292,31.25829,0,0,0,0,0,0.005053,0.000880,0.010016,0.002234,0.010254,0.003224,0.009576,0.003927,0.008450,0.004033,0.006550,0.003729,0.004944,0.003255,0.003425,174.45,-134.68,17.36,46.49,-134.20,-100.17,87.59,116.19,-52.32,-26.08,172.09,-163.98,38.23,58.33,-93.26,0.0006,0.0035,0.0043,0.0039,0.0075,0.0005,0.0030,0.0044,0.0040,0.0078,0.0062,0.0047,0.0056,0.0035,0.0026
2026-08-05 09:03:27.734,1.250000,2,15,0.019987,0.0002,129.07,0,0,0,60.0000,0.292,31.25829,0,0,0,0,0,0.004247,0.000722,0.008376,0.002102,0.008525,0.003181,0.008035,0.003841,0.007189,0.004207,0.005630,0.004046,0.004128,0.003806,0.002812,-129.07,-50.33,-165.73,-97.97,158.52,-119.46,137.78,-144.05,115.22,-166.70,96.00,173.26,78.91,153.26,59.99,0.0006,0.0035,0.0043,0.0039,0.0075,0.0005,0.0030,0.0044,0.0040,0.0078,0.0062,0.0047,0.0056,0.0035,0.0026
2026-08-05 09:03:27.734,1.266667,2,16,0.017785,0.0004,-23.68,0,0,0,60.0000,0.292,31.25829,0,0,0,0,0,0.003646,0.000670,0.007040,0.002063,0.007358,0.002853,0.006818,0.003653,0.006221,0.004046,0.004916,0.004036,0.003706,0.003876,0.002620,23.68,-128.36,-73.58,139.59,-168.17,62.38,113.50,-19.49,31.61,-99.96,-47.01,-177.82,-124.27,104.53,155.33,0.0006,0.0035,0.0043,0.0039,0.0075,0.0005,0.0030,0.0044,0.0040,0.0078,0.0062,0.0047,0.0056,0.0035,0.0026
2026-08-05 09:03:27.734,1.283333,2,17,0.016487,0.0002,37.96,0,0,0,60.0000,0.292,31.25829,0,0,0,0,0,0.003200,0.001275,0.006336,0.002528,0.006612,0.003213,0.006059,0.003896,0.005223,0.004331,0.003976,0.004292,0.002846,0.004044,0.001834,-37.96,75.41,107.44,-124.10,-106.42,46.24,57.09,-152.42,-143.83,10.60,16.44,175.03,179.73,-19.82,-20.90,0.0006,0.0035,0.0043,0.0039,0.0075,0.0005,0.0030,0.0044,0.0040,0.0078,0.0062,0.0047,0.0056,0.0035,0.0026
2026-08-05 09:03:27.734,1.300000,2,18,0.017695,0.0005,133.07,0,0,0,60.0000,0.292,31.25829,0,0,0,0,0,0.004172,0.001180,0.007701,0.001487,0.007694,0.001755,0.006676,0.002436,0.005380,0.003403,0.003776,0.004032,0.002719,0.004273,0.002068,-133.07,-11.60,-150.59,-56.79,-170.78,-84.98,-177.30,-116.21,169.55,-132.26,155.24,-142.28,136.35,-147.22,110.92,0.0006,0.0035,0.0043,0.0039,0.0075,0.0005,0.0030,0.0044,0.0040,0.0078,0.0062,0.0047,0.0056,0.0035,0.0026
2026-08-05 09:03:27.734,1.316667,2,19,0.017740,-0.0004,23.05,0,0,0,60.0000,0.292,31.25829,0,0,0,0,0,0.004227,0.001187,0.007688,0.000823,0.007498,0.000642,0.006433,0.001642,0.004836,0.002880,0.002865,0.003750,0.001410,0.004298,0.000822,-23.05,-141.76,-169.62,40.71,39.59,-158.29,-96.36,19.58,124.33,-126.96,-8.25,91.36,-124.86,-49.66,167.67,0.0006,0.0035,0.0043,0.0039,0.0075,0.0005,0.0030,0.0044,0.0040,0.0078,0.0062,0.0047,0.0056,0.0035,0.0026
2026-08-05 09:03:27.734,1.333333,2,20,0.017022,0.0011,-167.19,0,0,0,60.0000,0.292,31.25829,0,0,0,0,0,0.003654,0.001178,0.007059,0.001602,0.007061,0.002184,0.006675,0.002927,0.005729,0.003499,0.004532,0.003770,0.003629,0.003627,0.002659,167.19,-35.63,-40.05,143.40,125.17,-47.10,-52.32,138.39,126.82,-37.45,-47.27,143.14,139.18,-34.48,-36.54,0.0006,0.0035,0.0043,0.0039,0.0075,0.0005,0.0030,0.0044,0.0040,0.0078,0.0062,0.0047,0.0056,0.0035,0.0026
2026-08-05 09:03:27.734,1.350000,2,21,0.016359,0.0003,103.74,0,0,0,60.0000,0.292,31.25829,0,0,0,0,0,0.003456,0.000923,0.006781,0.001483,0.006511,0.002490,0.006134,0.003488,0.005448,0.003927,0.004465,0.003854,0.003453,0.003471,0.002241,-103.74,141.76,-114.24,167.34,-114.80,170.80,-96.33,-176.10,-83.33,-162.75,-67.31,-149.24,-54.41,-132.13,-41.42,0.0006,0.0035,0.0043,0.0039,0.0075,0.0005,0.0030,0.0044,0.0040,0.0078,0.0062,0.0047,0.0056,0.0035,0.0026
2026-08-05 09:03:27.734,1.366667,2,22,0.014572,0.0000,93.30,0,0,0,60.0000,0.292,31.25829,0,0,0,0,0,0.003084,0.000514,0.005819,0.001297,0.005570,0.002234,0.005633,0.002844,0.005097,0.003099,0.004066,0.003282,0.003266,0.003189,0.002375,-93.30,176.20,-78.26,-129.20,-51.45,-112.64,-8.17,-78.08,25.99,-36.24,66.88,3.43,109.11,43.39,149.63,0.0006,0.0035,0.0043,0.0039,0.0075,0.0005,0.0030,0.0044,0.0040,0.0078,0.0062,0.0047,0.0056,0.0035,0.0026
2026-08-05 09:03:27.734,1.383333,2,23,0.015244,-0.0003,-116.89,0,0,0,60.0000,0.292,31.25829,0,0,0,0,0,0.003029,0.000567,0.005887,0.001557,0.006023,0.002257,0.005928,0.002909,0.005200,0.003387,0.004300,0.003438,0.003436,0.003342,0.002454,116.89,-84.83,-157.84,2.66,-66.25,83.69,40.45,-170.53,143.25,-66.53,-109.02,38.36,-4.09,146.43,104.03,0.0006,0.0035,0.0043,0.0039,0.0075,0.0005,0.0030,0.0044,0.0040,0.0078,0.0062,0.0047,0.0056,0.0035,0.0026
2026-08-05 09:03:27.734,1.400000,2,24,0.014589,0.0001,-145.43,0,0,0,60.0000,0.292,31.25829,0,0,0,0,0,0.002743,0.000542,0.005487,0.001531,0.005677,0.002068,0.005409,0.002927,0.004950,0.003359,0.004064,0.003372,0.003190,0.003459,0.002380,145.43,-32.26,-57.71,120.94,98.24,-84.29,-88.18,89.73,82.86,-100.20,-106.83,73.87,67.11,-112.51,-120.83,0.0006,0.0035,0.0043,0.0039,0.0075,0.0005,0.0030,0.0044,0.0040,0.0078,0.0062,0.0047,0.0056,0.0035,0.0026
2026-08-05 09:03:27.734,1.416667,2,25,0.015697,0.0001,148.79,0,0,0,60.0000,0.292,31.25829,0,0,0,0,0,0.002959,0.000796,0.006016,0.001863,0.006166,0.002561,0.005870,0.003449,0.005204,0.003840,0.004146,0.003821,0.003181,0.003882,0.002239,-148.79,50.29,132.61,-11.26,55.83,-80.49,-4.50,-136.64,-67.17,161.45,-130.12,103.47,170.68,44.22,107.69,0.0006,0.0035,0.0043,0.0039,0.0075,0.0005,0.0030,0.0044,0.0040,0.0078,0.0062,0.0047,0.0056,0.0035,0.0026
2026-08-05 09:03:27.734,1.433333,2,26,0.017587,0.0007,-67.69,0,0,0,60.0000,0.292,31.25829,0,0,0,0,0,0.003473,0.000850,0.006957,0.001967,0.007277,0.002543,0.006896,0.003557,0.006133,0.003931,0.004902,0.003888,0.003788,0.003793,0.002730,67.69,-179.81,61.55,164.00,58.70,159.54,70.78,170.85,80.69,179.39,91.47,-168.88,105.85,-157.57,118.61,0.0006,0.0035,0.0043,0.0039,0.0075,0.0005,0.0030,0.0044,0.0040,0.0078,0.0062,0.0047,0.0056,0.0035,0.0026
2026-08-05 09:03:27.734,1.450000,2,27,0.018927,0.0002,111.57,0,0,0,60.0000,0.292,31.25829,0,0,0,0,0,0.003817,0.000893,0.007690,0.002190,0.007878,0.002999,0.007406,0.004101,0.006463,0.004423,0.005022,0.004305,0.003817,0.004069,0.002615,-111.57,153.51,-120.37,148.60,-125.55,147.62,-115.33,159.40,-108.07,168.21,-99.92,-179.84,-89.23,-168.90,-82.69,0.0006,0.0035,0.0043,0.0039,0.0075,0.0005,0.0030,0.0044,0.0040,0.0078,0.0062,0.0047,0.0056,0.0035,0.0026
2026-08-05 09:03:27.734,1.466667,2,28,0.020811,-0.0010,-159.87,0,0,0,60.0000,0.292,31.25829,0,0,0,0,0,0.004432,0.001472,0.008857,0.002469,0.009069,0.002967,0.008536,0.003955,0.007509,0.004077,0.005947,0.003867,0.004473,0.003467,0.003158,159.87,33.49,-25.78,-169.28,153.54,5.10,-13.56,-169.73,177.85,18.47,11.38,-148.83,-151.59,42.96,43.95,0.0006,0.0035,0.0043,0.0039,0.0075,0.0005,0.0030,0.0044,0.0040,0.0078,0.0062,0.0047,0.0056,0.0035,0.0026
2026-08-05 09:03:27.734,1.483333,2,29,0.016878,-0.0003,-171.73,0,0,0,60.0000,0.292,31.25829,0,0,0,0,0,0.003382,0.001225,0.006648,0.002074,0.006974,0.002271,0.006720,0.003143,0.006049,0.003322,0.004988,0.003340,0.003927,0.003233,0.003063,171.73,63.00,10.83,-116.05,-146.82,84.14,71.20,-66.09,-72.22,143.69,144.59,-0.83,5.48,-143.46,-135.23,0.0006,0.0035,0.0043,0.0039,0.0075,0.0005,0.0030,0.0044,0.0040,0.0078,0.0062,0.0047,0.0056,0.0035,0.0026
2026-08-05 09:03:28.004,1.500000,3,0,0.016211,-0.0003,138.69,0,0,0,60.0000,0.281,2.42868,0,0,0,0,0,0.003994,0.002212,0.006947,0.002223,0.006738,0.001053,0.005768,0.001180,0.004511,0.002128,0.003159,0.003088,0.002417,0.003725,0.002312,-138.69,-160.58,-148.68,-176.56,-167.00,159.61,-171.63,93.28,175.88,53.76,159.09,44.21,134.33,41.78,108.94,0.0087,0.0005,0.0040,0.0084,0.0071,0.0087,0.0021,0.0057,0.0042,0.0075,0.0016,0.0065,0.0061,0.0007,0.0063
2026-08-05 09:03:28.004,1.516667,3,1,0.016420,0.0001,174.96,0,0,0,60.0000,0.281,2.42868,0,0,0,0,0,0.003739,0.002067,0.006697,0.001988,0.006122,0.001108,0.005069,0.001027,0.003459,0.002500,0.001549,0.003661,0.000499,0.004615,0.001302,-174.96,131.52,90.65,43.01,-8.34,-2.33,-91.56,-9.04,-176.32,-70.11,108.84,-150.62,102.76,127.15,74.52,0.0087,0.0005,0.0040,0.0084,0.0071,0.0087,0.0021,0.0057,0.0042,0.0075,0.0016,0.0065,0.0061,0.0007,0.0063
2026-08-05 09:03:28.004,1.533333,3,2,0.014967,-0.0001,175.13,0,0,0,60.0000,0.281,2.42868,0,0,0,0,0,0.003106,0.002061,0.005989,0.002388,0.005594,0.002919,0.005323,0.003004,0.004367,0.003622,0.003318,0.003865,0.002538,0.003931,0.001768,-175.13,121.78,8.38,-38.08,-155.67,-169.51,57.70,51.70,-89.01,-87.39,131.12,130.24,-10.35,-14.03,-152.87,0.0087,0.0005,0.0040,0.0084,0.0071,0.0087,0.0021,0.0057,0.0042,0.0075,0.0016,0.0065,0.0061,0.0007,0.0063
2026-08-05 09:03:28.004,1.550000,3,3,0.015638,-0.0003,37.57,0,0,0,60.0000,0.281,2.42868,0,0,0,0,0,0.003141,0.001275,0.006185,0.001544,0.005728,0.002682,0.005516,0.003327,0.004996,0.003958,0.004208,0.003960,0.003249,0.003708,0.002132,-37.57,57.26,79.56,-155.00,-150.91,6.07,-3.44,150.36,140.72,-65.65,-74.36,77.25,68.56,-132.80,-147.36,0.0087,0.0005,0.0040,0.0084,0.0071,0.0087,0.0021,0.0057,0.0042,0.0075,0.0016,0.0065,0.0061,0.0007,0.0063
2026-08-05 09:03:28.004,1.566667,3,4,0.015421,-0.0005,-162.43,0,0,0,60.0000,0.281,2.42868,0,0,0,0,0,0.003161,0.000738,0.006110,0.001304,0.005823,0.002701,0.006022,0.002906,0.005395,0.003328,0.004281,0.003464,0.003463,0.003361,0.002547,162.43,115.52,-27.36,-37.96,153.72,156.60,-11.68,-12.70,178.12,-176.65,12.84,16.57,-151.83,-148.85,40.80,0.0087,0.0005,0.0040,0.0084,0.0071,0.0087,0.0021,0.0057,0.0042,0.0075,0.0016,0.0065,0.0061,0.0007,0.0063
2026-08-05 09:03:28.004,1.583333,3,5,0.014518,-0.0001,148.94,0,0,0,60.0000,0.281,2.42868,0,0,0,0,0,0.002819,0.000689,0.005459,0.001522,0.005326,0.002646,0.005386,0.002918,0.004719,0.003614,0.003813,0.003680,0.002972,0.003534,0.002022,-148.94,-129.87,124.95,164.47,46.26,97.04,-20.08,33.42,-87.52,-31.35,-151.27,-99.11,142.50,-159.56,77.78,0.0087,0.0005,0.0040,0.0084,0.0071,0.0087,0.0021,0.0057,0.0042,0.0075,0.0016,0.0065,0.0061,0.0007,0.0063
2026-08-05 09:03:28.004,1.600000,3,6,0.014642,-0.0003,-163.47,0,0,0,60.0000,0.281,2.42868,0,0,0,0,0,0.002727,0.000614,0.005612,0.001538,0.005684,0.002422,0.005362,0.002993,0.005033,0.003336,0.004027,0.003434,0.003118,0.003467,0.002378,163.47,171.41,-6.05,-8.98,-176.11,-163.98,29.46,43.89,-124.52,-113.13,79.90,94.41,-71.61,-59.35,132.92,0.0087,0.0005,0.0040,0.0084,0.0071,0.0087,0.0021,0.0057,0.0042,0.0075,0.0016,0.0065,0.0061,0.0007,0.0063
2026-08-05 09:03:28.004,1.616667,3,7,0.014601,-0.0005,106.63,0,0,0,60.0000,0.281,2.42868,0,0,0,0,0,0.002626,0.000668,0.005452,0.001562,0.005555,0.002338,0.005321,0.002948,0.004976,0.003354,0.004001,0.003516,0.003151,0.003502,0.002401,-106.63,-34.22,-92.85,-13.85,-81.81,14.66,-54.40,43.79,-26.59,68.50,0.75,99.63,31.75,128.11,58.63,0.0087,0.0005,0.0040,0.0084,0.0071,0.0087,0.0021,0.0057,0.0042,0.0075,0.0016,0.0065,0.0061,0.0007,0.0063
2026-08-05 09:03:28.004,1.633333,3,8,0.014329,-0.0002,-177.32,0,0,0,60.0000,0.281,2.42868,0,0,0,0,0,0.002706,0.000570,0.005422,0.001454,0.005652,0.002266,0.005241,0.002910,0.004956,0.003202,0.003987,0.003334,0.003156,0.003317,0.002392,177.32,-163.97,43.42,53.80,-93.80,-65.15,145.24,174.04,22.92,51.74,-98.28,-68.97,142.40,170.88,21.53,0.0087,0.0005,0.0040,0.0084,0.0071,0.0087,0.0021,0.0057,0.0042,0.0075,0.0016,0.0065,0.0061,0.0007,0.0063
2026-08-05 09:03:28.004,1.650000,3,9,0.014437,-0.0002,-117.29,0,0,0,60.0000,0.281,2.42868,0,0,0,0,0,0.002750,0.000648,0.005308,0.001763,0.005581,0.002358,0.005177,0.003067,0.004851,0.003433,0.003927,0.003485,0.002973,0.003532,0.002239,117.29,45.45,-140.51,152.96,-42.29,-83.79,74.86,32.84,-172.07,148.40,-56.39,-94.24,61.87,22.25,174.87,0.0087,0.0005,0.0040,0.0084,0.0071,0.0087,0.0021,0.0057,0.0042,0.0075,0.0016,0.0065,0.0061,0.0007,0.0063
2026-08-05 09:03:28.004,1.666667,3,10,0.014693,-0.0003,-131.58,0,0,0,60.0000,0.281,2.42868,0,0,0,0,0,0.002861,0.000715,0.005504,0.001765,0.005820,0.002342,0.005351,0.003079,0.004993,0.003437,0.004051,0.003487,0.003159,0.003409,0.002329,131.58,69.46,-96.94,-151.67,31.73,1.59,177.77,146.75,-40.07,-66.83,106.00,79.66,-107.08,-134.05,38.74,0.0087,0.0005,0.0040,0.0084,0.0071,0.0087,0.0021,0.0057,0.0042,0.0075,0.0016,0.0065,0.0061,0.0007,0.0063
2026-08-05 09:03:28.004,1.683333,3,11,0.014027,0.0005,-91.29,0,0,0,60.0000,0.281,2.42868,0,0,0,0,0,0.002583,0.001056,0.005130,0.002048,0.005356,0.002514,0.004963,0.003133,0.004416,0.003558,0.003535,0.003669,0.002657,0.003611,0.001885,91.29,-31.63,136.70,36.28,-178.50,103.00,-114.58,165.09,-56.30,-132.87,5.26,-67.41,65.95,-4.48,124.81,0.0087,0.0005,0.0040,0.0084,0.0071,0.0087,0.0021,0.0057,0.0042,0.0075,0.0016,0.0065,0.0061,0.0007,0.0063
2026-08-05 09:03:28.004,1.700000,3,12,0.020075,-0.0006,30.65,0,0,0,60.0000,0.281,2.42868,0,0,0,0,0,0.005203,0.001759,0.009234,0.001453,0.008874,0.001594,0.007318,0.002659,0.005349,0.004005,0.003027,0.004846,0.001466,0.005290,0.001258,-30.65,-161.19,172.57,13.29,11.99,-174.45,-136.82,4.97,68.79,-153.77,-89.05,55.13,97.45,-92.26,-109.65,0.0087,0.0005,0.0040,0.0084,0.0071,0.0087,0.0021,0.0057,0.0042,0.0075,0.0016,0.0065,0.0061,0.0007,0.0063
2026-08-05 09:03:28.004,1.716667,3,13,0.018971,-0.0005,-147.85,0,0,0,60.0000,0.281,2.42868,0,0,0,0,0,0.004353,0.000296,0.008397,0.000348,0.008075,0.001010,0.006933,0.002190,0.005239,0.003484,0.003220,0.004201,0.002045,0.004509,0.001735,147.85,-167.66,-52.69,-133.12,110.93,9.82,-70.56,179.90,107.22,-5.61,-64.48,168.14,139.12,-17.19,-2.59,0.0087,0.0005,0.0040,0.0084,0.0071,0.0087,0.0021,0.0057,0.0042,0.0075,0.0016,0.0065,0.0061,0.0007,0.0063
2026-08-05 09:03:28.004,1.733333,3,14,0.016409,-0.0001,-178.26,0,0,0,60.0000,0.281,2.42868,0,0,0,0,0,0.003623,0.001263,0.007006,0.001487,0.006863,0.002036,0.006448,0.002786,0.005398,0.003383,0.004268,0.003708,0.003422,0.003509,0.002567,178.26,-35.44,-8.92,168.60,176.15,5.89,20.01,-143.86,-139.09,62.75,67.94,-96.20,-85.67,105.90,119.18,0.0087,0.0005,0.0040,0.0084,0.0071,0.0087,0.0021,0.0057,0.0042,0.0075,0.0016,0.0065,0.0061,0.0007,0.0063
2026-08-05 09:03:28.004,1.750000,3,15,0.016185,0.0004,-114.08,0,0,0,60.0000,0.281,2.42868,0,0,0,0,0,0.003549,0.000740,0.006664,0.001256,0.006406,0.002113,0.006238,0.003011,0.005725,0.003410,0.004831,0.003367,0.003843,0.002995,0.002696,114.08,-139.10,178.22,-32.07,-106.83,41.81,-13.14,126.55,74.82,-146.31,165.79,-58.35,-105.20,35.79,-14.81,0.0087,0.0005,0.0040,0.0084,0.0071,0.0087,0.0021,0.0057,0.0042,0.0075,0.0016,0.0065,0.0061,0.0007,0.0063
2026-08-05 09:03:28.004,1.766667,3,16,0.014638,-0.0001,146.99,0,0,0,60.0000,0.281,2.42868,0,0,0,0,0,0.002943,0.000494,0.005580,0.001380,0.005473,0.002316,0.005583,0.002991,0.005005,0.003231,0.003930,0.003502,0.003195,0.003490,0.002341,-146.99,88.33,126.28,29.84,48.96,-60.36,-10.98,-129.95,-80.28,168.08,-142.91,103.97,155.43,39.75,89.19,0.0087,0.0005,0.0040,0.0084,0.0071,0.0087,0.0021,0.0057,0.0042,0.0075,0.0016,0.0065,0.0061,0.0007,0.0063
2026-08-05 09:03:28.004,1.783333,3,17,0.014563,0.0001,94.98,0,0,0,60.0000,0.281,2.42868,0,0,0,0,0,0.002798,0.000571,0.005660,0.001567,0.005724,0.002257,0.005613,0.002954,0.004872,0.003454,0.003999,0.003403,0.003093,0.003377,0.002121,-94.98,-176.64,-67.14,-137.62,-34.89,-105.84,11.88,-57.66,56.04,-11.25,102.38,33.94,147.73,83.74,-163.28,0.0087,0.0005,0.0040,0.0084,0.0071,0.0087,0.0021,0.0057,0.0042,0.0075,0.0016,0.0065,0.0061,0.0007,0.0063
2026-08-05 09:03:28.004,1.800000,3,18,0.014499,-0.0000,125.99,0,0,0,60.0000,0.281,2.42868,0,0,0,0,0,0.002714,0.000689,0.005557,0.001537,0.005824,0.001928,0.005533,0.002763,0.005035,0.003127,0.004201,0.003153,0.003332,0.003197,0.002515,-125.99,177.63,-152.35,129.11,-179.42,98.93,170.66,86.56,158.13,71.67,146.15,60.65,136.48,49.47,126.36,0.0087,0.0005,0.0040,0.0084,0.0071,0.0087,0.0021,0.0057,0.0042,0.0075,0.0016,0.0065,0.0061,0.0007,0.0063
2026-08-05 09:03:28.004,1.816667,3,19,0.014433,0.0000,-143.16,0,0,0,60.0000,0.281,2.42868,0,0,0,0,0,0.002726,0.000547,0.005473,0.001522,0.005699,0.002093,0.005418,0.002964,0.004836,0.003377,0.003920,0.003413,0.003109,0.003413,0.002265,143.16,-43.79,-62.91,106.14,89.23,-100.34,-101.51,71.09,65.31,-122.45,-126.53,48.04,43.09,-142.87,-149.37,0.0087,0.0005,0.0040,0.0084,0.0071,0.0087,0.0021,0.0057,0.0042,0.0075,0.0016,0.0065,0.0061,0.0007,0.0063
2026-08-05 09:03:28.004,1.833333,3,20,0.015149,0.0006,-95.71,0,0,0,60.0000,0.281,2.42868,0,0,0,0,0,0.002860,0.000612,0.005734,0.001662,0.005926,0.002292,0.005589,0.003249,0.005053,0.003728,0.004026,0.003751,0.003065,0.003757,0.002200,95.71,-159.40,152.80,-91.15,-150.79,-31.89,-77.72,44.21,-6.48,115.66,64.23,-169.82,138.53,-96.31,-150.69,0.0087,0.0005,0.0040,0.0084,0.0071,0.0087,0.0021,0.0057,0.0042,0.0075,0.0016,0.0065,0.0061,0.0007,0.0063
2026-08-05 09:03:28.004,1.850000,3,21,0.014839,0.0004,-172.00,0,0,0,60.0000,0.281,2.42868,0,0,0,0,0,0.002840,0.000594,0.005557,0.001560,0.005834,0.002105,0.005544,0.003010,0.005040,0.003413,0.004121,0.003504,0.003231,0.003529,0.002403,172.00,14.37,19.41,-137.10,-133.49,68.68,90.84,-65.35,-47.49,155.86,174.46,21.11,39.16,-114.85,-100.20,0.0087,0.0005,0.0040,0.0084,0.0071,0.0087,0.0021,0.0057,0.0042,0.0075,0.0016,0.0065,0.0061,0.0007,0.0063
2026-08-05 09:03:28.004,1.866667,3,22,0.014164,0.0001,-150.04,0,0,0,60.0000,0.281,2.42868,0,0,0,0,0,0.002633,0.000839,0.005190,0.001610,0.005487,0.001985,0.005284,0.002865,0.004811,0.003179,0.003987,0.003283,0.003202,0.003331,0.002416,150.04,23.41,-35.14,173.26,133.61,-21.78,-38.35,161.24,146.26,-15.88,-28.21,168.85,160.10,-3.34,-14.45,0.0087,0.0005,0.0040,0.0084,0.0071,0.0087,0.0021,0.0057,0.0042,0.0075,0.0016,0.0065,0.0061,0.0007,0.0063
2026-08-05 09:03:28.004,1.883333,3,23,0.014091,-0.0005,120.96,0,0,0,60.0000,0.281,2.42868,0,0,0,0,0,0.002699,0.000649,0.005204,0.001540,0.005544,0.001950,0.005279,0.002723,0.004840,0.003051,0.003980,0.003183,0.003181,0.003234,0.002448,-120.96,-178.58,-138.67,148.96,-158.97,123.07,-159.83,120.50,-164.00,112.32,-167.74,108.91,-169.50,108.01,-172.58,0.0087,0.0005,0.0040,0.0084,0.0071,0.0087,0.0021,0.0057,0.0042,0.0075,0.0016,0.0065,0.0061,0.0007,0.0063
2026-08-05 09:03:28.004,1.900000,3,24,0.016015,0.0002,140.93,0,0,0,60.0000,0.281,2.42868,0,0,0,0,0,0.003885,0.002247,0.006683,0.002295,0.006580,0.001224,0.005744,0.001050,0.004579,0.001786,0.003128,0.002651,0.002310,0.003490,0.002021,-140.93,-161.15,-147.67,-173.36,-164.66,170.31,-167.64,109.62,-176.85,61.51,169.73,48.31,146.50,44.96,119.54,0.0087,0.0005,0.0040,0.0084,0.0071,0.0087,0.0021,0.0057,0.0042,0.0075,0.0016,0.0065,0.0061,0.0007,0.0063
2026-08-05 09:03:28.004,1.916667,3,25,0.015145,0.0009,12.81,0,0,0,60.0000,0.281,2.42868,0,0,0,0,0,0.003183,0.001617,0.005938,0.001548,0.005518,0.001092,0.004630,0.001233,0.003256,0.002530,0.001695,0.003541,0.000934,0.004318,0.001188,-12.81,100.20,-146.48,-26.13,75.28,-102.33,-45.98,-167.56,-168.96,86.65,81.81,-34.33,-0.63,-155.39,-68.15,0.0087,0.0005,0.0040,0.0084,0.0071,0.0087,0.0021,0.0057,0.0042,0.0075,0.0016,0.0065,0.0061,0.0007,0.0063
2026-08-05 09:03:28.004,1.933333,3,26,0.014815,0.0009,-19.02,0,0,0,60.0000,0.281,2.42868,0,0,0,0,0,0.003180,0.001413,0.006178,0.001736,0.005780,0.002573,0.005460,0.002852,0.004553,0.003483,0.003522,0.003718,0.002772,0.003607,0.002001,19.02,172.20,-120.50,48.53,111.16,-46.79,-1.36,-152.17,-113.31,101.63,140.41,-10.38,32.93,-120.37,-77.54,0.0087,0.0005,0.0040,0.0084,0.0071,0.0087,0.0021,0.0057,0.0042,0.0075,0.0016,0.0065,0.0061,0.0007,0.0063
2026-08-05 09:03:28.004,1.950000,3,27,0.014958,0.0002,-109.22,0,0,0,60.0000,0.281,2.42868,0,0,0,0,0,0.003069,0.001600,0.005891,0.002046,0.005451,0.003017,0.005328,0.003488,0.004681,0.003996,0.003744,0.003870,0.002688,0.003580,0.001658,109.22,-18.22,167.68,65.88,-123.80,165.85,-38.18,-109.83,43.12,-25.13,126.58,58.95,-151.86,145.97,-70.22,0.0087,0.0005,0.0040,0.0084,0.0071,0.0087,0.0021,0.0057,0.0042,0.0075,0.0016,0.0065,0.0061,0.0007,0.0063
2026-08-05 09:03:28.004,1.966667,3,28,0.026315,0.0007,156.09,0,0,0,60.0000,0.281,2.42868,0,0,0,0,0,0.005691,0.003619,0.011334,0.005629,0.010662,0.007149,0.009447,0.007424,0.006982,0.007461,0.004404,0.006549,0.002104,0.005192,0.000342,-156.09,175.48,101.01,95.55,7.81,19.63,-76.62,-57.27,-160.33,-135.63,119.36,145.84,31.45,69.77,-101.47,0.0087,0.0005,0.0040,0.0084,0.0071,0.0087,0.0021,0.0057,0.0042,0.0075,0.0016,0.0065,0.0061,0.0007,0.0063
2026-08-05 09:03:28.004,1.983333,3,29,0.020450,0.0001,87.88,0,0,0,60.0000,0.281,2.42868,0,0,0,0,0,0.004734,0.001826,0.008519,0.003195,0.008789,0.003137,0.008712,0.003126,0.007417,0.003174,0.006335,0.002433,0.004884,0.002083,0.003452,-87.88,101.35,-58.47,120.22,-15.46,148.26,34.25,-160.45,86.78,-123.84,143.71,-79.37,-161.14,-27.54,-97.32,0.0087,0.0005,0.0040,0.0084,0.0071,0.0087,0.0021,0.0057,0.0042,0.0075,0.0016,0.0065,0.0061,0.0007,0.0063
2026-08-05 09:03:28.246,2.000000,4,0,0.014021,-0.0005,133.87,0,0,0,60.0000,0.287,6.93024,0,0,0,0,0,0.002683,0.000644,0.005399,0.001401,0.005493,0.002225,0.005204,0.002721,0.004934,0.003059,0.003973,0.003143,0.003162,0.003087,0.002396,-133.87,-79.55,-174.95,-124.46,142.22,-149.01,114.67,-172.08,87.74,159.21,59.60,132.45,35.70,107.02,6.42,0.0048,0.0176,0.0195,0.0090,0.0069,0.0114,0.0004,0.0076,0.0049,0.0019,0.0039,0.0041,0.0046,0.0015,0.0058
2026-08-05 09:03:28.246,2.016667,4,1,0.014405,-0.0001,-160.85,0,0,0,60.0000,0.287,6.93024,0,0,0,0,0,0.002718,0.000643,0.005544,0.001502,0.005629,0.002350,0.005346,0.002918,0.004949,0.003306,0.003906,0.003408,0.003092,0.003398,0.002267,160.85,159.58,-11.93,-23.83,173.35,-178.01,15.05,25.39,-143.66,-136.73,57.43,66.03,-97.98,-91.71,101.55,0.0048,0.0176,0.0195,0.0090,0.0069,0.0114,0.0004,0.0076,0.0049,0.0019,0.0039,0.0041,0.0046,0.0015,0.0058
2026-08-05 09:03:28.246,2.033333,4,2,0.014315,-0.0005,-126.48,0,0,0,60.0000,0.287,6.93024,0,0,0,0,0,0.002699,0.000721,0.005285,0.001789,0.005522,0.002434,0.005085,0.003151,0.004755,0.003482,0.003742,0.003637,0.002856,0.003573,0.002126,126.48,61.14,-117.78,-173.47,-2.77,-37.28,129.07,94.20,-101.59,-133.13,30.13,-1.14,162.60,132.98,-66.94,0.0048,0.0176,0.0195,0.0090,0.0069,0.0114,0.0004,0.0076,0.0049,0.0019,0.0039,0.0041,0.0046,0.0015,0.0058
2026-08-05 09:03:28.246,2.050000,4,3,0.014675,0.0004,83.85,0,0,0,60.0000,0.287,6.93024,0,0,0,0,0,0.002877,0.000494,0.005486,0.001479,0.005850,0.002176,0.005495,0.002789,0.005152,0.003158,0.004239,0.003180,0.003357,0.003206,0.002626,-83.85,67.49,-23.89,97.42,32.20,171.40,107.36,-119.46,179.24,-48.23,-107.36,24.02,-30.94,98.96,41.54,0.0048,0.0176,0.0195,0.0090,0.0069,0.0114,0.0004,0.0076,0.0049,0.0019,0.0039,0.0041,0.0046,0.0015,0.0058
2026-08-05 09:03:28.246,2.066667,4,4,0.013759,-0.0002,-150.46,0,0,0,60.0000,0.287,6.93024,0,0,0,0,0,0.002680,0.000592,0.005149,0.001575,0.005459,0.002123,0.005113,0.002736,0.004741,0.003108,0.003902,0.003144,0.003031,0.003089,0.002279,150.46,121.95,-37.67,-66.56,129.87,126.12,-44.02,-50.85,139.06,133.26,-36.68,-40.20,151.14,145.12,-23.72,0.0048,0.0176,0.0195,0.0090,0.0069,0.0114,0.0004,0.0076,0.0049,0.0019,0.0039,0.0041,0.0046,0.0015,0.0058
2026-08-05 09:03:28.246,2.083333,4,5,0.014637,-0.0001,130.61,0,0,0,60.0000,0.287,6.93024,0,0,0,0,0,0.002765,0.000688,0.005485,0.001766,0.005820,0.002352,0.005421,0.002947,0.004852,0.003416,0.003948,0.003553,0.003108,0.003475,0.002343,-130.61,-92.47,-167.78,-116.77,153.90,-131.89,134.74,-157.19,110.36,-178.73,87.99,161.15,67.75,142.13,45.38,0.0048,0.0176,0.0195,0.0090,0.0069,0.0114,0.0004,0.0076,0.0049,0.0019,0.0039,0.0041,0.0046,0.0015,0.0058
2026-08-05 09:03:28.246,2.100000,4,6,0.016112,-0.0006,167.35,0,0,0,60.0000,0.287,6.93024,0,0,0,0,0,0.004002,0.001507,0.006905,0.001011,0.006756,0.000697,0.005783,0.001398,0.004420,0.002601,0.002850,0.003374,0.001551,0.004062,0.000916,-167.35,-56.72,140.51,-130.88,77.48,138.36,29.79,30.30,-24.61,-31.36,-79.29,-81.18,-140.68,-130.98,124.33,0.0048,0.0176,0.0195,0.0090,0.0069,0.0114,0.0004,0.0076,0.0049,0.0019,0.0039,0.0041,0.0046,0.0015,0.0058
2026-08-05 09:03:28.246,2.116667,4,7,0.015044,-0.0006,150.07,0,0,0,60.0000,0.287,6.93024,0,0,0,0,0,0.003053,0.000231,0.006048,0.000201,0.005888,0.000563,0.005225,0.001561,0.004200,0.002571,0.002841,0.003256,0.001944,0.003763,0.001399,-150.07,5.67,124.58,68.23,41.27,-15.34,-23.11,-80.24,-89.67,-146.23,-148.17,144.65,165.04,76.68,126.87,0.0048,0.0176,0.0195,0.0090,0.0069,0.0114,0.0004,0.0076,0.0049,0.0019,0.0039,0.0041,0.0046,0.0015,0.0058
2026-08-05 09:03:28.246,2.133333,4,8,0.013276,-0.0001,69.17,0,0,0,60.0000,0.287,6.93024,0,0,0,0,0,0.002572,0.000776,0.005256,0.001175,0.005141,0.001544,0.004962,0.002195,0.004347,0.002749,0.003584,0.002970,0.003133,0.003101,0.002442,-69.17,-139.33,-19.70,-62.60,37.58,1.70,115.53,77.33,-170.20,154.92,-90.76,-132.04,-11.44,-57.04,64.86,0.0048,0.0176,0.0195,0.0090,0.0069,0.0114,0.0004,0.0076,0.0049,0.0019,0.0039,0.0041,0.0046,0.0015,0.0058
2026-08-05 09:03:28.246,2.150000,4,9,0.014339,-0.0009,148.06,0,0,0,60.0000,0.287,6.93024,0,0,0,0,0,0.002846,0.000751,0.005472,0.001555,0.005401,0.001894,0.005411,0.002560,0.005050,0.002825,0.004352,0.002859,0.003668,0.002817,0.002746,-148.06,125.72,121.52,45.91,37.35,-47.26,-26.40,-127.19,-96.53,159.99,-163.66,89.52,128.87,21.89,62.77,0.0048,0.0176,0.0195,0.0090,0.0069,0.0114,0.0004,0.0076,0.0049,0.0019,0.0039,0.0041,0.0046,0.0015,0.0058
2026-08-05 09:03:28.246,2.166667,4,10,0.014224,-0.0006,-107.78,0,0,0,60.0000,0.287,6.93024,0,0,0,0,0,0.002750,0.000797,0.005411,0.001613,0.005371,0.001997,0.005477,0.002475,0.005035,0.002834,0.004152,0.002963,0.003496,0.002938,0.002683,107.78,-78.27,170.81,-12.06,-119.78,44.55,-31.10,118.85,50.04,-157.29,136.47,-76.14,-135.89,8.45,-50.47,0.0048,0.0176,0.0195,0.0090,0.0069,0.0114,0.0004,0.0076,0.0049,0.0019,0.0039,0.0041,0.0046,0.0015,0.0058
2026-08-05 09:03:28.246,2.183333,4,11,0.015917,-0.0005,106.52,0,0,0,60.0000,0.287,6.93024,0,0,0,0,0,0.003158,0.000785,0.006263,0.001671,0.006421,0.002218,0.006328,0.002965,0.005569,0.003444,0.004631,0.003374,0.003610,0.003255,0.002654,-106.52,-156.13,-101.71,-160.61,-93.27,-159.23,-69.53,-138.65,-49.17,-118.30,-25.36,-97.17,-2.57,-72.24,22.05,0.0048,0.0176,0.0195,0.0090,0.0069,0.0114,0.0004,0.0076,0.0049,0.0019,0.0039,0.0041,0.0046,0.0015,0.0058
2026-08-05 09:03:28.246,2.200000,4,12,0.014639,0.0003,119.40,0,0,0,60.0000,0.287,6.93024,0,0,0,0,0,0.002808,0.000795,0.005526,0.001550,0.005830,0.001854,0.005621,0.002689,0.005136,0.003011,0.004371,0.003049,0.003503,0.003047,0.002676,-119.40,-162.31,-131.77,165.28,-145.33,141.18,-141.52,143.81,-140.39,140.67,-138.23,142.75,-132.02,144.47,-128.35,0.0048,0.0176,0.0195,0.0090,0.0069,0.0114,0.0004,0.0076,0.0049,0.0019,0.0039,0.0041,0.0046,0.0015,0.0058
2026-08-05 09:03:28.246,2.216667,4,13,0.016518,0.0003,155.06,0,0,0,60.0000,0.287,6.93024,0,0,0,0,0,0.003282,0.000723,0.006581,0.001832,0.006776,0.002548,0.006368,0.003554,0.005606,0.003855,0.004481,0.003829,0.003383,0.003692,0.002359,-155.06,73.20,114.42,-16.62,27.09,-101.59,-45.03,-171.50,-120.19,113.31,165.38,42.17,93.12,-30.48,17.83,0.0048,0.0176,0.0195,0.0090,0.0069,0.0114,0.0004,0.0076,0.0049,0.0019,0.0039,0.0041,0.0046,0.0015,0.0058
2026-08-05 09:03:28.246,2.233333,4,14,0.014757,-0.0003,138.38,0,0,0,60.0000,0.287,6.93024,0,0,0,0,0,0.002799,0.000870,0.005610,0.001629,0.005908,0.001835,0.005742,0.002624,0.005264,0.002932,0.004467,0.002972,0.003606,0.002996,0.002745,-138.38,165.05,169.81,92.06,117.81,33.50,82.02,-6.85,43.93,-49.08,7.20,-87.15,-26.87,-124.44,-62.08,0.0048,0.0176,0.0195,0.0090,0.0069,0.0114,0.0004,0.0076,0.0049,0.0019,0.0039,0.0041,0.0046,0.0015,0.0058
2026-08-05 09:03:28.246,2.250000,4,15,0.014075,0.0002,-155.89,0,0,0,60.0000,0.287,6.93024,0,0,0,0,0,0.002661,0.000493,0.005339,0.001489,0.005522,0.002083,0.005150,0.002932,0.004687,0.003366,0.003845,0.003379,0.002935,0.003418,0.002093,155.89,-24.87,-28.44,153.00,145.16,-31.45,-23.63,162.15,166.38,-8.43,-4.62,-177.38,-170.79,15.24,18.33,0.0048,0.0176,0.0195,0.0090,0.0069,0.0114,0.0004,0.0076,0.0049,0.0019,0.0039,0.0041,0.0046,0.0015,0.0058
2026-08-05 09:03:28.246,2.266667,4,16,0.014539,0.0000,60.70,0,0,0,60.0000,0.287,6.93024,0,0,0,0,0,0.002689,0.000502,0.005461,0.001514,0.005616,0.002177,0.005281,0.003056,0.004842,0.003458,0.003956,0.003444,0.003082,0.003558,0.002284,-60.70,-94.76,41.97,4.64,144.20,110.32,-96.84,-127.95,20.94,-10.41,136.24,109.31,-103.83,-131.10,14.50,0.0048,0.0176,0.0195,0.0090,0.0069,0.0114,0.0004,0.0076,0.0049,0.0019,0.0039,0.0041,0.0046,0.0015,0.0058
2026-08-05 09:03:28.246,2.283333,4,17,0.013715,-0.0003,109.09,0,0,0,60.0000,0.287,6.93024,0,0,0,0,0,0.002536,0.000522,0.004992,0.001416,0.005272,0.001765,0.005143,0.002491,0.004743,0.002929,0.003912,0.003071,0.003211,0.003177,0.002566,-109.09,-160.64,-101.94,-173.80,-97.22,-172.46,-73.69,-147.55,-52.05,-128.56,-31.48,-106.39,-8.98,-83.43,13.75,0.0048,0.0176,0.0195,0.0090,0.0069,0.0114,0.0004,0.0076,0.0049,0.0019,0.0039,0.0041,0.0046,0.0015,0.0058
2026-08-05 09:03:28.246,2.300000,4,18,0.018648,0.0001,-83.18,0,0,0,60.0000,0.287,6.93024,0,0,0,0,0,0.005065,0.002703,0.008475,0.002187,0.007990,0.000851,0.006691,0.001337,0.004790,0.002739,0.002491,0.003805,0.000853,0.004748,0.000916,83.18,-79.68,174.53,6.02,-102.10,72.98,-7.01,85.44,84.40,153.17,172.23,-117.54,-116.51,-22.94,-123.04,0.0048,0.0176,0.0195,0.0090,0.0069,0.0114,0.0004,0.0076,0.0049,0.0019,0.0039,0.0041,0.0046,0.0015,0.0058
2026-08-05 09:03:28.246,2.316667,4,19,0.017155,0.0003,-120.47,0,0,0,60.0000,0.287,6.93024,0,0,0,0,0,0.003621,0.001584,0.007224,0.001528,0.006613,0.001839,0.005720,0.002323,0.004251,0.003526,0.002600,0.004362,0.001792,0.004798,0.001745,120.47,4.41,-150.54,111.61,-54.57,-99.09,56.27,38.68,169.35,161.53,-65.03,-86.33,73.38,26.20,-150.53,0.0048,0.0176,0.0195,0.0090,0.0069,0.0114,0.0004,0.0076,0.0049,0.0019,0.0039,0.0041,0.0046,0.0015,0.0058
2026-08-05 09:03:28.246,2.333333,4,20,0.016910,0.0003,147.86,0,0,0,60.0000,0.287,6.93024,0,0,0,0,0,0.003576,0.001722,0.007152,0.002066,0.006759,0.002839,0.006319,0.003190,0.005367,0.003942,0.004225,0.004126,0.003414,0.003875,0.002487,-147.86,-170.22,98.30,98.10,-2.40,26.58,-87.43,-48.68,-172.89,-129.54,106.62,145.16,24.37,61.11,-63.60,0.0048,0.0176,0.0195,0.0090,0.0069,0.0114,0.0004,0.0076,0.0049,0.0019,0.0039,0.0041,0.0046,0.0015,0.0058
2026-08-05 09:03:28.246,2.350000,4,21,0.019364,-0.0006,86.39,0,0,0,60.0000,0.287,6.93024,0,0,0,0,0,0.004197,0.001616,0.008130,0.002508,0.007624,0.004018,0.007281,0.004634,0.006212,0.005106,0.004641,0.004794,0.003148,0.004425,0.001741,-86.39,-38.64,-59.83,18.33,-21.31,79.52,30.86,131.93,80.01,-176.11,131.28,-122.82,-177.94,-66.42,-125.94,0.0048,0.0176,0.0195,0.0090,0.0069,0.0114,0.0004,0.0076,0.0049,0.0019,0.0039,0.0041,0.0046,0.0015,0.0058
2026-08-05 09:03:28.246,2.366667,4,22,0.016584,-0.0005,104.59,0,0,0,60.0000,0.287,6.93024,0,0,0,0,0,0.003592,0.000847,0.006658,0.001500,0.006271,0.003080,0.006507,0.003308,0.005719,0.003756,0.004429,0.003884,0.003557,0.003653,0.002545,-104.59,-65.97,-112.60,-25.00,-106.46,-12.53,-88.98,0.50,-76.27,22.03,-56.28,38.23,-36.25,56.31,-22.76,0.0048,0.0176,0.0195,0.0090,0.0069,0.0114,0.0004,0.0076,0.0049,0.0019,0.0039,0.0041,0.0046,0.0015,0.0058
2026-08-05 09:03:28.246,2.383333,4,23,0.015809,-0.0001,174.92,0,0,0,60.0000,0.287,6.93024,0,0,0,0,0,0.003170,0.001315,0.006146,0.002257,0.006042,0.003302,0.005826,0.003615,0.004966,0.004216,0.003916,0.004060,0.002723,0.003793,0.001731,-174.92,151.88,52.63,41.58,-75.07,-66.86,168.85,-177.87,53.26,70.89,-60.61,-43.38,-176.39,-152.54,67.57,0.0048,0.0176,0.0195,0.0090,0.0069,0.0114,0.0004,0.0076,0.0049,0.0019,0.0039,0.0041,0.0046,0.0015,0.0058
2026-08-05 09:03:28.246,2.400000,4,24,0.017086,0.0001,42.01,0,0,0,60.0000,0.287,6.93024,0,0,0,0,0,0.003384,0.000709,0.006927,0.001758,0.006948,0.002709,0.006586,0.003396,0.006101,0.003763,0.004806,0.003771,0.003682,0.003638,0.002604,-42.01,116.59,93.56,-114.58,-129.45,36.62,22.25,-170.02,173.96,-21.68,-34.29,132.60,121.67,-74.66,-88.36,0.0048,0.0176,0.0195,0.0090,0.0069,0.0114,0.0004,0.0076,0.0049,0.0019,0.0039,0.0041,0.0046,0.0015,0.0058
2026-08-05 09:03:28.246,2.416667,4,25,0.017121,-0.0004,176.19,0,0,0,60.0000,0.287,6.93024,0,0,0,0,0,0.003376,0.000660,0.006869,0.001802,0.007039,0.002747,0.006711,0.003348,0.006064,0.003714,0.004730,0.003780,0.003767,0.003624,0.002693,-176.19,-154.91,52.27,68.90,-77.89,-45.38,167.06,-159.75,51.06,81.83,-64.22,-32.42,-177.51,-145.03,66.29,0.0048,0.0176,0.0195,0.0090,0.0069,0.0114,0.0004,0.0076,0.0049,0.0019,0.0039,0.0041,0.0046,0.0015,0.0058
2026-08-05 09:03:28.246,2.433333,4,26,0.018581,-0.0001,-163.83,0,0,0,60.0000,0.287,6.93024,0,0,0,0,0,0.003856,0.000823,0.007576,0.002241,0.007744,0.003202,0.007189,0.004094,0.006356,0.004449,0.004918,0.004302,0.003518,0.004088,0.002325,163.83,141.61,-9.83,-21.32,179.10,-175.24,21.93,28.45,-137.55,-128.12,67.11,76.29,-89.43,-78.01,111.93,0.0048,0.0176,0.0195,0.0090,0.0069,0.0114,0.0004,0.0076,0.0049,0.0019,0.0039,0.0041,0.0046,0.0015,0.0058
2026-08-05 09:03:28.246,2.450000,4,27,0.018814,0.0007,2.53,0,0,0,60.0000,0.287,6.93024,0,0,0,0,0,0.003903,0.000708,0.007769,0.002000,0.008058,0.002894,0.007454,0.003678,0.006735,0.004004,0.005334,0.003812,0.004000,0.003651,0.002800,-2.53,-147.71,-149.43,47.93,65.23,-82.99,-63.34,143.76,164.57,12.22,35.39,-117.79,-90.98,113.13,139.28,0.0048,0.0176,0.0195,0.0090,0.0069,0.0114,0.0004,0.0076,0.0049,0.0019,0.0039,0.0041,0.0046,0.0015,0.0058
2026-08-05 09:03:28.246,2.466667,4,28,0.021922,0.0008,4.22,0,0,0,60.0000,0.287,6.93024,0,0,0,0,0,0.004850,0.000755,0.009407,0.002607,0.009652,0.003607,0.008885,0.004429,0.007627,0.004765,0.005806,0.004547,0.004202,0.004038,0.002706,-4.22,170.96,-159.04,28.47,51.79,-107.17,-83.68,114.49,138.26,-23.05,4.27,-156.89,-127.90,70.14,100.12,0.0048,0.0176,0.0195,0.0090,0.0069,0.0114,0.0004,0.0076,0.0049,0.0019,0.0039,0.0041,0.0046,0.0015,0.0058
2026-08-05 09:03:28.246,2.483333,4,29,0.017199,0.0002,129.96,0,0,0,60.0000,0.287,6.93024,0,0,0,0,0,0.003400,0.000767,0.006765,0.001737,0.007278,0.002401,0.006843,0.002886,0.006270,0.003289,0.005160,0.003295,0.004174,0.003234,0.003209,-129.96,-16.26,-170.82,-78.65,150.78,-106.25,128.98,-139.62,102.96,-168.57,79.59,166.57,58.73,144.50,37.18,0.0048,0.0176,0.0195,0.0090,0.0069,0.0114,0.0004,0.0076,0.0049,0.0019,0.0039,0.0041,0.0046,0.0015,0.0058
2026-08-05 09:03:28.498,2.500000,5,0,0.016001,-0.0001,-98.97,0,0,0,60.0000,0.283,3.22121,0,0,0,0,0,0.004179,0.001949,0.006998,0.001681,0.006967,0.001161,0.005966,0.000967,0.004804,0.001959,0.003043,0.002864,0.001769,0.003524,0.000861,98.97,126.52,-144.17,-129.88,-36.30,-24.49,86.32,30.85,-157.05,117.85,-40.02,-128.07,71.39,-8.35,155.65,0.0067,0.0062,0.0006,0.0031,0.0052,0.0031,0.0083,0.0038,0.0054,0.0013,0.0023,0.0054,0.0134,0.0056,0.0049
2026-08-05 09:03:28.498,2.516667,5,1,0.014184,-0.0005,-92.12,0,0,0,60.0000,0.283,3.22121,0,0,0,0,0,0.002793,0.000455,0.005624,0.000608,0.005565,0.000972,0.004979,0.001780,0.004128,0.002631,0.003003,0.003185,0.002335,0.003592,0.001895,92.12,-178.93,126.74,-94.05,163.59,-43.80,-138.93,19.87,-84.26,77.70,-22.23,130.26,48.46,-176.20,119.50,0.0067,0.0062,0.0006,0.0031,0.0052,0.0031,0.0083,0.0038,0.0054,0.0013,0.0023,0.0054,0.0134,0.0056,0.0049
2026-08-05 09:03:28.498,2.533333,5,2,0.014681,-0.0001,-135.02,0,0,0,60.0000,0.283,3.22121,0,0,0,0,0,0.002869,0.000729,0.005772,0.001301,0.005732,0.001853,0.005511,0.002652,0.004825,0.003228,0.003952,0.003425,0.003373,0.003438,0.002581,135.02,-84.83,-116.57,48.30,-1.40,166.56,132.72,-60.68,-95.71,72.32,38.86,-157.76,174.38,-25.68,-54.24,0.0067,0.0062,0.0006,0.0031,0.0052,0.0031,0.0083,0.0038,0.0054,0.0013,0.0023,0.0054,0.0134,0.0056,0.0049
2026-08-05 09:03:28.498,2.550000,5,3,0.014119,-0.0006,131.99,0,0,0,60.0000,0.283,3.22121,0,0,0,0,0,0.002791,0.000598,0.005462,0.001295,0.005234,0.001956,0.005304,0.002647,0.004901,0.003015,0.004104,0.003058,0.003428,0.003072,0.002489,-131.99,122.84,166.43,91.51,113.04,30.74,80.42,-16.89,39.83,-55.40,2.43,-94.86,-34.89,-130.14,-71.82,0.0067,0.0062,0.0006,0.0031,0.0052,0.0031,0.0083,0.0038,0.0054,0.0013,0.0023,0.0054,0.0134,0.0056,0.0049
2026-08-05 09:03:28.498,2.566667,5,4,0.013598,0.0004,43.56,0,0,0,60.0000,0.283,3.22121,0,0,0,0,0,0.002664,0.000508,0.005064,0.001318,0.005015,0.002092,0.005098,0.002678,0.004596,0.003105,0.003658,0.003290,0.003063,0.003214,0.002241,-43.56,-62.93,87.42,92.95,-138.23,-143.77,13.92,2.46,159.15,154.16,-51.18,-58.20,101.27,91.80,-114.08,0.0067,0.0062,0.0006,0.0031,0.0052,0.0031,0.0083,0.0038,0.0054,0.0013,0.0023,0.0054,0.0134,0.0056,0.0049
2026-08-05 09:03:28.498,2.583333,5,5,0.013520,0.0002,148.16,0,0,0,60.0000,0.283,3.22121,0,0,0,0,0,0.002508,0.000774,0.004968,0.001522,0.005169,0.001774,0.005171,0.002380,0.004633,0.002843,0.004056,0.002777,0.003313,0.002888,0.002590,-148.16,141.12,134.63,51.08,58.57,-35.23,-0.13,-98.77,-62.07,-165.42,-121.21,132.44,179.52,74.37,121.79,0.0067,0.0062,0.0006,0.0031,0.0052,0.0031,0.0083,0.0038,0.0054,0.0013,0.0023,0.0054,0.0134,0.0056,0.0049
2026-08-05 09:03:28.498,2.600000,5,6,0.013858,0.0000,-25.33,0,0,0,60.0000,0.283,3.22121,0,0,0,0,0,0.002556,0.000763,0.005070,0.001471,0.005321,0.001615,0.005236,0.002400,0.004908,0.002773,0.004199,0.002860,0.003436,0.002923,0.002726,25.33,130.54,-58.16,24.04,-144.25,-67.31,148.73,-139.21,77.79,146.04,8.73,76.31,-57.72,8.13,-127.02,0.0067,0.0062,0.0006,0.0031,0.0052,0.0031,0.0083,0.0038,0.0054,0.0013,0.0023,0.0054,0.0134,0.0056,0.0049
2026-08-05 09:03:28.498,2.616667,5,7,0.015156,-0.0009,-164.45,0,0,0,60.0000,0.283,3.22121,0,0,0,0,0,0.002842,0.000780,0.005695,0.001637,0.005971,0.001999,0.005718,0.002849,0.005287,0.003187,0.004445,0.003231,0.003576,0.003308,0.002792,164.45,39.70,-6.72,-146.58,-177.39,36.82,29.57,-120.95,-126.24,78.43,78.08,-74.58,-73.81,129.78,132.46,0.0067,0.0062,0.0006,0.0031,0.0052,0.0031,0.0083,0.0038,0.0054,0.0013,0.0023,0.0054,0.0134,0.0056,0.0049
2026-08-05 09:03:28.498,2.633333,5,8,0.015000,0.0002,92.24,0,0,0,60.0000,0.283,3.22121,0,0,0,0,0,0.002854,0.000812,0.005602,0.001558,0.005982,0.001872,0.005734,0.002779,0.005259,0.003026,0.004496,0.003159,0.003580,0.003169,0.002822,-92.24,-115.24,-59.08,-99.59,-24.47,-71.67,27.60,-22.74,76.75,22.77,126.96,73.78,179.74,124.18,-128.11,0.0067,0.0062,0.0006,0.0031,0.0052,0.0031,0.0083,0.0038,0.0054,0.0013,0.0023,0.0054,0.0134,0.0056,0.0049
2026-08-05 09:03:28.498,2.650000,5,9,0.013867,0.0001,-175.04,0,0,0,60.0000,0.283,3.22121,0,0,0,0,0,0.002585,0.000551,0.005250,0.001494,0.005459,0.001956,0.005114,0.002802,0.004706,0.003197,0.003841,0.003252,0.002999,0.003255,0.002221,175.04,39.18,27.33,-122.69,-120.66,88.88,109.06,-41.16,-24.55,-176.82,-156.74,52.71,73.69,-77.22,-60.64,0.0067,0.0062,0.0006,0.0031,0.0052,0.0031,0.0083,0.0038,0.0054,0.0013,0.0023,0.0054,0.0134,0.0056,0.0049
2026-08-05 09:03:28.498,2.666667,5,10,0.013946,0.0002,26.51,0,0,0,60.0000,0.283,3.22121,0,0,0,0,0,0.002619,0.000517,0.005193,0.001522,0.005365,0.001936,0.005181,0.002779,0.004747,0.003223,0.003874,0.003261,0.003065,0.003338,0.002292,-26.51,-1.42,144.90,152.99,-44.69,-36.47,142.86,151.75,-31.50,-24.52,154.11,162.81,-19.08,-8.68,167.92,0.0067,0.0062,0.0006,0.0031,0.0052,0.0031,0.0083,0.0038,0.0054,0.0013,0.0023,0.0054,0.0134,0.0056,0.0049
2026-08-05 09:03:28.498,2.683333,5,11,0.014293,-0.0002,-121.53,0,0,0,60.0000,0.283,3.22121,0,0,0,0,0,0.002635,0.000447,0.005317,0.001492,0.005543,0.002007,0.005288,0.002774,0.004838,0.003225,0.003963,0.003276,0.003219,0.003410,0.002493,121.53,-86.19,-134.46,12.22,-30.10,119.76,91.53,-116.89,-148.61,0.28,-29.64,121.88,91.82,-115.37,-146.87,0.0067,0.0062,0.0006,0.0031,0.0052,0.0031,0.0083,0.0038,0.0054,0.0013,0.0023,0.0054,0.0134,0.0056,0.0049
2026-08-05 09:03:28.498,2.700000,5,12,0.015953,0.0005,144.85,0,0,0,60.0000,0.283,3.22121,0,0,0,0,0,0.004271,0.002439,0.007043,0.002254,0.006858,0.001153,0.006003,0.000804,0.004682,0.001528,0.002912,0.002438,0.001536,0.003314,0.000581,-144.85,-168.05,-147.89,-178.83,-160.52,174.18,-160.81,112.57,-163.91,50.44,-166.90,37.65,-175.95,35.39,136.78,0.0067,0.0062,0.0006,0.0031,0.0052,0.0031,0.0083,0.0038,0.0054,0.0013,0.0023,0.0054,0.0134,0.0056,0.0049
2026-08-05 09:03:28.498,2.716667,5,13,0.017721,-0.0005,-94.57,0,0,0,60.0000,0.283,3.22121,0,0,0,0,0,0.003753,0.001306,0.007278,0.001730,0.006854,0.002716,0.006174,0.003346,0.004893,0.004391,0.003654,0.004886,0.002859,0.004826,0.002141,94.57,-37.95,156.39,59.11,-139.39,158.59,-60.56,-113.08,18.02,-29.70,104.73,48.07,-167.59,125.95,-82.95,0.0067,0.0062,0.0006,0.0031,0.0052,0.0031,0.0083,0.0038,0.0054,0.0013,0.0023,0.0054,0.0134,0.0056,0.0049
2026-08-05 09:03:28.498,2.733333,5,14,0.015176,0.0000,125.22,0,0,0,60.0000,0.283,3.22121,0,0,0,0,0,0.003410,0.001601,0.006399,0.001293,0.005876,0.001896,0.005411,0.002350,0.004602,0.003354,0.003893,0.003741,0.003466,0.003533,0.002737,-125.22,-133.55,144.72,158.23,71.38,134.85,17.58,89.29,-33.79,36.24,-80.85,-21.63,-131.44,-77.99,171.87,0.0067,0.0062,0.0006,0.0031,0.0052,0.0031,0.0083,0.0038,0.0054,0.0013,0.0023,0.0054,0.0134,0.0056,0.0049
2026-08-05 09:03:28.498,2.750000,5,15,0.014102,0.0006,-77.54,0,0,0,60.0000,0.283,3.22121,0,0,0,0,0,0.002774,0.001003,0.005414,0.001236,0.005004,0.002450,0.005039,0.002950,0.004677,0.003363,0.003865,0.003442,0.002890,0.003397,0.002130,77.54,-69.30,74.45,-38.52,81.03,-3.12,105.33,15.59,124.33,37.16,146.43,58.50,167.50,84.46,-168.48,0.0067,0.0062,0.0006,0.0031,0.0052,0.0031,0.0083,0.0038,0.0054,0.0013,0.0023,0.0054,0.0134,0.0056,0.0049
2026-08-05 09:03:28.498,2.766667,5,16,0.013586,-0.0003,140.88,0,0,0,60.0000,0.283,3.22121,0,0,0,0,0,0.002608,0.000945,0.005004,0.001386,0.004779,0.002577,0.004953,0.002793,0.004431,0.003241,0.003547,0.003458,0.002826,0.003405,0.002034,-140.88,-143.30,151.56,179.37,88.59,139.63,41.17,91.50,-10.54,47.23,-55.55,-1.00,-103.04,-47.53,-152.95,0.0067,0.0062,0.0006,0.0031,0.0052,0.0031,0.0083,0.0038,0.0054,0.0013,0.0023,0.0054,0.0134,0.0056,0.0049
2026-08-05 09:03:28.498,2.783333,5,17,0.013557,0.0003,5.47,0,0,0,60.0000,0.283,3.22121,0,0,0,0,0,0.002526,0.000921,0.004942,0.001695,0.004973,0.002531,0.004921,0.002769,0.004351,0.003298,0.003707,0.003320,0.002763,0.003335,0.002125,-5.47,138.35,-149.97,11.98,65.14,-111.39,-64.75,123.74,166.02,-4.77,36.59,-134.22,-93.25,101.98,140.32,0.0067,0.0062,0.0006,0.0031,0.0052,0.0031,0.0083,0.0038,0.0054,0.0013,0.0023,0.0054,0.0134,0.0056,0.0049
2026-08-05 09:03:28.498,2.800000,5,18,0.016883,-0.0004,68.92,0,0,0,60.0000,0.283,3.22121,0,0,0,0,0,0.003284,0.000898,0.006691,0.002031,0.006759,0.003026,0.006407,0.003600,0.005703,0.004067,0.004459,0.004039,0.003379,0.003820,0.002288,-68.92,36.08,10.55,120.27,91.97,-138.97,-171.62,-40.52,-76.23,55.08,19.52,153.16,117.81,-108.38,-147.82,0.0067,0.0062,0.0006,0.0031,0.0052,0.0031,0.0083,0.0038,0.0054,0.0013,0.0023,0.0054,0.0134,0.0056,0.0049
2026-08-05 09:03:28.498,2.816667,5,19,0.014959,0.0004,69.23,0,0,0,60.0000,0.283,3.22121,0,0,0,0,0,0.002885,0.000610,0.005649,0.001560,0.005730,0.002443,0.005491,0.003034,0.005145,0.003404,0.004091,0.003591,0.003246,0.003484,0.002394,-69.23,45.00,20.63,133.70,107.16,-117.89,-149.63,-13.14,-46.52,88.44,56.30,-166.37,162.35,-61.67,-96.08,0.0067,0.0062,0.0006,0.0031,0.0052,0.0031,0.0083,0.0038,0.0054,0.0013,0.0023,0.0054,0.0134,0.0056,0.0049
2026-08-05 09:03:28.498,2.833333,5,20,0.015736,0.0002,176.79,0,0,0,60.0000,0.283,3.22121,0,0,0,0,0,0.003035,0.001117,0.005902,0.002376,0.006056,0.003080,0.005565,0.003762,0.005075,0.004093,0.003879,0.004105,0.002785,0.003989,0.001917,-176.79,149.71,49.13,31.42,-85.27,-77.08,157.69,167.68,37.43,51.67,-80.46,-64.75,162.73,-179.71,42.15,0.0067,0.0062,0.0006,0.0031,0.0052,0.0031,0.0083,0.0038,0.0054,0.0013,0.0023,0.0054,0.0134,0.0056,0.0049
2026-08-05 09:03:28.498,2.850000,5,21,0.019056,-0.0000,19.92,0,0,0,60.0000,0.283,3.22121,0,0,0,0,0,0.003951,0.001020,0.007783,0.002554,0.007842,0.003497,0.007247,0.004295,0.006371,0.004722,0.004857,0.004576,0.003464,0.004244,0.002097,-19.92,118.64,159.92,-43.83,-17.93,158.04,179.32,-4.94,13.31,-167.16,-149.24,31.66,49.42,-129.81,-115.34,0.0067,0.0062,0.0006,0.0031,0.0052,0.0031,0.0083,0.0038,0.0054,0.0013,0.0023,0.0054,0.0134,0.0056,0.0049
2026-08-05 09:03:28.498,2.866667,5,22,0.019075,0.0001,156.83,0,0,0,60.0000,0.283,3.22121,0,0,0,0,0,0.003963,0.000840,0.008167,0.002011,0.008415,0.002789,0.007783,0.003437,0.006940,0.003660,0.005457,0.003502,0.004170,0.003137,0.002855,-156.83,-81.11,100.80,157.19,3.96,67.41,-77.73,-22.16,-162.21,-109.45,115.98,167.67,37.36,84.70,-41.58,0.0067,0.0062,0.0006,0.0031,0.0052,0.0031,0.0083,0.0038,0.0054,0.0013,0.0023,0.0054,0.0134,0.0056,0.0049
2026-08-05 09:03:28.498,2.883333,5,23,0.016415,-0.0005,111.77,0,0,0,60.0000,0.283,3.22121,0,0,0,0,0,0.003225,0.000592,0.006413,0.001848,0.006744,0.002553,0.006250,0.003238,0.005639,0.003766,0.004478,0.003799,0.003448,0.003753,0.002586,-111.77,-31.59,-116.44,-35.63,-118.83,-21.41,-104.74,-13.59,-95.48,-2.19,-83.97,12.18,-70.15,26.80,-60.43,0.0067,0.0062,0.0006,0.0031,0.0052,0.0031,0.0083,0.0038,0.0054,0.0013,0.0023,0.0054,0.0134,0.0056,0.0049
2026-08-05 09:03:28.498,2.900000,5,24,0.018294,0.0004,-38.05,0,0,0,60.0000,0.283,3.22121,0,0,0,0,0,0.005072,0.002623,0.008515,0.002203,0.008450,0.001536,0.007211,0.000904,0.005634,0.001871,0.003631,0.002889,0.002059,0.003607,0.000828,38.05,8.89,34.32,-3.61,23.45,-11.89,25.17,-76.81,22.20,-124.22,21.33,-134.57,15.94,-136.10,-16.65,0.0067,0.0062,0.0006,0.0031,0.0052,0.0031,0.0083,0.0038,0.0054,0.0013,0.0023,0.0054,0.0134,0.0056,0.0049
2026-08-05 09:03:28.498,2.916667,5,25,0.014912,-0.0003,-84.05,0,0,0,60.0000,0.283,3.22121,0,0,0,0,0,0.003073,0.000969,0.006176,0.001078,0.006068,0.001501,0.005556,0.002127,0.004735,0.002841,0.003565,0.003365,0.002874,0.003554,0.002221,84.05,147.37,68.01,164.54,64.82,175.42,80.32,-159.43,92.53,-141.01,113.18,-127.63,136.44,-114.93,160.45,0.0067,0.0062,0.0006,0.0031,0.0052,0.0031,0.0083,0.0038,0.0054,0.0013,0.0023,0.0054,0.0134,0.0056,0.0049
2026-08-05 09:03:28.498,2.933333,5,26,0.014283,-0.0002,168.06,0,0,0,60.0000,0.283,3.22121,0,0,0,0,0,0.002867,0.000825,0.005750,0.001171,0.005597,0.001757,0.005305,0.002543,0.004718,0.003148,0.003931,0.003340,0.003288,0.003223,0.002501,-168.06,6.97,44.27,-108.34,-92.75,123.99,149.41,6.21,28.29,-113.64,-88.85,122.59,153.14,2.58,31.27,0.0067,0.0062,0.0006,0.0031,0.0052,0.0031,0.0083,0.0038,0.0054,0.0013,0.0023,0.0054,0.0134,0.0056,0.0049
2026-08-05 09:03:28.498,2.950000,5,27,0.013809,-0.0002,147.56,0,0,0,60.0000,0.283,3.22121,0,0,0,0,0,0.002798,0.000546,0.005401,0.001154,0.005232,0.002008,0.005150,0.002754,0.004782,0.003071,0.003877,0.003103,0.003115,0.003055,0.002236,-147.56,62.50,120.64,13.60,37.16,-73.06,-26.45,-146.82,-97.51,143.64,-166.28,76.24,125.11,11.33,56.39,0.0067,0.0062,0.0006,0.0031,0.0052,0.0031,0.0083,0.0038,0.0054,0.0013,0.0023,0.0054,0.0134,0.0056,0.0049
2026-08-05 09:03:28.498,2.966667,5,28,0.016929,0.0005,156.27,0,0,0,60.0000,0.283,3.22121,0,0,0,0,0,0.003437,0.000748,0.006729,0.001862,0.006616,0.002850,0.006543,0.003701,0.005624,0.004128,0.004405,0.004207,0.003396,0.003925,0.002242,-156.27,53.84,105.72,-24.75,14.74,-115.55,-62.99,165.21,-144.18,88.86,138.64,10.85,60.98,-66.01,-16.63,0.0067,0.0062,0.0006,0.0031,0.0052,0.0031,0.0083,0.0038,0.0054,0.0013,0.0023,0.0054,0.0134,0.0056,0.0049
2026-08-05 09:03:28.498,2.983333,5,29,0.017140,0.0004,-87.51,0,0,0,60.0000,0.283,3.22121,0,0,0,0,0,0.003465,0.000730,0.006908,0.001936,0.007041,0.002669,0.006752,0.003444,0.005910,0.003920,0.004806,0.003799,0.003504,0.003683,0.002551,87.51,-162.94,118.17,-128.48,154.83,-94.08,-156.02,-42.11,-107.72,5.39,-58.06,56.26,-7.80,107.72,44.78,0.0067,0.0062,0.0006,0.0031,0.0052,0.0031,0.0083,0.0038,0.0054,0.0013,0.0023,0.0054,0.0134,0.0056,0.0049
2026-08-05 09:03:28.753,3.000000,6,0,0.020968,-0.0001,-76.33,0,0,0,60.0000,0.433,0.53788,0,0,0,0,0,0.004401,0.001196,0.008968,0.002717,0.009016,0.003702,0.008238,0.004880,0.006937,0.005113,0.005119,0.004857,0.003582,0.004271,0.002194,76.33,148.70,85.05,168.77,98.01,-169.33,124.45,-139.77,149.22,-112.27,175.13,-82.08,-156.06,-53.62,-133.52,0.0701,0.0221,0.0148,0.0142,0.0082,0.0073,0.0094,0.0046,0.0018,0.0030,0.0064,0.0078,0.0061,0.0067,0.0094
2026-08-05 09:03:28.753,3.016667,6,1,0.018027,-0.0003,168.77,0,0,0,60.0000,0.433,0.53788,0,0,0,0,0,0.003699,0.000828,0.007417,0.001973,0.007534,0.002585,0.007204,0.003613,0.006376,0.003897,0.005041,0.003832,0.003874,0.003601,0.002741,-168.77,70.11,73.92,-60.16,-41.31,-175.33,-141.50,83.19,116.40,-20.12,15.24,-119.40,-82.66,139.86,177.87,0.0701,0.0221,0.0148,0.0142,0.0082,0.0073,0.0094,0.0046,0.0018,0.0030,0.0064,0.0078,0.0061,0.0067,0.0094
2026-08-05 09:03:28.753,3.033333,6,2,0.018703,-0.0000,19.58,0,0,0,60.0000,0.433,0.53788,0,0,0,0,0,0.003868,0.001000,0.007767,0.002106,0.007982,0.002624,0.007504,0.003641,0.006656,0.003943,0.005320,0.003796,0.003996,0.003546,0.002855,-19.58,22.01,157.22,-178.22,-22.08,1.14,173.62,-168.58,7.05,22.30,-157.70,-142.37,41.61,52.37,-122.22,0.0701,0.0221,0.0148,0.0142,0.0082,0.0073,0.0094,0.0046,0.0018,0.0030,0.0064,0.0078,0.0061,0.0067,0.0094
2026-08-05 09:03:28.753,3.050000,6,3,0.018480,0.0000,147.31,0,0,0,60.0000,0.433,0.53788,0,0,0,0,0,0.003843,0.001025,0.007596,0.002143,0.007820,0.002762,0.007372,0.003781,0.006516,0.004057,0.005113,0.003949,0.003820,0.003665,0.002774,-147.31,124.89,135.71,32.71,61.68,-42.05,2.50,-104.85,-57.72,-167.87,-118.10,132.84,-174.48,74.47,126.48,0.0701,0.0221,0.0148,0.0142,0.0082,0.0073,0.0094,0.0046,0.0018,0.0030,0.0064,0.0078,0.0061,0.0067,0.0094
2026-08-05 09:03:28.753,3.066667,6,4,0.019798,-0.0012,43.52,0,0,0,60.0000,0.433,0.53788,0,0,0,0,0,0.004218,0.001402,0.008222,0.002120,0.008642,0.002425,0.008265,0.003172,0.007452,0.003281,0.006019,0.003093,0.004727,0.002768,0.003595,-43.52,-12.37,82.46,100.12,-146.25,-134.74,-1.86,-0.52,142.40,137.55,-72.13,-79.29,77.06,63.08,-134.55,0.0701,0.0221,0.0148,0.0142,0.0082,0.0073,0.0094,0.0046,0.0018,0.0030,0.0064,0.0078,0.0061,0.0067,0.0094
2026-08-05 09:03:28.753,3.083333,6,5,0.018504,0.0004,82.47,0,0,0,60.0000,0.433,0.53788,0,0,0,0,0,0.003895,0.001294,0.007865,0.001999,0.008085,0.002300,0.007523,0.003143,0.006594,0.003378,0.005296,0.003370,0.004163,0.003178,0.003185,-82.47,-85.78,-27.17,-49.51,31.85,1.74,104.53,65.03,174.92,128.88,-113.78,-159.91,-38.87,-85.55,35.17,0.0701,0.0221,0.0148,0.0142,0.0082,0.0073,0.0094,0.0046,0.0018,0.0030,0.0064,0.0078,0.0061,0.0067,0.0094
2026-08-05 09:03:28.753,3.100000,6,6,0.020036,-0.0000,141.51,0,0,0,60.0000,0.433,0.53788,0,0,0,0,0,0.005636,0.003382,0.009630,0.003143,0.009341,0.001710,0.008034,0.001155,0.005949,0.001904,0.003551,0.002951,0.001699,0.003854,0.000619,-141.51,-166.04,-141.79,-168.42,-148.01,-173.17,-143.73,133.13,-142.28,74.01,-143.01,66.29,-147.55,66.84,157.58,0.0701,0.0221,0.0148,0.0142,0.0082,0.0073,0.0094,0.0046,0.0018,0.0030,0.0064,0.0078,0.0061,0.0067,0.0094
2026-08-05 09:03:28.753,3.116667,6,7,0.018364,0.0074,49.73,0,0,0,60.0000,0.433,0.53788,0,0,0,0,0,0.003767,0.001711,0.008055,0.001910,0.007788,0.002476,0.007038,0.002994,0.005976,0.003677,0.004504,0.004020,0.003537,0.004103,0.002748,-49.73,31.42,25.82,127.52,117.06,-111.30,-137.09,6.06,-31.22,118.21,81.02,-134.96,-166.70,-26.85,-54.60,0.0701,0.0221,0.0148,0.0142,0.0082,0.0073,0.0094,0.0046,0.0018,0.0030,0.0064,0.0078,0.0061,0.0067,0.0094
2026-08-05 09:03:28.753,3.133333,6,8,0.019899,-0.0005,-154.99,0,0,0,60.0000,0.433,0.53788,0,0,0,0,0,0.004452,0.001903,0.008654,0.002420,0.008060,0.003630,0.007549,0.004190,0.006297,0.004995,0.004909,0.004866,0.003738,0.004272,0.002338,154.99,79.70,-65.45,-114.65,86.62,65.28,-106.55,-123.01,60.20,45.48,-130.53,-148.59,37.24,19.86,-158.83,0.0701,0.0221,0.0148,0.0142,0.0082,0.0073,0.0094,0.0046,0.0018,0.0030,0.0064,0.0078,0.0061,0.0067,0.0094
2026-08-05 09:03:28.753,3.150000,6,9,0.018343,0.0002,50.60,0,0,0,60.0000,0.433,0.53788,0,0,0,0,0,0.004143,0.001120,0.007776,0.001556,0.007215,0.003253,0.007163,0.003856,0.006424,0.004160,0.004978,0.003975,0.003651,0.003755,0.002359,-50.60,32.76,44.11,176.78,153.91,-56.52,-82.71,61.55,36.81,-178.79,156.96,-54.03,-80.23,71.53,44.35,0.0701,0.0221,0.0148,0.0142,0.0082,0.0073,0.0094,0.0046,0.0018,0.0030,0.0064,0.0078,0.0061,0.0067,0.0094
2026-08-05 09:03:28.753,3.166667,6,10,0.017860,-0.0000,45.70,0,0,0,60.0000,0.433,0.53788,0,0,0,0,0,0.003818,0.000630,0.007314,0.001557,0.007054,0.003020,0.007226,0.003295,0.006288,0.003824,0.005011,0.003895,0.004033,0.003569,0.002709,-45.70,80.38,65.52,-131.25,-170.10,-11.67,-35.30,122.98,97.00,-101.08,-124.88,31.08,12.03,168.32,147.14,0.0701,0.0221,0.0148,0.0142,0.0082,0.0073,0.0094,0.0046,0.0018,0.0030,0.0064,0.0078,0.0061,0.0067,0.0094
2026-08-05 09:03:28.753,3.183333,6,11,0.019100,-0.0005,-169.64,0,0,0,60.0000,0.433,0.53788,0,0,0,0,0,0.003904,0.001021,0.007911,0.002177,0.007919,0.003351,0.007532,0.003898,0.006595,0.004451,0.005214,0.004228,0.003769,0.003976,0.002614,169.64,134.69,1.89,-9.82,-158.88,-158.35,51.33,57.35,-97.77,-92.44,113.92,121.41,-31.66,-23.40,-178.08,0.0701,0.0221,0.0148,0.0142,0.0082,0.0073,0.0094,0.0046,0.0018,0.0030,0.0064,0.0078,0.0061,0.0067,0.0094
2026-08-05 09:03:28.753,3.200000,6,12,0.020830,-0.0001,171.67,0,0,0,60.0000,0.433,0.53788,0,0,0,0,0,0.004445,0.001583,0.008811,0.003137,0.008647,0.004333,0.007889,0.005166,0.006675,0.005412,0.004707,0.005077,0.003200,0.004484,0.001730,-171.67,166.19,60.36,58.55,-63.38,-48.12,-174.98,-153.19,74.07,97.42,-36.99,-8.44,-147.30,-116.27,94.97,0.0701,0.0221,0.0148,0.0142,0.0082,0.0073,0.0094,0.0046,0.0018,0.0030,0.0064,0.0078,0.0061,0.0067,0.0094
2026-08-05 09:03:28.753,3.216667,6,13,0.022534,-0.0009,-110.17,0,0,0,60.0000,0.433,0.53788,0,0,0,0,0,0.005090,0.002116,0.009812,0.003877,0.009585,0.005047,0.008539,0.005696,0.007054,0.005739,0.004815,0.005205,0.002970,0.004393,0.001396,110.17,-0.70,-176.20,96.08,-96.61,-167.75,-5.19,-69.76,85.26,24.94,177.39,122.01,-88.59,-141.01,-3.03,0.0701,0.0221,0.0148,0.0142,0.0082,0.0073,0.0094,0.0046,0.0018,0.0030,0.0064,0.0078,0.0061,0.0067,0.0094
2026-08-05 09:03:28.753,3.233333,6,14,0.022203,0.0000,90.63,0,0,0,60.0000,0.433,0.53788,0,0,0,0,0,0.004968,0.000893,0.009624,0.002582,0.009763,0.003675,0.009090,0.004569,0.007734,0.004838,0.005854,0.004474,0.004111,0.004010,0.002593,-90.63,26.24,-59.45,48.30,-23.45,96.08,26.77,143.59,74.65,-167.19,125.81,-116.64,178.94,-65.35,-129.51,0.0701,0.0221,0.0148,0.0142,0.0082,0.0073,0.0094,0.0046,0.0018,0.0030,0.0064,0.0078,0.0061,0.0067,0.0094
2026-08-05 09:03:28.753,3.250000,6,15,0.018538,-0.0000,-161.94,0,0,0,60.0000,0.433,0.53788,0,0,0,0,0,0.003858,0.000952,0.007607,0.002387,0.007646,0.003304,0.007064,0.004182,0.006385,0.004408,0.004757,0.004323,0.003486,0.004052,0.002232,161.94,119.35,-17.12,-43.77,165.83,164.81,5.94,2.34,-158.79,-158.63,40.36,42.85,-118.82,-116.92,74.98,0.0701,0.0221,0.0148,0.0142,0.0082,0.0073,0.0094,0.0046,0.0018,0.0030,0.0064,0.0078,0.0061,0.0067,0.0094
2026-08-05 09:03:28.753,3.266667,6,16,0.016804,0.0001,105.19,0,0,0,60.0000,0.433,0.53788,0,0,0,0,0,0.003321,0.000934,0.006599,0.002312,0.006828,0.003089,0.006186,0.003854,0.005474,0.004344,0.004205,0.004320,0.003030,0.004064,0.001986,-105.19,-43.31,-97.97,-23.50,-88.65,6.75,-62.17,29.76,-40.47,55.24,-16.44,81.98,9.89,109.19,31.37,0.0701,0.0221,0.0148,0.0142,0.0082,0.0073,0.0094,0.0046,0.0018,0.0030,0.0064,0.0078,0.0061,0.0067,0.0094
2026-08-05 09:03:28.753,3.283333,6,17,0.016170,-0.0003,-153.77,0,0,0,60.0000,0.433,0.53788,0,0,0,0,0,0.003242,0.000966,0.006382,0.002057,0.006593,0.002694,0.005895,0.003459,0.005133,0.004048,0.003958,0.004188,0.003059,0.003990,0.002237,153.77,111.94,-31.68,-64.01,143.56,128.56,-26.09,-44.30,159.54,146.45,-13.86,-20.90,174.47,172.69,-0.17,0.0701,0.0221,0.0148,0.0142,0.0082,0.0073,0.0094,0.0046,0.0018,0.0030,0.0064,0.0078,0.0061,0.0067,0.0094
2026-08-05 09:03:28.753,3.300000,6,18,0.019763,-0.0005,-146.80,0,0,0,60.0000,0.433,0.53788,0,0,0,0,0,0.005481,0.002611,0.009354,0.002102,0.009180,0.001436,0.007946,0.001148,0.006172,0.002268,0.003965,0.003197,0.002170,0.003927,0.000680,146.80,-141.11,-0.73,64.03,-154.57,-92.28,63.82,53.74,-82.19,-124.83,133.81,82.54,-10.49,-61.62,-176.61,0.0701,0.0221,0.0148,0.0142,0.0082,0.0073,0.0094,0.0046,0.0018,0.0030,0.0064,0.0078,0.0061,0.0067,0.0094
2026-08-05 09:03:28.753,3.316667,6,19,0.015713,-0.0003,94.86,0,0,0,60.0000,0.433,0.53788,0,0,0,0,0,0.003311,0.001423,0.006584,0.001530,0.006456,0.001953,0.006024,0.002610,0.005025,0.003209,0.003873,0.003553,0.003025,0.003687,0.002075,-94.86,134.69,-122.82,137.30,-135.41,138.10,-130.21,152.89,-127.57,164.94,-117.77,170.43,-106.91,177.35,-94.64,0.0701,0.0221,0.0148,0.0142,0.0082,0.0073,0.0094,0.0046,0.0018,0.0030,0.0064,0.0078,0.0061,0.0067,0.0094
2026-08-05 09:03:28.753,3.333333,6,20,0.014019,0.0001,174.02,0,0,0,60.0000,0.433,0.53788,0,0,0,0,0,0.002820,0.000787,0.005757,0.001192,0.005464,0.001841,0.005126,0.002690,0.004519,0.003339,0.003701,0.003396,0.003126,0.003261,0.002298,-174.02,-9.71,26.50,-135.02,-122.49,90.66,108.07,-40.87,-24.21,-173.06,-152.53,52.38,76.04,-78.79,-58.66,0.0701,0.0221,0.0148,0.0142,0.0082,0.0073,0.0094,0.0046,0.0018,0.0030,0.0064,0.0078,0.0061,0.0067,0.0094
2026-08-05 09:03:28.753,3.350000,6,21,0.014568,0.0003,-29.49,0,0,0,60.0000,0.433,0.53788,0,0,0,0,0,0.002926,0.000592,0.005806,0.001335,0.005540,0.002213,0.005581,0.002942,0.005021,0.003286,0.004034,0.003344,0.003203,0.003289,0.002200,29.49,66.71,-64.39,1.43,-149.67,-86.17,141.84,-163.17,66.21,125.56,-4.75,53.82,-74.87,-15.96,-145.37,0.0701,0.0221,0.0148,0.0142,0.0082,0.0073,0.0094,0.0046,0.0018,0.0030,0.0064,0.0078,0.0061,0.0067,0.0094
2026-08-05 09:03:28.753,3.366667,6,22,0.014221,0.0001,101.76,0,0,0,60.0000,0.433,0.53788,0,0,0,0,0,0.002884,0.000445,0.005525,0.001379,0.005435,0.002177,0.005495,0.002767,0.004840,0.003179,0.003870,0.003336,0.003231,0.003182,0.002277,-101.76,175.59,-87.94,-149.14,-69.28,-138.53,-35.21,-107.84,-6.74,-72.21,27.51,-40.74,60.28,-7.75,89.44,0.0701,0.0221,0.0148,0.0142,0.0082,0.0073,0.0094,0.0046,0.0018,0.0030,0.0064,0.0078,0.0061,0.0067,0.0094
2026-08-05 09:03:28.753,3.383333,6,23,0.014689,-0.0001,-100.28,0,0,0,60.0000,0.433,0.53788,0,0,0,0,0,0.002749,0.000641,0.005384,0.001559,0.005538,0.002195,0.005376,0.003084,0.004843,0.003546,0.004046,0.003529,0.003119,0.003634,0.002271,100.28,-113.33,167.02,-54.13,-126.45,8.71,-44.05,91.79,36.41,170.63,117.64,-105.46,-158.88,-21.57,-75.49,0.0701,0.0221,0.0148,0.0142,0.0082,0.0073,0.0094,0.0046,0.0018,0.0030,0.0064,0.0078,0.0061,0.0067,0.0094
2026-08-05 09:03:28.753,3.400000,6,24,0.014250,-0.0006,133.77,0,0,0,60.0000,0.433,0.53788,0,0,0,0,0,0.002636,0.000673,0.005420,0.001520,0.005568,0.002113,0.005188,0.002725,0.004984,0.003226,0.004102,0.003405,0.003061,0.003216,0.002431,-133.77,166.34,-178.20,90.03,140.09,47.85,111.58,19.38,81.02,-16.48,55.65,-38.85,27.31,-66.45,-1.00,0.0701,0.0221,0.0148,0.0142,0.0082,0.0073,0.0094,0.0046,0.0018,0.0030,0.0064,0.0078,0.0061,0.0067,0.0094
2026-08-05 09:03:28.753,3.416667,6,25,0.015989,0.0003,166.56,0,0,0,60.0000,0.433,0.53788,0,0,0,0,0,0.003247,0.000755,0.006494,0.001965,0.006565,0.002604,0.006100,0.003538,0.005393,0.003886,0.004202,0.003786,0.003036,0.003584,0.002061,-166.56,31.15,83.25,-68.25,-25.83,-171.59,-120.23,97.79,143.78,2.80,47.72,-88.11,-46.66,178.01,-144.90,0.0701,0.0221,0.0148,0.0142,0.0082,0.0073,0.0094,0.0046,0.0018,0.0030,0.0064,0.0078,0.0061,0.0067,0.0094
2026-08-05 09:03:28.753,3.433333,6,26,0.015421,0.0001,38.31,0,0,0,60.0000,0.433,0.53788,0,0,0,0,0,0.002964,0.001000,0.005860,0.001807,0.006160,0.001963,0.005943,0.002782,0.005505,0.003139,0.004593,0.003171,0.003704,0.003100,0.002887,-38.31,5.93,107.45,133.50,-106.66,-86.64,55.84,67.73,-143.60,-135.72,17.71,24.28,-177.45,-175.57,-13.92,0.0701,0.0221,0.0148,0.0142,0.0082,0.0073,0.0094,0.0046,0.0018,0.0030,0.0064,0.0078,0.0061,0.0067,0.0094
2026-08-05 09:03:28.753,3.450000,6,27,0.014162,-0.0000,-174.96,0,0,0,60.0000,0.433,0.53788,0,0,0,0,0,0.002612,0.000722,0.005150,0.001560,0.005446,0.001895,0.005307,0.002735,0.004843,0.003074,0.003989,0.003216,0.003294,0.003292,0.002496,174.96,61.17,31.67,-102.31,-114.89,106.89,117.61,-25.84,-13.11,-156.79,-142.71,73.42,88.59,-56.06,-39.17,0.0701,0.0221,0.0148,0.0142,0.0082,0.0073,0.0094,0.0046,0.0018,0.0030,0.0064,0.0078,0.0061,0.0067,0.0094
2026-08-05 09:03:28.753,3.466667,6,28,0.014247,-0.0001,148.55,0,0,0,60.0000,0.433,0.53788,0,0,0,0,0,0.002699,0.000903,0.005323,0.001663,0.005652,0.001879,0.005410,0.002627,0.005027,0.002894,0.004172,0.003031,0.003387,0.003007,0.002672,-148.55,144.82,138.93,52.73,64.69,-25.50,9.36,-87.33,-49.61,-150.99,-107.45,151.14,-164.26,93.77,139.53,0.0701,0.0221,0.0148,0.0142,0.0082,0.0073,0.0094,0.0046,0.0018,0.0030,0.0064,0.0078,0.0061,0.0067,0.0094
2026-08-05 09:03:28.753,3.483333,6,29,0.016737,0.0002,155.29,0,0,0,60.0000,0.433,0.53788,0,0,0,0,0,0.003574,0.001060,0.006826,0.001732,0.006865,0.002023,0.006313,0.003063,0.005429,0.003681,0.004293,0.003919,0.003416,0.003985,0.002806,-155.29,127.68,125.81,25.84,46.05,-68.20,-19.74,-140.82,-88.95,146.94,-159.21,82.92,132.27,20.20,66.49,0.0701,0.0221,0.0148,0.0142,0.0082,0.0073,0.0094,0.0046,0.0018,0.0030,0.0064,0.0078,0.0061,0.0067,0.0094
2026-08-05 09:03:29.028,3.500000,7,0,0.018429,-0.0001,159.26,0,0,0,60.0000,0.259,1.18070,0,0,0,0,0,0.005180,0.003413,0.008442,0.003305,0.008290,0.002046,0.007214,0.000984,0.005539,0.001087,0.003633,0.002219,0.001951,0.003192,0.001002,-159.26,166.01,165.36,129.34,122.00,95.74,89.72,32.79,54.53,-100.37,19.22,-149.74,-22.58,176.34,-87.08,0.0130,0.0040,0.0056,0.0042,0.0020,0.0041,0.0039,0.0028,0.0018,0.0040,0.0047,0.0048,0.0006,0.0064,0.0046
2026-08-05 09:03:29.028,3.516667,7,1,0.014495,0.0003,1.66,0,0,0,60.0000,0.259,1.18070,0,0,0,0,0,0.003167,0.001610,0.005944,0.001686,0.005730,0.002248,0.005480,0.002281,0.004605,0.002901,0.003535,0.003224,0.002706,0.003356,0.002035,-1.66,123.08,152.02,-62.40,-39.30,137.69,147.42,-27.62,-26.77,168.63,165.25,-0.83,-0.38,-170.73,-168.28,0.0130,0.0040,0.0056,0.0042,0.0020,0.0041,0.0039,0.0028,0.0018,0.0040,0.0047,0.0048,0.0006,0.0064,0.0046
2026-08-05 09:03:29.028,3.533333,7,2,0.013197,0.0000,-125.74,0,0,0,60.0000,0.259,1.18070,0,0,0,0,0,0.002704,0.001007,0.005359,0.001028,0.005067,0.001904,0.004833,0.002341,0.004309,0.002937,0.003689,0.003114,0.003069,0.002932,0.002314,125.74,37.95,-153.71,148.59,-62.66,-90.86,46.78,16.96,155.87,123.53,-92.95,-132.19,15.90,-22.82,122.48,0.0130,0.0040,0.0056,0.0042,0.0020,0.0041,0.0039,0.0028,0.0018,0.0040,0.0047,0.0048,0.0006,0.0064,0.0046
2026-08-05 09:03:29.028,3.550000,7,3,0.018563,-0.0003,94.15,0,0,0,60.0000,0.259,1.18070,0,0,0,0,0,0.003702,0.001700,0.007396,0.002802,0.007215,0.004075,0.006996,0.004420,0.005983,0.004855,0.004479,0.004676,0.003085,0.004258,0.001754,-94.15,-54.01,-73.08,-4.20,-43.88,45.75,-2.31,91.15,38.42,136.50,83.20,178.85,126.59,-135.76,165.28,0.0130,0.0040,0.0056,0.0042,0.0020,0.0041,0.0039,0.0028,0.0018,0.0040,0.0047,0.0048,0.0006,0.0064,0.0046
2026-08-05 09:03:29.028,3.566667,7,4,0.016600,0.0005,-37.00,0,0,0,60.0000,0.259,1.18070,0,0,0,0,0,0.003569,0.000791,0.006735,0.001731,0.006530,0.002580,0.006915,0.002393,0.006118,0.002903,0.005066,0.002880,0.004302,0.002595,0.003131,37.00,-33.99,-45.92,-116.59,-116.39,155.52,-174.35,91.34,123.54,27.58,69.48,-40.62,12.73,-100.46,-44.77,0.0130,0.0040,0.0056,0.0042,0.0020,0.0041,0.0039,0.0028,0.0018,0.0040,0.0047,0.0048,0.0006,0.0064,0.0046
2026-08-05 09:03:29.028,3.583333,7,5,0.014824,0.0005,115.66,0,0,0,60.0000,0.259,1.18070,0,0,0,0,0,0.002879,0.000571,0.005770,0.001385,0.005917,0.002279,0.005711,0.002698,0.005218,0.003197,0.004333,0.003131,0.003354,0.003162,0.002607,-115.66,-13.86,-125.11,-34.39,-133.69,-33.95,-127.64,-26.10,-120.50,-25.02,-115.15,-18.70,-105.39,-10.54,-97.64,0.0130,0.0040,0.0056,0.0042,0.0020,0.0041,0.0039,0.0028,0.0018,0.0040,0.0047,0.0048,0.0006,0.0064,0.0046
2026-08-05 09:03:29.028,3.600000,7,6,0.016337,-0.0005,-85.75,0,0,0,60.0000,0.259,1.18070,0,0,0,0,0,0.003209,0.000573,0.006510,0.001619,0.006635,0.002562,0.006299,0.003150,0.005841,0.003536,0.004634,0.003589,0.003668,0.003434,0.002621,85.75,13.15,117.23,33.18,149.52,82.86,-162.36,132.05,-114.86,176.48,-68.02,-134.95,-17.01,-86.25,30.23,0.0130,0.0040,0.0056,0.0042,0.0020,0.0041,0.0039,0.0028,0.0018,0.0040,0.0047,0.0048,0.0006,0.0064,0.0046
2026-08-05 09:03:29.028,3.616667,7,7,0.016288,-0.0001,156.74,0,0,0,60.0000,0.259,1.18070,0,0,0,0,0,0.003179,0.000743,0.006418,0.001803,0.006487,0.002753,0.006140,0.003370,0.005665,0.003743,0.004391,0.003841,0.003439,0.003631,0.002460,-156.74,-134.45,111.02,137.86,20.59,64.01,-55.75,-8.23,-132.25,-86.34,151.26,-161.46,78.13,124.73,1.10,0.0130,0.0040,0.0056,0.0042,0.0020,0.0041,0.0039,0.0028,0.0018,0.0040,0.0047,0.0048,0.0006,0.0064,0.0046
2026-08-05 09:03:29.028,3.633333,7,8,0.016035,0.0005,-109.11,0,0,0,60.0000,0.259,1.18070,0,0,0,0,0,0.003247,0.000776,0.006250,0.002026,0.006438,0.002812,0.005882,0.003555,0.005381,0.003913,0.004188,0.003905,0.003087,0.003774,0.002160,109.11,23.92,-168.78,114.74,-88.04,-140.61,9.74,-42.89,104.88,55.05,-157.64,153.04,-57.90,-107.90,36.27,0.0130,0.0040,0.0056,0.0042,0.0020,0.0041,0.0039,0.0028,0.0018,0.0040,0.0047,0.0048,0.0006,0.0064,0.0046
2026-08-05 09:03:29.028,3.650000,7,9,0.015951,0.0007,63.10,0,0,0,60.0000,0.259,1.18070,0,0,0,0,0,0.003161,0.000556,0.006167,0.001681,0.006472,0.002500,0.006070,0.003154,0.005608,0.003565,0.004506,0.003528,0.003448,0.003542,0.002571,-63.10,63.72,32.58,157.09,127.62,-87.65,-120.12,22.15,-10.59,132.71,100.80,-116.56,-144.19,-3.82,-33.94,0.0130,0.0040,0.0056,0.0042,0.0020,0.0041,0.0039,0.0028,0.0018,0.0040,0.0047,0.0048,0.0006,0.0064,0.0046
2026-08-05 09:03:29.028,3.666667,7,10,0.014059,0.0002,53.41,0,0,0,60.0000,0.259,1.18070,0,0,0,0,0,0.002642,0.000854,0.005168,0.001806,0.005550,0.002291,0.005141,0.002877,0.004629,0.003325,0.003774,0.003435,0.003001,0.003363,0.002265,-53.41,53.12,68.39,-172.27,-171.68,-28.13,-33.72,106.80,100.20,-115.73,-124.87,22.44,13.71,160.74,149.52,0.0130,0.0040,0.0056,0.0042,0.0020,0.0041,0.0039,0.0028,0.0018,0.0040,0.0047,0.0048,0.0006,0.0064,0.0046
2026-08-05 09:03:29.028,3.683333,7,11,0.015107,-0.0003,109.35,0,0,0,60.0000,0.259,1.18070,0,0,0,0,0,0.002962,0.000784,0.005746,0.001915,0.006066,0.002482,0.005469,0.003184,0.004829,0.003677,0.003872,0.003826,0.003024,0.003791,0.002280,-109.35,-48.17,-101.38,-33.83,-95.35,-5.99,-70.83,13.51,-51.92,36.16,-32.26,62.23,-9.34,86.50,9.98,0.0130,0.0040,0.0056,0.0042,0.0020,0.0041,0.0039,0.0028,0.0018,0.0040,0.0047,0.0048,0.0006,0.0064,0.0046
2026-08-05 09:03:29.028,3.700000,7,12,0.018468,0.0019,62.76,0,0,0,60.0000,0.259,1.18070,0,0,0,0,0,0.005164,0.002160,0.008634,0.001457,0.008449,0.000840,0.007149,0.001484,0.005148,0.002902,0.002994,0.003905,0.001308,0.004370,0.000395,-62.76,155.56,97.95,-56.93,-111.11,76.20,52.75,159.04,-147.13,-57.05,18.74,99.45,-164.80,-100.22,62.21,0.0130,0.0040,0.0056,0.0042,0.0020,0.0041,0.0039,0.0028,0.0018,0.0040,0.0047,0.0048,0.0006,0.0064,0.0046
2026-08-05 09:03:29.028,3.716667,7,13,0.017943,-0.0010,-116.71,0,0,0,60.0000,0.259,1.18070,0,0,0,0,0,0.003961,0.001366,0.007803,0.001776,0.007700,0.002272,0.007225,0.002960,0.006095,0.003534,0.004700,0.003755,0.003606,0.003478,0.002604,116.71,-149.97,163.03,-78.48,-135.75,-7.75,-58.86,74.78,15.73,155.93,96.78,-127.32,177.62,-49.04,-101.17,0.0130,0.0040,0.0056,0.0042,0.0020,0.0041,0.0039,0.0028,0.0018,0.0040,0.0047,0.0048,0.0006,0.0064,0.0046
2026-08-05 09:03:29.028,3.733333,7,14,0.017900,0.0002,103.17,0,0,0,60.0000,0.259,1.18070,0,0,0,0,0,0.004023,0.001059,0.007783,0.001584,0.007407,0.002619,0.006919,0.003677,0.005906,0.004129,0.004827,0.004053,0.003800,0.003517,0.002508,-103.17,138.86,-118.26,158.48,-120.71,164.28,-105.58,176.36,-94.52,-172.65,-79.96,-164.46,-68.82,-150.96,-58.02,0.0130,0.0040,0.0056,0.0042,0.0020,0.0041,0.0039,0.0028,0.0018,0.0040,0.0047,0.0048,0.0006,0.0064,0.0046
2026-08-05 09:03:29.028,3.750000,7,15,0.019282,0.0001,137.84,0,0,0,60.0000,0.259,1.18070,0,0,0,0,0,0.004348,0.000903,0.008283,0.002040,0.008058,0.003131,0.007842,0.003919,0.006770,0.004100,0.005270,0.003986,0.003876,0.003544,0.002593,-137.84,120.24,148.01,61.74,85.36,-10.67,37.67,-68.60,-15.46,-120.54,-63.88,-170.64,-112.33,142.00,-157.42,0.0130,0.0040,0.0056,0.0042,0.0020,0.0041,0.0039,0.0028,0.0018,0.0040,0.0047,0.0048,0.0006,0.0064,0.0046
2026-08-05 09:03:29.028,3.766667,7,16,0.016743,-0.0004,162.66,0,0,0,60.0000,0.259,1.18070,0,0,0,0,0,0.003468,0.000568,0.006690,0.001761,0.006637,0.002740,0.006682,0.003335,0.005682,0.003881,0.004547,0.003926,0.003579,0.003611,0.002332,-162.66,51.31,82.30,-39.90,-23.49,-156.45,-116.88,107.60,145.93,16.34,54.63,-80.52,-40.33,-171.54,-132.41,0.0130,0.0040,0.0056,0.0042,0.0020,0.0041,0.0039,0.0028,0.0018,0.0040,0.0047,0.0048,0.0006,0.0064,0.0046
2026-08-05 09:03:29.028,3.783333,7,17,0.015276,0.0000,50.97,0,0,0,60.0000,0.259,1.18070,0,0,0,0,0,0.002993,0.000757,0.005862,0.001641,0.006112,0.001934,0.005948,0.002784,0.005370,0.003214,0.004555,0.003149,0.003628,0.003179,0.002756,-50.97,-28.67,71.18,74.24,-166.76,-172.25,-28.87,-36.27,107.79,96.17,-114.35,-126.02,25.25,11.45,165.41,0.0130,0.0040,0.0056,0.0042,0.0020,0.0041,0.0039,0.0028,0.0018,0.0040,0.0047,0.0048,0.0006,0.0064,0.0046
2026-08-05 09:03:29.028,3.800000,7,18,0.014372,-0.0004,90.81,0,0,0,60.0000,0.259,1.18070,0,0,0,0,0,0.002721,0.000640,0.005434,0.001568,0.005678,0.002126,0.005338,0.003043,0.004797,0.003417,0.003929,0.003367,0.003047,0.003439,0.002203,-90.81,-163.13,-46.52,-116.99,-4.04,-71.25,56.16,-6.73,113.67,50.83,170.60,111.82,-129.81,172.71,-72.45,0.0130,0.0040,0.0056,0.0042,0.0020,0.0041,0.0039,0.0028,0.0018,0.0040,0.0047,0.0048,0.0006,0.0064,0.0046
2026-08-05 09:03:29.028,3.816667,7,19,0.015854,0.0001,-115.45,0,0,0,60.0000,0.259,1.18070,0,0,0,0,0,0.003082,0.000748,0.006199,0.001906,0.006299,0.002638,0.005904,0.003545,0.005267,0.003945,0.004148,0.003866,0.003137,0.003795,0.002121,115.45,-135.54,-150.59,-27.29,-56.20,73.99,54.21,-170.43,162.44,-60.29,-89.58,52.24,20.68,162.69,128.25,0.0130,0.0040,0.0056,0.0042,0.0020,0.0041,0.0039,0.0028,0.0018,0.0040,0.0047,0.0048,0.0006,0.0064,0.0046
2026-08-05 09:03:29.028,3.833333,7,20,0.017331,0.0002,71.15,0,0,0,60.0000,0.259,1.18070,0,0,0,0,0,0.003475,0.000964,0.006960,0.001970,0.007319,0.002412,0.006892,0.003304,0.006009,0.003683,0.004707,0.003811,0.003482,0.003775,0.002582,-71.15,-102.86,1.03,-39.88,75.62,33.75,164.95,127.06,-107.09,-143.50,-17.42,-51.60,77.72,38.47,170.92,0.0130,0.0040,0.0056,0.0042,0.0020,0.0041,0.0039,0.0028,0.0018,0.0040,0.0047,0.0048,0.0006,0.0064,0.0046
2026-08-05 09:03:29.028,3.850000,7,21,0.016436,-0.0001,-113.92,0,0,0,60.0000,0.259,1.18070,0,0,0,0,0,0.003329,0.000725,0.006445,0.001721,0.006743,0.002219,0.006431,0.003136,0.005810,0.003454,0.004789,0.003470,0.003701,0.003427,0.002824,113.92,-82.52,-157.79,-3.96,-68.56,83.37,37.08,-173.06,140.42,-72.14,-115.24,33.93,-9.17,138.17,96.42,0.0130,0.0040,0.0056,0.0042,0.0020,0.0041,0.0039,0.0028,0.0018,0.0040,0.0047,0.0048,0.0006,0.0064,0.0046
2026-08-05 09:03:29.028,3.866667,7,22,0.015847,0.0003,-2.61,0,0,0,60.0000,0.259,1.18070,0,0,0,0,0,0.003098,0.000846,0.006132,0.001827,0.006403,0.002266,0.006114,0.003173,0.005497,0.003538,0.004429,0.003556,0.003445,0.003538,0.002554,2.61,70.73,-131.88,-82.88,94.71,141.33,-21.91,20.57,-141.02,-101.18,100.60,140.95,-16.40,23.73,-132.93,0.0130,0.0040,0.0056,0.0042,0.0020,0.0041,0.0039,0.0028,0.0018,0.0040,0.0047,0.0048,0.0006,0.0064,0.0046
2026-08-05 09:03:29.028,3.883333,7,23,0.014927,-0.0001,-172.84,0,0,0,60.0000,0.259,1.18070,0,0,0,0,0,0.003323,0.001311,0.006163,0.001641,0.006141,0.001401,0.005498,0.002260,0.004674,0.002923,0.003725,0.003322,0.003113,0.003439,0.002671,172.84,85.56,45.13,-62.15,-88.94,144.57,152.68,6.54,27.47,-124.04,-98.32,115.78,134.83,0.08,12.71,0.0130,0.0040,0.0056,0.0042,0.0020,0.0041,0.0039,0.0028,0.0018,0.0040,0.0047,0.0048,0.0006,0.0064,0.0046
2026-08-05 09:03:29.028,3.900000,7,24,0.017049,-0.0002,93.67,0,0,0,60.0000,0.259,1.18070,0,0,0,0,0,0.004699,0.003139,0.007722,0.003013,0.007318,0.001786,0.006231,0.000488,0.004624,0.001146,0.002694,0.002493,0.001296,0.003353,0.000944,-93.67,-57.76,3.87,37.99,91.54,143.78,-167.59,-151.16,-72.45,172.11,21.52,-89.69,98.46,11.60,133.23,0.0130,0.0040,0.0056,0.0042,0.0020,0.0041,0.0039,0.0028,0.0018,0.0040,0.0047,0.0048,0.0006,0.0064,0.0046
2026-08-05 09:03:29.028,3.916667,7,25,0.018297,-0.0001,42.39,0,0,0,60.0000,0.259,1.18070,0,0,0,0,0,0.003910,0.001438,0.007888,0.001986,0.007707,0.003020,0.007236,0.003363,0.006026,0.004046,0.004577,0.004130,0.003425,0.003991,0.002340,-42.39,63.68,51.02,179.15,158.02,-52.42,-80.77,74.44,39.68,-160.31,165.10,-36.97,-68.36,87.35,57.15,0.0130,0.0040,0.0056,0.0042,0.0020,0.0041,0.0039,0.0028,0.0018,0.0040,0.0047,0.0048,0.0006,0.0064,0.0046
2026-08-05 09:03:29.028,3.933333,7,26,0.014628,-0.0001,143.53,0,0,0,60.0000,0.259,1.18070,0,0,0,0,0,0.003191,0.001263,0.005980,0.001220,0.005413,0.002210,0.005120,0.002781,0.004600,0.003580,0.003945,0.003652,0.003292,0.003339,0.002407,-143.53,-161.12,107.15,116.60,10.63,64.44,-64.15,-11.22,-140.92,-90.71,143.75,-172.90,65.56,111.25,-16.51,0.0130,0.0040,0.0056,0.0042,0.0020,0.0041,0.0039,0.0028,0.0018,0.0040,0.0047,0.0048,0.0006,0.0064,0.0046
2026-08-05 09:03:29.028,3.950000,7,27,0.014043,-0.0000,7.87,0,0,0,60.0000,0.259,1.18070,0,0,0,0,0,0.002726,0.000808,0.005496,0.001236,0.005060,0.002491,0.005269,0.002902,0.004690,0.003190,0.003867,0.003415,0.002928,0.003327,0.002147,-7.87,129.99,-178.27,3.81,19.85,-142.50,-124.66,65.68,84.71,-80.49,-62.61,132.85,151.09,-11.17,4.44,0.0130,0.0040,0.0056,0.0042,0.0020,0.0041,0.0039,0.0028,0.0018,0.0040,0.0047,0.0048,0.0006,0.0064,0.0046
2026-08-05 09:03:29.028,3.966667,7,28,0.014022,-0.0001,154.97,0,0,0,60.0000,0.259,1.18070,0,0,0,0,0,0.002824,0.000574,0.005425,0.001207,0.005314,0.002304,0.005438,0.002470,0.004846,0.003015,0.004044,0.003143,0.003310,0.002948,0.002362,-154.97,-149.53,109.29,144.64,19.63,66.15,-56.10,-11.66,-134.75,-84.87,152.75,-163.49,77.39,122.82,2.73,0.0130,0.0040,0.0056,0.0042,0.0020,0.0041,0.0039,0.0028,0.0018,0.0040,0.0047,0.0048,0.0006,0.0064,0.0046
2026-08-05 09:03:29.028,3.983333,7,29,0.016817,0.0008,-8.53,0,0,0,60.0000,0.259,1.18070,0,0,0,0,0,0.003327,0.000998,0.006654,0.002466,0.006244,0.003027,0.006286,0.003761,0.005583,0.004466,0.004050,0.004024,0.003258,0.004195,0.002182,8.53,-179.88,-124.82,52.98,110.62,-58.48,0.38,-157.46,-116.82,84.65,133.97,-24.91,24.95,-130.11,-95.21,0.0130,0.0040,0.0056,0.0042,0.0020,0.0041,0.0039,0.0028,0.0018,0.0040,0.0047,0.0048,0.0006,0.0064,0.0046
2026-08-05 09:03:29.264,4.000000,8,0,0.016206,0.0002,86.58,0,0,0,60.0000,0.259,1.97984,0,0,0,0,0,0.003134,0.000689,0.006330,0.001567,0.006487,0.002468,0.006218,0.003029,0.005774,0.003425,0.004642,0.003561,0.003708,0.003467,0.002755,-86.58,56.39,-39.67,82.43,7.54,140.86,70.63,-158.40,133.42,-100.60,-163.90,-36.37,-96.80,27.13,-34.50,0.0131,0.0086,0.0137,0.0067,0.0057,0.0007,0.0056,0.0062,0.0053,0.0083,0.0039,0.0057,0.0066,0.0066,0.0053
2026-08-05 09:03:29.264,4.016667,8,1,0.014644,-0.0002,177.20,0,0,0,60.0000,0.259,1.97984,0,0,0,0,0,0.002875,0.000537,0.005633,0.001501,0.005857,0.002253,0.005458,0.002896,0.005182,0.003187,0.004082,0.003363,0.003251,0.003223,0.002427,-177.20,-163.73,54.08,68.53,-75.35,-43.89,170.80,-157.94,56.74,85.77,-57.28,-27.80,-168.80,-139.28,77.73,0.0131,0.0086,0.0137,0.0067,0.0057,0.0007,0.0056,0.0062,0.0053,0.0083,0.0039,0.0057,0.0066,0.0066,0.0053
2026-08-05 09:03:29.264,4.033333,8,2,0.014342,-0.0002,-175.73,0,0,0,60.0000,0.259,1.97984,0,0,0,0,0,0.002814,0.000667,0.005404,0.001749,0.005556,0.002311,0.005307,0.002857,0.004932,0.003264,0.004004,0.003362,0.003024,0.003272,0.002349,175.73,154.39,34.87,22.38,-110.32,-97.05,123.92,136.99,-5.94,10.30,-133.40,-115.24,101.94,118.71,-29.02,0.0131,0.0086,0.0137,0.0067,0.0057,0.0007,0.0056,0.0062,0.0053,0.0083,0.0039,0.0057,0.0066,0.0066,0.0053
2026-08-05 09:03:29.264,4.050000,8,3,0.014436,-0.0000,140.36,0,0,0,60.0000,0.259,1.97984,0,0,0,0,0,0.002817,0.000611,0.005390,0.001734,0.005719,0.002268,0.005304,0.002899,0.004938,0.003305,0.004011,0.003360,0.003094,0.003397,0.002396,-140.36,-105.27,161.84,-160.54,101.89,163.53,61.33,119.44,16.73,77.11,-25.57,34.89,-64.07,-5.76,-107.51,0.0131,0.0086,0.0137,0.0067,0.0057,0.0007,0.0056,0.0062,0.0053,0.0083,0.0039,0.0057,0.0066,0.0066,0.0053
2026-08-05 09:03:29.264,4.066667,8,4,0.013041,-0.0001,37.18,0,0,0,60.0000,0.259,1.97984,0,0,0,0,0,0.002448,0.000834,0.004637,0.001832,0.005052,0.002163,0.004576,0.002807,0.004164,0.003249,0.003366,0.003342,0.002571,0.003335,0.001891,-37.18,74.66,112.69,-116.61,-101.07,57.94,66.52,-138.24,-132.25,27.72,31.62,-164.31,-163.58,2.94,0.72,0.0131,0.0086,0.0137,0.0067,0.0057,0.0007,0.0056,0.0062,0.0053,0.0083,0.0039,0.0057,0.0066,0.0066,0.0053
2026-08-05 09:03:29.264,4.083333,8,5,0.013405,0.0004,20.86,0,0,0,60.0000,0.259,1.97984,0,0,0,0,0,0.002769,0.000899,0.005251,0.001703,0.005267,0.002105,0.004690,0.002798,0.003910,0.003371,0.002910,0.003655,0.002147,0.003677,0.001702,-20.86,134.15,-179.96,-28.05,14.74,-176.78,-131.88,30.07,73.74,-121.09,-79.72,94.10,124.51,-51.28,-34.00,0.0131,0.0086,0.0137,0.0067,0.0057,0.0007,0.0056,0.0062,0.0053,0.0083,0.0039,0.0057,0.0066,0.0066,0.0053
2026-08-05 09:03:29.264,4.100000,8,6,0.017491,-0.0005,-162.02,0,0,0,60.0000,0.259,1.97984,0,0,0,0,0,0.004830,0.002107,0.007915,0.001278,0.007653,0.000424,0.006379,0.001153,0.004702,0.002562,0.002725,0.003626,0.001101,0.004325,0.000204,162.02,-107.71,52.14,134.57,-66.18,12.22,-171.41,137.71,78.12,23.75,-27.93,-84.34,-132.58,168.05,-55.67,0.0131,0.0086,0.0137,0.0067,0.0057,0.0007,0.0056,0.0062,0.0053,0.0083,0.0039,0.0057,0.0066,0.0066,0.0053
2026-08-05 09:03:29.264,4.116667,8,7,0.014893,0.0000,144.59,0,0,0,60.0000,0.259,1.97984,0,0,0,0,0,0.003198,0.001337,0.006274,0.001319,0.006074,0.001538,0.005884,0.002065,0.004999,0.002650,0.003984,0.002956,0.003171,0.003087,0.002335,-144.59,44.03,74.89,-61.28,-47.45,-174.96,-150.83,89.11,102.58,-9.38,2.97,-113.79,-94.34,141.78,170.07,0.0131,0.0086,0.0137,0.0067,0.0057,0.0007,0.0056,0.0062,0.0053,0.0083,0.0039,0.0057,0.0066,0.0066,0.0053
2026-08-05 09:03:29.264,4.133333,8,8,0.014248,0.0010,-30.91,0,0,0,60.0000,0.259,1.97984,0,0,0,0,0,0.003060,0.000439,0.005322,0.001443,0.005704,0.001484,0.005085,0.002736,0.005100,0.002678,0.003997,0.003277,0.003802,0.002753,0.002570,30.91,75.98,-78.47,-2.64,-175.43,-103.73,105.52,168.96,22.69,85.79,-56.03,-2.39,-138.31,-79.80,142.19,0.0131,0.0086,0.0137,0.0067,0.0057,0.0007,0.0056,0.0062,0.0053,0.0083,0.0039,0.0057,0.0066,0.0066,0.0053
2026-08-05 09:03:29.264,4.150000,8,9,0.014022,0.0000,170.51,0,0,0,60.0000,0.259,1.97984,0,0,0,0,0,0.002811,0.000483,0.005482,0.001221,0.005388,0.001905,0.005417,0.002581,0.004957,0.002823,0.004071,0.002959,0.003334,0.003037,0.002503,-170.51,37.43,55.52,-71.04,-71.41,154.08,-179.34,36.83,64.59,-75.31,-46.52,173.41,-156.28,62.05,91.70,0.0131,0.0086,0.0137,0.0067,0.0057,0.0007,0.0056,0.0062,0.0053,0.0083,0.0039,0.0057,0.0066,0.0066,0.0053
2026-08-05 09:03:29.264,4.166667,8,10,0.014733,0.0000,-51.66,0,0,0,60.0000,0.259,1.97984,0,0,0,0,0,0.002871,0.000604,0.005676,0.001562,0.005759,0.001984,0.005789,0.002483,0.005213,0.002966,0.004326,0.002973,0.003717,0.002898,0.002761,51.66,-176.64,14.85,131.97,-19.04,84.19,-37.11,59.45,-58.59,38.54,-76.37,14.53,-94.62,-3.85,-112.00,0.0131,0.0086,0.0137,0.0067,0.0057,0.0007,0.0056,0.0062,0.0053,0.0083,0.0039,0.0057,0.0066,0.0066,0.0053
2026-08-05 09:03:29.264,4.183333,8,11,0.013968,-0.0004,-169.69,0,0,0,60.0000,0.259,1.97984,0,0,0,0,0,0.002599,0.000519,0.005268,0.001526,0.005400,0.002171,0.005089,0.002990,0.004580,0.003452,0.003715,0.003397,0.002833,0.003480,0.002054,169.69,-2.87,11.05,-156.19,-147.53,47.36,71.94,-91.12,-72.41,124.52,143.51,-16.70,2.76,-156.58,-142.10,0.0131,0.0086,0.0137,0.0067,0.0057,0.0007,0.0056,0.0062,0.0053,0.0083,0.0039,0.0057,0.0066,0.0066,0.0053
2026-08-05 09:03:29.264,4.200000,8,12,0.013935,0.0004,-106.55,0,0,0,60.0000,0.259,1.97984,0,0,0,0,0,0.002562,0.000537,0.005152,0.001440,0.005393,0.001868,0.005143,0.002733,0.004754,0.003118,0.003955,0.003141,0.003227,0.003195,0.002436,106.55,-103.76,-170.88,-31.24,-91.64,47.46,5.77,145.67,100.25,-120.85,-164.34,-23.89,-66.29,74.68,26.85,0.0131,0.0086,0.0137,0.0067,0.0057,0.0007,0.0056,0.0062,0.0053,0.0083,0.0039,0.0057,0.0066,0.0066,0.0053
2026-08-05 09:03:29.264,4.216667,8,13,0.013697,0.0001,105.07,0,0,0,60.0000,0.259,1.97984,0,0,0,0,0,0.002514,0.000545,0.005072,0.001389,0.005387,0.001733,0.005065,0.002596,0.004780,0.002955,0.003943,0.003022,0.003225,0.003100,0.002468,-105.07,-155.42,-90.63,-156.69,-78.15,-146.05,-46.54,-114.81,-18.30,-89.79,9.47,-58.63,41.33,-28.24,69.43,0.0131,0.0086,0.0137,0.0067,0.0057,0.0007,0.0056,0.0062,0.0053,0.0083,0.0039,0.0057,0.0066,0.0066,0.0053
2026-08-05 09:03:29.264,4.233333,8,14,0.014996,0.0006,-116.30,0,0,0,60.0000,0.259,1.97984,0,0,0,0,0,0.002960,0.000764,0.005711,0.001741,0.005925,0.002406,0.005568,0.003277,0.004966,0.003697,0.003908,0.003677,0.002954,0.003600,0.002136,116.30,-136.22,-149.21,-26.17,-55.57,74.75,55.66,-167.85,164.11,-58.91,-87.43,54.84,23.67,166.53,131.84,0.0131,0.0086,0.0137,0.0067,0.0057,0.0007,0.0056,0.0062,0.0053,0.0083,0.0039,0.0057,0.0066,0.0066,0.0053
2026-08-05 09:03:29.264,4.250000,8,15,0.018295,-0.0006,8.98,0,0,0,60.0000,0.259,1.97984,0,0,0,0,0,0.003733,0.001043,0.007386,0.002574,0.007468,0.003519,0.006864,0.004479,0.005863,0.004850,0.004299,0.004698,0.002972,0.004325,0.001835,-8.98,-31.99,-170.93,-178.78,30.82,33.52,-112.55,-105.13,101.31,111.21,-43.72,-29.71,173.11,-171.67,22.54,0.0131,0.0086,0.0137,0.0067,0.0057,0.0007,0.0056,0.0062,0.0053,0.0083,0.0039,0.0057,0.0066,0.0066,0.0053
2026-08-05 09:03:29.264,4.266667,8,16,0.014522,0.0006,-9.30,0,0,0,60.0000,0.259,1.97984,0,0,0,0,0,0.003104,0.000776,0.004944,0.001817,0.005901,0.001985,0.005359,0.002614,0.004770,0.003348,0.004426,0.002978,0.003108,0.003366,0.002756,9.30,123.19,-103.57,-45.21,135.73,-145.31,43.97,94.63,-64.42,-3.87,-160.12,-104.88,101.96,150.06,-3.20,0.0131,0.0086,0.0137,0.0067,0.0057,0.0007,0.0056,0.0062,0.0053,0.0083,0.0039,0.0057,0.0066,0.0066,0.0053
2026-08-05 09:03:29.264,4.283333,8,17,0.014041,0.0005,-94.76,0,0,0,60.0000,0.259,1.97984,0,0,0,0,0,0.003004,0.001316,0.005523,0.001540,0.005474,0.001152,0.004919,0.001811,0.004217,0.002481,0.003300,0.003091,0.002936,0.003498,0.002701,94.76,-63.27,176.66,1.25,-110.38,53.25,-20.94,117.08,61.51,-167.92,140.69,-82.24,-138.86,10.72,-56.21,0.0131,0.0086,0.0137,0.0067,0.0057,0.0007,0.0056,0.0062,0.0053,0.0083,0.0039,0.0057,0.0066,0.0066,0.0053
2026-08-05 09:03:29.264,4.300000,8,18,0.017976,-0.0001,98.96,0,0,0,60.0000,0.259,1.97984,0,0,0,0,0,0.004814,0.002722,0.007869,0.002414,0.007396,0.000904,0.006182,0.000565,0.004290,0.002266,0.002174,0.003592,0.000544,0.004526,0.000968,-98.96,-75.16,-16.22,7.95,58.89,106.73,145.06,25.41,-131.01,95.78,-50.53,-177.71,1.02,-89.75,-19.31,0.0131,0.0086,0.0137,0.0067,0.0057,0.0007,0.0056,0.0062,0.0053,0.0083,0.0039,0.0057,0.0066,0.0066,0.0053
2026-08-05 09:03:29.264,4.316667,8,19,0.017678,-0.0001,139.73,0,0,0,60.0000,0.259,1.97984,0,0,0,0,0,0.003839,0.001562,0.007641,0.001965,0.007358,0.002758,0.006990,0.002928,0.005915,0.003594,0.004632,0.003727,0.003604,0.003674,0.002626,-139.73,-146.93,115.80,127.20,25.12,63.55,-50.59,-3.85,-126.56,-73.07,163.17,-146.40,93.27,141.32,22.88,0.0131,0.0086,0.0137,0.0067,0.0057,0.0007,0.0056,0.0062,0.0053,0.0083,0.0039,0.0057,0.0066,0.0066,0.0053
2026-08-05 09:03:29.264,4.333333,8,20,0.016703,0.0003,114.96,0,0,0,60.0000,0.259,1.97984,0,0,0,0,0,0.003630,0.001415,0.006999,0.001632,0.006446,0.002870,0.006140,0.003471,0.005384,0.004139,0.004415,0.004105,0.003532,0.003629,0.002231,-114.96,-98.32,-156.71,-111.72,174.97,-107.55,163.38,-118.71,150.36,-132.90,138.20,-148.73,124.04,-158.77,105.72,0.0131,0.0086,0.0137,0.0067,0.0057,0.0007,0.0056,0.0062,0.0053,0.0083,0.0039,0.0057,0.0066,0.0066,0.0053
2026-08-05 09:03:29.264,4.350000,8,21,0.016896,-0.0002,86.93,0,0,0,60.0000,0.259,1.97984,0,0,0,0,0,0.003621,0.001313,0.006904,0.001926,0.006489,0.003422,0.006435,0.003795,0.005563,0.004126,0.004222,0.004088,0.003076,0.003927,0.002047,-86.93,-39.35,-58.71,21.49,-18.55,83.34,34.55,135.09,83.84,-170.06,136.03,-115.29,-169.85,-60.17,-120.12,0.0131,0.0086,0.0137,0.0067,0.0057,0.0007,0.0056,0.0062,0.0053,0.0083,0.0039,0.0057,0.0066,0.0066,0.0053
2026-08-05 09:03:29.264,4.366667,8,22,0.017355,-0.0002,136.58,0,0,0,60.0000,0.259,1.97984,0,0,0,0,0,0.003724,0.000783,0.007083,0.001761,0.006949,0.003130,0.006925,0.003342,0.005932,0.003998,0.004790,0.003931,0.003630,0.003550,0.002338,-136.58,-117.85,160.45,-148.11,106.21,166.26,62.39,124.65,18.56,83.97,-22.05,40.83,-63.59,2.23,-104.08,0.0131,0.0086,0.0137,0.0067,0.0057,0.0007,0.0056,0.0062,0.0053,0.0083,0.0039,0.0057,0.0066,0.0066,0.0053
2026-08-05 09:03:29.264,4.383333,8,23,0.017306,0.0002,129.89,0,0,0,60.0000,0.259,1.97984,0,0,0,0,0,0.003487,0.000719,0.007033,0.001773,0.007133,0.002807,0.006794,0.003377,0.006135,0.003746,0.004926,0.003640,0.003738,0.003608,0.002736,-129.89,-62.13,-176.01,-111.63,142.20,-141.81,113.92,-167.72,86.49,160.06,58.04,135.06,33.76,107.76,5.25,0.0131,0.0086,0.0137,0.0067,0.0057,0.0007,0.0056,0.0062,0.0053,0.0083,0.0039,0.0057,0.0066,0.0066,0.0053
2026-08-05 09:03:29.264,4.400000,8,24,0.018694,0.0000,23.93,0,0,0,60.0000,0.259,1.97984,0,0,0,0,0,0.003868,0.000993,0.007645,0.002337,0.007655,0.003422,0.007152,0.004144,0.006353,0.004555,0.004830,0.004436,0.003478,0.004127,0.002256,-23.93,119.82,146.12,-59.73,-42.05,131.91,144.09,-39.19,-30.01,146.65,155.86,-23.44,-15.67,165.25,167.76,0.0131,0.0086,0.0137,0.0067,0.0057,0.0007,0.0056,0.0062,0.0053,0.0083,0.0039,0.0057,0.0066,0.0066,0.0053
2026-08-05 09:03:29.264,4.416667,8,25,0.017742,0.0013,-88.36,0,0,0,60.0000,0.259,1.97984,0,0,0,0,0,0.003993,0.000685,0.007607,0.002269,0.007303,0.003149,0.006607,0.003502,0.006054,0.003382,0.004962,0.003402,0.004111,0.003456,0.002931,88.36,14.39,137.68,67.86,-176.03,132.37,-118.13,-166.79,-62.56,-113.99,-4.27,-60.29,59.45,-1.95,126.37,0.0131,0.0086,0.0137,0.0067,0.0057,0.0007,0.0056,0.0062,0.0053,0.0083,0.0039,0.0057,0.0066,0.0066,0.0053
2026-08-05 09:03:29.264,4.433333,8,26,0.016241,-0.0002,122.50,0,0,0,60.0000,0.259,1.97984,0,0,0,0,0,0.003299,0.000589,0.006445,0.001716,0.006716,0.002472,0.006256,0.003172,0.005775,0.003533,0.004639,0.003475,0.003560,0.003389,0.002568,-122.50,-41.47,-145.50,-77.85,-169.16,-81.76,-175.82,-91.94,174.62,-100.82,168.12,-107.72,163.74,-115.43,155.15,0.0131,0.0086,0.0137,0.0067,0.0057,0.0007,0.0056,0.0062,0.0053,0.0083,0.0039,0.0057,0.0066,0.0066,0.0053
2026-08-05 09:03:29.264,4.450000,8,27,0.013784,0.0001,124.23,0,0,0,60.0000,0.259,1.97984,0,0,0,0,0,0.002638,0.000519,0.005123,0.001530,0.005383,0.002100,0.005045,0.002701,0.004778,0.003091,0.003930,0.003127,0.003075,0.003195,0.002350,-124.23,-70.68,-137.87,-79.71,-158.66,-77.44,-159.49,-78.65,-164.54,-83.17,-166.32,-83.08,-166.61,-85.76,-170.35,0.0131,0.0086,0.0137,0.0067,0.0057,0.0007,0.0056,0.0062,0.0053,0.0083,0.0039,0.0057,0.0066,0.0066,0.0053
2026-08-05 09:03:29.264,4.466667,8,28,0.014574,0.0002,109.85,0,0,0,60.0000,0.259,1.97984,0,0,0,0,0,0.002670,0.000748,0.005381,0.001899,0.005776,0.002474,0.005287,0.003101,0.004780,0.003537,0.003814,0.003662,0.002968,0.003615,0.002175,-109.85,-58.53,-103.64,-35.17,-98.45,-8.56,-74.81,12.46,-55.86,33.31,-35.47,57.12,-12.43,80.52,8.17,0.0131,0.0086,0.0137,0.0067,0.0057,0.0007,0.0056,0.0062,0.0053,0.0083,0.0039,0.0057,0.0066,0.0066,0.0053
2026-08-05 09:03:29.264,4.483333,8,29,0.016586,0.0002,55.02,0,0,0,60.0000,0.259,1.97984,0,0,0,0,0,0.003853,0.001207,0.007161,0.001266,0.007126,0.001407,0.006048,0.002095,0.004968,0.003097,0.003598,0.003755,0.002803,0.004014,0.002515,-55.02,156.64,87.58,-88.95,-134.74,35.35,16.07,157.11,159.72,-59.46,-59.22,90.23,78.52,-114.70,-144.74,0.0131,0.0086,0.0137,0.0067,0.0057,0.0007,0.0056,0.0062,0.0053,0.0083,0.0039,0.0057,0.0066,0.0066,0.0053
2026-08-05 09:03:29.525,4.500000,9,0,0.020618,0.0002,70.01,0,0,0,60.0000,0.254,1.86475,0,0,0,0,0,0.005498,0.001995,0.009435,0.000790,0.008813,0.000585,0.007028,0.002484,0.004634,0.004222,0.002136,0.005299,0.000541,0.005802,0.001158,-70.01,143.16,61.57,-78.73,-171.40,-146.68,-31.54,10.67,104.68,153.23,-110.42,-67.74,80.00,71.83,-52.10,0.0141,0.0154,0.0101,0.0034,0.0066,0.0026,0.0036,0.0052,0.0067,0.0031,0.0020,0.0018,0.0037,0.0129,0.0020
2026-08-05 09:03:29.525,4.516667,9,1,0.017907,0.0006,-39.53,0,0,0,60.0000,0.254,1.86475,0,0,0,0,0,0.004213,0.001756,0.007987,0.001584,0.007726,0.001981,0.007166,0.002711,0.005809,0.003419,0.004446,0.003816,0.003435,0.003711,0.002564,39.53,39.00,-88.03,-56.85,162.53,-148.61,70.62,129.42,-22.94,43.39,-107.79,-50.09,168.72,-141.57,85.54,0.0141,0.0154,0.0101,0.0034,0.0066,0.0026,0.0036,0.0052,0.0067,0.0031,0.0020,0.0018,0.0037,0.0129,0.0020
2026-08-05 09:03:29.525,4.533333,9,2,0.016042,-0.0003,17.00,0,0,0,60.0000,0.254,1.86475,0,0,0,0,0,0.003456,0.000805,0.006709,0.001325,0.006463,0.002202,0.006072,0.003119,0.005498,0.003574,0.004620,0.003546,0.003668,0.003123,0.002559,-17.00,-32.81,144.53,163.41,-43.83,-23.72,148.12,161.52,-25.85,-14.93,163.04,170.53,-10.99,-0.31,175.32,0.0141,0.0154,0.0101,0.0034,0.0066,0.0026,0.0036,0.0052,0.0067,0.0031,0.0020,0.0018,0.0037,0.0129,0.0020
2026-08-05 09:03:29.525,4.550000,9,3,0.016612,0.0001,-94.06,0,0,0,60.0000,0.254,1.86475,0,0,0,0,0,0.003492,0.000682,0.006720,0.001677,0.006525,0.002473,0.006598,0.003219,0.005867,0.003539,0.004682,0.003640,0.003688,0.003420,0.002691,94.06,-132.10,124.88,-88.63,166.11,-58.03,-136.54,-12.97,-85.47,41.88,-29.49,95.46,27.52,149.58,84.17,0.0141,0.0154,0.0101,0.0034,0.0066,0.0026,0.0036,0.0052,0.0067,0.0031,0.0020,0.0018,0.0037,0.0129,0.0020
2026-08-05 09:03:29.525,4.566667,9,4,0.014874,-0.0011,-130.03,0,0,0,60.0000,0.254,1.86475,0,0,0,0,0,0.003202,0.001052,0.005762,0.001812,0.005662,0.002175,0.005675,0.002384,0.005071,0.002697,0.004538,0.002845,0.003948,0.002841,0.003006,130.03,-44.46,-93.08,95.08,46.41,-140.89,-157.24,10.69,-5.78,168.89,151.09,-37.46,-58.49,118.77,92.06,0.0141,0.0154,0.0101,0.0034,0.0066,0.0026,0.0036,0.0052,0.0067,0.0031,0.0020,0.0018,0.0037,0.0129,0.0020
2026-08-05 09:03:29.525,4.583333,9,5,0.014845,-0.0000,-130.28,0,0,0,60.0000,0.254,1.86475,0,0,0,0,0,0.002888,0.000624,0.005619,0.001464,0.005920,0.001965,0.005654,0.002805,0.005162,0.003165,0.004339,0.003240,0.003383,0.003311,0.002599,130.28,-56.07,-109.35,58.77,11.23,175.45,149.96,-46.98,-74.56,87.06,62.36,-133.61,-159.50,4.21,-21.51,0.0141,0.0154,0.0101,0.0034,0.0066,0.0026,0.0036,0.0052,0.0067,0.0031,0.0020,0.0018,0.0037,0.0129,0.0020
2026-08-05 09:03:29.525,4.600000,9,6,0.015098,0.0003,161.15,0,0,0,60.0000,0.254,1.86475,0,0,0,0,0,0.002903,0.000602,0.005785,0.001519,0.006134,0.002037,0.005778,0.002912,0.005283,0.003270,0.004289,0.003356,0.003324,0.003326,0.002548,-161.15,85.60,97.18,-28.90,-3.68,-131.18,-87.50,143.97,-174.30,55.13,100.17,-26.94,16.23,-112.84,-66.91,0.0141,0.0154,0.0101,0.0034,0.0066,0.0026,0.0036,0.0052,0.0067,0.0031,0.0020,0.0018,0.0037,0.0129,0.0020
2026-08-05 09:03:29.525,4.616667,9,7,0.014755,0.0003,66.25,0,0,0,60.0000,0.254,1.86475,0,0,0,0,0,0.002797,0.000595,0.005553,0.001635,0.005782,0.002212,0.005509,0.003160,0.004923,0.003535,0.003961,0.003533,0.003092,0.003567,0.002190,-66.25,-105.87,25.17,-17.21,115.82,75.11,-135.52,-174.33,-30.63,-68.16,74.62,39.81,-177.76,148.24,-71.06,0.0141,0.0154,0.0101,0.0034,0.0066,0.0026,0.0036,0.0052,0.0067,0.0031,0.0020,0.0018,0.0037,0.0129,0.0020
2026-08-05 09:03:29.525,4.633333,9,8,0.014931,-0.0001,-82.64,0,0,0,60.0000,0.254,1.86475,0,0,0,0,0,0.002873,0.000521,0.005627,0.001539,0.005934,0.002044,0.005633,0.002951,0.005109,0.003332,0.004230,0.003392,0.003341,0.003497,0.002464,82.64,-152.18,112.20,-128.54,141.16,-102.38,-172.76,-56.04,-128.97,-14.50,-85.39,31.97,-37.96,78.31,6.97,0.0141,0.0154,0.0101,0.0034,0.0066,0.0026,0.0036,0.0052,0.0067,0.0031,0.0020,0.0018,0.0037,0.0129,0.0020
2026-08-05 09:03:29.525,4.650000,9,9,0.014448,-0.0002,123.26,0,0,0,60.0000,0.254,1.86475,0,0,0,0,0,0.002848,0.000600,0.005414,0.001467,0.005758,0.001849,0.005519,0.002673,0.005058,0.002976,0.004199,0.003121,0.003396,0.003129,0.002621,-123.26,179.05,-144.24,136.97,-167.18,109.68,-172.35,104.08,-179.86,92.11,174.13,87.25,168.43,81.19,161.39,0.0141,0.0154,0.0101,0.0034,0.0066,0.0026,0.0036,0.0052,0.0067,0.0031,0.0020,0.0018,0.0037,0.0129,0.0020
2026-08-05 09:03:29.525,4.666667,9,10,0.014188,-0.0001,86.11,0,0,0,60.0000,0.254,1.86475,0,0,0,0,0,0.002753,0.000670,0.005241,0.001488,0.005598,0.001850,0.005423,0.002586,0.004926,0.002985,0.004084,0.003095,0.003337,0.003150,0.002652,-86.11,-113.53,-34.12,-73.48,15.79,-29.83,84.43,38.07,150.70,100.79,-142.47,168.23,-75.10,-124.24,-6.88,0.0141,0.0154,0.0101,0.0034,0.0066,0.0026,0.0036,0.0052,0.0067,0.0031,0.0020,0.0018,0.0037,0.0129,0.0020
2026-08-05 09:03:29.525,4.683333,9,11,0.014995,0.0001,83.37,0,0,0,60.0000,0.254,1.86475,0,0,0,0,0,0.003412,0.001671,0.005980,0.001712,0.005890,0.001072,0.005134,0.001820,0.004085,0.002600,0.003154,0.003422,0.002603,0.003906,0.002511,-83.37,-55.98,8.66,22.20,93.87,85.84,-167.86,147.20,-76.30,-133.19,8.75,-36.28,92.66,64.93,178.96,0.0141,0.0154,0.0101,0.0034,0.0066,0.0026,0.0036,0.0052,0.0067,0.0031,0.0020,0.0018,0.0037,0.0129,0.0020
2026-08-05 09:03:29.525,4.700000,9,12,0.015917,-0.0004,-170.48,0,0,0,60.0000,0.254,1.86475,0,0,0,0,0,0.003829,0.002154,0.006661,0.002141,0.006216,0.000909,0.005246,0.000374,0.003689,0.001719,0.001874,0.002949,0.000445,0.003892,0.000759,170.48,103.09,58.89,-13.01,-60.30,-110.73,-164.94,3.21,87.89,-139.63,-22.79,110.34,-146.16,6.75,-34.22,0.0141,0.0154,0.0101,0.0034,0.0066,0.0026,0.0036,0.0052,0.0067,0.0031,0.0020,0.0018,0.0037,0.0129,0.0020
2026-08-05 09:03:29.525,4.716667,9,13,0.014097,-0.0007,-171.35,0,0,0,60.0000,0.254,1.86475,0,0,0,0,0,0.002654,0.001141,0.005209,0.002001,0.005391,0.003073,0.005728,0.002618,0.004466,0.002861,0.002901,0.003684,0.002554,0.003829,0.002102,171.35,130.35,2.59,-20.42,-159.96,-174.90,44.92,32.69,-113.70,-97.56,104.78,117.58,-32.00,-38.69,173.19,0.0141,0.0154,0.0101,0.0034,0.0066,0.0026,0.0036,0.0052,0.0067,0.0031,0.0020,0.0018,0.0037,0.0129,0.0020
2026-08-05 09:03:29.525,4.733333,9,14,0.014835,-0.0000,85.08,0,0,0,60.0000,0.254,1.86475,0,0,0,0,0,0.002921,0.001745,0.005784,0.002077,0.005313,0.002948,0.005110,0.003462,0.004503,0.004005,0.003695,0.003965,0.002746,0.003639,0.001709,-85.08,-47.24,-58.17,2.89,-20.01,71.68,35.30,128.40,87.18,-177.63,140.87,-124.36,-168.76,-68.20,-116.20,0.0141,0.0154,0.0101,0.0034,0.0066,0.0026,0.0036,0.0052,0.0067,0.0031,0.0020,0.0018,0.0037,0.0129,0.0020
2026-08-05 09:03:29.525,4.750000,9,15,0.018774,0.0003,-161.76,0,0,0,60.0000,0.254,1.86475,0,0,0,0,0,0.004017,0.001150,0.007868,0.002164,0.007452,0.003806,0.007258,0.004311,0.006153,0.004738,0.004546,0.004628,0.003213,0.004290,0.002012,161.76,117.57,-31.45,-46.76,145.92,143.27,-24.39,-27.05,162.72,163.69,-6.99,-5.15,-175.38,-172.27,14.24,0.0141,0.0154,0.0101,0.0034,0.0066,0.0026,0.0036,0.0052,0.0067,0.0031,0.0020,0.0018,0.0037,0.0129,0.0020
2026-08-05 09:03:29.525,4.766667,9,16,0.014778,-0.0000,116.97,0,0,0,60.0000,0.254,1.86475,0,0,0,0,0,0.003032,0.001083,0.005511,0.001785,0.005355,0.003102,0.005418,0.003270,0.004574,0.003892,0.003719,0.003924,0.002785,0.003671,0.001737,-116.97,-101.28,-141.33,-88.78,-156.03,-88.85,-161.43,-88.66,-166.20,-88.17,-166.48,-92.35,-171.18,-91.37,-173.87,0.0141,0.0154,0.0101,0.0034,0.0066,0.0026,0.0036,0.0052,0.0067,0.0031,0.0020,0.0018,0.0037,0.0129,0.0020
2026-08-05 09:03:29.525,4.783333,9,17,0.014024,-0.0002,-97.85,0,0,0,60.0000,0.254,1.86475,0,0,0,0,0,0.002573,0.001012,0.005264,0.001837,0.005275,0.002637,0.005013,0.003115,0.004503,0.003571,0.003621,0.003541,0.002688,0.003520,0.001956,97.85,-13.38,157.01,61.59,-145.17,142.14,-70.80,-138.73,2.87,-66.30,76.17,12.44,151.90,88.31,-134.82,0.0141,0.0154,0.0101,0.0034,0.0066,0.0026,0.0036,0.0052,0.0067,0.0031,0.0020,0.0018,0.0037,0.0129,0.0020
2026-08-05 09:03:29.525,4.800000,9,18,0.013534,-0.0003,175.68,0,0,0,60.0000,0.254,1.86475,0,0,0,0,0,0.002464,0.000613,0.005005,0.001406,0.005106,0.002167,0.004906,0.002658,0.004650,0.003046,0.003704,0.003224,0.002991,0.003218,0.002259,-175.68,-167.20,59.80,66.90,-68.23,-38.44,-178.48,-146.77,70.16,99.19,-41.63,-9.08,-149.11,-119.48,98.01,0.0141,0.0154,0.0101,0.0034,0.0066,0.0026,0.0036,0.0052,0.0067,0.0031,0.0020,0.0018,0.0037,0.0129,0.0020
2026-08-05 09:03:29.525,4.816667,9,19,0.013655,0.0001,-117.56,0,0,0,60.0000,0.254,1.86475,0,0,0,0,0,0.002636,0.000535,0.005032,0.001488,0.005281,0.002105,0.004907,0.002747,0.004718,0.003001,0.003780,0.003217,0.003045,0.003231,0.002390,117.56,64.10,-140.31,161.04,-41.89,-78.79,74.87,36.65,-171.15,152.39,-55.01,-91.49,61.65,27.24,178.05,0.0141,0.0154,0.0101,0.0034,0.0066,0.0026,0.0036,0.0052,0.0067,0.0031,0.0020,0.0018,0.0037,0.0129,0.0020
2026-08-05 09:03:29.525,4.833333,9,20,0.014437,0.0000,103.56,0,0,0,60.0000,0.254,1.86475,0,0,0,0,0,0.002770,0.000658,0.005268,0.001801,0.005525,0.002465,0.005148,0.003137,0.004775,0.003570,0.003830,0.003600,0.002916,0.003617,0.002147,-103.56,-39.45,-81.79,-11.87,-65.09,31.12,-28.89,67.21,2.60,102.00,38.11,137.42,74.31,173.50,108.60,0.0141,0.0154,0.0101,0.0034,0.0066,0.0026,0.0036,0.0052,0.0067,0.0031,0.0020,0.0018,0.0037,0.0129,0.0020
2026-08-05 09:03:29.525,4.850000,9,21,0.014173,0.0004,-142.69,0,0,0,60.0000,0.254,1.86475,0,0,0,0,0,0.002479,0.000731,0.005040,0.001961,0.006015,0.001664,0.004871,0.002816,0.004667,0.003525,0.004460,0.002827,0.002784,0.003432,0.002510,142.69,-166.20,-25.74,-49.21,140.26,139.00,-35.08,-18.27,161.40,155.38,-16.19,-11.61,173.72,-176.33,11.86,0.0141,0.0154,0.0101,0.0034,0.0066,0.0026,0.0036,0.0052,0.0067,0.0031,0.0020,0.0018,0.0037,0.0129,0.0020
2026-08-05 09:03:29.525,4.866667,9,22,0.015170,-0.0005,78.38,0,0,0,60.0000,0.254,1.86475,0,0,0,0,0,0.002915,0.000561,0.005821,0.001586,0.006256,0.002216,0.005825,0.002742,0.005313,0.003227,0.004375,0.003328,0.003452,0.003268,0.002657,-78.38,69.51,-9.93,121.25,57.82,-154.37,143.62,-78.87,-134.61,0.72,-51.42,84.53,35.44,168.59,119.29,0.0141,0.0154,0.0101,0.0034,0.0066,0.0026,0.0036,0.0052,0.0067,0.0031,0.0020,0.0018,0.0037,0.0129,0.0020
2026-08-05 09:03:29.525,4.883333,9,23,0.015040,-0.0000,-117.95,0,0,0,60.0000,0.254,1.86475,0,0,0,0,0,0.003388,0.000906,0.006107,0.001258,0.006183,0.001492,0.005308,0.002306,0.004342,0.003161,0.003091,0.003664,0.002213,0.003994,0.001820,117.95,108.15,-109.17,-150.75,16.60,-22.16,157.94,101.55,-67.29,-124.97,65.14,16.01,-165.85,157.92,-47.51,0.0141,0.0154,0.0101,0.0034,0.0066,0.0026,0.0036,0.0052,0.0067,0.0031,0.0020,0.0018,0.0037,0.0129,0.0020
2026-08-05 09:03:29.525,4.900000,9,24,0.017280,-0.0002,38.44,0,0,0,60.0000,0.254,1.86475,0,0,0,0,0,0.004213,0.001684,0.007254,0.000951,0.006956,0.000412,0.005802,0.001476,0.004140,0.002956,0.002237,0.003934,0.000886,0.004745,0.000707,-38.44,-143.40,163.22,62.60,-3.66,-9.88,-154.94,-89.10,49.21,126.20,-100.30,-26.15,131.27,-179.14,74.41,0.0141,0.0154,0.0101,0.0034,0.0066,0.0026,0.0036,0.0052,0.0067,0.0031,0.0020,0.0018,0.0037,0.0129,0.0020
2026-08-05 09:03:29.525,4.916667,9,25,0.016847,-0.0000,163.31,0,0,0,60.0000,0.254,1.86475,0,0,0,0,0,0.003682,0.001351,0.007200,0.001473,0.007112,0.001926,0.006612,0.002606,0.005627,0.003257,0.004413,0.003596,0.003586,0.003497,0.002723,-163.31,13.81,39.30,-104.79,-104.98,119.03,129.09,-3.45,0.88,-127.50,-119.84,103.87,119.30,-24.10,-2.62,0.0141,0.0154,0.0101,0.0034,0.0066,0.0026,0.0036,0.0052,0.0067,0.0031,0.0020,0.0018,0.0037,0.0129,0.0020
2026-08-05 09:03:29.525,4.933333,9,26,0.015968,-0.0004,176.72,0,0,0,60.0000,0.254,1.86475,0,0,0,0,0,0.003339,0.000703,0.006475,0.001417,0.006214,0.002235,0.006048,0.003112,0.005451,0.003544,0.004587,0.003547,0.003738,0.003269,0.002569,-176.72,20.51,24.85,-105.49,-122.47,102.24,109.46,-35.81,-24.92,-170.70,-155.26,53.55,71.88,-75.58,-61.00,0.0141,0.0154,0.0101,0.0034,0.0066,0.0026,0.0036,0.0052,0.0067,0.0031,0.0020,0.0018,0.0037,0.0129,0.0020
2026-08-05 09:03:29.525,4.950000,9,27,0.015732,-0.0003,-96.54,0,0,0,60.0000,0.254,1.86475,0,0,0,0,0,0.003239,0.000573,0.006090,0.001543,0.005970,0.002376,0.006082,0.003095,0.005444,0.003497,0.004277,0.003713,0.003464,0.003563,0.002525,96.54,-143.76,138.41,-77.60,-172.16,-37.95,-105.33,19.77,-46.06,84.59,18.92,146.97,84.32,-149.01,148.03,0.0141,0.0154,0.0101,0.0034,0.0066,0.0026,0.0036,0.0052,0.0067,0.0031,0.0020,0.0018,0.0037,0.0129,0.0020
2026-08-05 09:03:29.525,4.966667,9,28,0.014390,0.0001,167.26,0,0,0,60.0000,0.254,1.86475,0,0,0,0,0,0.002901,0.000932,0.005444,0.001830,0.005634,0.002036,0.005647,0.002553,0.005066,0.003036,0.004260,0.003010,0.003496,0.002821,0.002575,-167.26,108.41,75.40,-18.15,-38.32,-147.10,-136.15,110.46,121.08,5.67,25.04,-96.73,-74.44,165.68,-172.63,0.0141,0.0154,0.0101,0.0034,0.0066,0.0026,0.0036,0.0052,0.0067,0.0031,0.0020,0.0018,0.0037,0.0129,0.0020
2026-08-05 09:03:29.525,4.983333,9,29,0.016638,0.0004,-36.10,0,0,0,60.0000,0.254,1.86475,0,0,0,0,0,0.003355,0.000739,0.006706,0.001799,0.006862,0.002415,0.006521,0.003376,0.005753,0.003738,0.004651,0.003648,0.003507,0.003558,0.002550,36.10,108.10,-33.21,34.96,-100.92,-32.57,-151.93,-84.23,154.24,-139.23,101.12,170.43,51.04,119.33,-2.55,0.0141,0.0154,0.0101,0.0034,0.0066,0.0026,0.0036,0.0052,0.0067,0.0031,0.0020,0.0018,0.0037,0.0129,0.0020
2026-08-05 09:03:29.774,5.000000,10,0,0.017571,-0.0005,136.56,0,0,0,60.0000,0.454,0.47453,0,0,0,0,0,0.002975,0.001420,0.007538,0.002309,0.007014,0.002671,0.006949,0.002678,0.006815,0.003863,0.004773,0.002870,0.004416,0.003108,0.003135,-136.56,-162.96,169.65,90.33,124.83,61.75,80.61,-2.59,51.03,-40.29,14.18,-71.59,-23.09,-123.11,-43.60,0.0421,0.0046,0.0128,0.0019,0.0046,0.0040,0.0061,0.0040,0.0037,0.0017,0.0035,0.0047,0.0059,0.0009,0.0056
2026-08-05 09:03:29.774,5.016667,10,1,0.016666,0.0004,-95.72,0,0,0,60.0000,0.454,0.47453,0,0,0,0,0,0.003352,0.001152,0.006583,0.001952,0.006899,0.002163,0.006651,0.002965,0.006033,0.003255,0.004968,0.003237,0.003896,0.003139,0.002975,95.72,-83.39,147.05,-53.71,-158.68,-5.19,-89.61,54.52,-22.16,116.62,47.31,-175.77,118.82,-108.87,-169.44,0.0421,0.0046,0.0128,0.0019,0.0046,0.0040,0.0061,0.0040,0.0037,0.0017,0.0035,0.0047,0.0059,0.0009,0.0056
2026-08-05 09:03:29.774,5.033333,10,2,0.014080,-0.0000,69.47,0,0,0,60.0000,0.454,0.47453,0,0,0,0,0,0.002679,0.000534,0.005212,0.001471,0.005501,0.001957,0.005202,0.002741,0.004766,0.003142,0.003984,0.003241,0.003219,0.003276,0.002446,-69.47,-96.65,20.13,-12.43,106.97,71.56,-148.44,177.92,-46.58,-81.59,56.40,22.89,162.05,127.50,-96.48,0.0421,0.0046,0.0128,0.0019,0.0046,0.0040,0.0061,0.0040,0.0037,0.0017,0.0035,0.0047,0.0059,0.0009,0.0056
2026-08-05 09:03:29.774,5.050000,10,3,0.014178,-0.0001,-1.43,0,0,0,60.0000,0.454,0.47453,0,0,0,0,0,0.002688,0.000499,0.005343,0.001485,0.005539,0.001960,0.005314,0.002765,0.004871,0.003235,0.004013,0.003169,0.003221,0.003321,0.002397,1.43,30.68,-130.14,-102.84,95.96,125.03,-20.01,10.61,-137.45,-107.06,104.15,136.43,-11.45,21.44,-128.90,0.0421,0.0046,0.0128,0.0019,0.0046,0.0040,0.0061,0.0040,0.0037,0.0017,0.0035,0.0047,0.0059,0.0009,0.0056
2026-08-05 09:03:29.774,5.066667,10,4,0.014620,0.0000,-115.75,0,0,0,60.0000,0.454,0.47453,0,0,0,0,0,0.002630,0.000690,0.005462,0.001716,0.005682,0.002378,0.005316,0.003194,0.004787,0.003596,0.003815,0.003627,0.002964,0.003721,0.002180,115.75,-144.28,-151.54,-32.82,-57.96,70.13,52.20,-174.91,160.21,-65.77,-92.74,45.89,18.16,158.03,124.84,0.0421,0.0046,0.0128,0.0019,0.0046,0.0040,0.0061,0.0040,0.0037,0.0017,0.0035,0.0047,0.0059,0.0009,0.0056
2026-08-05 09:03:29.774,5.083333,10,5,0.017909,-0.0005,148.07,0,0,0,60.0000,0.454,0.47453,0,0,0,0,0,0.004631,0.001982,0.007869,0.001375,0.007370,0.000675,0.006032,0.002084,0.004232,0.003590,0.002305,0.004525,0.001357,0.005214,0.001719,-148.07,167.06,-169.71,135.42,160.51,23.95,143.54,-16.73,120.63,-43.63,89.16,-60.81,29.63,-74.44,-28.23,0.0421,0.0046,0.0128,0.0019,0.0046,0.0040,0.0061,0.0040,0.0037,0.0017,0.0035,0.0047,0.0059,0.0009,0.0056
2026-08-05 09:03:29.774,5.100000,10,6,0.019871,0.0000,161.35,0,0,0,60.0000,0.454,0.47453,0,0,0,0,0,0.004774,0.001919,0.008756,0.001472,0.008183,0.000600,0.006851,0.001563,0.004765,0.003279,0.002494,0.004455,0.001418,0.005169,0.001678,-161.35,142.80,115.42,71.36,33.86,80.95,-33.79,83.49,-101.51,15.48,-156.86,-53.63,-179.27,-123.17,160.80,0.0421,0.0046,0.0128,0.0019,0.0046,0.0040,0.0061,0.0040,0.0037,0.0017,0.0035,0.0047,0.0059,0.0009,0.0056
2026-08-05 09:03:29.774,5.116667,10,7,0.018166,0.0001,-72.41,0,0,0,60.0000,0.454,0.47453,0,0,0,0,0,0.004109,0.001905,0.007971,0.002059,0.007527,0.002957,0.007006,0.003187,0.005729,0.003953,0.004376,0.004305,0.003313,0.004117,0.002398,72.41,-90.91,27.70,-110.66,-1.50,-109.63,-16.80,-114.49,-29.99,-121.23,-37.39,-134.94,-45.74,-147.77,-57.19,0.0421,0.0046,0.0128,0.0019,0.0046,0.0040,0.0061,0.0040,0.0037,0.0017,0.0035,0.0047,0.0059,0.0009,0.0056
2026-08-05 09:03:29.774,5.133333,10,8,0.017872,-0.0001,140.97,0,0,0,60.0000,0.454,0.47453,0,0,0,0,0,0.003937,0.001258,0.007486,0.001656,0.007002,0.002978,0.006804,0.003594,0.006047,0.004209,0.005008,0.003997,0.003799,0.003687,0.002538,-140.97,-147.29,131.90,158.43,57.01,110.29,-2.72,49.71,-64.34,-12.88,-125.34,-73.94,173.54,-129.67,110.85,0.0421,0.0046,0.0128,0.0019,0.0046,0.0040,0.0061,0.0040,0.0037,0.0017,0.0035,0.0047,0.0059,0.0009,0.0056
2026-08-05 09:03:29.774,5.150000,10,9,0.017880,0.0007,-46.59,0,0,0,60.0000,0.454,0.47453,0,0,0,0,0,0.004001,0.001351,0.007391,0.002099,0.006909,0.003645,0.006936,0.003949,0.005947,0.004321,0.004422,0.004342,0.003262,0.003948,0.002150,46.59,-129.52,-9.17,-152.69,-55.73,-178.16,-89.55,145.00,-127.98,113.64,-161.83,80.61,166.36,48.59,130.49,0.0421,0.0046,0.0128,0.0019,0.0046,0.0040,0.0061,0.0040,0.0037,0.0017,0.0035,0.0047,0.0059,0.0009,0.0056
2026-08-05 09:03:29.774,5.166667,10,10,0.017863,-0.0023,-115.29,0,0,0,60.0000,0.454,0.47453,0,0,0,0,0,0.003839,0.000875,0.007264,0.002019,0.007065,0.003410,0.006903,0.003831,0.005916,0.004494,0.004724,0.004298,0.003431,0.003969,0.002155,115.29,21.80,-161.06,144.02,-68.60,-115.21,33.34,-9.30,136.53,93.45,-118.20,-163.08,-16.08,-53.75,89.62,0.0421,0.0046,0.0128,0.0019,0.0046,0.0040,0.0061,0.0040,0.0037,0.0017,0.0035,0.0047,0.0059,0.0009,0.0056
2026-08-05 09:03:29.774,5.183333,10,11,0.017570,0.0057,-36.01,0,0,0,60.0000,0.454,0.47453,0,0,0,0,0,0.003582,0.001013,0.006795,0.001851,0.007167,0.002694,0.006998,0.003656,0.006065,0.003920,0.004875,0.003947,0.003777,0.003894,0.002621,36.01,-125.07,-34.86,178.29,-102.45,127.39,-156.32,79.49,148.62,22.23,94.95,-27.77,44.39,-81.12,-9.72,0.0421,0.0046,0.0128,0.0019,0.0046,0.0040,0.0061,0.0040,0.0037,0.0017,0.0035,0.0047,0.0059,0.0009,0.0056
2026-08-05 09:03:29.774,5.200000,10,12,0.017260,-0.0002,119.27,0,0,0,60.0000,0.454,0.47453,0,0,0,0,0,0.003492,0.000894,0.006939,0.002145,0.006958,0.003103,0.006524,0.003716,0.005836,0.004170,0.004523,0.004136,0.003453,0.003827,0.002242,-119.27,-71.48,-141.33,-83.61,-160.75,-82.79,-164.59,-85.22,-170.11,-90.45,-175.89,-91.83,-178.19,-94.32,174.26,0.0421,0.0046,0.0128,0.0019,0.0046,0.0040,0.0061,0.0040,0.0037,0.0017,0.0035,0.0047,0.0059,0.0009,0.0056
2026-08-05 09:03:29.774,5.216667,10,13,0.016302,0.0002,105.54,0,0,0,60.0000,0.454,0.47453,0,0,0,0,0,0.003264,0.000899,0.006262,0.002129,0.006360,0.003034,0.005979,0.003666,0.005386,0.004048,0.004152,0.004141,0.003148,0.003898,0.002159,-105.54,-59.70,-97.99,-33.94,-89.09,-2.19,-63.87,23.20,-42.08,49.93,-15.83,74.30,9.29,101.96,30.97,0.0421,0.0046,0.0128,0.0019,0.0046,0.0040,0.0061,0.0040,0.0037,0.0017,0.0035,0.0047,0.0059,0.0009,0.0056
2026-08-05 09:03:29.774,5.233333,10,14,0.015665,-0.0004,110.38,0,0,0,60.0000,0.454,0.47453,0,0,0,0,0,0.003093,0.000705,0.005976,0.001909,0.006190,0.002707,0.005793,0.003373,0.005256,0.003745,0.004207,0.003802,0.003138,0.003726,0.002294,-110.38,-48.89,-110.63,-42.26,-111.13,-21.05,-94.14,-5.45,-80.68,12.08,-64.08,27.28,-46.05,45.92,-31.23,0.0421,0.0046,0.0128,0.0019,0.0046,0.0040,0.0061,0.0040,0.0037,0.0017,0.0035,0.0047,0.0059,0.0009,0.0056
2026-08-05 09:03:29.774,5.250000,10,15,0.017189,-0.0001,104.10,0,0,0,60.0000,0.454,0.47453,0,0,0,0,0,0.003395,0.000677,0.006849,0.001850,0.007140,0.002698,0.006618,0.003377,0.005970,0.003856,0.004807,0.003829,0.003767,0.003592,0.002620,-104.10,-24.07,-94.09,-9.88,-82.22,20.53,-53.53,45.53,-29.09,72.65,-2.37,101.23,28.09,129.64,54.95,0.0421,0.0046,0.0128,0.0019,0.0046,0.0040,0.0061,0.0040,0.0037,0.0017,0.0035,0.0047,0.0059,0.0009,0.0056
2026-08-05 09:03:29.774,5.266667,10,16,0.014533,0.0003,-131.83,0,0,0,60.0000,0.454,0.47453,0,0,0,0,0,0.002880,0.000539,0.005545,0.001668,0.005977,0.002229,0.005515,0.002736,0.005058,0.003178,0.004109,0.003306,0.003200,0.003200,0.002454,131.83,97.50,-107.44,-140.16,14.85,1.62,155.74,133.35,-68.15,-89.44,69.03,49.71,-150.08,-170.55,-11.42,0.0421,0.0046,0.0128,0.0019,0.0046,0.0040,0.0061,0.0040,0.0037,0.0017,0.0035,0.0047,0.0059,0.0009,0.0056
2026-08-05 09:03:29.774,5.283333,10,17,0.015670,0.0002,131.09,0,0,0,60.0000,0.454,0.47453,0,0,0,0,0,0.003723,0.001291,0.006627,0.001289,0.006623,0.001250,0.005555,0.001983,0.004338,0.002945,0.002870,0.003634,0.001737,0.004114,0.001359,-131.09,3.35,-128.71,-23.69,-134.24,-43.55,-124.26,-67.24,-122.20,-70.80,-121.98,-66.09,-128.84,-56.47,-152.18,0.0421,0.0046,0.0128,0.0019,0.0046,0.0040,0.0061,0.0040,0.0037,0.0017,0.0035,0.0047,0.0059,0.0009,0.0056
2026-08-05 09:03:29.774,5.300000,10,18,0.015384,-0.0002,128.12,0,0,0,60.0000,0.454,0.47453,0,0,0,0,0,0.003430,0.000960,0.006284,0.000463,0.006056,0.000271,0.005226,0.001338,0.003883,0.002591,0.002397,0.003454,0.001437,0.004043,0.001064,-128.12,30.42,-131.14,26.40,-139.60,134.93,-129.58,-159.89,-122.77,-147.57,-108.61,-141.30,-74.04,-135.44,-21.68,0.0421,0.0046,0.0128,0.0019,0.0046,0.0040,0.0061,0.0040,0.0037,0.0017,0.0035,0.0047,0.0059,0.0009,0.0056
2026-08-05 09:03:29.774,5.316667,10,19,0.014416,-0.0002,-150.02,0,0,0,60.0000,0.454,0.47453,0,0,0,0,0,0.002864,0.001057,0.005823,0.001241,0.005672,0.001872,0.005351,0.002537,0.004584,0.003151,0.003650,0.003454,0.003036,0.003492,0.002258,150.02,-87.49,-89.18,61.65,40.91,-156.82,-168.82,-0.67,-21.60,153.76,130.22,-57.94,-73.76,90.13,74.13,0.0421,0.0046,0.0128,0.0019,0.0046,0.0040,0.0061,0.0040,0.0037,0.0017,0.0035,0.0047,0.0059,0.0009,0.0056
2026-08-05 09:03:29.774,5.333333,10,20,0.013886,-0.0000,29.43,0,0,0,60.0000,0.454,0.47453,0,0,0,0,0,0.002898,0.000625,0.005469,0.001039,0.005250,0.001744,0.005158,0.002534,0.004768,0.002955,0.004065,0.003010,0.003357,0.002874,0.002445,-29.43,-57.71,111.37,125.45,-100.20,-86.33,70.92,71.29,-126.08,-127.38,41.40,36.18,-153.92,-155.34,11.63,0.0421,0.0046,0.0128,0.0019,0.0046,0.0040,0.0061,0.0040,0.0037,0.0017,0.0035,0.0047,0.0059,0.0009,0.0056
2026-08-05 09:03:29.774,5.350000,10,21,0.014931,-0.0003,133.90,0,0,0,60.0000,0.454,0.47453,0,0,0,0,0,0.002950,0.000636,0.005742,0.001488,0.005663,0.002493,0.005618,0.003213,0.004901,0.003634,0.003871,0.003769,0.003033,0.003663,0.002101,-133.90,96.45,174.73,69.50,128.03,20.59,98.42,-10.99,62.41,-42.56,30.49,-74.72,0.37,-105.37,-33.73,0.0421,0.0046,0.0128,0.0019,0.0046,0.0040,0.0061,0.0040,0.0037,0.0017,0.0035,0.0047,0.0059,0.0009,0.0056
2026-08-05 09:03:29.774,5.366667,10,22,0.016020,-0.0004,159.17,0,0,0,60.0000,0.454,0.47453,0,0,0,0,0,0.003207,0.000941,0.006329,0.001946,0.006313,0.002915,0.006108,0.003633,0.005117,0.004118,0.004020,0.004020,0.002950,0.003820,0.001863,-159.17,17.14,98.50,-56.06,0.22,-149.06,-83.04,132.82,-170.43,51.40,105.91,-31.89,19.76,-111.87,-66.51,0.0421,0.0046,0.0128,0.0019,0.0046,0.0040,0.0061,0.0040,0.0037,0.0017,0.0035,0.0047,0.0059,0.0009,0.0056
2026-08-05 09:03:29.774,5.383333,10,23,0.018711,0.0007,-4.81,0,0,0,60.0000,0.454,0.47453,0,0,0,0,0,0.003809,0.000891,0.007748,0.002001,0.008005,0.002603,0.007564,0.003587,0.006675,0.003810,0.005379,0.003766,0.004163,0.003480,0.003037,4.81,70.83,-129.48,-81.72,100.58,145.41,-15.37,26.00,-133.03,-93.56,110.32,152.00,-3.46,35.44,-117.66,0.0421,0.0046,0.0128,0.0019,0.0046,0.0040,0.0061,0.0040,0.0037,0.0017,0.0035,0.0047,0.0059,0.0009,0.0056
2026-08-05 09:03:29.774,5.400000,10,24,0.016510,-0.0003,174.72,0,0,0,60.0000,0.454,0.47453,0,0,0,0,0,0.003419,0.000988,0.006667,0.001876,0.006963,0.002160,0.006612,0.003032,0.005957,0.003261,0.004888,0.003243,0.003755,0.003052,0.002808,-174.72,86.80,54.74,-60.51,-73.42,164.79,174.05,45.65,59.53,-74.44,-53.21,172.38,-163.64,57.26,86.48,0.0421,0.0046,0.0128,0.0019,0.0046,0.0040,0.0061,0.0040,0.0037,0.0017,0.0035,0.0047,0.0059,0.0009,0.0056
2026-08-05 09:03:29.774,5.416667,10,25,0.017146,0.0002,-97.98,0,0,0,60.0000,0.454,0.47453,0,0,0,0,0,0.003447,0.001046,0.006913,0.001934,0.007210,0.002202,0.006913,0.003105,0.006253,0.003283,0.005108,0.003234,0.004010,0.003095,0.003074,97.98,-83.49,152.31,-50.61,-150.65,2.06,-78.42,65.63,-7.72,131.75,63.86,-156.87,138.74,-86.74,-147.29,0.0421,0.0046,0.0128,0.0019,0.0046,0.0040,0.0061,0.0040,0.0037,0.0017,0.0035,0.0047,0.0059,0.0009,0.0056
2026-08-05 09:03:29.774,5.433333,10,26,0.017447,0.0003,119.73,0,0,0,60.0000,0.454,0.47453,0,0,0,0,0,0.003493,0.000758,0.006892,0.001868,0.007269,0.002561,0.006843,0.003611,0.006016,0.003973,0.004807,0.003941,0.003631,0.003802,0.002675,-119.73,155.43,-143.34,125.31,-163.39,105.15,-168.83,100.33,-175.87,93.26,177.60,89.24,174.66,83.54,169.86,0.0421,0.0046,0.0128,0.0019,0.0046,0.0040,0.0061,0.0040,0.0037,0.0017,0.0035,0.0047,0.0059,0.0009,0.0056
2026-08-05 09:03:29.774,5.450000,10,27,0.017914,-0.0002,156.69,0,0,0,60.0000,0.454,0.47453,0,0,0,0,0,0.003729,0.001030,0.007234,0.001946,0.007474,0.002481,0.007163,0.003454,0.006431,0.003676,0.005205,0.003607,0.004038,0.003439,0.003000,-156.69,114.89,103.95,-5.54,7.98,-105.48,-72.52,169.68,-154.18,84.25,124.44,2.54,47.02,-77.60,-33.63,0.0421,0.0046,0.0128,0.0019,0.0046,0.0040,0.0061,0.0040,0.0037,0.0017,0.0035,0.0047,0.0059,0.0009,0.0056
2026-08-05 09:03:29.774,5.466667,10,28,0.017332,-0.0001,99.44,0,0,0,60.0000,0.454,0.47453,0,0,0,0,0,0.003501,0.001255,0.006801,0.001954,0.007259,0.002068,0.006998,0.002764,0.006414,0.003005,0.005316,0.002988,0.004273,0.002892,0.003418,-99.44,-122.56,-84.57,-121.68,-65.48,-108.52,-31.15,-83.77,1.70,-59.00,36.18,-28.58,73.61,2.95,110.94,0.0421,0.0046,0.0128,0.0019,0.0046,0.0040,0.0061,0.0040,0.0037,0.0017,0.0035,0.0047,0.0059,0.0009,0.0056
2026-08-05 09:03:29.774,5.483333,10,29,0.019327,0.0001,-163.97,0,0,0,60.0000,0.454,0.47453,0,0,0,0,0,0.005010,0.002718,0.009066,0.002720,0.008859,0.001688,0.007758,0.001513,0.006086,0.002071,0.004051,0.002889,0.002457,0.003528,0.001671,163.97,78.59,32.86,-58.29,-101.89,164.78,134.07,-8.27,7.62,-176.04,-120.46,48.84,105.60,-78.05,-40.62,0.0421,0.0046,0.0128,0.0019,0.0046,0.0040,0.0061,0.0040,0.0037,0.0017,0.0035,0.0047,0.0059,0.0009,0.0056
2026-08-05 09:03:30.039,5.500000,11,0,0.015008,0.0001,97.10,0,0,0,60.0000,0.238,2.19572,0,0,0,0,0,0.003225,0.001296,0.006046,0.001154,0.005737,0.000704,0.004964,0.001128,0.003652,0.002300,0.002128,0.003327,0.001138,0.004052,0.001073,-97.10,-79.69,-64.38,-39.92,-30.69,75.14,19.95,-178.88,69.67,-119.49,128.55,-68.91,-152.50,-18.60,-49.71,0.0083,0.0041,0.0077,0.0086,0.0062,0.0039,0.0016,0.0046,0.0029,0.0041,0.0024,0.0056,0.0010,0.0040,0.0049
2026-08-05 09:03:30.039,5.516667,11,1,0.014203,0.0001,101.88,0,0,0,60.0000,0.238,2.19572,0,0,0,0,0,0.002976,0.001223,0.005893,0.001341,0.005581,0.002181,0.005366,0.002452,0.004619,0.003048,0.003654,0.003345,0.002991,0.003327,0.002269,-101.88,-65.16,-125.55,-70.32,-137.06,-49.55,-131.99,-38.47,-127.03,-29.91,-116.56,-26.12,-107.73,-19.16,-99.32,0.0083,0.0041,0.0077,0.0086,0.0062,0.0039,0.0016,0.0046,0.0029,0.0041,0.0024,0.0056,0.0010,0.0040,0.0049
2026-08-05 09:03:30.039,5.533333,11,2,0.013549,-0.0002,91.59,0,0,0,60.0000,0.238,2.19572,0,0,0,0,0,0.002755,0.000958,0.005316,0.001214,0.004901,0.002371,0.004852,0.002828,0.004392,0.003322,0.003621,0.003395,0.002814,0.003225,0.001849,-91.59,-39.05,-77.39,0.08,-53.66,54.45,-11.54,92.25,26.82,131.09,66.78,168.95,104.84,-146.63,145.00,0.0083,0.0041,0.0077,0.0086,0.0062,0.0039,0.0016,0.0046,0.0029,0.0041,0.0024,0.0056,0.0010,0.0040,0.0049
2026-08-05 09:03:30.039,5.550000,11,3,0.013178,0.0003,59.04,0,0,0,60.0000,0.238,2.19572,0,0,0,0,0,0.002604,0.000858,0.004986,0.001352,0.004676,0.002488,0.004884,0.002735,0.004310,0.003127,0.003400,0.003376,0.002735,0.003201,0.001933,-59.04,24.33,33.54,147.91,133.15,-90.65,-110.54,21.00,-0.78,137.45,115.76,-106.87,-129.02,8.74,-13.15,0.0083,0.0041,0.0077,0.0086,0.0062,0.0039,0.0016,0.0046,0.0029,0.0041,0.0024,0.0056,0.0010,0.0040,0.0049
2026-08-05 09:03:30.039,5.566667,11,4,0.024905,0.0006,137.80,0,0,0,60.0000,0.238,2.19572,0,0,0,0,0,0.005318,0.003586,0.010679,0.005562,0.009945,0.006981,0.008667,0.007307,0.006444,0.007248,0.003839,0.006302,0.001603,0.004926,0.000170,-137.80,-146.21,157.17,168.55,100.16,130.13,53.43,89.63,6.79,48.03,-35.46,6.04,-80.02,-34.27,91.92,0.0083,0.0041,0.0077,0.0086,0.0062,0.0039,0.0016,0.0046,0.0029,0.0041,0.0024,0.0056,0.0010,0.0040,0.0049
2026-08-05 09:03:30.039,5.583333,11,5,0.018339,0.0000,-24.45,0,0,0,60.0000,0.238,2.19572,0,0,0,0,0,0.004029,0.000928,0.007447,0.001844,0.007967,0.002280,0.007466,0.003027,0.006967,0.003039,0.005554,0.003071,0.004477,0.002812,0.003218,24.45,-41.09,-70.23,-174.98,-160.72,96.92,121.38,14.50,44.62,-73.07,-31.61,-150.45,-102.51,125.35,-178.40,0.0083,0.0041,0.0077,0.0086,0.0062,0.0039,0.0016,0.0046,0.0029,0.0041,0.0024,0.0056,0.0010,0.0040,0.0049
2026-08-05 09:03:30.039,5.600000,11,6,0.014062,-0.0003,107.08,0,0,0,60.0000,0.238,2.19572,0,0,0,0,0,0.002581,0.000813,0.005278,0.001692,0.005342,0.002378,0.005077,0.002928,0.004757,0.003296,0.003784,0.003403,0.003010,0.003360,0.002166,-107.08,-50.14,-92.92,-29.01,-81.58,5.12,-53.20,37.92,-27.03,63.89,1.62,95.53,30.61,124.58,58.85,0.0083,0.0041,0.0077,0.0086,0.0062,0.0039,0.0016,0.0046,0.0029,0.0041,0.0024,0.0056,0.0010,0.0040,0.0049
2026-08-05 09:03:30.039,5.616667,11,7,0.016470,-0.0004,122.72,0,0,0,60.0000,0.238,2.19572,0,0,0,0,0,0.003344,0.000644,0.006453,0.001952,0.006618,0.002789,0.006165,0.003537,0.005673,0.003891,0.004384,0.003912,0.003323,0.003781,0.002339,-122.72,-61.93,-148.96,-85.92,-173.50,-93.08,177.60,-101.47,166.28,-111.46,158.09,-120.81,149.65,-127.84,140.54,0.0083,0.0041,0.0077,0.0086,0.0062,0.0039,0.0016,0.0046,0.0029,0.0041,0.0024,0.0056,0.0010,0.0040,0.0049
2026-08-05 09:03:30.039,5.633333,11,8,0.016274,-0.0001,161.71,0,0,0,60.0000,0.238,2.19572,0,0,0,0,0,0.003327,0.000676,0.006346,0.001887,0.006606,0.002645,0.006178,0.003277,0.005622,0.003708,0.004542,0.003681,0.003511,0.003536,0.002542,-161.71,-150.88,93.80,111.76,-9.81,29.62,-96.53,-58.79,172.91,-145.81,85.21,126.81,-0.98,41.56,-90.27,0.0083,0.0041,0.0077,0.0086,0.0062,0.0039,0.0016,0.0046,0.0029,0.0041,0.0024,0.0056,0.0010,0.0040,0.0049
2026-08-05 09:03:30.039,5.650000,11,9,0.015881,-0.0002,51.09,0,0,0,60.0000,0.238,2.19572,0,0,0,0,0,0.003166,0.000889,0.006044,0.002161,0.006224,0.002855,0.005796,0.003561,0.005208,0.003983,0.004091,0.004017,0.003096,0.003801,0.002108,-51.09,56.44,68.44,-171.00,-172.34,-27.80,-34.90,108.29,97.03,-114.71,-127.41,21.97,9.76,159.50,143.51,0.0083,0.0041,0.0077,0.0086,0.0062,0.0039,0.0016,0.0046,0.0029,0.0041,0.0024,0.0056,0.0010,0.0040,0.0049
2026-08-05 09:03:30.039,5.666667,11,10,0.016307,-0.0001,-80.06,0,0,0,60.0000,0.238,2.19572,0,0,0,0,0,0.003260,0.001070,0.006330,0.002318,0.006655,0.002926,0.006121,0.003554,0.005408,0.003971,0.004180,0.003960,0.003171,0.003735,0.002207,80.06,-52.17,98.68,-12.82,119.17,31.98,157.41,68.66,-169.73,105.48,-135.17,144.71,-99.37,-176.06,-66.33,0.0083,0.0041,0.0077,0.0086,0.0062,0.0039,0.0016,0.0046,0.0029,0.0041,0.0024,0.0056,0.0010,0.0040,0.0049
2026-08-05 09:03:30.039,5.683333,11,11,0.017545,-0.0002,120.70,0,0,0,60.0000,0.238,2.19572,0,0,0,0,0,0.004243,0.001594,0.007708,0.001772,0.007867,0.001850,0.006807,0.002167,0.005545,0.002786,0.003738,0.003322,0.002339,0.003743,0.001285,-120.70,27.91,-103.88,21.90,-91.80,30.22,-65.41,24.96,-43.72,30.30,-21.07,45.99,-0.71,68.91,3.58,0.0083,0.0041,0.0077,0.0086,0.0062,0.0039,0.0016,0.0046,0.0029,0.0041,0.0024,0.0056,0.0010,0.0040,0.0049
2026-08-05 09:03:30.039,5.700000,11,12,0.015321,-0.0002,-107.23,0,0,0,60.0000,0.238,2.19572,0,0,0,0,0,0.003355,0.000612,0.006170,0.000018,0.006057,0.000590,0.005184,0.001683,0.003908,0.002836,0.002540,0.003642,0.001827,0.004131,0.001719,107.23,130.62,-152.93,-130.71,-55.81,125.75,60.05,-102.63,173.27,9.45,-61.29,120.49,76.63,-130.01,-142.54,0.0083,0.0041,0.0077,0.0086,0.0062,0.0039,0.0016,0.0046,0.0029,0.0041,0.0024,0.0056,0.0010,0.0040,0.0049
2026-08-05 09:03:30.039,5.716667,11,13,0.015070,0.0000,133.57,0,0,0,60.0000,0.238,2.19572,0,0,0,0,0,0.003092,0.001094,0.006153,0.001420,0.006033,0.002014,0.005608,0.002782,0.004806,0.003398,0.003815,0.003676,0.003138,0.003651,0.002362,-133.57,68.90,143.83,12.55,72.44,-44.84,19.85,-92.02,-36.90,-144.63,-86.67,160.31,-138.51,105.34,168.31,0.0083,0.0041,0.0077,0.0086,0.0062,0.0039,0.0016,0.0046,0.0029,0.0041,0.0024,0.0056,0.0010,0.0040,0.0049
2026-08-05 09:03:30.039,5.733333,11,14,0.016633,0.0002,11.55,0,0,0,60.0000,0.238,2.19572,0,0,0,0,0,0.003470,0.000872,0.006766,0.001642,0.006535,0.002642,0.006368,0.003586,0.005558,0.004030,0.004482,0.003966,0.003406,0.003720,0.002188,-11.55,-39.52,168.41,172.46,-2.74,6.65,-156.92,-150.35,44.00,53.71,-112.11,-103.90,90.81,103.17,-65.58,0.0083,0.0041,0.0077,0.0086,0.0062,0.0039,0.0016,0.0046,0.0029,0.0041,0.0024,0.0056,0.0010,0.0040,0.0049
2026-08-05 09:03:30.039,5.750000,11,15,0.017631,-0.0001,159.60,0,0,0,60.0000,0.238,2.19572,0,0,0,0,0,0.003866,0.000956,0.007285,0.002153,0.007064,0.002736,0.007182,0.003105,0.006421,0.003450,0.005061,0.003419,0.004145,0.003079,0.003088,-159.60,110.06,83.85,-2.75,-20.39,-123.43,-111.10,133.42,152.48,40.29,62.66,-56.21,-26.11,-149.26,-117.89,0.0083,0.0041,0.0077,0.0086,0.0062,0.0039,0.0016,0.0046,0.0029,0.0041,0.0024,0.0056,0.0010,0.0040,0.0049
2026-08-05 09:03:30.039,5.766667,11,16,0.014542,-0.0000,175.27,0,0,0,60.0000,0.238,2.19572,0,0,0,0,0,0.002852,0.000581,0.005530,0.001566,0.005631,0.002245,0.005499,0.002946,0.004794,0.003519,0.003941,0.003525,0.003068,0.003502,0.002108,-175.27,13.73,54.94,-92.68,-72.75,136.08,175.14,27.27,60.62,-85.78,-51.94,161.12,-165.13,52.71,82.07,0.0083,0.0041,0.0077,0.0086,0.0062,0.0039,0.0016,0.0046,0.0029,0.0041,0.0024,0.0056,0.0010,0.0040,0.0049
2026-08-05 09:03:30.039,5.783333,11,17,0.014801,-0.0002,155.16,0,0,0,60.0000,0.238,2.19572,0,0,0,0,0,0.002848,0.000653,0.005565,0.001683,0.005741,0.002190,0.005489,0.003145,0.004916,0.003539,0.004003,0.003561,0.003071,0.003605,0.002238,-155.16,98.83,124.33,3.85,40.94,-79.04,-24.66,-144.22,-93.33,146.86,-161.83,81.75,131.58,14.95,62.07,0.0083,0.0041,0.0077,0.0086,0.0062,0.0039,0.0016,0.0046,0.0029,0.0041,0.0024,0.0056,0.0010,0.0040,0.0049
2026-08-05 09:03:30.039,5.800000,11,18,0.014571,-0.0004,90.26,0,0,0,60.0000,0.238,2.19572,0,0,0,0,0,0.002839,0.000747,0.005456,0.001632,0.005684,0.002139,0.005394,0.002978,0.004899,0.003353,0.003981,0.003514,0.003130,0.003388,0.002379,-90.26,-118.80,-42.88,-88.06,2.26,-45.32,65.40,15.60,124.55,73.86,-174.44,136.49,-112.22,-162.95,-51.25,0.0083,0.0041,0.0077,0.0086,0.0062,0.0039,0.0016,0.0046,0.0029,0.0041,0.0024,0.0056,0.0010,0.0040,0.0049
2026-08-05 09:03:30.039,5.816667,11,19,0.014135,-0.0001,123.01,0,0,0,60.0000,0.238,2.19572,0,0,0,0,0,0.002830,0.000886,0.005393,0.001641,0.005587,0.001847,0.005363,0.002709,0.004946,0.002941,0.004172,0.003024,0.003325,0.002903,0.002541,-123.01,-160.54,-136.62,160.88,-154.11,141.72,-153.37,135.10,-157.21,129.69,-157.95,128.12,-157.98,127.40,-159.00,0.0083,0.0041,0.0077,0.0086,0.0062,0.0039,0.0016,0.0046,0.0029,0.0041,0.0024,0.0056,0.0010,0.0040,0.0049
2026-08-05 09:03:30.039,5.833333,11,20,0.012609,0.0000,-138.97,0,0,0,60.0000,0.238,2.19572,0,0,0,0,0,0.002400,0.000507,0.004577,0.001266,0.004904,0.001500,0.004676,0.002239,0.004386,0.002612,0.003660,0.002754,0.003039,0.002825,0.002374,138.97,-18.70,-79.64,110.60,58.68,-118.54,-142.36,37.86,12.62,-169.96,168.30,-12.81,-34.16,143.08,121.78,0.0083,0.0041,0.0077,0.0086,0.0062,0.0039,0.0016,0.0046,0.0029,0.0041,0.0024,0.0056,0.0010,0.0040,0.0049
2026-08-05 09:03:30.039,5.850000,11,21,0.014561,-0.0001,-119.87,0,0,0,60.0000,0.238,2.19572,0,0,0,0,0,0.002834,0.000664,0.005535,0.001628,0.005790,0.002074,0.005481,0.002978,0.004929,0.003331,0.004005,0.003416,0.003154,0.003395,0.002330,119.87,-54.26,-135.06,30.28,-32.17,131.08,88.83,-110.86,-152.57,5.77,-32.66,126.71,86.87,-112.78,-152.66,0.0083,0.0041,0.0077,0.0086,0.0062,0.0039,0.0016,0.0046,0.0029,0.0041,0.0024,0.0056,0.0010,0.0040,0.0049
2026-08-05 09:03:30.039,5.866667,11,22,0.014308,-0.0001,106.80,0,0,0,60.0000,0.238,2.19572,0,0,0,0,0,0.002747,0.000713,0.005259,0.001480,0.005622,0.001871,0.005381,0.002763,0.004942,0.003102,0.004074,0.003313,0.003254,0.003257,0.002526,-106.80,-147.77,-98.65,-160.85,-90.64,-156.05,-64.04,-133.35,-41.25,-112.48,-16.96,-87.74,9.01,-63.25,34.09,0.0083,0.0041,0.0077,0.0086,0.0062,0.0039,0.0016,0.0046,0.0029,0.0041,0.0024,0.0056,0.0010,0.0040,0.0049
2026-08-05 09:03:30.039,5.883333,11,23,0.016680,-0.0006,179.43,0,0,0,60.0000,0.238,2.19572,0,0,0,0,0,0.004499,0.002888,0.007360,0.002742,0.007054,0.001370,0.005980,0.000608,0.004456,0.001671,0.002758,0.002860,0.001658,0.003760,0.001603,-179.43,125.99,104.14,47.58,18.48,-24.03,-55.19,-170.73,-135.42,41.11,140.45,-34.78,38.63,-109.04,-75.27,0.0083,0.0041,0.0077,0.0086,0.0062,0.0039,0.0016,0.0046,0.0029,0.0041,0.0024,0.0056,0.0010,0.0040,0.0049
2026-08-05 09:03:30.039,5.900000,11,24,0.014883,0.0002,178.91,0,0,0,60.0000,0.238,2.19572,0,0,0,0,0,0.003081,0.001154,0.006016,0.001067,0.005710,0.001169,0.005089,0.001473,0.003933,0.002493,0.002586,0.003324,0.001853,0.003895,0.001533,-178.91,125.49,31.51,-13.22,-114.31,-92.23,118.48,173.50,-9.51,55.18,-126.10,-70.71,127.06,161.00,30.85,0.0083,0.0041,0.0077,0.0086,0.0062,0.0039,0.0016,0.0046,0.0029,0.0041,0.0024,0.0056,0.0010,0.0040,0.0049
2026-08-05 09:03:30.039,5.916667,11,25,0.013947,-0.0004,129.17,0,0,0,60.0000,0.238,2.19572,0,0,0,0,0,0.002926,0.001042,0.005716,0.001116,0.005393,0.001947,0.005154,0.002259,0.004469,0.002990,0.003685,0.003239,0.003069,0.003220,0.002473,-129.17,-107.51,156.23,-163.33,91.36,161.14,44.84,121.13,-2.77,74.39,-45.14,25.37,-87.19,-22.02,-131.91,0.0083,0.0041,0.0077,0.0086,0.0062,0.0039,0.0016,0.0046,0.0029,0.0041,0.0024,0.0056,0.0010,0.0040,0.0049
2026-08-05 09:03:30.039,5.933333,11,26,0.013373,0.0002,-177.22,0,0,0,60.0000,0.238,2.19572,0,0,0,0,0,0.002690,0.000925,0.005122,0.001218,0.004790,0.002309,0.004804,0.002708,0.004381,0.003194,0.003690,0.003184,0.002898,0.003124,0.001984,177.22,139.87,16.75,5.22,-137.83,-118.49,87.89,100.94,-52.14,-37.43,171.04,-175.21,32.75,50.73,-103.77,0.0083,0.0041,0.0077,0.0086,0.0062,0.0039,0.0016,0.0046,0.0029,0.0041,0.0024,0.0056,0.0010,0.0040,0.0049
2026-08-05 09:03:30.039,5.950000,11,27,0.013392,-0.0005,94.56,0,0,0,60.0000,0.238,2.19572,0,0,0,0,0,0.002676,0.000538,0.005038,0.001155,0.004862,0.002326,0.005021,0.002490,0.004518,0.002989,0.003674,0.003155,0.002986,0.003123,0.002261,-94.56,-13.22,-70.05,34.40,-40.72,76.17,6.64,116.66,46.53,163.28,92.53,-153.74,139.38,-108.27,-177.36,0.0083,0.0041,0.0077,0.0086,0.0062,0.0039,0.0016,0.0046,0.0029,0.0041,0.0024,0.0056,0.0010,0.0040,0.0049
2026-08-05 09:03:30.039,5.966667,11,28,0.013093,-0.0003,162.14,0,0,0,60.0000,0.238,2.19572,0,0,0,0,0,0.002555,0.000718,0.005002,0.001408,0.004867,0.002417,0.004882,0.002673,0.004191,0.003190,0.003509,0.003229,0.002684,0.003130,0.001881,-162.14,-156.24,99.16,119.99,0.62,37.75,-83.19,-41.86,-168.19,-126.27,109.07,149.94,23.81,70.47,-56.06,0.0083,0.0041,0.0077,0.0086,0.0062,0.0039,0.0016,0.0046,0.0029,0.0041,0.0024,0.0056,0.0010,0.0040,0.0049
2026-08-05 09:03:30.039,5.983333,11,29,0.017027,0.0003,-73.91,0,0,0,60.0000,0.238,2.19572,0,0,0,0,0,0.003351,0.000727,0.006870,0.001709,0.006961,0.002676,0.006706,0.003198,0.006034,0.003632,0.004858,0.003634,0.003803,0.003479,0.002764,73.91,-21.14,85.22,-11.40,97.00,16.80,123.94,45.66,150.10,68.46,176.60,95.73,-153.87,123.47,-126.32,0.0083,0.0041,0.0077,0.0086,0.0062,0.0039,0.0016,0.0046,0.0029,0.0041,0.0024,0.0056,0.0010,0.0040,0.0049
2026-08-05 09:03:30.289,72.500000,145,0,0.015313,-0.0010,130.38,0,0,0,60.0000,0.463,0.38283,0,0,0,0,0,0.002957,0.000632,0.006081,0.001636,0.006252,0.002345,0.005690,0.003086,0.005455,0.003405,0.004365,0.003381,0.003237,0.003425,0.002386,-130.38,-58.97,-166.18,-95.49,158.68,-120.91,137.63,-144.73,114.39,-164.96,95.97,172.88,78.96,152.46,54.92,0.0637,0.0151,0.0106,0.0053,0.0016,0.0023,0.0026,0.0075,0.0054,0.0044,0.0021,0.0028,0.0028,0.0080,0.0049
2026-08-05 09:03:30.289,72.516667,145,1,0.019922,0.0001,-138.76,0,0,0,60.0000,0.463,0.38283,0,0,0,0,0,0.004320,0.001044,0.008801,0.002135,0.008897,0.003147,0.008248,0.003747,0.007146,0.003852,0.005437,0.003567,0.003992,0.003181,0.002564,138.76,160.77,-88.81,-89.02,47.93,51.49,-160.74,-164.34,-11.54,-19.43,140.48,129.57,-65.48,-82.18,87.91,0.0637,0.0151,0.0106,0.0053,0.0016,0.0023,0.0026,0.0075,0.0054,0.0044,0.0021,0.0028,0.0028,0.0080,0.0049
2026-08-05 09:03:30.289,72.533333,145,2,0.018054,0.0003,144.07,0,0,0,60.0000,0.463,0.38283,0,0,0,0,0,0.003765,0.001142,0.007447,0.002452,0.007615,0.003084,0.006944,0.003756,0.006140,0.004118,0.004795,0.003919,0.003591,0.003680,0.002435,-144.07,-143.16,145.03,169.64,78.23,123.03,25.43,72.55,-31.32,21.75,-84.81,-29.07,-137.66,-79.89,165.26,0.0637,0.0151,0.0106,0.0053,0.0016,0.0023,0.0026,0.0075,0.0054,0.0044,0.0021,0.0028,0.0028,0.0080,0.0049
2026-08-05 09:03:30.289,72.550000,145,3,0.016615,0.0010,-32.14,0,0,0,60.0000,0.463,0.38283,0,0,0,0,0,0.003414,0.000692,0.006549,0.002156,0.006962,0.002883,0.006212,0.003615,0.005631,0.004105,0.004211,0.004032,0.003208,0.003776,0.002123,32.14,-117.60,-47.13,175.54,-123.09,113.86,177.87,54.32,112.95,-11.69,51.41,-68.95,-8.15,-130.24,-72.72,0.0637,0.0151,0.0106,0.0053,0.0016,0.0023,0.0026,0.0075,0.0054,0.0044,0.0021,0.0028,0.0028,0.0080,0.0049
2026-08-05 09:03:30.289,72.566667,145,4,0.017565,-0.0002,131.67,0,0,0,60.0000,0.463,0.38283,0,0,0,0,0,0.005199,0.002861,0.008354,0.002032,0.007835,0.000840,0.006196,0.000995,0.004205,0.002723,0.002209,0.003865,0.001112,0.004508,0.001324,-131.67,41.07,-106.12,64.28,-88.94,98.92,-59.87,-50.70,-38.85,-18.38,-23.96,10.97,-33.71,41.56,-64.13,0.0637,0.0151,0.0106,0.0053,0.0016,0.0023,0.0026,0.0075,0.0054,0.0044,0.0021,0.0028,0.0028,0.0080,0.0049
2026-08-05 09:03:30.289,72.583333,145,5,0.016759,0.0006,26.33,0,0,0,60.0000,0.463,0.38283,0,0,0,0,0,0.003638,0.001470,0.007197,0.001420,0.006753,0.001698,0.005827,0.002476,0.004217,0.003558,0.002635,0.004337,0.001810,0.004733,0.001412,-26.33,-107.34,110.64,57.84,-101.44,-119.02,64.62,73.10,-132.20,-109.91,43.50,55.61,-133.10,-139.98,60.43,0.0637,0.0151,0.0106,0.0053,0.0016,0.0023,0.0026,0.0075,0.0054,0.0044,0.0021,0.0028,0.0028,0.0080,0.0049
2026-08-05 09:03:30.289,72.600000,145,6,0.017910,0.0015,-40.83,0,0,0,60.0000,0.463,0.38283,0,0,0,0,0,0.004123,0.001962,0.007655,0.002737,0.007247,0.003711,0.006893,0.004192,0.005177,0.004658,0.003833,0.004484,0.002778,0.003988,0.001637,40.83,24.29,-49.16,-34.67,-125.95,-90.74,174.00,-146.19,108.94,156.37,45.21,94.95,-19.55,34.05,-88.93,0.0637,0.0151,0.0106,0.0053,0.0016,0.0023,0.0026,0.0075,0.0054,0.0044,0.0021,0.0028,0.0028,0.0080,0.0049
2026-08-05 09:03:30.289,72.616667,145,7,0.020155,0.0003,-49.00,0,0,0,60.0000,0.463,0.38283,0,0,0,0,0,0.004810,0.001012,0.009251,0.001932,0.008630,0.003302,0.008270,0.004198,0.006941,0.004281,0.005331,0.003786,0.003607,0.003288,0.002255,49.00,82.52,-23.15,57.23,-78.74,0.19,-119.80,-48.64,-166.19,-94.85,149.06,-137.62,104.11,-175.41,60.24,0.0637,0.0151,0.0106,0.0053,0.0016,0.0023,0.0026,0.0075,0.0054,0.0044,0.0021,0.0028,0.0028,0.0080,0.0049
2026-08-05 09:03:30.289,72.633333,145,8,0.017110,0.0005,88.43,0,0,0,60.0000,0.463,0.38283,0,0,0,0,0,0.003722,0.001786,0.007066,0.002588,0.006578,0.004012,0.006425,0.004594,0.004925,0.004832,0.003340,0.004655,0.002232,0.004076,0.001026,-88.43,133.81,-60.26,-159.73,-20.12,-108.67,31.89,-55.26,78.86,2.20,131.54,53.45,177.50,107.45,-148.15,0.0637,0.0151,0.0106,0.0053,0.0016,0.0023,0.0026,0.0075,0.0054,0.0044,0.0021,0.0028,0.0028,0.0080,0.0049
2026-08-05 09:03:30.289,72.650000,145,9,0.017665,0.0005,-54.66,0,0,0,60.0000,0.463,0.38283,0,0,0,0,0,0.003884,0.000762,0.007384,0.001962,0.007306,0.003031,0.007002,0.003924,0.005896,0.004327,0.004685,0.003931,0.003240,0.003691,0.002087,54.66,116.22,17.75,91.08,-13.45,59.51,-33.45,44.87,-52.65,27.48,-69.53,8.44,-86.54,-6.70,-104.92,0.0637,0.0151,0.0106,0.0053,0.0016,0.0023,0.0026,0.0075,0.0054,0.0044,0.0021,0.0028,0.0028,0.0080,0.0049
2026-08-05 09:03:30.289,72.666667,145,10,0.015878,0.0005,124.59,0,0,0,60.0000,0.463,0.38283,0,0,0,0,0,0.003181,0.000743,0.006425,0.001956,0.006553,0.002628,0.006068,0.003552,0.005294,0.003821,0.004140,0.003745,0.003036,0.003572,0.002096,-124.59,129.33,-153.34,102.99,-179.33,80.97,170.15,72.65,156.71,58.49,143.68,49.94,132.31,39.27,117.98,0.0637,0.0151,0.0106,0.0053,0.0016,0.0023,0.0026,0.0075,0.0054,0.0044,0.0021,0.0028,0.0028,0.0080,0.0049
2026-08-05 09:03:30.289,72.683333,145,11,0.019783,0.0005,111.13,0,0,0,60.0000,0.463,0.38283,0,0,0,0,0,0.004062,0.002364,0.008337,0.003906,0.008119,0.004850,0.007194,0.005681,0.005590,0.005551,0.003577,0.005024,0.002081,0.004255,0.000900,-111.13,99.08,-117.42,110.93,-118.13,125.56,-105.65,143.94,-96.29,158.78,-87.49,174.71,-79.82,-172.96,-91.33,0.0637,0.0151,0.0106,0.0053,0.0016,0.0023,0.0026,0.0075,0.0054,0.0044,0.0021,0.0028,0.0028,0.0080,0.0049
2026-08-05 09:03:30.289,72.700000,145,12,0.024095,-0.0012,-125.17,0,0,0,60.0000,0.463,0.38283,0,0,0,0,0,0.005544,0.001604,0.010947,0.003583,0.010803,0.004805,0.009584,0.005970,0.007563,0.005893,0.005094,0.005228,0.003112,0.004119,0.001507,125.17,-110.32,-129.61,4.86,-18.05,125.18,105.77,-108.97,-132.42,16.30,-8.77,143.75,114.69,-90.57,-124.58,0.0637,0.0151,0.0106,0.0053,0.0016,0.0023,0.0026,0.0075,0.0054,0.0044,0.0021,0.0028,0.0028,0.0080,0.0049
2026-08-05 09:03:30.289,72.716667,145,13,0.025744,0.0002,76.37,0,0,0,60.0000,0.463,0.38283,0,0,0,0,0,0.005989,0.001817,0.011837,0.003934,0.011651,0.005289,0.010332,0.006310,0.007861,0.006209,0.005231,0.005419,0.002972,0.004189,0.001133,-76.37,-172.55,-22.05,-99.51,41.40,-23.58,117.20,53.72,-169.41,131.51,-92.63,-149.15,-13.85,-70.28,57.83,0.0637,0.0151,0.0106,0.0053,0.0016,0.0023,0.0026,0.0075,0.0054,0.0044,0.0021,0.0028,0.0028,0.0080,0.0049
2026-08-05 09:03:30.289,72.733333,145,14,0.031363,-0.0047,119.88,0,0,0,60.0000,0.463,0.38283,0,0,0,0,0,0.007480,0.001640,0.015233,0.004031,0.014978,0.005672,0.012960,0.006487,0.010107,0.006279,0.006731,0.005126,0.003869,0.003481,0.001689,-119.88,147.37,-149.62,111.78,-169.21,97.39,-179.59,86.18,170.64,78.81,163.80,71.05,163.23,67.76,166.84,0.0637,0.0151,0.0106,0.0053,0.0016,0.0023,0.0026,0.0075,0.0054,0.0044,0.0021,0.0028,0.0028,0.0080,0.0049
2026-08-05 09:03:30.289,72.750000,145,15,0.034635,-0.0064,-116.39,0,0,0,60.0000,0.463,0.38283,0,0,0,0,0,0.009849,0.002846,0.017591,0.003431,0.015964,0.004761,0.012240,0.006835,0.007587,0.007864,0.004110,0.007525,0.002831,0.006288,0.002702,116.39,-77.70,-133.89,5.46,-19.77,102.73,101.09,-142.93,-143.35,-18.98,-38.26,111.34,50.93,-112.71,153.37,0.0637,0.0151,0.0106,0.0053,0.0016,0.0023,0.0026,0.0075,0.0054,0.0044,0.0021,0.0028,0.0028,0.0080,0.0049
2026-08-05 09:03:30.289,72.766667,145,16,0.034704,0.0008,-156.81,0,0,0,60.0000,0.463,0.38283,0,0,0,0,0,0.010759,0.005269,0.018977,0.004335,0.017467,0.002201,0.013488,0.002892,0.008164,0.004800,0.003399,0.005700,0.000160,0.005703,0.002019,156.81,51.01,1.13,-104.73,-151.67,77.59,63.27,-141.56,-82.58,53.48,134.40,-93.63,-79.84,124.22,41.93,0.0637,0.0151,0.0106,0.0053,0.0016,0.0023,0.0026,0.0075,0.0054,0.0044,0.0021,0.0028,0.0028,0.0080,0.0049
2026-08-05 09:03:30.289,72.783333,145,17,0.020066,0.0006,-9.57,0,0,0,60.0000,0.463,0.38283,0,0,0,0,0,0.005770,0.002916,0.009651,0.001880,0.009123,0.001397,0.007881,0.001761,0.005947,0.002861,0.004016,0.003375,0.002905,0.003715,0.002310,9.57,116.18,143.03,-85.45,-56.12,119.51,120.21,-19.74,-61.27,166.47,128.69,-16.28,-34.55,160.15,168.71,0.0637,0.0151,0.0106,0.0053,0.0016,0.0023,0.0026,0.0075,0.0054,0.0044,0.0021,0.0028,0.0028,0.0080,0.0049
2026-08-05 09:03:30.289,72.800000,145,18,0.018601,-0.0007,87.75,0,0,0,60.0000,0.463,0.38283,0,0,0,0,0,0.004105,0.000965,0.008326,0.001589,0.007995,0.002720,0.007607,0.003187,0.006357,0.003751,0.005016,0.003814,0.004030,0.003403,0.002878,-87.75,-12.36,-75.90,28.18,-49.64,68.90,-8.49,111.46,31.44,146.84,74.59,-177.31,115.24,-136.39,158.50,0.0637,0.0151,0.0106,0.0053,0.0016,0.0023,0.0026,0.0075,0.0054,0.0044,0.0021,0.0028,0.0028,0.0080,0.0049
2026-08-05 09:03:30.289,72.816667,145,19,0.017561,0.0000,167.93,0,0,0,60.0000,0.463,0.38283,0,0,0,0,0,0.003838,0.000618,0.007634,0.001380,0.007170,0.002770,0.007043,0.003135,0.006363,0.003458,0.005129,0.003244,0.003920,0.003124,0.002689,-167.93,-144.14,51.41,107.85,-75.16,-21.94,173.73,-144.01,57.79,96.21,-55.81,-19.76,-168.60,-130.48,83.18,0.0637,0.0151,0.0106,0.0053,0.0016,0.0023,0.0026,0.0075,0.0054,0.0044,0.0021,0.0028,0.0028,0.0080,0.0049
2026-08-05 09:03:30.289,72.833333,145,20,0.016231,0.0003,-76.83,0,0,0,60.0000,0.463,0.38283,0,0,0,0,0,0.003364,0.000556,0.006585,0.001407,0.006421,0.002782,0.006648,0.002849,0.005828,0.003235,0.004551,0.003377,0.003691,0.003281,0.002688,76.83,-26.60,79.19,1.52,93.25,13.46,117.21,35.25,138.04,62.15,165.18,84.96,-167.37,110.40,-141.31,0.0637,0.0151,0.0106,0.0053,0.0016,0.0023,0.0026,0.0075,0.0054,0.0044,0.0021,0.0028,0.0028,0.0080,0.0049
2026-08-05 09:03:30.289,72.850000,145,21,0.015398,-0.0008,176.04,0,0,0,60.0000,0.463,0.38283,0,0,0,0,0,0.003128,0.000540,0.006070,0.001588,0.006169,0.002557,0.006044,0.002932,0.005267,0.003501,0.004307,0.003400,0.003328,0.003434,0.002417,-176.04,-143.53,43.56,77.62,-89.47,-54.44,149.16,-172.78,29.59,60.80,-91.05,-59.17,150.21,-176.84,34.16,0.0637,0.0151,0.0106,0.0053,0.0016,0.0023,0.0026,0.0075,0.0054,0.0044,0.0021,0.0028,0.0028,0.0080,0.0049
2026-08-05 09:03:30.289,72.866667,145,22,0.016033,0.0009,138.66,0,0,0,60.0000,0.463,0.38283,0,0,0,0,0,0.003079,0.000811,0.006498,0.001608,0.006717,0.002441,0.006315,0.002987,0.005726,0.003283,0.004529,0.003296,0.003656,0.003207,0.002664,-138.66,-44.83,163.70,-119.76,108.08,-166.68,68.02,149.00,26.55,101.34,-15.17,60.26,-52.23,19.65,-93.30,0.0637,0.0151,0.0106,0.0053,0.0016,0.0023,0.0026,0.0075,0.0054,0.0044,0.0021,0.0028,0.0028,0.0080,0.0049
2026-08-05 09:03:30.289,72.883333,145,23,0.014885,0.0008,-84.71,0,0,0,60.0000,0.463,0.38283,0,0,0,0,0,0.002934,0.000639,0.005830,0.001650,0.005934,0.002503,0.005587,0.003051,0.005058,0.003367,0.003990,0.003409,0.003179,0.003321,0.002376,84.71,-0.51,124.92,33.77,161.54,93.40,-144.86,148.11,-92.74,-161.75,-41.73,-106.87,12.84,-54.00,63.27,0.0637,0.0151,0.0106,0.0053,0.0016,0.0023,0.0026,0.0075,0.0054,0.0044,0.0021,0.0028,0.0028,0.0080,0.0049
2026-08-05 09:03:30.289,72.900000,145,24,0.015402,-0.0001,123.51,0,0,0,60.0000,0.463,0.38283,0,0,0,0,0,0.003093,0.000799,0.005964,0.002100,0.006152,0.002848,0.005639,0.003556,0.005038,0.003891,0.003842,0.003818,0.002829,0.003769,0.001959,-123.51,-82.95,-146.82,-95.61,-169.94,-96.50,-176.13,-103.06,172.99,-109.02,166.02,-116.88,160.38,-122.06,148.40,0.0637,0.0151,0.0106,0.0053,0.0016,0.0023,0.0026,0.0075,0.0054,0.0044,0.0021,0.0028,0.0028,0.0080,0.0049
2026-08-05 09:03:30.289,72.916667,145,25,0.015744,0.0001,152.79,0,0,0,60.0000,0.463,0.38283,0,0,0,0,0,0.003163,0.000705,0.006180,0.001881,0.006368,0.002665,0.005975,0.003236,0.005412,0.003597,0.004276,0.003608,0.003289,0.003540,0.002336,-152.79,-146.06,119.46,139.87,33.60,76.82,-35.23,7.31,-107.60,-62.04,-178.05,-131.95,114.21,159.40,42.31,0.0637,0.0151,0.0106,0.0053,0.0016,0.0023,0.0026,0.0075,0.0054,0.0044,0.0021,0.0028,0.0028,0.0080,0.0049
2026-08-05 09:03:30.289,72.933333,145,26,0.017744,-0.0004,-133.72,0,0,0,60.0000,0.463,0.38283,0,0,0,0,0,0.003643,0.000684,0.007373,0.001959,0.007676,0.002747,0.007037,0.003423,0.006160,0.003872,0.004878,0.003730,0.003754,0.003499,0.002587,133.72,111.05,-106.15,-130.46,19.75,8.02,161.39,142.43,-62.67,-78.58,76.65,61.79,-141.23,-159.15,-2.73,0.0637,0.0151,0.0106,0.0053,0.0016,0.0023,0.0026,0.0075,0.0054,0.0044,0.0021,0.0028,0.0028,0.0080,0.0049
2026-08-05 09:03:30.289,72.950000,145,27,0.017925,-0.0004,139.35,0,0,0,60.0000,0.463,0.38283,0,0,0,0,0,0.003942,0.000792,0.007715,0.002059,0.007752,0.002800,0.006807,0.003777,0.005694,0.004325,0.004270,0.004291,0.003257,0.003992,0.002304,-139.35,-91.87,163.76,-149.47,110.99,167.98,71.97,123.15,25.36,83.27,-18.47,46.60,-61.25,10.15,-104.72,0.0637,0.0151,0.0106,0.0053,0.0016,0.0023,0.0026,0.0075,0.0054,0.0044,0.0021,0.0028,0.0028,0.0080,0.0049
2026-08-05 09:03:30.289,72.966667,145,28,0.018868,0.0004,-130.29,0,0,0,60.0000,0.463,0.38283,0,0,0,0,0,0.005358,0.003299,0.009146,0.002813,0.009016,0.001760,0.007551,0.000528,0.005435,0.001702,0.003334,0.002861,0.001797,0.003719,0.000790,130.29,-157.72,-47.23,18.31,128.21,-157.75,-45.72,-28.17,136.10,78.19,-41.63,-106.20,134.63,77.53,-87.69,0.0637,0.0151,0.0106,0.0053,0.0016,0.0023,0.0026,0.0075,0.0054,0.0044,0.0021,0.0028,0.0028,0.0080,0.0049
2026-08-05 09:03:30.289,72.983333,145,29,0.021366,-0.0003,121.86,0,0,0,60.0000,0.463,0.38283,0,0,0,0,0,0.004739,0.002525,0.009253,0.003734,0.008648,0.004972,0.007620,0.005800,0.005483,0.006155,0.003599,0.005736,0.002184,0.004779,0.001117,-121.86,67.70,-150.16,68.37,-169.86,67.75,-177.46,67.60,174.48,64.98,171.02,57.05,159.44,47.82,140.89,0.0637,0.0151,0.0106,0.0053,0.0016,0.0023,0.0026,0.0075,0.0054,0.0044,0.0021,0.0028,0.0028,0.0080,0.0049
2026-08-05 09:03:30.551,73.000000,146,0,0.021525,0.0004,-167.69,0,0,0,60.0000,0.407,0.99915,0,0,0,0,0,0.005460,0.002570,0.010438,0.002630,0.009234,0.003680,0.007947,0.005024,0.005984,0.005681,0.004544,0.005101,0.003151,0.003928,0.001681,167.69,-83.02,-50.79,93.86,111.33,-76.01,-69.17,109.00,110.82,-74.56,-67.74,98.31,105.05,-84.42,-88.80,0.0465,0.0361,0.0176,0.0101,0.0076,0.0015,0.0028,0.0114,0.0103,0.0025,0.0051,0.0064,0.0067,0.0019,0.0045
2026-08-05 09:03:30.551,73.016667,146,1,0.017702,0.0009,32.11,0,0,0,60.0000,0.407,0.99915,0,0,0,0,0,0.004070,0.001332,0.007629,0.001473,0.007039,0.002938,0.007040,0.003795,0.006081,0.003938,0.004822,0.003675,0.003500,0.003524,0.002342,-32.11,-116.72,87.01,56.37,-134.36,-155.45,20.34,-5.64,166.81,144.41,-44.59,-62.89,104.41,92.01,-102.41,0.0465,0.0361,0.0176,0.0101,0.0076,0.0015,0.0028,0.0114,0.0103,0.0025,0.0051,0.0064,0.0067,0.0019,0.0045
2026-08-05 09:03:30.551,73.033333,146,2,0.018928,-0.0000,179.97,0,0,0,60.0000,0.407,0.99915,0,0,0,0,0,0.004198,0.001568,0.008160,0.002511,0.007936,0.004140,0.007430,0.004529,0.005875,0.004853,0.004230,0.004522,0.002845,0.003786,0.001640,-179.97,-39.30,25.58,-154.09,-117.94,68.66,110.32,-60.93,-24.50,173.72,-157.80,40.16,65.60,-88.25,-75.17,0.0465,0.0361,0.0176,0.0101,0.0076,0.0015,0.0028,0.0114,0.0103,0.0025,0.0051,0.0064,0.0067,0.0019,0.0045
2026-08-05 09:03:30.551,73.050000,146,3,0.018985,-0.0007,-88.37,0,0,0,60.0000,0.407,0.99915,0,0,0,0,0,0.004136,0.001462,0.007960,0.002770,0.007938,0.003917,0.007379,0.004787,0.005837,0.005072,0.004271,0.004582,0.002668,0.004170,0.001588,88.37,150.11,114.98,-156.98,150.14,-114.98,-162.28,-60.67,-116.50,-12.22,-71.24,38.18,-26.38,88.54,16.45,0.0465,0.0361,0.0176,0.0101,0.0076,0.0015,0.0028,0.0114,0.0103,0.0025,0.0051,0.0064,0.0067,0.0019,0.0045
2026-08-05 09:03:30.551,73.066667,146,4,0.017565,0.0002,-50.90,0,0,0,60.0000,0.407,0.99915,0,0,0,0,0,0.003521,0.000906,0.007078,0.002211,0.007207,0.003093,0.006707,0.004138,0.005732,0.004366,0.004338,0.004352,0.003174,0.004136,0.002098,50.90,119.54,11.35,82.68,-24.82,52.34,-45.67,32.54,-69.28,9.18,-93.52,-10.96,-115.54,-32.28,-141.35,0.0465,0.0361,0.0176,0.0101,0.0076,0.0015,0.0028,0.0114,0.0103,0.0025,0.0051,0.0064,0.0067,0.0019,0.0045
2026-08-05 09:03:30.551,73.083333,146,5,0.016096,0.0005,163.30,0,0,0,60.0000,0.407,0.99915,0,0,0,0,0,0.003103,0.000669,0.006288,0.001725,0.006551,0.002347,0.006223,0.003325,0.005482,0.003595,0.004429,0.003615,0.003504,0.003697,0.002494,-163.30,70.26,86.73,-46.84,-19.58,-154.02,-109.56,116.25,157.51,21.77,64.73,-68.78,-24.51,-160.72,-114.06,0.0465,0.0361,0.0176,0.0101,0.0076,0.0015,0.0028,0.0114,0.0103,0.0025,0.0051,0.0064,0.0067,0.0019,0.0045
2026-08-05 09:03:30.551,73.100000,146,6,0.016455,-0.0000,84.23,0,0,0,60.0000,0.407,0.99915,0,0,0,0,0,0.003331,0.000935,0.006717,0.002170,0.006841,0.002965,0.006307,0.003904,0.005337,0.004101,0.004022,0.003951,0.002943,0.003735,0.001900,-84.23,-177.58,-34.78,-113.34,17.88,-51.11,85.83,21.01,150.42,87.43,-145.06,157.84,-79.22,-134.38,-19.18,0.0465,0.0361,0.0176,0.0101,0.0076,0.0015,0.0028,0.0114,0.0103,0.0025,0.0051,0.0064,0.0067,0.0019,0.0045
2026-08-05 09:03:30.551,73.116667,146,7,0.015666,0.0001,116.16,0,0,0,60.0000,0.407,0.99915,0,0,0,0,0,0.003221,0.000592,0.006183,0.001659,0.006460,0.002289,0.006235,0.003073,0.005406,0.003376,0.004336,0.003497,0.003457,0.003364,0.002493,-116.16,178.80,-128.02,146.00,-139.65,139.73,-132.44,145.46,-128.34,145.17,-127.10,152.39,-119.35,159.01,-113.08,0.0465,0.0361,0.0176,0.0101,0.0076,0.0015,0.0028,0.0114,0.0103,0.0025,0.0051,0.0064,0.0067,0.0019,0.0045
2026-08-05 09:03:30.551,73.133333,146,8,0.015420,-0.0016,139.26,0,0,0,60.0000,0.407,0.99915,0,0,0,0,0,0.003056,0.001023,0.005820,0.001595,0.006269,0.002249,0.005791,0.003176,0.005232,0.003595,0.004299,0.003549,0.003444,0.003587,0.002482,-139.26,139.35,172.56,84.03,124.67,31.19,90.39,-6.67,53.26,-44.42,16.21,-76.56,-17.82,-113.38,-48.86,0.0465,0.0361,0.0176,0.0101,0.0076,0.0015,0.0028,0.0114,0.0103,0.0025,0.0051,0.0064,0.0067,0.0019,0.0045
2026-08-05 09:03:30.551,73.150000,146,9,0.014076,0.0007,-91.48,0,0,0,60.0000,0.407,0.99915,0,0,0,0,0,0.002800,0.000713,0.005455,0.001366,0.005572,0.001734,0.005173,0.002723,0.004500,0.003157,0.003723,0.003339,0.003107,0.003503,0.002486,91.48,-112.67,140.36,-84.73,-170.05,-46.39,-104.51,17.02,-44.11,76.26,17.10,143.10,83.03,-149.57,147.56,0.0465,0.0361,0.0176,0.0101,0.0076,0.0015,0.0028,0.0114,0.0103,0.0025,0.0051,0.0064,0.0067,0.0019,0.0045
2026-08-05 09:03:30.551,73.166667,146,10,0.017570,0.0002,-4.24,0,0,0,60.0000,0.407,0.99915,0,0,0,0,0,0.004830,0.002161,0.008331,0.001992,0.008135,0.001288,0.007163,0.001750,0.005582,0.002285,0.003587,0.002780,0.001986,0.003351,0.000579,4.24,107.21,-68.93,21.69,-148.41,-78.45,144.27,177.47,74.16,82.03,6.07,1.68,-60.05,-74.45,-127.07,0.0465,0.0361,0.0176,0.0101,0.0076,0.0015,0.0028,0.0114,0.0103,0.0025,0.0051,0.0064,0.0067,0.0019,0.0045
2026-08-05 09:03:30.551,73.183333,146,11,0.017090,-0.0000,65.76,0,0,0,60.0000,0.407,0.99915,0,0,0,0,0,0.003596,0.001135,0.007085,0.002050,0.006816,0.003206,0.006481,0.003665,0.005328,0.004325,0.004075,0.004337,0.003077,0.004102,0.001999,-65.76,14.13,5.61,109.24,86.23,-149.28,-179.74,-49.95,-87.00,47.26,10.67,140.84,107.98,-123.62,-154.13,0.0465,0.0361,0.0176,0.0101,0.0076,0.0015,0.0028,0.0114,0.0103,0.0025,0.0051,0.0064,0.0067,0.0019,0.0045
2026-08-05 09:03:30.551,73.200000,146,12,0.018013,-0.0008,141.14,0,0,0,60.0000,0.407,0.99915,0,0,0,0,0,0.004078,0.000966,0.008071,0.001314,0.007593,0.002490,0.007117,0.003136,0.006069,0.003737,0.005039,0.003667,0.004138,0.003263,0.002896,-141.14,-122.17,112.58,173.62,23.73,97.43,-48.44,22.13,-121.26,-59.00,167.99,-139.75,94.81,144.54,21.43,0.0465,0.0361,0.0176,0.0101,0.0076,0.0015,0.0028,0.0114,0.0103,0.0025,0.0051,0.0064,0.0067,0.0019,0.0045
2026-08-05 09:03:30.551,73.216667,146,13,0.017215,-0.0003,-84.55,0,0,0,60.0000,0.407,0.99915,0,0,0,0,0,0.003702,0.000675,0.007175,0.001574,0.006884,0.002748,0.007112,0.002824,0.006468,0.002953,0.005168,0.002902,0.004032,0.002953,0.003045,84.55,46.92,96.45,67.61,120.88,78.47,159.50,104.43,-166.67,133.21,-130.63,169.52,-90.23,-156.42,-47.29,0.0465,0.0361,0.0176,0.0101,0.0076,0.0015,0.0028,0.0114,0.0103,0.0025,0.0051,0.0064,0.0067,0.0019,0.0045
2026-08-05 09:03:30.551,73.233333,146,14,0.019743,0.0046,27.13,0,0,0,60.0000,0.407,0.99915,0,0,0,0,0,0.004269,0.000644,0.008823,0.002021,0.008548,0.003271,0.008212,0.003732,0.006896,0.004124,0.005296,0.003731,0.003959,0.003324,0.002516,-27.13,148.78,120.58,-70.79,-82.09,94.39,89.19,-94.96,-103.52,73.14,68.58,-117.09,-120.12,55.18,48.86,0.0465,0.0361,0.0176,0.0101,0.0076,0.0015,0.0028,0.0114,0.0103,0.0025,0.0051,0.0064,0.0067,0.0019,0.0045
2026-08-05 09:03:30.551,73.250000,146,15,0.020019,-0.0003,163.84,0,0,0,60.0000,0.407,0.99915,0,0,0,0,0,0.004453,0.000927,0.008545,0.002106,0.008873,0.002808,0.008454,0.003406,0.007313,0.003473,0.005827,0.003321,0.004429,0.003105,0.003088,-163.84,-71.83,80.48,148.01,-26.31,34.46,-123.14,-61.77,142.33,-168.61,47.47,94.90,-44.59,-2.77,-135.39,0.0465,0.0361,0.0176,0.0101,0.0076,0.0015,0.0028,0.0114,0.0103,0.0025,0.0051,0.0064,0.0067,0.0019,0.0045
2026-08-05 09:03:30.551,73.266667,146,16,0.016844,0.0003,38.49,0,0,0,60.0000,0.407,0.99915,0,0,0,0,0,0.003543,0.000610,0.007027,0.001634,0.007144,0.002513,0.006791,0.003055,0.006075,0.003362,0.004762,0.003301,0.003727,0.003164,0.002608,-38.49,142.47,101.44,-95.08,-116.29,58.98,41.66,-145.22,-162.01,7.59,-5.26,164.42,155.33,-40.86,-48.58,0.0465,0.0361,0.0176,0.0101,0.0076,0.0015,0.0028,0.0114,0.0103,0.0025,0.0051,0.0064,0.0067,0.0019,0.0045
2026-08-05 09:03:30.551,73.283333,146,17,0.015511,0.0011,-69.74,0,0,0,60.0000,0.407,0.99915,0,0,0,0,0,0.003170,0.000731,0.006189,0.001758,0.006224,0.002529,0.005922,0.003041,0.005467,0.003390,0.004275,0.003551,0.003358,0.003391,0.002363,69.74,-26.71,74.49,-21.97,77.83,1.24,96.72,18.01,114.65,32.93,134.59,53.66,155.28,75.09,172.36,0.0465,0.0361,0.0176,0.0101,0.0076,0.0015,0.0028,0.0114,0.0103,0.0025,0.0051,0.0064,0.0067,0.0019,0.0045
2026-08-05 09:03:30.551,73.300000,146,18,0.015403,0.0002,-139.07,0,0,0,60.0000,0.407,0.99915,0,0,0,0,0,0.003199,0.000502,0.006184,0.001649,0.006508,0.002349,0.006084,0.002893,0.005522,0.003172,0.004355,0.003137,0.003394,0.003082,0.002489,139.07,113.76,-87.59,-121.23,48.03,34.26,-159.29,-177.78,-10.39,-28.03,142.26,121.56,-63.85,-87.07,85.79,0.0465,0.0361,0.0176,0.0101,0.0076,0.0015,0.0028,0.0114,0.0103,0.0025,0.0051,0.0064,0.0067,0.0019,0.0045
2026-08-05 09:03:30.551,73.316667,146,19,0.014511,-0.0001,58.36,0,0,0,60.0000,0.407,0.99915,0,0,0,0,0,0.002841,0.000558,0.005478,0.001722,0.005796,0.002406,0.005315,0.003076,0.004891,0.003411,0.003910,0.003458,0.003000,0.003467,0.002208,-58.36,67.76,46.41,172.65,151.01,-60.90,-86.23,58.55,32.36,179.56,153.08,-59.20,-83.02,62.65,35.49,0.0465,0.0361,0.0176,0.0101,0.0076,0.0015,0.0028,0.0114,0.0103,0.0025,0.0051,0.0064,0.0067,0.0019,0.0045
2026-08-05 09:03:30.551,73.333333,146,20,0.015112,0.0008,17.80,0,0,0,60.0000,0.407,0.99915,0,0,0,0,0,0.002968,0.000631,0.005853,0.001854,0.006073,0.002493,0.005708,0.003126,0.005081,0.003608,0.003945,0.003561,0.003170,0.003542,0.002232,-17.80,149.31,162.95,-27.68,-12.57,176.92,-170.13,14.51,25.47,-147.84,-135.47,53.28,66.89,-105.88,-97.78,0.0465,0.0361,0.0176,0.0101,0.0076,0.0015,0.0028,0.0114,0.0103,0.0025,0.0051,0.0064,0.0067,0.0019,0.0045
2026-08-05 09:03:30.551,73.350000,146,21,0.018073,-0.0005,29.97,0,0,0,60.0000,0.407,0.99915,0,0,0,0,0,0.004678,0.001616,0.007978,0.000263,0.006963,0.001357,0.004968,0.003350,0.003006,0.004914,0.002413,0.005520,0.002985,0.005448,0.003413,-29.97,-138.91,-176.15,50.23,31.18,141.43,-112.77,3.85,81.34,-130.39,-105.85,95.67,92.92,-38.79,-52.95,0.0465,0.0361,0.0176,0.0101,0.0076,0.0015,0.0028,0.0114,0.0103,0.0025,0.0051,0.0064,0.0067,0.0019,0.0045
2026-08-05 09:03:30.551,73.366667,146,22,0.021535,-0.0013,99.39,0,0,0,60.0000,0.407,0.99915,0,0,0,0,0,0.005444,0.003139,0.010349,0.003134,0.009993,0.002180,0.008352,0.001224,0.005991,0.002229,0.003576,0.003308,0.001918,0.004157,0.001191,-99.39,90.21,-64.65,118.74,-27.53,157.36,21.82,144.58,64.91,138.23,108.35,175.87,138.15,-137.59,133.83,0.0465,0.0361,0.0176,0.0101,0.0076,0.0015,0.0028,0.0114,0.0103,0.0025,0.0051,0.0064,0.0067,0.0019,0.0045
2026-08-05 09:03:30.551,73.383333,146,23,0.016751,0.0019,26.10,0,0,0,60.0000,0.407,0.99915,0,0,0,0,0,0.003689,0.001690,0.007296,0.001904,0.007173,0.002426,0.006692,0.002876,0.005416,0.003376,0.004046,0.003586,0.003042,0.003573,0.002089,-26.10,-100.30,77.81,31.54,-159.77,168.07,-20.58,-41.78,115.02,103.67,-102.88,-115.78,40.26,26.42,-174.37,0.0465,0.0361,0.0176,0.0101,0.0076,0.0015,0.0028,0.0114,0.0103,0.0025,0.0051,0.0064,0.0067,0.0019,0.0045
2026-08-05 09:03:30.551,73.400000,146,24,0.015848,-0.0004,98.48,0,0,0,60.0000,0.407,0.99915,0,0,0,0,0,0.003533,0.001078,0.006855,0.001460,0.006406,0.002366,0.005981,0.003367,0.004979,0.003855,0.004099,0.003781,0.003304,0.003371,0.002162,-98.48,131.90,-109.68,164.66,-107.01,177.68,-85.07,-162.60,-67.69,-145.16,-47.27,-130.93,-32.39,-111.88,-18.48,0.0465,0.0361,0.0176,0.0101,0.0076,0.0015,0.0028,0.0114,0.0103,0.0025,0.0051,0.0064,0.0067,0.0019,0.0045
2026-08-05 09:03:30.551,73.416667,146,25,0.016700,-0.0005,-173.57,0,0,0,60.0000,0.407,0.99915,0,0,0,0,0,0.003534,0.000884,0.006833,0.001623,0.006622,0.002740,0.006534,0.003602,0.005628,0.003882,0.004413,0.003896,0.003366,0.003724,0.002278,173.57,-38.90,0.86,-169.85,-160.07,31.79,55.17,-116.54,-96.39,97.36,116.09,-49.52,-31.97,165.06,-178.89,0.0465,0.0361,0.0176,0.0101,0.0076,0.0015,0.0028,0.0114,0.0103,0.0025,0.0051,0.0064,0.0067,0.0019,0.0045
2026-08-05 09:03:30.551,73.433333,146,26,0.015080,0.0012,94.96,0,0,0,60.0000,0.407,0.99915,0,0,0,0,0,0.003008,0.000502,0.005882,0.001431,0.005784,0.002472,0.005893,0.002997,0.004917,0.003506,0.004030,0.003628,0.003284,0.003521,0.002176,-94.96,154.98,-82.71,-149.88,-56.23,-131.71,-17.63,-92.97,15.32,-52.38,55.94,-18.82,91.59,21.93,131.20,0.0465,0.0361,0.0176,0.0101,0.0076,0.0015,0.0028,0.0114,0.0103,0.0025,0.0051,0.0064,0.0067,0.0019,0.0045
2026-08-05 09:03:30.551,73.450000,146,27,0.016882,0.0007,39.41,0,0,0,60.0000,0.407,0.99915,0,0,0,0,0,0.003427,0.001090,0.006963,0.002310,0.006978,0.003183,0.006460,0.004101,0.005358,0.004366,0.004016,0.004121,0.002799,0.003850,0.001711,-39.41,-90.84,98.01,63.56,-120.48,-147.23,35.97,13.30,-169.92,168.64,-16.35,-33.56,139.38,122.59,-70.01,0.0465,0.0361,0.0176,0.0101,0.0076,0.0015,0.0028,0.0114,0.0103,0.0025,0.0051,0.0064,0.0067,0.0019,0.0045
2026-08-05 09:03:30.551,73.466667,146,28,0.031062,0.0006,85.48,0,0,0,60.0000,0.407,0.99915,0,0,0,0,0,0.007395,0.003337,0.014229,0.006033,0.013657,0.007732,0.011450,0.008855,0.008009,0.008282,0.004301,0.006929,0.001544,0.004878,0.000998,-85.48,154.39,-49.04,-145.60,-1.55,-85.78,54.41,-22.68,111.61,38.65,169.02,104.70,-136.50,168.93,154.76,0.0465,0.0361,0.0176,0.0101,0.0076,0.0015,0.0028,0.0114,0.0103,0.0025,0.0051,0.0064,0.0067,0.0019,0.0045
2026-08-05 09:03:30.551,73.483333,146,29,0.023526,0.0001,-33.33,0,0,0,60.0000,0.407,0.99915,0,0,0,0,0,0.005330,0.001617,0.010651,0.003682,0.010430,0.004945,0.009213,0.006001,0.007118,0.006010,0.004620,0.005348,0.002773,0.004261,0.001300,33.33,52.52,-49.36,-16.03,-124.43,-78.15,172.46,-138.97,107.49,160.83,43.48,101.62,-22.80,41.53,-101.25,0.0465,0.0361,0.0176,0.0101,0.0076,0.0015,0.0028,0.0114,0.0103,0.0025,0.0051,0.0064,0.0067,0.0019,0.0045
2026-08-05 09:03:30.802,73.500000,147,0,0.020710,-0.0008,130.95,0,0,0,60.0000,0.319,1.64337,0,0,0,0,0,0.004602,0.001253,0.008955,0.002903,0.008993,0.004043,0.008161,0.005058,0.006637,0.005186,0.004618,0.004837,0.003120,0.004138,0.001758,-130.95,99.10,-178.78,59.78,138.87,25.81,110.44,-0.39,78.75,-30.13,49.13,-56.40,20.38,-84.44,-15.75,0.0207,0.0171,0.0210,0.0076,0.0101,0.0080,0.0007,0.0059,0.0039,0.0049,0.0057,0.0009,0.0046,0.0072,0.0045
2026-08-05 09:03:30.802,73.516667,147,1,0.016748,0.0001,-22.29,0,0,0,60.0000,0.319,1.64337,0,0,0,0,0,0.003360,0.000737,0.006832,0.001942,0.006929,0.002761,0.006532,0.003618,0.005597,0.004008,0.004367,0.003914,0.003321,0.003624,0.002151,22.29,34.68,-77.75,-44.82,-172.74,-134.62,106.83,148.84,23.52,67.90,-58.10,-13.40,-141.01,-92.74,135.44,0.0207,0.0171,0.0210,0.0076,0.0101,0.0080,0.0007,0.0059,0.0039,0.0049,0.0057,0.0009,0.0046,0.0072,0.0045
2026-08-05 09:03:30.802,73.533333,147,2,0.019050,0.0004,-21.29,0,0,0,60.0000,0.319,1.64337,0,0,0,0,0,0.004031,0.001643,0.008155,0.003110,0.008127,0.004033,0.007262,0.004963,0.005817,0.004976,0.004078,0.004580,0.002572,0.003850,0.001402,21.29,12.31,-83.06,-72.24,177.32,-158.40,92.25,122.33,3.81,38.23,-85.29,-44.05,-176.89,-129.50,83.26,0.0207,0.0171,0.0210,0.0076,0.0101,0.0080,0.0007,0.0059,0.0039,0.0049,0.0057,0.0009,0.0046,0.0072,0.0045
2026-08-05 09:03:30.802,73.550000,147,3,0.018668,-0.0008,-144.95,0,0,0,60.0000,0.319,1.64337,0,0,0,0,0,0.004432,0.001194,0.008528,0.001927,0.008262,0.002559,0.007165,0.003687,0.005478,0.004184,0.003626,0.004314,0.002465,0.004145,0.001953,144.95,-35.66,-48.28,116.90,119.01,-83.08,-61.26,93.49,112.93,-91.33,-76.21,89.68,88.37,-89.64,-114.58,0.0207,0.0171,0.0210,0.0076,0.0101,0.0080,0.0007,0.0059,0.0039,0.0049,0.0057,0.0009,0.0046,0.0072,0.0045
2026-08-05 09:03:30.802,73.566667,147,4,0.020957,0.0010,72.98,0,0,0,60.0000,0.319,1.64337,0,0,0,0,0,0.005775,0.002373,0.010095,0.001680,0.009574,0.000752,0.008025,0.001972,0.005567,0.003102,0.002987,0.003936,0.001100,0.004570,0.000790,-72.98,-51.96,53.00,62.55,174.16,127.35,-53.30,-141.77,77.52,-25.78,-147.37,101.46,5.99,-130.59,-111.56,0.0207,0.0171,0.0210,0.0076,0.0101,0.0080,0.0007,0.0059,0.0039,0.0049,0.0057,0.0009,0.0046,0.0072,0.0045
2026-08-05 09:03:30.802,73.583333,147,5,0.016592,0.0001,112.52,0,0,0,60.0000,0.319,1.64337,0,0,0,0,0,0.003966,0.001511,0.007620,0.001204,0.007416,0.001596,0.006966,0.001705,0.005792,0.002209,0.004453,0.002400,0.003565,0.002511,0.002734,-112.52,-71.34,165.93,-116.51,105.54,-152.84,61.85,175.14,17.44,126.29,-20.51,76.46,-55.62,27.46,-88.67,0.0207,0.0171,0.0210,0.0076,0.0101,0.0080,0.0007,0.0059,0.0039,0.0049,0.0057,0.0009,0.0046,0.0072,0.0045
2026-08-05 09:03:30.802,73.600000,147,6,0.017909,-0.0003,70.59,0,0,0,60.0000,0.319,1.64337,0,0,0,0,0,0.003880,0.000735,0.007810,0.001791,0.007495,0.003092,0.007195,0.003580,0.006090,0.004072,0.004758,0.003813,0.003587,0.003407,0.002241,-70.59,53.49,-14.44,119.96,53.54,-166.56,134.75,-85.68,-145.48,-9.75,-62.59,68.13,16.68,151.76,98.62,0.0207,0.0171,0.0210,0.0076,0.0101,0.0080,0.0007,0.0059,0.0039,0.0049,0.0057,0.0009,0.0046,0.0072,0.0045
2026-08-05 09:03:30.802,73.616667,147,7,0.017506,0.0003,4.07,0,0,0,60.0000,0.319,1.64337,0,0,0,0,0,0.003964,0.001128,0.007542,0.001855,0.007225,0.002804,0.007327,0.002661,0.006511,0.002699,0.005240,0.002663,0.003969,0.002505,0.003047,-4.07,-116.83,-177.74,76.98,25.46,-96.91,-120.47,103.23,92.58,-49.61,-53.82,154.12,165.20,4.84,24.15,0.0207,0.0171,0.0210,0.0076,0.0101,0.0080,0.0007,0.0059,0.0039,0.0049,0.0057,0.0009,0.0046,0.0072,0.0045
2026-08-05 09:03:30.802,73.633333,147,8,0.016725,-0.0001,169.61,0,0,0,60.0000,0.319,1.64337,0,0,0,0,0,0.003566,0.001096,0.007055,0.001814,0.006949,0.002443,0.007072,0.002496,0.006153,0.002809,0.005068,0.002607,0.004104,0.002442,0.002891,-169.61,-73.57,61.39,145.55,-57.86,9.74,-166.38,-101.02,84.86,140.50,-19.57,23.18,-126.59,-85.46,133.27,0.0207,0.0171,0.0210,0.0076,0.0101,0.0080,0.0007,0.0059,0.0039,0.0049,0.0057,0.0009,0.0046,0.0072,0.0045
2026-08-05 09:03:30.802,73.650000,147,9,0.014499,-0.0006,14.12,0,0,0,60.0000,0.319,1.64337,0,0,0,0,0,0.002822,0.000608,0.005706,0.001288,0.005892,0.002076,0.005708,0.002521,0.005214,0.002854,0.004299,0.002872,0.003456,0.002964,0.002660,-14.12,-152.78,177.51,18.97,10.74,-141.16,-140.17,65.82,68.85,-93.57,-83.45,114.35,128.74,-37.87,-20.98,0.0207,0.0171,0.0210,0.0076,0.0101,0.0080,0.0007,0.0059,0.0039,0.0049,0.0057,0.0009,0.0046,0.0072,0.0045
2026-08-05 09:03:30.802,73.666667,147,10,0.016844,-0.0011,-105.92,0,0,0,60.0000,0.319,1.64337,0,0,0,0,0,0.003383,0.000627,0.006996,0.001687,0.007105,0.002654,0.006749,0.003160,0.006065,0.003456,0.004715,0.003449,0.003666,0.003298,0.002602,105.92,55.08,175.66,117.66,-110.87,-157.29,-23.61,-68.60,63.11,14.39,149.45,102.64,-120.41,-170.54,-33.57,0.0207,0.0171,0.0210,0.0076,0.0101,0.0080,0.0007,0.0059,0.0039,0.0049,0.0057,0.0009,0.0046,0.0072,0.0045
2026-08-05 09:03:30.802,73.683333,147,11,0.018413,-0.0004,144.52,0,0,0,60.0000,0.319,1.64337,0,0,0,0,0,0.003906,0.000730,0.007861,0.001998,0.007961,0.002992,0.007458,0.003696,0.006581,0.003807,0.004969,0.003712,0.003742,0.003436,0.002525,-144.52,-72.90,141.32,-160.98,71.75,139.21,16.23,82.00,-41.26,23.27,-96.35,-32.84,-152.09,-87.37,154.67,0.0207,0.0171,0.0210,0.0076,0.0101,0.0080,0.0007,0.0059,0.0039,0.0049,0.0057,0.0009,0.0046,0.0072,0.0045
2026-08-05 09:03:30.802,73.700000,147,12,0.018296,-0.0006,-167.53,0,0,0,60.0000,0.319,1.64337,0,0,0,0,0,0.003838,0.000730,0.007766,0.001885,0.007951,0.002822,0.007455,0.003557,0.006517,0.003740,0.005035,0.003603,0.003743,0.003458,0.002556,167.53,-165.88,1.91,6.14,-162.44,-140.68,49.41,68.75,-100.96,-86.53,108.90,126.56,-36.45,-25.23,173.59,0.0207,0.0171,0.0210,0.0076,0.0101,0.0080,0.0007,0.0059,0.0039,0.0049,0.0057,0.0009,0.0046,0.0072,0.0045
2026-08-05 09:03:30.802,73.716667,147,13,0.017102,-0.0006,136.17,0,0,0,60.0000,0.319,1.64337,0,0,0,0,0,0.003509,0.000725,0.006982,0.001847,0.007340,0.002550,0.006789,0.003336,0.006086,0.003572,0.004820,0.003411,0.003694,0.003360,0.002498,-136.17,-46.19,166.57,-123.53,112.58,-164.90,75.47,149.21,32.89,108.29,-4.93,67.50,-41.33,26.56,-81.22,0.0207,0.0171,0.0210,0.0076,0.0101,0.0080,0.0007,0.0059,0.0039,0.0049,0.0057,0.0009,0.0046,0.0072,0.0045
2026-08-05 09:03:30.802,73.733333,147,14,0.016205,-0.0003,106.33,0,0,0,60.0000,0.319,1.64337,0,0,0,0,0,0.003292,0.000737,0.006743,0.001960,0.007040,0.002643,0.006379,0.003325,0.005600,0.003687,0.004309,0.003483,0.003181,0.003261,0.002170,-106.33,-10.56,-106.13,-14.50,-101.34,5.77,-79.89,20.01,-63.80,37.33,-45.18,57.10,-24.07,75.94,-7.28,0.0207,0.0171,0.0210,0.0076,0.0101,0.0080,0.0007,0.0059,0.0039,0.0049,0.0057,0.0009,0.0046,0.0072,0.0045
2026-08-05 09:03:30.802,73.750000,147,15,0.021130,0.0000,149.98,0,0,0,60.0000,0.319,1.64337,0,0,0,0,0,0.005549,0.002042,0.010271,0.001762,0.009782,0.001559,0.008136,0.002415,0.005931,0.003696,0.003696,0.004408,0.002515,0.004586,0.001966,-149.98,-26.00,163.02,-92.37,115.00,-167.70,77.97,113.70,34.34,62.82,-13.28,25.92,-69.42,-8.92,-129.89,0.0207,0.0171,0.0210,0.0076,0.0101,0.0080,0.0007,0.0059,0.0039,0.0049,0.0057,0.0009,0.0046,0.0072,0.0045
2026-08-05 09:03:30.802,73.766667,147,16,0.020264,-0.0010,-168.16,0,0,0,60.0000,0.319,1.64337,0,0,0,0,0,0.004976,0.001609,0.009357,0.001282,0.009021,0.000534,0.007457,0.001719,0.005134,0.003273,0.002729,0.004293,0.000863,0.004986,0.000648,168.16,-104.99,21.99,94.69,-121.92,-92.47,107.41,58.80,-28.16,-83.10,-159.85,141.32,70.57,8.87,106.92,0.0207,0.0171,0.0210,0.0076,0.0101,0.0080,0.0007,0.0059,0.0039,0.0049,0.0057,0.0009,0.0046,0.0072,0.0045
2026-08-05 09:03:30.802,73.783333,147,17,0.016780,0.0004,-68.06,0,0,0,60.0000,0.319,1.64337,0,0,0,0,0,0.003786,0.001416,0.007204,0.001901,0.007025,0.002604,0.006719,0.003061,0.005316,0.003523,0.003925,0.003924,0.003087,0.003778,0.002147,68.06,96.64,16.30,65.16,-22.57,47.95,-42.69,36.04,-64.84,18.00,-83.76,-2.04,-102.23,-20.87,-115.39,0.0207,0.0171,0.0210,0.0076,0.0101,0.0080,0.0007,0.0059,0.0039,0.0049,0.0057,0.0009,0.0046,0.0072,0.0045
2026-08-05 09:03:30.802,73.800000,147,18,0.016848,0.0001,119.03,0,0,0,60.0000,0.319,1.64337,0,0,0,0,0,0.003607,0.001386,0.007156,0.002044,0.006722,0.003126,0.006313,0.004053,0.005241,0.004407,0.004077,0.004167,0.002993,0.003771,0.001714,-119.03,75.11,-166.83,61.50,160.38,47.18,142.93,31.31,121.31,12.00,101.57,-8.20,76.91,-24.17,52.02,0.0207,0.0171,0.0210,0.0076,0.0101,0.0080,0.0007,0.0059,0.0039,0.0049,0.0057,0.0009,0.0046,0.0072,0.0045
2026-08-05 09:03:30.802,73.816667,147,19,0.015427,0.0004,125.95,0,0,0,60.0000,0.319,1.64337,0,0,0,0,0,0.003318,0.000739,0.006245,0.001328,0.005867,0.002563,0.006004,0.003170,0.005287,0.003400,0.004133,0.003489,0.003240,0.003495,0.002431,-125.95,81.71,179.08,86.39,139.22,39.90,115.60,6.63,81.99,-19.18,54.17,-45.98,26.73,-73.42,0.92,0.0207,0.0171,0.0210,0.0076,0.0101,0.0080,0.0007,0.0059,0.0039,0.0049,0.0057,0.0009,0.0046,0.0072,0.0045
2026-08-05 09:03:30.802,73.833333,147,20,0.015275,0.0003,81.54,0,0,0,60.0000,0.319,1.64337,0,0,0,0,0,0.003111,0.000861,0.005986,0.001755,0.006054,0.002736,0.005884,0.003327,0.004880,0.003741,0.003793,0.003789,0.002951,0.003581,0.001947,-81.54,179.01,-37.45,-108.79,15.01,-55.28,82.51,16.13,144.25,84.93,-147.46,150.89,-83.66,-140.07,-17.91,0.0207,0.0171,0.0210,0.0076,0.0101,0.0080,0.0007,0.0059,0.0039,0.0049,0.0057,0.0009,0.0046,0.0072,0.0045
2026-08-05 09:03:30.802,73.850000,147,21,0.016108,0.0001,1.74,0,0,0,60.0000,0.319,1.64337,0,0,0,0,0,0.003221,0.001025,0.006494,0.002256,0.006556,0.003023,0.006050,0.003930,0.005115,0.004183,0.003808,0.004032,0.002691,0.003809,0.001768,-1.74,-22.26,-147.58,-148.85,70.76,79.07,-56.26,-42.43,173.51,-169.67,42.84,66.02,-86.65,-61.45,137.61,0.0207,0.0171,0.0210,0.0076,0.0101,0.0080,0.0007,0.0059,0.0039,0.0049,0.0057,0.0009,0.0046,0.0072,0.0045
2026-08-05 09:03:30.802,73.866667,147,22,0.019413,-0.0002,-114.60,0,0,0,60.0000,0.319,1.64337,0,0,0,0,0,0.004162,0.001044,0.008174,0.002391,0.008304,0.003206,0.007757,0.004370,0.006506,0.004473,0.004928,0.004375,0.003539,0.003880,0.002474,114.60,-94.15,-162.96,-16.49,-75.25,72.80,26.98,174.16,126.06,-85.91,-134.13,17.10,-33.03,118.47,63.52,0.0207,0.0171,0.0210,0.0076,0.0101,0.0080,0.0007,0.0059,0.0039,0.0049,0.0057,0.0009,0.0046,0.0072,0.0045
2026-08-05 09:03:30.802,73.883333,147,23,0.018739,-0.0006,99.59,0,0,0,60.0000,0.319,1.64337,0,0,0,0,0,0.004160,0.001050,0.008063,0.002372,0.008176,0.003256,0.007466,0.004290,0.006210,0.004420,0.004530,0.004171,0.003159,0.003624,0.002013,-99.59,163.49,-85.34,-173.64,-65.27,-145.83,-31.42,-110.70,-0.50,-77.84,31.41,-42.53,64.38,-8.78,92.43,0.0207,0.0171,0.0210,0.0076,0.0101,0.0080,0.0007,0.0059,0.0039,0.0049,0.0057,0.0009,0.0046,0.0072,0.0045
2026-08-05 09:03:30.802,73.900000,147,24,0.020866,0.0001,-135.39,0,0,0,60.0000,0.319,1.64337,0,0,0,0,0,0.004607,0.001786,0.009143,0.003358,0.009034,0.004569,0.008023,0.005517,0.006231,0.005519,0.004135,0.005011,0.002437,0.004029,0.001113,135.39,-118.38,-100.83,27.48,28.69,169.67,172.55,-42.29,-48.27,102.11,94.20,-111.20,-126.47,32.74,-4.04,0.0207,0.0171,0.0210,0.0076,0.0101,0.0080,0.0007,0.0059,0.0039,0.0049,0.0057,0.0009,0.0046,0.0072,0.0045
2026-08-05 09:03:30.802,73.916667,147,25,0.016664,-0.0014,120.98,0,0,0,60.0000,0.319,1.64337,0,0,0,0,0,0.003391,0.000700,0.006891,0.001893,0.007076,0.002581,0.006548,0.003518,0.005686,0.003733,0.004466,0.003552,0.003496,0.003493,0.002346,-120.98,150.09,-152.84,112.63,-178.71,87.40,171.95,79.04,157.05,63.54,143.85,52.32,134.17,41.77,118.31,0.0207,0.0171,0.0210,0.0076,0.0101,0.0080,0.0007,0.0059,0.0039,0.0049,0.0057,0.0009,0.0046,0.0072,0.0045
2026-08-05 09:03:30.802,73.933333,147,26,0.017741,-0.0002,19.80,0,0,0,60.0000,0.319,1.64337,0,0,0,0,0,0.003777,0.000882,0.007463,0.001953,0.007738,0.002705,0.007150,0.003599,0.006232,0.003839,0.004728,0.003653,0.003548,0.003376,0.002402,-19.80,5.13,155.96,173.19,-22.51,-5.29,173.19,-173.53,5.39,16.73,-159.83,-147.01,36.27,45.03,-127.66,0.0207,0.0171,0.0210,0.0076,0.0101,0.0080,0.0007,0.0059,0.0039,0.0049,0.0057,0.0009,0.0046,0.0072,0.0045
2026-08-05 09:03:30.802,73.950000,147,27,0.018417,-0.0006,95.50,0,0,0,60.0000,0.319,1.64337,0,0,0,0,0,0.004514,0.001719,0.008372,0.001760,0.008085,0.001419,0.007098,0.002414,0.005575,0.003308,0.003720,0.003888,0.002491,0.004245,0.001901,-95.50,-109.33,-42.08,-66.55,10.70,-42.49,76.17,-3.21,136.36,47.55,-166.66,109.49,-114.61,173.98,-70.89,0.0207,0.0171,0.0210,0.0076,0.0101,0.0080,0.0007,0.0059,0.0039,0.0049,0.0057,0.0009,0.0046,0.0072,0.0045
2026-08-05 09:03:30.802,73.966667,147,28,0.016177,0.0004,164.68,0,0,0,60.0000,0.319,1.64337,0,0,0,0,0,0.003821,0.001226,0.006993,0.001081,0.006731,0.000251,0.005787,0.001137,0.004215,0.002199,0.002378,0.003061,0.000848,0.003813,0.000569,-164.68,128.34,110.66,37.69,25.82,-112.61,-44.80,124.61,-118.02,33.80,171.71,-43.43,117.30,-119.69,169.67,0.0207,0.0171,0.0210,0.0076,0.0101,0.0080,0.0007,0.0059,0.0039,0.0049,0.0057,0.0009,0.0046,0.0072,0.0045
2026-08-05 09:03:30.802,73.983333,147,29,0.015545,0.0003,-157.04,0,0,0,60.0000,0.319,1.64337,0,0,0,0,0,0.003348,0.000967,0.006536,0.001508,0.006372,0.002443,0.006174,0.002665,0.005257,0.003246,0.004115,0.003299,0.003264,0.003297,0.002380,157.04,110.24,-59.98,-88.37,94.21,86.89,-96.29,-99.74,71.38,71.24,-115.54,-121.19,58.52,49.41,-130.31,0.0207,0.0171,0.0210,0.0076,0.0101,0.0080,0.0007,0.0059,0.0039,0.0049,0.0057,0.0009,0.0046,0.0072,0.0045
2026-08-05 09:03:31.062,74.000000,148,0,0.017194,-0.0000,-116.14,0,0,0,60.0000,0.288,0.70566,0,0,0,0,0,0.003751,0.001209,0.007445,0.001838,0.007043,0.002536,0.006937,0.002673,0.006355,0.002638,0.005431,0.002271,0.004430,0.002136,0.003182,116.14,120.26,179.23,-160.16,-104.46,-94.57,-11.52,-11.89,79.87,61.40,172.33,139.38,-96.87,-132.94,-1.77,0.0351,0.0128,0.0028,0.0082,0.0022,0.0054,0.0053,0.0148,0.0049,0.0064,0.0033,0.0036,0.0023,0.0016,0.0011
2026-08-05 09:03:31.062,74.016667,148,1,0.013864,-0.0005,119.01,0,0,0,60.0000,0.288,0.70566,0,0,0,0,0,0.002755,0.000454,0.005359,0.001164,0.005342,0.002061,0.005290,0.002360,0.004958,0.002756,0.004215,0.002715,0.003375,0.002852,0.002671,-119.01,-35.68,-153.07,-43.66,-174.39,-69.76,178.60,-90.96,163.57,-97.12,157.20,-110.63,150.68,-121.53,141.01,0.0351,0.0128,0.0028,0.0082,0.0022,0.0054,0.0053,0.0148,0.0049,0.0064,0.0033,0.0036,0.0023,0.0016,0.0011
2026-08-05 09:03:31.062,74.033333,148,2,0.014349,-0.0003,-135.88,0,0,0,60.0000,0.288,0.70566,0,0,0,0,0,0.002886,0.000614,0.005671,0.001410,0.005642,0.002396,0.005652,0.002553,0.004919,0.003108,0.004032,0.003113,0.003196,0.003069,0.002291,135.88,138.66,-99.98,-96.99,32.17,31.86,177.59,174.35,-39.64,-45.64,106.43,94.41,-109.21,-118.55,36.36,0.0351,0.0128,0.0028,0.0082,0.0022,0.0054,0.0053,0.0148,0.0049,0.0064,0.0033,0.0036,0.0023,0.0016,0.0011
2026-08-05 09:03:31.062,74.050000,148,3,0.013618,-0.0009,-87.20,0,0,0,60.0000,0.288,0.70566,0,0,0,0,0,0.002614,0.000475,0.005139,0.001324,0.005341,0.002121,0.005120,0.002568,0.004700,0.002896,0.003820,0.003018,0.003042,0.003164,0.002404,87.20,4.81,128.86,46.19,169.77,107.39,-133.33,165.79,-75.63,-142.43,-21.44,-82.61,39.08,-25.78,94.36,0.0351,0.0128,0.0028,0.0082,0.0022,0.0054,0.0053,0.0148,0.0049,0.0064,0.0033,0.0036,0.0023,0.0016,0.0011
2026-08-05 09:03:31.062,74.066667,148,4,0.014015,-0.0001,162.53,0,0,0,60.0000,0.288,0.70566,0,0,0,0,0,0.002624,0.000540,0.005250,0.001437,0.005431,0.002184,0.005221,0.002675,0.004794,0.003089,0.003835,0.003298,0.003176,0.003263,0.002382,-162.53,-138.90,98.43,117.60,-1.39,41.44,-84.70,-41.23,-168.93,-129.68,105.14,149.03,25.17,65.06,-58.89,0.0351,0.0128,0.0028,0.0082,0.0022,0.0054,0.0053,0.0148,0.0049,0.0064,0.0033,0.0036,0.0023,0.0016,0.0011
2026-08-05 09:03:31.062,74.083333,148,5,0.014057,-0.0000,-104.01,0,0,0,60.0000,0.288,0.70566,0,0,0,0,0,0.002754,0.000566,0.005455,0.001465,0.005674,0.002191,0.005338,0.002758,0.004917,0.003002,0.003886,0.003149,0.003089,0.003138,0.002320,104.01,53.37,176.11,112.75,-112.47,-156.70,-23.99,-69.61,62.49,14.72,149.70,101.61,-120.28,-169.66,-32.64,0.0351,0.0128,0.0028,0.0082,0.0022,0.0054,0.0053,0.0148,0.0049,0.0064,0.0033,0.0036,0.0023,0.0016,0.0011
2026-08-05 09:03:31.062,74.100000,148,6,0.013396,-0.0001,130.05,0,0,0,60.0000,0.288,0.70566,0,0,0,0,0,0.002631,0.000453,0.005020,0.001463,0.005343,0.002044,0.004978,0.002600,0.004664,0.002904,0.003766,0.002965,0.002964,0.003033,0.002357,-130.05,-71.96,-169.00,-111.32,151.18,-127.41,130.80,-152.78,105.00,-175.67,82.35,160.52,61.80,138.16,35.85,0.0351,0.0128,0.0028,0.0082,0.0022,0.0054,0.0053,0.0148,0.0049,0.0064,0.0033,0.0036,0.0023,0.0016,0.0011
2026-08-05 09:03:31.062,74.116667,148,7,0.013672,-0.0003,98.49,0,0,0,60.0000,0.288,0.70566,0,0,0,0,0,0.002587,0.000545,0.005204,0.001453,0.005442,0.002098,0.004976,0.002698,0.004572,0.003186,0.003756,0.003162,0.002952,0.003267,0.002241,-98.49,11.36,-71.83,26.40,-44.73,69.13,-0.16,107.32,38.40,149.84,79.80,-165.70,126.20,-124.05,163.70,0.0351,0.0128,0.0028,0.0082,0.0022,0.0054,0.0053,0.0148,0.0049,0.0064,0.0033,0.0036,0.0023,0.0016,0.0011
2026-08-05 09:03:31.062,74.133333,148,8,0.014161,0.0004,-4.19,0,0,0,60.0000,0.288,0.70566,0,0,0,0,0,0.002782,0.000757,0.005376,0.001936,0.005756,0.002422,0.005208,0.003015,0.004658,0.003448,0.003658,0.003442,0.002878,0.003336,0.002073,4.19,168.13,-130.05,50.99,97.99,-59.01,-14.69,-177.38,-133.89,67.50,109.17,-46.93,-3.48,-161.18,-120.32,0.0351,0.0128,0.0028,0.0082,0.0022,0.0054,0.0053,0.0148,0.0049,0.0064,0.0033,0.0036,0.0023,0.0016,0.0011
2026-08-05 09:03:31.062,74.150000,148,9,0.015095,0.0006,81.56,0,0,0,60.0000,0.288,0.70566,0,0,0,0,0,0.003640,0.001459,0.006414,0.001259,0.006359,0.001055,0.005329,0.001468,0.004145,0.002532,0.002755,0.003283,0.002027,0.003895,0.001824,-81.56,118.90,20.54,-156.10,116.07,-74.49,-133.37,-21.34,-33.03,71.58,63.81,178.20,155.05,-72.09,-122.22,0.0351,0.0128,0.0028,0.0082,0.0022,0.0054,0.0053,0.0148,0.0049,0.0064,0.0033,0.0036,0.0023,0.0016,0.0011
2026-08-05 09:03:31.062,74.166667,148,10,0.017272,0.0002,41.77,0,0,0,60.0000,0.288,0.70566,0,0,0,0,0,0.004116,0.001261,0.007394,0.000605,0.007095,0.000317,0.005936,0.001678,0.004223,0.002958,0.002431,0.003908,0.001283,0.004588,0.001239,-41.77,-165.76,126.89,11.02,-65.21,-47.94,117.85,173.04,-61.71,-2.60,128.95,176.73,-17.41,-3.38,-141.89,0.0351,0.0128,0.0028,0.0082,0.0022,0.0054,0.0053,0.0148,0.0049,0.0064,0.0033,0.0036,0.0023,0.0016,0.0011
2026-08-05 09:03:31.062,74.183333,148,11,0.015461,0.0001,63.54,0,0,0,60.0000,0.288,0.70566,0,0,0,0,0,0.003405,0.001475,0.006596,0.001541,0.006405,0.002158,0.005950,0.002725,0.004826,0.003355,0.003726,0.003616,0.003024,0.003612,0.002244,-63.54,-178.64,-24.03,-108.49,32.32,-33.80,106.58,51.54,177.44,130.61,-104.32,-156.85,-29.41,-83.80,47.27,0.0351,0.0128,0.0028,0.0082,0.0022,0.0054,0.0053,0.0148,0.0049,0.0064,0.0033,0.0036,0.0023,0.0016,0.0011
2026-08-05 09:03:31.062,74.200000,148,12,0.014790,0.0004,-46.16,0,0,0,60.0000,0.288,0.70566,0,0,0,0,0,0.003166,0.000817,0.005914,0.001225,0.005625,0.002207,0.005442,0.003181,0.004706,0.003617,0.003973,0.003603,0.003216,0.003338,0.002020,46.16,56.70,-30.93,26.29,-96.14,-24.04,-138.85,-75.70,170.67,-126.92,121.16,-175.91,69.80,138.53,21.64,0.0351,0.0128,0.0028,0.0082,0.0022,0.0054,0.0053,0.0148,0.0049,0.0064,0.0033,0.0036,0.0023,0.0016,0.0011
2026-08-05 09:03:31.062,74.216667,148,13,0.014570,0.0001,-55.11,0,0,0,60.0000,0.288,0.70566,0,0,0,0,0,0.003094,0.000830,0.005579,0.001675,0.005411,0.002788,0.005532,0.003274,0.004638,0.003566,0.003469,0.003775,0.002804,0.003621,0.001971,55.11,68.72,15.18,61.30,-19.95,45.04,-34.58,29.53,-57.10,10.58,-76.97,-5.57,-97.82,-20.71,-118.11,0.0351,0.0128,0.0028,0.0082,0.0022,0.0054,0.0053,0.0148,0.0049,0.0064,0.0033,0.0036,0.0023,0.0016,0.0011
2026-08-05 09:03:31.062,74.233333,148,14,0.016280,-0.0000,113.48,0,0,0,60.0000,0.288,0.70566,0,0,0,0,0,0.003413,0.000829,0.006681,0.001865,0.006676,0.002821,0.006474,0.003540,0.005354,0.003887,0.004193,0.003810,0.003122,0.003458,0.001998,-113.48,114.51,-135.03,120.62,-146.84,111.28,-145.20,115.82,-147.45,118.49,-145.75,118.02,-147.77,121.11,-145.65,0.0351,0.0128,0.0028,0.0082,0.0022,0.0054,0.0053,0.0148,0.0049,0.0064,0.0033,0.0036,0.0023,0.0016,0.0011
2026-08-05 09:03:31.062,74.250000,148,15,0.018141,0.0003,-157.88,0,0,0,60.0000,0.288,0.70566,0,0,0,0,0,0.003974,0.000988,0.007710,0.002338,0.007785,0.003153,0.007154,0.004167,0.005979,0.004346,0.004414,0.004150,0.003113,0.003725,0.002019,157.88,-32.54,-30.88,144.96,145.31,-33.83,-24.18,158.56,163.56,-12.83,-7.77,179.88,-178.01,9.94,5.11,0.0351,0.0128,0.0028,0.0082,0.0022,0.0054,0.0053,0.0148,0.0049,0.0064,0.0033,0.0036,0.0023,0.0016,0.0011
2026-08-05 09:03:31.062,74.266667,148,16,0.015913,-0.0006,-149.30,0,0,0,60.0000,0.288,0.70566,0,0,0,0,0,0.003263,0.000869,0.006384,0.001971,0.006449,0.002663,0.006023,0.003630,0.005224,0.003884,0.004070,0.003894,0.002983,0.003688,0.002069,149.30,-62.62,-60.35,99.46,95.27,-98.47,-92.40,77.23,75.38,-113.77,-116.06,59.88,52.57,-130.22,-141.49,0.0351,0.0128,0.0028,0.0082,0.0022,0.0054,0.0053,0.0148,0.0049,0.0064,0.0033,0.0036,0.0023,0.0016,0.0011
2026-08-05 09:03:31.062,74.283333,148,17,0.016839,0.0002,141.65,0,0,0,60.0000,0.288,0.70566,0,0,0,0,0,0.003425,0.000829,0.006769,0.001858,0.007060,0.002416,0.006684,0.003398,0.005863,0.003619,0.004684,0.003649,0.003521,0.003531,0.002592,-141.65,133.76,150.20,48.69,86.24,-18.69,38.43,-68.67,-12.58,-123.12,-63.14,-172.59,-110.09,137.40,-157.78,0.0351,0.0128,0.0028,0.0082,0.0022,0.0054,0.0053,0.0148,0.0049,0.0064,0.0033,0.0036,0.0023,0.0016,0.0011
2026-08-05 09:03:31.062,74.300000,148,18,0.015221,0.0000,-47.62,0,0,0,60.0000,0.288,0.70566,0,0,0,0,0,0.003138,0.000606,0.006041,0.001656,0.006348,0.002204,0.005922,0.003110,0.005193,0.003492,0.004155,0.003374,0.003177,0.003361,0.002236,47.62,125.99,0.25,72.52,-45.59,32.15,-71.77,1.87,-104.36,-29.10,-133.91,-57.58,-161.80,-89.77,168.53,0.0351,0.0128,0.0028,0.0082,0.0022,0.0054,0.0053,0.0148,0.0049,0.0064,0.0033,0.0036,0.0023,0.0016,0.0011
2026-08-05 09:03:31.062,74.316667,148,19,0.015297,0.0002,-99.36,0,0,0,60.0000,0.288,0.70566,0,0,0,0,0,0.002935,0.000850,0.005998,0.001606,0.006396,0.001915,0.006063,0.002641,0.005551,0.002892,0.004614,0.002883,0.003742,0.002831,0.002890,99.36,-83.23,156.64,-44.08,-142.74,8.77,-66.52,79.88,6.72,147.36,81.48,-138.04,158.14,-65.63,-124.39,0.0351,0.0128,0.0028,0.0082,0.0022,0.0054,0.0053,0.0148,0.0049,0.0064,0.0033,0.0036,0.0023,0.0016,0.0011
2026-08-05 09:03:31.062,74.333333,148,20,0.013613,-0.0000,172.69,0,0,0,60.0000,0.288,0.70566,0,0,0,0,0,0.002639,0.000557,0.005140,0.001448,0.005399,0.001931,0.005121,0.002792,0.004566,0.003116,0.003769,0.003139,0.002938,0.003235,0.002170,-172.69,47.89,62.59,-77.34,-61.60,158.55,-167.27,53.15,82.52,-58.27,-27.83,-164.31,-134.67,88.33,116.00,0.0351,0.0128,0.0028,0.0082,0.0022,0.0054,0.0053,0.0148,0.0049,0.0064,0.0033,0.0036,0.0023,0.0016,0.0011
2026-08-05 09:03:31.062,74.350000,148,21,0.016165,0.0001,51.51,0,0,0,60.0000,0.288,0.70566,0,0,0,0,0,0.004122,0.002242,0.007122,0.002237,0.006754,0.001083,0.005839,0.001165,0.004384,0.002119,0.002758,0.003127,0.001859,0.003851,0.001714,-51.51,13.93,116.76,-179.44,-80.79,-22.93,94.10,76.12,-98.50,-144.67,64.41,23.96,-142.94,-163.21,-4.57,0.0351,0.0128,0.0028,0.0082,0.0022,0.0054,0.0053,0.0148,0.0049,0.0064,0.0033,0.0036,0.0023,0.0016,0.0011
2026-08-05 09:03:31.062,74.366667,148,22,0.016004,-0.0003,-171.84,0,0,0,60.0000,0.288,0.70566,0,0,0,0,0,0.003464,0.000970,0.006715,0.000755,0.006334,0.000759,0.005436,0.001492,0.004032,0.002685,0.002294,0.003584,0.001380,0.004266,0.001417,171.84,91.00,24.44,-46.51,-120.84,-71.93,109.47,-166.62,-19.84,65.61,-140.48,-68.39,122.21,160.51,35.42,0.0351,0.0128,0.0028,0.0082,0.0022,0.0054,0.0053,0.0148,0.0049,0.0064,0.0033,0.0036,0.0023,0.0016,0.0011
2026-08-05 09:03:31.062,74.383333,148,23,0.016201,-0.0005,143.91,0,0,0,60.0000,0.288,0.70566,0,0,0,0,0,0.003486,0.001203,0.006903,0.001781,0.006604,0.002768,0.006231,0.003158,0.005173,0.003779,0.003957,0.003863,0.003060,0.003721,0.002144,-143.91,-143.68,113.50,136.80,23.89,71.09,-51.08,2.63,-126.89,-70.45,161.07,-146.88,87.12,139.68,12.44,0.0351,0.0128,0.0028,0.0082,0.0022,0.0054,0.0053,0.0148,0.0049,0.0064,0.0033,0.0036,0.0023,0.0016,0.0011
2026-08-05 09:03:31.062,74.400000,148,24,0.016555,0.0001,25.35,0,0,0,60.0000,0.288,0.70566,0,0,0,0,0,0.003718,0.000686,0.007237,0.001330,0.006797,0.002545,0.006622,0.002987,0.005898,0.003269,0.004818,0.003014,0.003628,0.002893,0.002416,-25.35,147.33,115.58,-43.32,-88.29,111.11,83.11,-87.78,-108.57,71.34,61.23,-124.34,-130.23,45.81,43.47,0.0351,0.0128,0.0028,0.0082,0.0022,0.0054,0.0053,0.0148,0.0049,0.0064,0.0033,0.0036,0.0023,0.0016,0.0011
2026-08-05 09:03:31.062,74.416667,148,25,0.016246,-0.0005,-94.76,0,0,0,60.0000,0.288,0.70566,0,0,0,0,0,0.003443,0.000619,0.006682,0.001373,0.006467,0.002666,0.006598,0.002861,0.005794,0.003272,0.004579,0.003349,0.003625,0.003238,0.002479,94.76,32.06,130.67,82.23,177.12,126.19,-122.80,-179.99,-67.07,-123.32,-6.74,-68.61,54.37,-9.24,115.42,0.0351,0.0128,0.0028,0.0082,0.0022,0.0054,0.0053,0.0148,0.0049,0.0064,0.0033,0.0036,0.0023,0.0016,0.0011
2026-08-05 09:03:31.062,74.433333,148,26,0.017354,-0.0001,110.17,0,0,0,60.0000,0.288,0.70566,0,0,0,0,0,0.003837,0.000874,0.007462,0.001742,0.007466,0.002459,0.007410,0.002640,0.006355,0.003003,0.005169,0.002646,0.003961,0.002584,0.002774,-110.17,35.62,-119.50,9.62,-119.53,-1.14,-108.25,8.03,-97.55,8.30,-83.87,13.40,-71.36,24.42,-53.64,0.0351,0.0128,0.0028,0.0082,0.0022,0.0054,0.0053,0.0148,0.0049,0.0064,0.0033,0.0036,0.0023,0.0016,0.0011
2026-08-05 09:03:31.062,74.450000,148,27,0.016810,-0.0004,171.16,0,0,0,60.0000,0.288,0.70566,0,0,0,0,0,0.003462,0.001176,0.007044,0.001622,0.007207,0.002287,0.006966,0.002574,0.006382,0.002548,0.005083,0.002545,0.004136,0.002480,0.003101,-171.16,-70.28,67.25,141.23,-52.29,18.20,-156.85,-93.33,97.55,150.70,-7.15,42.33,-107.49,-69.21,148.45,0.0351,0.0128,0.0028,0.0082,0.0022,0.0054,0.0053,0.0148,0.0049,0.0064,0.0033,0.0036,0.0023,0.0016,0.0011
2026-08-05 09:03:31.062,74.466667,148,28,0.014559,-0.0003,-177.32,0,0,0,60.0000,0.288,0.70566,0,0,0,0,0,0.002778,0.000663,0.005684,0.001406,0.005873,0.002230,0.005533,0.002782,0.005143,0.003066,0.004073,0.003191,0.003216,0.003233,0.002467,177.32,-140.20,37.74,63.44,-101.92,-64.13,134.24,168.61,8.72,40.49,-115.94,-85.98,122.36,149.51,-3.16,0.0351,0.0128,0.0028,0.0082,0.0022,0.0054,0.0053,0.0148,0.0049,0.0064,0.0033,0.0036,0.0023,0.0016,0.0011
2026-08-05 09:03:31.062,74.483333,148,29,0.013795,0.0001,38.80,0,0,0,60.0000,0.288,0.70566,0,0,0,0,0,0.002700,0.000615,0.005228,0.001618,0.005442,0.002226,0.005091,0.002849,0.004708,0.003148,0.003670,0.003262,0.002912,0.003310,0.002192,-38.80,96.74,103.04,-117.68,-114.19,47.56,46.01,-152.67,-157.61,6.30,1.50,164.60,160.92,-34.30,-41.84,0.0351,0.0128,0.0028,0.0082,0.0022,0.0054,0.0053,0.0148,0.0049,0.0064,0.0033,0.0036,0.0023,0.0016,0.0011
2026-08-05 09:03:31.313,74.500000,149,0,0.015745,-0.0005,-155.89,0,0,0,60.0000,0.318,1.47436,0,0,0,0,0,0.003137,0.000634,0.006181,0.001891,0.006445,0.002701,0.006008,0.003357,0.005358,0.003719,0.004122,0.003699,0.003159,0.003639,0.002191,155.89,134.19,-32.72,-52.27,140.21,141.44,-29.67,-32.10,156.20,154.58,-14.66,-16.83,176.53,172.64,3.04,0.0155,0.0121,0.0081,0.0023,0.0039,0.0047,0.0076,0.0085,0.0094,0.0034,0.0016,0.0041,0.0023,0.0025,0.0019
2026-08-05 09:03:31.313,74.516667,149,1,0.015621,0.0003,1.13,0,0,0,60.0000,0.318,1.47436,0,0,0,0,0,0.003121,0.000596,0.006228,0.001544,0.006642,0.002119,0.006200,0.002664,0.005653,0.003092,0.004610,0.003038,0.003770,0.002931,0.002727,-1.13,-135.22,-144.69,62.89,73.70,-65.57,-49.60,162.22,-179.77,29.86,56.55,-97.36,-67.90,134.18,168.65,0.0155,0.0121,0.0081,0.0023,0.0039,0.0047,0.0076,0.0085,0.0094,0.0034,0.0016,0.0041,0.0023,0.0025,0.0019
2026-08-05 09:03:31.313,74.533333,149,2,0.013975,-0.0000,154.12,0,0,0,60.0000,0.318,1.47436,0,0,0,0,0,0.002657,0.000578,0.005289,0.001564,0.005658,0.002119,0.005240,0.002730,0.004761,0.003139,0.003869,0.003163,0.003130,0.003207,0.002440,-154.12,-112.66,117.15,156.61,31.15,89.87,-37.36,12.95,-112.31,-59.51,175.31,-128.17,107.68,161.18,34.50,0.0155,0.0121,0.0081,0.0023,0.0039,0.0047,0.0076,0.0085,0.0094,0.0034,0.0016,0.0041,0.0023,0.0025,0.0019
2026-08-05 09:03:31.313,74.550000,149,3,0.015281,0.0002,-125.77,0,0,0,60.0000,0.318,1.47436,0,0,0,0,0,0.003761,0.001660,0.006606,0.001464,0.006562,0.001066,0.005471,0.001403,0.004218,0.002318,0.002664,0.003105,0.001574,0.003818,0.001080,125.77,173.75,-71.60,-41.36,84.60,103.63,-104.93,-142.66,57.11,5.26,-140.36,168.03,11.46,-24.65,135.69,0.0155,0.0121,0.0081,0.0023,0.0039,0.0047,0.0076,0.0085,0.0094,0.0034,0.0016,0.0041,0.0023,0.0025,0.0019
2026-08-05 09:03:31.313,74.566667,149,4,0.016208,0.0017,11.37,0,0,0,60.0000,0.318,1.47436,0,0,0,0,0,0.003505,0.000744,0.006668,0.000349,0.006326,0.001068,0.005536,0.002268,0.004324,0.003257,0.002910,0.004024,0.002324,0.004400,0.001957,-11.37,-99.19,-159.52,-167.68,55.76,102.08,-71.37,-16.54,157.41,-142.74,37.25,84.45,-76.30,-48.82,173.73,0.0155,0.0121,0.0081,0.0023,0.0039,0.0047,0.0076,0.0085,0.0094,0.0034,0.0016,0.0041,0.0023,0.0025,0.0019
2026-08-05 09:03:31.313,74.583333,149,5,0.014830,-0.0002,-106.60,0,0,0,60.0000,0.318,1.47436,0,0,0,0,0,0.003147,0.001433,0.006089,0.001657,0.005770,0.002309,0.005390,0.003019,0.004340,0.003589,0.003298,0.003938,0.002783,0.003872,0.002028,106.60,161.23,131.88,-144.77,171.11,-80.90,-129.29,-13.25,-73.19,48.73,-11.38,103.89,46.60,162.76,102.54,0.0155,0.0121,0.0081,0.0023,0.0039,0.0047,0.0076,0.0085,0.0094,0.0034,0.0016,0.0041,0.0023,0.0025,0.0019
2026-08-05 09:03:31.313,74.600000,149,6,0.013878,-0.0007,91.98,0,0,0,60.0000,0.318,1.47436,0,0,0,0,0,0.002855,0.001129,0.005520,0.001485,0.005117,0.002461,0.004919,0.003296,0.004274,0.003601,0.003389,0.003582,0.002652,0.003493,0.001566,-91.98,131.98,-79.15,-175.50,-54.42,-134.42,-9.77,-92.15,25.79,-52.54,63.39,-14.31,100.61,30.26,136.52,0.0155,0.0121,0.0081,0.0023,0.0039,0.0047,0.0076,0.0085,0.0094,0.0034,0.0016,0.0041,0.0023,0.0025,0.0019
2026-08-05 09:03:31.313,74.616667,149,7,0.013414,0.0003,-17.93,0,0,0,60.0000,0.318,1.47436,0,0,0,0,0,0.002745,0.000721,0.005144,0.001283,0.005011,0.002363,0.005103,0.002948,0.004364,0.003208,0.003328,0.003420,0.002713,0.003260,0.001928,17.93,14.08,-98.96,-59.01,154.06,-166.23,64.16,99.57,-36.14,8.01,-127.98,-85.98,138.46,-176.99,40.10,0.0155,0.0121,0.0081,0.0023,0.0039,0.0047,0.0076,0.0085,0.0094,0.0034,0.0016,0.0041,0.0023,0.0025,0.0019
2026-08-05 09:03:31.313,74.633333,149,8,0.013469,0.0004,129.71,0,0,0,60.0000,0.318,1.47436,0,0,0,0,0,0.002557,0.000606,0.005038,0.001387,0.005190,0.002124,0.005042,0.002726,0.004375,0.003130,0.003660,0.003167,0.002904,0.003275,0.002104,-129.71,88.77,-171.02,73.87,152.54,37.90,131.44,22.61,106.21,0.41,82.51,-23.57,60.43,-41.85,39.61,0.0155,0.0121,0.0081,0.0023,0.0039,0.0047,0.0076,0.0085,0.0094,0.0034,0.0016,0.0041,0.0023,0.0025,0.0019
2026-08-05 09:03:31.313,74.650000,149,9,0.013903,-0.0003,-158.71,0,0,0,60.0000,0.318,1.47436,0,0,0,0,0,0.002690,0.000860,0.005416,0.001779,0.005534,0.002497,0.005116,0.003166,0.004472,0.003423,0.003498,0.003452,0.002583,0.003323,0.001871,158.71,-68.88,-26.00,128.51,151.41,-43.77,-13.28,158.43,176.95,-7.55,5.54,-173.61,-160.13,21.14,26.38,0.0155,0.0121,0.0081,0.0023,0.0039,0.0047,0.0076,0.0085,0.0094,0.0034,0.0016,0.0041,0.0023,0.0025,0.0019
2026-08-05 09:03:31.313,74.666667,149,10,0.016787,0.0004,87.61,0,0,0,60.0000,0.318,1.47436,0,0,0,0,0,0.003370,0.001448,0.006889,0.002711,0.006860,0.003494,0.006296,0.004349,0.005222,0.004481,0.003664,0.004221,0.002536,0.003852,0.001407,-87.61,152.33,-47.64,-147.82,-3.08,-90.15,56.30,-25.17,112.63,35.12,168.99,97.54,-134.24,157.52,-84.81,0.0155,0.0121,0.0081,0.0023,0.0039,0.0047,0.0076,0.0085,0.0094,0.0034,0.0016,0.0041,0.0023,0.0025,0.0019
2026-08-05 09:03:31.313,74.683333,149,11,0.023000,-0.0005,146.31,0,0,0,60.0000,0.318,1.47436,0,0,0,0,0,0.005086,0.003170,0.009909,0.004094,0.010257,0.003941,0.009654,0.004000,0.008309,0.003472,0.006448,0.002883,0.004857,0.002351,0.003299,-146.31,159.89,132.45,74.14,58.96,-0.75,-2.27,-76.39,-63.13,-146.77,-123.14,144.38,-178.75,71.82,126.50,0.0155,0.0121,0.0081,0.0023,0.0039,0.0047,0.0076,0.0085,0.0094,0.0034,0.0016,0.0041,0.0023,0.0025,0.0019
2026-08-05 09:03:31.313,74.700000,149,12,0.014995,0.0004,96.85,0,0,0,60.0000,0.318,1.47436,0,0,0,0,0,0.002907,0.000633,0.005905,0.001565,0.006177,0.002026,0.005890,0.002897,0.005246,0.003196,0.004291,0.003182,0.003394,0.003220,0.002456,-96.85,-135.54,-72.15,-129.04,-44.22,-104.26,-0.01,-61.30,40.75,-23.06,81.84,18.97,126.69,60.64,171.09,0.0155,0.0121,0.0081,0.0023,0.0039,0.0047,0.0076,0.0085,0.0094,0.0034,0.0016,0.0041,0.0023,0.0025,0.0019
2026-08-05 09:03:31.313,74.716667,149,13,0.013551,0.0005,-102.72,0,0,0,60.0000,0.318,1.47436,0,0,0,0,0,0.002657,0.000639,0.005191,0.001551,0.005453,0.001956,0.005116,0.002790,0.004506,0.003069,0.003642,0.003039,0.002971,0.003134,0.002150,102.72,-96.96,179.05,-34.77,-105.93,36.26,-13.64,128.26,74.89,-144.80,163.26,-55.92,-105.12,33.36,-14.43,0.0155,0.0121,0.0081,0.0023,0.0039,0.0047,0.0076,0.0085,0.0094,0.0034,0.0016,0.0041,0.0023,0.0025,0.0019
2026-08-05 09:03:31.313,74.733333,149,14,0.014712,-0.0004,-168.87,0,0,0,60.0000,0.318,1.47436,0,0,0,0,0,0.002890,0.000648,0.005806,0.001488,0.006106,0.001850,0.005806,0.002653,0.005205,0.002911,0.004360,0.002887,0.003483,0.002949,0.002615,168.87,41.24,4.66,-141.75,-156.50,53.05,59.37,-94.84,-88.37,113.77,123.97,-33.13,-19.13,179.65,-163.30,0.0155,0.0121,0.0081,0.0023,0.0039,0.0047,0.0076,0.0085,0.0094,0.0034,0.0016,0.0041,0.0023,0.0025,0.0019
2026-08-05 09:03:31.313,74.750000,149,15,0.018656,0.0022,8.13,0,0,0,60.0000,0.318,1.47436,0,0,0,0,0,0.005446,0.003065,0.008747,0.002558,0.008468,0.001191,0.007137,0.000668,0.005041,0.002010,0.003052,0.003027,0.001436,0.003888,0.000916,-8.13,105.32,-99.71,6.97,160.28,-80.20,72.40,89.28,-19.83,-42.59,-115.45,-138.53,135.91,133.68,-18.37,0.0155,0.0121,0.0081,0.0023,0.0039,0.0047,0.0076,0.0085,0.0094,0.0034,0.0016,0.0041,0.0023,0.0025,0.0019
2026-08-05 09:03:31.313,74.766667,149,16,0.016618,-0.0026,-136.50,0,0,0,60.0000,0.318,1.47436,0,0,0,0,0,0.003669,0.001200,0.007224,0.001224,0.006788,0.001713,0.006062,0.002082,0.004594,0.003208,0.003177,0.003794,0.002485,0.004135,0.002089,136.50,39.04,-119.27,165.52,-3.69,-26.18,128.35,127.29,-99.75,-96.61,41.74,33.27,-170.54,163.28,-22.82,0.0155,0.0121,0.0081,0.0023,0.0039,0.0047,0.0076,0.0085,0.0094,0.0034,0.0016,0.0041,0.0023,0.0025,0.0019
2026-08-05 09:03:31.313,74.783333,149,17,0.013992,0.0006,24.22,0,0,0,60.0000,0.318,1.47436,0,0,0,0,0,0.003159,0.001177,0.006003,0.001012,0.005553,0.001770,0.005168,0.002183,0.004339,0.003022,0.003625,0.003270,0.003194,0.003178,0.002558,-24.22,81.74,87.38,-139.28,-143.01,32.43,6.06,-171.27,155.33,-26.71,-51.91,115.88,100.36,-97.93,-112.61,0.0155,0.0121,0.0081,0.0023,0.0039,0.0047,0.0076,0.0085,0.0094,0.0034,0.0016,0.0041,0.0023,0.0025,0.0019
2026-08-05 09:03:31.313,74.800000,149,18,0.014309,0.0000,42.02,0,0,0,60.0000,0.318,1.47436,0,0,0,0,0,0.002747,0.000668,0.005626,0.001141,0.005421,0.002270,0.005360,0.002710,0.004885,0.003106,0.004070,0.003278,0.003285,0.003168,0.002370,-42.02,85.97,72.38,-127.60,-160.92,10.42,-18.64,145.24,119.70,-76.59,-100.31,61.22,38.19,-154.74,-178.52,0.0155,0.0121,0.0081,0.0023,0.0039,0.0047,0.0076,0.0085,0.0094,0.0034,0.0016,0.0041,0.0023,0.0025,0.0019
2026-08-05 09:03:31.313,74.816667,149,19,0.013860,-0.0003,-160.61,0,0,0,60.0000,0.318,1.47436,0,0,0,0,0,0.002736,0.000513,0.005426,0.001248,0.005299,0.002290,0.005394,0.002523,0.004839,0.002996,0.003825,0.003151,0.003149,0.003088,0.002351,160.61,153.79,-32.58,-20.27,145.09,160.24,-22.74,-13.40,163.65,176.57,-5.01,3.41,-172.17,-165.47,17.25,0.0155,0.0121,0.0081,0.0023,0.0039,0.0047,0.0076,0.0085,0.0094,0.0034,0.0016,0.0041,0.0023,0.0025,0.0019
2026-08-05 09:03:31.313,74.833333,149,20,0.013494,0.0000,147.89,0,0,0,60.0000,0.318,1.47436,0,0,0,0,0,0.002620,0.000526,0.005088,0.001253,0.005162,0.002191,0.005141,0.002469,0.004590,0.002993,0.003822,0.003008,0.003021,0.003106,0.002350,-147.89,-80.46,136.36,-164.18,63.48,130.78,5.25,74.28,-53.17,11.50,-111.88,-50.12,-168.34,-104.22,136.52,0.0155,0.0121,0.0081,0.0023,0.0039,0.0047,0.0076,0.0085,0.0094,0.0034,0.0016,0.0041,0.0023,0.0025,0.0019
2026-08-05 09:03:31.313,74.850000,149,21,0.013624,-0.0000,-172.38,0,0,0,60.0000,0.318,1.47436,0,0,0,0,0,0.002513,0.000544,0.005214,0.001299,0.005370,0.002055,0.005122,0.002550,0.004835,0.002791,0.003829,0.002996,0.003079,0.003110,0.002535,172.38,-160.29,23.31,35.25,-126.30,-99.21,100.43,125.85,-32.85,-13.53,-168.60,-145.50,62.23,80.35,-71.01,0.0155,0.0121,0.0081,0.0023,0.0039,0.0047,0.0076,0.0085,0.0094,0.0034,0.0016,0.0041,0.0023,0.0025,0.0019
2026-08-05 09:03:31.313,74.866667,149,22,0.013595,-0.0007,166.56,0,0,0,60.0000,0.318,1.47436,0,0,0,0,0,0.002587,0.000523,0.005244,0.001140,0.005472,0.001796,0.005224,0.002279,0.004929,0.002519,0.004054,0.002690,0.003390,0.002731,0.002666,-166.56,-111.52,84.51,119.20,-24.17,25.95,-116.78,-69.43,149.57,-168.60,54.83,99.10,-34.48,5.17,-127.83,0.0155,0.0121,0.0081,0.0023,0.0039,0.0047,0.0076,0.0085,0.0094,0.0034,0.0016,0.0041,0.0023,0.0025,0.0019
2026-08-05 09:03:31.313,74.883333,149,23,0.013935,-0.0001,153.72,0,0,0,60.0000,0.318,1.47436,0,0,0,0,0,0.002688,0.000505,0.005282,0.001433,0.005458,0.002140,0.005195,0.002696,0.004943,0.003005,0.003899,0.003112,0.003130,0.003155,0.002529,-153.72,-97.42,123.25,163.42,40.00,99.14,-25.62,32.05,-95.19,-37.39,-163.79,-105.69,131.87,-170.89,62.09,0.0155,0.0121,0.0081,0.0023,0.0039,0.0047,0.0076,0.0085,0.0094,0.0034,0.0016,0.0041,0.0023,0.0025,0.0019
2026-08-05 09:03:31.313,74.900000,149,24,0.014855,-0.0002,-88.71,0,0,0,60.0000,0.318,1.47436,0,0,0,0,0,0.002936,0.000533,0.005722,0.001610,0.005997,0.002332,0.005630,0.002879,0.005177,0.003297,0.004124,0.003302,0.003247,0.003340,0.002455,88.71,25.31,126.50,48.15,163.79,106.15,-139.88,157.84,-87.74,-149.82,-34.04,-96.99,23.02,-42.64,74.60,0.0155,0.0121,0.0081,0.0023,0.0039,0.0047,0.0076,0.0085,0.0094,0.0034,0.0016,0.0041,0.0023,0.0025,0.0019
2026-08-05 09:03:31.313,74.916667,149,25,0.014377,-0.0002,162.33,0,0,0,60.0000,0.318,1.47436,0,0,0,0,0,0.002798,0.000563,0.005628,0.001578,0.006005,0.002180,0.005458,0.002712,0.004984,0.003161,0.004050,0.003194,0.003133,0.003121,0.002328,-162.33,-121.89,92.15,127.41,-11.36,41.21,-96.69,-53.08,172.73,-142.09,83.14,129.87,-0.69,41.21,-88.51,0.0155,0.0121,0.0081,0.0023,0.0039,0.0047,0.0076,0.0085,0.0094,0.0034,0.0016,0.0041,0.0023,0.0025,0.0019
2026-08-05 09:03:31.313,74.933333,149,26,0.014333,0.0001,-122.42,0,0,0,60.0000,0.318,1.47436,0,0,0,0,0,0.002693,0.000752,0.005409,0.001806,0.005716,0.002373,0.005178,0.003059,0.004664,0.003511,0.003694,0.003642,0.002932,0.003519,0.002121,122.42,51.57,-133.37,166.97,-26.66,-66.73,97.35,53.64,-144.20,175.95,-23.99,-60.05,100.86,63.73,-136.98,0.0155,0.0121,0.0081,0.0023,0.0039,0.0047,0.0076,0.0085,0.0094,0.0034,0.0016,0.0041,0.0023,0.0025,0.0019
2026-08-05 09:03:31.313,74.950000,149,27,0.016502,0.0005,-71.12,0,0,0,60.0000,0.318,1.47436,0,0,0,0,0,0.004394,0.002284,0.007600,0.001874,0.007498,0.001257,0.006431,0.000909,0.005071,0.001802,0.003253,0.002697,0.001914,0.003350,0.000801,71.12,73.04,133.17,126.67,-171.37,-178.38,-102.79,179.46,-40.26,-155.29,23.49,-99.16,89.23,-35.32,132.80,0.0155,0.0121,0.0081,0.0023,0.0039,0.0047,0.0076,0.0085,0.0094,0.0034,0.0016,0.0041,0.0023,0.0025,0.0019
2026-08-05 09:03:31.313,74.966667,149,28,0.016540,-0.0004,76.14,0,0,0,60.0000,0.318,1.47436,0,0,0,0,0,0.003579,0.000718,0.007000,0.001196,0.006801,0.001995,0.006228,0.002890,0.004978,0.003570,0.003823,0.004030,0.003080,0.004000,0.002344,-76.14,174.26,-17.96,-81.62,48.07,-2.11,130.39,86.34,-149.62,170.32,-61.56,-111.07,26.65,-33.22,115.13,0.0155,0.0121,0.0081,0.0023,0.0039,0.0047,0.0076,0.0085,0.0094,0.0034,0.0016,0.0041,0.0023,0.0025,0.0019
2026-08-05 09:03:31.313,74.983333,149,29,0.016482,0.0008,91.21,0,0,0,60.0000,0.318,1.47436,0,0,0,0,0,0.003589,0.001363,0.007065,0.001573,0.006731,0.002317,0.006274,0.003180,0.005208,0.003892,0.004169,0.003985,0.003479,0.003660,0.002447,-91.21,134.74,-94.66,165.25,-83.15,-165.60,-53.24,-130.79,-26.43,-101.77,5.64,-78.29,32.82,-51.33,59.99,0.0155,0.0121,0.0081,0.0023,0.0039,0.0047,0.0076,0.0085,0.0094,0.0034,0.0016,0.0041,0.0023,0.0025,0.0019
2026-08-05 09:03:31.573,75.000000,150,0,0.019221,-0.0008,-92.46,0,0,0,60.0000,0.323,0.71810,0,0,0,0,0,0.004356,0.000942,0.008439,0.002126,0.008115,0.003343,0.007807,0.004162,0.006474,0.004327,0.004909,0.004002,0.003499,0.003530,0.002300,92.46,-163.25,117.96,-114.15,156.70,-78.06,-151.47,-32.44,-104.27,16.86,-54.82,65.90,-6.86,117.98,46.40,0.0332,0.0088,0.0159,0.0035,0.0007,0.0066,0.0018,0.0034,0.0091,0.0042,0.0026,0.0007,0.0061,0.0037,0.0026
2026-08-05 09:03:31.573,75.016667,150,1,0.015455,-0.0008,146.88,0,0,0,60.0000,0.323,0.71810,0,0,0,0,0,0.003290,0.000728,0.006102,0.001499,0.005920,0.002652,0.006096,0.003202,0.005143,0.003571,0.004033,0.003752,0.003248,0.003493,0.002291,-146.88,49.07,123.41,9.01,46.31,-76.72,-16.83,-144.64,-87.69,153.99,-150.70,87.39,143.18,22.76,74.91,0.0332,0.0088,0.0159,0.0035,0.0007,0.0066,0.0018,0.0034,0.0091,0.0042,0.0026,0.0007,0.0061,0.0037,0.0026
2026-08-05 09:03:31.573,75.033333,150,2,0.017395,-0.0008,-61.01,0,0,0,60.0000,0.323,0.71810,0,0,0,0,0,0.003584,0.001552,0.007041,0.002739,0.007039,0.003652,0.006583,0.004420,0.005362,0.004643,0.003968,0.004311,0.002666,0.003979,0.001593,61.01,83.43,34.57,80.41,15.28,72.36,8.94,73.81,0.24,69.97,-8.33,66.08,-19.27,62.77,-32.04,0.0332,0.0088,0.0159,0.0035,0.0007,0.0066,0.0018,0.0034,0.0091,0.0042,0.0026,0.0007,0.0061,0.0037,0.0026
2026-08-05 09:03:31.573,75.050000,150,3,0.016256,0.0001,114.75,0,0,0,60.0000,0.323,0.71810,0,0,0,0,0,0.003277,0.000691,0.006517,0.001839,0.006707,0.002492,0.006313,0.003542,0.005454,0.003731,0.004317,0.003791,0.003309,0.003621,0.002307,-114.75,169.20,-127.59,148.34,-136.35,141.46,-129.78,146.91,-126.57,149.99,-121.94,157.61,-117.23,161.32,-113.35,0.0332,0.0088,0.0159,0.0035,0.0007,0.0066,0.0018,0.0034,0.0091,0.0042,0.0026,0.0007,0.0061,0.0037,0.0026
2026-08-05 09:03:31.573,75.066667,150,4,0.014258,0.0003,-163.55,0,0,0,60.0000,0.323,0.71810,0,0,0,0,0,0.002806,0.000641,0.005552,0.001743,0.005684,0.002396,0.005286,0.003290,0.004595,0.003612,0.003579,0.003572,0.002632,0.003515,0.001800,163.55,-33.64,-10.47,166.57,177.91,0.08,22.45,-151.97,-135.63,50.26,65.68,-103.78,-91.01,100.47,109.76,0.0332,0.0088,0.0159,0.0035,0.0007,0.0066,0.0018,0.0034,0.0091,0.0042,0.0026,0.0007,0.0061,0.0037,0.0026
2026-08-05 09:03:31.573,75.083333,150,5,0.014931,0.0002,108.73,0,0,0,60.0000,0.323,0.71810,0,0,0,0,0,0.002970,0.001168,0.005894,0.002272,0.005921,0.002986,0.005500,0.003757,0.004609,0.003970,0.003385,0.003810,0.002489,0.003656,0.001559,-108.73,110.71,-107.58,133.96,-103.82,148.45,-83.10,175.11,-66.96,-164.49,-50.28,-143.03,-31.30,-123.45,-21.02,0.0332,0.0088,0.0159,0.0035,0.0007,0.0066,0.0018,0.0034,0.0091,0.0042,0.0026,0.0007,0.0061,0.0037,0.0026
2026-08-05 09:03:31.573,75.100000,150,6,0.016407,-0.0013,-160.29,0,0,0,60.0000,0.323,0.71810,0,0,0,0,0,0.003402,0.000778,0.006668,0.001832,0.006959,0.002501,0.006487,0.003489,0.005550,0.003640,0.004436,0.003620,0.003385,0.003462,0.002319,160.29,-6.08,-23.83,166.13,156.11,-12.53,-8.88,-178.32,-175.62,14.40,17.24,-148.91,-148.82,43.43,44.39,0.0332,0.0088,0.0159,0.0035,0.0007,0.0066,0.0018,0.0034,0.0091,0.0042,0.0026,0.0007,0.0061,0.0037,0.0026
2026-08-05 09:03:31.573,75.116667,150,7,0.017058,-0.0003,-162.50,0,0,0,60.0000,0.323,0.71810,0,0,0,0,0,0.003505,0.000794,0.006958,0.002062,0.007129,0.002764,0.006650,0.003786,0.005735,0.004105,0.004399,0.003934,0.003253,0.003715,0.002254,162.50,-16.22,-18.16,166.04,165.38,-6.70,5.30,-165.95,-159.27,29.85,37.53,-129.35,-123.95,69.38,70.67,0.0332,0.0088,0.0159,0.0035,0.0007,0.0066,0.0018,0.0034,0.0091,0.0042,0.0026,0.0007,0.0061,0.0037,0.0026
2026-08-05 09:03:31.573,75.133333,150,8,0.017799,0.0002,26.01,0,0,0,60.0000,0.323,0.71810,0,0,0,0,0,0.004169,0.001173,0.007734,0.001765,0.007568,0.002472,0.006579,0.003698,0.005303,0.004347,0.003988,0.004557,0.003112,0.004228,0.002395,-26.01,5.91,154.40,166.25,-24.92,-26.93,168.70,162.18,-3.60,-6.16,-178.86,-169.18,9.47,27.78,-160.14,0.0332,0.0088,0.0159,0.0035,0.0007,0.0066,0.0018,0.0034,0.0091,0.0042,0.0026,0.0007,0.0061,0.0037,0.0026
2026-08-05 09:03:31.573,75.150000,150,9,0.019232,-0.0007,-121.40,0,0,0,60.0000,0.323,0.71810,0,0,0,0,0,0.005047,0.003029,0.009054,0.003113,0.008954,0.002106,0.007985,0.001577,0.006352,0.001571,0.004314,0.002233,0.002683,0.002983,0.001445,121.40,-4.46,-92.02,139.84,52.19,-74.41,-153.01,41.93,-0.34,147.56,151.05,-83.90,-56.96,61.03,85.89,0.0332,0.0088,0.0159,0.0035,0.0007,0.0066,0.0018,0.0034,0.0091,0.0042,0.0026,0.0007,0.0061,0.0037,0.0026
2026-08-05 09:03:31.573,75.166667,150,10,0.014763,0.0008,-47.74,0,0,0,60.0000,0.323,0.71810,0,0,0,0,0,0.003071,0.001198,0.006079,0.001423,0.005879,0.002099,0.005594,0.002332,0.004641,0.003052,0.003622,0.003377,0.002864,0.003528,0.002158,47.74,-127.32,-37.21,169.82,-107.76,129.97,-163.32,82.18,140.24,31.63,90.28,-23.74,41.17,-76.86,-5.65,0.0332,0.0088,0.0159,0.0035,0.0007,0.0066,0.0018,0.0034,0.0091,0.0042,0.0026,0.0007,0.0061,0.0037,0.0026
2026-08-05 09:03:31.573,75.183333,150,11,0.014058,-0.0005,-177.48,0,0,0,60.0000,0.323,0.71810,0,0,0,0,0,0.002914,0.001141,0.005791,0.001291,0.005477,0.002168,0.005193,0.002591,0.004508,0.003226,0.003753,0.003352,0.003091,0.003238,0.002363,177.48,132.80,1.67,-20.91,-162.22,-151.68,50.01,66.66,-97.28,-82.10,118.80,126.13,-29.11,-20.87,-177.96,0.0332,0.0088,0.0159,0.0035,0.0007,0.0066,0.0018,0.0034,0.0091,0.0042,0.0026,0.0007,0.0061,0.0037,0.0026
2026-08-05 09:03:31.573,75.200000,150,12,0.015827,0.0005,46.47,0,0,0,60.0000,0.323,0.71810,0,0,0,0,0,0.003220,0.001242,0.006292,0.001923,0.005996,0.003183,0.005870,0.003556,0.005082,0.004018,0.003973,0.003976,0.002903,0.003807,0.001897,-46.47,42.41,63.57,-178.35,-175.62,-33.49,-40.72,100.90,90.64,-123.09,-135.91,10.79,-4.11,148.62,129.26,0.0332,0.0088,0.0159,0.0035,0.0007,0.0066,0.0018,0.0034,0.0091,0.0042,0.0026,0.0007,0.0061,0.0037,0.0026
2026-08-05 09:03:31.573,75.216667,150,13,0.016806,-0.0004,76.27,0,0,0,60.0000,0.323,0.71810,0,0,0,0,0,0.003619,0.000514,0.006704,0.001587,0.006693,0.002751,0.006810,0.002904,0.005963,0.003391,0.004869,0.003466,0.003995,0.003249,0.002742,-76.27,80.05,-27.34,123.52,33.71,178.37,107.43,-113.62,177.79,-43.46,-106.70,25.66,-31.88,97.40,43.29,0.0332,0.0088,0.0159,0.0035,0.0007,0.0066,0.0018,0.0034,0.0091,0.0042,0.0026,0.0007,0.0061,0.0037,0.0026
2026-08-05 09:03:31.573,75.233333,150,14,0.014609,0.0000,158.04,0,0,0,60.0000,0.323,0.71810,0,0,0,0,0,0.002867,0.000604,0.005561,0.001359,0.005793,0.002132,0.005715,0.002435,0.005143,0.002880,0.004374,0.002877,0.003500,0.003063,0.002789,-158.04,-76.64,102.47,164.41,7.52,71.77,-74.04,-9.48,-154.25,-99.81,123.85,178.48,45.24,98.09,-31.47,0.0332,0.0088,0.0159,0.0035,0.0007,0.0066,0.0018,0.0034,0.0091,0.0042,0.0026,0.0007,0.0061,0.0037,0.0026
2026-08-05 09:03:31.573,75.250000,150,15,0.015470,0.0003,12.11,0,0,0,60.0000,0.323,0.71810,0,0,0,0,0,0.003011,0.000709,0.006178,0.001637,0.006240,0.002561,0.005961,0.003088,0.005408,0.003400,0.004211,0.003469,0.003348,0.003401,0.002414,-12.11,168.37,-178.10,-1.24,18.93,-147.83,-129.55,65.03,80.55,-85.89,-68.08,126.10,145.38,-21.86,-6.93,0.0332,0.0088,0.0159,0.0035,0.0007,0.0066,0.0018,0.0034,0.0091,0.0042,0.0026,0.0007,0.0061,0.0037,0.0026
2026-08-05 09:03:31.573,75.266667,150,16,0.017242,0.0014,-37.63,0,0,0,60.0000,0.323,0.71810,0,0,0,0,0,0.003624,0.000767,0.007023,0.001687,0.007265,0.002682,0.006903,0.003416,0.006135,0.003556,0.004745,0.003596,0.003752,0.003419,0.002565,37.63,-73.44,-29.67,-147.71,-94.98,155.97,-144.36,105.07,163.77,50.50,114.27,0.58,65.91,-49.70,14.55,0.0332,0.0088,0.0159,0.0035,0.0007,0.0066,0.0018,0.0034,0.0091,0.0042,0.0026,0.0007,0.0061,0.0037,0.0026
2026-08-05 09:03:31.573,75.283333,150,17,0.013795,-0.0004,146.36,0,0,0,60.0000,0.323,0.71810,0,0,0,0,0,0.002682,0.000515,0.005103,0.001493,0.005436,0.002133,0.005087,0.002707,0.004751,0.003041,0.003804,0.003166,0.003023,0.003260,0.002275,-146.36,-65.35,143.29,-161.55,72.56,146.60,20.24,89.05,-35.70,31.47,-90.24,-23.72,-142.58,-76.81,162.25,0.0332,0.0088,0.0159,0.0035,0.0007,0.0066,0.0018,0.0034,0.0091,0.0042,0.0026,0.0007,0.0061,0.0037,0.0026
2026-08-05 09:03:31.573,75.300000,150,18,0.014551,0.0019,23.75,0,0,0,60.0000,0.323,0.71810,0,0,0,0,0,0.002976,0.000575,0.005606,0.001492,0.005915,0.001947,0.005425,0.002528,0.005219,0.002865,0.004254,0.002896,0.003592,0.002965,0.002767,-23.75,-155.06,139.28,-33.25,-54.22,141.24,130.95,-40.90,-48.51,138.86,134.85,-38.24,-37.60,143.60,144.57,0.0332,0.0088,0.0159,0.0035,0.0007,0.0066,0.0018,0.0034,0.0091,0.0042,0.0026,0.0007,0.0061,0.0037,0.0026
2026-08-05 09:03:31.573,75.316667,150,19,0.014130,0.0001,-18.73,0,0,0,60.0000,0.323,0.71810,0,0,0,0,0,0.002712,0.000498,0.005180,0.001538,0.005653,0.002079,0.005181,0.002696,0.004781,0.003098,0.003933,0.003278,0.003243,0.003290,0.002444,18.73,-141.44,-82.31,122.96,177.52,45.21,96.20,-45.04,8.86,-129.47,-76.42,147.86,-157.00,65.03,120.79,0.0332,0.0088,0.0159,0.0035,0.0007,0.0066,0.0018,0.0034,0.0091,0.0042,0.0026,0.0007,0.0061,0.0037,0.0026
2026-08-05 09:03:31.573,75.333333,150,20,0.013957,-0.0000,-179.93,0,0,0,60.0000,0.323,0.71810,0,0,0,0,0,0.002732,0.000569,0.005371,0.001258,0.005704,0.001742,0.005213,0.002303,0.004831,0.002730,0.003993,0.002952,0.003365,0.003042,0.002771,179.93,-120.61,47.68,82.64,-85.01,-38.56,159.73,-168.33,38.31,70.13,-81.49,-46.83,162.99,-163.82,46.38,0.0332,0.0088,0.0159,0.0035,0.0007,0.0066,0.0018,0.0034,0.0091,0.0042,0.0026,0.0007,0.0061,0.0037,0.0026
2026-08-05 09:03:31.573,75.350000,150,21,0.016643,0.0003,-79.57,0,0,0,60.0000,0.323,0.71810,0,0,0,0,0,0.004630,0.002437,0.007708,0.001957,0.007652,0.001481,0.006480,0.000927,0.004972,0.001672,0.003168,0.002503,0.001754,0.003265,0.000564,79.57,91.41,164.55,166.47,-118.49,-115.86,-28.25,-85.40,56.85,-44.70,142.09,29.02,-131.85,112.19,-66.06,0.0332,0.0088,0.0159,0.0035,0.0007,0.0066,0.0018,0.0034,0.0091,0.0042,0.0026,0.0007,0.0061,0.0037,0.0026
2026-08-05 09:03:31.573,75.366667,150,22,0.013848,-0.0002,149.38,0,0,0,60.0000,0.323,0.71810,0,0,0,0,0,0.002970,0.001257,0.005676,0.001410,0.005677,0.001872,0.005341,0.002413,0.004431,0.002871,0.003414,0.003113,0.002675,0.003196,0.001978,-149.38,24.59,80.60,-80.98,-35.65,176.15,-132.80,89.50,124.93,-2.35,28.80,-99.00,-66.89,164.91,-164.62,0.0332,0.0088,0.0159,0.0035,0.0007,0.0066,0.0018,0.0034,0.0091,0.0042,0.0026,0.0007,0.0061,0.0037,0.0026
2026-08-05 09:03:31.573,75.383333,150,23,0.014309,0.0003,76.35,0,0,0,60.0000,0.323,0.71810,0,0,0,0,0,0.003013,0.000828,0.005767,0.001274,0.005610,0.002045,0.005248,0.002948,0.004510,0.003490,0.003730,0.003576,0.003025,0.003367,0.002204,-76.35,-164.34,-39.32,-93.51,8.67,-39.56,77.81,27.29,140.72,90.50,-151.41,152.84,-88.40,-141.94,-25.24,0.0332,0.0088,0.0159,0.0035,0.0007,0.0066,0.0018,0.0034,0.0091,0.0042,0.0026,0.0007,0.0061,0.0037,0.0026
2026-08-05 09:03:31.573,75.400000,150,24,0.015161,0.0002,52.01,0,0,0,60.0000,0.323,0.71810,0,0,0,0,0,0.003159,0.000653,0.006092,0.001594,0.005946,0.002389,0.005787,0.003099,0.005213,0.003267,0.004183,0.003414,0.003278,0.003353,0.002361,-52.01,-70.34,48.00,43.33,158.27,148.37,-75.30,-96.68,45.03,26.81,167.40,149.15,-66.91,-87.97,57.64,0.0332,0.0088,0.0159,0.0035,0.0007,0.0066,0.0018,0.0034,0.0091,0.0042,0.0026,0.0007,0.0061,0.0037,0.0026
2026-08-05 09:03:31.573,75.416667,150,25,0.013436,-0.0001,-81.95,0,0,0,60.0000,0.323,0.71810,0,0,0,0,0,0.002678,0.000520,0.005026,0.001233,0.005025,0.002034,0.005120,0.002620,0.004496,0.003014,0.003642,0.003202,0.003077,0.003145,0.002227,81.95,154.75,99.01,-151.86,122.31,-134.79,163.38,-95.12,-163.51,-54.19,-123.51,-17.94,-86.04,21.34,-49.65,0.0332,0.0088,0.0159,0.0035,0.0007,0.0066,0.0018,0.0034,0.0091,0.0042,0.0026,0.0007,0.0061,0.0037,0.0026
2026-08-05 09:03:31.573,75.433333,150,26,0.014124,-0.0005,-72.19,0,0,0,60.0000,0.323,0.71810,0,0,0,0,0,0.002692,0.000549,0.005332,0.001440,0.005521,0.002090,0.005347,0.002755,0.004679,0.003280,0.003960,0.003263,0.002999,0.003416,0.002325,72.19,169.48,79.17,179.35,86.46,-175.08,111.11,-148.26,132.26,-126.51,155.34,-102.23,178.27,-77.31,-157.94,0.0332,0.0088,0.0159,0.0035,0.0007,0.0066,0.0018,0.0034,0.0091,0.0042,0.0026,0.0007,0.0061,0.0037,0.0026
2026-08-05 09:03:31.573,75.450000,150,27,0.013474,-0.0004,169.69,0,0,0,60.0000,0.323,0.71810,0,0,0,0,0,0.002641,0.000623,0.005070,0.001492,0.005267,0.002142,0.004979,0.002919,0.004436,0.003273,0.003584,0.003264,0.002740,0.003349,0.001995,-169.69,18.84,68.84,-89.20,-50.95,154.98,-152.30,58.03,101.42,-47.71,-3.93,-148.91,-106.71,109.76,148.56,0.0332,0.0088,0.0159,0.0035,0.0007,0.0066,0.0018,0.0034,0.0091,0.0042,0.0026,0.0007,0.0061,0.0037,0.0026
2026-08-05 09:03:31.573,75.466667,150,28,0.013820,0.0004,-177.10,0,0,0,60.0000,0.323,0.71810,0,0,0,0,0,0.002589,0.000686,0.005260,0.001668,0.005399,0.002313,0.005084,0.003090,0.004509,0.003416,0.003528,0.003449,0.002735,0.003403,0.001950,177.10,-23.97,31.03,-148.84,-112.42,75.45,120.90,-45.81,-10.02,-173.73,-140.92,59.88,91.83,-66.81,-41.55,0.0332,0.0088,0.0159,0.0035,0.0007,0.0066,0.0018,0.0034,0.0091,0.0042,0.0026,0.0007,0.0061,0.0037,0.0026
2026-08-05 09:03:31.573,75.483333,150,29,0.014040,0.0004,50.93,0,0,0,60.0000,0.323,0.71810,0,0,0,0,0,0.002622,0.000645,0.005251,0.001647,0.005451,0.002310,0.005048,0.003229,0.004534,0.003500,0.003479,0.003574,0.002773,0.003653,0.001937,-50.93,-105.57,63.52,20.17,-179.44,145.16,-43.64,-76.29,86.64,55.35,-142.13,-168.71,-6.45,-35.59,123.22,0.0332,0.0088,0.0159,0.0035,0.0007,0.0066,0.0018,0.0034,0.0091,0.0042,0.0026,0.0007,0.0061,0.0037,0.0026
2026-08-05 09:03:31.826,75.500000,151,0,0.014568,-0.0002,-86.46,0,0,0,60.0000,0.549,0.48099,0,0,0,0,0,0.002792,0.000703,0.005514,0.001616,0.005724,0.002324,0.005366,0.003195,0.004768,0.003520,0.003829,0.003574,0.002967,0.003582,0.002189,86.46,158.51,118.29,-148.83,152.36,-106.73,-155.68,-50.95,-108.17,-2.10,-60.66,49.67,-9.39,100.58,37.88,0.0480,0.0121,0.0083,0.0028,0.0085,0.0035,0.0060,0.0035,0.0035,0.0006,0.0028,0.0079,0.0071,0.0058,0.0031
2026-08-05 09:03:31.826,75.516667,151,1,0.017826,0.0004,29.37,0,0,0,60.0000,0.549,0.48099,0,0,0,0,0,0.003888,0.001322,0.007445,0.002155,0.007797,0.002602,0.007208,0.003438,0.006316,0.003628,0.004928,0.003413,0.003727,0.003148,0.002663,-29.37,14.91,129.14,161.07,-66.85,-41.51,111.38,128.62,-73.01,-60.52,103.26,113.94,-76.47,-70.69,100.75,0.0480,0.0121,0.0083,0.0028,0.0085,0.0035,0.0060,0.0035,0.0035,0.0006,0.0028,0.0079,0.0071,0.0058,0.0031
2026-08-05 09:03:31.826,75.533333,151,2,0.013917,0.0004,-23.06,0,0,0,60.0000,0.549,0.48099,0,0,0,0,0,0.002716,0.000620,0.005250,0.001410,0.005414,0.001928,0.005003,0.002821,0.004427,0.003327,0.003523,0.003515,0.002804,0.003633,0.002155,23.06,76.91,-61.57,-10.10,-147.91,-101.62,143.18,-169.24,70.11,118.41,-3.85,49.80,-74.91,-18.19,-148.55,0.0480,0.0121,0.0083,0.0028,0.0085,0.0035,0.0060,0.0035,0.0035,0.0006,0.0028,0.0079,0.0071,0.0058,0.0031
2026-08-05 09:03:31.826,75.550000,151,3,0.017571,-0.0009,-165.64,0,0,0,60.0000,0.549,0.48099,0,0,0,0,0,0.005102,0.002706,0.008264,0.002055,0.007881,0.000623,0.006657,0.000826,0.004991,0.002134,0.002921,0.003110,0.001263,0.003815,0.000140,165.64,85.23,67.06,-15.88,-38.84,-128.48,-132.35,32.32,129.99,-92.95,34.63,165.41,-52.25,67.30,-72.26,0.0480,0.0121,0.0083,0.0028,0.0085,0.0035,0.0060,0.0035,0.0035,0.0006,0.0028,0.0079,0.0071,0.0058,0.0031
2026-08-05 09:03:31.826,75.566667,151,4,0.020265,0.0008,30.42,0,0,0,60.0000,0.549,0.48099,0,0,0,0,0,0.004633,0.001317,0.009340,0.002100,0.009011,0.003175,0.008399,0.003605,0.006765,0.004105,0.005068,0.003980,0.003741,0.003582,0.002459,-30.42,96.49,95.24,-116.96,-125.65,39.12,25.91,-162.01,177.64,-9.42,-26.39,142.42,129.09,-65.40,-73.74,0.0480,0.0121,0.0083,0.0028,0.0085,0.0035,0.0060,0.0035,0.0035,0.0006,0.0028,0.0079,0.0071,0.0058,0.0031
2026-08-05 09:03:31.826,75.583333,151,5,0.017575,0.0003,-137.19,0,0,0,60.0000,0.549,0.48099,0,0,0,0,0,0.004173,0.001377,0.007883,0.001599,0.007192,0.002838,0.006631,0.003539,0.005585,0.004237,0.004570,0.003999,0.003596,0.003438,0.002289,137.19,43.93,-130.00,175.25,-19.82,-43.93,107.43,83.25,-126.27,-156.61,0.38,-35.68,123.07,89.50,-116.03,0.0480,0.0121,0.0083,0.0028,0.0085,0.0035,0.0060,0.0035,0.0035,0.0006,0.0028,0.0079,0.0071,0.0058,0.0031
2026-08-05 09:03:31.826,75.600000,151,6,0.017624,-0.0010,-166.08,0,0,0,60.0000,0.549,0.48099,0,0,0,0,0,0.003878,0.001068,0.007605,0.001846,0.007141,0.003408,0.007001,0.003810,0.005995,0.004102,0.004446,0.003906,0.003212,0.003657,0.002143,166.08,115.86,-20.80,-32.32,165.42,167.46,4.23,5.66,-160.57,-156.92,36.37,41.75,-124.76,-117.42,73.52,0.0480,0.0121,0.0083,0.0028,0.0085,0.0035,0.0060,0.0035,0.0035,0.0006,0.0028,0.0079,0.0071,0.0058,0.0031
2026-08-05 09:03:31.826,75.616667,151,7,0.016988,0.0001,113.93,0,0,0,60.0000,0.549,0.48099,0,0,0,0,0,0.003640,0.000460,0.006995,0.001517,0.006926,0.002688,0.007107,0.002785,0.006048,0.003305,0.004953,0.003285,0.004069,0.003095,0.002801,-113.93,-21.59,-139.16,-32.57,-151.49,-53.18,-152.96,-56.73,-156.41,-59.75,-154.41,-66.40,-156.16,-66.67,-155.84,0.0480,0.0121,0.0083,0.0028,0.0085,0.0035,0.0060,0.0035,0.0035,0.0006,0.0028,0.0079,0.0071,0.0058,0.0031
2026-08-05 09:03:31.826,75.633333,151,8,0.015640,-0.0001,103.45,0,0,0,60.0000,0.549,0.48099,0,0,0,0,0,0.003003,0.001173,0.006056,0.002241,0.006114,0.003218,0.005658,0.003645,0.004948,0.004132,0.003775,0.003973,0.002761,0.003872,0.001890,-103.45,-59.62,-93.58,-29.31,-80.14,3.01,-52.57,37.02,-25.02,64.39,-1.06,94.36,28.44,126.09,50.30,0.0480,0.0121,0.0083,0.0028,0.0085,0.0035,0.0060,0.0035,0.0035,0.0006,0.0028,0.0079,0.0071,0.0058,0.0031
2026-08-05 09:03:31.826,75.650000,151,9,0.015904,-0.0001,-177.70,0,0,0,60.0000,0.549,0.48099,0,0,0,0,0,0.003108,0.000648,0.006313,0.001792,0.006407,0.002716,0.006065,0.003273,0.005454,0.003659,0.004259,0.003724,0.003307,0.003577,0.002249,177.70,-175.17,31.22,35.44,-112.67,-90.25,119.24,141.73,-10.73,10.12,-140.47,-117.77,92.57,113.83,-37.73,0.0480,0.0121,0.0083,0.0028,0.0085,0.0035,0.0060,0.0035,0.0035,0.0006,0.0028,0.0079,0.0071,0.0058,0.0031
2026-08-05 09:03:31.826,75.666667,151,10,0.014861,0.0002,-81.25,0,0,0,60.0000,0.549,0.48099,0,0,0,0,0,0.002954,0.000483,0.005778,0.001553,0.005934,0.002272,0.005630,0.002963,0.005127,0.003262,0.004102,0.003389,0.003227,0.003307,0.002374,81.25,21.65,109.60,26.31,136.44,69.58,-179.61,112.32,-137.94,152.09,-94.76,-165.70,-48.91,-121.15,-6.38,0.0480,0.0121,0.0083,0.0028,0.0085,0.0035,0.0060,0.0035,0.0035,0.0006,0.0028,0.0079,0.0071,0.0058,0.0031
2026-08-05 09:03:31.826,75.683333,151,11,0.014105,-0.0010,-120.73,0,0,0,60.0000,0.549,0.48099,0,0,0,0,0,0.002874,0.000290,0.005339,0.001430,0.005755,0.002091,0.005344,0.002486,0.004919,0.002938,0.004179,0.002912,0.003274,0.002984,0.002604,120.73,122.55,-114.61,-150.33,3.87,-15.23,138.90,119.73,-89.71,-111.38,44.67,22.94,-179.56,156.32,-46.28,0.0480,0.0121,0.0083,0.0028,0.0085,0.0035,0.0060,0.0035,0.0035,0.0006,0.0028,0.0079,0.0071,0.0058,0.0031
2026-08-05 09:03:31.826,75.700000,151,12,0.015349,-0.0005,86.94,0,0,0,60.0000,0.549,0.48099,0,0,0,0,0,0.003064,0.000531,0.005936,0.001653,0.006331,0.002342,0.005882,0.002968,0.005369,0.003337,0.004315,0.003348,0.003414,0.003308,0.002502,-86.94,51.60,-46.07,67.66,-2.89,127.21,58.99,-177.83,115.44,-119.70,174.51,-60.67,-123.55,-1.30,-66.41,0.0480,0.0121,0.0083,0.0028,0.0085,0.0035,0.0060,0.0035,0.0035,0.0006,0.0028,0.0079,0.0071,0.0058,0.0031
2026-08-05 09:03:31.826,75.716667,151,13,0.014498,-0.0002,-176.14,0,0,0,60.0000,0.549,0.48099,0,0,0,0,0,0.002854,0.000549,0.005584,0.001587,0.005985,0.002239,0.005549,0.002777,0.004974,0.003211,0.004025,0.003264,0.003227,0.003220,0.002388,176.14,-151.60,28.13,50.38,-117.82,-79.84,114.37,141.51,-18.86,9.09,-150.28,-120.32,82.37,108.86,-47.79,0.0480,0.0121,0.0083,0.0028,0.0085,0.0035,0.0060,0.0035,0.0035,0.0006,0.0028,0.0079,0.0071,0.0058,0.0031
2026-08-05 09:03:31.826,75.733333,151,14,0.014603,-0.0000,-148.06,0,0,0,60.0000,0.549,0.48099,0,0,0,0,0,0.003305,0.001079,0.006075,0.001127,0.005971,0.001275,0.005013,0.002034,0.003964,0.003157,0.003136,0.003670,0.002711,0.003989,0.002514,148.06,-157.28,-27.29,6.72,155.57,163.42,-10.36,-29.66,173.99,161.03,-3.05,-3.79,179.14,-163.10,6.61,0.0480,0.0121,0.0083,0.0028,0.0085,0.0035,0.0060,0.0035,0.0035,0.0006,0.0028,0.0079,0.0071,0.0058,0.0031
2026-08-05 09:03:31.826,75.750000,151,15,0.017608,0.0000,133.09,0,0,0,60.0000,0.549,0.48099,0,0,0,0,0,0.004602,0.002565,0.007958,0.002063,0.007589,0.001079,0.006131,0.000640,0.004251,0.002302,0.002176,0.003539,0.000720,0.004414,0.000862,-133.09,33.70,-124.82,44.29,-122.14,61.96,-106.52,-111.73,-97.47,-90.85,-89.13,-75.52,-99.03,-60.00,165.46,0.0480,0.0121,0.0083,0.0028,0.0085,0.0035,0.0060,0.0035,0.0035,0.0006,0.0028,0.0079,0.0071,0.0058,0.0031
2026-08-05 09:03:31.826,75.766667,151,16,0.019183,0.0001,52.68,0,0,0,60.0000,0.549,0.48099,0,0,0,0,0,0.004235,0.001546,0.008290,0.002054,0.008230,0.002709,0.007714,0.003503,0.006305,0.004003,0.004780,0.004222,0.003546,0.004057,0.002481,-52.68,-119.62,16.59,-24.71,100.97,66.41,-159.14,170.23,-62.21,-87.90,40.91,11.26,144.84,111.99,-109.92,0.0480,0.0121,0.0083,0.0028,0.0085,0.0035,0.0060,0.0035,0.0035,0.0006,0.0028,0.0079,0.0071,0.0058,0.0031
2026-08-05 09:03:31.826,75.783333,151,17,0.014358,0.0003,116.57,0,0,0,60.0000,0.549,0.48099,0,0,0,0,0,0.003089,0.000954,0.005982,0.000898,0.005567,0.001773,0.005149,0.002655,0.004632,0.003289,0.004020,0.003369,0.003445,0.003056,0.002460,-116.57,82.41,-173.21,77.18,146.22,53.27,128.92,31.69,105.34,6.21,83.52,-23.70,57.31,-45.34,33.02,0.0480,0.0121,0.0083,0.0028,0.0085,0.0035,0.0060,0.0035,0.0035,0.0006,0.0028,0.0079,0.0071,0.0058,0.0031
2026-08-05 09:03:31.826,75.800000,151,18,0.013918,-0.0007,147.24,0,0,0,60.0000,0.549,0.48099,0,0,0,0,0,0.002819,0.000494,0.005371,0.001168,0.005282,0.002023,0.005379,0.002734,0.004816,0.002926,0.003888,0.003048,0.003206,0.003168,0.002420,-147.24,73.83,123.02,19.80,43.58,-68.36,-17.73,-138.73,-87.96,155.35,-153.52,90.51,141.92,25.69,78.92,0.0480,0.0121,0.0083,0.0028,0.0085,0.0035,0.0060,0.0035,0.0035,0.0006,0.0028,0.0079,0.0071,0.0058,0.0031
2026-08-05 09:03:31.826,75.816667,151,19,0.014214,-0.0002,-136.51,0,0,0,60.0000,0.549,0.48099,0,0,0,0,0,0.002754,0.000594,0.005343,0.001555,0.005441,0.002258,0.005412,0.002892,0.004655,0.003353,0.003828,0.003458,0.003078,0.003350,0.002168,136.51,-52.81,-99.36,80.58,32.20,-157.31,178.96,-12.03,-39.89,132.76,107.01,-84.60,-109.75,63.27,35.62,0.0480,0.0121,0.0083,0.0028,0.0085,0.0035,0.0060,0.0035,0.0035,0.0006,0.0028,0.0079,0.0071,0.0058,0.0031
2026-08-05 09:03:31.826,75.833333,151,20,0.013484,-0.0005,118.43,0,0,0,60.0000,0.549,0.48099,0,0,0,0,0,0.002637,0.000547,0.005208,0.001470,0.005292,0.001936,0.005021,0.002734,0.004555,0.003077,0.003720,0.003132,0.002895,0.003274,0.002110,-118.43,143.41,-135.75,134.45,-151.98,121.10,-150.89,122.56,-153.00,117.60,-154.42,119.20,-152.26,121.38,-153.43,0.0480,0.0121,0.0083,0.0028,0.0085,0.0035,0.0060,0.0035,0.0035,0.0006,0.0028,0.0079,0.0071,0.0058,0.0031
2026-08-05 09:03:31.826,75.850000,151,21,0.014294,0.0004,-95.16,0,0,0,60.0000,0.549,0.48099,0,0,0,0,0,0.002780,0.000624,0.005636,0.001649,0.005754,0.002215,0.005427,0.003071,0.004835,0.003385,0.003776,0.003303,0.002922,0.003398,0.002046,95.16,-160.41,146.29,-100.46,-160.51,-43.17,-90.41,28.89,-23.19,96.16,42.42,166.72,112.53,-124.38,-178.55,0.0480,0.0121,0.0083,0.0028,0.0085,0.0035,0.0060,0.0035,0.0035,0.0006,0.0028,0.0079,0.0071,0.0058,0.0031
2026-08-05 09:03:31.826,75.866667,151,22,0.014960,0.0003,-8.37,0,0,0,60.0000,0.549,0.48099,0,0,0,0,0,0.002905,0.000604,0.005791,0.001574,0.006063,0.002104,0.005787,0.002961,0.005163,0.003280,0.004212,0.003351,0.003312,0.003346,0.002433,8.37,53.45,-113.63,-75.60,125.44,163.52,21.87,60.80,-84.32,-47.78,169.10,-152.76,65.94,102.32,-38.61,0.0480,0.0121,0.0083,0.0028,0.0085,0.0035,0.0060,0.0035,0.0035,0.0006,0.0028,0.0079,0.0071,0.0058,0.0031
2026-08-05 09:03:31.826,75.883333,151,23,0.014706,-0.0001,106.65,0,0,0,60.0000,0.549,0.48099,0,0,0,0,0,0.002906,0.000610,0.005813,0.001583,0.006007,0.002147,0.005623,0.003080,0.004967,0.003287,0.004049,0.003260,0.003168,0.003318,0.002354,-106.65,174.19,-100.75,-178.57,-92.33,-168.71,-66.70,-141.88,-45.21,-120.97,-24.93,-97.49,0.19,-74.80,23.40,0.0480,0.0121,0.0083,0.0028,0.0085,0.0035,0.0060,0.0035,0.0035,0.0006,0.0028,0.0079,0.0071,0.0058,0.0031
2026-08-05 09:03:31.826,75.900000,151,24,0.015203,0.0004,55.03,0,0,0,60.0000,0.549,0.48099,0,0,0,0,0,0.002970,0.000583,0.006050,0.001645,0.006248,0.002223,0.005874,0.003097,0.005222,0.003432,0.004194,0.003411,0.003245,0.003353,0.002327,-55.03,-72.69,52.18,28.99,162.90,139.47,-69.56,-94.61,54.78,29.43,178.14,155.57,-54.68,-80.53,72.53,0.0480,0.0121,0.0083,0.0028,0.0085,0.0035,0.0060,0.0035,0.0035,0.0006,0.0028,0.0079,0.0071,0.0058,0.0031
2026-08-05 09:03:31.826,75.916667,151,25,0.013682,-0.0002,177.52,0,0,0,60.0000,0.549,0.48099,0,0,0,0,0,0.002566,0.000656,0.005147,0.001627,0.005320,0.002268,0.004975,0.003126,0.004386,0.003485,0.003460,0.003463,0.002634,0.003542,0.001813,-177.52,-0.43,48.75,-117.53,-84.15,115.74,160.98,4.32,42.41,-113.19,-77.20,131.78,168.16,17.55,47.95,0.0480,0.0121,0.0083,0.0028,0.0085,0.0035,0.0060,0.0035,0.0035,0.0006,0.0028,0.0079,0.0071,0.0058,0.0031
2026-08-05 09:03:31.826,75.933333,151,26,0.013708,0.0002,-104.26,0,0,0,60.0000,0.549,0.48099,0,0,0,0,0,0.002905,0.001012,0.005473,0.001307,0.005542,0.001270,0.005000,0.002126,0.004213,0.002716,0.003326,0.003056,0.002664,0.003426,0.002218,104.26,-65.94,-168.43,1.73,-83.56,63.03,17.39,151.54,111.91,-120.19,-156.29,-22.11,-62.58,79.55,28.71,0.0480,0.0121,0.0083,0.0028,0.0085,0.0035,0.0060,0.0035,0.0035,0.0006,0.0028,0.0079,0.0071,0.0058,0.0031
2026-08-05 09:03:31.826,75.950000,151,27,0.015352,-0.0005,42.95,0,0,0,60.0000,0.549,0.48099,0,0,0,0,0,0.003701,0.001685,0.006584,0.001361,0.006356,0.000363,0.005461,0.000973,0.004057,0.002060,0.002385,0.002877,0.001064,0.003671,0.000269,-42.95,21.48,143.32,-159.03,-35.37,-4.99,158.37,107.58,-10.63,-84.79,-176.51,102.09,24.35,-65.04,-9.07,0.0480,0.0121,0.0083,0.0028,0.0085,0.0035,0.0060,0.0035,0.0035,0.0006,0.0028,0.0079,0.0071,0.0058,0.0031
2026-08-05 09:03:31.826,75.966667,151,28,0.016669,-0.0011,145.22,0,0,0,60.0000,0.549,0.48099,0,0,0,0,0,0.003472,0.001026,0.006954,0.001762,0.006830,0.002776,0.006649,0.003028,0.005650,0.003561,0.004426,0.003613,0.003486,0.003539,0.002479,-145.22,-144.53,117.91,141.08,32.09,74.93,-39.66,7.46,-112.89,-61.36,177.73,-133.67,108.47,157.53,39.29,0.0480,0.0121,0.0083,0.0028,0.0085,0.0035,0.0060,0.0035,0.0035,0.0006,0.0028,0.0079,0.0071,0.0058,0.0031
2026-08-05 09:03:31.826,75.983333,151,29,0.015332,0.0016,12.76,0,0,0,60.0000,0.549,0.48099,0,0,0,0,0,0.003424,0.000772,0.006680,0.001019,0.006158,0.002231,0.005858,0.002813,0.005171,0.003326,0.004400,0.003178,0.003510,0.002930,0.002365,-12.76,139.30,143.64,-18.11,-43.46,163.01,147.15,-13.34,-24.60,163.88,163.76,-14.46,-11.01,176.00,177.02,0.0480,0.0121,0.0083,0.0028,0.0085,0.0035,0.0060,0.0035,0.0035,0.0006,0.0028,0.0079,0.0071,0.0058,0.0031
2026-08-05 09:03:32.085,76.000000,152,0,0.014028,-0.0006,-170.05,0,0,0,60.0000,0.270,1.00025,0,0,0,0,0,0.002849,0.000573,0.005492,0.001110,0.005350,0.002274,0.005472,0.002541,0.004960,0.002888,0.004017,0.002991,0.003270,0.003083,0.002587,170.05,130.96,-6.10,-2.41,-170.45,-153.93,40.31,48.15,-115.39,-101.83,94.48,104.95,-56.29,-44.17,153.95,0.0207,0.0088,0.0065,0.0055,0.0033,0.0069,0.0069,0.0020,0.0036,0.0056,0.0048,0.0067,0.0037,0.0067,0.0010
2026-08-05 09:03:32.085,76.016667,152,1,0.017522,-0.0008,-168.62,0,0,0,60.0000,0.270,1.00025,0,0,0,0,0,0.003668,0.001161,0.007179,0.002263,0.007027,0.003574,0.006796,0.003915,0.005651,0.004400,0.004279,0.004226,0.003140,0.003891,0.001984,168.62,128.39,-3.92,-17.70,-167.77,-167.85,39.84,43.82,-114.39,-105.43,94.41,101.47,-61.25,-45.94,142.74,0.0207,0.0088,0.0065,0.0055,0.0033,0.0069,0.0069,0.0020,0.0036,0.0056,0.0048,0.0067,0.0037,0.0067,0.0010
2026-08-05 09:03:32.085,76.033333,152,2,0.014793,0.0008,-63.27,0,0,0,60.0000,0.270,1.00025,0,0,0,0,0,0.002984,0.000514,0.005685,0.001538,0.005857,0.002473,0.005584,0.003021,0.005014,0.003366,0.003984,0.003431,0.003158,0.003465,0.002320,63.27,-32.53,48.92,-53.13,36.89,-50.62,40.64,-45.60,43.82,-47.09,44.00,-42.42,51.24,-39.93,53.17,0.0207,0.0088,0.0065,0.0055,0.0033,0.0069,0.0069,0.0020,0.0036,0.0056,0.0048,0.0067,0.0037,0.0067,0.0010
2026-08-05 09:03:32.085,76.050000,152,3,0.013833,-0.0006,156.84,0,0,0,60.0000,0.270,1.00025,0,0,0,0,0,0.002603,0.000655,0.005331,0.001505,0.005506,0.002266,0.005206,0.002769,0.004757,0.003098,0.003827,0.003194,0.003025,0.003108,0.002185,-156.84,-138.32,110.76,132.18,18.89,63.59,-56.93,-11.27,-132.91,-90.41,149.13,-164.60,76.60,120.17,-0.24,0.0207,0.0088,0.0065,0.0055,0.0033,0.0069,0.0069,0.0020,0.0036,0.0056,0.0048,0.0067,0.0037,0.0067,0.0010
2026-08-05 09:03:32.085,76.066667,152,4,0.013234,-0.0003,-146.73,0,0,0,60.0000,0.270,1.00025,0,0,0,0,0,0.002576,0.000449,0.005007,0.001290,0.005274,0.001948,0.004959,0.002501,0.004701,0.002744,0.003777,0.002885,0.003081,0.002917,0.002408,146.73,131.54,-56.39,-81.42,99.25,96.10,-87.37,-93.40,83.52,77.81,-104.31,-110.43,71.86,62.82,-115.30,0.0207,0.0088,0.0065,0.0055,0.0033,0.0069,0.0069,0.0020,0.0036,0.0056,0.0048,0.0067,0.0037,0.0067,0.0010
2026-08-05 09:03:32.085,76.083333,152,5,0.014202,0.0002,-3.14,0,0,0,60.0000,0.270,1.00025,0,0,0,0,0,0.002722,0.000634,0.005237,0.001660,0.005573,0.002261,0.005227,0.002917,0.004826,0.003301,0.003861,0.003368,0.002989,0.003419,0.002248,3.14,178.78,-128.73,50.93,98.77,-53.82,-15.17,-171.31,-133.73,72.08,109.86,-44.10,-4.44,-158.16,-121.40,0.0207,0.0088,0.0065,0.0055,0.0033,0.0069,0.0069,0.0020,0.0036,0.0056,0.0048,0.0067,0.0037,0.0067,0.0010
2026-08-05 09:03:32.085,76.100000,152,6,0.015350,-0.0002,-150.62,0,0,0,60.0000,0.270,1.00025,0,0,0,0,0,0.003011,0.000577,0.005994,0.001646,0.006342,0.002316,0.005862,0.002921,0.005287,0.003400,0.004335,0.003387,0.003378,0.003389,0.002463,150.62,155.56,-49.84,-57.61,112.33,120.71,-68.20,-68.24,105.65,107.40,-77.88,-74.59,102.24,102.16,-83.09,0.0207,0.0088,0.0065,0.0055,0.0033,0.0069,0.0069,0.0020,0.0036,0.0056,0.0048,0.0067,0.0037,0.0067,0.0010
2026-08-05 09:03:32.085,76.116667,152,7,0.014000,-0.0004,-121.26,0,0,0,60.0000,0.270,1.00025,0,0,0,0,0,0.002676,0.000561,0.005251,0.001514,0.005653,0.002124,0.005202,0.002699,0.004819,0.003112,0.003923,0.003181,0.003148,0.003191,0.002461,121.26,111.84,-136.41,-165.44,-32.33,-45.98,89.58,65.92,-153.90,-176.69,-34.89,-56.67,89.52,63.55,-150.72,0.0207,0.0088,0.0065,0.0055,0.0033,0.0069,0.0069,0.0020,0.0036,0.0056,0.0048,0.0067,0.0037,0.0067,0.0010
2026-08-05 09:03:32.085,76.133333,152,8,0.016214,0.0004,62.09,0,0,0,60.0000,0.270,1.00025,0,0,0,0,0,0.003974,0.001467,0.007078,0.001161,0.006860,0.001122,0.005713,0.001993,0.004221,0.003220,0.002727,0.003987,0.001973,0.004351,0.001876,-62.09,144.71,75.02,-103.15,-152.83,7.76,-6.99,111.71,129.35,-112.95,-99.89,30.77,25.23,177.75,140.77,0.0207,0.0088,0.0065,0.0055,0.0033,0.0069,0.0069,0.0020,0.0036,0.0056,0.0048,0.0067,0.0037,0.0067,0.0010
2026-08-05 09:03:32.085,76.150000,152,9,0.015451,-0.0001,-162.97,0,0,0,60.0000,0.270,1.00025,0,0,0,0,0,0.003499,0.001543,0.006452,0.001286,0.006274,0.000717,0.005216,0.000801,0.003761,0.002028,0.002030,0.003092,0.000769,0.003923,0.000418,162.97,-103.15,14.88,114.69,-134.66,-3.50,92.36,-10.49,-47.78,-128.32,176.42,96.50,49.91,-36.96,68.97,0.0207,0.0088,0.0065,0.0055,0.0033,0.0069,0.0069,0.0020,0.0036,0.0056,0.0048,0.0067,0.0037,0.0067,0.0010
2026-08-05 09:03:32.085,76.166667,152,10,0.012978,0.0001,3.26,0,0,0,60.0000,0.270,1.00025,0,0,0,0,0,0.002797,0.001284,0.005330,0.001317,0.005185,0.001791,0.004868,0.002398,0.003942,0.002899,0.002952,0.003183,0.002495,0.003253,0.001813,-3.26,-53.12,154.90,135.92,-32.32,-35.17,161.75,168.86,-10.14,7.52,-174.41,-162.32,21.70,30.90,-145.71,0.0207,0.0088,0.0065,0.0055,0.0033,0.0069,0.0069,0.0020,0.0036,0.0056,0.0048,0.0067,0.0037,0.0067,0.0010
2026-08-05 09:03:32.085,76.183333,152,11,0.014624,-0.0007,-140.29,0,0,0,60.0000,0.270,1.00025,0,0,0,0,0,0.002928,0.001080,0.005824,0.001721,0.005662,0.002601,0.005429,0.003303,0.004654,0.003712,0.003685,0.003672,0.002858,0.003477,0.001867,140.29,-118.19,-97.95,35.55,33.50,178.27,-177.53,-30.35,-33.75,118.43,112.44,-96.87,-103.23,52.88,41.62,0.0207,0.0088,0.0065,0.0055,0.0033,0.0069,0.0069,0.0020,0.0036,0.0056,0.0048,0.0067,0.0037,0.0067,0.0010
2026-08-05 09:03:32.085,76.200000,152,12,0.016468,0.0003,13.69,0,0,0,60.0000,0.270,1.00025,0,0,0,0,0,0.003574,0.000764,0.006832,0.001807,0.006646,0.002742,0.006667,0.003416,0.005603,0.003628,0.004300,0.003685,0.003410,0.003482,0.002298,-13.69,8.44,165.85,-155.36,-3.48,24.11,-158.84,-140.26,39.11,62.23,-117.65,-98.15,85.50,104.87,-71.51,0.0207,0.0088,0.0065,0.0055,0.0033,0.0069,0.0069,0.0020,0.0036,0.0056,0.0048,0.0067,0.0037,0.0067,0.0010
2026-08-05 09:03:32.085,76.216667,152,13,0.013784,-0.0001,161.37,0,0,0,60.0000,0.270,1.00025,0,0,0,0,0,0.002675,0.000480,0.005280,0.001388,0.005400,0.002074,0.005366,0.002605,0.004626,0.003052,0.003893,0.003084,0.003169,0.003089,0.002198,-161.37,64.68,83.83,-38.48,-21.51,-155.73,-112.53,113.66,151.57,20.18,60.93,-75.85,-32.23,-164.19,-120.39,0.0207,0.0088,0.0065,0.0055,0.0033,0.0069,0.0069,0.0020,0.0036,0.0056,0.0048,0.0067,0.0037,0.0067,0.0010
2026-08-05 09:03:32.085,76.233333,152,14,0.014160,0.0002,138.13,0,0,0,60.0000,0.270,1.00025,0,0,0,0,0,0.002791,0.000501,0.005480,0.001490,0.005704,0.002005,0.005412,0.002881,0.004803,0.003135,0.003929,0.003179,0.003088,0.003235,0.002280,-138.13,129.87,167.27,64.92,113.61,8.76,77.65,-27.05,37.49,-69.20,-1.97,-106.55,-37.72,-143.79,-75.64,0.0207,0.0088,0.0065,0.0055,0.0033,0.0069,0.0069,0.0020,0.0036,0.0056,0.0048,0.0067,0.0037,0.0067,0.0010
2026-08-05 09:03:32.085,76.250000,152,15,0.013577,0.0004,-41.60,0,0,0,60.0000,0.270,1.00025,0,0,0,0,0,0.002635,0.000463,0.005106,0.001354,0.005320,0.001797,0.005134,0.002617,0.004633,0.002978,0.003840,0.003004,0.003140,0.003152,0.002385,41.60,99.58,-12.49,56.99,-67.20,0.04,-103.66,-33.49,-143.36,-74.05,177.08,-110.79,140.63,-147.57,100.92,0.0207,0.0088,0.0065,0.0055,0.0033,0.0069,0.0069,0.0020,0.0036,0.0056,0.0048,0.0067,0.0037,0.0067,0.0010
2026-08-05 09:03:32.085,76.266667,152,16,0.018017,-0.0003,156.08,0,0,0,60.0000,0.270,1.00025,0,0,0,0,0,0.003687,0.001278,0.007532,0.002685,0.007489,0.003481,0.006919,0.004462,0.005753,0.004628,0.004164,0.004413,0.002905,0.004016,0.001724,-156.08,21.15,104.99,-56.91,11.36,-139.41,-67.94,146.39,-149.83,68.46,128.03,-8.60,47.56,-87.82,-36.64,0.0207,0.0088,0.0065,0.0055,0.0033,0.0069,0.0069,0.0020,0.0036,0.0056,0.0048,0.0067,0.0037,0.0067,0.0010
2026-08-05 09:03:32.085,76.283333,152,17,0.019331,-0.0003,-90.30,0,0,0,60.0000,0.270,1.00025,0,0,0,0,0,0.004268,0.001458,0.008243,0.002298,0.008635,0.002810,0.008013,0.003587,0.006979,0.003624,0.005385,0.003427,0.004015,0.003102,0.002737,90.30,-106.87,123.00,-86.84,162.66,-52.30,-144.62,-10.19,-93.40,36.68,-41.25,87.75,14.69,136.40,68.61,0.0207,0.0088,0.0065,0.0055,0.0033,0.0069,0.0069,0.0020,0.0036,0.0056,0.0048,0.0067,0.0037,0.0067,0.0010
2026-08-05 09:03:32.085,76.300000,152,18,0.016594,0.0007,-139.27,0,0,0,60.0000,0.270,1.00025,0,0,0,0,0,0.003381,0.000719,0.006710,0.001788,0.006972,0.002336,0.006624,0.003298,0.005816,0.003542,0.004698,0.003484,0.003599,0.003376,0.002527,139.27,-41.38,-87.10,85.72,50.66,-136.36,-155.91,14.80,-5.05,163.67,146.31,-43.64,-58.87,107.18,93.77,0.0207,0.0088,0.0065,0.0055,0.0033,0.0069,0.0069,0.0020,0.0036,0.0056,0.0048,0.0067,0.0037,0.0067,0.0010
2026-08-05 09:03:32.085,76.316667,152,19,0.015901,-0.0005,143.96,0,0,0,60.0000,0.270,1.00025,0,0,0,0,0,0.003228,0.000730,0.006424,0.001857,0.006659,0.002604,0.006143,0.003483,0.005383,0.003843,0.004091,0.003679,0.003055,0.003593,0.001981,-143.96,85.60,143.42,17.85,75.13,-46.81,22.32,-98.35,-33.63,-153.94,-89.12,153.71,-141.87,99.36,164.25,0.0207,0.0088,0.0065,0.0055,0.0033,0.0069,0.0069,0.0020,0.0036,0.0056,0.0048,0.0067,0.0037,0.0067,0.0010
2026-08-05 09:03:32.085,76.333333,152,20,0.016973,-0.0002,-82.33,0,0,0,60.0000,0.270,1.00025,0,0,0,0,0,0.004336,0.002075,0.007611,0.001955,0.007380,0.001007,0.006341,0.001599,0.004792,0.002536,0.003033,0.003306,0.001870,0.004028,0.001475,82.33,-89.68,152.55,-26.85,-142.19,18.85,-65.09,44.33,6.90,95.34,73.87,166.26,132.09,-117.42,174.01,0.0207,0.0088,0.0065,0.0055,0.0033,0.0069,0.0069,0.0020,0.0036,0.0056,0.0048,0.0067,0.0037,0.0067,0.0010
2026-08-05 09:03:32.085,76.350000,152,21,0.015234,0.0001,-148.49,0,0,0,60.0000,0.270,1.00025,0,0,0,0,0,0.003341,0.000864,0.006409,0.000668,0.006100,0.000579,0.005349,0.001199,0.003955,0.002345,0.002400,0.003191,0.001343,0.003912,0.001109,148.49,40.84,-50.62,-148.86,113.67,145.46,-65.11,5.76,114.33,-179.48,-59.35,-3.43,144.52,175.52,16.51,0.0207,0.0088,0.0065,0.0055,0.0033,0.0069,0.0069,0.0020,0.0036,0.0056,0.0048,0.0067,0.0037,0.0067,0.0010
2026-08-05 09:03:32.085,76.366667,152,22,0.014045,-0.0002,-137.64,0,0,0,60.0000,0.270,1.00025,0,0,0,0,0,0.002885,0.001015,0.005773,0.001076,0.005574,0.001898,0.005408,0.002136,0.004696,0.002714,0.003854,0.002988,0.003238,0.003058,0.002484,137.64,68.59,-128.45,-177.63,-21.76,-45.73,101.47,82.75,-135.50,-152.68,-8.04,-33.50,119.23,90.15,-113.45,0.0207,0.0088,0.0065,0.0055,0.0033,0.0069,0.0069,0.0020,0.0036,0.0056,0.0048,0.0067,0.0037,0.0067,0.0010
2026-08-05 09:03:32.085,76.383333,152,23,0.015218,-0.0006,151.66,0,0,0,60.0000,0.270,1.00025,0,0,0,0,0,0.003250,0.000690,0.006256,0.001322,0.005978,0.002384,0.005977,0.002742,0.005383,0.003074,0.004522,0.002841,0.003627,0.002860,0.002660,-151.66,-77.88,98.67,-172.49,2.54,84.70,-77.11,-3.14,-160.04,-95.52,117.67,177.13,34.52,97.03,-44.13,0.0207,0.0088,0.0065,0.0055,0.0033,0.0069,0.0069,0.0020,0.0036,0.0056,0.0048,0.0067,0.0037,0.0067,0.0010
2026-08-05 09:03:32.085,76.400000,152,24,0.016518,0.0004,77.08,0,0,0,60.0000,0.270,1.00025,0,0,0,0,0,0.003359,0.000777,0.006741,0.001592,0.006591,0.002889,0.006475,0.003286,0.005655,0.003799,0.004467,0.003742,0.003486,0.003517,0.002390,-77.08,7.83,-24.45,89.20,38.50,162.76,113.69,-121.11,-173.39,-47.43,-97.97,25.19,-23.86,104.64,50.18,0.0207,0.0088,0.0065,0.0055,0.0033,0.0069,0.0069,0.0020,0.0036,0.0056,0.0048,0.0067,0.0037,0.0067,0.0010
2026-08-05 09:03:32.085,76.416667,152,25,0.016869,-0.0002,-172.79,0,0,0,60.0000,0.270,1.00025,0,0,0,0,0,0.003676,0.000923,0.007172,0.001819,0.007246,0.002410,0.007159,0.002603,0.006150,0.002913,0.005058,0.002597,0.003928,0.002472,0.002742,172.79,-115.97,5.92,63.36,-150.10,-106.65,64.12,107.18,-80.69,-50.75,136.26,157.18,-6.77,11.83,-144.57,0.0207,0.0088,0.0065,0.0055,0.0033,0.0069,0.0069,0.0020,0.0036,0.0056,0.0048,0.0067,0.0037,0.0067,0.0010
2026-08-05 09:03:32.085,76.433333,152,26,0.014319,0.0002,169.33,0,0,0,60.0000,0.270,1.00025,0,0,0,0,0,0.002770,0.000597,0.005607,0.001436,0.005719,0.002249,0.005473,0.002723,0.005024,0.003037,0.004057,0.003126,0.003245,0.003098,0.002379,-169.33,-154.16,77.10,88.80,-37.17,-3.20,-134.96,-100.58,126.30,156.98,26.73,60.53,-68.25,-38.40,-167.66,0.0207,0.0088,0.0065,0.0055,0.0033,0.0069,0.0069,0.0020,0.0036,0.0056,0.0048,0.0067,0.0037,0.0067,0.0010
2026-08-05 09:03:32.085,76.450000,152,27,0.014032,0.0005,149.73,0,0,0,60.0000,0.270,1.00025,0,0,0,0,0,0.002720,0.000559,0.005393,0.001438,0.005480,0.002250,0.005276,0.002748,0.004894,0.003067,0.003889,0.003192,0.003145,0.003159,0.002394,-149.73,-99.22,135.30,173.20,59.22,119.66,0.59,61.23,-59.86,-1.83,-121.92,-60.46,-179.07,-119.68,117.57,0.0207,0.0088,0.0065,0.0055,0.0033,0.0069,0.0069,0.0020,0.0036,0.0056,0.0048,0.0067,0.0037,0.0067,0.0010
2026-08-05 09:03:32.085,76.466667,152,28,0.014129,0.0000,-123.43,0,0,0,60.0000,0.270,1.00025,0,0,0,0,0,0.002888,0.000755,0.005453,0.001810,0.005703,0.002470,0.005230,0.003096,0.004834,0.003290,0.003667,0.003355,0.002766,0.003334,0.002045,123.43,44.89,-125.86,169.48,-15.56,-55.67,111.88,70.72,-124.24,-162.38,1.93,-35.46,131.28,91.66,-104.48,0.0207,0.0088,0.0065,0.0055,0.0033,0.0069,0.0069,0.0020,0.0036,0.0056,0.0048,0.0067,0.0037,0.0067,0.0010
2026-08-05 09:03:32.085,76.483333,152,29,0.014746,0.0001,103.87,0,0,0,60.0000,0.270,1.00025,0,0,0,0,0,0.002920,0.000506,0.005605,0.001676,0.005905,0.002388,0.005509,0.003016,0.005076,0.003362,0.004012,0.003431,0.003146,0.003468,0.002339,-103.87,-1.08,-91.24,-4.54,-78.86,28.48,-47.74,55.52,-20.70,82.93,7.88,111.55,39.69,141.63,68.16,0.0207,0.0088,0.0065,0.0055,0.0033,0.0069,0.0069,0.0020,0.0036,0.0056,0.0048,0.0067,0.0037,0.0067,0.0010
2026-08-05 09:03:32.342,76.500000,153,0,0.014961,0.0005,-60.22,0,0,0,60.0000,0.269,1.46886,0,0,0,0,0,0.002867,0.000768,0.005702,0.001873,0.006025,0.002558,0.005485,0.003251,0.004960,0.003641,0.003940,0.003664,0.003051,0.003545,0.002145,60.22,-77.52,37.23,-85.29,17.09,-84.04,14.01,-90.38,6.30,-94.39,-0.31,-97.29,-1.89,-100.95,-7.92,0.0126,0.0039,0.0030,0.0063,0.0023,0.0043,0.0077,0.0084,0.0031,0.0029,0.0023,0.0037,0.0032,0.0023,0.0084
2026-08-05 09:03:32.342,76.516667,153,1,0.015117,0.0001,76.18,0,0,0,60.0000,0.269,1.46886,0,0,0,0,0,0.003021,0.000781,0.005939,0.001924,0.006250,0.002527,0.005720,0.003124,0.005052,0.003565,0.003994,0.003533,0.003072,0.003377,0.002191,-76.18,4.50,-15.08,86.71,51.14,173.50,134.23,-108.25,-148.46,-26.75,-69.10,55.44,13.46,137.90,91.50,0.0126,0.0039,0.0030,0.0063,0.0023,0.0043,0.0077,0.0084,0.0031,0.0029,0.0023,0.0037,0.0032,0.0023,0.0084
2026-08-05 09:03:32.342,76.533333,153,2,0.017208,0.0003,133.19,0,0,0,60.0000,0.269,1.46886,0,0,0,0,0,0.004611,0.002438,0.007920,0.002091,0.007691,0.001332,0.006418,0.000973,0.004777,0.002121,0.002867,0.003095,0.001584,0.003889,0.001225,-133.19,25.08,-127.72,22.96,-126.85,24.14,-112.75,-39.68,-107.02,-64.34,-103.02,-60.10,-111.85,-47.71,-154.43,0.0126,0.0039,0.0030,0.0063,0.0023,0.0043,0.0077,0.0084,0.0031,0.0029,0.0023,0.0037,0.0032,0.0023,0.0084
2026-08-05 09:03:32.342,76.550000,153,3,0.014658,0.0008,-111.79,0,0,0,60.0000,0.269,1.46886,0,0,0,0,0,0.003061,0.001148,0.006026,0.000959,0.005717,0.001060,0.004863,0.001696,0.003536,0.002746,0.002016,0.003528,0.001275,0.004110,0.001029,111.79,161.33,-176.09,-101.30,-97.44,26.24,-0.24,161.63,91.82,-87.96,-164.08,9.70,-45.25,105.00,90.01,0.0126,0.0039,0.0030,0.0063,0.0023,0.0043,0.0077,0.0084,0.0031,0.0029,0.0023,0.0037,0.0032,0.0023,0.0084
2026-08-05 09:03:32.342,76.566667,153,4,0.013975,-0.0001,135.65,0,0,0,60.0000,0.269,1.46886,0,0,0,0,0,0.002899,0.001184,0.005715,0.001451,0.005578,0.002119,0.005189,0.002734,0.004296,0.003292,0.003355,0.003494,0.002774,0.003434,0.002037,-135.65,45.70,132.37,-18.24,53.54,-80.00,-5.89,-131.95,-70.38,169.40,-126.87,107.88,172.84,46.10,111.97,0.0126,0.0039,0.0030,0.0063,0.0023,0.0043,0.0077,0.0084,0.0031,0.0029,0.0023,0.0037,0.0032,0.0023,0.0084
2026-08-05 09:03:32.342,76.583333,153,5,0.014013,0.0002,34.80,0,0,0,60.0000,0.269,1.46886,0,0,0,0,0,0.002841,0.000946,0.005562,0.001433,0.005244,0.002363,0.005093,0.003140,0.004472,0.003562,0.003560,0.003577,0.002803,0.003390,0.001798,-34.80,-107.91,94.83,60.46,-123.40,-143.87,36.77,13.99,-170.47,169.76,-14.54,-34.81,139.41,125.91,-67.09,0.0126,0.0039,0.0030,0.0063,0.0023,0.0043,0.0077,0.0084,0.0031,0.0029,0.0023,0.0037,0.0032,0.0023,0.0084
2026-08-05 09:03:32.342,76.600000,153,6,0.014057,-0.0003,168.34,0,0,0,60.0000,0.269,1.46886,0,0,0,0,0,0.002909,0.000753,0.005501,0.001359,0.005352,0.002419,0.005419,0.003037,0.004641,0.003314,0.003588,0.003470,0.002912,0.003294,0.002032,-168.34,-4.67,59.52,-91.82,-61.33,147.31,-166.13,39.18,80.00,-65.31,-26.67,-173.70,-135.44,79.33,113.68,0.0126,0.0039,0.0030,0.0063,0.0023,0.0043,0.0077,0.0084,0.0031,0.0029,0.0023,0.0037,0.0032,0.0023,0.0084
2026-08-05 09:03:32.342,76.616667,153,7,0.015578,-0.0004,163.22,0,0,0,60.0000,0.269,1.46886,0,0,0,0,0,0.003276,0.000908,0.006281,0.002087,0.006269,0.003062,0.005888,0.003795,0.004765,0.004162,0.003690,0.003987,0.002516,0.003744,0.001524,-163.22,12.84,80.75,-76.44,-27.91,178.77,-122.72,88.40,141.03,-4.98,45.11,-99.74,-53.77,168.82,-151.48,0.0126,0.0039,0.0030,0.0063,0.0023,0.0043,0.0077,0.0084,0.0031,0.0029,0.0023,0.0037,0.0032,0.0023,0.0084
2026-08-05 09:03:32.342,76.633333,153,8,0.018076,-0.0008,94.90,0,0,0,60.0000,0.269,1.46886,0,0,0,0,0,0.003684,0.001959,0.007376,0.003281,0.007307,0.004068,0.006655,0.004953,0.005382,0.005011,0.003718,0.004638,0.002439,0.004178,0.001200,-94.90,134.13,-64.70,-177.71,-31.64,-131.35,16.44,-76.88,62.08,-27.03,107.79,23.57,154.55,72.30,-165.65,0.0126,0.0039,0.0030,0.0063,0.0023,0.0043,0.0077,0.0084,0.0031,0.0029,0.0023,0.0037,0.0032,0.0023,0.0084
2026-08-05 09:03:32.342,76.650000,153,9,0.017260,-0.0005,119.28,0,0,0,60.0000,0.269,1.46886,0,0,0,0,0,0.003617,0.000873,0.007149,0.002156,0.007303,0.002986,0.006732,0.004047,0.005662,0.004242,0.004263,0.004140,0.002973,0.003741,0.001977,-119.28,135.85,-142.78,116.31,-161.68,101.97,-165.15,100.13,-171.78,93.81,-179.03,90.14,177.13,85.36,170.25,0.0126,0.0039,0.0030,0.0063,0.0023,0.0043,0.0077,0.0084,0.0031,0.0029,0.0023,0.0037,0.0032,0.0023,0.0084
2026-08-05 09:03:32.342,76.666667,153,10,0.017987,0.0005,82.94,0,0,0,60.0000,0.269,1.46886,0,0,0,0,0,0.003882,0.001190,0.007551,0.002141,0.007867,0.002731,0.007284,0.003603,0.006314,0.003801,0.004876,0.003590,0.003646,0.003319,0.002503,-82.94,-108.12,-38.16,-74.46,13.20,-26.98,78.73,32.83,141.36,92.81,-153.94,157.09,-86.10,-139.87,-21.97,0.0126,0.0039,0.0030,0.0063,0.0023,0.0043,0.0077,0.0084,0.0031,0.0029,0.0023,0.0037,0.0032,0.0023,0.0084
2026-08-05 09:03:32.342,76.683333,153,11,0.016327,0.0001,-57.54,0,0,0,60.0000,0.269,1.46886,0,0,0,0,0,0.003349,0.000823,0.006620,0.001744,0.006925,0.002338,0.006509,0.003214,0.005781,0.003424,0.004627,0.003428,0.003530,0.003263,0.002568,57.54,165.62,26.31,123.86,0.43,94.74,-10.05,81.84,-24.13,64.59,-36.38,53.66,-45.85,41.57,-57.56,0.0126,0.0039,0.0030,0.0063,0.0023,0.0043,0.0077,0.0084,0.0031,0.0029,0.0023,0.0037,0.0032,0.0023,0.0084
2026-08-05 09:03:32.342,76.700000,153,12,0.016340,-0.0009,166.39,0,0,0,60.0000,0.269,1.46886,0,0,0,0,0,0.003333,0.000790,0.006542,0.001806,0.006800,0.002454,0.006413,0.003449,0.005602,0.003724,0.004378,0.003658,0.003380,0.003575,0.002411,-166.39,66.58,74.70,-57.91,-39.19,-171.04,-137.51,88.49,120.75,-13.67,19.09,-111.65,-79.27,146.82,-179.84,0.0126,0.0039,0.0030,0.0063,0.0023,0.0043,0.0077,0.0084,0.0031,0.0029,0.0023,0.0037,0.0032,0.0023,0.0084
2026-08-05 09:03:32.342,76.716667,153,13,0.016219,0.0004,-5.23,0,0,0,60.0000,0.269,1.46886,0,0,0,0,0,0.003342,0.000911,0.006518,0.001888,0.006733,0.002379,0.006284,0.003432,0.005419,0.003815,0.004255,0.003818,0.003333,0.003602,0.002313,5.23,70.56,-123.74,-75.38,109.79,154.08,-1.21,38.88,-115.64,-76.02,131.19,171.82,20.68,58.90,-92.47,0.0126,0.0039,0.0030,0.0063,0.0023,0.0043,0.0077,0.0084,0.0031,0.0029,0.0023,0.0037,0.0032,0.0023,0.0084
2026-08-05 09:03:32.342,76.733333,153,14,0.018617,0.0002,-132.96,0,0,0,60.0000,0.269,1.46886,0,0,0,0,0,0.005260,0.003184,0.008877,0.003019,0.008534,0.001625,0.007358,0.000712,0.005487,0.001542,0.003400,0.002641,0.001838,0.003578,0.001045,132.96,24.75,-44.89,-152.27,132.04,33.90,-40.53,156.49,142.96,-94.74,-35.88,85.07,138.97,-88.61,-75.28,0.0126,0.0039,0.0030,0.0063,0.0023,0.0043,0.0077,0.0084,0.0031,0.0029,0.0023,0.0037,0.0032,0.0023,0.0084
2026-08-05 09:03:32.342,76.750000,153,15,0.018877,0.0003,147.70,0,0,0,60.0000,0.269,1.46886,0,0,0,0,0,0.004316,0.001524,0.008250,0.001933,0.007585,0.002896,0.006560,0.003530,0.004723,0.004656,0.003096,0.005099,0.002207,0.005098,0.001744,-147.70,-173.66,130.56,143.35,57.44,109.80,-2.19,67.30,-59.48,11.64,-108.96,-48.13,-152.40,-109.49,162.77,0.0126,0.0039,0.0030,0.0063,0.0023,0.0043,0.0077,0.0084,0.0031,0.0029,0.0023,0.0037,0.0032,0.0023,0.0084
2026-08-05 09:03:32.342,76.766667,153,16,0.022302,0.0006,19.47,0,0,0,60.0000,0.269,1.46886,0,0,0,0,0,0.005410,0.002156,0.010427,0.003062,0.009897,0.004187,0.008866,0.004762,0.006834,0.005239,0.004885,0.004839,0.003338,0.003827,0.001866,-19.47,87.68,128.39,-92.76,-68.43,92.96,106.49,-83.02,-77.66,94.46,101.62,-91.37,-84.27,83.51,86.71,0.0126,0.0039,0.0030,0.0063,0.0023,0.0043,0.0077,0.0084,0.0031,0.0029,0.0023,0.0037,0.0032,0.0023,0.0084
2026-08-05 09:03:32.342,76.783333,153,17,0.022440,0.0006,-136.42,0,0,0,60.0000,0.269,1.46886,0,0,0,0,0,0.005567,0.001344,0.010340,0.002814,0.009688,0.003637,0.009365,0.003621,0.008414,0.003035,0.006694,0.002378,0.004836,0.002035,0.003119,136.42,161.17,-128.76,-87.29,-13.14,14.59,116.27,125.47,-118.12,-121.01,8.96,1.95,138.07,125.49,-82.52,0.0126,0.0039,0.0030,0.0063,0.0023,0.0043,0.0077,0.0084,0.0031,0.0029,0.0023,0.0037,0.0032,0.0023,0.0084
2026-08-05 09:03:32.342,76.800000,153,18,0.020701,-0.0000,-170.86,0,0,0,60.0000,0.269,1.46886,0,0,0,0,0,0.004620,0.001454,0.009252,0.002560,0.009139,0.002982,0.009060,0.002942,0.007656,0.002867,0.006000,0.002568,0.004680,0.002184,0.003185,170.86,-118.63,-7.39,61.25,-171.29,-119.69,34.71,79.79,-120.37,-84.55,90.17,110.26,-60.15,-51.13,152.90,0.0126,0.0039,0.0030,0.0063,0.0023,0.0043,0.0077,0.0084,0.0031,0.0029,0.0023,0.0037,0.0032,0.0023,0.0084
2026-08-05 09:03:32.342,76.816667,153,19,0.017594,-0.0005,121.53,0,0,0,60.0000,0.269,1.46886,0,0,0,0,0,0.003884,0.000650,0.007551,0.001832,0.007704,0.002657,0.007321,0.003083,0.006314,0.003390,0.005066,0.003015,0.003666,0.002975,0.002632,-121.53,-11.00,-156.49,-58.19,178.63,-85.88,164.48,-101.57,149.18,-118.68,139.00,-136.91,125.01,-148.37,117.53,0.0126,0.0039,0.0030,0.0063,0.0023,0.0043,0.0077,0.0084,0.0031,0.0029,0.0023,0.0037,0.0032,0.0023,0.0084
2026-08-05 09:03:32.342,76.833333,153,20,0.017798,-0.0003,170.99,0,0,0,60.0000,0.269,1.46886,0,0,0,0,0,0.003815,0.000830,0.007592,0.001848,0.007771,0.002694,0.007311,0.003243,0.006435,0.003409,0.005057,0.003282,0.003895,0.002999,0.002673,-170.99,-100.36,61.73,106.98,-61.03,-10.76,-169.36,-122.68,80.44,123.38,-28.74,14.45,-134.74,-96.48,115.90,0.0126,0.0039,0.0030,0.0063,0.0023,0.0043,0.0077,0.0084,0.0031,0.0029,0.0023,0.0037,0.0032,0.0023,0.0084
2026-08-05 09:03:32.342,76.850000,153,21,0.018009,0.0005,33.03,0,0,0,60.0000,0.269,1.46886,0,0,0,0,0,0.003808,0.000683,0.007666,0.001845,0.007754,0.002814,0.007314,0.003417,0.006516,0.003589,0.004967,0.003541,0.003761,0.003272,0.002545,-33.03,147.24,116.96,-75.61,-88.29,91.03,80.76,-101.99,-112.24,62.15,55.87,-129.32,-134.46,39.26,35.65,0.0126,0.0039,0.0030,0.0063,0.0023,0.0043,0.0077,0.0084,0.0031,0.0029,0.0023,0.0037,0.0032,0.0023,0.0084
2026-08-05 09:03:32.342,76.866667,153,22,0.018968,-0.0003,34.47,0,0,0,60.0000,0.269,1.46886,0,0,0,0,0,0.004130,0.000674,0.008128,0.002128,0.008374,0.003020,0.007735,0.003742,0.006697,0.003910,0.005106,0.003706,0.003766,0.003454,0.002456,-34.47,111.93,112.25,-91.92,-96.71,72.28,69.79,-122.98,-127.84,40.66,38.89,-154.09,-154.23,9.71,12.68,0.0126,0.0039,0.0030,0.0063,0.0023,0.0043,0.0077,0.0084,0.0031,0.0029,0.0023,0.0037,0.0032,0.0023,0.0084
2026-08-05 09:03:32.342,76.883333,153,23,0.020088,-0.0004,161.93,0,0,0,60.0000,0.269,1.46886,0,0,0,0,0,0.004602,0.000746,0.008881,0.002342,0.009022,0.003336,0.008284,0.004045,0.007018,0.004144,0.005232,0.003794,0.003717,0.003286,0.002380,-161.93,-123.71,84.26,118.67,-23.30,24.35,-116.82,-72.62,146.45,-169.36,53.15,97.38,-37.88,1.92,-130.27,0.0126,0.0039,0.0030,0.0063,0.0023,0.0043,0.0077,0.0084,0.0031,0.0029,0.0023,0.0037,0.0032,0.0023,0.0084
2026-08-05 09:03:32.342,76.900000,153,24,0.017206,-0.0001,-135.01,0,0,0,60.0000,0.269,1.46886,0,0,0,0,0,0.003579,0.000896,0.007075,0.002195,0.007367,0.002935,0.006792,0.003620,0.005837,0.003956,0.004515,0.003747,0.003419,0.003447,0.002283,135.01,71.10,-101.66,-147.84,27.24,-0.83,171.94,141.68,-48.21,-75.02,93.06,69.75,-123.02,-147.60,17.26,0.0126,0.0039,0.0030,0.0063,0.0023,0.0043,0.0077,0.0084,0.0031,0.0029,0.0023,0.0037,0.0032,0.0023,0.0084
2026-08-05 09:03:32.342,76.916667,153,25,0.017515,-0.0003,75.75,0,0,0,60.0000,0.269,1.46886,0,0,0,0,0,0.003751,0.000841,0.007328,0.002227,0.007486,0.003013,0.006656,0.003792,0.005620,0.004308,0.004310,0.004219,0.003269,0.003886,0.002224,-75.75,22.49,-11.83,95.24,56.71,179.12,140.33,-100.83,-141.65,-18.30,-62.25,67.68,19.29,153.29,98.73,0.0126,0.0039,0.0030,0.0063,0.0023,0.0043,0.0077,0.0084,0.0031,0.0029,0.0023,0.0037,0.0032,0.0023,0.0084
2026-08-05 09:03:32.342,76.933333,153,26,0.021156,0.0004,64.11,0,0,0,60.0000,0.269,1.46886,0,0,0,0,0,0.006371,0.003105,0.010602,0.002484,0.010210,0.001424,0.008480,0.001360,0.005883,0.002711,0.003323,0.003708,0.001397,0.004276,0.000581,-64.11,159.81,83.54,-61.03,-132.11,75.44,22.30,147.54,171.29,-85.95,-38.32,61.36,99.39,-146.34,165.14,0.0126,0.0039,0.0030,0.0063,0.0023,0.0043,0.0077,0.0084,0.0031,0.0029,0.0023,0.0037,0.0032,0.0023,0.0084
2026-08-05 09:03:32.342,76.950000,153,27,0.015732,0.0003,83.96,0,0,0,60.0000,0.269,1.46886,0,0,0,0,0,0.003566,0.001434,0.006890,0.001076,0.006660,0.001232,0.006017,0.001870,0.004771,0.002629,0.003537,0.003206,0.002765,0.003536,0.002262,-83.96,140.11,-101.54,151.90,-99.26,-177.09,-78.21,-132.43,-60.33,-104.79,-32.53,-86.13,-0.97,-67.77,34.57,0.0126,0.0039,0.0030,0.0063,0.0023,0.0043,0.0077,0.0084,0.0031,0.0029,0.0023,0.0037,0.0032,0.0023,0.0084
2026-08-05 09:03:32.342,76.966667,153,28,0.014448,0.0002,-74.19,0,0,0,60.0000,0.269,1.46886,0,0,0,0,0,0.002958,0.001019,0.005873,0.001349,0.005704,0.002069,0.005367,0.002864,0.004537,0.003408,0.003638,0.003575,0.003050,0.003527,0.002189,74.19,116.89,47.11,121.78,32.39,121.57,36.91,130.73,37.40,133.92,43.00,131.88,45.85,133.76,46.31,0.0126,0.0039,0.0030,0.0063,0.0023,0.0043,0.0077,0.0084,0.0031,0.0029,0.0023,0.0037,0.0032,0.0023,0.0084
2026-08-05 09:03:32.342,76.983333,153,29,0.014234,0.0001,167.00,0,0,0,60.0000,0.269,1.46886,0,0,0,0,0,0.002870,0.000803,0.005678,0.001238,0.005404,0.002298,0.005330,0.003046,0.004681,0.003397,0.003837,0.003350,0.002976,0.003343,0.002075,-167.00,-3.30,57.30,-100.37,-67.84,144.25,-171.97,33.61,73.63,-75.33,-35.96,173.43,-147.48,68.27,105.10,0.0126,0.0039,0.0030,0.0063,0.0023,0.0043,0.0077,0.0084,0.0031,0.0029,0.0023,0.0037,0.0032,0.0023,0.0084
2026-08-05 09:03:32.597,77.000000,154,0,0.013696,-0.0005,147.44,0,0,0,60.0000,0.267,1.53378,0,0,0,0,0,0.002750,0.000648,0.005286,0.001369,0.005183,0.002310,0.005202,0.002901,0.004418,0.003214,0.003472,0.003375,0.002926,0.003282,0.002031,-147.44,45.55,124.24,-3.41,46.33,-82.39,-15.33,-144.79,-85.73,154.13,-149.98,87.94,144.22,24.57,74.11,0.0136,0.0059,0.0064,0.0044,0.0029,0.0083,0.0066,0.0034,0.0019,0.0025,0.0046,0.0064,0.0024,0.0072,0.0089
2026-08-05 09:03:32.597,77.016667,154,1,0.013954,0.0005,88.73,0,0,0,60.0000,0.267,1.53378,0,0,0,0,0,0.002761,0.000785,0.005426,0.001822,0.005419,0.002506,0.005152,0.003166,0.004379,0.003569,0.003479,0.003482,0.002612,0.003587,0.001712,-88.73,162.08,-50.59,-133.45,-6.85,-84.09,50.08,-21.33,104.45,35.03,160.86,93.70,-143.11,153.16,-82.64,0.0136,0.0059,0.0064,0.0044,0.0029,0.0083,0.0066,0.0034,0.0019,0.0025,0.0046,0.0064,0.0024,0.0072,0.0089
2026-08-05 09:03:32.597,77.033333,154,2,0.020309,0.0008,-23.46,0,0,0,60.0000,0.267,1.53378,0,0,0,0,0,0.004323,0.001912,0.008840,0.003649,0.008608,0.004722,0.007541,0.005630,0.005858,0.005606,0.003773,0.005026,0.002171,0.004119,0.000960,23.46,14.62,-75.43,-63.01,-169.08,-142.96,111.21,142.56,27.83,63.90,-54.55,-12.90,-139.78,-91.70,114.43,0.0136,0.0059,0.0064,0.0044,0.0029,0.0083,0.0066,0.0034,0.0019,0.0025,0.0046,0.0064,0.0024,0.0072,0.0089
2026-08-05 09:03:32.597,77.050000,154,3,0.016000,-0.0004,165.90,0,0,0,60.0000,0.267,1.53378,0,0,0,0,0,0.003276,0.000715,0.006340,0.001638,0.006716,0.002298,0.006276,0.003170,0.005610,0.003429,0.004467,0.003433,0.003448,0.003322,0.002591,-165.90,66.83,79.87,-50.02,-31.07,-163.43,-125.87,101.00,135.33,0.80,37.99,-93.38,-56.51,170.23,-153.92,0.0136,0.0059,0.0064,0.0044,0.0029,0.0083,0.0066,0.0034,0.0019,0.0025,0.0046,0.0064,0.0024,0.0072,0.0089
2026-08-05 09:03:32.597,77.066667,154,4,0.014389,-0.0002,173.96,0,0,0,60.0000,0.267,1.53378,0,0,0,0,0,0.002850,0.000685,0.005643,0.001730,0.005718,0.002388,0.005399,0.003271,0.004738,0.003537,0.003704,0.003472,0.002827,0.003475,0.001960,-173.96,-3.71,56.10,-111.36,-71.38,128.01,178.28,21.31,64.41,-92.07,-49.41,159.68,-161.67,48.78,82.36,0.0136,0.0059,0.0064,0.0044,0.0029,0.0083,0.0066,0.0034,0.0019,0.0025,0.0046,0.0064,0.0024,0.0072,0.0089
2026-08-05 09:03:32.597,77.083333,154,5,0.014199,-0.0001,129.99,0,0,0,60.0000,0.267,1.53378,0,0,0,0,0,0.002772,0.000588,0.005363,0.001532,0.005601,0.002105,0.005292,0.003021,0.004711,0.003274,0.003861,0.003345,0.003051,0.003428,0.002232,-129.99,131.01,-165.78,96.99,158.78,60.57,141.55,43.89,119.59,21.19,98.63,3.58,80.49,-14.64,59.73,0.0136,0.0059,0.0064,0.0044,0.0029,0.0083,0.0066,0.0034,0.0019,0.0025,0.0046,0.0064,0.0024,0.0072,0.0089
2026-08-05 09:03:32.597,77.100000,154,6,0.013338,0.0003,-131.92,0,0,0,60.0000,0.267,1.53378,0,0,0,0,0,0.002542,0.000523,0.004998,0.001428,0.005276,0.001817,0.005005,0.002699,0.004425,0.003071,0.003712,0.003075,0.002964,0.003163,0.002138,131.92,-65.31,-105.77,58.45,18.22,-179.65,161.58,-36.09,-60.64,100.45,77.13,-118.09,-139.81,23.62,0.17,0.0136,0.0059,0.0064,0.0044,0.0029,0.0083,0.0066,0.0034,0.0019,0.0025,0.0046,0.0064,0.0024,0.0072,0.0089
2026-08-05 09:03:32.597,77.116667,154,7,0.014478,0.0001,-132.55,0,0,0,60.0000,0.267,1.53378,0,0,0,0,0,0.002879,0.000573,0.005603,0.001598,0.005758,0.002188,0.005401,0.003104,0.004757,0.003529,0.003761,0.003541,0.002888,0.003522,0.002136,132.55,-79.40,-101.07,54.07,26.26,-178.49,170.87,-31.60,-48.45,109.53,92.58,-104.94,-123.99,39.01,17.25,0.0136,0.0059,0.0064,0.0044,0.0029,0.0083,0.0066,0.0034,0.0019,0.0025,0.0046,0.0064,0.0024,0.0072,0.0089
2026-08-05 09:03:32.597,77.133333,154,8,0.016160,0.0005,147.35,0,0,0,60.0000,0.267,1.53378,0,0,0,0,0,0.004591,0.002722,0.007509,0.002595,0.007255,0.001395,0.006273,0.000882,0.004702,0.001481,0.002896,0.002296,0.001463,0.003142,0.000331,-147.35,-173.28,-153.60,177.48,-167.24,170.05,-169.08,107.50,-174.43,37.97,179.35,19.43,172.24,13.05,143.24,0.0136,0.0059,0.0064,0.0044,0.0029,0.0083,0.0066,0.0034,0.0019,0.0025,0.0046,0.0064,0.0024,0.0072,0.0089
2026-08-05 09:03:32.597,77.150000,154,9,0.014662,-0.0008,170.24,0,0,0,60.0000,0.267,1.53378,0,0,0,0,0,0.003078,0.001306,0.005972,0.001601,0.005727,0.002213,0.005373,0.002405,0.004379,0.003186,0.003364,0.003539,0.002667,0.003724,0.002003,-170.24,152.69,28.63,9.05,-120.50,-105.22,107.57,133.23,-24.74,8.65,-151.58,-122.66,82.74,106.88,-42.28,0.0136,0.0059,0.0064,0.0044,0.0029,0.0083,0.0066,0.0034,0.0019,0.0025,0.0046,0.0064,0.0024,0.0072,0.0089
2026-08-05 09:03:32.597,77.166667,154,10,0.015404,0.0003,57.18,0,0,0,60.0000,0.267,1.53378,0,0,0,0,0,0.003267,0.001466,0.006345,0.001987,0.005983,0.002898,0.005734,0.003218,0.004764,0.003869,0.003843,0.003865,0.003019,0.003602,0.002064,-57.18,13.23,15.38,110.87,101.66,-135.28,-156.67,-28.76,-55.72,74.22,47.12,173.38,147.30,-83.99,-115.21,0.0136,0.0059,0.0064,0.0044,0.0029,0.0083,0.0066,0.0034,0.0019,0.0025,0.0046,0.0064,0.0024,0.0072,0.0089
2026-08-05 09:03:32.597,77.183333,154,11,0.015253,-0.0005,156.28,0,0,0,60.0000,0.267,1.53378,0,0,0,0,0,0.003243,0.000539,0.006035,0.001196,0.005753,0.002560,0.005818,0.002864,0.005371,0.003184,0.004387,0.003194,0.003458,0.003285,0.002568,-156.28,-126.64,84.35,150.34,-21.05,47.20,-109.21,-52.03,157.40,-149.78,64.48,117.74,-25.76,28.61,-114.08,0.0136,0.0059,0.0064,0.0044,0.0029,0.0083,0.0066,0.0034,0.0019,0.0025,0.0046,0.0064,0.0024,0.0072,0.0089
2026-08-05 09:03:32.597,77.200000,154,12,0.013531,-0.0003,92.36,0,0,0,60.0000,0.267,1.53378,0,0,0,0,0,0.002743,0.000489,0.005240,0.001108,0.005128,0.002176,0.005397,0.002189,0.004793,0.002648,0.003972,0.002772,0.003375,0.002662,0.002538,-92.36,37.34,-69.27,67.84,-36.97,94.02,9.69,134.09,52.15,176.33,100.09,-143.83,147.55,-97.07,-164.70,0.0136,0.0059,0.0064,0.0044,0.0029,0.0083,0.0066,0.0034,0.0019,0.0025,0.0046,0.0064,0.0024,0.0072,0.0089
2026-08-05 09:03:32.597,77.216667,154,13,0.013803,-0.0005,112.17,0,0,0,60.0000,0.267,1.53378,0,0,0,0,0,0.002714,0.000501,0.005289,0.001129,0.005385,0.001992,0.005304,0.002309,0.004803,0.002834,0.004109,0.002857,0.003346,0.002915,0.002682,-112.17,-10.17,-114.21,-23.92,-113.99,-12.01,-99.52,1.30,-86.03,10.98,-73.39,26.05,-56.88,43.20,-39.86,0.0136,0.0059,0.0064,0.0044,0.0029,0.0083,0.0066,0.0034,0.0019,0.0025,0.0046,0.0064,0.0024,0.0072,0.0089
2026-08-05 09:03:32.597,77.233333,154,14,0.015141,-0.0005,134.43,0,0,0,60.0000,0.267,1.53378,0,0,0,0,0,0.002855,0.000629,0.005870,0.001503,0.006035,0.002360,0.005801,0.002907,0.005309,0.003196,0.004261,0.003404,0.003457,0.003368,0.002600,-134.43,-51.71,177.05,-114.66,129.78,-147.06,98.52,-179.37,66.29,144.14,32.58,113.27,3.72,81.60,-30.40,0.0136,0.0059,0.0064,0.0044,0.0029,0.0083,0.0066,0.0034,0.0019,0.0025,0.0046,0.0064,0.0024,0.0072,0.0089
2026-08-05 09:03:32.597,77.250000,154,15,0.013240,-0.0006,-164.27,0,0,0,60.0000,0.267,1.53378,0,0,0,0,0,0.002495,0.000669,0.005039,0.001322,0.005209,0.002007,0.004964,0.002505,0.004683,0.002690,0.003754,0.002878,0.003082,0.002929,0.002367,164.27,-150.69,-7.34,13.07,-177.91,-146.22,29.15,56.32,-125.31,-106.33,78.41,99.77,-72.35,-54.70,133.92,0.0136,0.0059,0.0064,0.0044,0.0029,0.0083,0.0066,0.0034,0.0019,0.0025,0.0046,0.0064,0.0024,0.0072,0.0089
2026-08-05 09:03:32.597,77.266667,154,16,0.013246,-0.0002,97.29,0,0,0,60.0000,0.267,1.53378,0,0,0,0,0,0.002620,0.000497,0.004982,0.001290,0.005235,0.001981,0.004899,0.002543,0.004679,0.002814,0.003766,0.002832,0.003000,0.002996,0.002316,-97.29,51.88,-69.12,46.89,-41.50,86.86,4.35,125.97,46.01,167.59,91.94,-151.37,137.61,-106.80,-177.82,0.0136,0.0059,0.0064,0.0044,0.0029,0.0083,0.0066,0.0034,0.0019,0.0025,0.0046,0.0064,0.0024,0.0072,0.0089
2026-08-05 09:03:32.597,77.283333,154,17,0.014583,0.0008,-10.62,0,0,0,60.0000,0.267,1.53378,0,0,0,0,0,0.002932,0.000381,0.005564,0.001389,0.005971,0.002000,0.005639,0.002488,0.005241,0.002852,0.004326,0.002880,0.003515,0.002972,0.002732,10.62,-118.88,-107.94,100.13,134.99,1.23,35.46,-105.88,-68.23,150.13,-169.02,47.87,93.73,-54.64,-8.91,0.0136,0.0059,0.0064,0.0044,0.0029,0.0083,0.0066,0.0034,0.0019,0.0025,0.0046,0.0064,0.0024,0.0072,0.0089
2026-08-05 09:03:32.597,77.300000,154,18,0.014110,-0.0002,-136.75,0,0,0,60.0000,0.267,1.53378,0,0,0,0,0,0.002758,0.000549,0.005297,0.001472,0.005818,0.001974,0.005345,0.002509,0.004983,0.002859,0.004132,0.002959,0.003436,0.002989,0.002668,136.75,143.97,-94.30,-105.55,37.74,42.11,-171.59,179.59,-27.15,-35.86,120.84,111.33,-87.77,-101.17,60.81,0.0136,0.0059,0.0064,0.0044,0.0029,0.0083,0.0066,0.0034,0.0019,0.0025,0.0046,0.0064,0.0024,0.0072,0.0089
2026-08-05 09:03:32.597,77.316667,154,19,0.013270,-0.0002,171.67,0,0,0,60.0000,0.267,1.53378,0,0,0,0,0,0.002731,0.000524,0.005114,0.001327,0.005369,0.001800,0.004793,0.002433,0.004253,0.003016,0.003480,0.003229,0.002923,0.003245,0.002316,-171.67,-141.74,65.88,89.06,-53.88,-17.86,-157.25,-132.93,91.32,122.00,-17.80,19.74,-122.90,-83.19,130.73,0.0136,0.0059,0.0064,0.0044,0.0029,0.0083,0.0066,0.0034,0.0019,0.0025,0.0046,0.0064,0.0024,0.0072,0.0089
2026-08-05 09:03:32.597,77.333333,154,20,0.015586,0.0006,54.85,0,0,0,60.0000,0.267,1.53378,0,0,0,0,0,0.004170,0.002248,0.006963,0.002024,0.007081,0.001627,0.006168,0.000876,0.004991,0.001185,0.003400,0.001935,0.002129,0.002717,0.001023,-54.85,-174.21,118.54,-8.21,-76.23,163.55,103.22,-62.70,-83.65,52.03,91.81,-148.95,-92.04,21.30,72.71,0.0136,0.0059,0.0064,0.0044,0.0029,0.0083,0.0066,0.0034,0.0019,0.0025,0.0046,0.0064,0.0024,0.0072,0.0089
2026-08-05 09:03:32.597,77.350000,154,21,0.013178,0.0003,101.45,0,0,0,60.0000,0.267,1.53378,0,0,0,0,0,0.002588,0.000990,0.005266,0.001333,0.005212,0.001709,0.005028,0.002188,0.004309,0.002707,0.003449,0.002866,0.002867,0.003017,0.002181,-101.45,122.53,-117.94,130.12,-123.59,136.87,-111.80,158.61,-103.92,175.58,-90.33,-173.32,-77.36,-159.69,-63.83,0.0136,0.0059,0.0064,0.0044,0.0029,0.0083,0.0066,0.0034,0.0019,0.0025,0.0046,0.0064,0.0024,0.0072,0.0089
2026-08-05 09:03:32.597,77.366667,154,22,0.014975,0.0004,11.23,0,0,0,60.0000,0.267,1.53378,0,0,0,0,0,0.003173,0.000684,0.006178,0.001300,0.006010,0.001949,0.005734,0.002812,0.004989,0.003356,0.004107,0.003422,0.003405,0.003224,0.002434,-11.23,-27.74,159.22,175.35,-21.12,-1.82,178.82,-165.23,13.43,31.05,-148.16,-136.89,47.63,61.02,-118.10,0.0136,0.0059,0.0064,0.0044,0.0029,0.0083,0.0066,0.0034,0.0019,0.0025,0.0046,0.0064,0.0024,0.0072,0.0089
2026-08-05 09:03:32.597,77.383333,154,23,0.013280,-0.0003,153.53,0,0,0,60.0000,0.267,1.53378,0,0,0,0,0,0.002766,0.000518,0.005184,0.001212,0.005010,0.002079,0.005048,0.002761,0.004560,0.002919,0.003582,0.003014,0.002813,0.003067,0.002034,-153.53,57.00,95.49,-14.27,-3.48,-120.58,-81.24,149.92,-170.20,64.68,105.74,-18.94,21.51,-101.96,-61.30,0.0136,0.0059,0.0064,0.0044,0.0029,0.0083,0.0066,0.0034,0.0019,0.0025,0.0046,0.0064,0.0024,0.0072,0.0089
2026-08-05 09:03:32.597,77.400000,154,24,0.013498,-0.0005,163.33,0,0,0,60.0000,0.267,1.53378,0,0,0,0,0,0.002584,0.000427,0.005136,0.001200,0.005155,0.001850,0.005215,0.002455,0.004638,0.002909,0.003798,0.002971,0.003243,0.003014,0.002381,-163.33,43.12,80.39,-49.46,-28.80,-165.90,-121.61,98.89,140.86,5.66,47.05,-91.60,-47.62,174.61,-140.59,0.0136,0.0059,0.0064,0.0044,0.0029,0.0083,0.0066,0.0034,0.0019,0.0025,0.0046,0.0064,0.0024,0.0072,0.0089
2026-08-05 09:03:32.597,77.416667,154,25,0.013105,-0.0001,-59.38,0,0,0,60.0000,0.267,1.53378,0,0,0,0,0,0.002451,0.000775,0.004898,0.001673,0.005003,0.002389,0.004714,0.003055,0.004106,0.003468,0.003209,0.003358,0.002377,0.003429,0.001661,59.38,89.46,35.39,93.35,14.39,78.90,9.84,79.91,3.31,75.84,-4.73,71.21,-9.12,69.13,-13.34,0.0136,0.0059,0.0064,0.0044,0.0029,0.0083,0.0066,0.0034,0.0019,0.0025,0.0046,0.0064,0.0024,0.0072,0.0089
2026-08-05 09:03:32.597,77.433333,154,26,0.017410,0.0001,117.85,0,0,0,60.0000,0.267,1.53378,0,0,0,0,0,0.003607,0.001072,0.007190,0.002310,0.007242,0.003176,0.006703,0.004121,0.005679,0.004334,0.004229,0.004194,0.003064,0.003847,0.001990,-117.85,104.57,-137.52,105.56,-153.26,99.73,-153.21,104.32,-157.00,103.68,-160.46,105.16,-163.36,103.82,-169.90,0.0136,0.0059,0.0064,0.0044,0.0029,0.0083,0.0066,0.0034,0.0019,0.0025,0.0046,0.0064,0.0024,0.0072,0.0089
2026-08-05 09:03:32.597,77.450000,154,27,0.013461,0.0006,-15.42,0,0,0,60.0000,0.267,1.53378,0,0,0,0,0,0.002569,0.000469,0.005112,0.001447,0.005271,0.001935,0.005080,0.002801,0.004533,0.003135,0.003620,0.003170,0.002884,0.003251,0.002113,15.42,64.87,-93.58,-49.93,160.18,-154.59,70.31,115.63,-22.92,22.05,-116.29,-67.11,153.85,-158.19,62.52,0.0136,0.0059,0.0064,0.0044,0.0029,0.0083,0.0066,0.0034,0.0019,0.0025,0.0046,0.0064,0.0024,0.0072,0.0089
2026-08-05 09:03:32.597,77.466667,154,28,0.013582,-0.0001,72.67,0,0,0,60.0000,0.267,1.53378,0,0,0,0,0,0.002565,0.000683,0.005031,0.001527,0.005255,0.002170,0.005006,0.002937,0.004483,0.003272,0.003604,0.003268,0.002813,0.003323,0.002095,-72.67,-166.75,4.79,-66.46,82.99,18.77,178.98,121.06,-88.71,-144.70,2.91,-48.34,98.51,48.18,-169.08,0.0136,0.0059,0.0064,0.0044,0.0029,0.0083,0.0066,0.0034,0.0019,0.0025,0.0046,0.0064,0.0024,0.0072,0.0089
2026-08-05 09:03:32.597,77.483333,154,29,0.013295,-0.0002,142.60,0,0,0,60.0000,0.267,1.53378,0,0,0,0,0,0.002518,0.000670,0.004831,0.001578,0.005031,0.002143,0.004737,0.002970,0.004230,0.003346,0.003358,0.003392,0.002610,0.003473,0.001853,-142.60,67.45,159.79,26.53,100.46,-27.04,60.22,-61.78,15.69,-105.81,-28.49,-145.90,-69.84,174.58,-115.90,0.0136,0.0059,0.0064,0.0044,0.0029,0.0083,0.0066,0.0034,0.0019,0.0025,0.0046,0.0064,0.0024,0.0072,0.0089
2026-08-05 09:03:33.006,77.500000,155,0,0.012862,0.0001,-22.47,0,0,0,60.0000,0.658,0.53268,0,0,0,0,0,0.002461,0.000561,0.004702,0.001477,0.004907,0.002023,0.004643,0.002810,0.004134,0.003185,0.003315,0.003203,0.002594,0.003278,0.001917,22.47,48.94,-65.76,-24.07,-155.24,-111.11,133.79,-177.59,58.72,107.72,-16.85,35.64,-89.48,-35.44,-165.07,0.0364,0.0096,0.0069,0.0074,0.0020,0.0060,0.0049,0.0031,0.0034,0.0031,0.0077,0.0014,0.0046,0.0020,0.0005
2026-08-05 09:03:33.006,77.516667,155,1,0.013334,-0.0008,165.34,0,0,0,60.0000,0.658,0.53268,0,0,0,0,0,0.002771,0.000701,0.005166,0.001339,0.005278,0.001733,0.004758,0.002640,0.004077,0.003190,0.003184,0.003344,0.002596,0.003468,0.002142,-165.34,92.21,99.71,-20.14,1.67,-132.18,-79.56,144.19,-166.90,56.09,106.09,-24.12,20.21,-104.73,-67.12,0.0364,0.0096,0.0069,0.0074,0.0020,0.0060,0.0049,0.0031,0.0034,0.0031,0.0077,0.0014,0.0046,0.0020,0.0005
2026-08-05 09:03:33.006,77.533333,155,2,0.017968,-0.0006,-167.14,0,0,0,60.0000,0.658,0.53268,0,0,0,0,0,0.005432,0.003092,0.008550,0.002409,0.008031,0.000774,0.006599,0.000724,0.004524,0.002364,0.002347,0.003424,0.000650,0.004224,0.000582,167.14,94.89,71.65,0.46,-31.39,-86.35,-122.47,30.41,142.39,-83.89,48.75,-178.73,-48.82,87.67,54.19,0.0364,0.0096,0.0069,0.0074,0.0020,0.0060,0.0049,0.0031,0.0034,0.0031,0.0077,0.0014,0.0046,0.0020,0.0005
2026-08-05 09:03:33.006,77.550000,155,3,0.017529,0.0007,3.86,0,0,0,60.0000,0.658,0.53268,0,0,0,0,0,0.004155,0.001588,0.007963,0.001765,0.007631,0.002447,0.007198,0.002693,0.005831,0.003208,0.004306,0.003465,0.003230,0.003436,0.002219,-3.86,130.42,142.07,-55.74,-51.48,131.32,128.89,-35.95,-50.45,147.01,136.75,-30.05,-35.13,150.01,155.20,0.0364,0.0096,0.0069,0.0074,0.0020,0.0060,0.0049,0.0031,0.0034,0.0031,0.0077,0.0014,0.0046,0.0020,0.0005
2026-08-05 09:03:33.006,77.566667,155,4,0.014595,-0.0002,-159.39,0,0,0,60.0000,0.658,0.53268,0,0,0,0,0,0.003216,0.001395,0.006074,0.001727,0.005595,0.002638,0.005303,0.003069,0.004566,0.003726,0.003680,0.003617,0.002918,0.003331,0.001911,159.39,81.73,-57.01,-106.79,99.77,85.24,-84.27,-97.39,88.45,75.47,-96.51,-114.68,75.10,61.56,-118.59,0.0364,0.0096,0.0069,0.0074,0.0020,0.0060,0.0049,0.0031,0.0034,0.0031,0.0077,0.0014,0.0046,0.0020,0.0005
2026-08-05 09:03:33.006,77.583333,155,5,0.015743,-0.0000,109.20,0,0,0,60.0000,0.658,0.53268,0,0,0,0,0,0.003401,0.000841,0.006558,0.001465,0.006158,0.002881,0.006164,0.003259,0.005417,0.003604,0.004217,0.003508,0.003098,0.003457,0.002174,-109.20,-68.66,-131.03,-51.81,-139.09,-47.23,-132.83,-45.73,-130.90,-41.60,-126.82,-37.62,-121.91,-31.52,-115.10,0.0364,0.0096,0.0069,0.0074,0.0020,0.0060,0.0049,0.0031,0.0034,0.0031,0.0077,0.0014,0.0046,0.0020,0.0005
2026-08-05 09:03:33.006,77.600000,155,6,0.015721,0.0002,15.31,0,0,0,60.0000,0.658,0.53268,0,0,0,0,0,0.003237,0.000730,0.006298,0.001554,0.006142,0.002813,0.006216,0.003058,0.005358,0.003631,0.004271,0.003655,0.003347,0.003444,0.002248,-15.31,131.04,162.94,-22.69,-8.10,175.45,-168.08,17.84,29.94,-141.08,-127.55,55.78,71.85,-100.42,-86.25,0.0364,0.0096,0.0069,0.0074,0.0020,0.0060,0.0049,0.0031,0.0034,0.0031,0.0077,0.0014,0.0046,0.0020,0.0005
2026-08-05 09:03:33.006,77.616667,155,7,0.016601,0.0003,-163.33,0,0,0,60.0000,0.658,0.53268,0,0,0,0,0,0.003358,0.000643,0.006740,0.001651,0.006886,0.002636,0.006682,0.003131,0.005906,0.003496,0.004721,0.003399,0.003660,0.003323,0.002667,163.33,-166.53,-15.57,-2.14,170.57,-171.11,10.05,30.03,-150.17,-136.92,47.99,64.47,-109.44,-96.62,90.48,0.0364,0.0096,0.0069,0.0074,0.0020,0.0060,0.0049,0.0031,0.0034,0.0031,0.0077,0.0014,0.0046,0.0020,0.0005
2026-08-05 09:03:33.006,77.633333,155,8,0.016735,-0.0001,138.61,0,0,0,60.0000,0.658,0.53268,0,0,0,0,0,0.003308,0.000737,0.006760,0.001801,0.006825,0.002875,0.006471,0.003546,0.005718,0.003880,0.004402,0.003973,0.003427,0.003755,0.002251,-138.61,-55.42,157.04,-139.66,96.05,170.75,51.28,124.77,4.88,75.22,-41.61,30.34,-84.91,-15.49,-130.74,0.0364,0.0096,0.0069,0.0074,0.0020,0.0060,0.0049,0.0031,0.0034,0.0031,0.0077,0.0014,0.0046,0.0020,0.0005
2026-08-05 09:03:33.006,77.650000,155,9,0.014665,0.0002,142.22,0,0,0,60.0000,0.658,0.53268,0,0,0,0,0,0.002743,0.000763,0.005728,0.001404,0.005875,0.002190,0.005600,0.002658,0.005207,0.002944,0.004225,0.003136,0.003465,0.003175,0.002607,-142.22,-45.24,152.16,-134.67,87.73,170.29,40.51,119.07,-7.49,63.39,-56.80,14.16,-101.75,-35.06,-147.60,0.0364,0.0096,0.0069,0.0074,0.0020,0.0060,0.0049,0.0031,0.0034,0.0031,0.0077,0.0014,0.0046,0.0020,0.0005
2026-08-05 09:03:33.006,77.666667,155,10,0.013424,0.0000,-165.45,0,0,0,60.0000,0.658,0.53268,0,0,0,0,0,0.002520,0.000465,0.005003,0.001332,0.005213,0.001761,0.004892,0.002391,0.004768,0.002674,0.004077,0.002666,0.003229,0.003030,0.002632,165.45,173.17,0.24,2.76,-165.49,-145.29,45.93,60.01,-106.23,-88.77,104.68,119.13,-39.50,-30.83,168.15,0.0364,0.0096,0.0069,0.0074,0.0020,0.0060,0.0049,0.0031,0.0034,0.0031,0.0077,0.0014,0.0046,0.0020,0.0005
2026-08-05 09:03:33.006,77.683333,155,11,0.013647,-0.0000,149.19,0,0,0,60.0000,0.658,0.53268,0,0,0,0,0,0.002590,0.000585,0.005124,0.001331,0.005485,0.001884,0.005156,0.002363,0.004875,0.002728,0.004075,0.002702,0.003313,0.002847,0.002667,-149.19,-51.74,132.06,-161.08,54.49,135.26,-4.82,65.95,-68.97,0.58,-130.79,-61.49,171.49,-124.04,108.89,0.0364,0.0096,0.0069,0.0074,0.0020,0.0060,0.0049,0.0031,0.0034,0.0031,0.0077,0.0014,0.0046,0.0020,0.0005
2026-08-05 09:03:33.006,77.700000,155,12,0.013780,-0.0001,-149.65,0,0,0,60.0000,0.658,0.53268,0,0,0,0,0,0.002591,0.000505,0.005103,0.001422,0.005566,0.001958,0.005182,0.002450,0.004777,0.002873,0.003981,0.002978,0.003243,0.003042,0.002593,149.65,166.27,-49.78,-52.50,111.88,127.54,-67.65,-63.00,107.37,110.67,-75.98,-71.49,105.43,106.54,-76.21,0.0364,0.0096,0.0069,0.0074,0.0020,0.0060,0.0049,0.0031,0.0034,0.0031,0.0077,0.0014,0.0046,0.0020,0.0005
2026-08-05 09:03:33.006,77.716667,155,13,0.014311,-0.0001,161.36,0,0,0,60.0000,0.658,0.53268,0,0,0,0,0,0.003154,0.000796,0.005856,0.001080,0.005879,0.001442,0.004965,0.002339,0.004123,0.003190,0.003172,0.003641,0.002613,0.003889,0.002353,-161.36,-77.57,123.99,176.14,46.21,95.16,-16.99,11.69,-89.83,-55.34,-164.37,-117.74,123.08,-178.64,48.79,0.0364,0.0096,0.0069,0.0074,0.0020,0.0060,0.0049,0.0031,0.0034,0.0031,0.0077,0.0014,0.0046,0.0020,0.0005
2026-08-05 09:03:33.006,77.733333,155,14,0.016133,0.0002,-56.98,0,0,0,60.0000,0.658,0.53268,0,0,0,0,0,0.004035,0.001759,0.007056,0.001467,0.006912,0.000757,0.005960,0.000816,0.004429,0.002067,0.002670,0.002953,0.001447,0.003926,0.000582,56.98,43.29,77.47,58.04,91.73,71.99,122.29,-10.48,144.51,-2.56,167.48,19.90,-173.87,48.04,152.61,0.0364,0.0096,0.0069,0.0074,0.0020,0.0060,0.0049,0.0031,0.0034,0.0031,0.0077,0.0014,0.0046,0.0020,0.0005
2026-08-05 09:03:33.006,77.750000,155,15,0.014535,0.0001,92.28,0,0,0,60.0000,0.658,0.53268,0,0,0,0,0,0.003083,0.001037,0.006021,0.001405,0.006039,0.001975,0.005767,0.002551,0.004804,0.002978,0.003753,0.003230,0.002945,0.003245,0.002120,-92.28,158.32,-98.05,177.72,-91.09,-170.12,-66.18,-139.83,-46.56,-112.16,-19.70,-89.51,6.41,-66.09,33.76,0.0364,0.0096,0.0069,0.0074,0.0020,0.0060,0.0049,0.0031,0.0034,0.0031,0.0077,0.0014,0.0046,0.0020,0.0005
2026-08-05 09:03:33.006,77.766667,155,16,0.013374,-0.0024,121.39,0,0,0,60.0000,0.658,0.53268,0,0,0,0,0,0.002474,0.000598,0.005423,0.001065,0.005270,0.001857,0.004848,0.002380,0.004472,0.002953,0.003817,0.003032,0.003218,0.002912,0.002304,-121.39,97.68,172.00,73.27,122.86,31.89,90.78,-4.96,56.13,-42.75,24.04,-82.01,-10.91,-114.49,-45.77,0.0364,0.0096,0.0069,0.0074,0.0020,0.0060,0.0049,0.0031,0.0034,0.0031,0.0077,0.0014,0.0046,0.0020,0.0005
2026-08-05 09:03:33.006,77.783333,155,17,0.016419,0.0017,-61.65,0,0,0,60.0000,0.658,0.53268,0,0,0,0,0,0.003922,0.000846,0.006868,0.001892,0.006454,0.003212,0.006460,0.003760,0.005152,0.004113,0.003873,0.004022,0.002823,0.003660,0.001763,61.65,107.27,38.19,106.83,19.93,98.54,17.16,96.59,9.80,93.09,3.87,91.18,-5.28,89.16,-17.23,0.0364,0.0096,0.0069,0.0074,0.0020,0.0060,0.0049,0.0031,0.0034,0.0031,0.0077,0.0014,0.0046,0.0020,0.0005
2026-08-05 09:03:33.006,77.800000,155,18,0.014844,0.0012,-36.97,0,0,0,60.0000,0.658,0.53268,0,0,0,0,0,0.003104,0.000554,0.005812,0.001414,0.005891,0.002116,0.006083,0.002511,0.005106,0.002974,0.004323,0.003009,0.003694,0.002906,0.002575,36.97,110.02,-43.76,46.91,-112.50,-40.01,-168.45,-98.03,130.83,-154.98,76.61,141.14,18.05,87.00,-36.66,0.0364,0.0096,0.0069,0.0074,0.0020,0.0060,0.0049,0.0031,0.0034,0.0031,0.0077,0.0014,0.0046,0.0020,0.0005
2026-08-05 09:03:33.006,77.816667,155,19,0.013378,0.0003,-10.25,0,0,0,60.0000,0.658,0.53268,0,0,0,0,0,0.002494,0.000602,0.005064,0.001605,0.005199,0.002254,0.004880,0.003092,0.004207,0.003460,0.003297,0.003485,0.002439,0.003526,0.001667,10.25,28.39,-110.16,-84.08,132.58,162.83,31.32,65.73,-73.33,-38.00,-178.36,-138.65,79.79,119.65,-22.98,0.0364,0.0096,0.0069,0.0074,0.0020,0.0060,0.0049,0.0031,0.0034,0.0031,0.0077,0.0014,0.0046,0.0020,0.0005
2026-08-05 09:03:33.006,77.833333,155,20,0.013793,-0.0003,84.06,0,0,0,60.0000,0.658,0.53268,0,0,0,0,0,0.002564,0.000783,0.005172,0.001714,0.005321,0.002382,0.005000,0.003206,0.004404,0.003560,0.003404,0.003531,0.002589,0.003537,0.001841,-84.06,172.85,-30.97,-113.67,23.92,-49.72,95.71,27.47,163.81,97.11,-128.10,169.60,-56.30,-117.96,10.65,0.0364,0.0096,0.0069,0.0074,0.0020,0.0060,0.0049,0.0031,0.0034,0.0031,0.0077,0.0014,0.0046,0.0020,0.0005
2026-08-05 09:03:33.006,77.850000,155,21,0.014217,-0.0000,164.03,0,0,0,60.0000,0.658,0.53268,0,0,0,0,0,0.002700,0.000648,0.005405,0.001615,0.005553,0.002241,0.005266,0.003055,0.004732,0.003410,0.003725,0.003430,0.002930,0.003450,0.002216,-164.03,24.75,86.02,-69.68,-20.84,-170.60,-110.00,105.22,155.86,12.35,61.91,-78.04,-27.26,-167.67,-120.74,0.0364,0.0096,0.0069,0.0074,0.0020,0.0060,0.0049,0.0031,0.0034,0.0031,0.0077,0.0014,0.0046,0.0020,0.0005
2026-08-05 09:03:33.006,77.866667,155,22,0.013614,-0.0000,150.76,0,0,0,60.0000,0.658,0.53268,0,0,0,0,0,0.002546,0.000515,0.005204,0.001523,0.005455,0.002092,0.005130,0.002857,0.004548,0.003248,0.003621,0.003188,0.002874,0.003242,0.002046,-150.76,74.65,126.73,-4.97,46.96,-81.24,-16.66,-141.38,-83.40,151.48,-149.62,88.16,146.52,23.65,80.71,0.0364,0.0096,0.0069,0.0074,0.0020,0.0060,0.0049,0.0031,0.0034,0.0031,0.0077,0.0014,0.0046,0.0020,0.0005
2026-08-05 09:03:33.006,77.883333,155,23,0.013082,0.0003,-123.23,0,0,0,60.0000,0.658,0.53268,0,0,0,0,0,0.002444,0.000671,0.004903,0.001526,0.005034,0.002111,0.004772,0.002902,0.004250,0.003231,0.003360,0.003229,0.002623,0.003278,0.001907,123.23,-122.13,-128.46,3.61,-18.34,121.14,109.22,-107.62,-127.64,16.72,-4.75,144.26,123.46,-87.87,-113.89,0.0364,0.0096,0.0069,0.0074,0.0020,0.0060,0.0049,0.0031,0.0034,0.0031,0.0077,0.0014,0.0046,0.0020,0.0005
2026-08-05 09:03:33.006,77.900000,155,24,0.012817,0.0000,76.80,0,0,0,60.0000,0.658,0.53268,0,0,0,0,0,0.002377,0.000556,0.004736,0.001483,0.004952,0.002007,0.004639,0.002831,0.004118,0.003218,0.003273,0.003191,0.002564,0.003247,0.001835,-76.80,-137.10,-9.37,-64.88,58.15,5.08,144.22,94.59,-133.50,177.18,-52.11,-97.46,33.39,-11.27,113.45,0.0364,0.0096,0.0069,0.0074,0.0020,0.0060,0.0049,0.0031,0.0034,0.0031,0.0077,0.0014,0.0046,0.0020,0.0005
2026-08-05 09:03:33.006,77.916667,155,25,0.014061,-0.0009,-164.65,0,0,0,60.0000,0.658,0.53268,0,0,0,0,0,0.003212,0.001265,0.005820,0.001414,0.005711,0.001018,0.005022,0.001864,0.004014,0.002579,0.003058,0.003108,0.002497,0.003619,0.002178,164.65,69.80,26.82,-82.60,-115.55,103.45,116.03,-48.81,-19.66,167.47,-159.80,36.18,59.70,-90.38,-81.13,0.0364,0.0096,0.0069,0.0074,0.0020,0.0060,0.0049,0.0031,0.0034,0.0031,0.0077,0.0014,0.0046,0.0020,0.0005
2026-08-05 09:03:33.006,77.933333,155,26,0.015094,0.0002,32.95,0,0,0,60.0000,0.658,0.53268,0,0,0,0,0,0.003563,0.001692,0.006395,0.001578,0.006132,0.000456,0.005262,0.000771,0.003858,0.001913,0.002158,0.002820,0.000787,0.003682,0.000405,-32.95,42.91,163.48,-122.09,-4.88,75.88,-158.93,164.33,44.20,-20.90,-112.63,176.10,95.65,20.60,111.32,0.0364,0.0096,0.0069,0.0074,0.0020,0.0060,0.0049,0.0031,0.0034,0.0031,0.0077,0.0014,0.0046,0.0020,0.0005
2026-08-05 09:03:33.006,77.950000,155,27,0.013508,0.0003,-60.71,0,0,0,60.0000,0.658,0.53268,0,0,0,0,0,0.002735,0.001182,0.005431,0.001502,0.005242,0.002220,0.005120,0.002338,0.004308,0.002889,0.003366,0.003223,0.002718,0.003203,0.001981,60.71,-96.89,5.30,-138.62,-38.60,-154.36,-67.01,-176.39,-96.27,161.47,-120.51,133.13,-145.21,108.70,-167.94,0.0364,0.0096,0.0069,0.0074,0.0020,0.0060,0.0049,0.0031,0.0034,0.0031,0.0077,0.0014,0.0046,0.0020,0.0005
2026-08-05 09:03:33.006,77.966667,155,28,0.012547,-0.0000,161.16,0,0,0,60.0000,0.658,0.53268,0,0,0,0,0,0.002595,0.000806,0.005030,0.000939,0.004695,0.001907,0.004597,0.002305,0.004170,0.002806,0.003599,0.002809,0.002984,0.002651,0.002191,-161.16,178.95,65.42,78.88,-56.03,-10.56,-157.62,-115.90,98.33,135.00,-6.82,25.65,-112.91,-74.20,140.89,0.0364,0.0096,0.0069,0.0074,0.0020,0.0060,0.0049,0.0031,0.0034,0.0031,0.0077,0.0014,0.0046,0.0020,0.0005
2026-08-05 09:03:33.006,77.983333,155,29,0.012755,-0.0003,48.05,0,0,0,60.0000,0.658,0.53268,0,0,0,0,0,0.002526,0.000568,0.004822,0.001082,0.004590,0.002314,0.004759,0.002523,0.004251,0.002891,0.003379,0.003095,0.002726,0.003101,0.002007,-48.05,66.80,60.79,-153.94,-179.95,-22.27,-45.82,106.98,83.26,-119.49,-142.39,11.75,-8.68,146.81,125.53,0.0364,0.0096,0.0069,0.0074,0.0020,0.0060,0.0049,0.0031,0.0034,0.0031,0.0077,0.0014,0.0046,0.0020,0.0005
2026-08-05 09:03:33.518,78.000000,156,0,0.013583,-0.0002,155.13,0,0,0,60.0000,0.272,1.09881,0,0,0,0,0,0.002674,0.000719,0.005208,0.001405,0.005146,0.002484,0.005182,0.002641,0.004479,0.003169,0.003665,0.003284,0.002869,0.003165,0.002005,-155.13,-156.55,106.92,130.04,16.43,56.92,-61.29,-19.96,-140.08,-95.09,144.23,-175.14,66.76,110.75,-9.42,0.0148,0.0029,0.0081,0.0024,0.0043,0.0073,0.0045,0.0036,0.0037,0.0050,0.0022,0.0006,0.0041,0.0024,0.0034
2026-08-05 09:03:33.518,78.016667,156,1,0.014139,0.0000,-134.58,0,0,0,60.0000,0.272,1.09881,0,0,0,0,0,0.002705,0.000903,0.005416,0.001939,0.005405,0.002730,0.005185,0.003156,0.004562,0.003474,0.003618,0.003507,0.002679,0.003475,0.001933,134.58,58.05,-96.11,-157.10,32.89,-3.59,178.93,146.02,-36.07,-69.24,107.35,79.15,-105.04,-134.18,35.65,0.0148,0.0029,0.0081,0.0024,0.0043,0.0073,0.0045,0.0036,0.0037,0.0050,0.0022,0.0006,0.0041,0.0024,0.0034
2026-08-05 09:03:33.518,78.033333,156,2,0.014533,-0.0002,81.62,0,0,0,60.0000,0.272,1.09881,0,0,0,0,0,0.002899,0.000872,0.005652,0.002052,0.005678,0.002904,0.005296,0.003440,0.004678,0.003763,0.003481,0.003727,0.002555,0.003501,0.001680,-81.62,-5.94,-24.21,62.32,33.23,146.02,107.59,-137.90,179.04,-64.04,-109.66,10.96,-34.95,85.53,30.41,0.0148,0.0029,0.0081,0.0024,0.0043,0.0073,0.0045,0.0036,0.0037,0.0050,0.0022,0.0006,0.0041,0.0024,0.0034
2026-08-05 09:03:33.518,78.050000,156,3,0.015992,0.0009,64.97,0,0,0,60.0000,0.272,1.09881,0,0,0,0,0,0.003189,0.000598,0.006448,0.001755,0.006713,0.002610,0.006200,0.003373,0.005620,0.003608,0.004222,0.003634,0.003222,0.003450,0.002247,-64.97,76.67,15.45,148.30,100.67,-113.12,-159.40,-15.04,-62.06,81.41,38.42,179.46,139.02,-79.85,-122.01,0.0148,0.0029,0.0081,0.0024,0.0043,0.0073,0.0045,0.0036,0.0037,0.0050,0.0022,0.0006,0.0041,0.0024,0.0034
2026-08-05 09:03:33.518,78.066667,156,4,0.012741,0.0002,-60.22,0,0,0,60.0000,0.272,1.09881,0,0,0,0,0,0.002458,0.000604,0.004684,0.001319,0.005059,0.001930,0.004696,0.002346,0.004406,0.002664,0.003701,0.002750,0.002905,0.002889,0.002329,60.22,8.73,46.36,-40.61,29.39,-39.24,32.57,-44.71,32.50,-48.34,32.26,-48.26,35.82,-47.83,37.24,0.0148,0.0029,0.0081,0.0024,0.0043,0.0073,0.0045,0.0036,0.0037,0.0050,0.0022,0.0006,0.0041,0.0024,0.0034
2026-08-05 09:03:33.518,78.083333,156,5,0.013908,0.0001,-165.02,0,0,0,60.0000,0.272,1.09881,0,0,0,0,0,0.002803,0.000529,0.005396,0.001585,0.005717,0.002272,0.005260,0.002815,0.004754,0.003206,0.003802,0.003108,0.002855,0.003111,0.002079,165.02,-166.03,-10.51,1.41,177.24,-158.76,21.90,39.92,-136.78,-122.20,65.16,82.54,-85.61,-78.22,113.10,0.0148,0.0029,0.0081,0.0024,0.0043,0.0073,0.0045,0.0036,0.0037,0.0050,0.0022,0.0006,0.0041,0.0024,0.0034
2026-08-05 09:03:33.518,78.100000,156,6,0.012751,-0.0003,109.19,0,0,0,60.0000,0.272,1.09881,0,0,0,0,0,0.002408,0.000537,0.004795,0.001306,0.005191,0.001793,0.004786,0.002228,0.004408,0.002666,0.003700,0.002685,0.003011,0.002758,0.002405,-109.19,13.90,-105.67,-3.24,-101.72,17.00,-78.29,27.52,-60.95,43.93,-41.72,64.13,-16.44,84.41,5.24,0.0148,0.0029,0.0081,0.0024,0.0043,0.0073,0.0045,0.0036,0.0037,0.0050,0.0022,0.0006,0.0041,0.0024,0.0034
2026-08-05 09:03:33.518,78.116667,156,7,0.014450,0.0000,103.26,0,0,0,60.0000,0.272,1.09881,0,0,0,0,0,0.003664,0.001839,0.006098,0.001276,0.005840,0.000569,0.004555,0.001106,0.003174,0.002501,0.002073,0.003380,0.001829,0.004125,0.002252,-103.26,92.07,-33.44,155.68,27.77,-142.88,102.89,165.91,164.80,-123.24,-146.81,-46.74,-104.54,32.68,-48.73,0.0148,0.0029,0.0081,0.0024,0.0043,0.0073,0.0045,0.0036,0.0037,0.0050,0.0022,0.0006,0.0041,0.0024,0.0034
2026-08-05 09:03:33.518,78.133333,156,8,0.014850,-0.0004,179.04,0,0,0,60.0000,0.272,1.09881,0,0,0,0,0,0.003188,0.001370,0.006153,0.001131,0.005968,0.000622,0.005105,0.000511,0.003866,0.001736,0.002220,0.002719,0.001031,0.003594,0.000475,-179.04,-71.00,48.75,153.89,-80.40,46.32,168.10,93.23,49.73,-14.33,-61.98,-130.62,-158.29,115.97,170.39,0.0148,0.0029,0.0081,0.0024,0.0043,0.0073,0.0045,0.0036,0.0037,0.0050,0.0022,0.0006,0.0041,0.0024,0.0034
2026-08-05 09:03:33.518,78.150000,156,9,0.015281,0.0006,51.51,0,0,0,60.0000,0.272,1.09881,0,0,0,0,0,0.003059,0.001304,0.006088,0.001997,0.005981,0.002763,0.005577,0.003464,0.004512,0.003952,0.003441,0.004046,0.002553,0.003979,0.001585,-51.51,-135.17,39.46,-18.88,139.79,92.75,-103.02,-142.72,10.72,-22.78,127.75,94.74,-117.32,-146.49,-4.24,0.0148,0.0029,0.0081,0.0024,0.0043,0.0073,0.0045,0.0036,0.0037,0.0050,0.0022,0.0006,0.0041,0.0024,0.0034
2026-08-05 09:03:33.518,78.166667,156,10,0.014454,0.0003,100.04,0,0,0,60.0000,0.272,1.09881,0,0,0,0,0,0.003108,0.000606,0.006027,0.001298,0.005662,0.001995,0.005393,0.002744,0.004963,0.003003,0.004306,0.002904,0.003505,0.002698,0.002475,-100.04,-178.52,-121.05,-154.10,-125.81,-168.12,-108.63,-169.49,-98.55,-166.52,-86.24,-160.43,-76.74,-146.03,-63.99,0.0148,0.0029,0.0081,0.0024,0.0043,0.0073,0.0045,0.0036,0.0037,0.0050,0.0022,0.0006,0.0041,0.0024,0.0034
2026-08-05 09:03:33.518,78.183333,156,11,0.013876,0.0002,34.91,0,0,0,60.0000,0.272,1.09881,0,0,0,0,0,0.002803,0.000655,0.005411,0.001315,0.005329,0.002264,0.005349,0.002932,0.004589,0.003211,0.003644,0.003299,0.002896,0.003248,0.002091,-34.91,-73.23,106.85,98.45,-105.37,-115.83,60.88,47.26,-141.07,-149.54,21.19,13.84,-176.21,176.02,-14.82,0.0148,0.0029,0.0081,0.0024,0.0043,0.0073,0.0045,0.0036,0.0037,0.0050,0.0022,0.0006,0.0041,0.0024,0.0034
2026-08-05 09:03:33.518,78.200000,156,12,0.015183,0.0002,166.57,0,0,0,60.0000,0.272,1.09881,0,0,0,0,0,0.003076,0.000541,0.006085,0.001514,0.006108,0.002081,0.006127,0.002815,0.005281,0.003194,0.004319,0.003172,0.003474,0.003100,0.002499,-166.57,71.57,69.47,-51.70,-45.28,-176.35,-147.27,79.42,108.60,-25.41,7.73,-131.09,-96.28,128.09,166.87,0.0148,0.0029,0.0081,0.0024,0.0043,0.0073,0.0045,0.0036,0.0037,0.0050,0.0022,0.0006,0.0041,0.0024,0.0034
2026-08-05 09:03:33.518,78.216667,156,13,0.016990,0.0003,159.65,0,0,0,60.0000,0.272,1.09881,0,0,0,0,0,0.003515,0.000742,0.007061,0.001884,0.007212,0.002606,0.006743,0.003537,0.005823,0.003679,0.004605,0.003681,0.003470,0.003459,0.002423,-159.65,73.14,96.82,-32.64,-1.82,-129.88,-85.58,145.43,-172.69,58.71,100.78,-25.41,16.56,-111.55,-70.33,0.0148,0.0029,0.0081,0.0024,0.0043,0.0073,0.0045,0.0036,0.0037,0.0050,0.0022,0.0006,0.0041,0.0024,0.0034
2026-08-05 09:03:33.518,78.233333,156,14,0.020609,-0.0004,156.03,0,0,0,60.0000,0.272,1.09881,0,0,0,0,0,0.004535,0.001541,0.008975,0.002348,0.009286,0.002799,0.008680,0.003580,0.007486,0.003572,0.005772,0.003375,0.004305,0.003022,0.002890,-156.03,117.31,98.49,-0.45,1.90,-103.42,-81.46,161.73,-165.91,70.03,111.93,-17.38,33.32,-106.16,-44.12,0.0148,0.0029,0.0081,0.0024,0.0043,0.0073,0.0045,0.0036,0.0037,0.0050,0.0022,0.0006,0.0041,0.0024,0.0034
2026-08-05 09:03:33.518,78.250000,156,15,0.018452,-0.0002,-109.66,0,0,0,60.0000,0.272,1.09881,0,0,0,0,0,0.003971,0.000952,0.007774,0.002113,0.007959,0.002876,0.007445,0.003876,0.006389,0.004091,0.004785,0.003920,0.003604,0.003591,0.002451,109.66,-122.01,-176.84,-46.42,-97.89,35.67,-4.77,129.10,85.72,-140.05,178.03,-46.58,-87.82,44.37,2.07,0.0148,0.0029,0.0081,0.0024,0.0043,0.0073,0.0045,0.0036,0.0037,0.0050,0.0022,0.0006,0.0041,0.0024,0.0034
2026-08-05 09:03:33.518,78.266667,156,16,0.017018,-0.0005,141.08,0,0,0,60.0000,0.272,1.09881,0,0,0,0,0,0.003506,0.000924,0.006936,0.002126,0.007073,0.002927,0.006605,0.003942,0.005595,0.004084,0.004292,0.004031,0.003144,0.003739,0.002108,-141.08,63.18,149.52,10.78,85.30,-43.76,36.07,-89.72,-16.19,-139.59,-68.53,172.47,-117.88,122.40,-173.27,0.0148,0.0029,0.0081,0.0024,0.0043,0.0073,0.0045,0.0036,0.0037,0.0050,0.0022,0.0006,0.0041,0.0024,0.0034
2026-08-05 09:03:33.518,78.283333,156,17,0.014865,-0.0001,39.31,0,0,0,60.0000,0.272,1.09881,0,0,0,0,0,0.002980,0.000690,0.005889,0.001673,0.006076,0.002325,0.005750,0.003243,0.004984,0.003474,0.003951,0.003432,0.003024,0.003390,0.002146,-39.31,-82.09,97.00,69.98,-123.60,-145.73,33.44,14.42,-174.11,169.62,-22.08,-34.05,134.36,122.25,-75.05,0.0148,0.0029,0.0081,0.0024,0.0043,0.0073,0.0045,0.0036,0.0037,0.0050,0.0022,0.0006,0.0041,0.0024,0.0034
2026-08-05 09:03:33.518,78.300000,156,18,0.016141,0.0004,161.02,0,0,0,60.0000,0.272,1.09881,0,0,0,0,0,0.003297,0.000888,0.006544,0.002111,0.006561,0.002882,0.006005,0.003908,0.005130,0.004199,0.003925,0.004080,0.002810,0.003841,0.001869,-161.02,24.48,91.23,-67.67,-12.05,-161.69,-99.18,114.56,168.75,26.79,77.44,-58.42,-12.55,-147.47,-104.25,0.0148,0.0029,0.0081,0.0024,0.0043,0.0073,0.0045,0.0036,0.0037,0.0050,0.0022,0.0006,0.0041,0.0024,0.0034
2026-08-05 09:03:33.518,78.316667,156,19,0.020595,0.0004,157.87,0,0,0,60.0000,0.272,1.09881,0,0,0,0,0,0.005212,0.002929,0.009465,0.003315,0.009628,0.002831,0.008401,0.002889,0.006674,0.002914,0.004599,0.003085,0.002955,0.003399,0.001692,-157.87,143.67,128.59,66.38,56.83,-14.25,-3.82,-101.50,-66.67,173.05,-129.79,98.73,166.58,27.85,94.61,0.0148,0.0029,0.0081,0.0024,0.0043,0.0073,0.0045,0.0036,0.0037,0.0050,0.0022,0.0006,0.0041,0.0024,0.0034
2026-08-05 09:03:33.518,78.333333,156,20,0.015357,0.0007,65.10,0,0,0,60.0000,0.272,1.09881,0,0,0,0,0,0.003380,0.001014,0.006271,0.000709,0.006047,0.000626,0.005195,0.001360,0.003813,0.002632,0.002264,0.003495,0.001386,0.004170,0.001231,-65.10,-28.13,54.34,106.17,172.06,-5.50,-54.20,160.47,78.75,-67.74,-139.69,60.56,19.87,-167.19,-161.73,0.0148,0.0029,0.0081,0.0024,0.0043,0.0073,0.0045,0.0036,0.0037,0.0050,0.0022,0.0006,0.0041,0.0024,0.0034
2026-08-05 09:03:33.518,78.350000,156,21,0.017285,-0.0006,135.24,0,0,0,60.0000,0.272,1.09881,0,0,0,0,0,0.003625,0.001205,0.007333,0.001897,0.007093,0.002811,0.006862,0.003159,0.005758,0.003748,0.004535,0.003843,0.003572,0.003704,0.002594,-135.24,-128.34,147.02,178.19,81.91,133.60,30.55,87.54,-22.27,37.61,-70.67,-14.65,-120.04,-63.34,-169.38,0.0148,0.0029,0.0081,0.0024,0.0043,0.0073,0.0045,0.0036,0.0037,0.0050,0.0022,0.0006,0.0041,0.0024,0.0034
2026-08-05 09:03:33.518,78.366667,156,22,0.013596,0.0004,3.91,0,0,0,60.0000,0.272,1.09881,0,0,0,0,0,0.003042,0.000725,0.005666,0.000753,0.005093,0.002004,0.004977,0.002469,0.004679,0.002921,0.003974,0.002815,0.003255,0.002668,0.002303,-3.91,134.24,166.00,-0.04,-6.53,-151.63,-157.74,45.13,45.64,-119.87,-111.32,77.42,90.12,-73.15,-66.32,0.0148,0.0029,0.0081,0.0024,0.0043,0.0073,0.0045,0.0036,0.0037,0.0050,0.0022,0.0006,0.0041,0.0024,0.0034
2026-08-05 09:03:33.518,78.383333,156,23,0.012717,-0.0000,98.72,0,0,0,60.0000,0.272,1.09881,0,0,0,0,0,0.002526,0.000790,0.004891,0.001215,0.004686,0.002314,0.004827,0.002536,0.004298,0.002843,0.003396,0.003050,0.002774,0.003012,0.001988,-98.72,-53.11,-86.24,-12.78,-64.94,31.41,-29.50,64.27,2.21,101.34,38.31,135.06,72.82,170.96,106.35,0.0148,0.0029,0.0081,0.0024,0.0043,0.0073,0.0045,0.0036,0.0037,0.0050,0.0022,0.0006,0.0041,0.0024,0.0034
2026-08-05 09:03:33.518,78.400000,156,24,0.013525,0.0001,-22.47,0,0,0,60.0000,0.272,1.09881,0,0,0,0,0,0.002569,0.000884,0.005065,0.001526,0.004988,0.002564,0.004999,0.002771,0.004325,0.003330,0.003516,0.003439,0.002773,0.003351,0.001924,22.47,-171.64,-78.81,113.57,-172.81,38.73,106.05,-39.87,23.95,-118.35,-55.35,158.57,-138.40,83.07,144.89,0.0148,0.0029,0.0081,0.0024,0.0043,0.0073,0.0045,0.0036,0.0037,0.0050,0.0022,0.0006,0.0041,0.0024,0.0034
2026-08-05 09:03:33.518,78.416667,156,25,0.013532,-0.0003,160.67,0,0,0,60.0000,0.272,1.09881,0,0,0,0,0,0.002565,0.000569,0.005175,0.001351,0.005312,0.002149,0.005054,0.002609,0.004665,0.002953,0.003741,0.003102,0.002998,0.003114,0.002300,-160.67,-104.09,99.20,139.21,-0.28,54.90,-83.06,-30.09,-167.23,-117.64,107.93,158.80,28.10,75.67,-56.99,0.0148,0.0029,0.0081,0.0024,0.0043,0.0073,0.0045,0.0036,0.0037,0.0050,0.0022,0.0006,0.0041,0.0024,0.0034
2026-08-05 09:03:33.518,78.433333,156,26,0.015109,-0.0004,152.56,0,0,0,60.0000,0.272,1.09881,0,0,0,0,0,0.002937,0.000625,0.006005,0.001575,0.006173,0.002375,0.005821,0.002894,0.005366,0.003193,0.004196,0.003337,0.003354,0.003236,0.002403,-152.56,-102.37,120.94,161.34,36.13,92.49,-32.15,23.38,-101.96,-50.44,-172.87,-118.76,121.08,172.89,51.85,0.0148,0.0029,0.0081,0.0024,0.0043,0.0073,0.0045,0.0036,0.0037,0.0050,0.0022,0.0006,0.0041,0.0024,0.0034
2026-08-05 09:03:33.518,78.450000,156,27,0.012621,-0.0004,130.85,0,0,0,60.0000,0.272,1.09881,0,0,0,0,0,0.002349,0.000532,0.004563,0.001358,0.004892,0.001958,0.004608,0.002508,0.004328,0.002773,0.003464,0.002926,0.002820,0.003071,0.002232,-130.85,-68.70,-163.87,-109.23,159.81,-120.04,142.39,-140.03,122.01,-161.44,103.02,179.88,84.48,162.96,66.04,0.0148,0.0029,0.0081,0.0024,0.0043,0.0073,0.0045,0.0036,0.0037,0.0050,0.0022,0.0006,0.0041,0.0024,0.0034
2026-08-05 09:03:33.518,78.466667,156,28,0.013861,-0.0003,108.94,0,0,0,60.0000,0.272,1.09881,0,0,0,0,0,0.002751,0.000477,0.005210,0.001611,0.005481,0.002250,0.005040,0.002898,0.004710,0.003212,0.003737,0.003304,0.002910,0.003334,0.002188,-108.94,-39.03,-111.02,-37.37,-112.20,-14.96,-94.11,-1.06,-81.05,14.77,-65.38,30.10,-48.41,47.71,-36.01,0.0148,0.0029,0.0081,0.0024,0.0043,0.0073,0.0045,0.0036,0.0037,0.0050,0.0022,0.0006,0.0041,0.0024,0.0034
2026-08-05 09:03:33.518,78.483333,156,29,0.012421,-0.0002,-115.84,0,0,0,60.0000,0.272,1.09881,0,0,0,0,0,0.002258,0.000528,0.004527,0.001218,0.004946,0.001689,0.004612,0.002139,0.004385,0.002538,0.003706,0.002540,0.003009,0.002679,0.002389,115.84,110.70,-146.89,-173.24,-49.62,-61.57,66.23,42.14,176.09,150.14,-72.08,-96.59,45.75,16.41,161.53,0.0148,0.0029,0.0081,0.0024,0.0043,0.0073,0.0045,0.0036,0.0037,0.0050,0.0022,0.0006,0.0041,0.0024,0.0034
2026-08-05 09:03:34.034,78.500000,157,0,0.012410,0.0001,83.68,0,0,0,60.0000,0.265,4.88159,0,0,0,0,0,0.002245,0.000384,0.004507,0.001256,0.004951,0.001688,0.004559,0.002218,0.004275,0.002590,0.003652,0.002651,0.002952,0.002782,0.002330,-83.68,53.66,-27.51,96.94,27.29,168.96,103.29,-128.19,171.76,-60.46,-117.13,13.69,-40.74,85.47,34.78,0.0045,0.0072,0.0105,0.0047,0.0017,0.0018,0.0097,0.0044,0.0082,0.0013,0.0029,0.0026,0.0035,0.0051,0.0067
2026-08-05 09:03:34.034,78.516667,157,1,0.015707,-0.0001,126.55,0,0,0,60.0000,0.265,4.88159,0,0,0,0,0,0.003984,0.002573,0.007005,0.002452,0.006947,0.001839,0.005930,0.000788,0.004655,0.001207,0.003158,0.002037,0.002160,0.002936,0.001756,-126.55,48.45,-107.66,63.22,-94.79,84.57,-68.65,76.17,-51.23,18.77,-36.44,27.84,-25.77,52.05,-29.70,0.0045,0.0072,0.0105,0.0047,0.0017,0.0018,0.0097,0.0044,0.0082,0.0013,0.0029,0.0026,0.0035,0.0051,0.0067
2026-08-05 09:03:34.034,78.533333,157,2,0.014470,-0.0007,24.04,0,0,0,60.0000,0.265,4.88159,0,0,0,0,0,0.003070,0.001093,0.005778,0.001057,0.005582,0.001297,0.004764,0.001976,0.003449,0.002941,0.002104,0.003673,0.001551,0.004137,0.001345,-24.04,-104.65,164.49,115.38,-7.16,-14.51,-160.05,-134.91,43.55,81.43,-100.18,-72.92,128.28,132.56,1.89,0.0045,0.0072,0.0105,0.0047,0.0017,0.0018,0.0097,0.0044,0.0082,0.0013,0.0029,0.0026,0.0035,0.0051,0.0067
2026-08-05 09:03:34.034,78.550000,157,3,0.017203,0.0007,28.84,0,0,0,60.0000,0.265,4.88159,0,0,0,0,0,0.003636,0.001626,0.007246,0.002319,0.006989,0.003175,0.006545,0.003875,0.005263,0.004266,0.004026,0.004277,0.003063,0.003969,0.001993,-28.84,-103.33,104.95,57.61,-108.55,-140.30,53.18,29.23,-149.43,-164.99,12.95,-4.62,171.03,156.69,-32.74,0.0045,0.0072,0.0105,0.0047,0.0017,0.0018,0.0097,0.0044,0.0082,0.0013,0.0029,0.0026,0.0035,0.0051,0.0067
2026-08-05 09:03:34.034,78.566667,157,4,0.015040,-0.0000,-116.23,0,0,0,60.0000,0.265,4.88159,0,0,0,0,0,0.003340,0.000733,0.006193,0.001345,0.005618,0.002411,0.005456,0.003282,0.004946,0.003521,0.004195,0.003350,0.003288,0.003313,0.002188,116.23,-134.62,168.38,-19.11,-121.86,43.58,-29.47,117.52,54.04,-162.59,137.29,-78.82,-141.22,11.00,-51.41,0.0045,0.0072,0.0105,0.0047,0.0017,0.0018,0.0097,0.0044,0.0082,0.0013,0.0029,0.0026,0.0035,0.0051,0.0067
2026-08-05 09:03:34.034,78.583333,157,5,0.013210,-0.0001,-95.44,0,0,0,60.0000,0.265,4.88159,0,0,0,0,0,0.002583,0.000412,0.004958,0.001199,0.004949,0.002022,0.005019,0.002707,0.004371,0.002979,0.003530,0.003146,0.002908,0.003140,0.002131,95.44,-154.02,134.21,-88.15,-178.47,-50.54,-113.59,7.73,-57.04,69.62,5.15,129.23,68.48,-166.60,130.01,0.0045,0.0072,0.0105,0.0047,0.0017,0.0018,0.0097,0.0044,0.0082,0.0013,0.0029,0.0026,0.0035,0.0051,0.0067
2026-08-05 09:03:34.034,78.600000,157,6,0.014747,-0.0001,106.49,0,0,0,60.0000,0.265,4.88159,0,0,0,0,0,0.002917,0.000757,0.005625,0.001572,0.005786,0.002388,0.005584,0.003080,0.004860,0.003578,0.003969,0.003537,0.003023,0.003500,0.002170,-106.49,143.40,-102.16,165.20,-93.39,177.24,-68.03,-153.68,-47.77,-130.60,-24.58,-107.98,-3.19,-80.62,21.36,0.0045,0.0072,0.0105,0.0047,0.0017,0.0018,0.0097,0.0044,0.0082,0.0013,0.0029,0.0026,0.0035,0.0051,0.0067
2026-08-05 09:03:34.034,78.616667,157,7,0.014229,-0.0005,-162.66,0,0,0,60.0000,0.265,4.88159,0,0,0,0,0,0.002744,0.000706,0.005512,0.001460,0.005819,0.001662,0.005587,0.002440,0.005091,0.002651,0.004280,0.002672,0.003508,0.002796,0.002750,162.66,41.41,-13.62,-151.23,171.69,25.76,15.08,-136.79,-144.69,57.82,55.10,-102.26,-100.78,98.09,102.36,0.0045,0.0072,0.0105,0.0047,0.0017,0.0018,0.0097,0.0044,0.0082,0.0013,0.0029,0.0026,0.0035,0.0051,0.0067
2026-08-05 09:03:34.034,78.633333,157,8,0.013172,-0.0006,124.85,0,0,0,60.0000,0.265,4.88159,0,0,0,0,0,0.002584,0.000658,0.005015,0.001559,0.005164,0.002156,0.004854,0.003007,0.004281,0.003309,0.003331,0.003260,0.002508,0.003263,0.001822,-124.85,116.68,-155.01,97.97,175.44,71.24,165.53,64.16,150.57,48.98,135.66,39.22,123.67,28.96,107.48,0.0045,0.0072,0.0105,0.0047,0.0017,0.0018,0.0097,0.0044,0.0082,0.0013,0.0029,0.0026,0.0035,0.0051,0.0067
2026-08-05 09:03:34.034,78.650000,157,9,0.012702,-0.0002,9.92,0,0,0,60.0000,0.265,4.88159,0,0,0,0,0,0.002332,0.000507,0.004667,0.001369,0.004870,0.001895,0.004639,0.002688,0.004152,0.003011,0.003384,0.003092,0.002695,0.003188,0.002034,-9.92,-3.00,-166.57,-155.96,38.45,52.51,-99.94,-82.10,118.44,136.39,-23.49,-2.58,-160.62,-139.25,55.92,0.0045,0.0072,0.0105,0.0047,0.0017,0.0018,0.0097,0.0044,0.0082,0.0013,0.0029,0.0026,0.0035,0.0051,0.0067
2026-08-05 09:03:34.034,78.666667,157,10,0.014158,-0.0000,-105.24,0,0,0,60.0000,0.265,4.88159,0,0,0,0,0,0.002658,0.000602,0.005422,0.001459,0.005720,0.001856,0.005462,0.002666,0.004946,0.003008,0.004056,0.003008,0.003280,0.003096,0.002493,105.24,-96.06,173.98,-39.19,-114.73,26.79,-26.76,113.67,58.39,-163.62,143.31,-77.82,-127.45,8.09,-37.96,0.0045,0.0072,0.0105,0.0047,0.0017,0.0018,0.0097,0.0044,0.0082,0.0013,0.0029,0.0026,0.0035,0.0051,0.0067
2026-08-05 09:03:34.034,78.683333,157,11,0.013229,-0.0001,67.54,0,0,0,60.0000,0.265,4.88159,0,0,0,0,0,0.002475,0.000553,0.004983,0.001467,0.005150,0.002036,0.004853,0.002851,0.004368,0.003183,0.003475,0.003156,0.002748,0.003271,0.002060,-67.54,-139.40,19.62,-35.05,107.96,58.54,-145.88,168.72,-43.99,-88.36,57.03,17.24,163.25,123.01,-94.30,0.0045,0.0072,0.0105,0.0047,0.0017,0.0018,0.0097,0.0044,0.0082,0.0013,0.0029,0.0026,0.0035,0.0051,0.0067
2026-08-05 09:03:34.034,78.700000,157,12,0.013832,0.0000,-144.07,0,0,0,60.0000,0.265,4.88159,0,0,0,0,0,0.002673,0.000628,0.005224,0.001475,0.005517,0.001905,0.005229,0.002774,0.004690,0.003072,0.003856,0.003163,0.003097,0.003232,0.002288,144.07,-26.13,-65.48,116.79,84.04,-96.52,-106.89,71.58,57.09,-125.88,-136.69,41.57,31.55,-151.98,-162.77,0.0045,0.0072,0.0105,0.0047,0.0017,0.0018,0.0097,0.0044,0.0082,0.0013,0.0029,0.0026,0.0035,0.0051,0.0067
2026-08-05 09:03:34.034,78.716667,157,13,0.016197,0.0000,55.71,0,0,0,60.0000,0.265,4.88159,0,0,0,0,0,0.004414,0.002285,0.007207,0.001760,0.006878,0.000431,0.005920,0.000819,0.004325,0.002120,0.002474,0.003101,0.001156,0.003946,0.000554,-55.71,5.23,121.47,-178.16,-68.93,4.73,112.16,43.33,-71.14,-155.68,104.60,20.39,-86.82,-156.51,3.65,0.0045,0.0072,0.0105,0.0047,0.0017,0.0018,0.0097,0.0044,0.0082,0.0013,0.0029,0.0026,0.0035,0.0051,0.0067
2026-08-05 09:03:34.034,78.733333,157,14,0.017482,0.0006,67.57,0,0,0,60.0000,0.265,4.88159,0,0,0,0,0,0.003870,0.000773,0.007620,0.000970,0.007129,0.001996,0.006343,0.002735,0.004873,0.003759,0.003344,0.004262,0.002564,0.004440,0.002189,-67.57,1.59,-0.49,114.99,77.01,-130.41,169.35,-24.10,-97.39,66.95,4.03,155.59,111.56,-115.07,-140.92,0.0045,0.0072,0.0105,0.0047,0.0017,0.0018,0.0097,0.0044,0.0082,0.0013,0.0029,0.0026,0.0035,0.0051,0.0067
2026-08-05 09:03:34.034,78.750000,157,15,0.013512,0.0000,137.33,0,0,0,60.0000,0.265,4.88159,0,0,0,0,0,0.003111,0.001141,0.005818,0.000897,0.005385,0.001716,0.004993,0.002092,0.004180,0.002857,0.003471,0.003108,0.003025,0.003057,0.002424,-137.33,-140.87,104.25,133.60,4.10,73.59,-75.55,-1.14,-155.02,-86.38,130.41,-175.01,55.05,101.17,-26.18,0.0045,0.0072,0.0105,0.0047,0.0017,0.0018,0.0097,0.0044,0.0082,0.0013,0.0029,0.0026,0.0035,0.0051,0.0067
2026-08-05 09:03:34.034,78.766667,157,16,0.013738,-0.0002,142.71,0,0,0,60.0000,0.265,4.88159,0,0,0,0,0,0.002721,0.000522,0.005407,0.001007,0.005212,0.002039,0.005223,0.002315,0.004882,0.002700,0.004111,0.002747,0.003430,0.002735,0.002541,-142.71,-82.85,131.33,-149.43,55.81,138.53,-1.86,71.44,-64.00,5.17,-123.87,-60.53,175.79,-118.08,117.08,0.0045,0.0072,0.0105,0.0047,0.0017,0.0018,0.0097,0.0044,0.0082,0.0013,0.0029,0.0026,0.0035,0.0051,0.0067
2026-08-05 09:03:34.034,78.783333,157,17,0.015349,0.0001,128.19,0,0,0,60.0000,0.265,4.88159,0,0,0,0,0,0.003065,0.000875,0.006131,0.001732,0.006011,0.002931,0.005922,0.003237,0.005051,0.003717,0.003909,0.003748,0.003067,0.003504,0.002052,-128.19,-103.48,-175.57,-122.15,146.38,-146.31,121.02,-171.68,92.31,164.71,66.54,138.14,39.74,115.57,11.55,0.0045,0.0072,0.0105,0.0047,0.0017,0.0018,0.0097,0.0044,0.0082,0.0013,0.0029,0.0026,0.0035,0.0051,0.0067
2026-08-05 09:03:34.034,78.800000,157,18,0.014923,0.0004,9.94,0,0,0,60.0000,0.265,4.88159,0,0,0,0,0,0.002992,0.001077,0.005980,0.001723,0.006049,0.002300,0.006053,0.002490,0.005427,0.002723,0.004511,0.002552,0.003508,0.002701,0.002687,-9.94,-110.14,-176.37,67.27,23.68,-104.50,-123.45,106.37,89.80,-52.95,-56.09,153.63,159.32,6.17,19.25,0.0045,0.0072,0.0105,0.0047,0.0017,0.0018,0.0097,0.0044,0.0082,0.0013,0.0029,0.0026,0.0035,0.0051,0.0067
2026-08-05 09:03:34.034,78.816667,157,19,0.013965,0.0001,159.89,0,0,0,60.0000,0.265,4.88159,0,0,0,0,0,0.002579,0.000652,0.005448,0.001310,0.005648,0.002047,0.005361,0.002564,0.005002,0.002837,0.004008,0.002945,0.003222,0.002990,0.002531,-159.89,-80.06,102.10,158.71,5.83,70.92,-74.59,-13.48,-156.21,-101.17,121.07,178.04,43.57,96.28,-37.31,0.0045,0.0072,0.0105,0.0047,0.0017,0.0018,0.0097,0.0044,0.0082,0.0013,0.0029,0.0026,0.0035,0.0051,0.0067
2026-08-05 09:03:34.034,78.833333,157,20,0.013742,0.0002,164.26,0,0,0,60.0000,0.265,4.88159,0,0,0,0,0,0.002559,0.000538,0.005219,0.001354,0.005372,0.002128,0.005144,0.002610,0.004819,0.002915,0.003867,0.003098,0.003136,0.003172,0.002413,-164.26,-122.34,90.55,118.25,-14.70,31.45,-103.24,-58.02,167.25,-151.18,76.52,121.16,-8.94,31.51,-97.81,0.0045,0.0072,0.0105,0.0047,0.0017,0.0018,0.0097,0.0044,0.0082,0.0013,0.0029,0.0026,0.0035,0.0051,0.0067
2026-08-05 09:03:34.034,78.850000,157,21,0.016469,-0.0001,-4.48,0,0,0,60.0000,0.265,4.88159,0,0,0,0,0,0.003398,0.000708,0.006719,0.002099,0.006955,0.003023,0.006382,0.003696,0.005474,0.003972,0.004150,0.003822,0.003050,0.003600,0.002031,4.48,-168.49,-133.71,57.70,91.44,-58.53,-27.07,-179.28,-149.88,60.50,90.16,-59.02,-30.71,-176.06,-155.28,0.0045,0.0072,0.0105,0.0047,0.0017,0.0018,0.0097,0.0044,0.0082,0.0013,0.0029,0.0026,0.0035,0.0051,0.0067
2026-08-05 09:03:34.034,78.866667,157,22,0.013273,-0.0006,-160.58,0,0,0,60.0000,0.265,4.88159,0,0,0,0,0,0.002628,0.000436,0.004968,0.001383,0.005219,0.002023,0.004925,0.002570,0.004592,0.002915,0.003767,0.002992,0.002957,0.003097,0.002289,160.58,156.94,-15.89,-28.74,167.03,179.95,9.53,15.85,-153.02,-145.23,45.90,56.11,-110.48,-104.66,87.45,0.0045,0.0072,0.0105,0.0047,0.0017,0.0018,0.0097,0.0044,0.0082,0.0013,0.0029,0.0026,0.0035,0.0051,0.0067
2026-08-05 09:03:34.034,78.883333,157,23,0.013446,0.0002,40.38,0,0,0,60.0000,0.265,4.88159,0,0,0,0,0,0.002456,0.001039,0.004904,0.001961,0.005180,0.002419,0.004751,0.002980,0.004220,0.003439,0.003418,0.003454,0.002721,0.003378,0.001865,-40.38,60.42,94.99,-144.24,-126.91,18.37,29.15,173.25,-179.59,-31.33,-27.21,126.39,130.08,-78.92,-79.02,0.0045,0.0072,0.0105,0.0047,0.0017,0.0018,0.0097,0.0044,0.0082,0.0013,0.0029,0.0026,0.0035,0.0051,0.0067
2026-08-05 09:03:34.034,78.900000,157,24,0.015582,0.0000,-179.78,0,0,0,60.0000,0.265,4.88159,0,0,0,0,0,0.003066,0.000589,0.006145,0.001724,0.006503,0.002313,0.005881,0.003043,0.005272,0.003577,0.004249,0.003594,0.003406,0.003525,0.002542,179.78,-174.20,38.24,47.34,-100.28,-74.05,138.13,157.09,10.22,32.43,-115.01,-89.71,123.41,148.27,-1.92,0.0045,0.0072,0.0105,0.0047,0.0017,0.0018,0.0097,0.0044,0.0082,0.0013,0.0029,0.0026,0.0035,0.0051,0.0067
2026-08-05 09:03:34.034,78.916667,157,25,0.018704,0.0003,36.08,0,0,0,60.0000,0.265,4.88159,0,0,0,0,0,0.005200,0.002298,0.008891,0.001881,0.008780,0.001370,0.007511,0.001428,0.005703,0.002390,0.003551,0.003206,0.001889,0.003697,0.000428,-36.08,-153.53,165.60,33.16,2.44,-138.72,-148.01,12.44,56.33,-167.74,-97.12,30.49,106.17,-124.25,-72.46,0.0045,0.0072,0.0105,0.0047,0.0017,0.0018,0.0097,0.0044,0.0082,0.0013,0.0029,0.0026,0.0035,0.0051,0.0067
2026-08-05 09:03:34.034,78.933333,157,26,0.016094,0.0008,-28.10,0,0,0,60.0000,0.265,4.88159,0,0,0,0,0,0.003315,0.001096,0.006650,0.001298,0.006493,0.001963,0.005993,0.002676,0.004852,0.003402,0.003717,0.003868,0.003025,0.004040,0.002308,28.10,12.95,-81.08,-64.83,-179.58,-141.77,99.19,150.03,14.92,72.42,-61.36,-10.71,-136.83,-94.20,147.86,0.0045,0.0072,0.0105,0.0047,0.0017,0.0018,0.0097,0.0044,0.0082,0.0013,0.0029,0.0026,0.0035,0.0051,0.0067
2026-08-05 09:03:34.034,78.950000,157,27,0.015042,0.0002,104.83,0,0,0,60.0000,0.265,4.88159,0,0,0,0,0,0.003314,0.001234,0.006363,0.001292,0.006055,0.002046,0.005519,0.002856,0.004603,0.003588,0.003741,0.003732,0.003182,0.003550,0.002324,-104.83,103.16,-142.48,103.32,-164.34,101.74,-165.75,106.15,-170.81,102.02,-170.55,94.09,-174.93,89.66,178.37,0.0045,0.0072,0.0105,0.0047,0.0017,0.0018,0.0097,0.0044,0.0082,0.0013,0.0029,0.0026,0.0035,0.0051,0.0067
2026-08-05 09:03:34.034,78.966667,157,28,0.013338,0.0004,168.08,0,0,0,60.0000,0.265,4.88159,0,0,0,0,0,0.002740,0.000897,0.005207,0.001194,0.004933,0.002194,0.004888,0.002972,0.004338,0.003195,0.003506,0.003231,0.002778,0.003238,0.001864,-168.08,-20.42,50.06,-119.57,-78.30,124.39,173.65,12.54,55.29,-100.94,-59.44,145.50,-173.99,36.46,72.69,0.0045,0.0072,0.0105,0.0047,0.0017,0.0018,0.0097,0.0044,0.0082,0.0013,0.0029,0.0026,0.0035,0.0051,0.0067
2026-08-05 09:03:34.034,78.983333,157,29,0.013489,0.0005,76.65,0,0,0,60.0000,0.265,4.88159,0,0,0,0,0,0.002772,0.000500,0.005209,0.001346,0.005143,0.002202,0.005230,0.002794,0.004434,0.003139,0.003461,0.003330,0.002908,0.003188,0.001975,-76.65,-143.77,-21.89,-57.92,42.43,-3.88,122.85,72.15,-165.37,151.67,-84.63,-133.06,-7.08,-54.95,67.53,0.0045,0.0072,0.0105,0.0047,0.0017,0.0018,0.0097,0.0044,0.0082,0.0013,0.0029,0.0026,0.0035,0.0051,0.0067
2026-08-05 09:03:34.543,79.000000,158,0,0.013250,-0.0002,-135.49,0,0,0,60.0000,0.272,1.22750,0,0,0,0,0,0.002440,0.000618,0.004914,0.001502,0.005022,0.002221,0.004814,0.002876,0.004201,0.003368,0.003433,0.003299,0.002668,0.003452,0.001877,135.49,-105.63,-92.11,51.68,42.44,-167.82,-165.93,-12.14,-17.46,138.79,130.73,-72.30,-80.59,82.51,72.26,0.0226,0.0099,0.0072,0.0086,0.0092,0.0103,0.0068,0.0109,0.0054,0.0047,0.0055,0.0067,0.0067,0.0040,0.0004
2026-08-05 09:03:34.543,79.016667,158,1,0.013043,-0.0001,-64.95,0,0,0,60.0000,0.272,1.22750,0,0,0,0,0,0.002424,0.000497,0.004896,0.001395,0.005104,0.001901,0.004780,0.002744,0.004350,0.003063,0.003513,0.003101,0.002807,0.003168,0.002063,64.95,156.53,55.77,144.26,47.82,138.34,58.53,151.19,64.69,156.07,70.74,165.87,81.15,175.30,87.59,0.0226,0.0099,0.0072,0.0086,0.0092,0.0103,0.0068,0.0109,0.0054,0.0047,0.0055,0.0067,0.0067,0.0040,0.0004
2026-08-05 09:03:34.543,79.033333,158,2,0.014717,-0.0002,-165.15,0,0,0,60.0000,0.272,1.22750,0,0,0,0,0,0.002821,0.001118,0.005709,0.002229,0.005739,0.002910,0.005309,0.003726,0.004531,0.003989,0.003345,0.003867,0.002390,0.003772,0.001516,165.15,-60.61,-8.83,146.84,-178.70,-11.47,27.96,-158.79,-129.75,46.20,72.86,-105.41,-82.86,101.03,113.78,0.0226,0.0099,0.0072,0.0086,0.0092,0.0103,0.0068,0.0109,0.0054,0.0047,0.0055,0.0067,0.0067,0.0040,0.0004
2026-08-05 09:03:34.543,79.050000,158,3,0.015966,-0.0002,-169.44,0,0,0,60.0000,0.272,1.22750,0,0,0,0,0,0.003217,0.000832,0.006307,0.001804,0.006611,0.002334,0.006256,0.003264,0.005511,0.003499,0.004424,0.003544,0.003394,0.003447,0.002470,169.44,31.82,7.76,-139.70,-151.19,57.64,66.33,-87.55,-79.49,124.92,135.36,-18.90,-7.32,-164.04,-149.87,0.0226,0.0099,0.0072,0.0086,0.0092,0.0103,0.0068,0.0109,0.0054,0.0047,0.0055,0.0067,0.0067,0.0040,0.0004
2026-08-05 09:03:34.543,79.066667,158,4,0.014116,0.0004,-45.51,0,0,0,60.0000,0.272,1.22750,0,0,0,0,0,0.002717,0.000563,0.005348,0.001505,0.005569,0.002032,0.005333,0.002865,0.004789,0.003269,0.003871,0.003285,0.003078,0.003313,0.002291,45.51,106.74,-4.90,62.83,-53.67,15.09,-84.65,-14.07,-118.90,-48.71,-152.91,-79.64,175.70,-112.42,143.08,0.0226,0.0099,0.0072,0.0086,0.0092,0.0103,0.0068,0.0109,0.0054,0.0047,0.0055,0.0067,0.0067,0.0040,0.0004
2026-08-05 09:03:34.543,79.083333,158,5,0.013636,-0.0001,-107.73,0,0,0,60.0000,0.272,1.22750,0,0,0,0,0,0.002537,0.000578,0.005023,0.001587,0.005366,0.002085,0.005071,0.002966,0.004456,0.003278,0.003570,0.003377,0.002791,0.003371,0.002009,107.73,-107.96,-174.49,-34.01,-96.11,44.09,1.13,142.53,92.90,-126.39,-173.77,-31.46,-80.00,64.35,9.80,0.0226,0.0099,0.0072,0.0086,0.0092,0.0103,0.0068,0.0109,0.0054,0.0047,0.0055,0.0067,0.0067,0.0040,0.0004
2026-08-05 09:03:34.543,79.100000,158,6,0.013576,0.0003,-94.28,0,0,0,60.0000,0.272,1.22750,0,0,0,0,0,0.002560,0.000605,0.005105,0.001310,0.005386,0.001654,0.005116,0.002566,0.004681,0.002816,0.003882,0.002964,0.003241,0.003047,0.002509,94.28,-105.49,146.43,-73.52,-161.45,-25.53,-90.83,39.94,-24.88,104.27,41.98,173.07,112.26,-117.93,-179.96,0.0226,0.0099,0.0072,0.0086,0.0092,0.0103,0.0068,0.0109,0.0054,0.0047,0.0055,0.0067,0.0067,0.0040,0.0004
2026-08-05 09:03:34.543,79.116667,158,7,0.015700,-0.0005,-167.58,0,0,0,60.0000,0.272,1.22750,0,0,0,0,0,0.004400,0.002711,0.007054,0.002634,0.006950,0.001475,0.006055,0.000870,0.004674,0.001119,0.003049,0.002010,0.001711,0.002907,0.000676,167.58,99.38,70.30,1.04,-35.26,-96.96,-128.05,128.09,134.08,-52.81,35.70,-164.33,-64.02,99.34,166.46,0.0226,0.0099,0.0072,0.0086,0.0092,0.0103,0.0068,0.0109,0.0054,0.0047,0.0055,0.0067,0.0067,0.0040,0.0004
2026-08-05 09:03:34.543,79.133333,158,8,0.014630,-0.0001,-133.51,0,0,0,60.0000,0.272,1.22750,0,0,0,0,0,0.003042,0.001394,0.006013,0.001882,0.005730,0.002519,0.005427,0.002724,0.004414,0.003337,0.003391,0.003604,0.002679,0.003572,0.001995,133.51,36.80,-126.76,155.93,-16.44,-61.96,109.94,72.35,-124.94,-155.53,5.60,-28.94,134.44,98.65,-94.81,0.0226,0.0099,0.0072,0.0086,0.0092,0.0103,0.0068,0.0109,0.0054,0.0047,0.0055,0.0067,0.0067,0.0040,0.0004
2026-08-05 09:03:34.543,79.150000,158,9,0.014541,0.0001,94.05,0,0,0,60.0000,0.272,1.22750,0,0,0,0,0,0.003197,0.000953,0.006209,0.000947,0.005829,0.001968,0.005480,0.002481,0.004697,0.003178,0.003990,0.003244,0.003467,0.003091,0.002649,-94.05,-39.47,-112.82,-14.11,-114.21,7.21,-97.00,24.22,-79.60,31.49,-60.49,39.64,-43.55,55.10,-29.79,0.0226,0.0099,0.0072,0.0086,0.0092,0.0103,0.0068,0.0109,0.0054,0.0047,0.0055,0.0067,0.0067,0.0040,0.0004
2026-08-05 09:03:34.543,79.166667,158,10,0.013126,-0.0002,140.93,0,0,0,60.0000,0.272,1.22750,0,0,0,0,0,0.002543,0.000668,0.004985,0.001006,0.004702,0.002199,0.004808,0.002507,0.004431,0.002891,0.003625,0.003064,0.002963,0.003168,0.002159,-140.93,-130.42,136.38,-178.75,65.41,129.77,11.07,69.60,-47.76,11.51,-104.28,-46.88,-162.38,-98.39,144.05,0.0226,0.0099,0.0072,0.0086,0.0092,0.0103,0.0068,0.0109,0.0054,0.0047,0.0055,0.0067,0.0067,0.0040,0.0004
2026-08-05 09:03:34.543,79.183333,158,11,0.014840,0.0004,61.31,0,0,0,60.0000,0.272,1.22750,0,0,0,0,0,0.002976,0.000873,0.005894,0.001592,0.005689,0.002731,0.005714,0.002947,0.004943,0.003459,0.003917,0.003556,0.003179,0.003368,0.002217,-61.31,28.80,22.14,139.63,116.94,-110.98,-136.10,-2.48,-31.44,105.51,77.53,-149.17,-176.45,-38.18,-70.41,0.0226,0.0099,0.0072,0.0086,0.0092,0.0103,0.0068,0.0109,0.0054,0.0047,0.0055,0.0067,0.0067,0.0040,0.0004
2026-08-05 09:03:34.543,79.200000,158,12,0.016340,-0.0001,168.09,0,0,0,60.0000,0.272,1.22750,0,0,0,0,0,0.003275,0.000661,0.006567,0.001665,0.006629,0.002705,0.006477,0.003150,0.005682,0.003666,0.004584,0.003506,0.003469,0.003528,0.002561,-168.09,-141.83,69.90,100.95,-45.73,-6.43,-149.32,-106.31,107.48,146.63,4.47,44.31,-97.62,-56.57,160.50,0.0226,0.0099,0.0072,0.0086,0.0092,0.0103,0.0068,0.0109,0.0054,0.0047,0.0055,0.0067,0.0067,0.0040,0.0004
2026-08-05 09:03:34.543,79.216667,158,13,0.015749,-0.0001,147.88,0,0,0,60.0000,0.272,1.22750,0,0,0,0,0,0.003096,0.000640,0.006209,0.001628,0.006362,0.002536,0.006075,0.003154,0.005510,0.003502,0.004314,0.003556,0.003415,0.003493,0.002412,-147.88,-70.16,136.40,-168.23,61.56,130.58,3.64,69.44,-56.73,5.83,-116.34,-52.88,-172.17,-112.96,126.36,0.0226,0.0099,0.0072,0.0086,0.0092,0.0103,0.0068,0.0109,0.0054,0.0047,0.0055,0.0067,0.0067,0.0040,0.0004
2026-08-05 09:03:34.543,79.233333,158,14,0.016211,-0.0001,142.94,0,0,0,60.0000,0.272,1.22750,0,0,0,0,0,0.003199,0.000902,0.006464,0.002027,0.006577,0.002837,0.006095,0.003555,0.005450,0.003848,0.004135,0.003925,0.003251,0.003762,0.002218,-142.94,-121.85,143.46,178.91,75.89,128.25,23.41,75.81,-32.84,21.26,-87.74,-30.18,-139.96,-81.68,165.06,0.0226,0.0099,0.0072,0.0086,0.0092,0.0103,0.0068,0.0109,0.0054,0.0047,0.0055,0.0067,0.0067,0.0040,0.0004
2026-08-05 09:03:34.543,79.250000,158,15,0.014718,0.0000,134.71,0,0,0,60.0000,0.272,1.22750,0,0,0,0,0,0.002948,0.000520,0.005832,0.001513,0.006085,0.002271,0.005680,0.002821,0.005189,0.003172,0.004139,0.003136,0.003263,0.003123,0.002414,-134.71,-56.35,171.88,-127.28,120.11,-159.91,86.30,162.03,49.26,122.95,13.63,86.65,-19.18,52.76,-56.59,0.0226,0.0099,0.0072,0.0086,0.0092,0.0103,0.0068,0.0109,0.0054,0.0047,0.0055,0.0067,0.0067,0.0040,0.0004
2026-08-05 09:03:34.543,79.266667,158,16,0.014316,0.0004,-39.46,0,0,0,60.0000,0.272,1.22750,0,0,0,0,0,0.002769,0.000536,0.005332,0.001331,0.005695,0.001927,0.005451,0.002502,0.005077,0.002847,0.004232,0.002858,0.003518,0.003138,0.002773,39.46,-37.75,-18.46,-125.73,-77.58,-171.32,-116.68,141.41,-160.32,97.03,156.54,53.30,118.91,9.77,76.75,0.0226,0.0099,0.0072,0.0086,0.0092,0.0103,0.0068,0.0109,0.0054,0.0047,0.0055,0.0067,0.0067,0.0040,0.0004
2026-08-05 09:03:34.543,79.283333,158,17,0.013218,-0.0000,42.07,0,0,0,60.0000,0.272,1.22750,0,0,0,0,0,0.002381,0.000522,0.004850,0.001526,0.005237,0.002038,0.004755,0.002626,0.004391,0.003072,0.003623,0.003125,0.002872,0.003180,0.002214,-42.07,109.85,90.79,-116.33,-133.80,37.01,19.74,-176.96,167.98,-26.97,-43.06,125.52,111.06,-81.94,-99.32,0.0226,0.0099,0.0072,0.0086,0.0092,0.0103,0.0068,0.0109,0.0054,0.0047,0.0055,0.0067,0.0067,0.0040,0.0004
2026-08-05 09:03:34.543,79.300000,158,18,0.016962,0.0000,-158.34,0,0,0,60.0000,0.272,1.22750,0,0,0,0,0,0.003730,0.000717,0.007161,0.001683,0.007255,0.002300,0.006521,0.003128,0.005450,0.003805,0.004197,0.003972,0.003334,0.003828,0.002408,158.34,171.50,-19.24,-22.41,165.26,169.85,5.17,-1.15,-162.44,-165.34,31.23,34.35,-132.65,-125.17,62.19,0.0226,0.0099,0.0072,0.0086,0.0092,0.0103,0.0068,0.0109,0.0054,0.0047,0.0055,0.0067,0.0067,0.0040,0.0004
2026-08-05 09:03:34.543,79.316667,158,19,0.016060,0.0002,-89.69,0,0,0,60.0000,0.272,1.22750,0,0,0,0,0,0.004225,0.002365,0.007430,0.002141,0.007380,0.001529,0.006282,0.000845,0.004949,0.001427,0.003218,0.002245,0.001904,0.003055,0.000971,89.69,113.13,-175.87,-156.32,-86.71,-62.72,14.82,-16.66,110.40,23.80,-153.37,109.03,-58.94,-153.09,9.68,0.0226,0.0099,0.0072,0.0086,0.0092,0.0103,0.0068,0.0109,0.0054,0.0047,0.0055,0.0067,0.0067,0.0040,0.0004
2026-08-05 09:03:34.543,79.333333,158,20,0.014271,-0.0009,-131.07,0,0,0,60.0000,0.272,1.22750,0,0,0,0,0,0.002876,0.001037,0.005806,0.001429,0.005814,0.001998,0.005502,0.002523,0.004754,0.002994,0.003680,0.003179,0.003000,0.003224,0.002139,131.07,-116.63,-151.00,-10.91,-58.43,87.41,51.07,-159.83,156.05,-48.79,-92.20,60.61,18.38,169.39,130.60,0.0226,0.0099,0.0072,0.0086,0.0092,0.0103,0.0068,0.0109,0.0054,0.0047,0.0055,0.0067,0.0067,0.0040,0.0004
2026-08-05 09:03:34.543,79.350000,158,21,0.013131,0.0013,16.65,0,0,0,60.0000,0.272,1.22750,0,0,0,0,0,0.002745,0.000822,0.005372,0.000993,0.005153,0.001600,0.004749,0.002524,0.004232,0.003031,0.003604,0.003047,0.003021,0.002963,0.002233,-16.65,-64.88,128.44,119.80,-72.68,-66.79,108.94,113.73,-74.88,-73.62,103.74,100.07,-80.73,-81.98,95.64,0.0226,0.0099,0.0072,0.0086,0.0092,0.0103,0.0068,0.0109,0.0054,0.0047,0.0055,0.0067,0.0067,0.0040,0.0004
2026-08-05 09:03:34.543,79.366667,158,22,0.013278,-0.0001,49.25,0,0,0,60.0000,0.272,1.22750,0,0,0,0,0,0.002677,0.000572,0.005104,0.001113,0.004978,0.001966,0.005020,0.002596,0.004543,0.002855,0.003698,0.003005,0.003037,0.003065,0.002278,-49.25,-111.10,53.94,32.10,167.29,143.04,-59.84,-90.55,63.88,37.79,-167.93,166.18,-39.45,-63.84,90.75,0.0226,0.0099,0.0072,0.0086,0.0092,0.0103,0.0068,0.0109,0.0054,0.0047,0.0055,0.0067,0.0067,0.0040,0.0004
2026-08-05 09:03:34.543,79.383333,158,23,0.013227,-0.0002,164.61,0,0,0,60.0000,0.272,1.22750,0,0,0,0,0,0.002562,0.000593,0.004944,0.001239,0.004936,0.002117,0.004984,0.002680,0.004327,0.003063,0.003499,0.003178,0.002985,0.003175,0.002121,-164.61,6.72,73.75,-73.67,-38.73,170.96,-134.54,75.23,122.51,-19.93,24.87,-120.21,-73.83,144.20,-173.88,0.0226,0.0099,0.0072,0.0086,0.0092,0.0103,0.0068,0.0109,0.0054,0.0047,0.0055,0.0067,0.0067,0.0040,0.0004
2026-08-05 09:03:34.543,79.400000,158,24,0.013214,-0.0004,-103.40,0,0,0,60.0000,0.272,1.22750,0,0,0,0,0,0.002502,0.000703,0.004911,0.001546,0.005032,0.002143,0.004854,0.002859,0.004280,0.003294,0.003424,0.003224,0.002659,0.003323,0.001931,103.40,-170.63,172.74,-77.89,-116.65,-1.96,-29.23,91.89,55.54,178.60,139.50,-93.94,-134.76,-4.43,-50.66,0.0226,0.0099,0.0072,0.0086,0.0092,0.0103,0.0068,0.0109,0.0054,0.0047,0.0055,0.0067,0.0067,0.0040,0.0004
2026-08-05 09:03:34.543,79.416667,158,25,0.012549,0.0001,112.17,0,0,0,60.0000,0.272,1.22750,0,0,0,0,0,0.002367,0.000532,0.004796,0.001415,0.004953,0.001898,0.004709,0.002684,0.004188,0.003006,0.003288,0.002954,0.002609,0.003015,0.001922,-112.17,135.81,-116.20,144.56,-118.66,147.05,-103.92,167.45,-93.28,179.29,-82.66,-166.56,-67.25,-150.74,-58.67,0.0226,0.0099,0.0072,0.0086,0.0092,0.0103,0.0068,0.0109,0.0054,0.0047,0.0055,0.0067,0.0067,0.0040,0.0004
2026-08-05 09:03:34.543,79.433333,158,26,0.012295,0.0001,92.27,0,0,0,60.0000,0.272,1.22750,0,0,0,0,0,0.002223,0.000552,0.004563,0.001434,0.004682,0.001941,0.004442,0.002651,0.004056,0.003113,0.003114,0.003113,0.002462,0.003051,0.001846,-92.27,171.57,-48.80,-129.82,-6.12,-81.15,53.65,-16.26,110.33,41.46,166.48,101.11,-131.80,162.55,-78.10,0.0226,0.0099,0.0072,0.0086,0.0092,0.0103,0.0068,0.0109,0.0054,0.0047,0.0055,0.0067,0.0067,0.0040,0.0004
2026-08-05 09:03:34.543,79.450000,158,27,0.012596,-0.0001,115.57,0,0,0,60.0000,0.272,1.22750,0,0,0,0,0,0.002341,0.000677,0.004606,0.001531,0.004789,0.002113,0.004503,0.002845,0.003983,0.003240,0.003120,0.003230,0.002419,0.003285,0.001752,-115.57,115.96,-121.59,125.81,-128.88,125.81,-116.69,144.74,-108.99,154.29,-101.53,164.94,-89.90,177.20,-81.22,0.0226,0.0099,0.0072,0.0086,0.0092,0.0103,0.0068,0.0109,0.0054,0.0047,0.0055,0.0067,0.0067,0.0040,0.0004
2026-08-05 09:03:34.543,79.466667,158,28,0.012169,-0.0002,157.59,0,0,0,60.0000,0.272,1.22750,0,0,0,0,0,0.002281,0.000495,0.004473,0.001333,0.004676,0.001871,0.004351,0.002605,0.003925,0.002930,0.003154,0.003018,0.002498,0.003061,0.001880,-157.59,46.47,113.26,-28.27,21.75,-116.29,-49.55,176.59,-125.54,101.41,158.75,29.07,87.28,-42.70,10.49,0.0226,0.0099,0.0072,0.0086,0.0092,0.0103,0.0068,0.0109,0.0054,0.0047,0.0055,0.0067,0.0067,0.0040,0.0004
2026-08-05 09:03:34.543,79.483333,158,29,0.012922,-0.0001,-99.06,0,0,0,60.0000,0.272,1.22750,0,0,0,0,0,0.002394,0.000768,0.004741,0.001651,0.004935,0.002263,0.004639,0.002994,0.004077,0.003353,0.003182,0.003326,0.002469,0.003334,0.001742,99.06,177.94,161.71,-100.34,-135.91,-30.34,-55.00,57.81,21.85,136.84,97.71,-143.40,179.13,-61.63,-104.99,0.0226,0.0099,0.0072,0.0086,0.0092,0.0103,0.0068,0.0109,0.0054,0.0047,0.0055,0.0067,0.0067,0.0040,0.0004
2026-08-05 09:03:35.058,79.500000,159,0,0.014552,0.0004,122.35,0,0,0,60.0000,0.265,2.03844,0,0,0,0,0,0.003186,0.000826,0.005939,0.001425,0.005723,0.002011,0.005084,0.003063,0.004106,0.003725,0.002981,0.003975,0.002339,0.004055,0.001984,-122.35,148.69,-127.85,130.80,-135.68,112.42,-128.99,119.20,-128.99,123.28,-131.94,133.08,-134.83,142.39,-142.10,0.0100,0.0037,0.0049,0.0046,0.0108,0.0061,0.0051,0.0020,0.0024,0.0046,0.0087,0.0066,0.0010,0.0044,0.0014
2026-08-05 09:03:35.058,79.516667,159,1,0.018218,-0.0001,-146.00,0,0,0,60.0000,0.265,2.03844,0,0,0,0,0,0.004950,0.002645,0.008441,0.002356,0.008155,0.001148,0.006876,0.001044,0.005040,0.002103,0.002906,0.003102,0.001222,0.003958,0.000407,146.00,45.54,-2.49,-105.75,-158.22,93.28,58.26,-127.12,-88.19,47.06,122.73,-106.04,-29.05,105.67,88.27,0.0100,0.0037,0.0049,0.0046,0.0108,0.0061,0.0051,0.0020,0.0024,0.0046,0.0087,0.0066,0.0010,0.0044,0.0014
2026-08-05 09:03:35.058,79.533333,159,2,0.015652,0.0001,-160.42,0,0,0,60.0000,0.265,2.03844,0,0,0,0,0,0.003332,0.001585,0.006599,0.001870,0.006420,0.002560,0.006105,0.002722,0.005057,0.003245,0.003787,0.003491,0.002984,0.003503,0.002113,160.42,88.28,-71.20,-121.06,73.22,51.90,-126.67,-141.37,31.11,26.94,-165.64,-170.86,-1.69,-7.66,161.88,0.0100,0.0037,0.0049,0.0046,0.0108,0.0061,0.0051,0.0020,0.0024,0.0046,0.0087,0.0066,0.0010,0.0044,0.0014
2026-08-05 09:03:35.058,79.550000,159,3,0.017818,0.0004,26.26,0,0,0,60.0000,0.265,2.03844,0,0,0,0,0,0.003935,0.001464,0.007544,0.002349,0.007155,0.003536,0.006752,0.004079,0.005594,0.004666,0.004282,0.004357,0.003091,0.003974,0.001817,-26.26,80.12,118.59,-104.88,-84.51,75.38,86.86,-109.76,-104.51,61.13,66.49,-129.34,-124.76,44.35,39.54,0.0100,0.0037,0.0049,0.0046,0.0108,0.0061,0.0051,0.0020,0.0024,0.0046,0.0087,0.0066,0.0010,0.0044,0.0014
2026-08-05 09:03:35.058,79.566667,159,4,0.016293,-0.0005,148.92,0,0,0,60.0000,0.265,2.03844,0,0,0,0,0,0.003559,0.001327,0.006593,0.001908,0.006052,0.003456,0.006096,0.003859,0.005266,0.004148,0.003917,0.004051,0.002768,0.003987,0.001814,-148.92,-169.95,108.07,126.20,20.73,61.03,-52.72,-16.71,-132.14,-91.05,151.10,-164.25,75.99,123.32,-0.97,0.0100,0.0037,0.0049,0.0046,0.0108,0.0061,0.0051,0.0020,0.0024,0.0046,0.0087,0.0066,0.0010,0.0044,0.0014
2026-08-05 09:03:35.058,79.583333,159,5,0.013100,-0.0002,63.68,0,0,0,60.0000,0.265,2.03844,0,0,0,0,0,0.002691,0.000654,0.004993,0.001324,0.004791,0.002536,0.005007,0.002584,0.004194,0.003122,0.003380,0.003273,0.002763,0.003128,0.001829,-63.68,22.79,12.40,135.17,101.06,-125.21,-157.75,-27.03,-60.71,77.20,43.00,175.12,143.47,-81.95,-116.15,0.0100,0.0037,0.0049,0.0046,0.0108,0.0061,0.0051,0.0020,0.0024,0.0046,0.0087,0.0066,0.0010,0.0044,0.0014
2026-08-05 09:03:35.058,79.600000,159,6,0.013123,-0.0002,164.24,0,0,0,60.0000,0.265,2.03844,0,0,0,0,0,0.002418,0.000470,0.004854,0.001228,0.005048,0.002006,0.004932,0.002349,0.004510,0.002814,0.003793,0.002866,0.003071,0.003041,0.002428,-164.24,-121.47,88.27,119.65,-18.92,29.14,-109.73,-59.13,159.78,-156.63,67.23,114.21,-21.47,24.08,-110.51,0.0100,0.0037,0.0049,0.0046,0.0108,0.0061,0.0051,0.0020,0.0024,0.0046,0.0087,0.0066,0.0010,0.0044,0.0014
2026-08-05 09:03:35.058,79.616667,159,7,0.012905,0.0005,-49.73,0,0,0,60.0000,0.265,2.03844,0,0,0,0,0,0.002409,0.000552,0.004871,0.001271,0.005039,0.002031,0.004850,0.002494,0.004489,0.002774,0.003609,0.002929,0.002902,0.002947,0.002225,49.73,-52.50,10.40,-108.73,-29.94,-128.64,-52.14,-150.47,-75.95,-177.82,-101.91,159.41,-120.45,136.41,-144.10,0.0100,0.0037,0.0049,0.0046,0.0108,0.0061,0.0051,0.0020,0.0024,0.0046,0.0087,0.0066,0.0010,0.0044,0.0014
2026-08-05 09:03:35.058,79.633333,159,8,0.014020,0.0001,115.35,0,0,0,60.0000,0.265,2.03844,0,0,0,0,0,0.002568,0.000538,0.005243,0.001440,0.005432,0.002194,0.005213,0.002693,0.004854,0.003034,0.003898,0.003200,0.003238,0.003316,0.002466,-115.35,-0.37,-122.85,-33.51,-131.36,-27.90,-121.44,-19.46,-114.35,-17.40,-106.37,-7.93,-97.06,1.18,-88.02,0.0100,0.0037,0.0049,0.0046,0.0108,0.0061,0.0051,0.0020,0.0024,0.0046,0.0087,0.0066,0.0010,0.0044,0.0014
2026-08-05 09:03:35.058,79.650000,159,9,0.012110,-0.0004,179.76,0,0,0,60.0000,0.265,2.03844,0,0,0,0,0,0.002262,0.000455,0.004384,0.001286,0.004747,0.001820,0.004323,0.002371,0.004100,0.002705,0.003364,0.002754,0.002650,0.002957,0.002121,-179.76,-141.86,45.60,64.28,-91.77,-51.73,150.27,-173.76,30.22,63.04,-90.53,-56.74,152.36,-174.52,32.64,0.0100,0.0037,0.0049,0.0046,0.0108,0.0061,0.0051,0.0020,0.0024,0.0046,0.0087,0.0066,0.0010,0.0044,0.0014
2026-08-05 09:03:35.058,79.666667,159,10,0.012316,-0.0002,160.54,0,0,0,60.0000,0.265,2.03844,0,0,0,0,0,0.002307,0.000352,0.004408,0.001327,0.004802,0.001755,0.004430,0.002292,0.004152,0.002741,0.003522,0.002777,0.002819,0.002903,0.002255,-160.54,-121.36,96.36,129.26,-6.98,46.70,-89.90,-41.87,-177.66,-131.59,95.42,144.68,14.67,58.11,-71.24,0.0100,0.0037,0.0049,0.0046,0.0108,0.0061,0.0051,0.0020,0.0024,0.0046,0.0087,0.0066,0.0010,0.0044,0.0014
2026-08-05 09:03:35.058,79.683333,159,11,0.013837,-0.0003,70.82,0,0,0,60.0000,0.265,2.03844,0,0,0,0,0,0.002723,0.000667,0.005125,0.001770,0.005641,0.002152,0.005118,0.002820,0.004641,0.003211,0.003692,0.003358,0.002977,0.003239,0.002164,-70.82,18.08,4.66,112.95,82.94,-145.42,179.32,-55.68,-90.31,39.32,3.15,134.00,98.75,-130.73,-166.86,0.0100,0.0037,0.0049,0.0046,0.0108,0.0061,0.0051,0.0020,0.0024,0.0046,0.0087,0.0066,0.0010,0.0044,0.0014
2026-08-05 09:03:35.058,79.700000,159,12,0.013879,0.0002,-12.38,0,0,0,60.0000,0.265,2.03844,0,0,0,0,0,0.002987,0.000723,0.005614,0.001076,0.005791,0.001373,0.005191,0.001909,0.004484,0.002570,0.003573,0.002931,0.002976,0.003160,0.002515,12.38,-80.46,-81.42,154.70,-177.71,59.32,102.47,-45.65,13.34,-134.40,-74.46,144.81,-159.93,64.06,112.32,0.0100,0.0037,0.0049,0.0046,0.0108,0.0061,0.0051,0.0020,0.0024,0.0046,0.0087,0.0066,0.0010,0.0044,0.0014
2026-08-05 09:03:35.058,79.716667,159,13,0.016154,-0.0003,-143.09,0,0,0,60.0000,0.265,2.03844,0,0,0,0,0,0.004333,0.002299,0.007070,0.001740,0.006851,0.000987,0.005574,0.000566,0.003936,0.002030,0.002135,0.003198,0.000835,0.004013,0.000576,143.09,-134.90,-8.53,73.73,-167.41,-66.13,47.67,-30.70,-104.35,-175.46,103.58,37.23,-56.73,-110.52,40.38,0.0100,0.0037,0.0049,0.0046,0.0108,0.0061,0.0051,0.0020,0.0024,0.0046,0.0087,0.0066,0.0010,0.0044,0.0014
2026-08-05 09:03:35.058,79.733333,159,14,0.013346,-0.0001,148.31,0,0,0,60.0000,0.265,2.03844,0,0,0,0,0,0.002880,0.001295,0.005532,0.001210,0.005472,0.001476,0.005221,0.001935,0.004373,0.002415,0.003367,0.002758,0.002813,0.002924,0.002098,-148.31,17.45,70.05,-91.05,-55.37,155.46,-160.73,62.54,89.10,-34.98,-13.28,-141.38,-114.38,114.35,142.56,0.0100,0.0037,0.0049,0.0046,0.0108,0.0061,0.0051,0.0020,0.0024,0.0046,0.0087,0.0066,0.0010,0.0044,0.0014
2026-08-05 09:03:35.058,79.750000,159,15,0.012727,-0.0000,-0.69,0,0,0,60.0000,0.265,2.03844,0,0,0,0,0,0.002562,0.000587,0.004990,0.000952,0.004878,0.001572,0.004671,0.002420,0.004211,0.002864,0.003570,0.002942,0.003084,0.002863,0.002217,0.69,-10.45,-166.40,-134.70,37.13,70.40,-97.25,-69.79,121.65,147.66,-16.19,4.32,-156.13,-133.69,62.49,0.0100,0.0037,0.0049,0.0046,0.0108,0.0061,0.0051,0.0020,0.0024,0.0046,0.0087,0.0066,0.0010,0.0044,0.0014
2026-08-05 09:03:35.058,79.766667,159,16,0.012405,-0.0005,94.53,0,0,0,60.0000,0.265,2.03844,0,0,0,0,0,0.002477,0.000478,0.004779,0.001056,0.004632,0.001819,0.004686,0.002467,0.004215,0.002771,0.003321,0.002855,0.002732,0.002924,0.002083,-94.53,154.94,-77.79,-140.48,-52.68,-118.58,-8.42,-81.20,27.21,-39.75,66.94,0.63,108.56,42.58,146.70,0.0100,0.0037,0.0049,0.0046,0.0108,0.0061,0.0051,0.0020,0.0024,0.0046,0.0087,0.0066,0.0010,0.0044,0.0014
2026-08-05 09:03:35.058,79.783333,159,17,0.012562,-0.0004,-154.99,0,0,0,60.0000,0.265,2.03844,0,0,0,0,0,0.002402,0.000474,0.004688,0.001291,0.004729,0.002038,0.004727,0.002625,0.004001,0.003042,0.003297,0.003133,0.002698,0.003097,0.001804,154.99,-37.37,-39.93,150.13,130.15,-44.86,-42.34,140.84,138.24,-31.07,-36.14,149.53,147.02,-21.90,-28.54,0.0100,0.0037,0.0049,0.0046,0.0108,0.0061,0.0051,0.0020,0.0024,0.0046,0.0087,0.0066,0.0010,0.0044,0.0014
2026-08-05 09:03:35.058,79.800000,159,18,0.015631,0.0003,54.25,0,0,0,60.0000,0.265,2.03844,0,0,0,0,0,0.003041,0.000704,0.006191,0.001680,0.006442,0.002393,0.006073,0.003296,0.005342,0.003583,0.004248,0.003557,0.003263,0.003507,0.002356,-54.25,-88.15,55.06,24.41,166.56,138.58,-64.85,-93.10,60.38,32.08,-174.33,159.60,-45.65,-72.68,80.94,0.0100,0.0037,0.0049,0.0046,0.0108,0.0061,0.0051,0.0020,0.0024,0.0046,0.0087,0.0066,0.0010,0.0044,0.0014
2026-08-05 09:03:35.058,79.816667,159,19,0.016631,-0.0007,151.98,0,0,0,60.0000,0.265,2.03844,0,0,0,0,0,0.003352,0.000689,0.006807,0.001845,0.007009,0.002506,0.006571,0.003463,0.005712,0.003677,0.004518,0.003627,0.003483,0.003501,0.002488,-151.98,86.03,121.53,-3.67,38.56,-84.74,-28.75,-151.88,-98.47,137.30,-168.62,69.30,125.36,0.47,57.30,0.0100,0.0037,0.0049,0.0046,0.0108,0.0061,0.0051,0.0020,0.0024,0.0046,0.0087,0.0066,0.0010,0.0044,0.0014
2026-08-05 09:03:35.058,79.833333,159,20,0.016916,-0.0002,76.22,0,0,0,60.0000,0.265,2.03844,0,0,0,0,0,0.003372,0.001233,0.006829,0.002484,0.006907,0.003321,0.006341,0.004225,0.005352,0.004438,0.003865,0.004308,0.002718,0.004038,0.001713,-76.22,-178.02,-11.13,-93.76,57.20,-12.34,140.27,75.92,-139.15,159.71,-57.98,-113.56,22.69,-30.58,97.89,0.0100,0.0037,0.0049,0.0046,0.0108,0.0061,0.0051,0.0020,0.0024,0.0046,0.0087,0.0066,0.0010,0.0044,0.0014
2026-08-05 09:03:35.058,79.850000,159,21,0.015015,-0.0004,113.11,0,0,0,60.0000,0.265,2.03844,0,0,0,0,0,0.003009,0.000674,0.005982,0.001660,0.006184,0.002257,0.005829,0.003187,0.005111,0.003409,0.004084,0.003395,0.003117,0.003364,0.002225,-113.11,142.00,-123.94,140.79,-131.92,136.15,-121.74,147.74,-116.00,153.87,-109.98,163.03,-100.26,171.03,-94.48,0.0100,0.0037,0.0049,0.0046,0.0108,0.0061,0.0051,0.0020,0.0024,0.0046,0.0087,0.0066,0.0010,0.0044,0.0014
2026-08-05 09:03:35.058,79.866667,159,22,0.014691,-0.0002,-179.32,0,0,0,60.0000,0.265,2.03844,0,0,0,0,0,0.002806,0.000585,0.005624,0.001521,0.005911,0.002134,0.005540,0.003018,0.004945,0.003366,0.004062,0.003366,0.003209,0.003420,0.002416,179.32,13.57,38.10,-119.25,-101.70,103.90,136.47,-15.99,10.47,-141.58,-115.54,95.63,121.98,-27.91,-4.91,0.0100,0.0037,0.0049,0.0046,0.0108,0.0061,0.0051,0.0020,0.0024,0.0046,0.0087,0.0066,0.0010,0.0044,0.0014
2026-08-05 09:03:35.058,79.883333,159,23,0.014296,0.0002,-61.80,0,0,0,60.0000,0.265,2.03844,0,0,0,0,0,0.002739,0.000603,0.005518,0.001542,0.005783,0.002052,0.005448,0.002946,0.004802,0.003255,0.003939,0.003294,0.003066,0.003305,0.002242,61.80,160.47,44.34,137.25,29.74,122.45,31.32,125.52,29.69,121.73,29.29,123.24,31.23,124.07,31.15,0.0100,0.0037,0.0049,0.0046,0.0108,0.0061,0.0051,0.0020,0.0024,0.0046,0.0087,0.0066,0.0010,0.0044,0.0014
2026-08-05 09:03:35.058,79.900000,159,24,0.016837,-0.0001,172.51,0,0,0,60.0000,0.265,2.03844,0,0,0,0,0,0.003914,0.001140,0.007229,0.001259,0.006915,0.001699,0.005968,0.002885,0.004524,0.003790,0.002953,0.004337,0.002043,0.004777,0.001688,-172.51,76.57,94.91,-42.27,-0.33,-165.17,-82.56,105.11,-171.79,14.81,94.41,-67.04,-4.50,-147.75,-116.53,0.0100,0.0037,0.0049,0.0046,0.0108,0.0061,0.0051,0.0020,0.0024,0.0046,0.0087,0.0066,0.0010,0.0044,0.0014
2026-08-05 09:03:35.058,79.916667,159,25,0.019469,0.0000,-174.55,0,0,0,60.0000,0.265,2.03844,0,0,0,0,0,0.004883,0.001568,0.008893,0.000889,0.008357,0.000656,0.007001,0.001957,0.004955,0.003286,0.002615,0.004142,0.001066,0.004786,0.001210,174.55,77.32,62.32,-44.42,-51.17,82.56,-152.22,-25.08,104.96,-136.80,11.28,117.12,-55.23,11.84,-80.89,0.0100,0.0037,0.0049,0.0046,0.0108,0.0061,0.0051,0.0020,0.0024,0.0046,0.0087,0.0066,0.0010,0.0044,0.0014
2026-08-05 09:03:35.058,79.933333,159,26,0.015094,0.0005,58.62,0,0,0,60.0000,0.265,2.03844,0,0,0,0,0,0.003274,0.001840,0.006328,0.001936,0.006075,0.002357,0.005770,0.002409,0.004784,0.002943,0.003679,0.003292,0.002948,0.003444,0.002266,-58.62,-2.62,-17.55,56.90,42.27,147.68,117.92,-126.31,-166.88,-39.80,-86.15,38.47,-3.06,117.01,78.57,0.0100,0.0037,0.0049,0.0046,0.0108,0.0061,0.0051,0.0020,0.0024,0.0046,0.0087,0.0066,0.0010,0.0044,0.0014
2026-08-05 09:03:35.058,79.950000,159,27,0.014585,0.0005,-167.62,0,0,0,60.0000,0.265,2.03844,0,0,0,0,0,0.003103,0.000809,0.006095,0.000989,0.005631,0.002202,0.005470,0.002652,0.005003,0.003155,0.004229,0.003069,0.003513,0.002906,0.002528,167.62,132.88,-34.70,-29.31,138.06,160.52,-30.04,-13.83,159.15,167.57,-11.97,-9.38,175.44,-175.94,3.87,0.0100,0.0037,0.0049,0.0046,0.0108,0.0061,0.0051,0.0020,0.0024,0.0046,0.0087,0.0066,0.0010,0.0044,0.0014
2026-08-05 09:03:35.058,79.966667,159,28,0.012124,-0.0001,-31.45,0,0,0,60.0000,0.265,2.03844,0,0,0,0,0,0.002461,0.000617,0.004536,0.000944,0.004255,0.002122,0.004524,0.002259,0.004078,0.002672,0.003315,0.002855,0.002709,0.002918,0.002078,31.45,-154.58,-65.94,148.74,-151.52,84.04,140.67,6.90,65.36,-61.99,-6.72,-134.47,-75.76,156.01,-145.25,0.0100,0.0037,0.0049,0.0046,0.0108,0.0061,0.0051,0.0020,0.0024,0.0046,0.0087,0.0066,0.0010,0.0044,0.0014
2026-08-05 09:03:35.058,79.983333,159,29,0.012731,-0.0001,127.96,0,0,0,60.0000,0.265,2.03844,0,0,0,0,0,0.002541,0.000709,0.004808,0.001342,0.004765,0.002338,0.004852,0.002478,0.004187,0.002962,0.003444,0.003035,0.002765,0.002959,0.001945,-127.96,-107.65,-166.38,-118.27,160.85,-133.00,141.80,-149.93,119.77,-166.08,101.55,172.06,80.98,157.16,62.66,0.0100,0.0037,0.0049,0.0046,0.0108,0.0061,0.0051,0.0020,0.0024,0.0046,0.0087,0.0066,0.0010,0.0044,0.0014
2026-08-05 09:03:35.617,80.000000,160,0,0.021078,-0.0011,-156.75,0,0,0,60.0000,0.263,1.01696,0,0,0,0,0,0.004536,0.001039,0.009431,0.002510,0.009244,0.003865,0.008530,0.004679,0.007156,0.004804,0.005166,0.004393,0.003511,0.003882,0.002112,156.75,145.00,-40.88,-47.90,129.38,130.46,-48.64,-45.50,132.57,135.20,-43.54,-41.44,140.21,142.20,-37.41,0.0165,0.0063,0.0028,0.0022,0.0078,0.0056,0.0023,0.0081,0.0008,0.0044,0.0031,0.0033,0.0019,0.0042,0.0026
2026-08-05 09:03:35.617,80.016667,160,1,0.016375,0.0002,40.42,0,0,0,60.0000,0.263,1.01696,0,0,0,0,0,0.003422,0.000577,0.006637,0.001680,0.006808,0.002610,0.006407,0.003148,0.005770,0.003540,0.004570,0.003497,0.003482,0.003410,0.002465,-40.42,139.24,96.28,-104.18,-124.39,47.10,29.99,-159.24,-176.76,-9.60,-23.58,144.23,133.21,-62.34,-73.85,0.0165,0.0063,0.0028,0.0022,0.0078,0.0056,0.0023,0.0081,0.0008,0.0044,0.0031,0.0033,0.0019,0.0042,0.0026
2026-08-05 09:03:35.617,80.033333,160,2,0.015687,-0.0001,39.89,0,0,0,60.0000,0.263,1.01696,0,0,0,0,0,0.003232,0.000684,0.006218,0.001948,0.006435,0.002674,0.005848,0.003392,0.005300,0.003679,0.004036,0.003776,0.003093,0.003664,0.002173,-39.89,96.34,97.26,-124.26,-123.75,34.55,32.24,-169.66,-175.42,-16.28,-21.44,138.49,134.05,-63.97,-72.88,0.0165,0.0063,0.0028,0.0022,0.0078,0.0056,0.0023,0.0081,0.0008,0.0044,0.0031,0.0033,0.0019,0.0042,0.0026
2026-08-05 09:03:35.617,80.050000,160,3,0.014435,0.0004,41.14,0,0,0,60.0000,0.263,1.01696,0,0,0,0,0,0.002833,0.000612,0.005471,0.001735,0.005776,0.002341,0.005418,0.002879,0.005005,0.003184,0.003998,0.003255,0.003126,0.003320,0.002405,-41.14,81.85,99.50,-128.16,-120.54,38.34,37.96,-165.29,-167.81,-8.14,-11.66,149.10,146.62,-52.42,-59.47,0.0165,0.0063,0.0028,0.0022,0.0078,0.0056,0.0023,0.0081,0.0008,0.0044,0.0031,0.0033,0.0019,0.0042,0.0026
2026-08-05 09:03:35.617,80.066667,160,4,0.015828,0.0003,102.95,0,0,0,60.0000,0.263,1.01696,0,0,0,0,0,0.003149,0.001370,0.006341,0.002037,0.006747,0.002450,0.006325,0.002697,0.005788,0.002803,0.004741,0.002686,0.003783,0.002701,0.002872,-102.95,64.05,-92.70,54.71,-79.15,71.30,-48.45,86.97,-22.52,106.97,6.15,132.02,39.46,155.02,70.31,0.0165,0.0063,0.0028,0.0022,0.0078,0.0056,0.0023,0.0081,0.0008,0.0044,0.0031,0.0033,0.0019,0.0042,0.0026
2026-08-05 09:03:35.617,80.083333,160,5,0.012462,-0.0002,-140.90,0,0,0,60.0000,0.263,1.01696,0,0,0,0,0,0.002318,0.000451,0.004483,0.001300,0.004972,0.001777,0.004568,0.002277,0.004262,0.002694,0.003600,0.002767,0.002880,0.002870,0.002287,140.90,156.68,-71.52,-75.61,75.46,88.74,-117.90,-119.10,41.84,41.34,-156.83,-155.41,9.47,8.28,175.42,0.0165,0.0063,0.0028,0.0022,0.0078,0.0056,0.0023,0.0081,0.0008,0.0044,0.0031,0.0033,0.0019,0.0042,0.0026
2026-08-05 09:03:35.617,80.100000,160,6,0.013484,-0.0002,40.19,0,0,0,60.0000,0.263,1.01696,0,0,0,0,0,0.003243,0.001637,0.005755,0.001330,0.005579,0.000906,0.004491,0.001196,0.003355,0.002323,0.002256,0.003074,0.001706,0.003721,0.001849,-40.19,-152.01,145.13,22.52,-35.74,-168.65,157.47,-48.65,-20.65,127.88,153.59,-42.60,-36.15,151.59,134.01,0.0165,0.0063,0.0028,0.0022,0.0078,0.0056,0.0023,0.0081,0.0008,0.0044,0.0031,0.0033,0.0019,0.0042,0.0026
2026-08-05 09:03:35.617,80.116667,160,7,0.015478,-0.0003,-2.51,0,0,0,60.0000,0.263,1.01696,0,0,0,0,0,0.003600,0.001797,0.006470,0.001401,0.006040,0.000868,0.004801,0.001443,0.003181,0.002726,0.001404,0.003779,0.000399,0.004496,0.000869,2.51,-56.48,-95.99,-140.04,162.66,168.79,76.86,160.05,-14.94,88.48,-97.04,4.85,-126.08,-82.06,-136.73,0.0165,0.0063,0.0028,0.0022,0.0078,0.0056,0.0023,0.0081,0.0008,0.0044,0.0031,0.0033,0.0019,0.0042,0.0026
2026-08-05 09:03:35.617,80.133333,160,8,0.016045,-0.0005,178.74,0,0,0,60.0000,0.263,1.01696,0,0,0,0,0,0.003552,0.001402,0.006836,0.001587,0.006704,0.002333,0.006159,0.002959,0.005003,0.003490,0.003871,0.003829,0.003105,0.003740,0.002200,-178.74,-36.65,-5.97,166.60,-177.11,10.59,29.37,-136.12,-128.44,72.66,82.25,-82.99,-69.50,121.08,140.46,0.0165,0.0063,0.0028,0.0022,0.0078,0.0056,0.0023,0.0081,0.0008,0.0044,0.0031,0.0033,0.0019,0.0042,0.0026
2026-08-05 09:03:35.617,80.150000,160,9,0.012913,-0.0001,106.62,0,0,0,60.0000,0.263,1.01696,0,0,0,0,0,0.002663,0.000670,0.005227,0.000903,0.004860,0.001703,0.004683,0.002497,0.004300,0.002927,0.003674,0.002835,0.003123,0.002766,0.002192,-106.62,121.14,-139.07,147.44,-156.00,132.79,-150.30,127.69,-152.13,123.69,-152.52,119.49,-155.10,123.45,-156.20,0.0165,0.0063,0.0028,0.0022,0.0078,0.0056,0.0023,0.0081,0.0008,0.0044,0.0031,0.0033,0.0019,0.0042,0.0026
2026-08-05 09:03:35.617,80.166667,160,10,0.012938,-0.0005,-157.25,0,0,0,60.0000,0.263,1.01696,0,0,0,0,0,0.002565,0.000419,0.004900,0.001177,0.004828,0.001934,0.004882,0.002517,0.004313,0.002830,0.003489,0.002999,0.002949,0.003119,0.002177,157.25,-35.23,-43.28,153.23,126.25,-45.73,-46.92,136.28,131.95,-38.34,-44.92,142.86,139.22,-32.85,-36.83,0.0165,0.0063,0.0028,0.0022,0.0078,0.0056,0.0023,0.0081,0.0008,0.0044,0.0031,0.0033,0.0019,0.0042,0.0026
2026-08-05 09:03:35.617,80.183333,160,11,0.012782,0.0002,67.75,0,0,0,60.0000,0.263,1.01696,0,0,0,0,0,0.002420,0.000486,0.004754,0.001376,0.004826,0.002006,0.004796,0.002627,0.004050,0.003064,0.003397,0.003090,0.002763,0.003169,0.001940,-67.75,-108.65,11.27,-21.40,96.00,56.45,-163.25,158.20,-67.06,-102.77,32.90,-6.80,131.31,96.55,-127.47,0.0165,0.0063,0.0028,0.0022,0.0078,0.0056,0.0023,0.0081,0.0008,0.0044,0.0031,0.0033,0.0019,0.0042,0.0026
2026-08-05 09:03:35.617,80.200000,160,12,0.015590,0.0004,127.44,0,0,0,60.0000,0.263,1.01696,0,0,0,0,0,0.003017,0.000639,0.006092,0.001685,0.006256,0.002373,0.005930,0.003280,0.005285,0.003593,0.004229,0.003642,0.003252,0.003611,0.002366,-127.44,119.62,-165.73,88.03,159.79,56.41,141.94,39.37,120.31,17.84,98.83,0.01,80.23,-19.39,60.40,0.0165,0.0063,0.0028,0.0022,0.0078,0.0056,0.0023,0.0081,0.0008,0.0044,0.0031,0.0033,0.0019,0.0042,0.0026
2026-08-05 09:03:35.617,80.216667,160,13,0.016462,0.0006,-106.85,0,0,0,60.0000,0.263,1.01696,0,0,0,0,0,0.003329,0.000749,0.006696,0.001957,0.006779,0.002792,0.006363,0.003744,0.005421,0.003927,0.004102,0.003898,0.003122,0.003804,0.002076,106.85,-142.72,178.87,-61.80,-106.14,21.17,-15.14,115.43,72.82,-156.24,160.66,-64.95,-110.24,25.20,-24.37,0.0165,0.0063,0.0028,0.0022,0.0078,0.0056,0.0023,0.0081,0.0008,0.0044,0.0031,0.0033,0.0019,0.0042,0.0026
2026-08-05 09:03:35.617,80.233333,160,14,0.015546,-0.0000,-37.71,0,0,0,60.0000,0.263,1.01696,0,0,0,0,0,0.003132,0.000694,0.006130,0.001755,0.006370,0.002303,0.006010,0.003212,0.005305,0.003505,0.004256,0.003487,0.003289,0.003439,0.002399,37.71,117.02,-29.56,42.92,-94.09,-23.44,-141.61,-71.48,167.19,-124.03,115.90,-171.72,66.85,137.70,17.59,0.0165,0.0063,0.0028,0.0022,0.0078,0.0056,0.0023,0.0081,0.0008,0.0044,0.0031,0.0033,0.0019,0.0042,0.0026
2026-08-05 09:03:35.617,80.250000,160,15,0.015990,-0.0003,148.42,0,0,0,60.0000,0.263,1.01696,0,0,0,0,0,0.003153,0.000654,0.006351,0.001713,0.006576,0.002311,0.006278,0.003271,0.005513,0.003554,0.004392,0.003580,0.003406,0.003516,0.002456,-148.42,91.49,129.99,8.26,52.35,-69.09,-9.13,-130.09,-73.77,164.51,-137.90,102.97,161.08,39.55,99.63,0.0165,0.0063,0.0028,0.0022,0.0078,0.0056,0.0023,0.0081,0.0008,0.0044,0.0031,0.0033,0.0019,0.0042,0.0026
2026-08-05 09:03:35.617,80.266667,160,16,0.015083,0.0006,87.38,0,0,0,60.0000,0.263,1.01696,0,0,0,0,0,0.002996,0.000692,0.005974,0.001657,0.006251,0.002111,0.005928,0.002998,0.005209,0.003227,0.004259,0.003230,0.003295,0.003127,0.002488,-87.38,-111.39,-43.16,-85.80,4.44,-42.03,67.36,18.32,127.99,76.82,-171.75,139.60,-109.44,-160.28,-46.30,0.0165,0.0063,0.0028,0.0022,0.0078,0.0056,0.0023,0.0081,0.0008,0.0044,0.0031,0.0033,0.0019,0.0042,0.0026
2026-08-05 09:03:35.617,80.283333,160,17,0.012949,-0.0004,100.64,0,0,0,60.0000,0.263,1.01696,0,0,0,0,0,0.002394,0.000508,0.004809,0.001408,0.005013,0.001977,0.004720,0.002793,0.004226,0.003112,0.003411,0.003112,0.002724,0.003255,0.001983,-100.64,167.10,-79.99,-164.55,-58.49,-139.46,-18.16,-95.44,17.18,-59.57,52.76,-20.51,91.65,19.49,128.90,0.0165,0.0063,0.0028,0.0022,0.0078,0.0056,0.0023,0.0081,0.0008,0.0044,0.0031,0.0033,0.0019,0.0042,0.0026
2026-08-05 09:03:35.617,80.300000,160,18,0.015714,-0.0001,-117.67,0,0,0,60.0000,0.263,1.01696,0,0,0,0,0,0.004135,0.001647,0.006959,0.001170,0.006530,0.000432,0.005521,0.001605,0.003892,0.002715,0.002132,0.003494,0.001131,0.004285,0.001205,117.67,-19.27,-89.67,124.20,56.70,-167.60,-145.18,-39.45,7.32,106.81,151.95,-97.25,-83.04,62.59,18.72,0.0165,0.0063,0.0028,0.0022,0.0078,0.0056,0.0023,0.0081,0.0008,0.0044,0.0031,0.0033,0.0019,0.0042,0.0026
2026-08-05 09:03:35.617,80.316667,160,19,0.017585,0.0002,46.53,0,0,0,60.0000,0.263,1.01696,0,0,0,0,0,0.003900,0.000461,0.007720,0.000505,0.007327,0.001105,0.006311,0.002091,0.004600,0.003009,0.002928,0.003546,0.002266,0.004085,0.002397,-46.53,-27.85,83.58,40.88,-141.35,117.93,9.42,-95.51,161.32,36.05,-34.06,175.88,145.42,-42.28,-35.10,0.0165,0.0063,0.0028,0.0022,0.0078,0.0056,0.0023,0.0081,0.0008,0.0044,0.0031,0.0033,0.0019,0.0042,0.0026
2026-08-05 09:03:35.617,80.333333,160,20,0.012770,-0.0002,135.44,0,0,0,60.0000,0.263,1.01696,0,0,0,0,0,0.002764,0.001117,0.005247,0.001059,0.004976,0.001689,0.004710,0.001954,0.003965,0.002642,0.003173,0.002957,0.002677,0.003137,0.002218,-135.44,-135.19,120.10,138.93,29.51,90.41,-41.54,26.65,-113.86,-43.99,179.98,-118.74,112.49,170.06,43.15,0.0165,0.0063,0.0028,0.0022,0.0078,0.0056,0.0023,0.0081,0.0008,0.0044,0.0031,0.0033,0.0019,0.0042,0.0026
2026-08-05 09:03:35.617,80.350000,160,21,0.013154,-0.0003,158.74,0,0,0,60.0000,0.263,1.01696,0,0,0,0,0,0.002660,0.000498,0.005179,0.000922,0.005009,0.002023,0.005029,0.002217,0.004574,0.002678,0.003873,0.002776,0.003286,0.002657,0.002380,-158.74,-120.78,86.09,143.75,-20.41,45.60,-108.73,-50.31,159.78,-147.91,69.31,116.13,-21.66,28.18,-111.10,0.0165,0.0063,0.0028,0.0022,0.0078,0.0056,0.0023,0.0081,0.0008,0.0044,0.0031,0.0033,0.0019,0.0042,0.0026
2026-08-05 09:03:35.617,80.366667,160,22,0.013968,-0.0003,108.99,0,0,0,60.0000,0.263,1.01696,0,0,0,0,0,0.002788,0.000474,0.005477,0.001141,0.005345,0.002265,0.005523,0.002404,0.004892,0.002851,0.003949,0.003052,0.003333,0.002963,0.002479,-108.99,-16.24,-118.24,-11.92,-117.49,-9.89,-103.22,-0.56,-92.58,10.69,-76.95,20.10,-62.01,34.65,-46.19,0.0165,0.0063,0.0028,0.0022,0.0078,0.0056,0.0023,0.0081,0.0008,0.0044,0.0031,0.0033,0.0019,0.0042,0.0026
2026-08-05 09:03:35.617,80.383333,160,23,0.013099,0.0003,55.26,0,0,0,60.0000,0.263,1.01696,0,0,0,0,0,0.002611,0.000623,0.004974,0.001263,0.004955,0.002228,0.005014,0.002341,0.004407,0.002901,0.003693,0.002995,0.002978,0.002952,0.002215,-55.26,54.72,49.18,177.87,159.66,-55.24,-76.11,70.97,47.99,-164.64,173.26,-43.75,-63.38,85.10,64.23,0.0165,0.0063,0.0028,0.0022,0.0078,0.0056,0.0023,0.0081,0.0008,0.0044,0.0031,0.0033,0.0019,0.0042,0.0026
2026-08-05 09:03:35.617,80.400000,160,24,0.012873,-0.0003,45.87,0,0,0,60.0000,0.263,1.01696,0,0,0,0,0,0.002339,0.000530,0.004750,0.001298,0.004921,0.001996,0.004696,0.002457,0.004431,0.002772,0.003584,0.002936,0.002928,0.003097,0.002297,-45.87,100.09,84.32,-133.92,-147.03,15.84,0.50,164.10,145.80,-54.13,-69.64,93.95,78.57,-119.18,-135.58,0.0165,0.0063,0.0028,0.0022,0.0078,0.0056,0.0023,0.0081,0.0008,0.0044,0.0031,0.0033,0.0019,0.0042,0.0026
2026-08-05 09:03:35.617,80.416667,160,25,0.013603,-0.0003,108.05,0,0,0,60.0000,0.263,1.01696,0,0,0,0,0,0.002531,0.000750,0.005065,0.001617,0.005188,0.002356,0.004934,0.002894,0.004493,0.003238,0.003475,0.003429,0.002784,0.003429,0.002040,-108.05,-36.92,-99.91,-30.87,-92.15,0.61,-68.32,27.83,-44.86,47.96,-23.58,73.54,2.77,98.86,24.27,0.0165,0.0063,0.0028,0.0022,0.0078,0.0056,0.0023,0.0081,0.0008,0.0044,0.0031,0.0033,0.0019,0.0042,0.0026
2026-08-05 09:03:35.617,80.433333,160,26,0.014937,0.0007,176.39,0,0,0,60.0000,0.263,1.01696,0,0,0,0,0,0.002893,0.000809,0.005705,0.001863,0.005956,0.002606,0.005507,0.003216,0.004992,0.003535,0.003932,0.003648,0.002988,0.003600,0.002177,-176.39,169.33,56.09,53.83,-71.48,-50.25,177.37,-162.74,63.40,86.05,-48.76,-25.39,-160.79,-134.97,86.85,0.0165,0.0063,0.0028,0.0022,0.0078,0.0056,0.0023,0.0081,0.0008,0.0044,0.0031,0.0033,0.0019,0.0042,0.0026
2026-08-05 09:03:35.617,80.450000,160,27,0.020932,-0.0003,101.51,0,0,0,60.0000,0.263,1.01696,0,0,0,0,0,0.004465,0.002358,0.008926,0.003012,0.009303,0.003355,0.008841,0.003374,0.007800,0.002950,0.006236,0.002559,0.004872,0.002212,0.003395,-101.51,72.05,-95.69,63.60,-83.32,78.11,-56.34,91.15,-31.44,106.38,-2.64,124.53,27.53,139.05,58.85,0.0165,0.0063,0.0028,0.0022,0.0078,0.0056,0.0023,0.0081,0.0008,0.0044,0.0031,0.0033,0.0019,0.0042,0.0026
2026-08-05 09:03:35.617,80.466667,160,28,0.013594,-0.0005,146.39,0,0,0,60.0000,0.263,1.01696,0,0,0,0,0,0.002604,0.000563,0.005113,0.001566,0.005401,0.002226,0.004918,0.002852,0.004436,0.003343,0.003577,0.003357,0.002736,0.003378,0.001937,-146.39,-83.90,145.95,-161.54,78.22,147.45,28.83,90.05,-27.09,37.68,-80.49,-13.40,-127.28,-66.27,177.79,0.0165,0.0063,0.0028,0.0022,0.0078,0.0056,0.0023,0.0081,0.0008,0.0044,0.0031,0.0033,0.0019,0.0042,0.0026
2026-08-05 09:03:35.617,80.483333,160,29,0.015992,0.0002,-144.50,0,0,0,60.0000,0.263,1.01696,0,0,0,0,0,0.003147,0.001144,0.006242,0.002352,0.006503,0.002922,0.005892,0.003644,0.005128,0.004091,0.003988,0.003974,0.003020,0.003780,0.002101,144.50,72.29,-73.12,-121.77,74.57,46.10,-121.10,-151.56,36.34,13.21,-163.00,177.93,0.34,-17.15,159.07,0.0165,0.0063,0.0028,0.0022,0.0078,0.0056,0.0023,0.0081,0.0008,0.0044,0.0031,0.0033,0.0019,0.0042,0.0026
2026-08-05 09:03:36.126,80.500000,161,0,0.019556,-0.0000,57.51,0,0,0,60.0000,0.266,2.40698,0,0,0,0,0,0.005468,0.002632,0.009534,0.002205,0.009215,0.001366,0.007755,0.001259,0.005610,0.002502,0.003337,0.003450,0.001797,0.004068,0.001114,-57.51,173.42,98.01,-39.36,-110.88,103.95,51.73,-169.13,-152.11,-35.19,2.63,118.61,146.30,-80.57,-102.47,0.0091,0.0062,0.0053,0.0058,0.0034,0.0071,0.0031,0.0114,0.0032,0.0049,0.0038,0.0022,0.0037,0.0070,0.0075
2026-08-05 09:03:36.126,80.516667,161,1,0.017999,0.0004,51.33,0,0,0,60.0000,0.266,2.40698,0,0,0,0,0,0.004070,0.000868,0.007926,0.000839,0.007458,0.001507,0.006423,0.002752,0.004629,0.003801,0.003143,0.004517,0.002279,0.004790,0.002079,-51.33,-158.86,53.24,-1.30,167.44,152.96,-61.50,-59.43,67.11,73.60,-152.06,-159.84,-4.25,-34.03,146.86,0.0091,0.0062,0.0053,0.0058,0.0034,0.0071,0.0031,0.0114,0.0032,0.0049,0.0038,0.0022,0.0037,0.0070,0.0075
2026-08-05 09:03:36.126,80.533333,161,2,0.018002,0.0003,70.73,0,0,0,60.0000,0.266,2.40698,0,0,0,0,0,0.003996,0.001680,0.007978,0.002208,0.007626,0.003006,0.006890,0.003813,0.005513,0.004377,0.004104,0.004433,0.003144,0.003958,0.002142,-70.73,175.71,-32.04,-118.39,20.79,-46.52,90.67,30.47,158.12,101.65,-130.00,169.11,-61.28,-123.59,5.01,0.0091,0.0062,0.0053,0.0058,0.0034,0.0071,0.0031,0.0114,0.0032,0.0049,0.0038,0.0022,0.0037,0.0070,0.0075
2026-08-05 09:03:36.126,80.550000,161,3,0.015565,-0.0003,132.43,0,0,0,60.0000,0.266,2.40698,0,0,0,0,0,0.003448,0.001196,0.006479,0.001305,0.005910,0.002549,0.005793,0.003574,0.005063,0.003853,0.004120,0.003682,0.003092,0.003528,0.001956,-132.43,46.35,147.87,17.22,85.29,-29.89,42.91,-78.98,-8.54,-129.59,-59.23,-177.79,-110.94,139.38,-159.24,0.0091,0.0062,0.0053,0.0058,0.0034,0.0071,0.0031,0.0114,0.0032,0.0049,0.0038,0.0022,0.0037,0.0070,0.0075
2026-08-05 09:03:36.126,80.566667,161,4,0.016502,-0.0011,-148.44,0,0,0,60.0000,0.266,2.40698,0,0,0,0,0,0.003491,0.000991,0.006960,0.001987,0.006693,0.003085,0.006529,0.003740,0.005392,0.004055,0.003967,0.003928,0.003024,0.003526,0.001875,148.44,-96.85,-70.03,84.17,82.83,-117.77,-111.62,47.96,49.05,-142.32,-145.25,22.63,16.15,-171.96,175.22,0.0091,0.0062,0.0053,0.0058,0.0034,0.0071,0.0031,0.0114,0.0032,0.0049,0.0038,0.0022,0.0037,0.0070,0.0075
2026-08-05 09:03:36.126,80.583333,161,5,0.015433,-0.0002,150.70,0,0,0,60.0000,0.266,2.40698,0,0,0,0,0,0.003199,0.000753,0.006005,0.001804,0.006178,0.002493,0.006008,0.003231,0.005057,0.003700,0.004182,0.003598,0.003097,0.003531,0.002175,-150.70,101.47,120.48,16.82,39.50,-74.83,-28.20,-143.50,-97.86,145.91,-165.45,76.06,124.91,10.92,61.36,0.0091,0.0062,0.0053,0.0058,0.0034,0.0071,0.0031,0.0114,0.0032,0.0049,0.0038,0.0022,0.0037,0.0070,0.0075
2026-08-05 09:03:36.126,80.600000,161,6,0.014160,0.0001,152.35,0,0,0,60.0000,0.266,2.40698,0,0,0,0,0,0.002750,0.000657,0.005382,0.001609,0.005554,0.002209,0.005276,0.003068,0.004672,0.003444,0.003702,0.003437,0.002898,0.003440,0.002119,-152.35,59.23,125.93,-10.02,44.47,-87.88,-19.48,-146.78,-86.95,146.13,-153.81,82.10,141.07,17.64,72.30,0.0091,0.0062,0.0053,0.0058,0.0034,0.0071,0.0031,0.0114,0.0032,0.0049,0.0038,0.0022,0.0037,0.0070,0.0075
2026-08-05 09:03:36.126,80.616667,161,7,0.013827,-0.0004,126.50,0,0,0,60.0000,0.266,2.40698,0,0,0,0,0,0.002691,0.000555,0.005283,0.001491,0.005436,0.001983,0.005181,0.002807,0.004679,0.003162,0.003804,0.003199,0.003001,0.003289,0.002238,-126.50,145.38,-161.95,102.37,165.41,68.77,150.78,55.09,132.95,35.67,112.37,18.23,98.10,2.59,82.35,0.0091,0.0062,0.0053,0.0058,0.0034,0.0071,0.0031,0.0114,0.0032,0.0049,0.0038,0.0022,0.0037,0.0070,0.0075
2026-08-05 09:03:36.126,80.633333,161,8,0.014872,-0.0003,121.66,0,0,0,60.0000,0.266,2.40698,0,0,0,0,0,0.002847,0.000553,0.005737,0.001648,0.005927,0.002254,0.005644,0.003138,0.004985,0.003477,0.003972,0.003495,0.003130,0.003512,0.002313,-121.66,134.28,-145.62,114.61,-167.40,96.02,-172.70,92.77,179.02,84.07,170.81,79.95,165.12,74.36,157.77,0.0091,0.0062,0.0053,0.0058,0.0034,0.0071,0.0031,0.0114,0.0032,0.0049,0.0038,0.0022,0.0037,0.0070,0.0075
2026-08-05 09:03:36.126,80.650000,161,9,0.015690,-0.0004,-43.37,0,0,0,60.0000,0.266,2.40698,0,0,0,0,0,0.003180,0.000779,0.006245,0.001671,0.006513,0.002139,0.006140,0.003163,0.005567,0.003287,0.004428,0.003354,0.003436,0.003246,0.002614,43.37,136.99,-12.27,70.29,-65.74,16.31,-100.94,-23.99,-140.83,-65.87,180.00,-99.95,144.22,-140.80,106.09,0.0091,0.0062,0.0053,0.0058,0.0034,0.0071,0.0031,0.0114,0.0032,0.0049,0.0038,0.0022,0.0037,0.0070,0.0075
2026-08-05 09:03:36.126,80.666667,161,10,0.016425,0.0003,-0.84,0,0,0,60.0000,0.266,2.40698,0,0,0,0,0,0.003297,0.000728,0.006611,0.001719,0.006926,0.002269,0.006539,0.003238,0.005759,0.003405,0.004708,0.003397,0.003666,0.003324,0.002711,0.84,50.71,-141.68,-102.14,79.46,116.21,-43.35,-8.36,-169.61,-136.81,65.56,100.60,-57.52,-24.61,179.59,0.0091,0.0062,0.0053,0.0058,0.0034,0.0071,0.0031,0.0114,0.0032,0.0049,0.0038,0.0022,0.0037,0.0070,0.0075
2026-08-05 09:03:36.126,80.683333,161,11,0.016675,-0.0001,164.95,0,0,0,60.0000,0.266,2.40698,0,0,0,0,0,0.003330,0.000745,0.006728,0.001702,0.006984,0.002358,0.006526,0.003346,0.005715,0.003634,0.004632,0.003650,0.003655,0.003572,0.002661,-164.95,68.53,77.76,-56.40,-34.50,-170.88,-131.27,90.71,128.23,-10.26,28.76,-107.47,-66.92,154.17,-163.77,0.0091,0.0062,0.0053,0.0058,0.0034,0.0071,0.0031,0.0114,0.0032,0.0049,0.0038,0.0022,0.0037,0.0070,0.0075
2026-08-05 09:03:36.126,80.700000,161,12,0.018879,-0.0003,129.04,0,0,0,60.0000,0.266,2.40698,0,0,0,0,0,0.005226,0.002698,0.009056,0.002390,0.008731,0.001289,0.007620,0.001401,0.005671,0.002136,0.003560,0.003011,0.001826,0.003776,0.000695,-129.04,-147.49,-111.06,-134.32,-97.77,-130.85,-73.66,-168.06,-53.25,176.36,-33.10,-170.98,-15.35,-151.63,-31.76,0.0091,0.0062,0.0053,0.0058,0.0034,0.0071,0.0031,0.0114,0.0032,0.0049,0.0038,0.0022,0.0037,0.0070,0.0075
2026-08-05 09:03:36.126,80.716667,161,13,0.016470,0.0004,-16.42,0,0,0,60.0000,0.266,2.40698,0,0,0,0,0,0.003642,0.000673,0.007051,0.000854,0.006684,0.001744,0.006129,0.002263,0.004793,0.003237,0.003460,0.003758,0.002694,0.004072,0.002164,16.42,-171.34,-112.26,83.17,127.74,6.23,24.66,-85.81,-78.95,169.32,-173.95,63.23,96.91,-43.56,9.74,0.0091,0.0062,0.0053,0.0058,0.0034,0.0071,0.0031,0.0114,0.0032,0.0049,0.0038,0.0022,0.0037,0.0070,0.0075
2026-08-05 09:03:36.126,80.733333,161,14,0.015023,-0.0001,165.08,0,0,0,60.0000,0.266,2.40698,0,0,0,0,0,0.003171,0.001117,0.006264,0.001294,0.005982,0.002201,0.005682,0.002516,0.004876,0.003236,0.004011,0.003449,0.003334,0.003398,0.002580,-165.08,171.89,43.38,44.54,-93.86,-62.78,145.61,-178.55,25.56,60.02,-91.00,-65.82,149.68,174.83,30.74,0.0091,0.0062,0.0053,0.0058,0.0034,0.0071,0.0031,0.0114,0.0032,0.0049,0.0038,0.0022,0.0037,0.0070,0.0075
2026-08-05 09:03:36.126,80.750000,161,15,0.016760,0.0001,98.92,0,0,0,60.0000,0.266,2.40698,0,0,0,0,0,0.003602,0.000745,0.006887,0.001586,0.006744,0.002847,0.006500,0.003410,0.005849,0.003708,0.004571,0.003761,0.003539,0.003513,0.002364,-98.92,-48.54,-98.51,-8.02,-85.47,17.37,-58.23,41.54,-34.63,66.15,-9.51,90.63,15.31,120.46,43.76,0.0091,0.0062,0.0053,0.0058,0.0034,0.0071,0.0031,0.0114,0.0032,0.0049,0.0038,0.0022,0.0037,0.0070,0.0075
2026-08-05 09:03:36.126,80.766667,161,16,0.016447,-0.0001,174.45,0,0,0,60.0000,0.266,2.40698,0,0,0,0,0,0.003634,0.000602,0.006894,0.001577,0.006704,0.002830,0.006767,0.002972,0.005772,0.003438,0.004580,0.003386,0.003545,0.003201,0.002397,-174.45,-145.58,40.83,84.43,-91.59,-52.66,147.22,-176.14,23.53,60.51,-95.13,-64.26,145.55,173.61,24.48,0.0091,0.0062,0.0053,0.0058,0.0034,0.0071,0.0031,0.0114,0.0032,0.0049,0.0038,0.0022,0.0037,0.0070,0.0075
2026-08-05 09:03:36.126,80.783333,161,17,0.017898,0.0004,98.17,0,0,0,60.0000,0.266,2.40698,0,0,0,0,0,0.003851,0.000604,0.007515,0.001752,0.007574,0.002796,0.007384,0.003206,0.006368,0.003662,0.005180,0.003405,0.003882,0.003292,0.002784,-98.17,24.32,-82.71,33.31,-58.08,56.87,-23.01,94.39,12.82,123.61,49.90,157.48,86.41,-163.62,127.61,0.0091,0.0062,0.0053,0.0058,0.0034,0.0071,0.0031,0.0114,0.0032,0.0049,0.0038,0.0022,0.0037,0.0070,0.0075
2026-08-05 09:03:36.126,80.800000,161,18,0.022876,-0.0001,148.21,0,0,0,60.0000,0.266,2.40698,0,0,0,0,0,0.005228,0.000840,0.010508,0.002487,0.010410,0.003774,0.009700,0.004399,0.007991,0.004403,0.005862,0.003974,0.004077,0.003263,0.002492,-148.21,-101.45,128.62,173.04,52.48,107.75,-11.95,44.39,-77.09,-22.98,-139.76,-85.99,159.59,-149.93,100.87,0.0091,0.0062,0.0053,0.0058,0.0034,0.0071,0.0031,0.0114,0.0032,0.0049,0.0038,0.0022,0.0037,0.0070,0.0075
2026-08-05 09:03:36.126,80.816667,161,19,0.024296,-0.0008,129.53,0,0,0,60.0000,0.266,2.40698,0,0,0,0,0,0.005623,0.001708,0.011355,0.002662,0.011318,0.003458,0.010585,0.003938,0.008815,0.003514,0.006514,0.003068,0.004695,0.002246,0.002940,-129.53,-3.72,-178.41,-70.87,140.47,-113.82,111.45,-151.33,82.29,172.75,56.47,140.91,33.27,107.69,14.38,0.0091,0.0062,0.0053,0.0058,0.0034,0.0071,0.0031,0.0114,0.0032,0.0049,0.0038,0.0022,0.0037,0.0070,0.0075
2026-08-05 09:03:36.126,80.833333,161,20,0.020139,-0.0004,-179.40,0,0,0,60.0000,0.266,2.40698,0,0,0,0,0,0.004597,0.000709,0.008744,0.002246,0.008986,0.003179,0.008365,0.003895,0.007125,0.004022,0.005500,0.003679,0.003948,0.003409,0.002632,179.40,-155.82,26.65,45.27,-119.03,-91.64,109.30,135.01,-25.10,0.99,-156.75,-131.23,73.48,96.90,-57.61,0.0091,0.0062,0.0053,0.0058,0.0034,0.0071,0.0031,0.0114,0.0032,0.0049,0.0038,0.0022,0.0037,0.0070,0.0075
2026-08-05 09:03:36.126,80.850000,161,21,0.019311,0.0005,-7.80,0,0,0,60.0000,0.266,2.40698,0,0,0,0,0,0.004280,0.000728,0.008186,0.002283,0.008456,0.003188,0.007797,0.003967,0.006772,0.004175,0.005162,0.003916,0.003729,0.003587,0.002441,7.80,-137.55,-124.91,77.83,107.60,-35.52,-5.57,-150.09,-121.44,93.72,125.81,-19.21,13.82,-132.53,-99.88,0.0091,0.0062,0.0053,0.0058,0.0034,0.0071,0.0031,0.0114,0.0032,0.0049,0.0038,0.0022,0.0037,0.0070,0.0075
2026-08-05 09:03:36.126,80.866667,161,22,0.018718,-0.0011,-115.13,0,0,0,60.0000,0.266,2.40698,0,0,0,0,0,0.004015,0.001135,0.007787,0.002763,0.008038,0.003630,0.007208,0.004399,0.006077,0.004700,0.004407,0.004481,0.003104,0.003988,0.001791,115.13,25.05,-162.99,129.02,-74.80,-125.52,27.91,-23.99,125.88,79.08,-133.50,-176.58,-32.07,-73.20,67.52,0.0091,0.0062,0.0053,0.0058,0.0034,0.0071,0.0031,0.0114,0.0032,0.0049,0.0038,0.0022,0.0037,0.0070,0.0075
2026-08-05 09:03:36.126,80.883333,161,23,0.016250,-0.0007,177.70,0,0,0,60.0000,0.266,2.40698,0,0,0,0,0,0.003383,0.000661,0.006684,0.001805,0.006878,0.002433,0.006172,0.003230,0.005303,0.003849,0.004221,0.003854,0.003296,0.003690,0.002395,-177.70,-154.90,49.88,63.18,-79.89,-53.33,165.71,-174.66,45.21,68.35,-73.14,-45.14,171.29,-158.65,55.52,0.0091,0.0062,0.0053,0.0058,0.0034,0.0071,0.0031,0.0114,0.0032,0.0049,0.0038,0.0022,0.0037,0.0070,0.0075
2026-08-05 09:03:36.126,80.900000,161,24,0.021099,-0.0004,111.77,0,0,0,60.0000,0.266,2.40698,0,0,0,0,0,0.006129,0.002804,0.010496,0.002252,0.010241,0.001460,0.008711,0.001432,0.006444,0.002476,0.003909,0.003238,0.001988,0.003779,0.000358,-111.77,54.86,-61.35,95.84,-14.52,133.45,43.64,124.36,97.04,151.96,153.44,-158.93,-150.63,-105.97,-115.83,0.0091,0.0062,0.0053,0.0058,0.0034,0.0071,0.0031,0.0114,0.0032,0.0049,0.0038,0.0022,0.0037,0.0070,0.0075
2026-08-05 09:03:36.126,80.916667,161,25,0.017596,0.0001,-107.02,0,0,0,60.0000,0.266,2.40698,0,0,0,0,0,0.003980,0.001412,0.007731,0.001462,0.007554,0.002025,0.006868,0.002750,0.005399,0.003506,0.003978,0.003934,0.003048,0.004027,0.002318,107.02,177.69,128.75,-129.67,167.51,-72.42,-137.44,-6.33,-84.15,54.37,-22.40,107.53,41.42,161.45,109.68,0.0091,0.0062,0.0053,0.0058,0.0034,0.0071,0.0031,0.0114,0.0032,0.0049,0.0038,0.0022,0.0037,0.0070,0.0075
2026-08-05 09:03:36.126,80.933333,161,26,0.013920,-0.0004,112.61,0,0,0,60.0000,0.266,2.40698,0,0,0,0,0,0.003050,0.001204,0.005934,0.001167,0.005495,0.001748,0.005041,0.002641,0.004185,0.003298,0.003458,0.003470,0.003067,0.003366,0.002228,-112.61,82.49,-170.93,62.01,148.17,46.53,129.09,33.41,105.70,11.81,87.29,-16.59,64.47,-39.77,38.18,0.0091,0.0062,0.0053,0.0058,0.0034,0.0071,0.0031,0.0114,0.0032,0.0049,0.0038,0.0022,0.0037,0.0070,0.0075
2026-08-05 09:03:36.126,80.950000,161,27,0.013503,0.0001,84.90,0,0,0,60.0000,0.266,2.40698,0,0,0,0,0,0.002695,0.000858,0.005253,0.001348,0.004972,0.002342,0.004915,0.003100,0.004280,0.003400,0.003366,0.003466,0.002631,0.003470,0.001688,-84.90,149.80,-56.62,-139.10,-17.03,-89.20,42.21,-33.97,92.81,23.22,146.07,77.78,-159.69,135.53,-105.44,0.0091,0.0062,0.0053,0.0058,0.0034,0.0071,0.0031,0.0114,0.0032,0.0049,0.0038,0.0022,0.0037,0.0070,0.0075
2026-08-05 09:03:36.126,80.966667,161,28,0.013589,0.0002,24.83,0,0,0,60.0000,0.266,2.40698,0,0,0,0,0,0.002611,0.000569,0.005072,0.001277,0.005051,0.002245,0.005113,0.002787,0.004444,0.003195,0.003540,0.003428,0.002987,0.003336,0.002035,-24.83,-69.96,133.94,130.68,-57.39,-64.69,127.54,118.59,-56.20,-55.56,127.27,123.58,-50.23,-52.41,129.35,0.0091,0.0062,0.0053,0.0058,0.0034,0.0071,0.0031,0.0114,0.0032,0.0049,0.0038,0.0022,0.0037,0.0070,0.0075
2026-08-05 09:03:36.126,80.983333,161,29,0.013238,-0.0003,-147.90,0,0,0,60.0000,0.266,2.40698,0,0,0,0,0,0.002531,0.000623,0.004913,0.001492,0.005066,0.002195,0.004838,0.002848,0.004215,0.003303,0.003438,0.003276,0.002662,0.003323,0.001958,147.90,-78.26,-55.24,102.13,103.17,-96.46,-80.80,85.99,91.94,-99.76,-95.33,74.26,79.22,-107.41,-107.54,0.0091,0.0062,0.0053,0.0058,0.0034,0.0071,0.0031,0.0114,0.0032,0.0049,0.0038,0.0022,0.0037,0.0070,0.0075
2026-08-05 09:03:36.638,81.000000,162,0,0.013099,0.0006,-86.39,0,0,0,60.0000,0.262,2.92072,0,0,0,0,0,0.002467,0.000614,0.004984,0.001434,0.005145,0.002021,0.004873,0.002758,0.004326,0.003141,0.003475,0.003093,0.002750,0.003179,0.002070,86.39,162.72,119.88,-147.35,154.14,-105.99,-152.62,-46.70,-104.48,3.60,-55.97,55.72,-3.88,108.67,43.31,0.0074,0.0029,0.0049,0.0040,0.0071,0.0085,0.0053,0.0068,0.0075,0.0068,0.0057,0.0044,0.0047,0.0060,0.0034
2026-08-05 09:03:36.638,81.016667,162,1,0.013715,0.0000,138.65,0,0,0,60.0000,0.262,2.92072,0,0,0,0,0,0.002604,0.000744,0.005089,0.001561,0.005287,0.002219,0.004992,0.002994,0.004472,0.003335,0.003562,0.003383,0.002803,0.003440,0.002093,-138.65,67.59,162.82,27.76,106.48,-21.36,68.30,-54.45,25.37,-95.55,-16.58,-133.30,-55.49,-171.46,-99.64,0.0074,0.0029,0.0049,0.0040,0.0071,0.0085,0.0053,0.0068,0.0075,0.0068,0.0057,0.0044,0.0047,0.0060,0.0034
2026-08-05 09:03:36.638,81.033333,162,2,0.013257,-0.0002,-123.54,0,0,0,60.0000,0.262,2.92072,0,0,0,0,0,0.002516,0.000551,0.004960,0.001583,0.005138,0.002102,0.004813,0.002979,0.004236,0.003294,0.003374,0.003339,0.002633,0.003410,0.001857,123.54,-82.96,-127.52,23.25,-17.92,133.12,110.30,-96.45,-125.89,28.17,-3.41,155.04,123.87,-78.33,-113.33,0.0074,0.0029,0.0049,0.0040,0.0071,0.0085,0.0053,0.0068,0.0075,0.0068,0.0057,0.0044,0.0047,0.0060,0.0034
2026-08-05 09:03:36.638,81.050000,162,3,0.013320,-0.0000,-93.57,0,0,0,60.0000,0.262,2.92072,0,0,0,0,0,0.002502,0.000523,0.005015,0.001434,0.005247,0.001932,0.004968,0.002793,0.004404,0.003124,0.003578,0.003176,0.002848,0.003270,0.002056,93.57,-140.72,142.65,-93.52,-166.94,-43.65,-99.00,25.10,-34.72,89.31,29.52,155.22,97.46,-138.07,163.75,0.0074,0.0029,0.0049,0.0040,0.0071,0.0085,0.0053,0.0068,0.0075,0.0068,0.0057,0.0044,0.0047,0.0060,0.0034
2026-08-05 09:03:36.638,81.066667,162,4,0.015129,0.0001,124.45,0,0,0,60.0000,0.262,2.92072,0,0,0,0,0,0.002969,0.000605,0.005916,0.001619,0.006138,0.002280,0.005849,0.003113,0.005168,0.003424,0.004145,0.003444,0.003265,0.003403,0.002364,-124.45,113.08,-154.87,94.92,177.45,73.25,166.68,63.99,151.89,49.52,137.80,40.29,127.17,27.80,114.18,0.0074,0.0029,0.0049,0.0040,0.0071,0.0085,0.0053,0.0068,0.0075,0.0068,0.0057,0.0044,0.0047,0.0060,0.0034
2026-08-05 09:03:36.638,81.083333,162,5,0.016523,-0.0001,157.73,0,0,0,60.0000,0.262,2.92072,0,0,0,0,0,0.003500,0.001522,0.006811,0.002100,0.006998,0.002112,0.006467,0.002880,0.005688,0.003154,0.004648,0.003216,0.003762,0.003208,0.003032,-157.73,133.43,110.12,31.15,20.78,-68.57,-54.11,-159.29,-133.42,115.40,146.94,38.25,72.28,-38.02,-2.35,0.0074,0.0029,0.0049,0.0040,0.0071,0.0085,0.0053,0.0068,0.0075,0.0068,0.0057,0.0044,0.0047,0.0060,0.0034
2026-08-05 09:03:36.638,81.100000,162,6,0.017988,-0.0000,-149.36,0,0,0,60.0000,0.262,2.92072,0,0,0,0,0,0.005190,0.003492,0.008495,0.003329,0.008182,0.001937,0.006922,0.000752,0.005066,0.001222,0.003063,0.002426,0.001523,0.003453,0.000804,149.36,67.26,16.64,-65.94,-123.52,165.52,107.08,-3.65,-26.99,113.05,-162.76,-27.00,53.42,-157.00,-131.75,0.0074,0.0029,0.0049,0.0040,0.0071,0.0085,0.0053,0.0068,0.0075,0.0068,0.0057,0.0044,0.0047,0.0060,0.0034
2026-08-05 09:03:36.638,81.116667,162,7,0.015220,-0.0001,150.08,0,0,0,60.0000,0.262,2.92072,0,0,0,0,0,0.003382,0.001588,0.006504,0.001600,0.006253,0.002160,0.005913,0.002217,0.004902,0.002914,0.003743,0.003211,0.002961,0.003422,0.002228,-150.08,-177.23,61.79,57.49,-67.47,-40.76,179.97,-140.57,66.72,113.96,-40.89,3.23,-146.29,-106.03,108.88,0.0074,0.0029,0.0049,0.0040,0.0071,0.0085,0.0053,0.0068,0.0075,0.0068,0.0057,0.0044,0.0047,0.0060,0.0034
2026-08-05 09:03:36.638,81.133333,162,8,0.013175,0.0002,-51.00,0,0,0,60.0000,0.262,2.92072,0,0,0,0,0,0.002711,0.000840,0.005303,0.000840,0.004992,0.001777,0.004748,0.002181,0.004247,0.002858,0.003605,0.003027,0.003213,0.002933,0.002621,51.00,-106.03,-33.53,-153.95,-104.42,166.13,-152.54,114.00,156.11,55.86,107.45,-2.47,56.98,-54.33,4.69,0.0074,0.0029,0.0049,0.0040,0.0071,0.0085,0.0053,0.0068,0.0075,0.0068,0.0057,0.0044,0.0047,0.0060,0.0034
2026-08-05 09:03:36.638,81.150000,162,9,0.013272,-0.0002,92.98,0,0,0,60.0000,0.262,2.92072,0,0,0,0,0,0.002700,0.000553,0.005225,0.001062,0.004926,0.002285,0.005038,0.002537,0.004545,0.002882,0.003649,0.003053,0.002919,0.003054,0.002088,-92.98,4.82,-70.21,48.15,-39.05,85.58,8.49,124.67,50.99,167.60,96.24,-150.13,140.65,-102.29,-173.07,0.0074,0.0029,0.0049,0.0040,0.0071,0.0085,0.0053,0.0068,0.0075,0.0068,0.0057,0.0044,0.0047,0.0060,0.0034
2026-08-05 09:03:36.638,81.166667,162,10,0.012609,-0.0001,61.46,0,0,0,60.0000,0.262,2.92072,0,0,0,0,0,0.002439,0.000430,0.004794,0.001037,0.004631,0.002070,0.004809,0.002202,0.004351,0.002628,0.003488,0.002880,0.003067,0.002764,0.002254,-61.46,79.90,23.81,179.84,118.46,-84.56,-131.17,19.16,-26.51,126.95,83.47,-128.98,-166.95,-18.68,-58.09,0.0074,0.0029,0.0049,0.0040,0.0071,0.0085,0.0053,0.0068,0.0075,0.0068,0.0057,0.0044,0.0047,0.0060,0.0034
2026-08-05 09:03:36.638,81.183333,162,11,0.012863,-0.0002,-111.18,0,0,0,60.0000,0.262,2.92072,0,0,0,0,0,0.002395,0.000577,0.004800,0.001253,0.004942,0.001991,0.004847,0.002284,0.004442,0.002755,0.003727,0.002757,0.002945,0.002915,0.002368,111.18,96.97,-170.09,159.42,-87.44,-112.46,11.07,-16.08,107.71,75.03,-156.07,171.28,-55.16,-88.27,45.09,0.0074,0.0029,0.0049,0.0040,0.0071,0.0085,0.0053,0.0068,0.0075,0.0068,0.0057,0.0044,0.0047,0.0060,0.0034
2026-08-05 09:03:36.638,81.200000,162,12,0.013525,-0.0005,146.95,0,0,0,60.0000,0.262,2.92072,0,0,0,0,0,0.002556,0.000569,0.005108,0.001371,0.005275,0.002079,0.004996,0.002610,0.004709,0.002895,0.003803,0.003087,0.003107,0.003112,0.002352,-146.95,-82.07,138.11,-171.11,65.31,130.80,8.53,74.38,-48.32,10.99,-107.64,-44.05,-160.30,-102.94,140.78,0.0074,0.0029,0.0049,0.0040,0.0071,0.0085,0.0053,0.0068,0.0075,0.0068,0.0057,0.0044,0.0047,0.0060,0.0034
2026-08-05 09:03:36.638,81.216667,162,13,0.012362,0.0001,-33.00,0,0,0,60.0000,0.262,2.92072,0,0,0,0,0,0.002313,0.000681,0.004534,0.001175,0.004701,0.001878,0.004563,0.002298,0.004348,0.002529,0.003542,0.002669,0.002898,0.002809,0.002284,33.00,-38.38,-31.96,-139.41,-100.75,163.55,-151.25,110.53,157.28,51.17,103.85,-1.34,55.05,-52.33,5.18,0.0074,0.0029,0.0049,0.0040,0.0071,0.0085,0.0053,0.0068,0.0075,0.0068,0.0057,0.0044,0.0047,0.0060,0.0034
2026-08-05 09:03:36.638,81.233333,162,14,0.016737,-0.0006,-161.34,0,0,0,60.0000,0.262,2.92072,0,0,0,0,0,0.003406,0.001116,0.006586,0.002505,0.006845,0.003204,0.006180,0.003943,0.005517,0.004226,0.004220,0.004039,0.003017,0.003883,0.002001,161.34,109.97,-21.24,-51.31,161.16,149.96,-1.64,-10.89,-167.98,-173.05,29.10,23.39,-134.70,-137.00,56.97,0.0074,0.0029,0.0049,0.0040,0.0071,0.0085,0.0053,0.0068,0.0075,0.0068,0.0057,0.0044,0.0047,0.0060,0.0034
2026-08-05 09:03:36.638,81.250000,162,15,0.016290,0.0000,-161.31,0,0,0,60.0000,0.262,2.92072,0,0,0,0,0,0.003328,0.000919,0.006682,0.001590,0.006968,0.002227,0.006546,0.002666,0.006031,0.002898,0.004938,0.002812,0.003909,0.002834,0.002866,161.31,-139.15,-17.10,14.42,166.78,-156.06,7.58,33.00,-155.35,-134.27,44.77,60.67,-112.78,-106.05,86.92,0.0074,0.0029,0.0049,0.0040,0.0071,0.0085,0.0053,0.0068,0.0075,0.0068,0.0057,0.0044,0.0047,0.0060,0.0034
2026-08-05 09:03:36.638,81.266667,162,16,0.013893,0.0001,126.69,0,0,0,60.0000,0.262,2.92072,0,0,0,0,0,0.002603,0.000548,0.005056,0.001620,0.005445,0.002162,0.005078,0.002710,0.004647,0.003210,0.003784,0.003356,0.003080,0.003359,0.002325,-126.69,-81.76,-159.64,-100.36,169.74,-108.48,158.16,-128.22,139.03,-142.61,122.79,-155.78,110.42,-170.08,94.90,0.0074,0.0029,0.0049,0.0040,0.0071,0.0085,0.0053,0.0068,0.0075,0.0068,0.0057,0.0044,0.0047,0.0060,0.0034
2026-08-05 09:03:36.638,81.283333,162,17,0.013024,-0.0002,130.14,0,0,0,60.0000,0.262,2.92072,0,0,0,0,0,0.002514,0.000653,0.004749,0.001587,0.005131,0.001968,0.004610,0.002673,0.004134,0.003101,0.003323,0.003283,0.002737,0.003337,0.002074,-130.14,-94.16,-166.66,-119.15,157.14,-133.02,140.30,-159.11,115.08,-178.36,93.51,164.42,74.36,146.60,53.64,0.0074,0.0029,0.0049,0.0040,0.0071,0.0085,0.0053,0.0068,0.0075,0.0068,0.0057,0.0044,0.0047,0.0060,0.0034
2026-08-05 09:03:36.638,81.300000,162,18,0.015490,-0.0002,92.33,0,0,0,60.0000,0.262,2.92072,0,0,0,0,0,0.004365,0.002133,0.006999,0.001602,0.007003,0.000929,0.006002,0.000635,0.004599,0.001757,0.002982,0.002467,0.001692,0.003298,0.000524,-92.33,108.68,12.39,-156.26,109.64,-54.59,-141.09,-43.53,-36.07,30.64,68.24,134.36,176.02,-120.41,-95.02,0.0074,0.0029,0.0049,0.0040,0.0071,0.0085,0.0053,0.0068,0.0075,0.0068,0.0057,0.0044,0.0047,0.0060,0.0034
2026-08-05 09:03:36.638,81.316667,162,19,0.016032,0.0001,103.69,0,0,0,60.0000,0.262,2.92072,0,0,0,0,0,0.003380,0.001155,0.006680,0.001767,0.006639,0.002556,0.006260,0.003257,0.005126,0.003695,0.003923,0.003831,0.002971,0.003671,0.002001,-103.69,127.98,-120.31,136.69,-126.70,138.96,-115.78,154.18,-109.63,168.08,-97.49,177.31,-87.43,-172.82,-76.63,0.0074,0.0029,0.0049,0.0040,0.0071,0.0085,0.0053,0.0068,0.0075,0.0068,0.0057,0.0044,0.0047,0.0060,0.0034
2026-08-05 09:03:36.638,81.333333,162,20,0.017894,-0.0002,-170.42,0,0,0,60.0000,0.262,2.92072,0,0,0,0,0,0.004068,0.000937,0.007976,0.001695,0.007640,0.002557,0.007160,0.003487,0.006021,0.003895,0.004852,0.003638,0.003802,0.003071,0.002543,170.42,-20.38,-20.54,-176.82,162.35,7.35,1.98,-158.45,-162.18,35.56,37.03,-131.53,-127.87,66.39,66.14,0.0074,0.0029,0.0049,0.0040,0.0071,0.0085,0.0053,0.0068,0.0075,0.0068,0.0057,0.0044,0.0047,0.0060,0.0034
2026-08-05 09:03:36.638,81.350000,162,21,0.014348,-0.0003,120.60,0,0,0,60.0000,0.262,2.92072,0,0,0,0,0,0.003136,0.000529,0.005762,0.001184,0.005546,0.002049,0.005574,0.002701,0.005095,0.002828,0.004166,0.002913,0.003291,0.002982,0.002466,-120.60,127.24,-171.38,126.15,152.81,72.66,136.94,41.32,110.75,18.07,88.80,-3.00,67.50,-24.31,50.89,0.0074,0.0029,0.0049,0.0040,0.0071,0.0085,0.0053,0.0068,0.0075,0.0068,0.0057,0.0044,0.0047,0.0060,0.0034
2026-08-05 09:03:36.638,81.366667,162,22,0.013588,-0.0004,103.51,0,0,0,60.0000,0.262,2.92072,0,0,0,0,0,0.002742,0.000549,0.005257,0.001388,0.005244,0.002167,0.005313,0.002739,0.004511,0.003188,0.003593,0.003234,0.002936,0.003114,0.002053,-103.51,149.82,-101.19,-176.86,-91.77,-173.71,-65.28,-147.97,-45.93,-120.73,-19.81,-98.50,2.25,-72.39,23.93,0.0074,0.0029,0.0049,0.0040,0.0071,0.0085,0.0053,0.0068,0.0075,0.0068,0.0057,0.0044,0.0047,0.0060,0.0034
2026-08-05 09:03:36.638,81.383333,162,23,0.012917,-0.0001,111.14,0,0,0,60.0000,0.262,2.92072,0,0,0,0,0,0.002442,0.000551,0.004805,0.001465,0.004949,0.002045,0.004739,0.002812,0.004145,0.003208,0.003372,0.003177,0.002616,0.003273,0.001914,-111.14,129.67,-114.37,144.75,-114.89,147.69,-98.41,170.99,-85.47,-174.93,-73.39,-159.20,-58.07,-141.89,-44.55,0.0074,0.0029,0.0049,0.0040,0.0071,0.0085,0.0053,0.0068,0.0075,0.0068,0.0057,0.0044,0.0047,0.0060,0.0034
2026-08-05 09:03:36.638,81.400000,162,24,0.013195,-0.0001,177.98,0,0,0,60.0000,0.262,2.92072,0,0,0,0,0,0.002493,0.000539,0.004955,0.001460,0.005106,0.002001,0.004894,0.002820,0.004320,0.003268,0.003405,0.003210,0.002707,0.003322,0.001951,-177.98,17.58,53.30,-99.97,-77.77,128.37,169.98,19.27,55.33,-95.36,-61.59,151.17,-172.76,39.13,71.28,0.0074,0.0029,0.0049,0.0040,0.0071,0.0085,0.0053,0.0068,0.0075,0.0068,0.0057,0.0044,0.0047,0.0060,0.0034
2026-08-05 09:03:36.638,81.416667,162,25,0.012227,-0.0002,-169.95,0,0,0,60.0000,0.262,2.92072,0,0,0,0,0,0.002272,0.000492,0.004458,0.001297,0.004698,0.001792,0.004505,0.002485,0.004051,0.002877,0.003296,0.002878,0.002658,0.003002,0.002017,169.95,-26.93,14.75,-164.13,-141.15,42.11,81.30,-87.80,-59.80,132.22,158.55,-6.27,20.64,-143.63,-119.43,0.0074,0.0029,0.0049,0.0040,0.0071,0.0085,0.0053,0.0068,0.0075,0.0068,0.0057,0.0044,0.0047,0.0060,0.0034
2026-08-05 09:03:36.638,81.433333,162,26,0.012916,-0.0001,-177.81,0,0,0,60.0000,0.262,2.92072,0,0,0,0,0,0.002427,0.000672,0.004758,0.001520,0.004967,0.002078,0.004687,0.002807,0.004202,0.003180,0.003312,0.003161,0.002645,0.003207,0.002006,177.81,-21.84,37.05,-144.79,-103.77,81.67,134.47,-32.52,7.41,-158.36,-118.14,79.33,119.87,-42.77,-5.62,0.0074,0.0029,0.0049,0.0040,0.0071,0.0085,0.0053,0.0068,0.0075,0.0068,0.0057,0.0044,0.0047,0.0060,0.0034
2026-08-05 09:03:36.638,81.450000,162,27,0.012935,0.0001,94.08,0,0,0,60.0000,0.262,2.92072,0,0,0,0,0,0.002383,0.000574,0.004694,0.001470,0.004940,0.002102,0.004626,0.002822,0.004109,0.003192,0.003323,0.003258,0.002594,0.003335,0.001905,-94.08,160.24,-59.97,-148.52,-24.49,-106.85,28.61,-46.16,76.51,3.14,125.96,56.33,177.91,109.43,-132.79,0.0074,0.0029,0.0049,0.0040,0.0071,0.0085,0.0053,0.0068,0.0075,0.0068,0.0057,0.0044,0.0047,0.0060,0.0034
2026-08-05 09:03:36.638,81.466667,162,28,0.012374,-0.0001,-46.65,0,0,0,60.0000,0.262,2.92072,0,0,0,0,0,0.002253,0.000547,0.004508,0.001483,0.004673,0.002023,0.004424,0.002831,0.003886,0.003163,0.003035,0.003201,0.002422,0.003254,0.001704,46.65,93.57,4.26,62.20,-39.05,24.13,-62.95,5.03,-92.15,-21.67,-121.00,-48.00,-145.02,-71.99,-175.46,0.0074,0.0029,0.0049,0.0040,0.0071,0.0085,0.0053,0.0068,0.0075,0.0068,0.0057,0.0044,0.0047,0.0060,0.0034
2026-08-05 09:03:36.638,81.483333,162,29,0.013271,0.0005,-151.04,0,0,0,60.0000,0.262,2.92072,0,0,0,0,0,0.002638,0.000760,0.005046,0.001235,0.005155,0.001562,0.004625,0.002503,0.003961,0.003061,0.003228,0.003364,0.002692,0.003622,0.002223,151.04,18.09,-27.05,174.62,151.58,-24.87,-14.07,167.24,174.11,-5.52,-0.03,-171.44,-169.71,25.46,18.98,0.0074,0.0029,0.0049,0.0040,0.0071,0.0085,0.0053,0.0068,0.0075,0.0068,0.0057,0.0044,0.0047,0.0060,0.0034
2026-08-05 09:03:37.148,81.500000,163,0,0.015499,-0.0001,4.74,0,0,0,60.0000,0.265,1.51332,0,0,0,0,0,0.004202,0.002721,0.006931,0.002507,0.006586,0.001277,0.005533,0.000394,0.004015,0.001400,0.002177,0.002513,0.000927,0.003490,0.000484,-4.74,121.39,-84.29,38.46,-172.98,-36.16,111.31,169.45,30.10,6.44,-50.10,-77.91,-139.83,-155.36,28.57,0.0163,0.0073,0.0059,0.0074,0.0042,0.0037,0.0064,0.0087,0.0048,0.0065,0.0104,0.0063,0.0072,0.0041,0.0060
2026-08-05 09:03:37.148,81.516667,163,1,0.016408,0.0004,-20.19,0,0,0,60.0000,0.265,1.51332,0,0,0,0,0,0.003483,0.001427,0.006956,0.001934,0.006711,0.002882,0.006332,0.003104,0.005245,0.003680,0.003958,0.003857,0.002937,0.003826,0.001982,20.19,-177.57,-120.41,60.98,112.48,-43.23,-0.65,-147.79,-113.21,104.25,137.44,-7.66,27.97,-116.93,-79.91,0.0163,0.0073,0.0059,0.0074,0.0042,0.0037,0.0064,0.0087,0.0048,0.0065,0.0104,0.0063,0.0072,0.0041,0.0060
2026-08-05 09:03:37.148,81.533333,163,2,0.015389,-0.0004,141.31,0,0,0,60.0000,0.265,1.51332,0,0,0,0,0,0.003370,0.001248,0.006469,0.001470,0.006003,0.002633,0.005714,0.003119,0.004951,0.003789,0.004123,0.003643,0.003215,0.003379,0.002101,-141.31,-149.22,123.51,146.24,42.58,94.37,-22.05,30.90,-87.44,-38.63,-151.64,-107.68,141.06,-171.37,74.86,0.0163,0.0073,0.0059,0.0074,0.0042,0.0037,0.0064,0.0087,0.0048,0.0065,0.0104,0.0063,0.0072,0.0041,0.0060
2026-08-05 09:03:37.148,81.550000,163,3,0.016692,-0.0003,135.56,0,0,0,60.0000,0.265,1.51332,0,0,0,0,0,0.003599,0.001383,0.006925,0.002146,0.006498,0.003588,0.006344,0.003994,0.005385,0.004247,0.003917,0.004121,0.002731,0.003896,0.001768,-135.56,-135.56,156.37,-170.89,100.67,152.98,57.64,109.23,10.83,66.90,-33.73,24.33,-77.66,-16.45,-122.09,0.0163,0.0073,0.0059,0.0074,0.0042,0.0037,0.0064,0.0087,0.0048,0.0065,0.0104,0.0063,0.0072,0.0041,0.0060
2026-08-05 09:03:37.148,81.566667,163,4,0.016693,0.0001,57.26,0,0,0,60.0000,0.265,1.51332,0,0,0,0,0,0.003529,0.000869,0.006703,0.001802,0.006630,0.003096,0.006643,0.003231,0.005633,0.003839,0.004505,0.003802,0.003524,0.003532,0.002374,-57.26,31.19,32.81,158.46,135.29,-88.82,-111.83,26.39,-0.76,141.34,113.99,-106.55,-133.11,10.02,-21.72,0.0163,0.0073,0.0059,0.0074,0.0042,0.0037,0.0064,0.0087,0.0048,0.0065,0.0104,0.0063,0.0072,0.0041,0.0060
2026-08-05 09:03:37.148,81.583333,163,5,0.017522,0.0007,16.13,0,0,0,60.0000,0.265,1.51332,0,0,0,0,0,0.003573,0.000881,0.007345,0.001998,0.007413,0.002820,0.007071,0.003454,0.006152,0.003642,0.004961,0.003515,0.003640,0.003365,0.002614,-16.13,-149.36,163.02,9.70,-11.89,-165.24,-173.31,32.42,25.02,-137.12,-137.99,62.36,63.33,-100.71,-99.24,0.0163,0.0073,0.0059,0.0074,0.0042,0.0037,0.0064,0.0087,0.0048,0.0065,0.0104,0.0063,0.0072,0.0041,0.0060
2026-08-05 09:03:37.148,81.600000,163,6,0.014082,0.0003,-168.82,0,0,0,60.0000,0.265,1.51332,0,0,0,0,0,0.002611,0.000572,0.005502,0.001305,0.005664,0.002022,0.005369,0.002544,0.005001,0.002905,0.004065,0.002976,0.003312,0.003009,0.002530,168.82,-152.25,4.20,23.84,-157.28,-128.86,56.94,82.61,-90.52,-69.94,121.86,143.45,-20.23,-3.58,-166.65,0.0163,0.0073,0.0059,0.0074,0.0042,0.0037,0.0064,0.0087,0.0048,0.0065,0.0104,0.0063,0.0072,0.0041,0.0060
2026-08-05 09:03:37.148,81.616667,163,7,0.013835,-0.0002,134.40,0,0,0,60.0000,0.265,1.51332,0,0,0,0,0,0.002643,0.000562,0.005287,0.001367,0.005483,0.002136,0.005177,0.002719,0.004873,0.002930,0.003789,0.003147,0.003094,0.003129,0.002395,-134.40,-53.53,-178.51,-111.26,138.17,-141.30,109.60,-170.56,79.73,158.67,50.98,128.87,24.54,101.98,-4.33,0.0163,0.0073,0.0059,0.0074,0.0042,0.0037,0.0064,0.0087,0.0048,0.0065,0.0104,0.0063,0.0072,0.0041,0.0060
2026-08-05 09:03:37.148,81.633333,163,8,0.013983,0.0000,97.03,0,0,0,60.0000,0.265,1.51332,0,0,0,0,0,0.002779,0.000543,0.005400,0.001328,0.005714,0.002016,0.005388,0.002462,0.004981,0.002803,0.004073,0.002882,0.003298,0.002938,0.002566,-97.03,46.03,-61.56,46.99,-30.26,94.87,19.71,139.18,66.12,-176.82,114.33,-128.22,165.75,-81.29,-146.33,0.0163,0.0073,0.0059,0.0074,0.0042,0.0037,0.0064,0.0087,0.0048,0.0065,0.0104,0.0063,0.0072,0.0041,0.0060
2026-08-05 09:03:37.148,81.650000,163,9,0.013104,-0.0005,131.81,0,0,0,60.0000,0.265,1.51332,0,0,0,0,0,0.002563,0.000445,0.004901,0.001391,0.005273,0.001983,0.004865,0.002572,0.004550,0.002878,0.003710,0.002891,0.002934,0.002949,0.002199,-131.81,-63.31,-172.70,-112.40,145.20,-135.00,122.12,-163.49,94.41,171.73,68.76,145.88,46.96,119.85,20.01,0.0163,0.0073,0.0059,0.0074,0.0042,0.0037,0.0064,0.0087,0.0048,0.0065,0.0104,0.0063,0.0072,0.0041,0.0060
2026-08-05 09:03:37.148,81.666667,163,10,0.014068,-0.0007,-156.73,0,0,0,60.0000,0.265,1.51332,0,0,0,0,0,0.002578,0.000589,0.005189,0.001521,0.005619,0.002135,0.005207,0.002695,0.004758,0.003154,0.003946,0.003226,0.003133,0.003307,0.002445,156.73,160.84,-24.96,-26.37,153.98,170.08,-9.62,-1.96,-178.63,-168.79,14.31,26.49,-148.21,-138.57,45.20,0.0163,0.0073,0.0059,0.0074,0.0042,0.0037,0.0064,0.0087,0.0048,0.0065,0.0104,0.0063,0.0072,0.0041,0.0060
2026-08-05 09:03:37.148,81.683333,163,11,0.015095,-0.0004,-105.59,0,0,0,60.0000,0.265,1.51332,0,0,0,0,0,0.003332,0.000981,0.006219,0.001238,0.006295,0.001588,0.005417,0.002292,0.004472,0.003078,0.003367,0.003562,0.002741,0.003930,0.002412,105.59,110.06,-157.68,173.11,-63.95,-97.63,44.41,-12.26,144.27,88.15,-118.55,-164.38,-19.24,-55.05,77.52,0.0163,0.0073,0.0059,0.0074,0.0042,0.0037,0.0064,0.0087,0.0048,0.0065,0.0104,0.0063,0.0072,0.0041,0.0060
2026-08-05 09:03:37.148,81.700000,163,12,0.015951,0.0000,33.95,0,0,0,60.0000,0.265,1.51332,0,0,0,0,0,0.003987,0.001678,0.006959,0.001355,0.006809,0.000700,0.005797,0.000869,0.004290,0.002023,0.002519,0.003010,0.001115,0.003741,0.000179,-33.95,-140.38,168.66,52.95,5.35,-108.35,-142.72,-12.85,63.16,176.97,-89.69,23.22,122.86,-130.54,165.04,0.0163,0.0073,0.0059,0.0074,0.0042,0.0037,0.0064,0.0087,0.0048,0.0065,0.0104,0.0063,0.0072,0.0041,0.0060
2026-08-05 09:03:37.148,81.716667,163,13,0.013954,-0.0003,122.56,0,0,0,60.0000,0.265,1.51332,0,0,0,0,0,0.002819,0.001044,0.005811,0.001386,0.005674,0.001866,0.005399,0.002382,0.004499,0.002947,0.003506,0.003149,0.002820,0.003210,0.002078,-122.56,81.99,166.08,36.50,108.11,-7.52,68.46,-40.32,24.99,-73.57,-13.54,-114.96,-52.23,-155.42,-88.57,0.0163,0.0073,0.0059,0.0074,0.0042,0.0037,0.0064,0.0087,0.0048,0.0065,0.0104,0.0063,0.0072,0.0041,0.0060
2026-08-05 09:03:37.148,81.733333,163,14,0.015525,0.0002,-50.16,0,0,0,60.0000,0.265,1.51332,0,0,0,0,0,0.003163,0.000862,0.006332,0.001618,0.006156,0.002618,0.005826,0.003520,0.004936,0.003896,0.003894,0.003902,0.003085,0.003614,0.001917,50.16,87.08,-6.83,57.14,-55.07,19.24,-84.61,-12.88,-121.12,-45.36,-153.18,-81.24,169.15,-111.81,133.96,0.0163,0.0073,0.0059,0.0074,0.0042,0.0037,0.0064,0.0087,0.0048,0.0065,0.0104,0.0063,0.0072,0.0041,0.0060
2026-08-05 09:03:37.148,81.750000,163,15,0.015231,0.0003,-75.14,0,0,0,60.0000,0.265,1.51332,0,0,0,0,0,0.003127,0.000692,0.006083,0.001467,0.005940,0.002469,0.005903,0.003191,0.005166,0.003420,0.004075,0.003586,0.003203,0.003446,0.002292,75.14,137.94,66.75,166.38,69.83,168.18,89.30,-177.52,101.03,-159.03,117.26,-142.65,134.38,-124.79,149.58,0.0163,0.0073,0.0059,0.0074,0.0042,0.0037,0.0064,0.0087,0.0048,0.0065,0.0104,0.0063,0.0072,0.0041,0.0060
2026-08-05 09:03:37.148,81.766667,163,16,0.016964,0.0000,-142.13,0,0,0,60.0000,0.265,1.51332,0,0,0,0,0,0.003676,0.000741,0.006957,0.001811,0.007049,0.002511,0.007022,0.003199,0.005885,0.003592,0.004762,0.003509,0.003737,0.003196,0.002552,142.13,-36.25,-86.53,101.32,55.26,-129.50,-149.94,22.68,1.03,175.41,157.86,-34.51,-48.48,121.92,108.09,0.0163,0.0073,0.0059,0.0074,0.0042,0.0037,0.0064,0.0087,0.0048,0.0065,0.0104,0.0063,0.0072,0.0041,0.0060
2026-08-05 09:03:37.148,81.783333,163,17,0.015935,-0.0003,169.05,0,0,0,60.0000,0.265,1.51332,0,0,0,0,0,0.003151,0.000767,0.006242,0.001824,0.006496,0.002550,0.006138,0.003506,0.005315,0.003800,0.004212,0.003804,0.003199,0.003736,0.002274,-169.05,29.39,68.65,-84.42,-50.09,160.87,-153.04,61.02,101.98,-43.88,-3.97,-145.79,-107.31,110.61,148.41,0.0163,0.0073,0.0059,0.0074,0.0042,0.0037,0.0064,0.0087,0.0048,0.0065,0.0104,0.0063,0.0072,0.0041,0.0060
2026-08-05 09:03:37.148,81.800000,163,18,0.013592,0.0001,170.24,0,0,0,60.0000,0.265,1.51332,0,0,0,0,0,0.002494,0.000445,0.005152,0.001352,0.005376,0.001896,0.005110,0.002710,0.004623,0.002990,0.003810,0.003044,0.003077,0.003178,0.002310,-170.24,47.93,69.32,-78.27,-48.75,167.89,-149.93,68.44,105.64,-38.33,1.56,-139.63,-99.28,119.73,157.97,0.0163,0.0073,0.0059,0.0074,0.0042,0.0037,0.0064,0.0087,0.0048,0.0065,0.0104,0.0063,0.0072,0.0041,0.0060
2026-08-05 09:03:37.148,81.816667,163,19,0.013762,-0.0003,-127.36,0,0,0,60.0000,0.265,1.51332,0,0,0,0,0,0.002533,0.000633,0.005208,0.001629,0.005387,0.002231,0.005074,0.003035,0.004471,0.003405,0.003520,0.003375,0.002781,0.003455,0.002009,127.36,-121.91,-120.45,9.83,-5.13,132.84,126.57,-89.18,-104.68,40.56,23.91,173.03,156.15,-54.16,-75.20,0.0163,0.0073,0.0059,0.0074,0.0042,0.0037,0.0064,0.0087,0.0048,0.0065,0.0104,0.0063,0.0072,0.0041,0.0060
2026-08-05 09:03:37.148,81.833333,163,20,0.016357,-0.0004,139.80,0,0,0,60.0000,0.265,1.51332,0,0,0,0,0,0.003193,0.000779,0.006389,0.001990,0.006551,0.002771,0.006118,0.003750,0.005330,0.004119,0.004131,0.004026,0.003134,0.003920,0.002211,-139.80,77.57,156.59,28.03,96.00,-25.17,52.27,-65.95,4.54,-112.60,-43.41,-155.68,-88.38,159.69,-136.57,0.0163,0.0073,0.0059,0.0074,0.0042,0.0037,0.0064,0.0087,0.0048,0.0065,0.0104,0.0063,0.0072,0.0041,0.0060
2026-08-05 09:03:37.148,81.850000,163,21,0.015218,-0.0004,149.00,0,0,0,60.0000,0.265,1.51332,0,0,0,0,0,0.002931,0.000610,0.005911,0.001634,0.006200,0.002336,0.005753,0.003246,0.005076,0.003553,0.004145,0.003597,0.003161,0.003531,0.002280,-149.00,71.77,133.66,5.17,57.72,-67.20,-1.23,-123.56,-63.34,173.92,-125.95,114.87,174.78,54.66,112.27,0.0163,0.0073,0.0059,0.0074,0.0042,0.0037,0.0064,0.0087,0.0048,0.0065,0.0104,0.0063,0.0072,0.0041,0.0060
2026-08-05 09:03:37.148,81.866667,163,22,0.014173,-0.0000,160.07,0,0,0,60.0000,0.265,1.51332,0,0,0,0,0,0.002656,0.000882,0.005395,0.001923,0.005527,0.002535,0.005168,0.003418,0.004454,0.003728,0.003413,0.003617,0.002556,0.003674,0.001698,-160.07,18.40,99.20,-62.18,1.00,-149.03,-80.14,133.48,-164.98,51.56,108.38,-29.23,27.07,-112.00,-59.36,0.0163,0.0073,0.0059,0.0074,0.0042,0.0037,0.0064,0.0087,0.0048,0.0065,0.0104,0.0063,0.0072,0.0041,0.0060
2026-08-05 09:03:37.148,81.883333,163,23,0.014707,-0.0004,173.84,0,0,0,60.0000,0.265,1.51332,0,0,0,0,0,0.003365,0.001296,0.006176,0.001371,0.006007,0.001136,0.005195,0.002042,0.004081,0.002858,0.002770,0.003458,0.002110,0.003927,0.001860,-173.84,108.32,98.02,1.45,3.27,-127.92,-77.32,129.79,-164.93,37.59,102.02,-46.54,4.36,-125.99,-96.38,0.0163,0.0073,0.0059,0.0074,0.0042,0.0037,0.0064,0.0087,0.0048,0.0065,0.0104,0.0063,0.0072,0.0041,0.0060
2026-08-05 09:03:37.148,81.900000,163,24,0.015709,0.0002,-10.11,0,0,0,60.0000,0.265,1.51332,0,0,0,0,0,0.003564,0.001439,0.006543,0.001211,0.006233,0.000090,0.005349,0.000983,0.003925,0.002307,0.002207,0.003211,0.000843,0.004029,0.000439,10.11,128.26,-71.96,45.76,-157.20,30.56,131.53,100.30,57.32,18.89,-13.90,-57.00,-75.70,-128.30,-9.01,0.0163,0.0073,0.0059,0.0074,0.0042,0.0037,0.0064,0.0087,0.0048,0.0065,0.0104,0.0063,0.0072,0.0041,0.0060
2026-08-05 09:03:37.148,81.916667,163,25,0.014812,-0.0003,55.96,0,0,0,60.0000,0.265,1.51332,0,0,0,0,0,0.002970,0.001163,0.006018,0.001535,0.005870,0.002389,0.005693,0.002545,0.004858,0.003112,0.003835,0.003428,0.003082,0.003456,0.002328,-55.96,23.69,14.10,116.03,97.91,-134.74,-163.73,-31.24,-65.33,71.83,36.90,170.04,139.32,-88.11,-117.17,0.0163,0.0073,0.0059,0.0074,0.0042,0.0037,0.0064,0.0087,0.0048,0.0065,0.0104,0.0063,0.0072,0.0041,0.0060
2026-08-05 09:03:37.148,81.933333,163,26,0.013440,-0.0006,130.22,0,0,0,60.0000,0.265,1.51332,0,0,0,0,0,0.002779,0.001006,0.005350,0.001074,0.004901,0.002178,0.004844,0.002657,0.004362,0.003178,0.003740,0.003176,0.003058,0.003073,0.002147,-130.22,-126.70,157.55,-166.62,99.81,171.02,60.51,127.29,17.73,81.54,-23.83,36.26,-69.92,-1.94,-112.86,0.0163,0.0073,0.0059,0.0074,0.0042,0.0037,0.0064,0.0087,0.0048,0.0065,0.0104,0.0063,0.0072,0.0041,0.0060
2026-08-05 09:03:37.148,81.950000,163,27,0.014545,0.0000,-113.16,0,0,0,60.0000,0.265,1.51332,0,0,0,0,0,0.002863,0.000640,0.005664,0.001280,0.005469,0.002467,0.005581,0.002687,0.005023,0.003181,0.004001,0.003319,0.003343,0.003264,0.002456,113.16,29.60,-174.45,129.06,-92.40,-135.25,4.94,-41.71,96.96,54.00,-167.31,148.31,-70.82,-112.87,24.30,0.0163,0.0073,0.0059,0.0074,0.0042,0.0037,0.0064,0.0087,0.0048,0.0065,0.0104,0.0063,0.0072,0.0041,0.0060
2026-08-05 09:03:37.148,81.966667,163,28,0.014260,-0.0001,-162.51,0,0,0,60.0000,0.265,1.51332,0,0,0,0,0,0.002813,0.000867,0.005407,0.001628,0.005287,0.002839,0.005285,0.003014,0.004467,0.003603,0.003583,0.003738,0.002721,0.003610,0.001791,162.51,116.78,-19.58,-38.82,166.23,162.80,4.28,3.79,-158.11,-155.71,41.37,40.22,-123.09,-114.97,77.50,0.0163,0.0073,0.0059,0.0074,0.0042,0.0037,0.0064,0.0087,0.0048,0.0065,0.0104,0.0063,0.0072,0.0041,0.0060
2026-08-05 09:03:37.148,81.983333,163,29,0.014467,-0.0002,44.96,0,0,0,60.0000,0.265,1.51332,0,0,0,0,0,0.002723,0.000780,0.005572,0.001754,0.005670,0.002569,0.005329,0.003163,0.004793,0.003537,0.003765,0.003555,0.002851,0.003553,0.002090,-44.96,78.19,82.62,-143.96,-146.72,5.07,-0.90,154.58,144.20,-62.29,-72.75,84.85,75.68,-127.78,-141.68,0.0163,0.0073,0.0059,0.0074,0.0042,0.0037,0.0064,0.0087,0.0048,0.0065,0.0104,0.0063,0.0072,0.0041,0.0060
2026-08-05 09:03:37.659,82.000000,164,0,0.013502,-0.0002,-123.60,0,0,0,60.0000,0.261,2.25330,0,0,0,0,0,0.002462,0.000705,0.005094,0.001324,0.005277,0.002014,0.005084,0.002484,0.004782,0.002753,0.003893,0.002912,0.003208,0.003003,0.002472,123.60,127.25,-130.34,-146.00,-22.63,-31.10,102.55,89.35,-134.21,-154.48,-13.57,-31.38,114.49,91.87,-120.39,0.0097,0.0144,0.0054,0.0013,0.0043,0.0063,0.0066,0.0029,0.0028,0.0042,0.0041,0.0062,0.0027,0.0037,0.0046
2026-08-05 09:03:37.659,82.016667,164,1,0.016533,0.0001,-140.35,0,0,0,60.0000,0.261,2.25330,0,0,0,0,0,0.003294,0.001433,0.006542,0.002687,0.006608,0.003481,0.005967,0.004132,0.005259,0.004274,0.003824,0.004212,0.002706,0.003920,0.001710,140.35,62.25,-84.05,-144.02,55.36,18.51,-149.86,176.32,2.00,-27.36,155.18,127.98,-53.02,-74.55,97.72,0.0097,0.0144,0.0054,0.0013,0.0043,0.0063,0.0066,0.0029,0.0028,0.0042,0.0041,0.0062,0.0027,0.0037,0.0046
2026-08-05 09:03:37.659,82.033333,164,2,0.014374,0.0004,-130.22,0,0,0,60.0000,0.261,2.25330,0,0,0,0,0,0.002897,0.000650,0.005595,0.001589,0.005860,0.002345,0.005477,0.002883,0.005041,0.003168,0.003954,0.003174,0.003011,0.003206,0.002275,130.22,143.42,-107.42,-128.37,14.32,8.53,154.97,141.99,-68.61,-82.65,69.39,54.95,-150.19,-167.22,-14.06,0.0097,0.0144,0.0054,0.0013,0.0043,0.0063,0.0066,0.0029,0.0028,0.0042,0.0041,0.0062,0.0027,0.0037,0.0046
2026-08-05 09:03:37.659,82.050000,164,3,0.017594,0.0004,-23.02,0,0,0,60.0000,0.261,2.25330,0,0,0,0,0,0.003578,0.000673,0.007161,0.002074,0.007442,0.002965,0.006908,0.003643,0.005984,0.004090,0.004688,0.003959,0.003544,0.003742,0.002372,23.02,-122.30,-79.81,136.28,-177.47,54.64,101.51,-32.27,14.86,-116.29,-68.34,161.82,-148.63,78.96,127.33,0.0097,0.0144,0.0054,0.0013,0.0043,0.0063,0.0066,0.0029,0.0028,0.0042,0.0041,0.0062,0.0027,0.0037,0.0046
2026-08-05 09:03:37.659,82.066667,164,4,0.017925,0.0001,129.12,0,0,0,60.0000,0.261,2.25330,0,0,0,0,0,0.003650,0.001277,0.007529,0.002017,0.007925,0.002394,0.007405,0.002782,0.006580,0.002989,0.005396,0.002843,0.004318,0.002683,0.003090,-129.12,6.59,-172.52,-59.95,149.56,-96.24,126.69,-133.65,99.71,-168.55,75.86,165.01,55.79,135.16,35.61,0.0097,0.0144,0.0054,0.0013,0.0043,0.0063,0.0066,0.0029,0.0028,0.0042,0.0041,0.0062,0.0027,0.0037,0.0046
2026-08-05 09:03:37.659,82.083333,164,5,0.021015,-0.0000,106.09,0,0,0,60.0000,0.261,2.25330,0,0,0,0,0,0.005736,0.003999,0.010191,0.003858,0.009795,0.002774,0.008198,0.001139,0.006041,0.001441,0.003718,0.002678,0.002399,0.003616,0.001978,-106.09,90.00,-52.99,141.07,-3.65,-160.32,56.82,-132.12,110.39,-168.74,162.27,-123.10,-157.43,-61.97,-124.82,0.0097,0.0144,0.0054,0.0013,0.0043,0.0063,0.0066,0.0029,0.0028,0.0042,0.0041,0.0062,0.0027,0.0037,0.0046
2026-08-05 09:03:37.659,82.100000,164,6,0.019080,-0.0002,84.77,0,0,0,60.0000,0.261,2.25330,0,0,0,0,0,0.004262,0.001006,0.008378,0.000531,0.007960,0.000765,0.006783,0.002040,0.004836,0.003450,0.002786,0.004366,0.001419,0.005031,0.001149,-84.77,123.99,-40.06,-160.38,11.76,-23.43,79.39,77.21,142.84,148.05,-144.08,-145.94,-54.00,-80.06,69.66,0.0097,0.0144,0.0054,0.0013,0.0043,0.0063,0.0066,0.0029,0.0028,0.0042,0.0041,0.0062,0.0027,0.0037,0.0046
2026-08-05 09:03:37.659,82.116667,164,7,0.015876,-0.0003,107.77,0,0,0,60.0000,0.261,2.25330,0,0,0,0,0,0.003508,0.001312,0.006907,0.001477,0.006648,0.002086,0.006135,0.002770,0.004981,0.003450,0.003842,0.003716,0.003158,0.003632,0.002359,-107.77,108.06,-159.34,91.43,166.93,73.07,150.54,64.53,131.29,50.48,119.83,29.87,106.62,12.95,91.43,0.0097,0.0144,0.0054,0.0013,0.0043,0.0063,0.0066,0.0029,0.0028,0.0042,0.0041,0.0062,0.0027,0.0037,0.0046
2026-08-05 09:03:37.659,82.133333,164,8,0.015388,-0.0002,68.52,0,0,0,60.0000,0.261,2.25330,0,0,0,0,0,0.003156,0.000789,0.006193,0.001286,0.005980,0.002242,0.005800,0.003137,0.005161,0.003555,0.004252,0.003558,0.003441,0.003383,0.002347,-68.52,-158.04,-10.27,-60.13,60.38,15.90,149.72,100.24,-127.81,-176.72,-41.61,-93.24,41.97,-5.62,128.52,0.0097,0.0144,0.0054,0.0013,0.0043,0.0063,0.0066,0.0029,0.0028,0.0042,0.0041,0.0062,0.0027,0.0037,0.0046
2026-08-05 09:03:37.659,82.150000,164,9,0.016412,0.0003,129.44,0,0,0,60.0000,0.261,2.25330,0,0,0,0,0,0.003465,0.000716,0.006704,0.001682,0.006635,0.002461,0.006645,0.003045,0.005829,0.003254,0.004641,0.003374,0.003725,0.003198,0.002739,-129.44,149.24,174.40,102.43,130.71,44.69,101.70,5.56,65.76,-26.83,35.41,-61.27,5.52,-93.92,-24.98,0.0097,0.0144,0.0054,0.0013,0.0043,0.0063,0.0066,0.0029,0.0028,0.0042,0.0041,0.0062,0.0027,0.0037,0.0046
2026-08-05 09:03:37.659,82.166667,164,10,0.014181,0.0006,-60.55,0,0,0,60.0000,0.261,2.25330,0,0,0,0,0,0.002828,0.000528,0.005524,0.001510,0.005608,0.001982,0.005642,0.002616,0.004903,0.003040,0.004115,0.002905,0.003328,0.002908,0.002356,60.55,172.22,35.04,148.47,17.09,117.52,13.46,111.29,5.56,103.96,0.86,95.60,-6.67,94.51,-8.64,0.0097,0.0144,0.0054,0.0013,0.0043,0.0063,0.0066,0.0029,0.0028,0.0042,0.0041,0.0062,0.0027,0.0037,0.0046
2026-08-05 09:03:37.659,82.183333,164,11,0.013921,-0.0004,-10.90,0,0,0,60.0000,0.261,2.25330,0,0,0,0,0,0.002638,0.000564,0.005172,0.001495,0.005483,0.002065,0.005197,0.002871,0.004662,0.003242,0.003770,0.003320,0.002998,0.003385,0.002190,10.90,57.12,-108.01,-65.63,135.07,175.18,35.81,77.68,-67.61,-26.10,-170.03,-125.18,89.40,133.25,-12.55,0.0097,0.0144,0.0054,0.0013,0.0043,0.0063,0.0066,0.0029,0.0028,0.0042,0.0041,0.0062,0.0027,0.0037,0.0046
2026-08-05 09:03:37.659,82.200000,164,12,0.013339,-0.0002,168.33,0,0,0,60.0000,0.261,2.25330,0,0,0,0,0,0.002490,0.000630,0.005053,0.001524,0.005195,0.002135,0.004880,0.002978,0.004357,0.003275,0.003439,0.003224,0.002645,0.003366,0.001943,-168.33,22.91,71.59,-83.71,-46.11,164.17,-145.57,67.52,110.85,-35.59,5.98,-135.35,-93.69,125.27,162.06,0.0097,0.0144,0.0054,0.0013,0.0043,0.0063,0.0066,0.0029,0.0028,0.0042,0.0041,0.0062,0.0027,0.0037,0.0046
2026-08-05 09:03:37.659,82.216667,164,13,0.015482,-0.0002,112.15,0,0,0,60.0000,0.261,2.25330,0,0,0,0,0,0.002906,0.001240,0.006024,0.002350,0.006027,0.002997,0.005606,0.003780,0.004932,0.004123,0.003710,0.004000,0.002734,0.003821,0.001752,-112.15,92.79,-128.47,100.63,-138.69,104.22,-132.97,115.29,-130.38,120.78,-126.19,129.13,-121.65,135.90,-121.42,0.0097,0.0144,0.0054,0.0013,0.0043,0.0063,0.0066,0.0029,0.0028,0.0042,0.0041,0.0062,0.0027,0.0037,0.0046
2026-08-05 09:03:37.659,82.233333,164,14,0.015009,0.0002,-160.89,0,0,0,60.0000,0.261,2.25330,0,0,0,0,0,0.002865,0.000591,0.005902,0.001701,0.006043,0.002365,0.005674,0.003253,0.005038,0.003540,0.003967,0.003545,0.003106,0.003529,0.002237,160.89,-29.26,-20.79,155.31,161.39,-15.88,-0.21,-175.53,-164.95,19.71,29.62,-140.74,-133.22,56.44,62.93,0.0097,0.0144,0.0054,0.0013,0.0043,0.0063,0.0066,0.0029,0.0028,0.0042,0.0041,0.0062,0.0027,0.0037,0.0046
2026-08-05 09:03:37.659,82.250000,164,15,0.013759,0.0000,-114.08,0,0,0,60.0000,0.261,2.25330,0,0,0,0,0,0.002512,0.000602,0.005159,0.001596,0.005398,0.002240,0.005021,0.003011,0.004475,0.003358,0.003589,0.003403,0.002737,0.003478,0.001995,114.08,-136.74,-159.42,-34.80,-70.69,61.18,35.41,170.02,138.09,-86.50,-119.35,19.97,-12.57,126.01,88.75,0.0097,0.0144,0.0054,0.0013,0.0043,0.0063,0.0066,0.0029,0.0028,0.0042,0.0041,0.0062,0.0027,0.0037,0.0046
2026-08-05 09:03:37.659,82.266667,164,16,0.014362,0.0000,11.93,0,0,0,60.0000,0.261,2.25330,0,0,0,0,0,0.002728,0.000599,0.005403,0.001537,0.005635,0.002124,0.005392,0.003026,0.004791,0.003390,0.003859,0.003441,0.003048,0.003496,0.002243,-11.93,-14.29,-175.31,-166.94,22.66,33.37,-121.35,-108.49,91.02,104.29,-56.31,-39.73,158.93,174.34,12.76,0.0097,0.0144,0.0054,0.0013,0.0043,0.0063,0.0066,0.0029,0.0028,0.0042,0.0041,0.0062,0.0027,0.0037,0.0046
2026-08-05 09:03:37.659,82.283333,164,17,0.015503,-0.0007,-141.80,0,0,0,60.0000,0.261,2.25330,0,0,0,0,0,0.003814,0.001794,0.006662,0.001589,0.006447,0.000726,0.005602,0.001433,0.004182,0.002323,0.002671,0.003147,0.001657,0.003943,0.001289,141.80,23.70,-27.34,-150.42,157.68,3.42,-3.39,155.98,-170.38,-28.31,18.23,163.99,-162.15,1.42,-6.15,0.0097,0.0144,0.0054,0.0013,0.0043,0.0063,0.0066,0.0029,0.0028,0.0042,0.0041,0.0062,0.0027,0.0037,0.0046
2026-08-05 09:03:37.659,82.300000,164,18,0.014929,-0.0000,-66.47,0,0,0,60.0000,0.261,2.25330,0,0,0,0,0,0.003143,0.001010,0.006099,0.000774,0.005699,0.000826,0.004887,0.001477,0.003552,0.002745,0.002105,0.003610,0.001521,0.004230,0.001625,66.47,-114.33,70.18,-95.16,77.46,12.08,100.49,68.98,123.37,93.62,158.75,113.06,-145.64,133.72,-91.74,0.0097,0.0144,0.0054,0.0013,0.0043,0.0063,0.0066,0.0029,0.0028,0.0042,0.0041,0.0062,0.0027,0.0037,0.0046
2026-08-05 09:03:37.659,82.316667,164,19,0.014332,0.0001,141.19,0,0,0,60.0000,0.261,2.25330,0,0,0,0,0,0.002897,0.001304,0.005732,0.001597,0.005478,0.002382,0.005269,0.002638,0.004422,0.003340,0.003521,0.003625,0.002874,0.003608,0.002116,-141.19,-148.93,113.24,126.76,22.47,66.06,-51.51,-2.41,-126.85,-72.73,162.43,-148.43,89.98,138.67,16.39,0.0097,0.0144,0.0054,0.0013,0.0043,0.0063,0.0066,0.0029,0.0028,0.0042,0.0041,0.0062,0.0027,0.0037,0.0046
2026-08-05 09:03:37.659,82.333333,164,20,0.017159,0.0000,139.49,0,0,0,60.0000,0.261,2.25330,0,0,0,0,0,0.003682,0.001279,0.007191,0.002109,0.006855,0.003474,0.006678,0.003876,0.005573,0.004331,0.004224,0.004086,0.003007,0.003772,0.001822,-139.49,-141.12,138.47,168.01,69.61,117.84,13.49,63.24,-44.70,6.79,-101.26,-49.02,-159.40,-100.50,144.77,0.0097,0.0144,0.0054,0.0013,0.0043,0.0063,0.0066,0.0029,0.0028,0.0042,0.0041,0.0062,0.0027,0.0037,0.0046
2026-08-05 09:03:37.659,82.350000,164,21,0.014355,0.0001,110.04,0,0,0,60.0000,0.261,2.25330,0,0,0,0,0,0.003147,0.000916,0.005551,0.001342,0.005242,0.002748,0.005454,0.002953,0.004806,0.003337,0.003767,0.003472,0.002998,0.003392,0.002167,-110.04,-89.82,-134.27,-68.03,-143.73,-58.91,-138.43,-59.57,-139.57,-53.06,-135.24,-49.99,-129.98,-47.50,-130.29,0.0097,0.0144,0.0054,0.0013,0.0043,0.0063,0.0066,0.0029,0.0028,0.0042,0.0041,0.0062,0.0027,0.0037,0.0046
2026-08-05 09:03:37.659,82.366667,164,22,0.013608,-0.0004,-148.40,0,0,0,60.0000,0.261,2.25330,0,0,0,0,0,0.002833,0.000504,0.005228,0.001380,0.005202,0.002409,0.005285,0.002553,0.004532,0.003163,0.003799,0.003083,0.002923,0.003121,0.002102,148.40,122.92,-65.59,-77.96,89.08,82.77,-103.99,-106.07,63.56,58.47,-127.61,-137.61,39.83,33.92,-149.28,0.0097,0.0144,0.0054,0.0013,0.0043,0.0063,0.0066,0.0029,0.0028,0.0042,0.0041,0.0062,0.0027,0.0037,0.0046
2026-08-05 09:03:37.659,82.383333,164,23,0.013011,0.0001,-141.39,0,0,0,60.0000,0.261,2.25330,0,0,0,0,0,0.002422,0.000477,0.004945,0.001201,0.005091,0.001925,0.004973,0.002315,0.004618,0.002591,0.003759,0.002772,0.003117,0.002832,0.002433,141.39,126.12,-75.93,-103.41,66.07,56.95,-132.99,-142.68,25.98,11.13,-175.99,171.66,-13.68,-29.21,145.93,0.0097,0.0144,0.0054,0.0013,0.0043,0.0063,0.0066,0.0029,0.0028,0.0042,0.0041,0.0062,0.0027,0.0037,0.0046
2026-08-05 09:03:37.659,82.400000,164,24,0.013276,0.0000,43.89,0,0,0,60.0000,0.261,2.25330,0,0,0,0,0,0.002468,0.000541,0.004997,0.001313,0.005110,0.002168,0.004925,0.002614,0.004553,0.002937,0.003634,0.003164,0.002974,0.003124,0.002278,-43.89,110.96,89.68,-123.55,-136.99,31.74,14.49,-179.23,164.10,-32.81,-47.68,118.60,105.51,-91.35,-107.09,0.0097,0.0144,0.0054,0.0013,0.0043,0.0063,0.0066,0.0029,0.0028,0.0042,0.0041,0.0062,0.0027,0.0037,0.0046
2026-08-05 09:03:37.659,82.416667,164,25,0.013773,-0.0001,109.28,0,0,0,60.0000,0.261,2.25330,0,0,0,0,0,0.002663,0.000612,0.005126,0.001402,0.005440,0.002011,0.005146,0.002537,0.004882,0.002818,0.003951,0.002978,0.003257,0.003111,0.002603,-109.28,21.66,-114.19,-8.23,-115.85,1.58,-98.69,10.79,-85.89,21.86,-71.38,33.51,-54.13,49.30,-39.23,0.0097,0.0144,0.0054,0.0013,0.0043,0.0063,0.0066,0.0029,0.0028,0.0042,0.0041,0.0062,0.0027,0.0037,0.0046
2026-08-05 09:03:37.659,82.433333,164,26,0.013204,-0.0004,8.83,0,0,0,60.0000,0.261,2.25330,0,0,0,0,0,0.002579,0.000502,0.004891,0.001466,0.005150,0.002100,0.004868,0.002679,0.004538,0.003013,0.003599,0.003122,0.002806,0.003178,0.002169,-8.83,178.10,-165.99,12.13,35.94,-121.11,-101.98,95.74,115.49,-45.81,-25.19,172.43,-162.51,31.68,54.18,0.0097,0.0144,0.0054,0.0013,0.0043,0.0063,0.0066,0.0029,0.0028,0.0042,0.0041,0.0062,0.0027,0.0037,0.0046
2026-08-05 09:03:37.659,82.450000,164,27,0.013163,-0.0003,165.95,0,0,0,60.0000,0.261,2.25330,0,0,0,0,0,0.002398,0.000495,0.004709,0.001347,0.005177,0.001834,0.004801,0.002391,0.004476,0.002852,0.003779,0.002966,0.003122,0.003020,0.002483,-165.95,-123.20,75.16,108.15,-40.93,10.75,-136.55,-95.38,121.02,164.62,20.36,65.71,-74.34,-32.81,-173.26,0.0097,0.0144,0.0054,0.0013,0.0043,0.0063,0.0066,0.0029,0.0028,0.0042,0.0041,0.0062,0.0027,0.0037,0.0046
2026-08-05 09:03:37.659,82.466667,164,28,0.013685,-0.0000,-123.13,0,0,0,60.0000,0.261,2.25330,0,0,0,0,0,0.002588,0.000577,0.005087,0.001464,0.005454,0.002020,0.005109,0.002508,0.004711,0.002974,0.003876,0.003056,0.003174,0.003125,0.002473,123.13,112.10,-137.44,-165.48,-33.95,-45.27,89.09,65.60,-155.27,-179.11,-37.07,-59.60,86.20,60.81,-154.34,0.0097,0.0144,0.0054,0.0013,0.0043,0.0063,0.0066,0.0029,0.0028,0.0042,0.0041,0.0062,0.0027,0.0037,0.0046
2026-08-05 09:03:37.659,82.483333,164,29,0.016444,0.0002,79.74,0,0,0,60.0000,0.261,2.25330,0,0,0,0,0,0.004329,0.002489,0.007277,0.002247,0.007216,0.001532,0.006175,0.000665,0.004794,0.001500,0.003086,0.002520,0.001937,0.003425,0.001231,-79.74,137.37,33.70,-113.96,141.80,4.50,-96.05,65.67,18.42,117.03,131.97,-134.16,-120.66,-14.50,-38.06,0.0097,0.0144,0.0054,0.0013,0.0043,0.0063,0.0066,0.0029,0.0028,0.0042,0.0041,0.0062,0.0027,0.0037,0.0046
