host_time,t_s,seq,cycle,irms,p_w,phase_deg,range,over_count,over_range,freq_hz,vrms,thd_v,pll_locked,cal_applied,win_range,win_over_range_count,win_clip_volt_count,ih1,ih2,ih3,ih4,ih5,ih6,ih7,ih8,ih9,ih10,ih11,ih12,ih13,ih14,ih15,ihdeg1,ihdeg2,ihdeg3,ihdeg4,ihdeg5,ihdeg6,ihdeg7,ihdeg8,ihdeg9,ihdeg10,ihdeg11,ihdeg12,ihdeg13,ihdeg14,ihdeg15,vh1,vh2,vh3,vh4,vh5,vh6,vh7,vh8,vh9,vh10,vh11,vh12,vh13,vh14,vh15
2026-08-06 10:54:00.932,0.000000,154,0,0.007573,-1.5499,166.07,0,0,0,60.0269,219.286,0.08701,1,0,0,0,0,0.007266,0.000208,0.000922,0.000114,0.001167,0.000074,0.000634,0.000024,0.000640,0.000038,0.000659,0.000058,0.000338,0.000070,0.000648,-166.07,-171.68,-115.79,-103.97,-41.32,98.92,46.82,68.33,97.56,129.01,174.26,-158.81,-70.71,-166.10,0.71,218.5930,4.9873,4.9600,3.8028,14.7480,2.2375,1.3838,0.7776,3.6035,0.5866,6.1301,0.8004,2.2934,0.6793,3.9970
2026-08-06 10:54:00.932,0.016667,154,1,0.007585,-1.5510,165.80,0,0,0,60.0269,219.286,0.08701,1,0,0,0,0,0.007278,0.000192,0.000934,0.000120,0.001153,0.000048,0.000643,0.000045,0.000604,0.000064,0.000700,0.000070,0.000348,0.000034,0.000641,-165.80,-171.58,-118.04,-103.47,-41.27,80.37,46.83,-27.37,91.52,99.18,174.17,164.91,-74.52,-132.05,5.25,218.5930,4.9873,4.9600,3.8028,14.7480,2.2375,1.3838,0.7776,3.6035,0.5866,6.1301,0.8004,2.2934,0.6793,3.9970
2026-08-06 10:54:00.932,0.033333,154,2,0.007571,-1.5456,165.91,0,0,0,60.0269,219.286,0.08701,1,0,0,0,0,0.007246,0.000200,0.000933,0.000145,0.001197,0.000024,0.000631,0.000040,0.000635,0.000045,0.000726,0.000102,0.000343,0.000051,0.000564,-165.91,176.18,-117.30,-129.50,-40.26,21.13,41.03,-172.79,92.40,44.74,177.14,109.50,-62.99,-103.40,-1.27,218.5930,4.9873,4.9600,3.8028,14.7480,2.2375,1.3838,0.7776,3.6035,0.5866,6.1301,0.8004,2.2934,0.6793,3.9970
2026-08-06 10:54:00.932,0.050000,154,3,0.007594,-1.5535,166.31,0,0,0,60.0269,219.286,0.08701,1,0,0,0,0,0.007270,0.000257,0.000938,0.000107,0.001232,0.000045,0.000681,0.000031,0.000601,0.000046,0.000648,0.000033,0.000393,0.000111,0.000653,-166.31,-165.67,-114.29,-105.85,-43.45,104.38,47.21,55.45,92.08,91.26,178.65,-134.37,-73.12,134.14,2.89,218.5930,4.9873,4.9600,3.8028,14.7480,2.2375,1.3838,0.7776,3.6035,0.5866,6.1301,0.8004,2.2934,0.6793,3.9970
2026-08-06 10:54:00.932,0.066667,154,4,0.007640,-1.5661,166.27,0,0,0,60.0269,219.286,0.08701,1,0,0,0,0,0.007332,0.000214,0.000917,0.000134,0.001228,0.000092,0.000631,0.000028,0.000615,0.000098,0.000632,0.000084,0.000301,0.000068,0.000612,-166.27,174.92,-118.22,-111.10,-43.30,61.38,44.19,-35.83,92.88,88.34,178.12,122.04,-64.04,-165.94,0.23,218.5930,4.9873,4.9600,3.8028,14.7480,2.2375,1.3838,0.7776,3.6035,0.5866,6.1301,0.8004,2.2934,0.6793,3.9970
2026-08-06 10:54:00.932,0.083333,154,5,0.007541,-1.5454,166.36,0,0,0,60.0269,219.286,0.08701,1,0,0,0,0,0.007232,0.000228,0.000896,0.000188,0.001151,0.000020,0.000617,0.000046,0.000675,0.000063,0.000643,0.000073,0.000374,0.000013,0.000661,-166.36,-176.56,-118.39,-86.16,-41.79,92.81,47.44,-163.60,101.37,24.60,178.27,118.52,-61.32,102.20,0.76,218.5930,4.9873,4.9600,3.8028,14.7480,2.2375,1.3838,0.7776,3.6035,0.5866,6.1301,0.8004,2.2934,0.6793,3.9970
2026-08-06 10:54:00.932,0.100000,154,6,0.007594,-1.5473,165.76,0,0,0,60.0269,219.286,0.08701,1,0,0,0,0,0.007263,0.000181,0.000931,0.000120,0.001278,0.000047,0.000619,0.000066,0.000651,0.000066,0.000683,0.000128,0.000342,0.000085,0.000582,-165.76,-175.65,-114.12,-144.72,-38.93,148.42,46.04,52.25,97.09,97.81,171.57,164.64,-72.50,158.81,2.12,218.5930,4.9873,4.9600,3.8028,14.7480,2.2375,1.3838,0.7776,3.6035,0.5866,6.1301,0.8004,2.2934,0.6793,3.9970
2026-08-06 10:54:00.932,0.116667,154,7,0.007633,-1.5628,166.23,0,0,0,60.0269,219.286,0.08701,1,0,0,0,0,0.007310,0.000241,0.000945,0.000137,0.001203,0.000032,0.000665,0.000033,0.000628,0.000066,0.000664,0.000088,0.000336,0.000022,0.000679,-166.23,-178.91,-117.62,-107.67,-43.06,-41.16,49.42,-77.43,94.83,50.86,176.62,79.33,-58.29,117.85,-0.49,218.5930,4.9873,4.9600,3.8028,14.7480,2.2375,1.3838,0.7776,3.6035,0.5866,6.1301,0.8004,2.2934,0.6793,3.9970
2026-08-06 10:54:00.932,0.133333,154,8,0.007545,-1.5470,166.32,0,0,0,60.0269,219.286,0.08701,1,0,0,0,0,0.007244,0.000154,0.000884,0.000097,0.001183,0.000053,0.000584,0.000081,0.000680,0.000023,0.000696,0.000074,0.000396,0.000066,0.000564,-166.32,178.46,-117.85,-120.23,-39.05,95.98,46.04,85.35,98.30,82.35,175.08,172.10,-61.85,-167.72,-5.32,218.5930,4.9873,4.9600,3.8028,14.7480,2.2375,1.3838,0.7776,3.6035,0.5866,6.1301,0.8004,2.2934,0.6793,3.9970
2026-08-06 10:54:00.932,0.150000,154,9,0.007606,-1.5532,165.90,0,0,0,60.0269,219.286,0.08701,1,0,0,0,0,0.007280,0.000179,0.000991,0.000097,0.001214,0.000044,0.000575,0.000037,0.000590,0.000107,0.000705,0.000110,0.000354,0.000044,0.000652,-165.90,179.08,-115.34,-117.30,-42.58,-152.40,42.01,65.63,92.59,98.05,171.96,142.17,-72.36,113.20,2.77,218.5930,4.9873,4.9600,3.8028,14.7480,2.2375,1.3838,0.7776,3.6035,0.5866,6.1301,0.8004,2.2934,0.6793,3.9970
2026-08-06 10:54:00.932,0.166667,154,10,0.007563,-1.5464,166.48,0,0,0,60.0269,219.286,0.08701,1,0,0,0,0,0.007236,0.000179,0.000951,0.000108,0.001225,0.000084,0.000632,0.000051,0.000615,0.000077,0.000704,0.000039,0.000355,0.000013,0.000598,-166.48,-158.77,-121.44,-130.74,-39.37,-25.59,47.88,-86.42,89.13,35.44,178.08,138.25,-60.28,-65.22,5.56,218.5930,4.9873,4.9600,3.8028,14.7480,2.2375,1.3838,0.7776,3.6035,0.5866,6.1301,0.8004,2.2934,0.6793,3.9970
2026-08-06 10:54:00.932,0.183333,154,11,0.007613,-1.5532,165.96,0,0,0,60.0269,219.286,0.08701,1,0,0,0,0,0.007285,0.000167,0.000938,0.000106,0.001251,0.000019,0.000630,0.000044,0.000626,0.000034,0.000737,0.000047,0.000399,0.000026,0.000616,-165.96,-174.72,-119.57,-107.37,-38.47,20.54,42.96,49.93,91.29,96.53,171.77,-169.61,-66.01,166.18,6.51,218.5930,4.9873,4.9600,3.8028,14.7480,2.2375,1.3838,0.7776,3.6035,0.5866,6.1301,0.8004,2.2934,0.6793,3.9970
2026-08-06 10:54:00.932,0.200000,154,12,0.007523,-1.5396,166.05,0,0,0,60.0269,219.286,0.08701,1,0,0,0,0,0.007214,0.000218,0.000845,0.000118,0.001196,0.000060,0.000565,0.000025,0.000608,0.000128,0.000721,0.000080,0.000370,0.000031,0.000666,-166.05,-166.38,-119.50,-127.29,-40.56,66.46,46.00,-48.05,90.64,101.87,175.85,127.38,-72.03,36.27,0.45,218.5930,4.9873,4.9600,3.8028,14.7480,2.2375,1.3838,0.7776,3.6035,0.5866,6.1301,0.8004,2.2934,0.6793,3.9970
2026-08-06 10:54:00.932,0.216667,154,13,0.007547,-1.5453,166.42,0,0,0,60.0269,219.286,0.08701,1,0,0,0,0,0.007230,0.000159,0.000937,0.000139,0.001171,0.000024,0.000644,0.000016,0.000673,0.000033,0.000738,0.000029,0.000366,0.000068,0.000575,-166.42,-161.53,-118.21,-127.21,-38.39,-12.57,48.99,-177.96,94.16,-117.72,176.61,98.99,-59.70,-93.61,-1.09,218.5930,4.9873,4.9600,3.8028,14.7480,2.2375,1.3838,0.7776,3.6035,0.5866,6.1301,0.8004,2.2934,0.6793,3.9970
2026-08-06 10:54:00.932,0.233333,154,14,0.007575,-1.5456,165.63,0,0,0,60.0269,219.286,0.08701,1,0,0,0,0,0.007256,0.000168,0.000946,0.000165,0.001239,0.000086,0.000642,0.000071,0.000621,0.000077,0.000686,0.000070,0.000346,0.000028,0.000567,-165.63,-159.72,-117.36,-124.43,-40.51,73.84,43.77,40.88,91.33,111.41,170.64,167.96,-70.00,138.46,-1.86,218.5930,4.9873,4.9600,3.8028,14.7480,2.2375,1.3838,0.7776,3.6035,0.5866,6.1301,0.8004,2.2934,0.6793,3.9970
2026-08-06 10:54:00.932,0.250000,154,15,0.007573,-1.5543,166.46,0,0,0,60.0269,219.286,0.08701,1,0,0,0,0,0.007266,0.000258,0.000875,0.000099,0.001203,0.000029,0.000625,0.000021,0.000605,0.000117,0.000709,0.000105,0.000307,0.000049,0.000622,-166.46,-178.03,-116.76,-144.99,-43.09,77.96,49.48,158.40,96.70,89.95,178.53,149.93,-66.84,103.70,-2.55,218.5930,4.9873,4.9600,3.8028,14.7480,2.2375,1.3838,0.7776,3.6035,0.5866,6.1301,0.8004,2.2934,0.6793,3.9970
2026-08-06 10:54:00.932,0.266667,154,16,0.007502,-1.5361,166.20,0,0,0,60.0269,219.286,0.08701,1,0,0,0,0,0.007193,0.000181,0.000920,0.000158,0.001140,0.000057,0.000630,0.000054,0.000670,0.000017,0.000696,0.000059,0.000374,0.000030,0.000616,-166.20,-156.50,-117.63,-91.13,-40.85,115.92,44.67,101.64,95.81,-12.07,172.50,162.78,-68.74,-139.31,0.82,218.5930,4.9873,4.9600,3.8028,14.7480,2.2375,1.3838,0.7776,3.6035,0.5866,6.1301,0.8004,2.2934,0.6793,3.9970
2026-08-06 10:54:00.932,0.283333,154,17,0.007553,-1.5461,166.31,0,0,0,60.0269,219.286,0.08701,1,0,0,0,0,0.007233,0.000219,0.000922,0.000083,0.001194,0.000014,0.000625,0.000065,0.000641,0.000088,0.000704,0.000105,0.000341,0.000010,0.000655,-166.31,-169.48,-119.87,-111.53,-42.14,16.96,43.30,31.98,92.21,72.77,173.33,154.11,-70.86,133.81,1.16,218.5930,4.9873,4.9600,3.8028,14.7480,2.2375,1.3838,0.7776,3.6035,0.5866,6.1301,0.8004,2.2934,0.6793,3.9970
2026-08-06 10:54:00.932,0.300000,154,18,0.007629,-1.5638,166.24,0,0,0,60.0269,219.286,0.08701,1,0,0,0,0,0.007322,0.000208,0.000947,0.000129,0.001170,0.000015,0.000587,0.000040,0.000585,0.000052,0.000719,0.000052,0.000379,0.000024,0.000628,-166.24,-169.64,-117.02,-127.75,-41.91,-18.93,45.80,-84.27,93.00,57.09,176.67,98.76,-59.38,176.23,4.86,218.5930,4.9873,4.9600,3.8028,14.7480,2.2375,1.3838,0.7776,3.6035,0.5866,6.1301,0.8004,2.2934,0.6793,3.9970
2026-08-06 10:54:00.932,0.316667,154,19,0.007586,-1.5514,166.56,0,0,0,60.0269,219.286,0.08701,1,0,0,0,0,0.007258,0.000153,0.000961,0.000113,0.001246,0.000047,0.000631,0.000063,0.000672,0.000022,0.000699,0.000008,0.000368,0.000063,0.000585,-166.56,-169.58,-116.98,-127.31,-39.48,156.78,46.43,108.90,93.08,-124.64,176.85,-30.57,-71.62,131.80,3.24,218.5930,4.9873,4.9600,3.8028,14.7480,2.2375,1.3838,0.7776,3.6035,0.5866,6.1301,0.8004,2.2934,0.6793,3.9970
2026-08-06 10:54:00.932,0.333333,154,20,0.007557,-1.5474,166.50,0,0,0,60.0269,219.286,0.08701,1,0,0,0,0,0.007239,0.000124,0.000967,0.000148,0.001194,0.000034,0.000626,0.000015,0.000602,0.000062,0.000698,0.000085,0.000338,0.000045,0.000578,-166.50,-170.29,-116.17,-131.24,-40.33,33.79,51.52,-167.09,90.93,97.54,174.22,151.12,-60.42,-166.28,3.04,218.5930,4.9873,4.9600,3.8028,14.7480,2.2375,1.3838,0.7776,3.6035,0.5866,6.1301,0.8004,2.2934,0.6793,3.9970
2026-08-06 10:54:00.932,0.350000,154,21,0.007530,-1.5435,166.36,0,0,0,60.0269,219.286,0.08701,1,0,0,0,0,0.007225,0.000159,0.000931,0.000132,0.001185,0.000045,0.000602,0.000042,0.000588,0.000046,0.000676,0.000067,0.000345,0.000027,0.000608,-166.36,-168.82,-117.94,-104.92,-40.59,23.47,49.12,97.12,100.37,106.18,174.41,169.06,-55.27,-136.34,2.16,218.5930,4.9873,4.9600,3.8028,14.7480,2.2375,1.3838,0.7776,3.6035,0.5866,6.1301,0.8004,2.2934,0.6793,3.9970
2026-08-06 10:54:00.932,0.366667,154,22,0.007586,-1.5507,166.11,0,0,0,60.0269,219.286,0.08701,1,0,0,0,0,0.007266,0.000152,0.000946,0.000114,0.001206,0.000042,0.000621,0.000066,0.000657,0.000033,0.000689,0.000101,0.000343,0.000056,0.000591,-166.11,-172.40,-117.35,-101.18,-42.18,88.61,44.51,96.40,94.25,98.19,172.73,-179.49,-64.43,176.26,5.57,218.5930,4.9873,4.9600,3.8028,14.7480,2.2375,1.3838,0.7776,3.6035,0.5866,6.1301,0.8004,2.2934,0.6793,3.9970
2026-08-06 10:54:00.932,0.383333,154,23,0.007586,-1.5519,165.87,0,0,0,60.0269,219.286,0.08701,1,0,0,0,0,0.007275,0.000219,0.000898,0.000136,0.001202,0.000036,0.000672,0.000077,0.000596,0.000076,0.000633,0.000050,0.000316,0.000048,0.000628,-165.87,-167.53,-119.55,-91.79,-42.15,173.66,46.19,-76.60,96.12,88.18,173.39,168.88,-57.60,47.30,5.63,218.5930,4.9873,4.9600,3.8028,14.7480,2.2375,1.3838,0.7776,3.6035,0.5866,6.1301,0.8004,2.2934,0.6793,3.9970
2026-08-06 10:54:00.932,0.400000,154,24,0.007533,-1.5380,165.51,0,0,0,60.0269,219.286,0.08701,1,0,0,0,0,0.007225,0.000141,0.000899,0.000134,0.001138,0.000004,0.000632,0.000093,0.000632,0.000035,0.000743,0.000006,0.000462,0.000055,0.000693,-165.51,-153.36,-120.93,-100.06,-39.91,-153.52,44.87,144.26,97.97,-110.31,176.71,-26.93,-65.45,144.83,-4.97,218.5930,4.9873,4.9600,3.8028,14.7480,2.2375,1.3838,0.7776,3.6035,0.5866,6.1301,0.8004,2.2934,0.6793,3.9970
2026-08-06 10:54:00.932,0.416667,154,25,0.007634,-1.5613,166.04,0,0,0,60.0269,219.286,0.08701,1,0,0,0,0,0.007313,0.000220,0.000936,0.000163,0.001221,0.000044,0.000607,0.000023,0.000645,0.000058,0.000685,0.000081,0.000321,0.000043,0.000617,-166.04,-170.31,-120.37,-108.61,-42.85,-14.42,46.83,14.83,93.83,84.46,175.38,167.08,-64.42,159.15,8.26,218.5930,4.9873,4.9600,3.8028,14.7480,2.2375,1.3838,0.7776,3.6035,0.5866,6.1301,0.8004,2.2934,0.6793,3.9970
2026-08-06 10:54:00.932,0.433333,154,26,0.007603,-1.5593,166.52,0,0,0,60.0269,219.286,0.08701,1,0,0,0,0,0.007292,0.000212,0.000895,0.000122,0.001218,0.000056,0.000651,0.000074,0.000632,0.000031,0.000724,0.000053,0.000297,0.000019,0.000617,-166.52,170.04,-117.53,-102.96,-41.39,58.21,42.94,-156.97,95.52,-40.07,173.64,78.99,-71.46,0.71,-6.91,218.5930,4.9873,4.9600,3.8028,14.7480,2.2375,1.3838,0.7776,3.6035,0.5866,6.1301,0.8004,2.2934,0.6793,3.9970
2026-08-06 10:54:00.932,0.450000,154,27,0.007573,-1.5467,166.15,0,0,0,60.0269,219.286,0.08701,1,0,0,0,0,0.007250,0.000191,0.000972,0.000133,0.001211,0.000053,0.000604,0.000133,0.000653,0.000064,0.000695,0.000043,0.000408,0.000137,0.000597,-166.15,-156.25,-116.72,-85.93,-40.49,77.01,44.96,56.98,92.87,98.14,175.18,145.88,-75.65,160.07,-0.06,218.5930,4.9873,4.9600,3.8028,14.7480,2.2375,1.3838,0.7776,3.6035,0.5866,6.1301,0.8004,2.2934,0.6793,3.9970
2026-08-06 10:54:00.932,0.466667,154,28,0.007535,-1.5381,166.04,0,0,0,60.0269,219.286,0.08701,1,0,0,0,0,0.007205,0.000204,0.000897,0.000102,0.001245,0.000057,0.000634,0.000023,0.000576,0.000109,0.000706,0.000084,0.000394,0.000028,0.000700,-166.04,-178.91,-119.78,-126.13,-41.00,84.09,45.44,-19.67,92.13,71.98,173.72,95.68,-77.05,65.18,-4.81,218.5930,4.9873,4.9600,3.8028,14.7480,2.2375,1.3838,0.7776,3.6035,0.5866,6.1301,0.8004,2.2934,0.6793,3.9970
2026-08-06 10:54:00.932,0.483333,154,29,0.007513,-1.5357,166.07,0,0,0,60.0269,219.286,0.08701,1,0,0,0,0,0.007196,0.000184,0.000903,0.000141,0.001175,0.000005,0.000625,0.000030,0.000613,0.000009,0.000771,0.000034,0.000398,0.000026,0.000599,-166.07,-154.40,-119.21,-106.99,-40.41,-30.61,45.19,-97.02,93.80,79.43,176.84,32.27,-61.95,-58.87,-0.13,218.5930,4.9873,4.9600,3.8028,14.7480,2.2375,1.3838,0.7776,3.6035,0.5866,6.1301,0.8004,2.2934,0.6793,3.9970
2026-08-06 10:54:01.214,0.500000,155,0,0.007610,-1.5552,166.10,0,0,0,60.0269,219.192,0.08703,1,0,0,0,0,0.007286,0.000157,0.000929,0.000104,0.001209,0.000045,0.000648,0.000038,0.000665,0.000037,0.000742,0.000060,0.000354,0.000034,0.000596,-166.10,-159.50,-119.03,-103.42,-40.65,14.77,43.46,15.65,90.91,68.27,171.23,-154.69,-65.63,172.07,7.46,218.4996,4.9701,4.9631,3.7884,14.7260,2.2239,1.4189,0.7723,3.6307,0.5868,6.1621,0.8028,2.2323,0.6795,4.0416
2026-08-06 10:54:01.214,0.516667,155,1,0.007602,-1.5542,166.38,0,0,0,60.0269,219.192,0.08703,1,0,0,0,0,0.007277,0.000178,0.000926,0.000134,0.001244,0.000067,0.000624,0.000068,0.000642,0.000075,0.000698,0.000050,0.000322,0.000022,0.000636,-166.38,-172.01,-119.32,-123.72,-39.69,87.38,47.62,-30.07,94.74,94.27,176.73,106.27,-71.21,173.95,-2.43,218.4996,4.9701,4.9631,3.7884,14.7260,2.2239,1.4189,0.7723,3.6307,0.5868,6.1621,0.8028,2.2323,0.6795,4.0416
2026-08-06 10:54:01.214,0.533333,155,2,0.007592,-1.5539,166.33,0,0,0,60.0269,219.192,0.08703,1,0,0,0,0,0.007272,0.000206,0.000969,0.000134,0.001210,0.000009,0.000610,0.000061,0.000639,0.000014,0.000659,0.000066,0.000366,0.000023,0.000630,-166.33,-161.46,-117.41,-106.08,-40.78,-147.60,48.56,178.31,100.59,177.88,174.02,109.42,-57.85,3.50,-1.15,218.4996,4.9701,4.9631,3.7884,14.7260,2.2239,1.4189,0.7723,3.6307,0.5868,6.1621,0.8028,2.2323,0.6795,4.0416
2026-08-06 10:54:01.214,0.550000,155,3,0.007534,-1.5408,166.44,0,0,0,60.0269,219.192,0.08703,1,0,0,0,0,0.007211,0.000218,0.000892,0.000120,0.001248,0.000100,0.000623,0.000053,0.000672,0.000025,0.000609,0.000085,0.000350,0.000077,0.000646,-166.44,-161.16,-120.47,-103.76,-41.08,113.29,48.25,19.14,98.73,30.30,171.86,-178.48,-72.13,124.85,-0.54,218.4996,4.9701,4.9631,3.7884,14.7260,2.2239,1.4189,0.7723,3.6307,0.5868,6.1621,0.8028,2.2323,0.6795,4.0416
2026-08-06 10:54:01.214,0.566667,155,4,0.007578,-1.5489,165.90,0,0,0,60.0269,219.192,0.08703,1,0,0,0,0,0.007265,0.000200,0.000917,0.000121,0.001193,0.000036,0.000647,0.000064,0.000640,0.000061,0.000694,0.000056,0.000339,0.000038,0.000645,-165.90,-162.84,-114.04,-123.58,-39.70,130.17,50.95,-64.05,94.43,67.86,176.09,124.30,-65.23,115.19,2.12,218.4996,4.9701,4.9631,3.7884,14.7260,2.2239,1.4189,0.7723,3.6307,0.5868,6.1621,0.8028,2.2323,0.6795,4.0416
2026-08-06 10:54:01.214,0.583333,155,5,0.007599,-1.5551,166.13,0,0,0,60.0269,219.192,0.08703,1,0,0,0,0,0.007291,0.000151,0.000950,0.000124,0.001164,0.000044,0.000615,0.000046,0.000673,0.000015,0.000715,0.000049,0.000386,0.000059,0.000601,-166.13,-159.65,-117.35,-105.70,-40.08,76.29,46.45,127.63,91.82,136.65,175.10,-133.64,-68.41,-130.72,1.13,218.4996,4.9701,4.9631,3.7884,14.7260,2.2239,1.4189,0.7723,3.6307,0.5868,6.1621,0.8028,2.2323,0.6795,4.0416
2026-08-06 10:54:01.214,0.600000,155,6,0.007575,-1.5450,165.87,0,0,0,60.0269,219.192,0.08703,1,0,0,0,0,0.007248,0.000217,0.000958,0.000163,0.001264,0.000035,0.000626,0.000042,0.000560,0.000059,0.000692,0.000036,0.000395,0.000042,0.000566,-165.87,-174.09,-118.22,-131.29,-41.27,86.35,42.48,40.04,91.40,49.43,174.28,169.26,-69.48,90.22,3.33,218.4996,4.9701,4.9631,3.7884,14.7260,2.2239,1.4189,0.7723,3.6307,0.5868,6.1621,0.8028,2.2323,0.6795,4.0416
2026-08-06 10:54:01.214,0.616667,155,7,0.007606,-1.5619,166.85,0,0,0,60.0269,219.192,0.08703,1,0,0,0,0,0.007294,0.000189,0.000919,0.000129,0.001198,0.000006,0.000619,0.000034,0.000606,0.000025,0.000693,0.000071,0.000350,0.000066,0.000625,-166.85,-169.32,-118.94,-125.36,-40.57,18.10,44.46,-108.36,89.51,66.50,173.43,107.38,-64.50,169.13,0.64,218.4996,4.9701,4.9631,3.7884,14.7260,2.2239,1.4189,0.7723,3.6307,0.5868,6.1621,0.8028,2.2323,0.6795,4.0416
2026-08-06 10:54:01.214,0.633333,155,8,0.007560,-1.5462,166.10,0,0,0,60.0269,219.192,0.08703,1,0,0,0,0,0.007250,0.000207,0.000912,0.000151,0.001216,0.000042,0.000594,0.000062,0.000604,0.000026,0.000717,0.000054,0.000432,0.000077,0.000603,-166.10,-163.66,-120.10,-103.91,-40.18,80.76,45.36,101.53,97.37,66.98,177.65,-147.85,-67.80,126.13,-2.49,218.4996,4.9701,4.9631,3.7884,14.7260,2.2239,1.4189,0.7723,3.6307,0.5868,6.1621,0.8028,2.2323,0.6795,4.0416
2026-08-06 10:54:01.214,0.650000,155,9,0.007514,-1.5372,166.47,0,0,0,60.0269,219.192,0.08703,1,0,0,0,0,0.007198,0.000197,0.000954,0.000139,0.001210,0.000008,0.000609,0.000068,0.000579,0.000093,0.000663,0.000066,0.000383,0.000041,0.000598,-166.47,-161.55,-116.75,-112.11,-40.32,-130.19,44.83,43.64,89.99,108.03,179.22,105.94,-68.96,101.29,0.82,218.4996,4.9701,4.9631,3.7884,14.7260,2.2239,1.4189,0.7723,3.6307,0.5868,6.1621,0.8028,2.2323,0.6795,4.0416
2026-08-06 10:54:01.214,0.666667,155,10,0.007540,-1.5360,165.69,0,0,0,60.0269,219.192,0.08703,1,0,0,0,0,0.007212,0.000220,0.000939,0.000146,0.001219,0.000012,0.000608,0.000052,0.000620,0.000088,0.000739,0.000078,0.000411,0.000023,0.000627,-165.69,-163.79,-117.60,-98.38,-39.58,66.95,45.94,136.92,95.48,37.63,178.46,155.83,-62.35,-46.46,-2.67,218.4996,4.9701,4.9631,3.7884,14.7260,2.2239,1.4189,0.7723,3.6307,0.5868,6.1621,0.8028,2.2323,0.6795,4.0416
2026-08-06 10:54:01.214,0.683333,155,11,0.007517,-1.5351,166.32,0,0,0,60.0269,219.192,0.08703,1,0,0,0,0,0.007192,0.000154,0.000933,0.000067,0.001246,0.000058,0.000625,0.000086,0.000606,0.000043,0.000714,0.000071,0.000390,0.000103,0.000616,-166.32,-172.63,-118.32,-108.69,-38.99,113.01,44.11,78.36,91.34,81.37,174.02,164.81,-65.90,137.69,0.81,218.4996,4.9701,4.9631,3.7884,14.7260,2.2239,1.4189,0.7723,3.6307,0.5868,6.1621,0.8028,2.2323,0.6795,4.0416
2026-08-06 10:54:01.214,0.700000,155,12,0.007514,-1.5347,166.31,0,0,0,60.0269,219.192,0.08703,1,0,0,0,0,0.007185,0.000213,0.000909,0.000169,0.001219,0.000021,0.000680,0.000036,0.000671,0.000054,0.000691,0.000028,0.000321,0.000080,0.000650,-166.31,-175.72,-118.40,-115.49,-40.01,100.25,49.11,-112.56,90.65,81.35,175.82,110.56,-66.31,-135.81,2.27,218.4996,4.9701,4.9631,3.7884,14.7260,2.2239,1.4189,0.7723,3.6307,0.5868,6.1621,0.8028,2.2323,0.6795,4.0416
2026-08-06 10:54:01.214,0.716667,155,13,0.007553,-1.5459,166.08,0,0,0,60.0269,219.192,0.08703,1,0,0,0,0,0.007244,0.000181,0.000955,0.000146,0.001132,0.000036,0.000609,0.000056,0.000650,0.000036,0.000701,0.000010,0.000430,0.000101,0.000649,-166.08,-157.66,-116.98,-107.06,-42.61,102.72,47.21,89.93,94.34,146.68,177.19,-112.44,-67.43,-104.59,0.33,218.4996,4.9701,4.9631,3.7884,14.7260,2.2239,1.4189,0.7723,3.6307,0.5868,6.1621,0.8028,2.2323,0.6795,4.0416
2026-08-06 10:54:01.214,0.733333,155,14,0.007558,-1.5475,166.45,0,0,0,60.0269,219.192,0.08703,1,0,0,0,0,0.007250,0.000147,0.000915,0.000078,0.001223,0.000042,0.000625,0.000072,0.000620,0.000051,0.000709,0.000099,0.000379,0.000065,0.000618,-166.45,177.83,-116.69,-127.13,-39.01,164.05,49.40,76.80,88.14,157.51,173.06,-150.04,-74.94,-153.07,5.20,218.4996,4.9701,4.9631,3.7884,14.7260,2.2239,1.4189,0.7723,3.6307,0.5868,6.1621,0.8028,2.2323,0.6795,4.0416
2026-08-06 10:54:01.214,0.750000,155,15,0.007510,-1.5368,166.30,0,0,0,60.0269,219.192,0.08703,1,0,0,0,0,0.007198,0.000156,0.000917,0.000150,0.001207,0.000027,0.000622,0.000038,0.000643,0.000049,0.000705,0.000059,0.000384,0.000054,0.000629,-166.30,-163.37,-118.39,-145.85,-39.03,148.04,53.28,39.76,95.26,80.88,178.16,149.22,-65.53,-160.93,-4.66,218.4996,4.9701,4.9631,3.7884,14.7260,2.2239,1.4189,0.7723,3.6307,0.5868,6.1621,0.8028,2.2323,0.6795,4.0416
2026-08-06 10:54:01.214,0.766667,155,16,0.007553,-1.5430,166.14,0,0,0,60.0269,219.192,0.08703,1,0,0,0,0,0.007232,0.000180,0.000930,0.000127,0.001235,0.000068,0.000608,0.000069,0.000706,0.000063,0.000687,0.000034,0.000363,0.000065,0.000620,-166.14,-166.37,-115.81,-95.61,-41.22,97.96,44.17,92.53,96.17,153.23,174.45,170.48,-79.50,174.53,0.60,218.4996,4.9701,4.9631,3.7884,14.7260,2.2239,1.4189,0.7723,3.6307,0.5868,6.1621,0.8028,2.2323,0.6795,4.0416
2026-08-06 10:54:01.214,0.783333,155,17,0.007571,-1.5482,166.02,0,0,0,60.0269,219.192,0.08703,1,0,0,0,0,0.007263,0.000187,0.000955,0.000120,0.001196,0.000012,0.000620,0.000053,0.000559,0.000075,0.000610,0.000127,0.000390,0.000012,0.000652,-166.02,-174.97,-119.99,-118.65,-38.52,-119.73,45.99,10.90,87.73,84.95,175.46,170.72,-63.21,-116.95,0.33,218.4996,4.9701,4.9631,3.7884,14.7260,2.2239,1.4189,0.7723,3.6307,0.5868,6.1621,0.8028,2.2323,0.6795,4.0416
2026-08-06 10:54:01.214,0.800000,155,18,0.007541,-1.5435,165.98,0,0,0,60.0269,219.192,0.08703,1,0,0,0,0,0.007233,0.000233,0.000916,0.000171,0.001145,0.000032,0.000612,0.000002,0.000619,0.000038,0.000711,0.000041,0.000370,0.000039,0.000613,-165.98,-159.94,-118.56,-115.92,-43.64,60.08,47.76,-42.97,99.33,47.83,174.28,116.79,-64.97,103.80,-0.31,218.4996,4.9701,4.9631,3.7884,14.7260,2.2239,1.4189,0.7723,3.6307,0.5868,6.1621,0.8028,2.2323,0.6795,4.0416
2026-08-06 10:54:01.214,0.816667,155,19,0.007610,-1.5539,166.01,0,0,0,60.0269,219.192,0.08703,1,0,0,0,0,0.007286,0.000189,0.000915,0.000138,0.001239,0.000030,0.000665,0.000025,0.000648,0.000042,0.000683,0.000122,0.000327,0.000043,0.000600,-166.01,178.48,-115.66,-104.66,-40.94,112.26,44.11,65.15,91.88,138.32,170.93,-154.26,-69.62,143.03,0.59,218.4996,4.9701,4.9631,3.7884,14.7260,2.2239,1.4189,0.7723,3.6307,0.5868,6.1621,0.8028,2.2323,0.6795,4.0416
2026-08-06 10:54:01.214,0.833333,155,20,0.007579,-1.5539,166.69,0,0,0,60.0269,219.192,0.08703,1,0,0,0,0,0.007265,0.000216,0.000930,0.000090,0.001206,0.000040,0.000630,0.000063,0.000631,0.000060,0.000693,0.000077,0.000337,0.000063,0.000617,-166.69,-173.48,-116.87,-124.84,-40.41,-139.42,44.36,-4.55,88.85,69.90,176.59,137.69,-71.52,161.08,1.82,218.4996,4.9701,4.9631,3.7884,14.7260,2.2239,1.4189,0.7723,3.6307,0.5868,6.1621,0.8028,2.2323,0.6795,4.0416
2026-08-06 10:54:01.214,0.850000,155,21,0.007542,-1.5428,166.38,0,0,0,60.0269,219.192,0.08703,1,0,0,0,0,0.007223,0.000193,0.000910,0.000095,0.001228,0.000045,0.000599,0.000033,0.000640,0.000050,0.000772,0.000064,0.000408,0.000018,0.000618,-166.38,-165.28,-117.28,-110.92,-38.97,21.54,46.96,176.66,96.47,89.05,176.48,117.95,-70.75,-61.76,-4.59,218.4996,4.9701,4.9631,3.7884,14.7260,2.2239,1.4189,0.7723,3.6307,0.5868,6.1621,0.8028,2.2323,0.6795,4.0416
2026-08-06 10:54:01.214,0.866667,155,22,0.007588,-1.5506,166.22,0,0,0,60.0269,219.192,0.08703,1,0,0,0,0,0.007265,0.000158,0.000952,0.000102,0.001213,0.000026,0.000655,0.000073,0.000661,0.000036,0.000710,0.000078,0.000374,0.000121,0.000591,-166.22,-150.86,-120.56,-113.33,-39.91,35.97,46.77,39.75,94.00,45.14,169.83,-170.70,-64.65,157.80,2.19,218.4996,4.9701,4.9631,3.7884,14.7260,2.2239,1.4189,0.7723,3.6307,0.5868,6.1621,0.8028,2.2323,0.6795,4.0416
2026-08-06 10:54:01.214,0.883333,155,23,0.007543,-1.5475,166.80,0,0,0,60.0269,219.192,0.08703,1,0,0,0,0,0.007234,0.000275,0.000896,0.000097,0.001181,0.000008,0.000671,0.000026,0.000610,0.000062,0.000681,0.000082,0.000334,0.000047,0.000654,-166.80,-171.77,-115.97,-124.89,-40.83,15.24,48.92,-18.12,95.92,68.09,178.72,128.68,-65.80,155.52,0.19,218.4996,4.9701,4.9631,3.7884,14.7260,2.2239,1.4189,0.7723,3.6307,0.5868,6.1621,0.8028,2.2323,0.6795,4.0416
2026-08-06 10:54:01.214,0.900000,155,24,0.007591,-1.5540,166.17,0,0,0,60.0269,219.192,0.08703,1,0,0,0,0,0.007279,0.000182,0.000966,0.000138,0.001145,0.000065,0.000675,0.000066,0.000685,0.000032,0.000636,0.000043,0.000363,0.000059,0.000671,-166.17,175.92,-116.01,-83.36,-42.44,113.65,48.36,108.81,97.98,88.92,173.63,154.45,-69.73,-145.92,-2.82,218.4996,4.9701,4.9631,3.7884,14.7260,2.2239,1.4189,0.7723,3.6307,0.5868,6.1621,0.8028,2.2323,0.6795,4.0416
2026-08-06 10:54:01.214,0.916667,155,25,0.007511,-1.5346,165.98,0,0,0,60.0269,219.192,0.08703,1,0,0,0,0,0.007192,0.000218,0.000899,0.000071,0.001191,0.000110,0.000648,0.000051,0.000583,0.000110,0.000676,0.000091,0.000415,0.000059,0.000690,-165.98,-170.88,-115.74,-112.33,-42.43,112.02,45.64,51.13,97.29,99.75,176.91,134.21,-79.78,132.22,-6.86,218.4996,4.9701,4.9631,3.7884,14.7260,2.2239,1.4189,0.7723,3.6307,0.5868,6.1621,0.8028,2.2323,0.6795,4.0416
2026-08-06 10:54:01.214,0.933333,155,26,0.007593,-1.5523,166.17,0,0,0,60.0269,219.192,0.08703,1,0,0,0,0,0.007274,0.000204,0.000969,0.000133,0.001197,0.000036,0.000609,0.000013,0.000634,0.000057,0.000669,0.000037,0.000366,0.000024,0.000647,-166.17,-165.49,-117.59,-110.43,-42.36,130.15,43.43,-109.04,91.26,33.88,176.19,96.78,-64.99,111.78,-1.80,218.4996,4.9701,4.9631,3.7884,14.7260,2.2239,1.4189,0.7723,3.6307,0.5868,6.1621,0.8028,2.2323,0.6795,4.0416
2026-08-06 10:54:01.214,0.950000,155,27,0.007519,-1.5395,166.27,0,0,0,60.0269,219.192,0.08703,1,0,0,0,0,0.007211,0.000159,0.000890,0.000121,0.001164,0.000079,0.000611,0.000075,0.000651,0.000070,0.000746,0.000062,0.000380,0.000118,0.000559,-166.27,-164.31,-118.51,-118.05,-40.30,70.53,44.36,83.43,94.69,130.68,176.11,154.56,-74.52,139.78,-3.44,218.4996,4.9701,4.9631,3.7884,14.7260,2.2239,1.4189,0.7723,3.6307,0.5868,6.1621,0.8028,2.2323,0.6795,4.0416
2026-08-06 10:54:01.214,0.966667,155,28,0.007590,-1.5536,166.35,0,0,0,60.0269,219.192,0.08703,1,0,0,0,0,0.007274,0.000238,0.000882,0.000130,0.001224,0.000093,0.000681,0.000031,0.000628,0.000082,0.000707,0.000043,0.000310,0.000046,0.000633,-166.35,-170.53,-116.34,-118.60,-41.57,49.20,47.17,3.04,89.62,122.59,172.29,175.82,-75.18,-131.99,-3.14,218.4996,4.9701,4.9631,3.7884,14.7260,2.2239,1.4189,0.7723,3.6307,0.5868,6.1621,0.8028,2.2323,0.6795,4.0416
2026-08-06 10:54:01.214,0.983333,155,29,0.007583,-1.5511,166.35,0,0,0,60.0269,219.192,0.08703,1,0,0,0,0,0.007262,0.000208,0.000963,0.000116,0.001170,0.000063,0.000613,0.000024,0.000618,0.000014,0.000742,0.000083,0.000398,0.000017,0.000679,-166.35,-168.18,-117.05,-137.62,-41.06,84.32,43.76,-84.01,95.55,35.89,176.40,71.69,-62.04,57.41,-0.30,218.4996,4.9701,4.9631,3.7884,14.7260,2.2239,1.4189,0.7723,3.6307,0.5868,6.1621,0.8028,2.2323,0.6795,4.0416
2026-08-06 10:54:01.486,1.000000,156,0,0.007553,-1.5414,165.97,0,0,0,60.0307,219.108,0.08703,1,0,0,0,0,0.007236,0.000171,0.000892,0.000102,0.001212,0.000037,0.000607,0.000092,0.000654,0.000118,0.000752,0.000131,0.000378,0.000038,0.000556,-165.97,-168.49,-118.81,-121.61,-37.70,138.38,47.27,30.31,91.92,62.81,174.79,170.73,-72.97,151.19,-4.46,218.4146,4.9715,4.9489,3.7750,14.7146,2.2103,1.4518,0.7556,3.6340,0.5861,6.1525,0.7952,2.2182,0.6794,4.1010
2026-08-06 10:54:01.486,1.016667,156,1,0.007563,-1.5469,166.16,0,0,0,60.0307,219.108,0.08703,1,0,0,0,0,0.007246,0.000237,0.000896,0.000147,0.001231,0.000039,0.000636,0.000034,0.000609,0.000078,0.000683,0.000071,0.000377,0.000068,0.000661,-166.16,-166.28,-116.98,-121.90,-41.41,-10.25,43.75,-135.45,90.60,93.18,179.78,119.30,-69.60,116.61,-4.00,218.4146,4.9715,4.9489,3.7750,14.7146,2.2103,1.4518,0.7556,3.6340,0.5861,6.1525,0.7952,2.2182,0.6794,4.1010
2026-08-06 10:54:01.486,1.033333,156,2,0.007818,-1.5821,165.98,0,0,0,60.0307,219.108,0.08703,1,0,0,0,0,0.007415,0.000411,0.001102,0.000391,0.001390,0.000166,0.000761,0.000169,0.000858,0.000197,0.000761,0.000182,0.000272,0.000228,0.000504,-165.98,-148.72,-115.64,-94.19,-42.50,-1.89,39.69,50.13,89.47,78.89,161.16,139.18,-100.01,-160.78,-15.03,218.4146,4.9715,4.9489,3.7750,14.7146,2.2103,1.4518,0.7556,3.6340,0.5861,6.1525,0.7952,2.2182,0.6794,4.1010
2026-08-06 10:54:01.486,1.050000,156,3,0.007600,-1.5503,165.84,0,0,0,60.0307,219.108,0.08703,1,0,0,0,0,0.007272,0.000212,0.000959,0.000143,0.001246,0.000047,0.000626,0.000008,0.000618,0.000043,0.000655,0.000064,0.000332,0.000033,0.000674,-165.84,-176.58,-116.04,-113.29,-43.05,122.83,43.61,170.82,92.66,135.73,170.31,173.24,-65.95,134.81,1.88,218.4146,4.9715,4.9489,3.7750,14.7146,2.2103,1.4518,0.7556,3.6340,0.5861,6.1525,0.7952,2.2182,0.6794,4.1010
2026-08-06 10:54:01.486,1.066667,156,4,0.007541,-1.5424,166.13,0,0,0,60.0307,219.108,0.08703,1,0,0,0,0,0.007231,0.000131,0.000910,0.000151,0.001203,0.000012,0.000651,0.000031,0.000642,0.000036,0.000692,0.000030,0.000318,0.000074,0.000606,-166.13,-179.61,-116.97,-137.03,-39.50,98.73,53.20,-84.71,93.85,68.64,178.37,-127.14,-65.77,-61.41,1.17,218.4146,4.9715,4.9489,3.7750,14.7146,2.2103,1.4518,0.7556,3.6340,0.5861,6.1525,0.7952,2.2182,0.6794,4.1010
2026-08-06 10:54:01.486,1.083333,156,5,0.007553,-1.5460,166.70,0,0,0,60.0307,219.108,0.08703,1,0,0,0,0,0.007229,0.000151,0.000949,0.000068,0.001195,0.000071,0.000594,0.000125,0.000632,0.000011,0.000664,0.000103,0.000429,0.000100,0.000628,-166.70,-174.94,-119.19,-144.38,-42.82,113.54,47.02,125.90,93.30,169.02,177.15,-160.12,-73.15,158.91,1.67,218.4146,4.9715,4.9489,3.7750,14.7146,2.2103,1.4518,0.7556,3.6340,0.5861,6.1525,0.7952,2.2182,0.6794,4.1010
2026-08-06 10:54:01.486,1.100000,156,6,0.007573,-1.5483,165.96,0,0,0,60.0307,219.108,0.08703,1,0,0,0,0,0.007262,0.000239,0.000930,0.000139,0.001188,0.000021,0.000579,0.000071,0.000606,0.000134,0.000707,0.000164,0.000388,0.000023,0.000606,-165.96,-155.60,-116.24,-119.16,-42.30,72.11,44.73,12.81,94.17,70.66,173.59,140.51,-70.34,-76.56,-5.77,218.4146,4.9715,4.9489,3.7750,14.7146,2.2103,1.4518,0.7556,3.6340,0.5861,6.1525,0.7952,2.2182,0.6794,4.1010
2026-08-06 10:54:01.486,1.116667,156,7,0.007591,-1.5559,166.43,0,0,0,60.0307,219.108,0.08703,1,0,0,0,0,0.007281,0.000188,0.000906,0.000176,0.001185,0.000058,0.000659,0.000085,0.000645,0.000014,0.000725,0.000043,0.000359,0.000003,0.000588,-166.43,-168.93,-118.60,-98.20,-41.55,28.17,46.75,-130.45,95.93,-17.59,174.17,-149.05,-57.36,133.62,-0.14,218.4146,4.9715,4.9489,3.7750,14.7146,2.2103,1.4518,0.7556,3.6340,0.5861,6.1525,0.7952,2.2182,0.6794,4.1010
2026-08-06 10:54:01.486,1.133333,156,8,0.007555,-1.5443,166.18,0,0,0,60.0307,219.108,0.08703,1,0,0,0,0,0.007239,0.000167,0.000898,0.000091,0.001193,0.000050,0.000640,0.000054,0.000671,0.000013,0.000715,0.000083,0.000349,0.000033,0.000597,-166.18,-164.50,-118.04,-114.12,-40.34,94.54,46.60,94.77,95.61,164.74,171.65,-144.91,-74.40,117.24,0.29,218.4146,4.9715,4.9489,3.7750,14.7146,2.2103,1.4518,0.7556,3.6340,0.5861,6.1525,0.7952,2.2182,0.6794,4.1010
2026-08-06 10:54:01.486,1.150000,156,9,0.007560,-1.5247,168.07,0,0,0,60.0307,219.108,0.08703,1,0,0,0,0,0.007095,0.000249,0.001230,0.000063,0.001370,0.000017,0.000660,0.000069,0.000794,0.000187,0.000877,0.000343,0.000610,0.000319,0.000591,-168.07,-82.29,-125.53,147.60,-39.09,-163.30,42.44,171.16,84.92,-33.20,-177.43,92.14,-48.45,-137.43,27.44,218.4146,4.9715,4.9489,3.7750,14.7146,2.2103,1.4518,0.7556,3.6340,0.5861,6.1525,0.7952,2.2182,0.6794,4.1010
2026-08-06 10:54:01.486,1.166667,156,10,0.007532,-1.5421,166.28,0,0,0,60.0307,219.108,0.08703,1,0,0,0,0,0.007225,0.000187,0.000885,0.000109,0.001153,0.000011,0.000627,0.000025,0.000671,0.000011,0.000743,0.000057,0.000435,0.000045,0.000613,-166.28,-158.43,-121.09,-109.39,-39.47,-133.67,46.96,-164.82,99.44,-2.67,177.35,159.79,-61.15,-39.91,-3.95,218.4146,4.9715,4.9489,3.7750,14.7146,2.2103,1.4518,0.7556,3.6340,0.5861,6.1525,0.7952,2.2182,0.6794,4.1010
2026-08-06 10:54:01.486,1.183333,156,11,0.007573,-1.5492,166.11,0,0,0,60.0307,219.108,0.08703,1,0,0,0,0,0.007266,0.000168,0.000867,0.000111,0.001187,0.000039,0.000627,0.000066,0.000605,0.000091,0.000714,0.000117,0.000373,0.000099,0.000649,-166.11,179.30,-119.30,-89.57,-40.19,-43.73,45.69,42.93,95.01,73.29,172.87,178.32,-65.63,140.97,1.77,218.4146,4.9715,4.9489,3.7750,14.7146,2.2103,1.4518,0.7556,3.6340,0.5861,6.1525,0.7952,2.2182,0.6794,4.1010
2026-08-06 10:54:01.486,1.200000,156,12,0.007546,-1.5431,166.28,0,0,0,60.0307,219.108,0.08703,1,0,0,0,0,0.007227,0.000213,0.000897,0.000092,0.001209,0.000077,0.000635,0.000043,0.000602,0.000050,0.000706,0.000064,0.000333,0.000068,0.000662,-166.28,-178.20,-119.82,-124.87,-40.19,105.17,42.64,-66.85,96.61,74.33,178.32,77.60,-68.49,105.42,-3.61,218.4146,4.9715,4.9489,3.7750,14.7146,2.2103,1.4518,0.7556,3.6340,0.5861,6.1525,0.7952,2.2182,0.6794,4.1010
2026-08-06 10:54:01.486,1.216667,156,13,0.007621,-1.5580,166.42,0,0,0,60.0307,219.108,0.08703,1,0,0,0,0,0.007299,0.000093,0.000971,0.000068,0.001197,0.000041,0.000630,0.000074,0.000683,0.000024,0.000719,0.000093,0.000380,0.000066,0.000598,-166.42,-166.53,-115.93,-103.83,-39.61,114.25,46.01,107.51,94.32,131.55,170.42,-172.50,-62.26,-169.10,-1.30,218.4146,4.9715,4.9489,3.7750,14.7146,2.2103,1.4518,0.7556,3.6340,0.5861,6.1525,0.7952,2.2182,0.6794,4.1010
2026-08-06 10:54:01.486,1.233333,156,14,0.007637,-1.5562,165.72,0,0,0,60.0307,219.108,0.08703,1,0,0,0,0,0.007309,0.000156,0.000923,0.000066,0.001230,0.000030,0.000692,0.000084,0.000636,0.000051,0.000672,0.000062,0.000369,0.000028,0.000672,-165.72,-155.84,-121.40,-97.48,-40.67,128.77,46.30,-25.65,93.90,66.44,171.71,-178.56,-73.01,136.45,4.42,218.4146,4.9715,4.9489,3.7750,14.7146,2.2103,1.4518,0.7556,3.6340,0.5861,6.1525,0.7952,2.2182,0.6794,4.1010
2026-08-06 10:54:01.486,1.250000,156,15,0.007578,-1.5487,166.28,0,0,0,60.0307,219.108,0.08703,1,0,0,0,0,0.007253,0.000185,0.000953,0.000136,0.001192,0.000015,0.000671,0.000023,0.000640,0.000086,0.000718,0.000053,0.000374,0.000008,0.000610,-166.28,-171.43,-116.36,-118.30,-41.64,-168.22,43.98,-78.10,95.05,49.21,174.31,137.84,-63.33,-22.45,-6.11,218.4146,4.9715,4.9489,3.7750,14.7146,2.2103,1.4518,0.7556,3.6340,0.5861,6.1525,0.7952,2.2182,0.6794,4.1010
2026-08-06 10:54:01.486,1.266667,156,16,0.007533,-1.5429,166.41,0,0,0,60.0307,219.108,0.08703,1,0,0,0,0,0.007224,0.000175,0.000865,0.000154,0.001147,0.000028,0.000625,0.000063,0.000677,0.000029,0.000737,0.000056,0.000370,0.000099,0.000672,-166.41,-162.79,-115.60,-89.37,-40.19,80.58,50.54,78.37,92.74,69.85,178.01,-138.77,-77.34,152.38,-0.06,218.4146,4.9715,4.9489,3.7750,14.7146,2.2103,1.4518,0.7556,3.6340,0.5861,6.1525,0.7952,2.2182,0.6794,4.1010
2026-08-06 10:54:01.486,1.283333,156,17,0.007573,-1.5454,165.72,0,0,0,60.0307,219.108,0.08703,1,0,0,0,0,0.007261,0.000211,0.000863,0.000108,0.001198,0.000044,0.000634,0.000068,0.000578,0.000134,0.000713,0.000111,0.000395,0.000040,0.000660,-165.72,-165.57,-118.86,-117.41,-40.22,50.41,43.40,-50.51,89.91,73.90,177.14,136.23,-63.09,49.55,-4.66,218.4146,4.9715,4.9489,3.7750,14.7146,2.2103,1.4518,0.7556,3.6340,0.5861,6.1525,0.7952,2.2182,0.6794,4.1010
2026-08-06 10:54:01.486,1.300000,156,18,0.007548,-1.5467,166.98,0,0,0,60.0307,219.108,0.08703,1,0,0,0,0,0.007230,0.000164,0.000943,0.000130,0.001224,0.000020,0.000602,0.000058,0.000610,0.000049,0.000694,0.000066,0.000395,0.000035,0.000613,-166.98,-178.91,-118.09,-113.76,-38.30,114.85,48.36,96.99,103.02,71.71,175.71,113.56,-56.12,-107.97,-2.08,218.4146,4.9715,4.9489,3.7750,14.7146,2.2103,1.4518,0.7556,3.6340,0.5861,6.1525,0.7952,2.2182,0.6794,4.1010
2026-08-06 10:54:01.486,1.316667,156,19,0.007536,-1.5395,166.39,0,0,0,60.0307,219.108,0.08703,1,0,0,0,0,0.007214,0.000139,0.000894,0.000091,0.001198,0.000005,0.000662,0.000049,0.000635,0.000050,0.000751,0.000095,0.000363,0.000061,0.000633,-166.39,-174.01,-115.47,-136.90,-38.75,-39.49,50.74,80.04,92.29,76.50,175.89,-170.17,-70.03,-153.66,4.63,218.4146,4.9715,4.9489,3.7750,14.7146,2.2103,1.4518,0.7556,3.6340,0.5861,6.1525,0.7952,2.2182,0.6794,4.1010
2026-08-06 10:54:01.486,1.333333,156,20,0.007599,-1.5496,166.04,0,0,0,60.0307,219.108,0.08703,1,0,0,0,0,0.007272,0.000202,0.000934,0.000089,0.001249,0.000082,0.000623,0.000020,0.000602,0.000093,0.000674,0.000053,0.000395,0.000054,0.000710,-166.04,-171.97,-116.80,-117.75,-41.30,99.60,49.01,5.27,94.49,124.35,-177.82,62.96,-71.85,173.98,-1.58,218.4146,4.9715,4.9489,3.7750,14.7146,2.2103,1.4518,0.7556,3.6340,0.5861,6.1525,0.7952,2.2182,0.6794,4.1010
2026-08-06 10:54:01.486,1.350000,156,21,0.007491,-1.5317,166.46,0,0,0,60.0307,219.108,0.08703,1,0,0,0,0,0.007170,0.000180,0.000930,0.000127,0.001186,0.000029,0.000616,0.000054,0.000646,0.000033,0.000766,0.000048,0.000472,0.000038,0.000604,-166.46,-156.52,-119.12,-146.95,-38.49,170.66,49.33,145.63,96.61,-117.62,177.87,138.39,-71.41,-140.83,-8.05,218.4146,4.9715,4.9489,3.7750,14.7146,2.2103,1.4518,0.7556,3.6340,0.5861,6.1525,0.7952,2.2182,0.6794,4.1010
2026-08-06 10:54:01.486,1.366667,156,22,0.007517,-1.5331,165.90,0,0,0,60.0307,219.108,0.08703,1,0,0,0,0,0.007192,0.000157,0.000938,0.000147,0.001217,0.000045,0.000633,0.000109,0.000638,0.000107,0.000711,0.000079,0.000399,0.000071,0.000646,-165.90,-174.66,-119.75,-121.22,-40.85,92.40,49.83,64.34,96.10,87.12,175.03,-177.20,-73.08,140.88,-6.52,218.4146,4.9715,4.9489,3.7750,14.7146,2.2103,1.4518,0.7556,3.6340,0.5861,6.1525,0.7952,2.2182,0.6794,4.1010
2026-08-06 10:54:01.486,1.383333,156,23,0.007588,-1.5509,166.04,0,0,0,60.0307,219.108,0.08703,1,0,0,0,0,0.007279,0.000206,0.000903,0.000134,0.001192,0.000019,0.000621,0.000018,0.000574,0.000053,0.000720,0.000076,0.000340,0.000059,0.000610,-166.04,177.41,-115.10,-121.16,-40.77,30.70,47.53,25.94,97.29,42.59,177.98,110.69,-72.71,131.16,1.12,218.4146,4.9715,4.9489,3.7750,14.7146,2.2103,1.4518,0.7556,3.6340,0.5861,6.1525,0.7952,2.2182,0.6794,4.1010
2026-08-06 10:54:01.486,1.400000,156,24,0.007591,-1.5563,166.58,0,0,0,60.0307,219.108,0.08703,1,0,0,0,0,0.007286,0.000123,0.000877,0.000088,0.001203,0.000045,0.000604,0.000038,0.000678,0.000041,0.000722,0.000059,0.000440,0.000047,0.000603,-166.58,-172.25,-119.33,-141.03,-39.11,101.47,48.49,89.29,93.93,-132.00,172.48,-132.24,-70.92,-167.62,-0.70,218.4146,4.9715,4.9489,3.7750,14.7146,2.2103,1.4518,0.7556,3.6340,0.5861,6.1525,0.7952,2.2182,0.6794,4.1010
2026-08-06 10:54:01.486,1.416667,156,25,0.007594,-1.5469,165.48,0,0,0,60.0307,219.108,0.08703,1,0,0,0,0,0.007271,0.000211,0.000950,0.000117,0.001207,0.000048,0.000625,0.000025,0.000588,0.000100,0.000750,0.000080,0.000382,0.000018,0.000589,-165.48,-170.03,-119.14,-118.98,-41.18,100.42,46.47,7.77,89.87,80.26,175.47,165.93,-82.42,-74.52,2.12,218.4146,4.9715,4.9489,3.7750,14.7146,2.2103,1.4518,0.7556,3.6340,0.5861,6.1525,0.7952,2.2182,0.6794,4.1010
2026-08-06 10:54:01.486,1.433333,156,26,0.007561,-1.5437,166.21,0,0,0,60.0307,219.108,0.08703,1,0,0,0,0,0.007239,0.000195,0.000899,0.000158,0.001216,0.000045,0.000645,0.000035,0.000630,0.000049,0.000711,0.000046,0.000374,0.000028,0.000637,-166.21,-163.64,-118.55,-127.51,-38.06,43.74,47.05,73.83,93.24,-17.27,173.66,132.76,-64.18,125.21,-4.03,218.4146,4.9715,4.9489,3.7750,14.7146,2.2103,1.4518,0.7556,3.6340,0.5861,6.1525,0.7952,2.2182,0.6794,4.1010
2026-08-06 10:54:01.486,1.450000,156,27,0.007600,-1.5532,166.22,0,0,0,60.0307,219.108,0.08703,1,0,0,0,0,0.007282,0.000214,0.000902,0.000142,0.001210,0.000059,0.000599,0.000032,0.000664,0.000015,0.000730,0.000015,0.000378,0.000045,0.000595,-166.22,-168.76,-115.84,-119.83,-39.82,66.80,45.59,81.66,94.29,32.78,175.46,-173.68,-74.11,107.41,-2.80,218.4146,4.9715,4.9489,3.7750,14.7146,2.2103,1.4518,0.7556,3.6340,0.5861,6.1525,0.7952,2.2182,0.6794,4.1010
2026-08-06 10:54:01.486,1.466667,156,28,0.007584,-1.5469,165.85,0,0,0,60.0307,219.108,0.08703,1,0,0,0,0,0.007262,0.000196,0.000942,0.000133,0.001205,0.000047,0.000644,0.000084,0.000629,0.000105,0.000730,0.000080,0.000343,0.000004,0.000645,-165.85,176.74,-116.96,-105.15,-39.75,-16.58,47.60,-37.07,91.76,71.30,177.76,74.31,-68.81,-64.99,3.66,218.4146,4.9715,4.9489,3.7750,14.7146,2.2103,1.4518,0.7556,3.6340,0.5861,6.1525,0.7952,2.2182,0.6794,4.1010
2026-08-06 10:54:01.486,1.483333,156,29,0.007555,-1.5481,166.33,0,0,0,60.0307,219.108,0.08703,1,0,0,0,0,0.007253,0.000140,0.000869,0.000092,0.001174,0.000024,0.000622,0.000056,0.000667,0.000025,0.000738,0.000069,0.000371,0.000031,0.000594,-166.33,-177.94,-120.46,-82.95,-40.42,89.00,40.39,161.18,93.69,168.51,173.96,-176.53,-64.16,-81.63,-6.76,218.4146,4.9715,4.9489,3.7750,14.7146,2.2103,1.4518,0.7556,3.6340,0.5861,6.1525,0.7952,2.2182,0.6794,4.1010
2026-08-06 10:54:01.742,1.500000,157,0,0.007568,-1.5448,166.35,0,0,0,60.0269,219.089,0.08688,1,0,0,0,0,0.007240,0.000189,0.000949,0.000093,0.001248,0.000025,0.000608,0.000063,0.000664,0.000007,0.000704,0.000053,0.000350,0.000085,0.000656,-166.35,-176.58,-117.61,-83.32,-39.75,-111.74,42.75,81.89,95.64,69.11,173.47,163.55,-68.18,129.90,4.25,218.3983,4.9477,4.9226,3.7612,14.7024,2.2114,1.4814,0.7592,3.6286,0.5907,6.1508,0.8093,2.1767,0.6728,4.0774
2026-08-06 10:54:01.742,1.516667,157,1,0.007600,-1.5493,166.14,0,0,0,60.0269,219.089,0.08688,1,0,0,0,0,0.007264,0.000156,0.000957,0.000125,0.001253,0.000016,0.000638,0.000014,0.000604,0.000035,0.000701,0.000033,0.000397,0.000052,0.000696,-166.14,176.18,-121.08,-116.33,-38.05,152.17,47.99,-71.16,95.43,54.98,173.56,67.33,-68.44,97.97,-3.16,218.3983,4.9477,4.9226,3.7612,14.7024,2.2114,1.4814,0.7592,3.6286,0.5907,6.1508,0.8093,2.1767,0.6728,4.0774
2026-08-06 10:54:01.742,1.533333,157,2,0.007550,-1.5459,166.59,0,0,0,60.0269,219.089,0.08688,1,0,0,0,0,0.007238,0.000129,0.000931,0.000089,0.001213,0.000038,0.000616,0.000099,0.000647,0.000032,0.000710,0.000065,0.000411,0.000050,0.000589,-166.59,-162.93,-117.80,-115.23,-37.54,119.09,48.20,100.87,97.28,-128.07,172.03,-150.10,-68.30,-139.81,-2.92,218.3983,4.9477,4.9226,3.7612,14.7024,2.2114,1.4814,0.7592,3.6286,0.5907,6.1508,0.8093,2.1767,0.6728,4.0774
2026-08-06 10:54:01.742,1.550000,157,3,0.007552,-1.5380,165.79,0,0,0,60.0269,219.089,0.08688,1,0,0,0,0,0.007223,0.000251,0.000948,0.000135,0.001229,0.000010,0.000655,0.000063,0.000594,0.000098,0.000680,0.000059,0.000385,0.000063,0.000691,-165.79,-164.67,-119.64,-89.39,-38.96,-116.91,44.99,11.80,92.59,78.52,175.46,125.78,-72.91,75.16,-1.53,218.3983,4.9477,4.9226,3.7612,14.7024,2.2114,1.4814,0.7592,3.6286,0.5907,6.1508,0.8093,2.1767,0.6728,4.0774
2026-08-06 10:54:01.742,1.566667,157,4,0.007537,-1.5425,166.22,0,0,0,60.0269,219.089,0.08688,1,0,0,0,0,0.007231,0.000164,0.000911,0.000107,0.001199,0.000025,0.000629,0.000064,0.000614,0.000041,0.000725,0.000060,0.000373,0.000065,0.000596,-166.22,-172.26,-120.37,-120.67,-38.55,145.10,48.81,-125.66,97.03,57.12,177.76,139.88,-62.03,-39.77,-1.10,218.3983,4.9477,4.9226,3.7612,14.7024,2.2114,1.4814,0.7592,3.6286,0.5907,6.1508,0.8093,2.1767,0.6728,4.0774
2026-08-06 10:54:01.742,1.583333,157,5,0.007584,-1.5490,166.23,0,0,0,60.0269,219.089,0.08688,1,0,0,0,0,0.007263,0.000144,0.000931,0.000122,0.001196,0.000068,0.000627,0.000082,0.000627,0.000049,0.000750,0.000078,0.000428,0.000077,0.000608,-166.23,-154.75,-116.98,-118.08,-38.88,70.98,48.15,96.79,89.82,156.59,176.46,-164.26,-66.74,165.37,1.59,218.3983,4.9477,4.9226,3.7612,14.7024,2.2114,1.4814,0.7592,3.6286,0.5907,6.1508,0.8093,2.1767,0.6728,4.0774
2026-08-06 10:54:01.742,1.600000,157,6,0.007595,-1.5482,165.81,0,0,0,60.0269,219.089,0.08688,1,0,0,0,0,0.007270,0.000236,0.000920,0.000148,0.001245,0.000079,0.000685,0.000005,0.000582,0.000098,0.000716,0.000087,0.000366,0.000041,0.000615,-165.81,175.37,-116.46,-108.69,-41.01,49.82,46.98,32.11,96.03,86.89,176.95,153.71,-75.62,130.91,-0.65,218.3983,4.9477,4.9226,3.7612,14.7024,2.2114,1.4814,0.7592,3.6286,0.5907,6.1508,0.8093,2.1767,0.6728,4.0774
2026-08-06 10:54:01.742,1.616667,157,7,0.007604,-1.5593,166.71,0,0,0,60.0269,219.089,0.08688,1,0,0,0,0,0.007292,0.000212,0.000879,0.000131,0.001230,0.000033,0.000618,0.000017,0.000601,0.000076,0.000662,0.000036,0.000372,0.000041,0.000639,-166.71,-173.56,-114.10,-125.09,-41.61,27.72,47.82,-55.42,94.30,70.82,176.09,136.27,-61.50,109.58,-2.12,218.3983,4.9477,4.9226,3.7612,14.7024,2.2114,1.4814,0.7592,3.6286,0.5907,6.1508,0.8093,2.1767,0.6728,4.0774
2026-08-06 10:54:01.742,1.633333,157,8,0.007561,-1.5415,165.88,0,0,0,60.0269,219.089,0.08688,1,0,0,0,0,0.007241,0.000136,0.000904,0.000170,0.001216,0.000034,0.000591,0.000086,0.000663,0.000044,0.000721,0.000102,0.000416,0.000103,0.000598,-165.88,173.91,-116.30,-113.16,-38.29,123.73,46.30,63.22,96.55,77.99,174.85,164.58,-72.78,132.53,-2.02,218.3983,4.9477,4.9226,3.7612,14.7024,2.2114,1.4814,0.7592,3.6286,0.5907,6.1508,0.8093,2.1767,0.6728,4.0774
2026-08-06 10:54:01.742,1.650000,157,9,0.007541,-1.5395,165.77,0,0,0,60.0269,219.089,0.08688,1,0,0,0,0,0.007232,0.000230,0.000866,0.000156,0.001234,0.000043,0.000639,0.000051,0.000533,0.000121,0.000655,0.000069,0.000386,0.000074,0.000625,-165.77,-174.72,-116.54,-129.25,-40.25,84.45,47.08,-2.85,92.31,82.68,176.17,126.88,-70.72,96.09,-4.26,218.3983,4.9477,4.9226,3.7612,14.7024,2.2114,1.4814,0.7592,3.6286,0.5907,6.1508,0.8093,2.1767,0.6728,4.0774
2026-08-06 10:54:01.742,1.666667,157,10,0.007580,-1.5508,166.65,0,0,0,60.0269,219.089,0.08688,1,0,0,0,0,0.007260,0.000172,0.000986,0.000149,0.001152,0.000053,0.000620,0.000070,0.000663,0.000025,0.000694,0.000078,0.000346,0.000048,0.000642,-166.65,178.29,-115.33,-134.12,-37.14,0.76,41.42,-134.66,100.46,-7.33,178.45,152.86,-69.78,-110.07,-0.47,218.3983,4.9477,4.9226,3.7612,14.7024,2.2114,1.4814,0.7592,3.6286,0.5907,6.1508,0.8093,2.1767,0.6728,4.0774
2026-08-06 10:54:01.742,1.683333,157,11,0.007518,-1.5321,165.81,0,0,0,60.0269,219.089,0.08688,1,0,0,0,0,0.007199,0.000180,0.000911,0.000080,0.001221,0.000046,0.000600,0.000122,0.000601,0.000086,0.000704,0.000120,0.000425,0.000069,0.000576,-165.81,-170.87,-118.81,-107.51,-39.31,103.28,46.95,75.33,90.92,76.07,177.26,174.07,-81.34,144.02,-5.20,218.3983,4.9477,4.9226,3.7612,14.7024,2.2114,1.4814,0.7592,3.6286,0.5907,6.1508,0.8093,2.1767,0.6728,4.0774
2026-08-06 10:54:01.742,1.700000,157,12,0.007569,-1.5443,165.98,0,0,0,60.0269,219.089,0.08688,1,0,0,0,0,0.007243,0.000262,0.000927,0.000181,0.001220,0.000002,0.000637,0.000039,0.000618,0.000040,0.000707,0.000063,0.000389,0.000059,0.000661,-165.98,-169.43,-121.20,-113.64,-39.79,89.57,47.66,-54.78,95.65,47.34,176.20,28.20,-62.34,90.70,3.71,218.3983,4.9477,4.9226,3.7612,14.7024,2.2114,1.4814,0.7592,3.6286,0.5907,6.1508,0.8093,2.1767,0.6728,4.0774
2026-08-06 10:54:01.742,1.716667,157,13,0.007578,-1.5496,166.24,0,0,0,60.0269,219.089,0.08688,1,0,0,0,0,0.007264,0.000238,0.000893,0.000143,0.001177,0.000019,0.000616,0.000079,0.000679,0.000030,0.000785,0.000036,0.000421,0.000052,0.000626,-166.24,-150.36,-116.59,-102.55,-37.96,-11.93,43.25,-27.48,97.63,-35.77,175.35,154.69,-72.76,175.47,-1.33,218.3983,4.9477,4.9226,3.7612,14.7024,2.2114,1.4814,0.7592,3.6286,0.5907,6.1508,0.8093,2.1767,0.6728,4.0774
2026-08-06 10:54:01.742,1.733333,157,14,0.007592,-1.5500,166.18,0,0,0,60.0269,219.089,0.08688,1,0,0,0,0,0.007267,0.000170,0.000902,0.000088,0.001224,0.000022,0.000640,0.000051,0.000663,0.000085,0.000743,0.000084,0.000412,0.000024,0.000685,-166.18,-166.20,-119.33,-118.51,-38.21,-123.29,45.71,-43.23,88.92,121.09,176.43,154.76,-71.01,-113.86,0.51,218.3983,4.9477,4.9226,3.7612,14.7024,2.2114,1.4814,0.7592,3.6286,0.5907,6.1508,0.8093,2.1767,0.6728,4.0774
2026-08-06 10:54:01.742,1.750000,157,15,0.007546,-1.5415,166.37,0,0,0,60.0269,219.089,0.08688,1,0,0,0,0,0.007227,0.000161,0.000909,0.000113,0.001210,0.000041,0.000646,0.000018,0.000606,0.000056,0.000728,0.000050,0.000388,0.000037,0.000609,-166.37,176.10,-118.30,-101.76,-38.92,-56.23,47.23,-13.10,97.18,99.96,177.29,131.66,-70.61,168.31,-0.55,218.3983,4.9477,4.9226,3.7612,14.7024,2.2114,1.4814,0.7592,3.6286,0.5907,6.1508,0.8093,2.1767,0.6728,4.0774
2026-08-06 10:54:01.742,1.766667,157,16,0.007586,-1.5463,165.66,0,0,0,60.0269,219.089,0.08688,1,0,0,0,0,0.007262,0.000166,0.000935,0.000121,0.001158,0.000068,0.000639,0.000077,0.000712,0.000030,0.000734,0.000058,0.000389,0.000063,0.000609,-165.66,-175.33,-116.44,-117.78,-40.61,155.71,46.97,116.70,92.57,136.97,175.33,-159.22,-72.70,-162.13,2.44,218.3983,4.9477,4.9226,3.7612,14.7024,2.2114,1.4814,0.7592,3.6286,0.5907,6.1508,0.8093,2.1767,0.6728,4.0774
2026-08-06 10:54:01.742,1.783333,157,17,0.007624,-1.5535,166.06,0,0,0,60.0269,219.089,0.08688,1,0,0,0,0,0.007286,0.000163,0.000911,0.000081,0.001251,0.000043,0.000700,0.000089,0.000650,0.000060,0.000770,0.000024,0.000367,0.000032,0.000677,-166.06,179.51,-118.03,-115.11,-39.58,140.29,47.89,-59.86,94.74,63.85,173.47,-178.53,-80.96,37.45,0.10,218.3983,4.9477,4.9226,3.7612,14.7024,2.2114,1.4814,0.7592,3.6286,0.5907,6.1508,0.8093,2.1767,0.6728,4.0774
2026-08-06 10:54:01.742,1.800000,157,18,0.007542,-1.5391,166.30,0,0,0,60.0269,219.089,0.08688,1,0,0,0,0,0.007214,0.000126,0.000989,0.000179,0.001194,0.000035,0.000612,0.000013,0.000642,0.000023,0.000718,0.000010,0.000390,0.000037,0.000586,-166.30,-159.28,-116.49,-130.42,-39.90,146.61,52.05,93.53,95.29,4.50,173.97,13.96,-62.91,-72.92,2.03,218.3983,4.9477,4.9226,3.7612,14.7024,2.2114,1.4814,0.7592,3.6286,0.5907,6.1508,0.8093,2.1767,0.6728,4.0774
2026-08-06 10:54:01.742,1.816667,157,19,0.007548,-1.5429,166.61,0,0,0,60.0269,219.089,0.08688,1,0,0,0,0,0.007221,0.000135,0.000928,0.000077,0.001222,0.000035,0.000661,0.000055,0.000625,0.000044,0.000744,0.000077,0.000414,0.000085,0.000612,-166.61,-167.95,-116.26,-123.10,-39.30,90.54,50.02,77.33,97.28,166.03,171.85,172.08,-73.35,162.63,-0.97,218.3983,4.9477,4.9226,3.7612,14.7024,2.2114,1.4814,0.7592,3.6286,0.5907,6.1508,0.8093,2.1767,0.6728,4.0774
2026-08-06 10:54:01.742,1.833333,157,20,0.007599,-1.5521,165.78,0,0,0,60.0269,219.089,0.08688,1,0,0,0,0,0.007287,0.000219,0.000907,0.000168,0.001212,0.000050,0.000604,0.000029,0.000580,0.000085,0.000680,0.000088,0.000405,0.000051,0.000657,-165.78,-176.64,-116.62,-106.73,-40.22,93.95,46.28,-33.81,97.78,76.51,177.88,120.23,-64.07,67.97,-1.88,218.3983,4.9477,4.9226,3.7612,14.7024,2.2114,1.4814,0.7592,3.6286,0.5907,6.1508,0.8093,2.1767,0.6728,4.0774
2026-08-06 10:54:01.742,1.850000,157,21,0.007550,-1.5432,166.19,0,0,0,60.0269,219.089,0.08688,1,0,0,0,0,0.007232,0.000245,0.000927,0.000165,0.001209,0.000019,0.000603,0.000005,0.000608,0.000040,0.000680,0.000052,0.000380,0.000010,0.000638,-166.19,-155.92,-119.01,-104.30,-40.76,-35.83,42.76,103.12,97.01,-0.03,177.77,97.93,-65.54,-124.17,-4.69,218.3983,4.9477,4.9226,3.7612,14.7024,2.2114,1.4814,0.7592,3.6286,0.5907,6.1508,0.8093,2.1767,0.6728,4.0774
2026-08-06 10:54:01.742,1.866667,157,22,0.007630,-1.5620,166.54,0,0,0,60.0269,219.089,0.08688,1,0,0,0,0,0.007311,0.000201,0.000903,0.000129,0.001223,0.000044,0.000615,0.000048,0.000611,0.000038,0.000705,0.000073,0.000412,0.000077,0.000663,-166.54,-174.28,-116.92,-119.81,-39.61,81.90,49.70,3.98,93.69,71.34,173.74,141.50,-71.42,156.74,-0.87,218.3983,4.9477,4.9226,3.7612,14.7024,2.2114,1.4814,0.7592,3.6286,0.5907,6.1508,0.8093,2.1767,0.6728,4.0774
2026-08-06 10:54:01.742,1.883333,157,23,0.007559,-1.5485,166.25,0,0,0,60.0269,219.089,0.08688,1,0,0,0,0,0.007251,0.000240,0.000860,0.000140,0.001177,0.000045,0.000680,0.000061,0.000608,0.000064,0.000687,0.000025,0.000396,0.000043,0.000652,-166.25,-163.94,-118.48,-119.05,-42.46,104.60,49.41,-128.70,96.34,84.91,177.44,164.54,-66.60,151.68,-2.01,218.3983,4.9477,4.9226,3.7612,14.7024,2.2114,1.4814,0.7592,3.6286,0.5907,6.1508,0.8093,2.1767,0.6728,4.0774
2026-08-06 10:54:01.742,1.900000,157,24,0.007522,-1.5371,166.50,0,0,0,60.0269,219.089,0.08688,1,0,0,0,0,0.007192,0.000212,0.000924,0.000090,0.001215,0.000065,0.000637,0.000122,0.000668,0.000068,0.000705,0.000059,0.000458,0.000074,0.000607,-166.50,-156.13,-113.53,-126.59,-40.79,144.29,44.97,89.04,96.44,114.57,174.74,124.09,-65.37,155.12,-5.51,218.3983,4.9477,4.9226,3.7612,14.7024,2.2114,1.4814,0.7592,3.6286,0.5907,6.1508,0.8093,2.1767,0.6728,4.0774
2026-08-06 10:54:01.742,1.916667,157,25,0.007561,-1.5401,165.33,0,0,0,60.0269,219.089,0.08688,1,0,0,0,0,0.007242,0.000161,0.000970,0.000113,0.001179,0.000079,0.000614,0.000032,0.000629,0.000120,0.000660,0.000084,0.000398,0.000041,0.000659,-165.33,-178.51,-117.90,-98.56,-43.74,121.85,50.60,134.61,96.99,84.63,176.29,159.55,-71.29,-156.75,1.86,218.3983,4.9477,4.9226,3.7612,14.7024,2.2114,1.4814,0.7592,3.6286,0.5907,6.1508,0.8093,2.1767,0.6728,4.0774
2026-08-06 10:54:01.742,1.933333,157,26,0.007514,-1.5353,166.28,0,0,0,60.0269,219.089,0.08688,1,0,0,0,0,0.007197,0.000273,0.000896,0.000145,0.001188,0.000027,0.000597,0.000017,0.000575,0.000056,0.000710,0.000085,0.000394,0.000010,0.000646,-166.28,-168.00,-114.47,-135.37,-37.73,25.57,43.66,43.92,96.48,114.46,-178.44,129.58,-62.40,-127.67,-7.75,218.3983,4.9477,4.9226,3.7612,14.7024,2.2114,1.4814,0.7592,3.6286,0.5907,6.1508,0.8093,2.1767,0.6728,4.0774
2026-08-06 10:54:01.742,1.950000,157,27,0.007583,-1.5527,166.86,0,0,0,60.0269,219.089,0.08688,1,0,0,0,0,0.007260,0.000186,0.000902,0.000142,0.001256,0.000081,0.000634,0.000064,0.000664,0.000027,0.000701,0.000082,0.000346,0.000115,0.000631,-166.86,178.30,-116.49,-106.11,-40.03,71.24,49.36,101.11,94.42,-135.36,174.75,178.03,-73.06,173.11,-2.45,218.3983,4.9477,4.9226,3.7612,14.7024,2.2114,1.4814,0.7592,3.6286,0.5907,6.1508,0.8093,2.1767,0.6728,4.0774
2026-08-06 10:54:01.742,1.966667,157,28,0.007587,-1.5478,165.73,0,0,0,60.0269,219.089,0.08688,1,0,0,0,0,0.007269,0.000211,0.000946,0.000157,0.001183,0.000014,0.000627,0.000072,0.000609,0.000081,0.000683,0.000072,0.000351,0.000067,0.000602,-165.73,-169.56,-116.00,-106.02,-41.13,73.49,50.30,37.05,91.62,78.73,176.70,-165.24,-80.14,-170.76,-0.84,218.3983,4.9477,4.9226,3.7612,14.7024,2.2114,1.4814,0.7592,3.6286,0.5907,6.1508,0.8093,2.1767,0.6728,4.0774
2026-08-06 10:54:01.742,1.983333,157,29,0.007539,-1.5407,166.21,0,0,0,60.0269,219.089,0.08688,1,0,0,0,0,0.007223,0.000198,0.000914,0.000123,0.001172,0.000002,0.000651,0.000046,0.000641,0.000036,0.000735,0.000096,0.000411,0.000022,0.000621,-166.21,-178.71,-115.01,-117.01,-38.61,-143.83,46.93,-163.68,100.75,38.80,175.64,134.32,-65.92,166.75,-2.95,218.3983,4.9477,4.9226,3.7612,14.7024,2.2114,1.4814,0.7592,3.6286,0.5907,6.1508,0.8093,2.1767,0.6728,4.0774
2026-08-06 10:54:01.998,2.000000,158,0,0.007570,-1.5455,165.78,0,0,0,60.0269,219.046,0.08700,1,0,0,0,0,0.007254,0.000187,0.000908,0.000143,0.001179,0.000054,0.000614,0.000037,0.000663,0.000027,0.000735,0.000096,0.000404,0.000080,0.000641,-165.78,-174.02,-118.35,-108.97,-42.17,147.42,49.52,103.91,98.18,46.15,173.99,-123.29,-78.54,156.93,1.89,218.3529,4.9518,4.9243,3.7495,14.7173,2.2093,1.4590,0.7511,3.6253,0.5949,6.1897,0.7921,2.1731,0.6835,4.0810
2026-08-06 10:54:01.998,2.016667,158,1,0.007507,-1.5389,166.77,0,0,0,60.0269,219.046,0.08700,1,0,0,0,0,0.007195,0.000222,0.000861,0.000132,0.001204,0.000041,0.000619,0.000047,0.000582,0.000064,0.000700,0.000063,0.000383,0.000015,0.000684,-166.77,-168.12,-117.53,-118.89,-39.46,26.13,48.76,-0.45,92.85,70.84,175.88,85.11,-76.72,125.66,-4.07,218.3529,4.9518,4.9243,3.7495,14.7173,2.2093,1.4590,0.7511,3.6253,0.5949,6.1897,0.7921,2.1731,0.6835,4.0810
2026-08-06 10:54:01.998,2.033333,158,2,0.007522,-1.5381,166.13,0,0,0,60.0269,219.046,0.08700,1,0,0,0,0,0.007210,0.000228,0.000905,0.000164,0.001137,0.000014,0.000633,0.000034,0.000664,0.000020,0.000705,0.000019,0.000404,0.000042,0.000673,-166.13,-165.31,-119.01,-92.90,-40.62,-164.79,48.33,102.01,98.92,18.00,175.22,-58.79,-66.57,-53.07,-5.46,218.3529,4.9518,4.9243,3.7495,14.7173,2.2093,1.4590,0.7511,3.6253,0.5949,6.1897,0.7921,2.1731,0.6835,4.0810
2026-08-06 10:54:01.998,2.050000,158,3,0.007600,-1.5493,165.96,0,0,0,60.0269,219.046,0.08700,1,0,0,0,0,0.007274,0.000159,0.000938,0.000125,0.001240,0.000003,0.000642,0.000056,0.000644,0.000067,0.000698,0.000132,0.000322,0.000011,0.000617,-165.96,-178.83,-117.83,-101.75,-38.02,-86.92,46.89,45.96,97.82,113.22,170.46,-173.11,-68.55,147.63,-0.59,218.3529,4.9518,4.9243,3.7495,14.7173,2.2093,1.4590,0.7511,3.6253,0.5949,6.1897,0.7921,2.1731,0.6835,4.0810
2026-08-06 10:54:01.998,2.066667,158,4,0.007575,-1.5454,166.32,0,0,0,60.0269,219.046,0.08700,1,0,0,0,0,0.007236,0.000193,0.000947,0.000113,0.001257,0.000020,0.000660,0.000030,0.000614,0.000023,0.000741,0.000078,0.000374,0.000046,0.000683,-166.32,172.67,-118.82,-121.55,-38.97,124.31,48.97,-86.76,97.75,115.01,177.01,32.45,-72.67,70.89,-0.59,218.3529,4.9518,4.9243,3.7495,14.7173,2.2093,1.4590,0.7511,3.6253,0.5949,6.1897,0.7921,2.1731,0.6835,4.0810
2026-08-06 10:54:01.998,2.083333,158,5,0.007592,-1.5487,166.34,0,0,0,60.0269,219.046,0.08700,1,0,0,0,0,0.007260,0.000164,0.000972,0.000089,0.001195,0.000012,0.000680,0.000073,0.000675,0.000044,0.000714,0.000067,0.000378,0.000081,0.000616,-166.34,175.00,-120.01,-88.94,-39.12,87.03,45.27,109.50,95.99,-163.56,175.13,-108.44,-71.44,-163.48,2.50,218.3529,4.9518,4.9243,3.7495,14.7173,2.2093,1.4590,0.7511,3.6253,0.5949,6.1897,0.7921,2.1731,0.6835,4.0810
2026-08-06 10:54:01.998,2.100000,158,6,0.007554,-1.5413,166.04,0,0,0,60.0269,219.046,0.08700,1,0,0,0,0,0.007234,0.000168,0.000898,0.000115,0.001190,0.000039,0.000652,0.000045,0.000682,0.000031,0.000727,0.000038,0.000349,0.000065,0.000605,-166.04,-169.71,-117.33,-89.64,-39.54,99.86,45.31,21.02,95.44,39.77,174.81,-154.75,-67.32,109.71,5.47,218.3529,4.9518,4.9243,3.7495,14.7173,2.2093,1.4590,0.7511,3.6253,0.5949,6.1897,0.7921,2.1731,0.6835,4.0810
2026-08-06 10:54:01.998,2.116667,158,7,0.007560,-1.5434,165.91,0,0,0,60.0269,219.046,0.08700,1,0,0,0,0,0.007242,0.000186,0.000959,0.000169,0.001209,0.000018,0.000591,0.000015,0.000627,0.000060,0.000690,0.000015,0.000389,0.000015,0.000640,-165.91,-151.93,-118.92,-115.03,-43.04,155.83,47.25,-100.63,93.14,-13.82,174.98,128.32,-60.65,-118.60,-2.43,218.3529,4.9518,4.9243,3.7495,14.7173,2.2093,1.4590,0.7511,3.6253,0.5949,6.1897,0.7921,2.1731,0.6835,4.0810
2026-08-06 10:54:01.998,2.133333,158,8,0.007527,-1.5377,166.23,0,0,0,60.0269,219.046,0.08700,1,0,0,0,0,0.007212,0.000165,0.000960,0.000060,0.001162,0.000028,0.000606,0.000112,0.000640,0.000048,0.000689,0.000017,0.000383,0.000107,0.000636,-166.23,-151.52,-117.99,-100.27,-38.25,-101.52,48.76,67.55,94.24,144.66,178.93,150.77,-64.45,164.84,6.81,218.3529,4.9518,4.9243,3.7495,14.7173,2.2093,1.4590,0.7511,3.6253,0.5949,6.1897,0.7921,2.1731,0.6835,4.0810
2026-08-06 10:54:01.998,2.150000,158,9,0.007491,-1.5303,166.45,0,0,0,60.0269,219.046,0.08700,1,0,0,0,0,0.007172,0.000216,0.000929,0.000064,0.001190,0.000033,0.000663,0.000028,0.000598,0.000069,0.000672,0.000075,0.000388,0.000029,0.000689,-166.45,-171.26,-120.52,-126.25,-36.35,-157.81,46.90,60.69,97.32,141.55,171.97,139.42,-69.54,137.68,1.78,218.3529,4.9518,4.9243,3.7495,14.7173,2.2093,1.4590,0.7511,3.6253,0.5949,6.1897,0.7921,2.1731,0.6835,4.0810
2026-08-06 10:54:01.998,2.166667,158,10,0.007513,-1.5311,165.92,0,0,0,60.0269,219.046,0.08700,1,0,0,0,0,0.007185,0.000169,0.000957,0.000173,0.001207,0.000018,0.000645,0.000037,0.000644,0.000074,0.000747,0.000060,0.000360,0.000029,0.000657,-165.92,-166.45,-116.28,-139.66,-38.09,138.46,50.07,154.88,97.72,121.07,177.18,102.60,-63.95,-141.83,-7.09,218.3529,4.9518,4.9243,3.7495,14.7173,2.2093,1.4590,0.7511,3.6253,0.5949,6.1897,0.7921,2.1731,0.6835,4.0810
2026-08-06 10:54:01.998,2.183333,158,11,0.007539,-1.5380,166.32,0,0,0,60.0269,219.046,0.08700,1,0,0,0,0,0.007209,0.000196,0.000888,0.000117,0.001272,0.000044,0.000631,0.000049,0.000633,0.000034,0.000724,0.000091,0.000454,0.000076,0.000616,-166.32,-175.27,-115.52,-118.55,-39.27,85.24,49.62,102.03,96.74,94.95,177.54,137.19,-68.72,149.11,-1.50,218.3529,4.9518,4.9243,3.7495,14.7173,2.2093,1.4590,0.7511,3.6253,0.5949,6.1897,0.7921,2.1731,0.6835,4.0810
2026-08-06 10:54:01.998,2.200000,158,12,0.007616,-1.5587,166.24,0,0,0,60.0269,219.046,0.08700,1,0,0,0,0,0.007299,0.000268,0.000876,0.000138,0.001257,0.000044,0.000647,0.000103,0.000620,0.000083,0.000713,0.000061,0.000355,0.000031,0.000654,-166.24,-163.83,-117.16,-105.64,-42.83,112.89,43.11,-40.96,97.30,83.60,173.77,130.95,-73.27,158.87,-4.63,218.3529,4.9518,4.9243,3.7495,14.7173,2.2093,1.4590,0.7511,3.6253,0.5949,6.1897,0.7921,2.1731,0.6835,4.0810
2026-08-06 10:54:01.998,2.216667,158,13,0.007603,-1.5567,166.55,0,0,0,60.0269,219.046,0.08700,1,0,0,0,0,0.007283,0.000175,0.000922,0.000090,0.001178,0.000039,0.000608,0.000060,0.000700,0.000040,0.000759,0.000055,0.000370,0.000082,0.000623,-166.55,-177.05,-116.13,-131.77,-41.59,70.53,44.76,115.74,95.93,-41.65,174.02,169.54,-68.08,-145.65,-4.05,218.3529,4.9518,4.9243,3.7495,14.7173,2.2093,1.4590,0.7511,3.6253,0.5949,6.1897,0.7921,2.1731,0.6835,4.0810
2026-08-06 10:54:01.998,2.233333,158,14,0.007560,-1.5460,166.61,0,0,0,60.0269,219.046,0.08700,1,0,0,0,0,0.007238,0.000165,0.000895,0.000102,0.001226,0.000027,0.000671,0.000054,0.000679,0.000035,0.000729,0.000114,0.000340,0.000022,0.000624,-166.61,175.81,-118.90,-96.83,-38.52,-80.31,48.68,82.08,95.00,119.94,174.50,-175.09,-74.72,-153.54,-6.30,218.3529,4.9518,4.9243,3.7495,14.7173,2.2093,1.4590,0.7511,3.6253,0.5949,6.1897,0.7921,2.1731,0.6835,4.0810
2026-08-06 10:54:01.998,2.250000,158,15,0.007577,-1.5480,166.00,0,0,0,60.0269,219.046,0.08700,1,0,0,0,0,0.007261,0.000270,0.000872,0.000152,0.001195,0.000073,0.000662,0.000051,0.000632,0.000029,0.000711,0.000029,0.000349,0.000015,0.000679,-166.00,-172.80,-117.67,-120.55,-38.86,51.53,46.11,-68.89,97.63,83.05,175.34,142.44,-66.91,152.05,-4.53,218.3529,4.9518,4.9243,3.7495,14.7173,2.2093,1.4590,0.7511,3.6253,0.5949,6.1897,0.7921,2.1731,0.6835,4.0810
2026-08-06 10:54:01.998,2.266667,158,16,0.007483,-1.5297,166.60,0,0,0,60.0269,219.046,0.08700,1,0,0,0,0,0.007155,0.000196,0.000919,0.000083,0.001176,0.000038,0.000622,0.000067,0.000682,0.000011,0.000737,0.000013,0.000413,0.000112,0.000669,-166.60,-155.42,-117.75,-127.51,-39.79,145.67,50.78,79.83,95.78,-47.10,170.09,60.58,-79.08,173.89,-6.93,218.3529,4.9518,4.9243,3.7495,14.7173,2.2093,1.4590,0.7511,3.6253,0.5949,6.1897,0.7921,2.1731,0.6835,4.0810
2026-08-06 10:54:01.998,2.283333,158,17,0.007619,-1.5519,165.39,0,0,0,60.0269,219.046,0.08700,1,0,0,0,0,0.007302,0.000183,0.000933,0.000150,0.001211,0.000037,0.000633,0.000101,0.000652,0.000113,0.000678,0.000110,0.000328,0.000025,0.000632,-165.39,-161.24,-117.12,-121.54,-39.43,99.90,46.71,8.17,93.43,82.54,168.16,-168.00,-67.24,-166.97,2.12,218.3529,4.9518,4.9243,3.7495,14.7173,2.2093,1.4590,0.7511,3.6253,0.5949,6.1897,0.7921,2.1731,0.6835,4.0810
2026-08-06 10:54:01.998,2.300000,158,18,0.007555,-1.5391,166.01,0,0,0,60.0269,219.046,0.08700,1,0,0,0,0,0.007218,0.000188,0.000955,0.000162,0.001245,0.000033,0.000664,0.000036,0.000632,0.000013,0.000762,0.000097,0.000367,0.000071,0.000633,-166.01,-173.48,-118.50,-129.78,-40.24,68.35,43.99,-170.00,95.21,151.04,175.92,88.49,-69.60,29.69,-7.14,218.3529,4.9518,4.9243,3.7495,14.7173,2.2093,1.4590,0.7511,3.6253,0.5949,6.1897,0.7921,2.1731,0.6835,4.0810
2026-08-06 10:54:01.998,2.316667,158,19,0.007523,-1.5373,166.24,0,0,0,60.0269,219.046,0.08700,1,0,0,0,0,0.007208,0.000123,0.000916,0.000076,0.001197,0.000020,0.000645,0.000095,0.000624,0.000062,0.000750,0.000049,0.000434,0.000093,0.000594,-166.24,-179.65,-117.48,-125.14,-39.14,77.96,50.69,90.43,96.30,156.49,176.73,-142.92,-70.76,159.13,2.34,218.3529,4.9518,4.9243,3.7495,14.7173,2.2093,1.4590,0.7511,3.6253,0.5949,6.1897,0.7921,2.1731,0.6835,4.0810
2026-08-06 10:54:01.998,2.333333,158,20,0.007558,-1.5382,166.21,0,0,0,60.0269,219.046,0.08700,1,0,0,0,0,0.007217,0.000199,0.000942,0.000100,0.001265,0.000025,0.000644,0.000073,0.000594,0.000093,0.000706,0.000084,0.000446,0.000051,0.000681,-166.21,-169.61,-116.07,-136.52,-37.64,-152.11,44.69,44.41,92.68,76.01,176.32,148.63,-71.03,166.52,1.27,218.3529,4.9518,4.9243,3.7495,14.7173,2.2093,1.4590,0.7511,3.6253,0.5949,6.1897,0.7921,2.1731,0.6835,4.0810
2026-08-06 10:54:01.998,2.350000,158,21,0.007552,-1.5454,166.52,0,0,0,60.0269,219.046,0.08700,1,0,0,0,0,0.007237,0.000212,0.000920,0.000134,0.001184,0.000050,0.000624,0.000032,0.000625,0.000018,0.000747,0.000041,0.000362,0.000033,0.000626,-166.52,-172.20,-117.47,-120.01,-38.95,-3.89,51.62,-157.43,96.96,-1.46,176.11,117.60,-67.99,-89.48,-1.68,218.3529,4.9518,4.9243,3.7495,14.7173,2.2093,1.4590,0.7511,3.6253,0.5949,6.1897,0.7921,2.1731,0.6835,4.0810
2026-08-06 10:54:01.998,2.366667,158,22,0.007567,-1.5444,166.04,0,0,0,60.0269,219.046,0.08700,1,0,0,0,0,0.007245,0.000257,0.000911,0.000126,0.001221,0.000070,0.000677,0.000058,0.000637,0.000042,0.000687,0.000047,0.000388,0.000052,0.000594,-166.04,179.46,-116.71,-96.26,-41.60,111.37,42.63,72.57,100.99,43.62,175.84,-134.34,-73.46,96.22,0.67,218.3529,4.9518,4.9243,3.7495,14.7173,2.2093,1.4590,0.7511,3.6253,0.5949,6.1897,0.7921,2.1731,0.6835,4.0810
2026-08-06 10:54:01.998,2.383333,158,23,0.007580,-1.5447,165.78,0,0,0,60.0269,219.046,0.08700,1,0,0,0,0,0.007250,0.000259,0.000919,0.000155,0.001230,0.000009,0.000626,0.000049,0.000617,0.000102,0.000775,0.000100,0.000356,0.000047,0.000646,-165.78,-175.82,-120.01,-106.04,-41.22,121.40,46.08,-2.27,94.42,82.41,175.88,94.61,-78.16,97.15,-4.16,218.3529,4.9518,4.9243,3.7495,14.7173,2.2093,1.4590,0.7511,3.6253,0.5949,6.1897,0.7921,2.1731,0.6835,4.0810
2026-08-06 10:54:01.998,2.400000,158,24,0.007506,-1.5337,166.33,0,0,0,60.0269,219.046,0.08700,1,0,0,0,0,0.007188,0.000147,0.000918,0.000102,0.001151,0.000047,0.000624,0.000068,0.000653,0.000070,0.000747,0.000060,0.000366,0.000062,0.000574,-166.33,-168.57,-118.92,-105.98,-38.58,50.87,46.32,163.99,95.55,25.94,175.28,148.21,-63.77,-97.19,0.92,218.3529,4.9518,4.9243,3.7495,14.7173,2.2093,1.4590,0.7511,3.6253,0.5949,6.1897,0.7921,2.1731,0.6835,4.0810
2026-08-06 10:54:01.998,2.416667,158,25,0.007542,-1.5422,165.99,0,0,0,60.0269,219.046,0.08700,1,0,0,0,0,0.007243,0.000163,0.000839,0.000105,0.001207,0.000043,0.000565,0.000089,0.000628,0.000096,0.000708,0.000089,0.000393,0.000084,0.000611,-165.99,177.80,-114.34,-131.28,-39.79,46.04,48.25,72.54,93.92,124.33,174.38,159.96,-76.52,107.56,-3.28,218.3529,4.9518,4.9243,3.7495,14.7173,2.2093,1.4590,0.7511,3.6253,0.5949,6.1897,0.7921,2.1731,0.6835,4.0810
2026-08-06 10:54:01.998,2.433333,158,26,0.007625,-1.5573,166.07,0,0,0,60.0269,219.046,0.08700,1,0,0,0,0,0.007305,0.000215,0.000915,0.000137,0.001238,0.000032,0.000671,0.000070,0.000642,0.000059,0.000730,0.000014,0.000355,0.000030,0.000640,-166.07,-167.99,-117.39,-109.58,-40.95,35.70,48.19,-54.22,98.44,70.38,176.16,67.24,-65.27,-74.81,-2.17,218.3529,4.9518,4.9243,3.7495,14.7173,2.2093,1.4590,0.7511,3.6253,0.5949,6.1897,0.7921,2.1731,0.6835,4.0810
2026-08-06 10:54:01.998,2.450000,158,27,0.007597,-1.5547,166.64,0,0,0,60.0269,219.046,0.08700,1,0,0,0,0,0.007275,0.000209,0.000920,0.000087,0.001199,0.000046,0.000615,0.000019,0.000675,0.000029,0.000751,0.000028,0.000387,0.000049,0.000620,-166.64,-170.43,-119.04,-118.94,-38.34,-119.45,46.62,-31.25,93.99,-100.53,175.87,-156.26,-72.64,-142.04,-4.90,218.3529,4.9518,4.9243,3.7495,14.7173,2.2093,1.4590,0.7511,3.6253,0.5949,6.1897,0.7921,2.1731,0.6835,4.0810
2026-08-06 10:54:01.998,2.466667,158,28,0.007558,-1.5428,166.23,0,0,0,60.0269,219.046,0.08700,1,0,0,0,0,0.007233,0.000171,0.000912,0.000119,0.001230,0.000022,0.000648,0.000086,0.000646,0.000126,0.000756,0.000109,0.000388,0.000089,0.000585,-166.23,178.10,-117.59,-115.16,-38.37,-160.71,47.38,41.76,91.24,107.37,171.35,161.44,-75.57,133.32,-1.33,218.3529,4.9518,4.9243,3.7495,14.7173,2.2093,1.4590,0.7511,3.6253,0.5949,6.1897,0.7921,2.1731,0.6835,4.0810
2026-08-06 10:54:01.998,2.483333,158,29,0.007579,-1.5493,166.31,0,0,0,60.0269,219.046,0.08700,1,0,0,0,0,0.007255,0.000231,0.000949,0.000148,0.001238,0.000050,0.000587,0.000030,0.000600,0.000074,0.000741,0.000041,0.000331,0.000034,0.000630,-166.31,-166.31,-118.91,-121.70,-42.02,-25.42,48.36,-153.68,94.14,67.02,176.51,82.65,-63.93,74.75,2.87,218.3529,4.9518,4.9243,3.7495,14.7173,2.2093,1.4590,0.7511,3.6253,0.5949,6.1897,0.7921,2.1731,0.6835,4.0810
2026-08-06 10:54:02.251,2.500000,159,0,0.007551,-1.5398,165.79,0,0,0,60.0192,219.080,0.08704,1,0,0,0,0,0.007232,0.000165,0.000877,0.000138,0.001215,0.000046,0.000638,0.000059,0.000700,0.000024,0.000762,0.000010,0.000393,0.000058,0.000634,-165.79,-176.54,-117.51,-110.52,-38.58,121.56,51.73,141.03,97.91,49.45,173.82,-77.16,-78.96,98.01,-6.28,218.3856,4.9624,4.9276,3.7436,14.7275,2.2169,1.4444,0.7551,3.6009,0.5945,6.1819,0.8058,2.2404,0.6935,4.0831
2026-08-06 10:54:02.251,2.516667,159,1,0.007543,-1.5366,165.59,0,0,0,60.0192,219.080,0.08704,1,0,0,0,0,0.007221,0.000222,0.000901,0.000121,0.001220,0.000076,0.000618,0.000039,0.000610,0.000081,0.000722,0.000058,0.000371,0.000073,0.000610,-165.59,-166.00,-114.54,-116.77,-40.31,108.82,40.39,55.45,95.01,96.60,173.67,121.26,-70.12,108.10,-3.36,218.3856,4.9624,4.9276,3.7436,14.7275,2.2169,1.4444,0.7551,3.6009,0.5945,6.1819,0.8058,2.2404,0.6935,4.0831
2026-08-06 10:54:02.251,2.533333,159,2,0.007529,-1.5431,166.49,0,0,0,60.0192,219.080,0.08704,1,0,0,0,0,0.007225,0.000190,0.000905,0.000127,0.001166,0.000034,0.000625,0.000007,0.000584,0.000042,0.000717,0.000061,0.000396,0.000036,0.000599,-166.49,-173.35,-120.23,-130.53,-40.25,67.92,46.77,147.88,96.41,113.24,178.76,153.69,-62.40,-81.92,-0.91,218.3856,4.9624,4.9276,3.7436,14.7275,2.2169,1.4444,0.7551,3.6009,0.5945,6.1819,0.8058,2.2404,0.6935,4.0831
2026-08-06 10:54:02.251,2.550000,159,3,0.007619,-1.5564,166.20,0,0,0,60.0192,219.080,0.08704,1,0,0,0,0,0.007297,0.000135,0.000943,0.000090,0.001221,0.000015,0.000632,0.000059,0.000656,0.000045,0.000693,0.000073,0.000346,0.000060,0.000612,-166.20,175.41,-116.54,-123.65,-38.72,-130.06,47.23,68.37,92.61,159.23,170.62,-122.87,-64.20,165.33,7.31,218.3856,4.9624,4.9276,3.7436,14.7275,2.2169,1.4444,0.7551,3.6009,0.5945,6.1819,0.8058,2.2404,0.6935,4.0831
2026-08-06 10:54:02.251,2.566667,159,4,0.007529,-1.5387,165.90,0,0,0,60.0192,219.080,0.08704,1,0,0,0,0,0.007221,0.000188,0.000888,0.000146,0.001232,0.000052,0.000584,0.000043,0.000591,0.000119,0.000698,0.000096,0.000352,0.000028,0.000659,-165.90,179.88,-119.10,-112.49,-41.32,37.43,44.44,-48.73,91.77,97.87,178.29,114.27,-66.90,171.33,0.85,218.3856,4.9624,4.9276,3.7436,14.7275,2.2169,1.4444,0.7551,3.6009,0.5945,6.1819,0.8058,2.2404,0.6935,4.0831
2026-08-06 10:54:02.251,2.583333,159,5,0.007481,-1.5288,166.42,0,0,0,60.0192,219.080,0.08704,1,0,0,0,0,0.007161,0.000163,0.000925,0.000116,0.001201,0.000046,0.000610,0.000038,0.000606,0.000048,0.000738,0.000038,0.000382,0.000038,0.000563,-166.42,-165.99,-118.43,-135.75,-38.86,-179.56,45.47,113.98,100.43,-32.72,175.19,105.98,-61.15,104.25,-5.46,218.3856,4.9624,4.9276,3.7436,14.7275,2.2169,1.4444,0.7551,3.6009,0.5945,6.1819,0.8058,2.2404,0.6935,4.0831
2026-08-06 10:54:02.251,2.600000,159,6,0.007575,-1.5475,166.09,0,0,0,60.0192,219.080,0.08704,1,0,0,0,0,0.007257,0.000176,0.000916,0.000107,0.001222,0.000040,0.000621,0.000030,0.000621,0.000065,0.000659,0.000105,0.000426,0.000068,0.000628,-166.09,-171.45,-117.85,-125.47,-39.72,128.87,46.19,51.55,92.92,72.76,179.16,169.77,-69.26,122.73,4.89,218.3856,4.9624,4.9276,3.7436,14.7275,2.2169,1.4444,0.7551,3.6009,0.5945,6.1819,0.8058,2.2404,0.6935,4.0831
2026-08-06 10:54:02.251,2.616667,159,7,0.007585,-1.5491,166.13,0,0,0,60.0192,219.080,0.08704,1,0,0,0,0,0.007263,0.000216,0.000894,0.000117,0.001226,0.000074,0.000691,0.000044,0.000663,0.000049,0.000694,0.000062,0.000340,0.000057,0.000659,-166.13,-170.78,-117.69,-106.98,-41.05,102.96,48.57,-73.82,99.55,79.16,178.31,140.21,-78.39,163.33,-4.63,218.3856,4.9624,4.9276,3.7436,14.7275,2.2169,1.4444,0.7551,3.6009,0.5945,6.1819,0.8058,2.2404,0.6935,4.0831
2026-08-06 10:54:02.251,2.633333,159,8,0.007514,-1.5346,166.00,0,0,0,60.0192,219.080,0.08704,1,0,0,0,0,0.007202,0.000188,0.000925,0.000106,0.001161,0.000014,0.000633,0.000066,0.000667,0.000030,0.000711,0.000053,0.000349,0.000039,0.000617,-166.00,-177.11,-117.59,-92.23,-38.35,167.95,46.18,170.95,100.92,-123.23,173.55,173.46,-67.14,-150.25,1.96,218.3856,4.9624,4.9276,3.7436,14.7275,2.2169,1.4444,0.7551,3.6009,0.5945,6.1819,0.8058,2.2404,0.6935,4.0831
2026-08-06 10:54:02.251,2.650000,159,9,0.007608,-1.5509,165.84,0,0,0,60.0192,219.080,0.08704,1,0,0,0,0,0.007284,0.000173,0.000928,0.000064,0.001236,0.000038,0.000653,0.000032,0.000615,0.000062,0.000679,0.000105,0.000356,0.000080,0.000678,-165.84,-178.39,-116.47,-110.59,-39.46,117.74,45.30,97.52,90.04,101.16,173.01,-171.69,-71.33,171.04,2.44,218.3856,4.9624,4.9276,3.7436,14.7275,2.2169,1.4444,0.7551,3.6009,0.5945,6.1819,0.8058,2.2404,0.6935,4.0831
2026-08-06 10:54:02.251,2.666667,159,10,0.007598,-1.5576,166.35,0,0,0,60.0192,219.080,0.08704,1,0,0,0,0,0.007297,0.000241,0.000891,0.000071,0.001183,0.000043,0.000622,0.000026,0.000599,0.000077,0.000664,0.000068,0.000354,0.000016,0.000665,-166.35,-175.60,-114.93,-115.27,-39.68,43.27,48.34,-84.26,96.54,109.39,-176.66,115.06,-64.49,36.76,2.10,218.3856,4.9624,4.9276,3.7436,14.7275,2.2169,1.4444,0.7551,3.6009,0.5945,6.1819,0.8058,2.2404,0.6935,4.0831
2026-08-06 10:54:02.251,2.683333,159,11,0.007543,-1.5429,166.37,0,0,0,60.0192,219.080,0.08704,1,0,0,0,0,0.007227,0.000176,0.000900,0.000097,0.001178,0.000080,0.000656,0.000064,0.000686,0.000036,0.000716,0.000069,0.000411,0.000100,0.000627,-166.37,-172.29,-117.77,-109.04,-38.31,97.40,46.91,84.05,94.51,-158.24,172.82,-139.06,-76.50,179.58,-4.62,218.3856,4.9624,4.9276,3.7436,14.7275,2.2169,1.4444,0.7551,3.6009,0.5945,6.1819,0.8058,2.2404,0.6935,4.0831
2026-08-06 10:54:02.251,2.700000,159,12,0.007563,-1.5457,166.29,0,0,0,60.0192,219.080,0.08704,1,0,0,0,0,0.007240,0.000195,0.000939,0.000109,0.001181,0.000022,0.000618,0.000038,0.000631,0.000049,0.000722,0.000091,0.000376,0.000013,0.000649,-166.29,-172.89,-117.83,-91.71,-41.24,28.92,47.44,56.75,97.90,73.45,169.66,118.31,-66.60,174.93,2.50,218.3856,4.9624,4.9276,3.7436,14.7275,2.2169,1.4444,0.7551,3.6009,0.5945,6.1819,0.8058,2.2404,0.6935,4.0831
2026-08-06 10:54:02.251,2.716667,159,13,0.007550,-1.5409,165.94,0,0,0,60.0192,219.080,0.08704,1,0,0,0,0,0.007225,0.000208,0.000905,0.000175,0.001198,0.000082,0.000692,0.000070,0.000649,0.000070,0.000710,0.000064,0.000298,0.000024,0.000643,-165.94,-167.42,-117.05,-107.12,-42.54,71.04,45.85,-118.99,98.84,84.65,178.23,138.01,-61.06,167.56,-5.64,218.3856,4.9624,4.9276,3.7436,14.7275,2.2169,1.4444,0.7551,3.6009,0.5945,6.1819,0.8058,2.2404,0.6935,4.0831
2026-08-06 10:54:02.251,2.733333,159,14,0.007565,-1.5430,166.01,0,0,0,60.0192,219.080,0.08704,1,0,0,0,0,0.007241,0.000162,0.000941,0.000097,0.001209,0.000058,0.000636,0.000089,0.000666,0.000052,0.000724,0.000042,0.000351,0.000069,0.000603,-166.01,-171.11,-117.45,-90.71,-39.32,78.68,43.44,73.38,92.04,102.98,170.61,-145.44,-83.90,168.45,1.50,218.3856,4.9624,4.9276,3.7436,14.7275,2.2169,1.4444,0.7551,3.6009,0.5945,6.1819,0.8058,2.2404,0.6935,4.0831
2026-08-06 10:54:02.251,2.750000,159,15,0.007538,-1.5380,166.02,0,0,0,60.0192,219.080,0.08704,1,0,0,0,0,0.007216,0.000188,0.000943,0.000120,0.001231,0.000019,0.000657,0.000049,0.000624,0.000082,0.000703,0.000042,0.000316,0.000035,0.000646,-166.02,175.48,-119.17,-106.16,-39.37,61.72,49.88,-38.97,94.46,121.72,174.06,94.86,-84.45,-111.71,3.45,218.3856,4.9624,4.9276,3.7436,14.7275,2.2169,1.4444,0.7551,3.6009,0.5945,6.1819,0.8058,2.2404,0.6935,4.0831
2026-08-06 10:54:02.251,2.766667,159,16,0.007565,-1.5443,166.37,0,0,0,60.0192,219.080,0.08704,1,0,0,0,0,0.007235,0.000175,0.000964,0.000141,0.001224,0.000043,0.000638,0.000021,0.000629,0.000042,0.000722,0.000033,0.000335,0.000039,0.000626,-166.37,-166.16,-118.65,-116.96,-38.30,38.47,48.24,-173.79,94.17,-70.48,172.69,127.65,-66.30,-132.68,-1.73,218.3856,4.9624,4.9276,3.7436,14.7275,2.2169,1.4444,0.7551,3.6009,0.5945,6.1819,0.8058,2.2404,0.6935,4.0831
2026-08-06 10:54:02.251,2.783333,159,17,0.007587,-1.5499,166.20,0,0,0,60.0192,219.080,0.08704,1,0,0,0,0,0.007262,0.000171,0.000969,0.000164,0.001181,0.000040,0.000614,0.000107,0.000707,0.000031,0.000751,0.000075,0.000350,0.000063,0.000571,-166.20,-162.30,-114.79,-112.30,-41.35,119.59,49.39,83.59,94.02,65.13,170.21,-151.72,-78.20,-157.65,-2.51,218.3856,4.9624,4.9276,3.7436,14.7275,2.2169,1.4444,0.7551,3.6009,0.5945,6.1819,0.8058,2.2404,0.6935,4.0831
2026-08-06 10:54:02.251,2.800000,159,18,0.007544,-1.5420,166.36,0,0,0,60.0192,219.080,0.08704,1,0,0,0,0,0.007215,0.000178,0.000894,0.000124,0.001261,0.000044,0.000618,0.000018,0.000645,0.000100,0.000687,0.000086,0.000306,0.000017,0.000677,-166.36,-169.88,-117.57,-121.63,-43.39,115.02,46.20,14.11,92.50,110.54,170.48,152.23,-59.55,-114.82,-1.01,218.3856,4.9624,4.9276,3.7436,14.7275,2.2169,1.4444,0.7551,3.6009,0.5945,6.1819,0.8058,2.2404,0.6935,4.0831
2026-08-06 10:54:02.251,2.816667,159,19,0.007620,-1.5538,165.87,0,0,0,60.0192,219.080,0.08704,1,0,0,0,0,0.007286,0.000182,0.000993,0.000207,0.001187,0.000055,0.000641,0.000090,0.000676,0.000042,0.000716,0.000039,0.000420,0.000027,0.000678,-165.87,-155.85,-117.09,-113.26,-42.92,127.82,50.68,176.21,97.29,-33.75,174.31,19.82,-58.56,52.56,-5.10,218.3856,4.9624,4.9276,3.7436,14.7275,2.2169,1.4444,0.7551,3.6009,0.5945,6.1819,0.8058,2.2404,0.6935,4.0831
2026-08-06 10:54:02.251,2.833333,159,20,0.007568,-1.5399,165.66,0,0,0,60.0192,219.080,0.08704,1,0,0,0,0,0.007235,0.000213,0.001000,0.000140,0.001258,0.000011,0.000589,0.000100,0.000651,0.000069,0.000732,0.000087,0.000410,0.000081,0.000587,-165.66,-139.93,-116.59,-117.93,-40.89,-127.32,45.76,87.04,92.80,113.40,174.76,171.04,-73.99,110.73,-4.61,218.3856,4.9624,4.9276,3.7436,14.7275,2.2169,1.4444,0.7551,3.6009,0.5945,6.1819,0.8058,2.2404,0.6935,4.0831
2026-08-06 10:54:02.251,2.850000,159,21,0.007527,-1.5363,166.42,0,0,0,60.0192,219.080,0.08704,1,0,0,0,0,0.007195,0.000166,0.000942,0.000147,0.001215,0.000059,0.000640,0.000041,0.000617,0.000068,0.000733,0.000046,0.000367,0.000015,0.000659,-166.42,-155.17,-117.47,-121.28,-39.50,-104.22,52.38,-78.44,96.21,103.04,176.03,85.14,-62.64,-47.67,5.53,218.3856,4.9624,4.9276,3.7436,14.7275,2.2169,1.4444,0.7551,3.6009,0.5945,6.1819,0.8058,2.2404,0.6935,4.0831
2026-08-06 10:54:02.251,2.866667,159,22,0.007541,-1.5404,166.14,0,0,0,60.0192,219.080,0.08704,1,0,0,0,0,0.007222,0.000209,0.000939,0.000114,0.001217,0.000047,0.000645,0.000056,0.000630,0.000071,0.000722,0.000050,0.000409,0.000043,0.000599,-166.14,-177.47,-116.19,-122.25,-40.75,135.30,48.82,130.61,102.47,96.80,177.18,-149.62,-77.78,-126.13,-3.62,218.3856,4.9624,4.9276,3.7436,14.7275,2.2169,1.4444,0.7551,3.6009,0.5945,6.1819,0.8058,2.2404,0.6935,4.0831
2026-08-06 10:54:02.251,2.883333,159,23,0.007502,-1.5290,166.35,0,0,0,60.0192,219.080,0.08704,1,0,0,0,0,0.007166,0.000176,0.000956,0.000113,0.001242,0.000033,0.000613,0.000067,0.000637,0.000095,0.000701,0.000142,0.000386,0.000045,0.000598,-166.35,-161.41,-116.17,-139.48,-39.33,124.87,48.22,50.81,97.31,102.52,176.24,131.15,-75.29,158.24,-1.26,218.3856,4.9624,4.9276,3.7436,14.7275,2.2169,1.4444,0.7551,3.6009,0.5945,6.1819,0.8058,2.2404,0.6935,4.0831
2026-08-06 10:54:02.251,2.900000,159,24,0.007577,-1.5492,166.34,0,0,0,60.0192,219.080,0.08704,1,0,0,0,0,0.007260,0.000220,0.000901,0.000116,0.001233,0.000040,0.000634,0.000081,0.000599,0.000060,0.000723,0.000022,0.000364,0.000026,0.000624,-166.34,-171.74,-118.23,-117.32,-38.92,-31.25,48.39,-93.70,94.75,60.88,177.48,161.00,-64.68,-1.44,-2.60,218.3856,4.9624,4.9276,3.7436,14.7275,2.2169,1.4444,0.7551,3.6009,0.5945,6.1819,0.8058,2.2404,0.6935,4.0831
2026-08-06 10:54:02.251,2.916667,159,25,0.007607,-1.5525,166.19,0,0,0,60.0192,219.080,0.08704,1,0,0,0,0,0.007280,0.000161,0.000967,0.000080,0.001241,0.000017,0.000588,0.000050,0.000588,0.000038,0.000731,0.000047,0.000435,0.000089,0.000577,-166.19,-162.93,-116.18,-131.75,-40.04,149.30,43.72,94.86,93.58,-175.95,174.80,-148.31,-70.47,150.18,2.31,218.3856,4.9624,4.9276,3.7436,14.7275,2.2169,1.4444,0.7551,3.6009,0.5945,6.1819,0.8058,2.2404,0.6935,4.0831
2026-08-06 10:54:02.251,2.933333,159,26,0.007497,-1.5049,165.25,0,0,0,60.0192,219.080,0.08704,1,0,0,0,0,0.007086,0.000429,0.000860,0.000221,0.001374,0.000252,0.000795,0.000188,0.000663,0.000219,0.000523,0.000254,0.000424,0.000176,0.000826,-165.25,-175.82,-103.99,-162.41,-34.33,179.76,33.85,-176.36,74.76,163.60,168.22,176.66,-46.49,179.64,5.37,218.3856,4.9624,4.9276,3.7436,14.7275,2.2169,1.4444,0.7551,3.6009,0.5945,6.1819,0.8058,2.2404,0.6935,4.0831
2026-08-06 10:54:02.251,2.950000,159,27,0.007545,-1.5392,166.04,0,0,0,60.0192,219.080,0.08704,1,0,0,0,0,0.007222,0.000212,0.000921,0.000160,0.001235,0.000065,0.000639,0.000025,0.000623,0.000082,0.000684,0.000033,0.000426,0.000044,0.000596,-166.04,178.71,-118.76,-129.27,-39.91,115.04,46.63,179.36,97.80,18.05,178.54,-177.49,-69.27,64.75,-7.16,218.3856,4.9624,4.9276,3.7436,14.7275,2.2169,1.4444,0.7551,3.6009,0.5945,6.1819,0.8058,2.2404,0.6935,4.0831
2026-08-06 10:54:02.251,2.966667,159,28,0.007604,-1.5512,165.78,0,0,0,60.0192,219.080,0.08704,1,0,0,0,0,0.007285,0.000146,0.000975,0.000133,0.001181,0.000035,0.000643,0.000051,0.000644,0.000058,0.000690,0.000041,0.000393,0.000021,0.000594,-165.78,-163.52,-116.71,-106.03,-42.15,100.35,50.30,80.17,93.85,62.77,176.22,-150.91,-70.82,-123.30,-1.79,218.3856,4.9624,4.9276,3.7436,14.7275,2.2169,1.4444,0.7551,3.6009,0.5945,6.1819,0.8058,2.2404,0.6935,4.0831
2026-08-06 10:54:02.251,2.983333,159,29,0.009259,-1.6325,151.30,0,0,0,60.0192,219.080,0.08704,1,0,0,0,0,0.008412,0.000677,0.002313,0.000656,0.001773,0.000800,0.000816,0.000255,0.000335,0.000111,0.000792,0.000360,0.000457,0.000269,0.001101,-151.30,111.73,-137.77,-111.46,-62.71,-35.88,57.95,-80.57,93.75,-165.11,169.86,-146.58,-111.11,-95.75,-18.76,218.3856,4.9624,4.9276,3.7436,14.7275,2.2169,1.4444,0.7551,3.6009,0.5945,6.1819,0.8058,2.2404,0.6935,4.0831
2026-08-06 10:54:02.510,3.000000,160,0,0.007593,-1.5469,166.26,0,0,0,60.0269,218.913,0.08680,1,0,0,0,0,0.007232,0.000271,0.001040,0.000240,0.001114,0.000129,0.000527,0.000207,0.000738,0.000125,0.000820,0.000198,0.000324,0.000071,0.000613,-166.26,-161.78,-118.49,-129.96,-45.25,-173.30,56.24,157.20,110.86,131.68,169.29,116.67,-63.32,148.82,-8.05,218.2238,4.9236,4.8901,3.7319,14.6761,2.1983,1.5104,0.7303,3.6126,0.5919,6.1463,0.7974,2.1618,0.6968,4.1351
2026-08-06 10:54:02.510,3.016667,160,1,0.007547,-1.5406,166.28,0,0,0,60.0269,218.913,0.08680,1,0,0,0,0,0.007225,0.000142,0.000978,0.000075,0.001203,0.000013,0.000561,0.000124,0.000629,0.000053,0.000748,0.000105,0.000374,0.000101,0.000606,-166.28,-169.63,-117.53,-131.72,-38.50,134.54,48.62,117.97,96.20,110.72,173.80,167.60,-73.56,156.43,4.88,218.2238,4.9236,4.8901,3.7319,14.6761,2.1983,1.5104,0.7303,3.6126,0.5919,6.1463,0.7974,2.1618,0.6968,4.1351
2026-08-06 10:54:02.510,3.033333,160,2,0.007629,-1.5579,166.19,0,0,0,60.0269,218.913,0.08680,1,0,0,0,0,0.007302,0.000183,0.000973,0.000129,0.001223,0.000040,0.000640,0.000032,0.000630,0.000059,0.000681,0.000023,0.000345,0.000008,0.000669,-166.19,-170.00,-119.54,-118.17,-40.64,89.98,53.53,-46.17,95.27,42.28,175.32,1.09,-72.36,-53.72,-1.07,218.2238,4.9236,4.8901,3.7319,14.6761,2.1983,1.5104,0.7303,3.6126,0.5919,6.1463,0.7974,2.1618,0.6968,4.1351
2026-08-06 10:54:02.510,3.050000,160,3,0.007553,-1.5431,166.41,0,0,0,60.0269,218.913,0.08680,1,0,0,0,0,0.007233,0.000171,0.000924,0.000128,0.001224,0.000026,0.000643,0.000018,0.000652,0.000006,0.000710,0.000020,0.000368,0.000056,0.000610,-166.41,-158.00,-121.28,-97.80,-38.60,42.00,49.02,-140.16,97.37,141.66,174.50,-139.83,-64.26,-176.15,-0.06,218.2238,4.9236,4.8901,3.7319,14.6761,2.1983,1.5104,0.7303,3.6126,0.5919,6.1463,0.7974,2.1618,0.6968,4.1351
2026-08-06 10:54:02.510,3.066667,160,4,0.007520,-1.5375,166.51,0,0,0,60.0269,218.913,0.08680,1,0,0,0,0,0.007206,0.000184,0.000886,0.000147,0.001191,0.000015,0.000583,0.000100,0.000649,0.000014,0.000742,0.000088,0.000400,0.000062,0.000604,-166.51,-171.81,-118.33,-114.55,-36.48,-1.84,50.48,74.08,98.75,-51.40,171.79,-173.60,-75.21,124.25,-5.36,218.2238,4.9236,4.8901,3.7319,14.6761,2.1983,1.5104,0.7303,3.6126,0.5919,6.1463,0.7974,2.1618,0.6968,4.1351
2026-08-06 10:54:02.510,3.083333,160,5,0.007591,-1.5488,166.11,0,0,0,60.0269,218.913,0.08680,1,0,0,0,0,0.007266,0.000207,0.000909,0.000138,0.001253,0.000062,0.000668,0.000055,0.000604,0.000057,0.000708,0.000050,0.000361,0.000020,0.000598,-166.11,-168.46,-117.46,-112.40,-40.76,127.91,46.34,-30.67,97.40,73.66,174.42,179.52,-68.80,134.16,-1.98,218.2238,4.9236,4.8901,3.7319,14.6761,2.1983,1.5104,0.7303,3.6126,0.5919,6.1463,0.7974,2.1618,0.6968,4.1351
2026-08-06 10:54:02.510,3.100000,160,6,0.007516,-1.5409,167.36,0,0,0,60.0269,218.913,0.08680,1,0,0,0,0,0.007193,0.000264,0.000952,0.000043,0.001135,0.000081,0.000619,0.000062,0.000753,0.000094,0.000733,0.000034,0.000367,0.000087,0.000665,-167.36,-164.15,-117.47,-91.05,-37.23,131.36,46.43,67.55,100.40,-115.13,177.62,24.73,-75.75,-124.40,-12.46,218.2238,4.9236,4.8901,3.7319,14.6761,2.1983,1.5104,0.7303,3.6126,0.5919,6.1463,0.7974,2.1618,0.6968,4.1351
2026-08-06 10:54:02.510,3.116667,160,7,0.007572,-1.5427,165.70,0,0,0,60.0269,218.913,0.08680,1,0,0,0,0,0.007250,0.000202,0.000897,0.000238,0.001210,0.000040,0.000666,0.000052,0.000668,0.000104,0.000722,0.000209,0.000312,0.000102,0.000547,-165.70,-162.67,-113.73,-81.85,-42.12,36.51,40.69,-133.79,98.17,94.11,177.89,169.82,-66.01,-170.01,-4.70,218.2238,4.9236,4.8901,3.7319,14.6761,2.1983,1.5104,0.7303,3.6126,0.5919,6.1463,0.7974,2.1618,0.6968,4.1351
2026-08-06 10:54:02.510,3.133333,160,8,0.007613,-1.5000,162.81,0,0,0,60.0269,218.913,0.08680,1,0,0,0,0,0.007153,0.000369,0.001302,0.000433,0.000917,0.000368,0.001008,0.000294,0.000229,0.000412,0.001054,0.000325,0.000243,0.000302,0.000919,-162.81,111.96,-129.21,-47.67,-25.92,-127.60,30.61,140.21,108.05,32.54,174.68,-50.38,-12.79,-166.41,-9.46,218.2238,4.9236,4.8901,3.7319,14.6761,2.1983,1.5104,0.7303,3.6126,0.5919,6.1463,0.7974,2.1618,0.6968,4.1351
2026-08-06 10:54:02.510,3.150000,160,9,0.007570,-1.5456,166.46,0,0,0,60.0269,218.913,0.08680,1,0,0,0,0,0.007252,0.000176,0.000932,0.000067,0.001157,0.000041,0.000653,0.000037,0.000680,0.000022,0.000709,0.000045,0.000388,0.000091,0.000685,-166.46,-179.81,-119.56,-106.29,-35.51,39.66,48.92,90.06,95.78,-155.61,176.24,-126.79,-76.02,-140.05,-2.08,218.2238,4.9236,4.8901,3.7319,14.6761,2.1983,1.5104,0.7303,3.6126,0.5919,6.1463,0.7974,2.1618,0.6968,4.1351
2026-08-06 10:54:02.510,3.166667,160,10,0.007544,-1.5402,165.99,0,0,0,60.0269,218.913,0.08680,1,0,0,0,0,0.007233,0.000189,0.000922,0.000098,0.001202,0.000044,0.000635,0.000044,0.000615,0.000080,0.000663,0.000082,0.000296,0.000021,0.000629,-165.99,-175.95,-118.10,-108.47,-40.94,64.29,50.02,-14.63,97.48,85.44,173.32,167.12,-73.89,125.42,4.55,218.2238,4.9236,4.8901,3.7319,14.6761,2.1983,1.5104,0.7303,3.6126,0.5919,6.1463,0.7974,2.1618,0.6968,4.1351
2026-08-06 10:54:02.510,3.183333,160,11,0.007544,-1.5407,165.74,0,0,0,60.0269,218.913,0.08680,1,0,0,0,0,0.007241,0.000198,0.000856,0.000132,0.001154,0.000074,0.000628,0.000002,0.000627,0.000081,0.000712,0.000094,0.000340,0.000062,0.000600,-165.74,-178.06,-117.40,-106.31,-41.04,113.02,48.46,-123.08,101.51,91.85,176.08,-172.42,-69.60,89.34,-4.58,218.2238,4.9236,4.8901,3.7319,14.6761,2.1983,1.5104,0.7303,3.6126,0.5919,6.1463,0.7974,2.1618,0.6968,4.1351
2026-08-06 10:54:02.510,3.200000,160,12,0.007543,-1.5424,166.15,0,0,0,60.0269,218.913,0.08680,1,0,0,0,0,0.007239,0.000220,0.000907,0.000088,0.001141,0.000055,0.000591,0.000042,0.000630,0.000044,0.000734,0.000052,0.000435,0.000078,0.000591,-166.15,-170.42,-116.21,-131.90,-38.79,146.61,40.64,106.84,95.11,-129.44,178.53,-158.11,-66.99,165.21,-0.76,218.2238,4.9236,4.8901,3.7319,14.6761,2.1983,1.5104,0.7303,3.6126,0.5919,6.1463,0.7974,2.1618,0.6968,4.1351
2026-08-06 10:54:02.510,3.216667,160,13,0.007557,-1.5387,165.78,0,0,0,60.0269,218.913,0.08680,1,0,0,0,0,0.007232,0.000221,0.000910,0.000126,0.001224,0.000052,0.000693,0.000024,0.000636,0.000118,0.000653,0.000087,0.000387,0.000018,0.000635,-165.78,-172.17,-117.05,-95.96,-41.69,136.50,45.65,46.05,94.15,89.35,170.46,-178.46,-75.83,154.64,-3.83,218.2238,4.9236,4.8901,3.7319,14.6761,2.1983,1.5104,0.7303,3.6126,0.5919,6.1463,0.7974,2.1618,0.6968,4.1351
2026-08-06 10:54:02.510,3.233333,160,14,0.007584,-1.5475,165.79,0,0,0,60.0269,218.913,0.08680,1,0,0,0,0,0.007271,0.000229,0.000880,0.000097,0.001220,0.000046,0.000671,0.000049,0.000635,0.000050,0.000693,0.000047,0.000325,0.000032,0.000621,-165.79,-170.17,-117.97,-120.41,-38.77,79.70,46.45,-83.80,97.47,87.64,174.27,167.06,-61.71,110.96,-5.49,218.2238,4.9236,4.8901,3.7319,14.6761,2.1983,1.5104,0.7303,3.6126,0.5919,6.1463,0.7974,2.1618,0.6968,4.1351
2026-08-06 10:54:02.510,3.250000,160,15,0.007527,-1.5305,166.07,0,0,0,60.0269,218.913,0.08680,1,0,0,0,0,0.007173,0.000263,0.000901,0.000163,0.001293,0.000025,0.000670,0.000088,0.000733,0.000028,0.000779,0.000077,0.000351,0.000059,0.000618,-166.07,-175.09,-121.76,-124.40,-43.10,12.17,45.91,80.17,99.24,164.92,176.97,-167.34,-69.12,98.09,2.78,218.2238,4.9236,4.8901,3.7319,14.6761,2.1983,1.5104,0.7303,3.6126,0.5919,6.1463,0.7974,2.1618,0.6968,4.1351
2026-08-06 10:54:02.510,3.266667,160,16,0.007608,-1.5474,165.52,0,0,0,60.0269,218.913,0.08680,1,0,0,0,0,0.007280,0.000208,0.000881,0.000098,0.001240,0.000042,0.000604,0.000062,0.000640,0.000090,0.000726,0.000105,0.000411,0.000038,0.000665,-165.52,-176.06,-117.92,-109.15,-39.72,155.63,46.87,6.22,92.24,66.66,178.97,140.38,-65.48,90.14,-5.46,218.2238,4.9236,4.8901,3.7319,14.6761,2.1983,1.5104,0.7303,3.6126,0.5919,6.1463,0.7974,2.1618,0.6968,4.1351
2026-08-06 10:54:02.510,3.283333,160,17,0.007749,-1.5356,163.29,0,0,0,60.0269,218.913,0.08680,1,0,0,0,0,0.007291,0.000170,0.000667,0.000492,0.001555,0.000390,0.000747,0.000404,0.000549,0.000399,0.001077,0.000322,0.000478,0.000276,0.000453,-163.29,12.32,-142.82,-142.81,-42.68,40.49,85.24,-121.06,61.84,74.44,177.40,-84.42,-33.25,108.15,-17.02,218.2238,4.9236,4.8901,3.7319,14.6761,2.1983,1.5104,0.7303,3.6126,0.5919,6.1463,0.7974,2.1618,0.6968,4.1351
2026-08-06 10:54:02.510,3.300000,160,18,0.007556,-1.5442,166.13,0,0,0,60.0269,218.913,0.08680,1,0,0,0,0,0.007245,0.000182,0.000907,0.000061,0.001181,0.000045,0.000624,0.000082,0.000661,0.000042,0.000717,0.000037,0.000387,0.000112,0.000658,-166.13,-174.70,-117.56,-88.86,-40.43,101.24,46.03,99.88,94.79,142.92,175.06,-169.07,-74.60,131.48,-2.97,218.2238,4.9236,4.8901,3.7319,14.6761,2.1983,1.5104,0.7303,3.6126,0.5919,6.1463,0.7974,2.1618,0.6968,4.1351
2026-08-06 10:54:02.510,3.316667,160,19,0.007617,-1.5546,166.17,0,0,0,60.0269,218.913,0.08680,1,0,0,0,0,0.007294,0.000222,0.000895,0.000116,0.001191,0.000063,0.000664,0.000024,0.000648,0.000070,0.000699,0.000040,0.000317,0.000024,0.000701,-166.17,-177.79,-116.23,-119.57,-40.71,86.74,49.95,-49.64,96.47,108.54,173.76,163.06,-76.87,105.11,-5.59,218.2238,4.9236,4.8901,3.7319,14.6761,2.1983,1.5104,0.7303,3.6126,0.5919,6.1463,0.7974,2.1618,0.6968,4.1351
2026-08-06 10:54:02.510,3.333333,160,20,0.007539,-1.5383,166.26,0,0,0,60.0269,218.913,0.08680,1,0,0,0,0,0.007217,0.000143,0.000973,0.000118,0.001180,0.000057,0.000638,0.000021,0.000681,0.000013,0.000716,0.000022,0.000351,0.000072,0.000629,-166.26,-162.36,-120.23,-103.06,-39.23,124.41,50.38,75.05,97.37,159.27,172.99,109.20,-69.02,-100.16,-3.66,218.2238,4.9236,4.8901,3.7319,14.6761,2.1983,1.5104,0.7303,3.6126,0.5919,6.1463,0.7974,2.1618,0.6968,4.1351
2026-08-06 10:54:02.510,3.350000,160,21,0.007570,-1.5417,165.96,0,0,0,60.0269,218.913,0.08680,1,0,0,0,0,0.007244,0.000166,0.000965,0.000049,0.001219,0.000090,0.000633,0.000090,0.000623,0.000086,0.000702,0.000091,0.000397,0.000073,0.000599,-165.96,-171.46,-116.84,-121.53,-40.40,117.47,43.98,70.50,97.55,72.19,175.55,-173.55,-78.92,164.79,-3.06,218.2238,4.9236,4.8901,3.7319,14.6761,2.1983,1.5104,0.7303,3.6126,0.5919,6.1463,0.7974,2.1618,0.6968,4.1351
2026-08-06 10:54:02.510,3.366667,160,22,0.007597,-1.5518,166.11,0,0,0,60.0269,218.913,0.08680,1,0,0,0,0,0.007284,0.000172,0.000943,0.000163,0.001173,0.000034,0.000635,0.000036,0.000623,0.000086,0.000752,0.000090,0.000317,0.000064,0.000618,-166.11,-174.44,-117.36,-108.26,-40.79,9.37,51.91,-87.27,97.41,115.58,174.62,145.85,-71.83,-178.34,-0.38,218.2238,4.9236,4.8901,3.7319,14.6761,2.1983,1.5104,0.7303,3.6126,0.5919,6.1463,0.7974,2.1618,0.6968,4.1351
2026-08-06 10:54:02.510,3.383333,160,23,0.007489,-1.5276,166.21,0,0,0,60.0269,218.913,0.08680,1,0,0,0,0,0.007168,0.000153,0.000900,0.000095,0.001182,0.000026,0.000617,0.000061,0.000675,0.000034,0.000737,0.000075,0.000379,0.000084,0.000667,-166.21,170.48,-119.29,-102.74,-38.76,163.59,49.59,123.18,95.61,120.38,171.88,155.04,-77.96,-172.68,-5.90,218.2238,4.9236,4.8901,3.7319,14.6761,2.1983,1.5104,0.7303,3.6126,0.5919,6.1463,0.7974,2.1618,0.6968,4.1351
2026-08-06 10:54:02.510,3.400000,160,24,0.007531,-1.5423,166.31,0,0,0,60.0269,218.913,0.08680,1,0,0,0,0,0.007237,0.000179,0.000839,0.000076,0.001191,0.000064,0.000637,0.000017,0.000590,0.000046,0.000748,0.000113,0.000387,0.000011,0.000641,-166.31,-170.05,-118.53,-116.79,-38.05,89.87,53.42,29.78,100.37,114.04,176.99,-170.89,-69.24,-105.73,-4.83,218.2238,4.9236,4.8901,3.7319,14.6761,2.1983,1.5104,0.7303,3.6126,0.5919,6.1463,0.7974,2.1618,0.6968,4.1351
2026-08-06 10:54:02.510,3.416667,160,25,0.007547,-1.5434,166.42,0,0,0,60.0269,218.913,0.08680,1,0,0,0,0,0.007234,0.000180,0.000980,0.000107,0.001151,0.000065,0.000591,0.000045,0.000621,0.000049,0.000745,0.000060,0.000372,0.000069,0.000639,-166.42,-174.08,-120.65,-93.20,-40.06,82.98,53.08,-71.58,99.70,122.08,-177.19,68.37,-68.90,117.71,-9.40,218.2238,4.9236,4.8901,3.7319,14.6761,2.1983,1.5104,0.7303,3.6126,0.5919,6.1463,0.7974,2.1618,0.6968,4.1351
2026-08-06 10:54:02.510,3.433333,160,26,0.008250,-1.6101,164.77,0,0,0,60.0269,218.913,0.08680,1,0,0,0,0,0.007647,0.000549,0.001309,0.000521,0.001532,0.000474,0.000974,0.000410,0.000869,0.000341,0.000909,0.000344,0.000630,0.000211,0.000852,-164.77,-128.99,-103.95,-40.30,-27.72,55.27,62.97,122.16,118.09,-164.16,-168.34,-90.89,-58.36,-15.81,6.77,218.2238,4.9236,4.8901,3.7319,14.6761,2.1983,1.5104,0.7303,3.6126,0.5919,6.1463,0.7974,2.1618,0.6968,4.1351
2026-08-06 10:54:02.510,3.450000,160,27,0.007550,-1.5376,166.00,0,0,0,60.0269,218.913,0.08680,1,0,0,0,0,0.007221,0.000207,0.000936,0.000065,0.001211,0.000110,0.000629,0.000058,0.000634,0.000092,0.000677,0.000133,0.000392,0.000046,0.000702,-166.00,177.64,-118.14,-68.86,-39.78,119.88,42.05,68.57,97.32,121.67,179.82,136.08,-76.09,173.51,-5.99,218.2238,4.9236,4.8901,3.7319,14.6761,2.1983,1.5104,0.7303,3.6126,0.5919,6.1463,0.7974,2.1618,0.6968,4.1351
2026-08-06 10:54:02.510,3.466667,160,28,0.007594,-1.5493,165.66,0,0,0,60.0269,218.913,0.08680,1,0,0,0,0,0.007283,0.000147,0.000912,0.000148,0.001184,0.000069,0.000614,0.000013,0.000671,0.000036,0.000700,0.000077,0.000343,0.000002,0.000630,-165.66,-175.50,-115.87,-111.41,-43.47,130.21,48.97,-132.55,100.27,70.17,179.24,-138.39,-68.02,-33.47,-3.34,218.2238,4.9236,4.8901,3.7319,14.6761,2.1983,1.5104,0.7303,3.6126,0.5919,6.1463,0.7974,2.1618,0.6968,4.1351
2026-08-06 10:54:02.510,3.483333,160,29,0.007545,-1.5460,166.80,0,0,0,60.0269,218.913,0.08680,1,0,0,0,0,0.007234,0.000172,0.000874,0.000095,0.001219,0.000093,0.000597,0.000078,0.000683,0.000033,0.000698,0.000070,0.000371,0.000075,0.000610,-166.80,-147.97,-119.97,-92.93,-39.60,71.94,51.59,87.79,91.54,-155.84,168.52,-140.29,-70.67,164.90,-1.24,218.2238,4.9236,4.8901,3.7319,14.6761,2.1983,1.5104,0.7303,3.6126,0.5919,6.1463,0.7974,2.1618,0.6968,4.1351
2026-08-06 10:54:02.760,3.500000,161,0,0.007516,-1.5369,166.37,0,0,0,60.0269,218.964,0.08673,1,0,0,0,0,0.007203,0.000161,0.000918,0.000113,0.001204,0.000009,0.000564,0.000037,0.000585,0.000058,0.000704,0.000082,0.000406,0.000039,0.000681,-166.37,-156.06,-116.86,-143.16,-38.47,26.73,54.43,38.55,92.19,99.46,173.43,103.26,-74.64,85.01,-1.29,218.2731,4.9329,4.8952,3.7165,14.6377,2.1980,1.5898,0.7386,3.6233,0.5877,6.1330,0.7874,2.1570,0.6723,4.2130
2026-08-06 10:54:02.760,3.516667,161,1,0.007507,-1.5364,166.31,0,0,0,60.0269,218.964,0.08673,1,0,0,0,0,0.007202,0.000196,0.000877,0.000125,0.001144,0.000013,0.000652,0.000049,0.000642,0.000062,0.000728,0.000088,0.000340,0.000062,0.000657,-166.31,173.26,-114.38,-125.32,-40.46,-61.81,47.74,-153.70,98.17,60.05,176.27,108.56,-70.80,-149.11,-6.81,218.2731,4.9329,4.8952,3.7165,14.6377,2.1980,1.5898,0.7386,3.6233,0.5877,6.1330,0.7874,2.1570,0.6723,4.2130
2026-08-06 10:54:02.760,3.533333,161,2,0.007561,-1.5420,166.13,0,0,0,60.0269,218.964,0.08673,1,0,0,0,0,0.007235,0.000129,0.000885,0.000123,0.001218,0.000026,0.000673,0.000053,0.000681,0.000018,0.000761,0.000077,0.000380,0.000114,0.000624,-166.13,-163.15,-115.22,-115.80,-40.21,59.19,53.49,78.54,95.09,130.27,174.60,-112.57,-72.99,137.44,1.62,218.2731,4.9329,4.8952,3.7165,14.6377,2.1980,1.5898,0.7386,3.6233,0.5877,6.1330,0.7874,2.1570,0.6723,4.2130
2026-08-06 10:54:02.760,3.550000,161,3,0.007548,-1.5421,166.07,0,0,0,60.0269,218.964,0.08673,1,0,0,0,0,0.007234,0.000245,0.000820,0.000120,0.001230,0.000082,0.000628,0.000009,0.000618,0.000119,0.000698,0.000101,0.000408,0.000024,0.000717,-166.07,177.51,-117.76,-116.29,-41.75,74.35,47.17,-121.77,98.05,84.97,176.88,125.97,-73.37,159.09,-3.66,218.2731,4.9329,4.8952,3.7165,14.6377,2.1980,1.5898,0.7386,3.6233,0.5877,6.1330,0.7874,2.1570,0.6723,4.2130
2026-08-06 10:54:02.760,3.566667,161,4,0.007518,-1.5321,166.02,0,0,0,60.0269,218.964,0.08673,1,0,0,0,0,0.007192,0.000245,0.000924,0.000165,0.001185,0.000072,0.000633,0.000120,0.000608,0.000058,0.000745,0.000014,0.000326,0.000089,0.000663,-166.02,-156.36,-112.89,-85.22,-42.99,-49.02,48.09,-104.23,98.61,156.74,178.39,1.00,-76.83,-121.02,-1.25,218.2731,4.9329,4.8952,3.7165,14.6377,2.1980,1.5898,0.7386,3.6233,0.5877,6.1330,0.7874,2.1570,0.6723,4.2130
2026-08-06 10:54:02.760,3.583333,161,5,0.008228,-1.6128,164.81,0,0,0,60.0269,218.964,0.08673,1,0,0,0,0,0.007623,0.000509,0.001251,0.000469,0.001587,0.000363,0.000988,0.000422,0.000932,0.000418,0.000992,0.000389,0.000606,0.000198,0.000781,-164.81,-140.33,-108.63,-68.93,-37.21,13.62,41.05,70.24,99.75,130.52,172.05,-163.47,-95.66,-108.28,-21.07,218.2731,4.9329,4.8952,3.7165,14.6377,2.1980,1.5898,0.7386,3.6233,0.5877,6.1330,0.7874,2.1570,0.6723,4.2130
2026-08-06 10:54:02.760,3.600000,161,6,0.007597,-1.5545,166.58,0,0,0,60.0269,218.964,0.08673,1,0,0,0,0,0.007273,0.000183,0.000941,0.000102,0.001166,0.000063,0.000678,0.000045,0.000655,0.000108,0.000683,0.000104,0.000337,0.000093,0.000641,-166.58,-167.04,-117.44,-155.17,-43.01,86.00,52.77,56.21,98.80,113.76,175.79,125.33,-76.38,-178.32,-3.98,218.2731,4.9329,4.8952,3.7165,14.6377,2.1980,1.5898,0.7386,3.6233,0.5877,6.1330,0.7874,2.1570,0.6723,4.2130
2026-08-06 10:54:02.760,3.616667,161,7,0.007570,-1.5497,167.03,0,0,0,60.0269,218.964,0.08673,1,0,0,0,0,0.007244,0.000140,0.000922,0.000111,0.001195,0.000023,0.000634,0.000044,0.000672,0.000031,0.000748,0.000044,0.000345,0.000031,0.000648,-167.03,179.91,-115.80,-116.84,-40.64,34.72,52.00,-173.43,97.94,-100.82,176.98,82.23,-62.38,178.45,0.08,218.2731,4.9329,4.8952,3.7165,14.6377,2.1980,1.5898,0.7386,3.6233,0.5877,6.1330,0.7874,2.1570,0.6723,4.2130
2026-08-06 10:54:02.760,3.633333,161,8,0.007589,-1.5444,165.85,0,0,0,60.0269,218.964,0.08673,1,0,0,0,0,0.007259,0.000172,0.000929,0.000146,0.001240,0.000045,0.000601,0.000035,0.000700,0.000047,0.000642,0.000126,0.000361,0.000075,0.000641,-165.85,-151.93,-113.75,-130.19,-39.71,-162.89,50.47,25.84,99.44,170.20,174.27,-157.31,-69.22,152.04,2.07,218.2731,4.9329,4.8952,3.7165,14.6377,2.1980,1.5898,0.7386,3.6233,0.5877,6.1330,0.7874,2.1570,0.6723,4.2130
2026-08-06 10:54:02.760,3.650000,161,9,0.007593,-1.5511,166.46,0,0,0,60.0269,218.964,0.08673,1,0,0,0,0,0.007265,0.000250,0.000915,0.000161,0.001183,0.000009,0.000623,0.000049,0.000669,0.000064,0.000722,0.000072,0.000319,0.000044,0.000682,-166.46,-165.73,-115.92,-126.32,-39.92,11.22,54.22,-8.51,98.67,75.52,176.96,110.43,-73.16,163.79,1.83,218.2731,4.9329,4.8952,3.7165,14.6377,2.1980,1.5898,0.7386,3.6233,0.5877,6.1330,0.7874,2.1570,0.6723,4.2130
2026-08-06 10:54:02.760,3.666667,161,10,0.007566,-1.5426,166.00,0,0,0,60.0269,218.964,0.08673,1,0,0,0,0,0.007240,0.000165,0.000950,0.000132,0.001207,0.000080,0.000633,0.000038,0.000673,0.000052,0.000688,0.000025,0.000344,0.000075,0.000665,-166.00,175.08,-117.50,-108.81,-40.32,109.89,49.34,123.45,97.03,146.08,172.06,176.19,-66.44,-165.80,-4.14,218.2731,4.9329,4.8952,3.7165,14.6377,2.1980,1.5898,0.7386,3.6233,0.5877,6.1330,0.7874,2.1570,0.6723,4.2130
2026-08-06 10:54:02.760,3.683333,161,11,0.007505,-1.5281,165.63,0,0,0,60.0269,218.964,0.08673,1,0,0,0,0,0.007184,0.000223,0.000928,0.000107,0.001175,0.000058,0.000599,0.000046,0.000626,0.000092,0.000671,0.000080,0.000401,0.000043,0.000665,-165.63,-167.60,-117.02,-111.66,-40.56,149.07,50.41,126.28,95.31,79.61,178.34,124.66,-70.01,52.32,1.94,218.2731,4.9329,4.8952,3.7165,14.6377,2.1980,1.5898,0.7386,3.6233,0.5877,6.1330,0.7874,2.1570,0.6723,4.2130
2026-08-06 10:54:02.760,3.700000,161,12,0.007565,-1.5460,166.20,0,0,0,60.0269,218.964,0.08673,1,0,0,0,0,0.007249,0.000247,0.000865,0.000147,0.001184,0.000080,0.000668,0.000042,0.000588,0.000044,0.000722,0.000036,0.000344,0.000041,0.000661,-166.20,-173.07,-117.73,-117.53,-40.69,61.77,46.72,-70.69,99.18,43.75,177.64,93.56,-66.75,78.24,-4.75,218.2731,4.9329,4.8952,3.7165,14.6377,2.1980,1.5898,0.7386,3.6233,0.5877,6.1330,0.7874,2.1570,0.6723,4.2130
2026-08-06 10:54:02.760,3.716667,161,13,0.007550,-1.5395,165.89,0,0,0,60.0269,218.964,0.08673,1,0,0,0,0,0.007232,0.000207,0.001011,0.000129,0.001143,0.000076,0.000568,0.000115,0.000637,0.000010,0.000695,0.000036,0.000420,0.000117,0.000575,-165.89,-143.82,-118.02,-115.95,-40.30,133.43,51.05,64.50,91.57,101.04,-179.24,-125.45,-78.43,-166.86,2.74,218.2731,4.9329,4.8952,3.7165,14.6377,2.1980,1.5898,0.7386,3.6233,0.5877,6.1330,0.7874,2.1570,0.6723,4.2130
2026-08-06 10:54:02.760,3.733333,161,14,0.007996,-1.6267,166.23,0,0,0,60.0269,218.964,0.08673,1,0,0,0,0,0.007606,0.000574,0.001258,0.000504,0.001087,0.000383,0.000253,0.000233,0.000380,0.000246,0.000744,0.000288,0.000704,0.000323,0.000795,-166.23,-167.39,-126.77,-141.31,-59.22,-140.27,53.10,-112.00,124.67,-115.01,-156.99,-91.60,-75.11,-67.20,-22.13,218.2731,4.9329,4.8952,3.7165,14.6377,2.1980,1.5898,0.7386,3.6233,0.5877,6.1330,0.7874,2.1570,0.6723,4.2130
2026-08-06 10:54:02.760,3.750000,161,15,0.007582,-1.5520,167.88,0,0,0,60.0269,218.964,0.08673,1,0,0,0,0,0.007241,0.000066,0.001058,0.000290,0.001007,0.000187,0.000660,0.000209,0.000751,0.000194,0.000561,0.000158,0.000361,0.000220,0.000785,-167.88,-178.86,-109.70,-134.78,-39.07,53.67,35.69,-123.54,110.33,80.12,-179.53,-112.73,-101.65,131.04,1.49,218.2731,4.9329,4.8952,3.7165,14.6377,2.1980,1.5898,0.7386,3.6233,0.5877,6.1330,0.7874,2.1570,0.6723,4.2130
2026-08-06 10:54:02.760,3.766667,161,16,0.007538,-1.5458,166.70,0,0,0,60.0269,218.964,0.08673,1,0,0,0,0,0.007233,0.000189,0.000941,0.000067,0.001119,0.000060,0.000623,0.000113,0.000673,0.000016,0.000641,0.000126,0.000375,0.000055,0.000635,-166.70,-169.36,-119.07,-117.44,-40.60,174.40,53.24,98.60,94.01,-32.98,177.15,-127.17,-69.82,-154.68,-3.29,218.2731,4.9329,4.8952,3.7165,14.6377,2.1980,1.5898,0.7386,3.6233,0.5877,6.1330,0.7874,2.1570,0.6723,4.2130
2026-08-06 10:54:02.760,3.783333,161,17,0.007547,-1.5406,166.15,0,0,0,60.0269,218.964,0.08673,1,0,0,0,0,0.007223,0.000190,0.000937,0.000178,0.001198,0.000030,0.000602,0.000092,0.000615,0.000117,0.000657,0.000126,0.000423,0.000053,0.000715,-166.15,-167.95,-116.61,-117.65,-40.83,-134.41,48.66,22.17,100.01,100.34,171.68,146.77,-69.64,109.12,-4.29,218.2731,4.9329,4.8952,3.7165,14.6377,2.1980,1.5898,0.7386,3.6233,0.5877,6.1330,0.7874,2.1570,0.6723,4.2130
2026-08-06 10:54:02.760,3.800000,161,18,0.007556,-1.5412,165.50,0,0,0,60.0269,218.964,0.08673,1,0,0,0,0,0.007242,0.000231,0.000968,0.000214,0.001162,0.000034,0.000573,0.000064,0.000599,0.000039,0.000689,0.000072,0.000435,0.000018,0.000688,-165.50,-161.22,-117.82,-111.13,-42.59,169.86,44.90,-125.02,96.61,49.33,179.97,79.62,-62.81,56.88,-1.54,218.2731,4.9329,4.8952,3.7165,14.6377,2.1980,1.5898,0.7386,3.6233,0.5877,6.1330,0.7874,2.1570,0.6723,4.2130
2026-08-06 10:54:02.760,3.816667,161,19,0.007543,-1.5464,166.66,0,0,0,60.0269,218.964,0.08673,1,0,0,0,0,0.007236,0.000182,0.000864,0.000129,0.001182,0.000046,0.000596,0.000050,0.000620,0.000033,0.000731,0.000082,0.000401,0.000064,0.000620,-166.66,-169.87,-118.92,-137.62,-40.33,78.74,50.75,70.27,95.69,135.53,174.30,-157.93,-75.10,125.31,-1.51,218.2731,4.9329,4.8952,3.7165,14.6377,2.1980,1.5898,0.7386,3.6233,0.5877,6.1330,0.7874,2.1570,0.6723,4.2130
2026-08-06 10:54:02.760,3.833333,161,20,0.007576,-1.5476,166.16,0,0,0,60.0269,218.964,0.08673,1,0,0,0,0,0.007255,0.000231,0.000916,0.000141,0.001204,0.000079,0.000650,0.000021,0.000629,0.000102,0.000690,0.000065,0.000374,0.000081,0.000624,-166.16,-176.63,-117.91,-115.52,-40.99,64.57,45.73,40.73,94.09,50.60,175.67,117.42,-74.29,152.46,-2.53,218.2731,4.9329,4.8952,3.7165,14.6377,2.1980,1.5898,0.7386,3.6233,0.5877,6.1330,0.7874,2.1570,0.6723,4.2130
2026-08-06 10:54:02.760,3.850000,161,21,0.007488,-1.5321,166.33,0,0,0,60.0269,218.964,0.08673,1,0,0,0,0,0.007178,0.000152,0.000902,0.000135,0.001111,0.000034,0.000641,0.000047,0.000654,0.000029,0.000743,0.000073,0.000388,0.000094,0.000626,-166.33,-172.58,-118.67,-122.74,-39.77,88.11,51.54,82.57,96.80,89.09,179.65,127.21,-69.07,-137.75,-6.09,218.2731,4.9329,4.8952,3.7165,14.6377,2.1980,1.5898,0.7386,3.6233,0.5877,6.1330,0.7874,2.1570,0.6723,4.2130
2026-08-06 10:54:02.760,3.866667,161,22,0.007559,-1.5404,165.98,0,0,0,60.0269,218.964,0.08673,1,0,0,0,0,0.007233,0.000213,0.000929,0.000108,0.001253,0.000080,0.000623,0.000050,0.000624,0.000090,0.000637,0.000136,0.000349,0.000087,0.000637,-165.98,-172.35,-114.00,-128.17,-40.24,85.87,45.75,89.00,96.22,123.14,175.09,165.62,-70.19,-166.33,4.11,218.2731,4.9329,4.8952,3.7165,14.6377,2.1980,1.5898,0.7386,3.6233,0.5877,6.1330,0.7874,2.1570,0.6723,4.2130
2026-08-06 10:54:02.760,3.883333,161,23,0.007540,-1.5383,165.81,0,0,0,60.0269,218.964,0.08673,1,0,0,0,0,0.007220,0.000221,0.000891,0.000127,0.001195,0.000074,0.000633,0.000015,0.000622,0.000099,0.000692,0.000089,0.000336,0.000047,0.000676,-165.81,179.36,-118.39,-111.17,-41.12,92.46,48.21,47.95,101.27,87.70,175.01,127.46,-71.27,132.33,-2.27,218.2731,4.9329,4.8952,3.7165,14.6377,2.1980,1.5898,0.7386,3.6233,0.5877,6.1330,0.7874,2.1570,0.6723,4.2130
2026-08-06 10:54:02.760,3.900000,161,24,0.007933,-1.6216,167.19,0,0,0,60.0269,218.964,0.08673,1,0,0,0,0,0.007555,0.000482,0.000992,0.000291,0.000871,0.000403,0.000854,0.000348,0.000985,0.000327,0.000594,0.000230,0.000370,0.000151,0.000797,-167.19,168.47,-136.98,162.68,-37.62,112.37,68.01,105.69,93.06,81.45,156.77,58.55,-23.77,25.12,1.16,218.2731,4.9329,4.8952,3.7165,14.6377,2.1980,1.5898,0.7386,3.6233,0.5877,6.1330,0.7874,2.1570,0.6723,4.2130
2026-08-06 10:54:02.760,3.916667,161,25,0.007539,-1.5352,165.64,0,0,0,60.0269,218.964,0.08673,1,0,0,0,0,0.007219,0.000183,0.000946,0.000135,0.001209,0.000061,0.000653,0.000054,0.000604,0.000088,0.000667,0.000108,0.000361,0.000040,0.000576,-165.64,-179.07,-118.14,-115.37,-40.11,93.01,47.90,58.40,96.99,58.97,176.03,-168.95,-74.56,125.26,-0.18,218.2731,4.9329,4.8952,3.7165,14.6377,2.1980,1.5898,0.7386,3.6233,0.5877,6.1330,0.7874,2.1570,0.6723,4.2130
2026-08-06 10:54:02.760,3.933333,161,26,0.007582,-1.5475,166.15,0,0,0,60.0269,218.964,0.08673,1,0,0,0,0,0.007249,0.000231,0.000970,0.000172,0.001260,0.000061,0.000608,0.000033,0.000619,0.000076,0.000683,0.000121,0.000355,0.000066,0.000663,-166.15,-167.84,-117.89,-112.25,-43.28,79.30,48.81,-19.06,100.53,49.04,178.86,77.24,-71.88,98.07,-7.41,218.2731,4.9329,4.8952,3.7165,14.6377,2.1980,1.5898,0.7386,3.6233,0.5877,6.1330,0.7874,2.1570,0.6723,4.2130
2026-08-06 10:54:02.760,3.950000,161,27,0.007556,-1.5412,166.06,0,0,0,60.0269,218.964,0.08673,1,0,0,0,0,0.007229,0.000175,0.000938,0.000155,0.001195,0.000100,0.000621,0.000058,0.000715,0.000053,0.000669,0.000047,0.000374,0.000113,0.000626,-166.06,-171.11,-118.05,-95.76,-41.10,134.57,44.76,105.41,95.66,-158.24,175.02,-128.85,-67.96,-177.29,0.37,218.2731,4.9329,4.8952,3.7165,14.6377,2.1980,1.5898,0.7386,3.6233,0.5877,6.1330,0.7874,2.1570,0.6723,4.2130
2026-08-06 10:54:02.760,3.966667,161,28,0.007536,-1.5356,165.95,0,0,0,60.0269,218.964,0.08673,1,0,0,0,0,0.007204,0.000200,0.000962,0.000164,0.001277,0.000070,0.000667,0.000069,0.000616,0.000105,0.000674,0.000067,0.000383,0.000080,0.000613,-165.95,-170.06,-117.43,-105.04,-41.63,96.04,48.67,66.71,89.02,133.31,175.26,146.29,-71.48,114.04,2.66,218.2731,4.9329,4.8952,3.7165,14.6377,2.1980,1.5898,0.7386,3.6233,0.5877,6.1330,0.7874,2.1570,0.6723,4.2130
2026-08-06 10:54:02.760,3.983333,161,29,0.007545,-1.5412,166.10,0,0,0,60.0269,218.964,0.08673,1,0,0,0,0,0.007232,0.000201,0.000885,0.000095,0.001196,0.000034,0.000649,0.000016,0.000575,0.000049,0.000706,0.000026,0.000351,0.000047,0.000625,-166.10,-170.97,-119.78,-106.88,-39.78,39.02,45.26,45.86,98.68,59.22,178.79,122.18,-68.98,120.84,-3.70,218.2731,4.9329,4.8952,3.7165,14.6377,2.1980,1.5898,0.7386,3.6233,0.5877,6.1330,0.7874,2.1570,0.6723,4.2130
2026-08-06 10:54:02.977,4.000000,162,0,0.007573,-1.5462,166.33,0,0,0,60.0230,219.113,0.08693,1,0,0,0,0,0.007245,0.000182,0.000956,0.000124,0.001219,0.000059,0.000616,0.000089,0.000638,0.000032,0.000693,0.000038,0.000407,0.000066,0.000670,-166.33,-176.25,-119.12,-99.97,-36.85,77.23,43.05,107.17,93.22,-176.28,171.04,170.90,-65.86,172.90,-2.99,218.4170,4.9802,4.9266,3.7638,14.6882,2.2213,1.5210,0.7381,3.5951,0.5963,6.1259,0.7951,2.2865,0.6949,4.1256
2026-08-06 10:54:02.977,4.016667,162,1,0.007607,-1.5507,166.07,0,0,0,60.0230,219.113,0.08693,1,0,0,0,0,0.007272,0.000193,0.000929,0.000084,0.001253,0.000034,0.000638,0.000068,0.000642,0.000074,0.000737,0.000090,0.000388,0.000011,0.000644,-166.07,-167.22,-114.87,-119.13,-40.09,106.85,45.25,43.03,92.01,85.95,177.02,152.80,-73.69,-112.99,0.72,218.4170,4.9802,4.9266,3.7638,14.6882,2.2213,1.5210,0.7381,3.5951,0.5963,6.1259,0.7951,2.2865,0.6949,4.1256
2026-08-06 10:54:02.977,4.033333,162,2,0.007558,-1.5493,166.32,0,0,0,60.0230,219.113,0.08693,1,0,0,0,0,0.007262,0.000267,0.000821,0.000195,0.001170,0.000057,0.000563,0.000041,0.000616,0.000045,0.000680,0.000092,0.000372,0.000035,0.000644,-166.32,176.91,-114.85,-129.76,-37.28,91.80,45.01,37.94,100.80,28.33,176.20,159.78,-73.25,153.71,-14.46,218.4170,4.9802,4.9266,3.7638,14.6882,2.2213,1.5210,0.7381,3.5951,0.5963,6.1259,0.7951,2.2865,0.6949,4.1256
2026-08-06 10:54:02.977,4.050000,162,3,0.007726,-1.5728,168.39,0,0,0,60.0230,219.113,0.08693,1,0,0,0,0,0.007316,0.000275,0.000729,0.000324,0.001533,0.000356,0.000278,0.000403,0.000971,0.000364,0.000493,0.000236,0.000621,0.000239,0.000491,-168.39,116.54,-98.42,-36.14,-45.14,-115.26,74.51,156.15,107.78,93.66,156.12,-10.21,-64.31,-119.71,-24.54,218.4170,4.9802,4.9266,3.7638,14.6882,2.2213,1.5210,0.7381,3.5951,0.5963,6.1259,0.7951,2.2865,0.6949,4.1256
2026-08-06 10:54:02.977,4.066667,162,4,0.007557,-1.5454,166.42,0,0,0,60.0230,219.113,0.08693,1,0,0,0,0,0.007233,0.000199,0.000934,0.000097,0.001222,0.000047,0.000629,0.000028,0.000618,0.000060,0.000660,0.000104,0.000305,0.000041,0.000671,-166.42,-153.95,-120.55,-102.49,-41.69,55.35,46.93,23.15,94.48,129.11,171.14,164.56,-68.56,-97.01,0.88,218.4170,4.9802,4.9266,3.7638,14.6882,2.2213,1.5210,0.7381,3.5951,0.5963,6.1259,0.7951,2.2865,0.6949,4.1256
2026-08-06 10:54:02.977,4.083333,162,5,0.007527,-1.5396,166.50,0,0,0,60.0230,219.113,0.08693,1,0,0,0,0,0.007204,0.000198,0.000932,0.000099,0.001141,0.000015,0.000676,0.000043,0.000628,0.000041,0.000728,0.000030,0.000265,0.000032,0.000665,-166.50,-157.50,-113.41,-119.69,-41.09,-39.93,51.81,-140.99,96.64,112.61,173.65,6.97,-64.54,166.56,-3.11,218.4170,4.9802,4.9266,3.7638,14.6882,2.2213,1.5210,0.7381,3.5951,0.5963,6.1259,0.7951,2.2865,0.6949,4.1256
2026-08-06 10:54:02.977,4.100000,162,6,0.007581,-1.5430,165.31,0,0,0,60.0230,219.113,0.08693,1,0,0,0,0,0.007262,0.000214,0.000931,0.000174,0.001230,0.000015,0.000613,0.000099,0.000618,0.000140,0.000745,0.000085,0.000339,0.000096,0.000584,-165.31,-179.62,-113.45,-106.77,-40.78,-131.50,43.40,49.22,94.70,106.43,174.16,160.06,-80.87,152.80,-0.13,218.4170,4.9802,4.9266,3.7638,14.6882,2.2213,1.5210,0.7381,3.5951,0.5963,6.1259,0.7951,2.2865,0.6949,4.1256
2026-08-06 10:54:02.977,4.116667,162,7,0.007558,-1.5487,166.49,0,0,0,60.0230,219.113,0.08693,1,0,0,0,0,0.007251,0.000161,0.000887,0.000130,0.001183,0.000054,0.000589,0.000077,0.000580,0.000093,0.000681,0.000071,0.000388,0.000077,0.000645,-166.49,164.83,-118.44,-136.20,-41.04,73.10,50.60,47.13,96.12,111.86,179.94,110.97,-73.55,119.33,-1.65,218.4170,4.9802,4.9266,3.7638,14.6882,2.2213,1.5210,0.7381,3.5951,0.5963,6.1259,0.7951,2.2865,0.6949,4.1256
2026-08-06 10:54:02.977,4.133333,162,8,0.007533,-1.5391,166.13,0,0,0,60.0230,219.113,0.08693,1,0,0,0,0,0.007214,0.000222,0.000935,0.000175,0.001148,0.000038,0.000648,0.000051,0.000676,0.000035,0.000672,0.000048,0.000391,0.000066,0.000636,-166.13,-171.21,-117.55,-106.72,-39.91,82.62,49.07,136.78,97.62,-23.74,177.36,136.49,-67.86,-104.22,-5.23,218.4170,4.9802,4.9266,3.7638,14.6882,2.2213,1.5210,0.7381,3.5951,0.5963,6.1259,0.7951,2.2865,0.6949,4.1256
2026-08-06 10:54:02.977,4.150000,162,9,0.007598,-1.5496,165.94,0,0,0,60.0230,219.113,0.08693,1,0,0,0,0,0.007272,0.000207,0.000972,0.000151,0.001253,0.000030,0.000650,0.000063,0.000632,0.000026,0.000669,0.000083,0.000347,0.000119,0.000650,-165.94,-151.71,-117.80,-119.11,-39.68,-172.89,47.70,26.26,94.48,143.40,169.35,-174.67,-67.57,128.61,2.17,218.4170,4.9802,4.9266,3.7638,14.6882,2.2213,1.5210,0.7381,3.5951,0.5963,6.1259,0.7951,2.2865,0.6949,4.1256
2026-08-06 10:54:02.977,4.166667,162,10,0.007592,-1.5510,165.90,0,0,0,60.0230,219.113,0.08693,1,0,0,0,0,0.007278,0.000311,0.000930,0.000185,0.001214,0.000090,0.000613,0.000027,0.000589,0.000032,0.000701,0.000019,0.000331,0.000023,0.000626,-165.90,173.32,-118.52,-111.96,-39.31,18.48,43.68,25.69,90.71,143.64,173.24,155.63,-70.83,-25.94,-0.64,218.4170,4.9802,4.9266,3.7638,14.6882,2.2213,1.5210,0.7381,3.5951,0.5963,6.1259,0.7951,2.2865,0.6949,4.1256
2026-08-06 10:54:02.977,4.183333,162,11,0.007578,-1.5506,166.26,0,0,0,60.0230,219.113,0.08693,1,0,0,0,0,0.007271,0.000165,0.000927,0.000151,0.001145,0.000030,0.000620,0.000055,0.000608,0.000025,0.000700,0.000039,0.000432,0.000067,0.000628,-166.26,-169.63,-119.73,-107.28,-37.86,51.51,47.93,57.02,93.71,-2.07,176.11,166.50,-67.01,-151.35,1.34,218.4170,4.9802,4.9266,3.7638,14.6882,2.2213,1.5210,0.7381,3.5951,0.5963,6.1259,0.7951,2.2865,0.6949,4.1256
2026-08-06 10:54:02.977,4.200000,162,12,0.007546,-1.5455,168.55,0,0,0,60.0230,219.113,0.08693,1,0,0,0,0,0.007199,0.000076,0.001105,0.000365,0.000925,0.000293,0.000732,0.000199,0.000749,0.000298,0.000453,0.000200,0.000431,0.000277,0.000778,-168.55,29.93,-107.41,-135.61,-37.87,54.24,24.08,-96.17,114.07,83.97,171.38,-77.35,-98.36,119.30,8.44,218.4170,4.9802,4.9266,3.7638,14.6882,2.2213,1.5210,0.7381,3.5951,0.5963,6.1259,0.7951,2.2865,0.6949,4.1256
2026-08-06 10:54:02.977,4.216667,162,13,0.007508,-1.5343,166.26,0,0,0,60.0230,219.113,0.08693,1,0,0,0,0,0.007190,0.000192,0.000919,0.000183,0.001207,0.000037,0.000668,0.000010,0.000657,0.000055,0.000683,0.000038,0.000325,0.000044,0.000621,-166.26,-175.03,-119.35,-101.52,-40.67,58.93,52.95,2.94,94.02,19.52,179.50,122.25,-80.26,161.45,2.77,218.4170,4.9802,4.9266,3.7638,14.6882,2.2213,1.5210,0.7381,3.5951,0.5963,6.1259,0.7951,2.2865,0.6949,4.1256
2026-08-06 10:54:02.977,4.233333,162,14,0.007567,-1.5493,166.62,0,0,0,60.0230,219.113,0.08693,1,0,0,0,0,0.007252,0.000163,0.000909,0.000107,0.001156,0.000056,0.000608,0.000098,0.000678,0.000079,0.000744,0.000017,0.000412,0.000106,0.000643,-166.62,179.01,-118.10,-108.37,-39.02,48.14,48.94,115.61,95.33,-103.48,177.97,159.71,-71.91,-143.34,1.63,218.4170,4.9802,4.9266,3.7638,14.6882,2.2213,1.5210,0.7381,3.5951,0.5963,6.1259,0.7951,2.2865,0.6949,4.1256
2026-08-06 10:54:02.977,4.250000,162,15,0.007564,-1.5432,165.85,0,0,0,60.0230,219.113,0.08693,1,0,0,0,0,0.007247,0.000136,0.000951,0.000102,0.001185,0.000063,0.000614,0.000069,0.000657,0.000061,0.000716,0.000107,0.000378,0.000027,0.000624,-165.85,-169.34,-116.60,-131.60,-39.47,99.68,47.84,95.59,93.32,110.83,171.78,168.78,-66.19,-146.15,-3.73,218.4170,4.9802,4.9266,3.7638,14.6882,2.2213,1.5210,0.7381,3.5951,0.5963,6.1259,0.7951,2.2865,0.6949,4.1256
2026-08-06 10:54:02.977,4.266667,162,16,0.007545,-1.5386,165.85,0,0,0,60.0230,219.113,0.08693,1,0,0,0,0,0.007220,0.000238,0.000951,0.000142,0.001201,0.000031,0.000634,0.000064,0.000626,0.000093,0.000682,0.000089,0.000376,0.000023,0.000713,-165.85,178.91,-116.11,-118.83,-40.49,96.45,47.86,-152.20,100.11,80.36,-177.95,86.82,-68.68,114.78,-5.63,218.4170,4.9802,4.9266,3.7638,14.6882,2.2213,1.5210,0.7381,3.5951,0.5963,6.1259,0.7951,2.2865,0.6949,4.1256
2026-08-06 10:54:02.977,4.283333,162,17,0.007565,-1.5487,166.58,0,0,0,60.0230,219.113,0.08693,1,0,0,0,0,0.007248,0.000157,0.000941,0.000073,0.001153,0.000062,0.000651,0.000084,0.000688,0.000035,0.000715,0.000071,0.000374,0.000092,0.000615,-166.58,-167.90,-117.45,-119.52,-39.78,103.94,48.52,72.03,93.74,-149.33,172.01,-115.86,-76.98,-139.25,-3.32,218.4170,4.9802,4.9266,3.7638,14.6882,2.2213,1.5210,0.7381,3.5951,0.5963,6.1259,0.7951,2.2865,0.6949,4.1256
2026-08-06 10:54:02.977,4.300000,162,18,0.007581,-1.5510,166.40,0,0,0,60.0230,219.113,0.08693,1,0,0,0,0,0.007263,0.000199,0.000952,0.000139,0.001184,0.000035,0.000597,0.000073,0.000587,0.000077,0.000695,0.000124,0.000390,0.000079,0.000646,-166.40,-170.05,-119.39,-118.57,-40.12,70.92,52.95,26.01,98.27,74.30,177.36,126.66,-73.89,155.39,-1.56,218.4170,4.9802,4.9266,3.7638,14.6882,2.2213,1.5210,0.7381,3.5951,0.5963,6.1259,0.7951,2.2865,0.6949,4.1256
2026-08-06 10:54:02.977,4.316667,162,19,0.007665,-1.5639,166.01,0,0,0,60.0230,219.113,0.08693,1,0,0,0,0,0.007334,0.000227,0.000957,0.000130,0.001233,0.000015,0.000698,0.000039,0.000675,0.000058,0.000691,0.000028,0.000305,0.000052,0.000603,-166.01,177.10,-115.89,-117.49,-41.00,137.34,43.51,-132.71,94.28,-4.25,173.93,133.75,-72.05,-9.36,-1.83,218.4170,4.9802,4.9266,3.7638,14.6882,2.2213,1.5210,0.7381,3.5951,0.5963,6.1259,0.7951,2.2865,0.6949,4.1256
2026-08-06 10:54:02.977,4.333333,162,20,0.007627,-1.5588,166.17,0,0,0,60.0230,219.113,0.08693,1,0,0,0,0,0.007309,0.000230,0.000973,0.000128,0.001228,0.000043,0.000598,0.000062,0.000566,0.000059,0.000686,0.000101,0.000375,0.000102,0.000581,-166.17,-171.53,-118.27,-118.58,-41.03,83.18,46.96,67.55,94.48,68.99,177.43,158.78,-70.19,146.13,0.41,218.4170,4.9802,4.9266,3.7638,14.6882,2.2213,1.5210,0.7381,3.5951,0.5963,6.1259,0.7951,2.2865,0.6949,4.1256
2026-08-06 10:54:02.977,4.350000,162,21,0.007517,-1.5216,167.10,0,0,0,60.0230,219.113,0.08693,1,0,0,0,0,0.007076,0.000403,0.000933,0.000206,0.001319,0.000300,0.000795,0.000256,0.000943,0.000209,0.000814,0.000292,0.000512,0.000193,0.000733,-167.10,-118.62,-128.20,-14.33,-53.11,135.53,34.46,-111.63,98.54,28.63,-175.89,101.95,-51.19,-128.29,10.69,218.4170,4.9802,4.9266,3.7638,14.6882,2.2213,1.5210,0.7381,3.5951,0.5963,6.1259,0.7951,2.2865,0.6949,4.1256
2026-08-06 10:54:02.977,4.366667,162,22,0.007515,-1.5353,166.05,0,0,0,60.0230,219.113,0.08693,1,0,0,0,0,0.007197,0.000197,0.000912,0.000121,0.001191,0.000001,0.000633,0.000036,0.000626,0.000048,0.000724,0.000056,0.000352,0.000070,0.000609,-166.05,-170.12,-118.88,-119.82,-40.20,-79.07,44.61,-135.20,94.29,71.00,173.29,74.39,-61.14,29.68,-0.61,218.4170,4.9802,4.9266,3.7638,14.6882,2.2213,1.5210,0.7381,3.5951,0.5963,6.1259,0.7951,2.2865,0.6949,4.1256
2026-08-06 10:54:02.977,4.383333,162,23,0.007546,-1.5440,166.30,0,0,0,60.0230,219.113,0.08693,1,0,0,0,0,0.007235,0.000126,0.000904,0.000106,0.001209,0.000038,0.000604,0.000048,0.000622,0.000030,0.000754,0.000048,0.000392,0.000013,0.000565,-166.30,-167.77,-117.55,-137.89,-39.66,97.31,47.68,83.28,94.93,168.02,173.26,-99.56,-71.98,12.41,3.14,218.4170,4.9802,4.9266,3.7638,14.6882,2.2213,1.5210,0.7381,3.5951,0.5963,6.1259,0.7951,2.2865,0.6949,4.1256
2026-08-06 10:54:02.977,4.400000,162,24,0.007611,-1.5540,166.22,0,0,0,60.0230,219.113,0.08693,1,0,0,0,0,0.007281,0.000163,0.000958,0.000166,0.001250,0.000033,0.000628,0.000050,0.000657,0.000061,0.000661,0.000079,0.000326,0.000084,0.000670,-166.22,-174.98,-117.93,-103.77,-41.70,110.19,49.82,90.34,91.15,87.54,176.57,151.24,-71.72,-173.89,5.47,218.4170,4.9802,4.9266,3.7638,14.6882,2.2213,1.5210,0.7381,3.5951,0.5963,6.1259,0.7951,2.2865,0.6949,4.1256
2026-08-06 10:54:02.977,4.416667,162,25,0.007556,-1.5450,165.98,0,0,0,60.0230,219.113,0.08693,1,0,0,0,0,0.007246,0.000224,0.000920,0.000150,0.001168,0.000059,0.000644,0.000039,0.000608,0.000006,0.000759,0.000051,0.000353,0.000034,0.000616,-165.98,-174.01,-120.71,-108.24,-40.26,11.98,47.65,-97.17,98.88,135.58,176.96,113.26,-78.82,-110.28,-4.19,218.4170,4.9802,4.9266,3.7638,14.6882,2.2213,1.5210,0.7381,3.5951,0.5963,6.1259,0.7951,2.2865,0.6949,4.1256
2026-08-06 10:54:02.977,4.433333,162,26,0.007524,-1.5410,166.44,0,0,0,60.0230,219.113,0.08693,1,0,0,0,0,0.007217,0.000240,0.000868,0.000126,0.001219,0.000074,0.000599,0.000100,0.000618,0.000030,0.000693,0.000125,0.000339,0.000105,0.000599,-166.44,-165.52,-118.79,-108.53,-39.03,73.07,45.30,69.75,95.53,128.85,173.69,-151.73,-70.22,177.81,-1.74,218.4170,4.9802,4.9266,3.7638,14.6882,2.2213,1.5210,0.7381,3.5951,0.5963,6.1259,0.7951,2.2865,0.6949,4.1256
2026-08-06 10:54:02.977,4.450000,162,27,0.007619,-1.5530,165.90,0,0,0,60.0230,219.113,0.08693,1,0,0,0,0,0.007290,0.000233,0.000910,0.000168,0.001250,0.000019,0.000645,0.000090,0.000652,0.000082,0.000768,0.000057,0.000366,0.000080,0.000632,-165.90,-168.13,-118.70,-114.72,-38.68,18.36,48.07,-47.01,89.97,103.60,175.35,102.26,-79.47,-164.97,-1.19,218.4170,4.9802,4.9266,3.7638,14.6882,2.2213,1.5210,0.7381,3.5951,0.5963,6.1259,0.7951,2.2865,0.6949,4.1256
2026-08-06 10:54:02.977,4.466667,162,28,0.007551,-1.5476,166.41,0,0,0,60.0230,219.113,0.08693,1,0,0,0,0,0.007249,0.000186,0.000872,0.000166,0.001142,0.000028,0.000655,0.000045,0.000598,0.000034,0.000684,0.000048,0.000400,0.000004,0.000613,-166.41,-173.81,-122.52,-86.84,-38.00,-141.57,43.60,-110.80,95.63,55.39,174.68,130.61,-67.66,-17.26,-6.07,218.4170,4.9802,4.9266,3.7638,14.6882,2.2213,1.5210,0.7381,3.5951,0.5963,6.1259,0.7951,2.2865,0.6949,4.1256
2026-08-06 10:54:02.977,4.483333,162,29,0.007526,-1.5368,166.23,0,0,0,60.0230,219.113,0.08693,1,0,0,0,0,0.007203,0.000214,0.000907,0.000108,0.001244,0.000047,0.000624,0.000086,0.000641,0.000049,0.000680,0.000082,0.000388,0.000090,0.000633,-166.23,-166.61,-118.85,-102.68,-41.03,115.61,46.83,64.99,89.00,90.06,179.28,177.92,-83.76,126.12,-0.43,218.4170,4.9802,4.9266,3.7638,14.6882,2.2213,1.5210,0.7381,3.5951,0.5963,6.1259,0.7951,2.2865,0.6949,4.1256
2026-08-06 10:54:03.227,4.500000,163,0,0.007355,-1.4885,166.01,0,0,0,60.0230,219.101,0.08694,1,0,0,0,0,0.006979,0.000466,0.000647,0.000396,0.001085,0.000232,0.000812,0.000288,0.000785,0.000235,0.000947,0.000220,0.000504,0.000210,0.000656,-166.01,-160.93,-115.07,-114.88,-27.19,-81.27,66.96,-47.23,110.72,10.91,179.18,44.46,-92.66,65.77,-17.85,218.4047,4.9590,4.8998,3.7443,14.7186,2.2294,1.5233,0.7631,3.5803,0.6076,6.1319,0.7716,2.2940,0.6943,4.0873
2026-08-06 10:54:03.227,4.516667,163,1,0.007556,-1.5445,165.97,0,0,0,60.0230,219.101,0.08694,1,0,0,0,0,0.007246,0.000184,0.000890,0.000140,0.001158,0.000033,0.000633,0.000060,0.000616,0.000011,0.000736,0.000051,0.000386,0.000057,0.000667,-165.97,-161.01,-122.49,-113.07,-39.12,-26.13,47.10,-69.79,99.21,42.24,175.63,161.58,-68.19,-81.18,-3.02,218.4047,4.9590,4.8998,3.7443,14.7186,2.2294,1.5233,0.7631,3.5803,0.6076,6.1319,0.7716,2.2940,0.6943,4.0873
2026-08-06 10:54:03.227,4.533333,163,2,0.007645,-1.5605,165.98,0,0,0,60.0230,219.101,0.08694,1,0,0,0,0,0.007325,0.000197,0.000964,0.000073,0.001229,0.000055,0.000607,0.000089,0.000631,0.000068,0.000726,0.000041,0.000363,0.000041,0.000617,-165.98,179.97,-116.43,-77.80,-38.06,45.46,46.13,81.30,93.87,106.05,175.54,168.55,-72.52,115.61,4.74,218.4047,4.9590,4.8998,3.7443,14.7186,2.2294,1.5233,0.7631,3.5803,0.6076,6.1319,0.7716,2.2940,0.6943,4.0873
2026-08-06 10:54:03.227,4.550000,163,3,0.007610,-1.5569,166.06,0,0,0,60.0230,219.101,0.08694,1,0,0,0,0,0.007300,0.000237,0.000937,0.000149,0.001216,0.000016,0.000629,0.000055,0.000626,0.000082,0.000684,0.000053,0.000315,0.000055,0.000592,-166.06,-165.84,-119.61,-111.08,-41.32,64.67,48.39,-44.05,90.59,111.93,174.52,-177.67,-75.65,-124.48,6.00,218.4047,4.9590,4.8998,3.7443,14.7186,2.2294,1.5233,0.7631,3.5803,0.6076,6.1319,0.7716,2.2940,0.6943,4.0873
2026-08-06 10:54:03.227,4.566667,163,4,0.007537,-1.5390,166.14,0,0,0,60.0230,219.101,0.08694,1,0,0,0,0,0.007216,0.000162,0.000925,0.000135,0.001203,0.000035,0.000625,0.000041,0.000679,0.000044,0.000774,0.000039,0.000410,0.000028,0.000572,-166.14,-169.12,-117.81,-127.28,-38.01,-38.44,46.94,131.37,93.90,8.22,172.82,84.20,-63.10,-147.35,-2.41,218.4047,4.9590,4.8998,3.7443,14.7186,2.2294,1.5233,0.7631,3.5803,0.6076,6.1319,0.7716,2.2940,0.6943,4.0873
2026-08-06 10:54:03.227,4.583333,163,5,0.007553,-1.5432,166.29,0,0,0,60.0230,219.101,0.08694,1,0,0,0,0,0.007233,0.000168,0.000932,0.000123,0.001273,0.000005,0.000559,0.000096,0.000572,0.000101,0.000765,0.000105,0.000446,0.000072,0.000587,-166.29,-151.83,-116.50,-126.08,-39.52,40.98,48.00,58.81,93.76,78.49,178.06,154.22,-71.27,126.40,-0.54,218.4047,4.9590,4.8998,3.7443,14.7186,2.2294,1.5233,0.7631,3.5803,0.6076,6.1319,0.7716,2.2940,0.6943,4.0873
2026-08-06 10:54:03.227,4.600000,163,6,0.007589,-1.5494,166.05,0,0,0,60.0230,219.101,0.08694,1,0,0,0,0,0.007268,0.000208,0.000877,0.000133,0.001272,0.000033,0.000634,0.000069,0.000578,0.000077,0.000685,0.000009,0.000390,0.000049,0.000664,-166.05,-176.65,-117.66,-124.77,-40.16,-179.04,43.99,-27.54,95.54,90.60,174.54,175.74,-68.08,86.23,-3.05,218.4047,4.9590,4.8998,3.7443,14.7186,2.2294,1.5233,0.7631,3.5803,0.6076,6.1319,0.7716,2.2940,0.6943,4.0873
2026-08-06 10:54:03.227,4.616667,163,7,0.007533,-1.5430,166.91,0,0,0,60.0230,219.101,0.08694,1,0,0,0,0,0.007216,0.000199,0.000867,0.000084,0.001240,0.000071,0.000607,0.000074,0.000589,0.000079,0.000771,0.000050,0.000395,0.000063,0.000627,-166.91,-164.65,-113.56,-146.55,-39.18,40.84,53.33,170.45,91.92,135.80,-179.43,59.72,-74.10,-115.81,-2.83,218.4047,4.9590,4.8998,3.7443,14.7186,2.2294,1.5233,0.7631,3.5803,0.6076,6.1319,0.7716,2.2940,0.6943,4.0873
2026-08-06 10:54:03.227,4.633333,163,8,0.007527,-1.5388,166.49,0,0,0,60.0230,219.101,0.08694,1,0,0,0,0,0.007206,0.000149,0.000939,0.000103,0.001195,0.000002,0.000628,0.000059,0.000625,0.000059,0.000691,0.000094,0.000382,0.000026,0.000646,-166.49,-161.22,-119.69,-118.57,-37.84,55.02,48.07,34.43,96.15,127.22,172.05,-154.68,-68.68,-167.71,3.30,218.4047,4.9590,4.8998,3.7443,14.7186,2.2294,1.5233,0.7631,3.5803,0.6076,6.1319,0.7716,2.2940,0.6943,4.0873
2026-08-06 10:54:03.227,4.650000,163,9,0.007496,-1.5000,164.45,0,0,0,60.0230,219.101,0.08694,1,0,0,0,0,0.007067,0.000539,0.001051,0.000222,0.001403,0.000303,0.000379,0.000269,0.000639,0.000278,0.000950,0.000189,0.000181,0.000182,0.000714,-164.45,166.23,-103.49,102.22,-51.17,70.35,53.57,30.78,122.26,3.40,176.41,-27.90,-75.28,-69.11,10.79,218.4047,4.9590,4.8998,3.7443,14.7186,2.2294,1.5233,0.7631,3.5803,0.6076,6.1319,0.7716,2.2940,0.6943,4.0873
2026-08-06 10:54:03.227,4.666667,163,10,0.007532,-1.5366,165.85,0,0,0,60.0230,219.101,0.08694,1,0,0,0,0,0.007212,0.000157,0.000943,0.000128,0.001198,0.000022,0.000643,0.000082,0.000647,0.000043,0.000675,0.000044,0.000430,0.000061,0.000587,-165.85,-150.95,-120.18,-109.67,-41.18,-166.26,48.82,75.50,98.97,83.21,176.90,31.26,-71.23,168.06,-2.47,218.4047,4.9590,4.8998,3.7443,14.7186,2.2294,1.5233,0.7631,3.5803,0.6076,6.1319,0.7716,2.2940,0.6943,4.0873
2026-08-06 10:54:03.227,4.683333,163,11,0.007561,-1.5456,166.23,0,0,0,60.0230,219.101,0.08694,1,0,0,0,0,0.007243,0.000208,0.000888,0.000139,0.001222,0.000019,0.000607,0.000084,0.000607,0.000039,0.000687,0.000090,0.000402,0.000080,0.000653,-166.23,-174.30,-120.60,-91.50,-40.99,128.83,49.71,32.55,94.88,92.73,172.48,-172.75,-73.30,115.49,2.23,218.4047,4.9590,4.8998,3.7443,14.7186,2.2294,1.5233,0.7631,3.5803,0.6076,6.1319,0.7716,2.2940,0.6943,4.0873
2026-08-06 10:54:03.227,4.700000,163,12,0.007558,-1.5443,166.05,0,0,0,60.0230,219.101,0.08694,1,0,0,0,0,0.007239,0.000231,0.000892,0.000174,0.001249,0.000037,0.000663,0.000065,0.000626,0.000043,0.000656,0.000052,0.000367,0.000004,0.000656,-166.05,-173.22,-117.98,-112.33,-40.33,142.27,48.37,-114.49,94.33,76.51,177.93,106.96,-65.91,-20.17,1.28,218.4047,4.9590,4.8998,3.7443,14.7186,2.2294,1.5233,0.7631,3.5803,0.6076,6.1319,0.7716,2.2940,0.6943,4.0873
2026-08-06 10:54:03.227,4.716667,163,13,0.007551,-1.5429,166.50,0,0,0,60.0230,219.101,0.08694,1,0,0,0,0,0.007224,0.000166,0.000986,0.000080,0.001223,0.000032,0.000613,0.000041,0.000615,0.000049,0.000727,0.000013,0.000447,0.000037,0.000633,-166.50,-160.19,-117.66,-119.26,-42.25,90.22,47.62,79.76,91.95,116.29,175.35,-140.06,-73.84,-119.12,0.54,218.4047,4.9590,4.8998,3.7443,14.7186,2.2294,1.5233,0.7631,3.5803,0.6076,6.1319,0.7716,2.2940,0.6943,4.0873
2026-08-06 10:54:03.227,4.733333,163,14,0.007555,-1.5435,165.89,0,0,0,60.0230,219.101,0.08694,1,0,0,0,0,0.007248,0.000205,0.000910,0.000105,0.001192,0.000049,0.000631,0.000099,0.000553,0.000051,0.000695,0.000024,0.000391,0.000101,0.000624,-165.89,167.79,-118.26,-99.00,-38.79,113.24,46.36,60.76,96.51,86.84,176.81,-164.29,-68.88,84.70,-1.15,218.4047,4.9590,4.8998,3.7443,14.7186,2.2294,1.5233,0.7631,3.5803,0.6076,6.1319,0.7716,2.2940,0.6943,4.0873
2026-08-06 10:54:03.227,4.750000,163,15,0.007571,-1.5489,166.27,0,0,0,60.0230,219.101,0.08694,1,0,0,0,0,0.007254,0.000245,0.000871,0.000145,0.001226,0.000054,0.000638,0.000015,0.000593,0.000104,0.000668,0.000031,0.000362,0.000061,0.000631,-166.27,-177.09,-116.05,-123.94,-42.05,47.97,49.69,-112.57,99.11,78.92,175.27,96.13,-66.39,99.87,0.06,218.4047,4.9590,4.8998,3.7443,14.7186,2.2294,1.5233,0.7631,3.5803,0.6076,6.1319,0.7716,2.2940,0.6943,4.0873
2026-08-06 10:54:03.227,4.766667,163,16,0.007520,-1.5374,166.25,0,0,0,60.0230,219.101,0.08694,1,0,0,0,0,0.007207,0.000201,0.000932,0.000089,0.001166,0.000113,0.000606,0.000082,0.000638,0.000034,0.000712,0.000020,0.000394,0.000053,0.000602,-166.25,-168.10,-116.32,-100.12,-41.29,126.20,41.45,91.05,97.72,123.72,178.30,131.92,-71.46,-153.25,-3.41,218.4047,4.9590,4.8998,3.7443,14.7186,2.2294,1.5233,0.7631,3.5803,0.6076,6.1319,0.7716,2.2940,0.6943,4.0873
2026-08-06 10:54:03.227,4.783333,163,17,0.007592,-1.5508,166.30,0,0,0,60.0230,219.101,0.08694,1,0,0,0,0,0.007273,0.000172,0.000905,0.000123,0.001216,0.000039,0.000657,0.000087,0.000652,0.000052,0.000721,0.000069,0.000324,0.000026,0.000605,-166.30,179.47,-116.88,-108.75,-37.19,57.34,50.06,-8.03,98.17,82.25,171.19,156.05,-74.91,-115.79,3.52,218.4047,4.9590,4.8998,3.7443,14.7186,2.2294,1.5233,0.7631,3.5803,0.6076,6.1319,0.7716,2.2940,0.6943,4.0873
2026-08-06 10:54:03.227,4.800000,163,18,0.007694,-1.5443,164.56,0,0,0,60.0230,219.101,0.08694,1,0,0,0,0,0.007309,0.000152,0.001047,0.000350,0.001357,0.000287,0.000480,0.000241,0.000849,0.000223,0.000515,0.000251,0.000516,0.000168,0.000582,-164.56,92.27,-134.75,-95.37,-30.16,140.96,24.07,20.72,107.00,-99.17,167.96,125.17,-80.62,22.53,14.73,218.4047,4.9590,4.8998,3.7443,14.7186,2.2294,1.5233,0.7631,3.5803,0.6076,6.1319,0.7716,2.2940,0.6943,4.0873
2026-08-06 10:54:03.227,4.816667,163,19,0.007589,-1.5507,166.32,0,0,0,60.0230,219.101,0.08694,1,0,0,0,0,0.007270,0.000173,0.000943,0.000104,0.001201,0.000018,0.000648,0.000067,0.000651,0.000048,0.000711,0.000058,0.000391,0.000119,0.000569,-166.32,-166.50,-117.05,-126.16,-38.63,156.82,45.71,57.20,95.21,-148.65,176.96,-168.81,-69.19,167.64,-2.89,218.4047,4.9590,4.8998,3.7443,14.7186,2.2294,1.5233,0.7631,3.5803,0.6076,6.1319,0.7716,2.2940,0.6943,4.0873
2026-08-06 10:54:03.227,4.833333,163,20,0.007496,-1.5320,166.24,0,0,0,60.0230,219.101,0.08694,1,0,0,0,0,0.007186,0.000182,0.000900,0.000119,0.001224,0.000032,0.000610,0.000052,0.000646,0.000069,0.000694,0.000052,0.000324,0.000017,0.000565,-166.24,-169.13,-117.18,-112.08,-39.50,155.33,46.72,40.95,92.69,74.30,173.03,129.23,-63.27,82.36,0.57,218.4047,4.9590,4.8998,3.7443,14.7186,2.2294,1.5233,0.7631,3.5803,0.6076,6.1319,0.7716,2.2940,0.6943,4.0873
2026-08-06 10:54:03.227,4.850000,163,21,0.007550,-1.5421,166.42,0,0,0,60.0230,219.101,0.08694,1,0,0,0,0,0.007220,0.000164,0.000964,0.000149,0.001264,0.000037,0.000626,0.000039,0.000584,0.000021,0.000717,0.000014,0.000394,0.000084,0.000668,-166.42,-166.95,-120.59,-94.55,-40.90,-112.28,49.89,-127.18,97.45,48.88,175.72,74.50,-72.22,106.54,-2.52,218.4047,4.9590,4.8998,3.7443,14.7186,2.2294,1.5233,0.7631,3.5803,0.6076,6.1319,0.7716,2.2940,0.6943,4.0873
2026-08-06 10:54:03.227,4.866667,163,22,0.007571,-1.5476,166.19,0,0,0,60.0230,219.101,0.08694,1,0,0,0,0,0.007260,0.000124,0.000911,0.000096,0.001236,0.000056,0.000588,0.000051,0.000628,0.000032,0.000729,0.000016,0.000375,0.000015,0.000576,-166.19,-177.97,-116.91,-113.98,-39.91,92.18,45.11,93.65,97.62,147.25,175.78,-161.97,-63.71,155.74,0.55,218.4047,4.9590,4.8998,3.7443,14.7186,2.2294,1.5233,0.7631,3.5803,0.6076,6.1319,0.7716,2.2940,0.6943,4.0873
2026-08-06 10:54:03.227,4.883333,163,23,0.007492,-1.5306,166.00,0,0,0,60.0230,219.101,0.08694,1,0,0,0,0,0.007185,0.000199,0.000884,0.000119,0.001192,0.000032,0.000589,0.000044,0.000595,0.000084,0.000703,0.000052,0.000372,0.000023,0.000654,-166.00,-164.63,-118.17,-111.32,-39.11,-171.90,45.83,10.42,93.49,103.19,177.68,112.22,-67.95,41.86,3.50,218.4047,4.9590,4.8998,3.7443,14.7186,2.2294,1.5233,0.7631,3.5803,0.6076,6.1319,0.7716,2.2940,0.6943,4.0873
2026-08-06 10:54:03.227,4.900000,163,24,0.007583,-1.5503,165.94,0,0,0,60.0230,219.101,0.08694,1,0,0,0,0,0.007274,0.000162,0.000925,0.000165,0.001195,0.000032,0.000620,0.000016,0.000607,0.000063,0.000681,0.000049,0.000366,0.000040,0.000626,-165.94,-166.35,-117.42,-111.25,-42.30,60.70,46.95,35.15,93.97,61.83,175.81,73.68,-66.98,80.68,-0.55,218.4047,4.9590,4.8998,3.7443,14.7186,2.2294,1.5233,0.7631,3.5803,0.6076,6.1319,0.7716,2.2940,0.6943,4.0873
2026-08-06 10:54:03.227,4.916667,163,25,0.007494,-1.5318,166.88,0,0,0,60.0230,219.101,0.08694,1,0,0,0,0,0.007158,0.000218,0.000950,0.000131,0.001245,0.000027,0.000639,0.000097,0.000637,0.000052,0.000740,0.000006,0.000390,0.000023,0.000607,-166.88,172.30,-118.97,-133.80,-41.15,82.30,45.80,88.22,97.70,172.20,177.26,77.89,-71.39,115.72,4.45,218.4047,4.9590,4.8998,3.7443,14.7186,2.2294,1.5233,0.7631,3.5803,0.6076,6.1319,0.7716,2.2940,0.6943,4.0873
2026-08-06 10:54:03.227,4.933333,163,26,0.007628,-1.5583,166.21,0,0,0,60.0230,219.101,0.08694,1,0,0,0,0,0.007306,0.000155,0.000926,0.000080,0.001200,0.000064,0.000625,0.000021,0.000611,0.000053,0.000727,0.000081,0.000379,0.000044,0.000665,-166.21,165.24,-119.92,-107.45,-41.68,99.92,46.20,85.75,95.42,69.32,171.50,171.20,-70.87,122.84,-0.72,218.4047,4.9590,4.8998,3.7443,14.7186,2.2294,1.5233,0.7631,3.5803,0.6076,6.1319,0.7716,2.2940,0.6943,4.0873
2026-08-06 10:54:03.227,4.950000,163,27,0.007728,-1.5655,164.64,0,0,0,60.0230,219.101,0.08694,1,0,0,0,0,0.007375,0.000174,0.000648,0.000342,0.001238,0.000340,0.000961,0.000292,0.000584,0.000253,0.000482,0.000280,0.000263,0.000284,0.000806,-164.64,-75.57,-115.48,164.77,-57.67,-38.20,45.38,131.47,122.67,-64.47,174.60,88.14,-111.65,-99.63,-4.85,218.4047,4.9590,4.8998,3.7443,14.7186,2.2294,1.5233,0.7631,3.5803,0.6076,6.1319,0.7716,2.2940,0.6943,4.0873
2026-08-06 10:54:03.227,4.966667,163,28,0.007565,-1.5456,166.15,0,0,0,60.0230,219.101,0.08694,1,0,0,0,0,0.007249,0.000117,0.000851,0.000077,0.001244,0.000057,0.000594,0.000055,0.000639,0.000068,0.000716,0.000108,0.000357,0.000059,0.000620,-166.15,179.36,-117.31,-126.52,-41.57,114.30,44.72,98.74,93.19,168.69,172.51,-149.51,-73.40,148.66,6.60,218.4047,4.9590,4.8998,3.7443,14.7186,2.2294,1.5233,0.7631,3.5803,0.6076,6.1319,0.7716,2.2940,0.6943,4.0873
2026-08-06 10:54:03.227,4.983333,163,29,0.007544,-1.5379,166.20,0,0,0,60.0230,219.101,0.08694,1,0,0,0,0,0.007210,0.000175,0.000955,0.000115,0.001214,0.000052,0.000663,0.000029,0.000622,0.000111,0.000682,0.000062,0.000333,0.000024,0.000667,-166.20,-174.05,-119.37,-117.70,-40.46,84.15,47.76,-76.35,97.24,113.10,175.37,149.81,-74.18,140.20,-0.67,218.4047,4.9590,4.8998,3.7443,14.7186,2.2294,1.5233,0.7631,3.5803,0.6076,6.1319,0.7716,2.2940,0.6943,4.0873
2026-08-06 10:54:03.478,5.000000,164,0,0.007593,-1.5504,165.87,0,0,0,60.0192,219.038,0.08696,1,0,0,0,0,0.007278,0.000178,0.000953,0.000212,0.001187,0.000012,0.000620,0.000067,0.000624,0.000019,0.000653,0.000020,0.000379,0.000040,0.000664,-165.87,-175.83,-116.90,-92.62,-41.52,97.19,50.41,-179.41,95.68,37.21,176.96,59.00,-61.42,-53.19,3.34,218.3418,4.9644,4.9235,3.7398,14.6978,2.2195,1.5247,0.7576,3.5694,0.5844,6.1221,0.7915,2.2884,0.7011,4.1635
2026-08-06 10:54:03.478,5.016667,164,1,0.007553,-1.5405,166.12,0,0,0,60.0192,219.038,0.08696,1,0,0,0,0,0.007230,0.000172,0.000934,0.000086,0.001240,0.000042,0.000644,0.000081,0.000640,0.000018,0.000662,0.000077,0.000352,0.000036,0.000571,-166.12,177.36,-117.92,-95.37,-38.73,129.76,44.75,89.79,92.82,59.23,179.59,-162.62,-68.47,118.19,5.68,218.3418,4.9644,4.9235,3.7398,14.6978,2.2195,1.5247,0.7576,3.5694,0.5844,6.1221,0.7915,2.2884,0.7011,4.1635
2026-08-06 10:54:03.478,5.033333,164,2,0.007581,-1.5467,165.76,0,0,0,60.0192,219.038,0.08696,1,0,0,0,0,0.007265,0.000163,0.000944,0.000138,0.001203,0.000062,0.000618,0.000074,0.000574,0.000124,0.000701,0.000077,0.000361,0.000029,0.000628,-165.76,-166.20,-119.58,-90.23,-42.26,83.39,45.99,0.99,95.32,85.29,173.10,126.82,-67.28,56.23,5.28,218.3418,4.9644,4.9235,3.7398,14.6978,2.2195,1.5247,0.7576,3.5694,0.5844,6.1221,0.7915,2.2884,0.7011,4.1635
2026-08-06 10:54:03.478,5.050000,164,3,0.007496,-1.5348,166.78,0,0,0,60.0192,219.038,0.08696,1,0,0,0,0,0.007178,0.000198,0.000937,0.000119,0.001213,0.000036,0.000553,0.000026,0.000574,0.000008,0.000745,0.000047,0.000443,0.000008,0.000627,-166.78,-163.37,-120.18,-120.65,-39.56,-120.99,46.01,-168.05,100.95,-136.87,-179.86,83.76,-67.97,121.01,-4.26,218.3418,4.9644,4.9235,3.7398,14.6978,2.2195,1.5247,0.7576,3.5694,0.5844,6.1221,0.7915,2.2884,0.7011,4.1635
2026-08-06 10:54:03.478,5.066667,164,4,0.007537,-1.5377,165.97,0,0,0,60.0192,219.038,0.08696,1,0,0,0,0,0.007221,0.000124,0.000925,0.000088,0.001220,0.000058,0.000619,0.000108,0.000609,0.000127,0.000717,0.000121,0.000392,0.000040,0.000595,-165.97,-160.26,-116.37,-111.37,-38.89,94.40,49.82,103.82,92.62,123.44,175.05,-177.60,-69.36,143.62,1.12,218.3418,4.9644,4.9235,3.7398,14.6978,2.2195,1.5247,0.7576,3.5694,0.5844,6.1221,0.7915,2.2884,0.7011,4.1635
2026-08-06 10:54:03.478,5.083333,164,5,0.007547,-1.5452,166.25,0,0,0,60.0192,219.038,0.08696,1,0,0,0,0,0.007243,0.000243,0.000876,0.000123,0.001169,0.000029,0.000656,0.000044,0.000591,0.000061,0.000668,0.000009,0.000344,0.000035,0.000697,-166.25,-176.94,-114.86,-99.15,-40.74,88.03,50.68,-47.13,94.18,115.02,178.02,-108.27,-68.02,-80.76,5.06,218.3418,4.9644,4.9235,3.7398,14.6978,2.2195,1.5247,0.7576,3.5694,0.5844,6.1221,0.7915,2.2884,0.7011,4.1635
2026-08-06 10:54:03.478,5.100000,164,6,0.007859,-1.6045,167.19,0,0,0,60.0192,219.038,0.08696,1,0,0,0,0,0.007477,0.000514,0.001232,0.000418,0.001175,0.000182,0.000301,0.000287,0.000262,0.000271,0.000584,0.000039,0.000573,0.000290,0.000875,-167.19,-160.92,-125.93,-129.41,-50.01,-139.63,51.83,-123.42,108.86,-76.22,-171.40,-49.69,-72.07,-87.55,-16.99,218.3418,4.9644,4.9235,3.7398,14.6978,2.2195,1.5247,0.7576,3.5694,0.5844,6.1221,0.7915,2.2884,0.7011,4.1635
2026-08-06 10:54:03.478,5.116667,164,7,0.008540,-1.7839,175.72,0,0,0,60.0192,219.038,0.08696,1,0,0,0,0,0.008173,0.001089,0.000467,0.000188,0.000820,0.000473,0.000848,0.000071,0.000766,0.000319,0.000615,0.000158,0.000306,0.000312,0.000680,-175.72,99.41,-93.68,-115.81,-46.07,105.62,50.42,86.39,104.93,103.91,158.90,-175.35,-104.79,119.68,11.61,218.3418,4.9644,4.9235,3.7398,14.6978,2.2195,1.5247,0.7576,3.5694,0.5844,6.1221,0.7915,2.2884,0.7011,4.1635
2026-08-06 10:54:03.478,5.133333,164,8,0.007598,-1.5506,165.62,0,0,0,60.0192,219.038,0.08696,1,0,0,0,0,0.007284,0.000218,0.000878,0.000157,0.001227,0.000059,0.000620,0.000056,0.000603,0.000058,0.000675,0.000030,0.000364,0.000026,0.000663,-165.62,-177.68,-118.31,-111.65,-43.25,109.44,43.94,-83.02,90.79,73.26,176.06,159.81,-71.79,71.50,0.01,218.3418,4.9644,4.9235,3.7398,14.6978,2.2195,1.5247,0.7576,3.5694,0.5844,6.1221,0.7915,2.2884,0.7011,4.1635
2026-08-06 10:54:03.478,5.150000,164,9,0.007558,-1.5425,166.19,0,0,0,60.0192,219.038,0.08696,1,0,0,0,0,0.007229,0.000161,0.000976,0.000135,0.001195,0.000054,0.000620,0.000055,0.000686,0.000029,0.000699,0.000030,0.000360,0.000042,0.000652,-166.19,-171.33,-117.74,-102.60,-40.12,179.37,45.41,157.66,95.28,89.94,172.08,-178.58,-67.36,-113.71,-0.52,218.3418,4.9644,4.9235,3.7398,14.6978,2.2195,1.5247,0.7576,3.5694,0.5844,6.1221,0.7915,2.2884,0.7011,4.1635
2026-08-06 10:54:03.478,5.166667,164,10,0.007539,-1.5366,165.85,0,0,0,60.0192,219.038,0.08696,1,0,0,0,0,0.007212,0.000183,0.000904,0.000126,0.001239,0.000081,0.000608,0.000005,0.000627,0.000076,0.000714,0.000088,0.000328,0.000058,0.000590,-165.85,-178.98,-116.77,-122.99,-40.89,125.98,43.22,46.87,93.98,89.33,173.68,162.70,-74.49,119.77,-1.76,218.3418,4.9644,4.9235,3.7398,14.6978,2.2195,1.5247,0.7576,3.5694,0.5844,6.1221,0.7915,2.2884,0.7011,4.1635
2026-08-06 10:54:03.478,5.183333,164,11,0.007584,-1.5511,166.27,0,0,0,60.0192,219.038,0.08696,1,0,0,0,0,0.007269,0.000212,0.000911,0.000137,0.001227,0.000032,0.000639,0.000049,0.000607,0.000091,0.000650,0.000060,0.000356,0.000056,0.000634,-166.27,-171.32,-118.95,-111.29,-41.83,66.93,47.22,-86.52,97.72,65.99,176.14,128.98,-62.62,24.35,0.28,218.3418,4.9644,4.9235,3.7398,14.6978,2.2195,1.5247,0.7576,3.5694,0.5844,6.1221,0.7915,2.2884,0.7011,4.1635
2026-08-06 10:54:03.478,5.200000,164,12,0.007560,-1.5482,166.18,0,0,0,60.0192,219.038,0.08696,1,0,0,0,0,0.007256,0.000217,0.000933,0.000144,0.001139,0.000030,0.000583,0.000054,0.000635,0.000035,0.000686,0.000018,0.000345,0.000069,0.000675,-166.18,-163.27,-118.28,-107.64,-41.50,65.69,50.48,156.80,99.50,118.78,176.32,128.93,-61.16,-94.74,-3.66,218.3418,4.9644,4.9235,3.7398,14.6978,2.2195,1.5247,0.7576,3.5694,0.5844,6.1221,0.7915,2.2884,0.7011,4.1635
2026-08-06 10:54:03.478,5.216667,164,13,0.007466,-1.5200,165.86,0,0,0,60.0192,219.038,0.08696,1,0,0,0,0,0.007140,0.000195,0.001016,0.000113,0.001233,0.000028,0.000642,0.000100,0.000624,0.000082,0.000692,0.000084,0.000295,0.000085,0.000580,-165.86,-162.86,-118.27,-84.10,-38.30,28.81,49.20,77.65,93.58,92.83,173.52,164.85,-83.29,167.93,3.38,218.3418,4.9644,4.9235,3.7398,14.6978,2.2195,1.5247,0.7576,3.5694,0.5844,6.1221,0.7915,2.2884,0.7011,4.1635
2026-08-06 10:54:03.478,5.233333,164,14,0.007544,-1.5428,166.16,0,0,0,60.0192,219.038,0.08696,1,0,0,0,0,0.007234,0.000201,0.000896,0.000169,0.001199,0.000028,0.000653,0.000090,0.000603,0.000043,0.000648,0.000039,0.000309,0.000015,0.000649,-166.16,-165.69,-114.85,-118.05,-39.54,94.52,44.98,-76.00,98.77,86.33,178.44,141.88,-56.80,-103.27,3.76,218.3418,4.9644,4.9235,3.7398,14.6978,2.2195,1.5247,0.7576,3.5694,0.5844,6.1221,0.7915,2.2884,0.7011,4.1635
2026-08-06 10:54:03.478,5.250000,164,15,0.007661,-1.5680,166.25,0,0,0,60.0192,219.038,0.08696,1,0,0,0,0,0.007349,0.000197,0.000938,0.000130,0.001199,0.000061,0.000637,0.000020,0.000621,0.000034,0.000687,0.000057,0.000365,0.000087,0.000610,-166.25,-168.68,-118.07,-102.28,-43.30,85.03,44.35,174.16,96.93,-156.36,176.21,-175.26,-69.90,-162.33,0.05,218.3418,4.9644,4.9235,3.7398,14.6978,2.2195,1.5247,0.7576,3.5694,0.5844,6.1221,0.7915,2.2884,0.7011,4.1635
2026-08-06 10:54:03.478,5.266667,164,16,0.007575,-1.5459,165.89,0,0,0,60.0192,219.038,0.08696,1,0,0,0,0,0.007259,0.000213,0.000933,0.000163,0.001237,0.000066,0.000618,0.000106,0.000597,0.000050,0.000620,0.000119,0.000410,0.000093,0.000582,-165.89,-164.98,-117.81,-100.78,-40.09,102.19,44.32,37.69,93.91,68.97,173.63,164.64,-68.44,142.71,1.20,218.3418,4.9644,4.9235,3.7398,14.6978,2.2195,1.5247,0.7576,3.5694,0.5844,6.1221,0.7915,2.2884,0.7011,4.1635
2026-08-06 10:54:03.478,5.283333,164,17,0.007549,-1.5400,165.94,0,0,0,60.0192,219.038,0.08696,1,0,0,0,0,0.007228,0.000156,0.000934,0.000076,0.001192,0.000027,0.000617,0.000041,0.000683,0.000063,0.000731,0.000085,0.000308,0.000061,0.000622,-165.94,-170.83,-117.94,-110.36,-39.15,-159.13,47.54,154.84,96.10,99.64,175.88,87.14,-65.96,41.25,5.13,218.3418,4.9644,4.9235,3.7398,14.6978,2.2195,1.5247,0.7576,3.5694,0.5844,6.1221,0.7915,2.2884,0.7011,4.1635
2026-08-06 10:54:03.478,5.300000,164,18,0.007516,-1.5356,166.24,0,0,0,60.0192,219.038,0.08696,1,0,0,0,0,0.007199,0.000184,0.000903,0.000136,0.001204,0.000084,0.000621,0.000018,0.000624,0.000055,0.000711,0.000012,0.000345,0.000109,0.000656,-166.24,-168.57,-116.32,-99.54,-41.52,109.88,48.97,97.60,93.75,114.39,178.10,154.22,-71.82,159.54,0.50,218.3418,4.9644,4.9235,3.7398,14.6978,2.2195,1.5247,0.7576,3.5694,0.5844,6.1221,0.7915,2.2884,0.7011,4.1635
2026-08-06 10:54:03.478,5.316667,164,19,0.007549,-1.5412,166.15,0,0,0,60.0192,219.038,0.08696,1,0,0,0,0,0.007230,0.000219,0.000929,0.000132,0.001181,0.000028,0.000628,0.000062,0.000576,0.000064,0.000640,0.000058,0.000368,0.000021,0.000638,-166.15,172.75,-117.61,-125.43,-39.69,-20.03,49.03,12.72,93.45,89.72,173.21,164.31,-68.84,164.54,6.22,218.3418,4.9644,4.9235,3.7398,14.6978,2.2195,1.5247,0.7576,3.5694,0.5844,6.1221,0.7915,2.2884,0.7011,4.1635
2026-08-06 10:54:03.478,5.333333,164,20,0.007622,-1.5567,165.92,0,0,0,60.0192,219.038,0.08696,1,0,0,0,0,0.007304,0.000234,0.000920,0.000174,0.001196,0.000045,0.000628,0.000084,0.000603,0.000086,0.000703,0.000008,0.000336,0.000023,0.000651,-165.92,-173.70,-118.06,-100.67,-41.56,15.91,46.79,-86.58,97.66,52.82,174.38,87.41,-66.44,41.41,-0.82,218.3418,4.9644,4.9235,3.7398,14.6978,2.2195,1.5247,0.7576,3.5694,0.5844,6.1221,0.7915,2.2884,0.7011,4.1635
2026-08-06 10:54:03.478,5.350000,164,21,0.007567,-1.5499,166.33,0,0,0,60.0192,219.038,0.08696,1,0,0,0,0,0.007259,0.000168,0.000913,0.000103,0.001166,0.000040,0.000612,0.000061,0.000635,0.000013,0.000726,0.000032,0.000350,0.000039,0.000589,-166.33,-165.95,-117.83,-132.54,-40.77,64.44,45.73,19.62,91.69,-175.10,174.28,-68.65,-64.25,-140.61,7.31,218.3418,4.9644,4.9235,3.7398,14.6978,2.2195,1.5247,0.7576,3.5694,0.5844,6.1221,0.7915,2.2884,0.7011,4.1635
2026-08-06 10:54:03.478,5.366667,164,22,0.007505,-1.5296,165.92,0,0,0,60.0192,219.038,0.08696,1,0,0,0,0,0.007180,0.000201,0.000915,0.000119,0.001223,0.000064,0.000630,0.000070,0.000642,0.000097,0.000708,0.000087,0.000390,0.000032,0.000600,-165.92,-161.35,-117.56,-120.84,-38.97,121.97,46.94,53.28,91.54,99.52,173.54,139.15,-69.99,169.99,-3.54,218.3418,4.9644,4.9235,3.7398,14.6978,2.2195,1.5247,0.7576,3.5694,0.5844,6.1221,0.7915,2.2884,0.7011,4.1635
2026-08-06 10:54:03.478,5.383333,164,23,0.007447,-1.5195,165.95,0,0,0,60.0192,219.038,0.08696,1,0,0,0,0,0.007129,0.000223,0.000942,0.000174,0.001194,0.000009,0.000590,0.000025,0.000567,0.000097,0.000685,0.000106,0.000357,0.000043,0.000634,-165.95,-162.96,-116.45,-108.48,-41.58,-95.41,46.10,-160.35,94.92,70.94,176.27,95.92,-62.47,88.78,0.73,218.3418,4.9644,4.9235,3.7398,14.6978,2.2195,1.5247,0.7576,3.5694,0.5844,6.1221,0.7915,2.2884,0.7011,4.1635
2026-08-06 10:54:03.478,5.400000,164,24,0.007493,-1.5321,166.21,0,0,0,60.0192,219.038,0.08696,1,0,0,0,0,0.007187,0.000176,0.000889,0.000135,0.001152,0.000048,0.000658,0.000037,0.000654,0.000058,0.000713,0.000032,0.000366,0.000063,0.000589,-166.21,-168.85,-118.39,-101.61,-38.24,81.36,53.97,134.89,94.23,-179.70,174.72,175.70,-72.54,-134.98,1.45,218.3418,4.9644,4.9235,3.7398,14.6978,2.2195,1.5247,0.7576,3.5694,0.5844,6.1221,0.7915,2.2884,0.7011,4.1635
2026-08-06 10:54:03.478,5.416667,164,25,0.007612,-1.5509,165.37,0,0,0,60.0192,219.038,0.08696,1,0,0,0,0,0.007300,0.000171,0.000868,0.000124,0.001186,0.000059,0.000615,0.000065,0.000644,0.000046,0.000701,0.000063,0.000338,0.000039,0.000636,-165.37,171.35,-118.90,-113.03,-40.02,79.05,44.88,-1.75,94.02,64.54,174.90,-162.63,-66.82,128.06,3.99,218.3418,4.9644,4.9235,3.7398,14.6978,2.2195,1.5247,0.7576,3.5694,0.5844,6.1221,0.7915,2.2884,0.7011,4.1635
2026-08-06 10:54:03.478,5.433333,164,26,0.007585,-1.5459,165.87,0,0,0,60.0192,219.038,0.08696,1,0,0,0,0,0.007261,0.000169,0.000945,0.000160,0.001228,0.000051,0.000630,0.000016,0.000612,0.000023,0.000707,0.000034,0.000363,0.000009,0.000625,-165.87,175.79,-117.94,-124.91,-39.13,-94.38,48.43,-125.71,91.40,9.88,175.57,101.42,-61.78,55.50,-1.49,218.3418,4.9644,4.9235,3.7398,14.6978,2.2195,1.5247,0.7576,3.5694,0.5844,6.1221,0.7915,2.2884,0.7011,4.1635
2026-08-06 10:54:03.478,5.450000,164,27,0.007596,-1.5558,166.46,0,0,0,60.0192,219.038,0.08696,1,0,0,0,0,0.007291,0.000155,0.000941,0.000066,0.001205,0.000041,0.000575,0.000063,0.000639,0.000048,0.000680,0.000062,0.000376,0.000092,0.000622,-166.46,-168.89,-119.07,-104.61,-38.52,-11.12,49.10,82.46,93.08,147.26,174.64,-159.85,-66.09,-166.97,5.51,218.3418,4.9644,4.9235,3.7398,14.6978,2.2195,1.5247,0.7576,3.5694,0.5844,6.1221,0.7915,2.2884,0.7011,4.1635
2026-08-06 10:54:03.478,5.466667,164,28,0.007579,-1.5453,165.71,0,0,0,60.0192,219.038,0.08696,1,0,0,0,0,0.007260,0.000228,0.000889,0.000102,0.001242,0.000056,0.000662,0.000017,0.000567,0.000119,0.000675,0.000069,0.000369,0.000026,0.000620,-165.71,178.94,-119.77,-114.09,-41.47,78.75,44.41,24.01,92.39,100.16,173.92,143.77,-67.00,84.68,0.86,218.3418,4.9644,4.9235,3.7398,14.6978,2.2195,1.5247,0.7576,3.5694,0.5844,6.1221,0.7915,2.2884,0.7011,4.1635
2026-08-06 10:54:03.478,5.483333,164,29,0.007568,-1.5482,166.30,0,0,0,60.0192,219.038,0.08696,1,0,0,0,0,0.007258,0.000207,0.000877,0.000118,0.001197,0.000005,0.000616,0.000030,0.000608,0.000068,0.000690,0.000109,0.000357,0.000024,0.000629,-166.30,-177.31,-117.73,-102.18,-40.67,51.63,41.69,-4.08,97.06,79.21,179.56,134.02,-60.38,-52.19,-0.19,218.3418,4.9644,4.9235,3.7398,14.6978,2.2195,1.5247,0.7576,3.5694,0.5844,6.1221,0.7915,2.2884,0.7011,4.1635
2026-08-06 10:54:03.738,5.500000,165,0,0.007580,-1.5494,166.23,0,0,0,60.0230,219.056,0.08695,1,0,0,0,0,0.007267,0.000186,0.000881,0.000086,0.001201,0.000043,0.000610,0.000093,0.000694,0.000054,0.000740,0.000081,0.000396,0.000060,0.000602,-166.23,-177.26,-116.37,-118.90,-38.87,118.14,44.88,98.92,99.09,167.12,175.39,-162.42,-71.59,157.70,-3.46,218.3606,4.9665,4.9179,3.7427,14.6619,2.2251,1.5974,0.7469,3.6084,0.6045,6.1479,0.7722,2.2233,0.6779,4.2209
2026-08-06 10:54:03.738,5.516667,165,1,0.007607,-1.5525,165.66,0,0,0,60.0230,219.056,0.08695,1,0,0,0,0,0.007296,0.000235,0.000928,0.000163,0.001199,0.000051,0.000653,0.000057,0.000540,0.000063,0.000635,0.000069,0.000359,0.000038,0.000653,-165.66,-172.86,-119.40,-102.39,-41.91,57.79,45.98,-3.79,93.72,69.35,175.51,148.00,-65.36,125.08,3.12,218.3606,4.9665,4.9179,3.7427,14.6619,2.2251,1.5974,0.7469,3.6084,0.6045,6.1479,0.7722,2.2233,0.6779,4.2209
2026-08-06 10:54:03.738,5.533333,165,2,0.007526,-1.5411,166.40,0,0,0,60.0230,219.056,0.08695,1,0,0,0,0,0.007217,0.000216,0.000870,0.000133,0.001193,0.000036,0.000630,0.000057,0.000585,0.000098,0.000670,0.000037,0.000337,0.000052,0.000664,-166.40,-178.24,-117.24,-105.18,-41.67,96.84,48.86,-111.95,99.19,78.69,-179.89,99.71,-58.89,119.79,2.10,218.3606,4.9665,4.9179,3.7427,14.6619,2.2251,1.5974,0.7469,3.6084,0.6045,6.1479,0.7722,2.2233,0.6779,4.2209
2026-08-06 10:54:03.738,5.550000,165,3,0.007523,-1.5353,165.98,0,0,0,60.0230,219.056,0.08695,1,0,0,0,0,0.007205,0.000201,0.000942,0.000149,0.001205,0.000075,0.000566,0.000137,0.000645,0.000054,0.000685,0.000066,0.000378,0.000039,0.000590,-165.98,-158.10,-116.92,-106.98,-40.71,116.41,52.79,109.90,99.67,-165.73,175.62,-140.13,-70.63,110.14,-0.44,218.3606,4.9665,4.9179,3.7427,14.6619,2.2251,1.5974,0.7469,3.6084,0.6045,6.1479,0.7722,2.2233,0.6779,4.2209
2026-08-06 10:54:03.738,5.566667,165,4,0.007559,-1.5401,165.90,0,0,0,60.0230,219.056,0.08695,1,0,0,0,0,0.007226,0.000259,0.000963,0.000093,0.001211,0.000024,0.000640,0.000011,0.000607,0.000053,0.000708,0.000117,0.000327,0.000024,0.000624,-165.90,177.57,-118.84,-109.29,-41.34,145.76,47.07,85.64,95.10,84.91,178.70,111.53,-74.47,-1.09,1.74,218.3606,4.9665,4.9179,3.7427,14.6619,2.2251,1.5974,0.7469,3.6084,0.6045,6.1479,0.7722,2.2233,0.6779,4.2209
2026-08-06 10:54:03.738,5.583333,165,5,0.007527,-1.5388,165.95,0,0,0,60.0230,219.056,0.08695,1,0,0,0,0,0.007219,0.000253,0.000900,0.000139,0.001164,0.000039,0.000631,0.000039,0.000602,0.000089,0.000651,0.000077,0.000337,0.000032,0.000636,-165.95,-169.58,-118.86,-104.06,-41.50,99.69,41.26,-50.75,98.69,64.75,177.33,131.37,-54.60,43.40,-1.57,218.3606,4.9665,4.9179,3.7427,14.6619,2.2251,1.5974,0.7469,3.6084,0.6045,6.1479,0.7722,2.2233,0.6779,4.2209
2026-08-06 10:54:03.738,5.600000,165,6,0.007540,-1.5373,165.85,0,0,0,60.0230,219.056,0.08695,1,0,0,0,0,0.007217,0.000177,0.000940,0.000117,0.001190,0.000026,0.000622,0.000068,0.000629,0.000048,0.000737,0.000033,0.000434,0.000109,0.000632,-165.85,-147.50,-119.91,-112.23,-39.01,67.38,51.55,61.81,94.42,152.91,172.90,-103.32,-71.20,117.00,1.95,218.3606,4.9665,4.9179,3.7427,14.6619,2.2251,1.5974,0.7469,3.6084,0.6045,6.1479,0.7722,2.2233,0.6779,4.2209
2026-08-06 10:54:03.738,5.616667,165,7,0.007576,-1.5427,166.05,0,0,0,60.0230,219.056,0.08695,1,0,0,0,0,0.007244,0.000164,0.000978,0.000092,0.001234,0.000061,0.000596,0.000078,0.000605,0.000113,0.000699,0.000045,0.000413,0.000046,0.000637,-166.05,-176.65,-115.82,-126.87,-39.31,84.02,45.63,55.04,89.91,80.93,177.90,150.19,-78.14,161.29,2.92,218.3606,4.9665,4.9179,3.7427,14.6619,2.2251,1.5974,0.7469,3.6084,0.6045,6.1479,0.7722,2.2233,0.6779,4.2209
2026-08-06 10:54:03.738,5.633333,165,8,0.007534,-1.5405,165.99,0,0,0,60.0230,219.056,0.08695,1,0,0,0,0,0.007224,0.000191,0.000897,0.000196,0.001215,0.000017,0.000652,0.000073,0.000580,0.000055,0.000661,0.000060,0.000371,0.000053,0.000639,-165.99,-178.43,-119.64,-97.89,-42.06,68.01,48.90,-136.02,97.32,69.92,-179.93,123.74,-61.80,45.46,1.62,218.3606,4.9665,4.9179,3.7427,14.6619,2.2251,1.5974,0.7469,3.6084,0.6045,6.1479,0.7722,2.2233,0.6779,4.2209
2026-08-06 10:54:03.738,5.650000,165,9,0.007650,-1.5587,166.09,0,0,0,60.0230,219.056,0.08695,1,0,0,0,0,0.007311,0.000170,0.001001,0.000099,0.001270,0.000044,0.000624,0.000040,0.000593,0.000058,0.000738,0.000046,0.000407,0.000054,0.000607,-166.09,-165.38,-118.87,-109.98,-41.26,100.10,46.15,45.95,93.54,99.01,176.49,174.16,-67.96,150.89,3.06,218.3606,4.9665,4.9179,3.7427,14.6619,2.2251,1.5974,0.7469,3.6084,0.6045,6.1479,0.7722,2.2233,0.6779,4.2209
2026-08-06 10:54:03.738,5.666667,165,10,0.007584,-1.5464,165.96,0,0,0,60.0230,219.056,0.08695,1,0,0,0,0,0.007255,0.000212,0.000894,0.000136,0.001186,0.000035,0.000650,0.000024,0.000614,0.000092,0.000684,0.000083,0.000385,0.000059,0.000654,-165.96,-173.53,-120.80,-112.53,-42.00,84.61,48.87,21.04,93.70,73.79,176.30,166.71,-64.98,139.12,5.88,218.3606,4.9665,4.9179,3.7427,14.6619,2.2251,1.5974,0.7469,3.6084,0.6045,6.1479,0.7722,2.2233,0.6779,4.2209
2026-08-06 10:54:03.738,5.683333,165,11,0.007560,-1.5462,166.50,0,0,0,60.0230,219.056,0.08695,1,0,0,0,0,0.007241,0.000158,0.000988,0.000114,0.001180,0.000012,0.000606,0.000055,0.000623,0.000035,0.000725,0.000051,0.000392,0.000071,0.000596,-166.50,-161.96,-118.28,-101.42,-40.14,-45.54,44.15,134.83,95.10,-35.03,174.33,142.20,-54.64,-72.61,-1.08,218.3606,4.9665,4.9179,3.7427,14.6619,2.2251,1.5974,0.7469,3.6084,0.6045,6.1479,0.7722,2.2233,0.6779,4.2209
2026-08-06 10:54:03.738,5.700000,165,12,0.007542,-1.5412,166.23,0,0,0,60.0230,219.056,0.08695,1,0,0,0,0,0.007226,0.000218,0.000915,0.000114,0.001218,0.000059,0.000602,0.000117,0.000607,0.000083,0.000721,0.000082,0.000422,0.000101,0.000616,-166.23,-165.41,-116.25,-112.60,-39.99,68.50,46.30,76.29,93.13,100.75,177.98,153.58,-72.56,121.40,-2.69,218.3606,4.9665,4.9179,3.7427,14.6619,2.2251,1.5974,0.7469,3.6084,0.6045,6.1479,0.7722,2.2233,0.6779,4.2209
2026-08-06 10:54:03.738,5.716667,165,13,0.007574,-1.5468,166.56,0,0,0,60.0230,219.056,0.08695,1,0,0,0,0,0.007243,0.000208,0.000951,0.000081,0.001224,0.000020,0.000617,0.000064,0.000582,0.000083,0.000715,0.000070,0.000384,0.000011,0.000680,-166.56,-171.28,-119.77,-125.78,-41.10,34.05,48.05,2.06,94.67,101.40,-179.24,93.26,-74.43,-177.88,4.75,218.3606,4.9665,4.9179,3.7427,14.6619,2.2251,1.5974,0.7469,3.6084,0.6045,6.1479,0.7722,2.2233,0.6779,4.2209
2026-08-06 10:54:03.738,5.733333,165,14,0.007532,-1.5373,166.09,0,0,0,60.0230,219.056,0.08695,1,0,0,0,0,0.007211,0.000208,0.000882,0.000147,0.001192,0.000054,0.000636,0.000011,0.000642,0.000039,0.000701,0.000015,0.000382,0.000080,0.000663,-166.09,-165.60,-118.06,-105.05,-39.94,105.48,52.58,-142.48,98.49,50.63,176.84,-14.08,-72.91,126.79,0.79,218.3606,4.9665,4.9179,3.7427,14.6619,2.2251,1.5974,0.7469,3.6084,0.6045,6.1479,0.7722,2.2233,0.6779,4.2209
2026-08-06 10:54:03.738,5.750000,165,15,0.007601,-1.5562,166.48,0,0,0,60.0230,219.056,0.08695,1,0,0,0,0,0.007291,0.000224,0.000890,0.000117,0.001206,0.000058,0.000588,0.000052,0.000640,0.000047,0.000669,0.000043,0.000342,0.000016,0.000662,-166.48,-173.98,-115.05,-102.85,-40.02,50.72,49.86,45.11,96.14,122.32,176.12,173.19,-74.45,117.57,1.58,218.3606,4.9665,4.9179,3.7427,14.6619,2.2251,1.5974,0.7469,3.6084,0.6045,6.1479,0.7722,2.2233,0.6779,4.2209
2026-08-06 10:54:03.738,5.766667,165,16,0.007594,-1.5506,165.94,0,0,0,60.0230,219.056,0.08695,1,0,0,0,0,0.007274,0.000191,0.000913,0.000109,0.001210,0.000078,0.000639,0.000039,0.000584,0.000114,0.000649,0.000084,0.000373,0.000039,0.000687,-165.94,-177.75,-118.84,-97.39,-42.27,85.02,46.08,-3.61,94.96,85.78,174.70,138.36,-68.65,-172.26,-0.60,218.3606,4.9665,4.9179,3.7427,14.6619,2.2251,1.5974,0.7469,3.6084,0.6045,6.1479,0.7722,2.2233,0.6779,4.2209
2026-08-06 10:54:03.738,5.783333,165,17,0.007571,-1.5457,166.08,0,0,0,60.0230,219.056,0.08695,1,0,0,0,0,0.007248,0.000161,0.000926,0.000104,0.001214,0.000057,0.000634,0.000026,0.000637,0.000007,0.000690,0.000064,0.000417,0.000022,0.000665,-166.08,-177.41,-119.52,-127.28,-38.68,112.65,43.86,-161.33,95.21,65.56,173.80,116.85,-68.04,109.53,-3.03,218.3606,4.9665,4.9179,3.7427,14.6619,2.2251,1.5974,0.7469,3.6084,0.6045,6.1479,0.7722,2.2233,0.6779,4.2209
2026-08-06 10:54:03.738,5.800000,165,18,0.007563,-1.5462,166.58,0,0,0,60.0230,219.056,0.08695,1,0,0,0,0,0.007237,0.000278,0.000937,0.000135,0.001194,0.000051,0.000642,0.000071,0.000629,0.000068,0.000667,0.000086,0.000329,0.000062,0.000625,-166.58,-172.16,-117.04,-110.32,-38.78,145.97,46.37,78.69,98.05,-179.93,173.74,-170.17,-65.26,-172.20,4.07,218.3606,4.9665,4.9179,3.7427,14.6619,2.2251,1.5974,0.7469,3.6084,0.6045,6.1479,0.7722,2.2233,0.6779,4.2209
2026-08-06 10:54:03.738,5.816667,165,19,0.007633,-1.5554,165.98,0,0,0,60.0230,219.056,0.08695,1,0,0,0,0,0.007297,0.000255,0.000969,0.000130,0.001202,0.000062,0.000599,0.000023,0.000626,0.000079,0.000722,0.000044,0.000373,0.000023,0.000685,-165.98,-168.43,-117.29,-119.87,-40.79,80.58,43.84,-41.94,93.16,69.18,176.41,116.98,-78.49,115.38,0.65,218.3606,4.9665,4.9179,3.7427,14.6619,2.2251,1.5974,0.7469,3.6084,0.6045,6.1479,0.7722,2.2233,0.6779,4.2209
2026-08-06 10:54:03.738,5.833333,165,20,0.007584,-1.5498,166.13,0,0,0,60.0230,219.056,0.08695,1,0,0,0,0,0.007264,0.000169,0.000945,0.000175,0.001188,0.000011,0.000613,0.000064,0.000618,0.000035,0.000719,0.000048,0.000337,0.000021,0.000635,-166.13,-170.28,-118.01,-115.06,-40.92,-54.03,52.06,-164.20,97.32,2.16,175.34,169.51,-62.53,-59.97,0.94,218.3606,4.9665,4.9179,3.7427,14.6619,2.2251,1.5974,0.7469,3.6084,0.6045,6.1479,0.7722,2.2233,0.6779,4.2209
2026-08-06 10:54:03.738,5.850000,165,21,0.007511,-1.5304,165.94,0,0,0,60.0230,219.056,0.08695,1,0,0,0,0,0.007179,0.000199,0.000903,0.000123,0.001246,0.000068,0.000651,0.000075,0.000582,0.000098,0.000711,0.000063,0.000461,0.000106,0.000662,-165.94,-170.21,-117.85,-114.89,-40.42,100.55,46.14,101.58,95.01,83.88,174.69,175.17,-63.64,108.53,-1.62,218.3606,4.9665,4.9179,3.7427,14.6619,2.2251,1.5974,0.7469,3.6084,0.6045,6.1479,0.7722,2.2233,0.6779,4.2209
2026-08-06 10:54:03.738,5.866667,165,22,0.007549,-1.5404,166.30,0,0,0,60.0230,219.056,0.08695,1,0,0,0,0,0.007219,0.000177,0.000993,0.000121,0.001194,0.000016,0.000648,0.000015,0.000605,0.000044,0.000683,0.000046,0.000295,0.000063,0.000627,-166.30,-171.83,-121.69,-91.77,-39.95,106.75,47.31,-23.07,93.48,120.70,177.35,125.62,-62.68,-142.49,5.23,218.3606,4.9665,4.9179,3.7427,14.6619,2.2251,1.5974,0.7469,3.6084,0.6045,6.1479,0.7722,2.2233,0.6779,4.2209
2026-08-06 10:54:03.738,5.883333,165,23,0.007538,-1.5455,166.91,0,0,0,60.0230,219.056,0.08695,1,0,0,0,0,0.007225,0.000215,0.000866,0.000129,0.001198,0.000039,0.000615,0.000023,0.000641,0.000050,0.000709,0.000027,0.000395,0.000046,0.000644,-166.91,-172.08,-118.76,-103.32,-38.04,27.53,49.17,66.12,98.99,162.79,178.02,144.51,-68.28,-140.37,-4.16,218.3606,4.9665,4.9179,3.7427,14.6619,2.2251,1.5974,0.7469,3.6084,0.6045,6.1479,0.7722,2.2233,0.6779,4.2209
2026-08-06 10:54:03.738,5.900000,165,24,0.007573,-1.5472,166.09,0,0,0,60.0230,219.056,0.08695,1,0,0,0,0,0.007260,0.000144,0.000897,0.000099,0.001202,0.000070,0.000593,0.000107,0.000643,0.000035,0.000685,0.000092,0.000405,0.000071,0.000643,-166.09,175.94,-115.93,-114.22,-38.55,97.58,50.34,77.66,96.91,120.67,177.83,-170.60,-72.01,138.97,-0.45,218.3606,4.9665,4.9179,3.7427,14.6619,2.2251,1.5974,0.7469,3.6084,0.6045,6.1479,0.7722,2.2233,0.6779,4.2209
2026-08-06 10:54:03.738,5.916667,165,25,0.007543,-1.5439,166.53,0,0,0,60.0230,219.056,0.08695,1,0,0,0,0,0.007226,0.000235,0.000912,0.000134,0.001209,0.000031,0.000623,0.000051,0.000526,0.000076,0.000669,0.000061,0.000390,0.000060,0.000694,-166.53,-170.81,-119.19,-122.79,-42.18,68.37,48.43,15.32,97.66,66.84,-178.02,111.59,-70.35,140.89,-2.11,218.3606,4.9665,4.9179,3.7427,14.6619,2.2251,1.5974,0.7469,3.6084,0.6045,6.1479,0.7722,2.2233,0.6779,4.2209
2026-08-06 10:54:03.738,5.933333,165,26,0.007534,-1.5415,166.34,0,0,0,60.0230,219.056,0.08695,1,0,0,0,0,0.007227,0.000120,0.000907,0.000087,0.001140,0.000009,0.000652,0.000006,0.000613,0.000040,0.000730,0.000057,0.000390,0.000019,0.000603,-166.34,-178.76,-119.44,-114.48,-36.87,119.09,48.68,100.57,98.43,107.16,176.18,153.53,-64.17,-137.92,-1.68,218.3606,4.9665,4.9179,3.7427,14.6619,2.2251,1.5974,0.7469,3.6084,0.6045,6.1479,0.7722,2.2233,0.6779,4.2209
2026-08-06 10:54:03.738,5.950000,165,27,0.007530,-1.5358,166.17,0,0,0,60.0230,219.056,0.08695,1,0,0,0,0,0.007201,0.000165,0.000962,0.000136,0.001264,0.000015,0.000608,0.000093,0.000559,0.000095,0.000662,0.000074,0.000372,0.000118,0.000644,-166.17,-168.90,-118.93,-87.65,-39.48,33.56,45.13,78.13,89.39,106.00,177.96,167.71,-69.07,124.09,5.59,218.3606,4.9665,4.9179,3.7427,14.6619,2.2251,1.5974,0.7469,3.6084,0.6045,6.1479,0.7722,2.2233,0.6779,4.2209
2026-08-06 10:54:03.738,5.966667,165,28,0.007508,-1.5331,166.25,0,0,0,60.0230,219.056,0.08695,1,0,0,0,0,0.007188,0.000208,0.000871,0.000102,0.001245,0.000025,0.000598,0.000052,0.000570,0.000124,0.000654,0.000091,0.000379,0.000110,0.000688,-166.25,-160.57,-116.86,-140.50,-39.71,146.13,45.46,52.94,94.96,98.41,177.74,84.76,-67.35,76.43,-1.31,218.3606,4.9665,4.9179,3.7427,14.6619,2.2251,1.5974,0.7469,3.6084,0.6045,6.1479,0.7722,2.2233,0.6779,4.2209
2026-08-06 10:54:03.738,5.983333,165,29,0.007521,-1.5365,166.15,0,0,0,60.0230,219.056,0.08695,1,0,0,0,0,0.007206,0.000168,0.000908,0.000112,0.001208,0.000018,0.000588,0.000064,0.000600,0.000020,0.000746,0.000015,0.000387,0.000023,0.000640,-166.15,-165.53,-117.21,-92.80,-40.22,-177.45,43.48,59.58,95.18,121.80,177.58,2.94,-67.29,43.08,4.84,218.3606,4.9665,4.9179,3.7427,14.6619,2.2251,1.5974,0.7469,3.6084,0.6045,6.1479,0.7722,2.2233,0.6779,4.2209
2026-08-06 10:54:03.988,6.000000,166,0,0.007595,-1.5510,166.28,0,0,0,60.0192,219.061,0.08697,1,0,0,0,0,0.007269,0.000158,0.000897,0.000077,0.001261,0.000080,0.000586,0.000076,0.000632,0.000085,0.000715,0.000069,0.000353,0.000073,0.000644,-166.28,-169.10,-116.63,-130.34,-39.74,94.68,46.65,78.16,93.02,150.37,172.78,144.90,-74.21,135.99,0.75,218.3643,4.9436,4.9282,3.7424,14.7133,2.2294,1.5409,0.7463,3.5410,0.5736,6.1115,0.7684,2.2614,0.7020,4.1897
2026-08-06 10:54:03.988,6.016667,166,1,0.007551,-1.5451,166.12,0,0,0,60.0192,219.061,0.08697,1,0,0,0,0,0.007243,0.000269,0.000912,0.000111,0.001232,0.000038,0.000604,0.000041,0.000536,0.000118,0.000646,0.000079,0.000372,0.000047,0.000667,-166.12,-159.33,-114.60,-117.11,-42.23,91.10,46.52,18.37,95.09,99.09,177.26,78.66,-60.98,118.00,3.22,218.3643,4.9436,4.9282,3.7424,14.7133,2.2294,1.5409,0.7463,3.5410,0.5736,6.1115,0.7684,2.2614,0.7020,4.1897
2026-08-06 10:54:03.988,6.033333,166,2,0.007558,-1.5487,166.84,0,0,0,60.0192,219.061,0.08697,1,0,0,0,0,0.007242,0.000176,0.000935,0.000126,0.001206,0.000060,0.000603,0.000041,0.000590,0.000044,0.000716,0.000040,0.000368,0.000041,0.000658,-166.84,-178.41,-117.72,-117.41,-39.70,-83.38,46.20,62.06,93.03,136.19,176.53,105.62,-69.50,-157.31,-2.51,218.3643,4.9436,4.9282,3.7424,14.7133,2.2294,1.5409,0.7463,3.5410,0.5736,6.1115,0.7684,2.2614,0.7020,4.1897
2026-08-06 10:54:03.988,6.050000,166,3,0.007544,-1.5402,166.01,0,0,0,60.0192,219.061,0.08697,1,0,0,0,0,0.007225,0.000195,0.000930,0.000154,0.001195,0.000025,0.000618,0.000079,0.000631,0.000054,0.000681,0.000036,0.000352,0.000096,0.000641,-166.01,-165.26,-117.89,-94.37,-40.17,88.47,45.75,57.80,93.15,81.05,175.67,166.43,-67.68,139.03,1.68,218.3643,4.9436,4.9282,3.7424,14.7133,2.2294,1.5409,0.7463,3.5410,0.5736,6.1115,0.7684,2.2614,0.7020,4.1897
2026-08-06 10:54:03.988,6.066667,166,4,0.007589,-1.5463,165.84,0,0,0,60.0192,219.061,0.08697,1,0,0,0,0,0.007257,0.000205,0.000905,0.000146,0.001234,0.000062,0.000631,0.000025,0.000599,0.000090,0.000713,0.000072,0.000392,0.000033,0.000672,-165.84,-156.30,-118.60,-106.92,-40.06,86.50,46.50,-41.33,95.62,92.91,174.27,157.55,-64.98,101.90,5.94,218.3643,4.9436,4.9282,3.7424,14.7133,2.2294,1.5409,0.7463,3.5410,0.5736,6.1115,0.7684,2.2614,0.7020,4.1897
2026-08-06 10:54:03.988,6.083333,166,5,0.007577,-1.5451,166.29,0,0,0,60.0192,219.061,0.08697,1,0,0,0,0,0.007240,0.000205,0.000989,0.000097,0.001253,0.000038,0.000582,0.000077,0.000601,0.000038,0.000690,0.000033,0.000382,0.000003,0.000658,-166.29,-157.51,-116.72,-117.48,-39.87,66.24,47.66,119.31,95.97,89.35,174.13,150.94,-65.26,-26.70,2.07,218.3643,4.9436,4.9282,3.7424,14.7133,2.2294,1.5409,0.7463,3.5410,0.5736,6.1115,0.7684,2.2614,0.7020,4.1897
2026-08-06 10:54:03.988,6.100000,166,6,0.008096,-1.6189,166.11,0,0,0,60.0192,219.061,0.08697,1,0,0,0,0,0.007575,0.000528,0.001305,0.000552,0.001580,0.000450,0.000844,0.000491,0.000786,0.000412,0.000701,0.000315,0.000109,0.000355,0.000450,-166.11,-154.43,-120.93,-107.44,-50.48,-58.31,18.33,4.16,68.25,55.90,148.43,98.25,-63.07,126.54,20.89,218.3643,4.9436,4.9282,3.7424,14.7133,2.2294,1.5409,0.7463,3.5410,0.5736,6.1115,0.7684,2.2614,0.7020,4.1897
2026-08-06 10:54:03.988,6.116667,166,7,0.007589,-1.5519,166.17,0,0,0,60.0192,219.061,0.08697,1,0,0,0,0,0.007280,0.000245,0.000929,0.000188,0.001214,0.000017,0.000601,0.000007,0.000589,0.000039,0.000678,0.000049,0.000427,0.000031,0.000667,-166.17,-179.28,-114.65,-105.63,-38.72,-80.47,41.39,-159.29,90.44,125.47,-177.06,124.61,-66.57,93.83,0.18,218.3643,4.9436,4.9282,3.7424,14.7133,2.2294,1.5409,0.7463,3.5410,0.5736,6.1115,0.7684,2.2614,0.7020,4.1897
2026-08-06 10:54:03.988,6.133333,166,8,0.007517,-1.5418,167.17,0,0,0,60.0192,219.061,0.08697,1,0,0,0,0,0.007199,0.000252,0.000927,0.000158,0.001197,0.000048,0.000603,0.000047,0.000611,0.000025,0.000668,0.000088,0.000423,0.000054,0.000665,-167.17,-171.94,-118.51,-98.61,-39.59,28.03,46.12,66.37,94.77,37.50,178.41,67.55,-70.25,154.66,-1.46,218.3643,4.9436,4.9282,3.7424,14.7133,2.2294,1.5409,0.7463,3.5410,0.5736,6.1115,0.7684,2.2614,0.7020,4.1897
2026-08-06 10:54:03.988,6.150000,166,9,0.007574,-1.5466,166.33,0,0,0,60.0192,219.061,0.08697,1,0,0,0,0,0.007246,0.000194,0.000952,0.000111,0.001275,0.000013,0.000627,0.000092,0.000612,0.000061,0.000690,0.000109,0.000388,0.000067,0.000620,-166.33,-170.94,-116.40,-119.90,-39.03,76.87,45.20,70.58,89.91,95.54,171.19,147.14,-63.83,136.79,2.32,218.3643,4.9436,4.9282,3.7424,14.7133,2.2294,1.5409,0.7463,3.5410,0.5736,6.1115,0.7684,2.2614,0.7020,4.1897
2026-08-06 10:54:03.988,6.166667,166,10,0.007640,-1.5582,165.96,0,0,0,60.0192,219.061,0.08697,1,0,0,0,0,0.007313,0.000196,0.000931,0.000137,0.001230,0.000011,0.000634,0.000034,0.000607,0.000087,0.000703,0.000045,0.000318,0.000020,0.000649,-165.96,170.79,-118.24,-103.29,-40.79,24.22,46.64,-65.24,93.44,115.99,175.04,123.12,-66.54,-128.25,4.61,218.3643,4.9436,4.9282,3.7424,14.7133,2.2294,1.5409,0.7463,3.5410,0.5736,6.1115,0.7684,2.2614,0.7020,4.1897
2026-08-06 10:54:03.988,6.183333,166,11,0.007541,-1.5441,166.52,0,0,0,60.0192,219.061,0.08697,1,0,0,0,0,0.007227,0.000179,0.000927,0.000101,0.001175,0.000034,0.000622,0.000063,0.000638,0.000044,0.000718,0.000029,0.000369,0.000073,0.000607,-166.52,-169.94,-118.56,-120.24,-40.68,122.34,46.50,100.29,91.03,-102.83,173.81,-159.83,-73.46,-139.06,5.18,218.3643,4.9436,4.9282,3.7424,14.7133,2.2294,1.5409,0.7463,3.5410,0.5736,6.1115,0.7684,2.2614,0.7020,4.1897
2026-08-06 10:54:03.988,6.200000,166,12,0.007632,-1.5623,166.06,0,0,0,60.0192,219.061,0.08697,1,0,0,0,0,0.007328,0.000249,0.000894,0.000150,0.001189,0.000040,0.000579,0.000083,0.000645,0.000032,0.000650,0.000089,0.000314,0.000069,0.000592,-166.06,-168.88,-117.64,-111.37,-40.61,89.75,45.87,27.66,94.36,140.04,171.74,179.61,-73.63,169.03,1.90,218.3643,4.9436,4.9282,3.7424,14.7133,2.2294,1.5409,0.7463,3.5410,0.5736,6.1115,0.7684,2.2614,0.7020,4.1897
2026-08-06 10:54:03.988,6.216667,166,13,0.007626,-1.5517,165.39,0,0,0,60.0192,219.061,0.08697,1,0,0,0,0,0.007298,0.000241,0.000973,0.000175,0.001225,0.000002,0.000637,0.000064,0.000588,0.000117,0.000689,0.000004,0.000328,0.000046,0.000680,-165.39,-157.36,-116.24,-113.71,-42.28,132.56,47.60,-45.00,94.04,85.88,179.20,136.08,-69.61,41.20,-1.28,218.3643,4.9436,4.9282,3.7424,14.7133,2.2294,1.5409,0.7463,3.5410,0.5736,6.1115,0.7684,2.2614,0.7020,4.1897
2026-08-06 10:54:03.988,6.233333,166,14,0.007559,-1.5438,166.18,0,0,0,60.0192,219.061,0.08697,1,0,0,0,0,0.007234,0.000196,0.000959,0.000153,0.001125,0.000036,0.000644,0.000005,0.000637,0.000052,0.000794,0.000024,0.000422,0.000049,0.000642,-166.18,-166.51,-122.59,-116.90,-38.54,101.23,49.14,73.12,95.90,-171.63,172.16,56.44,-76.51,-125.89,-3.88,218.3643,4.9436,4.9282,3.7424,14.7133,2.2294,1.5409,0.7463,3.5410,0.5736,6.1115,0.7684,2.2614,0.7020,4.1897
2026-08-06 10:54:03.988,6.250000,166,15,0.007543,-1.5410,166.18,0,0,0,60.0192,219.061,0.08697,1,0,0,0,0,0.007223,0.000178,0.000900,0.000144,0.001241,0.000041,0.000621,0.000114,0.000607,0.000129,0.000703,0.000144,0.000368,0.000083,0.000607,-166.18,-173.20,-116.37,-99.77,-40.86,78.37,43.17,39.22,94.36,93.21,171.82,151.98,-64.47,111.43,-3.26,218.3643,4.9436,4.9282,3.7424,14.7133,2.2294,1.5409,0.7463,3.5410,0.5736,6.1115,0.7684,2.2614,0.7020,4.1897
2026-08-06 10:54:03.988,6.266667,166,16,0.008141,-1.6615,167.53,0,0,0,60.0192,219.061,0.08697,1,0,0,0,0,0.007713,0.000640,0.001141,0.000483,0.000813,0.000415,0.000807,0.000373,0.000980,0.000376,0.000798,0.000345,0.000231,0.000277,0.000809,-167.53,171.29,-142.87,166.47,-43.25,127.82,74.33,115.78,95.80,93.63,148.73,80.78,-5.40,66.19,16.23,218.3643,4.9436,4.9282,3.7424,14.7133,2.2294,1.5409,0.7463,3.5410,0.5736,6.1115,0.7684,2.2614,0.7020,4.1897
2026-08-06 10:54:03.988,6.283333,166,17,0.007518,-1.5379,166.15,0,0,0,60.0192,219.061,0.08697,1,0,0,0,0,0.007215,0.000194,0.000903,0.000107,0.001213,0.000050,0.000572,0.000098,0.000584,0.000041,0.000701,0.000033,0.000380,0.000054,0.000624,-166.15,-154.17,-118.80,-108.99,-39.24,65.97,47.65,77.29,94.65,124.51,177.58,128.45,-69.77,170.71,-0.69,218.3643,4.9436,4.9282,3.7424,14.7133,2.2294,1.5409,0.7463,3.5410,0.5736,6.1115,0.7684,2.2614,0.7020,4.1897
2026-08-06 10:54:03.988,6.300000,166,18,0.007593,-1.5523,166.44,0,0,0,60.0192,219.061,0.08697,1,0,0,0,0,0.007269,0.000190,0.000931,0.000141,0.001250,0.000025,0.000636,0.000051,0.000633,0.000034,0.000681,0.000070,0.000306,0.000034,0.000634,-166.44,-163.27,-116.55,-103.84,-40.10,52.90,51.17,49.45,92.22,105.69,170.20,-152.06,-70.82,112.19,2.32,218.3643,4.9436,4.9282,3.7424,14.7133,2.2294,1.5409,0.7463,3.5410,0.5736,6.1115,0.7684,2.2614,0.7020,4.1897
2026-08-06 10:54:03.988,6.316667,166,19,0.007598,-1.5551,166.35,0,0,0,60.0192,219.061,0.08697,1,0,0,0,0,0.007288,0.000246,0.000878,0.000185,0.001208,0.000048,0.000564,0.000052,0.000578,0.000075,0.000706,0.000054,0.000322,0.000069,0.000669,-166.35,-165.73,-117.50,-134.60,-39.78,114.49,42.32,-25.73,98.41,78.30,176.71,108.11,-68.03,-171.22,-1.47,218.3643,4.9436,4.9282,3.7424,14.7133,2.2294,1.5409,0.7463,3.5410,0.5736,6.1115,0.7684,2.2614,0.7020,4.1897
2026-08-06 10:54:03.988,6.333333,166,20,0.007560,-1.5449,166.54,0,0,0,60.0192,219.061,0.08697,1,0,0,0,0,0.007235,0.000131,0.000943,0.000110,0.001220,0.000021,0.000605,0.000026,0.000659,0.000034,0.000724,0.000031,0.000358,0.000030,0.000646,-166.54,-167.24,-117.38,-106.26,-39.46,171.76,54.11,137.69,96.32,-7.61,173.66,104.51,-68.94,128.35,2.38,218.3643,4.9436,4.9282,3.7424,14.7133,2.2294,1.5409,0.7463,3.5410,0.5736,6.1115,0.7684,2.2614,0.7020,4.1897
2026-08-06 10:54:03.988,6.350000,166,21,0.007586,-1.5493,166.03,0,0,0,60.0192,219.061,0.08697,1,0,0,0,0,0.007267,0.000162,0.000922,0.000100,0.001229,0.000057,0.000675,0.000025,0.000655,0.000018,0.000707,0.000085,0.000342,0.000023,0.000635,-166.03,-171.87,-117.36,-90.03,-40.92,109.69,46.79,-168.69,94.29,164.15,173.22,-125.71,-70.93,103.46,5.56,218.3643,4.9436,4.9282,3.7424,14.7133,2.2294,1.5409,0.7463,3.5410,0.5736,6.1115,0.7684,2.2614,0.7020,4.1897
2026-08-06 10:54:03.988,6.366667,166,22,0.007579,-1.5507,166.59,0,0,0,60.0192,219.061,0.08697,1,0,0,0,0,0.007258,0.000196,0.000970,0.000136,0.001227,0.000027,0.000635,0.000039,0.000607,0.000046,0.000684,0.000090,0.000291,0.000014,0.000638,-166.59,-175.99,-118.27,-121.54,-40.35,-30.93,48.20,-104.23,94.17,79.50,177.46,65.85,-61.36,149.61,1.91,218.3643,4.9436,4.9282,3.7424,14.7133,2.2294,1.5409,0.7463,3.5410,0.5736,6.1115,0.7684,2.2614,0.7020,4.1897
2026-08-06 10:54:03.988,6.383333,166,23,0.007571,-1.5450,166.63,0,0,0,60.0192,219.061,0.08697,1,0,0,0,0,0.007233,0.000234,0.000927,0.000030,0.001265,0.000030,0.000609,0.000117,0.000665,0.000024,0.000742,0.000102,0.000383,0.000024,0.000617,-166.63,-171.57,-115.04,-57.83,-37.92,-73.34,44.56,105.36,94.47,108.19,174.55,104.34,-71.51,1.31,5.56,218.3643,4.9436,4.9282,3.7424,14.7133,2.2294,1.5409,0.7463,3.5410,0.5736,6.1115,0.7684,2.2614,0.7020,4.1897
2026-08-06 10:54:03.988,6.400000,166,24,0.007566,-1.5440,166.07,0,0,0,60.0192,219.061,0.08697,1,0,0,0,0,0.007244,0.000180,0.000963,0.000094,0.001248,0.000014,0.000596,0.000069,0.000639,0.000104,0.000666,0.000071,0.000366,0.000033,0.000618,-166.07,-163.62,-117.52,-125.08,-40.25,41.47,42.41,71.19,86.93,113.38,174.34,178.19,-67.73,-162.05,3.06,218.3643,4.9436,4.9282,3.7424,14.7133,2.2294,1.5409,0.7463,3.5410,0.5736,6.1115,0.7684,2.2614,0.7020,4.1897
2026-08-06 10:54:03.988,6.416667,166,25,0.007885,-1.6055,168.78,0,0,0,60.0192,219.061,0.08697,1,0,0,0,0,0.007456,0.000389,0.000594,0.000319,0.001625,0.000429,0.000219,0.000428,0.000873,0.000458,0.000693,0.000386,0.000631,0.000292,0.000652,-168.78,120.27,-107.34,-21.22,-41.44,-84.24,45.28,-172.76,114.71,104.03,139.69,36.96,-40.63,-58.84,-26.20,218.3643,4.9436,4.9282,3.7424,14.7133,2.2294,1.5409,0.7463,3.5410,0.5736,6.1115,0.7684,2.2614,0.7020,4.1897
2026-08-06 10:54:03.988,6.433333,166,26,0.007596,-1.5484,166.01,0,0,0,60.0192,219.061,0.08697,1,0,0,0,0,0.007268,0.000196,0.000965,0.000125,0.001202,0.000046,0.000607,0.000019,0.000659,0.000028,0.000717,0.000034,0.000392,0.000062,0.000617,-166.01,-141.15,-118.30,-130.03,-39.50,-46.49,50.72,93.00,93.75,-42.70,175.85,42.04,-70.42,-107.29,1.53,218.3643,4.9436,4.9282,3.7424,14.7133,2.2294,1.5409,0.7463,3.5410,0.5736,6.1115,0.7684,2.2614,0.7020,4.1897
2026-08-06 10:54:03.988,6.450000,166,27,0.007564,-1.5445,166.51,0,0,0,60.0192,219.061,0.08697,1,0,0,0,0,0.007237,0.000195,0.000968,0.000080,0.001241,0.000020,0.000615,0.000082,0.000592,0.000033,0.000691,0.000069,0.000356,0.000071,0.000639,-166.51,170.35,-116.70,-95.96,-38.20,-170.13,49.13,46.02,90.59,89.61,173.83,174.47,-71.53,155.96,6.96,218.3643,4.9436,4.9282,3.7424,14.7133,2.2294,1.5409,0.7463,3.5410,0.5736,6.1115,0.7684,2.2614,0.7020,4.1897
2026-08-06 10:54:03.988,6.466667,166,28,0.007555,-1.5471,166.27,0,0,0,60.0192,219.061,0.08697,1,0,0,0,0,0.007247,0.000229,0.000853,0.000125,0.001188,0.000023,0.000649,0.000096,0.000626,0.000035,0.000682,0.000046,0.000335,0.000056,0.000652,-166.27,171.49,-115.71,-120.10,-40.44,-114.79,43.39,-102.74,91.34,73.52,174.40,67.21,-65.26,31.07,-0.52,218.3643,4.9436,4.9282,3.7424,14.7133,2.2294,1.5409,0.7463,3.5410,0.5736,6.1115,0.7684,2.2614,0.7020,4.1897
2026-08-06 10:54:03.988,6.483333,166,29,0.007540,-1.5363,165.94,0,0,0,60.0192,219.061,0.08697,1,0,0,0,0,0.007214,0.000143,0.001002,0.000108,0.001215,0.000012,0.000598,0.000044,0.000640,0.000026,0.000736,0.000029,0.000392,0.000071,0.000597,-165.94,-148.51,-119.48,-149.03,-37.77,-84.99,50.17,84.05,93.75,-148.99,174.40,-71.56,-68.04,-127.48,3.09,218.3643,4.9436,4.9282,3.7424,14.7133,2.2294,1.5409,0.7463,3.5410,0.5736,6.1115,0.7684,2.2614,0.7020,4.1897
2026-08-06 10:54:04.249,6.500000,167,0,0.007526,-1.5348,165.87,0,0,0,60.0230,219.136,0.08704,1,0,0,0,0,0.007206,0.000171,0.000952,0.000099,0.001227,0.000076,0.000581,0.000088,0.000581,0.000100,0.000662,0.000078,0.000406,0.000032,0.000653,-165.87,-145.15,-116.95,-120.53,-39.73,126.19,48.85,43.48,92.62,113.39,174.27,-158.66,-67.92,71.76,4.43,218.4378,4.9773,4.9331,3.7496,14.6828,2.2391,1.5537,0.7422,3.5699,0.6118,6.1656,0.7903,2.2453,0.6822,4.2318
2026-08-06 10:54:04.249,6.516667,167,1,0.007688,-1.5717,166.40,0,0,0,60.0230,219.136,0.08704,1,0,0,0,0,0.007360,0.000196,0.000964,0.000116,0.001232,0.000033,0.000638,0.000070,0.000640,0.000075,0.000718,0.000033,0.000339,0.000072,0.000634,-166.40,-162.15,-118.24,-101.96,-40.71,-27.39,47.70,-99.78,89.43,109.49,172.34,79.15,-66.24,-86.53,6.27,218.4378,4.9773,4.9331,3.7496,14.6828,2.2391,1.5537,0.7422,3.5699,0.6118,6.1656,0.7903,2.2453,0.6822,4.2318
2026-08-06 10:54:04.249,6.533333,167,2,0.007534,-1.5464,166.28,0,0,0,60.0230,219.136,0.08704,1,0,0,0,0,0.007249,0.000155,0.000981,0.000178,0.001149,0.000059,0.000515,0.000054,0.000571,0.000018,0.000674,0.000017,0.000333,0.000098,0.000538,-166.28,-176.28,-116.95,-131.16,-39.55,-124.52,53.42,80.83,90.46,-60.74,174.75,105.41,-67.38,-134.22,5.41,218.4378,4.9773,4.9331,3.7496,14.6828,2.2391,1.5537,0.7422,3.5699,0.6118,6.1656,0.7903,2.2453,0.6822,4.2318
2026-08-06 10:54:04.249,6.550000,167,3,0.007514,-1.5339,166.53,0,0,0,60.0230,219.136,0.08704,1,0,0,0,0,0.007183,0.000146,0.000919,0.000084,0.001275,0.000032,0.000648,0.000113,0.000624,0.000058,0.000766,0.000031,0.000419,0.000068,0.000637,-166.53,-154.20,-117.25,-106.82,-39.00,160.71,47.60,41.57,92.03,113.25,177.02,-143.23,-71.52,84.33,0.59,218.4378,4.9773,4.9331,3.7496,14.6828,2.2391,1.5537,0.7422,3.5699,0.6118,6.1656,0.7903,2.2453,0.6822,4.2318
2026-08-06 10:54:04.249,6.566667,167,4,0.007643,-1.5548,169.83,0,0,0,60.0230,219.136,0.08704,1,0,0,0,0,0.007220,0.000171,0.001266,0.000491,0.000898,0.000411,0.000600,0.000403,0.000916,0.000417,0.000476,0.000282,0.000242,0.000263,0.000892,-169.83,-13.90,-107.93,-154.63,-25.87,19.08,16.93,-136.63,108.51,47.47,-158.19,-128.55,-131.48,74.24,-2.06,218.4378,4.9773,4.9331,3.7496,14.6828,2.2391,1.5537,0.7422,3.5699,0.6118,6.1656,0.7903,2.2453,0.6822,4.2318
2026-08-06 10:54:04.249,6.583333,167,5,0.007589,-1.5517,166.52,0,0,0,60.0230,219.136,0.08704,1,0,0,0,0,0.007263,0.000216,0.000914,0.000091,0.001174,0.000020,0.000591,0.000071,0.000603,0.000078,0.000762,0.000021,0.000487,0.000056,0.000660,-166.52,-158.71,-118.24,-123.08,-38.52,-76.88,45.02,115.19,101.97,171.03,-178.61,65.81,-71.96,158.67,-3.16,218.4378,4.9773,4.9331,3.7496,14.6828,2.2391,1.5537,0.7422,3.5699,0.6118,6.1656,0.7903,2.2453,0.6822,4.2318
2026-08-06 10:54:04.249,6.600000,167,6,0.007441,-1.5193,166.57,0,0,0,60.0230,219.136,0.08704,1,0,0,0,0,0.007115,0.000156,0.000915,0.000062,0.001252,0.000028,0.000627,0.000108,0.000545,0.000145,0.000691,0.000105,0.000429,0.000017,0.000591,-166.57,-166.25,-118.83,-140.48,-37.29,89.15,48.24,68.90,91.31,99.97,177.60,140.92,-70.42,22.33,-4.85,218.4378,4.9773,4.9331,3.7496,14.6828,2.2391,1.5537,0.7422,3.5699,0.6118,6.1656,0.7903,2.2453,0.6822,4.2318
2026-08-06 10:54:04.249,6.616667,167,7,0.007586,-1.5466,165.83,0,0,0,60.0230,219.136,0.08704,1,0,0,0,0,0.007258,0.000218,0.000921,0.000165,0.001233,0.000022,0.000648,0.000074,0.000602,0.000045,0.000734,0.000019,0.000349,0.000072,0.000653,-165.83,-166.16,-118.08,-109.10,-39.33,20.95,46.89,-79.77,97.27,37.17,175.89,23.52,-65.81,52.60,-1.13,218.4378,4.9773,4.9331,3.7496,14.6828,2.2391,1.5537,0.7422,3.5699,0.6118,6.1656,0.7903,2.2453,0.6822,4.2318
2026-08-06 10:54:04.249,6.633333,167,8,0.007540,-1.5428,166.41,0,0,0,60.0230,219.136,0.08704,1,0,0,0,0,0.007229,0.000133,0.000932,0.000109,0.001179,0.000027,0.000619,0.000114,0.000601,0.000026,0.000741,0.000013,0.000443,0.000084,0.000594,-166.41,-157.68,-119.82,-121.06,-36.03,-23.14,50.63,98.75,98.48,-171.55,176.30,136.86,-63.07,167.02,-0.41,218.4378,4.9773,4.9331,3.7496,14.6828,2.2391,1.5537,0.7422,3.5699,0.6118,6.1656,0.7903,2.2453,0.6822,4.2318
2026-08-06 10:54:04.249,6.650000,167,9,0.007582,-1.5468,165.82,0,0,0,60.0230,219.136,0.08704,1,0,0,0,0,0.007262,0.000175,0.000966,0.000101,0.001231,0.000032,0.000594,0.000089,0.000556,0.000108,0.000707,0.000073,0.000400,0.000050,0.000627,-165.82,-164.47,-119.03,-104.70,-40.43,-42.35,44.83,46.95,92.56,79.70,176.66,151.39,-66.43,109.49,7.84,218.4378,4.9773,4.9331,3.7496,14.6828,2.2391,1.5537,0.7422,3.5699,0.6118,6.1656,0.7903,2.2453,0.6822,4.2318
2026-08-06 10:54:04.249,6.666667,167,10,0.007579,-1.5487,166.28,0,0,0,60.0230,219.136,0.08704,1,0,0,0,0,0.007258,0.000198,0.000918,0.000117,0.001210,0.000019,0.000605,0.000045,0.000614,0.000049,0.000706,0.000062,0.000345,0.000044,0.000615,-166.28,-174.34,-118.99,-110.66,-38.08,-148.30,49.54,-101.42,95.47,94.75,175.74,101.54,-65.15,44.82,1.31,218.4378,4.9773,4.9331,3.7496,14.6828,2.2391,1.5537,0.7422,3.5699,0.6118,6.1656,0.7903,2.2453,0.6822,4.2318
2026-08-06 10:54:04.249,6.683333,167,11,0.007530,-1.5427,166.69,0,0,0,60.0230,219.136,0.08704,1,0,0,0,0,0.007214,0.000118,0.000949,0.000082,0.001202,0.000023,0.000585,0.000115,0.000611,0.000054,0.000722,0.000029,0.000373,0.000018,0.000594,-166.69,-169.52,-119.96,-124.37,-40.80,67.32,47.29,99.47,88.48,-89.79,173.28,-82.37,-67.09,-134.86,5.31,218.4378,4.9773,4.9331,3.7496,14.6828,2.2391,1.5537,0.7422,3.5699,0.6118,6.1656,0.7903,2.2453,0.6822,4.2318
2026-08-06 10:54:04.249,6.700000,167,12,0.007579,-1.5424,165.82,0,0,0,60.0230,219.136,0.08704,1,0,0,0,0,0.007240,0.000139,0.001005,0.000088,0.001307,0.000062,0.000609,0.000031,0.000594,0.000066,0.000696,0.000070,0.000338,0.000043,0.000587,-165.82,-179.70,-121.73,-129.07,-39.77,99.35,41.01,92.91,88.73,127.55,172.94,159.54,-64.47,-19.32,0.47,218.4378,4.9773,4.9331,3.7496,14.6828,2.2391,1.5537,0.7422,3.5699,0.6118,6.1656,0.7903,2.2453,0.6822,4.2318
2026-08-06 10:54:04.249,6.716667,167,13,0.007322,-1.4818,167.82,0,0,0,60.0230,219.136,0.08704,1,0,0,0,0,0.006848,0.000521,0.000791,0.000454,0.001180,0.000499,0.000731,0.000369,0.000861,0.000218,0.000897,0.000263,0.000442,0.000268,0.000844,-167.82,-127.01,-151.27,-21.94,-62.62,85.65,11.67,-173.30,76.96,-93.04,163.89,4.25,-99.96,76.19,-15.66,218.4378,4.9773,4.9331,3.7496,14.6828,2.2391,1.5537,0.7422,3.5699,0.6118,6.1656,0.7903,2.2453,0.6822,4.2318
2026-08-06 10:54:04.249,6.733333,167,14,0.007577,-1.5447,166.06,0,0,0,60.0230,219.136,0.08704,1,0,0,0,0,0.007247,0.000153,0.000971,0.000128,0.001179,0.000017,0.000608,0.000060,0.000647,0.000017,0.000702,0.000047,0.000398,0.000068,0.000631,-166.06,-152.06,-117.95,-103.07,-39.96,16.98,47.01,99.90,92.38,168.37,174.47,-103.25,-66.29,-146.52,3.63,218.4378,4.9773,4.9331,3.7496,14.6828,2.2391,1.5537,0.7422,3.5699,0.6118,6.1656,0.7903,2.2453,0.6822,4.2318
2026-08-06 10:54:04.249,6.750000,167,15,0.007564,-1.5470,165.91,0,0,0,60.0230,219.136,0.08704,1,0,0,0,0,0.007258,0.000152,0.000882,0.000092,0.001183,0.000085,0.000597,0.000075,0.000594,0.000095,0.000701,0.000134,0.000446,0.000069,0.000661,-165.91,-154.51,-117.64,-121.79,-39.88,105.68,44.38,41.18,89.84,81.32,171.76,170.90,-67.12,161.52,2.36,218.4378,4.9773,4.9331,3.7496,14.6828,2.2391,1.5537,0.7422,3.5699,0.6118,6.1656,0.7903,2.2453,0.6822,4.2318
2026-08-06 10:54:04.249,6.766667,167,16,0.007569,-1.5427,166.00,0,0,0,60.0230,219.136,0.08704,1,0,0,0,0,0.007235,0.000264,0.000953,0.000113,0.001236,0.000063,0.000604,0.000083,0.000603,0.000062,0.000733,0.000053,0.000405,0.000025,0.000645,-166.00,-168.91,-119.18,-124.59,-37.86,3.11,42.88,-121.15,99.08,74.63,179.12,76.35,-68.71,-9.24,-1.51,218.4378,4.9773,4.9331,3.7496,14.6828,2.2391,1.5537,0.7422,3.5699,0.6118,6.1656,0.7903,2.2453,0.6822,4.2318
2026-08-06 10:54:04.249,6.783333,167,17,0.007560,-1.5446,166.28,0,0,0,60.0230,219.136,0.08704,1,0,0,0,0,0.007241,0.000168,0.000913,0.000082,0.001223,0.000055,0.000629,0.000033,0.000607,0.000045,0.000691,0.000057,0.000383,0.000008,0.000604,-166.28,-175.02,-117.77,-97.72,-38.75,94.98,45.00,104.11,94.52,73.13,176.38,148.02,-68.61,175.50,0.48,218.4378,4.9773,4.9331,3.7496,14.6828,2.2391,1.5537,0.7422,3.5699,0.6118,6.1656,0.7903,2.2453,0.6822,4.2318
2026-08-06 10:54:04.249,6.800000,167,18,0.007538,-1.5334,165.89,0,0,0,60.0230,219.136,0.08704,1,0,0,0,0,0.007196,0.000156,0.000975,0.000126,0.001211,0.000044,0.000588,0.000070,0.000608,0.000054,0.000722,0.000084,0.000447,0.000080,0.000745,-165.89,-160.97,-118.61,-109.39,-38.67,125.15,50.81,81.70,94.19,116.45,173.60,105.48,-73.98,154.86,2.13,218.4378,4.9773,4.9331,3.7496,14.6828,2.2391,1.5537,0.7422,3.5699,0.6118,6.1656,0.7903,2.2453,0.6822,4.2318
2026-08-06 10:54:04.249,6.816667,167,19,0.007612,-1.5567,166.22,0,0,0,60.0230,219.136,0.08704,1,0,0,0,0,0.007291,0.000297,0.000896,0.000212,0.001242,0.000047,0.000639,0.000062,0.000598,0.000026,0.000687,0.000084,0.000371,0.000024,0.000630,-166.22,179.83,-119.91,-111.79,-40.60,53.16,43.29,-121.70,94.49,26.36,176.87,162.23,-62.12,-165.81,-3.19,218.4378,4.9773,4.9331,3.7496,14.6828,2.2391,1.5537,0.7422,3.5699,0.6118,6.1656,0.7903,2.2453,0.6822,4.2318
2026-08-06 10:54:04.249,6.833333,167,20,0.007665,-1.5696,165.93,0,0,0,60.0230,219.136,0.08704,1,0,0,0,0,0.007360,0.000178,0.000871,0.000151,0.001169,0.000047,0.000598,0.000017,0.000642,0.000004,0.000725,0.000079,0.000412,0.000092,0.000631,-165.93,-157.10,-120.73,-114.62,-41.50,106.01,41.36,-79.72,95.65,105.77,179.53,165.00,-65.28,148.82,-2.19,218.4378,4.9773,4.9331,3.7496,14.6828,2.2391,1.5537,0.7422,3.5699,0.6118,6.1656,0.7903,2.2453,0.6822,4.2318
2026-08-06 10:54:04.249,6.850000,167,21,0.007520,-1.5415,166.57,0,0,0,60.0230,219.136,0.08704,1,0,0,0,0,0.007215,0.000180,0.000891,0.000122,0.001230,0.000037,0.000577,0.000104,0.000569,0.000084,0.000682,0.000030,0.000369,0.000078,0.000618,-166.57,-179.14,-118.36,-114.34,-39.53,-20.30,49.46,38.95,93.82,90.93,173.19,140.56,-72.28,113.11,2.07,218.4378,4.9773,4.9331,3.7496,14.6828,2.2391,1.5537,0.7422,3.5699,0.6118,6.1656,0.7903,2.2453,0.6822,4.2318
2026-08-06 10:54:04.249,6.866667,167,22,0.007206,-1.4875,167.13,0,0,0,60.0230,219.136,0.08704,1,0,0,0,0,0.006918,0.000456,0.000769,0.000431,0.000987,0.000409,0.000407,0.000325,0.000553,0.000272,0.000592,0.000247,0.000148,0.000282,0.000523,-167.13,-130.91,-142.08,-49.94,-57.76,43.59,14.67,127.44,63.32,-166.22,152.98,-80.59,-126.29,-1.45,-17.80,218.4378,4.9773,4.9331,3.7496,14.6828,2.2391,1.5537,0.7422,3.5699,0.6118,6.1656,0.7903,2.2453,0.6822,4.2318
2026-08-06 10:54:04.249,6.883333,167,23,0.007555,-1.5412,165.55,0,0,0,60.0230,219.136,0.08704,1,0,0,0,0,0.007245,0.000174,0.000900,0.000105,0.001165,0.000058,0.000582,0.000068,0.000651,0.000034,0.000720,0.000032,0.000396,0.000056,0.000600,-165.55,-148.64,-115.92,-121.99,-41.07,107.09,49.57,117.31,96.26,171.27,-179.28,175.08,-75.25,-142.28,-0.21,218.4378,4.9773,4.9331,3.7496,14.6828,2.2391,1.5537,0.7422,3.5699,0.6118,6.1656,0.7903,2.2453,0.6822,4.2318
2026-08-06 10:54:04.249,6.900000,167,24,0.007548,-1.5399,166.62,0,0,0,60.0230,219.136,0.08704,1,0,0,0,0,0.007211,0.000160,0.001014,0.000040,0.001252,0.000031,0.000617,0.000108,0.000598,0.000066,0.000638,0.000115,0.000384,0.000031,0.000632,-166.62,-176.56,-118.72,-86.39,-38.61,-144.37,42.72,52.21,92.57,85.15,174.77,129.62,-75.79,-140.91,4.19,218.4378,4.9773,4.9331,3.7496,14.6828,2.2391,1.5537,0.7422,3.5699,0.6118,6.1656,0.7903,2.2453,0.6822,4.2318
2026-08-06 10:54:04.249,6.916667,167,25,0.007575,-1.5508,166.66,0,0,0,60.0230,219.136,0.08704,1,0,0,0,0,0.007252,0.000205,0.000950,0.000096,0.001214,0.000064,0.000638,0.000070,0.000632,0.000050,0.000687,0.000001,0.000314,0.000045,0.000663,-166.66,-177.93,-119.50,-98.16,-40.85,-144.16,46.27,-56.84,95.37,37.84,175.45,146.43,-71.44,-34.00,-1.16,218.4378,4.9773,4.9331,3.7496,14.6828,2.2391,1.5537,0.7422,3.5699,0.6118,6.1656,0.7903,2.2453,0.6822,4.2318
2026-08-06 10:54:04.249,6.933333,167,26,0.007607,-1.5523,166.06,0,0,0,60.0230,219.136,0.08704,1,0,0,0,0,0.007282,0.000128,0.000944,0.000159,0.001177,0.000077,0.000654,0.000029,0.000683,0.000010,0.000714,0.000058,0.000364,0.000083,0.000601,-166.06,-157.76,-119.03,-105.08,-40.14,56.30,46.91,102.20,92.97,177.31,173.76,156.37,-61.62,-168.34,1.26,218.4378,4.9773,4.9331,3.7496,14.6828,2.2391,1.5537,0.7422,3.5699,0.6118,6.1656,0.7903,2.2453,0.6822,4.2318
2026-08-06 10:54:04.249,6.950000,167,27,0.007587,-1.5494,166.13,0,0,0,60.0230,219.136,0.08704,1,0,0,0,0,0.007265,0.000102,0.000927,0.000093,0.001248,0.000067,0.000625,0.000076,0.000612,0.000072,0.000693,0.000103,0.000391,0.000034,0.000630,-166.13,-179.28,-119.01,-126.40,-40.15,99.90,45.66,69.23,84.17,102.34,175.02,173.35,-68.82,161.23,1.46,218.4378,4.9773,4.9331,3.7496,14.6828,2.2391,1.5537,0.7422,3.5699,0.6118,6.1656,0.7903,2.2453,0.6822,4.2318
2026-08-06 10:54:04.249,6.966667,167,28,0.007594,-1.5521,166.08,0,0,0,60.0230,219.136,0.08704,1,0,0,0,0,0.007279,0.000201,0.000911,0.000153,0.001190,0.000015,0.000593,0.000071,0.000584,0.000068,0.000678,0.000037,0.000392,0.000039,0.000652,-166.08,-169.84,-120.66,-111.65,-40.12,-21.27,43.35,-71.83,96.79,21.48,179.10,135.30,-67.64,25.38,1.01,218.4378,4.9773,4.9331,3.7496,14.6828,2.2391,1.5537,0.7422,3.5699,0.6118,6.1656,0.7903,2.2453,0.6822,4.2318
2026-08-06 10:54:04.249,6.983333,167,29,0.007522,-1.5406,166.37,0,0,0,60.0230,219.136,0.08704,1,0,0,0,0,0.007222,0.000188,0.000870,0.000103,0.001179,0.000038,0.000621,0.000016,0.000628,0.000065,0.000725,0.000060,0.000375,0.000007,0.000628,-166.37,-175.68,-120.74,-113.90,-38.60,57.19,47.87,127.45,95.22,119.26,177.97,94.11,-75.43,94.41,-1.26,218.4378,4.9773,4.9331,3.7496,14.6828,2.2391,1.5537,0.7422,3.5699,0.6118,6.1656,0.7903,2.2453,0.6822,4.2318
2026-08-06 10:54:04.502,7.000000,168,0,0.007569,-1.5469,166.01,0,0,0,60.0230,219.153,0.08694,1,0,0,0,0,0.007257,0.000151,0.000904,0.000122,0.001235,0.000059,0.000573,0.000060,0.000584,0.000089,0.000732,0.000096,0.000426,0.000056,0.000619,-166.01,-164.55,-116.36,-120.22,-41.06,74.09,46.27,41.78,92.56,103.95,176.39,115.72,-67.01,71.22,3.16,218.4568,4.9654,4.9215,3.7477,14.7002,2.2258,1.4848,0.7499,3.5804,0.5964,6.1421,0.7896,2.2509,0.7090,4.1643
2026-08-06 10:54:04.502,7.016667,168,1,0.007727,-1.5020,164.17,0,0,0,60.0230,219.153,0.08694,1,0,0,0,0,0.007131,0.000493,0.000764,0.000693,0.001267,0.000249,0.000766,0.000464,0.001056,0.000073,0.001041,0.000273,0.000873,0.000163,0.001006,-164.17,-142.15,-117.69,-95.39,-15.97,-37.60,77.31,2.17,126.49,42.37,-161.55,89.14,-84.98,15.00,-6.26,218.4568,4.9654,4.9215,3.7477,14.7002,2.2258,1.4848,0.7499,3.5804,0.5964,6.1421,0.7896,2.2509,0.7090,4.1643
2026-08-06 10:54:04.502,7.033333,168,2,0.007556,-1.5439,166.57,0,0,0,60.0230,219.153,0.08694,1,0,0,0,0,0.007225,0.000183,0.000937,0.000137,0.001206,0.000017,0.000605,0.000074,0.000638,0.000032,0.000695,0.000031,0.000426,0.000068,0.000588,-166.57,-159.86,-117.92,-137.56,-39.59,102.99,47.37,75.16,91.06,-166.91,177.32,7.03,-62.44,-166.87,3.64,218.4568,4.9654,4.9215,3.7477,14.7002,2.2258,1.4848,0.7499,3.5804,0.5964,6.1421,0.7896,2.2509,0.7090,4.1643
2026-08-06 10:54:04.502,7.050000,168,3,0.007567,-1.5438,165.84,0,0,0,60.0230,219.153,0.08694,1,0,0,0,0,0.007251,0.000172,0.000915,0.000090,0.001211,0.000046,0.000600,0.000070,0.000615,0.000077,0.000707,0.000081,0.000429,0.000047,0.000643,-165.84,-172.66,-115.56,-111.35,-38.65,107.45,47.22,65.69,93.98,72.73,177.36,128.46,-65.76,51.89,-2.26,218.4568,4.9654,4.9215,3.7477,14.7002,2.2258,1.4848,0.7499,3.5804,0.5964,6.1421,0.7896,2.2509,0.7090,4.1643
2026-08-06 10:54:04.502,7.066667,168,4,0.007595,-1.5535,166.35,0,0,0,60.0230,219.153,0.08694,1,0,0,0,0,0.007274,0.000227,0.000961,0.000162,0.001197,0.000053,0.000610,0.000010,0.000619,0.000043,0.000682,0.000062,0.000291,0.000064,0.000649,-166.35,179.71,-118.03,-105.21,-41.26,70.16,42.85,-177.60,93.36,37.46,175.25,133.53,-59.98,-179.29,3.74,218.4568,4.9654,4.9215,3.7477,14.7002,2.2258,1.4848,0.7499,3.5804,0.5964,6.1421,0.7896,2.2509,0.7090,4.1643
2026-08-06 10:54:04.502,7.083333,168,5,0.007599,-1.5508,166.27,0,0,0,60.0230,219.153,0.08694,1,0,0,0,0,0.007266,0.000116,0.000932,0.000130,0.001231,0.000014,0.000616,0.000036,0.000706,0.000004,0.000762,0.000019,0.000401,0.000028,0.000594,-166.27,-179.58,-116.08,-130.24,-39.43,-165.97,45.76,91.75,90.47,-175.46,172.26,65.97,-72.14,136.75,-0.84,218.4568,4.9654,4.9215,3.7477,14.7002,2.2258,1.4848,0.7499,3.5804,0.5964,6.1421,0.7896,2.2509,0.7090,4.1643
2026-08-06 10:54:04.502,7.100000,168,6,0.007491,-1.5325,166.24,0,0,0,60.0230,219.153,0.08694,1,0,0,0,0,0.007180,0.000153,0.000902,0.000122,0.001218,0.000018,0.000611,0.000067,0.000600,0.000106,0.000694,0.000099,0.000364,0.000030,0.000591,-166.24,-173.12,-118.30,-129.62,-40.23,112.90,49.92,77.03,90.82,86.54,175.02,134.74,-65.96,156.56,0.90,218.4568,4.9654,4.9215,3.7477,14.7002,2.2258,1.4848,0.7499,3.5804,0.5964,6.1421,0.7896,2.2509,0.7090,4.1643
2026-08-06 10:54:04.502,7.116667,168,7,0.007462,-1.5298,166.51,0,0,0,60.0230,219.153,0.08694,1,0,0,0,0,0.007158,0.000143,0.000862,0.000158,0.001203,0.000021,0.000609,0.000047,0.000589,0.000056,0.000729,0.000065,0.000319,0.000029,0.000655,-166.51,-164.69,-120.09,-90.41,-42.41,40.11,53.21,-133.20,99.24,128.74,175.69,-146.18,-64.83,73.24,-2.45,218.4568,4.9654,4.9215,3.7477,14.7002,2.2258,1.4848,0.7499,3.5804,0.5964,6.1421,0.7896,2.2509,0.7090,4.1643
2026-08-06 10:54:04.502,7.133333,168,8,0.007605,-1.5586,166.82,0,0,0,60.0230,219.153,0.08694,1,0,0,0,0,0.007283,0.000213,0.000870,0.000079,0.001223,0.000065,0.000609,0.000049,0.000704,0.000032,0.000726,0.000018,0.000349,0.000069,0.000670,-166.82,-165.67,-115.28,-134.85,-42.00,15.81,52.07,142.16,94.43,-177.43,173.11,56.52,-70.60,-154.64,-0.33,218.4568,4.9654,4.9215,3.7477,14.7002,2.2258,1.4848,0.7499,3.5804,0.5964,6.1421,0.7896,2.2509,0.7090,4.1643
2026-08-06 10:54:04.502,7.150000,168,9,0.007514,-1.5305,165.45,0,0,0,60.0230,219.153,0.08694,1,0,0,0,0,0.007188,0.000161,0.000925,0.000164,0.001193,0.000066,0.000564,0.000063,0.000646,0.000131,0.000722,0.000130,0.000339,0.000059,0.000632,-165.45,-156.76,-114.16,-118.82,-44.43,138.73,47.68,124.55,98.32,89.64,168.59,159.30,-65.22,103.27,0.29,218.4568,4.9654,4.9215,3.7477,14.7002,2.2258,1.4848,0.7499,3.5804,0.5964,6.1421,0.7896,2.2509,0.7090,4.1643
2026-08-06 10:54:04.502,7.166667,168,10,0.007437,-1.4761,164.34,0,0,0,60.0230,219.153,0.08694,1,0,0,0,0,0.006968,0.000516,0.001084,0.000287,0.001540,0.000440,0.000397,0.000326,0.000393,0.000381,0.000973,0.000278,0.000336,0.000280,0.000432,-164.34,165.03,-98.34,145.08,-48.80,89.33,16.78,75.21,130.67,51.04,-170.59,29.81,-97.88,0.35,13.59,218.4568,4.9654,4.9215,3.7477,14.7002,2.2258,1.4848,0.7499,3.5804,0.5964,6.1421,0.7896,2.2509,0.7090,4.1643
2026-08-06 10:54:04.502,7.183333,168,11,0.007560,-1.5461,166.03,0,0,0,60.0230,219.153,0.08694,1,0,0,0,0,0.007251,0.000175,0.000952,0.000095,0.001202,0.000082,0.000560,0.000108,0.000625,0.000077,0.000676,0.000061,0.000373,0.000048,0.000619,-166.03,-167.25,-118.42,-116.90,-41.20,106.93,47.06,110.10,94.80,144.61,176.31,-152.67,-69.13,-165.80,1.86,218.4568,4.9654,4.9215,3.7477,14.7002,2.2258,1.4848,0.7499,3.5804,0.5964,6.1421,0.7896,2.2509,0.7090,4.1643
2026-08-06 10:54:04.502,7.200000,168,12,0.007570,-1.5524,166.68,0,0,0,60.0230,219.153,0.08694,1,0,0,0,0,0.007260,0.000198,0.000930,0.000126,0.001208,0.000038,0.000609,0.000055,0.000579,0.000043,0.000643,0.000087,0.000325,0.000049,0.000635,-166.68,-167.65,-118.66,-133.72,-40.75,48.52,48.22,-5.20,93.78,111.75,173.56,156.85,-70.35,177.61,4.60,218.4568,4.9654,4.9215,3.7477,14.7002,2.2258,1.4848,0.7499,3.5804,0.5964,6.1421,0.7896,2.2509,0.7090,4.1643
2026-08-06 10:54:04.502,7.216667,168,13,0.007575,-1.5510,166.73,0,0,0,60.0230,219.153,0.08694,1,0,0,0,0,0.007255,0.000150,0.000930,0.000083,0.001205,0.000031,0.000642,0.000014,0.000607,0.000026,0.000712,0.000008,0.000350,0.000026,0.000643,-166.73,-167.45,-118.01,-102.64,-39.75,38.49,48.56,14.49,95.13,95.94,172.52,-138.65,-69.75,-132.55,0.90,218.4568,4.9654,4.9215,3.7477,14.7002,2.2258,1.4848,0.7499,3.5804,0.5964,6.1421,0.7896,2.2509,0.7090,4.1643
2026-08-06 10:54:04.502,7.233333,168,14,0.007544,-1.5405,166.46,0,0,0,60.0230,219.153,0.08694,1,0,0,0,0,0.007214,0.000157,0.000945,0.000152,0.001176,0.000079,0.000630,0.000080,0.000672,0.000069,0.000743,0.000072,0.000378,0.000122,0.000631,-166.46,-161.64,-116.50,-111.69,-39.50,112.76,49.35,113.07,97.12,-158.40,174.88,-112.82,-63.04,-169.68,1.78,218.4568,4.9654,4.9215,3.7477,14.7002,2.2258,1.4848,0.7499,3.5804,0.5964,6.1421,0.7896,2.2509,0.7090,4.1643
2026-08-06 10:54:04.502,7.250000,168,15,0.007577,-1.5486,166.43,0,0,0,60.0230,219.153,0.08694,1,0,0,0,0,0.007248,0.000198,0.000946,0.000117,0.001225,0.000029,0.000623,0.000030,0.000624,0.000042,0.000680,0.000083,0.000394,0.000073,0.000681,-166.43,171.95,-118.93,-135.52,-39.20,116.77,44.46,46.32,93.86,161.57,175.18,120.52,-68.85,140.45,-3.45,218.4568,4.9654,4.9215,3.7477,14.7002,2.2258,1.4848,0.7499,3.5804,0.5964,6.1421,0.7896,2.2509,0.7090,4.1643
2026-08-06 10:54:04.502,7.266667,168,16,0.007611,-1.5559,166.28,0,0,0,60.0230,219.153,0.08694,1,0,0,0,0,0.007286,0.000199,0.000954,0.000105,0.001232,0.000028,0.000607,0.000058,0.000608,0.000037,0.000730,0.000056,0.000319,0.000049,0.000684,-166.28,-166.00,-118.90,-147.04,-40.63,18.34,48.54,-120.34,94.10,67.51,-179.77,165.64,-57.09,-119.58,-3.60,218.4568,4.9654,4.9215,3.7477,14.7002,2.2258,1.4848,0.7499,3.5804,0.5964,6.1421,0.7896,2.2509,0.7090,4.1643
2026-08-06 10:54:04.502,7.283333,168,17,0.007576,-1.5517,166.58,0,0,0,60.0230,219.153,0.08694,1,0,0,0,0,0.007263,0.000219,0.000990,0.000107,0.001114,0.000015,0.000594,0.000084,0.000668,0.000082,0.000730,0.000036,0.000326,0.000126,0.000628,-166.58,-177.25,-116.18,-83.52,-37.79,159.02,45.69,100.00,93.82,-170.47,178.20,-103.68,-70.46,-158.62,-0.77,218.4568,4.9654,4.9215,3.7477,14.7002,2.2258,1.4848,0.7499,3.5804,0.5964,6.1421,0.7896,2.2509,0.7090,4.1643
2026-08-06 10:54:04.502,7.300000,168,18,0.007545,-1.5412,166.32,0,0,0,60.0230,219.153,0.08694,1,0,0,0,0,0.007219,0.000183,0.000905,0.000074,0.001253,0.000042,0.000630,0.000066,0.000632,0.000036,0.000698,0.000057,0.000388,0.000077,0.000678,-166.32,-169.61,-119.09,-107.45,-38.57,83.32,50.61,75.01,91.57,94.73,173.13,140.49,-73.89,135.89,3.30,218.4568,4.9654,4.9215,3.7477,14.7002,2.2258,1.4848,0.7499,3.5804,0.5964,6.1421,0.7896,2.2509,0.7090,4.1643
2026-08-06 10:54:04.502,7.316667,168,19,0.007541,-1.5059,163.87,0,0,0,60.0230,219.153,0.08694,1,0,0,0,0,0.007135,0.000277,0.001163,0.000377,0.001028,0.000317,0.000894,0.000272,0.000342,0.000344,0.000940,0.000216,0.000212,0.000218,0.000809,-163.87,122.39,-125.35,-53.38,-31.52,-116.35,33.40,152.76,102.23,45.07,179.34,-67.48,-23.31,-156.91,-11.29,218.4568,4.9654,4.9215,3.7477,14.7002,2.2258,1.4848,0.7499,3.5804,0.5964,6.1421,0.7896,2.2509,0.7090,4.1643
2026-08-06 10:54:04.502,7.333333,168,20,0.007592,-1.5512,166.30,0,0,0,60.0230,219.153,0.08694,1,0,0,0,0,0.007269,0.000199,0.000937,0.000120,0.001219,0.000037,0.000632,0.000097,0.000657,0.000034,0.000705,0.000054,0.000379,0.000051,0.000599,-166.30,-172.98,-116.13,-101.49,-38.43,40.20,46.02,91.94,92.74,57.59,176.03,171.85,-74.05,147.28,-3.31,218.4568,4.9654,4.9215,3.7477,14.7002,2.2258,1.4848,0.7499,3.5804,0.5964,6.1421,0.7896,2.2509,0.7090,4.1643
2026-08-06 10:54:04.502,7.350000,168,21,0.007611,-1.5548,166.04,0,0,0,60.0230,219.153,0.08694,1,0,0,0,0,0.007291,0.000248,0.000926,0.000094,0.001180,0.000048,0.000611,0.000035,0.000613,0.000087,0.000676,0.000041,0.000373,0.000023,0.000590,-166.04,-178.04,-117.91,-145.27,-40.88,41.24,43.57,-45.23,93.80,90.79,174.71,141.00,-71.44,-158.01,5.67,218.4568,4.9654,4.9215,3.7477,14.7002,2.2258,1.4848,0.7499,3.5804,0.5964,6.1421,0.7896,2.2509,0.7090,4.1643
2026-08-06 10:54:04.502,7.366667,168,22,0.007564,-1.5447,165.83,0,0,0,60.0230,219.153,0.08694,1,0,0,0,0,0.007252,0.000235,0.000890,0.000115,0.001164,0.000017,0.000607,0.000069,0.000543,0.000035,0.000720,0.000056,0.000438,0.000061,0.000692,-165.83,-175.45,-116.73,-113.31,-40.57,113.94,44.00,-144.59,94.37,69.16,-179.09,76.74,-66.03,7.04,-4.90,218.4568,4.9654,4.9215,3.7477,14.7002,2.2258,1.4848,0.7499,3.5804,0.5964,6.1421,0.7896,2.2509,0.7090,4.1643
2026-08-06 10:54:04.502,7.383333,168,23,0.007563,-1.5482,166.51,0,0,0,60.0230,219.153,0.08694,1,0,0,0,0,0.007249,0.000190,0.000878,0.000098,0.001228,0.000068,0.000600,0.000072,0.000629,0.000034,0.000672,0.000073,0.000396,0.000095,0.000617,-166.51,-179.36,-119.17,-121.59,-38.66,69.80,45.59,68.44,93.61,-164.12,173.96,-156.41,-68.86,141.33,-0.51,218.4568,4.9654,4.9215,3.7477,14.7002,2.2258,1.4848,0.7499,3.5804,0.5964,6.1421,0.7896,2.2509,0.7090,4.1643
2026-08-06 10:54:04.502,7.400000,168,24,0.007559,-1.5416,165.75,0,0,0,60.0230,219.153,0.08694,1,0,0,0,0,0.007234,0.000204,0.000922,0.000118,0.001213,0.000044,0.000633,0.000019,0.000644,0.000116,0.000686,0.000105,0.000364,0.000022,0.000626,-165.75,-165.88,-117.68,-105.82,-42.06,101.59,46.81,-10.26,92.01,96.40,177.44,115.37,-71.57,69.44,3.00,218.4568,4.9654,4.9215,3.7477,14.7002,2.2258,1.4848,0.7499,3.5804,0.5964,6.1421,0.7896,2.2509,0.7090,4.1643
2026-08-06 10:54:04.502,7.416667,168,25,0.007569,-1.5479,165.97,0,0,0,60.0230,219.153,0.08694,1,0,0,0,0,0.007259,0.000229,0.000895,0.000156,0.001207,0.000032,0.000654,0.000030,0.000616,0.000041,0.000692,0.000086,0.000340,0.000030,0.000568,-165.97,173.60,-118.90,-109.86,-40.52,98.08,43.90,-178.37,99.94,38.11,178.23,158.72,-63.64,-90.35,-6.38,218.4568,4.9654,4.9215,3.7477,14.7002,2.2258,1.4848,0.7499,3.5804,0.5964,6.1421,0.7896,2.2509,0.7090,4.1643
2026-08-06 10:54:04.502,7.433333,168,26,0.007520,-1.5346,166.56,0,0,0,60.0230,219.153,0.08694,1,0,0,0,0,0.007176,0.000185,0.000925,0.000172,0.001271,0.000041,0.000692,0.000077,0.000676,0.000061,0.000748,0.000038,0.000359,0.000058,0.000591,-166.56,162.14,-120.64,-118.71,-41.98,21.48,44.09,89.09,96.32,163.37,175.65,-134.29,-62.16,150.18,3.26,218.4568,4.9654,4.9215,3.7477,14.7002,2.2258,1.4848,0.7499,3.5804,0.5964,6.1421,0.7896,2.2509,0.7090,4.1643
2026-08-06 10:54:04.502,7.450000,168,27,0.007588,-1.5513,165.96,0,0,0,60.0230,219.153,0.08694,1,0,0,0,0,0.007275,0.000219,0.000901,0.000150,0.001217,0.000021,0.000599,0.000061,0.000549,0.000083,0.000640,0.000090,0.000333,0.000045,0.000644,-165.96,163.71,-116.63,-111.54,-40.07,83.15,49.78,41.93,92.44,102.30,174.57,159.77,-75.88,73.93,-2.37,218.4568,4.9654,4.9215,3.7477,14.7002,2.2258,1.4848,0.7499,3.5804,0.5964,6.1421,0.7896,2.2509,0.7090,4.1643
2026-08-06 10:54:04.502,7.466667,168,28,0.007716,-1.5581,164.29,0,0,0,60.0230,219.153,0.08694,1,0,0,0,0,0.007351,0.000144,0.000661,0.000340,0.001363,0.000279,0.000955,0.000309,0.000374,0.000307,0.000705,0.000242,0.000510,0.000198,0.000697,-164.29,-48.42,-120.78,-176.51,-53.50,-5.63,58.91,178.62,106.02,4.11,156.67,169.96,-76.93,-18.42,10.16,218.4568,4.9654,4.9215,3.7477,14.7002,2.2258,1.4848,0.7499,3.5804,0.5964,6.1421,0.7896,2.2509,0.7090,4.1643
2026-08-06 10:54:04.502,7.483333,168,29,0.007610,-1.5581,166.40,0,0,0,60.0230,219.153,0.08694,1,0,0,0,0,0.007298,0.000189,0.000884,0.000095,0.001256,0.000052,0.000602,0.000071,0.000626,0.000036,0.000689,0.000063,0.000370,0.000082,0.000637,-166.40,-174.45,-117.47,-114.36,-41.32,60.37,51.16,65.96,94.68,122.92,174.83,-163.12,-78.85,137.74,-0.06,218.4568,4.9654,4.9215,3.7477,14.7002,2.2258,1.4848,0.7499,3.5804,0.5964,6.1421,0.7896,2.2509,0.7090,4.1643
2026-08-06 10:54:04.795,7.500000,169,0,0.007628,-1.5576,166.12,0,0,0,60.0230,219.138,0.08676,1,0,0,0,0,0.007300,0.000201,0.000917,0.000107,0.001212,0.000017,0.000659,0.000085,0.000669,0.000069,0.000729,0.000057,0.000347,0.000028,0.000627,-166.12,-164.50,-116.54,-128.83,-39.65,71.99,46.33,-35.54,93.04,89.71,171.13,127.79,-75.49,55.93,3.32,218.4452,4.9426,4.9013,3.7395,14.6601,2.2177,1.4981,0.7558,3.6032,0.5871,6.1635,0.7750,2.2253,0.7021,4.1389
2026-08-06 10:54:04.795,7.516667,169,1,0.007549,-1.5465,166.50,0,0,0,60.0230,219.138,0.08676,1,0,0,0,0,0.007238,0.000183,0.000942,0.000114,0.001204,0.000017,0.000632,0.000020,0.000633,0.000074,0.000697,0.000042,0.000320,0.000021,0.000578,-166.50,172.40,-118.86,-116.84,-39.64,128.39,49.48,-157.75,97.35,-25.98,175.79,107.72,-68.36,9.86,-0.84,218.4452,4.9426,4.9013,3.7395,14.6601,2.2177,1.4981,0.7558,3.6032,0.5871,6.1635,0.7750,2.2253,0.7021,4.1389
2026-08-06 10:54:04.795,7.533333,169,2,0.007577,-1.5454,165.99,0,0,0,60.0230,219.138,0.08676,1,0,0,0,0,0.007247,0.000187,0.000904,0.000126,0.001232,0.000069,0.000597,0.000069,0.000678,0.000037,0.000736,0.000026,0.000394,0.000110,0.000649,-165.99,-171.81,-115.25,-105.95,-40.25,116.25,45.24,110.15,96.41,103.96,174.24,-177.31,-66.97,116.31,-6.07,218.4452,4.9426,4.9013,3.7395,14.6601,2.2177,1.4981,0.7558,3.6032,0.5871,6.1635,0.7750,2.2253,0.7021,4.1389
2026-08-06 10:54:04.795,7.550000,169,3,0.007526,-1.5400,166.21,0,0,0,60.0230,219.138,0.08676,1,0,0,0,0,0.007212,0.000230,0.000938,0.000158,0.001171,0.000030,0.000633,0.000075,0.000641,0.000076,0.000677,0.000104,0.000325,0.000029,0.000635,-166.21,-166.11,-119.27,-102.33,-39.96,89.19,49.44,41.32,97.25,112.41,170.49,123.91,-77.11,134.43,-4.47,218.4452,4.9426,4.9013,3.7395,14.6601,2.2177,1.4981,0.7558,3.6032,0.5871,6.1635,0.7750,2.2253,0.7021,4.1389
2026-08-06 10:54:04.795,7.566667,169,4,0.007560,-1.5480,166.38,0,0,0,60.0230,219.138,0.08676,1,0,0,0,0,0.007242,0.000196,0.000931,0.000179,0.001208,0.000038,0.000599,0.000040,0.000623,0.000041,0.000729,0.000051,0.000403,0.000033,0.000638,-166.38,-169.50,-119.20,-107.98,-40.55,-76.66,47.51,-93.73,95.88,8.15,174.74,111.20,-62.56,-33.40,-0.13,218.4452,4.9426,4.9013,3.7395,14.6601,2.2177,1.4981,0.7558,3.6032,0.5871,6.1635,0.7750,2.2253,0.7021,4.1389
2026-08-06 10:54:04.795,7.583333,169,5,0.007502,-1.5314,166.21,0,0,0,60.0230,219.138,0.08676,1,0,0,0,0,0.007180,0.000127,0.000898,0.000037,0.001195,0.000071,0.000608,0.000082,0.000661,0.000043,0.000737,0.000024,0.000416,0.000071,0.000683,-166.21,165.91,-118.58,-96.21,-37.69,122.82,50.70,114.22,94.73,137.28,178.95,-177.05,-73.51,-177.20,-0.03,218.4452,4.9426,4.9013,3.7395,14.6601,2.2177,1.4981,0.7558,3.6032,0.5871,6.1635,0.7750,2.2253,0.7021,4.1389
2026-08-06 10:54:04.795,7.600000,169,6,0.007561,-1.5483,166.53,0,0,0,60.0230,219.138,0.08676,1,0,0,0,0,0.007247,0.000195,0.000909,0.000084,0.001219,0.000079,0.000582,0.000066,0.000564,0.000111,0.000682,0.000062,0.000444,0.000056,0.000669,-166.53,-166.02,-119.46,-135.69,-38.93,42.92,46.46,28.40,90.42,86.18,178.47,107.67,-66.80,118.82,3.03,218.4452,4.9426,4.9013,3.7395,14.6601,2.2177,1.4981,0.7558,3.6032,0.5871,6.1635,0.7750,2.2253,0.7021,4.1389
2026-08-06 10:54:04.795,7.616667,169,7,0.007738,-1.5710,165.09,0,0,0,60.0230,219.138,0.08676,1,0,0,0,0,0.007420,0.000286,0.000935,0.000217,0.000978,0.000294,0.000355,0.000248,0.000555,0.000236,0.000738,0.000270,0.000445,0.000184,0.000808,-165.09,-105.06,-102.67,24.69,-29.06,159.88,42.16,-72.84,75.35,44.81,166.93,139.07,-93.50,-100.00,-7.56,218.4452,4.9426,4.9013,3.7395,14.6601,2.2177,1.4981,0.7558,3.6032,0.5871,6.1635,0.7750,2.2253,0.7021,4.1389
2026-08-06 10:54:04.795,7.633333,169,8,0.007609,-1.5532,166.21,0,0,0,60.0230,219.138,0.08676,1,0,0,0,0,0.007278,0.000136,0.000950,0.000107,0.001224,0.000033,0.000576,0.000139,0.000630,0.000015,0.000781,0.000061,0.000454,0.000089,0.000639,-166.21,-179.96,-115.04,-122.43,-38.29,48.13,43.01,88.14,87.56,134.64,174.54,163.47,-69.26,142.92,0.49,218.4452,4.9426,4.9013,3.7395,14.6601,2.2177,1.4981,0.7558,3.6032,0.5871,6.1635,0.7750,2.2253,0.7021,4.1389
2026-08-06 10:54:04.795,7.650000,169,9,0.007496,-1.5326,166.39,0,0,0,60.0230,219.138,0.08676,1,0,0,0,0,0.007175,0.000230,0.000889,0.000143,0.001201,0.000041,0.000650,0.000029,0.000611,0.000082,0.000710,0.000048,0.000368,0.000007,0.000680,-166.39,-171.04,-116.27,-139.86,-37.59,175.03,51.89,-5.47,93.77,106.23,173.55,129.50,-71.64,111.69,-0.95,218.4452,4.9426,4.9013,3.7395,14.6601,2.2177,1.4981,0.7558,3.6032,0.5871,6.1635,0.7750,2.2253,0.7021,4.1389
2026-08-06 10:54:04.795,7.666667,169,10,0.007547,-1.5388,165.95,0,0,0,60.0230,219.138,0.08676,1,0,0,0,0,0.007221,0.000205,0.000929,0.000121,0.001246,0.000030,0.000623,0.000052,0.000586,0.000045,0.000731,0.000041,0.000426,0.000043,0.000635,-165.95,-171.92,-117.89,-119.98,-39.99,-15.07,45.12,145.99,94.18,72.74,-178.04,136.50,-72.29,105.97,-5.24,218.4452,4.9426,4.9013,3.7395,14.6601,2.2177,1.4981,0.7558,3.6032,0.5871,6.1635,0.7750,2.2253,0.7021,4.1389
2026-08-06 10:54:04.795,7.683333,169,11,0.007562,-1.5460,166.20,0,0,0,60.0230,219.138,0.08676,1,0,0,0,0,0.007243,0.000204,0.000895,0.000133,0.001243,0.000088,0.000616,0.000057,0.000618,0.000071,0.000703,0.000087,0.000395,0.000071,0.000591,-166.20,-169.77,-118.48,-102.65,-41.30,62.80,47.03,72.74,92.78,84.55,176.47,162.73,-72.11,136.06,0.34,218.4452,4.9426,4.9013,3.7395,14.6601,2.2177,1.4981,0.7558,3.6032,0.5871,6.1635,0.7750,2.2253,0.7021,4.1389
2026-08-06 10:54:04.795,7.700000,169,12,0.007638,-1.5625,166.27,0,0,0,60.0230,219.138,0.08676,1,0,0,0,0,0.007322,0.000185,0.000941,0.000080,0.001207,0.000049,0.000637,0.000035,0.000581,0.000059,0.000676,0.000066,0.000342,0.000047,0.000652,-166.27,170.56,-119.32,-107.06,-41.48,54.32,46.79,-6.36,92.82,119.88,176.35,141.17,-72.21,-156.56,2.09,218.4452,4.9426,4.9013,3.7395,14.6601,2.2177,1.4981,0.7558,3.6032,0.5871,6.1635,0.7750,2.2253,0.7021,4.1389
2026-08-06 10:54:04.795,7.716667,169,13,0.007561,-1.5492,166.89,0,0,0,60.0230,219.138,0.08676,1,0,0,0,0,0.007239,0.000175,0.000944,0.000101,0.001174,0.000014,0.000631,0.000061,0.000642,0.000030,0.000696,0.000052,0.000387,0.000090,0.000625,-166.89,170.87,-117.03,-88.81,-40.17,-82.23,46.66,-169.66,98.19,116.21,175.26,52.63,-63.30,-73.97,-7.22,218.4452,4.9426,4.9013,3.7395,14.6601,2.2177,1.4981,0.7558,3.6032,0.5871,6.1635,0.7750,2.2253,0.7021,4.1389
2026-08-06 10:54:04.795,7.733333,169,14,0.007564,-1.5448,166.35,0,0,0,60.0230,219.138,0.08676,1,0,0,0,0,0.007235,0.000194,0.000962,0.000098,0.001187,0.000019,0.000630,0.000037,0.000635,0.000089,0.000769,0.000055,0.000384,0.000053,0.000663,-166.35,-169.39,-116.76,-113.27,-39.26,-28.01,48.44,58.94,94.77,146.77,174.37,133.12,-71.38,-162.34,0.71,218.4452,4.9426,4.9013,3.7395,14.6601,2.2177,1.4981,0.7558,3.6032,0.5871,6.1635,0.7750,2.2253,0.7021,4.1389
2026-08-06 10:54:04.795,7.750000,169,15,0.007577,-1.5407,165.39,0,0,0,60.0230,219.138,0.08676,1,0,0,0,0,0.007242,0.000209,0.000971,0.000169,0.001215,0.000055,0.000556,0.000059,0.000571,0.000107,0.000757,0.000090,0.000312,0.000078,0.000669,-165.39,-168.35,-116.51,-102.74,-41.33,-125.98,46.50,-133.45,104.88,121.94,177.49,134.51,-71.48,67.07,6.61,218.4452,4.9426,4.9013,3.7395,14.6601,2.2177,1.4981,0.7558,3.6032,0.5871,6.1635,0.7750,2.2253,0.7021,4.1389
2026-08-06 10:54:04.795,7.766667,169,16,0.007920,-1.6042,166.28,0,0,0,60.0230,219.138,0.08676,1,0,0,0,0,0.007512,0.000493,0.001168,0.000398,0.001425,0.000298,0.000760,0.000284,0.000710,0.000267,0.000685,0.000267,0.000187,0.000184,0.000432,-166.28,-148.78,-117.69,-95.79,-46.53,-39.05,24.09,0.03,74.89,46.18,156.02,103.03,-54.13,144.98,2.18,218.4452,4.9426,4.9013,3.7395,14.6601,2.2177,1.4981,0.7558,3.6032,0.5871,6.1635,0.7750,2.2253,0.7021,4.1389
2026-08-06 10:54:04.795,7.783333,169,17,0.007552,-1.5433,166.26,0,0,0,60.0230,219.138,0.08676,1,0,0,0,0,0.007233,0.000131,0.000913,0.000100,0.001202,0.000003,0.000691,0.000077,0.000648,0.000046,0.000754,0.000053,0.000416,0.000067,0.000604,-166.26,-150.30,-118.65,-97.09,-38.50,105.19,48.85,37.18,95.99,150.20,174.71,-162.85,-78.62,144.57,-1.16,218.4452,4.9426,4.9013,3.7395,14.6601,2.2177,1.4981,0.7558,3.6032,0.5871,6.1635,0.7750,2.2253,0.7021,4.1389
2026-08-06 10:54:04.795,7.800000,169,18,0.007644,-1.5662,166.56,0,0,0,60.0230,219.138,0.08676,1,0,0,0,0,0.007326,0.000228,0.000923,0.000113,0.001192,0.000032,0.000654,0.000059,0.000594,0.000052,0.000672,0.000063,0.000382,0.000047,0.000715,-166.56,-148.75,-119.16,-87.03,-41.14,-38.89,47.67,-21.22,90.92,82.40,173.51,-138.56,-66.74,30.01,4.17,218.4452,4.9426,4.9013,3.7395,14.6601,2.2177,1.4981,0.7558,3.6032,0.5871,6.1635,0.7750,2.2253,0.7021,4.1389
2026-08-06 10:54:04.795,7.816667,169,19,0.007591,-1.5541,166.75,0,0,0,60.0230,219.138,0.08676,1,0,0,0,0,0.007266,0.000158,0.000956,0.000105,0.001198,0.000025,0.000631,0.000015,0.000662,0.000038,0.000761,0.000036,0.000368,0.000063,0.000620,-166.75,-170.27,-121.38,-105.04,-38.02,-92.67,46.91,4.71,95.48,-149.87,172.44,127.74,-73.59,179.92,-2.64,218.4452,4.9426,4.9013,3.7395,14.6601,2.2177,1.4981,0.7558,3.6032,0.5871,6.1635,0.7750,2.2253,0.7021,4.1389
2026-08-06 10:54:04.795,7.833333,169,20,0.007601,-1.5539,166.13,0,0,0,60.0230,219.138,0.08676,1,0,0,0,0,0.007281,0.000241,0.000851,0.000062,0.001212,0.000064,0.000663,0.000005,0.000663,0.000036,0.000711,0.000079,0.000384,0.000070,0.000710,-166.13,-177.51,-119.56,-95.79,-39.56,98.42,46.63,-29.39,99.38,155.04,174.30,-138.35,-74.29,109.76,-0.94,218.4452,4.9426,4.9013,3.7395,14.6601,2.2177,1.4981,0.7558,3.6032,0.5871,6.1635,0.7750,2.2253,0.7021,4.1389
2026-08-06 10:54:04.795,7.850000,169,21,0.007583,-1.5521,166.45,0,0,0,60.0230,219.138,0.08676,1,0,0,0,0,0.007264,0.000199,0.000932,0.000144,0.001195,0.000033,0.000601,0.000011,0.000598,0.000067,0.000689,0.000100,0.000408,0.000026,0.000653,-166.45,-177.98,-117.05,-109.80,-40.60,88.34,44.44,176.29,93.54,56.96,177.00,99.80,-67.48,130.74,-0.79,218.4452,4.9426,4.9013,3.7395,14.6601,2.2177,1.4981,0.7558,3.6032,0.5871,6.1635,0.7750,2.2253,0.7021,4.1389
2026-08-06 10:54:04.795,7.866667,169,22,0.007522,-1.5418,166.49,0,0,0,60.0230,219.138,0.08676,1,0,0,0,0,0.007211,0.000202,0.000868,0.000115,0.001220,0.000063,0.000579,0.000054,0.000614,0.000034,0.000724,0.000072,0.000421,0.000005,0.000665,-166.49,-159.84,-117.61,-110.25,-40.97,38.07,48.26,-178.95,97.33,83.02,177.62,119.81,-67.45,-151.98,-7.55,218.4452,4.9426,4.9013,3.7395,14.6601,2.2177,1.4981,0.7558,3.6032,0.5871,6.1635,0.7750,2.2253,0.7021,4.1389
2026-08-06 10:54:04.795,7.883333,169,23,0.007647,-1.5601,165.85,0,0,0,60.0230,219.138,0.08676,1,0,0,0,0,0.007321,0.000213,0.000939,0.000156,0.001261,0.000035,0.000640,0.000054,0.000700,0.000043,0.000705,0.000085,0.000364,0.000064,0.000580,-165.85,-161.51,-116.62,-114.55,-41.22,164.20,46.43,12.50,94.41,63.40,174.07,-154.61,-77.00,148.59,-3.70,218.4452,4.9426,4.9013,3.7395,14.6601,2.2177,1.4981,0.7558,3.6032,0.5871,6.1635,0.7750,2.2253,0.7021,4.1389
2026-08-06 10:54:04.795,7.900000,169,24,0.007534,-1.5439,166.64,0,0,0,60.0230,219.138,0.08676,1,0,0,0,0,0.007220,0.000272,0.000895,0.000107,0.001154,0.000033,0.000661,0.000113,0.000595,0.000024,0.000727,0.000054,0.000341,0.000003,0.000694,-166.64,-160.12,-120.62,-121.65,-39.01,40.38,44.77,-47.01,96.28,-93.56,172.35,99.67,-69.63,51.35,-6.48,218.4452,4.9426,4.9013,3.7395,14.6601,2.2177,1.4981,0.7558,3.6032,0.5871,6.1635,0.7750,2.2253,0.7021,4.1389
2026-08-06 10:54:04.795,7.916667,169,25,0.007494,-1.5337,166.46,0,0,0,60.0230,219.138,0.08676,1,0,0,0,0,0.007183,0.000119,0.000876,0.000089,0.001153,0.000026,0.000642,0.000019,0.000715,0.000047,0.000795,0.000031,0.000376,0.000060,0.000604,-166.46,-161.47,-118.44,-102.31,-36.25,97.62,49.72,101.50,98.12,-163.27,173.58,178.33,-70.68,-158.87,-6.44,218.4452,4.9426,4.9013,3.7395,14.6601,2.2177,1.4981,0.7558,3.6032,0.5871,6.1635,0.7750,2.2253,0.7021,4.1389
2026-08-06 10:54:04.795,7.933333,169,26,0.007837,-1.6068,166.88,0,0,0,60.0230,219.138,0.08676,1,0,0,0,0,0.007504,0.000396,0.000918,0.000200,0.001001,0.000220,0.000780,0.000245,0.000812,0.000268,0.000606,0.000079,0.000449,0.000156,0.000747,-166.88,169.19,-134.60,165.18,-36.25,109.96,60.56,74.95,87.25,60.75,159.06,31.93,-42.99,33.78,2.06,218.4452,4.9426,4.9013,3.7395,14.6601,2.2177,1.4981,0.7558,3.6032,0.5871,6.1635,0.7750,2.2253,0.7021,4.1389
2026-08-06 10:54:04.795,7.950000,169,27,0.007570,-1.5512,166.56,0,0,0,60.0230,219.138,0.08676,1,0,0,0,0,0.007261,0.000195,0.000863,0.000109,0.001164,0.000004,0.000662,0.000074,0.000625,0.000081,0.000753,0.000045,0.000334,0.000009,0.000594,-166.56,175.21,-119.46,-127.97,-38.81,-105.51,49.60,-48.06,99.69,63.50,174.63,145.56,-66.03,164.38,-3.81,218.4452,4.9426,4.9013,3.7395,14.6601,2.2177,1.4981,0.7558,3.6032,0.5871,6.1635,0.7750,2.2253,0.7021,4.1389
2026-08-06 10:54:04.795,7.966667,169,28,0.007582,-1.5501,166.25,0,0,0,60.0230,219.138,0.08676,1,0,0,0,0,0.007263,0.000154,0.000979,0.000142,0.001199,0.000022,0.000653,0.000053,0.000605,0.000035,0.000686,0.000032,0.000404,0.000062,0.000581,-166.25,-159.99,-117.34,-104.81,-39.61,-12.66,49.13,129.53,93.45,-179.77,174.42,173.40,-61.44,-88.27,4.88,218.4452,4.9426,4.9013,3.7395,14.6601,2.2177,1.4981,0.7558,3.6032,0.5871,6.1635,0.7750,2.2253,0.7021,4.1389
2026-08-06 10:54:04.795,7.983333,169,29,0.007556,-1.5476,166.51,0,0,0,60.0230,219.138,0.08676,1,0,0,0,0,0.007238,0.000181,0.000880,0.000108,0.001224,0.000088,0.000623,0.000066,0.000685,0.000060,0.000732,0.000098,0.000355,0.000025,0.000628,-166.51,-159.43,-117.86,-105.81,-42.63,94.53,47.74,30.00,99.86,128.58,170.14,-176.79,-65.21,177.49,-4.81,218.4452,4.9426,4.9013,3.7395,14.6601,2.2177,1.4981,0.7558,3.6032,0.5871,6.1635,0.7750,2.2253,0.7021,4.1389
2026-08-06 10:54:05.014,8.000000,170,0,0.007526,-1.5398,166.11,0,0,0,60.0230,219.159,0.08683,1,0,0,0,0,0.007222,0.000212,0.000865,0.000142,0.001206,0.000069,0.000671,0.000012,0.000568,0.000056,0.000686,0.000086,0.000378,0.000035,0.000622,-166.11,-179.20,-118.26,-116.53,-39.44,66.31,51.64,45.89,98.50,90.09,-179.17,130.19,-71.62,119.42,-4.72,218.4649,4.9633,4.9325,3.7352,14.6926,2.2223,1.4531,0.7446,3.5742,0.5863,6.1331,0.7773,2.2507,0.7149,4.1143
2026-08-06 10:54:05.014,8.016667,170,1,0.007554,-1.5411,165.99,0,0,0,60.0230,219.159,0.08683,1,0,0,0,0,0.007224,0.000213,0.001002,0.000202,0.001220,0.000065,0.000591,0.000060,0.000699,0.000059,0.000684,0.000012,0.000383,0.000023,0.000612,-165.99,-147.09,-118.65,-115.77,-42.12,165.86,52.63,128.84,95.91,67.84,172.87,160.11,-65.82,174.82,-1.56,218.4649,4.9633,4.9325,3.7352,14.6926,2.2223,1.4531,0.7446,3.5742,0.5863,6.1331,0.7773,2.2507,0.7149,4.1143
2026-08-06 10:54:05.014,8.033333,170,2,0.007607,-1.5527,165.99,0,0,0,60.0230,219.159,0.08683,1,0,0,0,0,0.007288,0.000115,0.000957,0.000125,0.001239,0.000036,0.000591,0.000065,0.000630,0.000042,0.000721,0.000057,0.000376,0.000053,0.000623,-165.99,-173.83,-117.85,-124.04,-38.01,-71.25,50.51,37.37,93.48,121.82,173.03,-152.11,-68.61,141.42,4.67,218.4649,4.9633,4.9325,3.7352,14.6926,2.2223,1.4531,0.7446,3.5742,0.5863,6.1331,0.7773,2.2507,0.7149,4.1143
2026-08-06 10:54:05.014,8.050000,170,3,0.007619,-1.5540,165.49,0,0,0,60.0230,219.159,0.08683,1,0,0,0,0,0.007299,0.000313,0.000871,0.000147,0.001232,0.000055,0.000631,0.000073,0.000578,0.000086,0.000737,0.000098,0.000414,0.000051,0.000662,-165.49,-172.82,-120.05,-86.73,-42.07,109.15,47.38,-14.72,92.74,81.42,176.22,92.97,-75.77,157.91,-3.49,218.4649,4.9633,4.9325,3.7352,14.6926,2.2223,1.4531,0.7446,3.5742,0.5863,6.1331,0.7773,2.2507,0.7149,4.1143
2026-08-06 10:54:05.014,8.066667,170,4,0.007644,-1.5638,166.03,0,0,0,60.0230,219.159,0.08683,1,0,0,0,0,0.007335,0.000221,0.000935,0.000156,0.001167,0.000073,0.000619,0.000059,0.000621,0.000029,0.000685,0.000015,0.000396,0.000057,0.000665,-166.03,178.40,-117.23,-110.34,-41.10,58.76,43.25,162.16,95.09,-140.35,175.16,123.53,-64.86,-166.75,3.27,218.4649,4.9633,4.9325,3.7352,14.6926,2.2223,1.4531,0.7446,3.5742,0.5863,6.1331,0.7773,2.2507,0.7149,4.1143
2026-08-06 10:54:05.014,8.083333,170,5,0.007700,-1.5714,167.62,0,0,0,60.0230,219.159,0.08683,1,0,0,0,0,0.007327,0.000253,0.000760,0.000297,0.001475,0.000279,0.000463,0.000332,0.000831,0.000349,0.000453,0.000108,0.000558,0.000178,0.000522,-167.62,124.65,-104.53,-52.16,-48.86,-133.65,69.15,125.66,91.43,50.20,179.20,-80.30,-81.94,176.22,10.44,218.4649,4.9633,4.9325,3.7352,14.6926,2.2223,1.4531,0.7446,3.5742,0.5863,6.1331,0.7773,2.2507,0.7149,4.1143
2026-08-06 10:54:05.014,8.100000,170,6,0.007567,-1.5491,166.34,0,0,0,60.0230,219.159,0.08683,1,0,0,0,0,0.007249,0.000238,0.000900,0.000169,0.001218,0.000045,0.000665,0.000048,0.000622,0.000013,0.000692,0.000023,0.000354,0.000030,0.000635,-166.34,-165.20,-119.17,-110.89,-41.73,-48.78,46.84,-45.33,92.74,59.65,175.53,-170.45,-74.32,-163.39,-0.50,218.4649,4.9633,4.9325,3.7352,14.6926,2.2223,1.4531,0.7446,3.5742,0.5863,6.1331,0.7773,2.2507,0.7149,4.1143
2026-08-06 10:54:05.014,8.116667,170,7,0.007559,-1.5456,166.39,0,0,0,60.0230,219.159,0.08683,1,0,0,0,0,0.007238,0.000186,0.000941,0.000108,0.001177,0.000042,0.000647,0.000037,0.000683,0.000018,0.000725,0.000037,0.000344,0.000078,0.000607,-166.39,-161.22,-115.49,-110.43,-39.07,134.43,48.27,90.26,95.12,-120.61,175.05,-152.77,-72.17,-123.75,3.22,218.4649,4.9633,4.9325,3.7352,14.6926,2.2223,1.4531,0.7446,3.5742,0.5863,6.1331,0.7773,2.2507,0.7149,4.1143
2026-08-06 10:54:05.014,8.133333,170,8,0.007561,-1.5467,166.53,0,0,0,60.0230,219.159,0.08683,1,0,0,0,0,0.007234,0.000199,0.000894,0.000102,0.001245,0.000062,0.000645,0.000027,0.000647,0.000051,0.000720,0.000123,0.000386,0.000062,0.000604,-166.53,-172.63,-119.60,-124.93,-39.59,69.24,46.89,0.70,93.28,95.41,173.71,116.22,-65.99,110.25,-1.39,218.4649,4.9633,4.9325,3.7352,14.6926,2.2223,1.4531,0.7446,3.5742,0.5863,6.1331,0.7773,2.2507,0.7149,4.1143
2026-08-06 10:54:05.014,8.150000,170,9,0.007585,-1.5539,166.57,0,0,0,60.0230,219.159,0.08683,1,0,0,0,0,0.007266,0.000246,0.000908,0.000110,0.001216,0.000057,0.000657,0.000040,0.000618,0.000046,0.000708,0.000039,0.000319,0.000020,0.000652,-166.57,-167.75,-118.03,-111.59,-39.92,14.28,46.21,-85.92,95.31,22.28,176.52,89.18,-64.70,68.50,-3.56,218.4649,4.9633,4.9325,3.7352,14.6926,2.2223,1.4531,0.7446,3.5742,0.5863,6.1331,0.7773,2.2507,0.7149,4.1143
2026-08-06 10:54:05.014,8.166667,170,10,0.007510,-1.5401,166.75,0,0,0,60.0230,219.159,0.08683,1,0,0,0,0,0.007198,0.000152,0.000926,0.000114,0.001184,0.000019,0.000627,0.000051,0.000686,0.000027,0.000701,0.000034,0.000361,0.000079,0.000625,-166.75,-154.62,-118.51,-121.07,-39.44,58.46,52.38,76.18,93.38,-143.64,172.98,-68.95,-73.55,-122.64,-0.65,218.4649,4.9633,4.9325,3.7352,14.6926,2.2223,1.4531,0.7446,3.5742,0.5863,6.1331,0.7773,2.2507,0.7149,4.1143
2026-08-06 10:54:05.014,8.183333,170,11,0.007531,-1.5373,165.95,0,0,0,60.0230,219.159,0.08683,1,0,0,0,0,0.007210,0.000230,0.000902,0.000136,0.001231,0.000071,0.000640,0.000057,0.000627,0.000107,0.000671,0.000103,0.000340,0.000050,0.000603,-165.95,-172.73,-116.70,-100.64,-41.06,122.11,44.42,-1.00,100.26,67.04,176.16,128.40,-70.85,110.67,-2.21,218.4649,4.9633,4.9325,3.7352,14.6926,2.2223,1.4531,0.7446,3.5742,0.5863,6.1331,0.7773,2.2507,0.7149,4.1143
2026-08-06 10:54:05.014,8.200000,170,12,0.007572,-1.5506,165.90,0,0,0,60.0230,219.159,0.08683,1,0,0,0,0,0.007279,0.000270,0.000859,0.000162,0.001126,0.000043,0.000614,0.000059,0.000602,0.000039,0.000660,0.000042,0.000345,0.000038,0.000678,-165.90,173.96,-112.05,-112.23,-38.08,79.41,52.02,141.33,98.15,100.79,175.84,163.40,-66.44,145.15,-7.05,218.4649,4.9633,4.9325,3.7352,14.6926,2.2223,1.4531,0.7446,3.5742,0.5863,6.1331,0.7773,2.2507,0.7149,4.1143
2026-08-06 10:54:05.014,8.216667,170,13,0.007504,-1.5358,166.24,0,0,0,60.0230,219.159,0.08683,1,0,0,0,0,0.007194,0.000166,0.000925,0.000153,0.001186,0.000060,0.000603,0.000068,0.000657,0.000020,0.000655,0.000032,0.000357,0.000064,0.000613,-166.24,-153.20,-117.17,-111.16,-40.57,106.47,52.65,96.06,94.96,179.83,172.73,-117.06,-67.81,-158.01,4.95,218.4649,4.9633,4.9325,3.7352,14.6926,2.2223,1.4531,0.7446,3.5742,0.5863,6.1331,0.7773,2.2507,0.7149,4.1143
2026-08-06 10:54:05.014,8.233333,170,14,0.007552,-1.5359,165.30,0,0,0,60.0230,219.159,0.08683,1,0,0,0,0,0.007226,0.000255,0.000966,0.000082,0.001243,0.000061,0.000547,0.000022,0.000641,0.000197,0.000721,0.000056,0.000463,0.000048,0.000563,-165.30,-148.24,-117.88,-156.89,-37.39,-4.47,36.52,144.87,95.42,99.62,170.67,81.09,-71.87,159.19,0.66,218.4649,4.9633,4.9325,3.7352,14.6926,2.2223,1.4531,0.7446,3.5742,0.5863,6.1331,0.7773,2.2507,0.7149,4.1143
2026-08-06 10:54:05.014,8.250000,170,15,0.007428,-1.4982,165.74,0,0,0,60.0230,219.159,0.08683,1,0,0,0,0,0.007029,0.000442,0.000838,0.000258,0.001100,0.000260,0.000853,0.000322,0.000860,0.000122,0.000718,0.000156,0.000434,0.000323,0.000425,-165.74,176.26,-112.00,-100.50,-36.17,-69.00,67.45,-82.39,93.27,-60.38,-179.54,85.29,-99.32,32.81,-8.40,218.4649,4.9633,4.9325,3.7352,14.6926,2.2223,1.4531,0.7446,3.5742,0.5863,6.1331,0.7773,2.2507,0.7149,4.1143
2026-08-06 10:54:05.014,8.266667,170,16,0.007958,-1.6236,166.46,0,0,0,60.0230,219.159,0.08683,1,0,0,0,0,0.007606,0.000433,0.001086,0.000198,0.001053,0.000283,0.000411,0.000362,0.000529,0.000438,0.000819,0.000268,0.000523,0.000271,0.000499,-166.46,-155.14,-120.12,-142.26,-45.43,164.25,75.61,-156.24,131.96,-121.80,-162.74,-101.78,-77.07,-129.62,-21.17,218.4649,4.9633,4.9325,3.7352,14.6926,2.2223,1.4531,0.7446,3.5742,0.5863,6.1331,0.7773,2.2507,0.7149,4.1143
2026-08-06 10:54:05.014,8.283333,170,17,0.007917,-1.4374,155.72,0,0,0,60.0230,219.159,0.08683,1,0,0,0,0,0.007184,0.001077,0.000813,0.001624,0.001276,0.000800,0.001003,0.000437,0.000639,0.000922,0.000505,0.000393,0.000221,0.000040,0.000710,-155.72,-125.87,38.81,162.59,-27.35,117.67,111.23,41.28,128.80,81.59,-159.20,61.50,46.74,22.76,3.99,218.4649,4.9633,4.9325,3.7352,14.6926,2.2223,1.4531,0.7446,3.5742,0.5863,6.1331,0.7773,2.2507,0.7149,4.1143
2026-08-06 10:54:05.014,8.300000,170,18,0.007502,-1.5352,166.00,0,0,0,60.0230,219.159,0.08683,1,0,0,0,0,0.007199,0.000152,0.000885,0.000169,0.001168,0.000023,0.000618,0.000048,0.000621,0.000071,0.000699,0.000085,0.000331,0.000028,0.000639,-166.00,-170.32,-116.43,-111.91,-41.52,19.46,47.88,-89.24,99.09,98.32,177.22,154.25,-67.62,-106.41,-2.94,218.4649,4.9633,4.9325,3.7352,14.6926,2.2223,1.4531,0.7446,3.5742,0.5863,6.1331,0.7773,2.2507,0.7149,4.1143
2026-08-06 10:54:05.014,8.316667,170,19,0.007628,-1.5572,165.84,0,0,0,60.0230,219.159,0.08683,1,0,0,0,0,0.007303,0.000250,0.000969,0.000140,0.001211,0.000043,0.000627,0.000033,0.000665,0.000053,0.000688,0.000081,0.000351,0.000056,0.000614,-165.84,-160.13,-120.19,-113.95,-42.62,157.58,44.06,52.25,96.02,-158.41,172.24,-75.38,-73.26,-170.80,-0.48,218.4649,4.9633,4.9325,3.7352,14.6926,2.2223,1.4531,0.7446,3.5742,0.5863,6.1331,0.7773,2.2507,0.7149,4.1143
2026-08-06 10:54:05.014,8.333333,170,20,0.007503,-1.5358,167.40,0,0,0,60.0230,219.159,0.08683,1,0,0,0,0,0.007164,0.000275,0.000981,0.000123,0.001202,0.000124,0.000575,0.000086,0.000587,0.000136,0.000751,0.000170,0.000448,0.000048,0.000643,-167.40,168.41,-119.80,-74.85,-35.75,123.95,49.32,-25.47,85.82,110.26,168.58,-158.35,-67.55,-48.73,3.10,218.4649,4.9633,4.9325,3.7352,14.6926,2.2223,1.4531,0.7446,3.5742,0.5863,6.1331,0.7773,2.2507,0.7149,4.1143
2026-08-06 10:54:05.014,8.350000,170,21,0.007560,-1.5444,166.02,0,0,0,60.0230,219.159,0.08683,1,0,0,0,0,0.007239,0.000191,0.000928,0.000143,0.001220,0.000040,0.000653,0.000035,0.000663,0.000052,0.000711,0.000048,0.000363,0.000057,0.000581,-166.02,179.79,-116.46,-123.70,-40.81,123.45,46.53,-168.25,91.57,48.44,175.79,89.60,-67.76,118.31,-1.71,218.4649,4.9633,4.9325,3.7352,14.6926,2.2223,1.4531,0.7446,3.5742,0.5863,6.1331,0.7773,2.2507,0.7149,4.1143
2026-08-06 10:54:05.014,8.366667,170,22,0.007573,-1.5453,165.67,0,0,0,60.0230,219.159,0.08683,1,0,0,0,0,0.007255,0.000182,0.000903,0.000124,0.001188,0.000082,0.000619,0.000023,0.000654,0.000036,0.000745,0.000096,0.000372,0.000028,0.000587,-165.67,-163.53,-119.18,-106.34,-42.11,123.94,52.36,90.02,98.33,125.34,174.15,-109.34,-75.07,-133.30,1.66,218.4649,4.9633,4.9325,3.7352,14.6926,2.2223,1.4531,0.7446,3.5742,0.5863,6.1331,0.7773,2.2507,0.7149,4.1143
2026-08-06 10:54:05.014,8.383333,170,23,0.007561,-1.5451,166.19,0,0,0,60.0230,219.159,0.08683,1,0,0,0,0,0.007240,0.000185,0.000909,0.000115,0.001231,0.000028,0.000574,0.000101,0.000582,0.000086,0.000703,0.000051,0.000406,0.000061,0.000594,-166.19,-165.36,-119.84,-133.94,-40.16,96.71,44.46,17.16,92.25,62.26,173.26,119.88,-64.69,99.68,1.51,218.4649,4.9633,4.9325,3.7352,14.6926,2.2223,1.4531,0.7446,3.5742,0.5863,6.1331,0.7773,2.2507,0.7149,4.1143
2026-08-06 10:54:05.014,8.400000,170,24,0.007584,-1.5519,165.95,0,0,0,60.0230,219.159,0.08683,1,0,0,0,0,0.007274,0.000256,0.000919,0.000162,0.001165,0.000010,0.000623,0.000017,0.000590,0.000065,0.000694,0.000044,0.000391,0.000016,0.000661,-165.95,-173.23,-116.53,-131.81,-41.55,-104.52,46.11,-132.83,91.54,27.38,175.31,155.14,-64.20,-69.23,-0.75,218.4649,4.9633,4.9325,3.7352,14.6926,2.2223,1.4531,0.7446,3.5742,0.5863,6.1331,0.7773,2.2507,0.7149,4.1143
2026-08-06 10:54:05.014,8.416667,170,25,0.007536,-1.5406,165.98,0,0,0,60.0230,219.159,0.08683,1,0,0,0,0,0.007227,0.000215,0.000907,0.000134,0.001201,0.000040,0.000608,0.000055,0.000625,0.000025,0.000680,0.000072,0.000310,0.000049,0.000595,-165.98,-168.38,-118.76,-89.78,-40.38,67.73,45.28,90.89,92.34,158.31,173.66,-113.98,-69.81,156.11,3.69,218.4649,4.9633,4.9325,3.7352,14.6926,2.2223,1.4531,0.7446,3.5742,0.5863,6.1331,0.7773,2.2507,0.7149,4.1143
2026-08-06 10:54:05.014,8.433333,170,26,0.007550,-1.5430,165.98,0,0,0,60.0230,219.159,0.08683,1,0,0,0,0,0.007238,0.000221,0.000892,0.000149,0.001201,0.000019,0.000570,0.000051,0.000596,0.000016,0.000700,0.000064,0.000343,0.000044,0.000611,-165.98,-174.62,-118.12,-129.44,-40.12,61.59,49.07,-7.33,95.09,22.50,171.97,136.31,-71.94,38.68,4.18,218.4649,4.9633,4.9325,3.7352,14.6926,2.2223,1.4531,0.7446,3.5742,0.5863,6.1331,0.7773,2.2507,0.7149,4.1143
2026-08-06 10:54:05.014,8.450000,170,27,0.007541,-1.5429,166.51,0,0,0,60.0230,219.159,0.08683,1,0,0,0,0,0.007221,0.000208,0.000939,0.000160,0.001189,0.000043,0.000634,0.000018,0.000600,0.000014,0.000694,0.000085,0.000392,0.000047,0.000645,-166.51,179.54,-118.26,-120.32,-40.90,102.45,47.51,-173.08,97.29,-76.29,-178.78,97.75,-68.31,-171.29,-3.59,218.4649,4.9633,4.9325,3.7352,14.6926,2.2223,1.4531,0.7446,3.5742,0.5863,6.1331,0.7773,2.2507,0.7149,4.1143
2026-08-06 10:54:05.014,8.466667,170,28,0.007568,-1.5457,166.01,0,0,0,60.0230,219.159,0.08683,1,0,0,0,0,0.007249,0.000177,0.000913,0.000129,0.001224,0.000036,0.000629,0.000012,0.000665,0.000026,0.000689,0.000035,0.000355,0.000080,0.000621,-166.01,-162.03,-116.32,-113.76,-39.84,170.87,45.00,60.14,94.03,-171.54,173.80,-163.98,-64.03,112.51,3.86,218.4649,4.9633,4.9325,3.7352,14.6926,2.2223,1.4531,0.7446,3.5742,0.5863,6.1331,0.7773,2.2507,0.7149,4.1143
2026-08-06 10:54:05.014,8.483333,170,29,0.007524,-1.5407,166.26,0,0,0,60.0230,219.159,0.08683,1,0,0,0,0,0.007212,0.000231,0.000906,0.000168,0.001214,0.000061,0.000565,0.000033,0.000563,0.000050,0.000681,0.000050,0.000419,0.000031,0.000644,-166.26,-171.92,-117.36,-125.82,-42.74,104.54,43.25,45.73,88.03,109.37,174.72,148.35,-71.06,113.04,-4.29,218.4649,4.9633,4.9325,3.7352,14.6926,2.2223,1.4531,0.7446,3.5742,0.5863,6.1331,0.7773,2.2507,0.7149,4.1143
2026-08-06 10:54:05.231,8.500000,171,0,0.007540,-1.5409,166.57,0,0,0,60.0230,219.181,0.08680,1,0,0,0,0,0.007212,0.000157,0.000963,0.000115,0.001194,0.000031,0.000641,0.000025,0.000591,0.000047,0.000761,0.000078,0.000345,0.000043,0.000605,-166.57,-178.21,-118.35,-117.32,-38.81,-22.18,47.80,134.47,96.18,80.77,174.13,93.45,-54.56,-151.74,-2.33,218.4894,4.9707,4.9246,3.7514,14.6778,2.2268,1.4896,0.7582,3.5653,0.5918,6.1419,0.7730,2.2195,0.7012,4.1318
2026-08-06 10:54:05.231,8.516667,171,1,0.007619,-1.5628,166.53,0,0,0,60.0230,219.181,0.08680,1,0,0,0,0,0.007313,0.000191,0.000869,0.000156,0.001206,0.000014,0.000593,0.000047,0.000630,0.000032,0.000714,0.000121,0.000385,0.000092,0.000611,-166.53,-172.34,-118.08,-108.52,-39.93,173.80,48.21,56.94,94.68,172.54,170.26,-152.91,-75.34,158.41,2.65,218.4894,4.9707,4.9246,3.7514,14.6778,2.2268,1.4896,0.7582,3.5653,0.5918,6.1419,0.7730,2.2195,0.7012,4.1318
2026-08-06 10:54:05.231,8.533333,171,2,0.007548,-1.5444,166.16,0,0,0,60.0230,219.181,0.08680,1,0,0,0,0,0.007239,0.000218,0.000908,0.000104,0.001215,0.000045,0.000636,0.000053,0.000587,0.000078,0.000612,0.000094,0.000364,0.000054,0.000652,-166.16,-170.07,-117.41,-97.51,-38.47,105.91,43.70,7.52,92.95,107.80,174.57,125.90,-63.21,-145.82,2.34,218.4894,4.9707,4.9246,3.7514,14.6778,2.2268,1.4896,0.7582,3.5653,0.5918,6.1419,0.7730,2.2195,0.7012,4.1318
2026-08-06 10:54:05.231,8.550000,171,3,0.007532,-1.5408,166.09,0,0,0,60.0230,219.181,0.08680,1,0,0,0,0,0.007218,0.000199,0.000945,0.000186,0.001169,0.000009,0.000551,0.000076,0.000617,0.000031,0.000726,0.000105,0.000340,0.000079,0.000632,-166.09,-169.41,-120.92,-118.00,-40.57,-163.79,49.93,-144.26,96.33,32.20,174.63,78.92,-59.94,107.24,1.34,218.4894,4.9707,4.9246,3.7514,14.6778,2.2268,1.4896,0.7582,3.5653,0.5918,6.1419,0.7730,2.2195,0.7012,4.1318
2026-08-06 10:54:05.231,8.566667,171,4,0.007503,-1.5341,166.50,0,0,0,60.0230,219.181,0.08680,1,0,0,0,0,0.007182,0.000208,0.000902,0.000088,0.001232,0.000031,0.000623,0.000094,0.000678,0.000072,0.000693,0.000038,0.000323,0.000096,0.000581,-166.50,-157.41,-118.09,-113.68,-37.53,77.67,47.93,52.39,92.70,155.87,176.20,-155.90,-73.26,-153.44,4.49,218.4894,4.9707,4.9246,3.7514,14.6778,2.2268,1.4896,0.7582,3.5653,0.5918,6.1419,0.7730,2.2195,0.7012,4.1318
2026-08-06 10:54:05.231,8.583333,171,5,0.007573,-1.5479,166.20,0,0,0,60.0230,219.181,0.08680,1,0,0,0,0,0.007249,0.000225,0.000931,0.000134,0.001241,0.000047,0.000636,0.000064,0.000592,0.000070,0.000647,0.000087,0.000346,0.000064,0.000697,-166.20,-164.97,-119.42,-103.26,-41.05,78.24,43.74,-43.71,98.21,65.92,176.40,119.39,-68.48,82.05,0.37,218.4894,4.9707,4.9246,3.7514,14.6778,2.2268,1.4896,0.7582,3.5653,0.5918,6.1419,0.7730,2.2195,0.7012,4.1318
2026-08-06 10:54:05.231,8.600000,171,6,0.007497,-1.5329,166.03,0,0,0,60.0230,219.181,0.08680,1,0,0,0,0,0.007187,0.000192,0.000894,0.000119,0.001208,0.000013,0.000570,0.000063,0.000613,0.000083,0.000721,0.000106,0.000415,0.000028,0.000632,-166.03,-171.52,-117.37,-114.60,-39.69,149.82,47.93,157.86,104.41,109.78,-179.98,172.42,-65.42,-102.02,-4.64,218.4894,4.9707,4.9246,3.7514,14.6778,2.2268,1.4896,0.7582,3.5653,0.5918,6.1419,0.7730,2.2195,0.7012,4.1318
2026-08-06 10:54:05.231,8.616667,171,7,0.007536,-1.5403,166.39,0,0,0,60.0230,219.181,0.08680,1,0,0,0,0,0.007213,0.000190,0.000951,0.000108,0.001199,0.000030,0.000580,0.000009,0.000661,0.000025,0.000699,0.000038,0.000340,0.000061,0.000642,-166.39,-167.13,-118.37,-120.62,-39.36,-177.09,47.15,72.17,95.01,-118.44,175.37,174.83,-70.08,175.65,5.34,218.4894,4.9707,4.9246,3.7514,14.6778,2.2268,1.4896,0.7582,3.5653,0.5918,6.1419,0.7730,2.2195,0.7012,4.1318
2026-08-06 10:54:05.231,8.633333,171,8,0.007652,-1.5660,166.23,0,0,0,60.0230,219.181,0.08680,1,0,0,0,0,0.007336,0.000240,0.000921,0.000112,0.001182,0.000042,0.000658,0.000025,0.000602,0.000045,0.000710,0.000031,0.000321,0.000021,0.000641,-166.23,178.48,-116.70,-112.67,-41.81,51.99,48.18,-54.09,98.05,96.01,174.54,177.51,-72.71,134.71,-0.35,218.4894,4.9707,4.9246,3.7514,14.6778,2.2268,1.4896,0.7582,3.5653,0.5918,6.1419,0.7730,2.2195,0.7012,4.1318
2026-08-06 10:54:05.231,8.650000,171,9,0.007515,-1.5416,166.66,0,0,0,60.0230,219.181,0.08680,1,0,0,0,0,0.007207,0.000166,0.000906,0.000143,0.001195,0.000037,0.000610,0.000031,0.000609,0.000042,0.000689,0.000037,0.000333,0.000095,0.000660,-166.66,-177.19,-120.51,-100.20,-41.16,14.59,51.16,-174.46,95.83,107.78,175.70,90.09,-73.14,-174.85,-3.86,218.4894,4.9707,4.9246,3.7514,14.6778,2.2268,1.4896,0.7582,3.5653,0.5918,6.1419,0.7730,2.2195,0.7012,4.1318
2026-08-06 10:54:05.231,8.666667,171,10,0.007588,-1.5504,165.96,0,0,0,60.0230,219.181,0.08680,1,0,0,0,0,0.007270,0.000133,0.000920,0.000082,0.001200,0.000073,0.000604,0.000080,0.000618,0.000065,0.000703,0.000082,0.000389,0.000079,0.000617,-165.96,-170.43,-120.92,-113.78,-42.75,89.05,47.86,95.56,91.14,140.66,172.26,-155.19,-71.53,138.06,7.35,218.4894,4.9707,4.9246,3.7514,14.6778,2.2268,1.4896,0.7582,3.5653,0.5918,6.1419,0.7730,2.2195,0.7012,4.1318
2026-08-06 10:54:05.231,8.683333,171,11,0.007582,-1.5494,165.82,0,0,0,60.0230,219.181,0.08680,1,0,0,0,0,0.007273,0.000240,0.000908,0.000136,0.001235,0.000046,0.000598,0.000011,0.000599,0.000059,0.000628,0.000016,0.000307,0.000036,0.000649,-165.82,-177.27,-117.88,-108.33,-40.76,81.09,45.28,49.81,89.99,81.94,173.92,169.10,-61.59,117.26,4.00,218.4894,4.9707,4.9246,3.7514,14.6778,2.2268,1.4896,0.7582,3.5653,0.5918,6.1419,0.7730,2.2195,0.7012,4.1318
2026-08-06 10:54:05.231,8.700000,171,12,0.007541,-1.5403,165.92,0,0,0,60.0230,219.181,0.08680,1,0,0,0,0,0.007221,0.000209,0.000964,0.000169,0.001206,0.000003,0.000633,0.000008,0.000646,0.000049,0.000664,0.000052,0.000338,0.000069,0.000651,-165.92,-158.95,-117.01,-107.05,-40.96,158.75,48.25,-171.63,98.28,92.42,175.91,123.38,-64.51,-113.15,-2.08,218.4894,4.9707,4.9246,3.7514,14.6778,2.2268,1.4896,0.7582,3.5653,0.5918,6.1419,0.7730,2.2195,0.7012,4.1318
2026-08-06 10:54:05.231,8.716667,171,13,0.007581,-1.5486,165.90,0,0,0,60.0230,219.181,0.08680,1,0,0,0,0,0.007267,0.000185,0.000883,0.000113,0.001225,0.000069,0.000614,0.000034,0.000641,0.000063,0.000701,0.000119,0.000314,0.000062,0.000627,-165.90,-167.37,-116.91,-90.94,-40.68,70.59,45.92,57.03,93.72,97.10,175.28,170.21,-70.81,125.72,2.54,218.4894,4.9707,4.9246,3.7514,14.6778,2.2268,1.4896,0.7582,3.5653,0.5918,6.1419,0.7730,2.2195,0.7012,4.1318
2026-08-06 10:54:05.231,8.733333,171,14,0.007584,-1.5503,165.99,0,0,0,60.0230,219.181,0.08680,1,0,0,0,0,0.007267,0.000222,0.000924,0.000132,0.001197,0.000108,0.000658,0.000054,0.000629,0.000035,0.000635,0.000065,0.000300,0.000050,0.000662,-165.99,179.04,-118.79,-111.16,-41.76,123.35,49.61,-77.44,98.86,109.76,176.14,125.28,-68.76,170.79,-2.16,218.4894,4.9707,4.9246,3.7514,14.6778,2.2268,1.4896,0.7582,3.5653,0.5918,6.1419,0.7730,2.2195,0.7012,4.1318
2026-08-06 10:54:05.231,8.750000,171,15,0.007580,-1.5522,166.40,0,0,0,60.0230,219.181,0.08680,1,0,0,0,0,0.007267,0.000123,0.000966,0.000133,0.001177,0.000021,0.000596,0.000038,0.000644,0.000012,0.000693,0.000049,0.000318,0.000050,0.000626,-166.40,-178.22,-116.40,-114.20,-41.17,36.02,48.78,114.17,92.96,151.57,171.93,155.99,-65.42,-142.34,0.42,218.4894,4.9707,4.9246,3.7514,14.6778,2.2268,1.4896,0.7582,3.5653,0.5918,6.1419,0.7730,2.2195,0.7012,4.1318
2026-08-06 10:54:05.231,8.766667,171,16,0.007556,-1.5440,165.86,0,0,0,60.0230,219.181,0.08680,1,0,0,0,0,0.007249,0.000189,0.000905,0.000060,0.001183,0.000085,0.000617,0.000067,0.000633,0.000033,0.000658,0.000076,0.000378,0.000067,0.000615,-165.86,-166.48,-115.52,-130.39,-39.35,111.42,43.78,92.43,93.39,-175.04,175.34,-158.74,-73.31,151.32,3.85,218.4894,4.9707,4.9246,3.7514,14.6778,2.2268,1.4896,0.7582,3.5653,0.5918,6.1419,0.7730,2.2195,0.7012,4.1318
2026-08-06 10:54:05.231,8.783333,171,17,0.007524,-1.5399,166.20,0,0,0,60.0230,219.181,0.08680,1,0,0,0,0,0.007210,0.000245,0.000867,0.000184,0.001218,0.000042,0.000558,0.000022,0.000607,0.000074,0.000680,0.000084,0.000385,0.000030,0.000652,-166.20,-166.34,-117.85,-117.70,-41.39,97.43,49.09,13.89,91.26,96.95,177.94,103.84,-64.26,111.44,-0.73,218.4894,4.9707,4.9246,3.7514,14.6778,2.2268,1.4896,0.7582,3.5653,0.5918,6.1419,0.7730,2.2195,0.7012,4.1318
2026-08-06 10:54:05.231,8.800000,171,18,0.007537,-1.5414,166.11,0,0,0,60.0230,219.181,0.08680,1,0,0,0,0,0.007223,0.000211,0.000930,0.000160,0.001198,0.000027,0.000607,0.000042,0.000608,0.000046,0.000696,0.000055,0.000378,0.000021,0.000663,-166.11,-170.37,-121.26,-105.65,-40.70,46.07,47.46,-162.18,98.69,78.61,174.29,-173.31,-62.71,138.32,0.38,218.4894,4.9707,4.9246,3.7514,14.6778,2.2268,1.4896,0.7582,3.5653,0.5918,6.1419,0.7730,2.2195,0.7012,4.1318
2026-08-06 10:54:05.231,8.816667,171,19,0.007580,-1.5474,166.04,0,0,0,60.0230,219.181,0.08680,1,0,0,0,0,0.007256,0.000193,0.000969,0.000116,0.001241,0.000051,0.000578,0.000073,0.000628,0.000061,0.000653,0.000077,0.000339,0.000079,0.000645,-166.04,-168.84,-117.26,-121.25,-41.26,126.82,47.72,82.15,97.91,107.92,175.01,169.96,-71.29,138.94,-0.41,218.4894,4.9707,4.9246,3.7514,14.6778,2.2268,1.4896,0.7582,3.5653,0.5918,6.1419,0.7730,2.2195,0.7012,4.1318
2026-08-06 10:54:05.231,8.833333,171,20,0.007540,-1.5436,166.35,0,0,0,60.0230,219.181,0.08680,1,0,0,0,0,0.007225,0.000222,0.000924,0.000138,0.001196,0.000013,0.000620,0.000019,0.000601,0.000073,0.000615,0.000093,0.000386,0.000029,0.000694,-166.35,-166.79,-116.76,-129.86,-41.14,77.96,49.61,22.98,94.07,116.41,177.62,108.76,-68.96,175.04,0.36,218.4894,4.9707,4.9246,3.7514,14.6778,2.2268,1.4896,0.7582,3.5653,0.5918,6.1419,0.7730,2.2195,0.7012,4.1318
2026-08-06 10:54:05.231,8.850000,171,21,0.007585,-1.5520,166.40,0,0,0,60.0230,219.181,0.08680,1,0,0,0,0,0.007265,0.000236,0.000946,0.000146,0.001184,0.000041,0.000594,0.000041,0.000659,0.000037,0.000733,0.000024,0.000358,0.000032,0.000614,-166.40,-155.62,-117.71,-108.43,-39.58,-8.82,47.36,-92.39,97.19,-81.45,175.86,79.11,-64.13,-128.03,0.27,218.4894,4.9707,4.9246,3.7514,14.6778,2.2268,1.4896,0.7582,3.5653,0.5918,6.1419,0.7730,2.2195,0.7012,4.1318
2026-08-06 10:54:05.231,8.866667,171,22,0.007598,-1.5528,166.29,0,0,0,60.0230,219.181,0.08680,1,0,0,0,0,0.007273,0.000180,0.000899,0.000089,0.001227,0.000068,0.000664,0.000043,0.000627,0.000040,0.000686,0.000092,0.000332,0.000024,0.000618,-166.29,-169.52,-117.91,-117.78,-40.17,86.27,48.88,46.16,92.20,141.29,174.15,-142.28,-61.87,-161.05,6.96,218.4894,4.9707,4.9246,3.7514,14.6778,2.2268,1.4896,0.7582,3.5653,0.5918,6.1419,0.7730,2.2195,0.7012,4.1318
2026-08-06 10:54:05.231,8.883333,171,23,0.007494,-1.5348,166.29,0,0,0,60.0230,219.181,0.08680,1,0,0,0,0,0.007188,0.000175,0.000917,0.000170,0.001158,0.000070,0.000621,0.000007,0.000602,0.000077,0.000685,0.000076,0.000365,0.000059,0.000636,-166.29,-172.22,-118.97,-104.31,-39.63,55.65,46.45,28.29,99.68,109.86,179.72,97.94,-65.36,111.88,1.01,218.4894,4.9707,4.9246,3.7514,14.6778,2.2268,1.4896,0.7582,3.5653,0.5918,6.1419,0.7730,2.2195,0.7012,4.1318
2026-08-06 10:54:05.231,8.900000,171,24,0.007577,-1.5518,167.09,0,0,0,60.0230,219.181,0.08680,1,0,0,0,0,0.007247,0.000231,0.000813,0.000144,0.001272,0.000067,0.000511,0.000146,0.000761,0.000132,0.000597,0.000042,0.000473,0.000189,0.000572,-167.09,158.40,-113.64,-45.48,-40.38,-135.83,45.43,155.32,103.42,102.41,166.89,-10.83,-61.09,-108.14,-11.70,218.4894,4.9707,4.9246,3.7514,14.6778,2.2268,1.4896,0.7582,3.5653,0.5918,6.1419,0.7730,2.2195,0.7012,4.1318
2026-08-06 10:54:05.231,8.916667,171,25,0.007555,-1.5442,165.94,0,0,0,60.0230,219.181,0.08680,1,0,0,0,0,0.007244,0.000222,0.000942,0.000088,0.001178,0.000034,0.000631,0.000057,0.000558,0.000096,0.000636,0.000049,0.000327,0.000016,0.000698,-165.94,-178.15,-120.48,-79.75,-41.70,133.56,45.24,-24.05,95.44,120.27,176.07,145.82,-73.35,136.19,5.63,218.4894,4.9707,4.9246,3.7514,14.6778,2.2268,1.4896,0.7582,3.5653,0.5918,6.1419,0.7730,2.2195,0.7012,4.1318
2026-08-06 10:54:05.231,8.933333,171,26,0.007650,-1.5637,166.10,0,0,0,60.0230,219.181,0.08680,1,0,0,0,0,0.007328,0.000195,0.000930,0.000132,0.001240,0.000083,0.000629,0.000066,0.000617,0.000006,0.000722,0.000032,0.000340,0.000013,0.000643,-166.10,-177.37,-119.70,-112.56,-40.39,46.98,46.06,-109.83,93.37,178.02,175.41,97.99,-64.32,-64.40,-1.89,218.4894,4.9707,4.9246,3.7514,14.6778,2.2268,1.4896,0.7582,3.5653,0.5918,6.1419,0.7730,2.2195,0.7012,4.1318
2026-08-06 10:54:05.231,8.950000,171,27,0.007569,-1.5516,166.41,0,0,0,60.0230,219.181,0.08680,1,0,0,0,0,0.007261,0.000207,0.000889,0.000134,0.001168,0.000055,0.000651,0.000080,0.000690,0.000065,0.000735,0.000039,0.000359,0.000030,0.000577,-166.41,-165.57,-116.86,-112.35,-38.63,106.34,46.12,83.08,99.26,-5.57,175.34,-108.27,-68.07,137.31,1.27,218.4894,4.9707,4.9246,3.7514,14.6778,2.2268,1.4896,0.7582,3.5653,0.5918,6.1419,0.7730,2.2195,0.7012,4.1318
2026-08-06 10:54:05.231,8.966667,171,28,0.007609,-1.5491,165.71,0,0,0,60.0230,219.181,0.08680,1,0,0,0,0,0.007270,0.000245,0.000925,0.000100,0.001238,0.000053,0.000664,0.000020,0.000619,0.000060,0.000671,0.000054,0.000415,0.000063,0.000704,-165.71,-177.68,-118.51,-119.20,-40.46,137.82,41.81,-19.54,90.43,73.61,175.51,158.68,-72.76,105.99,0.86,218.4894,4.9707,4.9246,3.7514,14.6778,2.2268,1.4896,0.7582,3.5653,0.5918,6.1419,0.7730,2.2195,0.7012,4.1318
2026-08-06 10:54:05.231,8.983333,171,29,0.007579,-1.5476,166.10,0,0,0,60.0230,219.181,0.08680,1,0,0,0,0,0.007254,0.000163,0.000962,0.000145,0.001228,0.000030,0.000626,0.000032,0.000604,0.000030,0.000738,0.000018,0.000394,0.000018,0.000620,-166.10,-167.07,-119.26,-136.61,-38.97,-95.69,45.04,-125.59,90.99,-15.62,176.17,39.95,-56.19,176.23,1.50,218.4894,4.9707,4.9246,3.7514,14.6778,2.2268,1.4896,0.7582,3.5653,0.5918,6.1419,0.7730,2.2195,0.7012,4.1318
2026-08-06 10:54:05.482,9.000000,172,0,0.007562,-1.5482,166.68,0,0,0,60.0230,219.182,0.08696,1,0,0,0,0,0.007242,0.000151,0.000906,0.000037,0.001169,0.000033,0.000618,0.000084,0.000644,0.000049,0.000711,0.000052,0.000373,0.000076,0.000627,-166.68,-179.95,-116.83,-92.32,-39.60,-154.12,45.25,90.87,92.36,-147.18,174.05,-160.40,-70.92,-152.45,4.49,218.4874,4.9699,4.9370,3.7540,14.7080,2.2219,1.4526,0.7531,3.6021,0.6109,6.1614,0.7940,2.1932,0.6880,4.1334
2026-08-06 10:54:05.482,9.016667,172,1,0.007511,-1.5397,166.51,0,0,0,60.0230,219.182,0.08696,1,0,0,0,0,0.007198,0.000233,0.000885,0.000146,0.001164,0.000072,0.000649,0.000047,0.000648,0.000029,0.000642,0.000051,0.000380,0.000047,0.000657,-166.51,-178.88,-114.65,-114.23,-41.94,112.68,50.03,60.91,100.12,140.41,170.80,142.84,-75.08,-132.89,-2.59,218.4874,4.9699,4.9370,3.7540,14.7080,2.2219,1.4526,0.7531,3.6021,0.6109,6.1614,0.7940,2.1932,0.6880,4.1334
2026-08-06 10:54:05.482,9.033333,172,2,0.007644,-1.5627,166.14,0,0,0,60.0230,219.182,0.08696,1,0,0,0,0,0.007317,0.000155,0.000972,0.000131,0.001214,0.000040,0.000629,0.000034,0.000664,0.000080,0.000691,0.000060,0.000331,0.000041,0.000688,-166.14,-166.74,-114.10,-126.80,-42.77,116.48,47.44,-155.24,95.90,87.11,174.29,117.76,-59.35,-32.01,-4.91,218.4874,4.9699,4.9370,3.7540,14.7080,2.2219,1.4526,0.7531,3.6021,0.6109,6.1614,0.7940,2.1932,0.6880,4.1334
2026-08-06 10:54:05.482,9.050000,172,3,0.007589,-1.5470,165.71,0,0,0,60.0230,219.182,0.08696,1,0,0,0,0,0.007264,0.000133,0.000919,0.000116,0.001204,0.000084,0.000628,0.000046,0.000709,0.000039,0.000721,0.000070,0.000351,0.000007,0.000623,-165.71,-174.35,-117.57,-119.37,-38.91,123.99,49.07,121.97,96.08,147.26,173.20,-138.06,-64.68,-176.16,-4.66,218.4874,4.9699,4.9370,3.7540,14.7080,2.2219,1.4526,0.7531,3.6021,0.6109,6.1614,0.7940,2.1932,0.6880,4.1334
2026-08-06 10:54:05.482,9.066667,172,4,0.007618,-1.5553,165.73,0,0,0,60.0230,219.182,0.08696,1,0,0,0,0,0.007301,0.000211,0.000910,0.000122,0.001221,0.000062,0.000623,0.000074,0.000599,0.000106,0.000672,0.000101,0.000404,0.000072,0.000659,-165.73,-175.24,-116.49,-112.20,-41.16,62.68,46.39,-20.26,94.14,81.08,176.69,118.25,-70.47,109.66,-2.96,218.4874,4.9699,4.9370,3.7540,14.7080,2.2219,1.4526,0.7531,3.6021,0.6109,6.1614,0.7940,2.1932,0.6880,4.1334
2026-08-06 10:54:05.482,9.083333,172,5,0.007559,-1.5460,166.20,0,0,0,60.0230,219.182,0.08696,1,0,0,0,0,0.007242,0.000162,0.000932,0.000111,0.001204,0.000012,0.000590,0.000047,0.000631,0.000041,0.000738,0.000061,0.000359,0.000028,0.000637,-166.20,-170.10,-120.16,-104.02,-38.92,31.16,46.80,-132.62,97.37,88.71,175.26,117.99,-63.38,-31.77,3.10,218.4874,4.9699,4.9370,3.7540,14.7080,2.2219,1.4526,0.7531,3.6021,0.6109,6.1614,0.7940,2.1932,0.6880,4.1334
2026-08-06 10:54:05.482,9.100000,172,6,0.007494,-1.5291,166.02,0,0,0,60.0230,219.182,0.08696,1,0,0,0,0,0.007171,0.000184,0.000920,0.000099,0.001256,0.000066,0.000614,0.000094,0.000582,0.000089,0.000699,0.000089,0.000378,0.000070,0.000593,-166.02,-176.43,-118.87,-141.98,-39.18,80.33,46.89,105.52,91.40,94.45,176.42,153.68,-68.89,131.65,-0.04,218.4874,4.9699,4.9370,3.7540,14.7080,2.2219,1.4526,0.7531,3.6021,0.6109,6.1614,0.7940,2.1932,0.6880,4.1334
2026-08-06 10:54:05.482,9.116667,172,7,0.007577,-1.5508,166.30,0,0,0,60.0230,219.182,0.08696,1,0,0,0,0,0.007260,0.000239,0.000939,0.000151,0.001192,0.000035,0.000621,0.000040,0.000578,0.000083,0.000692,0.000102,0.000343,0.000067,0.000638,-166.30,-176.00,-120.21,-108.81,-40.19,124.22,47.70,4.45,99.73,138.25,172.94,124.96,-70.68,161.61,-1.73,218.4874,4.9699,4.9370,3.7540,14.7080,2.2219,1.4526,0.7531,3.6021,0.6109,6.1614,0.7940,2.1932,0.6880,4.1334
2026-08-06 10:54:05.482,9.133333,172,8,0.007558,-1.5481,166.40,0,0,0,60.0230,219.182,0.08696,1,0,0,0,0,0.007247,0.000232,0.000902,0.000170,0.001163,0.000045,0.000657,0.000008,0.000623,0.000023,0.000665,0.000012,0.000411,0.000037,0.000621,-166.40,-169.80,-114.22,-136.74,-39.63,74.67,55.62,-129.38,97.91,46.33,179.77,126.03,-66.31,-124.66,-2.34,218.4874,4.9699,4.9370,3.7540,14.7080,2.2219,1.4526,0.7531,3.6021,0.6109,6.1614,0.7940,2.1932,0.6880,4.1334
2026-08-06 10:54:05.482,9.150000,172,9,0.007602,-1.5480,165.54,0,0,0,60.0230,219.182,0.08696,1,0,0,0,0,0.007278,0.000208,0.000922,0.000123,0.001229,0.000062,0.000604,0.000092,0.000706,0.000030,0.000622,0.000124,0.000404,0.000105,0.000617,-165.54,-169.99,-118.90,-122.11,-39.82,90.96,44.26,123.43,95.18,13.56,172.13,-127.17,-74.55,158.76,4.79,218.4874,4.9699,4.9370,3.7540,14.7080,2.2219,1.4526,0.7531,3.6021,0.6109,6.1614,0.7940,2.1932,0.6880,4.1334
2026-08-06 10:54:05.482,9.166667,172,10,0.007633,-1.5612,165.87,0,0,0,60.0230,219.182,0.08696,1,0,0,0,0,0.007323,0.000232,0.000911,0.000105,0.001210,0.000029,0.000663,0.000053,0.000598,0.000067,0.000665,0.000043,0.000276,0.000035,0.000666,-165.87,170.95,-120.08,-111.43,-40.96,104.85,47.76,-79.46,96.40,122.50,174.42,147.28,-68.34,169.75,1.17,218.4874,4.9699,4.9370,3.7540,14.7080,2.2219,1.4526,0.7531,3.6021,0.6109,6.1614,0.7940,2.1932,0.6880,4.1334
2026-08-06 10:54:05.482,9.183333,172,11,0.007573,-1.5459,165.98,0,0,0,60.0230,219.182,0.08696,1,0,0,0,0,0.007248,0.000174,0.000998,0.000129,0.001175,0.000053,0.000635,0.000035,0.000662,0.000031,0.000690,0.000033,0.000344,0.000070,0.000658,-165.98,-168.87,-114.90,-106.84,-41.01,144.29,52.75,132.09,97.70,103.93,172.04,58.45,-68.35,-120.73,3.20,218.4874,4.9699,4.9370,3.7540,14.7080,2.2219,1.4526,0.7531,3.6021,0.6109,6.1614,0.7940,2.1932,0.6880,4.1334
2026-08-06 10:54:05.482,9.200000,172,12,0.007590,-1.5489,165.81,0,0,0,60.0230,219.182,0.08696,1,0,0,0,0,0.007267,0.000188,0.000870,0.000098,0.001235,0.000058,0.000643,0.000047,0.000681,0.000051,0.000735,0.000109,0.000355,0.000031,0.000658,-165.81,-160.48,-119.70,-109.54,-39.57,115.49,48.41,-26.43,96.89,145.66,171.63,-159.67,-69.45,25.09,-4.08,218.4874,4.9699,4.9370,3.7540,14.7080,2.2219,1.4526,0.7531,3.6021,0.6109,6.1614,0.7940,2.1932,0.6880,4.1334
2026-08-06 10:54:05.482,9.216667,172,13,0.007587,-1.5523,165.86,0,0,0,60.0230,219.182,0.08696,1,0,0,0,0,0.007280,0.000212,0.000906,0.000124,0.001179,0.000105,0.000643,0.000039,0.000612,0.000067,0.000691,0.000044,0.000337,0.000035,0.000642,-165.86,177.26,-116.97,-114.08,-43.21,100.62,50.88,-160.33,98.47,102.34,178.12,168.01,-71.77,156.82,-3.34,218.4874,4.9699,4.9370,3.7540,14.7080,2.2219,1.4526,0.7531,3.6021,0.6109,6.1614,0.7940,2.1932,0.6880,4.1334
2026-08-06 10:54:05.482,9.233333,172,14,0.007477,-1.5264,165.99,0,0,0,60.0230,219.182,0.08696,1,0,0,0,0,0.007159,0.000165,0.000934,0.000165,0.001163,0.000088,0.000628,0.000067,0.000657,0.000033,0.000738,0.000040,0.000410,0.000101,0.000612,-165.99,-156.32,-117.72,-115.64,-39.92,67.54,52.10,123.17,96.71,54.96,177.09,176.70,-74.01,178.13,-5.82,218.4874,4.9699,4.9370,3.7540,14.7080,2.2219,1.4526,0.7531,3.6021,0.6109,6.1614,0.7940,2.1932,0.6880,4.1334
2026-08-06 10:54:05.482,9.250000,172,15,0.007556,-1.5450,166.57,0,0,0,60.0230,219.182,0.08696,1,0,0,0,0,0.007225,0.000205,0.000922,0.000114,0.001226,0.000042,0.000667,0.000055,0.000670,0.000006,0.000688,0.000087,0.000323,0.000081,0.000629,-166.57,-167.57,-118.19,-97.89,-39.70,-139.44,47.77,42.51,97.06,89.23,170.57,178.54,-69.29,150.78,0.55,218.4874,4.9699,4.9370,3.7540,14.7080,2.2219,1.4526,0.7531,3.6021,0.6109,6.1614,0.7940,2.1932,0.6880,4.1334
2026-08-06 10:54:05.482,9.266667,172,16,0.007567,-1.5442,165.96,0,0,0,60.0230,219.182,0.08696,1,0,0,0,0,0.007237,0.000221,0.000952,0.000199,0.001228,0.000049,0.000670,0.000032,0.000664,0.000093,0.000693,0.000079,0.000322,0.000038,0.000643,-165.96,-158.17,-117.89,-120.89,-41.70,67.89,54.50,-86.21,95.91,44.83,178.16,56.03,-65.79,-130.01,1.44,218.4874,4.9699,4.9370,3.7540,14.7080,2.2219,1.4526,0.7531,3.6021,0.6109,6.1614,0.7940,2.1932,0.6880,4.1334
2026-08-06 10:54:05.482,9.283333,172,17,0.007592,-1.5540,166.74,0,0,0,60.0230,219.182,0.08696,1,0,0,0,0,0.007268,0.000222,0.000961,0.000136,0.001204,0.000029,0.000620,0.000084,0.000621,0.000009,0.000718,0.000060,0.000350,0.000096,0.000564,-166.74,-161.42,-115.26,-94.72,-40.69,43.59,44.29,82.99,94.10,114.24,176.54,-155.21,-69.18,162.76,1.08,218.4874,4.9699,4.9370,3.7540,14.7080,2.2219,1.4526,0.7531,3.6021,0.6109,6.1614,0.7940,2.1932,0.6880,4.1334
2026-08-06 10:54:05.482,9.300000,172,18,0.007581,-1.5463,165.96,0,0,0,60.0230,219.182,0.08696,1,0,0,0,0,0.007255,0.000192,0.000928,0.000110,0.001253,0.000054,0.000574,0.000049,0.000602,0.000082,0.000689,0.000093,0.000380,0.000063,0.000670,-165.96,-172.67,-117.77,-136.80,-39.12,82.18,43.27,39.30,89.27,98.27,176.57,120.01,-74.71,113.16,-0.40,218.4874,4.9699,4.9370,3.7540,14.7080,2.2219,1.4526,0.7531,3.6021,0.6109,6.1614,0.7940,2.1932,0.6880,4.1334
2026-08-06 10:54:05.482,9.316667,172,19,0.007474,-1.5334,166.89,0,0,0,60.0230,219.182,0.08696,1,0,0,0,0,0.007163,0.000244,0.000861,0.000109,0.001165,0.000055,0.000632,0.000018,0.000604,0.000060,0.000682,0.000123,0.000359,0.000084,0.000678,-166.89,-179.28,-117.81,-128.99,-39.53,88.33,44.04,126.90,101.51,81.02,179.84,148.65,-63.30,-150.28,-7.23,218.4874,4.9699,4.9370,3.7540,14.7080,2.2219,1.4526,0.7531,3.6021,0.6109,6.1614,0.7940,2.1932,0.6880,4.1334
2026-08-06 10:54:05.482,9.333333,172,20,0.007532,-1.5399,166.15,0,0,0,60.0230,219.182,0.08696,1,0,0,0,0,0.007216,0.000199,0.000884,0.000106,0.001224,0.000148,0.000624,0.000063,0.000610,0.000045,0.000676,0.000051,0.000373,0.000081,0.000647,-166.15,-176.74,-116.17,-113.73,-42.05,106.04,43.23,110.32,99.28,131.26,176.86,175.74,-77.23,153.00,-4.20,218.4874,4.9699,4.9370,3.7540,14.7080,2.2219,1.4526,0.7531,3.6021,0.6109,6.1614,0.7940,2.1932,0.6880,4.1334
2026-08-06 10:54:05.482,9.350000,172,21,0.007515,-1.5380,166.26,0,0,0,60.0230,219.182,0.08696,1,0,0,0,0,0.007202,0.000180,0.000923,0.000124,0.001163,0.000053,0.000638,0.000046,0.000630,0.000061,0.000669,0.000076,0.000325,0.000037,0.000667,-166.26,172.86,-118.47,-95.79,-40.24,88.04,49.46,111.25,100.15,133.45,172.07,136.34,-67.30,-110.28,1.16,218.4874,4.9699,4.9370,3.7540,14.7080,2.2219,1.4526,0.7531,3.6021,0.6109,6.1614,0.7940,2.1932,0.6880,4.1334
2026-08-06 10:54:05.482,9.366667,172,22,0.007573,-1.5476,165.97,0,0,0,60.0230,219.182,0.08696,1,0,0,0,0,0.007250,0.000179,0.000937,0.000147,0.001180,0.000044,0.000636,0.000028,0.000675,0.000057,0.000691,0.000023,0.000329,0.000064,0.000670,-165.97,176.09,-117.14,-111.06,-41.22,-139.84,48.17,-142.53,99.42,34.92,174.70,136.93,-62.07,16.02,-1.94,218.4874,4.9699,4.9370,3.7540,14.7080,2.2219,1.4526,0.7531,3.6021,0.6109,6.1614,0.7940,2.1932,0.6880,4.1334
2026-08-06 10:54:05.482,9.383333,172,23,0.007603,-1.5530,165.84,0,0,0,60.0230,219.182,0.08696,1,0,0,0,0,0.007285,0.000239,0.000905,0.000122,0.001182,0.000030,0.000635,0.000013,0.000671,0.000044,0.000697,0.000096,0.000346,0.000033,0.000591,-165.84,-160.12,-117.72,-99.13,-42.80,98.01,45.96,152.76,93.67,115.17,175.76,-105.90,-73.89,-164.89,0.89,218.4874,4.9699,4.9370,3.7540,14.7080,2.2219,1.4526,0.7531,3.6021,0.6109,6.1614,0.7940,2.1932,0.6880,4.1334
2026-08-06 10:54:05.482,9.400000,172,24,0.007556,-1.5449,166.11,0,0,0,60.0230,219.182,0.08696,1,0,0,0,0,0.007240,0.000250,0.000895,0.000163,0.001207,0.000034,0.000637,0.000076,0.000617,0.000096,0.000650,0.000110,0.000337,0.000031,0.000646,-166.11,-176.32,-118.04,-116.38,-40.14,100.78,45.89,-0.87,96.98,103.82,179.94,151.31,-66.67,-137.35,0.49,218.4874,4.9699,4.9370,3.7540,14.7080,2.2219,1.4526,0.7531,3.6021,0.6109,6.1614,0.7940,2.1932,0.6880,4.1334
2026-08-06 10:54:05.482,9.416667,172,25,0.007610,-1.5570,166.23,0,0,0,60.0230,219.182,0.08696,1,0,0,0,0,0.007291,0.000192,0.000918,0.000123,0.001182,0.000023,0.000643,0.000067,0.000623,0.000049,0.000734,0.000078,0.000345,0.000020,0.000695,-166.23,178.38,-118.43,-111.04,-39.90,49.94,46.13,-136.96,102.75,-158.08,175.94,177.66,-70.16,-125.56,-9.49,218.4874,4.9699,4.9370,3.7540,14.7080,2.2219,1.4526,0.7531,3.6021,0.6109,6.1614,0.7940,2.1932,0.6880,4.1334
2026-08-06 10:54:05.482,9.433333,172,26,0.007551,-1.5380,165.91,0,0,0,60.0230,219.182,0.08696,1,0,0,0,0,0.007217,0.000189,0.000924,0.000118,0.001243,0.000056,0.000607,0.000100,0.000655,0.000060,0.000709,0.000094,0.000359,0.000073,0.000652,-165.91,179.45,-117.98,-116.10,-39.98,78.75,46.70,67.91,95.70,148.14,176.80,-139.09,-76.43,140.36,0.17,218.4874,4.9699,4.9370,3.7540,14.7080,2.2219,1.4526,0.7531,3.6021,0.6109,6.1614,0.7940,2.1932,0.6880,4.1334
2026-08-06 10:54:05.482,9.450000,172,27,0.007543,-1.5437,166.33,0,0,0,60.0230,219.182,0.08696,1,0,0,0,0,0.007230,0.000217,0.000858,0.000125,0.001188,0.000078,0.000610,0.000066,0.000669,0.000038,0.000696,0.000040,0.000323,0.000016,0.000667,-166.33,-168.12,-115.96,-109.47,-40.71,106.49,46.86,-22.94,98.50,157.65,175.92,33.97,-69.59,107.09,0.46,218.4874,4.9699,4.9370,3.7540,14.7080,2.2219,1.4526,0.7531,3.6021,0.6109,6.1614,0.7940,2.1932,0.6880,4.1334
2026-08-06 10:54:05.482,9.466667,172,28,0.007582,-1.5511,166.44,0,0,0,60.0230,219.182,0.08696,1,0,0,0,0,0.007261,0.000210,0.000953,0.000100,0.001193,0.000044,0.000673,0.000020,0.000689,0.000064,0.000675,0.000014,0.000325,0.000103,0.000651,-166.44,-170.81,-118.28,-113.57,-37.63,124.16,49.81,172.02,99.27,-168.95,173.15,158.26,-68.82,-125.71,-1.90,218.4874,4.9699,4.9370,3.7540,14.7080,2.2219,1.4526,0.7531,3.6021,0.6109,6.1614,0.7940,2.1932,0.6880,4.1334
2026-08-06 10:54:05.482,9.483333,172,29,0.007577,-1.5442,165.42,0,0,0,60.0230,219.182,0.08696,1,0,0,0,0,0.007260,0.000193,0.000901,0.000119,0.001207,0.000031,0.000624,0.000086,0.000627,0.000084,0.000692,0.000059,0.000354,0.000119,0.000642,-165.42,176.16,-113.67,-114.62,-41.10,126.70,46.41,98.62,95.17,113.06,174.48,-164.09,-69.61,113.68,4.32,218.4874,4.9699,4.9370,3.7540,14.7080,2.2219,1.4526,0.7531,3.6021,0.6109,6.1614,0.7940,2.1932,0.6880,4.1334
2026-08-06 10:54:05.744,9.500000,173,0,0.007553,-1.5471,166.43,0,0,0,60.0269,219.207,0.08681,1,0,0,0,0,0.007242,0.000224,0.000943,0.000122,0.001168,0.000067,0.000631,0.000054,0.000615,0.000101,0.000656,0.000029,0.000258,0.000096,0.000647,-166.43,-176.50,-117.54,-109.05,-41.49,47.48,45.78,5.90,92.67,92.44,177.09,122.12,-67.76,-130.84,-2.88,218.5150,4.9584,4.9312,3.7403,14.7029,2.2167,1.4437,0.7435,3.5773,0.6150,6.1294,0.7835,2.2407,0.6874,4.0974
2026-08-06 10:54:05.744,9.516667,173,1,0.007509,-1.5361,166.47,0,0,0,60.0269,219.207,0.08681,1,0,0,0,0,0.007189,0.000188,0.000920,0.000110,0.001211,0.000024,0.000625,0.000073,0.000624,0.000031,0.000710,0.000038,0.000349,0.000013,0.000598,-166.47,-170.34,-117.90,-105.11,-39.80,91.11,48.15,92.47,98.02,-30.88,175.51,85.51,-66.09,-71.06,-0.18,218.5150,4.9584,4.9312,3.7403,14.7029,2.2167,1.4437,0.7435,3.5773,0.6150,6.1294,0.7835,2.2407,0.6874,4.0974
2026-08-06 10:54:05.744,9.533333,173,2,0.007566,-1.5431,165.84,0,0,0,60.0269,219.207,0.08681,1,0,0,0,0,0.007240,0.000196,0.000935,0.000141,0.001238,0.000046,0.000642,0.000068,0.000667,0.000094,0.000686,0.000092,0.000357,0.000018,0.000615,-165.84,-171.46,-118.30,-101.59,-40.75,80.89,45.28,60.94,95.32,71.66,176.23,-154.98,-75.72,175.61,1.41,218.5150,4.9584,4.9312,3.7403,14.7029,2.2167,1.4437,0.7435,3.5773,0.6150,6.1294,0.7835,2.2407,0.6874,4.0974
2026-08-06 10:54:05.744,9.550000,173,3,0.007593,-1.5531,166.46,0,0,0,60.0269,219.207,0.08681,1,0,0,0,0,0.007266,0.000177,0.000950,0.000124,0.001257,0.000038,0.000642,0.000040,0.000600,0.000040,0.000690,0.000042,0.000330,0.000045,0.000603,-166.46,-168.38,-119.11,-128.19,-41.54,82.47,45.01,-72.17,90.30,98.63,174.44,125.70,-61.11,166.63,3.41,218.5150,4.9584,4.9312,3.7403,14.7029,2.2167,1.4437,0.7435,3.5773,0.6150,6.1294,0.7835,2.2407,0.6874,4.0974
2026-08-06 10:54:05.744,9.566667,173,4,0.007600,-1.5531,166.16,0,0,0,60.0269,219.207,0.08681,1,0,0,0,0,0.007278,0.000205,0.000922,0.000148,0.001201,0.000058,0.000637,0.000019,0.000650,0.000018,0.000711,0.000022,0.000396,0.000036,0.000615,-166.16,-158.67,-118.70,-109.45,-39.46,51.13,50.63,94.55,98.78,-38.95,174.74,-68.51,-70.26,151.78,2.19,218.5150,4.9584,4.9312,3.7403,14.7029,2.2167,1.4437,0.7435,3.5773,0.6150,6.1294,0.7835,2.2407,0.6874,4.0974
2026-08-06 10:54:05.744,9.583333,173,5,0.007545,-1.5410,165.99,0,0,0,60.0269,219.207,0.08681,1,0,0,0,0,0.007225,0.000181,0.000946,0.000126,0.001227,0.000021,0.000597,0.000061,0.000621,0.000096,0.000691,0.000093,0.000348,0.000023,0.000665,-165.99,-173.07,-117.15,-107.71,-40.15,133.43,45.63,31.86,96.04,126.33,174.85,134.62,-70.26,15.48,-1.81,218.5150,4.9584,4.9312,3.7403,14.7029,2.2167,1.4437,0.7435,3.5773,0.6150,6.1294,0.7835,2.2407,0.6874,4.0974
2026-08-06 10:54:05.744,9.600000,173,6,0.007605,-1.5548,166.41,0,0,0,60.0269,219.207,0.08681,1,0,0,0,0,0.007275,0.000194,0.000984,0.000122,0.001264,0.000027,0.000624,0.000064,0.000639,0.000006,0.000720,0.000027,0.000380,0.000048,0.000611,-166.41,-153.40,-116.22,-134.27,-40.25,6.82,50.77,-144.34,95.86,-64.55,176.85,75.12,-61.86,36.11,1.60,218.5150,4.9584,4.9312,3.7403,14.7029,2.2167,1.4437,0.7435,3.5773,0.6150,6.1294,0.7835,2.2407,0.6874,4.0974
2026-08-06 10:54:05.744,9.616667,173,7,0.007538,-1.5405,166.35,0,0,0,60.0269,219.207,0.08681,1,0,0,0,0,0.007211,0.000202,0.000983,0.000136,0.001226,0.000065,0.000593,0.000099,0.000630,0.000047,0.000676,0.000027,0.000414,0.000103,0.000614,-166.35,-160.61,-115.71,-119.48,-40.91,111.13,45.70,80.48,95.74,108.33,174.88,-155.89,-73.87,174.36,-4.38,218.5150,4.9584,4.9312,3.7403,14.7029,2.2167,1.4437,0.7435,3.5773,0.6150,6.1294,0.7835,2.2407,0.6874,4.0974
2026-08-06 10:54:05.744,9.633333,173,8,0.007589,-1.5490,165.75,0,0,0,60.0269,219.207,0.08681,1,0,0,0,0,0.007272,0.000201,0.000936,0.000130,0.001209,0.000033,0.000581,0.000057,0.000596,0.000063,0.000704,0.000078,0.000409,0.000035,0.000691,-165.75,-163.45,-118.80,-97.65,-39.92,66.13,44.08,32.12,89.92,73.75,175.55,161.59,-68.80,169.45,7.99,218.5150,4.9584,4.9312,3.7403,14.7029,2.2167,1.4437,0.7435,3.5773,0.6150,6.1294,0.7835,2.2407,0.6874,4.0974
2026-08-06 10:54:05.744,9.650000,173,9,0.007558,-1.5462,166.36,0,0,0,60.0269,219.207,0.08681,1,0,0,0,0,0.007238,0.000208,0.000911,0.000147,0.001221,0.000061,0.000674,0.000036,0.000614,0.000040,0.000684,0.000068,0.000384,0.000038,0.000606,-166.36,171.55,-119.21,-131.61,-39.49,77.34,46.96,-154.30,95.51,13.67,178.81,149.05,-63.43,-151.10,-5.97,218.5150,4.9584,4.9312,3.7403,14.7029,2.2167,1.4437,0.7435,3.5773,0.6150,6.1294,0.7835,2.2407,0.6874,4.0974
2026-08-06 10:54:05.744,9.666667,173,10,0.007547,-1.5428,166.18,0,0,0,60.0269,219.207,0.08681,1,0,0,0,0,0.007221,0.000226,0.000916,0.000161,0.001190,0.000118,0.000662,0.000090,0.000679,0.000091,0.000705,0.000046,0.000365,0.000098,0.000610,-166.18,-169.09,-116.88,-114.99,-43.86,77.03,45.58,106.38,93.40,119.64,179.67,174.64,-74.43,-161.15,-6.65,218.5150,4.9584,4.9312,3.7403,14.7029,2.2167,1.4437,0.7435,3.5773,0.6150,6.1294,0.7835,2.2407,0.6874,4.0974
2026-08-06 10:54:05.744,9.683333,173,11,0.007624,-1.5537,165.72,0,0,0,60.0269,219.207,0.08681,1,0,0,0,0,0.007297,0.000213,0.000943,0.000173,0.001254,0.000014,0.000628,0.000048,0.000660,0.000067,0.000695,0.000059,0.000327,0.000017,0.000669,-165.72,-165.86,-115.63,-117.55,-38.01,85.49,45.79,-29.75,91.89,162.55,170.19,141.63,-67.65,-158.04,0.57,218.5150,4.9584,4.9312,3.7403,14.7029,2.2167,1.4437,0.7435,3.5773,0.6150,6.1294,0.7835,2.2407,0.6874,4.0974
2026-08-06 10:54:05.744,9.700000,173,12,0.007602,-1.5558,165.87,0,0,0,60.0269,219.207,0.08681,1,0,0,0,0,0.007301,0.000206,0.000860,0.000141,0.001175,0.000023,0.000646,0.000097,0.000647,0.000031,0.000703,0.000060,0.000308,0.000010,0.000602,-165.87,-172.09,-118.38,-104.84,-40.03,63.57,44.04,-50.21,100.42,59.93,178.15,175.04,-58.59,102.34,-3.30,218.5150,4.9584,4.9312,3.7403,14.7029,2.2167,1.4437,0.7435,3.5773,0.6150,6.1294,0.7835,2.2407,0.6874,4.0974
2026-08-06 10:54:05.744,9.716667,173,13,0.007603,-1.5542,166.18,0,0,0,60.0269,219.207,0.08681,1,0,0,0,0,0.007282,0.000168,0.000924,0.000109,0.001239,0.000060,0.000651,0.000075,0.000640,0.000052,0.000706,0.000095,0.000363,0.000078,0.000586,-166.18,-173.19,-117.24,-104.33,-38.82,105.52,48.00,74.50,94.68,130.69,171.78,-149.43,-69.39,149.75,0.31,218.5150,4.9584,4.9312,3.7403,14.7029,2.2167,1.4437,0.7435,3.5773,0.6150,6.1294,0.7835,2.2407,0.6874,4.0974
2026-08-06 10:54:05.744,9.733333,173,14,0.007608,-1.5525,165.84,0,0,0,60.0269,219.207,0.08681,1,0,0,0,0,0.007288,0.000271,0.000916,0.000107,0.001203,0.000034,0.000651,0.000020,0.000625,0.000068,0.000669,0.000037,0.000349,0.000057,0.000639,-165.84,178.75,-114.99,-108.91,-39.23,102.89,42.16,-96.29,93.27,91.75,177.04,159.74,-74.88,0.17,-0.20,218.5150,4.9584,4.9312,3.7403,14.7029,2.2167,1.4437,0.7435,3.5773,0.6150,6.1294,0.7835,2.2407,0.6874,4.0974
2026-08-06 10:54:05.744,9.750000,173,15,0.007496,-1.5361,166.66,0,0,0,60.0269,219.207,0.08681,1,0,0,0,0,0.007181,0.000186,0.000908,0.000151,0.001131,0.000020,0.000622,0.000042,0.000654,0.000034,0.000750,0.000029,0.000350,0.000032,0.000628,-166.66,-166.52,-118.81,-103.94,-38.88,-7.06,50.94,-175.89,98.24,-41.15,173.63,89.34,-63.63,-107.03,-1.94,218.5150,4.9584,4.9312,3.7403,14.7029,2.2167,1.4437,0.7435,3.5773,0.6150,6.1294,0.7835,2.2407,0.6874,4.0974
2026-08-06 10:54:05.744,9.766667,173,16,0.007559,-1.5444,165.78,0,0,0,60.0269,219.207,0.08681,1,0,0,0,0,0.007248,0.000220,0.000905,0.000131,0.001208,0.000051,0.000614,0.000046,0.000610,0.000056,0.000658,0.000073,0.000345,0.000020,0.000633,-165.78,-169.55,-119.07,-96.24,-40.58,90.86,48.59,62.01,95.02,102.79,171.76,-167.09,-75.40,152.10,4.74,218.5150,4.9584,4.9312,3.7403,14.7029,2.2167,1.4437,0.7435,3.5773,0.6150,6.1294,0.7835,2.2407,0.6874,4.0974
2026-08-06 10:54:05.744,9.783333,173,17,0.007647,-1.5670,166.52,0,0,0,60.0269,219.207,0.08681,1,0,0,0,0,0.007327,0.000222,0.000933,0.000105,0.001209,0.000045,0.000638,0.000101,0.000618,0.000049,0.000699,0.000033,0.000321,0.000070,0.000680,-166.52,-166.88,-118.86,-119.64,-41.71,6.67,46.35,-67.48,93.06,98.05,175.65,162.07,-66.92,-105.32,1.49,218.5150,4.9584,4.9312,3.7403,14.7029,2.2167,1.4437,0.7435,3.5773,0.6150,6.1294,0.7835,2.2407,0.6874,4.0974
2026-08-06 10:54:05.744,9.800000,173,18,0.007490,-1.5332,166.40,0,0,0,60.0269,219.207,0.08681,1,0,0,0,0,0.007176,0.000150,0.000925,0.000100,0.001169,0.000031,0.000600,0.000028,0.000654,0.000062,0.000734,0.000070,0.000387,0.000078,0.000667,-166.40,-154.08,-118.08,-106.69,-39.98,114.29,52.48,133.90,99.19,137.63,175.50,103.70,-68.53,-130.57,-0.05,218.5150,4.9584,4.9312,3.7403,14.7029,2.2167,1.4437,0.7435,3.5773,0.6150,6.1294,0.7835,2.2407,0.6874,4.0974
2026-08-06 10:54:05.744,9.816667,173,19,0.007609,-1.5496,165.63,0,0,0,60.0269,219.207,0.08681,1,0,0,0,0,0.007277,0.000181,0.000935,0.000160,0.001252,0.000048,0.000642,0.000086,0.000662,0.000112,0.000655,0.000083,0.000382,0.000061,0.000646,-165.63,-157.73,-118.13,-114.43,-41.52,105.45,48.22,28.76,93.28,102.50,174.51,-159.52,-74.77,157.57,2.32,218.5150,4.9584,4.9312,3.7403,14.7029,2.2167,1.4437,0.7435,3.5773,0.6150,6.1294,0.7835,2.2407,0.6874,4.0974
2026-08-06 10:54:05.744,9.833333,173,20,0.007641,-1.5596,166.09,0,0,0,60.0269,219.207,0.08681,1,0,0,0,0,0.007312,0.000242,0.000938,0.000146,0.001196,0.000058,0.000667,0.000056,0.000639,0.000038,0.000655,0.000012,0.000352,0.000042,0.000724,-166.09,-160.51,-115.69,-109.38,-37.04,52.80,49.55,-102.04,93.11,126.64,179.84,-168.47,-61.70,-101.28,2.86,218.5150,4.9584,4.9312,3.7403,14.7029,2.2167,1.4437,0.7435,3.5773,0.6150,6.1294,0.7835,2.2407,0.6874,4.0974
2026-08-06 10:54:05.744,9.850000,173,21,0.007589,-1.5542,166.51,0,0,0,60.0269,219.207,0.08681,1,0,0,0,0,0.007271,0.000173,0.000959,0.000159,0.001201,0.000029,0.000577,0.000069,0.000642,0.000009,0.000679,0.000025,0.000436,0.000054,0.000672,-166.51,-151.47,-120.85,-115.84,-39.36,-72.86,51.18,54.88,94.23,-79.66,173.32,-97.22,-65.11,-169.24,2.46,218.5150,4.9584,4.9312,3.7403,14.7029,2.2167,1.4437,0.7435,3.5773,0.6150,6.1294,0.7835,2.2407,0.6874,4.0974
2026-08-06 10:54:05.744,9.866667,173,22,0.007641,-1.5565,165.57,0,0,0,60.0269,219.207,0.08681,1,0,0,0,0,0.007313,0.000172,0.000956,0.000125,0.001224,0.000071,0.000610,0.000080,0.000643,0.000135,0.000727,0.000100,0.000409,0.000032,0.000645,-165.57,166.29,-117.15,-88.82,-38.55,115.71,48.35,70.57,94.64,115.08,174.29,146.83,-77.24,130.04,3.06,218.5150,4.9584,4.9312,3.7403,14.7029,2.2167,1.4437,0.7435,3.5773,0.6150,6.1294,0.7835,2.2407,0.6874,4.0974
2026-08-06 10:54:05.744,9.883333,173,23,0.007624,-1.5582,166.65,0,0,0,60.0269,219.207,0.08681,1,0,0,0,0,0.007283,0.000215,0.000954,0.000154,0.001230,0.000056,0.000660,0.000040,0.000633,0.000019,0.000719,0.000035,0.000360,0.000013,0.000677,-166.65,-169.05,-117.67,-104.71,-38.40,83.07,47.83,-125.42,99.50,110.34,176.15,103.34,-59.86,7.57,-2.15,218.5150,4.9584,4.9312,3.7403,14.7029,2.2167,1.4437,0.7435,3.5773,0.6150,6.1294,0.7835,2.2407,0.6874,4.0974
2026-08-06 10:54:05.744,9.900000,173,24,0.007657,-1.5565,165.89,0,0,0,60.0269,219.207,0.08681,1,0,0,0,0,0.007306,0.000132,0.001008,0.000171,0.001273,0.000033,0.000646,0.000065,0.000642,0.000036,0.000739,0.000065,0.000394,0.000068,0.000601,-165.89,-159.44,-116.69,-108.68,-39.54,103.34,54.30,97.64,96.45,154.19,173.77,-145.39,-68.07,160.25,6.52,218.5150,4.9584,4.9312,3.7403,14.7029,2.2167,1.4437,0.7435,3.5773,0.6150,6.1294,0.7835,2.2407,0.6874,4.0974
2026-08-06 10:54:05.744,9.916667,173,25,0.007677,-1.5683,166.28,0,0,0,60.0269,219.207,0.08681,1,0,0,0,0,0.007345,0.000246,0.000935,0.000117,0.001257,0.000023,0.000643,0.000059,0.000583,0.000085,0.000708,0.000081,0.000430,0.000020,0.000674,-166.28,-171.32,-116.08,-99.55,-39.76,94.95,47.70,60.86,93.49,109.40,177.88,-179.09,-72.41,62.21,2.47,218.5150,4.9584,4.9312,3.7403,14.7029,2.2167,1.4437,0.7435,3.5773,0.6150,6.1294,0.7835,2.2407,0.6874,4.0974
2026-08-06 10:54:05.744,9.933333,173,26,0.007664,-1.5632,165.94,0,0,0,60.0269,219.207,0.08681,1,0,0,0,0,0.007333,0.000188,0.000955,0.000142,0.001215,0.000031,0.000684,0.000028,0.000640,0.000006,0.000763,0.000048,0.000456,0.000022,0.000632,-165.94,-165.31,-113.86,-144.25,-37.92,-165.86,48.13,-113.49,101.27,-107.70,-179.52,87.64,-62.78,67.68,-4.53,218.5150,4.9584,4.9312,3.7403,14.7029,2.2167,1.4437,0.7435,3.5773,0.6150,6.1294,0.7835,2.2407,0.6874,4.0974
2026-08-06 10:54:05.744,9.950000,173,27,0.008617,-1.7246,166.77,0,0,0,60.0269,219.207,0.08681,1,0,0,0,0,0.008018,0.000906,0.001628,0.000861,0.001568,0.000597,0.000416,0.000393,0.000292,0.000288,0.000665,0.000190,0.000642,0.000087,0.000706,-166.77,-160.68,-130.45,-131.79,-63.95,-101.04,-6.36,-76.94,81.24,-67.16,-161.51,-77.29,-60.17,-19.29,1.47,218.5150,4.9584,4.9312,3.7403,14.7029,2.2167,1.4437,0.7435,3.5773,0.6150,6.1294,0.7835,2.2407,0.6874,4.0974
2026-08-06 10:54:05.744,9.966667,173,28,0.008200,-1.6701,167.18,0,0,0,60.0269,219.207,0.08681,1,0,0,0,0,0.007764,0.000541,0.001121,0.000362,0.000932,0.000368,0.000731,0.000340,0.000933,0.000414,0.000900,0.000360,0.000107,0.000310,0.000695,-167.18,-177.59,-134.62,176.54,-46.64,138.11,79.06,137.58,111.51,132.55,160.22,131.64,-70.61,116.38,22.42,218.5150,4.9584,4.9312,3.7403,14.7029,2.2167,1.4437,0.7435,3.5773,0.6150,6.1294,0.7835,2.2407,0.6874,4.0974
2026-08-06 10:54:05.744,9.983333,173,29,0.007529,-1.3600,162.79,0,0,0,60.0269,219.207,0.08681,1,0,0,0,0,0.006463,0.001348,0.001430,0.000894,0.002296,0.000503,0.001291,0.000361,0.000886,0.000249,0.001096,0.000052,0.000487,0.000231,0.000448,-162.79,-176.09,-67.46,-178.35,-32.35,160.34,15.78,130.68,71.81,108.10,153.83,132.28,-144.70,-95.79,-37.84,218.5150,4.9584,4.9312,3.7403,14.7029,2.2167,1.4437,0.7435,3.5773,0.6150,6.1294,0.7835,2.2407,0.6874,4.0974
2026-08-06 10:54:05.995,10.000000,174,0,0.007725,-1.5705,165.81,0,0,0,60.0307,219.217,0.08692,1,0,0,0,0,0.007372,0.000162,0.000947,0.000113,0.001264,0.000012,0.000662,0.000023,0.000682,0.000049,0.000768,0.000063,0.000459,0.000024,0.000671,-165.81,170.05,-114.91,-110.42,-39.08,-45.16,47.72,18.04,101.50,111.10,178.93,-152.07,-58.73,116.54,6.97,218.5235,4.9782,4.9347,3.7506,14.7022,2.2236,1.4504,0.7398,3.6157,0.6099,6.1703,0.7854,2.1748,0.6936,4.1097
2026-08-06 10:54:05.995,10.016667,174,1,0.007758,-1.5820,166.08,0,0,0,60.0307,219.217,0.08692,1,0,0,0,0,0.007416,0.000244,0.000935,0.000209,0.001238,0.000102,0.000673,0.000059,0.000613,0.000069,0.000698,0.000081,0.000434,0.000036,0.000735,-166.08,-176.95,-114.56,-95.20,-39.77,62.74,51.28,-41.07,105.49,85.82,178.77,138.76,-64.57,-160.37,-0.61,218.5235,4.9782,4.9347,3.7506,14.7022,2.2236,1.4504,0.7398,3.6157,0.6099,6.1703,0.7854,2.1748,0.6936,4.1097
2026-08-06 10:54:05.995,10.033333,174,2,0.007708,-1.5689,166.22,0,0,0,60.0307,219.217,0.08692,1,0,0,0,0,0.007353,0.000106,0.000993,0.000162,0.001240,0.000042,0.000718,0.000061,0.000671,0.000054,0.000778,0.000062,0.000534,0.000062,0.000641,-166.22,-174.71,-114.92,-107.49,-37.58,21.65,45.71,104.05,100.27,158.86,178.12,59.87,-59.90,153.45,-3.38,218.5235,4.9782,4.9347,3.7506,14.7022,2.2236,1.4504,0.7398,3.6157,0.6099,6.1703,0.7854,2.1748,0.6936,4.1097
2026-08-06 10:54:05.995,10.050000,174,3,0.007749,-1.5758,165.64,0,0,0,60.0307,219.217,0.08692,1,0,0,0,0,0.007403,0.000214,0.000993,0.000141,0.001253,0.000059,0.000669,0.000075,0.000622,0.000104,0.000674,0.000129,0.000472,0.000071,0.000716,-165.64,-162.52,-113.62,-116.54,-38.65,103.80,49.20,43.96,98.56,116.61,176.44,-178.90,-64.11,178.98,7.43,218.5235,4.9782,4.9347,3.7506,14.7022,2.2236,1.4504,0.7398,3.6157,0.6099,6.1703,0.7854,2.1748,0.6936,4.1097
2026-08-06 10:54:05.995,10.066667,174,4,0.007758,-1.5749,165.87,0,0,0,60.0307,219.217,0.08692,1,0,0,0,0,0.007388,0.000228,0.000981,0.000140,0.001262,0.000015,0.000733,0.000055,0.000652,0.000060,0.000754,0.000042,0.000495,0.000070,0.000723,-165.87,-160.81,-111.38,-123.58,-39.07,53.80,49.69,-91.14,102.35,62.68,-175.51,101.43,-59.82,7.77,3.44,218.5235,4.9782,4.9347,3.7506,14.7022,2.2236,1.4504,0.7398,3.6157,0.6099,6.1703,0.7854,2.1748,0.6936,4.1097
2026-08-06 10:54:05.995,10.083333,174,5,0.007767,-1.5713,165.48,0,0,0,60.0307,219.217,0.08692,1,0,0,0,0,0.007393,0.000185,0.000957,0.000061,0.001335,0.000022,0.000679,0.000095,0.000639,0.000063,0.000759,0.000058,0.000480,0.000104,0.000713,-165.48,-170.29,-114.64,-62.49,-36.77,-172.60,51.24,62.26,100.13,71.32,-173.87,176.36,-62.77,86.88,2.05,218.5235,4.9782,4.9347,3.7506,14.7022,2.2236,1.4504,0.7398,3.6157,0.6099,6.1703,0.7854,2.1748,0.6936,4.1097
2026-08-06 10:54:05.995,10.100000,174,6,0.007902,-1.6011,165.35,0,0,0,60.0307,219.217,0.08692,1,0,0,0,0,0.007538,0.000182,0.000976,0.000086,0.001243,0.000023,0.000706,0.000038,0.000602,0.000127,0.000707,0.000085,0.000559,0.000083,0.000796,-165.35,-179.86,-108.34,-67.75,-36.41,126.31,50.06,29.80,103.10,111.27,-179.28,-169.62,-62.60,65.27,6.52,218.5235,4.9782,4.9347,3.7506,14.7022,2.2236,1.4504,0.7398,3.6157,0.6099,6.1703,0.7854,2.1748,0.6936,4.1097
2026-08-06 10:54:05.995,10.116667,174,7,0.007934,-1.6088,165.99,0,0,0,60.0307,219.217,0.08692,1,0,0,0,0,0.007556,0.000171,0.001050,0.000117,0.001362,0.000061,0.000761,0.000055,0.000632,0.000046,0.000744,0.000039,0.000558,0.000041,0.000699,-165.99,175.99,-109.07,-139.15,-36.39,18.07,51.93,-165.58,107.64,140.37,-170.68,140.90,-47.81,-45.15,7.87,218.5235,4.9782,4.9347,3.7506,14.7022,2.2236,1.4504,0.7398,3.6157,0.6099,6.1703,0.7854,2.1748,0.6936,4.1097
2026-08-06 10:54:05.995,10.133333,174,8,0.008254,-1.6660,165.16,0,0,0,60.0307,219.217,0.08692,1,0,0,0,0,0.007852,0.000315,0.001158,0.000209,0.001300,0.000063,0.000742,0.000085,0.000692,0.000096,0.000789,0.000134,0.000674,0.000064,0.000768,-165.16,-149.49,-106.81,-91.20,-38.41,15.54,51.61,142.23,113.78,-147.84,-166.68,-134.24,-55.23,111.77,12.97,218.5235,4.9782,4.9347,3.7506,14.7022,2.2236,1.4504,0.7398,3.6157,0.6099,6.1703,0.7854,2.1748,0.6936,4.1097
2026-08-06 10:54:05.995,10.150000,174,9,0.008542,-1.7254,165.20,0,0,0,60.0307,219.217,0.08692,1,0,0,0,0,0.008141,0.000316,0.001256,0.000128,0.001354,0.000062,0.000789,0.000062,0.000671,0.000126,0.000724,0.000096,0.000719,0.000025,0.000813,-165.20,-154.10,-104.71,-87.69,-35.84,98.59,59.19,127.10,122.62,170.35,-163.04,-178.33,-55.35,-42.97,12.24,218.5235,4.9782,4.9347,3.7506,14.7022,2.2236,1.4504,0.7398,3.6157,0.6099,6.1703,0.7854,2.1748,0.6936,4.1097
2026-08-06 10:54:05.995,10.166667,174,10,0.008669,-1.7501,165.06,0,0,0,60.0307,219.217,0.08692,1,0,0,0,0,0.008267,0.000224,0.001198,0.000109,0.001366,0.000035,0.000808,0.000104,0.000741,0.000107,0.000743,0.000021,0.000784,0.000022,0.000719,-165.06,-144.17,-101.03,-92.86,-34.24,9.46,55.87,141.73,123.46,-152.66,-157.59,-100.68,-45.88,-2.78,10.18,218.5235,4.9782,4.9347,3.7506,14.7022,2.2236,1.4504,0.7398,3.6157,0.6099,6.1703,0.7854,2.1748,0.6936,4.1097
2026-08-06 10:54:05.995,10.183333,174,11,0.008822,-1.7719,164.24,0,0,0,60.0307,219.217,0.08692,1,0,0,0,0,0.008405,0.000253,0.001298,0.000151,0.001346,0.000078,0.000865,0.000068,0.000712,0.000101,0.000769,0.000155,0.000770,0.000154,0.000797,-164.24,-165.00,-99.50,-91.06,-33.55,135.12,61.23,99.21,124.08,164.98,-158.31,-142.29,-47.48,83.29,15.91,218.5235,4.9782,4.9347,3.7506,14.7022,2.2236,1.4504,0.7398,3.6157,0.6099,6.1703,0.7854,2.1748,0.6936,4.1097
2026-08-06 10:54:05.995,10.200000,174,12,0.008972,-1.8069,164.25,0,0,0,60.0307,219.217,0.08692,1,0,0,0,0,0.008574,0.000240,0.001300,0.000103,0.001328,0.000059,0.000864,0.000068,0.000735,0.000184,0.000759,0.000045,0.000703,0.000051,0.000734,-164.25,-151.32,-99.68,-120.70,-33.78,118.03,61.62,142.34,132.35,138.67,-156.55,-170.91,-48.42,108.87,9.23,218.5235,4.9782,4.9347,3.7506,14.7022,2.2236,1.4504,0.7398,3.6157,0.6099,6.1703,0.7854,2.1748,0.6936,4.1097
2026-08-06 10:54:05.995,10.216667,174,13,0.008906,-1.7956,164.71,0,0,0,60.0307,219.217,0.08692,1,0,0,0,0,0.008504,0.000184,0.001262,0.000127,0.001393,0.000046,0.000821,0.000114,0.000774,0.000150,0.000730,0.000069,0.000770,0.000084,0.000753,-164.71,-146.47,-97.21,-120.05,-33.82,-70.44,59.63,103.61,129.89,151.65,-153.77,-175.06,-47.02,-151.97,14.39,218.5235,4.9782,4.9347,3.7506,14.7022,2.2236,1.4504,0.7398,3.6157,0.6099,6.1703,0.7854,2.1748,0.6936,4.1097
2026-08-06 10:54:05.995,10.233333,174,14,0.008862,-1.7835,164.31,0,0,0,60.0307,219.217,0.08692,1,0,0,0,0,0.008457,0.000229,0.001305,0.000098,0.001393,0.000045,0.000831,0.000100,0.000769,0.000150,0.000684,0.000134,0.000735,0.000149,0.000796,-164.31,175.16,-99.30,-148.84,-33.25,150.87,63.83,49.57,127.97,130.41,-157.46,-164.19,-44.68,82.13,17.75,218.5235,4.9782,4.9347,3.7506,14.7022,2.2236,1.4504,0.7398,3.6157,0.6099,6.1703,0.7854,2.1748,0.6936,4.1097
2026-08-06 10:54:05.995,10.250000,174,15,0.008567,-1.7211,164.74,0,0,0,60.0307,219.217,0.08692,1,0,0,0,0,0.008146,0.000319,0.001298,0.000121,0.001367,0.000057,0.000897,0.000031,0.000713,0.000180,0.000688,0.000121,0.000631,0.000039,0.000815,-164.74,161.44,-101.55,-138.08,-32.38,76.24,61.17,54.02,125.79,115.38,-157.47,-162.57,-46.13,-19.32,18.25,218.5235,4.9782,4.9347,3.7506,14.7022,2.2236,1.4504,0.7398,3.6157,0.6099,6.1703,0.7854,2.1748,0.6936,4.1097
2026-08-06 10:54:05.995,10.266667,174,16,0.008325,-1.6738,165.03,0,0,0,60.0307,219.217,0.08692,1,0,0,0,0,0.007911,0.000206,0.001198,0.000122,0.001307,0.000020,0.000828,0.000090,0.000778,0.000066,0.000732,0.000111,0.000742,0.000036,0.000781,-165.03,172.57,-100.19,-111.08,-34.24,-140.65,58.54,92.26,122.13,157.07,-164.40,-144.59,-52.01,163.52,14.40,218.5235,4.9782,4.9347,3.7506,14.7022,2.2236,1.4504,0.7398,3.6157,0.6099,6.1703,0.7854,2.1748,0.6936,4.1097
2026-08-06 10:54:05.995,10.283333,174,17,0.008355,-1.6788,164.89,0,0,0,60.0307,219.217,0.08692,1,0,0,0,0,0.007939,0.000262,0.001200,0.000146,0.001340,0.000050,0.000884,0.000033,0.000710,0.000067,0.000652,0.000145,0.000731,0.000106,0.000781,-164.89,-153.40,-100.00,-81.38,-32.06,69.88,58.02,20.30,122.57,121.82,-163.66,-152.08,-46.54,10.59,18.31,218.5235,4.9782,4.9347,3.7506,14.7022,2.2236,1.4504,0.7398,3.6157,0.6099,6.1703,0.7854,2.1748,0.6936,4.1097
2026-08-06 10:54:05.995,10.300000,174,18,0.008394,-1.6852,165.66,0,0,0,60.0307,219.217,0.08692,1,0,0,0,0,0.007944,0.000243,0.001293,0.000105,0.001435,0.000046,0.000884,0.000098,0.000728,0.000018,0.000736,0.000066,0.000724,0.000084,0.000815,-165.66,178.57,-101.34,-122.50,-30.41,67.30,58.48,-173.74,124.46,-58.48,-162.21,161.57,-45.40,2.11,15.83,218.5235,4.9782,4.9347,3.7506,14.7022,2.2236,1.4504,0.7398,3.6157,0.6099,6.1703,0.7854,2.1748,0.6936,4.1097
2026-08-06 10:54:05.995,10.316667,174,19,0.008384,-1.6805,164.91,0,0,0,60.0307,219.217,0.08692,1,0,0,0,0,0.007946,0.000242,0.001206,0.000161,0.001373,0.000040,0.000934,0.000079,0.000758,0.000048,0.000675,0.000135,0.000765,0.000075,0.000812,-164.91,-156.39,-98.17,-103.87,-34.83,25.40,56.74,61.22,118.25,127.80,-155.94,-138.74,-46.08,94.35,22.15,218.5235,4.9782,4.9347,3.7506,14.7022,2.2236,1.4504,0.7398,3.6157,0.6099,6.1703,0.7854,2.1748,0.6936,4.1097
2026-08-06 10:54:05.995,10.333333,174,20,0.008757,-1.7480,164.21,0,0,0,60.0307,219.217,0.08692,1,0,0,0,0,0.008305,0.000375,0.001415,0.000168,0.001402,0.000055,0.000893,0.000031,0.000659,0.000083,0.000696,0.000058,0.000802,0.000088,0.000806,-164.21,-139.53,-96.87,-99.14,-31.56,97.57,60.11,174.50,132.65,170.47,-150.20,175.50,-43.30,84.07,19.16,218.5235,4.9782,4.9347,3.7506,14.7022,2.2236,1.4504,0.7398,3.6157,0.6099,6.1703,0.7854,2.1748,0.6936,4.1097
2026-08-06 10:54:05.995,10.350000,174,21,0.009063,-1.8160,164.60,0,0,0,60.0307,219.217,0.08692,1,0,0,0,0,0.008611,0.000258,0.001490,0.000044,0.001420,0.000017,0.000897,0.000070,0.000852,0.000099,0.000758,0.000052,0.000800,0.000055,0.000762,-164.60,-174.89,-97.41,-130.39,-29.20,1.41,63.11,115.39,137.94,140.28,-152.18,-175.96,-41.79,61.50,20.82,218.5235,4.9782,4.9347,3.7506,14.7022,2.2236,1.4504,0.7398,3.6157,0.6099,6.1703,0.7854,2.1748,0.6936,4.1097
2026-08-06 10:54:05.995,10.366667,174,22,0.009016,-1.8031,164.23,0,0,0,60.0307,219.217,0.08692,1,0,0,0,0,0.008567,0.000289,0.001414,0.000115,0.001433,0.000082,0.000957,0.000067,0.000754,0.000165,0.000717,0.000189,0.000817,0.000140,0.000750,-164.23,-164.64,-96.11,-117.00,-30.87,132.27,66.60,120.01,134.16,166.07,-149.88,-135.16,-44.44,82.34,27.71,218.5235,4.9782,4.9347,3.7506,14.7022,2.2236,1.4504,0.7398,3.6157,0.6099,6.1703,0.7854,2.1748,0.6936,4.1097
2026-08-06 10:54:05.995,10.383333,174,23,0.009097,-1.8242,164.41,0,0,0,60.0307,219.217,0.08692,1,0,0,0,0,0.008659,0.000312,0.001492,0.000075,0.001374,0.000060,0.000986,0.000036,0.000788,0.000098,0.000694,0.000015,0.000723,0.000083,0.000734,-164.41,-173.72,-95.08,-118.44,-29.21,127.40,66.01,-165.41,138.01,156.55,-155.70,-107.84,-45.28,63.71,16.88,218.5235,4.9782,4.9347,3.7506,14.7022,2.2236,1.4504,0.7398,3.6157,0.6099,6.1703,0.7854,2.1748,0.6936,4.1097
2026-08-06 10:54:05.995,10.400000,174,24,0.009039,-1.8071,163.83,0,0,0,60.0307,219.217,0.08692,1,0,0,0,0,0.008606,0.000211,0.001396,0.000059,0.001417,0.000027,0.000966,0.000099,0.000754,0.000127,0.000662,0.000110,0.000840,0.000049,0.000698,-163.83,-168.04,-94.72,-131.54,-30.69,167.91,64.08,104.85,139.97,-175.82,-144.61,-113.59,-40.89,53.70,26.29,218.5235,4.9782,4.9347,3.7506,14.7022,2.2236,1.4504,0.7398,3.6157,0.6099,6.1703,0.7854,2.1748,0.6936,4.1097
2026-08-06 10:54:05.995,10.416667,174,25,0.008977,-1.7946,164.17,0,0,0,60.0307,219.217,0.08692,1,0,0,0,0,0.008533,0.000216,0.001410,0.000064,0.001437,0.000059,0.000937,0.000072,0.000742,0.000107,0.000647,0.000101,0.000835,0.000163,0.000810,-164.17,176.81,-94.12,-119.06,-29.64,113.53,62.18,24.03,131.01,141.27,-151.09,176.09,-45.59,55.18,22.41,218.5235,4.9782,4.9347,3.7506,14.7022,2.2236,1.4504,0.7398,3.6157,0.6099,6.1703,0.7854,2.1748,0.6936,4.1097
2026-08-06 10:54:05.995,10.433333,174,26,0.008920,-1.7906,164.29,0,0,0,60.0307,219.217,0.08692,1,0,0,0,0,0.008505,0.000208,0.001383,0.000148,0.001441,0.000038,0.000901,0.000044,0.000735,0.000067,0.000698,0.000120,0.000721,0.000069,0.000646,-164.29,-175.18,-98.01,-151.55,-31.79,73.62,66.17,-173.98,134.47,154.87,-154.14,-164.30,-42.34,82.54,16.90,218.5235,4.9782,4.9347,3.7506,14.7022,2.2236,1.4504,0.7398,3.6157,0.6099,6.1703,0.7854,2.1748,0.6936,4.1097
2026-08-06 10:54:05.995,10.450000,174,27,0.009038,-1.7968,164.40,0,0,0,60.0307,219.217,0.08692,1,0,0,0,0,0.008532,0.000353,0.001493,0.000207,0.001471,0.000087,0.000904,0.000078,0.000814,0.000183,0.000766,0.000160,0.000818,0.000027,0.000747,-164.40,-158.44,-98.05,-111.79,-33.10,-55.63,60.63,89.20,131.97,156.58,-151.04,-136.10,-47.94,150.80,21.83,218.5235,4.9782,4.9347,3.7506,14.7022,2.2236,1.4504,0.7398,3.6157,0.6099,6.1703,0.7854,2.1748,0.6936,4.1097
2026-08-06 10:54:05.995,10.466667,174,28,0.008995,-1.8196,165.74,0,0,0,60.0307,219.217,0.08692,1,0,0,0,0,0.008583,0.000434,0.001164,0.000056,0.001395,0.000094,0.000829,0.000125,0.000874,0.000236,0.000644,0.000103,0.000731,0.000053,0.000730,-165.74,164.19,-98.78,-40.74,-32.74,-160.68,70.23,146.09,131.90,132.04,-159.87,-175.35,-49.18,132.82,27.96,218.5235,4.9782,4.9347,3.7506,14.7022,2.2236,1.4504,0.7398,3.6157,0.6099,6.1703,0.7854,2.1748,0.6936,4.1097
2026-08-06 10:54:05.995,10.483333,174,29,0.008836,-1.7731,164.66,0,0,0,60.0307,219.217,0.08692,1,0,0,0,0,0.008407,0.000164,0.001419,0.000145,0.001429,0.000091,0.000890,0.000098,0.000683,0.000028,0.000678,0.000077,0.000786,0.000044,0.000732,-164.66,-164.34,-97.93,-99.41,-31.02,62.73,66.44,-168.11,136.47,-160.39,-156.74,-175.91,-45.32,16.10,20.59,218.5235,4.9782,4.9347,3.7506,14.7022,2.2236,1.4504,0.7398,3.6157,0.6099,6.1703,0.7854,2.1748,0.6936,4.1097
2026-08-06 10:54:06.255,10.500000,175,0,0.009047,-1.8143,164.89,0,0,0,60.0346,219.243,0.08697,1,0,0,0,0,0.008595,0.000277,0.001469,0.000118,0.001440,0.000042,0.000924,0.000124,0.000761,0.000161,0.000680,0.000187,0.000794,0.000128,0.000729,-164.89,-161.99,-95.70,-108.24,-31.05,144.80,61.96,102.30,132.77,171.90,-149.70,-154.94,-45.02,69.98,31.11,218.5484,4.9676,4.9676,3.7476,14.7092,2.2272,1.4203,0.7313,3.6129,0.5988,6.1532,0.7945,2.1961,0.6962,4.1514
2026-08-06 10:54:06.255,10.516667,175,1,0.009116,-1.8325,164.83,0,0,0,60.0346,219.243,0.08697,1,0,0,0,0,0.008678,0.000317,0.001445,0.000102,0.001351,0.000068,0.000939,0.000041,0.000762,0.000121,0.000718,0.000021,0.000742,0.000090,0.000798,-164.83,-168.79,-95.19,-133.39,-31.54,-151.40,66.15,176.67,138.20,143.77,-148.10,-118.48,-41.63,54.48,23.27,218.5484,4.9676,4.9676,3.7476,14.7092,2.2272,1.4203,0.7313,3.6129,0.5988,6.1532,0.7945,2.1961,0.6962,4.1514
2026-08-06 10:54:06.255,10.533333,175,2,0.009160,-1.8367,164.18,0,0,0,60.0346,219.243,0.08697,1,0,0,0,0,0.008725,0.000239,0.001445,0.000112,0.001379,0.000018,0.000902,0.000099,0.000817,0.000176,0.000756,0.000043,0.000832,0.000044,0.000736,-164.18,-175.74,-97.51,-126.34,-32.07,142.53,65.66,141.47,138.44,137.33,-152.54,163.56,-41.34,105.39,29.59,218.5484,4.9676,4.9676,3.7476,14.7092,2.2272,1.4203,0.7313,3.6129,0.5988,6.1532,0.7945,2.1961,0.6962,4.1514
2026-08-06 10:54:06.255,10.550000,175,3,0.009141,-1.8269,164.15,0,0,0,60.0346,219.243,0.08697,1,0,0,0,0,0.008685,0.000229,0.001429,0.000092,0.001425,0.000045,0.000973,0.000067,0.000790,0.000109,0.000724,0.000100,0.000784,0.000148,0.000802,-164.15,-172.43,-94.82,-121.78,-30.29,135.46,65.91,70.28,135.05,158.06,-149.06,-141.57,-43.41,54.12,27.58,218.5484,4.9676,4.9676,3.7476,14.7092,2.2272,1.4203,0.7313,3.6129,0.5988,6.1532,0.7945,2.1961,0.6962,4.1514
2026-08-06 10:54:06.255,10.566667,175,4,0.009096,-1.8358,164.61,0,0,0,60.0346,219.243,0.08697,1,0,0,0,0,0.008702,0.000227,0.001407,0.000070,0.001343,0.000063,0.000880,0.000034,0.000711,0.000126,0.000702,0.000051,0.000677,0.000092,0.000680,-164.61,-169.84,-96.99,-116.30,-31.44,96.09,70.21,-178.02,139.13,109.25,-153.35,144.11,-42.28,75.75,18.36,218.5484,4.9676,4.9676,3.7476,14.7092,2.2272,1.4203,0.7313,3.6129,0.5988,6.1532,0.7945,2.1961,0.6962,4.1514
2026-08-06 10:54:06.255,10.583333,175,5,0.009115,-1.8178,163.80,0,0,0,60.0346,219.243,0.08697,1,0,0,0,0,0.008660,0.000214,0.001426,0.000102,0.001441,0.000076,0.000986,0.000074,0.000783,0.000182,0.000729,0.000098,0.000806,0.000119,0.000781,-163.80,-173.70,-94.98,-124.34,-28.58,133.16,64.14,95.26,133.54,159.62,-150.99,-127.99,-42.99,80.22,27.24,218.5484,4.9676,4.9676,3.7476,14.7092,2.2272,1.4203,0.7313,3.6129,0.5988,6.1532,0.7945,2.1961,0.6962,4.1514
2026-08-06 10:54:06.255,10.600000,175,6,0.009149,-1.8301,163.96,0,0,0,60.0346,219.243,0.08697,1,0,0,0,0,0.008710,0.000233,0.001453,0.000094,0.001461,0.000054,0.000880,0.000058,0.000737,0.000152,0.000660,0.000112,0.000825,0.000132,0.000680,-163.96,-160.35,-96.68,-107.34,-30.58,55.63,64.16,38.90,135.13,145.51,-150.43,-166.16,-42.44,53.91,22.84,218.5484,4.9676,4.9676,3.7476,14.7092,2.2272,1.4203,0.7313,3.6129,0.5988,6.1532,0.7945,2.1961,0.6962,4.1514
2026-08-06 10:54:06.255,10.616667,175,7,0.009226,-1.8487,164.24,0,0,0,60.0346,219.243,0.08697,1,0,0,0,0,0.008787,0.000214,0.001415,0.000157,0.001447,0.000026,0.000938,0.000085,0.000813,0.000061,0.000720,0.000018,0.000798,0.000122,0.000671,-164.24,-157.97,-98.75,-107.85,-30.42,92.40,64.76,127.75,142.03,163.07,-147.01,139.80,-43.02,63.91,22.03,218.5484,4.9676,4.9676,3.7476,14.7092,2.2272,1.4203,0.7313,3.6129,0.5988,6.1532,0.7945,2.1961,0.6962,4.1514
2026-08-06 10:54:06.255,10.633333,175,8,0.009206,-1.8418,163.85,0,0,0,60.0346,219.243,0.08697,1,0,0,0,0,0.008776,0.000224,0.001444,0.000091,0.001394,0.000059,0.000904,0.000054,0.000765,0.000183,0.000699,0.000139,0.000821,0.000090,0.000740,-163.85,-170.54,-93.40,-118.35,-28.27,174.80,64.87,92.22,135.50,149.77,-146.19,-150.23,-44.67,85.36,28.65,218.5484,4.9676,4.9676,3.7476,14.7092,2.2272,1.4203,0.7313,3.6129,0.5988,6.1532,0.7945,2.1961,0.6962,4.1514
2026-08-06 10:54:06.255,10.650000,175,9,0.009263,-1.8554,164.14,0,0,0,60.0346,219.243,0.08697,1,0,0,0,0,0.008821,0.000276,0.001539,0.000112,0.001450,0.000085,0.000927,0.000060,0.000681,0.000116,0.000668,0.000057,0.000781,0.000098,0.000757,-164.14,-155.61,-95.26,-120.20,-31.31,97.43,65.67,-128.95,139.62,162.17,-145.08,133.14,-42.02,62.24,24.42,218.5484,4.9676,4.9676,3.7476,14.7092,2.2272,1.4203,0.7313,3.6129,0.5988,6.1532,0.7945,2.1961,0.6962,4.1514
2026-08-06 10:54:06.255,10.666667,175,10,0.009284,-1.8617,164.05,0,0,0,60.0346,219.243,0.08697,1,0,0,0,0,0.008858,0.000229,0.001436,0.000121,0.001427,0.000076,0.000938,0.000100,0.000770,0.000130,0.000693,0.000059,0.000802,0.000037,0.000754,-164.05,-163.88,-95.63,-137.75,-29.13,156.39,65.38,148.58,139.46,157.32,-149.20,-114.75,-39.16,83.53,25.13,218.5484,4.9676,4.9676,3.7476,14.7092,2.2272,1.4203,0.7313,3.6129,0.5988,6.1532,0.7945,2.1961,0.6962,4.1514
2026-08-06 10:54:06.255,10.683333,175,11,0.009281,-1.8589,164.14,0,0,0,60.0346,219.243,0.08697,1,0,0,0,0,0.008837,0.000231,0.001483,0.000076,0.001427,0.000004,0.000907,0.000104,0.000794,0.000173,0.000670,0.000158,0.000834,0.000173,0.000768,-164.14,-167.46,-97.12,-101.52,-31.16,163.81,67.47,72.16,135.88,136.98,-146.70,-179.52,-41.13,67.29,30.58,218.5484,4.9676,4.9676,3.7476,14.7092,2.2272,1.4203,0.7313,3.6129,0.5988,6.1532,0.7945,2.1961,0.6962,4.1514
2026-08-06 10:54:06.255,10.700000,175,12,0.009392,-1.8833,164.01,0,0,0,60.0346,219.243,0.08697,1,0,0,0,0,0.008966,0.000247,0.001499,0.000084,0.001450,0.000066,0.000885,0.000092,0.000688,0.000064,0.000697,0.000047,0.000740,0.000083,0.000759,-164.01,-156.20,-96.34,-123.00,-29.82,102.23,64.95,-149.61,139.62,126.00,-144.55,19.67,-43.46,75.47,20.79,218.5484,4.9676,4.9676,3.7476,14.7092,2.2272,1.4203,0.7313,3.6129,0.5988,6.1532,0.7945,2.1961,0.6962,4.1514
2026-08-06 10:54:06.255,10.716667,175,13,0.009347,-1.8704,164.03,0,0,0,60.0346,219.243,0.08697,1,0,0,0,0,0.008908,0.000221,0.001463,0.000102,0.001453,0.000062,0.000969,0.000110,0.000830,0.000145,0.000654,0.000083,0.000791,0.000062,0.000717,-164.03,-173.36,-93.75,-107.31,-29.82,169.58,63.57,117.89,139.39,160.34,-146.67,-164.92,-43.34,137.00,27.47,218.5484,4.9676,4.9676,3.7476,14.7092,2.2272,1.4203,0.7313,3.6129,0.5988,6.1532,0.7945,2.1961,0.6962,4.1514
2026-08-06 10:54:06.255,10.733333,175,14,0.009390,-1.8778,163.87,0,0,0,60.0346,219.243,0.08697,1,0,0,0,0,0.008941,0.000255,0.001497,0.000139,0.001445,0.000091,0.000937,0.000019,0.000754,0.000107,0.000675,0.000082,0.000876,0.000146,0.000784,-163.87,-168.73,-96.05,-104.42,-30.34,130.09,68.12,9.65,133.98,154.12,-144.64,-170.51,-38.43,59.92,30.00,218.5484,4.9676,4.9676,3.7476,14.7092,2.2272,1.4203,0.7313,3.6129,0.5988,6.1532,0.7945,2.1961,0.6962,4.1514
2026-08-06 10:54:06.255,10.750000,175,15,0.009364,-1.8810,164.24,0,0,0,60.0346,219.243,0.08697,1,0,0,0,0,0.008942,0.000200,0.001467,0.000132,0.001391,0.000047,0.000904,0.000084,0.000785,0.000088,0.000701,0.000051,0.000773,0.000093,0.000673,-164.24,-157.47,-95.89,-107.33,-28.13,-155.76,68.61,141.36,138.88,123.44,-148.25,157.74,-38.23,39.68,31.13,218.5484,4.9676,4.9676,3.7476,14.7092,2.2272,1.4203,0.7313,3.6129,0.5988,6.1532,0.7945,2.1961,0.6962,4.1514
2026-08-06 10:54:06.255,10.766667,175,16,0.009203,-1.8382,163.73,0,0,0,60.0346,219.243,0.08697,1,0,0,0,0,0.008760,0.000234,0.001429,0.000097,0.001418,0.000074,0.000890,0.000111,0.000789,0.000194,0.000676,0.000147,0.000839,0.000165,0.000764,-163.73,178.17,-95.49,-159.70,-28.80,146.92,66.53,108.83,134.33,140.41,-149.75,-147.87,-41.00,105.53,28.50,218.5484,4.9676,4.9676,3.7476,14.7092,2.2272,1.4203,0.7313,3.6129,0.5988,6.1532,0.7945,2.1961,0.6962,4.1514
2026-08-06 10:54:06.255,10.783333,175,17,0.009158,-1.8298,163.46,0,0,0,60.0346,219.243,0.08697,1,0,0,0,0,0.008726,0.000293,0.001424,0.000142,0.001440,0.000074,0.000932,0.000025,0.000710,0.000143,0.000687,0.000054,0.000772,0.000050,0.000776,-163.46,-158.04,-94.46,-107.60,-32.10,102.55,63.85,1.46,133.86,158.76,-148.62,-133.86,-45.15,96.70,18.72,218.5484,4.9676,4.9676,3.7476,14.7092,2.2272,1.4203,0.7313,3.6129,0.5988,6.1532,0.7945,2.1961,0.6962,4.1514
2026-08-06 10:54:06.255,10.800000,175,18,0.009014,-1.8115,164.05,0,0,0,60.0346,219.243,0.08697,1,0,0,0,0,0.008606,0.000177,0.001332,0.000134,0.001365,0.000014,0.000852,0.000076,0.000774,0.000090,0.000723,0.000091,0.000765,0.000033,0.000725,-164.05,179.57,-95.89,-120.88,-32.66,-50.83,60.46,146.38,131.04,127.77,-156.66,153.28,-42.07,137.05,18.30,218.5484,4.9676,4.9676,3.7476,14.7092,2.2272,1.4203,0.7313,3.6129,0.5988,6.1532,0.7945,2.1961,0.6962,4.1514
2026-08-06 10:54:06.255,10.816667,175,19,0.008954,-1.7927,164.09,0,0,0,60.0346,219.243,0.08697,1,0,0,0,0,0.008511,0.000230,0.001348,0.000116,0.001443,0.000079,0.000884,0.000065,0.000826,0.000147,0.000797,0.000185,0.000781,0.000090,0.000778,-164.09,-177.29,-98.76,-113.61,-34.19,177.24,62.77,71.53,129.26,147.47,-158.51,-144.32,-47.18,88.70,18.11,218.5484,4.9676,4.9676,3.7476,14.7092,2.2272,1.4203,0.7313,3.6129,0.5988,6.1532,0.7945,2.1961,0.6962,4.1514
2026-08-06 10:54:06.255,10.833333,175,20,0.008905,-1.7900,164.38,0,0,0,60.0346,219.243,0.08697,1,0,0,0,0,0.008489,0.000256,0.001337,0.000112,0.001395,0.000087,0.000846,0.000036,0.000752,0.000141,0.000723,0.000073,0.000731,0.000056,0.000690,-164.38,178.08,-98.66,-139.13,-32.04,125.19,65.71,-176.62,132.81,137.60,-154.09,179.59,-42.38,103.57,13.81,218.5484,4.9676,4.9676,3.7476,14.7092,2.2272,1.4203,0.7313,3.6129,0.5988,6.1532,0.7945,2.1961,0.6962,4.1514
2026-08-06 10:54:06.255,10.850000,175,21,0.008803,-1.7629,164.09,0,0,0,60.0346,219.243,0.08697,1,0,0,0,0,0.008376,0.000186,0.001315,0.000096,0.001383,0.000011,0.000912,0.000014,0.000747,0.000139,0.000736,0.000054,0.000795,0.000062,0.000770,-164.09,-168.54,-96.38,-101.03,-31.43,-101.15,60.94,-163.03,130.37,159.59,-154.48,-100.44,-47.67,107.90,14.62,218.5484,4.9676,4.9676,3.7476,14.7092,2.2272,1.4203,0.7313,3.6129,0.5988,6.1532,0.7945,2.1961,0.6962,4.1514
2026-08-06 10:54:06.255,10.866667,175,22,0.008876,-1.7727,163.87,0,0,0,60.0346,219.243,0.08697,1,0,0,0,0,0.008432,0.000264,0.001340,0.000115,0.001452,0.000058,0.000929,0.000018,0.000720,0.000141,0.000643,0.000154,0.000803,0.000045,0.000856,-163.87,-175.75,-97.57,-82.00,-30.89,126.03,61.48,-29.10,133.39,131.35,-159.51,-161.78,-50.59,23.30,16.63,218.5484,4.9676,4.9676,3.7476,14.7092,2.2272,1.4203,0.7313,3.6129,0.5988,6.1532,0.7945,2.1961,0.6962,4.1514
2026-08-06 10:54:06.255,10.883333,175,23,0.008830,-1.7752,164.54,0,0,0,60.0346,219.243,0.08697,1,0,0,0,0,0.008414,0.000181,0.001329,0.000135,0.001411,0.000046,0.000865,0.000076,0.000759,0.000046,0.000696,0.000065,0.000742,0.000036,0.000703,-164.54,-165.68,-97.42,-138.13,-31.94,85.30,63.95,-135.91,133.02,152.81,-157.34,160.15,-41.30,66.88,17.64,218.5484,4.9676,4.9676,3.7476,14.7092,2.2272,1.4203,0.7313,3.6129,0.5988,6.1532,0.7945,2.1961,0.6962,4.1514
2026-08-06 10:54:06.255,10.900000,175,24,0.008784,-1.7608,164.61,0,0,0,60.0346,219.243,0.08697,1,0,0,0,0,0.008344,0.000202,0.001363,0.000095,0.001435,0.000050,0.000908,0.000048,0.000754,0.000095,0.000750,0.000197,0.000798,0.000126,0.000737,-164.61,-179.42,-99.16,-149.58,-33.12,150.78,59.22,83.84,126.53,171.58,-158.74,-133.79,-49.23,81.32,21.04,218.5484,4.9676,4.9676,3.7476,14.7092,2.2272,1.4203,0.7313,3.6129,0.5988,6.1532,0.7945,2.1961,0.6962,4.1514
2026-08-06 10:54:06.255,10.916667,175,25,0.008797,-1.7654,164.29,0,0,0,60.0346,219.243,0.08697,1,0,0,0,0,0.008375,0.000281,0.001349,0.000141,0.001358,0.000037,0.000887,0.000060,0.000707,0.000148,0.000691,0.000096,0.000745,0.000023,0.000801,-164.29,-162.63,-96.82,-130.69,-32.34,80.28,62.28,-33.15,132.89,159.86,-155.05,-146.79,-48.07,-9.99,12.03,218.5484,4.9676,4.9676,3.7476,14.7092,2.2272,1.4203,0.7313,3.6129,0.5988,6.1532,0.7945,2.1961,0.6962,4.1514
2026-08-06 10:54:06.255,10.933333,175,26,0.008874,-1.7816,164.47,0,0,0,60.0346,219.243,0.08697,1,0,0,0,0,0.008446,0.000194,0.001324,0.000087,0.001377,0.000038,0.000887,0.000092,0.000811,0.000169,0.000768,0.000048,0.000777,0.000037,0.000733,-164.47,-150.92,-98.78,-133.91,-33.46,137.18,61.80,157.55,132.31,178.44,-150.38,-140.13,-40.64,122.36,18.43,218.5484,4.9676,4.9676,3.7476,14.7092,2.2272,1.4203,0.7313,3.6129,0.5988,6.1532,0.7945,2.1961,0.6962,4.1514
2026-08-06 10:54:06.255,10.950000,175,27,0.009172,-1.8291,164.07,0,0,0,60.0346,219.243,0.08697,1,0,0,0,0,0.008685,0.000494,0.001570,0.000380,0.001566,0.000198,0.000882,0.000253,0.000689,0.000159,0.000644,0.000173,0.000763,0.000032,0.000827,-164.07,-153.02,-102.11,-105.36,-40.53,-72.03,47.90,1.26,113.41,78.98,-157.40,-167.49,-44.31,120.77,17.35,218.5484,4.9676,4.9676,3.7476,14.7092,2.2272,1.4203,0.7313,3.6129,0.5988,6.1532,0.7945,2.1961,0.6962,4.1514
2026-08-06 10:54:06.255,10.966667,175,28,0.008816,-1.7504,168.31,0,0,0,60.0346,219.243,0.08697,1,0,0,0,0,0.008196,0.000731,0.001153,0.000087,0.001144,0.000273,0.001593,0.000526,0.000763,0.000333,0.000709,0.000744,0.000848,0.000316,0.000789,-168.31,111.32,-103.68,-160.61,-15.40,108.84,100.83,152.09,142.22,90.31,-164.82,41.54,-31.12,134.44,44.71,218.5484,4.9676,4.9676,3.7476,14.7092,2.2272,1.4203,0.7313,3.6129,0.5988,6.1532,0.7945,2.1961,0.6962,4.1514
2026-08-06 10:54:06.255,10.983333,175,29,0.008176,-1.5895,171.61,0,0,0,60.0346,219.243,0.08697,1,0,0,0,0,0.007389,0.000759,0.001742,0.000324,0.000595,0.000130,0.000395,0.000164,0.001051,0.000118,0.000729,0.000120,0.001838,0.000349,0.001504,-171.61,-113.31,-40.40,-81.50,80.08,-86.31,15.14,90.43,111.28,164.40,-167.43,-115.94,-40.98,-160.97,70.03,218.5484,4.9676,4.9676,3.7476,14.7092,2.2272,1.4203,0.7313,3.6129,0.5988,6.1532,0.7945,2.1961,0.6962,4.1514
2026-08-06 10:54:06.507,11.000000,176,0,0.008663,-1.7233,170.28,0,0,0,60.0307,219.187,0.08725,1,0,0,0,0,0.008053,0.000235,0.001896,0.000074,0.000448,0.000122,0.000519,0.000082,0.000993,0.000113,0.000789,0.000158,0.001678,0.000154,0.001192,-170.28,-105.93,-45.14,-168.77,69.04,152.24,19.88,45.82,114.78,160.64,-157.73,101.12,-46.34,0.45,67.27,218.4868,5.0127,5.0596,3.7588,14.7046,2.2229,1.4909,0.7465,3.6169,0.6193,6.1666,0.7886,2.2137,0.6933,4.1875
2026-08-06 10:54:06.507,11.016667,176,1,0.008687,-1.7240,169.87,0,0,0,60.0307,219.187,0.08725,1,0,0,0,0,0.008056,0.000156,0.001908,0.000133,0.000445,0.000055,0.000614,0.000121,0.001088,0.000095,0.000797,0.000060,0.001766,0.000056,0.001015,-169.87,-97.42,-45.57,-138.61,73.90,-110.58,19.27,152.57,116.92,120.43,-168.45,89.15,-41.69,166.10,65.22,218.4868,5.0127,5.0596,3.7588,14.7046,2.2229,1.4909,0.7465,3.6169,0.6193,6.1666,0.7886,2.2137,0.6933,4.1875
2026-08-06 10:54:06.507,11.033333,176,2,0.008714,-1.7302,170.38,0,0,0,60.0307,219.187,0.08725,1,0,0,0,0,0.008072,0.000138,0.001937,0.000058,0.000389,0.000079,0.000504,0.000227,0.001110,0.000051,0.000763,0.000151,0.001720,0.000238,0.001040,-170.38,-148.87,-42.67,-170.49,72.06,-127.33,11.15,62.09,115.52,-165.23,-165.22,-95.70,-45.84,116.16,69.11,218.4868,5.0127,5.0596,3.7588,14.7046,2.2229,1.4909,0.7465,3.6169,0.6193,6.1666,0.7886,2.2137,0.6933,4.1875
2026-08-06 10:54:06.507,11.050000,176,3,0.008792,-1.7593,170.47,0,0,0,60.0307,219.187,0.08725,1,0,0,0,0,0.008212,0.000089,0.001887,0.000136,0.000384,0.000013,0.000663,0.000100,0.001051,0.000123,0.000747,0.000109,0.001537,0.000087,0.001097,-170.47,-96.79,-43.89,153.81,74.43,134.59,21.40,-33.71,115.49,167.77,-157.32,42.60,-45.72,-62.32,66.83,218.4868,5.0127,5.0596,3.7588,14.7046,2.2229,1.4909,0.7465,3.6169,0.6193,6.1666,0.7886,2.2137,0.6933,4.1875
2026-08-06 10:54:06.507,11.066667,176,4,0.008677,-1.7229,170.46,0,0,0,60.0307,219.187,0.08725,1,0,0,0,0,0.008042,0.000216,0.001877,0.000105,0.000434,0.000105,0.000631,0.000178,0.001164,0.000085,0.000689,0.000058,0.001761,0.000112,0.001002,-170.46,-88.60,-44.62,-140.84,77.83,-156.10,13.96,98.98,118.75,105.40,-164.96,-65.16,-42.48,-128.99,73.79,218.4868,5.0127,5.0596,3.7588,14.7046,2.2229,1.4909,0.7465,3.6169,0.6193,6.1666,0.7886,2.2137,0.6933,4.1875
2026-08-06 10:54:06.507,11.083333,176,5,0.008745,-1.7396,169.88,0,0,0,60.0307,219.187,0.08725,1,0,0,0,0,0.008125,0.000149,0.001943,0.000086,0.000333,0.000036,0.000564,0.000174,0.001158,0.000099,0.000700,0.000159,0.001629,0.000192,0.001045,-169.88,-136.34,-41.89,-118.26,81.06,-97.28,20.67,52.82,114.54,-152.80,-155.24,-171.00,-44.40,66.14,70.01,218.4868,5.0127,5.0596,3.7588,14.7046,2.2229,1.4909,0.7465,3.6169,0.6193,6.1666,0.7886,2.2137,0.6933,4.1875
2026-08-06 10:54:06.507,11.100000,176,6,0.008738,-1.7460,170.45,0,0,0,60.0307,219.187,0.08725,1,0,0,0,0,0.008145,0.000099,0.001860,0.000034,0.000448,0.000013,0.000641,0.000073,0.000987,0.000102,0.000876,0.000095,0.001620,0.000044,0.000941,-170.45,-106.49,-41.90,159.87,78.08,82.21,19.09,-150.76,117.32,94.52,-161.77,16.74,-39.99,-62.27,62.44,218.4868,5.0127,5.0596,3.7588,14.7046,2.2229,1.4909,0.7465,3.6169,0.6193,6.1666,0.7886,2.2137,0.6933,4.1875
2026-08-06 10:54:06.507,11.116667,176,7,0.008805,-1.7459,170.68,0,0,0,60.0307,219.187,0.08725,1,0,0,0,0,0.008146,0.000165,0.001954,0.000016,0.000397,0.000131,0.000610,0.000189,0.001168,0.000096,0.000758,0.000171,0.001729,0.000205,0.001074,-170.68,-122.32,-43.64,-89.90,73.22,-137.17,15.90,81.62,117.05,123.94,-163.06,-67.13,-43.80,156.21,70.13,218.4868,5.0127,5.0596,3.7588,14.7046,2.2229,1.4909,0.7465,3.6169,0.6193,6.1666,0.7886,2.2137,0.6933,4.1875
2026-08-06 10:54:06.507,11.133333,176,8,0.008764,-1.7497,170.32,0,0,0,60.0307,219.187,0.08725,1,0,0,0,0,0.008165,0.000157,0.001933,0.000077,0.000346,0.000092,0.000611,0.000167,0.000996,0.000114,0.000734,0.000159,0.001606,0.000193,0.001076,-170.32,-110.71,-42.54,167.87,77.29,148.06,21.82,34.59,113.19,-160.35,-159.24,117.82,-45.31,-2.55,66.54,218.4868,5.0127,5.0596,3.7588,14.7046,2.2229,1.4909,0.7465,3.6169,0.6193,6.1666,0.7886,2.2137,0.6933,4.1875
2026-08-06 10:54:06.507,11.150000,176,9,0.008707,-1.7339,170.25,0,0,0,60.0307,219.187,0.08725,1,0,0,0,0,0.008087,0.000179,0.001894,0.000065,0.000397,0.000052,0.000695,0.000116,0.001096,0.000057,0.000827,0.000076,0.001662,0.000078,0.000900,-170.25,-105.20,-44.00,-134.48,86.95,-14.27,18.69,163.19,117.80,95.48,-167.65,44.64,-40.54,-150.56,64.67,218.4868,5.0127,5.0596,3.7588,14.7046,2.2229,1.4909,0.7465,3.6169,0.6193,6.1666,0.7886,2.2137,0.6933,4.1875
2026-08-06 10:54:06.507,11.166667,176,10,0.008748,-1.7394,170.57,0,0,0,60.0307,219.187,0.08725,1,0,0,0,0,0.008119,0.000178,0.001957,0.000046,0.000405,0.000055,0.000537,0.000215,0.001163,0.000040,0.000664,0.000231,0.001618,0.000183,0.001046,-170.57,-159.05,-42.35,-116.42,74.69,-164.90,7.65,73.24,117.57,-170.18,-164.07,-120.25,-44.61,99.38,72.09,218.4868,5.0127,5.0596,3.7588,14.7046,2.2229,1.4909,0.7465,3.6169,0.6193,6.1666,0.7886,2.2137,0.6933,4.1875
2026-08-06 10:54:06.507,11.183333,176,11,0.008776,-1.7556,170.44,0,0,0,60.0307,219.187,0.08725,1,0,0,0,0,0.008189,0.000143,0.001940,0.000093,0.000387,0.000069,0.000569,0.000019,0.001009,0.000135,0.000683,0.000140,0.001575,0.000181,0.001028,-170.44,-131.65,-42.38,-178.98,79.63,113.93,15.38,-18.26,113.59,163.70,-165.62,23.91,-47.56,-25.13,62.18,218.4868,5.0127,5.0596,3.7588,14.7046,2.2229,1.4909,0.7465,3.6169,0.6193,6.1666,0.7886,2.2137,0.6933,4.1875
2026-08-06 10:54:06.507,11.200000,176,12,0.008820,-1.7553,170.83,0,0,0,60.0307,219.187,0.08725,1,0,0,0,0,0.008178,0.000210,0.001903,0.000049,0.000360,0.000083,0.000675,0.000128,0.001197,0.000110,0.000658,0.000019,0.001756,0.000101,0.000973,-170.83,-90.60,-42.76,175.93,83.47,-136.59,14.51,119.97,118.30,122.36,-166.54,-93.50,-44.50,-103.23,66.94,218.4868,5.0127,5.0596,3.7588,14.7046,2.2229,1.4909,0.7465,3.6169,0.6193,6.1666,0.7886,2.2137,0.6933,4.1875
2026-08-06 10:54:06.507,11.216667,176,13,0.008773,-1.7451,170.49,0,0,0,60.0307,219.187,0.08725,1,0,0,0,0,0.008140,0.000163,0.001919,0.000074,0.000355,0.000030,0.000518,0.000187,0.001107,0.000109,0.000755,0.000107,0.001655,0.000182,0.001102,-170.49,-146.57,-42.34,-101.91,85.62,123.15,14.53,39.73,114.61,-143.99,-158.89,177.24,-44.28,67.73,68.80,218.4868,5.0127,5.0596,3.7588,14.7046,2.2229,1.4909,0.7465,3.6169,0.6193,6.1666,0.7886,2.2137,0.6933,4.1875
2026-08-06 10:54:06.507,11.233333,176,14,0.008729,-1.7461,170.45,0,0,0,60.0307,219.187,0.08725,1,0,0,0,0,0.008145,0.000143,0.001882,0.000100,0.000397,0.000038,0.000716,0.000066,0.000990,0.000127,0.000816,0.000095,0.001530,0.000034,0.000919,-170.45,-94.15,-42.81,166.94,76.94,71.96,17.83,-90.74,120.03,127.18,-161.22,-10.68,-41.20,-76.73,64.39,218.4868,5.0127,5.0596,3.7588,14.7046,2.2229,1.4909,0.7465,3.6169,0.6193,6.1666,0.7886,2.2137,0.6933,4.1875
2026-08-06 10:54:06.507,11.250000,176,15,0.008735,-1.7355,170.98,0,0,0,60.0307,219.187,0.08725,1,0,0,0,0,0.008084,0.000170,0.001923,0.000051,0.000384,0.000097,0.000595,0.000220,0.001157,0.000107,0.000705,0.000136,0.001770,0.000138,0.001003,-170.98,-123.66,-43.93,-98.28,80.22,-157.14,8.13,76.86,117.06,106.94,-163.78,-70.60,-43.99,159.61,72.65,218.4868,5.0127,5.0596,3.7588,14.7046,2.2229,1.4909,0.7465,3.6169,0.6193,6.1666,0.7886,2.2137,0.6933,4.1875
2026-08-06 10:54:06.507,11.266667,176,16,0.008827,-1.7657,170.44,0,0,0,60.0307,219.187,0.08725,1,0,0,0,0,0.008238,0.000114,0.001936,0.000079,0.000378,0.000073,0.000543,0.000142,0.001068,0.000110,0.000708,0.000108,0.001596,0.000205,0.001045,-170.44,-150.91,-42.00,-179.94,73.83,178.36,17.62,26.20,110.85,172.37,-162.74,96.87,-46.80,2.24,68.12,218.4868,5.0127,5.0596,3.7588,14.7046,2.2229,1.4909,0.7465,3.6169,0.6193,6.1666,0.7886,2.2137,0.6933,4.1875
2026-08-06 10:54:06.507,11.283333,176,17,0.008741,-1.7434,170.94,0,0,0,60.0307,219.187,0.08725,1,0,0,0,0,0.008118,0.000220,0.001879,0.000045,0.000363,0.000028,0.000691,0.000162,0.001061,0.000113,0.000786,0.000003,0.001730,0.000064,0.000905,-170.94,-86.66,-42.85,-175.76,74.22,-71.94,10.55,136.75,119.63,130.99,-167.90,101.44,-40.16,-129.38,65.64,218.4868,5.0127,5.0596,3.7588,14.7046,2.2229,1.4909,0.7465,3.6169,0.6193,6.1666,0.7886,2.2137,0.6933,4.1875
2026-08-06 10:54:06.507,11.300000,176,18,0.008759,-1.7466,171.04,0,0,0,60.0307,219.187,0.08725,1,0,0,0,0,0.008135,0.000154,0.001947,0.000035,0.000326,0.000062,0.000501,0.000258,0.001110,0.000038,0.000707,0.000132,0.001721,0.000233,0.001019,-171.04,-155.99,-44.94,-179.97,64.78,-139.16,13.04,73.17,115.70,-162.46,-161.12,-102.04,-45.02,107.21,71.79,218.4868,5.0127,5.0596,3.7588,14.7046,2.2229,1.4909,0.7465,3.6169,0.6193,6.1666,0.7886,2.2137,0.6933,4.1875
2026-08-06 10:54:06.507,11.316667,176,19,0.008765,-1.7535,170.71,0,0,0,60.0307,219.187,0.08725,1,0,0,0,0,0.008170,0.000138,0.001898,0.000081,0.000348,0.000136,0.000596,0.000062,0.001031,0.000113,0.000733,0.000122,0.001589,0.000158,0.001048,-170.71,-123.02,-42.97,148.13,71.35,117.56,17.70,-69.12,111.41,119.74,-163.81,43.18,-47.23,-50.91,66.00,218.4868,5.0127,5.0596,3.7588,14.7046,2.2229,1.4909,0.7465,3.6169,0.6193,6.1666,0.7886,2.2137,0.6933,4.1875
2026-08-06 10:54:06.507,11.333333,176,20,0.008748,-1.7394,170.98,0,0,0,60.0307,219.187,0.08725,1,0,0,0,0,0.008097,0.000213,0.001878,0.000060,0.000399,0.000084,0.000688,0.000175,0.001171,0.000106,0.000688,0.000021,0.001796,0.000088,0.000994,-170.98,-98.04,-44.21,-121.55,86.05,-124.76,17.00,115.48,118.53,73.00,-164.80,-165.09,-43.43,-129.65,71.59,218.4868,5.0127,5.0596,3.7588,14.7046,2.2229,1.4909,0.7465,3.6169,0.6193,6.1666,0.7886,2.2137,0.6933,4.1875
2026-08-06 10:54:06.507,11.350000,176,21,0.008720,-1.7352,170.91,0,0,0,60.0307,219.187,0.08725,1,0,0,0,0,0.008087,0.000142,0.001915,0.000046,0.000352,0.000085,0.000521,0.000200,0.001090,0.000148,0.000725,0.000078,0.001745,0.000246,0.001034,-170.91,-142.62,-44.13,-75.40,76.82,148.53,17.32,49.85,114.03,-130.13,-164.54,176.42,-48.39,63.29,66.21,218.4868,5.0127,5.0596,3.7588,14.7046,2.2229,1.4909,0.7465,3.6169,0.6193,6.1666,0.7886,2.2137,0.6933,4.1875
2026-08-06 10:54:06.507,11.366667,176,22,0.008688,-1.7389,171.22,0,0,0,60.0307,219.187,0.08725,1,0,0,0,0,0.008092,0.000135,0.001882,0.000063,0.000375,0.000054,0.000702,0.000072,0.000964,0.000140,0.000774,0.000029,0.001632,0.000052,0.000966,-171.22,-110.04,-42.50,146.83,79.09,-3.65,15.39,170.80,116.91,129.62,-164.31,31.59,-41.33,-112.31,65.27,218.4868,5.0127,5.0596,3.7588,14.7046,2.2229,1.4909,0.7465,3.6169,0.6193,6.1666,0.7886,2.2137,0.6933,4.1875
2026-08-06 10:54:06.507,11.383333,176,23,0.008731,-1.7381,171.86,0,0,0,60.0307,219.187,0.08725,1,0,0,0,0,0.008077,0.000167,0.001948,0.000051,0.000352,0.000098,0.000551,0.000192,0.001153,0.000084,0.000724,0.000160,0.001733,0.000173,0.001033,-171.86,-124.56,-45.09,-81.65,70.13,152.13,8.31,79.80,116.68,117.25,-162.28,-59.52,-44.78,145.23,69.31,218.4868,5.0127,5.0596,3.7588,14.7046,2.2229,1.4909,0.7465,3.6169,0.6193,6.1666,0.7886,2.2137,0.6933,4.1875
2026-08-06 10:54:06.507,11.400000,176,24,0.008828,-1.7642,170.91,0,0,0,60.0307,219.187,0.08725,1,0,0,0,0,0.008223,0.000151,0.001956,0.000039,0.000364,0.000061,0.000546,0.000156,0.000978,0.000124,0.000712,0.000097,0.001639,0.000175,0.001121,-170.91,-127.31,-42.44,164.65,75.30,-172.91,21.65,13.63,115.24,-177.69,-159.71,100.34,-46.28,-2.69,66.85,218.4868,5.0127,5.0596,3.7588,14.7046,2.2229,1.4909,0.7465,3.6169,0.6193,6.1666,0.7886,2.2137,0.6933,4.1875
2026-08-06 10:54:06.507,11.416667,176,25,0.008786,-1.7558,171.75,0,0,0,60.0307,219.187,0.08725,1,0,0,0,0,0.008156,0.000192,0.001812,0.000052,0.000398,0.000045,0.000683,0.000047,0.001123,0.000070,0.000763,0.000048,0.001745,0.000084,0.001052,-171.75,-105.35,-42.63,146.94,72.14,-69.20,17.53,168.39,120.19,151.43,-169.51,10.55,-40.38,-117.72,65.31,218.4868,5.0127,5.0596,3.7588,14.7046,2.2229,1.4909,0.7465,3.6169,0.6193,6.1666,0.7886,2.2137,0.6933,4.1875
2026-08-06 10:54:06.507,11.433333,176,26,0.008794,-1.7524,171.36,0,0,0,60.0307,219.187,0.08725,1,0,0,0,0,0.008154,0.000135,0.001934,0.000035,0.000354,0.000042,0.000504,0.000176,0.001162,0.000049,0.000678,0.000211,0.001706,0.000259,0.001086,-171.36,-153.84,-44.67,-96.00,69.34,153.88,10.12,52.83,114.91,-166.76,-160.16,-125.55,-44.80,107.17,69.91,218.4868,5.0127,5.0596,3.7588,14.7046,2.2229,1.4909,0.7465,3.6169,0.6193,6.1666,0.7886,2.2137,0.6933,4.1875
2026-08-06 10:54:06.507,11.450000,176,27,0.008732,-1.7479,171.25,0,0,0,60.0307,219.187,0.08725,1,0,0,0,0,0.008135,0.000121,0.001867,0.000136,0.000384,0.000021,0.000634,0.000079,0.001031,0.000126,0.000749,0.000211,0.001607,0.000160,0.001087,-171.25,-105.10,-44.28,150.05,73.74,23.76,18.69,-20.62,117.42,149.13,-160.85,55.27,-46.66,-62.67,66.33,218.4868,5.0127,5.0596,3.7588,14.7046,2.2229,1.4909,0.7465,3.6169,0.6193,6.1666,0.7886,2.2137,0.6933,4.1875
2026-08-06 10:54:06.507,11.466667,176,28,0.008783,-1.7520,171.30,0,0,0,60.0307,219.187,0.08725,1,0,0,0,0,0.008151,0.000231,0.001876,0.000069,0.000339,0.000118,0.000679,0.000182,0.001179,0.000118,0.000642,0.000079,0.001766,0.000117,0.000943,-171.30,-98.37,-42.68,-158.76,83.72,-139.98,12.88,85.28,119.12,123.86,-164.77,-40.81,-43.44,-134.63,75.58,218.4868,5.0127,5.0596,3.7588,14.7046,2.2229,1.4909,0.7465,3.6169,0.6193,6.1666,0.7886,2.2137,0.6933,4.1875
2026-08-06 10:54:06.507,11.483333,176,29,0.008764,-1.7488,171.08,0,0,0,60.0307,219.187,0.08725,1,0,0,0,0,0.008142,0.000188,0.001965,0.000031,0.000363,0.000057,0.000504,0.000161,0.001039,0.000151,0.000707,0.000163,0.001615,0.000215,0.001141,-171.08,-124.86,-44.16,-44.48,69.84,-168.47,28.74,19.15,113.71,-135.31,-159.81,171.13,-44.64,70.82,70.59,218.4868,5.0127,5.0596,3.7588,14.7046,2.2229,1.4909,0.7465,3.6169,0.6193,6.1666,0.7886,2.2137,0.6933,4.1875
2026-08-06 10:54:06.768,11.500000,177,0,0.008786,-1.7598,171.40,0,0,0,60.0307,219.185,0.08732,1,0,0,0,0,0.008182,0.000117,0.001905,0.000138,0.000366,0.000039,0.000637,0.000067,0.001032,0.000119,0.000805,0.000043,0.001648,0.000084,0.001026,-171.40,-110.67,-41.86,165.94,79.00,7.51,19.29,-149.10,118.45,142.30,-166.59,18.18,-41.04,-68.23,58.40,218.4836,4.9992,5.0511,3.7576,14.6913,2.2062,1.5293,0.7474,3.6236,0.6173,6.2339,0.7851,2.1468,0.6768,4.2565
2026-08-06 10:54:06.768,11.516667,177,1,0.008813,-1.7543,171.61,0,0,0,60.0307,219.185,0.08732,1,0,0,0,0,0.008156,0.000204,0.001889,0.000048,0.000344,0.000092,0.000607,0.000175,0.001174,0.000083,0.000778,0.000180,0.001751,0.000172,0.001123,-171.61,-124.18,-43.13,-98.56,67.53,-173.68,5.68,75.32,115.97,149.95,-160.57,-76.38,-45.37,129.67,69.35,218.4836,4.9992,5.0511,3.7576,14.6913,2.2062,1.5293,0.7474,3.6236,0.6173,6.2339,0.7851,2.1468,0.6768,4.2565
2026-08-06 10:54:06.768,11.533333,177,2,0.008793,-1.7567,170.49,0,0,0,60.0307,219.185,0.08732,1,0,0,0,0,0.008192,0.000171,0.001873,0.000089,0.000409,0.000079,0.000638,0.000129,0.001031,0.000071,0.000787,0.000106,0.001632,0.000162,0.001088,-170.49,-112.84,-42.94,168.38,81.63,144.88,25.29,-26.54,113.67,150.86,-163.45,65.11,-47.11,-23.84,64.14,218.4836,4.9992,5.0511,3.7576,14.6913,2.2062,1.5293,0.7474,3.6236,0.6173,6.2339,0.7851,2.1468,0.6768,4.2565
2026-08-06 10:54:06.768,11.550000,177,3,0.008728,-1.7420,171.62,0,0,0,60.0307,219.185,0.08732,1,0,0,0,0,0.008099,0.000234,0.001907,0.000126,0.000399,0.000089,0.000632,0.000140,0.001118,0.000068,0.000673,0.000049,0.001738,0.000130,0.000980,-171.62,-86.20,-43.86,-135.68,82.11,-81.09,17.22,132.37,119.32,108.29,-172.15,50.69,-42.95,-133.16,67.80,218.4836,4.9992,5.0511,3.7576,14.6913,2.2062,1.5293,0.7474,3.6236,0.6173,6.2339,0.7851,2.1468,0.6768,4.2565
2026-08-06 10:54:06.768,11.566667,177,4,0.008729,-1.7331,170.81,0,0,0,60.0307,219.185,0.08732,1,0,0,0,0,0.008076,0.000198,0.001964,0.000086,0.000351,0.000058,0.000513,0.000221,0.001118,0.000073,0.000708,0.000164,0.001724,0.000247,0.001098,-170.81,-171.28,-43.83,158.04,68.90,-130.81,14.27,53.34,115.46,-124.44,-161.88,-135.36,-45.80,88.89,67.27,218.4836,4.9992,5.0511,3.7576,14.6913,2.2062,1.5293,0.7474,3.6236,0.6173,6.2339,0.7851,2.1468,0.6768,4.2565
2026-08-06 10:54:06.768,11.583333,177,5,0.008745,-1.7464,170.53,0,0,0,60.0307,219.185,0.08732,1,0,0,0,0,0.008142,0.000197,0.001939,0.000141,0.000357,0.000097,0.000673,0.000044,0.001046,0.000136,0.000738,0.000107,0.001565,0.000079,0.001066,-170.53,-113.94,-43.50,160.98,78.67,68.42,21.10,-103.19,114.83,153.28,-163.02,19.64,-46.96,-56.84,59.98,218.4836,4.9992,5.0511,3.7576,14.6913,2.2062,1.5293,0.7474,3.6236,0.6173,6.2339,0.7851,2.1468,0.6768,4.2565
2026-08-06 10:54:06.768,11.600000,177,6,0.008707,-1.7276,171.26,0,0,0,60.0307,219.185,0.08732,1,0,0,0,0,0.008040,0.000200,0.001934,0.000094,0.000374,0.000108,0.000595,0.000155,0.001202,0.000122,0.000687,0.000106,0.001764,0.000115,0.001019,-171.26,-111.44,-44.92,-122.76,76.15,-162.88,13.03,90.60,116.49,106.97,-164.91,-60.70,-44.51,-171.76,71.16,218.4836,4.9992,5.0511,3.7576,14.6913,2.2062,1.5293,0.7474,3.6236,0.6173,6.2339,0.7851,2.1468,0.6768,4.2565
2026-08-06 10:54:06.768,11.616667,177,7,0.008761,-1.7479,170.99,0,0,0,60.0307,219.185,0.08732,1,0,0,0,0,0.008140,0.000206,0.001913,0.000063,0.000345,0.000020,0.000566,0.000165,0.001062,0.000191,0.000742,0.000123,0.001658,0.000174,0.001091,-170.99,-118.74,-41.84,158.39,83.57,117.02,20.12,16.98,113.11,-161.90,-162.83,-165.76,-45.78,32.40,63.40,218.4836,4.9992,5.0511,3.7576,14.6913,2.2062,1.5293,0.7474,3.6236,0.6173,6.2339,0.7851,2.1468,0.6768,4.2565
2026-08-06 10:54:06.768,11.633333,177,8,0.008763,-1.7542,171.55,0,0,0,60.0307,219.185,0.08732,1,0,0,0,0,0.008159,0.000118,0.001916,0.000125,0.000416,0.000005,0.000623,0.000117,0.001060,0.000105,0.000754,0.000109,0.001658,0.000052,0.000927,-171.55,-38.08,-42.83,162.60,73.16,139.86,14.92,-166.00,118.89,117.04,-164.56,39.56,-40.51,-74.94,66.17,218.4836,4.9992,5.0511,3.7576,14.6913,2.2062,1.5293,0.7474,3.6236,0.6173,6.2339,0.7851,2.1468,0.6768,4.2565
2026-08-06 10:54:06.768,11.650000,177,9,0.008712,-1.7352,171.50,0,0,0,60.0307,219.185,0.08732,1,0,0,0,0,0.008066,0.000168,0.001904,0.000085,0.000300,0.000050,0.000602,0.000208,0.001149,0.000059,0.000689,0.000141,0.001720,0.000237,0.001027,-171.50,-118.68,-41.94,-133.50,83.71,-172.33,7.52,78.56,117.05,159.63,-164.02,-76.72,-46.58,122.97,65.47,218.4836,4.9992,5.0511,3.7576,14.6913,2.2062,1.5293,0.7474,3.6236,0.6173,6.2339,0.7851,2.1468,0.6768,4.2565
2026-08-06 10:54:06.768,11.666667,177,10,0.008778,-1.7550,170.92,0,0,0,60.0307,219.185,0.08732,1,0,0,0,0,0.008174,0.000156,0.001888,0.000023,0.000352,0.000070,0.000677,0.000109,0.001060,0.000100,0.000729,0.000153,0.001600,0.000122,0.001110,-170.92,-121.47,-42.18,155.13,82.39,111.08,20.55,-8.11,117.60,175.64,-158.90,81.37,-46.40,-30.37,63.98,218.4836,4.9992,5.0511,3.7576,14.6913,2.2062,1.5293,0.7474,3.6236,0.6173,6.2339,0.7851,2.1468,0.6768,4.2565
2026-08-06 10:54:06.768,11.683333,177,11,0.008780,-1.7522,171.04,0,0,0,60.0307,219.185,0.08732,1,0,0,0,0,0.008152,0.000207,0.001832,0.000045,0.000362,0.000076,0.000670,0.000200,0.001173,0.000088,0.000655,0.000049,0.001766,0.000096,0.000950,-171.04,-94.55,-42.60,-54.52,82.81,-87.79,11.81,141.02,121.80,125.83,-171.45,-7.41,-41.95,-74.08,64.07,218.4836,4.9992,5.0511,3.7576,14.6913,2.2062,1.5293,0.7474,3.6236,0.6173,6.2339,0.7851,2.1468,0.6768,4.2565
2026-08-06 10:54:06.768,11.700000,177,12,0.008689,-1.7187,169.92,0,0,0,60.0307,219.185,0.08732,1,0,0,0,0,0.008032,0.000134,0.001927,0.000144,0.000460,0.000221,0.000684,0.000227,0.000967,0.000077,0.000850,0.000080,0.001544,0.000107,0.001221,-169.92,131.61,-46.79,-15.27,93.64,-98.28,19.04,98.93,116.28,108.73,-156.83,-89.52,-43.15,139.50,60.63,218.4836,4.9992,5.0511,3.7576,14.6913,2.2062,1.5293,0.7474,3.6236,0.6173,6.2339,0.7851,2.1468,0.6768,4.2565
2026-08-06 10:54:06.768,11.716667,177,13,0.008737,-1.7521,171.46,0,0,0,60.0307,219.185,0.08732,1,0,0,0,0,0.008150,0.000087,0.001837,0.000079,0.000407,0.000066,0.000681,0.000066,0.001015,0.000123,0.000750,0.000132,0.001653,0.000080,0.001013,-171.46,-120.90,-41.44,145.71,85.23,-2.41,20.46,-104.44,119.79,133.22,-157.69,-13.90,-44.09,-92.01,59.09,218.4836,4.9992,5.0511,3.7576,14.6913,2.2062,1.5293,0.7474,3.6236,0.6173,6.2339,0.7851,2.1468,0.6768,4.2565
2026-08-06 10:54:06.768,11.733333,177,14,0.008809,-1.7540,171.79,0,0,0,60.0307,219.185,0.08732,1,0,0,0,0,0.008148,0.000195,0.001934,0.000072,0.000288,0.000094,0.000637,0.000187,0.001197,0.000115,0.000659,0.000074,0.001755,0.000086,0.001008,-171.79,-97.54,-43.24,-140.41,72.23,-157.57,9.21,90.77,118.37,122.10,-158.81,-68.02,-43.83,162.38,70.19,218.4836,4.9992,5.0511,3.7576,14.6913,2.2062,1.5293,0.7474,3.6236,0.6173,6.2339,0.7851,2.1468,0.6768,4.2565
2026-08-06 10:54:06.768,11.750000,177,15,0.008750,-1.7527,171.38,0,0,0,60.0307,219.185,0.08732,1,0,0,0,0,0.008147,0.000153,0.001858,0.000026,0.000309,0.000095,0.000655,0.000137,0.001025,0.000113,0.000757,0.000126,0.001616,0.000215,0.001099,-171.38,-123.65,-40.51,128.56,90.01,129.10,21.33,26.28,114.30,-127.93,-157.00,122.32,-48.31,30.18,62.89,218.4836,4.9992,5.0511,3.7576,14.6913,2.2062,1.5293,0.7474,3.6236,0.6173,6.2339,0.7851,2.1468,0.6768,4.2565
2026-08-06 10:54:06.768,11.766667,177,16,0.008769,-1.7542,171.56,0,0,0,60.0307,219.185,0.08732,1,0,0,0,0,0.008149,0.000125,0.001827,0.000054,0.000359,0.000029,0.000723,0.000140,0.001097,0.000101,0.000820,0.000033,0.001726,0.000076,0.000931,-171.56,-78.39,-42.21,-160.95,78.70,-83.91,13.02,152.89,119.75,97.96,-167.77,45.24,-40.66,-125.02,58.20,218.4836,4.9992,5.0511,3.7576,14.6913,2.2062,1.5293,0.7474,3.6236,0.6173,6.2339,0.7851,2.1468,0.6768,4.2565
2026-08-06 10:54:06.768,11.783333,177,17,0.008759,-1.7444,171.26,0,0,0,60.0307,219.185,0.08732,1,0,0,0,0,0.008120,0.000119,0.001966,0.000080,0.000325,0.000106,0.000568,0.000267,0.001149,0.000062,0.000681,0.000158,0.001704,0.000208,0.001012,-171.26,-149.84,-41.80,-171.43,76.01,-137.28,8.88,65.75,118.51,157.26,-155.28,-98.97,-44.35,122.78,69.57,218.4836,4.9992,5.0511,3.7576,14.6913,2.2062,1.5293,0.7474,3.6236,0.6173,6.2339,0.7851,2.1468,0.6768,4.2565
2026-08-06 10:54:06.768,11.800000,177,18,0.008833,-1.7641,170.82,0,0,0,60.0307,219.185,0.08732,1,0,0,0,0,0.008224,0.000138,0.001902,0.000059,0.000410,0.000123,0.000675,0.000093,0.001008,0.000072,0.000738,0.000130,0.001644,0.000080,0.001069,-170.82,-105.37,-39.65,154.12,87.45,94.04,20.00,-35.77,117.54,131.95,-158.20,61.32,-47.75,-50.09,63.14,218.4836,4.9992,5.0511,3.7576,14.6913,2.2062,1.5293,0.7474,3.6236,0.6173,6.2339,0.7851,2.1468,0.6768,4.2565
2026-08-06 10:54:06.768,11.816667,177,19,0.008803,-1.7530,171.39,0,0,0,60.0307,219.185,0.08732,1,0,0,0,0,0.008152,0.000173,0.001873,0.000050,0.000382,0.000127,0.000747,0.000147,0.001161,0.000108,0.000657,0.000082,0.001763,0.000093,0.000993,-171.39,-87.23,-43.19,-1.42,88.80,-130.62,15.13,122.93,124.54,126.99,-164.00,-11.87,-40.76,-123.54,66.05,218.4836,4.9992,5.0511,3.7576,14.6913,2.2062,1.5293,0.7474,3.6236,0.6173,6.2339,0.7851,2.1468,0.6768,4.2565
2026-08-06 10:54:06.768,11.833333,177,20,0.008737,-1.7327,170.25,0,0,0,60.0307,219.185,0.08732,1,0,0,0,0,0.008082,0.000170,0.001953,0.000042,0.000333,0.000094,0.000544,0.000220,0.001150,0.000116,0.000694,0.000096,0.001694,0.000244,0.001037,-170.25,-140.02,-42.97,-48.16,91.80,-175.97,16.39,45.74,116.73,-144.14,-157.45,177.50,-46.97,75.12,66.12,218.4836,4.9992,5.0511,3.7576,14.6913,2.2062,1.5293,0.7474,3.6236,0.6173,6.2339,0.7851,2.1468,0.6768,4.2565
2026-08-06 10:54:06.768,11.850000,177,21,0.008780,-1.7568,170.86,0,0,0,60.0307,219.185,0.08732,1,0,0,0,0,0.008186,0.000119,0.001937,0.000163,0.000384,0.000074,0.000707,0.000003,0.001053,0.000100,0.000743,0.000067,0.001559,0.000101,0.000936,-170.86,-139.64,-39.44,127.99,86.92,-49.92,18.96,-118.42,120.11,134.65,-156.69,19.30,-44.60,-69.49,63.37,218.4836,4.9992,5.0511,3.7576,14.6913,2.2062,1.5293,0.7474,3.6236,0.6173,6.2339,0.7851,2.1468,0.6768,4.2565
2026-08-06 10:54:06.768,11.866667,177,22,0.008741,-1.7384,171.15,0,0,0,60.0307,219.185,0.08732,1,0,0,0,0,0.008093,0.000195,0.001945,0.000059,0.000356,0.000120,0.000618,0.000168,0.001158,0.000099,0.000626,0.000118,0.001728,0.000164,0.000990,-171.15,-98.29,-41.92,-170.97,82.81,-163.45,9.03,92.81,118.53,107.78,-162.33,-43.35,-44.55,177.38,66.58,218.4836,4.9992,5.0511,3.7576,14.6913,2.2062,1.5293,0.7474,3.6236,0.6173,6.2339,0.7851,2.1468,0.6768,4.2565
2026-08-06 10:54:06.768,11.883333,177,23,0.008762,-1.7479,170.86,0,0,0,60.0307,219.185,0.08732,1,0,0,0,0,0.008141,0.000174,0.001947,0.000048,0.000358,0.000099,0.000610,0.000131,0.001058,0.000103,0.000680,0.000155,0.001607,0.000199,0.001050,-170.86,-142.11,-40.57,-121.29,90.18,155.01,22.03,15.70,113.91,-144.35,-157.91,121.50,-47.47,3.48,61.76,218.4836,4.9992,5.0511,3.7576,14.6913,2.2062,1.5293,0.7474,3.6236,0.6173,6.2339,0.7851,2.1468,0.6768,4.2565
2026-08-06 10:54:06.768,11.900000,177,24,0.008789,-1.7527,170.65,0,0,0,60.0307,219.185,0.08732,1,0,0,0,0,0.008174,0.000224,0.001904,0.000057,0.000378,0.000073,0.000696,0.000099,0.001091,0.000077,0.000706,0.000076,0.001652,0.000104,0.000936,-170.65,-77.97,-41.37,-173.36,76.59,-97.10,11.67,145.98,120.38,142.04,-161.51,120.81,-39.41,-115.31,64.34,218.4836,4.9992,5.0511,3.7576,14.6913,2.2062,1.5293,0.7474,3.6236,0.6173,6.2339,0.7851,2.1468,0.6768,4.2565
2026-08-06 10:54:06.768,11.916667,177,25,0.008798,-1.7492,170.21,0,0,0,60.0307,219.185,0.08732,1,0,0,0,0,0.008163,0.000123,0.001963,0.000063,0.000323,0.000056,0.000558,0.000200,0.001180,0.000104,0.000695,0.000218,0.001685,0.000206,0.000954,-170.21,-175.64,-42.93,-138.67,80.83,-149.91,8.61,74.20,117.50,90.12,-160.99,-107.59,-44.88,117.13,67.26,218.4836,4.9992,5.0511,3.7576,14.6913,2.2062,1.5293,0.7474,3.6236,0.6173,6.2339,0.7851,2.1468,0.6768,4.2565
2026-08-06 10:54:06.768,11.933333,177,26,0.008862,-1.7701,170.19,0,0,0,60.0307,219.185,0.08732,1,0,0,0,0,0.008269,0.000119,0.001925,0.000132,0.000415,0.000093,0.000683,0.000094,0.001030,0.000106,0.000663,0.000121,0.001537,0.000143,0.001070,-170.19,-98.89,-40.32,147.29,85.27,110.66,17.31,-28.74,115.65,170.15,-161.79,57.99,-47.11,-75.04,61.61,218.4836,4.9992,5.0511,3.7576,14.6913,2.2062,1.5293,0.7474,3.6236,0.6173,6.2339,0.7851,2.1468,0.6768,4.2565
2026-08-06 10:54:06.768,11.950000,177,27,0.008818,-1.7553,171.02,0,0,0,60.0307,219.185,0.08732,1,0,0,0,0,0.008176,0.000259,0.001901,0.000098,0.000389,0.000078,0.000717,0.000142,0.001181,0.000046,0.000640,0.000034,0.001733,0.000090,0.000940,-171.02,-97.59,-40.27,-122.94,86.03,-145.81,16.45,126.99,120.09,109.10,-166.68,-4.87,-43.35,-144.16,67.84,218.4836,4.9992,5.0511,3.7576,14.6913,2.2062,1.5293,0.7474,3.6236,0.6173,6.2339,0.7851,2.1468,0.6768,4.2565
2026-08-06 10:54:06.768,11.966667,177,28,0.008739,-1.7355,169.80,0,0,0,60.0307,219.185,0.08732,1,0,0,0,0,0.008110,0.000154,0.001916,0.000063,0.000359,0.000037,0.000615,0.000191,0.001145,0.000168,0.000669,0.000201,0.001645,0.000201,0.001025,-169.80,-135.21,-42.27,-88.48,83.08,-154.86,16.74,35.83,116.12,-143.23,-158.76,-175.38,-44.46,58.64,64.76,218.4836,4.9992,5.0511,3.7576,14.6913,2.2062,1.5293,0.7474,3.6236,0.6173,6.2339,0.7851,2.1468,0.6768,4.2565
2026-08-06 10:54:06.768,11.983333,177,29,0.008562,-1.7233,172.38,0,0,0,60.0307,219.185,0.08732,1,0,0,0,0,0.008001,0.000152,0.001788,0.000040,0.000527,0.000123,0.000564,0.000173,0.000910,0.000060,0.000705,0.000062,0.001564,0.000080,0.000999,-172.38,152.14,-42.23,166.19,88.27,145.35,16.56,-118.19,119.39,51.55,-159.30,21.42,-39.21,-119.86,61.17,218.4836,4.9992,5.0511,3.7576,14.6913,2.2062,1.5293,0.7474,3.6236,0.6173,6.2339,0.7851,2.1468,0.6768,4.2565
2026-08-06 10:54:07.019,12.000000,178,0,0.008866,-1.7704,173.55,0,0,0,60.0346,219.124,0.08688,1,0,0,0,0,0.008211,0.000409,0.002020,0.000397,0.000290,0.000195,0.000488,0.000543,0.001052,0.000362,0.000491,0.000408,0.001588,0.000150,0.000955,-173.55,-10.11,-55.17,86.90,12.65,-171.17,-14.72,88.45,121.15,97.74,-141.20,-93.33,-50.63,104.73,69.35,218.4292,4.9855,4.9621,3.7272,14.6669,2.1665,1.5147,0.7361,3.5929,0.5965,6.1730,0.7806,2.1796,0.6760,4.1702
2026-08-06 10:54:07.019,12.016667,178,1,0.008785,-1.7520,169.47,0,0,0,60.0346,219.124,0.08688,1,0,0,0,0,0.008197,0.000159,0.001931,0.000093,0.000385,0.000045,0.000635,0.000210,0.001005,0.000160,0.000675,0.000120,0.001535,0.000137,0.001067,-169.47,-106.31,-41.79,164.27,89.75,-170.67,20.81,4.00,115.93,-172.32,-158.38,110.44,-45.55,-16.52,64.98,218.4292,4.9855,4.9621,3.7272,14.6669,2.1665,1.5147,0.7361,3.5929,0.5965,6.1730,0.7806,2.1796,0.6760,4.1702
2026-08-06 10:54:07.019,12.033333,178,2,0.008713,-1.7289,170.34,0,0,0,60.0346,219.124,0.08688,1,0,0,0,0,0.008064,0.000240,0.001988,0.000113,0.000262,0.000127,0.000629,0.000220,0.001173,0.000135,0.000727,0.000063,0.001641,0.000029,0.000997,-170.34,-68.93,-43.15,-76.97,71.48,-122.82,12.08,155.81,124.47,134.74,-167.65,83.00,-40.71,123.98,65.37,218.4292,4.9855,4.9621,3.7272,14.6669,2.1665,1.5147,0.7361,3.5929,0.5965,6.1730,0.7806,2.1796,0.6760,4.1702
2026-08-06 10:54:07.019,12.050000,178,3,0.008163,-1.6413,173.18,0,0,0,60.0346,219.124,0.08688,1,0,0,0,0,0.007577,0.000717,0.001453,0.000352,0.000181,0.000179,0.000539,0.000398,0.000913,0.000129,0.000543,0.000260,0.001573,0.000331,0.001091,-173.18,-90.44,-45.82,-3.01,134.72,116.51,18.59,41.81,119.99,176.95,-149.08,-142.98,-45.14,104.73,64.27,218.4292,4.9855,4.9621,3.7272,14.6669,2.1665,1.5147,0.7361,3.5929,0.5965,6.1730,0.7806,2.1796,0.6760,4.1702
2026-08-06 10:54:07.019,12.066667,178,4,0.008776,-1.7536,170.58,0,0,0,60.0346,219.124,0.08688,1,0,0,0,0,0.008182,0.000101,0.001884,0.000091,0.000400,0.000045,0.000691,0.000064,0.001048,0.000136,0.000763,0.000112,0.001598,0.000062,0.001066,-170.58,-101.31,-41.23,148.25,77.28,117.65,16.79,-79.19,118.11,157.36,-155.20,7.46,-44.93,-101.60,60.87,218.4292,4.9855,4.9621,3.7272,14.6669,2.1665,1.5147,0.7361,3.5929,0.5965,6.1730,0.7806,2.1796,0.6760,4.1702
2026-08-06 10:54:07.019,12.083333,178,5,0.008754,-1.7368,170.25,0,0,0,60.0346,219.124,0.08688,1,0,0,0,0,0.008109,0.000216,0.001959,0.000098,0.000399,0.000125,0.000650,0.000222,0.001120,0.000136,0.000636,0.000127,0.001714,0.000128,0.001025,-170.25,-100.38,-43.63,-85.80,81.46,-149.59,9.87,90.93,120.36,114.98,-162.21,-88.13,-41.55,178.06,71.16,218.4292,4.9855,4.9621,3.7272,14.6669,2.1665,1.5147,0.7361,3.5929,0.5965,6.1730,0.7806,2.1796,0.6760,4.1702
2026-08-06 10:54:07.019,12.100000,178,6,0.008776,-1.7179,165.00,0,0,0,60.0346,219.124,0.08688,1,0,0,0,0,0.008182,0.000438,0.001503,0.000463,0.000375,0.000199,0.000580,0.000360,0.001235,0.000259,0.000594,0.000234,0.001786,0.000168,0.000909,-165.00,8.13,-34.60,-145.57,34.37,95.64,11.81,41.98,125.59,-98.99,-163.73,140.98,-43.17,70.47,69.82,218.4292,4.9855,4.9621,3.7272,14.6669,2.1665,1.5147,0.7361,3.5929,0.5965,6.1730,0.7806,2.1796,0.6760,4.1702
2026-08-06 10:54:07.019,12.116667,178,7,0.008809,-1.7448,169.34,0,0,0,60.0346,219.124,0.08688,1,0,0,0,0,0.008177,0.000214,0.001979,0.000075,0.000507,0.000038,0.000661,0.000071,0.001014,0.000165,0.000779,0.000056,0.001734,0.000020,0.001024,-169.34,-100.04,-44.28,-117.76,80.22,-113.39,14.72,141.55,119.50,116.11,-159.94,-23.27,-39.59,163.28,66.29,218.4292,4.9855,4.9621,3.7272,14.6669,2.1665,1.5147,0.7361,3.5929,0.5965,6.1730,0.7806,2.1796,0.6760,4.1702
2026-08-06 10:54:07.019,12.133333,178,8,0.008704,-1.6828,167.02,0,0,0,60.0346,219.124,0.08688,1,0,0,0,0,0.007975,0.000356,0.002047,0.000180,0.000818,0.000162,0.000258,0.000172,0.001004,0.000117,0.000905,0.000058,0.001692,0.000194,0.001425,-167.02,-166.18,-50.54,99.06,37.73,-139.69,24.08,116.58,110.56,56.04,-158.28,-129.04,-46.98,94.11,68.15,218.4292,4.9855,4.9621,3.7272,14.6669,2.1665,1.5147,0.7361,3.5929,0.5965,6.1730,0.7806,2.1796,0.6760,4.1702
2026-08-06 10:54:07.019,12.150000,178,9,0.008123,-1.4620,162.11,0,0,0,60.0346,219.124,0.08688,1,0,0,0,0,0.007086,0.000917,0.002447,0.000151,0.000997,0.000314,0.000491,0.000121,0.001086,0.000075,0.000993,0.000309,0.001762,0.000134,0.001494,-162.11,147.62,-54.67,-174.08,47.40,-146.23,41.59,-54.96,112.31,29.73,-153.38,87.31,-47.82,62.73,66.45,218.4292,4.9855,4.9621,3.7272,14.6669,2.1665,1.5147,0.7361,3.5929,0.5965,6.1730,0.7806,2.1796,0.6760,4.1702
2026-08-06 10:54:07.019,12.166667,178,10,0.008623,-1.6864,168.01,0,0,0,60.0346,219.124,0.08688,1,0,0,0,0,0.007952,0.000237,0.002021,0.000036,0.000677,0.000162,0.000386,0.000109,0.000895,0.000159,0.000907,0.000021,0.001733,0.000092,0.001308,-168.01,-108.51,-53.34,130.75,46.57,-152.20,23.67,127.29,111.52,107.66,-160.55,99.99,-42.32,88.89,68.25,218.4292,4.9855,4.9621,3.7272,14.6669,2.1665,1.5147,0.7361,3.5929,0.5965,6.1730,0.7806,2.1796,0.6760,4.1702
2026-08-06 10:54:07.019,12.183333,178,11,0.008571,-1.6614,167.88,0,0,0,60.0346,219.124,0.08688,1,0,0,0,0,0.007848,0.000237,0.002043,0.000034,0.000823,0.000125,0.000268,0.000121,0.000855,0.000067,0.000902,0.000182,0.001657,0.000030,0.001424,-167.88,-167.49,-58.45,-134.35,32.89,101.78,62.46,114.47,111.96,94.08,-165.43,141.21,-48.64,50.17,62.41,218.4292,4.9855,4.9621,3.7272,14.6669,2.1665,1.5147,0.7361,3.5929,0.5965,6.1730,0.7806,2.1796,0.6760,4.1702
2026-08-06 10:54:07.019,12.200000,178,12,0.008609,-1.6749,167.87,0,0,0,60.0346,219.124,0.08688,1,0,0,0,0,0.007901,0.000225,0.002038,0.000066,0.000674,0.000133,0.000272,0.000090,0.000880,0.000122,0.000930,0.000046,0.001670,0.000078,0.001403,-167.87,-117.70,-55.25,-156.86,43.12,147.01,31.62,140.90,110.34,83.86,-163.16,52.21,-45.00,67.74,67.43,218.4292,4.9855,4.9621,3.7272,14.6669,2.1665,1.5147,0.7361,3.5929,0.5965,6.1730,0.7806,2.1796,0.6760,4.1702
2026-08-06 10:54:07.019,12.216667,178,13,0.008855,-1.7228,171.57,0,0,0,60.0346,219.124,0.08688,1,0,0,0,0,0.008044,0.000240,0.002466,0.000425,0.000318,0.000470,0.000582,0.000262,0.000932,0.000100,0.000832,0.000188,0.001714,0.000224,0.001451,-171.57,34.04,-48.44,-101.06,74.64,147.43,44.03,59.14,106.33,38.59,-157.94,-102.17,-54.54,140.03,75.54,218.4292,4.9855,4.9621,3.7272,14.6669,2.1665,1.5147,0.7361,3.5929,0.5965,6.1730,0.7806,2.1796,0.6760,4.1702
2026-08-06 10:54:07.019,12.233333,178,14,0.008785,-1.7292,168.54,0,0,0,60.0346,219.124,0.08688,1,0,0,0,0,0.008135,0.000213,0.002047,0.000064,0.000510,0.000029,0.000438,0.000158,0.000958,0.000153,0.000832,0.000183,0.001686,0.000109,0.001235,-168.54,-112.32,-46.88,166.33,62.55,-82.75,10.85,60.77,111.55,-173.49,-160.67,76.85,-45.43,42.61,70.10,218.4292,4.9855,4.9621,3.7272,14.6669,2.1665,1.5147,0.7361,3.5929,0.5965,6.1730,0.7806,2.1796,0.6760,4.1702
2026-08-06 10:54:07.019,12.250000,178,15,0.008685,-1.7125,169.71,0,0,0,60.0346,219.124,0.08688,1,0,0,0,0,0.008021,0.000208,0.001972,0.000068,0.000518,0.000133,0.000620,0.000171,0.001052,0.000114,0.000746,0.000063,0.001748,0.000019,0.001193,-169.71,-93.73,-45.58,-167.29,63.96,-93.01,17.19,110.28,116.31,83.91,-167.55,-2.28,-40.39,141.64,66.18,218.4292,4.9855,4.9621,3.7272,14.6669,2.1665,1.5147,0.7361,3.5929,0.5965,6.1730,0.7806,2.1796,0.6760,4.1702
2026-08-06 10:54:07.019,12.266667,178,16,0.008836,-1.7390,168.63,0,0,0,60.0346,219.124,0.08688,1,0,0,0,0,0.008176,0.000250,0.001956,0.000052,0.000543,0.000166,0.000375,0.000183,0.001241,0.000217,0.000702,0.000112,0.001758,0.000193,0.001276,-168.63,-149.21,-47.45,132.13,63.72,143.02,32.01,102.05,112.51,108.50,-158.45,144.17,-41.51,56.16,74.91,218.4292,4.9855,4.9621,3.7272,14.6669,2.1665,1.5147,0.7361,3.5929,0.5965,6.1730,0.7806,2.1796,0.6760,4.1702
2026-08-06 10:54:07.019,12.283333,178,17,0.009272,-1.8291,165.68,0,0,0,60.0346,219.124,0.08688,1,0,0,0,0,0.008677,0.000153,0.001829,0.000621,0.001002,0.000456,0.000661,0.000304,0.000770,0.000160,0.000849,0.000411,0.001380,0.000519,0.001062,-165.68,47.01,-77.07,-120.28,-16.88,19.87,56.45,164.74,121.33,-66.83,-153.12,40.31,-43.48,-157.71,48.33,218.4292,4.9855,4.9621,3.7272,14.6669,2.1665,1.5147,0.7361,3.5929,0.5965,6.1730,0.7806,2.1796,0.6760,4.1702
2026-08-06 10:54:07.019,12.300000,178,18,0.008140,-1.5656,174.65,0,0,0,60.0346,219.124,0.08688,1,0,0,0,0,0.007252,0.000760,0.002346,0.000913,0.001188,0.000342,0.001071,0.000260,0.000739,0.000131,0.000684,0.000471,0.000786,0.000156,0.000915,-174.65,107.21,-86.46,43.25,-17.29,-149.55,69.57,-165.84,165.57,113.34,-149.33,122.66,-36.45,16.45,47.17,218.4292,4.9855,4.9621,3.7272,14.6669,2.1665,1.5147,0.7361,3.5929,0.5965,6.1730,0.7806,2.1796,0.6760,4.1702
2026-08-06 10:54:07.019,12.316667,178,19,0.007954,-1.5989,177.02,0,0,0,60.0346,219.124,0.08688,1,0,0,0,0,0.007344,0.000981,0.001285,0.000420,0.000126,0.000135,0.000419,0.000338,0.000809,0.000335,0.000604,0.000201,0.001665,0.000167,0.001190,-177.02,-84.61,-57.95,30.58,61.67,104.48,9.90,57.86,109.97,157.31,-157.23,-173.19,-44.13,-0.44,65.74,218.4292,4.9855,4.9621,3.7272,14.6669,2.1665,1.5147,0.7361,3.5929,0.5965,6.1730,0.7806,2.1796,0.6760,4.1702
2026-08-06 10:54:07.019,12.333333,178,20,0.008734,-1.7419,171.56,0,0,0,60.0346,219.124,0.08688,1,0,0,0,0,0.008107,0.000238,0.001884,0.000061,0.000426,0.000039,0.000525,0.000072,0.001120,0.000084,0.000813,0.000081,0.001761,0.000058,0.001044,-171.56,-99.62,-45.04,160.32,67.36,-101.64,21.40,136.54,121.26,99.65,-163.07,43.83,-42.79,16.78,69.49,218.4292,4.9855,4.9621,3.7272,14.6669,2.1665,1.5147,0.7361,3.5929,0.5965,6.1730,0.7806,2.1796,0.6760,4.1702
2026-08-06 10:54:07.019,12.350000,178,21,0.008679,-1.7189,170.35,0,0,0,60.0346,219.124,0.08688,1,0,0,0,0,0.008043,0.000193,0.001923,0.000094,0.000570,0.000103,0.000419,0.000091,0.001074,0.000070,0.000780,0.000115,0.001681,0.000193,0.001252,-170.35,-142.79,-46.37,-125.76,56.87,123.79,25.44,91.91,117.06,-164.74,-156.08,-130.98,-41.87,59.15,73.04,218.4292,4.9855,4.9621,3.7272,14.6669,2.1665,1.5147,0.7361,3.5929,0.5965,6.1730,0.7806,2.1796,0.6760,4.1702
2026-08-06 10:54:07.019,12.366667,178,22,0.008140,-1.6358,165.53,0,0,0,60.0346,219.124,0.08688,1,0,0,0,0,0.007707,0.000245,0.001165,0.000154,0.001415,0.000059,0.000910,0.000074,0.000673,0.000113,0.000691,0.000061,0.000698,0.000104,0.000802,-165.53,172.11,-102.09,-121.87,-32.68,-18.30,57.34,-35.85,116.15,63.89,-165.76,92.82,-47.25,-92.61,12.94,218.4292,4.9855,4.9621,3.7272,14.6669,2.1665,1.5147,0.7361,3.5929,0.5965,6.1730,0.7806,2.1796,0.6760,4.1702
2026-08-06 10:54:07.019,12.383333,178,23,0.010213,-1.8328,150.56,0,0,0,60.0346,219.124,0.08688,1,0,0,0,0,0.009667,0.000992,0.001393,0.000840,0.001366,0.000684,0.000506,0.000246,0.000450,0.000316,0.001020,0.000623,0.000875,0.000082,0.000944,-150.56,-39.68,-122.25,-83.42,-22.64,-159.29,13.77,-132.48,162.65,-58.73,-152.04,-61.69,-28.26,-104.15,7.98,218.4292,4.9855,4.9621,3.7272,14.6669,2.1665,1.5147,0.7361,3.5929,0.5965,6.1730,0.7806,2.1796,0.6760,4.1702
2026-08-06 10:54:07.019,12.400000,178,24,0.009266,-1.8835,-177.00,0,0,0,60.0346,219.124,0.08688,1,0,0,0,0,0.008662,0.001297,0.001106,0.000681,0.001327,0.000308,0.000707,0.000618,0.000809,0.000245,0.000975,0.000169,0.000535,0.000302,0.001076,177.00,83.45,-91.90,143.42,-15.24,70.17,60.17,100.38,88.12,-172.30,156.54,50.77,-61.09,126.47,19.76,218.4292,4.9855,4.9621,3.7272,14.6669,2.1665,1.5147,0.7361,3.5929,0.5965,6.1730,0.7806,2.1796,0.6760,4.1702
2026-08-06 10:54:07.019,12.416667,178,25,0.010196,-1.9642,161.20,0,0,0,60.0346,219.124,0.08688,1,0,0,0,0,0.009522,0.001661,0.002100,0.000509,0.001422,0.000287,0.000519,0.000427,0.000437,0.000051,0.000780,0.000154,0.000849,0.000187,0.000917,-161.20,-113.17,-87.57,-60.75,-34.77,-138.37,38.94,-80.63,111.28,-148.50,-154.38,-120.60,-53.26,-105.32,-5.98,218.4292,4.9855,4.9621,3.7272,14.6669,2.1665,1.5147,0.7361,3.5929,0.5965,6.1730,0.7806,2.1796,0.6760,4.1702
2026-08-06 10:54:07.019,12.433333,178,26,0.008161,-1.5964,162.27,0,0,0,60.0346,219.124,0.08688,1,0,0,0,0,0.007634,0.000836,0.000779,0.000229,0.001623,0.000316,0.000961,0.000135,0.000617,0.000151,0.000780,0.000121,0.000594,0.000062,0.000616,-162.27,-173.78,-122.19,-17.89,-40.88,-178.68,67.36,86.34,124.71,150.40,-168.86,-150.89,-49.15,-5.52,7.65,218.4292,4.9855,4.9621,3.7272,14.6669,2.1665,1.5147,0.7361,3.5929,0.5965,6.1730,0.7806,2.1796,0.6760,4.1702
2026-08-06 10:54:07.019,12.450000,178,27,0.008562,-1.7334,166.57,0,0,0,60.0346,219.124,0.08688,1,0,0,0,0,0.008095,0.000589,0.001210,0.000436,0.000923,0.000490,0.000951,0.000369,0.000971,0.000419,0.000754,0.000312,0.000436,0.000255,0.000953,-166.57,171.48,-129.35,157.95,-36.27,138.25,78.95,111.62,110.44,106.76,158.23,102.60,-30.93,69.01,25.48,218.4292,4.9855,4.9621,3.7272,14.6669,2.1665,1.5147,0.7361,3.5929,0.5965,6.1730,0.7806,2.1796,0.6760,4.1702
2026-08-06 10:54:07.019,12.466667,178,28,0.008059,-1.6231,165.51,0,0,0,60.0346,219.124,0.08688,1,0,0,0,0,0.007645,0.000185,0.001085,0.000159,0.001363,0.000061,0.000861,0.000028,0.000703,0.000044,0.000756,0.000075,0.000625,0.000023,0.000750,-165.51,179.24,-105.06,-120.45,-35.00,-30.97,53.98,-130.61,116.84,41.03,-173.41,173.89,-46.52,19.59,7.36,218.4292,4.9855,4.9621,3.7272,14.6669,2.1665,1.5147,0.7361,3.5929,0.5965,6.1730,0.7806,2.1796,0.6760,4.1702
2026-08-06 10:54:07.019,12.483333,178,29,0.008007,-1.6124,165.08,0,0,0,60.0346,219.124,0.08688,1,0,0,0,0,0.007610,0.000127,0.001083,0.000174,0.001328,0.000026,0.000782,0.000032,0.000682,0.000040,0.000732,0.000102,0.000615,0.000097,0.000781,-165.08,-177.05,-106.60,-115.21,-34.86,-154.16,59.30,44.10,109.98,80.71,-176.13,-160.35,-56.56,125.35,13.96,218.4292,4.9855,4.9621,3.7272,14.6669,2.1665,1.5147,0.7361,3.5929,0.5965,6.1730,0.7806,2.1796,0.6760,4.1702
2026-08-06 10:54:07.281,12.500000,179,0,0.007965,-1.6052,165.75,0,0,0,60.0307,219.036,0.08639,1,0,0,0,0,0.007552,0.000191,0.001080,0.000099,0.001320,0.000055,0.000851,0.000043,0.000681,0.000070,0.000752,0.000077,0.000623,0.000073,0.000804,-165.75,-167.30,-110.37,-125.06,-34.05,81.63,54.21,-15.25,114.51,125.40,-169.22,125.00,-56.01,-71.97,8.49,218.3518,4.9515,4.8874,3.7277,14.5780,2.1906,1.5214,0.7318,3.6083,0.6188,6.1418,0.7928,2.1379,0.6878,4.1182
2026-08-06 10:54:07.281,12.516667,179,1,0.007982,-1.6104,165.40,0,0,0,60.0307,219.036,0.08639,1,0,0,0,0,0.007586,0.000177,0.001117,0.000151,0.001270,0.000035,0.000790,0.000074,0.000756,0.000040,0.000735,0.000019,0.000590,0.000025,0.000731,-165.40,-170.38,-105.47,-121.87,-36.38,13.51,54.49,91.64,113.38,-153.36,-174.16,-52.44,-52.44,-105.65,5.35,218.3518,4.9515,4.8874,3.7277,14.5780,2.1906,1.5214,0.7318,3.6083,0.6188,6.1418,0.7928,2.1379,0.6878,4.1182
2026-08-06 10:54:07.281,12.533333,179,2,0.009522,-1.8338,163.75,0,0,0,60.0307,219.036,0.08639,1,0,0,0,0,0.008743,0.001201,0.002059,0.000898,0.001951,0.000408,0.000977,0.000146,0.000696,0.000221,0.000735,0.000266,0.000830,0.000221,0.000806,-163.75,-133.79,-105.31,-81.47,-38.75,-11.34,45.05,62.04,122.92,-116.52,-144.78,-40.50,-39.27,48.17,10.82,218.3518,4.9515,4.8874,3.7277,14.5780,2.1906,1.5214,0.7318,3.6083,0.6188,6.1418,0.7928,2.1379,0.6878,4.1182
2026-08-06 10:54:07.281,12.550000,179,3,0.007983,-1.6106,165.58,0,0,0,60.0307,219.036,0.08639,1,0,0,0,0,0.007584,0.000226,0.001031,0.000093,0.001342,0.000024,0.000773,0.000065,0.000711,0.000106,0.000713,0.000045,0.000470,0.000045,0.000857,-165.58,179.98,-106.02,-97.33,-34.64,-156.21,54.49,-142.58,105.68,33.36,-167.71,177.83,-55.34,68.61,8.42,218.3518,4.9515,4.8874,3.7277,14.5780,2.1906,1.5214,0.7318,3.6083,0.6188,6.1418,0.7928,2.1379,0.6878,4.1182
2026-08-06 10:54:07.281,12.566667,179,4,0.007895,-1.5940,165.49,0,0,0,60.0307,219.036,0.08639,1,0,0,0,0,0.007505,0.000181,0.001047,0.000143,0.001304,0.000016,0.000779,0.000087,0.000714,0.000044,0.000796,0.000036,0.000568,0.000159,0.000717,-165.49,-168.91,-107.91,-111.99,-35.07,-160.73,52.48,77.18,106.08,87.96,-176.39,-142.78,-58.54,133.85,11.75,218.3518,4.9515,4.8874,3.7277,14.5780,2.1906,1.5214,0.7318,3.6083,0.6188,6.1418,0.7928,2.1379,0.6878,4.1182
2026-08-06 10:54:07.281,12.583333,179,5,0.007808,-1.5707,179.21,0,0,0,60.0307,219.036,0.08639,1,0,0,0,0,0.007159,0.000746,0.001218,0.000577,0.001738,0.000417,0.000775,0.000096,0.000687,0.000159,0.000987,0.000598,0.000873,0.000217,0.000557,-179.21,-18.01,-112.36,-23.19,-44.05,-167.66,66.98,154.76,126.29,-136.68,152.29,47.63,-42.44,-0.79,-25.18,218.3518,4.9515,4.8874,3.7277,14.5780,2.1906,1.5214,0.7318,3.6083,0.6188,6.1418,0.7928,2.1379,0.6878,4.1182
2026-08-06 10:54:07.281,12.600000,179,6,0.008445,-1.6938,166.33,0,0,0,60.0307,219.036,0.08639,1,0,0,0,0,0.007937,0.000603,0.001533,0.000564,0.001403,0.000373,0.000565,0.000159,0.000556,0.000196,0.000954,0.000129,0.000760,0.000320,0.000682,-166.33,-147.35,-118.95,-129.84,-44.31,-79.88,43.51,-114.11,105.55,-84.65,-167.66,-146.21,-61.18,-97.51,-8.62,218.3518,4.9515,4.8874,3.7277,14.5780,2.1906,1.5214,0.7318,3.6083,0.6188,6.1418,0.7928,2.1379,0.6878,4.1182
2026-08-06 10:54:07.281,12.616667,179,7,0.008760,-1.8231,174.08,0,0,0,60.0307,219.036,0.08639,1,0,0,0,0,0.008389,0.001010,0.000660,0.000203,0.000982,0.000351,0.000970,0.000130,0.000876,0.000388,0.000646,0.000150,0.000340,0.000272,0.000759,-174.08,102.67,-86.59,-118.03,-35.47,92.53,53.59,41.33,110.70,84.67,172.81,-176.87,-67.26,91.56,12.72,218.3518,4.9515,4.8874,3.7277,14.5780,2.1906,1.5214,0.7318,3.6083,0.6188,6.1418,0.7928,2.1379,0.6878,4.1182
2026-08-06 10:54:07.281,12.633333,179,8,0.007858,-1.5963,166.00,0,0,0,60.0307,219.036,0.08639,1,0,0,0,0,0.007502,0.000183,0.000904,0.000103,0.001238,0.000053,0.000775,0.000058,0.000680,0.000042,0.000755,0.000078,0.000541,0.000026,0.000752,-166.00,156.26,-108.46,-126.24,-35.89,125.60,57.98,-170.93,115.01,-104.98,-171.39,-121.24,-56.73,-48.24,6.93,218.3518,4.9515,4.8874,3.7277,14.5780,2.1906,1.5214,0.7318,3.6083,0.6188,6.1418,0.7928,2.1379,0.6878,4.1182
2026-08-06 10:54:07.281,12.650000,179,9,0.007825,-1.5916,166.24,0,0,0,60.0307,219.036,0.08639,1,0,0,0,0,0.007471,0.000159,0.000999,0.000049,0.001262,0.000066,0.000722,0.000057,0.000726,0.000016,0.000710,0.000057,0.000529,0.000045,0.000661,-166.24,-166.83,-111.84,-124.77,-35.08,102.93,50.15,83.70,105.64,-38.40,179.70,-118.35,-58.14,-155.13,6.01,218.3518,4.9515,4.8874,3.7277,14.5780,2.1906,1.5214,0.7318,3.6083,0.6188,6.1418,0.7928,2.1379,0.6878,4.1182
2026-08-06 10:54:07.281,12.666667,179,10,0.007760,-1.5501,169.32,0,0,0,60.0307,219.036,0.08639,1,0,0,0,0,0.007210,0.000410,0.001474,0.000432,0.001627,0.000339,0.000698,0.000233,0.000509,0.000072,0.000773,0.000292,0.000491,0.000216,0.000603,-169.32,-58.03,-120.87,120.05,-27.44,-106.41,74.84,55.41,93.98,2.73,-172.92,167.32,-41.39,-26.70,-7.15,218.3518,4.9515,4.8874,3.7277,14.5780,2.1906,1.5214,0.7318,3.6083,0.6188,6.1418,0.7928,2.1379,0.6878,4.1182
2026-08-06 10:54:07.281,12.683333,179,11,0.007778,-1.5820,166.34,0,0,0,60.0307,219.036,0.08639,1,0,0,0,0,0.007420,0.000157,0.000994,0.000123,0.001281,0.000024,0.000718,0.000010,0.000630,0.000071,0.000753,0.000083,0.000543,0.000033,0.000663,-166.34,-175.84,-111.27,-128.04,-36.22,5.83,52.45,-68.62,104.82,16.17,-175.78,107.09,-54.29,7.92,3.58,218.3518,4.9515,4.8874,3.7277,14.5780,2.1906,1.5214,0.7318,3.6083,0.6188,6.1418,0.7928,2.1379,0.6878,4.1182
2026-08-06 10:54:07.281,12.700000,179,12,0.007721,-1.5648,165.77,0,0,0,60.0307,219.036,0.08639,1,0,0,0,0,0.007355,0.000192,0.000969,0.000164,0.001317,0.000066,0.000686,0.000110,0.000665,0.000082,0.000743,0.000106,0.000511,0.000120,0.000681,-165.77,-179.00,-109.55,-130.58,-37.45,57.44,53.01,71.71,105.40,86.99,-176.36,160.49,-62.37,135.34,4.14,218.3518,4.9515,4.8874,3.7277,14.5780,2.1906,1.5214,0.7318,3.6083,0.6188,6.1418,0.7928,2.1379,0.6878,4.1182
2026-08-06 10:54:07.281,12.716667,179,13,0.008101,-1.6545,170.22,0,0,0,60.0307,219.036,0.08639,1,0,0,0,0,0.007642,0.000553,0.000939,0.000680,0.001526,0.000395,0.000728,0.000178,0.000703,0.000167,0.000766,0.000222,0.000619,0.000181,0.000709,-170.22,81.00,-73.81,-64.75,-57.13,-169.18,79.36,90.15,99.93,78.90,175.07,64.17,-49.01,-58.76,-9.48,218.3518,4.9515,4.8874,3.7277,14.5780,2.1906,1.5214,0.7318,3.6083,0.6188,6.1418,0.7928,2.1379,0.6878,4.1182
2026-08-06 10:54:07.281,12.733333,179,14,0.007788,-1.5843,166.18,0,0,0,60.0307,219.036,0.08639,1,0,0,0,0,0.007431,0.000200,0.001014,0.000100,0.001230,0.000003,0.000742,0.000024,0.000708,0.000035,0.000745,0.000003,0.000502,0.000092,0.000711,-166.18,173.02,-114.11,-127.85,-37.75,-34.39,48.60,-171.14,101.52,-75.26,178.82,12.63,-64.98,-134.08,5.84,218.3518,4.9515,4.8874,3.7277,14.5780,2.1906,1.5214,0.7318,3.6083,0.6188,6.1418,0.7928,2.1379,0.6878,4.1182
2026-08-06 10:54:07.281,12.750000,179,15,0.008212,-1.6186,163.65,0,0,0,60.0307,219.036,0.08639,1,0,0,0,0,0.007746,0.000584,0.001278,0.000399,0.001400,0.000515,0.000860,0.000469,0.000506,0.000261,0.000329,0.000298,0.000400,0.000125,0.000761,-163.65,-105.82,-90.75,-24.04,-19.88,99.62,91.07,175.12,144.32,-65.02,-168.17,52.09,-45.31,106.16,-3.22,218.3518,4.9515,4.8874,3.7277,14.5780,2.1906,1.5214,0.7318,3.6083,0.6188,6.1418,0.7928,2.1379,0.6878,4.1182
2026-08-06 10:54:07.281,12.766667,179,16,0.007708,-1.5702,166.09,0,0,0,60.0307,219.036,0.08639,1,0,0,0,0,0.007366,0.000213,0.000941,0.000131,0.001210,0.000048,0.000721,0.000050,0.000649,0.000030,0.000772,0.000064,0.000491,0.000022,0.000729,-166.09,173.77,-112.93,-126.45,-38.01,73.44,48.65,-106.27,105.99,80.16,-177.36,138.85,-64.24,-104.43,-2.28,218.3518,4.9515,4.8874,3.7277,14.5780,2.1906,1.5214,0.7318,3.6083,0.6188,6.1418,0.7928,2.1379,0.6878,4.1182
2026-08-06 10:54:07.281,12.783333,179,17,0.007687,-1.5599,165.79,0,0,0,60.0307,219.036,0.08639,1,0,0,0,0,0.007332,0.000147,0.000969,0.000119,0.001277,0.000044,0.000655,0.000080,0.000686,0.000021,0.000753,0.000043,0.000504,0.000085,0.000678,-165.79,173.68,-111.40,-134.88,-37.27,121.32,50.45,79.77,102.54,115.42,-177.71,166.99,-68.17,141.63,5.33,218.3518,4.9515,4.8874,3.7277,14.5780,2.1906,1.5214,0.7318,3.6083,0.6188,6.1418,0.7928,2.1379,0.6878,4.1182
2026-08-06 10:54:07.281,12.800000,179,18,0.007681,-1.5603,165.86,0,0,0,60.0307,219.036,0.08639,1,0,0,0,0,0.007333,0.000197,0.000976,0.000094,0.001251,0.000069,0.000663,0.000089,0.000617,0.000133,0.000705,0.000108,0.000457,0.000043,0.000739,-165.86,-172.91,-110.15,-122.97,-35.45,164.33,49.41,9.40,101.57,102.69,178.66,121.96,-72.26,155.63,2.66,218.3518,4.9515,4.8874,3.7277,14.5780,2.1906,1.5214,0.7318,3.6083,0.6188,6.1418,0.7928,2.1379,0.6878,4.1182
2026-08-06 10:54:07.281,12.816667,179,19,0.007641,-1.5448,168.88,0,0,0,60.0307,219.036,0.08639,1,0,0,0,0,0.007189,0.000177,0.001261,0.000268,0.001210,0.000305,0.000435,0.000342,0.000781,0.000284,0.001034,0.000337,0.000590,0.000354,0.000285,-168.88,-25.34,-114.40,-175.26,-26.32,-25.39,53.31,133.97,78.20,-76.36,-179.38,108.29,-28.17,-78.08,-16.67,218.3518,4.9515,4.8874,3.7277,14.5780,2.1906,1.5214,0.7318,3.6083,0.6188,6.1418,0.7928,2.1379,0.6878,4.1182
2026-08-06 10:54:07.281,12.833333,179,20,0.007749,-1.5490,164.94,0,0,0,60.0307,219.036,0.08639,1,0,0,0,0,0.007295,0.000284,0.001199,0.000160,0.001439,0.000201,0.000594,0.000133,0.000757,0.000164,0.000857,0.000191,0.000239,0.000102,0.000739,-164.94,147.60,-106.10,145.84,-45.30,87.17,53.15,26.63,112.41,-36.06,167.68,-73.86,-69.14,-131.47,14.49,218.3518,4.9515,4.8874,3.7277,14.5780,2.1906,1.5214,0.7318,3.6083,0.6188,6.1418,0.7928,2.1379,0.6878,4.1182
2026-08-06 10:54:07.281,12.850000,179,21,0.007587,-1.4851,169.18,0,0,0,60.0307,219.036,0.08639,1,0,0,0,0,0.006839,0.000665,0.001221,0.000519,0.001667,0.000560,0.001084,0.000517,0.001112,0.000496,0.000988,0.000389,0.000644,0.000167,0.000750,-169.18,-93.09,-148.24,33.05,-55.30,138.72,32.89,-118.07,107.35,0.97,-160.43,109.01,-49.92,-162.91,10.40,218.3518,4.9515,4.8874,3.7277,14.5780,2.1906,1.5214,0.7318,3.6083,0.6188,6.1418,0.7928,2.1379,0.6878,4.1182
2026-08-06 10:54:07.281,12.866667,179,22,0.007638,-1.5521,165.87,0,0,0,60.0307,219.036,0.08639,1,0,0,0,0,0.007290,0.000162,0.001008,0.000165,0.001200,0.000014,0.000656,0.000075,0.000669,0.000016,0.000739,0.000066,0.000501,0.000060,0.000707,-165.87,-163.43,-114.43,-114.59,-36.32,-109.76,53.59,108.99,105.04,85.83,-179.92,105.75,-63.26,157.22,2.42,218.3518,4.9515,4.8874,3.7277,14.5780,2.1906,1.5214,0.7318,3.6083,0.6188,6.1418,0.7928,2.1379,0.6878,4.1182
2026-08-06 10:54:07.281,12.883333,179,23,0.007716,-1.5666,165.80,0,0,0,60.0307,219.036,0.08639,1,0,0,0,0,0.007364,0.000170,0.000989,0.000107,0.001259,0.000016,0.000682,0.000065,0.000629,0.000047,0.000737,0.000070,0.000462,0.000026,0.000749,-165.80,-171.21,-115.48,-120.72,-35.61,79.42,49.37,14.35,94.39,107.88,179.93,171.77,-67.66,165.73,2.07,218.3518,4.9515,4.8874,3.7277,14.5780,2.1906,1.5214,0.7318,3.6083,0.6188,6.1418,0.7928,2.1379,0.6878,4.1182
2026-08-06 10:54:07.281,12.900000,179,24,0.007704,-1.5691,166.11,0,0,0,60.0307,219.036,0.08639,1,0,0,0,0,0.007359,0.000204,0.000945,0.000152,0.001276,0.000020,0.000637,0.000020,0.000623,0.000071,0.000734,0.000063,0.000462,0.000041,0.000696,-166.11,-170.16,-113.31,-142.87,-37.48,3.64,48.25,-140.02,99.25,62.25,-176.78,99.92,-57.42,79.05,0.62,218.3518,4.9515,4.8874,3.7277,14.5780,2.1906,1.5214,0.7318,3.6083,0.6188,6.1418,0.7928,2.1379,0.6878,4.1182
2026-08-06 10:54:07.281,12.916667,179,25,0.006851,-1.3896,167.39,0,0,0,60.0307,219.036,0.08639,1,0,0,0,0,0.006493,0.000942,0.000206,0.000771,0.000788,0.000520,0.000692,0.000414,0.000619,0.000210,0.000643,0.000156,0.000240,0.000203,0.000404,-167.39,-142.71,-117.37,-93.25,-14.61,-45.16,90.83,12.49,126.20,75.24,-177.12,-138.09,-65.26,-33.01,6.73,218.3518,4.9515,4.8874,3.7277,14.5780,2.1906,1.5214,0.7318,3.6083,0.6188,6.1418,0.7928,2.1379,0.6878,4.1182
2026-08-06 10:54:07.281,12.933333,179,26,0.007697,-1.5643,165.75,0,0,0,60.0307,219.036,0.08639,1,0,0,0,0,0.007347,0.000201,0.000976,0.000128,0.001213,0.000046,0.000709,0.000099,0.000643,0.000098,0.000710,0.000064,0.000415,0.000025,0.000732,-165.75,-169.52,-116.04,-89.46,-39.58,129.92,47.45,-28.50,99.08,64.81,179.02,135.23,-66.00,-83.92,4.02,218.3518,4.9515,4.8874,3.7277,14.5780,2.1906,1.5214,0.7318,3.6083,0.6188,6.1418,0.7928,2.1379,0.6878,4.1182
2026-08-06 10:54:07.281,12.950000,179,27,0.007906,-1.6077,166.65,0,0,0,60.0307,219.036,0.08639,1,0,0,0,0,0.007524,0.000313,0.001020,0.000350,0.001118,0.000149,0.000523,0.000158,0.000643,0.000281,0.000978,0.000354,0.000680,0.000323,0.000612,-166.65,-177.86,-119.72,-154.77,-39.84,-158.03,78.72,-172.93,128.48,-154.83,-168.39,-135.74,-81.27,-107.39,-22.94,218.3518,4.9515,4.8874,3.7277,14.5780,2.1906,1.5214,0.7318,3.6083,0.6188,6.1418,0.7928,2.1379,0.6878,4.1182
2026-08-06 10:54:07.281,12.966667,179,28,0.007975,-1.6249,166.74,0,0,0,60.0307,219.036,0.08639,1,0,0,0,0,0.007582,0.000394,0.001045,0.000302,0.000976,0.000276,0.000634,0.000251,0.000816,0.000296,0.000973,0.000336,0.000261,0.000306,0.000640,-166.74,-178.69,-130.43,175.59,-41.21,150.12,72.82,134.20,109.39,136.26,162.93,134.52,-76.35,119.63,25.24,218.3518,4.9515,4.8874,3.7277,14.5780,2.1906,1.5214,0.7318,3.6083,0.6188,6.1418,0.7928,2.1379,0.6878,4.1182
2026-08-06 10:54:07.281,12.983333,179,29,0.007638,-1.5560,166.07,0,0,0,60.0307,219.036,0.08639,1,0,0,0,0,0.007297,0.000255,0.000979,0.000139,0.001210,0.000041,0.000668,0.000041,0.000604,0.000084,0.000719,0.000063,0.000390,0.000044,0.000694,-166.07,-179.63,-116.58,-116.17,-38.56,-169.93,49.51,-30.46,97.82,77.76,178.03,129.16,-65.08,138.39,0.46,218.3518,4.9515,4.8874,3.7277,14.5780,2.1906,1.5214,0.7318,3.6083,0.6188,6.1418,0.7928,2.1379,0.6878,4.1182
2026-08-06 10:54:07.531,13.000000,180,0,0.007646,-1.5558,166.10,0,0,0,60.0307,219.003,0.08657,1,0,0,0,0,0.007304,0.000094,0.000938,0.000101,0.001246,0.000070,0.000685,0.000041,0.000643,0.000042,0.000737,0.000084,0.000463,0.000035,0.000678,-166.10,-173.69,-116.07,-120.04,-36.27,107.32,54.82,107.13,100.37,-73.09,175.62,-126.44,-67.69,169.30,6.75,218.3148,4.9484,4.9068,3.7393,14.6171,2.2112,1.4724,0.7439,3.6129,0.6098,6.1240,0.7894,2.1327,0.6831,4.1520
2026-08-06 10:54:07.531,13.016667,180,1,0.007258,-1.3860,161.13,0,0,0,60.0307,219.003,0.08657,1,0,0,0,0,0.006636,0.000882,0.001573,0.000599,0.001260,0.000523,0.000653,0.000347,0.000882,0.000079,0.000754,0.000042,0.000416,0.000186,0.000564,-161.13,133.97,-100.43,70.14,-63.85,21.74,88.04,-32.82,103.27,-99.93,176.20,134.22,-87.93,-35.13,18.12,218.3148,4.9484,4.9068,3.7393,14.6171,2.2112,1.4724,0.7439,3.6129,0.6098,6.1240,0.7894,2.1327,0.6831,4.1520
2026-08-06 10:54:07.531,13.033333,180,2,0.007653,-1.5613,166.18,0,0,0,60.0307,219.003,0.08657,1,0,0,0,0,0.007322,0.000150,0.000959,0.000121,0.001235,0.000012,0.000649,0.000046,0.000643,0.000007,0.000737,0.000032,0.000401,0.000011,0.000660,-166.18,173.91,-118.85,-126.90,-36.65,110.40,50.42,-122.52,100.16,-113.72,175.95,134.40,-59.49,109.78,-2.66,218.3148,4.9484,4.9068,3.7393,14.6171,2.2112,1.4724,0.7439,3.6129,0.6098,6.1240,0.7894,2.1327,0.6831,4.1520
2026-08-06 10:54:07.531,13.050000,180,3,0.007595,-1.5513,166.45,0,0,0,60.0307,219.003,0.08657,1,0,0,0,0,0.007267,0.000147,0.000875,0.000078,0.001213,0.000030,0.000637,0.000094,0.000695,0.000028,0.000750,0.000058,0.000452,0.000072,0.000679,-166.45,-156.14,-115.24,-129.82,-37.05,129.89,54.05,16.18,99.89,12.21,176.60,178.70,-73.68,129.34,1.58,218.3148,4.9484,4.9068,3.7393,14.6171,2.2112,1.4724,0.7439,3.6129,0.6098,6.1240,0.7894,2.1327,0.6831,4.1520
2026-08-06 10:54:07.531,13.066667,180,4,0.007729,-1.5524,165.02,0,0,0,60.0307,219.003,0.08657,1,0,0,0,0,0.007321,0.000146,0.000956,0.000213,0.001367,0.000135,0.000676,0.000171,0.000784,0.000280,0.000787,0.000262,0.000215,0.000186,0.000772,-165.02,148.17,-121.14,-132.82,-37.79,37.54,57.46,-62.20,90.28,137.92,-166.03,42.89,-100.39,-147.26,-4.12,218.3148,4.9484,4.9068,3.7393,14.6171,2.2112,1.4724,0.7439,3.6129,0.6098,6.1240,0.7894,2.1327,0.6831,4.1520
2026-08-06 10:54:07.531,13.083333,180,5,0.007761,-1.5364,162.63,0,0,0,60.0307,219.003,0.08657,1,0,0,0,0,0.007341,0.000193,0.000731,0.000351,0.001494,0.000308,0.000657,0.000312,0.000598,0.000125,0.000922,0.000113,0.000334,0.000206,0.000441,-162.63,15.40,-131.28,-124.50,-31.33,86.92,79.08,-120.82,84.22,12.70,171.54,-45.09,-60.20,135.17,-23.94,218.3148,4.9484,4.9068,3.7393,14.6171,2.2112,1.4724,0.7439,3.6129,0.6098,6.1240,0.7894,2.1327,0.6831,4.1520
2026-08-06 10:54:07.531,13.100000,180,6,0.007783,-1.5845,165.65,0,0,0,60.0307,219.003,0.08657,1,0,0,0,0,0.007452,0.000160,0.000783,0.000084,0.001241,0.000169,0.000556,0.000170,0.000772,0.000235,0.000659,0.000062,0.000584,0.000077,0.000547,-165.65,155.42,-106.13,56.20,-41.21,-102.86,31.52,76.28,108.05,112.69,177.87,28.34,-55.52,84.80,-6.43,218.3148,4.9484,4.9068,3.7393,14.6171,2.2112,1.4724,0.7439,3.6129,0.6098,6.1240,0.7894,2.1327,0.6831,4.1520
2026-08-06 10:54:07.531,13.116667,180,7,0.007435,-1.5129,166.52,0,0,0,60.0307,219.003,0.08657,1,0,0,0,0,0.007082,0.000406,0.000709,0.000372,0.001072,0.000236,0.000680,0.000230,0.000679,0.000261,0.000876,0.000189,0.000517,0.000165,0.000763,-166.52,-156.15,-116.83,-100.86,-32.98,-46.78,69.11,-29.37,114.04,31.51,-172.65,68.17,-77.14,93.72,-11.12,218.3148,4.9484,4.9068,3.7393,14.6171,2.2112,1.4724,0.7439,3.6129,0.6098,6.1240,0.7894,2.1327,0.6831,4.1520
2026-08-06 10:54:07.531,13.133333,180,8,0.007609,-1.5320,175.83,0,0,0,60.0307,219.003,0.08657,1,0,0,0,0,0.007024,0.000768,0.001502,0.000396,0.001153,0.000323,0.001044,0.000431,0.000689,0.000488,0.000416,0.000548,0.000251,0.000422,0.000931,-175.83,-3.67,-104.60,-162.29,-42.00,140.90,49.03,-38.96,129.27,77.11,-143.59,-142.73,-168.28,54.31,-17.16,218.3148,4.9484,4.9068,3.7393,14.6171,2.2112,1.4724,0.7439,3.6129,0.6098,6.1240,0.7894,2.1327,0.6831,4.1520
2026-08-06 10:54:07.531,13.150000,180,9,0.007630,-1.5596,166.51,0,0,0,60.0307,219.003,0.08657,1,0,0,0,0,0.007300,0.000237,0.000918,0.000079,0.001263,0.000108,0.000648,0.000057,0.000573,0.000148,0.000727,0.000085,0.000371,0.000072,0.000751,-166.51,-166.79,-113.22,-169.30,-41.43,60.73,51.43,-38.98,90.02,99.00,-173.15,70.55,-70.96,-160.19,-2.30,218.3148,4.9484,4.9068,3.7393,14.6171,2.2112,1.4724,0.7439,3.6129,0.6098,6.1240,0.7894,2.1327,0.6831,4.1520
2026-08-06 10:54:07.531,13.166667,180,10,0.007562,-1.5398,165.95,0,0,0,60.0307,219.003,0.08657,1,0,0,0,0,0.007227,0.000211,0.000964,0.000145,0.001199,0.000060,0.000655,0.000038,0.000671,0.000045,0.000716,0.000041,0.000424,0.000033,0.000712,-165.95,-171.08,-117.95,-90.27,-40.74,168.53,49.32,-146.41,100.30,-73.46,-179.83,-41.01,-74.52,-68.89,-4.06,218.3148,4.9484,4.9068,3.7393,14.6171,2.2112,1.4724,0.7439,3.6129,0.6098,6.1240,0.7894,2.1327,0.6831,4.1520
2026-08-06 10:54:07.531,13.183333,180,11,0.008103,-1.6489,168.49,0,0,0,60.0307,219.003,0.08657,1,0,0,0,0,0.007721,0.000765,0.000364,0.000424,0.001521,0.000430,0.000812,0.000266,0.000399,0.000036,0.000669,0.000031,0.000561,0.000144,0.000748,-168.49,130.91,-149.88,55.92,-19.97,8.79,21.04,-47.32,93.38,87.12,-179.52,115.77,-59.24,-27.74,-18.72,218.3148,4.9484,4.9068,3.7393,14.6171,2.2112,1.4724,0.7439,3.6129,0.6098,6.1240,0.7894,2.1327,0.6831,4.1520
2026-08-06 10:54:07.531,13.200000,180,12,0.007628,-1.5564,166.09,0,0,0,60.0307,219.003,0.08657,1,0,0,0,0,0.007299,0.000222,0.000863,0.000126,0.001236,0.000031,0.000661,0.000079,0.000691,0.000098,0.000739,0.000026,0.000345,0.000038,0.000656,-166.09,-173.57,-116.71,-108.44,-39.38,30.36,49.96,-88.12,103.70,41.45,179.63,60.35,-63.46,34.32,-1.06,218.3148,4.9484,4.9068,3.7393,14.6171,2.2112,1.4724,0.7439,3.6129,0.6098,6.1240,0.7894,2.1327,0.6831,4.1520
2026-08-06 10:54:07.531,13.216667,180,13,0.007926,-1.5924,164.48,0,0,0,60.0307,219.003,0.08657,1,0,0,0,0,0.007579,0.000412,0.001071,0.000333,0.001285,0.000415,0.000738,0.000363,0.000521,0.000349,0.000410,0.000252,0.000228,0.000307,0.000482,-164.48,-116.31,-96.04,-21.64,-24.30,94.10,78.96,168.30,132.92,-72.93,-166.61,28.70,-42.39,141.57,-12.36,218.3148,4.9484,4.9068,3.7393,14.6171,2.2112,1.4724,0.7439,3.6129,0.6098,6.1240,0.7894,2.1327,0.6831,4.1520
2026-08-06 10:54:07.531,13.233333,180,14,0.007609,-1.5493,165.58,0,0,0,60.0307,219.003,0.08657,1,0,0,0,0,0.007283,0.000198,0.000928,0.000122,0.001212,0.000036,0.000676,0.000103,0.000596,0.000053,0.000762,0.000054,0.000341,0.000055,0.000693,-165.58,-166.64,-116.98,-120.10,-40.38,108.82,48.13,-58.10,95.26,103.11,173.37,122.37,-75.22,76.41,0.42,218.3148,4.9484,4.9068,3.7393,14.6171,2.2112,1.4724,0.7439,3.6129,0.6098,6.1240,0.7894,2.1327,0.6831,4.1520
2026-08-06 10:54:07.531,13.250000,180,15,0.007586,-1.5476,166.53,0,0,0,60.0307,219.003,0.08657,1,0,0,0,0,0.007247,0.000168,0.000966,0.000154,0.001248,0.000046,0.000659,0.000088,0.000591,0.000045,0.000707,0.000056,0.000387,0.000103,0.000683,-166.53,175.27,-119.71,-122.25,-37.01,87.12,54.41,-143.66,100.64,-72.78,177.78,111.11,-64.69,-86.19,-6.58,218.3148,4.9484,4.9068,3.7393,14.6171,2.2112,1.4724,0.7439,3.6129,0.6098,6.1240,0.7894,2.1327,0.6831,4.1520
2026-08-06 10:54:07.531,13.266667,180,16,0.007403,-1.4246,160.57,0,0,0,60.0307,219.003,0.08657,1,0,0,0,0,0.006863,0.000796,0.001571,0.000601,0.000687,0.000456,0.001071,0.000332,0.000666,0.000177,0.000602,0.000224,0.000547,0.000361,0.000757,-160.57,110.48,-118.54,7.61,-50.94,-64.67,60.79,-144.49,81.28,146.29,-179.86,-175.38,-53.03,134.04,-16.87,218.3148,4.9484,4.9068,3.7393,14.6171,2.2112,1.4724,0.7439,3.6129,0.6098,6.1240,0.7894,2.1327,0.6831,4.1520
2026-08-06 10:54:07.531,13.283333,180,17,0.007655,-1.5597,165.76,0,0,0,60.0307,219.003,0.08657,1,0,0,0,0,0.007329,0.000164,0.000962,0.000141,0.001266,0.000063,0.000611,0.000052,0.000650,0.000115,0.000683,0.000102,0.000326,0.000010,0.000632,-165.76,170.08,-117.15,-117.93,-39.67,-77.81,52.14,-59.36,94.53,53.47,178.87,137.21,-61.29,-125.34,7.80,218.3148,4.9484,4.9068,3.7393,14.6171,2.2112,1.4724,0.7439,3.6129,0.6098,6.1240,0.7894,2.1327,0.6831,4.1520
2026-08-06 10:54:07.531,13.300000,180,18,0.007562,-1.5444,166.52,0,0,0,60.0307,219.003,0.08657,1,0,0,0,0,0.007238,0.000135,0.000936,0.000083,0.001192,0.000029,0.000633,0.000052,0.000666,0.000025,0.000770,0.000020,0.000378,0.000057,0.000617,-166.52,173.66,-119.26,-108.04,-37.36,61.29,49.23,139.62,97.16,-126.54,173.73,-139.48,-68.80,-131.90,1.85,218.3148,4.9484,4.9068,3.7393,14.6171,2.2112,1.4724,0.7439,3.6129,0.6098,6.1240,0.7894,2.1327,0.6831,4.1520
2026-08-06 10:54:07.531,13.316667,180,19,0.007771,-1.5822,165.92,0,0,0,60.0307,219.003,0.08657,1,0,0,0,0,0.007425,0.000327,0.000985,0.000202,0.001168,0.000125,0.000493,0.000039,0.000609,0.000135,0.000806,0.000199,0.000464,0.000184,0.000551,-165.92,-178.47,-122.26,-138.04,-43.22,-172.65,49.84,-151.61,106.90,175.52,-179.35,-173.92,-96.13,-163.11,-13.03,218.3148,4.9484,4.9068,3.7393,14.6171,2.2112,1.4724,0.7439,3.6129,0.6098,6.1240,0.7894,2.1327,0.6831,4.1520
2026-08-06 10:54:07.531,13.333333,180,20,0.007653,-1.5591,166.26,0,0,0,60.0307,219.003,0.08657,1,0,0,0,0,0.007302,0.000283,0.000952,0.000202,0.001198,0.000135,0.000674,0.000176,0.000731,0.000096,0.000741,0.000047,0.000234,0.000135,0.000529,-166.26,166.79,-118.21,-144.57,-39.19,-160.70,44.02,-145.26,99.33,-164.91,165.78,163.30,-48.00,-99.08,1.04,218.3148,4.9484,4.9068,3.7393,14.6171,2.2112,1.4724,0.7439,3.6129,0.6098,6.1240,0.7894,2.1327,0.6831,4.1520
2026-08-06 10:54:07.531,13.350000,180,21,0.007494,-1.5292,166.31,0,0,0,60.0307,219.003,0.08657,1,0,0,0,0,0.007174,0.000133,0.000837,0.000027,0.001216,0.000101,0.000647,0.000123,0.000721,0.000077,0.000764,0.000110,0.000437,0.000095,0.000638,-166.31,-169.73,-114.91,-102.89,-35.92,105.03,55.44,98.93,98.39,131.86,177.18,-172.16,-78.42,-162.86,-6.22,218.3148,4.9484,4.9068,3.7393,14.6171,2.2112,1.4724,0.7439,3.6129,0.6098,6.1240,0.7894,2.1327,0.6831,4.1520
2026-08-06 10:54:07.531,13.366667,180,22,0.007907,-1.6088,167.98,0,0,0,60.0307,219.003,0.08657,1,0,0,0,0,0.007535,0.000457,0.000689,0.000213,0.001432,0.000353,0.000777,0.000338,0.000280,0.000210,0.000908,0.000253,0.000294,0.000201,0.000636,-167.98,138.97,-128.36,34.71,-28.71,-3.27,20.23,-53.91,107.77,-125.10,-176.17,166.81,-104.41,129.43,9.81,218.3148,4.9484,4.9068,3.7393,14.6171,2.2112,1.4724,0.7439,3.6129,0.6098,6.1240,0.7894,2.1327,0.6831,4.1520
2026-08-06 10:54:07.531,13.383333,180,23,0.007595,-1.5551,166.98,0,0,0,60.0307,219.003,0.08657,1,0,0,0,0,0.007267,0.000167,0.000942,0.000145,0.001264,0.000040,0.000664,0.000022,0.000681,0.000043,0.000699,0.000078,0.000364,0.000095,0.000606,-166.98,-175.80,-119.52,-125.95,-40.24,-8.86,46.36,-105.44,94.28,113.78,175.44,162.89,-64.25,-135.67,-4.03,218.3148,4.9484,4.9068,3.7393,14.6171,2.2112,1.4724,0.7439,3.6129,0.6098,6.1240,0.7894,2.1327,0.6831,4.1520
2026-08-06 10:54:07.531,13.400000,180,24,0.007592,-1.5518,166.50,0,0,0,60.0307,219.003,0.08657,1,0,0,0,0,0.007270,0.000141,0.000883,0.000101,0.001243,0.000035,0.000641,0.000052,0.000688,0.000011,0.000685,0.000086,0.000357,0.000056,0.000640,-166.50,178.31,-116.39,-136.89,-39.88,116.77,52.37,24.58,96.18,-139.28,172.69,-162.63,-76.99,130.28,5.91,218.3148,4.9484,4.9068,3.7393,14.6171,2.2112,1.4724,0.7439,3.6129,0.6098,6.1240,0.7894,2.1327,0.6831,4.1520
2026-08-06 10:54:07.531,13.416667,180,25,0.007597,-1.5504,166.18,0,0,0,60.0307,219.003,0.08657,1,0,0,0,0,0.007267,0.000220,0.000952,0.000108,0.001207,0.000013,0.000683,0.000046,0.000655,0.000060,0.000696,0.000026,0.000323,0.000023,0.000673,-166.18,-172.83,-117.52,-121.42,-40.49,159.69,45.49,-52.62,97.18,61.37,174.78,79.76,-68.65,16.59,-1.32,218.3148,4.9484,4.9068,3.7393,14.6171,2.2112,1.4724,0.7439,3.6129,0.6098,6.1240,0.7894,2.1327,0.6831,4.1520
2026-08-06 10:54:07.531,13.433333,180,26,0.007821,-1.5969,169.72,0,0,0,60.0307,219.003,0.08657,1,0,0,0,0,0.007381,0.000391,0.000903,0.000581,0.001229,0.000487,0.000978,0.000470,0.000632,0.000327,0.000929,0.000281,0.000261,0.000096,0.000655,-169.72,75.47,-88.50,-77.51,-62.32,157.32,69.02,50.05,61.64,-68.81,-167.01,176.02,-74.84,117.81,-2.06,218.3148,4.9484,4.9068,3.7393,14.6171,2.2112,1.4724,0.7439,3.6129,0.6098,6.1240,0.7894,2.1327,0.6831,4.1520
2026-08-06 10:54:07.531,13.450000,180,27,0.007594,-1.5455,165.78,0,0,0,60.0307,219.003,0.08657,1,0,0,0,0,0.007263,0.000180,0.000845,0.000165,0.001248,0.000025,0.000665,0.000045,0.000625,0.000058,0.000817,0.000051,0.000402,0.000039,0.000630,-165.78,-164.98,-116.01,-129.18,-38.20,43.82,46.68,-31.21,92.35,101.97,173.82,122.57,-76.23,-25.38,-0.24,218.3148,4.9484,4.9068,3.7393,14.6171,2.2112,1.4724,0.7439,3.6129,0.6098,6.1240,0.7894,2.1327,0.6831,4.1520
2026-08-06 10:54:07.531,13.466667,180,28,0.007753,-1.5573,164.10,0,0,0,60.0307,219.003,0.08657,1,0,0,0,0,0.007363,0.000024,0.000694,0.000370,0.001396,0.000267,0.000881,0.000245,0.000336,0.000375,0.000873,0.000418,0.000686,0.000299,0.000409,-164.10,-88.97,-128.35,-154.67,-49.26,6.02,58.02,-171.41,99.95,5.49,159.60,-161.67,-61.78,38.98,26.13,218.3148,4.9484,4.9068,3.7393,14.6171,2.2112,1.4724,0.7439,3.6129,0.6098,6.1240,0.7894,2.1327,0.6831,4.1520
2026-08-06 10:54:07.531,13.483333,180,29,0.007548,-1.5433,166.52,0,0,0,60.0307,219.003,0.08657,1,0,0,0,0,0.007230,0.000192,0.000940,0.000082,0.001245,0.000028,0.000592,0.000112,0.000571,0.000020,0.000699,0.000075,0.000421,0.000067,0.000666,-166.52,-172.35,-119.08,-112.24,-40.97,88.72,47.03,82.11,92.27,147.68,174.78,-144.65,-81.90,153.10,0.16,218.3148,4.9484,4.9068,3.7393,14.6171,2.2112,1.4724,0.7439,3.6129,0.6098,6.1240,0.7894,2.1327,0.6831,4.1520
2026-08-06 10:54:07.779,13.500000,181,0,0.007590,-1.5537,166.51,0,0,0,60.0307,218.841,0.08623,1,0,0,0,0,0.007276,0.000253,0.000932,0.000132,0.001195,0.000040,0.000672,0.000032,0.000618,0.000068,0.000715,0.000139,0.000371,0.000066,0.000573,-166.51,-177.22,-118.23,-138.15,-39.44,5.47,47.91,80.23,94.38,85.62,175.94,119.87,-73.09,-156.02,0.03,218.1580,4.8873,4.8925,3.7028,14.6014,2.2039,1.4082,0.7473,3.5700,0.5809,6.0305,0.8043,2.1877,0.7176,4.0968
2026-08-06 10:54:07.779,13.516667,181,1,0.007546,-1.5416,166.32,0,0,0,60.0307,218.841,0.08623,1,0,0,0,0,0.007227,0.000192,0.000948,0.000126,0.001185,0.000007,0.000603,0.000047,0.000638,0.000016,0.000749,0.000054,0.000417,0.000036,0.000648,-166.32,-159.70,-117.87,-92.00,-39.72,-24.51,50.31,140.20,98.99,-22.40,177.36,6.93,-69.65,16.59,-0.61,218.1580,4.8873,4.8925,3.7028,14.6014,2.2039,1.4082,0.7473,3.5700,0.5809,6.0305,0.8043,2.1877,0.7176,4.0968
2026-08-06 10:54:07.779,13.533333,181,2,0.007465,-1.4920,169.03,0,0,0,60.0307,218.841,0.08623,1,0,0,0,0,0.006929,0.000439,0.001236,0.000348,0.001645,0.000383,0.001026,0.000431,0.000405,0.000460,0.000504,0.000273,0.000319,0.000165,0.000661,-169.03,-69.76,-133.05,77.36,-39.72,-148.01,63.52,-17.79,129.69,107.98,162.89,-114.00,-109.63,59.64,-2.89,218.1580,4.8873,4.8925,3.7028,14.6014,2.2039,1.4082,0.7473,3.5700,0.5809,6.0305,0.8043,2.1877,0.7176,4.0968
2026-08-06 10:54:07.779,13.550000,181,3,0.007556,-1.5468,166.70,0,0,0,60.0307,218.841,0.08623,1,0,0,0,0,0.007241,0.000214,0.000871,0.000107,0.001195,0.000034,0.000670,0.000047,0.000662,0.000090,0.000736,0.000060,0.000344,0.000047,0.000609,-166.70,171.05,-116.02,-128.63,-38.38,46.04,49.31,-108.02,95.58,65.31,178.56,58.79,-73.29,35.56,-1.76,218.1580,4.8873,4.8925,3.7028,14.6014,2.2039,1.4082,0.7473,3.5700,0.5809,6.0305,0.8043,2.1877,0.7176,4.0968
2026-08-06 10:54:07.779,13.566667,181,4,0.007570,-1.5417,166.01,0,0,0,60.0307,218.841,0.08623,1,0,0,0,0,0.007237,0.000185,0.000923,0.000126,0.001249,0.000071,0.000691,0.000060,0.000641,0.000034,0.000765,0.000039,0.000405,0.000108,0.000601,-166.01,-168.05,-115.72,-93.05,-40.25,127.02,49.88,66.49,96.67,143.79,171.27,-50.24,-75.56,158.78,2.79,218.1580,4.8873,4.8925,3.7028,14.6014,2.2039,1.4082,0.7473,3.5700,0.5809,6.0305,0.8043,2.1877,0.7176,4.0968
2026-08-06 10:54:07.779,13.583333,181,5,0.007639,-1.5568,168.10,0,0,0,60.0307,218.841,0.08623,1,0,0,0,0,0.007252,0.000087,0.001009,0.000191,0.001154,0.000092,0.000683,0.000037,0.000594,0.000106,0.000823,0.000161,0.000257,0.000465,0.000587,-168.10,81.47,-110.82,-139.53,-36.62,26.10,38.41,-48.35,92.62,174.24,167.62,127.10,-23.53,-36.01,-34.40,218.1580,4.8873,4.8925,3.7028,14.6014,2.2039,1.4082,0.7473,3.5700,0.5809,6.0305,0.8043,2.1877,0.7176,4.0968
2026-08-06 10:54:07.779,13.600000,181,6,0.007483,-1.5112,165.55,0,0,0,60.0307,218.841,0.08623,1,0,0,0,0,0.007108,0.000305,0.000881,0.000277,0.001199,0.000157,0.000797,0.000177,0.000791,0.000115,0.000813,0.000079,0.000210,0.000186,0.000489,-165.55,-165.56,-110.89,-125.19,-33.18,-126.82,49.17,-111.38,94.76,-72.30,167.44,-62.82,-69.11,-53.29,10.14,218.1580,4.8873,4.8925,3.7028,14.6014,2.2039,1.4082,0.7473,3.5700,0.5809,6.0305,0.8043,2.1877,0.7176,4.0968
2026-08-06 10:54:07.779,13.616667,181,7,0.007019,-1.4230,172.37,0,0,0,60.0307,218.841,0.08623,1,0,0,0,0,0.006532,0.000806,0.001263,0.000331,0.001263,0.000137,0.000355,0.000393,0.000587,0.000341,0.000738,0.000193,0.000113,0.000331,0.000345,-172.37,-76.09,-144.90,45.24,-40.54,-25.60,48.98,97.28,45.76,-164.30,149.95,-107.98,-87.19,-33.59,-32.78,218.1580,4.8873,4.8925,3.7028,14.6014,2.2039,1.4082,0.7473,3.5700,0.5809,6.0305,0.8043,2.1877,0.7176,4.0968
2026-08-06 10:54:07.779,13.633333,181,8,0.009221,-1.8015,164.02,0,0,0,60.0307,218.841,0.08623,1,0,0,0,0,0.008569,0.001351,0.001889,0.000859,0.001726,0.000126,0.000585,0.000141,0.000409,0.000157,0.000695,0.000161,0.000526,0.000067,0.000708,-164.02,-133.99,-107.18,-80.29,-43.22,-37.42,42.27,-135.58,103.07,-76.37,-161.82,-109.40,-73.38,-107.83,-7.47,218.1580,4.8873,4.8925,3.7028,14.6014,2.2039,1.4082,0.7473,3.5700,0.5809,6.0305,0.8043,2.1877,0.7176,4.0968
2026-08-06 10:54:07.779,13.650000,181,9,0.007695,-1.5688,166.34,0,0,0,60.0307,218.841,0.08623,1,0,0,0,0,0.007344,0.000275,0.001012,0.000225,0.001127,0.000171,0.000510,0.000168,0.000641,0.000281,0.000911,0.000187,0.000282,0.000240,0.000530,-166.34,-164.03,-124.07,-141.99,-43.30,-170.73,66.59,158.15,109.57,165.72,173.55,153.54,-91.42,150.75,17.70,218.1580,4.8873,4.8925,3.7028,14.6014,2.2039,1.4082,0.7473,3.5700,0.5809,6.0305,0.8043,2.1877,0.7176,4.0968
2026-08-06 10:54:07.779,13.666667,181,10,0.007627,-1.5495,166.03,0,0,0,60.0307,218.841,0.08623,1,0,0,0,0,0.007279,0.000151,0.000979,0.000122,0.001298,0.000075,0.000616,0.000104,0.000591,0.000124,0.000760,0.000094,0.000480,0.000069,0.000655,-166.03,-167.11,-113.57,-157.00,-37.24,-136.33,49.27,27.76,91.93,66.03,179.84,89.69,-70.35,107.08,-0.18,218.1580,4.8873,4.8925,3.7028,14.6014,2.2039,1.4082,0.7473,3.5700,0.5809,6.0305,0.8043,2.1877,0.7176,4.0968
2026-08-06 10:54:07.779,13.683333,181,11,0.007812,-1.5506,165.09,0,0,0,60.0307,218.841,0.08623,1,0,0,0,0,0.007308,0.000271,0.001256,0.000176,0.001350,0.000417,0.000787,0.000056,0.000960,0.000221,0.000722,0.000323,0.000658,0.000069,0.000747,-165.09,-174.43,-109.80,-33.17,-42.00,-1.62,60.29,28.49,94.34,-171.53,169.69,179.50,-72.14,148.69,-23.82,218.1580,4.8873,4.8925,3.7028,14.6014,2.2039,1.4082,0.7473,3.5700,0.5809,6.0305,0.8043,2.1877,0.7176,4.0968
2026-08-06 10:54:07.779,13.700000,181,12,0.008808,-1.7267,165.13,0,0,0,60.0307,218.841,0.08623,1,0,0,0,0,0.008164,0.000987,0.001700,0.000691,0.001680,0.000258,0.000821,0.000251,0.000776,0.000331,0.000961,0.000354,0.000579,0.000136,0.000490,-165.13,-136.62,-114.00,-80.36,-39.29,-13.20,52.49,127.38,118.70,-151.82,-165.58,-104.01,-74.34,-127.53,-4.62,218.1580,4.8873,4.8925,3.7028,14.6014,2.2039,1.4082,0.7473,3.5700,0.5809,6.0305,0.8043,2.1877,0.7176,4.0968
2026-08-06 10:54:07.779,13.716667,181,13,0.008300,-1.7096,176.41,0,0,0,60.0307,218.841,0.08623,1,0,0,0,0,0.007801,0.000620,0.001361,0.000904,0.000327,0.000722,0.000970,0.000350,0.000943,0.000231,0.000843,0.000425,0.000161,0.000322,0.000846,-176.41,64.22,-103.74,-152.11,-64.77,111.21,62.97,98.25,87.38,60.01,173.76,110.69,-1.34,50.31,3.56,218.1580,4.8873,4.8925,3.7028,14.6014,2.2039,1.4082,0.7473,3.5700,0.5809,6.0305,0.8043,2.1877,0.7176,4.0968
2026-08-06 10:54:07.779,13.733333,181,14,0.007572,-1.5384,167.80,0,0,0,60.0307,218.841,0.08623,1,0,0,0,0,0.007183,0.000135,0.001088,0.000151,0.001321,0.000167,0.000534,0.000202,0.000527,0.000192,0.000807,0.000160,0.000571,0.000202,0.000761,-167.80,-89.08,-120.30,151.87,-33.14,-90.84,65.57,63.22,83.99,-153.46,165.86,30.03,-80.97,161.14,4.81,218.1580,4.8873,4.8925,3.7028,14.6014,2.2039,1.4082,0.7473,3.5700,0.5809,6.0305,0.8043,2.1877,0.7176,4.0968
2026-08-06 10:54:07.779,13.750000,181,15,0.007574,-1.5425,166.67,0,0,0,60.0307,218.841,0.08623,1,0,0,0,0,0.007221,0.000175,0.000919,0.000100,0.001244,0.000054,0.000630,0.000170,0.000636,0.000128,0.000787,0.000150,0.000476,0.000046,0.000715,-166.67,159.93,-119.77,-120.02,-38.99,-74.79,38.92,43.24,89.29,125.44,177.77,178.86,-69.28,125.75,3.95,218.1580,4.8873,4.8925,3.7028,14.6014,2.2039,1.4082,0.7473,3.5700,0.5809,6.0305,0.8043,2.1877,0.7176,4.0968
2026-08-06 10:54:07.779,13.766667,181,16,0.008244,-1.6358,177.16,0,0,0,60.0307,218.841,0.08623,1,0,0,0,0,0.007499,0.002057,0.001412,0.000945,0.001026,0.000675,0.000610,0.000274,0.000660,0.000204,0.000677,0.000293,0.000358,0.000160,0.000728,-177.16,-83.59,-72.69,-77.46,-53.57,-116.38,39.62,-89.00,88.67,-91.51,-178.74,-114.91,-58.23,-72.21,-7.67,218.1580,4.8873,4.8925,3.7028,14.6014,2.2039,1.4082,0.7473,3.5700,0.5809,6.0305,0.8043,2.1877,0.7176,4.0968
2026-08-06 10:54:07.779,13.783333,181,17,0.008583,-1.7517,172.40,0,0,0,60.0307,218.841,0.08623,1,0,0,0,0,0.008084,0.001406,0.000244,0.000322,0.001478,0.000320,0.000759,0.000525,0.001092,0.000233,0.000560,0.000253,0.000213,0.000307,0.000813,-172.40,135.88,163.40,88.13,-26.75,-177.19,61.93,140.59,85.33,111.64,158.63,-171.03,-58.33,151.97,19.82,218.1580,4.8873,4.8925,3.7028,14.6014,2.2039,1.4082,0.7473,3.5700,0.5809,6.0305,0.8043,2.1877,0.7176,4.0968
2026-08-06 10:54:07.779,13.800000,181,18,0.007573,-1.5444,166.05,0,0,0,60.0307,218.841,0.08623,1,0,0,0,0,0.007248,0.000253,0.000936,0.000160,0.001207,0.000027,0.000681,0.000054,0.000573,0.000146,0.000674,0.000118,0.000393,0.000055,0.000654,-166.05,-177.99,-119.99,-128.57,-39.89,117.10,44.30,2.30,95.54,93.32,177.53,149.30,-74.87,153.99,-3.34,218.1580,4.8873,4.8925,3.7028,14.6014,2.2039,1.4082,0.7473,3.5700,0.5809,6.0305,0.8043,2.1877,0.7176,4.0968
2026-08-06 10:54:07.779,13.816667,181,19,0.007616,-1.5538,166.66,0,0,0,60.0307,218.841,0.08623,1,0,0,0,0,0.007275,0.000131,0.000978,0.000090,0.001276,0.000047,0.000612,0.000015,0.000678,0.000028,0.000757,0.000043,0.000360,0.000050,0.000658,-166.66,-151.10,-117.42,-111.06,-38.22,-111.32,51.01,-112.34,98.48,56.79,172.01,48.07,-65.41,-22.53,-1.70,218.1580,4.8873,4.8925,3.7028,14.6014,2.2039,1.4082,0.7473,3.5700,0.5809,6.0305,0.8043,2.1877,0.7176,4.0968
2026-08-06 10:54:07.779,13.833333,181,20,0.007885,-1.5577,161.80,0,0,0,60.0307,218.841,0.08623,1,0,0,0,0,0.007448,0.000469,0.000372,0.000582,0.001538,0.000528,0.001107,0.000434,0.000350,0.000292,0.000682,0.000244,0.000419,0.000172,0.000514,-161.80,-12.75,-144.72,171.97,-58.77,-20.53,53.30,139.90,115.29,-13.26,154.65,166.36,-65.70,136.11,-7.45,218.1580,4.8873,4.8925,3.7028,14.6014,2.2039,1.4082,0.7473,3.5700,0.5809,6.0305,0.8043,2.1877,0.7176,4.0968
2026-08-06 10:54:07.779,13.850000,181,21,0.007554,-1.5419,166.33,0,0,0,60.0307,218.841,0.08623,1,0,0,0,0,0.007226,0.000191,0.000955,0.000097,0.001187,0.000032,0.000663,0.000061,0.000582,0.000089,0.000759,0.000057,0.000407,0.000040,0.000676,-166.33,-155.09,-116.87,-154.41,-41.55,-98.29,46.96,-45.94,90.25,71.78,178.87,113.30,-73.36,-169.50,-2.95,218.1580,4.8873,4.8925,3.7028,14.6014,2.2039,1.4082,0.7473,3.5700,0.5809,6.0305,0.8043,2.1877,0.7176,4.0968
2026-08-06 10:54:07.779,13.866667,181,22,0.008084,-1.5997,166.10,0,0,0,60.0307,218.841,0.08623,1,0,0,0,0,0.007518,0.000434,0.001243,0.000250,0.001365,0.000287,0.001009,0.000344,0.000894,0.000220,0.001014,0.000329,0.000673,0.000262,0.000790,-166.10,-124.24,-109.00,-61.82,-36.17,9.38,50.55,96.99,109.05,165.77,-178.55,-114.72,-66.14,-44.69,-1.54,218.1580,4.8873,4.8925,3.7028,14.6014,2.2039,1.4082,0.7473,3.5700,0.5809,6.0305,0.8043,2.1877,0.7176,4.0968
2026-08-06 10:54:07.779,13.883333,181,23,0.007559,-1.5410,166.17,0,0,0,60.0307,218.841,0.08623,1,0,0,0,0,0.007231,0.000143,0.000952,0.000113,0.001268,0.000034,0.000663,0.000092,0.000629,0.000077,0.000694,0.000108,0.000293,0.000048,0.000581,-166.17,-165.81,-119.81,-99.50,-39.24,-2.08,43.46,40.28,89.80,88.50,169.72,163.25,-76.74,165.13,2.29,218.1580,4.8873,4.8925,3.7028,14.6014,2.2039,1.4082,0.7473,3.5700,0.5809,6.0305,0.8043,2.1877,0.7176,4.0968
2026-08-06 10:54:07.779,13.900000,181,24,0.007595,-1.5539,166.49,0,0,0,60.0307,218.841,0.08623,1,0,0,0,0,0.007282,0.000180,0.000936,0.000137,0.001203,0.000014,0.000627,0.000043,0.000660,0.000048,0.000765,0.000052,0.000363,0.000036,0.000573,-166.49,178.49,-119.11,-114.27,-38.10,31.34,45.85,-49.10,98.10,36.76,175.49,85.97,-70.86,-60.95,-1.37,218.1580,4.8873,4.8925,3.7028,14.6014,2.2039,1.4082,0.7473,3.5700,0.5809,6.0305,0.8043,2.1877,0.7176,4.0968
2026-08-06 10:54:07.779,13.916667,181,25,0.007529,-1.5364,166.18,0,0,0,60.0307,218.841,0.08623,1,0,0,0,0,0.007213,0.000176,0.000940,0.000091,0.001212,0.000034,0.000618,0.000091,0.000642,0.000066,0.000746,0.000076,0.000363,0.000068,0.000575,-166.18,-151.42,-117.31,-91.23,-36.85,25.57,47.63,60.68,93.21,79.30,174.05,171.34,-76.64,169.81,-3.51,218.1580,4.8873,4.8925,3.7028,14.6014,2.2039,1.4082,0.7473,3.5700,0.5809,6.0305,0.8043,2.1877,0.7176,4.0968
2026-08-06 10:54:07.779,13.933333,181,26,0.008173,-1.6081,164.94,0,0,0,60.0307,218.841,0.08623,1,0,0,0,0,0.007592,0.000538,0.001192,0.000373,0.001541,0.000332,0.000969,0.000416,0.001002,0.000469,0.001103,0.000306,0.000616,0.000205,0.000724,-164.94,-129.85,-107.69,-72.63,-38.04,-1.35,37.62,42.52,88.42,118.03,171.21,-174.77,-96.59,-96.78,-9.43,218.1580,4.8873,4.8925,3.7028,14.6014,2.2039,1.4082,0.7473,3.5700,0.5809,6.0305,0.8043,2.1877,0.7176,4.0968
2026-08-06 10:54:07.779,13.950000,181,27,0.007526,-1.5366,166.38,0,0,0,60.0307,218.841,0.08623,1,0,0,0,0,0.007207,0.000146,0.000914,0.000094,0.001203,0.000021,0.000640,0.000061,0.000605,0.000070,0.000765,0.000051,0.000425,0.000016,0.000616,-166.38,-164.69,-115.98,-129.15,-37.71,-55.24,48.40,139.85,100.61,93.50,176.03,130.22,-69.72,-160.54,-7.27,218.1580,4.8873,4.8925,3.7028,14.6014,2.2039,1.4082,0.7473,3.5700,0.5809,6.0305,0.8043,2.1877,0.7176,4.0968
2026-08-06 10:54:07.779,13.966667,181,28,0.007533,-1.5379,166.70,0,0,0,60.0307,218.841,0.08623,1,0,0,0,0,0.007198,0.000210,0.000931,0.000135,0.001284,0.000024,0.000695,0.000155,0.000670,0.000024,0.000699,0.000071,0.000365,0.000132,0.000604,-166.70,-176.63,-119.86,-93.87,-39.68,89.81,46.11,77.51,95.43,-93.95,178.65,-68.97,-72.42,103.38,5.33,218.1580,4.8873,4.8925,3.7028,14.6014,2.2039,1.4082,0.7473,3.5700,0.5809,6.0305,0.8043,2.1877,0.7176,4.0968
2026-08-06 10:54:07.779,13.983333,181,29,0.007592,-1.5455,166.03,0,0,0,60.0307,218.841,0.08623,1,0,0,0,0,0.007259,0.000213,0.000932,0.000086,0.001228,0.000047,0.000695,0.000071,0.000646,0.000051,0.000700,0.000021,0.000342,0.000040,0.000686,-166.03,-178.70,-115.34,-99.69,-39.28,-121.21,45.35,-52.11,92.42,118.95,-179.12,42.84,-75.81,127.95,2.51,218.1580,4.8873,4.8925,3.7028,14.6014,2.2039,1.4082,0.7473,3.5700,0.5809,6.0305,0.8043,2.1877,0.7176,4.0968
2026-08-06 10:54:07.995,14.000000,182,0,0.007612,-1.5421,167.20,0,0,0,60.0346,218.780,0.08611,1,1,0,0,0,0.007224,0.000045,0.001031,0.000224,0.001095,0.000230,0.000529,0.000249,0.000914,0.000302,0.000630,0.000301,0.000284,0.000265,0.000875,-167.20,28.04,-113.06,-147.16,-31.23,17.06,27.43,-171.35,98.90,36.02,-169.84,-138.00,-113.25,71.31,-2.32,218.1011,4.8831,4.8503,3.6666,14.5674,2.1913,1.4482,0.7588,3.5764,0.5696,6.0638,0.8107,2.1166,0.7032,4.1386
2026-08-06 10:54:07.995,14.016667,182,1,0.007609,-1.5498,165.95,0,0,0,60.0346,218.780,0.08611,1,1,0,0,0,0.007278,0.000175,0.000948,0.000129,0.001281,0.000067,0.000626,0.000041,0.000630,0.000039,0.000735,0.000018,0.000403,0.000059,0.000659,-165.95,-178.09,-118.75,-113.30,-38.89,-164.33,48.54,-59.38,93.52,68.15,174.13,-165.80,-75.43,94.43,1.82,218.1011,4.8831,4.8503,3.6666,14.5674,2.1913,1.4482,0.7588,3.5764,0.5696,6.0638,0.8107,2.1166,0.7032,4.1386
2026-08-06 10:54:07.995,14.033333,182,2,0.007589,1.6007,-0.77,0,0,0,60.0346,218.780,0.08611,1,1,0,0,0,0.007257,0.000191,0.000936,0.000131,0.001261,0.000060,0.000650,0.000052,0.000638,0.000098,0.000705,0.000088,0.000304,0.000044,0.000590,0.77,-9.55,22.34,26.14,76.24,93.55,133.30,66.89,155.55,91.26,-150.52,112.60,-51.83,126.39,-8.47,218.1011,4.8831,4.8503,3.6666,14.5674,2.1913,1.4482,0.7588,3.5764,0.5696,6.0638,0.8107,2.1166,0.7032,4.1386
2026-08-06 10:54:07.995,14.050000,182,3,0.007955,1.6645,0.42,0,0,0,60.0346,218.780,0.08611,1,1,0,0,0,0.007598,0.000490,0.000904,0.000296,0.000893,0.000378,0.000907,0.000365,0.000943,0.000233,0.000585,0.000161,0.000389,0.000121,0.000764,-0.42,-39.18,1.19,-87.87,85.47,-153.69,152.37,159.35,150.01,108.86,-168.33,52.01,-35.50,33.39,-14.31,218.1011,4.8831,4.8503,3.6666,14.5674,2.1913,1.4482,0.7588,3.5764,0.5696,6.0638,0.8107,2.1166,0.7032,4.1386
2026-08-06 10:54:07.995,14.066667,182,4,0.007520,1.5876,-1.32,0,0,0,60.0346,218.780,0.08611,1,1,0,0,0,0.007202,0.000172,0.000848,0.000129,0.001197,0.000069,0.000615,0.000073,0.000604,0.000127,0.000759,0.000060,0.000480,0.000015,0.000729,1.32,-31.78,22.43,-7.82,75.22,-172.99,137.40,172.06,162.38,172.51,-141.98,175.91,-64.08,127.07,-21.78,218.1011,4.8831,4.8503,3.6666,14.5674,2.1913,1.4482,0.7588,3.5764,0.5696,6.0638,0.8107,2.1166,0.7032,4.1386
2026-08-06 10:54:07.995,14.083333,182,5,0.007660,1.6164,-1.31,0,0,0,60.0346,218.780,0.08611,1,1,0,0,0,0.007337,0.000169,0.000917,0.000091,0.001083,0.000114,0.000514,0.000094,0.000777,0.000140,0.000824,0.000082,0.000381,0.000130,0.000489,1.31,21.37,23.23,-26.91,73.87,-40.97,130.17,87.70,155.52,-165.01,-136.92,-28.98,-34.47,151.48,-30.51,218.1011,4.8831,4.8503,3.6666,14.5674,2.1913,1.4482,0.7588,3.5764,0.5696,6.0638,0.8107,2.1166,0.7032,4.1386
2026-08-06 10:54:07.995,14.100000,182,6,0.007483,1.5811,-0.99,0,0,0,60.0346,218.780,0.08611,1,1,0,0,0,0.007172,0.000193,0.000853,0.000092,0.001243,0.000021,0.000608,0.000035,0.000625,0.000114,0.000727,0.000091,0.000380,0.000067,0.000612,0.99,-21.58,22.25,25.98,76.47,-134.21,137.04,134.03,158.48,160.88,-144.46,-168.65,-64.99,65.03,-17.73,218.1011,4.8831,4.8503,3.6666,14.5674,2.1913,1.4482,0.7588,3.5764,0.5696,6.0638,0.8107,2.1166,0.7032,4.1386
2026-08-06 10:54:07.995,14.116667,182,7,0.008564,1.7635,-4.44,0,0,0,60.0346,218.780,0.08611,1,1,0,0,0,0.008038,0.000744,0.001093,0.000173,0.001258,0.000334,0.000958,0.000565,0.001104,0.000510,0.000990,0.000201,0.000374,0.000220,0.000657,4.44,47.32,46.61,68.38,71.15,40.11,104.96,102.21,153.04,175.02,-144.65,-155.20,-74.28,-147.09,-32.89,218.1011,4.8831,4.8503,3.6666,14.5674,2.1913,1.4482,0.7588,3.5764,0.5696,6.0638,0.8107,2.1166,0.7032,4.1386
2026-08-06 10:54:07.995,14.133333,182,8,0.007577,1.6004,-0.73,0,0,0,60.0346,218.780,0.08611,1,1,0,0,0,0.007260,0.000142,0.000945,0.000109,0.001124,0.000056,0.000658,0.000077,0.000710,0.000086,0.000744,0.000132,0.000398,0.000071,0.000528,0.73,-35.73,22.57,21.98,73.82,-94.13,144.92,-171.29,155.94,-98.87,-143.45,-153.47,-59.55,155.51,-15.49,218.1011,4.8831,4.8503,3.6666,14.5674,2.1913,1.4482,0.7588,3.5764,0.5696,6.0638,0.8107,2.1166,0.7032,4.1386
2026-08-06 10:54:07.995,14.150000,182,9,0.008074,1.6208,-12.66,0,0,0,60.0346,218.780,0.08611,1,1,0,0,0,0.007519,0.001033,0.001171,0.000840,0.001538,0.000103,0.000726,0.000362,0.000679,0.000113,0.000646,0.000238,0.000251,0.000198,0.000471,12.66,-176.76,-37.45,-7.78,73.49,-138.18,136.16,-169.27,-167.99,-81.22,-152.63,162.62,-96.42,176.83,-19.47,218.1011,4.8831,4.8503,3.6666,14.5674,2.1913,1.4482,0.7588,3.5764,0.5696,6.0638,0.8107,2.1166,0.7032,4.1386
2026-08-06 10:54:07.995,14.166667,182,10,0.007591,1.6034,-0.52,0,0,0,60.0346,218.780,0.08611,1,1,0,0,0,0.007270,0.000263,0.000955,0.000186,0.001201,0.000039,0.000593,0.000049,0.000638,0.000006,0.000718,0.000060,0.000388,0.000053,0.000645,0.52,-5.36,23.10,2.94,77.58,5.18,138.21,17.06,162.24,177.02,-145.89,81.29,-56.18,50.26,-20.05,218.1011,4.8831,4.8503,3.6666,14.5674,2.1913,1.4482,0.7588,3.5764,0.5696,6.0638,0.8107,2.1166,0.7032,4.1386
2026-08-06 10:54:07.995,14.183333,182,11,0.007564,1.5953,-1.49,0,0,0,60.0346,218.780,0.08611,1,1,0,0,0,0.007242,0.000188,0.000964,0.000113,0.001181,0.000141,0.000647,0.000081,0.000598,0.000078,0.000833,0.000110,0.000404,0.000038,0.000637,1.49,5.46,22.47,1.51,78.25,172.09,130.70,115.15,161.25,-144.98,-144.21,167.76,-53.10,79.63,-22.16,218.1011,4.8831,4.8503,3.6666,14.5674,2.1913,1.4482,0.7588,3.5764,0.5696,6.0638,0.8107,2.1166,0.7032,4.1386
2026-08-06 10:54:07.995,14.200000,182,12,0.007540,1.5931,-1.27,0,0,0,60.0346,218.780,0.08611,1,1,0,0,0,0.007226,0.000279,0.000891,0.000152,0.001229,0.000023,0.000653,0.000043,0.000616,0.000108,0.000660,0.000098,0.000345,0.000016,0.000673,1.27,-17.26,23.19,28.95,76.28,63.70,134.75,57.42,156.03,153.10,-142.20,166.14,-63.10,-127.37,-14.42,218.1011,4.8831,4.8503,3.6666,14.5674,2.1913,1.4482,0.7588,3.5764,0.5696,6.0638,0.8107,2.1166,0.7032,4.1386
2026-08-06 10:54:07.995,14.216667,182,13,0.006071,1.2033,-7.40,0,0,0,60.0346,218.780,0.08611,1,1,0,0,0,0.005495,0.001234,0.000991,0.000450,0.000732,0.000528,0.000538,0.000190,0.000711,0.000221,0.000963,0.000463,0.000169,0.000203,0.000666,7.40,-34.91,33.98,106.55,49.11,95.62,152.01,-113.48,137.17,-75.45,-169.66,-22.95,-132.75,-42.42,-19.00,218.1011,4.8831,4.8503,3.6666,14.5674,2.1913,1.4482,0.7588,3.5764,0.5696,6.0638,0.8107,2.1166,0.7032,4.1386
2026-08-06 10:54:07.995,14.233333,182,14,0.007698,1.6263,-1.56,0,0,0,60.0346,218.780,0.08611,1,1,0,0,0,0.007380,0.000245,0.000983,0.000065,0.001267,0.000095,0.000575,0.000118,0.000588,0.000014,0.000648,0.000039,0.000349,0.000196,0.000511,1.56,4.37,29.27,95.07,77.66,-162.58,146.22,-150.46,164.54,172.19,-148.87,52.73,-48.97,149.28,-7.09,218.1011,4.8831,4.8503,3.6666,14.5674,2.1913,1.4482,0.7588,3.5764,0.5696,6.0638,0.8107,2.1166,0.7032,4.1386
2026-08-06 10:54:07.995,14.250000,182,15,0.009549,1.9570,-11.99,0,0,0,60.0346,218.780,0.08611,1,1,0,0,0,0.009071,0.001309,0.000981,0.000762,0.001758,0.000180,0.000317,0.000198,0.000412,0.000169,0.000796,0.000040,0.000625,0.000121,0.000723,11.99,89.78,26.12,-3.51,73.32,38.07,137.37,-14.67,146.12,-78.94,-129.63,43.75,-54.07,-145.15,-32.03,218.1011,4.8831,4.8503,3.6666,14.5674,2.1913,1.4482,0.7588,3.5764,0.5696,6.0638,0.8107,2.1166,0.7032,4.1386
2026-08-06 10:54:07.995,14.266667,182,16,0.008144,1.6938,1.14,0,0,0,60.0346,218.780,0.08611,1,1,0,0,0,0.007740,0.000668,0.001103,0.000502,0.000749,0.000481,0.000906,0.000450,0.001034,0.000280,0.000762,0.000212,0.000345,0.000037,0.000652,-1.14,-39.40,-9.07,-77.45,84.85,-141.12,163.68,177.28,159.23,129.57,-169.03,81.82,-23.04,16.84,-13.82,218.1011,4.8831,4.8503,3.6666,14.5674,2.1913,1.4482,0.7588,3.5764,0.5696,6.0638,0.8107,2.1166,0.7032,4.1386
2026-08-06 10:54:07.995,14.283333,182,17,0.007562,1.5944,-1.48,0,0,0,60.0346,218.780,0.08611,1,1,0,0,0,0.007227,0.000234,0.000919,0.000126,0.001282,0.000067,0.000625,0.000056,0.000569,0.000171,0.000710,0.000103,0.000400,0.000098,0.000706,1.48,-14.58,27.87,49.41,72.92,-110.80,136.25,122.83,159.00,170.99,-147.23,142.47,-74.37,144.09,-8.87,218.1011,4.8831,4.8503,3.6666,14.5674,2.1913,1.4482,0.7588,3.5764,0.5696,6.0638,0.8107,2.1166,0.7032,4.1386
2026-08-06 10:54:07.995,14.300000,182,18,0.007775,1.6315,-3.73,0,0,0,60.0346,218.780,0.08611,1,1,0,0,0,0.007439,0.000307,0.000539,0.000363,0.000914,0.000392,0.000826,0.000438,0.001019,0.000448,0.000788,0.000266,0.000171,0.000189,0.000587,3.73,96.53,42.83,-114.16,61.55,-7.01,109.42,125.46,173.91,-125.42,-117.47,32.41,-30.07,162.89,-38.52,218.1011,4.8831,4.8503,3.6666,14.5674,2.1913,1.4482,0.7588,3.5764,0.5696,6.0638,0.8107,2.1166,0.7032,4.1386
2026-08-06 10:54:07.995,14.316667,182,19,0.007485,1.5812,-0.54,0,0,0,60.0346,218.780,0.08611,1,1,0,0,0,0.007171,0.000175,0.000921,0.000119,0.001263,0.000047,0.000575,0.000120,0.000596,0.000058,0.000732,0.000020,0.000461,0.000080,0.000580,0.54,-9.84,22.15,4.49,77.11,152.69,141.04,-178.48,158.95,153.32,-145.74,105.94,-64.08,110.91,-17.25,218.1011,4.8831,4.8503,3.6666,14.5674,2.1913,1.4482,0.7588,3.5764,0.5696,6.0638,0.8107,2.1166,0.7032,4.1386
2026-08-06 10:54:07.995,14.333333,182,20,0.007512,1.5716,-2.15,0,0,0,60.0346,218.780,0.08611,1,1,0,0,0,0.007123,0.000330,0.000997,0.000113,0.001371,0.000156,0.000619,0.000029,0.000595,0.000154,0.000666,0.000126,0.000372,0.000146,0.000769,2.15,-46.69,30.16,-52.08,72.45,172.84,136.35,164.90,154.32,-166.15,-143.78,177.90,-46.66,-174.73,-9.32,218.1011,4.8831,4.8503,3.6666,14.5674,2.1913,1.4482,0.7588,3.5764,0.5696,6.0638,0.8107,2.1166,0.7032,4.1386
2026-08-06 10:54:07.995,14.350000,182,21,0.008064,1.6795,-2.97,0,0,0,60.0346,218.780,0.08611,1,1,0,0,0,0.007668,0.000592,0.000945,0.000368,0.001042,0.000158,0.000505,0.000053,0.000650,0.000164,0.000821,0.000196,0.000530,0.000242,0.000818,2.97,66.53,48.49,151.87,91.23,-120.10,148.89,118.62,158.31,-149.01,-143.27,-78.02,-52.62,-35.47,-6.98,218.1011,4.8831,4.8503,3.6666,14.5674,2.1913,1.4482,0.7588,3.5764,0.5696,6.0638,0.8107,2.1166,0.7032,4.1386
2026-08-06 10:54:07.995,14.366667,182,22,0.007571,1.5985,-0.85,0,0,0,60.0346,218.780,0.08611,1,1,0,0,0,0.007251,0.000196,0.000874,0.000076,0.001243,0.000040,0.000625,0.000061,0.000637,0.000058,0.000732,0.000066,0.000363,0.000056,0.000578,0.85,-25.15,24.23,28.36,76.17,-157.17,135.35,103.02,163.05,118.14,-146.40,-145.36,-58.58,129.64,-11.38,218.1011,4.8831,4.8503,3.6666,14.5674,2.1913,1.4482,0.7588,3.5764,0.5696,6.0638,0.8107,2.1166,0.7032,4.1386
2026-08-06 10:54:07.995,14.383333,182,23,0.007600,1.6005,-0.82,0,0,0,60.0346,218.780,0.08611,1,1,0,0,0,0.007267,0.000140,0.000991,0.000095,0.001227,0.000026,0.000657,0.000044,0.000612,0.000008,0.000772,0.000011,0.000404,0.000014,0.000606,0.82,-23.78,22.70,-21.13,76.61,-90.90,137.94,-76.48,154.25,176.83,-149.37,31.22,-62.93,54.23,-13.53,218.1011,4.8831,4.8503,3.6666,14.5674,2.1913,1.4482,0.7588,3.5764,0.5696,6.0638,0.8107,2.1166,0.7032,4.1386
2026-08-06 10:54:07.995,14.400000,182,24,0.007529,1.5913,-0.92,0,0,0,60.0346,218.780,0.08611,1,1,0,0,0,0.007222,0.000191,0.000887,0.000141,0.001175,0.000019,0.000636,0.000051,0.000639,0.000020,0.000711,0.000023,0.000411,0.000104,0.000627,0.92,-2.96,21.39,14.77,76.68,51.20,139.30,172.91,157.67,101.00,-148.85,-166.92,-58.67,-160.72,-14.71,218.1011,4.8831,4.8503,3.6666,14.5674,2.1913,1.4482,0.7588,3.5764,0.5696,6.0638,0.8107,2.1166,0.7032,4.1386
2026-08-06 10:54:07.995,14.416667,182,25,0.007581,1.5994,-1.05,0,0,0,60.0346,218.780,0.08611,1,1,0,0,0,0.007255,0.000187,0.000901,0.000134,0.001266,0.000038,0.000614,0.000026,0.000571,0.000099,0.000708,0.000096,0.000452,0.000035,0.000670,1.05,-17.99,24.83,-8.36,75.95,-43.20,134.70,66.39,156.55,149.22,-146.69,167.50,-57.63,79.64,-13.76,218.1011,4.8831,4.8503,3.6666,14.5674,2.1913,1.4482,0.7588,3.5764,0.5696,6.0638,0.8107,2.1166,0.7032,4.1386
2026-08-06 10:54:07.995,14.433333,182,26,0.007024,1.3518,-14.27,0,0,0,60.0346,218.780,0.08611,1,1,0,0,0,0.006297,0.000973,0.000991,0.000665,0.001814,0.000457,0.000465,0.000324,0.000839,0.000305,0.001227,0.000643,0.000343,0.000122,0.000704,14.27,-83.37,27.79,-13.59,91.67,-115.00,138.35,12.39,163.68,13.39,-161.51,-46.93,16.73,-125.37,-16.26,218.1011,4.8831,4.8503,3.6666,14.5674,2.1913,1.4482,0.7588,3.5764,0.5696,6.0638,0.8107,2.1166,0.7032,4.1386
2026-08-06 10:54:07.995,14.450000,182,27,0.009644,1.9914,-10.44,0,0,0,60.0346,218.780,0.08611,1,1,0,0,0,0.009193,0.001359,0.000885,0.000551,0.001645,0.000287,0.000592,0.000157,0.000391,0.000045,0.000838,0.000249,0.000556,0.000129,0.000599,10.44,75.57,41.80,-13.96,62.55,66.07,138.33,-50.39,154.26,33.02,-133.12,-71.83,-64.62,-79.01,-16.41,218.1011,4.8831,4.8503,3.6666,14.5674,2.1913,1.4482,0.7588,3.5764,0.5696,6.0638,0.8107,2.1166,0.7032,4.1386
2026-08-06 10:54:07.995,14.466667,182,28,0.007231,1.3918,21.18,0,0,0,60.0346,218.780,0.08611,1,1,0,0,0,0.006818,0.000387,0.000462,0.000498,0.000681,0.000464,0.001221,0.000186,0.000984,0.000081,0.000577,0.000311,0.000164,0.000217,0.000756,-21.18,31.41,-29.24,-20.21,100.97,-128.89,153.23,152.24,138.14,170.36,-161.52,-146.70,-36.63,153.77,-0.29,218.1011,4.8831,4.8503,3.6666,14.5674,2.1913,1.4482,0.7588,3.5764,0.5696,6.0638,0.8107,2.1166,0.7032,4.1386
2026-08-06 10:54:07.995,14.483333,182,29,0.007577,1.6013,-0.51,0,0,0,60.0346,218.780,0.08611,1,1,0,0,0,0.007268,0.000185,0.000876,0.000142,0.001236,0.000057,0.000578,0.000049,0.000645,0.000030,0.000669,0.000091,0.000435,0.000103,0.000589,0.51,19.74,26.57,-0.53,75.43,-139.18,137.26,134.71,160.68,0.59,-147.35,-173.46,-46.45,128.12,-16.80,218.1011,4.8831,4.8503,3.6666,14.5674,2.1913,1.4482,0.7588,3.5764,0.5696,6.0638,0.8107,2.1166,0.7032,4.1386
2026-08-06 10:54:08.248,14.500000,183,0,0.007518,1.5837,-0.88,0,0,0,60.0269,218.769,0.08623,1,1,0,0,0,0.007187,0.000217,0.000909,0.000068,0.001253,0.000018,0.000609,0.000114,0.000628,0.000076,0.000736,0.000065,0.000389,0.000035,0.000615,0.88,-12.81,24.70,21.81,77.34,-169.57,130.41,132.98,159.55,135.01,-147.00,164.56,-61.85,116.84,-15.99,218.0878,4.8972,4.8852,3.7101,14.5579,2.1928,1.4808,0.7516,3.5840,0.5925,6.0489,0.7967,2.1252,0.6826,4.1931
2026-08-06 10:54:08.248,14.516667,183,1,0.007634,1.6117,-0.89,0,0,0,60.0269,218.769,0.08623,1,1,0,0,0,0.007311,0.000219,0.000881,0.000169,0.001223,0.000023,0.000626,0.000084,0.000590,0.000026,0.000702,0.000022,0.000384,0.000011,0.000636,0.89,-24.22,22.02,26.28,75.61,-61.56,135.18,9.39,164.06,96.49,-147.20,137.53,-52.87,67.31,-12.21,218.0878,4.8972,4.8852,3.7101,14.5579,2.1928,1.4808,0.7516,3.5840,0.5925,6.0489,0.7967,2.1252,0.6826,4.1931
2026-08-06 10:54:08.248,14.533333,183,2,0.007520,1.5837,-0.26,0,0,0,60.0269,218.769,0.08623,1,1,0,0,0,0.007186,0.000181,0.000951,0.000111,0.001197,0.000034,0.000594,0.000112,0.000638,0.000031,0.000778,0.000025,0.000462,0.000090,0.000638,0.26,-10.99,22.87,15.26,78.81,-176.11,137.98,-178.28,162.30,171.76,-145.02,150.24,-65.13,-173.68,-23.49,218.0878,4.8972,4.8852,3.7101,14.5579,2.1928,1.4808,0.7516,3.5840,0.5925,6.0489,0.7967,2.1252,0.6826,4.1931
2026-08-06 10:54:08.248,14.550000,183,3,0.007787,1.6301,-4.42,0,0,0,60.0269,218.769,0.08623,1,1,0,0,0,0.007427,0.000293,0.000402,0.000396,0.001135,0.000368,0.001045,0.000526,0.000868,0.000305,0.000437,0.000335,0.000342,0.000236,0.000777,4.42,108.26,40.24,-90.01,58.54,31.49,121.19,164.66,-170.00,-62.71,-122.07,128.30,-94.75,-127.19,-24.43,218.0878,4.8972,4.8852,3.7101,14.5579,2.1928,1.4808,0.7516,3.5840,0.5925,6.0489,0.7967,2.1252,0.6826,4.1931
2026-08-06 10:54:08.248,14.566667,183,4,0.007588,1.6009,-0.86,0,0,0,60.0269,218.769,0.08623,1,1,0,0,0,0.007260,0.000204,0.000954,0.000119,0.001206,0.000011,0.000641,0.000031,0.000622,0.000054,0.000687,0.000055,0.000383,0.000043,0.000669,0.86,-5.76,21.36,22.37,75.12,55.43,137.63,61.53,162.19,84.11,-143.11,76.35,-51.92,-47.15,-15.76,218.0878,4.8972,4.8852,3.7101,14.5579,2.1928,1.4808,0.7516,3.5840,0.5925,6.0489,0.7967,2.1252,0.6826,4.1931
2026-08-06 10:54:08.248,14.583333,183,5,0.007697,1.6241,-0.92,0,0,0,60.0269,218.769,0.08623,1,1,0,0,0,0.007367,0.000247,0.001046,0.000131,0.001256,0.000227,0.000663,0.000339,0.000493,0.000229,0.000578,0.000092,0.000457,0.000288,0.000511,0.92,16.81,34.74,110.28,81.82,176.31,150.36,-148.95,-179.47,-55.47,-133.67,37.96,-31.54,103.38,17.40,218.0878,4.8972,4.8852,3.7101,14.5579,2.1928,1.4808,0.7516,3.5840,0.5925,6.0489,0.7967,2.1252,0.6826,4.1931
2026-08-06 10:54:08.248,14.600000,183,6,0.007577,1.6000,-0.99,0,0,0,60.0269,218.769,0.08623,1,1,0,0,0,0.007258,0.000198,0.000904,0.000135,0.001262,0.000020,0.000596,0.000062,0.000606,0.000099,0.000707,0.000086,0.000365,0.000070,0.000637,0.99,-2.69,23.29,10.77,75.20,155.46,133.56,90.82,153.76,129.93,-150.29,162.29,-63.25,113.61,-14.64,218.0878,4.8972,4.8852,3.7101,14.5579,2.1928,1.4808,0.7516,3.5840,0.5925,6.0489,0.7967,2.1252,0.6826,4.1931
2026-08-06 10:54:08.248,14.616667,183,7,0.007577,1.5991,-1.02,0,0,0,60.0269,218.769,0.08623,1,1,0,0,0,0.007257,0.000187,0.000950,0.000144,0.001187,0.000015,0.000616,0.000020,0.000668,0.000004,0.000762,0.000058,0.000385,0.000054,0.000632,1.02,2.61,25.14,20.78,77.64,99.48,137.09,-4.37,162.83,106.42,-148.40,100.31,-51.73,-18.46,-16.01,218.0878,4.8972,4.8852,3.7101,14.5579,2.1928,1.4808,0.7516,3.5840,0.5925,6.0489,0.7967,2.1252,0.6826,4.1931
2026-08-06 10:54:08.248,14.633333,183,8,0.007550,1.5930,-0.78,0,0,0,60.0269,218.769,0.08623,1,1,0,0,0,0.007232,0.000188,0.000949,0.000080,0.001197,0.000010,0.000635,0.000083,0.000632,0.000035,0.000699,0.000070,0.000386,0.000076,0.000625,0.78,-5.77,22.68,12.79,76.33,-138.34,135.07,169.36,151.35,167.62,-147.47,-156.27,-53.39,140.02,-13.54,218.0878,4.8972,4.8852,3.7101,14.5579,2.1928,1.4808,0.7516,3.5840,0.5925,6.0489,0.7967,2.1252,0.6826,4.1931
2026-08-06 10:54:08.248,14.650000,183,9,0.008170,1.6806,-1.88,0,0,0,60.0269,218.769,0.08623,1,1,0,0,0,0.007612,0.000531,0.001247,0.000434,0.001562,0.000338,0.000943,0.000377,0.000935,0.000467,0.000954,0.000375,0.000478,0.000257,0.000681,1.88,10.94,29.35,45.96,75.28,82.89,121.96,111.81,146.70,154.23,-155.37,-176.28,-94.22,-135.89,-30.56,218.0878,4.8972,4.8852,3.7101,14.5579,2.1928,1.4808,0.7516,3.5840,0.5925,6.0489,0.7967,2.1252,0.6826,4.1931
2026-08-06 10:54:08.248,14.666667,183,10,0.007542,1.5924,-0.33,0,0,0,60.0269,218.769,0.08623,1,1,0,0,0,0.007221,0.000137,0.000941,0.000071,0.001267,0.000054,0.000622,0.000037,0.000657,0.000033,0.000773,0.000027,0.000403,0.000060,0.000572,0.33,-5.30,20.82,6.06,77.78,69.05,135.56,136.69,162.29,178.14,-147.73,91.62,-55.44,119.97,-16.32,218.0878,4.8972,4.8852,3.7101,14.5579,2.1928,1.4808,0.7516,3.5840,0.5925,6.0489,0.7967,2.1252,0.6826,4.1931
2026-08-06 10:54:08.248,14.683333,183,11,0.007554,1.5911,-0.99,0,0,0,60.0269,218.769,0.08623,1,1,0,0,0,0.007220,0.000187,0.000943,0.000186,0.001241,0.000051,0.000637,0.000091,0.000584,0.000136,0.000721,0.000114,0.000461,0.000038,0.000691,0.99,-26.71,22.29,-9.64,75.59,33.12,132.33,70.06,150.72,160.66,-145.52,-165.93,-59.11,-49.02,-17.27,218.0878,4.8972,4.8852,3.7101,14.5579,2.1928,1.4808,0.7516,3.5840,0.5925,6.0489,0.7967,2.1252,0.6826,4.1931
2026-08-06 10:54:08.248,14.700000,183,12,0.007594,1.6027,-0.81,0,0,0,60.0269,218.769,0.08623,1,1,0,0,0,0.007275,0.000177,0.000855,0.000135,0.001184,0.000052,0.000707,0.000043,0.000671,0.000046,0.000741,0.000014,0.000324,0.000029,0.000603,0.81,-25.86,23.36,48.42,73.31,94.76,136.00,-13.76,159.53,111.00,-148.44,-43.47,-67.09,57.39,-11.07,218.0878,4.8972,4.8852,3.7101,14.5579,2.1928,1.4808,0.7516,3.5840,0.5925,6.0489,0.7967,2.1252,0.6826,4.1931
2026-08-06 10:54:08.248,14.716667,183,13,0.007659,1.6005,0.24,0,0,0,60.0269,218.769,0.08623,1,1,0,0,0,0.007272,0.000112,0.000904,0.000253,0.001191,0.000202,0.000758,0.000292,0.000433,0.000242,0.001041,0.000349,0.000296,0.000238,0.000832,-0.24,-85.90,35.31,31.64,69.92,-107.81,144.67,113.20,132.72,-73.58,-142.22,155.92,-12.32,25.47,-30.71,218.0878,4.8972,4.8852,3.7101,14.5579,2.1928,1.4808,0.7516,3.5840,0.5925,6.0489,0.7967,2.1252,0.6826,4.1931
2026-08-06 10:54:08.248,14.733333,183,14,0.007627,1.6083,-1.04,0,0,0,60.0269,218.769,0.08623,1,1,0,0,0,0.007295,0.000208,0.000964,0.000139,0.001224,0.000018,0.000654,0.000071,0.000609,0.000103,0.000729,0.000074,0.000376,0.000045,0.000632,1.04,-3.79,22.51,3.13,74.11,64.80,138.76,65.52,156.31,106.60,-146.07,-160.92,-61.46,-132.75,-7.85,218.0878,4.8972,4.8852,3.7101,14.5579,2.1928,1.4808,0.7516,3.5840,0.5925,6.0489,0.7967,2.1252,0.6826,4.1931
2026-08-06 10:54:08.248,14.750000,183,15,0.007589,1.6011,-0.18,0,0,0,60.0269,218.769,0.08623,1,1,0,0,0,0.007259,0.000170,0.001013,0.000137,0.001241,0.000069,0.000617,0.000044,0.000540,0.000045,0.000733,0.000050,0.000465,0.000079,0.000575,0.18,-13.75,23.06,-5.66,75.13,-11.48,134.68,95.59,161.96,142.24,-140.70,154.89,-57.44,-94.96,-19.40,218.0878,4.8972,4.8852,3.7101,14.5579,2.1928,1.4808,0.7516,3.5840,0.5925,6.0489,0.7967,2.1252,0.6826,4.1931
2026-08-06 10:54:08.248,14.766667,183,16,0.007680,1.6149,-0.20,0,0,0,60.0269,218.769,0.08623,1,1,0,0,0,0.007345,0.000212,0.000896,0.000061,0.001140,0.000144,0.000800,0.000225,0.000690,0.000229,0.000578,0.000179,0.000570,0.000194,0.000666,0.20,-41.04,14.21,-79.88,83.41,162.48,135.86,98.56,139.63,37.27,-141.67,-25.73,-53.89,-76.42,-29.63,218.0878,4.8972,4.8852,3.7101,14.5579,2.1928,1.4808,0.7516,3.5840,0.5925,6.0489,0.7967,2.1252,0.6826,4.1931
2026-08-06 10:54:08.248,14.783333,183,17,0.007561,1.5944,-0.98,0,0,0,60.0269,218.769,0.08623,1,1,0,0,0,0.007236,0.000159,0.000926,0.000106,0.001236,0.000014,0.000609,0.000004,0.000575,0.000110,0.000763,0.000088,0.000446,0.000027,0.000672,0.98,-18.44,23.17,6.22,77.74,-66.81,133.60,79.56,158.30,161.27,-145.66,144.58,-59.47,117.75,-20.64,218.0878,4.8972,4.8852,3.7101,14.5579,2.1928,1.4808,0.7516,3.5840,0.5925,6.0489,0.7967,2.1252,0.6826,4.1931
2026-08-06 10:54:08.248,14.800000,183,18,0.007542,1.5881,-0.99,0,0,0,60.0269,218.769,0.08623,1,1,0,0,0,0.007204,0.000149,0.000968,0.000179,0.001227,0.000091,0.000652,0.000034,0.000606,0.000103,0.000680,0.000131,0.000404,0.000045,0.000579,0.99,-13.65,22.14,29.09,76.61,49.42,135.93,98.26,163.68,-47.29,-138.69,-13.67,-43.11,136.69,-10.25,218.0878,4.8972,4.8852,3.7101,14.5579,2.1928,1.4808,0.7516,3.5840,0.5925,6.0489,0.7967,2.1252,0.6826,4.1931
2026-08-06 10:54:08.248,14.816667,183,19,0.007578,1.6004,-1.16,0,0,0,60.0269,218.769,0.08623,1,1,0,0,0,0.007262,0.000198,0.000924,0.000106,0.001220,0.000018,0.000641,0.000110,0.000581,0.000112,0.000735,0.000049,0.000431,0.000022,0.000631,1.16,2.69,24.08,21.18,77.73,-91.18,141.36,84.43,154.32,129.41,-145.63,-167.69,-71.21,123.06,-13.32,218.0878,4.8972,4.8852,3.7101,14.5579,2.1928,1.4808,0.7516,3.5840,0.5925,6.0489,0.7967,2.1252,0.6826,4.1931
2026-08-06 10:54:08.248,14.833333,183,20,0.007581,1.5914,-1.42,0,0,0,60.0269,218.769,0.08623,1,1,0,0,0,0.007217,0.000291,0.000987,0.000086,0.001308,0.000143,0.000513,0.000031,0.000576,0.000139,0.000677,0.000164,0.000496,0.000145,0.000783,1.42,-51.88,24.23,-44.80,70.52,169.27,129.22,70.33,155.97,156.76,-140.89,148.26,-50.83,138.47,-24.46,218.0878,4.8972,4.8852,3.7101,14.5579,2.1928,1.4808,0.7516,3.5840,0.5925,6.0489,0.7967,2.1252,0.6826,4.1931
2026-08-06 10:54:08.248,14.850000,183,21,0.007508,1.5829,-0.53,0,0,0,60.0269,218.769,0.08623,1,1,0,0,0,0.007184,0.000158,0.000817,0.000112,0.001233,0.000054,0.000649,0.000102,0.000663,0.000009,0.000754,0.000050,0.000448,0.000046,0.000673,0.53,9.67,23.61,7.74,78.54,56.83,140.83,132.29,166.81,125.19,-148.39,86.88,-69.77,164.53,-17.52,218.0878,4.8972,4.8852,3.7101,14.5579,2.1928,1.4808,0.7516,3.5840,0.5925,6.0489,0.7967,2.1252,0.6826,4.1931
2026-08-06 10:54:08.248,14.866667,183,22,0.007591,1.5948,0.86,0,0,0,60.0269,218.769,0.08623,1,1,0,0,0,0.007244,0.000077,0.001082,0.000254,0.001117,0.000130,0.000648,0.000062,0.000617,0.000112,0.000783,0.000130,0.000447,0.000121,0.000457,-0.86,66.88,29.91,-26.79,79.29,117.90,127.19,73.51,158.53,135.74,-148.68,133.27,-51.84,-91.63,-9.99,218.0878,4.8972,4.8852,3.7101,14.5579,2.1928,1.4808,0.7516,3.5840,0.5925,6.0489,0.7967,2.1252,0.6826,4.1931
2026-08-06 10:54:08.248,14.883333,183,23,0.007593,1.6030,-0.16,0,0,0,60.0269,218.769,0.08623,1,1,0,0,0,0.007274,0.000179,0.000936,0.000115,0.001213,0.000041,0.000606,0.000004,0.000631,0.000010,0.000725,0.000068,0.000433,0.000047,0.000642,0.16,-4.02,21.98,-7.61,77.48,42.14,136.74,-153.25,157.71,122.71,-148.79,119.22,-52.10,-79.31,-20.87,218.0878,4.8972,4.8852,3.7101,14.5579,2.1928,1.4808,0.7516,3.5840,0.5925,6.0489,0.7967,2.1252,0.6826,4.1931
2026-08-06 10:54:08.248,14.900000,183,24,0.007580,1.5960,-1.45,0,0,0,60.0269,218.769,0.08623,1,1,0,0,0,0.007244,0.000194,0.000988,0.000096,0.001253,0.000109,0.000685,0.000090,0.000638,0.000090,0.000752,0.000054,0.000431,0.000082,0.000556,1.45,-7.44,20.01,-9.31,78.76,105.74,131.14,136.84,156.64,153.67,-150.43,144.09,-54.59,149.93,-18.84,218.0878,4.8972,4.8852,3.7101,14.5579,2.1928,1.4808,0.7516,3.5840,0.5925,6.0489,0.7967,2.1252,0.6826,4.1931
2026-08-06 10:54:08.248,14.916667,183,25,0.007566,1.5868,0.33,0,0,0,60.0269,218.769,0.08623,1,1,0,0,0,0.007179,0.000238,0.000944,0.000082,0.001325,0.000173,0.000814,0.000240,0.000809,0.000298,0.000764,0.000326,0.000368,0.000222,0.000445,-0.33,10.85,12.75,98.22,72.11,-111.78,134.47,-9.95,169.46,86.69,-127.28,163.84,-17.89,-89.65,-0.62,218.0878,4.8972,4.8852,3.7101,14.5579,2.1928,1.4808,0.7516,3.5840,0.5925,6.0489,0.7967,2.1252,0.6826,4.1931
2026-08-06 10:54:08.248,14.933333,183,26,0.007583,1.6008,-1.14,0,0,0,60.0269,218.769,0.08623,1,1,0,0,0,0.007265,0.000168,0.000930,0.000104,0.001185,0.000096,0.000622,0.000051,0.000644,0.000007,0.000729,0.000039,0.000445,0.000020,0.000598,1.14,-17.61,24.41,-5.34,73.73,-110.04,133.08,-155.54,159.48,83.48,-144.54,-90.95,-62.31,171.66,-21.67,218.0878,4.8972,4.8852,3.7101,14.5579,2.1928,1.4808,0.7516,3.5840,0.5925,6.0489,0.7967,2.1252,0.6826,4.1931
2026-08-06 10:54:08.248,14.950000,183,27,0.007564,1.5956,-0.54,0,0,0,60.0269,218.769,0.08623,1,1,0,0,0,0.007241,0.000172,0.000923,0.000111,0.001244,0.000040,0.000656,0.000082,0.000642,0.000022,0.000709,0.000049,0.000405,0.000071,0.000635,0.54,-15.79,22.54,35.97,77.17,105.49,138.42,126.21,155.01,169.52,-147.17,-170.48,-62.37,133.01,-13.13,218.0878,4.8972,4.8852,3.7101,14.5579,2.1928,1.4808,0.7516,3.5840,0.5925,6.0489,0.7967,2.1252,0.6826,4.1931
2026-08-06 10:54:08.248,14.966667,183,28,0.007536,1.5853,-0.53,0,0,0,60.0269,218.769,0.08623,1,1,0,0,0,0.007179,0.000221,0.000881,0.000097,0.001250,0.000091,0.000755,0.000204,0.000758,0.000218,0.000765,0.000212,0.000337,0.000200,0.000468,0.53,-4.20,18.75,80.05,72.40,-97.32,132.75,-19.62,172.06,89.92,-130.37,175.20,-25.33,-58.58,-12.10,218.0878,4.8972,4.8852,3.7101,14.5579,2.1928,1.4808,0.7516,3.5840,0.5925,6.0489,0.7967,2.1252,0.6826,4.1931
2026-08-06 10:54:08.248,14.983333,183,29,0.007500,1.5825,-0.90,0,0,0,60.0269,218.769,0.08623,1,1,0,0,0,0.007179,0.000179,0.000938,0.000039,0.001222,0.000032,0.000617,0.000118,0.000603,0.000055,0.000698,0.000018,0.000445,0.000089,0.000606,0.90,-5.97,26.16,22.75,76.17,-165.75,139.20,154.85,159.01,142.64,-140.17,179.27,-67.97,127.68,-15.65,218.0878,4.8972,4.8852,3.7101,14.5579,2.1928,1.4808,0.7516,3.5840,0.5925,6.0489,0.7967,2.1252,0.6826,4.1931
2026-08-06 10:54:08.460,15.000000,184,0,0.007909,1.6373,-1.09,0,0,0,60.0307,218.665,0.08613,1,1,0,0,0,0.007421,0.000251,0.001121,0.000171,0.001408,0.000214,0.000787,0.000212,0.000772,0.000301,0.000885,0.000227,0.000614,0.000270,0.000858,1.09,23.96,26.57,58.34,79.28,130.80,137.72,170.11,165.55,-131.99,-137.24,-76.83,-44.74,-26.44,5.11,217.9854,4.8780,4.8597,3.7094,14.5765,2.1808,1.4431,0.7498,3.5641,0.5823,6.0377,0.8163,2.1065,0.6891,4.1036
2026-08-06 10:54:08.460,15.016667,184,1,0.007520,1.5879,-0.73,0,0,0,60.0307,218.665,0.08613,1,1,0,0,0,0.007206,0.000184,0.000976,0.000097,0.001215,0.000054,0.000611,0.000058,0.000522,0.000069,0.000755,0.000037,0.000445,0.000038,0.000554,0.73,-19.43,23.37,28.44,77.72,36.80,136.16,-170.79,158.22,96.20,-145.97,135.27,-50.96,-2.92,-14.35,217.9854,4.8780,4.8597,3.7094,14.5765,2.1808,1.4431,0.7498,3.5641,0.5823,6.0377,0.8163,2.1065,0.6891,4.1036
2026-08-06 10:54:08.460,15.033333,184,2,0.007559,1.5939,-0.34,0,0,0,60.0307,218.665,0.08613,1,1,0,0,0,0.007228,0.000184,0.000974,0.000121,0.001266,0.000014,0.000639,0.000107,0.000651,0.000010,0.000749,0.000046,0.000377,0.000117,0.000594,0.34,-11.17,22.38,38.06,77.59,-150.66,141.32,143.79,158.25,171.86,-147.31,-178.06,-69.02,143.93,-15.43,217.9854,4.8780,4.8597,3.7094,14.5765,2.1808,1.4431,0.7498,3.5641,0.5823,6.0377,0.8163,2.1065,0.6891,4.1036
2026-08-06 10:54:08.460,15.050000,184,3,0.007609,1.6048,-1.07,0,0,0,60.0307,218.665,0.08613,1,1,0,0,0,0.007284,0.000215,0.000927,0.000126,0.001238,0.000016,0.000661,0.000069,0.000609,0.000084,0.000705,0.000103,0.000375,0.000056,0.000645,1.07,-12.38,22.51,13.39,75.53,-147.54,135.02,19.61,161.06,130.38,-145.91,142.40,-62.89,91.70,-15.50,217.9854,4.8780,4.8597,3.7094,14.5765,2.1808,1.4431,0.7498,3.5641,0.5823,6.0377,0.8163,2.1065,0.6891,4.1036
2026-08-06 10:54:08.460,15.066667,184,4,0.007576,1.5954,-0.50,0,0,0,60.0307,218.665,0.08613,1,1,0,0,0,0.007240,0.000133,0.000964,0.000077,0.001230,0.000068,0.000621,0.000043,0.000575,0.000133,0.000739,0.000081,0.000388,0.000156,0.000744,0.50,-12.64,23.30,28.89,75.35,61.32,133.64,-173.48,154.59,150.17,-140.83,112.11,-51.12,-153.20,-10.70,217.9854,4.8780,4.8597,3.7094,14.5765,2.1808,1.4431,0.7498,3.5641,0.5823,6.0377,0.8163,2.1065,0.6891,4.1036
2026-08-06 10:54:08.460,15.083333,184,5,0.007570,1.5934,-0.92,0,0,0,60.0307,218.665,0.08613,1,1,0,0,0,0.007227,0.000211,0.000964,0.000078,0.001292,0.000045,0.000607,0.000122,0.000570,0.000137,0.000699,0.000144,0.000505,0.000172,0.000689,0.92,-27.11,24.31,25.12,74.52,155.98,133.55,143.30,152.23,146.43,-143.15,123.95,-68.29,101.55,-16.64,217.9854,4.8780,4.8597,3.7094,14.5765,2.1808,1.4431,0.7498,3.5641,0.5823,6.0377,0.8163,2.1065,0.6891,4.1036
2026-08-06 10:54:08.460,15.100000,184,6,0.007637,1.6029,-1.16,0,0,0,60.0307,218.665,0.08613,1,1,0,0,0,0.007276,0.000194,0.001095,0.000054,0.001263,0.000149,0.000544,0.000080,0.000699,0.000129,0.000579,0.000210,0.000511,0.000222,0.000729,1.16,-49.26,23.11,-164.12,69.43,104.89,143.77,24.57,150.15,-96.99,-159.19,-160.53,-37.16,152.49,-22.93,217.9854,4.8780,4.8597,3.7094,14.5765,2.1808,1.4431,0.7498,3.5641,0.5823,6.0377,0.8163,2.1065,0.6891,4.1036
2026-08-06 10:54:08.460,15.116667,184,7,0.007540,1.5904,-0.66,0,0,0,60.0307,218.665,0.08613,1,1,0,0,0,0.007220,0.000179,0.000904,0.000083,0.001249,0.000040,0.000621,0.000072,0.000607,0.000060,0.000764,0.000032,0.000397,0.000057,0.000596,0.66,-13.61,24.36,33.18,77.44,-155.70,133.30,132.42,156.33,138.09,-146.23,158.40,-63.24,64.69,-15.48,217.9854,4.8780,4.8597,3.7094,14.5765,2.1808,1.4431,0.7498,3.5641,0.5823,6.0377,0.8163,2.1065,0.6891,4.1036
2026-08-06 10:54:08.460,15.133333,184,8,0.007568,1.5962,-1.11,0,0,0,60.0307,218.665,0.08613,1,1,0,0,0,0.007241,0.000194,0.000929,0.000102,0.001296,0.000015,0.000618,0.000082,0.000559,0.000128,0.000722,0.000067,0.000421,0.000014,0.000594,1.11,-14.22,22.02,7.73,77.22,143.15,136.54,75.70,155.59,132.79,-148.97,134.06,-61.80,4.74,-12.63,217.9854,4.8780,4.8597,3.7094,14.5765,2.1808,1.4431,0.7498,3.5641,0.5823,6.0377,0.8163,2.1065,0.6891,4.1036
2026-08-06 10:54:08.460,15.150000,184,9,0.007515,1.5860,-0.83,0,0,0,60.0307,218.665,0.08613,1,1,0,0,0,0.007201,0.000185,0.000874,0.000085,0.001216,0.000056,0.000664,0.000021,0.000645,0.000115,0.000748,0.000044,0.000377,0.000047,0.000538,0.83,-28.48,21.73,9.86,77.71,-172.88,139.35,-164.97,160.59,103.70,-145.94,148.91,-55.94,56.26,-18.01,217.9854,4.8780,4.8597,3.7094,14.5765,2.1808,1.4431,0.7498,3.5641,0.5823,6.0377,0.8163,2.1065,0.6891,4.1036
2026-08-06 10:54:08.460,15.166667,184,10,0.007536,1.5718,-2.38,0,0,0,60.0307,218.665,0.08613,1,1,0,0,0,0.007148,0.000146,0.001024,0.000202,0.001234,0.000184,0.000654,0.000300,0.000540,0.000235,0.000911,0.000272,0.000385,0.000259,0.000695,2.38,-65.03,16.75,52.63,82.25,-57.56,116.91,155.42,-178.97,47.43,-158.47,-80.95,-21.43,140.87,-30.35,217.9854,4.8780,4.8597,3.7094,14.5765,2.1808,1.4431,0.7498,3.5641,0.5823,6.0377,0.8163,2.1065,0.6891,4.1036
2026-08-06 10:54:08.460,15.183333,184,11,0.007550,1.5900,-0.75,0,0,0,60.0307,218.665,0.08613,1,1,0,0,0,0.007219,0.000193,0.000894,0.000108,0.001232,0.000027,0.000696,0.000080,0.000644,0.000070,0.000738,0.000034,0.000369,0.000037,0.000631,0.75,-9.91,23.15,27.63,76.64,171.96,139.67,69.83,158.37,126.71,-148.18,127.46,-63.99,-139.23,-12.54,217.9854,4.8780,4.8597,3.7094,14.5765,2.1808,1.4431,0.7498,3.5641,0.5823,6.0377,0.8163,2.1065,0.6891,4.1036
2026-08-06 10:54:08.460,15.200000,184,12,0.007553,1.5931,-0.68,0,0,0,60.0307,218.665,0.08613,1,1,0,0,0,0.007235,0.000197,0.000920,0.000185,0.001182,0.000055,0.000576,0.000087,0.000692,0.000085,0.000707,0.000048,0.000344,0.000092,0.000681,0.68,16.96,23.42,20.66,77.33,-85.43,135.56,173.23,162.61,44.83,-148.07,14.56,-48.10,-115.78,-15.06,217.9854,4.8780,4.8597,3.7094,14.5765,2.1808,1.4431,0.7498,3.5641,0.5823,6.0377,0.8163,2.1065,0.6891,4.1036
2026-08-06 10:54:08.460,15.216667,184,13,0.007569,1.5984,-0.81,0,0,0,60.0307,218.665,0.08613,1,1,0,0,0,0.007254,0.000193,0.000882,0.000114,0.001274,0.000036,0.000613,0.000077,0.000619,0.000077,0.000750,0.000091,0.000399,0.000010,0.000586,0.81,-20.09,25.02,31.45,75.40,-168.33,133.25,127.26,157.58,136.10,-150.11,-173.13,-64.62,111.21,-16.13,217.9854,4.8780,4.8597,3.7094,14.5765,2.1808,1.4431,0.7498,3.5641,0.5823,6.0377,0.8163,2.1065,0.6891,4.1036
2026-08-06 10:54:08.460,15.233333,184,14,0.007662,1.6120,0.17,0,0,0,60.0307,218.665,0.08613,1,1,0,0,0,0.007305,0.000190,0.000794,0.000247,0.001303,0.000184,0.000650,0.000264,0.000720,0.000257,0.000684,0.000232,0.000452,0.000302,0.000657,-0.17,-75.58,29.67,47.40,68.16,-62.16,159.86,160.02,144.01,48.56,-125.06,-118.23,-96.28,133.95,1.36,217.9854,4.8780,4.8597,3.7094,14.5765,2.1808,1.4431,0.7498,3.5641,0.5823,6.0377,0.8163,2.1065,0.6891,4.1036
2026-08-06 10:54:08.460,15.250000,184,15,0.007542,1.5875,-0.51,0,0,0,60.0307,218.665,0.08613,1,1,0,0,0,0.007212,0.000174,0.000926,0.000059,0.001209,0.000024,0.000684,0.000068,0.000692,0.000019,0.000753,0.000024,0.000390,0.000087,0.000630,0.51,-28.43,25.79,38.38,82.21,-137.11,141.94,-176.70,161.47,-44.99,-147.07,90.56,-63.32,-148.36,-15.84,217.9854,4.8780,4.8597,3.7094,14.5765,2.1808,1.4431,0.7498,3.5641,0.5823,6.0377,0.8163,2.1065,0.6891,4.1036
2026-08-06 10:54:08.460,15.266667,184,16,0.007611,1.6030,-1.42,0,0,0,60.0307,218.665,0.08613,1,1,0,0,0,0.007278,0.000154,0.000850,0.000152,0.001233,0.000060,0.000695,0.000095,0.000625,0.000028,0.000610,0.000186,0.000299,0.000142,0.000824,1.42,11.24,21.06,8.12,73.57,51.84,134.72,123.50,162.05,-75.33,-150.33,125.77,-91.66,-120.51,-23.08,217.9854,4.8780,4.8597,3.7094,14.5765,2.1808,1.4431,0.7498,3.5641,0.5823,6.0377,0.8163,2.1065,0.6891,4.1036
2026-08-06 10:54:08.460,15.283333,184,17,0.007524,1.5907,-1.12,0,0,0,60.0307,218.665,0.08613,1,1,0,0,0,0.007220,0.000246,0.000891,0.000117,0.001191,0.000021,0.000592,0.000026,0.000647,0.000052,0.000714,0.000022,0.000362,0.000038,0.000647,1.12,-11.41,20.84,6.83,76.52,16.16,139.48,-168.81,161.83,92.68,-145.81,167.75,-63.87,67.88,-15.54,217.9854,4.8780,4.8597,3.7094,14.5765,2.1808,1.4431,0.7498,3.5641,0.5823,6.0377,0.8163,2.1065,0.6891,4.1036
2026-08-06 10:54:08.460,15.300000,184,18,0.007566,1.5969,-0.62,0,0,0,60.0307,218.665,0.08613,1,1,0,0,0,0.007252,0.000256,0.000968,0.000132,0.001164,0.000041,0.000613,0.000087,0.000670,0.000077,0.000744,0.000055,0.000347,0.000103,0.000593,0.62,-24.11,25.87,36.89,78.45,-38.95,133.64,125.00,158.05,-134.03,-145.49,-75.70,-57.69,-175.08,-19.49,217.9854,4.8780,4.8597,3.7094,14.5765,2.1808,1.4431,0.7498,3.5641,0.5823,6.0377,0.8163,2.1065,0.6891,4.1036
2026-08-06 10:54:08.460,15.316667,184,19,0.007566,1.5881,-0.50,0,0,0,60.0307,218.665,0.08613,1,1,0,0,0,0.007209,0.000191,0.000930,0.000124,0.001265,0.000065,0.000705,0.000056,0.000627,0.000063,0.000756,0.000012,0.000349,0.000141,0.000801,0.50,-13.91,23.51,3.59,77.99,83.45,139.19,10.70,154.64,111.49,-151.29,-106.95,-48.90,-149.57,-16.04,217.9854,4.8780,4.8597,3.7094,14.5765,2.1808,1.4431,0.7498,3.5641,0.5823,6.0377,0.8163,2.1065,0.6891,4.1036
2026-08-06 10:54:08.460,15.333333,184,20,0.007555,1.5974,-0.87,0,0,0,60.0307,218.665,0.08613,1,1,0,0,0,0.007254,0.000105,0.000892,0.000078,0.001201,0.000057,0.000577,0.000062,0.000555,0.000050,0.000733,0.000075,0.000419,0.000015,0.000597,0.87,-28.04,19.81,36.51,77.52,83.33,137.83,160.92,161.39,133.70,-143.61,134.94,-53.22,-55.91,-20.77,217.9854,4.8780,4.8597,3.7094,14.5765,2.1808,1.4431,0.7498,3.5641,0.5823,6.0377,0.8163,2.1065,0.6891,4.1036
2026-08-06 10:54:08.460,15.350000,184,21,0.007634,1.5958,-3.85,0,0,0,60.0307,218.665,0.08613,1,1,0,0,0,0.007262,0.000183,0.000906,0.000329,0.001328,0.000180,0.000517,0.000115,0.000684,0.000113,0.000801,0.000194,0.000586,0.000243,0.000446,3.85,-165.37,8.18,29.18,84.43,-132.67,132.88,82.93,151.63,139.61,-151.91,-151.11,-54.62,86.92,-10.99,217.9854,4.8780,4.8597,3.7094,14.5765,2.1808,1.4431,0.7498,3.5641,0.5823,6.0377,0.8163,2.1065,0.6891,4.1036
2026-08-06 10:54:08.460,15.366667,184,22,0.007629,1.6118,-1.35,0,0,0,60.0307,218.665,0.08613,1,1,0,0,0,0.007320,0.000275,0.000934,0.000185,0.001183,0.000024,0.000646,0.000031,0.000617,0.000067,0.000720,0.000029,0.000381,0.000082,0.000634,1.35,-25.09,21.25,13.19,78.38,-108.17,136.07,179.38,164.33,119.54,-150.89,137.96,-57.84,79.14,-17.52,217.9854,4.8780,4.8597,3.7094,14.5765,2.1808,1.4431,0.7498,3.5641,0.5823,6.0377,0.8163,2.1065,0.6891,4.1036
2026-08-06 10:54:08.460,15.383333,184,23,0.007850,1.6407,2.43,0,0,0,60.0307,218.665,0.08613,1,1,0,0,0,0.007446,0.000456,0.000640,0.000444,0.001531,0.000420,0.000599,0.000333,0.000941,0.000295,0.000639,0.000228,0.000435,0.000143,0.000649,-2.43,-116.53,51.17,80.46,67.68,-32.70,172.45,-174.01,145.12,57.23,-133.45,-86.43,-84.53,150.26,-4.23,217.9854,4.8780,4.8597,3.7094,14.5765,2.1808,1.4431,0.7498,3.5641,0.5823,6.0377,0.8163,2.1065,0.6891,4.1036
2026-08-06 10:54:08.460,15.400000,184,24,0.007477,1.5775,-0.51,0,0,0,60.0307,218.665,0.08613,1,1,0,0,0,0.007162,0.000142,0.000916,0.000113,0.001212,0.000057,0.000558,0.000082,0.000637,0.000072,0.000716,0.000140,0.000330,0.000079,0.000635,0.51,-31.10,17.47,4.13,74.28,-33.19,129.85,63.59,151.29,98.86,-153.38,157.51,-58.38,148.88,-16.09,217.9854,4.8780,4.8597,3.7094,14.5765,2.1808,1.4431,0.7498,3.5641,0.5823,6.0377,0.8163,2.1065,0.6891,4.1036
2026-08-06 10:54:08.460,15.416667,184,25,0.007607,1.6048,-0.28,0,0,0,60.0307,218.665,0.08613,1,1,0,0,0,0.007285,0.000194,0.000942,0.000119,0.001212,0.000076,0.000626,0.000047,0.000578,0.000034,0.000750,0.000039,0.000445,0.000057,0.000681,0.28,-15.16,23.45,-8.24,75.47,-34.82,139.41,-31.31,161.54,-38.46,-140.77,-117.22,-56.72,-106.54,-24.37,217.9854,4.8780,4.8597,3.7094,14.5765,2.1808,1.4431,0.7498,3.5641,0.5823,6.0377,0.8163,2.1065,0.6891,4.1036
2026-08-06 10:54:08.460,15.433333,184,26,0.007570,1.5931,-0.24,0,0,0,60.0307,218.665,0.08613,1,1,0,0,0,0.007241,0.000155,0.000822,0.000018,0.001215,0.000148,0.000714,0.000159,0.000589,0.000118,0.000673,0.000193,0.000665,0.000202,0.000611,0.24,-39.36,17.18,36.72,80.92,135.00,133.19,106.88,139.68,19.66,-133.75,-56.43,-65.07,-119.34,-35.82,217.9854,4.8780,4.8597,3.7094,14.5765,2.1808,1.4431,0.7498,3.5641,0.5823,6.0377,0.8163,2.1065,0.6891,4.1036
2026-08-06 10:54:08.460,15.450000,184,27,0.007571,1.5935,-1.12,0,0,0,60.0307,218.665,0.08613,1,1,0,0,0,0.007234,0.000180,0.000961,0.000097,0.001232,0.000035,0.000704,0.000086,0.000638,0.000071,0.000751,0.000033,0.000407,0.000026,0.000620,1.12,-13.58,25.45,-6.15,76.09,-159.15,138.32,95.42,155.50,119.39,-150.84,-168.68,-68.14,-134.74,-12.86,217.9854,4.8780,4.8597,3.7094,14.5765,2.1808,1.4431,0.7498,3.5641,0.5823,6.0377,0.8163,2.1065,0.6891,4.1036
2026-08-06 10:54:08.460,15.466667,184,28,0.007539,1.5899,-0.45,0,0,0,60.0307,218.665,0.08613,1,1,0,0,0,0.007221,0.000205,0.000975,0.000097,0.001182,0.000032,0.000663,0.000005,0.000648,0.000048,0.000753,0.000047,0.000395,0.000026,0.000575,0.45,-9.06,19.69,29.38,78.12,36.46,137.17,-35.51,159.53,111.71,-147.75,110.72,-58.18,-103.20,-18.49,217.9854,4.8780,4.8597,3.7094,14.5765,2.1808,1.4431,0.7498,3.5641,0.5823,6.0377,0.8163,2.1065,0.6891,4.1036
2026-08-06 10:54:08.460,15.483333,184,29,0.007757,1.6307,1.53,0,0,0,60.0307,218.665,0.08613,1,1,0,0,0,0.007394,0.000307,0.000694,0.000229,0.001397,0.000182,0.000492,0.000059,0.000661,0.000044,0.000828,0.000217,0.000450,0.000338,0.000481,-1.53,-86.59,28.27,105.98,76.14,1.98,139.39,-165.24,156.03,2.69,-136.84,-124.20,-106.84,152.01,20.06,217.9854,4.8780,4.8597,3.7094,14.5765,2.1808,1.4431,0.7498,3.5641,0.5823,6.0377,0.8163,2.1065,0.6891,4.1036
2026-08-06 10:54:08.708,15.500000,185,0,0.007609,1.6062,-0.92,0,0,0,60.0269,218.687,0.08597,1,1,0,0,0,0.007286,0.000229,0.000914,0.000160,0.001249,0.000068,0.000695,0.000069,0.000621,0.000072,0.000712,0.000070,0.000393,0.000026,0.000603,0.92,-30.40,24.07,12.11,75.11,169.65,139.69,38.94,162.89,87.85,-142.46,87.14,-69.75,37.77,-20.32,218.0114,4.8844,4.8532,3.6981,14.5254,2.1683,1.5173,0.7567,3.6150,0.5822,5.9874,0.7928,2.0452,0.6724,4.1887
2026-08-06 10:54:08.708,15.516667,185,1,0.007524,1.5831,-1.16,0,0,0,60.0269,218.687,0.08597,1,1,0,0,0,0.007177,0.000092,0.000940,0.000158,0.001271,0.000046,0.000552,0.000086,0.000677,0.000193,0.000792,0.000148,0.000355,0.000140,0.000745,1.16,16.55,25.43,28.82,77.48,83.10,142.58,-18.48,160.08,-129.08,-136.15,89.13,-83.44,-103.09,-8.22,218.0114,4.8844,4.8532,3.6981,14.5254,2.1683,1.5173,0.7567,3.6150,0.5822,5.9874,0.7928,2.0452,0.6724,4.1887
2026-08-06 10:54:08.708,15.533333,185,2,0.007557,1.5931,-1.51,0,0,0,60.0269,218.687,0.08597,1,1,0,0,0,0.007235,0.000191,0.000913,0.000072,0.001240,0.000018,0.000582,0.000079,0.000636,0.000097,0.000759,0.000082,0.000367,0.000074,0.000594,1.51,-10.44,21.99,13.21,77.31,68.87,140.43,149.19,156.41,113.42,-142.03,165.77,-58.20,47.08,-14.72,218.0114,4.8844,4.8532,3.6981,14.5254,2.1683,1.5173,0.7567,3.6150,0.5822,5.9874,0.7928,2.0452,0.6724,4.1887
2026-08-06 10:54:08.708,15.550000,185,3,0.007522,1.5892,-0.59,0,0,0,60.0269,218.687,0.08597,1,1,0,0,0,0.007213,0.000195,0.000859,0.000108,0.001222,0.000052,0.000623,0.000042,0.000572,0.000082,0.000768,0.000043,0.000411,0.000003,0.000622,0.59,-21.74,23.40,0.22,77.31,-116.72,140.27,-16.45,163.62,126.88,-144.00,171.10,-61.34,74.67,-17.84,218.0114,4.8844,4.8532,3.6981,14.5254,2.1683,1.5173,0.7567,3.6150,0.5822,5.9874,0.7928,2.0452,0.6724,4.1887
2026-08-06 10:54:08.708,15.566667,185,4,0.007542,1.5900,-0.45,0,0,0,60.0269,218.687,0.08597,1,1,0,0,0,0.007221,0.000192,0.000926,0.000080,0.001187,0.000017,0.000635,0.000088,0.000668,0.000018,0.000752,0.000019,0.000412,0.000069,0.000653,0.45,-4.94,21.42,50.32,77.59,-165.72,139.76,-173.03,158.63,-48.94,-144.92,-123.52,-66.07,-149.01,-16.48,218.0114,4.8844,4.8532,3.6981,14.5254,2.1683,1.5173,0.7567,3.6150,0.5822,5.9874,0.7928,2.0452,0.6724,4.1887
2026-08-06 10:54:08.708,15.583333,185,5,0.007577,1.5961,-1.21,0,0,0,60.0269,218.687,0.08597,1,1,0,0,0,0.007242,0.000174,0.000964,0.000069,0.001285,0.000055,0.000515,0.000138,0.000579,0.000177,0.000697,0.000071,0.000565,0.000167,0.000679,1.21,-18.21,22.84,32.23,76.06,87.87,130.63,171.76,149.85,137.59,-146.75,98.75,-78.60,126.21,-5.03,218.0114,4.8844,4.8532,3.6981,14.5254,2.1683,1.5173,0.7567,3.6150,0.5822,5.9874,0.7928,2.0452,0.6724,4.1887
2026-08-06 10:54:08.708,15.600000,185,6,0.007540,1.5919,-1.10,0,0,0,60.0269,218.687,0.08597,1,1,0,0,0,0.007229,0.000179,0.000882,0.000177,0.001234,0.000042,0.000622,0.000034,0.000591,0.000057,0.000705,0.000075,0.000407,0.000038,0.000647,1.10,-21.28,22.16,9.36,77.89,67.88,135.85,-168.33,156.83,43.25,-146.35,139.43,-51.49,89.09,-13.91,218.0114,4.8844,4.8532,3.6981,14.5254,2.1683,1.5173,0.7567,3.6150,0.5822,5.9874,0.7928,2.0452,0.6724,4.1887
2026-08-06 10:54:08.708,15.616667,185,7,0.007435,1.5671,-1.50,0,0,0,60.0269,218.687,0.08597,1,1,0,0,0,0.007108,0.000336,0.000858,0.000085,0.001249,0.000106,0.000481,0.000288,0.000669,0.000041,0.000720,0.000087,0.000319,0.000132,0.000553,1.50,16.01,9.94,107.87,74.35,98.47,131.77,-169.88,145.62,-94.79,-147.08,-68.04,-79.81,42.66,-26.13,218.0114,4.8844,4.8532,3.6981,14.5254,2.1683,1.5173,0.7567,3.6150,0.5822,5.9874,0.7928,2.0452,0.6724,4.1887
2026-08-06 10:54:08.708,15.633333,185,8,0.007520,1.5839,-0.90,0,0,0,60.0269,218.687,0.08597,1,1,0,0,0,0.007187,0.000180,0.000926,0.000148,0.001271,0.000032,0.000634,0.000053,0.000607,0.000109,0.000725,0.000068,0.000389,0.000031,0.000672,0.90,-13.01,19.90,17.37,75.78,135.17,137.88,58.84,156.25,125.31,-142.76,136.24,-60.27,54.86,-16.47,218.0114,4.8844,4.8532,3.6981,14.5254,2.1683,1.5173,0.7567,3.6150,0.5822,5.9874,0.7928,2.0452,0.6724,4.1887
2026-08-06 10:54:08.708,15.650000,185,9,0.007494,1.5798,-0.35,0,0,0,60.0269,218.687,0.08597,1,1,0,0,0,0.007172,0.000176,0.000948,0.000118,0.001185,0.000032,0.000631,0.000033,0.000620,0.000057,0.000801,0.000058,0.000425,0.000040,0.000618,0.35,-2.02,19.60,35.82,78.69,-18.59,139.18,-131.46,163.14,-55.13,-148.59,135.49,-63.13,-110.36,-20.41,218.0114,4.8844,4.8532,3.6981,14.5254,2.1683,1.5173,0.7567,3.6150,0.5822,5.9874,0.7928,2.0452,0.6724,4.1887
2026-08-06 10:54:08.708,15.666667,185,10,0.007592,1.6012,-0.97,0,0,0,60.0269,218.687,0.08597,1,1,0,0,0,0.007270,0.000158,0.000956,0.000056,0.001192,0.000022,0.000619,0.000070,0.000590,0.000057,0.000756,0.000013,0.000400,0.000084,0.000654,0.97,-6.59,22.98,-10.12,76.91,-98.90,140.42,121.05,157.54,141.21,-147.43,-70.18,-64.15,142.74,-7.84,218.0114,4.8844,4.8532,3.6981,14.5254,2.1683,1.5173,0.7567,3.6150,0.5822,5.9874,0.7928,2.0452,0.6724,4.1887
2026-08-06 10:54:08.708,15.683333,185,11,0.007539,1.5777,-0.27,0,0,0,60.0269,218.687,0.08597,1,1,0,0,0,0.007168,0.000275,0.000936,0.000139,0.001161,0.000133,0.000568,0.000147,0.000606,0.000175,0.000791,0.000213,0.000458,0.000262,0.000773,0.27,14.37,16.15,60.64,69.34,174.56,122.06,-153.04,138.81,-90.92,-165.16,-16.80,-95.42,52.44,-35.28,218.0114,4.8844,4.8532,3.6981,14.5254,2.1683,1.5173,0.7567,3.6150,0.5822,5.9874,0.7928,2.0452,0.6724,4.1887
2026-08-06 10:54:08.708,15.700000,185,12,0.007539,1.5901,-0.30,0,0,0,60.0269,218.687,0.08597,1,1,0,0,0,0.007218,0.000166,0.000915,0.000084,0.001215,0.000059,0.000663,0.000038,0.000643,0.000069,0.000745,0.000034,0.000358,0.000077,0.000631,0.30,-16.06,22.45,7.76,77.10,114.15,141.52,-152.73,161.84,-127.74,-143.97,65.08,-48.73,-142.20,-10.48,218.0114,4.8844,4.8532,3.6981,14.5254,2.1683,1.5173,0.7567,3.6150,0.5822,5.9874,0.7928,2.0452,0.6724,4.1887
2026-08-06 10:54:08.708,15.716667,185,13,0.007577,1.6005,-1.08,0,0,0,60.0269,218.687,0.08597,1,1,0,0,0,0.007275,0.000199,0.000891,0.000165,0.001200,0.000082,0.000607,0.000111,0.000584,0.000118,0.000717,0.000095,0.000346,0.000033,0.000614,1.08,-25.02,28.72,-1.84,81.61,56.90,141.94,125.36,153.98,-167.91,-153.35,-113.64,-72.02,43.24,-24.54,218.0114,4.8844,4.8532,3.6981,14.5254,2.1683,1.5173,0.7567,3.6150,0.5822,5.9874,0.7928,2.0452,0.6724,4.1887
2026-08-06 10:54:08.708,15.733333,185,14,0.007691,1.6244,-1.66,0,0,0,60.0269,218.687,0.08597,1,1,0,0,0,0.007385,0.000264,0.000901,0.000121,0.001233,0.000120,0.000593,0.000204,0.000405,0.000209,0.000502,0.000253,0.000213,0.000183,0.000660,1.66,22.46,30.90,73.62,82.27,-160.24,149.10,-57.58,159.65,34.06,-152.40,116.65,-70.52,-163.93,-33.03,218.0114,4.8844,4.8532,3.6981,14.5254,2.1683,1.5173,0.7567,3.6150,0.5822,5.9874,0.7928,2.0452,0.6724,4.1887
2026-08-06 10:54:08.708,15.750000,185,15,0.007761,1.6255,-1.00,0,0,0,60.0269,218.687,0.08597,1,1,0,0,0,0.007371,0.000347,0.001088,0.000268,0.001419,0.000151,0.000777,0.000212,0.000748,0.000165,0.000746,0.000159,0.000292,0.000209,0.000448,1.00,6.83,25.15,38.23,76.43,84.52,128.43,116.01,150.02,127.93,-156.85,137.96,-78.01,173.81,-24.07,218.0114,4.8844,4.8532,3.6981,14.5254,2.1683,1.5173,0.7567,3.6150,0.5822,5.9874,0.7928,2.0452,0.6724,4.1887
2026-08-06 10:54:08.708,15.766667,185,16,0.007511,1.5826,-0.95,0,0,0,60.0269,218.687,0.08597,1,1,0,0,0,0.007180,0.000228,0.000902,0.000081,0.001263,0.000026,0.000660,0.000066,0.000576,0.000149,0.000720,0.000126,0.000457,0.000022,0.000626,0.95,-19.19,23.76,14.40,77.31,-131.39,136.77,134.08,151.40,142.89,-143.49,155.93,-64.23,142.30,-14.85,218.0114,4.8844,4.8532,3.6981,14.5254,2.1683,1.5173,0.7567,3.6150,0.5822,5.9874,0.7928,2.0452,0.6724,4.1887
2026-08-06 10:54:08.708,15.783333,185,17,0.007501,1.5785,-1.13,0,0,0,60.0269,218.687,0.08597,1,1,0,0,0,0.007164,0.000179,0.000942,0.000101,0.001194,0.000059,0.000645,0.000042,0.000611,0.000038,0.000670,0.000112,0.000523,0.000094,0.000697,1.13,-15.58,20.78,-13.36,77.29,-63.12,141.22,10.23,158.55,-73.94,-139.90,-146.60,-47.27,138.65,-23.29,218.0114,4.8844,4.8532,3.6981,14.5254,2.1683,1.5173,0.7567,3.6150,0.5822,5.9874,0.7928,2.0452,0.6724,4.1887
2026-08-06 10:54:08.708,15.800000,185,18,0.007558,1.5916,-0.70,0,0,0,60.0269,218.687,0.08597,1,1,0,0,0,0.007229,0.000153,0.000914,0.000135,0.001211,0.000014,0.000652,0.000094,0.000665,0.000044,0.000757,0.000041,0.000398,0.000082,0.000640,0.70,-6.43,21.04,24.75,78.29,47.28,139.59,132.33,155.68,59.62,-150.90,-57.64,-60.84,126.74,-15.82,218.0114,4.8844,4.8532,3.6981,14.5254,2.1683,1.5173,0.7567,3.6150,0.5822,5.9874,0.7928,2.0452,0.6724,4.1887
2026-08-06 10:54:08.708,15.816667,185,19,0.007549,1.5888,-0.92,0,0,0,60.0269,218.687,0.08597,1,1,0,0,0,0.007212,0.000152,0.000991,0.000029,0.001261,0.000075,0.000615,0.000088,0.000524,0.000141,0.000692,0.000152,0.000438,0.000082,0.000676,0.92,-46.86,24.43,-65.94,74.58,-132.66,132.44,152.93,157.53,149.58,-143.88,150.07,-59.08,128.53,-15.88,218.0114,4.8844,4.8532,3.6981,14.5254,2.1683,1.5173,0.7567,3.6150,0.5822,5.9874,0.7928,2.0452,0.6724,4.1887
2026-08-06 10:54:08.708,15.833333,185,20,0.007536,1.5901,-1.14,0,0,0,60.0269,218.687,0.08597,1,1,0,0,0,0.007220,0.000168,0.000918,0.000178,0.001216,0.000082,0.000647,0.000052,0.000556,0.000122,0.000685,0.000021,0.000327,0.000121,0.000601,1.14,-25.93,28.52,-12.06,78.62,37.83,146.09,-122.27,160.79,-165.10,-150.10,-69.93,-55.10,-21.70,-29.45,218.0114,4.8844,4.8532,3.6981,14.5254,2.1683,1.5173,0.7567,3.6150,0.5822,5.9874,0.7928,2.0452,0.6724,4.1887
2026-08-06 10:54:08.708,15.850000,185,21,0.007557,1.5944,-0.81,0,0,0,60.0269,218.687,0.08597,1,1,0,0,0,0.007234,0.000177,0.000890,0.000151,0.001265,0.000019,0.000624,0.000053,0.000639,0.000020,0.000717,0.000057,0.000390,0.000065,0.000636,0.81,-15.26,22.68,21.61,75.88,94.14,142.59,121.00,160.41,-50.69,-146.37,-80.72,-59.04,122.31,-11.30,218.0114,4.8844,4.8532,3.6981,14.5254,2.1683,1.5173,0.7567,3.6150,0.5822,5.9874,0.7928,2.0452,0.6724,4.1887
2026-08-06 10:54:08.708,15.866667,185,22,0.007560,1.5721,-1.72,0,0,0,60.0269,218.687,0.08597,1,1,0,0,0,0.007119,0.000447,0.000911,0.000305,0.001479,0.000109,0.000792,0.000011,0.000646,0.000116,0.000816,0.000167,0.000564,0.000207,0.000774,1.72,-17.07,35.10,-23.31,79.67,-73.75,133.34,39.61,159.38,110.32,-140.80,72.45,-74.54,67.13,-32.05,218.0114,4.8844,4.8532,3.6981,14.5254,2.1683,1.5173,0.7567,3.6150,0.5822,5.9874,0.7928,2.0452,0.6724,4.1887
2026-08-06 10:54:08.708,15.883333,185,23,0.007523,1.5635,-3.15,0,0,0,60.0269,218.687,0.08597,1,1,0,0,0,0.007120,0.000317,0.001172,0.000537,0.001157,0.000321,0.000627,0.000378,0.000779,0.000244,0.000658,0.000195,0.000590,0.000045,0.000471,3.15,-127.05,5.02,53.97,96.85,-94.15,100.24,139.76,-177.81,-30.24,-169.78,-170.32,-64.58,82.08,-9.25,218.0114,4.8844,4.8532,3.6981,14.5254,2.1683,1.5173,0.7567,3.6150,0.5822,5.9874,0.7928,2.0452,0.6724,4.1887
2026-08-06 10:54:08.708,15.900000,185,24,0.007495,1.5811,-0.46,0,0,0,60.0269,218.687,0.08597,1,1,0,0,0,0.007178,0.000131,0.000917,0.000109,0.001229,0.000023,0.000617,0.000120,0.000582,0.000064,0.000746,0.000052,0.000419,0.000062,0.000613,0.46,-28.32,23.86,-3.13,78.40,-41.66,141.26,111.51,154.27,156.63,-144.52,157.76,-66.71,140.88,-13.35,218.0114,4.8844,4.8532,3.6981,14.5254,2.1683,1.5173,0.7567,3.6150,0.5822,5.9874,0.7928,2.0452,0.6724,4.1887
2026-08-06 10:54:08.708,15.916667,185,25,0.007486,1.5808,-0.74,0,0,0,60.0269,218.687,0.08597,1,1,0,0,0,0.007164,0.000248,0.000862,0.000198,0.001301,0.000110,0.000571,0.000068,0.000638,0.000046,0.000624,0.000111,0.000449,0.000103,0.000552,0.74,-14.00,25.51,-3.12,75.39,-163.07,136.22,70.13,160.60,163.89,-146.17,142.22,-62.91,80.04,-19.38,218.0114,4.8844,4.8532,3.6981,14.5254,2.1683,1.5173,0.7567,3.6150,0.5822,5.9874,0.7928,2.0452,0.6724,4.1887
2026-08-06 10:54:08.708,15.933333,185,26,0.007514,1.5789,-0.56,0,0,0,60.0269,218.687,0.08597,1,1,0,0,0,0.007173,0.000137,0.000907,0.000071,0.001224,0.000058,0.000706,0.000126,0.000688,0.000032,0.000779,0.000036,0.000390,0.000095,0.000552,0.56,-7.87,24.94,36.10,80.12,147.26,136.44,159.66,159.06,155.94,-149.97,121.23,-66.72,137.18,-16.61,218.0114,4.8844,4.8532,3.6981,14.5254,2.1683,1.5173,0.7567,3.6150,0.5822,5.9874,0.7928,2.0452,0.6724,4.1887
2026-08-06 10:54:08.708,15.950000,185,27,0.007602,1.6001,-0.42,0,0,0,60.0269,218.687,0.08597,1,1,0,0,0,0.007265,0.000285,0.000943,0.000149,0.001168,0.000092,0.000647,0.000113,0.000666,0.000126,0.000754,0.000162,0.000308,0.000127,0.000586,0.42,-22.46,19.58,-22.72,77.04,-119.33,145.80,174.97,164.49,142.79,-151.94,146.87,-75.85,111.03,-7.08,218.0114,4.8844,4.8532,3.6981,14.5254,2.1683,1.5173,0.7567,3.6150,0.5822,5.9874,0.7928,2.0452,0.6724,4.1887
2026-08-06 10:54:08.708,15.966667,185,28,0.007487,1.5778,-1.25,0,0,0,60.0269,218.687,0.08597,1,1,0,0,0,0.007160,0.000187,0.000927,0.000206,0.001220,0.000007,0.000663,0.000012,0.000626,0.000068,0.000724,0.000088,0.000421,0.000056,0.000622,1.25,-2.03,22.87,12.96,76.62,12.25,140.33,-94.81,157.67,88.76,-145.11,104.69,-56.78,58.94,-19.17,218.0114,4.8844,4.8532,3.6981,14.5254,2.1683,1.5173,0.7567,3.6150,0.5822,5.9874,0.7928,2.0452,0.6724,4.1887
2026-08-06 10:54:08.708,15.983333,185,29,0.007509,1.5829,-0.75,0,0,0,60.0269,218.687,0.08597,1,1,0,0,0,0.007186,0.000163,0.000923,0.000091,0.001181,0.000098,0.000592,0.000039,0.000690,0.000048,0.000805,0.000058,0.000426,0.000122,0.000501,0.75,-21.94,24.57,7.96,77.15,-121.12,138.97,131.83,157.39,164.65,-140.10,-61.75,-53.65,109.01,-9.39,218.0114,4.8844,4.8532,3.6981,14.5254,2.1683,1.5173,0.7567,3.6150,0.5822,5.9874,0.7928,2.0452,0.6724,4.1887
2026-08-06 10:54:08.964,16.000000,186,0,0.007538,1.5909,-0.82,0,0,0,60.0269,218.709,0.08586,1,1,0,0,0,0.007214,0.000249,0.000894,0.000124,0.001269,0.000076,0.000620,0.000089,0.000641,0.000132,0.000711,0.000077,0.000362,0.000029,0.000609,0.82,-11.32,22.25,18.77,73.60,-162.33,137.75,102.99,160.14,139.20,-146.01,154.61,-70.31,145.13,-14.72,218.0342,4.8619,4.8655,3.7101,14.5489,2.1860,1.4450,0.7426,3.5745,0.5976,5.9302,0.8070,2.0900,0.6783,4.1111
2026-08-06 10:54:08.964,16.016667,186,1,0.007551,1.5930,-0.45,0,0,0,60.0269,218.709,0.08586,1,1,0,0,0,0.007227,0.000170,0.000979,0.000117,0.001252,0.000052,0.000626,0.000025,0.000658,0.000023,0.000745,0.000036,0.000349,0.000015,0.000575,0.45,-15.54,22.57,41.70,78.27,-141.25,140.90,-83.01,157.26,-143.83,-148.46,-159.86,-60.35,28.45,-12.79,218.0342,4.8619,4.8655,3.7101,14.5489,2.1860,1.4450,0.7426,3.5745,0.5976,5.9302,0.8070,2.0900,0.6783,4.1111
2026-08-06 10:54:08.964,16.033333,186,2,0.007476,1.5556,-2.20,0,0,0,60.0269,218.709,0.08586,1,1,0,0,0,0.007060,0.000263,0.001207,0.000234,0.001232,0.000376,0.000455,0.000296,0.000785,0.000080,0.000718,0.000259,0.000550,0.000281,0.000795,2.20,-58.86,27.15,-179.52,61.21,124.02,164.11,77.80,164.93,-53.67,-159.53,-146.91,-42.24,159.24,-27.12,218.0342,4.8619,4.8655,3.7101,14.5489,2.1860,1.4450,0.7426,3.5745,0.5976,5.9302,0.8070,2.0900,0.6783,4.1111
2026-08-06 10:54:08.964,16.050000,186,3,0.007577,1.5959,-0.84,0,0,0,60.0269,218.709,0.08586,1,1,0,0,0,0.007240,0.000189,0.000929,0.000137,0.001267,0.000011,0.000617,0.000065,0.000611,0.000132,0.000758,0.000132,0.000329,0.000094,0.000670,0.84,-7.40,26.01,20.07,73.20,126.89,140.88,-68.84,164.33,150.13,-146.69,128.93,-60.39,95.39,-11.87,218.0342,4.8619,4.8655,3.7101,14.5489,2.1860,1.4450,0.7426,3.5745,0.5976,5.9302,0.8070,2.0900,0.6783,4.1111
2026-08-06 10:54:08.964,16.066667,186,4,0.007536,1.5943,-0.53,0,0,0,60.0269,218.709,0.08586,1,1,0,0,0,0.007239,0.000187,0.000843,0.000104,0.001206,0.000063,0.000638,0.000016,0.000665,0.000040,0.000744,0.000038,0.000360,0.000038,0.000620,0.53,-18.72,21.83,36.47,78.12,142.97,140.40,133.01,160.88,-167.40,-148.33,92.34,-62.08,-84.74,-15.83,218.0342,4.8619,4.8655,3.7101,14.5489,2.1860,1.4450,0.7426,3.5745,0.5976,5.9302,0.8070,2.0900,0.6783,4.1111
2026-08-06 10:54:08.964,16.083333,186,5,0.007518,1.5857,-0.54,0,0,0,60.0269,218.709,0.08586,1,1,0,0,0,0.007194,0.000222,0.000945,0.000139,0.001258,0.000016,0.000641,0.000101,0.000599,0.000073,0.000679,0.000100,0.000382,0.000080,0.000640,0.54,-8.33,24.77,20.43,76.74,-28.86,134.41,138.57,155.94,152.99,-149.83,-169.72,-64.13,147.45,-15.06,218.0342,4.8619,4.8655,3.7101,14.5489,2.1860,1.4450,0.7426,3.5745,0.5976,5.9302,0.8070,2.0900,0.6783,4.1111
2026-08-06 10:54:08.964,16.100000,186,6,0.007565,1.5961,-0.89,0,0,0,60.0269,218.709,0.08586,1,1,0,0,0,0.007241,0.000205,0.000936,0.000146,0.001252,0.000019,0.000640,0.000012,0.000597,0.000038,0.000699,0.000037,0.000396,0.000024,0.000647,0.89,-26.74,22.11,13.15,76.27,153.59,135.66,78.97,155.52,65.44,-142.20,119.69,-51.89,69.95,-12.34,218.0342,4.8619,4.8655,3.7101,14.5489,2.1860,1.4450,0.7426,3.5745,0.5976,5.9302,0.8070,2.0900,0.6783,4.1111
2026-08-06 10:54:08.964,16.116667,186,7,0.007432,1.5645,-0.77,0,0,0,60.0269,218.709,0.08586,1,1,0,0,0,0.007107,0.000140,0.000904,0.000117,0.001213,0.000071,0.000620,0.000079,0.000651,0.000044,0.000724,0.000083,0.000358,0.000113,0.000548,0.77,-26.14,24.08,-11.57,79.07,-117.38,142.16,-169.75,160.92,97.78,-145.85,123.85,-57.78,136.25,-13.34,218.0342,4.8619,4.8655,3.7101,14.5489,2.1860,1.4450,0.7426,3.5745,0.5976,5.9302,0.8070,2.0900,0.6783,4.1111
2026-08-06 10:54:08.964,16.133333,186,8,0.007576,1.5980,-1.31,0,0,0,60.0269,218.709,0.08586,1,1,0,0,0,0.007251,0.000285,0.000901,0.000135,0.001240,0.000046,0.000655,0.000069,0.000533,0.000108,0.000694,0.000130,0.000389,0.000142,0.000619,1.31,-16.75,24.09,12.75,75.08,-151.01,137.05,114.93,155.85,167.16,-141.87,-168.67,-71.11,128.16,-6.55,218.0342,4.8619,4.8655,3.7101,14.5489,2.1860,1.4450,0.7426,3.5745,0.5976,5.9302,0.8070,2.0900,0.6783,4.1111
2026-08-06 10:54:08.964,16.150000,186,9,0.007568,1.5984,-0.81,0,0,0,60.0269,218.709,0.08586,1,1,0,0,0,0.007260,0.000174,0.000941,0.000140,0.001168,0.000064,0.000640,0.000057,0.000585,0.000053,0.000743,0.000045,0.000390,0.000049,0.000643,0.81,-6.35,24.24,18.28,77.65,66.69,137.22,10.33,157.84,119.67,-144.77,125.82,-58.36,-34.95,-16.32,218.0342,4.8619,4.8655,3.7101,14.5489,2.1860,1.4450,0.7426,3.5745,0.5976,5.9302,0.8070,2.0900,0.6783,4.1111
2026-08-06 10:54:08.964,16.166667,186,10,0.007615,1.6007,0.82,0,0,0,60.0269,218.709,0.08586,1,1,0,0,0,0.007268,0.000231,0.000848,0.000020,0.001385,0.000049,0.000591,0.000059,0.000658,0.000071,0.000753,0.000070,0.000402,0.000146,0.000573,-0.82,-39.54,21.63,-153.41,81.45,97.22,135.11,124.57,160.34,122.62,-148.84,86.54,-50.24,-41.67,-29.56,218.0342,4.8619,4.8655,3.7101,14.5489,2.1860,1.4450,0.7426,3.5745,0.5976,5.9302,0.8070,2.0900,0.6783,4.1111
2026-08-06 10:54:08.964,16.183333,186,11,0.007594,1.5999,-1.04,0,0,0,60.0269,218.709,0.08586,1,1,0,0,0,0.007257,0.000239,0.000976,0.000125,0.001283,0.000034,0.000653,0.000065,0.000530,0.000114,0.000715,0.000024,0.000418,0.000057,0.000666,1.04,-0.76,23.63,2.25,76.25,23.79,140.08,67.76,155.48,152.19,-148.78,60.96,-66.98,60.62,-16.69,218.0342,4.8619,4.8655,3.7101,14.5489,2.1860,1.4450,0.7426,3.5745,0.5976,5.9302,0.8070,2.0900,0.6783,4.1111
2026-08-06 10:54:08.964,16.200000,186,12,0.005959,1.1268,-14.15,0,0,0,60.0269,218.709,0.08586,1,1,0,0,0,0.005245,0.001501,0.001005,0.000499,0.001046,0.000131,0.000426,0.000173,0.000873,0.000201,0.000681,0.000214,0.000406,0.000118,0.000858,14.15,-56.12,29.73,46.80,96.21,-97.27,124.45,102.46,161.31,-96.72,-142.64,79.57,-86.76,113.31,-26.22,218.0342,4.8619,4.8655,3.7101,14.5489,2.1860,1.4450,0.7426,3.5745,0.5976,5.9302,0.8070,2.0900,0.6783,4.1111
2026-08-06 10:54:08.964,16.216667,186,13,0.007537,1.5897,-0.83,0,0,0,60.0269,218.709,0.08586,1,1,0,0,0,0.007212,0.000206,0.000906,0.000172,0.001264,0.000033,0.000645,0.000085,0.000655,0.000082,0.000733,0.000063,0.000393,0.000077,0.000604,0.83,-10.92,24.59,23.09,77.06,122.44,140.51,152.03,152.94,123.83,-148.51,164.21,-69.53,146.71,-16.21,218.0342,4.8619,4.8655,3.7101,14.5489,2.1860,1.4450,0.7426,3.5745,0.5976,5.9302,0.8070,2.0900,0.6783,4.1111
2026-08-06 10:54:08.964,16.233333,186,14,0.007528,1.5844,-1.37,0,0,0,60.0269,218.709,0.08586,1,1,0,0,0,0.007191,0.000227,0.000967,0.000201,0.001233,0.000042,0.000625,0.000052,0.000694,0.000166,0.000740,0.000135,0.000361,0.000038,0.000665,1.37,8.46,26.29,16.72,73.17,-52.46,136.19,108.99,158.29,130.83,-149.59,105.33,-60.04,90.99,-16.35,218.0342,4.8619,4.8655,3.7101,14.5489,2.1860,1.4450,0.7426,3.5745,0.5976,5.9302,0.8070,2.0900,0.6783,4.1111
2026-08-06 10:54:08.964,16.250000,186,15,0.007508,1.5766,-0.89,0,0,0,60.0269,218.709,0.08586,1,1,0,0,0,0.007159,0.000204,0.000983,0.000063,0.001147,0.000107,0.000661,0.000124,0.000835,0.000188,0.000708,0.000132,0.000373,0.000138,0.000775,0.89,-14.45,23.22,3.55,75.37,81.72,152.00,-9.42,162.39,-51.54,-157.93,-99.94,-43.02,-158.86,-22.17,218.0342,4.8619,4.8655,3.7101,14.5489,2.1860,1.4450,0.7426,3.5745,0.5976,5.9302,0.8070,2.0900,0.6783,4.1111
2026-08-06 10:54:08.964,16.266667,186,16,0.007600,1.6013,-1.48,0,0,0,60.0269,218.709,0.08586,1,1,0,0,0,0.007268,0.000127,0.000953,0.000154,0.001220,0.000075,0.000655,0.000063,0.000689,0.000065,0.000822,0.000067,0.000363,0.000012,0.000572,1.48,1.10,21.57,6.22,76.87,74.52,139.12,94.75,153.89,135.73,-151.90,155.69,-72.24,110.50,-15.41,218.0342,4.8619,4.8655,3.7101,14.5489,2.1860,1.4450,0.7426,3.5745,0.5976,5.9302,0.8070,2.0900,0.6783,4.1111
2026-08-06 10:54:08.964,16.283333,186,17,0.007568,1.5959,-1.20,0,0,0,60.0269,218.709,0.08586,1,1,0,0,0,0.007248,0.000208,0.000910,0.000133,0.001215,0.000022,0.000689,0.000042,0.000605,0.000048,0.000719,0.000073,0.000415,0.000053,0.000667,1.20,-24.48,23.97,10.97,78.54,136.97,136.53,-124.18,161.28,166.28,-144.74,111.07,-57.79,110.99,-21.60,218.0342,4.8619,4.8655,3.7101,14.5489,2.1860,1.4450,0.7426,3.5745,0.5976,5.9302,0.8070,2.0900,0.6783,4.1111
2026-08-06 10:54:08.964,16.300000,186,18,0.007577,1.5960,-1.27,0,0,0,60.0269,218.709,0.08586,1,1,0,0,0,0.007246,0.000202,0.000902,0.000106,0.001244,0.000070,0.000643,0.000121,0.000597,0.000129,0.000617,0.000172,0.000491,0.000215,0.000753,1.27,-9.55,26.35,-2.66,76.25,-136.94,130.75,-172.29,150.19,-176.70,-142.58,-179.58,-50.28,160.56,-14.72,218.0342,4.8619,4.8655,3.7101,14.5489,2.1860,1.4450,0.7426,3.5745,0.5976,5.9302,0.8070,2.0900,0.6783,4.1111
2026-08-06 10:54:08.964,16.316667,186,19,0.007627,1.6098,-1.28,0,0,0,60.0269,218.709,0.08586,1,1,0,0,0,0.007305,0.000279,0.000894,0.000194,0.001244,0.000048,0.000698,0.000097,0.000660,0.000092,0.000695,0.000096,0.000317,0.000056,0.000634,1.28,-30.98,23.91,31.05,75.74,167.30,136.68,67.90,160.60,151.48,-148.88,166.19,-73.11,141.04,-16.93,218.0342,4.8619,4.8655,3.7101,14.5489,2.1860,1.4450,0.7426,3.5745,0.5976,5.9302,0.8070,2.0900,0.6783,4.1111
2026-08-06 10:54:08.964,16.333333,186,20,0.007581,1.5986,-1.37,0,0,0,60.0269,218.709,0.08586,1,1,0,0,0,0.007255,0.000265,0.000883,0.000087,0.001268,0.000039,0.000608,0.000013,0.000660,0.000047,0.000753,0.000094,0.000364,0.000020,0.000618,1.37,-23.51,21.16,5.35,77.28,-27.84,140.74,140.83,151.49,74.09,-139.59,134.46,-51.96,23.63,-21.25,218.0342,4.8619,4.8655,3.7101,14.5489,2.1860,1.4450,0.7426,3.5745,0.5976,5.9302,0.8070,2.0900,0.6783,4.1111
2026-08-06 10:54:08.964,16.350000,186,21,0.007500,1.5756,-0.51,0,0,0,60.0269,218.709,0.08586,1,1,0,0,0,0.007151,0.000173,0.000897,0.000193,0.001205,0.000052,0.000706,0.000097,0.000711,0.000104,0.000673,0.000200,0.000436,0.000224,0.000602,0.51,-19.89,25.87,3.13,75.17,-123.93,138.56,148.49,156.92,83.64,-144.26,-100.64,-82.14,136.32,-12.22,218.0342,4.8619,4.8655,3.7101,14.5489,2.1860,1.4450,0.7426,3.5745,0.5976,5.9302,0.8070,2.0900,0.6783,4.1111
2026-08-06 10:54:08.964,16.366667,186,22,0.007468,1.5703,-0.63,0,0,0,60.0269,218.709,0.08586,1,1,0,0,0,0.007129,0.000187,0.000897,0.000106,0.001262,0.000005,0.000706,0.000116,0.000538,0.000096,0.000706,0.000158,0.000432,0.000014,0.000735,0.63,-6.09,29.54,38.94,78.66,57.53,136.77,83.44,147.89,124.06,-143.82,139.83,-57.14,-23.30,-20.15,218.0342,4.8619,4.8655,3.7101,14.5489,2.1860,1.4450,0.7426,3.5745,0.5976,5.9302,0.8070,2.0900,0.6783,4.1111
2026-08-06 10:54:08.964,16.383333,186,23,0.007527,1.5870,-1.01,0,0,0,60.0269,218.709,0.08586,1,1,0,0,0,0.007207,0.000173,0.001000,0.000119,0.001187,0.000003,0.000649,0.000093,0.000585,0.000018,0.000701,0.000042,0.000381,0.000100,0.000677,1.01,-10.09,16.55,-11.31,80.21,-6.92,136.59,62.75,159.82,-173.88,-148.12,82.26,-63.64,-5.52,-18.69,218.0342,4.8619,4.8655,3.7101,14.5489,2.1860,1.4450,0.7426,3.5745,0.5976,5.9302,0.8070,2.0900,0.6783,4.1111
2026-08-06 10:54:08.964,16.400000,186,24,0.008000,1.6507,-5.24,0,0,0,60.0269,218.709,0.08586,1,1,0,0,0,0.007514,0.000687,0.000519,0.000592,0.001573,0.000435,0.001029,0.000390,0.000594,0.000263,0.000573,0.000284,0.000171,0.000440,0.000766,5.24,121.56,7.90,-78.39,64.18,45.35,145.27,139.50,-179.37,-134.09,-149.08,-9.00,-132.83,134.25,-49.09,218.0342,4.8619,4.8655,3.7101,14.5489,2.1860,1.4450,0.7426,3.5745,0.5976,5.9302,0.8070,2.0900,0.6783,4.1111
2026-08-06 10:54:08.964,16.416667,186,25,0.007555,1.5943,-1.36,0,0,0,60.0269,218.709,0.08586,1,1,0,0,0,0.007239,0.000218,0.000872,0.000130,0.001212,0.000028,0.000707,0.000057,0.000632,0.000093,0.000684,0.000072,0.000344,0.000019,0.000676,1.36,-32.03,24.71,42.99,76.55,112.61,138.25,15.39,158.41,165.10,-147.52,142.05,-69.69,122.31,-13.19,218.0342,4.8619,4.8655,3.7101,14.5489,2.1860,1.4450,0.7426,3.5745,0.5976,5.9302,0.8070,2.0900,0.6783,4.1111
2026-08-06 10:54:08.964,16.433333,186,26,0.007576,1.6015,-1.69,0,0,0,60.0269,218.709,0.08586,1,1,0,0,0,0.007275,0.000179,0.000952,0.000206,0.001173,0.000098,0.000634,0.000042,0.000554,0.000066,0.000695,0.000013,0.000317,0.000089,0.000538,1.69,-54.07,28.58,-6.78,80.67,54.76,145.09,166.92,162.57,-171.22,-150.35,-116.55,-55.39,-22.46,-15.61,218.0342,4.8619,4.8655,3.7101,14.5489,2.1860,1.4450,0.7426,3.5745,0.5976,5.9302,0.8070,2.0900,0.6783,4.1111
2026-08-06 10:54:08.964,16.450000,186,27,0.007613,1.6011,-1.03,0,0,0,60.0269,218.709,0.08586,1,1,0,0,0,0.007261,0.000084,0.000883,0.000261,0.001379,0.000175,0.000522,0.000203,0.000702,0.000050,0.000796,0.000051,0.000320,0.000122,0.000671,1.03,-11.48,18.98,9.56,81.61,-147.61,126.20,114.57,164.92,19.89,-152.29,-134.45,-66.11,-134.59,-10.03,218.0342,4.8619,4.8655,3.7101,14.5489,2.1860,1.4450,0.7426,3.5745,0.5976,5.9302,0.8070,2.0900,0.6783,4.1111
2026-08-06 10:54:08.964,16.466667,186,28,0.007595,1.6018,-0.95,0,0,0,60.0269,218.709,0.08586,1,1,0,0,0,0.007268,0.000235,0.000943,0.000183,0.001243,0.000022,0.000669,0.000047,0.000616,0.000066,0.000722,0.000035,0.000368,0.000049,0.000646,0.95,-16.82,25.42,12.60,75.56,116.12,135.29,27.03,159.72,71.95,-149.58,111.49,-56.61,93.16,-15.32,218.0342,4.8619,4.8655,3.7101,14.5489,2.1860,1.4450,0.7426,3.5745,0.5976,5.9302,0.8070,2.0900,0.6783,4.1111
2026-08-06 10:54:08.964,16.483333,186,29,0.007585,1.6044,-0.96,0,0,0,60.0269,218.709,0.08586,1,1,0,0,0,0.007281,0.000192,0.000869,0.000131,0.001218,0.000035,0.000657,0.000047,0.000623,0.000052,0.000767,0.000082,0.000380,0.000060,0.000589,0.96,-24.20,20.49,27.71,77.04,88.05,139.97,-164.24,162.66,-156.94,-148.46,-118.95,-64.35,-143.37,-19.63,218.0342,4.8619,4.8655,3.7101,14.5489,2.1860,1.4450,0.7426,3.5745,0.5976,5.9302,0.8070,2.0900,0.6783,4.1111
2026-08-06 10:54:09.223,16.500000,187,0,0.007693,1.6201,-1.69,0,0,0,60.0269,218.619,0.08586,1,1,0,0,0,0.007365,0.000221,0.000940,0.000069,0.001168,0.000101,0.000549,0.000191,0.000726,0.000191,0.000806,0.000028,0.000324,0.000124,0.000605,1.69,0.87,29.51,27.75,80.29,-61.74,131.42,74.53,148.93,171.08,-142.44,91.85,-62.55,152.72,-24.35,217.9451,4.8674,4.8595,3.6984,14.5454,2.1702,1.4385,0.7552,3.5730,0.5698,5.9259,0.8157,2.1027,0.7046,4.1096
2026-08-06 10:54:09.223,16.516667,187,1,0.007551,1.5972,-0.67,0,0,0,60.0269,218.619,0.08586,1,1,0,0,0,0.007249,0.000183,0.000873,0.000122,0.001217,0.000056,0.000617,0.000032,0.000649,0.000031,0.000746,0.000008,0.000340,0.000057,0.000613,0.67,-17.49,20.61,45.55,77.21,55.41,137.98,-8.82,157.55,112.11,-148.29,0.06,-63.05,-25.92,-17.69,217.9451,4.8674,4.8595,3.6984,14.5454,2.1702,1.4385,0.7552,3.5730,0.5698,5.9259,0.8157,2.1027,0.7046,4.1096
2026-08-06 10:54:09.223,16.533333,187,2,0.007618,1.6076,-0.53,0,0,0,60.0269,218.619,0.08586,1,1,0,0,0,0.007293,0.000127,0.000995,0.000055,0.001244,0.000039,0.000571,0.000104,0.000626,0.000060,0.000708,0.000053,0.000422,0.000102,0.000650,0.53,-7.83,22.86,9.25,74.60,-171.84,133.54,148.62,153.30,167.90,-146.44,-160.31,-60.21,161.90,-14.32,217.9451,4.8674,4.8595,3.6984,14.5454,2.1702,1.4385,0.7552,3.5730,0.5698,5.9259,0.8157,2.1027,0.7046,4.1096
2026-08-06 10:54:09.223,16.550000,187,3,0.007511,1.5819,-0.46,0,0,0,60.0269,218.619,0.08586,1,1,0,0,0,0.007179,0.000165,0.000980,0.000082,0.001233,0.000027,0.000666,0.000072,0.000629,0.000047,0.000697,0.000127,0.000379,0.000046,0.000587,0.46,-10.96,21.51,-15.09,77.48,10.28,138.69,120.75,156.05,107.70,-147.16,126.25,-63.66,141.77,-10.74,217.9451,4.8674,4.8595,3.6984,14.5454,2.1702,1.4385,0.7552,3.5730,0.5698,5.9259,0.8157,2.1027,0.7046,4.1096
2026-08-06 10:54:09.223,16.566667,187,4,0.007549,1.5879,-1.10,0,0,0,60.0269,218.619,0.08586,1,1,0,0,0,0.007212,0.000173,0.000906,0.000192,0.001126,0.000103,0.000770,0.000087,0.000599,0.000115,0.000828,0.000160,0.000252,0.000030,0.000618,1.10,-10.43,26.29,11.92,73.55,-147.90,137.17,52.00,150.81,11.49,-135.71,-153.08,-73.35,83.87,-14.16,217.9451,4.8674,4.8595,3.6984,14.5454,2.1702,1.4385,0.7552,3.5730,0.5698,5.9259,0.8157,2.1027,0.7046,4.1096
2026-08-06 10:54:09.223,16.583333,187,5,0.007540,1.5885,-0.78,0,0,0,60.0269,218.619,0.08586,1,1,0,0,0,0.007209,0.000165,0.000934,0.000105,0.001245,0.000031,0.000691,0.000072,0.000665,0.000046,0.000759,0.000077,0.000372,0.000077,0.000596,0.78,-24.12,24.37,30.89,79.50,-146.63,139.74,173.46,160.11,-175.87,-149.85,-130.13,-72.82,168.37,-18.18,217.9451,4.8674,4.8595,3.6984,14.5454,2.1702,1.4385,0.7552,3.5730,0.5698,5.9259,0.8157,2.1027,0.7046,4.1096
2026-08-06 10:54:09.223,16.600000,187,6,0.007407,1.5548,-0.67,0,0,0,60.0269,218.619,0.08586,1,1,0,0,0,0.007049,0.000189,0.001065,0.000065,0.001263,0.000073,0.000577,0.000076,0.000614,0.000192,0.000712,0.000131,0.000353,0.000176,0.000580,0.67,10.73,17.26,-95.18,79.60,59.49,137.93,61.03,163.16,129.55,-144.75,160.00,-47.68,-134.34,-5.59,217.9451,4.8674,4.8595,3.6984,14.5454,2.1702,1.4385,0.7552,3.5730,0.5698,5.9259,0.8157,2.1027,0.7046,4.1096
2026-08-06 10:54:09.223,16.616667,187,7,0.007615,1.6036,-0.25,0,0,0,60.0269,218.619,0.08586,1,1,0,0,0,0.007274,0.000173,0.000852,0.000163,0.001287,0.000093,0.000642,0.000054,0.000747,0.000088,0.000654,0.000056,0.000433,0.000140,0.000553,0.25,-39.36,23.46,36.35,74.29,-3.06,138.09,-125.50,161.89,104.53,-153.11,-2.15,-65.98,-125.84,-20.33,217.9451,4.8674,4.8595,3.6984,14.5454,2.1702,1.4385,0.7552,3.5730,0.5698,5.9259,0.8157,2.1027,0.7046,4.1096
2026-08-06 10:54:09.223,16.633333,187,8,0.007590,1.6040,-0.48,0,0,0,60.0269,218.619,0.08586,1,1,0,0,0,0.007276,0.000247,0.000865,0.000124,0.001268,0.000089,0.000623,0.000039,0.000648,0.000104,0.000706,0.000045,0.000346,0.000065,0.000632,0.48,-6.37,26.46,-16.21,73.57,131.70,141.84,61.44,150.75,154.67,-143.07,120.76,-65.52,163.66,-15.11,217.9451,4.8674,4.8595,3.6984,14.5454,2.1702,1.4385,0.7552,3.5730,0.5698,5.9259,0.8157,2.1027,0.7046,4.1096
2026-08-06 10:54:09.223,16.650000,187,9,0.007592,1.5958,-1.21,0,0,0,60.0269,218.619,0.08586,1,1,0,0,0,0.007249,0.000218,0.000858,0.000114,0.001182,0.000130,0.000561,0.000215,0.000776,0.000274,0.000841,0.000094,0.000329,0.000114,0.000629,1.21,-2.04,28.18,-26.31,74.32,-61.62,127.57,40.35,147.56,162.85,-143.85,-68.11,-51.48,108.09,-21.59,217.9451,4.8674,4.8595,3.6984,14.5454,2.1702,1.4385,0.7552,3.5730,0.5698,5.9259,0.8157,2.1027,0.7046,4.1096
2026-08-06 10:54:09.223,16.666667,187,10,0.007510,1.5863,-0.91,0,0,0,60.0269,218.619,0.08586,1,1,0,0,0,0.007206,0.000113,0.000903,0.000114,0.001178,0.000031,0.000633,0.000072,0.000646,0.000011,0.000758,0.000035,0.000370,0.000052,0.000582,0.91,-8.05,21.33,17.75,77.86,110.30,143.08,-165.43,158.46,108.64,-148.57,178.31,-56.79,-167.95,-16.55,217.9451,4.8674,4.8595,3.6984,14.5454,2.1702,1.4385,0.7552,3.5730,0.5698,5.9259,0.8157,2.1027,0.7046,4.1096
2026-08-06 10:54:09.223,16.683333,187,11,0.007549,1.5893,-0.95,0,0,0,60.0269,218.619,0.08586,1,1,0,0,0,0.007213,0.000200,0.000946,0.000186,0.001237,0.000031,0.000664,0.000056,0.000675,0.000056,0.000719,0.000058,0.000373,0.000065,0.000639,0.95,-14.78,21.80,5.73,75.75,52.77,137.77,116.63,159.24,83.88,-151.53,164.22,-61.43,120.24,-18.62,217.9451,4.8674,4.8595,3.6984,14.5454,2.1702,1.4385,0.7552,3.5730,0.5698,5.9259,0.8157,2.1027,0.7046,4.1096
2026-08-06 10:54:09.223,16.700000,187,12,0.007541,1.5906,-0.77,0,0,0,60.0269,218.619,0.08586,1,1,0,0,0,0.007220,0.000232,0.000911,0.000106,0.001201,0.000041,0.000678,0.000041,0.000641,0.000045,0.000752,0.000054,0.000377,0.000048,0.000584,0.77,-15.08,20.81,8.81,77.12,134.51,136.30,57.58,159.50,136.90,-149.64,121.95,-58.00,80.22,-14.26,217.9451,4.8674,4.8595,3.6984,14.5454,2.1702,1.4385,0.7552,3.5730,0.5698,5.9259,0.8157,2.1027,0.7046,4.1096
2026-08-06 10:54:09.223,16.716667,187,13,0.007568,1.5948,-0.59,0,0,0,60.0269,218.619,0.08586,1,1,0,0,0,0.007234,0.000180,0.000878,0.000140,0.001256,0.000049,0.000617,0.000032,0.000573,0.000047,0.000868,0.000139,0.000401,0.000191,0.000443,0.59,-3.88,25.39,31.06,75.48,-18.87,125.68,-92.90,163.60,-56.41,-143.12,-148.99,-83.68,158.46,-6.30,217.9451,4.8674,4.8595,3.6984,14.5454,2.1702,1.4385,0.7552,3.5730,0.5698,5.9259,0.8157,2.1027,0.7046,4.1096
2026-08-06 10:54:09.223,16.733333,187,14,0.007544,1.5912,-0.71,0,0,0,60.0269,218.619,0.08586,1,1,0,0,0,0.007225,0.000197,0.000938,0.000109,0.001245,0.000090,0.000605,0.000032,0.000565,0.000031,0.000731,0.000097,0.000394,0.000058,0.000688,0.71,-20.05,18.29,24.71,77.13,145.67,140.99,96.81,156.44,75.58,-150.26,166.84,-75.39,-101.72,-16.83,217.9451,4.8674,4.8595,3.6984,14.5454,2.1702,1.4385,0.7552,3.5730,0.5698,5.9259,0.8157,2.1027,0.7046,4.1096
2026-08-06 10:54:09.223,16.750000,187,15,0.007494,1.5830,-1.13,0,0,0,60.0269,218.619,0.08586,1,1,0,0,0,0.007184,0.000170,0.000890,0.000133,0.001230,0.000008,0.000583,0.000031,0.000576,0.000079,0.000753,0.000046,0.000388,0.000047,0.000587,1.13,-26.40,21.30,-9.71,74.43,163.75,130.92,-58.26,156.00,116.38,-139.62,153.76,-64.22,-47.25,-20.11,217.9451,4.8674,4.8595,3.6984,14.5454,2.1702,1.4385,0.7552,3.5730,0.5698,5.9259,0.8157,2.1027,0.7046,4.1096
2026-08-06 10:54:09.223,16.766667,187,16,0.007560,1.5880,-0.14,0,0,0,60.0269,218.619,0.08586,1,1,0,0,0,0.007203,0.000234,0.000929,0.000132,0.001270,0.000082,0.000794,0.000074,0.000691,0.000171,0.000545,0.000111,0.000247,0.000095,0.000697,0.14,-19.98,19.13,63.34,75.87,-148.26,138.40,46.36,174.22,134.19,-144.66,-116.96,-96.96,56.79,-35.31,217.9451,4.8674,4.8595,3.6984,14.5454,2.1702,1.4385,0.7552,3.5730,0.5698,5.9259,0.8157,2.1027,0.7046,4.1096
2026-08-06 10:54:09.223,16.783333,187,17,0.007521,1.5876,-0.96,0,0,0,60.0269,218.619,0.08586,1,1,0,0,0,0.007208,0.000196,0.000887,0.000134,0.001235,0.000006,0.000629,0.000039,0.000662,0.000058,0.000734,0.000112,0.000348,0.000066,0.000574,0.96,-4.09,22.67,36.94,75.03,116.57,136.64,72.28,154.63,100.24,-149.85,-166.12,-71.81,104.57,-10.78,217.9451,4.8674,4.8595,3.6984,14.5454,2.1702,1.4385,0.7552,3.5730,0.5698,5.9259,0.8157,2.1027,0.7046,4.1096
2026-08-06 10:54:09.223,16.800000,187,18,0.007587,1.5984,-1.14,0,0,0,60.0269,218.619,0.08586,1,1,0,0,0,0.007258,0.000222,0.000938,0.000141,0.001202,0.000034,0.000668,0.000003,0.000644,0.000060,0.000786,0.000040,0.000424,0.000052,0.000578,1.14,-21.21,25.04,22.60,77.68,118.44,136.62,43.78,158.98,113.94,-143.58,70.00,-63.60,-31.75,-22.59,217.9451,4.8674,4.8595,3.6984,14.5454,2.1702,1.4385,0.7552,3.5730,0.5698,5.9259,0.8157,2.1027,0.7046,4.1096
2026-08-06 10:54:09.223,16.816667,187,19,0.007566,1.5972,-0.54,0,0,0,60.0269,218.619,0.08586,1,1,0,0,0,0.007253,0.000143,0.000922,0.000113,0.001223,0.000028,0.000625,0.000058,0.000668,0.000090,0.000632,0.000186,0.000335,0.000086,0.000596,0.54,-13.03,24.39,20.34,77.48,51.01,138.35,123.37,159.97,135.72,-154.65,-91.40,-81.91,175.73,-6.37,217.9451,4.8674,4.8595,3.6984,14.5454,2.1702,1.4385,0.7552,3.5730,0.5698,5.9259,0.8157,2.1027,0.7046,4.1096
2026-08-06 10:54:09.223,16.833333,187,20,0.007485,1.5731,-1.36,0,0,0,60.0269,218.619,0.08586,1,1,0,0,0,0.007158,0.000144,0.000865,0.000062,0.001138,0.000098,0.000724,0.000073,0.000695,0.000102,0.000850,0.000058,0.000450,0.000085,0.000648,1.36,-28.34,25.26,39.61,81.10,-137.51,144.15,-51.54,166.49,-177.29,-145.51,155.54,-67.86,-51.21,-21.45,217.9451,4.8674,4.8595,3.6984,14.5454,2.1702,1.4385,0.7552,3.5730,0.5698,5.9259,0.8157,2.1027,0.7046,4.1096
2026-08-06 10:54:09.223,16.850000,187,21,0.007504,1.5819,-0.42,0,0,0,60.0269,218.619,0.08586,1,1,0,0,0,0.007177,0.000298,0.000867,0.000103,0.001220,0.000051,0.000578,0.000082,0.000601,0.000029,0.000790,0.000161,0.000450,0.000115,0.000536,0.42,-22.82,20.86,35.92,77.39,6.30,136.58,161.88,154.60,-64.60,-145.05,114.43,-57.96,-125.82,-15.34,217.9451,4.8674,4.8595,3.6984,14.5454,2.1702,1.4385,0.7552,3.5730,0.5698,5.9259,0.8157,2.1027,0.7046,4.1096
2026-08-06 10:54:09.223,16.866667,187,22,0.007528,1.5863,-0.65,0,0,0,60.0269,218.619,0.08586,1,1,0,0,0,0.007196,0.000180,0.000940,0.000119,0.001286,0.000047,0.000655,0.000102,0.000621,0.000056,0.000757,0.000065,0.000404,0.000037,0.000579,0.65,-28.95,26.31,17.12,75.61,-175.63,135.24,-173.06,157.59,177.08,-145.18,-178.48,-70.14,97.57,-22.04,217.9451,4.8674,4.8595,3.6984,14.5454,2.1702,1.4385,0.7552,3.5730,0.5698,5.9259,0.8157,2.1027,0.7046,4.1096
2026-08-06 10:54:09.223,16.883333,187,23,0.007512,1.5836,-0.73,0,0,0,60.0269,218.619,0.08586,1,1,0,0,0,0.007188,0.000203,0.000917,0.000161,0.001214,0.000002,0.000676,0.000048,0.000649,0.000089,0.000733,0.000067,0.000325,0.000019,0.000642,0.73,-21.97,23.89,7.36,76.41,140.12,142.77,29.29,164.68,122.61,-149.08,124.13,-64.71,-29.22,-21.71,217.9451,4.8674,4.8595,3.6984,14.5454,2.1702,1.4385,0.7552,3.5730,0.5698,5.9259,0.8157,2.1027,0.7046,4.1096
2026-08-06 10:54:09.223,16.900000,187,24,0.007759,1.6238,-1.13,0,0,0,60.0269,218.619,0.08586,1,1,0,0,0,0.007366,0.000358,0.001075,0.000254,0.001399,0.000161,0.000746,0.000217,0.000766,0.000205,0.000806,0.000213,0.000351,0.000231,0.000571,1.13,6.44,23.29,41.43,76.65,87.05,129.00,111.09,154.37,134.23,-157.79,145.44,-86.52,178.73,-28.33,217.9451,4.8674,4.8595,3.6984,14.5454,2.1702,1.4385,0.7552,3.5730,0.5698,5.9259,0.8157,2.1027,0.7046,4.1096
2026-08-06 10:54:09.223,16.916667,187,25,0.007633,1.6132,-0.28,0,0,0,60.0269,218.619,0.08586,1,1,0,0,0,0.007317,0.000238,0.001008,0.000162,0.001286,0.000145,0.000541,0.000140,0.000571,0.000137,0.000617,0.000063,0.000256,0.000142,0.000499,0.28,-5.15,21.34,-8.00,74.34,-26.47,130.99,34.96,150.42,41.37,-153.61,77.47,-68.37,114.64,-19.97,217.9451,4.8674,4.8595,3.6984,14.5454,2.1702,1.4385,0.7552,3.5730,0.5698,5.9259,0.8157,2.1027,0.7046,4.1096
2026-08-06 10:54:09.223,16.933333,187,26,0.007729,1.6257,0.27,0,0,0,60.0269,218.619,0.08586,1,1,0,0,0,0.007367,0.000305,0.000836,0.000253,0.001260,0.000235,0.000704,0.000209,0.000836,0.000098,0.000699,0.000183,0.000356,0.000281,0.000499,-0.27,-52.87,23.98,31.15,70.95,-57.32,162.18,-162.63,155.95,112.35,-141.19,-125.84,-99.71,143.60,9.87,217.9451,4.8674,4.8595,3.6984,14.5454,2.1702,1.4385,0.7552,3.5730,0.5698,5.9259,0.8157,2.1027,0.7046,4.1096
2026-08-06 10:54:09.223,16.950000,187,27,0.007452,1.5676,-1.36,0,0,0,60.0269,218.619,0.08586,1,1,0,0,0,0.007117,0.000169,0.001047,0.000197,0.001118,0.000079,0.000668,0.000127,0.000710,0.000108,0.000724,0.000080,0.000430,0.000078,0.000522,1.36,22.88,25.45,-2.34,75.45,-126.25,141.04,154.19,161.74,87.48,-147.60,8.36,-72.79,-104.87,-19.39,217.9451,4.8674,4.8595,3.6984,14.5454,2.1702,1.4385,0.7552,3.5730,0.5698,5.9259,0.8157,2.1027,0.7046,4.1096
2026-08-06 10:54:09.223,16.966667,187,28,0.007611,1.6040,0.02,0,0,0,60.0269,218.619,0.08586,1,1,0,0,0,0.007276,0.000169,0.000875,0.000168,0.001305,0.000075,0.000699,0.000164,0.000688,0.000137,0.000720,0.000176,0.000330,0.000089,0.000611,-0.02,-51.56,31.48,50.79,72.69,-43.96,144.54,139.48,149.43,82.82,-138.46,-168.23,-76.02,90.08,-4.76,217.9451,4.8674,4.8595,3.6984,14.5454,2.1702,1.4385,0.7552,3.5730,0.5698,5.9259,0.8157,2.1027,0.7046,4.1096
2026-08-06 10:54:09.223,16.983333,187,29,0.007598,1.6032,-0.79,0,0,0,60.0269,218.619,0.08586,1,1,0,0,0,0.007282,0.000168,0.000930,0.000154,0.001217,0.000057,0.000631,0.000050,0.000659,0.000049,0.000742,0.000028,0.000352,0.000009,0.000607,0.79,-16.26,19.95,8.19,76.19,81.87,138.79,-13.92,155.90,67.95,-147.84,49.20,-60.81,21.15,-14.43,217.9451,4.8674,4.8595,3.6984,14.5454,2.1702,1.4385,0.7552,3.5730,0.5698,5.9259,0.8157,2.1027,0.7046,4.1096
2026-08-06 10:54:09.476,17.000000,188,0,0.007464,1.5587,-2.69,0,0,0,60.0230,218.521,0.08580,1,1,0,0,0,0.007093,0.000169,0.001090,0.000292,0.001098,0.000104,0.000744,0.000212,0.000650,0.000049,0.000817,0.000032,0.000438,0.000075,0.000562,2.69,-80.43,15.72,63.50,83.54,-47.99,135.70,-154.69,158.68,158.43,-140.75,-103.70,-67.43,141.59,-21.42,217.8468,4.8558,4.8186,3.6842,14.5361,2.1721,1.4118,0.7438,3.5586,0.5690,5.9281,0.8053,2.0954,0.6776,4.1470
2026-08-06 10:54:09.476,17.016667,188,1,0.007857,1.5985,-9.51,0,0,0,60.0230,218.521,0.08580,1,1,0,0,0,0.007348,0.000833,0.001006,0.000691,0.001686,0.000366,0.000483,0.000057,0.000605,0.000170,0.000719,0.000345,0.000632,0.000109,0.000774,9.51,-174.23,-33.08,11.76,80.90,-176.93,147.26,-170.15,-173.39,53.72,-160.25,174.80,-68.10,12.42,-19.46,217.8468,4.8558,4.8186,3.6842,14.5361,2.1721,1.4118,0.7438,3.5586,0.5690,5.9281,0.8053,2.0954,0.6776,4.1470
2026-08-06 10:54:09.476,17.033333,188,2,0.007530,1.5881,-0.62,0,0,0,60.0230,218.521,0.08580,1,1,0,0,0,0.007211,0.000175,0.000945,0.000116,0.001214,0.000033,0.000643,0.000050,0.000562,0.000071,0.000735,0.000057,0.000373,0.000023,0.000635,0.62,-16.11,23.24,19.72,78.70,72.05,138.43,62.35,160.58,127.23,-147.04,116.95,-55.81,143.86,-13.90,217.8468,4.8558,4.8186,3.6842,14.5361,2.1721,1.4118,0.7438,3.5586,0.5690,5.9281,0.8053,2.0954,0.6776,4.1470
2026-08-06 10:54:09.476,17.050000,188,3,0.007581,1.5980,-1.59,0,0,0,60.0230,218.521,0.08580,1,1,0,0,0,0.007260,0.000214,0.000866,0.000114,0.001256,0.000019,0.000658,0.000085,0.000639,0.000062,0.000762,0.000045,0.000383,0.000085,0.000588,1.59,-25.26,22.44,37.96,76.39,-82.70,143.25,133.20,153.14,-134.11,-152.70,82.87,-56.86,171.57,-8.17,217.8468,4.8558,4.8186,3.6842,14.5361,2.1721,1.4118,0.7438,3.5586,0.5690,5.9281,0.8053,2.0954,0.6776,4.1470
2026-08-06 10:54:09.476,17.066667,188,4,0.007612,1.6062,-1.16,0,0,0,60.0230,218.521,0.08580,1,1,0,0,0,0.007300,0.000174,0.000876,0.000100,0.001219,0.000057,0.000591,0.000083,0.000572,0.000110,0.000679,0.000087,0.000318,0.000063,0.000619,1.16,-39.57,24.01,-0.54,74.85,-134.17,139.53,14.06,156.28,83.53,-153.47,148.75,-67.82,158.79,-21.19,217.8468,4.8558,4.8186,3.6842,14.5361,2.1721,1.4118,0.7438,3.5586,0.5690,5.9281,0.8053,2.0954,0.6776,4.1470
2026-08-06 10:54:09.476,17.083333,188,5,0.007534,1.5873,-1.25,0,0,0,60.0230,218.521,0.08580,1,1,0,0,0,0.007203,0.000168,0.000971,0.000175,0.001230,0.000055,0.000636,0.000071,0.000630,0.000043,0.000759,0.000074,0.000304,0.000059,0.000594,1.25,-4.22,21.63,39.40,73.56,-44.90,144.41,-27.81,167.00,136.63,-147.84,128.86,-58.13,113.18,-2.95,217.8468,4.8558,4.8186,3.6842,14.5361,2.1721,1.4118,0.7438,3.5586,0.5690,5.9281,0.8053,2.0954,0.6776,4.1470
2026-08-06 10:54:09.476,17.100000,188,6,0.007537,1.5875,-1.25,0,0,0,60.0230,218.521,0.08580,1,1,0,0,0,0.007212,0.000200,0.000904,0.000132,0.001246,0.000042,0.000663,0.000067,0.000662,0.000047,0.000738,0.000092,0.000404,0.000112,0.000582,1.25,-10.63,22.31,10.87,78.45,-173.31,134.47,165.39,153.52,103.28,-145.89,-174.49,-55.60,139.15,-17.50,217.8468,4.8558,4.8186,3.6842,14.5361,2.1721,1.4118,0.7438,3.5586,0.5690,5.9281,0.8053,2.0954,0.6776,4.1470
2026-08-06 10:54:09.476,17.116667,188,7,0.007575,1.5922,-1.28,0,0,0,60.0230,218.521,0.08580,1,1,0,0,0,0.007236,0.000303,0.000896,0.000068,0.001284,0.000163,0.000663,0.000064,0.000615,0.000135,0.000651,0.000146,0.000493,0.000072,0.000555,1.28,-50.44,29.31,-100.48,80.12,133.92,133.13,99.61,148.65,137.21,-133.67,142.72,-68.13,60.45,-25.30,217.8468,4.8558,4.8186,3.6842,14.5361,2.1721,1.4118,0.7438,3.5586,0.5690,5.9281,0.8053,2.0954,0.6776,4.1470
2026-08-06 10:54:09.476,17.133333,188,8,0.007473,1.5759,-0.31,0,0,0,60.0230,218.521,0.08580,1,1,0,0,0,0.007166,0.000141,0.000862,0.000143,0.001151,0.000038,0.000587,0.000040,0.000636,0.000073,0.000802,0.000046,0.000429,0.000046,0.000667,0.31,-29.08,22.48,1.78,79.87,124.14,141.47,179.78,164.06,-110.03,-147.33,159.65,-62.74,-176.44,-19.20,217.8468,4.8558,4.8186,3.6842,14.5361,2.1721,1.4118,0.7438,3.5586,0.5690,5.9281,0.8053,2.0954,0.6776,4.1470
2026-08-06 10:54:09.476,17.150000,188,9,0.007560,1.5926,-1.38,0,0,0,60.0230,218.521,0.08580,1,1,0,0,0,0.007238,0.000164,0.000952,0.000111,0.001198,0.000031,0.000673,0.000040,0.000642,0.000052,0.000720,0.000085,0.000424,0.000122,0.000605,1.38,-13.35,23.61,0.23,78.68,-100.36,141.94,130.07,162.54,151.24,-144.32,-169.35,-59.75,158.60,-10.51,217.8468,4.8558,4.8186,3.6842,14.5361,2.1721,1.4118,0.7438,3.5586,0.5690,5.9281,0.8053,2.0954,0.6776,4.1470
2026-08-06 10:54:09.476,17.166667,188,10,0.007539,1.5767,-0.45,0,0,0,60.0230,218.521,0.08580,1,1,0,0,0,0.007167,0.000227,0.000902,0.000111,0.001168,0.000047,0.000732,0.000054,0.000766,0.000108,0.000852,0.000194,0.000559,0.000113,0.000801,0.45,-18.92,27.55,12.28,78.68,-18.65,138.07,-47.81,166.24,35.02,-145.16,98.64,-66.17,106.96,-20.14,217.8468,4.8558,4.8186,3.6842,14.5361,2.1721,1.4118,0.7438,3.5586,0.5690,5.9281,0.8053,2.0954,0.6776,4.1470
2026-08-06 10:54:09.476,17.183333,188,11,0.007595,1.5989,-0.84,0,0,0,60.0230,218.521,0.08580,1,1,0,0,0,0.007264,0.000191,0.000968,0.000128,0.001208,0.000014,0.000658,0.000047,0.000701,0.000030,0.000773,0.000043,0.000389,0.000057,0.000615,0.84,-22.81,25.91,26.88,77.01,-88.62,136.57,-133.90,156.44,50.86,-146.22,74.77,-67.38,-122.28,-19.18,217.8468,4.8558,4.8186,3.6842,14.5361,2.1721,1.4118,0.7438,3.5586,0.5690,5.9281,0.8053,2.0954,0.6776,4.1470
2026-08-06 10:54:09.476,17.200000,188,12,0.007583,1.5991,-1.53,0,0,0,60.0230,218.521,0.08580,1,1,0,0,0,0.007266,0.000213,0.000919,0.000184,0.001222,0.000026,0.000646,0.000036,0.000661,0.000066,0.000699,0.000054,0.000360,0.000057,0.000649,1.53,-31.61,22.35,29.44,76.18,-165.34,139.65,144.82,158.00,142.08,-146.11,-153.09,-62.77,101.53,-14.13,217.8468,4.8558,4.8186,3.6842,14.5361,2.1721,1.4118,0.7438,3.5586,0.5690,5.9281,0.8053,2.0954,0.6776,4.1470
2026-08-06 10:54:09.476,17.216667,188,13,0.007618,1.6042,-1.52,0,0,0,60.0230,218.521,0.08580,1,1,0,0,0,0.007289,0.000189,0.000830,0.000093,0.001215,0.000011,0.000666,0.000113,0.000676,0.000150,0.000804,0.000079,0.000446,0.000187,0.000539,1.52,-11.65,26.03,-16.34,75.47,-39.22,133.83,65.75,157.95,175.04,-139.66,-19.78,-50.03,89.49,-15.68,217.8468,4.8558,4.8186,3.6842,14.5361,2.1721,1.4118,0.7438,3.5586,0.5690,5.9281,0.8053,2.0954,0.6776,4.1470
2026-08-06 10:54:09.476,17.233333,188,14,0.007568,1.5936,-1.03,0,0,0,60.0230,218.521,0.08580,1,1,0,0,0,0.007238,0.000158,0.000899,0.000104,0.001261,0.000050,0.000674,0.000060,0.000698,0.000028,0.000770,0.000039,0.000394,0.000024,0.000579,1.03,-17.40,24.27,29.39,77.40,-153.78,136.21,-135.57,159.43,-121.50,-150.15,-159.45,-68.71,-146.08,-17.83,217.8468,4.8558,4.8186,3.6842,14.5361,2.1721,1.4118,0.7438,3.5586,0.5690,5.9281,0.8053,2.0954,0.6776,4.1470
2026-08-06 10:54:09.476,17.250000,188,15,0.007509,1.5854,-1.14,0,0,0,60.0230,218.521,0.08580,1,1,0,0,0,0.007203,0.000209,0.000889,0.000089,0.001178,0.000030,0.000646,0.000016,0.000626,0.000059,0.000659,0.000069,0.000330,0.000084,0.000653,1.14,-26.22,19.87,42.65,77.54,-147.62,138.67,132.82,159.32,169.78,-144.05,163.01,-60.33,144.09,-14.10,217.8468,4.8558,4.8186,3.6842,14.5361,2.1721,1.4118,0.7438,3.5586,0.5690,5.9281,0.8053,2.0954,0.6776,4.1470
2026-08-06 10:54:09.476,17.266667,188,16,0.007497,1.5808,-0.62,0,0,0,60.0230,218.521,0.08580,1,1,0,0,0,0.007185,0.000236,0.000808,0.000096,0.001178,0.000099,0.000672,0.000039,0.000725,0.000137,0.000760,0.000185,0.000293,0.000154,0.000575,0.62,-15.52,26.81,24.29,77.80,-175.85,137.77,-174.89,165.97,173.56,-146.10,-171.81,-70.84,177.92,-29.59,217.8468,4.8558,4.8186,3.6842,14.5361,2.1721,1.4118,0.7438,3.5586,0.5690,5.9281,0.8053,2.0954,0.6776,4.1470
2026-08-06 10:54:09.476,17.283333,188,17,0.007672,1.6163,-0.64,0,0,0,60.0230,218.521,0.08580,1,1,0,0,0,0.007340,0.000309,0.000901,0.000122,0.001187,0.000072,0.000569,0.000125,0.000681,0.000073,0.000809,0.000124,0.000302,0.000148,0.000606,0.64,-16.78,23.63,-4.42,72.71,-96.86,143.83,-110.27,161.84,-133.69,-147.76,-148.28,-78.21,166.65,-16.26,217.8468,4.8558,4.8186,3.6842,14.5361,2.1721,1.4118,0.7438,3.5586,0.5690,5.9281,0.8053,2.0954,0.6776,4.1470
2026-08-06 10:54:09.476,17.300000,188,18,0.007557,1.5936,-1.08,0,0,0,60.0230,218.521,0.08580,1,1,0,0,0,0.007239,0.000201,0.000906,0.000119,0.001224,0.000075,0.000623,0.000004,0.000639,0.000072,0.000663,0.000079,0.000324,0.000014,0.000659,1.08,-12.37,24.96,26.72,73.90,-125.46,136.28,-81.79,155.19,150.88,-153.24,-161.79,-60.75,-146.84,-14.42,217.8468,4.8558,4.8186,3.6842,14.5361,2.1721,1.4118,0.7438,3.5586,0.5690,5.9281,0.8053,2.0954,0.6776,4.1470
2026-08-06 10:54:09.476,17.316667,188,19,0.007491,1.5835,-0.24,0,0,0,60.0230,218.521,0.08580,1,1,0,0,0,0.007195,0.000185,0.000877,0.000048,0.001127,0.000042,0.000626,0.000073,0.000577,0.000045,0.000666,0.000044,0.000317,0.000046,0.000606,0.24,-7.60,21.61,-4.02,76.53,-45.13,141.70,-19.66,164.49,12.34,-141.59,53.31,-42.61,15.81,-10.41,217.8468,4.8558,4.8186,3.6842,14.5361,2.1721,1.4118,0.7438,3.5586,0.5690,5.9281,0.8053,2.0954,0.6776,4.1470
2026-08-06 10:54:09.476,17.333333,188,20,0.007529,1.5868,-1.04,0,0,0,60.0230,218.521,0.08580,1,1,0,0,0,0.007215,0.000195,0.000915,0.000114,0.001150,0.000104,0.000641,0.000131,0.000699,0.000076,0.000681,0.000035,0.000439,0.000091,0.000612,1.04,-17.13,25.71,42.72,74.35,-128.92,137.00,148.25,155.48,107.94,-151.69,-26.88,-66.13,-137.98,-22.04,217.8468,4.8558,4.8186,3.6842,14.5361,2.1721,1.4118,0.7438,3.5586,0.5690,5.9281,0.8053,2.0954,0.6776,4.1470
2026-08-06 10:54:09.476,17.350000,188,21,0.007545,1.5879,-0.61,0,0,0,60.0230,218.521,0.08580,1,1,0,0,0,0.007211,0.000257,0.000920,0.000051,0.001192,0.000004,0.000718,0.000053,0.000600,0.000147,0.000795,0.000032,0.000349,0.000051,0.000659,0.61,-7.55,29.28,5.99,72.86,-75.12,142.82,-26.02,157.00,128.29,-145.11,23.02,-63.13,-166.37,-19.76,217.8468,4.8558,4.8186,3.6842,14.5361,2.1721,1.4118,0.7438,3.5586,0.5690,5.9281,0.8053,2.0954,0.6776,4.1470
2026-08-06 10:54:09.476,17.366667,188,22,0.007539,1.5915,-0.94,0,0,0,60.0230,218.521,0.08580,1,1,0,0,0,0.007235,0.000197,0.000897,0.000122,0.001162,0.000028,0.000623,0.000036,0.000643,0.000005,0.000753,0.000016,0.000344,0.000065,0.000620,0.94,-11.15,26.24,22.71,77.98,90.10,139.06,-98.81,158.72,-0.99,-145.09,110.52,-57.45,28.08,-19.05,217.8468,4.8558,4.8186,3.6842,14.5361,2.1721,1.4118,0.7438,3.5586,0.5690,5.9281,0.8053,2.0954,0.6776,4.1470
2026-08-06 10:54:09.476,17.383333,188,23,0.007553,1.5904,-1.17,0,0,0,60.0230,218.521,0.08580,1,1,0,0,0,0.007223,0.000156,0.000940,0.000119,0.001220,0.000016,0.000677,0.000073,0.000700,0.000095,0.000708,0.000078,0.000375,0.000066,0.000627,1.17,-32.56,23.13,34.87,74.31,39.74,140.33,142.95,155.02,172.64,-143.99,-141.14,-66.96,117.61,-9.64,217.8468,4.8558,4.8186,3.6842,14.5361,2.1721,1.4118,0.7438,3.5586,0.5690,5.9281,0.8053,2.0954,0.6776,4.1470
2026-08-06 10:54:09.476,17.400000,188,24,0.007527,1.5841,-0.60,0,0,0,60.0230,218.521,0.08580,1,1,0,0,0,0.007195,0.000266,0.000928,0.000171,0.001283,0.000041,0.000638,0.000063,0.000595,0.000092,0.000706,0.000067,0.000373,0.000034,0.000653,0.60,-3.71,22.66,7.54,75.34,144.12,135.40,100.94,151.99,170.46,-150.41,143.99,-68.30,128.19,-22.04,217.8468,4.8558,4.8186,3.6842,14.5361,2.1721,1.4118,0.7438,3.5586,0.5690,5.9281,0.8053,2.0954,0.6776,4.1470
2026-08-06 10:54:09.476,17.416667,188,25,0.007540,1.5899,-0.59,0,0,0,60.0230,218.521,0.08580,1,1,0,0,0,0.007229,0.000158,0.000908,0.000108,0.001151,0.000015,0.000627,0.000059,0.000692,0.000020,0.000763,0.000069,0.000371,0.000066,0.000582,0.59,-14.62,24.81,8.32,77.32,7.22,138.52,123.01,163.05,149.80,-148.35,131.52,-56.96,-109.06,-19.89,217.8468,4.8558,4.8186,3.6842,14.5361,2.1721,1.4118,0.7438,3.5586,0.5690,5.9281,0.8053,2.0954,0.6776,4.1470
2026-08-06 10:54:09.476,17.433333,188,26,0.007568,1.5947,-0.91,0,0,0,60.0230,218.521,0.08580,1,1,0,0,0,0.007242,0.000177,0.000857,0.000164,0.001243,0.000141,0.000615,0.000039,0.000777,0.000120,0.000651,0.000170,0.000239,0.000018,0.000697,0.91,-30.43,22.89,27.67,76.14,-172.92,130.21,58.73,163.51,146.32,-135.85,-165.10,-68.10,-102.94,-24.09,217.8468,4.8558,4.8186,3.6842,14.5361,2.1721,1.4118,0.7438,3.5586,0.5690,5.9281,0.8053,2.0954,0.6776,4.1470
2026-08-06 10:54:09.476,17.450000,188,27,0.007525,1.5847,-0.59,0,0,0,60.0230,218.521,0.08580,1,1,0,0,0,0.007194,0.000256,0.000927,0.000181,0.001239,0.000062,0.000679,0.000050,0.000581,0.000058,0.000691,0.000053,0.000356,0.000045,0.000627,0.59,-13.88,20.67,28.83,77.10,121.13,136.27,176.86,162.73,141.54,-141.28,95.63,-62.31,105.27,-15.61,217.8468,4.8558,4.8186,3.6842,14.5361,2.1721,1.4118,0.7438,3.5586,0.5690,5.9281,0.8053,2.0954,0.6776,4.1470
2026-08-06 10:54:09.476,17.466667,188,28,0.007538,1.5907,-0.83,0,0,0,60.0230,218.521,0.08580,1,1,0,0,0,0.007231,0.000150,0.000852,0.000118,0.001203,0.000056,0.000623,0.000046,0.000647,0.000022,0.000743,0.000016,0.000388,0.000055,0.000593,0.83,-11.41,23.37,8.16,76.96,134.55,139.99,-114.76,157.98,145.80,-148.62,157.33,-59.31,-146.15,-13.25,217.8468,4.8558,4.8186,3.6842,14.5361,2.1721,1.4118,0.7438,3.5586,0.5690,5.9281,0.8053,2.0954,0.6776,4.1470
2026-08-06 10:54:09.476,17.483333,188,29,0.007588,1.5999,-0.83,0,0,0,60.0230,218.521,0.08580,1,1,0,0,0,0.007269,0.000147,0.000945,0.000106,0.001241,0.000014,0.000606,0.000060,0.000613,0.000060,0.000724,0.000060,0.000362,0.000068,0.000618,0.83,-35.88,22.28,7.73,75.70,108.28,133.61,141.18,157.87,80.84,-152.74,-168.35,-58.09,128.62,-13.52,217.8468,4.8558,4.8186,3.6842,14.5361,2.1721,1.4118,0.7438,3.5586,0.5690,5.9281,0.8053,2.0954,0.6776,4.1470
2026-08-06 10:54:09.734,17.500000,189,0,0.007551,1.5917,-0.85,0,0,0,60.0230,218.502,0.08567,1,1,0,0,0,0.007233,0.000217,0.000906,0.000150,0.001210,0.000030,0.000700,0.000037,0.000628,0.000030,0.000740,0.000026,0.000356,0.000046,0.000648,0.85,-20.89,21.48,26.30,76.92,106.95,137.50,12.91,164.53,70.27,-150.31,93.24,-57.96,107.91,-18.93,217.8314,4.8274,4.8419,3.6825,14.5065,2.1639,1.4282,0.7364,3.5672,0.5766,5.9086,0.7987,2.0936,0.6930,4.1480
2026-08-06 10:54:09.734,17.516667,189,1,0.007329,1.5335,-0.63,0,0,0,60.0230,218.502,0.08567,1,1,0,0,0,0.006957,0.000326,0.000808,0.000265,0.001157,0.000031,0.000684,0.000105,0.000772,0.000194,0.000899,0.000191,0.000476,0.000143,0.000584,0.63,23.85,17.54,44.45,72.67,67.37,137.36,22.74,166.75,59.13,-142.71,86.05,-67.35,136.63,-32.42,217.8314,4.8274,4.8419,3.6825,14.5065,2.1639,1.4282,0.7364,3.5672,0.5766,5.9086,0.7987,2.0936,0.6930,4.1480
2026-08-06 10:54:09.734,17.533333,189,2,0.007385,1.5559,-1.33,0,0,0,60.0230,218.502,0.08567,1,1,0,0,0,0.007068,0.000362,0.000704,0.000229,0.001125,0.000151,0.000521,0.000180,0.000478,0.000150,0.000690,0.000266,0.000367,0.000099,0.000661,1.33,2.88,15.25,53.55,75.64,90.86,150.88,122.34,155.05,149.50,-141.40,174.81,-39.86,-136.90,-9.41,217.8314,4.8274,4.8419,3.6825,14.5065,2.1639,1.4282,0.7364,3.5672,0.5766,5.9086,0.7987,2.0936,0.6930,4.1480
2026-08-06 10:54:09.734,17.550000,189,3,0.007469,1.5721,-0.90,0,0,0,60.0230,218.502,0.08567,1,1,0,0,0,0.007145,0.000143,0.000893,0.000086,0.001200,0.000033,0.000715,0.000038,0.000666,0.000099,0.000766,0.000073,0.000344,0.000066,0.000571,0.90,-18.88,24.33,22.09,79.49,169.68,140.52,-173.61,160.41,170.60,-152.06,155.80,-70.99,169.51,-16.23,217.8314,4.8274,4.8419,3.6825,14.5065,2.1639,1.4282,0.7364,3.5672,0.5766,5.9086,0.7987,2.0936,0.6930,4.1480
2026-08-06 10:54:09.734,17.566667,189,4,0.007532,1.5876,-0.79,0,0,0,60.0230,218.502,0.08567,1,1,0,0,0,0.007218,0.000147,0.000897,0.000127,0.001175,0.000038,0.000663,0.000037,0.000708,0.000033,0.000753,0.000035,0.000366,0.000039,0.000632,0.79,-9.74,23.75,42.36,76.42,178.30,140.88,-174.78,162.00,170.92,-149.71,-124.01,-66.16,-163.32,-16.12,217.8314,4.8274,4.8419,3.6825,14.5065,2.1639,1.4282,0.7364,3.5672,0.5766,5.9086,0.7987,2.0936,0.6930,4.1480
2026-08-06 10:54:09.734,17.583333,189,5,0.007503,1.5811,-0.74,0,0,0,60.0230,218.502,0.08567,1,1,0,0,0,0.007180,0.000297,0.000888,0.000159,0.001192,0.000050,0.000638,0.000136,0.000636,0.000018,0.000676,0.000089,0.000352,0.000144,0.000702,0.74,-6.01,25.55,30.57,75.00,-109.74,126.90,124.78,162.31,99.64,-152.78,178.25,-80.15,-78.00,-2.79,217.8314,4.8274,4.8419,3.6825,14.5065,2.1639,1.4282,0.7364,3.5672,0.5766,5.9086,0.7987,2.0936,0.6930,4.1480
2026-08-06 10:54:09.734,17.600000,189,6,0.007534,1.5895,-0.55,0,0,0,60.0230,218.502,0.08567,1,1,0,0,0,0.007225,0.000165,0.000892,0.000108,0.001167,0.000060,0.000648,0.000035,0.000660,0.000044,0.000730,0.000044,0.000376,0.000019,0.000581,0.55,-19.81,25.34,-17.97,77.92,-149.65,136.28,127.21,161.93,-15.92,-148.25,-165.85,-62.01,-48.47,-19.89,217.8314,4.8274,4.8419,3.6825,14.5065,2.1639,1.4282,0.7364,3.5672,0.5766,5.9086,0.7987,2.0936,0.6930,4.1480
2026-08-06 10:54:09.734,17.616667,189,7,0.007612,1.6107,-1.64,0,0,0,60.0230,218.502,0.08567,1,1,0,0,0,0.007317,0.000215,0.000768,0.000140,0.001209,0.000040,0.000618,0.000158,0.000631,0.000140,0.000722,0.000014,0.000354,0.000159,0.000639,1.64,32.50,27.64,-14.32,73.22,-166.31,137.22,-166.78,179.14,-56.20,-141.41,-78.68,-68.79,-172.90,-25.35,217.8314,4.8274,4.8419,3.6825,14.5065,2.1639,1.4282,0.7364,3.5672,0.5766,5.9086,0.7987,2.0936,0.6930,4.1480
2026-08-06 10:54:09.734,17.633333,189,8,0.007453,1.5641,-0.63,0,0,0,60.0230,218.502,0.08567,1,1,0,0,0,0.007107,0.000202,0.000948,0.000018,0.001280,0.000116,0.000536,0.000060,0.000773,0.000028,0.000689,0.000151,0.000364,0.000088,0.000700,0.63,-36.35,22.58,-44.90,74.10,121.30,143.29,33.50,162.08,-38.12,-156.61,-169.00,-44.00,-178.59,-23.98,217.8314,4.8274,4.8419,3.6825,14.5065,2.1639,1.4282,0.7364,3.5672,0.5766,5.9086,0.7987,2.0936,0.6930,4.1480
2026-08-06 10:54:09.734,17.650000,189,9,0.007494,1.5794,-0.85,0,0,0,60.0230,218.502,0.08567,1,1,0,0,0,0.007180,0.000188,0.000897,0.000060,0.001134,0.000054,0.000652,0.000051,0.000603,0.000067,0.000757,0.000031,0.000410,0.000051,0.000693,0.85,-24.26,23.93,-6.57,75.64,-172.11,138.26,-150.06,158.05,147.86,-144.73,163.24,-63.20,-94.80,-22.61,217.8314,4.8274,4.8419,3.6825,14.5065,2.1639,1.4282,0.7364,3.5672,0.5766,5.9086,0.7987,2.0936,0.6930,4.1480
2026-08-06 10:54:09.734,17.666667,189,10,0.007470,1.5733,-1.51,0,0,0,60.0230,218.502,0.08567,1,1,0,0,0,0.007147,0.000293,0.000900,0.000170,0.001158,0.000112,0.000730,0.000101,0.000587,0.000072,0.000770,0.000125,0.000362,0.000129,0.000636,1.51,-1.50,24.81,5.95,75.94,175.38,139.19,110.14,158.52,-170.35,-145.91,-156.12,-80.21,130.26,-15.61,217.8314,4.8274,4.8419,3.6825,14.5065,2.1639,1.4282,0.7364,3.5672,0.5766,5.9086,0.7987,2.0936,0.6930,4.1480
2026-08-06 10:54:09.734,17.683333,189,11,0.007623,1.6008,-1.76,0,0,0,60.0230,218.502,0.08567,1,1,0,0,0,0.007287,0.000273,0.000973,0.000101,0.001153,0.000092,0.000707,0.000109,0.000570,0.000182,0.000845,0.000149,0.000265,0.000105,0.000786,1.76,-11.88,25.30,-8.88,79.60,143.30,132.03,43.01,155.30,-146.50,-153.33,137.88,-64.83,-13.30,-25.91,217.8314,4.8274,4.8419,3.6825,14.5065,2.1639,1.4282,0.7364,3.5672,0.5766,5.9086,0.7987,2.0936,0.6930,4.1480
2026-08-06 10:54:09.734,17.700000,189,12,0.007553,1.5925,-1.00,0,0,0,60.0230,218.502,0.08567,1,1,0,0,0,0.007234,0.000192,0.000923,0.000175,0.001215,0.000011,0.000638,0.000042,0.000682,0.000042,0.000705,0.000030,0.000350,0.000037,0.000598,1.00,-21.89,21.12,45.80,75.75,-159.28,136.64,-122.66,162.82,106.72,-148.83,127.72,-59.26,-161.44,-16.65,217.8314,4.8274,4.8419,3.6825,14.5065,2.1639,1.4282,0.7364,3.5672,0.5766,5.9086,0.7987,2.0936,0.6930,4.1480
2026-08-06 10:54:09.734,17.716667,189,13,0.007534,1.5892,-1.08,0,0,0,60.0230,218.502,0.08567,1,1,0,0,0,0.007221,0.000190,0.000871,0.000134,0.001221,0.000074,0.000615,0.000037,0.000633,0.000047,0.000731,0.000041,0.000399,0.000080,0.000657,1.08,-7.01,22.10,2.21,76.75,172.37,137.97,95.76,158.05,165.49,-148.77,-144.49,-65.14,95.74,-15.80,217.8314,4.8274,4.8419,3.6825,14.5065,2.1639,1.4282,0.7364,3.5672,0.5766,5.9086,0.7987,2.0936,0.6930,4.1480
2026-08-06 10:54:09.734,17.733333,189,14,0.007513,1.5808,-1.12,0,0,0,60.0230,218.502,0.08567,1,1,0,0,0,0.007173,0.000267,0.000915,0.000124,0.001247,0.000109,0.000647,0.000069,0.000698,0.000148,0.000807,0.000048,0.000273,0.000085,0.000506,1.12,-40.77,26.63,-19.79,74.37,-161.91,138.57,76.37,169.53,94.33,-146.17,14.59,-92.50,-44.84,-3.56,217.8314,4.8274,4.8419,3.6825,14.5065,2.1639,1.4282,0.7364,3.5672,0.5766,5.9086,0.7987,2.0936,0.6930,4.1480
2026-08-06 10:54:09.734,17.750000,189,15,0.007480,1.5748,-1.22,0,0,0,60.0230,218.502,0.08567,1,1,0,0,0,0.007156,0.000129,0.000896,0.000178,0.001214,0.000090,0.000652,0.000073,0.000677,0.000038,0.000769,0.000045,0.000363,0.000059,0.000598,1.22,-18.80,27.92,36.05,77.82,-82.80,145.00,-125.28,162.44,-8.38,-148.04,-146.18,-67.24,156.60,-12.43,217.8314,4.8274,4.8419,3.6825,14.5065,2.1639,1.4282,0.7364,3.5672,0.5766,5.9086,0.7987,2.0936,0.6930,4.1480
2026-08-06 10:54:09.734,17.766667,189,16,0.007620,1.6066,-1.31,0,0,0,60.0230,218.502,0.08567,1,1,0,0,0,0.007298,0.000266,0.000855,0.000127,0.001250,0.000069,0.000686,0.000105,0.000648,0.000085,0.000641,0.000080,0.000355,0.000101,0.000654,1.31,-26.21,22.76,40.30,75.19,-137.23,136.88,62.83,165.59,154.77,-151.86,-126.54,-67.53,141.38,-14.17,217.8314,4.8274,4.8419,3.6825,14.5065,2.1639,1.4282,0.7364,3.5672,0.5766,5.9086,0.7987,2.0936,0.6930,4.1480
2026-08-06 10:54:09.734,17.783333,189,17,0.007594,1.6003,-1.05,0,0,0,60.0230,218.502,0.08567,1,1,0,0,0,0.007262,0.000190,0.000865,0.000161,0.001293,0.000122,0.000579,0.000158,0.000687,0.000147,0.000620,0.000184,0.000293,0.000116,0.000731,1.05,-13.08,21.00,2.17,75.04,153.34,143.64,32.96,154.91,-170.32,-136.02,89.68,-86.02,-60.44,-6.07,217.8314,4.8274,4.8419,3.6825,14.5065,2.1639,1.4282,0.7364,3.5672,0.5766,5.9086,0.7987,2.0936,0.6930,4.1480
2026-08-06 10:54:09.734,17.800000,189,18,0.007526,1.5847,-0.74,0,0,0,60.0230,218.502,0.08567,1,1,0,0,0,0.007207,0.000191,0.000897,0.000113,0.001156,0.000021,0.000631,0.000070,0.000721,0.000017,0.000751,0.000031,0.000396,0.000070,0.000626,0.74,-27.49,27.76,-5.53,79.41,167.70,142.17,-170.17,158.16,-119.09,-149.07,-70.75,-69.40,-156.97,-22.12,217.8314,4.8274,4.8419,3.6825,14.5065,2.1639,1.4282,0.7364,3.5672,0.5766,5.9086,0.7987,2.0936,0.6930,4.1480
2026-08-06 10:54:09.734,17.816667,189,19,0.007534,1.5868,-1.15,0,0,0,60.0230,218.502,0.08567,1,1,0,0,0,0.007203,0.000153,0.000932,0.000137,0.001291,0.000042,0.000628,0.000078,0.000620,0.000085,0.000711,0.000126,0.000347,0.000019,0.000599,1.15,-13.31,25.42,12.71,76.17,-137.59,132.70,114.44,162.30,-173.77,-150.28,-172.35,-69.45,151.51,-18.78,217.8314,4.8274,4.8419,3.6825,14.5065,2.1639,1.4282,0.7364,3.5672,0.5766,5.9086,0.7987,2.0936,0.6930,4.1480
2026-08-06 10:54:09.734,17.833333,189,20,0.007535,1.5898,-0.90,0,0,0,60.0230,218.502,0.08567,1,1,0,0,0,0.007220,0.000193,0.000845,0.000124,0.001161,0.000092,0.000725,0.000031,0.000630,0.000093,0.000772,0.000077,0.000264,0.000081,0.000609,0.90,-14.84,24.26,9.00,72.64,94.71,137.03,-99.43,156.66,151.45,-138.61,25.84,-42.13,-149.54,-15.58,217.8314,4.8274,4.8419,3.6825,14.5065,2.1639,1.4282,0.7364,3.5672,0.5766,5.9086,0.7987,2.0936,0.6930,4.1480
2026-08-06 10:54:09.734,17.850000,189,21,0.007544,1.5879,-0.84,0,0,0,60.0230,218.502,0.08567,1,1,0,0,0,0.007212,0.000150,0.000927,0.000150,0.001240,0.000017,0.000640,0.000056,0.000687,0.000010,0.000760,0.000033,0.000376,0.000096,0.000602,0.84,7.55,23.01,-0.35,77.93,46.99,141.46,103.44,160.11,60.74,-146.05,72.06,-64.69,148.39,-16.23,217.8314,4.8274,4.8419,3.6825,14.5065,2.1639,1.4282,0.7364,3.5672,0.5766,5.9086,0.7987,2.0936,0.6930,4.1480
2026-08-06 10:54:09.734,17.866667,189,22,0.007625,1.6000,-0.48,0,0,0,60.0230,218.502,0.08567,1,1,0,0,0,0.007269,0.000179,0.000981,0.000113,0.001285,0.000057,0.000771,0.000046,0.000584,0.000100,0.000728,0.000161,0.000552,0.000149,0.000644,0.48,-19.27,28.74,-67.85,77.70,-43.05,135.13,165.06,158.82,73.90,-151.41,154.66,-68.77,71.63,-13.71,217.8314,4.8274,4.8419,3.6825,14.5065,2.1639,1.4282,0.7364,3.5672,0.5766,5.9086,0.7987,2.0936,0.6930,4.1480
2026-08-06 10:54:09.734,17.883333,189,23,0.007542,1.5895,-0.50,0,0,0,60.0230,218.502,0.08567,1,1,0,0,0,0.007221,0.000172,0.000899,0.000116,0.001199,0.000023,0.000707,0.000026,0.000671,0.000084,0.000748,0.000018,0.000366,0.000030,0.000592,0.50,-17.65,21.50,11.06,76.04,-131.73,139.13,-73.04,156.56,80.65,-145.21,157.81,-57.44,91.40,-16.91,217.8314,4.8274,4.8419,3.6825,14.5065,2.1639,1.4282,0.7364,3.5672,0.5766,5.9086,0.7987,2.0936,0.6930,4.1480
2026-08-06 10:54:09.734,17.900000,189,24,0.007613,1.6033,-1.18,0,0,0,60.0230,218.502,0.08567,1,1,0,0,0,0.007283,0.000207,0.000941,0.000121,0.001208,0.000027,0.000690,0.000113,0.000697,0.000041,0.000719,0.000063,0.000394,0.000111,0.000619,1.18,3.21,23.53,38.53,76.40,-83.37,136.74,119.57,158.19,-170.28,-151.14,-84.42,-67.74,153.97,-13.87,217.8314,4.8274,4.8419,3.6825,14.5065,2.1639,1.4282,0.7364,3.5672,0.5766,5.9086,0.7987,2.0936,0.6930,4.1480
2026-08-06 10:54:09.734,17.916667,189,25,0.007638,1.6091,-1.04,0,0,0,60.0230,218.502,0.08567,1,1,0,0,0,0.007309,0.000150,0.000921,0.000102,0.001275,0.000066,0.000629,0.000016,0.000662,0.000115,0.000697,0.000085,0.000358,0.000061,0.000668,1.04,-18.56,23.21,-2.75,75.72,-131.89,137.39,87.54,153.38,151.85,-146.88,177.25,-62.04,170.00,-13.57,217.8314,4.8274,4.8419,3.6825,14.5065,2.1639,1.4282,0.7364,3.5672,0.5766,5.9086,0.7987,2.0936,0.6930,4.1480
2026-08-06 10:54:09.734,17.933333,189,26,0.007539,1.5870,-0.42,0,0,0,60.0230,218.502,0.08567,1,1,0,0,0,0.007206,0.000183,0.000914,0.000125,0.001243,0.000042,0.000667,0.000073,0.000559,0.000099,0.000691,0.000153,0.000320,0.000081,0.000655,0.42,-5.42,22.70,9.07,76.65,115.23,142.10,-79.61,165.53,17.81,-147.76,129.27,-74.18,-143.64,-25.23,217.8314,4.8274,4.8419,3.6825,14.5065,2.1639,1.4282,0.7364,3.5672,0.5766,5.9086,0.7987,2.0936,0.6930,4.1480
2026-08-06 10:54:09.734,17.950000,189,27,0.007566,1.5947,-1.25,0,0,0,60.0230,218.502,0.08567,1,1,0,0,0,0.007248,0.000216,0.000899,0.000099,0.001221,0.000046,0.000673,0.000080,0.000656,0.000053,0.000697,0.000058,0.000348,0.000097,0.000574,1.25,-12.95,25.89,7.60,78.07,-132.31,135.89,112.40,161.34,113.92,-148.02,-130.63,-65.94,124.07,-14.86,217.8314,4.8274,4.8419,3.6825,14.5065,2.1639,1.4282,0.7364,3.5672,0.5766,5.9086,0.7987,2.0936,0.6930,4.1480
2026-08-06 10:54:09.734,17.966667,189,28,0.007559,1.5943,-0.90,0,0,0,60.0230,218.502,0.08567,1,1,0,0,0,0.007244,0.000204,0.000838,0.000197,0.001209,0.000062,0.000700,0.000038,0.000568,0.000173,0.000653,0.000151,0.000467,0.000081,0.000694,0.90,-11.77,19.75,29.29,75.81,-86.30,139.72,-89.39,158.65,-177.14,-148.67,139.35,-67.51,143.98,-20.69,217.8314,4.8274,4.8419,3.6825,14.5065,2.1639,1.4282,0.7364,3.5672,0.5766,5.9086,0.7987,2.0936,0.6930,4.1480
2026-08-06 10:54:09.734,17.983333,189,29,0.007546,1.5860,-0.65,0,0,0,60.0230,218.502,0.08567,1,1,0,0,0,0.007200,0.000204,0.000982,0.000189,0.001262,0.000076,0.000657,0.000048,0.000614,0.000069,0.000773,0.000096,0.000428,0.000077,0.000594,0.65,-10.27,22.29,18.24,78.18,168.43,144.99,-14.72,157.03,102.55,-153.08,-141.98,-60.69,-11.24,-7.30,217.8314,4.8274,4.8419,3.6825,14.5065,2.1639,1.4282,0.7364,3.5672,0.5766,5.9086,0.7987,2.0936,0.6930,4.1480
2026-08-06 10:54:09.989,18.000000,190,0,0.007542,1.5911,-1.09,0,0,0,60.0230,218.495,0.08554,1,1,0,0,0,0.007232,0.000175,0.000861,0.000094,0.001185,0.000048,0.000653,0.000048,0.000639,0.000036,0.000742,0.000060,0.000357,0.000047,0.000625,1.09,-35.23,24.08,14.93,76.19,-163.22,141.05,142.91,160.41,138.61,-150.47,-127.79,-72.16,149.59,-13.32,217.8267,4.8376,4.8387,3.6778,14.4874,2.1650,1.4192,0.7455,3.5504,0.5684,5.8875,0.7921,2.1021,0.6889,4.1288
2026-08-06 10:54:09.989,18.016667,190,1,0.007473,1.5786,-0.98,0,0,0,60.0230,218.495,0.08554,1,1,0,0,0,0.007171,0.000196,0.000864,0.000203,0.001200,0.000009,0.000628,0.000062,0.000624,0.000091,0.000713,0.000099,0.000335,0.000032,0.000619,0.98,-15.84,26.32,38.29,74.46,85.28,135.19,7.21,162.12,162.13,-147.72,171.68,-66.41,-134.54,-17.73,217.8267,4.8376,4.8387,3.6778,14.4874,2.1650,1.4192,0.7455,3.5504,0.5684,5.8875,0.7921,2.1021,0.6889,4.1288
2026-08-06 10:54:09.989,18.033333,190,2,0.007518,1.5850,-1.04,0,0,0,60.0230,218.495,0.08554,1,1,0,0,0,0.007199,0.000198,0.000922,0.000102,0.001179,0.000020,0.000634,0.000092,0.000659,0.000084,0.000824,0.000107,0.000450,0.000156,0.000581,1.04,-9.13,20.52,25.17,76.87,-151.43,139.47,-162.27,171.83,-157.43,-140.97,-148.55,-74.12,-133.74,-29.58,217.8267,4.8376,4.8387,3.6778,14.4874,2.1650,1.4192,0.7455,3.5504,0.5684,5.8875,0.7921,2.1021,0.6889,4.1288
2026-08-06 10:54:09.989,18.050000,190,3,0.007524,1.5860,-0.39,0,0,0,60.0230,218.495,0.08554,1,1,0,0,0,0.007200,0.000187,0.000978,0.000163,0.001222,0.000033,0.000629,0.000119,0.000626,0.000081,0.000714,0.000072,0.000354,0.000069,0.000549,0.39,-1.82,23.35,12.03,78.36,90.58,141.54,140.91,156.28,175.36,-149.23,-158.94,-70.77,162.44,-15.50,217.8267,4.8376,4.8387,3.6778,14.4874,2.1650,1.4192,0.7455,3.5504,0.5684,5.8875,0.7921,2.1021,0.6889,4.1288
2026-08-06 10:54:09.989,18.066667,190,4,0.007556,1.5932,-0.77,0,0,0,60.0230,218.495,0.08554,1,1,0,0,0,0.007237,0.000229,0.000955,0.000084,0.001208,0.000043,0.000649,0.000058,0.000561,0.000062,0.000705,0.000072,0.000442,0.000079,0.000630,0.77,-19.59,26.12,10.50,77.46,63.32,138.50,-150.22,158.96,115.59,-147.98,130.68,-56.28,58.34,-15.99,217.8267,4.8376,4.8387,3.6778,14.4874,2.1650,1.4192,0.7455,3.5504,0.5684,5.8875,0.7921,2.1021,0.6889,4.1288
2026-08-06 10:54:09.989,18.083333,190,5,0.007527,1.5870,-0.58,0,0,0,60.0230,218.495,0.08554,1,1,0,0,0,0.007212,0.000150,0.000900,0.000121,0.001176,0.000046,0.000622,0.000040,0.000646,0.000032,0.000786,0.000092,0.000437,0.000100,0.000627,0.58,-12.26,22.46,10.02,78.09,-143.46,142.73,-133.68,162.03,79.33,-145.91,179.40,-61.41,-172.20,-17.48,217.8267,4.8376,4.8387,3.6778,14.4874,2.1650,1.4192,0.7455,3.5504,0.5684,5.8875,0.7921,2.1021,0.6889,4.1288
2026-08-06 10:54:09.989,18.100000,190,6,0.007586,1.5986,-1.13,0,0,0,60.0230,218.495,0.08554,1,1,0,0,0,0.007264,0.000237,0.000870,0.000191,0.001170,0.000141,0.000615,0.000028,0.000773,0.000043,0.000791,0.000162,0.000460,0.000006,0.000458,1.13,-32.41,25.93,25.95,75.06,139.15,132.55,-67.97,150.15,32.09,-142.58,151.12,-59.67,-41.21,-7.53,217.8267,4.8376,4.8387,3.6778,14.4874,2.1650,1.4192,0.7455,3.5504,0.5684,5.8875,0.7921,2.1021,0.6889,4.1288
2026-08-06 10:54:09.989,18.116667,190,7,0.007544,1.5884,-0.78,0,0,0,60.0230,218.495,0.08554,1,1,0,0,0,0.007214,0.000176,0.000911,0.000172,0.001271,0.000042,0.000690,0.000074,0.000633,0.000062,0.000748,0.000054,0.000335,0.000035,0.000621,0.78,-7.13,27.37,14.24,76.24,47.34,140.15,8.15,159.22,137.50,-148.32,141.60,-63.82,177.40,-17.60,217.8267,4.8376,4.8387,3.6778,14.4874,2.1650,1.4192,0.7455,3.5504,0.5684,5.8875,0.7921,2.1021,0.6889,4.1288
2026-08-06 10:54:09.989,18.133333,190,8,0.007504,1.5754,-1.74,0,0,0,60.0230,218.495,0.08554,1,1,0,0,0,0.007156,0.000221,0.001042,0.000134,0.001161,0.000065,0.000658,0.000062,0.000660,0.000052,0.000708,0.000071,0.000474,0.000062,0.000608,1.74,-47.87,19.15,59.85,73.49,20.80,141.40,47.26,158.79,19.64,-146.68,-56.31,-65.55,50.21,-10.78,217.8267,4.8376,4.8387,3.6778,14.4874,2.1650,1.4192,0.7455,3.5504,0.5684,5.8875,0.7921,2.1021,0.6889,4.1288
2026-08-06 10:54:09.989,18.150000,190,9,0.007502,1.5737,-1.32,0,0,0,60.0230,218.495,0.08554,1,1,0,0,0,0.007149,0.000317,0.000862,0.000184,0.001316,0.000054,0.000729,0.000012,0.000696,0.000083,0.000702,0.000129,0.000352,0.000114,0.000663,1.32,0.63,27.31,-10.30,79.89,-89.17,132.67,-102.80,150.30,-111.90,-157.15,-148.10,-51.63,-163.24,-10.14,217.8267,4.8376,4.8387,3.6778,14.4874,2.1650,1.4192,0.7455,3.5504,0.5684,5.8875,0.7921,2.1021,0.6889,4.1288
2026-08-06 10:54:09.989,18.166667,190,10,0.007598,1.5996,-0.08,0,0,0,60.0230,218.495,0.08554,1,1,0,0,0,0.007257,0.000243,0.000915,0.000179,0.001275,0.000095,0.000705,0.000025,0.000700,0.000028,0.000741,0.000035,0.000378,0.000024,0.000649,0.08,-27.05,18.90,0.71,74.30,75.52,135.25,109.30,162.26,-157.01,-145.39,-96.81,-56.96,123.58,-14.76,217.8267,4.8376,4.8387,3.6778,14.4874,2.1650,1.4192,0.7455,3.5504,0.5684,5.8875,0.7921,2.1021,0.6889,4.1288
2026-08-06 10:54:09.989,18.183333,190,11,0.007552,1.5933,-0.36,0,0,0,60.0230,218.495,0.08554,1,1,0,0,0,0.007240,0.000189,0.000926,0.000108,0.001210,0.000045,0.000649,0.000068,0.000640,0.000042,0.000712,0.000037,0.000404,0.000080,0.000599,0.36,-13.39,22.17,18.00,77.60,85.69,137.25,149.91,157.97,167.63,-146.71,178.26,-62.13,162.49,-19.29,217.8267,4.8376,4.8387,3.6778,14.4874,2.1650,1.4192,0.7455,3.5504,0.5684,5.8875,0.7921,2.1021,0.6889,4.1288
2026-08-06 10:54:09.989,18.200000,190,12,0.007546,1.5886,-1.16,0,0,0,60.0230,218.495,0.08554,1,1,0,0,0,0.007219,0.000253,0.000916,0.000127,0.001244,0.000022,0.000659,0.000061,0.000619,0.000112,0.000700,0.000098,0.000415,0.000092,0.000666,1.16,-18.88,23.59,21.17,77.34,144.17,135.87,108.06,154.18,150.35,-147.49,151.67,-65.74,174.15,-10.14,217.8267,4.8376,4.8387,3.6778,14.4874,2.1650,1.4192,0.7455,3.5504,0.5684,5.8875,0.7921,2.1021,0.6889,4.1288
2026-08-06 10:54:09.989,18.216667,190,13,0.007551,1.5906,-1.06,0,0,0,60.0230,218.495,0.08554,1,1,0,0,0,0.007229,0.000191,0.000924,0.000110,0.001240,0.000026,0.000660,0.000026,0.000603,0.000076,0.000759,0.000087,0.000365,0.000045,0.000573,1.06,-23.87,23.31,2.57,79.04,120.55,139.35,143.24,160.14,98.06,-145.61,115.91,-59.99,36.35,-12.34,217.8267,4.8376,4.8387,3.6778,14.4874,2.1650,1.4192,0.7455,3.5504,0.5684,5.8875,0.7921,2.1021,0.6889,4.1288
2026-08-06 10:54:09.989,18.233333,190,14,0.007600,1.5914,0.83,0,0,0,60.0230,218.495,0.08554,1,1,0,0,0,0.007239,0.000040,0.001023,0.000332,0.001116,0.000013,0.000613,0.000036,0.000747,0.000158,0.000674,0.000132,0.000431,0.000081,0.000547,-0.83,176.54,35.10,-2.06,75.91,-69.96,136.90,118.37,156.20,104.77,-144.09,-51.74,-69.39,108.35,-15.08,217.8267,4.8376,4.8387,3.6778,14.4874,2.1650,1.4192,0.7455,3.5504,0.5684,5.8875,0.7921,2.1021,0.6889,4.1288
2026-08-06 10:54:09.989,18.250000,190,15,0.006593,1.3557,2.32,0,0,0,60.0230,218.495,0.08554,1,1,0,0,0,0.006157,0.001090,0.000477,0.000767,0.000735,0.000296,0.000536,0.000081,0.000658,0.000045,0.000833,0.000222,0.000475,0.000184,0.000642,-2.32,26.89,-44.79,59.80,66.68,106.45,136.33,31.32,155.27,60.79,-161.00,18.45,-97.72,74.62,-16.24,217.8267,4.8376,4.8387,3.6778,14.4874,2.1650,1.4192,0.7455,3.5504,0.5684,5.8875,0.7921,2.1021,0.6889,4.1288
2026-08-06 10:54:09.989,18.266667,190,16,0.007557,1.5917,-0.62,0,0,0,60.0230,218.495,0.08554,1,1,0,0,0,0.007233,0.000165,0.000945,0.000158,0.001218,0.000018,0.000629,0.000008,0.000683,0.000051,0.000707,0.000120,0.000322,0.000051,0.000633,0.62,-11.83,25.68,47.38,77.08,58.49,136.75,-93.79,159.08,93.65,-144.43,93.46,-47.01,99.39,-12.07,217.8267,4.8376,4.8387,3.6778,14.4874,2.1650,1.4192,0.7455,3.5504,0.5684,5.8875,0.7921,2.1021,0.6889,4.1288
2026-08-06 10:54:09.989,18.283333,190,17,0.007499,1.5767,-1.27,0,0,0,60.0230,218.495,0.08554,1,1,0,0,0,0.007165,0.000189,0.000935,0.000144,0.001279,0.000088,0.000695,0.000130,0.000592,0.000101,0.000694,0.000043,0.000427,0.000093,0.000589,1.27,4.32,22.42,22.76,78.17,95.80,135.18,132.83,152.45,123.03,-146.11,-162.81,-58.24,129.88,-21.21,217.8267,4.8376,4.8387,3.6778,14.4874,2.1650,1.4192,0.7455,3.5504,0.5684,5.8875,0.7921,2.1021,0.6889,4.1288
2026-08-06 10:54:09.989,18.300000,190,18,0.007510,1.5655,-2.37,0,0,0,60.0230,218.495,0.08554,1,1,0,0,0,0.007112,0.000334,0.001172,0.000096,0.001288,0.000080,0.000629,0.000212,0.000459,0.000260,0.000611,0.000189,0.000490,0.000269,0.000788,2.37,-60.40,26.08,160.02,73.25,160.31,131.03,173.91,146.26,165.15,-136.96,165.90,-43.39,148.55,-25.75,217.8267,4.8376,4.8387,3.6778,14.4874,2.1650,1.4192,0.7455,3.5504,0.5684,5.8875,0.7921,2.1021,0.6889,4.1288
2026-08-06 10:54:09.989,18.316667,190,19,0.007547,1.5928,-1.42,0,0,0,60.0230,218.495,0.08554,1,1,0,0,0,0.007234,0.000233,0.000894,0.000104,0.001217,0.000025,0.000608,0.000067,0.000620,0.000027,0.000790,0.000001,0.000388,0.000055,0.000622,1.42,-16.11,21.73,22.39,74.92,-150.80,132.66,-73.89,158.20,52.34,-145.38,93.13,-73.49,-3.54,-18.85,217.8267,4.8376,4.8387,3.6778,14.4874,2.1650,1.4192,0.7455,3.5504,0.5684,5.8875,0.7921,2.1021,0.6889,4.1288
2026-08-06 10:54:09.989,18.333333,190,20,0.007617,1.6066,-0.98,0,0,0,60.0230,218.495,0.08554,1,1,0,0,0,0.007293,0.000211,0.000981,0.000176,0.001299,0.000042,0.000613,0.000095,0.000622,0.000047,0.000715,0.000045,0.000401,0.000138,0.000600,0.98,2.46,18.95,16.19,76.59,49.25,137.65,127.25,153.41,120.41,-148.53,180.00,-61.81,144.88,-14.33,217.8267,4.8376,4.8387,3.6778,14.4874,2.1650,1.4192,0.7455,3.5504,0.5684,5.8875,0.7921,2.1021,0.6889,4.1288
2026-08-06 10:54:09.989,18.350000,190,21,0.007631,1.6025,-1.10,0,0,0,60.0230,218.495,0.08554,1,1,0,0,0,0.007274,0.000192,0.000962,0.000129,0.001294,0.000034,0.000725,0.000033,0.000584,0.000168,0.000765,0.000154,0.000479,0.000097,0.000585,1.10,-11.25,22.63,-2.87,76.37,-128.04,131.53,93.57,156.94,114.18,-143.21,122.63,-65.24,107.63,-20.10,217.8267,4.8376,4.8387,3.6778,14.4874,2.1650,1.4192,0.7455,3.5504,0.5684,5.8875,0.7921,2.1021,0.6889,4.1288
2026-08-06 10:54:09.989,18.366667,190,22,0.007564,1.5946,-0.74,0,0,0,60.0230,218.495,0.08554,1,1,0,0,0,0.007237,0.000203,0.000973,0.000113,0.001242,0.000052,0.000632,0.000017,0.000580,0.000036,0.000714,0.000046,0.000398,0.000014,0.000614,0.74,1.19,22.26,39.23,74.50,176.77,133.94,-114.68,156.84,174.87,-143.69,119.20,-54.33,109.70,-16.06,217.8267,4.8376,4.8387,3.6778,14.4874,2.1650,1.4192,0.7455,3.5504,0.5684,5.8875,0.7921,2.1021,0.6889,4.1288
2026-08-06 10:54:09.989,18.383333,190,23,0.007634,1.6046,-1.58,0,0,0,60.0230,218.495,0.08554,1,1,0,0,0,0.007292,0.000096,0.001050,0.000079,0.001266,0.000068,0.000740,0.000043,0.000586,0.000095,0.000792,0.000098,0.000308,0.000039,0.000625,1.58,7.27,16.85,-40.77,77.37,-163.10,125.87,56.67,152.64,-121.56,-157.04,-146.19,-36.39,-42.36,-14.83,217.8267,4.8376,4.8387,3.6778,14.4874,2.1650,1.4192,0.7455,3.5504,0.5684,5.8875,0.7921,2.1021,0.6889,4.1288
2026-08-06 10:54:09.989,18.400000,190,24,0.007585,1.5980,-0.53,0,0,0,60.0230,218.495,0.08554,1,1,0,0,0,0.007257,0.000209,0.000874,0.000116,0.001246,0.000026,0.000652,0.000056,0.000665,0.000053,0.000722,0.000072,0.000321,0.000046,0.000642,0.53,-22.08,22.46,23.77,76.40,-126.86,140.94,2.83,161.09,122.86,-147.28,139.86,-60.50,-122.41,-13.08,217.8267,4.8376,4.8387,3.6778,14.4874,2.1650,1.4192,0.7455,3.5504,0.5684,5.8875,0.7921,2.1021,0.6889,4.1288
2026-08-06 10:54:09.989,18.416667,190,25,0.007580,1.5944,-1.37,0,0,0,60.0230,218.495,0.08554,1,1,0,0,0,0.007239,0.000142,0.000934,0.000102,0.001260,0.000026,0.000666,0.000030,0.000627,0.000059,0.000779,0.000014,0.000423,0.000029,0.000623,1.37,-3.34,23.86,3.81,75.69,130.02,137.20,-75.47,160.70,-179.37,-149.49,101.26,-66.98,-177.36,-15.22,217.8267,4.8376,4.8387,3.6778,14.4874,2.1650,1.4192,0.7455,3.5504,0.5684,5.8875,0.7921,2.1021,0.6889,4.1288
2026-08-06 10:54:09.989,18.433333,190,26,0.007526,1.5785,-2.12,0,0,0,60.0230,218.495,0.08554,1,1,0,0,0,0.007168,0.000097,0.001008,0.000267,0.001303,0.000171,0.000528,0.000245,0.000750,0.000093,0.000633,0.000234,0.000541,0.000129,0.000550,2.12,-84.90,14.54,49.73,82.72,-105.96,121.70,108.67,164.70,-104.13,-149.86,152.72,-83.21,10.64,-8.16,217.8267,4.8376,4.8387,3.6778,14.4874,2.1650,1.4192,0.7455,3.5504,0.5684,5.8875,0.7921,2.1021,0.6889,4.1288
2026-08-06 10:54:09.989,18.450000,190,27,0.007515,1.5817,-0.69,0,0,0,60.0230,218.495,0.08554,1,1,0,0,0,0.007188,0.000213,0.000882,0.000118,0.001234,0.000039,0.000668,0.000026,0.000635,0.000095,0.000682,0.000125,0.000443,0.000084,0.000685,0.69,-33.04,24.89,-7.07,77.25,142.38,142.98,-82.70,159.85,-170.14,-142.99,175.50,-58.62,138.19,-26.80,217.8267,4.8376,4.8387,3.6778,14.4874,2.1650,1.4192,0.7455,3.5504,0.5684,5.8875,0.7921,2.1021,0.6889,4.1288
2026-08-06 10:54:09.989,18.466667,190,28,0.007674,1.6092,-0.39,0,0,0,60.0230,218.495,0.08554,1,1,0,0,0,0.007330,0.000333,0.000963,0.000164,0.001107,0.000167,0.000720,0.000186,0.000775,0.000173,0.000641,0.000143,0.000382,0.000101,0.000730,0.39,-25.87,14.71,-28.27,79.08,-147.69,145.54,162.95,157.36,110.08,-154.68,101.01,-38.58,51.74,-17.20,217.8267,4.8376,4.8387,3.6778,14.4874,2.1650,1.4192,0.7455,3.5504,0.5684,5.8875,0.7921,2.1021,0.6889,4.1288
2026-08-06 10:54:09.989,18.483333,190,29,0.007568,1.5971,-1.09,0,0,0,60.0230,218.495,0.08554,1,1,0,0,0,0.007258,0.000217,0.000880,0.000135,0.001199,0.000072,0.000692,0.000040,0.000689,0.000126,0.000727,0.000147,0.000329,0.000021,0.000565,1.09,-13.61,26.93,38.00,76.80,172.77,133.80,72.18,157.61,127.67,-149.22,-163.99,-66.66,40.61,-19.35,217.8267,4.8376,4.8387,3.6778,14.4874,2.1650,1.4192,0.7455,3.5504,0.5684,5.8875,0.7921,2.1021,0.6889,4.1288
2026-08-06 10:54:11.114,18.500000,191,0,0.007596,1.6025,-0.14,0,0,0,60.0230,218.511,0.08572,1,1,0,0,0,0.007274,0.000179,0.000903,0.000237,0.001226,0.000027,0.000711,0.000051,0.000616,0.000105,0.000721,0.000112,0.000279,0.000099,0.000518,0.14,-22.78,21.47,24.65,77.77,-131.82,129.61,-166.22,158.53,147.20,-137.55,87.40,-74.80,-5.36,-9.42,217.8403,4.8594,4.8607,3.7014,14.5355,2.1809,1.3717,0.7718,3.4863,0.5419,5.8878,0.7825,2.1117,0.6833,4.1230
2026-08-06 10:54:11.114,18.516667,191,1,0.007537,1.5906,-0.86,0,0,0,60.0230,218.511,0.08572,1,1,0,0,0,0.007225,0.000191,0.000923,0.000138,0.001185,0.000015,0.000661,0.000053,0.000634,0.000028,0.000742,0.000068,0.000389,0.000071,0.000628,0.86,-6.91,21.95,41.85,75.91,87.36,138.00,-173.67,157.52,-176.22,-148.79,-155.39,-66.69,169.01,-14.82,217.8403,4.8594,4.8607,3.7014,14.5355,2.1809,1.3717,0.7718,3.4863,0.5419,5.8878,0.7825,2.1117,0.6833,4.1230
2026-08-06 10:54:11.114,18.533333,191,2,0.007568,1.5955,-0.34,0,0,0,60.0230,218.511,0.08572,1,1,0,0,0,0.007246,0.000229,0.000946,0.000116,0.001223,0.000018,0.000697,0.000090,0.000622,0.000059,0.000632,0.000118,0.000401,0.000078,0.000657,0.34,-12.60,21.83,33.69,76.26,103.69,137.39,130.84,159.00,168.01,-147.53,173.09,-63.98,153.59,-20.70,217.8403,4.8594,4.8607,3.7014,14.5355,2.1809,1.3717,0.7718,3.4863,0.5419,5.8878,0.7825,2.1117,0.6833,4.1230
2026-08-06 10:54:11.114,18.550000,191,3,0.007559,1.5914,-0.95,0,0,0,60.0230,218.511,0.08572,1,1,0,0,0,0.007229,0.000283,0.000897,0.000110,0.001152,0.000053,0.000749,0.000028,0.000552,0.000142,0.000788,0.000078,0.000399,0.000120,0.000590,0.95,-3.43,27.68,-0.34,72.26,83.78,138.05,-46.85,159.03,106.84,-149.31,-105.07,-49.50,114.30,-22.97,217.8403,4.8594,4.8607,3.7014,14.5355,2.1809,1.3717,0.7718,3.4863,0.5419,5.8878,0.7825,2.1117,0.6833,4.1230
2026-08-06 10:54:11.114,18.566667,191,4,0.007503,1.5824,-1.20,0,0,0,60.0230,218.511,0.08572,1,1,0,0,0,0.007188,0.000218,0.000905,0.000169,0.001187,0.000087,0.000589,0.000112,0.000707,0.000084,0.000684,0.000028,0.000446,0.000080,0.000608,1.20,8.99,27.47,12.48,72.50,-115.59,137.69,140.75,155.29,134.99,-153.01,-33.29,-65.56,172.36,-21.79,217.8403,4.8594,4.8607,3.7014,14.5355,2.1809,1.3717,0.7718,3.4863,0.5419,5.8878,0.7825,2.1117,0.6833,4.1230
2026-08-06 10:54:11.114,18.583333,191,5,0.007601,1.5968,-0.69,0,0,0,60.0230,218.511,0.08572,1,1,0,0,0,0.007254,0.000173,0.000990,0.000110,0.001276,0.000024,0.000685,0.000058,0.000691,0.000063,0.000784,0.000078,0.000380,0.000043,0.000633,0.69,-10.45,25.27,-1.58,76.65,13.56,136.76,42.76,155.83,90.31,-151.54,108.21,-62.61,119.29,-18.40,217.8403,4.8594,4.8607,3.7014,14.5355,2.1809,1.3717,0.7718,3.4863,0.5419,5.8878,0.7825,2.1117,0.6833,4.1230
2026-08-06 10:54:11.114,18.600000,191,6,0.007571,1.5970,-0.55,0,0,0,60.0230,218.511,0.08572,1,1,0,0,0,0.007255,0.000194,0.000909,0.000126,0.001186,0.000008,0.000625,0.000039,0.000607,0.000045,0.000767,0.000054,0.000367,0.000038,0.000619,0.55,-9.25,24.77,-5.83,76.66,93.32,138.82,-9.77,159.07,87.38,-145.95,177.60,-59.59,-124.01,-17.76,217.8403,4.8594,4.8607,3.7014,14.5355,2.1809,1.3717,0.7718,3.4863,0.5419,5.8878,0.7825,2.1117,0.6833,4.1230
2026-08-06 10:54:11.114,18.616667,191,7,0.007500,1.5787,-0.62,0,0,0,60.0230,218.511,0.08572,1,1,0,0,0,0.007171,0.000143,0.001022,0.000063,0.001218,0.000067,0.000668,0.000162,0.000555,0.000101,0.000761,0.000165,0.000224,0.000041,0.000628,0.62,15.18,21.92,-59.57,80.22,-172.52,139.84,92.97,161.09,-120.05,-141.76,-170.95,-68.12,11.99,-15.59,217.8403,4.8594,4.8607,3.7014,14.5355,2.1809,1.3717,0.7718,3.4863,0.5419,5.8878,0.7825,2.1117,0.6833,4.1230
2026-08-06 10:54:11.114,18.633333,191,8,0.007501,1.5831,-1.18,0,0,0,60.0230,218.511,0.08572,1,1,0,0,0,0.007194,0.000192,0.000881,0.000114,0.001199,0.000022,0.000616,0.000083,0.000605,0.000103,0.000661,0.000104,0.000393,0.000073,0.000641,1.18,-9.34,24.62,17.87,73.79,-166.05,138.64,143.86,157.85,128.31,-145.25,173.52,-59.14,111.90,-13.77,217.8403,4.8594,4.8607,3.7014,14.5355,2.1809,1.3717,0.7718,3.4863,0.5419,5.8878,0.7825,2.1117,0.6833,4.1230
2026-08-06 10:54:11.114,18.650000,191,9,0.007724,1.6189,-3.70,0,0,0,60.0230,218.511,0.08572,1,1,0,0,0,0.007414,0.000427,0.000622,0.000231,0.000803,0.000337,0.000398,0.000381,0.000684,0.000289,0.000895,0.000196,0.000605,0.000193,0.000767,3.70,77.20,38.96,-169.00,75.20,-48.25,114.24,53.94,137.99,149.58,-155.54,-152.02,-60.98,-81.50,5.30,217.8403,4.8594,4.8607,3.7014,14.5355,2.1809,1.3717,0.7718,3.4863,0.5419,5.8878,0.7825,2.1117,0.6833,4.1230
2026-08-06 10:54:11.114,18.666667,191,10,0.007549,1.5910,-0.84,0,0,0,60.0230,218.511,0.08572,1,1,0,0,0,0.007227,0.000198,0.000942,0.000183,0.001225,0.000033,0.000621,0.000067,0.000685,0.000051,0.000683,0.000036,0.000342,0.000071,0.000639,0.84,-5.66,24.17,41.22,75.15,-10.14,137.04,163.51,158.05,173.66,-149.00,148.60,-56.33,124.21,-14.87,217.8403,4.8594,4.8607,3.7014,14.5355,2.1809,1.3717,0.7718,3.4863,0.5419,5.8878,0.7825,2.1117,0.6833,4.1230
2026-08-06 10:54:11.114,18.683333,191,11,0.007574,1.5947,-0.73,0,0,0,60.0230,218.511,0.08572,1,1,0,0,0,0.007244,0.000202,0.000856,0.000169,0.001246,0.000102,0.000712,0.000022,0.000596,0.000112,0.000740,0.000063,0.000319,0.000035,0.000624,0.73,-8.18,23.40,15.42,75.05,-108.25,132.96,-29.49,162.60,122.68,-146.61,110.17,-72.71,73.09,-11.55,217.8403,4.8594,4.8607,3.7014,14.5355,2.1809,1.3717,0.7718,3.4863,0.5419,5.8878,0.7825,2.1117,0.6833,4.1230
2026-08-06 10:54:11.114,18.700000,191,12,0.007591,1.6038,-0.38,0,0,0,60.0230,218.511,0.08572,1,1,0,0,0,0.007280,0.000256,0.000853,0.000114,0.001244,0.000105,0.000607,0.000135,0.000679,0.000065,0.000633,0.000098,0.000381,0.000121,0.000650,0.38,0.58,26.03,-25.04,71.54,134.76,148.72,-17.84,157.89,-144.81,-139.75,105.69,-70.24,-35.20,-8.73,217.8403,4.8594,4.8607,3.7014,14.5355,2.1809,1.3717,0.7718,3.4863,0.5419,5.8878,0.7825,2.1117,0.6833,4.1230
2026-08-06 10:54:11.114,18.716667,191,13,0.007481,1.5778,-0.97,0,0,0,60.0230,218.511,0.08572,1,1,0,0,0,0.007163,0.000159,0.000864,0.000116,0.001247,0.000071,0.000629,0.000046,0.000636,0.000071,0.000753,0.000051,0.000423,0.000107,0.000603,0.97,-23.13,21.94,15.71,75.45,-140.66,138.37,149.90,162.08,121.50,-144.54,-126.19,-69.59,120.72,-20.26,217.8403,4.8594,4.8607,3.7014,14.5355,2.1809,1.3717,0.7718,3.4863,0.5419,5.8878,0.7825,2.1117,0.6833,4.1230
2026-08-06 10:54:11.114,18.733333,191,14,0.007570,1.5962,-1.11,0,0,0,60.0230,218.511,0.08572,1,1,0,0,0,0.007244,0.000231,0.000909,0.000131,0.001267,0.000049,0.000690,0.000040,0.000613,0.000062,0.000705,0.000071,0.000357,0.000055,0.000607,1.11,-17.49,20.06,16.16,75.81,166.02,137.20,15.76,158.84,127.14,-145.79,153.04,-68.85,105.91,-17.23,217.8403,4.8594,4.8607,3.7014,14.5355,2.1809,1.3717,0.7718,3.4863,0.5419,5.8878,0.7825,2.1117,0.6833,4.1230
2026-08-06 10:54:11.114,18.750000,191,15,0.007567,1.5981,-0.56,0,0,0,60.0230,218.511,0.08572,1,1,0,0,0,0.007257,0.000267,0.000937,0.000166,0.001188,0.000012,0.000607,0.000027,0.000557,0.000012,0.000682,0.000018,0.000394,0.000044,0.000651,0.56,-16.92,18.36,20.48,73.97,25.10,134.02,-29.40,162.14,27.81,-141.87,70.32,-51.31,-32.28,-18.54,217.8403,4.8594,4.8607,3.7014,14.5355,2.1809,1.3717,0.7718,3.4863,0.5419,5.8878,0.7825,2.1117,0.6833,4.1230
2026-08-06 10:54:11.114,18.766667,191,16,0.007578,1.5928,-1.13,0,0,0,60.0230,218.511,0.08572,1,1,0,0,0,0.007225,0.000179,0.000992,0.000152,0.001295,0.000075,0.000552,0.000052,0.000580,0.000090,0.000892,0.000190,0.000327,0.000136,0.000601,1.13,5.75,27.75,12.34,73.32,1.00,134.19,-127.28,163.92,-177.05,-149.86,-170.76,-69.93,119.76,-3.20,217.8403,4.8594,4.8607,3.7014,14.5355,2.1809,1.3717,0.7718,3.4863,0.5419,5.8878,0.7825,2.1117,0.6833,4.1230
2026-08-06 10:54:11.114,18.783333,191,17,0.007575,1.5943,-0.57,0,0,0,60.0230,218.511,0.08572,1,1,0,0,0,0.007249,0.000284,0.000950,0.000107,0.001138,0.000058,0.000638,0.000112,0.000649,0.000013,0.000663,0.000100,0.000400,0.000042,0.000748,0.57,-19.83,25.94,21.92,77.00,-42.04,129.20,91.17,164.73,-119.62,-145.06,100.61,-69.47,-5.64,-15.85,217.8403,4.8594,4.8607,3.7014,14.5355,2.1809,1.3717,0.7718,3.4863,0.5419,5.8878,0.7825,2.1117,0.6833,4.1230
2026-08-06 10:54:11.114,18.800000,191,18,0.007524,1.5883,-0.61,0,0,0,60.0230,218.511,0.08572,1,1,0,0,0,0.007217,0.000220,0.000877,0.000087,0.001187,0.000041,0.000660,0.000042,0.000640,0.000018,0.000716,0.000048,0.000385,0.000073,0.000645,0.61,-28.05,22.88,30.69,76.05,174.48,137.02,-147.12,163.30,114.30,-145.91,-179.00,-61.53,174.57,-19.88,217.8403,4.8594,4.8607,3.7014,14.5355,2.1809,1.3717,0.7718,3.4863,0.5419,5.8878,0.7825,2.1117,0.6833,4.1230
2026-08-06 10:54:11.114,18.816667,191,19,0.007549,1.5852,-1.58,0,0,0,60.0230,218.511,0.08572,1,1,0,0,0,0.007201,0.000183,0.000922,0.000073,0.001262,0.000055,0.000573,0.000119,0.000704,0.000041,0.000794,0.000150,0.000302,0.000070,0.000678,1.58,6.60,22.00,18.32,75.82,-95.34,148.87,166.90,153.89,-4.78,-144.13,-175.60,-43.04,-28.32,-22.23,217.8403,4.8594,4.8607,3.7014,14.5355,2.1809,1.3717,0.7718,3.4863,0.5419,5.8878,0.7825,2.1117,0.6833,4.1230
2026-08-06 10:54:11.114,18.833333,191,20,0.007521,1.5874,-0.47,0,0,0,60.0230,218.511,0.08572,1,1,0,0,0,0.007211,0.000215,0.000936,0.000126,0.001147,0.000011,0.000682,0.000035,0.000665,0.000026,0.000674,0.000052,0.000326,0.000032,0.000650,0.47,-18.25,23.88,41.64,76.25,42.45,140.32,-59.62,159.73,164.87,-145.00,116.21,-65.02,-128.02,-14.39,217.8403,4.8594,4.8607,3.7014,14.5355,2.1809,1.3717,0.7718,3.4863,0.5419,5.8878,0.7825,2.1117,0.6833,4.1230
2026-08-06 10:54:11.114,18.850000,191,21,0.007503,1.5822,-1.08,0,0,0,60.0230,218.511,0.08572,1,1,0,0,0,0.007189,0.000190,0.000901,0.000138,0.001194,0.000124,0.000610,0.000068,0.000645,0.000048,0.000689,0.000022,0.000393,0.000061,0.000627,1.08,-14.21,20.54,17.47,76.57,173.79,137.51,157.92,157.98,103.77,-144.93,-139.51,-60.08,168.30,-17.11,217.8403,4.8594,4.8607,3.7014,14.5355,2.1809,1.3717,0.7718,3.4863,0.5419,5.8878,0.7825,2.1117,0.6833,4.1230
2026-08-06 10:54:11.114,18.866667,191,22,0.007604,1.5978,-0.96,0,0,0,60.0230,218.511,0.08572,1,1,0,0,0,0.007260,0.000170,0.000984,0.000121,0.001236,0.000094,0.000614,0.000032,0.000651,0.000050,0.000798,0.000129,0.000371,0.000050,0.000587,0.96,-10.13,22.35,-6.96,78.41,170.40,135.18,118.39,157.56,-113.38,-150.75,145.74,-55.19,-146.19,-13.07,217.8403,4.8594,4.8607,3.7014,14.5355,2.1809,1.3717,0.7718,3.4863,0.5419,5.8878,0.7825,2.1117,0.6833,4.1230
2026-08-06 10:54:11.114,18.883333,191,23,0.007534,1.5861,-0.56,0,0,0,60.0230,218.511,0.08572,1,1,0,0,0,0.007201,0.000159,0.000912,0.000232,0.001198,0.000046,0.000670,0.000057,0.000695,0.000059,0.000708,0.000063,0.000369,0.000075,0.000662,0.56,-33.58,19.29,9.34,73.84,2.45,136.76,71.50,154.17,83.07,-149.85,-146.75,-61.67,-150.50,-17.73,217.8403,4.8594,4.8607,3.7014,14.5355,2.1809,1.3717,0.7718,3.4863,0.5419,5.8878,0.7825,2.1117,0.6833,4.1230
2026-08-06 10:54:11.114,18.900000,191,24,0.007514,1.5786,-1.23,0,0,0,60.0230,218.511,0.08572,1,1,0,0,0,0.007169,0.000278,0.000944,0.000056,0.001277,0.000046,0.000616,0.000041,0.000719,0.000044,0.000701,0.000032,0.000432,0.000140,0.000648,1.23,-21.73,20.79,-29.00,81.29,41.75,134.52,-160.65,162.71,89.08,-150.89,-3.02,-77.27,158.79,-12.70,217.8403,4.8594,4.8607,3.7014,14.5355,2.1809,1.3717,0.7718,3.4863,0.5419,5.8878,0.7825,2.1117,0.6833,4.1230
2026-08-06 10:54:11.114,18.916667,191,25,0.007577,1.5971,-1.40,0,0,0,60.0230,218.511,0.08572,1,1,0,0,0,0.007253,0.000216,0.000930,0.000132,0.001233,0.000043,0.000627,0.000048,0.000578,0.000089,0.000699,0.000083,0.000357,0.000046,0.000665,1.40,-9.33,20.79,20.92,75.21,-154.96,136.71,99.00,156.43,133.30,-147.65,-169.87,-62.37,112.05,-14.91,217.8403,4.8594,4.8607,3.7014,14.5355,2.1809,1.3717,0.7718,3.4863,0.5419,5.8878,0.7825,2.1117,0.6833,4.1230
2026-08-06 10:54:11.114,18.933333,191,26,0.007325,1.5379,0.70,0,0,0,60.0230,218.511,0.08572,1,1,0,0,0,0.006979,0.000350,0.000923,0.000158,0.001164,0.000285,0.000483,0.000317,0.000312,0.000274,0.000557,0.000092,0.000350,0.000166,0.000752,-0.70,35.92,11.19,26.61,80.71,62.50,159.63,128.86,141.29,-153.26,-156.52,-90.99,-56.81,-176.20,-0.04,217.8403,4.8594,4.8607,3.7014,14.5355,2.1809,1.3717,0.7718,3.4863,0.5419,5.8878,0.7825,2.1117,0.6833,4.1230
2026-08-06 10:54:11.114,18.950000,191,27,0.007560,1.5927,-1.24,0,0,0,60.0230,218.511,0.08572,1,1,0,0,0,0.007233,0.000191,0.000990,0.000153,0.001239,0.000049,0.000606,0.000072,0.000645,0.000061,0.000764,0.000043,0.000415,0.000088,0.000614,1.24,-2.85,23.32,28.44,77.21,37.30,136.39,178.12,156.26,170.97,-146.47,179.35,-62.33,148.50,-18.93,217.8403,4.8594,4.8607,3.7014,14.5355,2.1809,1.3717,0.7718,3.4863,0.5419,5.8878,0.7825,2.1117,0.6833,4.1230
2026-08-06 10:54:11.114,18.966667,191,28,0.007566,1.5924,-0.53,0,0,0,60.0230,218.511,0.08572,1,1,0,0,0,0.007226,0.000207,0.000935,0.000081,0.001267,0.000067,0.000668,0.000095,0.000617,0.000045,0.000835,0.000104,0.000411,0.000098,0.000499,0.53,-16.39,23.05,35.22,75.05,-76.08,146.21,121.43,154.67,-83.84,-146.77,113.65,-58.08,-109.77,-13.77,217.8403,4.8594,4.8607,3.7014,14.5355,2.1809,1.3717,0.7718,3.4863,0.5419,5.8878,0.7825,2.1117,0.6833,4.1230
2026-08-06 10:54:11.114,18.983333,191,29,0.007546,1.5927,-0.83,0,0,0,60.0230,218.511,0.08572,1,1,0,0,0,0.007237,0.000187,0.000927,0.000111,0.001160,0.000043,0.000694,0.000012,0.000665,0.000036,0.000679,0.000028,0.000341,0.000081,0.000621,0.83,1.32,23.60,42.06,75.49,1.96,134.60,-112.08,162.31,61.92,-145.56,158.84,-57.61,65.28,-13.33,217.8403,4.8594,4.8607,3.7014,14.5355,2.1809,1.3717,0.7718,3.4863,0.5419,5.8878,0.7825,2.1117,0.6833,4.1230
2026-08-06 10:54:11.369,19.000000,192,0,0.007501,1.5817,-1.12,0,0,0,60.0230,218.503,0.08550,1,1,0,0,0,0.007181,0.000120,0.000947,0.000129,0.001226,0.000037,0.000649,0.000052,0.000635,0.000069,0.000754,0.000093,0.000406,0.000132,0.000513,1.12,17.83,25.17,44.80,75.80,4.17,135.04,121.55,152.50,-100.47,-145.30,-91.64,-69.73,-156.50,-14.76,217.8366,4.8360,4.8374,3.6862,14.4801,2.1722,1.3965,0.7555,3.5208,0.5549,5.9062,0.7778,2.0697,0.6574,4.1427
2026-08-06 10:54:11.369,19.016667,192,1,0.007495,1.5406,-2.74,0,0,0,60.0230,218.503,0.08550,1,1,0,0,0,0.006997,0.000356,0.001118,0.000085,0.001331,0.000292,0.000911,0.000288,0.000335,0.000411,0.000939,0.000231,0.000519,0.000249,0.000884,2.74,-55.83,30.53,-56.11,81.94,-61.78,119.84,-144.61,146.92,128.73,-127.38,100.55,-59.54,144.93,-28.50,217.8366,4.8360,4.8374,3.6862,14.4801,2.1722,1.3965,0.7555,3.5208,0.5549,5.9062,0.7778,2.0697,0.6574,4.1427
2026-08-06 10:54:11.369,19.033333,192,2,0.007601,1.5994,-0.56,0,0,0,60.0230,218.503,0.08550,1,1,0,0,0,0.007264,0.000170,0.000959,0.000125,0.001257,0.000009,0.000640,0.000035,0.000613,0.000042,0.000733,0.000082,0.000439,0.000071,0.000636,0.56,-8.10,20.44,-0.58,76.95,-73.93,132.78,-8.37,155.26,119.25,-144.04,137.91,-49.15,37.92,-18.39,217.8366,4.8360,4.8374,3.6862,14.4801,2.1722,1.3965,0.7555,3.5208,0.5549,5.9062,0.7778,2.0697,0.6574,4.1427
2026-08-06 10:54:11.369,19.050000,192,3,0.007589,1.6007,-0.63,0,0,0,60.0230,218.503,0.08550,1,1,0,0,0,0.007271,0.000152,0.000910,0.000068,0.001235,0.000046,0.000640,0.000047,0.000627,0.000053,0.000734,0.000055,0.000394,0.000040,0.000642,0.63,-31.58,21.88,21.15,75.41,157.26,136.13,178.28,153.67,154.45,-145.94,-146.06,-57.20,-177.84,-13.40,217.8366,4.8360,4.8374,3.6862,14.4801,2.1722,1.3965,0.7555,3.5208,0.5549,5.9062,0.7778,2.0697,0.6574,4.1427
2026-08-06 10:54:11.369,19.066667,192,4,0.007633,1.5973,-1.13,0,0,0,60.0230,218.503,0.08550,1,1,0,0,0,0.007250,0.000267,0.000972,0.000169,0.001291,0.000004,0.000718,0.000061,0.000651,0.000063,0.000765,0.000185,0.000462,0.000115,0.000749,1.13,-38.26,25.09,6.00,76.92,36.14,134.71,11.73,163.02,43.44,-145.12,98.37,-74.53,114.90,-26.10,217.8366,4.8360,4.8374,3.6862,14.4801,2.1722,1.3965,0.7555,3.5208,0.5549,5.9062,0.7778,2.0697,0.6574,4.1427
2026-08-06 10:54:11.369,19.083333,192,5,0.007556,1.5912,-0.88,0,0,0,60.0230,218.503,0.08550,1,1,0,0,0,0.007232,0.000156,0.000922,0.000152,0.001184,0.000025,0.000655,0.000053,0.000692,0.000040,0.000771,0.000077,0.000367,0.000049,0.000631,0.88,-16.33,19.96,5.39,76.92,108.12,140.17,-55.51,160.87,58.78,-145.19,140.84,-53.80,-80.93,-20.00,217.8366,4.8360,4.8374,3.6862,14.4801,2.1722,1.3965,0.7555,3.5208,0.5549,5.9062,0.7778,2.0697,0.6574,4.1427
2026-08-06 10:54:11.369,19.100000,192,6,0.007574,1.5944,-1.05,0,0,0,60.0230,218.503,0.08550,1,1,0,0,0,0.007247,0.000169,0.000951,0.000086,0.001226,0.000069,0.000621,0.000022,0.000639,0.000089,0.000699,0.000016,0.000439,0.000112,0.000643,1.05,-7.35,20.23,-8.95,78.56,143.80,134.24,-135.55,160.70,-176.79,-150.11,128.45,-55.70,164.84,-19.34,217.8366,4.8360,4.8374,3.6862,14.4801,2.1722,1.3965,0.7555,3.5208,0.5549,5.9062,0.7778,2.0697,0.6574,4.1427
2026-08-06 10:54:11.369,19.116667,192,7,0.007494,1.5735,-1.49,0,0,0,60.0230,218.503,0.08550,1,1,0,0,0,0.007148,0.000195,0.000928,0.000180,0.001223,0.000110,0.000569,0.000089,0.000690,0.000131,0.000681,0.000183,0.000258,0.000145,0.000806,1.49,-1.95,25.05,18.53,70.40,-67.08,146.66,-153.45,159.38,159.38,-150.86,151.08,-50.66,54.06,-16.90,217.8366,4.8360,4.8374,3.6862,14.4801,2.1722,1.3965,0.7555,3.5208,0.5549,5.9062,0.7778,2.0697,0.6574,4.1427
2026-08-06 10:54:11.369,19.133333,192,8,0.007574,1.5970,-1.09,0,0,0,60.0230,218.503,0.08550,1,1,0,0,0,0.007256,0.000191,0.000934,0.000147,0.001202,0.000058,0.000627,0.000055,0.000627,0.000014,0.000735,0.000075,0.000414,0.000028,0.000633,1.09,-14.77,20.84,3.07,77.05,127.12,138.86,-85.34,159.61,122.59,-145.51,155.56,-57.03,-124.29,-16.63,217.8366,4.8360,4.8374,3.6862,14.4801,2.1722,1.3965,0.7555,3.5208,0.5549,5.9062,0.7778,2.0697,0.6574,4.1427
2026-08-06 10:54:11.369,19.150000,192,9,0.007520,1.5836,-0.28,0,0,0,60.0230,218.503,0.08550,1,1,0,0,0,0.007190,0.000163,0.000984,0.000135,0.001219,0.000129,0.000584,0.000114,0.000685,0.000122,0.000574,0.000090,0.000428,0.000088,0.000695,0.28,6.13,22.27,28.71,71.59,-51.53,145.70,161.65,162.29,99.06,-146.46,-58.79,-59.64,-27.92,-27.70,217.8366,4.8360,4.8374,3.6862,14.4801,2.1722,1.3965,0.7555,3.5208,0.5549,5.9062,0.7778,2.0697,0.6574,4.1427
2026-08-06 10:54:11.369,19.166667,192,10,0.007810,1.6216,-4.80,0,0,0,60.0230,218.503,0.08550,1,1,0,0,0,0.007375,0.000253,0.000644,0.000471,0.001624,0.000381,0.000900,0.000337,0.000322,0.000294,0.000826,0.000167,0.000556,0.000206,0.000628,4.80,161.41,2.06,-18.43,67.64,125.20,161.47,-69.59,150.50,100.15,-158.50,-138.94,-57.18,31.88,0.71,217.8366,4.8360,4.8374,3.6862,14.4801,2.1722,1.3965,0.7555,3.5208,0.5549,5.9062,0.7778,2.0697,0.6574,4.1427
2026-08-06 10:54:11.369,19.183333,192,11,0.007558,1.5960,-0.41,0,0,0,60.0230,218.503,0.08550,1,1,0,0,0,0.007252,0.000228,0.000901,0.000045,0.001185,0.000034,0.000638,0.000030,0.000667,0.000024,0.000695,0.000077,0.000409,0.000050,0.000669,0.41,-24.32,22.83,50.33,79.00,108.32,135.02,171.12,164.44,-118.34,-145.65,-161.52,-60.59,-130.14,-16.36,217.8366,4.8360,4.8374,3.6862,14.4801,2.1722,1.3965,0.7555,3.5208,0.5549,5.9062,0.7778,2.0697,0.6574,4.1427
2026-08-06 10:54:11.369,19.200000,192,12,0.007575,1.5986,-0.67,0,0,0,60.0230,218.503,0.08550,1,1,0,0,0,0.007268,0.000272,0.000828,0.000116,0.001176,0.000113,0.000607,0.000067,0.000661,0.000033,0.000710,0.000114,0.000429,0.000122,0.000693,0.67,-24.23,26.17,36.58,76.02,170.43,134.42,-179.89,161.06,-23.37,-145.35,169.62,-56.70,176.81,-14.18,217.8366,4.8360,4.8374,3.6862,14.4801,2.1722,1.3965,0.7555,3.5208,0.5549,5.9062,0.7778,2.0697,0.6574,4.1427
2026-08-06 10:54:11.369,19.216667,192,13,0.007590,1.6008,-1.07,0,0,0,60.0230,218.503,0.08550,1,1,0,0,0,0.007272,0.000211,0.000872,0.000200,0.001185,0.000095,0.000753,0.000087,0.000574,0.000181,0.000677,0.000139,0.000412,0.000141,0.000559,1.07,4.84,21.95,14.26,78.97,-90.11,133.70,-104.81,154.08,154.16,-136.04,106.31,-81.51,4.57,-12.09,217.8366,4.8360,4.8374,3.6862,14.4801,2.1722,1.3965,0.7555,3.5208,0.5549,5.9062,0.7778,2.0697,0.6574,4.1427
2026-08-06 10:54:11.369,19.233333,192,14,0.007577,1.5987,-0.29,0,0,0,60.0230,218.503,0.08550,1,1,0,0,0,0.007262,0.000214,0.000893,0.000114,0.001194,0.000005,0.000642,0.000028,0.000670,0.000049,0.000694,0.000051,0.000395,0.000120,0.000688,0.29,4.43,23.42,16.21,76.35,70.63,142.49,103.07,155.65,-162.76,-144.95,92.95,-67.89,-179.05,-19.46,217.8366,4.8360,4.8374,3.6862,14.4801,2.1722,1.3965,0.7555,3.5208,0.5549,5.9062,0.7778,2.0697,0.6574,4.1427
2026-08-06 10:54:11.369,19.250000,192,15,0.007515,1.5844,-0.82,0,0,0,60.0230,218.503,0.08550,1,1,0,0,0,0.007196,0.000212,0.000868,0.000118,0.001244,0.000054,0.000646,0.000040,0.000632,0.000080,0.000685,0.000048,0.000399,0.000087,0.000676,0.82,-20.75,22.35,19.22,74.32,-146.81,139.53,145.89,159.09,113.98,-147.50,-152.97,-67.66,137.79,-17.15,217.8366,4.8360,4.8374,3.6862,14.4801,2.1722,1.3965,0.7555,3.5208,0.5549,5.9062,0.7778,2.0697,0.6574,4.1427
2026-08-06 10:54:11.369,19.266667,192,16,0.007574,1.5994,-1.27,0,0,0,60.0230,218.503,0.08550,1,1,0,0,0,0.007270,0.000215,0.000891,0.000050,0.001114,0.000073,0.000726,0.000076,0.000580,0.000049,0.000635,0.000145,0.000426,0.000019,0.000654,1.27,-14.69,27.58,-11.55,72.75,35.22,130.96,-166.93,170.36,12.61,-143.70,-176.80,-68.18,164.89,-14.38,217.8366,4.8360,4.8374,3.6862,14.4801,2.1722,1.3965,0.7555,3.5208,0.5549,5.9062,0.7778,2.0697,0.6574,4.1427
2026-08-06 10:54:11.369,19.283333,192,17,0.007549,1.5912,-0.80,0,0,0,60.0230,218.503,0.08550,1,1,0,0,0,0.007230,0.000139,0.000907,0.000084,0.001204,0.000004,0.000667,0.000050,0.000649,0.000073,0.000746,0.000049,0.000423,0.000061,0.000643,0.80,-11.52,24.06,-4.72,77.26,179.41,141.09,-135.24,160.06,-166.76,-145.60,-155.97,-63.91,167.41,-18.73,217.8366,4.8360,4.8374,3.6862,14.4801,2.1722,1.3965,0.7555,3.5208,0.5549,5.9062,0.7778,2.0697,0.6574,4.1427
2026-08-06 10:54:11.369,19.300000,192,18,0.007660,1.6131,-0.93,0,0,0,60.0230,218.503,0.08550,1,1,0,0,0,0.007327,0.000133,0.001002,0.000052,0.001273,0.000039,0.000645,0.000058,0.000613,0.000042,0.000683,0.000140,0.000374,0.000080,0.000672,0.93,-18.46,23.72,50.78,75.54,-146.86,135.88,167.74,157.85,159.36,-147.75,-164.52,-51.47,-175.43,-11.50,217.8366,4.8360,4.8374,3.6862,14.4801,2.1722,1.3965,0.7555,3.5208,0.5549,5.9062,0.7778,2.0697,0.6574,4.1427
2026-08-06 10:54:11.369,19.316667,192,19,0.007557,1.5941,-1.45,0,0,0,60.0230,218.503,0.08550,1,1,0,0,0,0.007242,0.000248,0.000915,0.000212,0.001184,0.000032,0.000699,0.000078,0.000603,0.000055,0.000681,0.000041,0.000376,0.000004,0.000676,1.45,-27.58,22.95,21.81,76.16,106.23,138.45,-21.72,159.72,154.02,-143.64,159.94,-59.43,-1.24,-15.47,217.8366,4.8360,4.8374,3.6862,14.4801,2.1722,1.3965,0.7555,3.5208,0.5549,5.9062,0.7778,2.0697,0.6574,4.1427
2026-08-06 10:54:11.369,19.333333,192,20,0.007519,1.5779,-1.57,0,0,0,60.0230,218.503,0.08550,1,1,0,0,0,0.007167,0.000182,0.000981,0.000177,0.001234,0.000121,0.000587,0.000139,0.000773,0.000080,0.000749,0.000050,0.000335,0.000070,0.000721,1.57,11.31,26.57,22.18,72.81,-54.09,146.26,-145.45,163.54,154.25,-148.48,179.19,-66.73,82.69,-12.76,217.8366,4.8360,4.8374,3.6862,14.4801,2.1722,1.3965,0.7555,3.5208,0.5549,5.9062,0.7778,2.0697,0.6574,4.1427
2026-08-06 10:54:11.369,19.350000,192,21,0.007616,1.6049,-1.22,0,0,0,60.0230,218.503,0.08550,1,1,0,0,0,0.007293,0.000201,0.000927,0.000122,0.001235,0.000023,0.000677,0.000084,0.000636,0.000118,0.000682,0.000106,0.000424,0.000094,0.000681,1.22,-8.80,24.19,29.96,76.02,-141.47,134.70,87.99,155.82,143.64,-147.09,160.42,-62.06,152.90,-16.19,217.8366,4.8360,4.8374,3.6862,14.4801,2.1722,1.3965,0.7555,3.5208,0.5549,5.9062,0.7778,2.0697,0.6574,4.1427
2026-08-06 10:54:11.369,19.366667,192,22,0.007625,1.5982,-1.31,0,0,0,60.0230,218.503,0.08550,1,1,0,0,0,0.007253,0.000089,0.000938,0.000376,0.001282,0.000063,0.000811,0.000148,0.000597,0.000280,0.000709,0.000082,0.000464,0.000103,0.000528,1.31,17.23,24.60,1.35,67.80,156.75,143.03,-58.22,147.74,58.98,-149.54,-122.87,-63.23,43.50,-1.59,217.8366,4.8360,4.8374,3.6862,14.4801,2.1722,1.3965,0.7555,3.5208,0.5549,5.9062,0.7778,2.0697,0.6574,4.1427
2026-08-06 10:54:11.369,19.383333,192,23,0.007545,1.5906,-1.33,0,0,0,60.0230,218.503,0.08550,1,1,0,0,0,0.007228,0.000218,0.000860,0.000149,0.001211,0.000050,0.000688,0.000058,0.000662,0.000021,0.000735,0.000086,0.000382,0.000047,0.000608,1.33,-17.66,25.55,34.87,75.99,-157.71,135.70,-153.07,162.21,144.25,-147.41,-102.43,-58.94,164.48,-16.31,217.8366,4.8360,4.8374,3.6862,14.4801,2.1722,1.3965,0.7555,3.5208,0.5549,5.9062,0.7778,2.0697,0.6574,4.1427
2026-08-06 10:54:11.369,19.400000,192,24,0.007638,1.6108,-0.89,0,0,0,60.0230,218.503,0.08550,1,1,0,0,0,0.007319,0.000252,0.000888,0.000167,0.001249,0.000049,0.000601,0.000086,0.000661,0.000084,0.000725,0.000096,0.000369,0.000025,0.000687,0.89,1.06,24.02,15.07,76.14,-146.22,130.13,101.95,160.50,85.92,-150.59,-164.72,-52.16,-141.66,-16.59,217.8366,4.8360,4.8374,3.6862,14.4801,2.1722,1.3965,0.7555,3.5208,0.5549,5.9062,0.7778,2.0697,0.6574,4.1427
2026-08-06 10:54:11.369,19.416667,192,25,0.007563,1.5909,0.52,0,0,0,60.0230,218.503,0.08550,1,1,0,0,0,0.007222,0.000241,0.000798,0.000200,0.001352,0.000106,0.000604,0.000077,0.000612,0.000094,0.000778,0.000042,0.000358,0.000133,0.000724,-0.52,5.48,22.12,-27.66,77.45,178.02,139.60,138.75,171.74,40.57,-149.59,-133.68,-43.58,-155.55,-20.66,217.8366,4.8360,4.8374,3.6862,14.4801,2.1722,1.3965,0.7555,3.5208,0.5549,5.9062,0.7778,2.0697,0.6574,4.1427
2026-08-06 10:54:11.369,19.433333,192,26,0.007585,1.5970,-1.24,0,0,0,60.0230,218.503,0.08550,1,1,0,0,0,0.007260,0.000173,0.000945,0.000109,0.001203,0.000065,0.000598,0.000072,0.000671,0.000069,0.000734,0.000046,0.000432,0.000089,0.000655,1.24,-6.82,25.34,24.21,75.31,-116.99,138.92,-172.04,159.89,169.40,-148.51,176.47,-60.76,142.73,-15.66,217.8366,4.8360,4.8374,3.6862,14.4801,2.1722,1.3965,0.7555,3.5208,0.5549,5.9062,0.7778,2.0697,0.6574,4.1427
2026-08-06 10:54:11.369,19.450000,192,27,0.007600,1.6028,-1.24,0,0,0,60.0230,218.503,0.08550,1,1,0,0,0,0.007284,0.000181,0.000862,0.000103,0.001215,0.000048,0.000675,0.000065,0.000648,0.000088,0.000714,0.000064,0.000378,0.000018,0.000664,1.24,-20.05,22.16,12.02,75.83,-167.12,135.52,38.44,160.48,-179.63,-146.96,-158.05,-63.77,-30.34,-18.71,217.8366,4.8360,4.8374,3.6862,14.4801,2.1722,1.3965,0.7555,3.5208,0.5549,5.9062,0.7778,2.0697,0.6574,4.1427
2026-08-06 10:54:11.369,19.466667,192,28,0.007576,1.5973,-0.99,0,0,0,60.0230,218.503,0.08550,1,1,0,0,0,0.007255,0.000159,0.000966,0.000145,0.001245,0.000066,0.000631,0.000039,0.000564,0.000084,0.000682,0.000034,0.000367,0.000073,0.000681,0.99,-13.18,22.67,10.76,77.08,32.14,138.02,25.51,162.08,39.45,-144.91,36.90,-56.37,65.84,-14.83,217.8366,4.8360,4.8374,3.6862,14.4801,2.1722,1.3965,0.7555,3.5208,0.5549,5.9062,0.7778,2.0697,0.6574,4.1427
2026-08-06 10:54:11.369,19.483333,192,29,0.007646,1.6105,-1.03,0,0,0,60.0230,218.503,0.08550,1,1,0,0,0,0.007323,0.000208,0.000916,0.000103,0.001192,0.000036,0.000666,0.000067,0.000735,0.000062,0.000721,0.000047,0.000323,0.000081,0.000632,1.03,-1.70,20.69,0.00,78.25,-116.96,140.89,149.44,155.41,178.79,-151.41,-151.33,-65.34,124.64,-12.23,217.8366,4.8360,4.8374,3.6862,14.4801,2.1722,1.3965,0.7555,3.5208,0.5549,5.9062,0.7778,2.0697,0.6574,4.1427
2026-08-06 10:54:11.626,19.500000,193,0,0.007546,1.5870,-0.23,0,0,0,60.0230,218.429,0.08553,1,1,0,0,0,0.007210,0.000281,0.000960,0.000069,0.001231,0.000061,0.000605,0.000103,0.000661,0.000056,0.000691,0.000054,0.000307,0.000066,0.000656,0.23,-32.64,23.78,44.96,79.66,-84.25,137.05,82.60,157.06,174.95,-138.63,56.77,-65.02,158.04,-18.69,217.7613,4.8294,4.8159,3.6821,14.5069,2.1639,1.3912,0.7610,3.5020,0.5441,5.9075,0.7951,2.1202,0.6881,4.0714
2026-08-06 10:54:11.626,19.516667,193,1,0.007522,1.5845,-0.85,0,0,0,60.0230,218.429,0.08553,1,1,0,0,0,0.007200,0.000200,0.000907,0.000135,0.001198,0.000032,0.000641,0.000003,0.000635,0.000044,0.000756,0.000044,0.000387,0.000053,0.000597,0.85,-42.95,22.57,-3.12,77.29,159.73,138.21,54.25,159.51,32.00,-144.58,60.75,-60.16,16.75,-18.83,217.7613,4.8294,4.8159,3.6821,14.5069,2.1639,1.3912,0.7610,3.5020,0.5441,5.9075,0.7951,2.1202,0.6881,4.0714
2026-08-06 10:54:11.626,19.533333,193,2,0.007526,1.5831,-1.24,0,0,0,60.0230,218.429,0.08553,1,1,0,0,0,0.007196,0.000176,0.000899,0.000115,0.001206,0.000028,0.000611,0.000068,0.000699,0.000142,0.000694,0.000044,0.000545,0.000095,0.000482,1.24,12.03,21.49,-15.76,80.77,-117.20,133.91,-91.43,162.54,166.15,-155.62,-2.22,-68.15,-155.73,-15.39,217.7613,4.8294,4.8159,3.6821,14.5069,2.1639,1.3912,0.7610,3.5020,0.5441,5.9075,0.7951,2.1202,0.6881,4.0714
2026-08-06 10:54:11.626,19.550000,193,3,0.007563,1.5941,-0.90,0,0,0,60.0230,218.429,0.08553,1,1,0,0,0,0.007236,0.000237,0.000955,0.000151,0.001273,0.000052,0.000672,0.000075,0.000608,0.000108,0.000673,0.000116,0.000376,0.000088,0.000604,0.90,-1.18,25.88,6.01,75.51,-168.71,138.50,93.39,157.97,135.77,-146.50,156.11,-68.22,154.94,-16.23,217.7613,4.8294,4.8159,3.6821,14.5069,2.1639,1.3912,0.7610,3.5020,0.5441,5.9075,0.7951,2.1202,0.6881,4.0714
2026-08-06 10:54:11.626,19.566667,193,4,0.007501,1.5833,-0.76,0,0,0,60.0230,218.429,0.08553,1,1,0,0,0,0.007197,0.000226,0.000867,0.000160,0.001122,0.000015,0.000664,0.000055,0.000671,0.000056,0.000704,0.000054,0.000351,0.000039,0.000656,0.76,-21.11,22.58,17.32,75.41,-9.25,136.29,44.33,161.59,88.47,-146.15,141.76,-58.12,-59.94,-20.15,217.7613,4.8294,4.8159,3.6821,14.5069,2.1639,1.3912,0.7610,3.5020,0.5441,5.9075,0.7951,2.1202,0.6881,4.0714
2026-08-06 10:54:11.626,19.583333,193,5,0.007534,1.5810,-1.55,0,0,0,60.0230,218.429,0.08553,1,1,0,0,0,0.007197,0.000167,0.000959,0.000111,0.001175,0.000121,0.000643,0.000072,0.000631,0.000121,0.000873,0.000170,0.000393,0.000037,0.000674,1.55,-18.34,22.12,-22.40,80.96,148.40,127.57,-142.09,158.51,-103.51,-148.52,160.57,-47.31,-121.66,-16.99,217.7613,4.8294,4.8159,3.6821,14.5069,2.1639,1.3912,0.7610,3.5020,0.5441,5.9075,0.7951,2.1202,0.6881,4.0714
2026-08-06 10:54:11.626,19.600000,193,6,0.007438,1.5709,-1.09,0,0,0,60.0230,218.429,0.08553,1,1,0,0,0,0.007140,0.000207,0.000871,0.000119,0.001147,0.000065,0.000644,0.000100,0.000627,0.000131,0.000670,0.000113,0.000276,0.000020,0.000571,1.09,-42.73,21.22,-17.42,75.10,-47.51,133.33,24.25,154.24,94.20,-150.46,126.56,-65.43,143.67,-15.36,217.7613,4.8294,4.8159,3.6821,14.5069,2.1639,1.3912,0.7610,3.5020,0.5441,5.9075,0.7951,2.1202,0.6881,4.0714
2026-08-06 10:54:11.626,19.616667,193,7,0.007560,1.5918,-0.54,0,0,0,60.0230,218.429,0.08553,1,1,0,0,0,0.007232,0.000168,0.000943,0.000161,0.001211,0.000046,0.000625,0.000050,0.000672,0.000017,0.000744,0.000064,0.000339,0.000003,0.000658,0.54,-20.11,23.67,34.76,76.43,-4.07,135.15,-1.05,162.99,-86.65,-148.72,109.24,-52.79,78.96,-17.52,217.7613,4.8294,4.8159,3.6821,14.5069,2.1639,1.3912,0.7610,3.5020,0.5441,5.9075,0.7951,2.1202,0.6881,4.0714
2026-08-06 10:54:11.626,19.633333,193,8,0.007563,1.5924,-0.47,0,0,0,60.0230,218.429,0.08553,1,1,0,0,0,0.007227,0.000247,0.000946,0.000147,0.001265,0.000044,0.000658,0.000089,0.000681,0.000012,0.000736,0.000096,0.000392,0.000084,0.000590,0.47,-4.38,25.00,4.87,77.83,49.91,134.71,144.82,153.83,159.26,-147.69,177.51,-64.22,173.46,-17.46,217.7613,4.8294,4.8159,3.6821,14.5069,2.1639,1.3912,0.7610,3.5020,0.5441,5.9075,0.7951,2.1202,0.6881,4.0714
2026-08-06 10:54:11.626,19.650000,193,9,0.007443,1.5584,0.75,0,0,0,60.0230,218.429,0.08553,1,1,0,0,0,0.007048,0.000200,0.000924,0.000197,0.001448,0.000289,0.000713,0.000200,0.000634,0.000260,0.000721,0.000097,0.000243,0.000104,0.000494,-0.75,53.39,24.01,60.63,70.15,-33.72,147.02,33.70,176.29,160.25,-146.26,-175.25,-78.02,58.77,-24.91,217.7613,4.8294,4.8159,3.6821,14.5069,2.1639,1.3912,0.7610,3.5020,0.5441,5.9075,0.7951,2.1202,0.6881,4.0714
2026-08-06 10:54:11.626,19.666667,193,10,0.007789,1.6373,-1.54,0,0,0,60.0230,218.429,0.08553,1,1,0,0,0,0.007420,0.000430,0.001092,0.000356,0.001072,0.000247,0.000367,0.000189,0.000515,0.000156,0.000863,0.000192,0.000624,0.000154,0.000730,1.54,-4.15,15.94,-7.52,63.21,-33.76,134.75,-68.34,-179.37,-103.58,-129.35,-97.95,-68.32,-113.26,-31.14,217.7613,4.8294,4.8159,3.6821,14.5069,2.1639,1.3912,0.7610,3.5020,0.5441,5.9075,0.7951,2.1202,0.6881,4.0714
2026-08-06 10:54:11.626,19.683333,193,11,0.008810,1.7029,-21.86,0,0,0,60.0230,218.429,0.08553,1,1,0,0,0,0.008294,0.000213,0.001771,0.000249,0.001685,0.000125,0.000484,0.000088,0.000438,0.000189,0.000738,0.000307,0.000370,0.000261,0.000647,21.86,-31.16,39.23,3.61,64.47,4.27,112.80,-13.93,158.97,-54.63,-138.94,-72.09,-58.91,-87.99,-5.48,217.7613,4.8294,4.8159,3.6821,14.5069,2.1639,1.3912,0.7610,3.5020,0.5441,5.9075,0.7951,2.1202,0.6881,4.0714
2026-08-06 10:54:11.626,19.700000,193,12,0.008220,1.7099,0.25,0,0,0,60.0230,218.429,0.08553,1,1,0,0,0,0.007815,0.000764,0.001071,0.000502,0.000724,0.000494,0.000963,0.000422,0.000990,0.000374,0.000665,0.000140,0.000358,0.000043,0.000592,-0.25,-31.06,-7.37,-70.99,84.85,-132.90,161.31,162.85,149.93,125.03,-164.38,86.69,-53.26,141.97,-7.62,217.7613,4.8294,4.8159,3.6821,14.5069,2.1639,1.3912,0.7610,3.5020,0.5441,5.9075,0.7951,2.1202,0.6881,4.0714
2026-08-06 10:54:11.626,19.716667,193,13,0.007457,1.5764,-0.65,0,0,0,60.0230,218.429,0.08553,1,1,0,0,0,0.007155,0.000135,0.000928,0.000116,0.001204,0.000070,0.000590,0.000043,0.000589,0.000054,0.000761,0.000112,0.000367,0.000016,0.000530,0.65,-10.58,24.85,31.72,76.60,47.25,135.65,-103.45,163.87,171.82,-142.70,-172.29,-60.70,-91.27,-13.17,217.7613,4.8294,4.8159,3.6821,14.5069,2.1639,1.3912,0.7610,3.5020,0.5441,5.9075,0.7951,2.1202,0.6881,4.0714
2026-08-06 10:54:11.626,19.733333,193,14,0.007614,1.5976,-1.36,0,0,0,60.0230,218.429,0.08553,1,1,0,0,0,0.007256,0.000185,0.000811,0.000186,0.001244,0.000099,0.000766,0.000083,0.000691,0.000119,0.000878,0.000185,0.000495,0.000104,0.000693,1.36,-13.88,24.89,-50.25,69.09,33.87,133.89,162.83,159.07,144.95,-146.28,-85.58,-61.26,32.62,-7.41,217.7613,4.8294,4.8159,3.6821,14.5069,2.1639,1.3912,0.7610,3.5020,0.5441,5.9075,0.7951,2.1202,0.6881,4.0714
2026-08-06 10:54:11.626,19.750000,193,15,0.007583,1.5982,-0.58,0,0,0,60.0230,218.429,0.08553,1,1,0,0,0,0.007256,0.000200,0.000936,0.000104,0.001275,0.000037,0.000649,0.000038,0.000617,0.000130,0.000748,0.000096,0.000403,0.000027,0.000608,0.58,-20.72,25.57,17.56,78.16,71.60,139.96,131.64,157.29,113.89,-144.98,125.50,-69.93,94.77,-12.88,217.7613,4.8294,4.8159,3.6821,14.5069,2.1639,1.3912,0.7610,3.5020,0.5441,5.9075,0.7951,2.1202,0.6881,4.0714
2026-08-06 10:54:11.626,19.766667,193,16,0.007530,1.5824,-1.21,0,0,0,60.0230,218.429,0.08553,1,1,0,0,0,0.007192,0.000137,0.000957,0.000114,0.001216,0.000038,0.000648,0.000055,0.000666,0.000039,0.000782,0.000063,0.000444,0.000057,0.000660,1.21,-8.80,24.47,15.13,75.98,-49.32,140.14,-160.50,159.34,174.13,-148.16,105.58,-62.57,12.95,-21.61,217.7613,4.8294,4.8159,3.6821,14.5069,2.1639,1.3912,0.7610,3.5020,0.5441,5.9075,0.7951,2.1202,0.6881,4.0714
2026-08-06 10:54:11.626,19.783333,193,17,0.007567,1.5911,-1.18,0,0,0,60.0230,218.429,0.08553,1,1,0,0,0,0.007232,0.000262,0.000877,0.000177,0.001279,0.000093,0.000629,0.000131,0.000580,0.000156,0.000710,0.000079,0.000411,0.000093,0.000573,1.18,-6.41,23.97,32.90,77.83,89.87,133.65,121.67,155.45,118.06,-148.89,138.15,-53.96,77.74,-5.83,217.7613,4.8294,4.8159,3.6821,14.5069,2.1639,1.3912,0.7610,3.5020,0.5441,5.9075,0.7951,2.1202,0.6881,4.0714
2026-08-06 10:54:11.626,19.800000,193,18,0.007616,1.6004,-0.94,0,0,0,60.0230,218.429,0.08553,1,1,0,0,0,0.007270,0.000245,0.000982,0.000136,0.001216,0.000084,0.000713,0.000043,0.000653,0.000063,0.000747,0.000067,0.000403,0.000126,0.000533,0.94,-12.37,20.98,3.84,75.43,-157.53,140.42,-143.76,156.61,108.13,-143.26,-125.39,-66.71,146.65,-12.95,217.7613,4.8294,4.8159,3.6821,14.5069,2.1639,1.3912,0.7610,3.5020,0.5441,5.9075,0.7951,2.1202,0.6881,4.0714
2026-08-06 10:54:11.626,19.816667,193,19,0.007507,1.5779,-1.42,0,0,0,60.0230,218.429,0.08553,1,1,0,0,0,0.007170,0.000236,0.000995,0.000128,0.001255,0.000014,0.000596,0.000176,0.000725,0.000132,0.000650,0.000042,0.000426,0.000094,0.000659,1.42,8.93,23.57,25.66,77.36,-18.50,138.16,-132.64,165.16,108.03,-146.95,106.49,-54.22,97.13,-18.26,217.7613,4.8294,4.8159,3.6821,14.5069,2.1639,1.3912,0.7610,3.5020,0.5441,5.9075,0.7951,2.1202,0.6881,4.0714
2026-08-06 10:54:11.626,19.833333,193,20,0.007609,1.5981,-1.45,0,0,0,60.0230,218.429,0.08553,1,1,0,0,0,0.007264,0.000149,0.000937,0.000119,0.001290,0.000061,0.000709,0.000092,0.000671,0.000103,0.000739,0.000022,0.000452,0.000088,0.000637,1.45,-9.07,26.87,32.58,75.98,-114.75,141.21,139.93,157.87,120.04,-146.64,-138.38,-63.48,90.07,-10.68,217.7613,4.8294,4.8159,3.6821,14.5069,2.1639,1.3912,0.7610,3.5020,0.5441,5.9075,0.7951,2.1202,0.6881,4.0714
2026-08-06 10:54:11.626,19.850000,193,21,0.007603,1.6016,-0.97,0,0,0,60.0230,218.429,0.08553,1,1,0,0,0,0.007272,0.000247,0.000914,0.000158,0.001272,0.000054,0.000682,0.000047,0.000623,0.000052,0.000705,0.000070,0.000403,0.000019,0.000645,0.97,-21.82,25.23,41.71,77.19,161.97,137.11,-5.12,165.06,160.13,-141.39,109.10,-50.85,25.82,-15.16,217.7613,4.8294,4.8159,3.6821,14.5069,2.1639,1.3912,0.7610,3.5020,0.5441,5.9075,0.7951,2.1202,0.6881,4.0714
2026-08-06 10:54:11.626,19.866667,193,22,0.007519,1.5791,-1.15,0,0,0,60.0230,218.429,0.08553,1,1,0,0,0,0.007180,0.000137,0.000974,0.000132,0.001189,0.000047,0.000625,0.000072,0.000710,0.000054,0.000795,0.000041,0.000435,0.000059,0.000697,1.15,9.42,24.59,31.53,76.35,-44.39,141.12,-141.15,161.96,169.95,-151.19,73.45,-59.46,-58.86,-18.39,217.7613,4.8294,4.8159,3.6821,14.5069,2.1639,1.3912,0.7610,3.5020,0.5441,5.9075,0.7951,2.1202,0.6881,4.0714
2026-08-06 10:54:11.626,19.883333,193,23,0.007721,1.6227,-0.78,0,0,0,60.0230,218.429,0.08553,1,1,0,0,0,0.007372,0.000193,0.000953,0.000146,0.001279,0.000054,0.000716,0.000023,0.000550,0.000141,0.000817,0.000061,0.000350,0.000048,0.000634,0.78,4.59,25.06,15.63,77.99,-83.56,133.65,166.67,152.93,114.54,-141.09,54.37,-69.17,1.59,-4.21,217.7613,4.8294,4.8159,3.6821,14.5069,2.1639,1.3912,0.7610,3.5020,0.5441,5.9075,0.7951,2.1202,0.6881,4.0714
2026-08-06 10:54:11.626,19.900000,193,24,0.007648,1.6124,-1.35,0,0,0,60.0230,218.429,0.08553,1,1,0,0,0,0.007325,0.000197,0.000919,0.000149,0.001269,0.000066,0.000682,0.000020,0.000592,0.000066,0.000685,0.000061,0.000429,0.000012,0.000648,1.35,-16.03,23.71,2.80,76.09,166.21,142.25,22.75,165.68,126.59,-143.09,158.41,-55.81,14.28,-15.93,217.7613,4.8294,4.8159,3.6821,14.5069,2.1639,1.3912,0.7610,3.5020,0.5441,5.9075,0.7951,2.1202,0.6881,4.0714
2026-08-06 10:54:11.626,19.916667,193,25,0.007759,1.6289,-1.60,0,0,0,60.0230,218.429,0.08553,1,1,0,0,0,0.007413,0.000157,0.000963,0.000190,0.001220,0.000072,0.000645,0.000046,0.000662,0.000032,0.000777,0.000035,0.000422,0.000045,0.000715,1.60,-42.69,28.13,20.52,78.60,100.65,142.56,-164.92,157.54,-83.49,-148.47,-17.71,-62.95,128.41,-11.35,217.7613,4.8294,4.8159,3.6821,14.5069,2.1639,1.3912,0.7610,3.5020,0.5441,5.9075,0.7951,2.1202,0.6881,4.0714
2026-08-06 10:54:11.626,19.933333,193,26,0.007708,1.6225,-1.59,0,0,0,60.0230,218.429,0.08553,1,1,0,0,0,0.007385,0.000173,0.000959,0.000189,0.001179,0.000046,0.000663,0.000177,0.000584,0.000101,0.000669,0.000100,0.000310,0.000051,0.000613,1.59,-44.74,26.51,3.75,80.96,51.42,143.80,119.30,156.72,-165.50,-150.11,-93.75,-77.33,52.68,-25.21,217.7613,4.8294,4.8159,3.6821,14.5069,2.1639,1.3912,0.7610,3.5020,0.5441,5.9075,0.7951,2.1202,0.6881,4.0714
2026-08-06 10:54:11.626,19.950000,193,27,0.007641,1.6098,-1.41,0,0,0,60.0230,218.429,0.08553,1,1,0,0,0,0.007312,0.000219,0.000902,0.000148,0.001245,0.000086,0.000683,0.000066,0.000663,0.000093,0.000763,0.000081,0.000403,0.000056,0.000657,1.41,-6.21,25.52,25.77,75.99,72.84,134.86,22.80,164.76,118.62,-144.48,87.48,-58.68,76.64,-14.59,217.7613,4.8294,4.8159,3.6821,14.5069,2.1639,1.3912,0.7610,3.5020,0.5441,5.9075,0.7951,2.1202,0.6881,4.0714
2026-08-06 10:54:11.626,19.966667,193,28,0.007684,1.6150,-1.17,0,0,0,60.0230,218.429,0.08553,1,1,0,0,0,0.007336,0.000210,0.001066,0.000131,0.001224,0.000039,0.000711,0.000058,0.000721,0.000028,0.000745,0.000030,0.000439,0.000066,0.000610,1.17,-6.02,26.55,15.94,76.82,-79.76,136.12,156.27,157.76,49.79,-146.92,-50.67,-66.09,-113.15,-19.08,217.7613,4.8294,4.8159,3.6821,14.5069,2.1639,1.3912,0.7610,3.5020,0.5441,5.9075,0.7951,2.1202,0.6881,4.0714
2026-08-06 10:54:11.626,19.983333,193,29,0.007638,1.6052,-1.00,0,0,0,60.0230,218.429,0.08553,1,1,0,0,0,0.007297,0.000234,0.000928,0.000093,0.001229,0.000048,0.000687,0.000135,0.000695,0.000055,0.000705,0.000081,0.000383,0.000080,0.000754,1.00,-4.46,26.73,62.64,77.12,6.82,132.07,122.79,160.52,-133.20,-145.99,119.85,-78.64,-146.04,-13.84,217.7613,4.8294,4.8159,3.6821,14.5069,2.1639,1.3912,0.7610,3.5020,0.5441,5.9075,0.7951,2.1202,0.6881,4.0714
2026-08-06 10:54:11.880,20.000000,194,0,0.007593,1.5990,-1.35,0,0,0,60.0230,218.398,0.08557,1,1,0,0,0,0.007267,0.000203,0.000877,0.000167,0.001260,0.000069,0.000692,0.000034,0.000674,0.000040,0.000729,0.000040,0.000423,0.000091,0.000616,1.35,-26.96,25.55,2.88,78.78,-176.67,140.19,46.06,163.78,94.72,-144.28,168.23,-57.20,49.81,-17.40,217.7291,4.8426,4.8357,3.7000,14.5355,2.1771,1.3694,0.7533,3.4753,0.5305,5.8395,0.7856,2.1275,0.6818,4.0645
2026-08-06 10:54:11.880,20.016667,194,1,0.007693,1.6216,-1.51,0,0,0,60.0230,218.398,0.08557,1,1,0,0,0,0.007370,0.000156,0.000991,0.000116,0.001223,0.000055,0.000629,0.000106,0.000679,0.000079,0.000743,0.000054,0.000416,0.000113,0.000624,1.51,0.86,22.05,50.15,74.81,141.13,135.11,148.89,159.48,164.10,-142.31,159.50,-64.84,159.87,-19.29,217.7291,4.8426,4.8357,3.7000,14.5355,2.1771,1.3694,0.7533,3.4753,0.5305,5.8395,0.7856,2.1275,0.6818,4.0645
2026-08-06 10:54:11.880,20.033333,194,2,0.007645,1.6103,-1.20,0,0,0,60.0230,218.398,0.08557,1,1,0,0,0,0.007312,0.000211,0.000974,0.000099,0.001305,0.000085,0.000728,0.000104,0.000623,0.000046,0.000686,0.000107,0.000315,0.000183,0.000557,1.20,-10.97,24.83,48.01,77.75,171.94,139.77,170.53,167.51,-174.76,-144.69,105.94,-81.23,159.60,-30.02,217.7291,4.8426,4.8357,3.7000,14.5355,2.1771,1.3694,0.7533,3.4753,0.5305,5.8395,0.7856,2.1275,0.6818,4.0645
2026-08-06 10:54:11.880,20.050000,194,3,0.007607,1.6022,-1.15,0,0,0,60.0230,218.398,0.08557,1,1,0,0,0,0.007278,0.000166,0.000941,0.000163,0.001216,0.000044,0.000714,0.000012,0.000675,0.000081,0.000734,0.000027,0.000427,0.000051,0.000608,1.15,2.15,20.50,4.93,75.56,54.72,143.60,153.03,159.44,80.69,-148.33,76.50,-59.08,139.12,-19.57,217.7291,4.8426,4.8357,3.7000,14.5355,2.1771,1.3694,0.7533,3.4753,0.5305,5.8395,0.7856,2.1275,0.6818,4.0645
2026-08-06 10:54:11.880,20.066667,194,4,0.007560,1.5865,-0.99,0,0,0,60.0230,218.398,0.08557,1,1,0,0,0,0.007203,0.000144,0.001070,0.000240,0.001266,0.000072,0.000696,0.000139,0.000763,0.000029,0.000684,0.000028,0.000323,0.000054,0.000593,0.99,22.17,25.37,26.92,72.47,-63.36,146.23,166.87,160.13,126.00,-154.81,30.47,-49.75,58.03,-25.86,217.7291,4.8426,4.8357,3.7000,14.5355,2.1771,1.3694,0.7533,3.4753,0.5305,5.8395,0.7856,2.1275,0.6818,4.0645
2026-08-06 10:54:11.880,20.083333,194,5,0.007627,1.6074,-1.25,0,0,0,60.0230,218.398,0.08557,1,1,0,0,0,0.007300,0.000251,0.000929,0.000176,0.001257,0.000033,0.000658,0.000127,0.000664,0.000060,0.000669,0.000073,0.000384,0.000025,0.000656,1.25,-14.60,23.76,18.15,75.22,-66.75,134.35,62.51,159.65,146.73,-151.58,-173.31,-63.47,119.19,-12.79,217.7291,4.8426,4.8357,3.7000,14.5355,2.1771,1.3694,0.7533,3.4753,0.5305,5.8395,0.7856,2.1275,0.6818,4.0645
2026-08-06 10:54:11.880,20.100000,194,6,0.007982,1.6769,2.16,0,0,0,60.0230,218.398,0.08557,1,1,0,0,0,0.007611,0.000515,0.000544,0.000329,0.001585,0.000245,0.000460,0.000182,0.000788,0.000165,0.000607,0.000214,0.000487,0.000215,0.000469,-2.16,-84.69,37.25,114.95,75.32,0.76,145.07,-114.36,162.48,83.93,-130.78,-84.70,-89.89,152.12,8.87,217.7291,4.8426,4.8357,3.7000,14.5355,2.1771,1.3694,0.7533,3.4753,0.5305,5.8395,0.7856,2.1275,0.6818,4.0645
2026-08-06 10:54:11.880,20.116667,194,7,0.007590,1.5990,-0.52,0,0,0,60.0230,218.398,0.08557,1,1,0,0,0,0.007258,0.000247,0.000838,0.000168,0.001299,0.000076,0.000633,0.000119,0.000695,0.000020,0.000699,0.000076,0.000476,0.000140,0.000575,0.52,9.05,26.54,0.09,76.34,-159.77,143.85,77.91,168.06,-133.22,-149.79,-132.21,-59.87,83.97,-14.43,217.7291,4.8426,4.8357,3.7000,14.5355,2.1771,1.3694,0.7533,3.4753,0.5305,5.8395,0.7856,2.1275,0.6818,4.0645
2026-08-06 10:54:11.880,20.133333,194,8,0.007588,1.5964,-1.45,0,0,0,60.0230,218.398,0.08557,1,1,0,0,0,0.007253,0.000248,0.000952,0.000169,0.001246,0.000031,0.000680,0.000005,0.000618,0.000127,0.000715,0.000116,0.000435,0.000032,0.000640,1.45,-16.92,26.62,-0.08,76.65,102.62,136.10,132.06,153.85,145.93,-141.02,152.51,-59.09,140.57,-14.78,217.7291,4.8426,4.8357,3.7000,14.5355,2.1771,1.3694,0.7533,3.4753,0.5305,5.8395,0.7856,2.1275,0.6818,4.0645
2026-08-06 10:54:11.880,20.150000,194,9,0.007620,1.6048,-0.61,0,0,0,60.0230,218.398,0.08557,1,1,0,0,0,0.007285,0.000229,0.000978,0.000142,0.001277,0.000075,0.000659,0.000070,0.000598,0.000028,0.000730,0.000073,0.000392,0.000028,0.000648,0.61,-12.53,20.49,6.92,76.92,72.38,136.27,-10.54,163.06,52.23,-143.25,127.58,-51.81,41.23,-15.82,217.7291,4.8426,4.8357,3.7000,14.5355,2.1771,1.3694,0.7533,3.4753,0.5305,5.8395,0.7856,2.1275,0.6818,4.0645
2026-08-06 10:54:11.880,20.166667,194,10,0.007460,1.5684,-2.36,0,0,0,60.0230,218.398,0.08557,1,1,0,0,0,0.007118,0.000314,0.000941,0.000216,0.001376,0.000119,0.000658,0.000146,0.000524,0.000231,0.000680,0.000136,0.000390,0.000028,0.000517,2.36,-31.08,32.78,-15.13,75.67,-177.46,137.52,-163.85,151.02,169.72,-141.10,-151.48,-60.98,70.46,-16.37,217.7291,4.8426,4.8357,3.7000,14.5355,2.1771,1.3694,0.7533,3.4753,0.5305,5.8395,0.7856,2.1275,0.6818,4.0645
2026-08-06 10:54:11.880,20.183333,194,11,0.008568,1.7764,-2.35,0,0,0,60.0230,218.398,0.08557,1,1,0,0,0,0.008077,0.000743,0.001434,0.000403,0.001333,0.000219,0.000513,0.000308,0.000604,0.000313,0.000860,0.000418,0.000572,0.000350,0.000743,2.35,16.04,30.47,19.46,67.26,-5.80,116.55,12.99,140.88,105.84,-161.44,-164.76,-102.03,-114.02,-35.54,217.7291,4.8426,4.8357,3.7000,14.5355,2.1771,1.3694,0.7533,3.4753,0.5305,5.8395,0.7856,2.1275,0.6818,4.0645
2026-08-06 10:54:11.880,20.200000,194,12,0.006181,1.1961,5.60,0,0,0,60.0230,218.398,0.08557,1,1,0,0,0,0.005450,0.001361,0.000681,0.000254,0.001591,0.000470,0.000967,0.000098,0.000618,0.000207,0.000648,0.000151,0.000557,0.000298,0.000887,-5.60,-127.30,-15.95,-23.23,75.69,148.22,148.13,-147.25,146.50,85.79,-164.15,-168.24,-58.20,-22.18,-22.70,217.7291,4.8426,4.8357,3.7000,14.5355,2.1771,1.3694,0.7533,3.4753,0.5305,5.8395,0.7856,2.1275,0.6818,4.0645
2026-08-06 10:54:11.880,20.216667,194,13,0.007593,1.5960,-0.92,0,0,0,60.0230,218.398,0.08557,1,1,0,0,0,0.007253,0.000166,0.000984,0.000125,0.001244,0.000099,0.000627,0.000021,0.000674,0.000136,0.000757,0.000117,0.000430,0.000136,0.000602,0.92,-18.66,27.31,23.43,77.98,-158.28,145.77,75.75,159.41,147.89,-142.58,-135.59,-53.19,162.89,-8.41,217.7291,4.8426,4.8357,3.7000,14.5355,2.1771,1.3694,0.7533,3.4753,0.5305,5.8395,0.7856,2.1275,0.6818,4.0645
2026-08-06 10:54:11.880,20.233333,194,14,0.007658,1.6118,-1.13,0,0,0,60.0230,218.398,0.08557,1,1,0,0,0,0.007328,0.000212,0.000987,0.000127,0.001200,0.000050,0.000704,0.000033,0.000669,0.000063,0.000618,0.000006,0.000397,0.000056,0.000681,1.13,-25.57,25.26,22.54,74.57,-115.83,140.16,74.22,164.57,161.07,-148.36,-122.39,-56.03,-94.02,-10.29,217.7291,4.8426,4.8357,3.7000,14.5355,2.1771,1.3694,0.7533,3.4753,0.5305,5.8395,0.7856,2.1275,0.6818,4.0645
2026-08-06 10:54:11.880,20.250000,194,15,0.007558,1.5916,-0.85,0,0,0,60.0230,218.398,0.08557,1,1,0,0,0,0.007231,0.000154,0.000968,0.000111,0.001201,0.000087,0.000649,0.000099,0.000716,0.000071,0.000693,0.000112,0.000375,0.000072,0.000677,0.85,-7.84,28.51,3.48,75.74,-154.50,142.56,-124.06,167.90,154.31,-144.60,160.08,-46.12,-125.45,-19.84,217.7291,4.8426,4.8357,3.7000,14.5355,2.1771,1.3694,0.7533,3.4753,0.5305,5.8395,0.7856,2.1275,0.6818,4.0645
2026-08-06 10:54:11.880,20.266667,194,16,0.007570,1.5937,-1.05,0,0,0,60.0230,218.398,0.08557,1,1,0,0,0,0.007247,0.000144,0.000971,0.000118,0.001197,0.000099,0.000664,0.000093,0.000710,0.000102,0.000659,0.000058,0.000399,0.000057,0.000668,1.05,-11.58,28.15,-24.22,71.70,-135.60,139.88,-173.18,165.05,-158.68,-149.09,-136.19,-58.65,153.57,-20.10,217.7291,4.8426,4.8357,3.7000,14.5355,2.1771,1.3694,0.7533,3.4753,0.5305,5.8395,0.7856,2.1275,0.6818,4.0645
2026-08-06 10:54:11.880,20.283333,194,17,0.007593,1.6009,-0.54,0,0,0,60.0230,218.398,0.08557,1,1,0,0,0,0.007278,0.000235,0.000892,0.000147,0.001176,0.000086,0.000700,0.000059,0.000641,0.000094,0.000636,0.000107,0.000376,0.000082,0.000736,0.54,-16.89,30.03,-15.13,71.07,-137.50,142.52,8.44,166.58,-160.18,-147.04,140.33,-65.42,168.90,-25.53,217.7291,4.8426,4.8357,3.7000,14.5355,2.1771,1.3694,0.7533,3.4753,0.5305,5.8395,0.7856,2.1275,0.6818,4.0645
2026-08-06 10:54:11.880,20.300000,194,18,0.007569,1.5918,-0.72,0,0,0,60.0230,218.398,0.08557,1,1,0,0,0,0.007234,0.000148,0.000938,0.000141,0.001188,0.000064,0.000613,0.000164,0.000681,0.000035,0.000655,0.000140,0.000215,0.000103,0.000762,0.72,-8.06,29.81,11.38,72.01,-51.90,152.34,-154.88,163.10,177.56,-141.84,-143.94,-70.94,35.99,-34.15,217.7291,4.8426,4.8357,3.7000,14.5355,2.1771,1.3694,0.7533,3.4753,0.5305,5.8395,0.7856,2.1275,0.6818,4.0645
2026-08-06 10:54:11.880,20.316667,194,19,0.007449,1.5711,-0.90,0,0,0,60.0230,218.398,0.08557,1,1,0,0,0,0.007144,0.000081,0.000953,0.000162,0.001086,0.000160,0.000555,0.000163,0.000700,0.000044,0.000543,0.000022,0.000419,0.000015,0.000669,0.90,0.95,28.55,-12.73,68.04,-95.03,146.96,-138.20,167.97,-149.90,-151.07,-149.73,-56.58,77.84,-22.30,217.7291,4.8426,4.8357,3.7000,14.5355,2.1771,1.3694,0.7533,3.4753,0.5305,5.8395,0.7856,2.1275,0.6818,4.0645
2026-08-06 10:54:11.880,20.333333,194,20,0.007584,1.5986,-1.00,0,0,0,60.0230,218.398,0.08557,1,1,0,0,0,0.007261,0.000249,0.000929,0.000092,0.001219,0.000093,0.000691,0.000089,0.000635,0.000071,0.000633,0.000116,0.000375,0.000078,0.000642,1.00,-5.78,26.65,-4.83,72.76,-82.20,144.52,168.65,167.24,-147.80,-144.97,166.49,-63.74,-124.47,-24.33,217.7291,4.8426,4.8357,3.7000,14.5355,2.1771,1.3694,0.7533,3.4753,0.5305,5.8395,0.7856,2.1275,0.6818,4.0645
2026-08-06 10:54:11.880,20.350000,194,21,0.007604,1.5981,-1.18,0,0,0,60.0230,218.398,0.08557,1,1,0,0,0,0.007267,0.000205,0.000982,0.000189,0.001139,0.000068,0.000683,0.000090,0.000728,0.000053,0.000647,0.000035,0.000374,0.000059,0.000738,1.18,-10.14,35.74,-14.44,70.82,-97.24,143.54,-104.53,168.96,-167.71,-147.28,-81.83,-63.13,-128.69,-23.37,217.7291,4.8426,4.8357,3.7000,14.5355,2.1771,1.3694,0.7533,3.4753,0.5305,5.8395,0.7856,2.1275,0.6818,4.0645
2026-08-06 10:54:11.880,20.366667,194,22,0.007598,1.5999,-1.14,0,0,0,60.0230,218.398,0.08557,1,1,0,0,0,0.007270,0.000192,0.000974,0.000127,0.001154,0.000097,0.000680,0.000042,0.000782,0.000104,0.000586,0.000098,0.000381,0.000052,0.000649,1.14,-10.07,33.65,5.45,70.12,-111.09,139.48,-164.61,169.52,-150.41,-147.68,-124.51,-59.18,-140.48,-16.85,217.7291,4.8426,4.8357,3.7000,14.5355,2.1771,1.3694,0.7533,3.4753,0.5305,5.8395,0.7856,2.1275,0.6818,4.0645
2026-08-06 10:54:11.880,20.383333,194,23,0.007603,1.6029,-0.84,0,0,0,60.0230,218.398,0.08557,1,1,0,0,0,0.007285,0.000216,0.000959,0.000153,0.001189,0.000057,0.000657,0.000039,0.000679,0.000037,0.000568,0.000077,0.000380,0.000008,0.000741,0.84,-11.93,27.59,7.60,72.72,-133.21,144.25,-168.84,167.89,166.10,-145.21,-152.35,-56.89,-49.85,-19.38,217.7291,4.8426,4.8357,3.7000,14.5355,2.1771,1.3694,0.7533,3.4753,0.5305,5.8395,0.7856,2.1275,0.6818,4.0645
2026-08-06 10:54:11.880,20.400000,194,24,0.007508,1.5778,-0.22,0,0,0,60.0230,218.398,0.08557,1,1,0,0,0,0.007172,0.000149,0.000946,0.000157,0.001149,0.000018,0.000654,0.000104,0.000744,0.000092,0.000806,0.000171,0.000435,0.000116,0.000546,0.22,-21.72,29.25,10.53,77.84,134.81,141.72,-122.02,169.20,3.96,-144.24,137.56,-45.44,-110.98,-13.51,217.7291,4.8426,4.8357,3.7000,14.5355,2.1771,1.3694,0.7533,3.4753,0.5305,5.8395,0.7856,2.1275,0.6818,4.0645
2026-08-06 10:54:11.880,20.416667,194,25,0.007522,1.5832,-0.74,0,0,0,60.0230,218.398,0.08557,1,1,0,0,0,0.007202,0.000157,0.000920,0.000126,0.001180,0.000015,0.000675,0.000121,0.000648,0.000080,0.000679,0.000100,0.000420,0.000063,0.000656,0.74,-27.46,24.17,13.01,76.61,-167.40,138.42,163.49,165.68,-154.85,-150.58,-135.22,-52.44,117.37,-12.45,217.7291,4.8426,4.8357,3.7000,14.5355,2.1771,1.3694,0.7533,3.4753,0.5305,5.8395,0.7856,2.1275,0.6818,4.0645
2026-08-06 10:54:11.880,20.433333,194,26,0.007584,1.5916,-0.19,0,0,0,60.0230,218.398,0.08557,1,1,0,0,0,0.007240,0.000090,0.001066,0.000357,0.001043,0.000105,0.000712,0.000118,0.000792,0.000250,0.000544,0.000075,0.000377,0.000118,0.000813,0.19,-3.29,38.39,-0.21,71.62,-174.58,132.79,-61.73,175.34,135.19,-146.25,-3.29,-75.48,91.11,-11.69,217.7291,4.8426,4.8357,3.7000,14.5355,2.1771,1.3694,0.7533,3.4753,0.5305,5.8395,0.7856,2.1275,0.6818,4.0645
2026-08-06 10:54:11.880,20.450000,194,27,0.007553,1.5890,-0.62,0,0,0,60.0230,218.398,0.08557,1,1,0,0,0,0.007223,0.000279,0.000923,0.000027,0.001194,0.000040,0.000676,0.000126,0.000659,0.000090,0.000776,0.000135,0.000391,0.000055,0.000647,0.62,-19.90,24.61,53.27,79.06,21.95,141.47,-169.30,164.36,-11.27,-142.21,179.66,-55.68,-54.88,-22.85,217.7291,4.8426,4.8357,3.7000,14.5355,2.1771,1.3694,0.7533,3.4753,0.5305,5.8395,0.7856,2.1275,0.6818,4.0645
2026-08-06 10:54:11.880,20.466667,194,28,0.007565,1.5936,-0.40,0,0,0,60.0230,218.398,0.08557,1,1,0,0,0,0.007246,0.000197,0.000876,0.000082,0.001213,0.000057,0.000681,0.000073,0.000713,0.000060,0.000672,0.000087,0.000428,0.000008,0.000657,0.40,-17.66,27.38,13.01,78.67,-166.58,141.81,134.92,169.45,-172.56,-148.50,-145.28,-61.97,-72.52,-17.71,217.7291,4.8426,4.8357,3.7000,14.5355,2.1771,1.3694,0.7533,3.4753,0.5305,5.8395,0.7856,2.1275,0.6818,4.0645
2026-08-06 10:54:11.880,20.483333,194,29,0.007617,1.6062,-0.30,0,0,0,60.0230,218.398,0.08557,1,1,0,0,0,0.007305,0.000237,0.000911,0.000103,0.001171,0.000043,0.000695,0.000030,0.000680,0.000026,0.000673,0.000073,0.000379,0.000046,0.000668,0.30,-34.65,29.06,-0.54,78.51,-153.43,139.52,11.06,165.52,-171.43,-145.87,139.38,-60.71,-73.70,-18.76,217.7291,4.8426,4.8357,3.7000,14.5355,2.1771,1.3694,0.7533,3.4753,0.5305,5.8395,0.7856,2.1275,0.6818,4.0645
2026-08-06 10:54:12.140,20.500000,195,0,0.007651,1.6110,-0.42,0,0,0,60.0269,218.329,0.08520,1,1,0,0,0,0.007325,0.000128,0.000954,0.000059,0.001184,0.000107,0.000668,0.000156,0.000653,0.000136,0.000671,0.000142,0.000462,0.000167,0.000753,0.42,-43.18,29.58,24.31,75.94,173.97,141.11,-156.23,164.89,-169.72,-138.99,179.39,-50.96,-152.54,-19.33,217.6675,4.7697,4.7356,3.6422,14.4233,2.1454,1.4721,0.7654,3.5825,0.5730,5.9557,0.7873,2.0545,0.6487,4.0816
2026-08-06 10:54:12.140,20.516667,195,1,0.007569,1.5947,-0.46,0,0,0,60.0269,218.329,0.08520,1,1,0,0,0,0.007251,0.000211,0.000900,0.000050,0.001169,0.000054,0.000728,0.000033,0.000708,0.000040,0.000675,0.000110,0.000397,0.000029,0.000683,0.46,-18.03,26.43,37.58,76.35,-143.92,143.22,138.80,167.16,-168.57,-143.47,-121.56,-65.16,-151.90,-15.85,217.6675,4.7697,4.7356,3.6422,14.4233,2.1454,1.4721,0.7654,3.5825,0.5730,5.9557,0.7873,2.0545,0.6487,4.0816
2026-08-06 10:54:12.140,20.533333,195,2,0.007609,1.6012,-1.14,0,0,0,60.0269,218.329,0.08520,1,1,0,0,0,0.007275,0.000286,0.000884,0.000137,0.001265,0.000023,0.000661,0.000051,0.000690,0.000033,0.000709,0.000108,0.000384,0.000032,0.000752,1.14,-9.45,27.00,21.95,76.05,136.87,144.57,-156.96,160.15,84.61,-138.55,177.47,-54.34,-32.35,-24.27,217.6675,4.7697,4.7356,3.6422,14.4233,2.1454,1.4721,0.7654,3.5825,0.5730,5.9557,0.7873,2.0545,0.6487,4.0816
2026-08-06 10:54:12.140,20.550000,195,3,0.007579,1.5910,0.03,0,0,0,60.0269,218.329,0.08520,1,1,0,0,0,0.007238,0.000242,0.000956,0.000035,0.001092,0.000050,0.000752,0.000091,0.000703,0.000054,0.000771,0.000132,0.000514,0.000070,0.000666,-0.03,-4.89,29.77,-35.17,74.89,18.99,137.73,176.66,164.55,118.04,-148.15,-116.60,-56.76,-107.12,-15.90,217.6675,4.7697,4.7356,3.6422,14.4233,2.1454,1.4721,0.7654,3.5825,0.5730,5.9557,0.7873,2.0545,0.6487,4.0816
2026-08-06 10:54:12.140,20.566667,195,4,0.007608,1.6023,-0.95,0,0,0,60.0269,218.329,0.08520,1,1,0,0,0,0.007286,0.000158,0.000914,0.000111,0.001237,0.000042,0.000679,0.000028,0.000675,0.000058,0.000675,0.000072,0.000383,0.000026,0.000655,0.95,-27.67,26.45,18.43,78.47,-162.25,141.83,133.64,166.22,-134.10,-146.57,-137.48,-56.57,120.50,-13.57,217.6675,4.7697,4.7356,3.6422,14.4233,2.1454,1.4721,0.7654,3.5825,0.5730,5.9557,0.7873,2.0545,0.6487,4.0816
2026-08-06 10:54:12.140,20.583333,195,5,0.007714,1.6219,-1.19,0,0,0,60.0269,218.329,0.08520,1,1,0,0,0,0.007373,0.000289,0.000968,0.000156,0.001193,0.000029,0.000699,0.000141,0.000698,0.000031,0.000670,0.000135,0.000279,0.000069,0.000714,1.19,-6.44,31.21,-5.06,73.60,-30.60,134.56,51.74,163.54,-164.68,-134.61,35.46,-46.79,129.10,-16.72,217.6675,4.7697,4.7356,3.6422,14.4233,2.1454,1.4721,0.7654,3.5825,0.5730,5.9557,0.7873,2.0545,0.6487,4.0816
2026-08-06 10:54:12.140,20.600000,195,6,0.007593,1.5923,0.37,0,0,0,60.0269,218.329,0.08520,1,1,0,0,0,0.007247,0.000216,0.000873,0.000058,0.001210,0.000028,0.000724,0.000043,0.000738,0.000027,0.000727,0.000081,0.000546,0.000044,0.000749,-0.37,-10.82,24.50,57.15,80.42,125.32,145.42,-171.49,167.88,175.53,-146.69,54.94,-56.40,-84.11,-23.28,217.6675,4.7697,4.7356,3.6422,14.4233,2.1454,1.4721,0.7654,3.5825,0.5730,5.9557,0.7873,2.0545,0.6487,4.0816
2026-08-06 10:54:12.140,20.616667,195,7,0.007743,1.6205,0.21,0,0,0,60.0269,218.329,0.08520,1,1,0,0,0,0.007401,0.000337,0.000874,0.000155,0.001017,0.000246,0.000940,0.000262,0.000757,0.000195,0.000495,0.000084,0.000639,0.000087,0.000714,-0.21,-34.91,11.26,-87.51,84.56,-168.09,147.60,130.78,149.65,82.70,-138.93,0.09,-57.37,-104.83,-25.71,217.6675,4.7697,4.7356,3.6422,14.4233,2.1454,1.4721,0.7654,3.5825,0.5730,5.9557,0.7873,2.0545,0.6487,4.0816
2026-08-06 10:54:12.140,20.633333,195,8,0.007593,1.6002,-1.24,0,0,0,60.0269,218.329,0.08520,1,1,0,0,0,0.007279,0.000232,0.000903,0.000194,0.001202,0.000037,0.000660,0.000047,0.000594,0.000101,0.000660,0.000062,0.000371,0.000067,0.000638,1.24,-42.81,31.65,3.59,78.93,106.63,145.58,156.88,169.02,162.45,-146.30,-176.51,-61.50,36.84,-19.87,217.6675,4.7697,4.7356,3.6422,14.4233,2.1454,1.4721,0.7654,3.5825,0.5730,5.9557,0.7873,2.0545,0.6487,4.0816
2026-08-06 10:54:12.140,20.650000,195,9,0.007586,1.5948,-0.26,0,0,0,60.0269,218.329,0.08520,1,1,0,0,0,0.007252,0.000176,0.000983,0.000115,0.001181,0.000031,0.000653,0.000092,0.000691,0.000076,0.000749,0.000026,0.000494,0.000041,0.000650,0.26,3.20,27.29,19.82,77.93,134.56,143.35,178.13,166.90,-51.49,-145.35,-141.16,-56.21,-170.39,-17.54,217.6675,4.7697,4.7356,3.6422,14.4233,2.1454,1.4721,0.7654,3.5825,0.5730,5.9557,0.7873,2.0545,0.6487,4.0816
2026-08-06 10:54:12.140,20.666667,195,10,0.007590,1.5981,-0.98,0,0,0,60.0269,218.329,0.08520,1,1,0,0,0,0.007263,0.000226,0.000892,0.000078,0.001224,0.000093,0.000665,0.000014,0.000681,0.000057,0.000707,0.000099,0.000411,0.000040,0.000682,0.98,-14.98,27.87,5.50,75.25,-151.51,140.31,108.11,168.26,115.89,-144.03,-168.34,-64.67,107.10,-18.74,217.6675,4.7697,4.7356,3.6422,14.4233,2.1454,1.4721,0.7654,3.5825,0.5730,5.9557,0.7873,2.0545,0.6487,4.0816
2026-08-06 10:54:12.140,20.683333,195,11,0.007421,1.5630,-0.35,0,0,0,60.0269,218.329,0.08520,1,1,0,0,0,0.007096,0.000239,0.000911,0.000148,0.001227,0.000076,0.000738,0.000061,0.000617,0.000150,0.000673,0.000135,0.000242,0.000170,0.000568,0.35,10.67,16.29,70.49,72.68,-153.75,138.36,35.58,172.80,142.52,-146.03,-116.44,-55.80,-11.60,-33.26,217.6675,4.7697,4.7356,3.6422,14.4233,2.1454,1.4721,0.7654,3.5825,0.5730,5.9557,0.7873,2.0545,0.6487,4.0816
2026-08-06 10:54:12.140,20.700000,195,12,0.007692,1.6162,0.23,0,0,0,60.0269,218.329,0.08520,1,1,0,0,0,0.007352,0.000353,0.001134,0.000210,0.001116,0.000106,0.000502,0.000049,0.000550,0.000107,0.000668,0.000160,0.000553,0.000050,0.000702,-0.23,-19.63,22.74,19.60,74.10,-50.75,137.56,-18.40,164.81,-64.84,-132.32,-6.94,-44.07,-133.68,-20.39,217.6675,4.7697,4.7356,3.6422,14.4233,2.1454,1.4721,0.7654,3.5825,0.5730,5.9557,0.7873,2.0545,0.6487,4.0816
2026-08-06 10:54:12.140,20.716667,195,13,0.006681,1.3604,4.55,0,0,0,60.0269,218.329,0.08520,1,1,0,0,0,0.006199,0.000844,0.000956,0.000157,0.001252,0.000342,0.000742,0.000098,0.000740,0.000337,0.000758,0.000204,0.000335,0.000164,0.000669,-4.55,-95.44,10.42,13.75,79.40,-155.33,161.24,-167.71,153.54,153.94,-158.43,-165.00,-47.68,71.06,-14.07,217.6675,4.7697,4.7356,3.6422,14.4233,2.1454,1.4721,0.7654,3.5825,0.5730,5.9557,0.7873,2.0545,0.6487,4.0816
2026-08-06 10:54:12.140,20.733333,195,14,0.007624,1.6045,-0.63,0,0,0,60.0269,218.329,0.08520,1,1,0,0,0,0.007300,0.000181,0.000975,0.000140,0.001145,0.000025,0.000726,0.000032,0.000631,0.000041,0.000706,0.000020,0.000370,0.000068,0.000642,0.63,-29.54,26.08,39.72,76.02,-157.88,141.35,-23.04,167.95,100.54,-138.50,52.01,-53.47,-64.49,-12.43,217.6675,4.7697,4.7356,3.6422,14.4233,2.1454,1.4721,0.7654,3.5825,0.5730,5.9557,0.7873,2.0545,0.6487,4.0816
2026-08-06 10:54:12.140,20.750000,195,15,0.007554,1.5891,-0.51,0,0,0,60.0269,218.329,0.08520,1,1,0,0,0,0.007231,0.000205,0.000850,0.000071,0.001189,0.000088,0.000665,0.000101,0.000697,0.000023,0.000721,0.000100,0.000469,0.000086,0.000666,0.51,-6.95,27.10,21.83,77.95,-174.26,143.47,174.37,164.41,108.37,-136.74,-139.99,-51.44,166.79,-14.84,217.6675,4.7697,4.7356,3.6422,14.4233,2.1454,1.4721,0.7654,3.5825,0.5730,5.9557,0.7873,2.0545,0.6487,4.0816
2026-08-06 10:54:12.140,20.766667,195,16,0.007604,1.6004,-0.64,0,0,0,60.0269,218.329,0.08520,1,1,0,0,0,0.007284,0.000212,0.000929,0.000065,0.001150,0.000035,0.000670,0.000081,0.000654,0.000075,0.000685,0.000138,0.000476,0.000045,0.000720,0.64,-0.75,27.22,29.26,78.34,-21.99,140.97,107.76,167.73,172.13,-145.35,-177.74,-55.00,-173.19,-11.85,217.6675,4.7697,4.7356,3.6422,14.4233,2.1454,1.4721,0.7654,3.5825,0.5730,5.9557,0.7873,2.0545,0.6487,4.0816
2026-08-06 10:54:12.140,20.783333,195,17,0.007612,1.6037,-0.79,0,0,0,60.0269,218.329,0.08520,1,1,0,0,0,0.007295,0.000234,0.000912,0.000135,0.001181,0.000040,0.000675,0.000024,0.000635,0.000017,0.000704,0.000066,0.000404,0.000021,0.000718,0.79,-28.01,28.74,16.84,77.36,170.36,139.40,0.81,170.42,113.34,-141.30,153.12,-53.54,-110.77,-19.06,217.6675,4.7697,4.7356,3.6422,14.4233,2.1454,1.4721,0.7654,3.5825,0.5730,5.9557,0.7873,2.0545,0.6487,4.0816
2026-08-06 10:54:12.140,20.800000,195,18,0.007607,1.5906,-0.29,0,0,0,60.0269,218.329,0.08520,1,1,0,0,0,0.007231,0.000181,0.000932,0.000142,0.001190,0.000009,0.000681,0.000168,0.000770,0.000127,0.000786,0.000161,0.000606,0.000051,0.000757,0.29,-15.70,25.72,-14.21,72.80,-167.53,134.81,134.44,163.91,-177.88,-141.52,-117.27,-60.36,-124.19,-16.42,217.6675,4.7697,4.7356,3.6422,14.4233,2.1454,1.4721,0.7654,3.5825,0.5730,5.9557,0.7873,2.0545,0.6487,4.0816
2026-08-06 10:54:12.140,20.816667,195,19,0.007636,1.6051,-1.11,0,0,0,60.0269,218.329,0.08520,1,1,0,0,0,0.007295,0.000272,0.000988,0.000144,0.001200,0.000032,0.000688,0.000035,0.000705,0.000118,0.000586,0.000049,0.000433,0.000026,0.000651,1.11,-23.91,25.74,41.45,75.83,41.19,137.09,132.83,166.79,128.13,-149.01,161.07,-68.37,-112.16,-10.34,217.6675,4.7697,4.7356,3.6422,14.4233,2.1454,1.4721,0.7654,3.5825,0.5730,5.9557,0.7873,2.0545,0.6487,4.0816
2026-08-06 10:54:12.140,20.833333,195,20,0.007606,1.5997,-0.50,0,0,0,60.0269,218.329,0.08520,1,1,0,0,0,0.007267,0.000251,0.000915,0.000148,0.001233,0.000079,0.000655,0.000050,0.000698,0.000070,0.000698,0.000139,0.000418,0.000046,0.000709,0.50,-12.39,30.15,-14.65,75.08,154.55,140.56,-0.90,159.78,-175.19,-135.88,107.94,-59.27,-28.74,-16.40,217.6675,4.7697,4.7356,3.6422,14.4233,2.1454,1.4721,0.7654,3.5825,0.5730,5.9557,0.7873,2.0545,0.6487,4.0816
2026-08-06 10:54:12.140,20.850000,195,21,0.007525,1.5802,-0.73,0,0,0,60.0269,218.329,0.08520,1,1,0,0,0,0.007182,0.000162,0.000972,0.000166,0.001182,0.000131,0.000658,0.000167,0.000807,0.000089,0.000677,0.000040,0.000433,0.000051,0.000752,0.73,0.09,33.00,16.43,70.30,-77.76,150.81,-168.04,164.74,-168.52,-153.10,-154.28,-61.99,152.74,-15.92,217.6675,4.7697,4.7356,3.6422,14.4233,2.1454,1.4721,0.7654,3.5825,0.5730,5.9557,0.7873,2.0545,0.6487,4.0816
2026-08-06 10:54:12.140,20.866667,195,22,0.007521,1.5837,-0.73,0,0,0,60.0269,218.329,0.08520,1,1,0,0,0,0.007200,0.000237,0.000906,0.000145,0.001184,0.000054,0.000666,0.000040,0.000723,0.000072,0.000620,0.000110,0.000395,0.000028,0.000708,0.73,-20.10,26.88,14.61,74.88,-143.70,142.40,164.96,170.34,144.18,-147.44,138.90,-61.77,-92.31,-18.74,217.6675,4.7697,4.7356,3.6422,14.4233,2.1454,1.4721,0.7654,3.5825,0.5730,5.9557,0.7873,2.0545,0.6487,4.0816
2026-08-06 10:54:12.140,20.883333,195,23,0.007580,1.5920,-0.83,0,0,0,60.0269,218.329,0.08520,1,1,0,0,0,0.007238,0.000156,0.000986,0.000155,0.001212,0.000068,0.000723,0.000060,0.000727,0.000051,0.000747,0.000079,0.000419,0.000033,0.000656,0.83,-2.06,28.68,-1.33,74.59,-162.56,143.37,-103.41,167.75,134.18,-149.82,148.75,-58.20,-91.13,-28.04,217.6675,4.7697,4.7356,3.6422,14.4233,2.1454,1.4721,0.7654,3.5825,0.5730,5.9557,0.7873,2.0545,0.6487,4.0816
2026-08-06 10:54:12.140,20.900000,195,24,0.007536,1.5849,-0.75,0,0,0,60.0269,218.329,0.08520,1,1,0,0,0,0.007209,0.000175,0.000956,0.000086,0.001167,0.000088,0.000629,0.000131,0.000727,0.000012,0.000694,0.000138,0.000463,0.000097,0.000691,0.75,-13.07,28.47,19.62,76.90,-80.89,142.32,-179.76,169.79,-19.35,-145.42,-161.45,-63.90,161.74,-18.10,217.6675,4.7697,4.7356,3.6422,14.4233,2.1454,1.4721,0.7654,3.5825,0.5730,5.9557,0.7873,2.0545,0.6487,4.0816
2026-08-06 10:54:12.140,20.916667,195,25,0.007503,1.5757,-1.23,0,0,0,60.0269,218.329,0.08520,1,1,0,0,0,0.007156,0.000185,0.000912,0.000165,0.001287,0.000042,0.000694,0.000032,0.000609,0.000079,0.000764,0.000118,0.000440,0.000114,0.000647,1.23,-7.05,28.82,20.98,74.32,-168.40,143.34,-30.32,172.95,-159.08,-139.87,-173.38,-73.06,172.01,-18.03,217.6675,4.7697,4.7356,3.6422,14.4233,2.1454,1.4721,0.7654,3.5825,0.5730,5.9557,0.7873,2.0545,0.6487,4.0816
2026-08-06 10:54:12.140,20.933333,195,26,0.007521,1.5804,-0.70,0,0,0,60.0269,218.329,0.08520,1,1,0,0,0,0.007185,0.000255,0.000991,0.000173,0.001192,0.000088,0.000682,0.000071,0.000618,0.000058,0.000706,0.000067,0.000424,0.000067,0.000736,0.70,-15.06,24.34,8.85,78.06,169.02,147.43,-96.07,169.06,35.62,-149.61,169.74,-59.75,-68.50,-20.26,217.6675,4.7697,4.7356,3.6422,14.4233,2.1454,1.4721,0.7654,3.5825,0.5730,5.9557,0.7873,2.0545,0.6487,4.0816
2026-08-06 10:54:12.140,20.950000,195,27,0.007531,1.5780,-0.73,0,0,0,60.0269,218.329,0.08520,1,1,0,0,0,0.007175,0.000179,0.000852,0.000165,0.001178,0.000024,0.000655,0.000105,0.000749,0.000099,0.000805,0.000150,0.000494,0.000060,0.000753,0.73,-51.64,22.12,0.65,74.33,-8.73,137.15,105.98,162.15,134.38,-149.95,-161.55,-70.27,-147.49,-18.93,217.6675,4.7697,4.7356,3.6422,14.4233,2.1454,1.4721,0.7654,3.5825,0.5730,5.9557,0.7873,2.0545,0.6487,4.0816
2026-08-06 10:54:12.140,20.966667,195,28,0.007547,1.5883,-0.72,0,0,0,60.0269,218.329,0.08520,1,1,0,0,0,0.007225,0.000210,0.000927,0.000146,0.001167,0.000030,0.000653,0.000017,0.000630,0.000110,0.000685,0.000118,0.000449,0.000047,0.000667,0.72,-16.25,26.73,27.86,78.85,-81.70,136.66,-139.26,158.08,131.69,-142.01,151.00,-59.74,-123.40,-20.18,217.6675,4.7697,4.7356,3.6422,14.4233,2.1454,1.4721,0.7654,3.5825,0.5730,5.9557,0.7873,2.0545,0.6487,4.0816
2026-08-06 10:54:12.140,20.983333,195,29,0.007604,1.5983,-0.26,0,0,0,60.0269,218.329,0.08520,1,1,0,0,0,0.007266,0.000240,0.000971,0.000147,0.001193,0.000035,0.000684,0.000011,0.000654,0.000025,0.000742,0.000047,0.000449,0.000048,0.000694,0.26,0.21,26.39,10.28,78.18,45.32,143.32,-153.76,161.71,26.76,-140.14,109.22,-53.69,-152.75,-13.84,217.6675,4.7697,4.7356,3.6422,14.4233,2.1454,1.4721,0.7654,3.5825,0.5730,5.9557,0.7873,2.0545,0.6487,4.0816
2026-08-06 10:54:12.393,21.000000,196,0,0.007559,1.5913,-0.16,0,0,0,60.0230,218.522,0.08581,1,1,0,0,0,0.007232,0.000213,0.000930,0.000088,0.001194,0.000043,0.000696,0.000085,0.000702,0.000008,0.000761,0.000065,0.000414,0.000086,0.000621,0.16,-9.58,24.47,-10.50,77.04,138.73,142.89,146.28,164.47,143.74,-147.36,-151.22,-70.92,177.69,-18.84,217.8470,4.8452,4.8786,3.6977,14.5764,2.1693,1.3316,0.7651,3.4988,0.5562,5.8687,0.8072,2.1589,0.6797,4.0746
2026-08-06 10:54:12.393,21.016667,196,1,0.007666,1.6146,-0.94,0,0,0,60.0230,218.522,0.08581,1,1,0,0,0,0.007332,0.000236,0.000920,0.000147,0.001286,0.000062,0.000624,0.000047,0.000695,0.000109,0.000683,0.000138,0.000300,0.000088,0.000767,0.94,-18.14,25.24,52.16,75.36,133.61,140.55,-132.39,159.84,78.87,-144.06,-151.36,-71.91,121.31,-15.45,217.8470,4.8452,4.8786,3.6977,14.5764,2.1693,1.3316,0.7651,3.4988,0.5562,5.8687,0.8072,2.1589,0.6797,4.0746
2026-08-06 10:54:12.393,21.033333,196,2,0.007518,1.5880,-0.36,0,0,0,60.0230,218.522,0.08581,1,1,0,0,0,0.007220,0.000173,0.000838,0.000131,0.001162,0.000025,0.000624,0.000070,0.000688,0.000063,0.000723,0.000080,0.000390,0.000030,0.000590,0.36,-39.24,24.36,-3.77,77.13,-101.40,138.03,-43.18,161.92,59.95,-150.19,161.03,-58.48,-165.90,-20.94,217.8470,4.8452,4.8786,3.6977,14.5764,2.1693,1.3316,0.7651,3.4988,0.5562,5.8687,0.8072,2.1589,0.6797,4.0746
2026-08-06 10:54:12.393,21.050000,196,3,0.007549,1.5891,-0.54,0,0,0,60.0230,218.522,0.08581,1,1,0,0,0,0.007218,0.000254,0.000914,0.000098,0.001226,0.000095,0.000729,0.000078,0.000661,0.000051,0.000622,0.000068,0.000424,0.000076,0.000666,0.54,-8.82,28.15,10.04,77.34,-141.24,142.05,163.16,166.69,-115.22,-147.35,-133.77,-63.16,133.66,-19.48,217.8470,4.8452,4.8786,3.6977,14.5764,2.1693,1.3316,0.7651,3.4988,0.5562,5.8687,0.8072,2.1589,0.6797,4.0746
2026-08-06 10:54:12.393,21.066667,196,4,0.007614,1.5962,-0.68,0,0,0,60.0230,218.522,0.08581,1,1,0,0,0,0.007245,0.000211,0.000923,0.000094,0.001288,0.000047,0.000794,0.000096,0.000666,0.000056,0.000750,0.000079,0.000470,0.000109,0.000667,0.68,-25.45,23.55,17.59,77.37,-85.97,137.37,-75.35,165.27,128.97,-145.21,61.37,-73.16,42.23,-19.95,217.8470,4.8452,4.8786,3.6977,14.5764,2.1693,1.3316,0.7651,3.4988,0.5562,5.8687,0.8072,2.1589,0.6797,4.0746
2026-08-06 10:54:12.393,21.083333,196,5,0.007532,1.5892,-0.52,0,0,0,60.0230,218.522,0.08581,1,1,0,0,0,0.007221,0.000177,0.000939,0.000128,0.001143,0.000059,0.000666,0.000053,0.000671,0.000023,0.000724,0.000035,0.000395,0.000098,0.000620,0.52,-12.70,28.52,-3.85,76.12,-149.02,140.10,-160.69,164.22,53.82,-146.68,105.00,-60.97,-113.01,-16.84,217.8470,4.8452,4.8786,3.6977,14.5764,2.1693,1.3316,0.7651,3.4988,0.5562,5.8687,0.8072,2.1589,0.6797,4.0746
2026-08-06 10:54:12.393,21.100000,196,6,0.007612,1.5990,-1.37,0,0,0,60.0230,218.522,0.08581,1,1,0,0,0,0.007264,0.000166,0.000964,0.000068,0.001273,0.000143,0.000721,0.000155,0.000574,0.000117,0.000668,0.000116,0.000431,0.000138,0.000718,1.37,-46.52,28.65,-2.86,75.76,-131.62,130.23,-162.70,162.18,-173.14,-144.97,-136.79,-48.66,144.54,-18.57,217.8470,4.8452,4.8786,3.6977,14.5764,2.1693,1.3316,0.7651,3.4988,0.5562,5.8687,0.8072,2.1589,0.6797,4.0746
2026-08-06 10:54:12.393,21.116667,196,7,0.007576,1.5948,-1.11,0,0,0,60.0230,218.522,0.08581,1,1,0,0,0,0.007246,0.000216,0.000909,0.000151,0.001170,0.000095,0.000759,0.000020,0.000736,0.000106,0.000660,0.000047,0.000429,0.000031,0.000653,1.11,-6.07,24.53,-10.82,73.91,-155.67,148.17,-160.18,161.65,123.67,-146.20,-61.49,-58.74,-164.72,-20.06,217.8470,4.8452,4.8786,3.6977,14.5764,2.1693,1.3316,0.7651,3.4988,0.5562,5.8687,0.8072,2.1589,0.6797,4.0746
2026-08-06 10:54:12.393,21.133333,196,8,0.007543,1.5911,-0.34,0,0,0,60.0230,218.522,0.08581,1,1,0,0,0,0.007227,0.000198,0.000881,0.000154,0.001183,0.000095,0.000628,0.000063,0.000662,0.000017,0.000713,0.000023,0.000435,0.000050,0.000670,0.34,-12.45,26.05,17.10,75.62,-173.57,140.36,-115.56,164.11,-64.87,-145.46,164.98,-58.29,-174.39,-20.94,217.8470,4.8452,4.8786,3.6977,14.5764,2.1693,1.3316,0.7651,3.4988,0.5562,5.8687,0.8072,2.1589,0.6797,4.0746
2026-08-06 10:54:12.393,21.150000,196,9,0.007508,1.5781,-0.90,0,0,0,60.0230,218.522,0.08581,1,1,0,0,0,0.007162,0.000113,0.000988,0.000204,0.001225,0.000085,0.000718,0.000091,0.000595,0.000048,0.000856,0.000123,0.000433,0.000017,0.000582,0.90,10.42,29.73,34.20,73.75,-56.25,139.86,86.15,163.27,-142.91,-149.63,168.36,-73.21,-172.33,-16.86,217.8470,4.8452,4.8786,3.6977,14.5764,2.1693,1.3316,0.7651,3.4988,0.5562,5.8687,0.8072,2.1589,0.6797,4.0746
2026-08-06 10:54:12.393,21.166667,196,10,0.007609,1.6006,-0.47,0,0,0,60.0230,218.522,0.08581,1,1,0,0,0,0.007267,0.000233,0.000932,0.000090,0.001228,0.000075,0.000764,0.000060,0.000666,0.000024,0.000774,0.000085,0.000370,0.000040,0.000667,0.47,-5.42,21.99,16.29,78.30,154.22,141.31,-14.71,169.05,23.39,-144.65,131.42,-58.12,-27.26,-20.14,217.8470,4.8452,4.8786,3.6977,14.5764,2.1693,1.3316,0.7651,3.4988,0.5562,5.8687,0.8072,2.1589,0.6797,4.0746
2026-08-06 10:54:12.393,21.183333,196,11,0.007512,1.5854,-0.82,0,0,0,60.0230,218.522,0.08581,1,1,0,0,0,0.007207,0.000187,0.000852,0.000095,0.001152,0.000040,0.000653,0.000054,0.000684,0.000021,0.000727,0.000046,0.000474,0.000050,0.000671,0.82,-20.09,26.37,15.76,78.56,-169.30,139.02,178.97,162.70,-151.75,-147.78,-177.79,-65.50,-156.89,-20.16,217.8470,4.8452,4.8786,3.6977,14.5764,2.1693,1.3316,0.7651,3.4988,0.5562,5.8687,0.8072,2.1589,0.6797,4.0746
2026-08-06 10:54:12.393,21.200000,196,12,0.007610,1.6060,-0.17,0,0,0,60.0230,218.522,0.08581,1,1,0,0,0,0.007293,0.000131,0.000818,0.000120,0.001316,0.000044,0.000725,0.000092,0.000568,0.000118,0.000659,0.000069,0.000470,0.000075,0.000582,0.17,-31.32,28.35,81.06,74.53,148.19,132.52,47.53,168.73,148.22,-142.94,159.11,-53.55,-78.82,-28.12,217.8470,4.8452,4.8786,3.6977,14.5764,2.1693,1.3316,0.7651,3.4988,0.5562,5.8687,0.8072,2.1589,0.6797,4.0746
2026-08-06 10:54:12.393,21.216667,196,13,0.008451,1.7598,-0.54,0,0,0,60.0230,218.522,0.08581,1,1,0,0,0,0.007966,0.000755,0.001528,0.000597,0.001434,0.000302,0.000559,0.000097,0.000506,0.000150,0.000737,0.000122,0.000514,0.000143,0.000614,0.54,4.54,22.84,28.49,64.69,35.20,122.82,17.83,172.12,4.31,-125.80,-20.39,-55.52,21.28,-17.75,217.8470,4.8452,4.8786,3.6977,14.5764,2.1693,1.3316,0.7651,3.4988,0.5562,5.8687,0.8072,2.1589,0.6797,4.0746
2026-08-06 10:54:12.393,21.233333,196,14,0.006456,1.2860,11.84,0,0,0,60.0230,218.522,0.08581,1,1,0,0,0,0.005985,0.000953,0.000992,0.000274,0.000854,0.000214,0.000881,0.000447,0.000654,0.000114,0.000745,0.000159,0.000479,0.000183,0.000491,-11.84,-75.98,24.61,-177.01,87.34,-102.24,136.47,-172.17,166.14,116.12,-160.98,-160.61,-52.79,110.01,-14.79,217.8470,4.8452,4.8786,3.6977,14.5764,2.1693,1.3316,0.7651,3.4988,0.5562,5.8687,0.8072,2.1589,0.6797,4.0746
2026-08-06 10:54:12.393,21.250000,196,15,0.007550,1.5939,-0.67,0,0,0,60.0230,218.522,0.08581,1,1,0,0,0,0.007239,0.000243,0.000891,0.000118,0.001172,0.000061,0.000666,0.000038,0.000662,0.000083,0.000630,0.000144,0.000364,0.000060,0.000640,0.67,-20.04,24.58,40.78,74.88,-94.57,135.29,88.79,169.12,91.41,-139.45,-178.68,-50.04,-75.28,-11.21,217.8470,4.8452,4.8786,3.6977,14.5764,2.1693,1.3316,0.7651,3.4988,0.5562,5.8687,0.8072,2.1589,0.6797,4.0746
2026-08-06 10:54:12.393,21.266667,196,16,0.007527,1.5837,-0.12,0,0,0,60.0230,218.522,0.08581,1,1,0,0,0,0.007192,0.000200,0.000960,0.000064,0.001236,0.000047,0.000687,0.000033,0.000670,0.000013,0.000714,0.000029,0.000395,0.000016,0.000612,0.12,-13.80,24.77,-18.42,76.34,-75.47,136.80,-130.28,164.84,23.36,-148.03,146.74,-54.00,-43.15,-21.92,217.8470,4.8452,4.8786,3.6977,14.5764,2.1693,1.3316,0.7651,3.4988,0.5562,5.8687,0.8072,2.1589,0.6797,4.0746
2026-08-06 10:54:12.393,21.283333,196,17,0.007535,1.5892,-0.92,0,0,0,60.0230,218.522,0.08581,1,1,0,0,0,0.007219,0.000205,0.000930,0.000132,0.001185,0.000016,0.000650,0.000081,0.000606,0.000049,0.000695,0.000058,0.000418,0.000101,0.000629,0.92,-23.50,27.34,8.45,77.98,163.27,138.28,127.72,162.97,165.47,-139.42,-177.09,-62.23,164.63,-10.67,217.8470,4.8452,4.8786,3.6977,14.5764,2.1693,1.3316,0.7651,3.4988,0.5562,5.8687,0.8072,2.1589,0.6797,4.0746
2026-08-06 10:54:12.393,21.300000,196,18,0.007549,1.5906,-0.10,0,0,0,60.0230,218.522,0.08581,1,1,0,0,0,0.007223,0.000195,0.000940,0.000121,0.001211,0.000048,0.000694,0.000041,0.000648,0.000013,0.000675,0.000057,0.000406,0.000030,0.000660,0.10,-13.50,22.29,12.10,78.83,149.99,137.39,86.47,158.81,-54.02,-146.41,153.75,-62.06,139.09,-16.59,217.8470,4.8452,4.8786,3.6977,14.5764,2.1693,1.3316,0.7651,3.4988,0.5562,5.8687,0.8072,2.1589,0.6797,4.0746
2026-08-06 10:54:12.393,21.316667,196,19,0.007576,1.5945,-0.62,0,0,0,60.0230,218.522,0.08581,1,1,0,0,0,0.007236,0.000184,0.000908,0.000175,0.001250,0.000076,0.000626,0.000084,0.000713,0.000149,0.000620,0.000081,0.000500,0.000085,0.000516,0.62,11.86,25.22,-1.41,77.39,-166.66,140.66,143.73,170.34,-35.30,-147.44,170.47,-49.01,107.22,-29.04,217.8470,4.8452,4.8786,3.6977,14.5764,2.1693,1.3316,0.7651,3.4988,0.5562,5.8687,0.8072,2.1589,0.6797,4.0746
2026-08-06 10:54:12.393,21.333333,196,20,0.007580,1.5986,-0.46,0,0,0,60.0230,218.522,0.08581,1,1,0,0,0,0.007259,0.000236,0.000939,0.000152,0.001197,0.000030,0.000645,0.000085,0.000708,0.000023,0.000728,0.000103,0.000400,0.000060,0.000625,0.46,-11.83,26.31,31.52,76.75,-142.76,136.98,145.64,162.07,-108.81,-145.25,-148.50,-65.81,-171.29,-18.65,217.8470,4.8452,4.8786,3.6977,14.5764,2.1693,1.3316,0.7651,3.4988,0.5562,5.8687,0.8072,2.1589,0.6797,4.0746
2026-08-06 10:54:12.393,21.350000,196,21,0.007538,1.5910,-0.22,0,0,0,60.0230,218.522,0.08581,1,1,0,0,0,0.007225,0.000174,0.000892,0.000094,0.001230,0.000045,0.000715,0.000043,0.000571,0.000151,0.000710,0.000084,0.000427,0.000104,0.000638,0.22,-24.23,27.19,-13.14,79.52,99.57,147.39,92.47,157.00,165.93,-141.89,-179.49,-52.69,-117.61,-9.65,217.8470,4.8452,4.8786,3.6977,14.5764,2.1693,1.3316,0.7651,3.4988,0.5562,5.8687,0.8072,2.1589,0.6797,4.0746
2026-08-06 10:54:12.393,21.366667,196,22,0.007506,1.5803,-0.51,0,0,0,60.0230,218.522,0.08581,1,1,0,0,0,0.007176,0.000176,0.000973,0.000168,0.001148,0.000073,0.000732,0.000055,0.000684,0.000110,0.000696,0.000074,0.000455,0.000017,0.000549,0.51,7.30,25.75,1.92,74.48,-112.52,146.10,-120.69,161.75,35.67,-139.95,-40.33,-52.44,-142.99,-21.06,217.8470,4.8452,4.8786,3.6977,14.5764,2.1693,1.3316,0.7651,3.4988,0.5562,5.8687,0.8072,2.1589,0.6797,4.0746
2026-08-06 10:54:12.393,21.383333,196,23,0.007493,1.5736,-0.92,0,0,0,60.0230,218.522,0.08581,1,1,0,0,0,0.007158,0.000149,0.000988,0.000099,0.001057,0.000142,0.000658,0.000078,0.000759,0.000143,0.000751,0.000064,0.000384,0.000137,0.000707,0.92,-44.08,25.52,144.00,74.75,56.23,143.73,82.52,154.24,-144.95,-145.98,-132.88,-55.12,-179.73,-15.27,217.8470,4.8452,4.8786,3.6977,14.5764,2.1693,1.3316,0.7651,3.4988,0.5562,5.8687,0.8072,2.1589,0.6797,4.0746
2026-08-06 10:54:12.393,21.400000,196,24,0.007519,1.5879,0.22,0,0,0,60.0230,218.522,0.08581,1,1,0,0,0,0.007210,0.000252,0.000926,0.000071,0.001172,0.000040,0.000653,0.000065,0.000672,0.000009,0.000690,0.000073,0.000405,0.000031,0.000642,-0.22,-7.98,25.82,23.47,76.45,-174.47,134.69,156.15,162.41,-176.99,-143.14,163.51,-69.46,-38.13,-20.26,217.8470,4.8452,4.8786,3.6977,14.5764,2.1693,1.3316,0.7651,3.4988,0.5562,5.8687,0.8072,2.1589,0.6797,4.0746
2026-08-06 10:54:12.393,21.416667,196,25,0.007232,1.4898,-1.03,0,0,0,60.0230,218.522,0.08581,1,1,0,0,0,0.006739,0.000611,0.000998,0.000338,0.001509,0.000305,0.000702,0.000154,0.000769,0.000210,0.000752,0.000227,0.000305,0.000118,0.000791,1.03,-43.24,62.19,-38.40,72.14,-94.76,147.60,176.91,151.71,-17.05,-146.63,-123.16,-59.85,112.85,-21.92,217.8470,4.8452,4.8786,3.6977,14.5764,2.1693,1.3316,0.7651,3.4988,0.5562,5.8687,0.8072,2.1589,0.6797,4.0746
2026-08-06 10:54:12.393,21.433333,196,26,0.007489,1.5780,-0.88,0,0,0,60.0230,218.522,0.08581,1,1,0,0,0,0.007168,0.000150,0.000917,0.000137,0.001217,0.000038,0.000606,0.000066,0.000653,0.000049,0.000737,0.000048,0.000440,0.000085,0.000669,0.88,-23.55,25.04,-0.76,75.10,-137.46,142.00,-179.77,163.35,163.83,-152.21,179.43,-62.90,124.88,-17.51,217.8470,4.8452,4.8786,3.6977,14.5764,2.1693,1.3316,0.7651,3.4988,0.5562,5.8687,0.8072,2.1589,0.6797,4.0746
2026-08-06 10:54:12.393,21.450000,196,27,0.007519,1.5849,-0.65,0,0,0,60.0230,218.522,0.08581,1,1,0,0,0,0.007197,0.000219,0.000871,0.000179,0.001210,0.000037,0.000702,0.000064,0.000642,0.000050,0.000727,0.000078,0.000389,0.000073,0.000650,0.65,-8.08,25.37,39.37,74.64,177.81,137.12,24.63,160.11,173.32,-148.75,134.76,-64.75,-174.05,-15.55,217.8470,4.8452,4.8786,3.6977,14.5764,2.1693,1.3316,0.7651,3.4988,0.5562,5.8687,0.8072,2.1589,0.6797,4.0746
2026-08-06 10:54:12.393,21.466667,196,28,0.007550,1.5936,-0.67,0,0,0,60.0230,218.522,0.08581,1,1,0,0,0,0.007237,0.000202,0.000937,0.000158,0.001178,0.000032,0.000626,0.000028,0.000669,0.000021,0.000704,0.000030,0.000415,0.000034,0.000653,0.67,-18.68,24.79,17.27,75.70,11.59,137.13,-98.09,164.69,22.96,-148.49,117.55,-59.66,-92.15,-20.22,217.8470,4.8452,4.8786,3.6977,14.5764,2.1693,1.3316,0.7651,3.4988,0.5562,5.8687,0.8072,2.1589,0.6797,4.0746
2026-08-06 10:54:12.393,21.483333,196,29,0.007523,1.5828,-0.29,0,0,0,60.0230,218.522,0.08581,1,1,0,0,0,0.007193,0.000148,0.000871,0.000184,0.001204,0.000106,0.000754,0.000186,0.000634,0.000050,0.000826,0.000165,0.000363,0.000083,0.000604,0.29,-40.69,28.57,32.53,75.88,-122.55,142.61,127.60,152.81,-53.40,-148.53,179.32,-62.63,172.95,-14.62,217.8470,4.8452,4.8786,3.6977,14.5764,2.1693,1.3316,0.7651,3.4988,0.5562,5.8687,0.8072,2.1589,0.6797,4.0746
2026-08-06 10:54:12.651,21.500000,197,0,0.007579,1.5966,-0.74,0,0,0,60.0230,218.489,0.08582,1,1,0,0,0,0.007253,0.000185,0.000942,0.000108,0.001218,0.000023,0.000700,0.000050,0.000641,0.000098,0.000702,0.000070,0.000388,0.000052,0.000604,0.74,-33.20,22.88,10.31,77.99,-170.79,140.97,101.45,162.18,148.39,-140.48,165.72,-60.74,150.14,-18.10,217.8153,4.8464,4.8481,3.6952,14.5408,2.1623,1.3731,0.7509,3.5535,0.5702,5.9547,0.8016,2.1296,0.6701,4.0741
2026-08-06 10:54:12.651,21.516667,197,1,0.007531,1.5844,-0.68,0,0,0,60.0230,218.489,0.08582,1,1,0,0,0,0.007200,0.000201,0.000972,0.000109,0.001145,0.000061,0.000659,0.000129,0.000639,0.000016,0.000692,0.000041,0.000480,0.000073,0.000617,0.68,-26.15,26.18,-4.05,76.55,-103.75,138.10,-161.81,166.20,148.28,-140.34,-138.05,-60.32,-73.13,-20.72,217.8153,4.8464,4.8481,3.6952,14.5408,2.1623,1.3731,0.7509,3.5535,0.5702,5.9547,0.8016,2.1296,0.6701,4.0741
2026-08-06 10:54:12.651,21.533333,197,2,0.007571,1.5946,-0.36,0,0,0,60.0230,218.489,0.08582,1,1,0,0,0,0.007245,0.000199,0.000941,0.000108,0.001235,0.000023,0.000673,0.000116,0.000662,0.000019,0.000716,0.000108,0.000438,0.000145,0.000634,0.36,-16.52,28.32,22.72,77.02,-99.99,136.56,144.78,158.73,-168.52,-149.18,170.25,-66.41,160.03,-12.03,217.8153,4.8464,4.8481,3.6952,14.5408,2.1623,1.3731,0.7509,3.5535,0.5702,5.9547,0.8016,2.1296,0.6701,4.0741
2026-08-06 10:54:12.651,21.550000,197,3,0.007613,1.6045,-0.21,0,0,0,60.0230,218.489,0.08582,1,1,0,0,0,0.007289,0.000311,0.000881,0.000076,0.001183,0.000066,0.000754,0.000061,0.000661,0.000148,0.000798,0.000058,0.000347,0.000057,0.000679,0.21,-7.84,32.13,9.42,73.59,99.86,142.51,-24.14,161.31,136.63,-139.75,94.23,-62.97,-141.19,-19.18,217.8153,4.8464,4.8481,3.6952,14.5408,2.1623,1.3731,0.7509,3.5535,0.5702,5.9547,0.8016,2.1296,0.6701,4.0741
2026-08-06 10:54:12.651,21.566667,197,4,0.007521,1.5824,0.10,0,0,0,60.0230,218.489,0.08582,1,1,0,0,0,0.007190,0.000164,0.000947,0.000046,0.001216,0.000032,0.000699,0.000049,0.000707,0.000043,0.000734,0.000052,0.000385,0.000098,0.000572,-0.10,-31.39,25.60,-14.55,79.59,-127.89,141.76,179.20,164.25,43.37,-147.05,178.00,-67.42,-127.24,-17.41,217.8153,4.8464,4.8481,3.6952,14.5408,2.1623,1.3731,0.7509,3.5535,0.5702,5.9547,0.8016,2.1296,0.6701,4.0741
2026-08-06 10:54:12.651,21.583333,197,5,0.007550,1.5930,-1.07,0,0,0,60.0230,218.489,0.08582,1,1,0,0,0,0.007238,0.000229,0.000887,0.000125,0.001199,0.000077,0.000646,0.000092,0.000653,0.000100,0.000659,0.000121,0.000421,0.000069,0.000655,1.07,-26.38,27.28,20.20,73.75,-169.79,138.42,133.82,164.09,164.09,-147.88,169.66,-71.18,146.04,-20.48,217.8153,4.8464,4.8481,3.6952,14.5408,2.1623,1.3731,0.7509,3.5535,0.5702,5.9547,0.8016,2.1296,0.6701,4.0741
2026-08-06 10:54:12.651,21.600000,197,6,0.007548,1.5916,-0.52,0,0,0,60.0230,218.489,0.08582,1,1,0,0,0,0.007229,0.000206,0.000888,0.000138,0.001192,0.000067,0.000727,0.000047,0.000654,0.000104,0.000710,0.000039,0.000379,0.000034,0.000630,0.52,-27.24,25.76,20.34,73.30,178.55,140.49,2.52,166.49,125.89,-142.90,122.61,-62.39,-107.00,-22.38,217.8153,4.8464,4.8481,3.6952,14.5408,2.1623,1.3731,0.7509,3.5535,0.5702,5.9547,0.8016,2.1296,0.6701,4.0741
2026-08-06 10:54:12.651,21.616667,197,7,0.007378,1.5446,-1.69,0,0,0,60.0230,218.489,0.08582,1,1,0,0,0,0.007018,0.000231,0.001021,0.000040,0.001156,0.000137,0.000546,0.000149,0.000847,0.000097,0.000676,0.000140,0.000425,0.000212,0.000719,1.69,-24.21,30.98,-42.02,69.40,171.76,149.80,123.29,165.99,-23.01,-152.97,-101.81,-46.11,-172.05,-20.36,217.8153,4.8464,4.8481,3.6952,14.5408,2.1623,1.3731,0.7509,3.5535,0.5702,5.9547,0.8016,2.1296,0.6701,4.0741
2026-08-06 10:54:12.651,21.633333,197,8,0.007593,1.5989,-1.48,0,0,0,60.0230,218.489,0.08582,1,1,0,0,0,0.007275,0.000224,0.000900,0.000045,0.001120,0.000148,0.000518,0.000116,0.000553,0.000218,0.000735,0.000195,0.000482,0.000083,0.000704,1.48,24.51,32.26,81.95,77.47,-106.52,136.49,39.01,152.12,101.94,-152.31,170.23,-70.63,-85.47,-14.20,217.8153,4.8464,4.8481,3.6952,14.5408,2.1623,1.3731,0.7509,3.5535,0.5702,5.9547,0.8016,2.1296,0.6701,4.0741
2026-08-06 10:54:12.651,21.650000,197,9,0.007581,1.5995,-0.49,0,0,0,60.0230,218.489,0.08582,1,1,0,0,0,0.007264,0.000179,0.000918,0.000128,0.001227,0.000062,0.000654,0.000043,0.000629,0.000041,0.000707,0.000058,0.000419,0.000003,0.000636,0.49,-13.24,22.77,18.13,77.65,151.32,139.85,74.22,163.69,110.87,-143.35,118.89,-49.47,-174.68,-13.17,217.8153,4.8464,4.8481,3.6952,14.5408,2.1623,1.3731,0.7509,3.5535,0.5702,5.9547,0.8016,2.1296,0.6701,4.0741
2026-08-06 10:54:12.651,21.666667,197,10,0.007519,1.5849,-0.61,0,0,0,60.0230,218.489,0.08582,1,1,0,0,0,0.007202,0.000163,0.000922,0.000090,0.001157,0.000028,0.000647,0.000086,0.000675,0.000045,0.000723,0.000075,0.000436,0.000068,0.000607,0.61,-16.04,24.99,-11.34,77.72,-163.48,137.04,173.34,159.48,155.87,-143.97,-164.57,-62.16,176.72,-16.07,217.8153,4.8464,4.8481,3.6952,14.5408,2.1623,1.3731,0.7509,3.5535,0.5702,5.9547,0.8016,2.1296,0.6701,4.0741
2026-08-06 10:54:12.651,21.683333,197,11,0.007568,1.5960,-0.59,0,0,0,60.0230,218.489,0.08582,1,1,0,0,0,0.007246,0.000256,0.000914,0.000076,0.001215,0.000049,0.000679,0.000100,0.000636,0.000093,0.000665,0.000134,0.000401,0.000046,0.000637,0.59,-22.59,27.67,38.84,76.44,-104.55,135.27,126.68,165.53,132.43,-149.15,169.88,-70.62,118.94,-17.07,217.8153,4.8464,4.8481,3.6952,14.5408,2.1623,1.3731,0.7509,3.5535,0.5702,5.9547,0.8016,2.1296,0.6701,4.0741
2026-08-06 10:54:12.651,21.700000,197,12,0.007496,1.5800,-0.73,0,0,0,60.0230,218.489,0.08582,1,1,0,0,0,0.007178,0.000188,0.000927,0.000160,0.001152,0.000039,0.000674,0.000049,0.000652,0.000026,0.000712,0.000070,0.000445,0.000007,0.000616,0.73,-6.88,25.74,3.74,76.63,160.97,141.54,-84.89,164.02,107.50,-142.39,127.56,-45.82,-109.14,-21.63,217.8153,4.8464,4.8481,3.6952,14.5408,2.1623,1.3731,0.7509,3.5535,0.5702,5.9547,0.8016,2.1296,0.6701,4.0741
2026-08-06 10:54:12.651,21.716667,197,13,0.007548,1.5938,-0.73,0,0,0,60.0230,218.489,0.08582,1,1,0,0,0,0.007242,0.000176,0.000907,0.000091,0.001172,0.000099,0.000621,0.000105,0.000699,0.000046,0.000689,0.000057,0.000380,0.000043,0.000584,0.73,-17.55,23.62,5.35,77.15,-164.49,141.58,-170.08,161.20,-95.21,-144.46,-135.79,-62.85,157.54,-14.47,217.8153,4.8464,4.8481,3.6952,14.5408,2.1623,1.3731,0.7509,3.5535,0.5702,5.9547,0.8016,2.1296,0.6701,4.0741
2026-08-06 10:54:12.651,21.733333,197,14,0.007629,1.6098,-0.88,0,0,0,60.0230,218.489,0.08582,1,1,0,0,0,0.007315,0.000246,0.000894,0.000115,0.001177,0.000067,0.000666,0.000042,0.000623,0.000088,0.000701,0.000087,0.000416,0.000037,0.000715,0.88,-35.21,27.67,33.52,75.07,168.25,137.36,119.20,165.04,168.93,-142.74,148.32,-68.49,-147.11,-16.44,217.8153,4.8464,4.8481,3.6952,14.5408,2.1623,1.3731,0.7509,3.5535,0.5702,5.9547,0.8016,2.1296,0.6701,4.0741
2026-08-06 10:54:12.651,21.750000,197,15,0.007552,1.5909,-0.59,0,0,0,60.0230,218.489,0.08582,1,1,0,0,0,0.007231,0.000167,0.000891,0.000097,0.001179,0.000052,0.000717,0.000020,0.000690,0.000028,0.000778,0.000016,0.000384,0.000021,0.000630,0.59,-19.72,24.84,33.01,78.59,145.77,139.90,-155.06,163.97,-156.03,-146.38,109.53,-65.46,52.31,-20.19,217.8153,4.8464,4.8481,3.6952,14.5408,2.1623,1.3731,0.7509,3.5535,0.5702,5.9547,0.8016,2.1296,0.6701,4.0741
2026-08-06 10:54:12.651,21.766667,197,16,0.007602,1.6018,-0.85,0,0,0,60.0230,218.489,0.08582,1,1,0,0,0,0.007278,0.000186,0.000900,0.000099,0.001187,0.000028,0.000715,0.000070,0.000680,0.000005,0.000733,0.000084,0.000450,0.000049,0.000614,0.85,-5.44,27.67,22.23,77.13,-171.32,140.86,130.94,162.01,-104.45,-144.06,-116.47,-65.56,128.63,-18.42,217.8153,4.8464,4.8481,3.6952,14.5408,2.1623,1.3731,0.7509,3.5535,0.5702,5.9547,0.8016,2.1296,0.6701,4.0741
2026-08-06 10:54:12.651,21.783333,197,17,0.007551,1.5898,-0.16,0,0,0,60.0230,218.489,0.08582,1,1,0,0,0,0.007226,0.000188,0.000849,0.000094,0.001208,0.000090,0.000680,0.000023,0.000699,0.000033,0.000763,0.000063,0.000415,0.000029,0.000681,0.16,-8.12,25.58,15.31,77.48,165.11,142.02,-172.46,162.57,-156.34,-149.87,146.49,-64.48,131.48,-18.50,217.8153,4.8464,4.8481,3.6952,14.5408,2.1623,1.3731,0.7509,3.5535,0.5702,5.9547,0.8016,2.1296,0.6701,4.0741
2026-08-06 10:54:12.651,21.800000,197,18,0.007513,1.5826,-0.25,0,0,0,60.0230,218.489,0.08582,1,1,0,0,0,0.007191,0.000162,0.000871,0.000095,0.001206,0.000037,0.000638,0.000030,0.000693,0.000029,0.000792,0.000051,0.000429,0.000033,0.000615,0.25,-26.57,25.13,18.34,77.95,39.52,138.19,-97.66,164.98,80.46,-146.15,116.34,-59.01,-29.14,-22.27,217.8153,4.8464,4.8481,3.6952,14.5408,2.1623,1.3731,0.7509,3.5535,0.5702,5.9547,0.8016,2.1296,0.6701,4.0741
2026-08-06 10:54:12.651,21.816667,197,19,0.007557,1.5948,-0.46,0,0,0,60.0230,218.489,0.08582,1,1,0,0,0,0.007243,0.000189,0.000891,0.000077,0.001188,0.000046,0.000648,0.000031,0.000694,0.000036,0.000745,0.000086,0.000457,0.000043,0.000648,0.46,-10.73,25.16,-12.29,76.05,-176.94,140.89,137.14,164.59,-172.63,-144.77,-152.33,-62.81,-153.34,-16.22,217.8153,4.8464,4.8481,3.6952,14.5408,2.1623,1.3731,0.7509,3.5535,0.5702,5.9547,0.8016,2.1296,0.6701,4.0741
2026-08-06 10:54:12.651,21.833333,197,20,0.007572,1.5958,-0.29,0,0,0,60.0230,218.489,0.08582,1,1,0,0,0,0.007249,0.000244,0.000900,0.000134,0.001194,0.000062,0.000723,0.000056,0.000682,0.000048,0.000704,0.000042,0.000390,0.000036,0.000621,0.29,-22.04,26.93,13.72,76.99,-158.80,137.81,128.81,164.04,40.99,-148.94,171.36,-69.64,106.90,-20.39,217.8153,4.8464,4.8481,3.6952,14.5408,2.1623,1.3731,0.7509,3.5535,0.5702,5.9547,0.8016,2.1296,0.6701,4.0741
2026-08-06 10:54:12.651,21.850000,197,21,0.007495,1.5779,-0.39,0,0,0,60.0230,218.489,0.08582,1,1,0,0,0,0.007170,0.000207,0.000954,0.000078,0.001170,0.000019,0.000690,0.000065,0.000676,0.000023,0.000729,0.000007,0.000438,0.000052,0.000638,0.39,4.74,25.15,22.76,75.80,-102.68,143.54,-174.71,165.69,19.33,-149.27,56.17,-65.81,-107.38,-19.25,217.8153,4.8464,4.8481,3.6952,14.5408,2.1623,1.3731,0.7509,3.5535,0.5702,5.9547,0.8016,2.1296,0.6701,4.0741
2026-08-06 10:54:12.651,21.866667,197,22,0.007537,1.5900,-0.51,0,0,0,60.0230,218.489,0.08582,1,1,0,0,0,0.007227,0.000171,0.000934,0.000115,0.001160,0.000037,0.000692,0.000060,0.000647,0.000030,0.000694,0.000085,0.000406,0.000056,0.000636,0.51,-23.33,26.48,13.64,77.16,-145.60,142.36,169.89,165.48,-62.81,-144.67,-141.36,-67.17,178.87,-20.18,217.8153,4.8464,4.8481,3.6952,14.5408,2.1623,1.3731,0.7509,3.5535,0.5702,5.9547,0.8016,2.1296,0.6701,4.0741
2026-08-06 10:54:12.651,21.883333,197,23,0.007555,1.5917,-1.08,0,0,0,60.0230,218.489,0.08582,1,1,0,0,0,0.007231,0.000291,0.000945,0.000170,0.001182,0.000049,0.000722,0.000060,0.000651,0.000092,0.000709,0.000057,0.000433,0.000026,0.000648,1.08,-19.26,26.69,25.93,76.70,169.38,136.62,103.60,162.83,126.15,-142.26,105.89,-69.12,130.28,-21.76,217.8153,4.8464,4.8481,3.6952,14.5408,2.1623,1.3731,0.7509,3.5535,0.5702,5.9547,0.8016,2.1296,0.6701,4.0741
2026-08-06 10:54:12.651,21.900000,197,24,0.007584,1.5972,-0.48,0,0,0,60.0230,218.489,0.08582,1,1,0,0,0,0.007262,0.000178,0.000919,0.000135,0.001190,0.000053,0.000704,0.000067,0.000703,0.000035,0.000705,0.000079,0.000478,0.000105,0.000639,0.48,-3.64,26.74,2.00,76.41,176.73,142.29,-167.30,164.82,14.49,-147.23,153.25,-61.60,-136.34,-17.79,217.8153,4.8464,4.8481,3.6952,14.5408,2.1623,1.3731,0.7509,3.5535,0.5702,5.9547,0.8016,2.1296,0.6701,4.0741
2026-08-06 10:54:12.651,21.916667,197,25,0.007590,1.5993,-0.42,0,0,0,60.0230,218.489,0.08582,1,1,0,0,0,0.007261,0.000158,0.000946,0.000082,0.001251,0.000050,0.000674,0.000072,0.000655,0.000063,0.000700,0.000085,0.000368,0.000031,0.000633,0.42,-14.56,26.07,-8.45,74.96,-143.98,139.09,118.43,162.36,176.31,-147.22,-152.71,-66.17,157.20,-14.38,217.8153,4.8464,4.8481,3.6952,14.5408,2.1623,1.3731,0.7509,3.5535,0.5702,5.9547,0.8016,2.1296,0.6701,4.0741
2026-08-06 10:54:12.651,21.933333,197,26,0.007515,1.5843,-0.43,0,0,0,60.0230,218.489,0.08582,1,1,0,0,0,0.007195,0.000269,0.000901,0.000132,0.001198,0.000048,0.000670,0.000016,0.000648,0.000078,0.000708,0.000111,0.000347,0.000051,0.000634,0.43,-20.94,27.33,16.10,76.54,-173.14,138.72,172.90,164.22,153.25,-139.15,151.69,-59.84,-119.06,-20.77,217.8153,4.8464,4.8481,3.6952,14.5408,2.1623,1.3731,0.7509,3.5535,0.5702,5.9547,0.8016,2.1296,0.6701,4.0741
2026-08-06 10:54:12.651,21.950000,197,27,0.007557,1.5883,-0.45,0,0,0,60.0230,218.489,0.08582,1,1,0,0,0,0.007220,0.000158,0.000976,0.000103,0.001191,0.000023,0.000663,0.000078,0.000679,0.000023,0.000759,0.000026,0.000463,0.000089,0.000685,0.45,-6.14,24.55,3.36,79.68,92.09,146.86,171.86,162.87,-119.30,-148.29,-125.15,-65.50,-139.73,-16.66,217.8153,4.8464,4.8481,3.6952,14.5408,2.1623,1.3731,0.7509,3.5535,0.5702,5.9547,0.8016,2.1296,0.6701,4.0741
2026-08-06 10:54:12.651,21.966667,197,28,0.007550,1.5885,-0.35,0,0,0,60.0230,218.489,0.08582,1,1,0,0,0,0.007218,0.000195,0.000905,0.000069,0.001256,0.000030,0.000647,0.000073,0.000616,0.000086,0.000712,0.000106,0.000405,0.000035,0.000687,0.35,-11.36,25.01,-43.99,76.30,-163.87,138.52,115.48,161.55,153.44,-145.79,169.53,-61.80,167.48,-15.74,217.8153,4.8464,4.8481,3.6952,14.5408,2.1623,1.3731,0.7509,3.5535,0.5702,5.9547,0.8016,2.1296,0.6701,4.0741
2026-08-06 10:54:12.651,21.983333,197,29,0.007542,1.5883,0.06,0,0,0,60.0230,218.489,0.08582,1,1,0,0,0,0.007217,0.000225,0.000866,0.000102,0.001238,0.000053,0.000696,0.000062,0.000660,0.000043,0.000685,0.000013,0.000337,0.000052,0.000683,-0.06,-16.54,27.69,9.52,75.41,-165.16,140.28,-51.15,164.03,137.93,-146.89,110.40,-53.69,-133.39,-22.46,217.8153,4.8464,4.8481,3.6952,14.5408,2.1623,1.3731,0.7509,3.5535,0.5702,5.9547,0.8016,2.1296,0.6701,4.0741
2026-08-06 10:54:12.905,22.000000,198,0,0.007519,1.5814,-0.45,0,0,0,60.0269,218.454,0.08560,1,1,0,0,0,0.007191,0.000155,0.000925,0.000116,0.001165,0.000059,0.000690,0.000072,0.000711,0.000064,0.000745,0.000016,0.000410,0.000079,0.000655,0.45,-19.33,28.11,19.66,78.71,-91.96,144.32,169.92,165.90,-91.35,-151.50,-176.56,-68.63,-158.16,-14.47,217.7851,4.8163,4.8050,3.6737,14.4964,2.1637,1.3917,0.7465,3.5679,0.5917,5.9999,0.8056,2.1530,0.6669,4.0114
2026-08-06 10:54:12.905,22.016667,198,1,0.007514,1.5842,-0.52,0,0,0,60.0269,218.454,0.08560,1,1,0,0,0,0.007202,0.000215,0.000864,0.000087,0.001146,0.000087,0.000722,0.000055,0.000678,0.000014,0.000694,0.000058,0.000454,0.000089,0.000674,0.52,-30.49,24.47,17.74,77.50,-158.02,141.87,147.47,164.93,148.92,-144.44,-158.43,-69.73,175.26,-17.69,217.7851,4.8163,4.8050,3.6737,14.4964,2.1637,1.3917,0.7465,3.5679,0.5917,5.9999,0.8056,2.1530,0.6669,4.0114
2026-08-06 10:54:12.905,22.033333,198,2,0.007630,1.6089,-0.54,0,0,0,60.0269,218.454,0.08560,1,1,0,0,0,0.007311,0.000198,0.000879,0.000142,0.001197,0.000066,0.000675,0.000070,0.000637,0.000026,0.000738,0.000045,0.000377,0.000017,0.000696,0.54,-19.83,24.59,14.44,74.69,136.36,139.92,-55.26,163.50,-18.61,-140.97,-174.22,-57.15,-49.32,-20.98,217.7851,4.8163,4.8050,3.6737,14.4964,2.1637,1.3917,0.7465,3.5679,0.5917,5.9999,0.8056,2.1530,0.6669,4.0114
2026-08-06 10:54:12.905,22.050000,198,3,0.007544,1.5882,-0.03,0,0,0,60.0269,218.454,0.08560,1,1,0,0,0,0.007221,0.000199,0.000848,0.000112,0.001183,0.000055,0.000605,0.000099,0.000671,0.000020,0.000742,0.000090,0.000453,0.000127,0.000671,0.03,-28.48,29.57,4.49,78.41,177.63,142.80,141.63,164.06,130.06,-145.16,157.14,-62.59,164.28,-18.73,217.7851,4.8163,4.8050,3.6737,14.4964,2.1637,1.3917,0.7465,3.5679,0.5917,5.9999,0.8056,2.1530,0.6669,4.0114
2026-08-06 10:54:12.905,22.066667,198,4,0.007581,1.5980,-1.05,0,0,0,60.0269,218.454,0.08560,1,1,0,0,0,0.007263,0.000242,0.000880,0.000155,0.001188,0.000070,0.000650,0.000031,0.000657,0.000037,0.000653,0.000124,0.000467,0.000043,0.000682,1.05,-18.83,28.20,1.75,77.53,-155.62,141.16,95.31,166.70,104.89,-144.29,147.98,-53.16,91.71,-16.76,217.7851,4.8163,4.8050,3.6737,14.4964,2.1637,1.3917,0.7465,3.5679,0.5917,5.9999,0.8056,2.1530,0.6669,4.0114
2026-08-06 10:54:12.905,22.083333,198,5,0.007544,1.5920,-0.44,0,0,0,60.0269,218.454,0.08560,1,1,0,0,0,0.007237,0.000180,0.000908,0.000141,0.001174,0.000054,0.000690,0.000045,0.000661,0.000036,0.000740,0.000075,0.000365,0.000034,0.000604,0.44,-20.09,26.22,7.13,78.52,134.26,141.19,-51.07,165.41,73.39,-145.14,156.39,-55.97,-130.87,-20.21,217.7851,4.8163,4.8050,3.6737,14.4964,2.1637,1.3917,0.7465,3.5679,0.5917,5.9999,0.8056,2.1530,0.6669,4.0114
2026-08-06 10:54:12.905,22.100000,198,6,0.007560,1.5944,-0.25,0,0,0,60.0269,218.454,0.08560,1,1,0,0,0,0.007250,0.000157,0.000904,0.000092,0.001183,0.000059,0.000634,0.000122,0.000690,0.000076,0.000725,0.000089,0.000449,0.000095,0.000620,0.25,-10.69,23.80,20.43,79.07,172.10,140.64,154.13,161.12,-62.37,-147.90,-140.84,-60.34,141.64,-13.99,217.7851,4.8163,4.8050,3.6737,14.4964,2.1637,1.3917,0.7465,3.5679,0.5917,5.9999,0.8056,2.1530,0.6669,4.0114
2026-08-06 10:54:12.905,22.116667,198,7,0.007551,1.5931,-0.48,0,0,0,60.0269,218.454,0.08560,1,1,0,0,0,0.007236,0.000260,0.000885,0.000104,0.001218,0.000072,0.000706,0.000059,0.000606,0.000088,0.000660,0.000104,0.000375,0.000063,0.000681,0.48,-20.54,25.23,6.06,75.63,-165.89,137.75,67.82,161.76,151.02,-146.84,167.08,-66.66,-159.60,-20.94,217.7851,4.8163,4.8050,3.6737,14.4964,2.1637,1.3917,0.7465,3.5679,0.5917,5.9999,0.8056,2.1530,0.6669,4.0114
2026-08-06 10:54:12.905,22.133333,198,8,0.007540,1.5897,0.06,0,0,0,60.0269,218.454,0.08560,1,1,0,0,0,0.007231,0.000141,0.000879,0.000068,0.001181,0.000025,0.000667,0.000033,0.000673,0.000019,0.000766,0.000019,0.000421,0.000061,0.000635,-0.06,-45.63,24.52,-11.80,79.75,24.16,144.59,-73.43,163.85,77.06,-146.75,69.99,-53.74,-101.00,-22.86,217.7851,4.8163,4.8050,3.6737,14.4964,2.1637,1.3917,0.7465,3.5679,0.5917,5.9999,0.8056,2.1530,0.6669,4.0114
2026-08-06 10:54:12.905,22.150000,198,9,0.007488,1.5793,-0.41,0,0,0,60.0269,218.454,0.08560,1,1,0,0,0,0.007177,0.000215,0.000891,0.000084,0.001133,0.000064,0.000640,0.000106,0.000734,0.000009,0.000725,0.000100,0.000439,0.000059,0.000599,0.41,-15.83,28.80,-0.46,77.39,-130.18,140.05,-168.27,165.91,130.92,-143.66,-159.57,-67.68,165.22,-20.95,217.7851,4.8163,4.8050,3.6737,14.4964,2.1637,1.3917,0.7465,3.5679,0.5917,5.9999,0.8056,2.1530,0.6669,4.0114
2026-08-06 10:54:12.905,22.166667,198,10,0.007501,1.5815,-0.11,0,0,0,60.0269,218.454,0.08560,1,1,0,0,0,0.007184,0.000203,0.000895,0.000094,0.001182,0.000014,0.000662,0.000029,0.000684,0.000045,0.000716,0.000118,0.000413,0.000008,0.000645,0.11,4.81,25.11,20.19,76.36,-105.90,140.13,142.98,164.11,134.14,-147.85,159.07,-56.57,105.85,-18.73,217.7851,4.8163,4.8050,3.6737,14.4964,2.1637,1.3917,0.7465,3.5679,0.5917,5.9999,0.8056,2.1530,0.6669,4.0114
2026-08-06 10:54:12.905,22.183333,198,11,0.007525,1.5868,-0.24,0,0,0,60.0269,218.454,0.08560,1,1,0,0,0,0.007212,0.000183,0.000893,0.000115,0.001186,0.000066,0.000641,0.000039,0.000688,0.000024,0.000719,0.000101,0.000398,0.000080,0.000641,0.24,-24.20,24.31,7.24,76.74,170.59,137.96,-119.57,165.39,-22.05,-145.15,154.11,-56.16,-125.85,-21.69,217.7851,4.8163,4.8050,3.6737,14.4964,2.1637,1.3917,0.7465,3.5679,0.5917,5.9999,0.8056,2.1530,0.6669,4.0114
2026-08-06 10:54:12.905,22.200000,198,12,0.007543,1.5901,-0.82,0,0,0,60.0269,218.454,0.08560,1,1,0,0,0,0.007226,0.000260,0.000919,0.000041,0.001177,0.000080,0.000710,0.000080,0.000639,0.000086,0.000640,0.000060,0.000371,0.000026,0.000629,0.82,-28.89,26.34,-5.22,74.28,-143.87,135.72,149.32,164.73,139.60,-145.76,-164.41,-70.12,166.20,-16.41,217.7851,4.8163,4.8050,3.6737,14.4964,2.1637,1.3917,0.7465,3.5679,0.5917,5.9999,0.8056,2.1530,0.6669,4.0114
2026-08-06 10:54:12.905,22.216667,198,13,0.007444,1.5602,-1.62,0,0,0,60.0269,218.454,0.08560,1,1,0,0,0,0.007078,0.000339,0.000953,0.000160,0.001299,0.000136,0.000574,0.000143,0.000636,0.000145,0.000869,0.000114,0.000306,0.000156,0.000604,1.62,-31.41,34.50,-51.76,72.77,-158.98,135.56,98.48,177.49,97.74,-144.78,27.81,-76.03,-36.24,-10.41,217.7851,4.8163,4.8050,3.6737,14.4964,2.1637,1.3917,0.7465,3.5679,0.5917,5.9999,0.8056,2.1530,0.6669,4.0114
2026-08-06 10:54:12.905,22.233333,198,14,0.007494,1.5780,-0.49,0,0,0,60.0269,218.454,0.08560,1,1,0,0,0,0.007172,0.000168,0.000915,0.000075,0.001148,0.000053,0.000666,0.000087,0.000735,0.000025,0.000771,0.000066,0.000419,0.000096,0.000615,0.49,-11.47,26.53,18.87,78.10,-176.04,136.85,-165.30,161.52,-139.02,-146.01,174.49,-63.33,-128.92,-19.70,217.7851,4.8163,4.8050,3.6737,14.4964,2.1637,1.3917,0.7465,3.5679,0.5917,5.9999,0.8056,2.1530,0.6669,4.0114
2026-08-06 10:54:12.905,22.250000,198,15,0.007566,1.5925,-0.98,0,0,0,60.0269,218.454,0.08560,1,1,0,0,0,0.007245,0.000168,0.000915,0.000111,0.001211,0.000007,0.000623,0.000054,0.000644,0.000040,0.000731,0.000061,0.000426,0.000052,0.000694,0.98,-26.29,25.78,1.30,78.61,-77.70,140.32,127.01,161.87,-164.16,-151.86,160.85,-69.11,96.76,-16.32,217.7851,4.8163,4.8050,3.6737,14.4964,2.1637,1.3917,0.7465,3.5679,0.5917,5.9999,0.8056,2.1530,0.6669,4.0114
2026-08-06 10:54:12.905,22.266667,198,16,0.007550,1.5929,-0.07,0,0,0,60.0269,218.454,0.08560,1,1,0,0,0,0.007239,0.000260,0.000886,0.000098,0.001171,0.000100,0.000688,0.000008,0.000600,0.000080,0.000731,0.000072,0.000359,0.000037,0.000574,0.07,-17.20,26.53,5.81,74.65,117.77,138.10,-98.79,162.81,88.91,-143.19,137.02,-54.90,163.67,-21.37,217.7851,4.8163,4.8050,3.6737,14.4964,2.1637,1.3917,0.7465,3.5679,0.5917,5.9999,0.8056,2.1530,0.6669,4.0114
2026-08-06 10:54:12.905,22.283333,198,17,0.007495,1.5803,-0.40,0,0,0,60.0269,218.454,0.08560,1,1,0,0,0,0.007187,0.000148,0.000880,0.000104,0.001123,0.000101,0.000680,0.000060,0.000727,0.000065,0.000674,0.000039,0.000408,0.000082,0.000631,0.40,-20.85,27.04,26.10,77.34,-100.14,141.25,-170.94,162.54,-89.45,-148.88,-6.59,-64.16,-166.50,-19.44,217.7851,4.8163,4.8050,3.6737,14.4964,2.1637,1.3917,0.7465,3.5679,0.5917,5.9999,0.8056,2.1530,0.6669,4.0114
2026-08-06 10:54:12.905,22.300000,198,18,0.007516,1.5869,-0.66,0,0,0,60.0269,218.454,0.08560,1,1,0,0,0,0.007216,0.000184,0.000907,0.000085,0.001171,0.000037,0.000669,0.000101,0.000646,0.000034,0.000688,0.000110,0.000410,0.000062,0.000616,0.66,-6.80,23.76,17.37,78.16,-135.01,137.82,132.23,160.66,171.97,-149.59,-164.13,-62.66,157.33,-19.27,217.7851,4.8163,4.8050,3.6737,14.4964,2.1637,1.3917,0.7465,3.5679,0.5917,5.9999,0.8056,2.1530,0.6669,4.0114
2026-08-06 10:54:12.905,22.316667,198,19,0.007512,1.5858,-0.26,0,0,0,60.0269,218.454,0.08560,1,1,0,0,0,0.007210,0.000204,0.000858,0.000086,0.001171,0.000043,0.000685,0.000051,0.000650,0.000018,0.000663,0.000085,0.000353,0.000103,0.000653,0.26,-28.38,26.05,-15.25,74.99,-135.55,141.20,-39.29,166.66,89.22,-143.98,156.98,-64.13,138.77,-23.14,217.7851,4.8163,4.8050,3.6737,14.4964,2.1637,1.3917,0.7465,3.5679,0.5917,5.9999,0.8056,2.1530,0.6669,4.0114
2026-08-06 10:54:12.905,22.333333,198,20,0.007559,1.5922,-0.73,0,0,0,60.0269,218.454,0.08560,1,1,0,0,0,0.007237,0.000149,0.000980,0.000134,0.001191,0.000060,0.000638,0.000084,0.000675,0.000046,0.000671,0.000035,0.000450,0.000065,0.000625,0.73,-7.50,26.20,10.80,74.10,-110.14,136.47,178.13,161.76,129.95,-148.22,148.99,-60.07,-170.45,-16.80,217.7851,4.8163,4.8050,3.6737,14.4964,2.1637,1.3917,0.7465,3.5679,0.5917,5.9999,0.8056,2.1530,0.6669,4.0114
2026-08-06 10:54:12.905,22.350000,198,21,0.007509,1.5820,-0.57,0,0,0,60.0269,218.454,0.08560,1,1,0,0,0,0.007188,0.000210,0.000949,0.000115,0.001160,0.000035,0.000653,0.000112,0.000625,0.000074,0.000665,0.000114,0.000458,0.000092,0.000727,0.57,-12.84,24.06,-7.35,77.20,-165.92,141.70,139.48,161.84,143.37,-141.45,-178.57,-63.05,-145.62,-19.70,217.7851,4.8163,4.8050,3.6737,14.4964,2.1637,1.3917,0.7465,3.5679,0.5917,5.9999,0.8056,2.1530,0.6669,4.0114
2026-08-06 10:54:12.905,22.366667,198,22,0.007557,1.5928,-0.54,0,0,0,60.0269,218.454,0.08560,1,1,0,0,0,0.007237,0.000181,0.000922,0.000195,0.001180,0.000056,0.000674,0.000040,0.000688,0.000078,0.000732,0.000022,0.000424,0.000009,0.000625,0.54,-21.86,25.11,8.43,76.62,151.96,144.10,-121.26,164.26,5.08,-144.08,-159.38,-54.83,-70.46,-21.62,217.7851,4.8163,4.8050,3.6737,14.4964,2.1637,1.3917,0.7465,3.5679,0.5917,5.9999,0.8056,2.1530,0.6669,4.0114
2026-08-06 10:54:12.905,22.383333,198,23,0.007580,1.5940,-0.31,0,0,0,60.0269,218.454,0.08560,1,1,0,0,0,0.007248,0.000251,0.000929,0.000091,0.001211,0.000194,0.000512,0.000095,0.000648,0.000094,0.000773,0.000219,0.000541,0.000159,0.000536,0.31,-22.23,29.07,36.50,79.14,-137.63,132.63,98.15,160.25,135.53,-151.49,-137.53,-55.31,118.02,-20.25,217.7851,4.8163,4.8050,3.6737,14.4964,2.1637,1.3917,0.7465,3.5679,0.5917,5.9999,0.8056,2.1530,0.6669,4.0114
2026-08-06 10:54:12.905,22.400000,198,24,0.007514,1.5831,-0.15,0,0,0,60.0269,218.454,0.08560,1,1,0,0,0,0.007198,0.000219,0.000904,0.000062,0.001164,0.000044,0.000675,0.000074,0.000659,0.000043,0.000704,0.000126,0.000405,0.000067,0.000638,0.15,-22.16,25.72,-11.98,79.26,108.90,142.58,91.88,159.72,120.68,-141.03,137.20,-61.37,-122.29,-15.64,217.7851,4.8163,4.8050,3.6737,14.4964,2.1637,1.3917,0.7465,3.5679,0.5917,5.9999,0.8056,2.1530,0.6669,4.0114
2026-08-06 10:54:12.905,22.416667,198,25,0.007442,1.5705,-0.44,0,0,0,60.0269,218.454,0.08560,1,1,0,0,0,0.007135,0.000213,0.000890,0.000142,0.001149,0.000020,0.000663,0.000059,0.000652,0.000030,0.000732,0.000085,0.000381,0.000004,0.000635,0.44,-1.32,23.61,18.20,76.28,146.97,137.37,-77.62,165.54,-105.23,-147.63,152.14,-58.42,125.73,-22.48,217.7851,4.8163,4.8050,3.6737,14.4964,2.1637,1.3917,0.7465,3.5679,0.5917,5.9999,0.8056,2.1530,0.6669,4.0114
2026-08-06 10:54:12.905,22.433333,198,26,0.007480,1.5760,-0.12,0,0,0,60.0269,218.454,0.08560,1,1,0,0,0,0.007161,0.000157,0.000913,0.000076,0.001179,0.000037,0.000651,0.000057,0.000674,0.000012,0.000780,0.000056,0.000432,0.000077,0.000589,0.12,-7.25,25.48,0.07,76.97,-167.88,142.49,173.84,162.46,-33.02,-145.10,165.43,-70.31,173.12,-19.55,217.7851,4.8163,4.8050,3.6737,14.4964,2.1637,1.3917,0.7465,3.5679,0.5917,5.9999,0.8056,2.1530,0.6669,4.0114
2026-08-06 10:54:12.905,22.450000,198,27,0.007518,1.5837,-0.66,0,0,0,60.0269,218.454,0.08560,1,1,0,0,0,0.007197,0.000221,0.000803,0.000083,0.001210,0.000103,0.000757,0.000139,0.000620,0.000107,0.000742,0.000095,0.000476,0.000083,0.000672,0.66,-32.44,24.54,31.56,75.62,-120.07,141.03,41.01,169.00,167.82,-149.62,91.19,-71.49,-171.15,-14.65,217.7851,4.8163,4.8050,3.6737,14.4964,2.1637,1.3917,0.7465,3.5679,0.5917,5.9999,0.8056,2.1530,0.6669,4.0114
2026-08-06 10:54:12.905,22.466667,198,28,0.007460,1.5730,-0.72,0,0,0,60.0269,218.454,0.08560,1,1,0,0,0,0.007153,0.000191,0.000850,0.000108,0.001141,0.000072,0.000696,0.000024,0.000650,0.000029,0.000685,0.000052,0.000367,0.000014,0.000653,0.72,-14.72,26.25,17.76,77.75,172.28,136.36,-118.22,162.97,82.07,-148.14,143.84,-58.07,1.29,-14.89,217.7851,4.8163,4.8050,3.6737,14.4964,2.1637,1.3917,0.7465,3.5679,0.5917,5.9999,0.8056,2.1530,0.6669,4.0114
2026-08-06 10:54:12.905,22.483333,198,29,0.007520,1.5860,-1.00,0,0,0,60.0269,218.454,0.08560,1,1,0,0,0,0.007206,0.000200,0.000875,0.000067,0.001191,0.000082,0.000720,0.000060,0.000662,0.000166,0.000639,0.000164,0.000376,0.000038,0.000661,1.00,-26.10,25.01,22.85,74.04,-145.64,141.69,144.49,170.95,155.60,-146.08,-138.58,-77.80,119.31,-25.90,217.7851,4.8163,4.8050,3.6737,14.4964,2.1637,1.3917,0.7465,3.5679,0.5917,5.9999,0.8056,2.1530,0.6669,4.0114
