host_time,t_s,seq,cycle,irms,p_w,phase_deg,range,over_count,over_range,freq_hz,vrms,thd_v,pll_locked,cal_applied,win_range,win_over_range_count,win_clip_volt_count,ih1,ih2,ih3,ih4,ih5,ih6,ih7,ih8,ih9,ih10,ih11,ih12,ih13,ih14,ih15,ihdeg1,ihdeg2,ihdeg3,ihdeg4,ihdeg5,ihdeg6,ihdeg7,ihdeg8,ihdeg9,ihdeg10,ihdeg11,ihdeg12,ihdeg13,ihdeg14,ihdeg15,vh1,vh2,vh3,vh4,vh5,vh6,vh7,vh8,vh9,vh10,vh11,vh12,vh13,vh14,vh15
2026-08-06 10:52:52.050,0.000000,19,0,0.007522,-1.5209,165.83,0,0,0,60.0154,217.965,0.08377,1,0,0,0,0,0.007179,0.000223,0.000960,0.000168,0.001307,0.000017,0.000644,0.000083,0.000648,0.000104,0.000782,0.000100,0.000360,0.000046,0.000588,-165.83,-161.65,-115.78,-108.74,-36.53,-106.03,48.11,5.50,94.32,102.71,170.13,120.59,-97.99,146.28,0.66,217.3321,4.8013,4.7882,3.6461,14.2896,2.1507,1.2396,0.6872,3.3177,0.5476,5.4690,0.8149,1.7764,0.7115,4.0322
2026-08-06 10:52:52.050,0.016667,19,1,0.007536,-1.5332,166.34,0,0,0,60.0154,217.965,0.08377,1,0,0,0,0,0.007220,0.000228,0.000903,0.000131,0.001224,0.000052,0.000657,0.000031,0.000638,0.000059,0.000804,0.000083,0.000349,0.000026,0.000507,-166.34,-163.82,-117.97,-112.04,-37.10,8.39,48.54,-13.71,94.51,53.83,172.57,109.40,-83.14,122.62,-8.43,217.3321,4.8013,4.7882,3.6461,14.2896,2.1507,1.2396,0.6872,3.3177,0.5476,5.4690,0.8149,1.7764,0.7115,4.0322
2026-08-06 10:52:52.050,0.033333,19,2,0.007445,-1.5101,166.25,0,0,0,60.0154,217.965,0.08377,1,0,0,0,0,0.007118,0.000208,0.000909,0.000114,0.001248,0.000018,0.000628,0.000131,0.000663,0.000042,0.000837,0.000030,0.000435,0.000069,0.000532,-166.25,-154.76,-116.05,-119.89,-35.18,-6.54,48.52,78.32,95.41,57.85,176.22,157.58,-88.92,138.12,-9.20,217.3321,4.8013,4.7882,3.6461,14.2896,2.1507,1.2396,0.6872,3.3177,0.5476,5.4690,0.8149,1.7764,0.7115,4.0322
2026-08-06 10:52:52.050,0.050000,19,3,0.007579,-1.5371,166.03,0,0,0,60.0154,217.965,0.08377,1,0,0,0,0,0.007252,0.000207,0.000919,0.000165,0.001270,0.000034,0.000623,0.000138,0.000716,0.000063,0.000792,0.000079,0.000364,0.000035,0.000545,-166.03,-161.66,-114.88,-109.13,-35.46,28.75,46.20,26.38,96.22,79.15,171.50,158.86,-92.30,88.71,-5.61,217.3321,4.8013,4.7882,3.6461,14.2896,2.1507,1.2396,0.6872,3.3177,0.5476,5.4690,0.8149,1.7764,0.7115,4.0322
2026-08-06 10:52:52.050,0.066667,19,4,0.007519,-1.5231,166.03,0,0,0,60.0154,217.965,0.08377,1,0,0,0,0,0.007183,0.000228,0.000960,0.000187,0.001265,0.000023,0.000693,0.000067,0.000653,0.000103,0.000746,0.000095,0.000391,0.000079,0.000565,-166.03,-167.47,-120.83,-110.18,-36.42,-19.12,52.63,38.99,95.26,70.29,173.26,84.51,-90.95,110.11,-7.10,217.3321,4.8013,4.7882,3.6461,14.2896,2.1507,1.2396,0.6872,3.3177,0.5476,5.4690,0.8149,1.7764,0.7115,4.0322
2026-08-06 10:52:52.050,0.083333,19,5,0.007486,-1.5185,165.94,0,0,0,60.0154,217.965,0.08377,1,0,0,0,0,0.007165,0.000260,0.000928,0.000136,0.001240,0.000045,0.000596,0.000097,0.000673,0.000053,0.000785,0.000032,0.000420,0.000024,0.000565,-165.94,-155.85,-118.81,-114.57,-36.12,-8.67,42.49,65.22,90.79,52.97,170.85,133.01,-91.67,-135.87,-6.48,217.3321,4.8013,4.7882,3.6461,14.2896,2.1507,1.2396,0.6872,3.3177,0.5476,5.4690,0.8149,1.7764,0.7115,4.0322
2026-08-06 10:52:52.050,0.100000,19,6,0.007501,-1.5260,165.82,0,0,0,60.0154,217.965,0.08377,1,0,0,0,0,0.007201,0.000234,0.000867,0.000174,0.001244,0.000027,0.000637,0.000071,0.000636,0.000092,0.000729,0.000112,0.000328,0.000069,0.000587,-165.82,-175.37,-119.49,-87.32,-38.62,103.18,50.22,80.79,95.94,114.62,170.88,-174.99,-89.39,141.14,-6.56,217.3321,4.8013,4.7882,3.6461,14.2896,2.1507,1.2396,0.6872,3.3177,0.5476,5.4690,0.8149,1.7764,0.7115,4.0322
2026-08-06 10:52:52.050,0.116667,19,7,0.007466,-1.5197,166.22,0,0,0,60.0154,217.965,0.08377,1,0,0,0,0,0.007157,0.000296,0.000885,0.000157,0.001252,0.000036,0.000692,0.000030,0.000608,0.000104,0.000725,0.000075,0.000329,0.000039,0.000568,-166.22,-172.16,-117.83,-90.74,-38.20,51.99,46.17,14.21,94.66,112.87,171.58,115.58,-92.06,-100.27,-6.72,217.3321,4.8013,4.7882,3.6461,14.2896,2.1507,1.2396,0.6872,3.3177,0.5476,5.4690,0.8149,1.7764,0.7115,4.0322
2026-08-06 10:52:52.050,0.133333,19,8,0.007492,-1.5231,166.74,0,0,0,60.0154,217.965,0.08377,1,0,0,0,0,0.007163,0.000167,0.000973,0.000097,0.001205,0.000025,0.000658,0.000053,0.000709,0.000030,0.000801,0.000089,0.000383,0.000041,0.000629,-166.74,-161.67,-119.45,-94.26,-36.71,-123.70,50.51,142.73,102.48,-37.93,171.37,82.33,-87.45,-120.38,-7.22,217.3321,4.8013,4.7882,3.6461,14.2896,2.1507,1.2396,0.6872,3.3177,0.5476,5.4690,0.8149,1.7764,0.7115,4.0322
2026-08-06 10:52:52.050,0.150000,19,9,0.007506,-1.5194,166.17,0,0,0,60.0154,217.965,0.08377,1,0,0,0,0,0.007162,0.000198,0.001017,0.000121,0.001270,0.000056,0.000655,0.000169,0.000683,0.000075,0.000805,0.000056,0.000391,0.000088,0.000493,-166.17,-161.26,-117.38,-116.12,-36.50,-91.80,46.01,63.93,89.18,111.29,172.76,150.41,-103.32,134.40,-6.22,217.3321,4.8013,4.7882,3.6461,14.2896,2.1507,1.2396,0.6872,3.3177,0.5476,5.4690,0.8149,1.7764,0.7115,4.0322
2026-08-06 10:52:52.050,0.166667,19,10,0.007535,-1.5279,166.16,0,0,0,60.0154,217.965,0.08377,1,0,0,0,0,0.007198,0.000231,0.000956,0.000092,0.001250,0.000049,0.000700,0.000060,0.000680,0.000096,0.000743,0.000067,0.000373,0.000020,0.000576,-166.16,-176.97,-116.35,-126.53,-38.16,-146.96,49.57,6.13,97.35,78.18,173.16,136.49,-106.83,-0.51,-9.92,217.3321,4.8013,4.7882,3.6461,14.2896,2.1507,1.2396,0.6872,3.3177,0.5476,5.4690,0.8149,1.7764,0.7115,4.0322
2026-08-06 10:52:52.050,0.183333,19,11,0.007498,-1.5223,165.77,0,0,0,60.0154,217.965,0.08377,1,0,0,0,0,0.007182,0.000226,0.000911,0.000174,0.001251,0.000008,0.000677,0.000052,0.000640,0.000092,0.000741,0.000075,0.000351,0.000038,0.000559,-165.77,-177.98,-117.68,-98.59,-38.54,-48.16,46.78,75.67,97.08,63.09,174.61,143.09,-76.16,130.43,-6.53,217.3321,4.8013,4.7882,3.6461,14.2896,2.1507,1.2396,0.6872,3.3177,0.5476,5.4690,0.8149,1.7764,0.7115,4.0322
2026-08-06 10:52:52.050,0.200000,19,12,0.007434,-1.5085,166.14,0,0,0,60.0154,217.965,0.08377,1,0,0,0,0,0.007114,0.000197,0.000889,0.000122,0.001228,0.000058,0.000646,0.000120,0.000669,0.000029,0.000778,0.000021,0.000430,0.000093,0.000512,-166.14,-150.45,-115.90,-105.92,-36.60,100.39,55.29,83.92,98.14,76.82,174.29,-131.77,-90.86,177.35,-4.61,217.3321,4.8013,4.7882,3.6461,14.2896,2.1507,1.2396,0.6872,3.3177,0.5476,5.4690,0.8149,1.7764,0.7115,4.0322
2026-08-06 10:52:52.050,0.216667,19,13,0.007505,-1.5185,165.72,0,0,0,60.0154,217.965,0.08377,1,0,0,0,0,0.007171,0.000252,0.000947,0.000200,0.001242,0.000038,0.000657,0.000065,0.000674,0.000109,0.000725,0.000071,0.000372,0.000055,0.000652,-165.72,-162.59,-115.81,-109.36,-37.24,-33.80,48.89,5.80,91.27,98.85,169.74,131.26,-100.66,147.45,-6.31,217.3321,4.8013,4.7882,3.6461,14.2896,2.1507,1.2396,0.6872,3.3177,0.5476,5.4690,0.8149,1.7764,0.7115,4.0322
2026-08-06 10:52:52.050,0.233333,19,14,0.007537,-1.5298,166.47,0,0,0,60.0154,217.965,0.08377,1,0,0,0,0,0.007199,0.000191,0.000977,0.000176,0.001317,0.000040,0.000682,0.000016,0.000661,0.000046,0.000757,0.000117,0.000316,0.000079,0.000582,-166.47,-160.58,-117.44,-125.14,-35.93,-43.45,53.34,91.19,98.57,86.55,170.49,106.28,-81.01,-179.60,-13.45,217.3321,4.8013,4.7882,3.6461,14.2896,2.1507,1.2396,0.6872,3.3177,0.5476,5.4690,0.8149,1.7764,0.7115,4.0322
2026-08-06 10:52:52.050,0.250000,19,15,0.007545,-1.5303,166.28,0,0,0,60.0154,217.965,0.08377,1,0,0,0,0,0.007207,0.000180,0.000943,0.000101,0.001228,0.000024,0.000705,0.000053,0.000725,0.000027,0.000809,0.000057,0.000419,0.000096,0.000609,-166.28,-159.85,-118.15,-121.99,-37.25,-53.43,52.24,64.75,93.03,-137.81,169.94,-99.97,-89.21,-176.14,-7.24,217.3321,4.8013,4.7882,3.6461,14.2896,2.1507,1.2396,0.6872,3.3177,0.5476,5.4690,0.8149,1.7764,0.7115,4.0322
2026-08-06 10:52:52.050,0.266667,19,16,0.007573,-1.5345,165.79,0,0,0,60.0154,217.965,0.08377,1,0,0,0,0,0.007245,0.000204,0.000937,0.000171,0.001271,0.000040,0.000676,0.000089,0.000706,0.000088,0.000801,0.000084,0.000335,0.000083,0.000580,-165.79,-153.18,-115.03,-99.16,-37.22,55.04,51.05,30.17,93.98,61.67,170.09,150.37,-86.87,-171.64,-6.21,217.3321,4.8013,4.7882,3.6461,14.2896,2.1507,1.2396,0.6872,3.3177,0.5476,5.4690,0.8149,1.7764,0.7115,4.0322
2026-08-06 10:52:52.050,0.283333,19,17,0.007511,-1.5266,166.79,0,0,0,60.0154,217.965,0.08377,1,0,0,0,0,0.007177,0.000189,0.000925,0.000107,0.001280,0.000049,0.000699,0.000028,0.000666,0.000038,0.000779,0.000085,0.000355,0.000056,0.000550,-166.79,176.98,-117.29,-113.53,-37.85,35.31,47.47,70.02,92.95,102.86,173.28,95.40,-93.12,-163.00,-9.58,217.3321,4.8013,4.7882,3.6461,14.2896,2.1507,1.2396,0.6872,3.3177,0.5476,5.4690,0.8149,1.7764,0.7115,4.0322
2026-08-06 10:52:52.050,0.300000,19,18,0.007626,-1.5480,166.15,0,0,0,60.0154,217.965,0.08377,1,0,0,0,0,0.007297,0.000223,0.001008,0.000142,0.001237,0.000039,0.000696,0.000026,0.000709,0.000019,0.000764,0.000005,0.000285,0.000083,0.000517,-166.15,-173.65,-115.77,-96.63,-38.75,-13.42,47.44,151.48,93.85,-166.73,171.50,178.54,-87.67,-132.78,-5.12,217.3321,4.8013,4.7882,3.6461,14.2896,2.1507,1.2396,0.6872,3.3177,0.5476,5.4690,0.8149,1.7764,0.7115,4.0322
2026-08-06 10:52:52.050,0.316667,19,19,0.007528,-1.5280,166.12,0,0,0,60.0154,217.965,0.08377,1,0,0,0,0,0.007205,0.000181,0.000885,0.000130,0.001277,0.000007,0.000683,0.000092,0.000732,0.000019,0.000781,0.000072,0.000325,0.000061,0.000531,-166.12,-167.76,-115.81,-127.07,-37.12,139.36,48.27,28.46,95.57,95.92,169.18,-176.29,-96.42,163.97,-3.92,217.3321,4.8013,4.7882,3.6461,14.2896,2.1507,1.2396,0.6872,3.3177,0.5476,5.4690,0.8149,1.7764,0.7115,4.0322
2026-08-06 10:52:52.050,0.333333,19,20,0.007472,-1.5186,166.25,0,0,0,60.0154,217.965,0.08377,1,0,0,0,0,0.007156,0.000306,0.000936,0.000120,0.001271,0.000028,0.000665,0.000114,0.000569,0.000094,0.000682,0.000082,0.000307,0.000036,0.000600,-166.25,-160.62,-118.83,-102.61,-38.29,115.94,45.58,0.79,97.88,84.69,175.05,113.58,-89.20,140.11,-5.45,217.3321,4.8013,4.7882,3.6461,14.2896,2.1507,1.2396,0.6872,3.3177,0.5476,5.4690,0.8149,1.7764,0.7115,4.0322
2026-08-06 10:52:52.050,0.350000,19,21,0.007425,-1.5076,166.20,0,0,0,60.0154,217.965,0.08377,1,0,0,0,0,0.007103,0.000205,0.000938,0.000180,0.001219,0.000038,0.000642,0.000045,0.000633,0.000026,0.000789,0.000061,0.000432,0.000029,0.000573,-166.20,-159.73,-117.78,-111.46,-39.18,-111.32,44.58,102.60,95.82,-163.50,173.06,104.24,-86.32,-116.40,-13.86,217.3321,4.8013,4.7882,3.6461,14.2896,2.1507,1.2396,0.6872,3.3177,0.5476,5.4690,0.8149,1.7764,0.7115,4.0322
2026-08-06 10:52:52.050,0.366667,19,22,0.007520,-1.5240,166.00,0,0,0,60.0154,217.965,0.08377,1,0,0,0,0,0.007192,0.000174,0.000969,0.000106,0.001307,0.000041,0.000638,0.000101,0.000634,0.000063,0.000780,0.000070,0.000380,0.000090,0.000501,-166.00,-160.01,-118.02,-133.75,-35.89,28.95,47.07,58.73,91.69,106.51,173.35,153.87,-83.77,119.83,-5.41,217.3321,4.8013,4.7882,3.6461,14.2896,2.1507,1.2396,0.6872,3.3177,0.5476,5.4690,0.8149,1.7764,0.7115,4.0322
2026-08-06 10:52:52.050,0.383333,19,23,0.007528,-1.5260,166.16,0,0,0,60.0154,217.965,0.08377,1,0,0,0,0,0.007194,0.000179,0.000949,0.000157,0.001267,0.000060,0.000697,0.000056,0.000649,0.000104,0.000765,0.000106,0.000380,0.000037,0.000585,-166.16,-164.16,-114.44,-133.50,-35.22,-70.45,45.60,-38.51,88.61,92.38,172.04,108.69,-83.07,-169.64,-3.96,217.3321,4.8013,4.7882,3.6461,14.2896,2.1507,1.2396,0.6872,3.3177,0.5476,5.4690,0.8149,1.7764,0.7115,4.0322
2026-08-06 10:52:52.050,0.400000,19,24,0.007499,-1.5223,165.67,0,0,0,60.0154,217.965,0.08377,1,0,0,0,0,0.007189,0.000178,0.000931,0.000161,0.001232,0.000025,0.000634,0.000062,0.000643,0.000017,0.000767,0.000057,0.000335,0.000044,0.000550,-165.67,-159.16,-117.41,-112.35,-37.24,14.41,46.09,103.73,92.68,-74.55,171.24,88.88,-79.73,160.56,-6.22,217.3321,4.8013,4.7882,3.6461,14.2896,2.1507,1.2396,0.6872,3.3177,0.5476,5.4690,0.8149,1.7764,0.7115,4.0322
2026-08-06 10:52:52.050,0.416667,19,25,0.007491,-1.5206,166.07,0,0,0,60.0154,217.965,0.08377,1,0,0,0,0,0.007167,0.000247,0.000909,0.000162,0.001208,0.000005,0.000669,0.000156,0.000691,0.000049,0.000790,0.000037,0.000410,0.000097,0.000530,-166.07,-159.78,-118.04,-107.38,-37.70,89.01,49.10,41.37,95.61,64.99,171.82,32.45,-89.06,152.99,-7.17,217.3321,4.8013,4.7882,3.6461,14.2896,2.1507,1.2396,0.6872,3.3177,0.5476,5.4690,0.8149,1.7764,0.7115,4.0322
2026-08-06 10:52:52.050,0.433333,19,26,0.007482,-1.5173,166.10,0,0,0,60.0154,217.965,0.08377,1,0,0,0,0,0.007152,0.000230,0.000944,0.000139,0.001243,0.000028,0.000685,0.000080,0.000645,0.000099,0.000792,0.000083,0.000383,0.000028,0.000577,-166.10,-165.48,-119.06,-112.57,-36.84,-98.76,47.57,1.36,93.07,80.65,169.82,112.38,-99.24,-107.08,-3.10,217.3321,4.8013,4.7882,3.6461,14.2896,2.1507,1.2396,0.6872,3.3177,0.5476,5.4690,0.8149,1.7764,0.7115,4.0322
2026-08-06 10:52:52.050,0.450000,19,27,0.007489,-1.5210,166.34,0,0,0,60.0154,217.965,0.08377,1,0,0,0,0,0.007169,0.000152,0.000918,0.000087,0.001279,0.000041,0.000648,0.000019,0.000680,0.000016,0.000761,0.000021,0.000355,0.000050,0.000566,-166.34,-163.70,-121.11,-169.47,-34.18,-44.74,48.14,-140.99,96.27,21.07,170.62,102.22,-89.72,-168.59,-5.72,217.3321,4.8013,4.7882,3.6461,14.2896,2.1507,1.2396,0.6872,3.3177,0.5476,5.4690,0.8149,1.7764,0.7115,4.0322
2026-08-06 10:52:52.050,0.466667,19,28,0.007567,-1.5335,166.08,0,0,0,60.0154,217.965,0.08377,1,0,0,0,0,0.007231,0.000152,0.000984,0.000076,0.001272,0.000027,0.000624,0.000080,0.000680,0.000039,0.000799,0.000034,0.000429,0.000085,0.000563,-166.08,-159.53,-119.24,-114.87,-38.14,-173.07,48.44,71.77,92.53,98.66,172.18,-168.39,-87.82,159.72,-2.78,217.3321,4.8013,4.7882,3.6461,14.2896,2.1507,1.2396,0.6872,3.3177,0.5476,5.4690,0.8149,1.7764,0.7115,4.0322
2026-08-06 10:52:52.050,0.483333,19,29,0.007508,-1.5236,166.35,0,0,0,60.0154,217.965,0.08377,1,0,0,0,0,0.007177,0.000222,0.000963,0.000155,0.001296,0.000048,0.000649,0.000071,0.000625,0.000019,0.000750,0.000071,0.000384,0.000028,0.000612,-166.35,-162.67,-118.39,-118.35,-37.03,17.83,47.33,54.12,93.49,123.98,171.18,117.75,-91.95,95.67,-8.25,217.3321,4.8013,4.7882,3.6461,14.2896,2.1507,1.2396,0.6872,3.3177,0.5476,5.4690,0.8149,1.7764,0.7115,4.0322
2026-08-06 10:52:52.307,0.500000,20,0,0.007511,-1.5300,166.35,0,0,0,60.0192,217.957,0.08373,1,0,0,0,0,0.007209,0.000235,0.000922,0.000077,0.001198,0.000027,0.000617,0.000024,0.000650,0.000046,0.000708,0.000050,0.000342,0.000036,0.000595,-166.35,-156.35,-117.53,-113.20,-38.59,-69.51,44.19,-48.88,90.64,119.21,174.64,92.36,-87.04,28.45,-1.98,217.3242,4.7941,4.7789,3.6429,14.2896,2.1403,1.2261,0.6952,3.3145,0.5443,5.4790,0.8165,1.7739,0.7011,4.0118
2026-08-06 10:52:52.307,0.516667,20,1,0.007468,-1.5160,165.99,0,0,0,60.0192,217.957,0.08373,1,0,0,0,0,0.007154,0.000166,0.000897,0.000115,0.001199,0.000104,0.000693,0.000074,0.000657,0.000110,0.000738,0.000068,0.000426,0.000097,0.000572,-165.99,-174.53,-119.71,-131.02,-38.20,90.32,48.43,91.71,92.50,127.49,176.40,151.53,-82.96,177.34,-10.30,217.3242,4.7941,4.7789,3.6429,14.2896,2.1403,1.2261,0.6952,3.3145,0.5443,5.4790,0.8165,1.7739,0.7011,4.0118
2026-08-06 10:52:52.307,0.533333,20,2,0.007581,-1.5371,165.95,0,0,0,60.0192,217.957,0.08373,1,0,0,0,0,0.007252,0.000203,0.000913,0.000093,0.001313,0.000017,0.000645,0.000122,0.000651,0.000108,0.000757,0.000100,0.000419,0.000065,0.000631,-165.95,-165.72,-116.59,-101.29,-36.53,110.60,47.03,24.12,92.41,108.84,170.43,139.40,-85.09,106.83,-3.55,217.3242,4.7941,4.7789,3.6429,14.2896,2.1403,1.2261,0.6952,3.3145,0.5443,5.4790,0.8165,1.7739,0.7011,4.0118
2026-08-06 10:52:52.307,0.550000,20,3,0.007496,-1.5222,166.37,0,0,0,60.0192,217.957,0.08373,1,0,0,0,0,0.007170,0.000183,0.000870,0.000180,0.001267,0.000049,0.000706,0.000071,0.000663,0.000125,0.000753,0.000047,0.000368,0.000024,0.000579,-166.37,-166.56,-117.21,-103.69,-37.76,63.47,49.16,-71.19,99.57,76.26,174.53,145.71,-78.77,84.94,-9.70,217.3242,4.7941,4.7789,3.6429,14.2896,2.1403,1.2261,0.6952,3.3145,0.5443,5.4790,0.8165,1.7739,0.7011,4.0118
2026-08-06 10:52:52.307,0.566667,20,4,0.007520,-1.5237,165.95,0,0,0,60.0192,217.957,0.08373,1,0,0,0,0,0.007193,0.000233,0.000943,0.000140,0.001267,0.000024,0.000654,0.000075,0.000626,0.000014,0.000732,0.000040,0.000413,0.000058,0.000584,-165.95,-175.47,-116.63,-136.71,-37.16,147.26,51.90,80.13,96.76,40.43,174.87,-22.51,-85.69,-168.19,-0.33,217.3242,4.7941,4.7789,3.6429,14.2896,2.1403,1.2261,0.6952,3.3145,0.5443,5.4790,0.8165,1.7739,0.7011,4.0118
2026-08-06 10:52:52.307,0.583333,20,5,0.007466,-1.5103,165.59,0,0,0,60.0192,217.957,0.08373,1,0,0,0,0,0.007141,0.000207,0.000930,0.000133,0.001249,0.000037,0.000645,0.000068,0.000687,0.000060,0.000733,0.000075,0.000376,0.000010,0.000544,-165.59,-166.42,-120.04,-99.67,-37.65,61.43,48.59,63.71,93.64,82.48,177.15,146.61,-94.96,-151.54,-2.54,217.3242,4.7941,4.7789,3.6429,14.2896,2.1403,1.2261,0.6952,3.3145,0.5443,5.4790,0.8165,1.7739,0.7011,4.0118
2026-08-06 10:52:52.307,0.600000,20,6,0.007593,-1.5404,166.24,0,0,0,60.0192,217.957,0.08373,1,0,0,0,0,0.007257,0.000220,0.000991,0.000137,0.001258,0.000021,0.000678,0.000055,0.000691,0.000057,0.000776,0.000065,0.000370,0.000051,0.000623,-166.24,-164.70,-119.64,-111.59,-37.43,-44.51,50.20,-14.38,95.51,112.41,170.99,106.43,-99.24,-160.14,-3.18,217.3242,4.7941,4.7789,3.6429,14.2896,2.1403,1.2261,0.6952,3.3145,0.5443,5.4790,0.8165,1.7739,0.7011,4.0118
2026-08-06 10:52:52.307,0.616667,20,7,0.007487,-1.5181,165.72,0,0,0,60.0192,217.957,0.08373,1,0,0,0,0,0.007169,0.000196,0.000934,0.000136,0.001225,0.000034,0.000665,0.000061,0.000732,0.000046,0.000776,0.000016,0.000379,0.000043,0.000552,-165.72,-144.18,-118.90,-118.20,-37.95,64.07,52.81,92.52,97.09,84.67,173.71,50.59,-86.79,162.09,-10.04,217.3242,4.7941,4.7789,3.6429,14.2896,2.1403,1.2261,0.6952,3.3145,0.5443,5.4790,0.8165,1.7739,0.7011,4.0118
2026-08-06 10:52:52.307,0.633333,20,8,0.007567,-1.5267,165.29,0,0,0,60.0192,217.957,0.08373,1,0,0,0,0,0.007222,0.000197,0.000958,0.000114,0.001327,0.000027,0.000684,0.000104,0.000693,0.000084,0.000831,0.000069,0.000422,0.000102,0.000579,-165.29,-162.86,-116.87,-123.49,-37.84,92.26,41.65,41.86,93.28,88.67,169.24,150.41,-88.18,135.91,-6.86,217.3242,4.7941,4.7789,3.6429,14.2896,2.1403,1.2261,0.6952,3.3145,0.5443,5.4790,0.8165,1.7739,0.7011,4.0118
2026-08-06 10:52:52.307,0.650000,20,9,0.007484,-1.5145,165.91,0,0,0,60.0192,217.957,0.08373,1,0,0,0,0,0.007144,0.000231,0.000925,0.000155,0.001328,0.000016,0.000663,0.000110,0.000627,0.000124,0.000783,0.000091,0.000410,0.000043,0.000585,-165.91,-151.32,-119.01,-124.95,-38.49,-40.77,48.28,6.14,90.86,90.30,170.12,97.75,-101.86,76.35,-7.75,217.3242,4.7941,4.7789,3.6429,14.2896,2.1403,1.2261,0.6952,3.3145,0.5443,5.4790,0.8165,1.7739,0.7011,4.0118
2026-08-06 10:52:52.307,0.666667,20,10,0.007539,-1.5309,166.18,0,0,0,60.0192,217.957,0.08373,1,0,0,0,0,0.007214,0.000260,0.000962,0.000165,0.001265,0.000059,0.000712,0.000048,0.000639,0.000064,0.000750,0.000052,0.000324,0.000028,0.000562,-166.18,-158.64,-118.97,-97.40,-37.11,-8.20,50.08,24.80,92.89,91.83,170.00,133.40,-85.72,160.42,-7.69,217.3242,4.7941,4.7789,3.6429,14.2896,2.1403,1.2261,0.6952,3.3145,0.5443,5.4790,0.8165,1.7739,0.7011,4.0118
2026-08-06 10:52:52.307,0.683333,20,11,0.007547,-1.5317,166.08,0,0,0,60.0192,217.957,0.08373,1,0,0,0,0,0.007224,0.000188,0.000908,0.000103,0.001311,0.000057,0.000681,0.000104,0.000679,0.000084,0.000753,0.000123,0.000363,0.000098,0.000524,-166.08,175.26,-117.74,-136.61,-37.93,70.03,48.87,80.43,93.19,109.54,171.01,-162.41,-93.85,168.10,-9.52,217.3242,4.7941,4.7789,3.6429,14.2896,2.1403,1.2261,0.6952,3.3145,0.5443,5.4790,0.8165,1.7739,0.7011,4.0118
2026-08-06 10:52:52.307,0.700000,20,12,0.007441,-1.5101,166.16,0,0,0,60.0192,217.957,0.08373,1,0,0,0,0,0.007116,0.000278,0.000942,0.000145,0.001271,0.000039,0.000660,0.000132,0.000643,0.000100,0.000750,0.000150,0.000343,0.000013,0.000518,-166.16,-165.28,-114.49,-136.25,-37.31,-148.29,45.81,21.48,95.84,83.72,167.56,98.27,-101.05,110.34,-8.50,217.3242,4.7941,4.7789,3.6429,14.2896,2.1403,1.2261,0.6952,3.3145,0.5443,5.4790,0.8165,1.7739,0.7011,4.0118
2026-08-06 10:52:52.307,0.716667,20,13,0.007603,-1.5450,166.39,0,0,0,60.0192,217.957,0.08373,1,0,0,0,0,0.007275,0.000218,0.000967,0.000176,0.001288,0.000035,0.000642,0.000022,0.000699,0.000073,0.000705,0.000039,0.000320,0.000040,0.000579,-166.39,-169.39,-119.00,-116.46,-37.95,27.50,47.33,-0.15,96.70,-43.64,171.29,121.09,-80.32,-70.29,-8.13,217.3242,4.7941,4.7789,3.6429,14.2896,2.1403,1.2261,0.6952,3.3145,0.5443,5.4790,0.8165,1.7739,0.7011,4.0118
2026-08-06 10:52:52.307,0.733333,20,14,0.007496,-1.5193,165.80,0,0,0,60.0192,217.957,0.08373,1,0,0,0,0,0.007169,0.000229,0.000908,0.000159,0.001290,0.000038,0.000639,0.000071,0.000738,0.000023,0.000756,0.000028,0.000353,0.000105,0.000585,-165.80,-159.83,-116.31,-109.61,-38.75,83.40,49.08,74.61,96.43,56.62,167.50,121.47,-100.87,134.57,-8.24,217.3242,4.7941,4.7789,3.6429,14.2896,2.1403,1.2261,0.6952,3.3145,0.5443,5.4790,0.8165,1.7739,0.7011,4.0118
2026-08-06 10:52:52.307,0.750000,20,15,0.007511,-1.5246,166.13,0,0,0,60.0192,217.957,0.08373,1,0,0,0,0,0.007185,0.000290,0.000894,0.000159,0.001267,0.000020,0.000666,0.000072,0.000651,0.000057,0.000732,0.000137,0.000371,0.000079,0.000633,-166.13,-166.33,-117.57,-97.20,-35.38,-0.11,45.10,44.97,93.59,92.24,169.96,144.61,-85.16,154.21,-8.59,217.3242,4.7941,4.7789,3.6429,14.2896,2.1403,1.2261,0.6952,3.3145,0.5443,5.4790,0.8165,1.7739,0.7011,4.0118
2026-08-06 10:52:52.307,0.766667,20,16,0.007458,-1.5180,166.50,0,0,0,60.0192,217.957,0.08373,1,0,0,0,0,0.007141,0.000144,0.000873,0.000152,0.001216,0.000031,0.000691,0.000031,0.000672,0.000035,0.000769,0.000053,0.000346,0.000042,0.000589,-166.50,-170.63,-120.46,-113.32,-38.23,2.57,52.32,-7.64,99.48,58.00,171.12,126.34,-79.31,-168.77,-5.91,217.3242,4.7941,4.7789,3.6429,14.2896,2.1403,1.2261,0.6952,3.3145,0.5443,5.4790,0.8165,1.7739,0.7011,4.0118
2026-08-06 10:52:52.307,0.783333,20,17,0.007426,-1.4998,165.16,0,0,0,60.0192,217.957,0.08373,1,0,0,0,0,0.007097,0.000214,0.000976,0.000190,0.001226,0.000022,0.000657,0.000105,0.000670,0.000100,0.000776,0.000039,0.000419,0.000101,0.000539,-165.16,-156.45,-117.07,-106.50,-39.94,-129.65,45.99,92.68,92.76,88.04,171.82,134.68,-91.34,160.48,-10.87,217.3242,4.7941,4.7789,3.6429,14.2896,2.1403,1.2261,0.6952,3.3145,0.5443,5.4790,0.8165,1.7739,0.7011,4.0118
2026-08-06 10:52:52.307,0.800000,20,18,0.007546,-1.5290,165.46,0,0,0,60.0192,217.957,0.08373,1,0,0,0,0,0.007228,0.000209,0.000929,0.000144,0.001244,0.000030,0.000645,0.000067,0.000656,0.000134,0.000736,0.000070,0.000387,0.000043,0.000622,-165.46,-160.52,-116.70,-103.75,-38.35,55.58,45.03,15.20,90.74,119.98,172.99,148.53,-90.78,137.38,-4.88,217.3242,4.7941,4.7789,3.6429,14.2896,2.1403,1.2261,0.6952,3.3145,0.5443,5.4790,0.8165,1.7739,0.7011,4.0118
2026-08-06 10:52:52.307,0.816667,20,19,0.007525,-1.5276,166.18,0,0,0,60.0192,217.957,0.08373,1,0,0,0,0,0.007193,0.000231,0.000944,0.000165,0.001285,0.000028,0.000724,0.000023,0.000655,0.000084,0.000768,0.000116,0.000324,0.000065,0.000556,-166.18,-165.11,-115.57,-125.61,-38.59,30.24,47.24,-11.91,92.01,71.74,169.49,108.68,-88.07,155.56,-14.17,217.3242,4.7941,4.7789,3.6429,14.2896,2.1403,1.2261,0.6952,3.3145,0.5443,5.4790,0.8165,1.7739,0.7011,4.0118
2026-08-06 10:52:52.307,0.833333,20,20,0.007484,-1.5206,166.23,0,0,0,60.0192,217.957,0.08373,1,0,0,0,0,0.007162,0.000213,0.000924,0.000159,0.001238,0.000039,0.000676,0.000097,0.000721,0.000022,0.000769,0.000013,0.000352,0.000081,0.000560,-166.23,-163.19,-118.15,-88.23,-36.66,23.56,51.30,95.24,95.64,-6.11,170.71,3.40,-89.57,173.59,-4.37,217.3242,4.7941,4.7789,3.6429,14.2896,2.1403,1.2261,0.6952,3.3145,0.5443,5.4790,0.8165,1.7739,0.7011,4.0118
2026-08-06 10:52:52.307,0.850000,20,21,0.007554,-1.5325,165.92,0,0,0,60.0192,217.957,0.08373,1,0,0,0,0,0.007228,0.000277,0.000913,0.000136,0.001273,0.000084,0.000645,0.000114,0.000690,0.000066,0.000732,0.000086,0.000397,0.000091,0.000576,-165.92,-163.41,-117.30,-129.48,-37.09,77.10,44.21,16.20,95.97,108.24,172.38,135.75,-94.13,137.37,-10.85,217.3242,4.7941,4.7789,3.6429,14.2896,2.1403,1.2261,0.6952,3.3145,0.5443,5.4790,0.8165,1.7739,0.7011,4.0118
2026-08-06 10:52:52.307,0.866667,20,22,0.007501,-1.5234,166.16,0,0,0,60.0192,217.957,0.08373,1,0,0,0,0,0.007175,0.000218,0.000978,0.000168,0.001260,0.000043,0.000722,0.000045,0.000588,0.000073,0.000707,0.000034,0.000385,0.000057,0.000596,-166.16,-160.84,-121.17,-109.45,-40.29,-35.03,49.36,24.40,93.56,81.82,170.89,126.00,-87.75,165.38,-7.17,217.3242,4.7941,4.7789,3.6429,14.2896,2.1403,1.2261,0.6952,3.3145,0.5443,5.4790,0.8165,1.7739,0.7011,4.0118
2026-08-06 10:52:52.307,0.883333,20,23,0.007466,-1.5183,166.32,0,0,0,60.0192,217.957,0.08373,1,0,0,0,0,0.007152,0.000196,0.000919,0.000108,0.001213,0.000041,0.000601,0.000106,0.000686,0.000019,0.000766,0.000037,0.000388,0.000088,0.000578,-166.32,-154.07,-116.71,-105.52,-35.43,54.03,48.73,88.74,92.80,-81.16,171.61,77.99,-90.04,-163.15,-6.32,217.3242,4.7941,4.7789,3.6429,14.2896,2.1403,1.2261,0.6952,3.3145,0.5443,5.4790,0.8165,1.7739,0.7011,4.0118
2026-08-06 10:52:52.307,0.900000,20,24,0.007537,-1.5260,165.84,0,0,0,60.0192,217.957,0.08373,1,0,0,0,0,0.007201,0.000207,0.000974,0.000134,0.001284,0.000064,0.000678,0.000080,0.000672,0.000069,0.000757,0.000093,0.000417,0.000121,0.000614,-165.84,-157.68,-116.39,-127.23,-36.49,108.28,46.87,36.89,93.95,114.76,171.07,122.98,-89.02,169.46,-6.72,217.3242,4.7941,4.7789,3.6429,14.2896,2.1403,1.2261,0.6952,3.3145,0.5443,5.4790,0.8165,1.7739,0.7011,4.0118
2026-08-06 10:52:52.307,0.916667,20,25,0.007580,-1.5314,165.38,0,0,0,60.0192,217.957,0.08373,1,0,0,0,0,0.007244,0.000193,0.001019,0.000131,0.001308,0.000007,0.000718,0.000054,0.000647,0.000076,0.000715,0.000085,0.000358,0.000029,0.000560,-165.38,-173.45,-117.07,-115.55,-38.63,-18.38,47.11,41.09,89.63,69.52,171.92,105.29,-95.60,154.07,-2.07,217.3242,4.7941,4.7789,3.6429,14.2896,2.1403,1.2261,0.6952,3.3145,0.5443,5.4790,0.8165,1.7739,0.7011,4.0118
2026-08-06 10:52:52.307,0.933333,20,26,0.007501,-1.5207,165.54,0,0,0,60.0192,217.957,0.08373,1,0,0,0,0,0.007188,0.000213,0.000959,0.000179,0.001191,0.000044,0.000645,0.000023,0.000677,0.000020,0.000782,0.000029,0.000363,0.000028,0.000558,-165.54,-151.81,-120.15,-100.08,-38.15,44.92,49.32,71.95,92.80,-162.39,171.00,-48.15,-90.69,-72.98,-7.44,217.3242,4.7941,4.7789,3.6429,14.2896,2.1403,1.2261,0.6952,3.3145,0.5443,5.4790,0.8165,1.7739,0.7011,4.0118
2026-08-06 10:52:52.307,0.950000,20,27,0.007472,-1.5149,165.98,0,0,0,60.0192,217.957,0.08373,1,0,0,0,0,0.007144,0.000185,0.000896,0.000117,0.001266,0.000054,0.000686,0.000120,0.000683,0.000095,0.000825,0.000085,0.000389,0.000076,0.000537,-165.98,-167.74,-118.97,-95.55,-36.42,29.32,49.25,54.91,95.40,79.43,172.08,-162.20,-85.55,145.30,-6.83,217.3242,4.7941,4.7789,3.6429,14.2896,2.1403,1.2261,0.6952,3.3145,0.5443,5.4790,0.8165,1.7739,0.7011,4.0118
2026-08-06 10:52:52.307,0.966667,20,28,0.007529,-1.5280,166.05,0,0,0,60.0192,217.957,0.08373,1,0,0,0,0,0.007204,0.000297,0.000940,0.000132,0.001305,0.000031,0.000661,0.000080,0.000676,0.000135,0.000707,0.000082,0.000356,0.000070,0.000585,-166.05,-159.96,-117.40,-124.94,-37.09,27.93,43.22,62.63,85.95,108.77,171.91,115.99,-87.16,157.76,-3.91,217.3242,4.7941,4.7789,3.6429,14.2896,2.1403,1.2261,0.6952,3.3145,0.5443,5.4790,0.8165,1.7739,0.7011,4.0118
2026-08-06 10:52:52.307,0.983333,20,29,0.007520,-1.5265,165.90,0,0,0,60.0192,217.957,0.08373,1,0,0,0,0,0.007203,0.000203,0.000941,0.000130,0.001232,0.000005,0.000672,0.000049,0.000670,0.000035,0.000751,0.000047,0.000347,0.000049,0.000553,-165.90,-172.64,-117.83,-99.51,-38.23,178.59,45.52,77.64,92.79,153.43,171.73,113.53,-92.41,-166.61,-5.19,217.3242,4.7941,4.7789,3.6429,14.2896,2.1403,1.2261,0.6952,3.3145,0.5443,5.4790,0.8165,1.7739,0.7011,4.0118
2026-08-06 10:52:52.607,1.000000,21,0,0.007466,-1.5151,166.05,0,0,0,60.0192,217.880,0.08385,1,0,0,0,0,0.007149,0.000198,0.000921,0.000100,0.001272,0.000029,0.000611,0.000134,0.000641,0.000100,0.000716,0.000087,0.000359,0.000126,0.000599,-166.05,-175.35,-116.11,-110.71,-36.53,104.05,48.50,89.39,94.15,140.35,176.50,148.12,-86.28,157.15,0.31,217.2478,4.7738,4.7816,3.6403,14.2995,2.1410,1.2404,0.7045,3.3372,0.5649,5.5094,0.8243,1.7576,0.6835,4.0238
2026-08-06 10:52:52.607,1.016667,21,1,0.007500,-1.5203,165.99,0,0,0,60.0192,217.880,0.08385,1,0,0,0,0,0.007170,0.000244,0.000988,0.000160,0.001246,0.000046,0.000677,0.000082,0.000639,0.000072,0.000733,0.000071,0.000373,0.000051,0.000592,-165.99,-163.66,-117.91,-93.63,-38.10,26.15,45.18,35.12,93.05,112.18,171.73,131.26,-99.34,-140.24,-7.81,217.2478,4.7738,4.7816,3.6403,14.2995,2.1410,1.2404,0.7045,3.3372,0.5649,5.5094,0.8243,1.7576,0.6835,4.0238
2026-08-06 10:52:52.607,1.033333,21,2,0.007520,-1.5259,166.38,0,0,0,60.0192,217.880,0.08385,1,0,0,0,0,0.007185,0.000205,0.000939,0.000126,0.001307,0.000035,0.000677,0.000049,0.000713,0.000041,0.000785,0.000069,0.000331,0.000073,0.000504,-166.38,-172.28,-116.68,-97.23,-39.19,27.05,44.48,135.10,94.13,-5.57,173.59,65.42,-98.69,106.50,-10.32,217.2478,4.7738,4.7816,3.6403,14.2995,2.1410,1.2404,0.7045,3.3372,0.5649,5.5094,0.8243,1.7576,0.6835,4.0238
2026-08-06 10:52:52.607,1.050000,21,3,0.007584,-1.5398,166.24,0,0,0,60.0192,217.880,0.08385,1,0,0,0,0,0.007255,0.000185,0.000934,0.000080,0.001283,0.000055,0.000656,0.000075,0.000721,0.000062,0.000763,0.000092,0.000382,0.000060,0.000527,-166.24,-167.29,-116.32,-125.85,-38.43,140.52,47.21,77.39,93.48,144.27,171.56,-164.85,-97.32,162.93,-11.49,217.2478,4.7738,4.7816,3.6403,14.2995,2.1410,1.2404,0.7045,3.3372,0.5649,5.5094,0.8243,1.7576,0.6835,4.0238
2026-08-06 10:52:52.607,1.066667,21,4,0.007577,-1.5398,166.16,0,0,0,60.0192,217.880,0.08385,1,0,0,0,0,0.007258,0.000211,0.000933,0.000105,0.001256,0.000056,0.000699,0.000064,0.000657,0.000086,0.000728,0.000049,0.000366,0.000016,0.000546,-166.16,-171.22,-116.28,-113.91,-39.44,10.06,48.30,29.25,91.13,69.44,174.03,142.74,-98.30,151.15,-3.77,217.2478,4.7738,4.7816,3.6403,14.2995,2.1410,1.2404,0.7045,3.3372,0.5649,5.5094,0.8243,1.7576,0.6835,4.0238
2026-08-06 10:52:52.607,1.083333,21,5,0.007448,-1.5149,166.63,0,0,0,60.0192,217.880,0.08385,1,0,0,0,0,0.007125,0.000226,0.000874,0.000088,0.001242,0.000072,0.000642,0.000073,0.000681,0.000066,0.000771,0.000072,0.000338,0.000074,0.000633,-166.63,-174.74,-115.35,-140.64,-39.63,61.41,48.92,131.43,94.47,94.12,178.03,110.49,-87.08,179.09,-10.81,217.2478,4.7738,4.7816,3.6403,14.2995,2.1410,1.2404,0.7045,3.3372,0.5649,5.5094,0.8243,1.7576,0.6835,4.0238
2026-08-06 10:52:52.607,1.100000,21,6,0.007480,-1.5134,165.47,0,0,0,60.0192,217.880,0.08385,1,0,0,0,0,0.007154,0.000182,0.000914,0.000180,0.001211,0.000010,0.000633,0.000073,0.000731,0.000062,0.000825,0.000048,0.000346,0.000076,0.000549,-165.47,-149.97,-115.35,-105.39,-37.22,96.69,50.86,110.18,97.55,159.85,170.08,-161.41,-85.89,139.15,-6.47,217.2478,4.7738,4.7816,3.6403,14.2995,2.1410,1.2404,0.7045,3.3372,0.5649,5.5094,0.8243,1.7576,0.6835,4.0238
2026-08-06 10:52:52.607,1.116667,21,7,0.007535,-1.5293,166.24,0,0,0,60.0192,217.880,0.08385,1,0,0,0,0,0.007206,0.000246,0.000961,0.000099,0.001246,0.000026,0.000687,0.000101,0.000672,0.000087,0.000752,0.000113,0.000400,0.000054,0.000573,-166.24,-158.76,-115.77,-110.08,-37.90,54.72,50.23,49.86,93.81,125.20,167.25,135.67,-100.16,158.94,-6.38,217.2478,4.7738,4.7816,3.6403,14.2995,2.1410,1.2404,0.7045,3.3372,0.5649,5.5094,0.8243,1.7576,0.6835,4.0238
2026-08-06 10:52:52.607,1.133333,21,8,0.007501,-1.5194,165.58,0,0,0,60.0192,217.880,0.08385,1,0,0,0,0,0.007182,0.000224,0.000923,0.000182,0.001284,0.000022,0.000678,0.000049,0.000622,0.000106,0.000719,0.000113,0.000365,0.000033,0.000526,-165.58,-163.60,-117.00,-113.78,-38.53,-107.83,44.95,-84.30,97.37,61.77,178.36,140.14,-77.08,155.42,-12.14,217.2478,4.7738,4.7816,3.6403,14.2995,2.1410,1.2404,0.7045,3.3372,0.5649,5.5094,0.8243,1.7576,0.6835,4.0238
2026-08-06 10:52:52.607,1.150000,21,9,0.007543,-1.5319,166.81,0,0,0,60.0192,217.880,0.08385,1,0,0,0,0,0.007210,0.000215,0.000973,0.000094,0.001265,0.000013,0.000685,0.000113,0.000733,0.000034,0.000746,0.000078,0.000303,0.000078,0.000515,-166.81,-160.91,-115.47,-124.59,-35.14,19.41,46.66,71.28,94.85,-126.30,166.51,177.33,-94.55,-177.45,-1.62,217.2478,4.7738,4.7816,3.6403,14.2995,2.1410,1.2404,0.7045,3.3372,0.5649,5.5094,0.8243,1.7576,0.6835,4.0238
2026-08-06 10:52:52.607,1.166667,21,10,0.007446,-1.4646,162.89,0,0,0,60.0192,217.880,0.08385,1,0,0,0,0,0.007011,0.000369,0.001257,0.000220,0.001116,0.000085,0.000609,0.000185,0.000781,0.000113,0.000637,0.000472,0.000648,0.000398,0.000530,-162.89,126.42,-120.06,-16.20,-39.26,-31.98,50.37,37.06,100.15,-65.77,150.69,177.92,-60.83,112.23,-41.82,217.2478,4.7738,4.7816,3.6403,14.2995,2.1410,1.2404,0.7045,3.3372,0.5649,5.5094,0.8243,1.7576,0.6835,4.0238
2026-08-06 10:52:52.607,1.183333,21,11,0.007456,-1.5133,166.35,0,0,0,60.0192,217.880,0.08385,1,0,0,0,0,0.007127,0.000244,0.000932,0.000152,0.001219,0.000061,0.000660,0.000031,0.000654,0.000106,0.000791,0.000079,0.000366,0.000082,0.000533,-166.35,179.47,-119.14,-110.71,-37.70,-40.92,49.71,115.75,93.92,28.39,176.48,92.18,-95.34,138.27,-7.65,217.2478,4.7738,4.7816,3.6403,14.2995,2.1410,1.2404,0.7045,3.3372,0.5649,5.5094,0.8243,1.7576,0.6835,4.0238
2026-08-06 10:52:52.607,1.200000,21,12,0.007496,-1.5245,166.59,0,0,0,60.0192,217.880,0.08385,1,0,0,0,0,0.007175,0.000212,0.000910,0.000093,0.001207,0.000074,0.000658,0.000057,0.000697,0.000008,0.000823,0.000011,0.000405,0.000069,0.000633,-166.59,-163.69,-119.08,-109.33,-36.30,-11.88,51.44,86.38,93.89,127.77,174.37,-22.39,-91.95,-166.75,-8.36,217.2478,4.7738,4.7816,3.6403,14.2995,2.1410,1.2404,0.7045,3.3372,0.5649,5.5094,0.8243,1.7576,0.6835,4.0238
2026-08-06 10:52:52.607,1.216667,21,13,0.007520,-1.5257,166.10,0,0,0,60.0192,217.880,0.08385,1,0,0,0,0,0.007200,0.000185,0.000965,0.000120,0.001234,0.000013,0.000682,0.000067,0.000697,0.000034,0.000750,0.000053,0.000373,0.000064,0.000560,-166.10,-148.37,-117.02,-115.24,-36.92,4.55,50.45,46.53,94.20,135.64,166.34,167.07,-91.19,144.61,-6.80,217.2478,4.7738,4.7816,3.6403,14.2995,2.1410,1.2404,0.7045,3.3372,0.5649,5.5094,0.8243,1.7576,0.6835,4.0238
2026-08-06 10:52:52.607,1.233333,21,14,0.007511,-1.5210,165.54,0,0,0,60.0192,217.880,0.08385,1,0,0,0,0,0.007189,0.000228,0.000905,0.000154,0.001242,0.000047,0.000678,0.000016,0.000680,0.000121,0.000747,0.000038,0.000373,0.000015,0.000594,-165.54,-167.77,-116.82,-125.20,-39.01,97.03,53.08,-64.73,93.68,61.99,177.37,55.59,-91.12,52.96,-6.44,217.2478,4.7738,4.7816,3.6403,14.2995,2.1410,1.2404,0.7045,3.3372,0.5649,5.5094,0.8243,1.7576,0.6835,4.0238
2026-08-06 10:52:52.607,1.250000,21,15,0.007416,-1.5055,166.51,0,0,0,60.0192,217.880,0.08385,1,0,0,0,0,0.007086,0.000240,0.000891,0.000133,0.001232,0.000084,0.000667,0.000090,0.000692,0.000033,0.000782,0.000032,0.000409,0.000052,0.000605,-166.51,-168.35,-119.57,-120.95,-36.90,83.02,50.81,86.31,101.77,-155.76,171.17,124.17,-96.50,167.33,-11.80,217.2478,4.7738,4.7816,3.6403,14.2995,2.1410,1.2404,0.7045,3.3372,0.5649,5.5094,0.8243,1.7576,0.6835,4.0238
2026-08-06 10:52:52.607,1.266667,21,16,0.007571,-1.5313,165.63,0,0,0,60.0192,217.880,0.08385,1,0,0,0,0,0.007240,0.000211,0.000988,0.000171,0.001257,0.000024,0.000657,0.000139,0.000668,0.000101,0.000707,0.000109,0.000401,0.000027,0.000594,-165.63,-159.35,-115.69,-116.95,-37.08,-98.93,46.70,49.66,93.60,112.50,169.37,161.22,-88.13,-172.96,-6.38,217.2478,4.7738,4.7816,3.6403,14.2995,2.1410,1.2404,0.7045,3.3372,0.5649,5.5094,0.8243,1.7576,0.6835,4.0238
2026-08-06 10:52:52.607,1.283333,21,17,0.007539,-1.5270,165.58,0,0,0,60.0192,217.880,0.08385,1,0,0,0,0,0.007219,0.000271,0.000889,0.000138,0.001262,0.000058,0.000705,0.000025,0.000668,0.000175,0.000754,0.000103,0.000329,0.000089,0.000566,-165.58,-174.89,-114.25,-129.24,-38.94,16.74,46.83,-28.21,90.33,102.11,177.17,132.15,-92.64,170.39,-8.48,217.2478,4.7738,4.7816,3.6403,14.2995,2.1410,1.2404,0.7045,3.3372,0.5649,5.5094,0.8243,1.7576,0.6835,4.0238
2026-08-06 10:52:52.607,1.300000,21,18,0.007487,-1.5169,165.75,0,0,0,60.0192,217.880,0.08385,1,0,0,0,0,0.007164,0.000196,0.000966,0.000100,0.001250,0.000035,0.000660,0.000074,0.000697,0.000030,0.000738,0.000044,0.000378,0.000040,0.000537,-165.75,-160.83,-116.28,-116.17,-38.41,120.18,49.46,103.27,96.56,121.13,168.06,140.88,-93.67,-107.96,-9.71,217.2478,4.7738,4.7816,3.6403,14.2995,2.1410,1.2404,0.7045,3.3372,0.5649,5.5094,0.8243,1.7576,0.6835,4.0238
2026-08-06 10:52:52.607,1.316667,21,19,0.007423,-1.5046,165.86,0,0,0,60.0192,217.880,0.08385,1,0,0,0,0,0.007102,0.000272,0.000910,0.000150,0.001257,0.000058,0.000689,0.000146,0.000633,0.000132,0.000711,0.000151,0.000384,0.000068,0.000563,-165.86,-158.37,-113.61,-95.83,-39.46,109.88,45.43,78.11,97.60,125.07,167.92,167.84,-95.61,120.81,-10.72,217.2478,4.7738,4.7816,3.6403,14.2995,2.1410,1.2404,0.7045,3.3372,0.5649,5.5094,0.8243,1.7576,0.6835,4.0238
2026-08-06 10:52:52.607,1.333333,21,20,0.007531,-1.5268,165.87,0,0,0,60.0192,217.880,0.08385,1,0,0,0,0,0.007206,0.000221,0.000925,0.000164,0.001228,0.000087,0.000696,0.000052,0.000670,0.000080,0.000739,0.000031,0.000357,0.000047,0.000567,-165.87,-169.91,-115.01,-128.77,-38.98,83.87,50.46,50.79,97.23,104.38,172.73,150.52,-89.85,177.05,-13.54,217.2478,4.7738,4.7816,3.6403,14.2995,2.1410,1.2404,0.7045,3.3372,0.5649,5.5094,0.8243,1.7576,0.6835,4.0238
2026-08-06 10:52:52.607,1.350000,21,21,0.007484,-1.5134,165.63,0,0,0,60.0192,217.880,0.08385,1,0,0,0,0,0.007149,0.000139,0.000999,0.000130,0.001220,0.000045,0.000648,0.000096,0.000664,0.000051,0.000785,0.000025,0.000403,0.000036,0.000571,-165.63,-158.14,-115.35,-137.89,-39.22,120.72,50.37,142.53,93.62,173.98,172.16,48.07,-83.53,-73.46,-2.28,217.2478,4.7738,4.7816,3.6403,14.2995,2.1410,1.2404,0.7045,3.3372,0.5649,5.5094,0.8243,1.7576,0.6835,4.0238
2026-08-06 10:52:52.607,1.366667,21,22,0.007496,-1.5208,166.29,0,0,0,60.0192,217.880,0.08385,1,0,0,0,0,0.007161,0.000209,0.000956,0.000130,0.001253,0.000006,0.000649,0.000098,0.000716,0.000067,0.000713,0.000060,0.000353,0.000066,0.000606,-166.29,-161.46,-116.97,-127.94,-40.66,126.67,48.86,72.70,96.21,86.63,172.77,132.07,-85.81,160.50,-1.43,217.2478,4.7738,4.7816,3.6403,14.2995,2.1410,1.2404,0.7045,3.3372,0.5649,5.5094,0.8243,1.7576,0.6835,4.0238
2026-08-06 10:52:52.607,1.383333,21,23,0.007543,-1.5263,165.32,0,0,0,60.0192,217.880,0.08385,1,0,0,0,0,0.007220,0.000243,0.000948,0.000186,0.001247,0.000061,0.000649,0.000052,0.000651,0.000121,0.000670,0.000125,0.000379,0.000057,0.000588,-165.32,-172.66,-118.45,-119.19,-40.23,130.96,48.18,28.36,92.44,98.44,173.00,135.32,-88.83,158.29,-4.03,217.2478,4.7738,4.7816,3.6403,14.2995,2.1410,1.2404,0.7045,3.3372,0.5649,5.5094,0.8243,1.7576,0.6835,4.0238
2026-08-06 10:52:52.607,1.400000,21,24,0.007495,-1.5200,166.18,0,0,0,60.0192,217.880,0.08385,1,0,0,0,0,0.007163,0.000208,0.001036,0.000186,0.001213,0.000060,0.000589,0.000078,0.000638,0.000032,0.000843,0.000094,0.000382,0.000045,0.000590,-166.18,-153.15,-118.23,-119.94,-37.52,-61.87,48.46,111.57,92.63,-168.73,171.37,61.40,-89.96,159.96,-5.15,217.2478,4.7738,4.7816,3.6403,14.2995,2.1410,1.2404,0.7045,3.3372,0.5649,5.5094,0.8243,1.7576,0.6835,4.0238
2026-08-06 10:52:52.607,1.416667,21,25,0.007565,-1.5341,166.33,0,0,0,60.0192,217.880,0.08385,1,0,0,0,0,0.007229,0.000206,0.000971,0.000090,0.001275,0.000049,0.000661,0.000104,0.000721,0.000060,0.000791,0.000070,0.000371,0.000111,0.000576,-166.33,-162.84,-120.08,-118.36,-36.32,-65.80,50.19,53.32,93.58,56.04,174.13,-152.09,-91.41,160.96,-4.59,217.2478,4.7738,4.7816,3.6403,14.2995,2.1410,1.2404,0.7045,3.3372,0.5649,5.5094,0.8243,1.7576,0.6835,4.0238
2026-08-06 10:52:52.607,1.433333,21,26,0.007511,-1.5197,166.18,0,0,0,60.0192,217.880,0.08385,1,0,0,0,0,0.007166,0.000235,0.000954,0.000120,0.001310,0.000049,0.000681,0.000069,0.000641,0.000089,0.000769,0.000092,0.000419,0.000101,0.000642,-166.18,-174.35,-118.44,-127.17,-35.57,156.60,49.74,54.33,92.47,141.37,171.81,118.21,-91.31,165.40,-3.33,217.2478,4.7738,4.7816,3.6403,14.2995,2.1410,1.2404,0.7045,3.3372,0.5649,5.5094,0.8243,1.7576,0.6835,4.0238
2026-08-06 10:52:52.607,1.450000,21,27,0.007524,-1.5250,166.08,0,0,0,60.0192,217.880,0.08385,1,0,0,0,0,0.007191,0.000236,0.000982,0.000150,0.001216,0.000056,0.000705,0.000049,0.000660,0.000064,0.000792,0.000075,0.000384,0.000033,0.000606,-166.08,-163.39,-118.41,-109.11,-36.66,-72.61,48.19,29.86,100.17,54.41,174.86,95.09,-83.55,-166.62,-5.40,217.2478,4.7738,4.7816,3.6403,14.2995,2.1410,1.2404,0.7045,3.3372,0.5649,5.5094,0.8243,1.7576,0.6835,4.0238
2026-08-06 10:52:52.607,1.466667,21,28,0.007464,-1.5124,166.33,0,0,0,60.0192,217.880,0.08385,1,0,0,0,0,0.007125,0.000194,0.000935,0.000113,0.001315,0.000067,0.000690,0.000106,0.000663,0.000089,0.000788,0.000068,0.000392,0.000088,0.000561,-166.33,-146.65,-119.81,-103.65,-36.79,31.09,51.39,38.35,92.98,100.56,171.85,154.37,-89.43,144.73,-3.44,217.2478,4.7738,4.7816,3.6403,14.2995,2.1410,1.2404,0.7045,3.3372,0.5649,5.5094,0.8243,1.7576,0.6835,4.0238
2026-08-06 10:52:52.607,1.483333,21,29,0.007547,-1.5329,166.19,0,0,0,60.0192,217.880,0.08385,1,0,0,0,0,0.007225,0.000224,0.000922,0.000144,0.001285,0.000021,0.000695,0.000119,0.000647,0.000107,0.000723,0.000102,0.000346,0.000109,0.000561,-166.19,-171.55,-115.90,-108.54,-39.03,24.41,44.88,31.58,93.05,96.47,172.35,123.84,-92.17,164.05,-2.65,217.2478,4.7738,4.7816,3.6403,14.2995,2.1410,1.2404,0.7045,3.3372,0.5649,5.5094,0.8243,1.7576,0.6835,4.0238
2026-08-06 10:52:52.864,1.500000,22,0,0.007470,-1.5131,165.96,0,0,0,60.0192,218.025,0.08398,1,0,0,0,0,0.007140,0.000212,0.000918,0.000129,0.001232,0.000015,0.000702,0.000032,0.000675,0.000100,0.000781,0.000067,0.000367,0.000019,0.000542,-165.96,-176.66,-118.98,-131.07,-37.26,116.70,46.65,-37.12,95.38,58.47,175.77,109.90,-88.53,46.93,-14.89,217.3910,4.7977,4.8029,3.6557,14.2807,2.1456,1.2222,0.7063,3.3795,0.5593,5.6230,0.8229,1.7315,0.7133,4.0240
2026-08-06 10:52:52.864,1.516667,22,1,0.007473,-1.5150,165.84,0,0,0,60.0192,218.025,0.08398,1,0,0,0,0,0.007154,0.000174,0.000925,0.000105,0.001233,0.000024,0.000667,0.000119,0.000651,0.000056,0.000787,0.000068,0.000395,0.000081,0.000564,-165.84,-160.07,-119.85,-98.87,-36.00,42.08,52.01,88.81,94.20,124.69,171.01,174.83,-87.89,145.90,-2.57,217.3910,4.7977,4.8029,3.6557,14.2807,2.1456,1.2222,0.7063,3.3795,0.5593,5.6230,0.8229,1.7315,0.7133,4.0240
2026-08-06 10:52:52.864,1.533333,22,2,0.007505,-1.5196,165.80,0,0,0,60.0192,218.025,0.08398,1,0,0,0,0,0.007169,0.000303,0.000940,0.000165,0.001296,0.000052,0.000675,0.000073,0.000634,0.000115,0.000743,0.000079,0.000354,0.000053,0.000585,-165.80,-165.18,-120.56,-100.55,-38.53,154.50,46.18,-22.03,99.87,96.27,171.36,131.84,-95.83,123.80,-3.08,217.3910,4.7977,4.8029,3.6557,14.2807,2.1456,1.2222,0.7063,3.3795,0.5593,5.6230,0.8229,1.7315,0.7133,4.0240
2026-08-06 10:52:52.864,1.550000,22,3,0.007507,-1.5271,166.14,0,0,0,60.0192,218.025,0.08398,1,0,0,0,0,0.007197,0.000243,0.000906,0.000144,0.001219,0.000006,0.000637,0.000015,0.000633,0.000060,0.000750,0.000017,0.000383,0.000045,0.000588,-166.14,-171.46,-117.41,-113.42,-38.21,8.74,47.33,20.22,95.31,31.73,174.96,109.97,-83.91,157.41,-6.82,217.3910,4.7977,4.8029,3.6557,14.2807,2.1456,1.2222,0.7063,3.3795,0.5593,5.6230,0.8229,1.7315,0.7133,4.0240
2026-08-06 10:52:52.864,1.566667,22,4,0.007405,-1.5018,165.99,0,0,0,60.0192,218.025,0.08398,1,0,0,0,0,0.007089,0.000244,0.000928,0.000117,0.001238,0.000044,0.000604,0.000138,0.000632,0.000027,0.000790,0.000060,0.000447,0.000069,0.000527,-165.99,-166.34,-116.66,-101.64,-35.96,95.95,48.63,88.08,90.92,28.99,174.98,126.40,-98.85,158.85,-4.17,217.3910,4.7977,4.8029,3.6557,14.2807,2.1456,1.2222,0.7063,3.3795,0.5593,5.6230,0.8229,1.7315,0.7133,4.0240
2026-08-06 10:52:52.864,1.583333,22,5,0.007499,-1.5155,165.56,0,0,0,60.0192,218.025,0.08398,1,0,0,0,0,0.007160,0.000231,0.000930,0.000164,0.001280,0.000043,0.000665,0.000132,0.000643,0.000142,0.000772,0.000122,0.000415,0.000093,0.000614,-165.56,-168.81,-118.12,-106.28,-38.55,101.13,47.63,28.82,98.16,108.91,174.72,107.63,-94.34,151.33,-2.89,217.3910,4.7977,4.8029,3.6557,14.2807,2.1456,1.2222,0.7063,3.3795,0.5593,5.6230,0.8229,1.7315,0.7133,4.0240
2026-08-06 10:52:52.864,1.600000,22,6,0.007533,-1.5312,166.30,0,0,0,60.0192,218.025,0.08398,1,0,0,0,0,0.007212,0.000209,0.000923,0.000124,0.001296,0.000027,0.000664,0.000040,0.000644,0.000039,0.000726,0.000059,0.000324,0.000009,0.000601,-166.30,179.38,-115.52,-128.66,-38.02,91.57,47.56,57.68,96.71,132.07,173.72,91.27,-88.98,179.16,-8.39,217.3910,4.7977,4.8029,3.6557,14.2807,2.1456,1.2222,0.7063,3.3795,0.5593,5.6230,0.8229,1.7315,0.7133,4.0240
2026-08-06 10:52:52.864,1.616667,22,7,0.007503,-1.5178,165.70,0,0,0,60.0192,218.025,0.08398,1,0,0,0,0,0.007165,0.000231,0.000920,0.000141,0.001241,0.000047,0.000731,0.000059,0.000710,0.000049,0.000754,0.000058,0.000378,0.000098,0.000560,-165.70,-169.01,-117.62,-105.29,-39.56,101.10,49.78,86.28,94.61,57.25,171.37,-110.55,-93.97,178.95,-1.23,217.3910,4.7977,4.8029,3.6557,14.2807,2.1456,1.2222,0.7063,3.3795,0.5593,5.6230,0.8229,1.7315,0.7133,4.0240
2026-08-06 10:52:52.864,1.633333,22,8,0.007536,-1.5301,165.73,0,0,0,60.0192,218.025,0.08398,1,0,0,0,0,0.007221,0.000236,0.000925,0.000170,0.001221,0.000006,0.000651,0.000088,0.000677,0.000091,0.000723,0.000114,0.000331,0.000060,0.000597,-165.73,-161.22,-117.26,-101.68,-38.37,13.92,47.45,23.13,93.43,86.98,168.27,168.11,-92.25,-152.95,-6.85,217.3910,4.7977,4.8029,3.6557,14.2807,2.1456,1.2222,0.7063,3.3795,0.5593,5.6230,0.8229,1.7315,0.7133,4.0240
2026-08-06 10:52:52.864,1.650000,22,9,0.007525,-1.5270,165.81,0,0,0,60.0192,218.025,0.08398,1,0,0,0,0,0.007207,0.000239,0.000890,0.000124,0.001248,0.000028,0.000706,0.000046,0.000666,0.000061,0.000738,0.000030,0.000319,0.000064,0.000614,-165.81,-176.40,-117.83,-106.14,-37.81,70.24,48.81,-75.88,97.35,63.77,173.05,125.60,-88.65,166.40,-4.07,217.3910,4.7977,4.8029,3.6557,14.2807,2.1456,1.2222,0.7063,3.3795,0.5593,5.6230,0.8229,1.7315,0.7133,4.0240
2026-08-06 10:52:52.864,1.666667,22,10,0.007498,-1.5227,165.92,0,0,0,60.0192,218.025,0.08398,1,0,0,0,0,0.007181,0.000202,0.000916,0.000120,0.001193,0.000015,0.000684,0.000028,0.000705,0.000030,0.000728,0.000011,0.000304,0.000053,0.000575,-165.92,-173.74,-119.20,-96.98,-38.74,90.18,48.48,-118.27,96.68,13.62,172.40,-118.43,-88.84,-165.49,-5.38,217.3910,4.7977,4.8029,3.6557,14.2807,2.1456,1.2222,0.7063,3.3795,0.5593,5.6230,0.8229,1.7315,0.7133,4.0240
2026-08-06 10:52:52.864,1.683333,22,11,0.007540,-1.5312,166.20,0,0,0,60.0192,218.025,0.08398,1,0,0,0,0,0.007214,0.000211,0.000963,0.000148,0.001268,0.000030,0.000676,0.000093,0.000648,0.000053,0.000749,0.000080,0.000351,0.000080,0.000572,-166.20,-166.28,-120.05,-112.86,-38.12,9.30,46.25,18.50,95.56,134.25,171.71,145.34,-82.05,175.91,-7.68,217.3910,4.7977,4.8029,3.6557,14.2807,2.1456,1.2222,0.7063,3.3795,0.5593,5.6230,0.8229,1.7315,0.7133,4.0240
2026-08-06 10:52:52.864,1.700000,22,12,0.007465,-1.5153,165.54,0,0,0,60.0192,218.025,0.08398,1,0,0,0,0,0.007153,0.000277,0.000877,0.000153,0.001217,0.000051,0.000678,0.000026,0.000640,0.000102,0.000765,0.000060,0.000348,0.000025,0.000590,-165.54,-166.65,-119.94,-117.47,-38.77,51.67,47.19,-72.65,95.45,91.41,171.97,114.16,-91.69,113.70,-11.06,217.3910,4.7977,4.8029,3.6557,14.2807,2.1456,1.2222,0.7063,3.3795,0.5593,5.6230,0.8229,1.7315,0.7133,4.0240
2026-08-06 10:52:52.864,1.716667,22,13,0.007568,-1.5345,166.31,0,0,0,60.0192,218.025,0.08398,1,0,0,0,0,0.007226,0.000258,0.000949,0.000133,0.001301,0.000022,0.000700,0.000067,0.000733,0.000044,0.000783,0.000052,0.000386,0.000086,0.000581,-166.31,-164.33,-118.13,-98.87,-37.97,-52.83,46.36,49.35,95.90,125.56,172.00,26.16,-91.75,163.46,-7.02,217.3910,4.7977,4.8029,3.6557,14.2807,2.1456,1.2222,0.7063,3.3795,0.5593,5.6230,0.8229,1.7315,0.7133,4.0240
2026-08-06 10:52:52.864,1.733333,22,14,0.007570,-1.5366,166.00,0,0,0,60.0192,218.025,0.08398,1,0,0,0,0,0.007246,0.000227,0.000891,0.000124,0.001273,0.000024,0.000676,0.000077,0.000697,0.000028,0.000761,0.000071,0.000343,0.000092,0.000577,-166.00,-166.15,-117.83,-119.81,-36.36,-10.33,52.68,37.17,94.51,170.17,165.40,-164.67,-95.61,138.94,-8.40,217.3910,4.7977,4.8029,3.6557,14.2807,2.1456,1.2222,0.7063,3.3795,0.5593,5.6230,0.8229,1.7315,0.7133,4.0240
2026-08-06 10:52:52.864,1.750000,22,15,0.007552,-1.5343,166.06,0,0,0,60.0192,218.025,0.08398,1,0,0,0,0,0.007226,0.000319,0.000916,0.000166,0.001269,0.000030,0.000670,0.000047,0.000674,0.000055,0.000751,0.000089,0.000339,0.000031,0.000628,-166.06,-169.92,-117.61,-112.00,-37.92,12.61,48.60,-24.50,96.43,90.48,170.85,62.20,-96.22,78.60,-10.28,217.3910,4.7977,4.8029,3.6557,14.2807,2.1456,1.2222,0.7063,3.3795,0.5593,5.6230,0.8229,1.7315,0.7133,4.0240
2026-08-06 10:52:52.864,1.766667,22,16,0.007546,-1.5337,166.17,0,0,0,60.0192,218.025,0.08398,1,0,0,0,0,0.007226,0.000191,0.001009,0.000144,0.001238,0.000031,0.000634,0.000094,0.000731,0.000034,0.000770,0.000039,0.000346,0.000041,0.000526,-166.17,-153.51,-120.20,-118.54,-37.07,-25.12,49.28,76.37,90.55,-121.80,172.88,-76.86,-90.80,-139.37,-4.75,217.3910,4.7977,4.8029,3.6557,14.2807,2.1456,1.2222,0.7063,3.3795,0.5593,5.6230,0.8229,1.7315,0.7133,4.0240
2026-08-06 10:52:52.864,1.783333,22,17,0.007521,-1.5231,166.00,0,0,0,60.0192,218.025,0.08398,1,0,0,0,0,0.007184,0.000151,0.001018,0.000163,0.001308,0.000042,0.000613,0.000104,0.000675,0.000056,0.000775,0.000066,0.000334,0.000107,0.000587,-166.00,-156.59,-115.56,-105.02,-37.38,-30.36,48.67,89.79,90.01,145.62,167.71,108.70,-95.93,125.23,2.80,217.3910,4.7977,4.8029,3.6557,14.2807,2.1456,1.2222,0.7063,3.3795,0.5593,5.6230,0.8229,1.7315,0.7133,4.0240
2026-08-06 10:52:52.864,1.800000,22,18,0.007576,-1.5110,163.78,0,0,0,60.0192,218.025,0.08398,1,0,0,0,0,0.007207,0.000144,0.000923,0.000356,0.001373,0.000185,0.000522,0.000194,0.000862,0.000195,0.000620,0.000242,0.000412,0.000166,0.000730,-163.78,119.86,-129.45,-105.89,-32.85,112.80,43.24,-12.21,93.99,176.74,-177.49,92.76,-111.84,-77.71,4.85,217.3910,4.7977,4.8029,3.6557,14.2807,2.1456,1.2222,0.7063,3.3795,0.5593,5.6230,0.8229,1.7315,0.7133,4.0240
2026-08-06 10:52:52.864,1.816667,22,19,0.007512,-1.5277,165.92,0,0,0,60.0192,218.025,0.08398,1,0,0,0,0,0.007205,0.000213,0.000930,0.000124,0.001197,0.000060,0.000634,0.000069,0.000644,0.000015,0.000763,0.000066,0.000451,0.000055,0.000579,-165.92,-155.65,-117.79,-120.34,-36.95,-39.24,49.48,68.97,94.58,-30.34,177.64,97.95,-85.00,-113.41,-4.16,217.3910,4.7977,4.8029,3.6557,14.2807,2.1456,1.2222,0.7063,3.3795,0.5593,5.6230,0.8229,1.7315,0.7133,4.0240
2026-08-06 10:52:52.864,1.833333,22,20,0.007465,-1.5101,165.80,0,0,0,60.0192,218.025,0.08398,1,0,0,0,0,0.007126,0.000201,0.000946,0.000131,0.001302,0.000037,0.000620,0.000144,0.000658,0.000071,0.000810,0.000094,0.000401,0.000093,0.000480,-165.80,-166.19,-117.61,-136.42,-36.44,46.78,48.03,67.30,95.22,102.68,172.79,111.43,-90.58,116.84,-8.19,217.3910,4.7977,4.8029,3.6557,14.2807,2.1456,1.2222,0.7063,3.3795,0.5593,5.6230,0.8229,1.7315,0.7133,4.0240
2026-08-06 10:52:52.864,1.850000,22,21,0.007530,-1.5286,165.91,0,0,0,60.0192,218.025,0.08398,1,0,0,0,0,0.007213,0.000188,0.000909,0.000096,0.001270,0.000021,0.000635,0.000045,0.000649,0.000120,0.000757,0.000116,0.000379,0.000089,0.000594,-165.91,-162.45,-118.76,-119.10,-36.28,-17.11,47.20,24.25,88.63,96.76,172.08,133.55,-83.98,147.70,-4.47,217.3910,4.7977,4.8029,3.6557,14.2807,2.1456,1.2222,0.7063,3.3795,0.5593,5.6230,0.8229,1.7315,0.7133,4.0240
2026-08-06 10:52:52.864,1.866667,22,22,0.007479,-1.5192,166.17,0,0,0,60.0192,218.025,0.08398,1,0,0,0,0,0.007154,0.000183,0.000913,0.000118,0.001266,0.000048,0.000657,0.000061,0.000709,0.000071,0.000823,0.000100,0.000326,0.000053,0.000551,-166.17,-148.11,-119.00,-100.42,-38.15,-18.50,50.50,159.35,98.76,89.30,172.45,117.16,-86.12,-169.22,-6.54,217.3910,4.7977,4.8029,3.6557,14.2807,2.1456,1.2222,0.7063,3.3795,0.5593,5.6230,0.8229,1.7315,0.7133,4.0240
2026-08-06 10:52:52.864,1.883333,22,23,0.007486,-1.5193,165.96,0,0,0,60.0192,218.025,0.08398,1,0,0,0,0,0.007161,0.000187,0.000935,0.000109,0.001284,0.000041,0.000634,0.000123,0.000682,0.000090,0.000772,0.000080,0.000382,0.000100,0.000559,-165.96,-175.98,-120.30,-92.30,-36.97,31.30,42.22,82.01,88.93,124.47,172.80,120.93,-87.71,121.75,-9.34,217.3910,4.7977,4.8029,3.6557,14.2807,2.1456,1.2222,0.7063,3.3795,0.5593,5.6230,0.8229,1.7315,0.7133,4.0240
2026-08-06 10:52:52.864,1.900000,22,24,0.007557,-1.5340,165.57,0,0,0,60.0192,218.025,0.08398,1,0,0,0,0,0.007241,0.000306,0.000903,0.000191,0.001190,0.000020,0.000654,0.000076,0.000649,0.000100,0.000769,0.000071,0.000329,0.000021,0.000590,-165.57,-161.93,-120.21,-104.03,-37.38,44.56,48.39,-33.90,95.00,81.00,172.49,147.60,-91.03,-126.07,-3.12,217.3910,4.7977,4.8029,3.6557,14.2807,2.1456,1.2222,0.7063,3.3795,0.5593,5.6230,0.8229,1.7315,0.7133,4.0240
2026-08-06 10:52:52.864,1.916667,22,25,0.007505,-1.5317,166.41,0,0,0,60.0192,218.025,0.08398,1,0,0,0,0,0.007205,0.000241,0.000881,0.000135,0.001193,0.000036,0.000627,0.000062,0.000642,0.000010,0.000745,0.000060,0.000416,0.000010,0.000588,-166.41,-168.10,-119.75,-112.45,-38.09,5.30,42.98,106.83,96.22,138.30,174.32,134.11,-75.96,-42.31,-9.97,217.3910,4.7977,4.8029,3.6557,14.2807,2.1456,1.2222,0.7063,3.3795,0.5593,5.6230,0.8229,1.7315,0.7133,4.0240
2026-08-06 10:52:52.864,1.933333,22,26,0.007548,-1.5338,166.14,0,0,0,60.0192,218.025,0.08398,1,0,0,0,0,0.007224,0.000267,0.000908,0.000174,0.001279,0.000029,0.000673,0.000133,0.000662,0.000023,0.000717,0.000055,0.000364,0.000144,0.000610,-166.14,-174.67,-115.49,-104.70,-37.00,60.98,48.16,44.40,93.10,122.91,172.08,-170.41,-86.08,156.04,-2.82,217.3910,4.7977,4.8029,3.6557,14.2807,2.1456,1.2222,0.7063,3.3795,0.5593,5.6230,0.8229,1.7315,0.7133,4.0240
2026-08-06 10:52:52.864,1.950000,22,27,0.007559,-1.5344,165.76,0,0,0,60.0192,218.025,0.08398,1,0,0,0,0,0.007235,0.000221,0.000900,0.000156,0.001257,0.000038,0.000659,0.000042,0.000667,0.000124,0.000726,0.000124,0.000380,0.000090,0.000609,-165.76,-179.25,-121.94,-117.25,-38.18,100.33,46.45,25.58,95.35,88.37,170.67,127.76,-81.09,156.69,-7.44,217.3910,4.7977,4.8029,3.6557,14.2807,2.1456,1.2222,0.7063,3.3795,0.5593,5.6230,0.8229,1.7315,0.7133,4.0240
2026-08-06 10:52:52.864,1.966667,22,28,0.007448,-1.5158,166.15,0,0,0,60.0192,218.025,0.08398,1,0,0,0,0,0.007139,0.000166,0.000908,0.000119,0.001244,0.000043,0.000633,0.000035,0.000641,0.000019,0.000748,0.000064,0.000354,0.000020,0.000547,-166.15,-165.14,-120.67,-131.29,-36.44,16.76,48.85,136.36,95.89,4.62,174.08,135.41,-83.60,-165.60,-7.16,217.3910,4.7977,4.8029,3.6557,14.2807,2.1456,1.2222,0.7063,3.3795,0.5593,5.6230,0.8229,1.7315,0.7133,4.0240
2026-08-06 10:52:52.864,1.983333,22,29,0.007592,-1.5438,165.93,0,0,0,60.0192,218.025,0.08398,1,0,0,0,0,0.007277,0.000192,0.000961,0.000163,0.001267,0.000055,0.000603,0.000108,0.000670,0.000039,0.000752,0.000059,0.000395,0.000046,0.000577,-165.93,-154.46,-116.24,-102.39,-36.00,-8.92,44.30,36.11,91.34,143.23,170.80,152.60,-87.64,149.23,-2.54,217.3910,4.7977,4.8029,3.6557,14.2807,2.1456,1.2222,0.7063,3.3795,0.5593,5.6230,0.8229,1.7315,0.7133,4.0240
2026-08-06 10:52:53.115,2.000000,23,0,0.007502,-1.5266,166.22,0,0,0,60.0192,218.393,0.08450,1,0,0,0,0,0.007181,0.000244,0.000909,0.000168,0.001213,0.000056,0.000640,0.000094,0.000673,0.000108,0.000812,0.000110,0.000382,0.000080,0.000520,-166.22,-167.28,-117.05,-110.10,-39.60,35.07,51.51,65.50,93.00,79.81,173.49,116.61,-94.61,-177.68,-3.30,217.7494,4.8688,4.8497,3.6974,14.2916,2.1602,1.2016,0.7015,3.4885,0.5905,5.8008,0.8275,1.7476,0.6698,4.1095
2026-08-06 10:52:53.115,2.016667,23,1,0.007504,-1.5234,165.83,0,0,0,60.0192,218.393,0.08450,1,0,0,0,0,0.007179,0.000270,0.000898,0.000197,0.001220,0.000056,0.000714,0.000035,0.000641,0.000085,0.000796,0.000056,0.000395,0.000017,0.000550,-165.83,176.73,-116.78,-109.43,-37.99,74.31,47.76,72.73,95.54,82.91,175.44,88.91,-87.53,141.37,-14.26,217.7494,4.8688,4.8497,3.6974,14.2916,2.1602,1.2016,0.7015,3.4885,0.5905,5.8008,0.8275,1.7476,0.6698,4.1095
2026-08-06 10:52:53.115,2.033333,23,2,0.007468,-1.5158,165.91,0,0,0,60.0192,218.393,0.08450,1,0,0,0,0,0.007138,0.000129,0.000940,0.000147,0.001232,0.000067,0.000673,0.000117,0.000725,0.000047,0.000795,0.000078,0.000425,0.000116,0.000520,-165.91,-164.37,-118.28,-127.77,-38.16,121.00,49.91,81.23,92.25,177.40,169.54,-134.23,-91.39,-170.10,-12.74,217.7494,4.8688,4.8497,3.6974,14.2916,2.1602,1.2016,0.7015,3.4885,0.5905,5.8008,0.8275,1.7476,0.6698,4.1095
2026-08-06 10:52:53.115,2.050000,23,3,0.007481,-1.5199,165.97,0,0,0,60.0192,218.393,0.08450,1,0,0,0,0,0.007161,0.000299,0.000877,0.000137,0.001243,0.000016,0.000647,0.000084,0.000627,0.000120,0.000732,0.000110,0.000401,0.000080,0.000570,-165.97,-169.31,-113.99,-130.36,-37.75,21.33,47.71,60.10,94.85,80.87,178.64,126.83,-93.59,152.40,-3.40,217.7494,4.8688,4.8497,3.6974,14.2916,2.1602,1.2016,0.7015,3.4885,0.5905,5.8008,0.8275,1.7476,0.6698,4.1095
2026-08-06 10:52:53.115,2.066667,23,4,0.007466,-1.5190,165.73,0,0,0,60.0192,218.393,0.08450,1,0,0,0,0,0.007164,0.000198,0.000886,0.000152,0.001226,0.000037,0.000648,0.000049,0.000610,0.000025,0.000762,0.000056,0.000385,0.000029,0.000558,-165.73,-162.23,-118.93,-116.16,-38.61,64.04,46.74,93.35,95.65,113.28,173.74,175.30,-75.75,146.41,-5.43,217.7494,4.8688,4.8497,3.6974,14.2916,2.1602,1.2016,0.7015,3.4885,0.5905,5.8008,0.8275,1.7476,0.6698,4.1095
2026-08-06 10:52:53.115,2.083333,23,5,0.007523,-1.5293,166.55,0,0,0,60.0192,218.393,0.08450,1,0,0,0,0,0.007188,0.000235,0.000965,0.000134,0.001242,0.000039,0.000697,0.000096,0.000696,0.000019,0.000759,0.000064,0.000382,0.000131,0.000584,-166.55,-164.65,-116.93,-125.45,-37.96,-48.77,49.72,83.32,92.59,152.13,172.85,148.37,-89.69,-167.78,0.79,217.7494,4.8688,4.8497,3.6974,14.2916,2.1602,1.2016,0.7015,3.4885,0.5905,5.8008,0.8275,1.7476,0.6698,4.1095
2026-08-06 10:52:53.115,2.100000,23,6,0.007477,-1.5220,166.24,0,0,0,60.0192,218.393,0.08450,1,0,0,0,0,0.007159,0.000217,0.000912,0.000140,0.001220,0.000037,0.000674,0.000075,0.000675,0.000077,0.000743,0.000104,0.000382,0.000045,0.000566,-166.24,-155.62,-118.05,-96.21,-38.45,46.85,46.64,33.51,89.44,135.91,167.44,142.90,-92.06,178.31,-4.23,217.7494,4.8688,4.8497,3.6974,14.2916,2.1602,1.2016,0.7015,3.4885,0.5905,5.8008,0.8275,1.7476,0.6698,4.1095
2026-08-06 10:52:53.115,2.116667,23,7,0.007494,-1.5310,166.71,0,0,0,60.0192,218.393,0.08450,1,0,0,0,0,0.007181,0.000199,0.000863,0.000133,0.001241,0.000057,0.000646,0.000028,0.000674,0.000081,0.000773,0.000079,0.000300,0.000055,0.000600,-166.71,178.07,-116.41,-105.96,-39.11,-20.15,48.89,-71.43,97.71,111.43,170.87,93.48,-85.05,178.19,-10.80,217.7494,4.8688,4.8497,3.6974,14.2916,2.1602,1.2016,0.7015,3.4885,0.5905,5.8008,0.8275,1.7476,0.6698,4.1095
2026-08-06 10:52:53.115,2.133333,23,8,0.007490,-1.5203,165.67,0,0,0,60.0192,218.393,0.08450,1,0,0,0,0,0.007165,0.000199,0.000958,0.000111,0.001266,0.000047,0.000645,0.000105,0.000647,0.000052,0.000778,0.000012,0.000415,0.000089,0.000553,-165.67,-157.24,-117.30,-114.61,-38.59,64.99,48.92,88.22,93.58,83.48,173.62,37.95,-88.47,114.80,-2.74,217.7494,4.8688,4.8497,3.6974,14.2916,2.1602,1.2016,0.7015,3.4885,0.5905,5.8008,0.8275,1.7476,0.6698,4.1095
2026-08-06 10:52:53.115,2.150000,23,9,0.007456,-1.5184,166.34,0,0,0,60.0192,218.393,0.08450,1,0,0,0,0,0.007137,0.000209,0.000914,0.000084,0.001243,0.000025,0.000677,0.000090,0.000653,0.000091,0.000765,0.000091,0.000396,0.000047,0.000570,-166.34,-156.76,-119.11,-121.44,-36.59,137.09,50.76,23.38,95.24,107.11,173.21,153.18,-90.94,-146.71,-4.12,217.7494,4.8688,4.8497,3.6974,14.2916,2.1602,1.2016,0.7015,3.4885,0.5905,5.8008,0.8275,1.7476,0.6698,4.1095
2026-08-06 10:52:53.115,2.166667,23,10,0.007521,-1.5268,165.46,0,0,0,60.0192,218.393,0.08450,1,0,0,0,0,0.007202,0.000227,0.000927,0.000122,0.001214,0.000015,0.000642,0.000019,0.000649,0.000059,0.000780,0.000064,0.000366,0.000038,0.000556,-165.46,-172.73,-117.81,-127.59,-38.50,52.72,44.50,-165.72,95.98,28.74,177.91,160.91,-85.46,49.26,-7.21,217.7494,4.8688,4.8497,3.6974,14.2916,2.1602,1.2016,0.7015,3.4885,0.5905,5.8008,0.8275,1.7476,0.6698,4.1095
2026-08-06 10:52:53.115,2.183333,23,11,0.007448,-1.5186,166.83,0,0,0,60.0192,218.393,0.08450,1,0,0,0,0,0.007123,0.000241,0.000874,0.000099,0.001283,0.000048,0.000642,0.000072,0.000692,0.000053,0.000782,0.000024,0.000375,0.000052,0.000606,-166.83,-155.20,-115.21,-147.23,-35.76,38.39,52.94,102.49,95.21,136.82,176.35,166.10,-90.67,-164.82,-7.58,217.7494,4.8688,4.8497,3.6974,14.2916,2.1602,1.2016,0.7015,3.4885,0.5905,5.8008,0.8275,1.7476,0.6698,4.1095
2026-08-06 10:52:53.115,2.200000,23,12,0.007493,-1.5243,166.28,0,0,0,60.0192,218.393,0.08450,1,0,0,0,0,0.007167,0.000230,0.000911,0.000121,0.001253,0.000033,0.000619,0.000069,0.000618,0.000067,0.000744,0.000093,0.000399,0.000002,0.000627,-166.28,-171.82,-118.04,-93.61,-37.65,45.32,49.41,33.98,97.22,109.55,175.15,107.96,-89.39,-170.04,-0.70,217.7494,4.8688,4.8497,3.6974,14.2916,2.1602,1.2016,0.7015,3.4885,0.5905,5.8008,0.8275,1.7476,0.6698,4.1095
2026-08-06 10:52:53.115,2.216667,23,13,0.007575,-1.5405,165.85,0,0,0,60.0192,218.393,0.08450,1,0,0,0,0,0.007253,0.000212,0.000889,0.000150,0.001227,0.000017,0.000644,0.000052,0.000676,0.000039,0.000776,0.000044,0.000358,0.000019,0.000675,-165.85,-177.65,-119.20,-108.28,-37.09,-29.56,48.67,-80.38,97.46,68.72,174.54,107.03,-78.54,16.18,-8.02,217.7494,4.8688,4.8497,3.6974,14.2916,2.1602,1.2016,0.7015,3.4885,0.5905,5.8008,0.8275,1.7476,0.6698,4.1095
2026-08-06 10:52:53.115,2.233333,23,14,0.007496,-1.5251,166.25,0,0,0,60.0192,218.393,0.08450,1,0,0,0,0,0.007167,0.000171,0.000938,0.000147,0.001254,0.000017,0.000606,0.000107,0.000710,0.000038,0.000777,0.000055,0.000413,0.000096,0.000615,-166.25,-152.23,-120.08,-103.21,-36.76,3.33,51.46,61.52,95.73,83.41,171.81,165.61,-83.97,170.02,-3.41,217.7494,4.8688,4.8497,3.6974,14.2916,2.1602,1.2016,0.7015,3.4885,0.5905,5.8008,0.8275,1.7476,0.6698,4.1095
2026-08-06 10:52:53.115,2.250000,23,15,0.007557,-1.5340,165.82,0,0,0,60.0192,218.393,0.08450,1,0,0,0,0,0.007227,0.000173,0.000894,0.000142,0.001285,0.000029,0.000678,0.000113,0.000708,0.000075,0.000795,0.000102,0.000388,0.000083,0.000611,-165.82,-167.29,-118.24,-106.97,-35.34,58.14,48.03,28.19,95.24,68.10,170.03,160.50,-88.56,152.69,-9.50,217.7494,4.8688,4.8497,3.6974,14.2916,2.1602,1.2016,0.7015,3.4885,0.5905,5.8008,0.8275,1.7476,0.6698,4.1095
2026-08-06 10:52:53.115,2.266667,23,16,0.007537,-1.5359,166.41,0,0,0,60.0192,218.393,0.08450,1,0,0,0,0,0.007215,0.000205,0.000895,0.000118,0.001250,0.000061,0.000708,0.000027,0.000670,0.000046,0.000788,0.000036,0.000341,0.000026,0.000608,-166.41,-167.60,-115.99,-117.87,-37.71,8.89,50.70,-149.26,94.08,84.91,175.44,70.25,-77.60,-133.32,-6.99,217.7494,4.8688,4.8497,3.6974,14.2916,2.1602,1.2016,0.7015,3.4885,0.5905,5.8008,0.8275,1.7476,0.6698,4.1095
2026-08-06 10:52:53.115,2.283333,23,17,0.007515,-1.5275,165.67,0,0,0,60.0192,218.393,0.08450,1,0,0,0,0,0.007200,0.000163,0.000858,0.000098,0.001224,0.000024,0.000674,0.000053,0.000682,0.000031,0.000784,0.000013,0.000401,0.000069,0.000605,-165.67,166.26,-119.10,-117.34,-35.79,88.20,52.95,169.50,97.47,-132.21,175.79,-118.81,-87.79,164.35,0.19,217.7494,4.8688,4.8497,3.6974,14.2916,2.1602,1.2016,0.7015,3.4885,0.5905,5.8008,0.8275,1.7476,0.6698,4.1095
2026-08-06 10:52:53.115,2.300000,23,18,0.007474,-1.5174,165.79,0,0,0,60.0192,218.393,0.08450,1,0,0,0,0,0.007146,0.000233,0.000927,0.000144,0.001234,0.000014,0.000660,0.000089,0.000636,0.000096,0.000741,0.000076,0.000430,0.000077,0.000621,-165.79,-159.16,-116.24,-113.19,-38.51,141.62,49.73,67.03,93.98,114.38,174.00,162.50,-93.05,179.90,-3.60,217.7494,4.8688,4.8497,3.6974,14.2916,2.1602,1.2016,0.7015,3.4885,0.5905,5.8008,0.8275,1.7476,0.6698,4.1095
2026-08-06 10:52:53.115,2.316667,23,19,0.007506,-1.5275,165.98,0,0,0,60.0192,218.393,0.08450,1,0,0,0,0,0.007188,0.000265,0.000895,0.000189,0.001245,0.000027,0.000622,0.000057,0.000562,0.000084,0.000753,0.000070,0.000400,0.000058,0.000615,-165.98,-173.38,-118.49,-123.32,-38.30,-7.05,49.37,3.46,99.04,50.67,177.41,59.12,-79.61,64.85,-7.24,217.7494,4.8688,4.8497,3.6974,14.2916,2.1602,1.2016,0.7015,3.4885,0.5905,5.8008,0.8275,1.7476,0.6698,4.1095
2026-08-06 10:52:53.115,2.333333,23,20,0.007535,-1.5335,166.12,0,0,0,60.0192,218.393,0.08450,1,0,0,0,0,0.007207,0.000224,0.000956,0.000118,0.001236,0.000048,0.000644,0.000077,0.000684,0.000021,0.000823,0.000023,0.000376,0.000043,0.000541,-166.12,-168.38,-120.13,-123.99,-37.36,80.73,49.09,88.96,95.96,-98.85,173.57,-81.06,-94.31,-144.67,-13.35,217.7494,4.8688,4.8497,3.6974,14.2916,2.1602,1.2016,0.7015,3.4885,0.5905,5.8008,0.8275,1.7476,0.6698,4.1095
2026-08-06 10:52:53.115,2.350000,23,21,0.007477,-1.5255,166.23,0,0,0,60.0192,218.393,0.08450,1,0,0,0,0,0.007171,0.000172,0.000906,0.000111,0.001245,0.000024,0.000626,0.000090,0.000654,0.000071,0.000772,0.000055,0.000384,0.000046,0.000572,-166.23,-157.30,-117.50,-102.88,-35.40,0.37,50.05,70.54,90.69,144.59,172.13,163.46,-83.13,134.26,-3.42,217.7494,4.8688,4.8497,3.6974,14.2916,2.1602,1.2016,0.7015,3.4885,0.5905,5.8008,0.8275,1.7476,0.6698,4.1095
2026-08-06 10:52:53.115,2.366667,23,22,0.007529,-1.5315,166.20,0,0,0,60.0192,218.393,0.08450,1,0,0,0,0,0.007195,0.000313,0.000909,0.000139,0.001270,0.000033,0.000646,0.000059,0.000629,0.000128,0.000763,0.000074,0.000376,0.000067,0.000589,-166.20,-176.34,-117.14,-129.63,-38.61,-21.49,43.75,12.52,93.40,80.91,173.84,87.62,-93.21,139.45,-7.60,217.7494,4.8688,4.8497,3.6974,14.2916,2.1602,1.2016,0.7015,3.4885,0.5905,5.8008,0.8275,1.7476,0.6698,4.1095
2026-08-06 10:52:53.115,2.383333,23,23,0.007499,-1.5209,165.73,0,0,0,60.0192,218.393,0.08450,1,0,0,0,0,0.007159,0.000199,0.000951,0.000148,0.001245,0.000038,0.000704,0.000068,0.000723,0.000055,0.000788,0.000031,0.000461,0.000059,0.000580,-165.73,-167.40,-118.17,-103.95,-38.43,82.04,52.91,85.92,96.72,88.66,175.49,108.16,-90.52,-160.51,-4.79,217.7494,4.8688,4.8497,3.6974,14.2916,2.1602,1.2016,0.7015,3.4885,0.5905,5.8008,0.8275,1.7476,0.6698,4.1095
2026-08-06 10:52:53.115,2.400000,23,24,0.007443,-1.5098,165.99,0,0,0,60.0192,218.393,0.08450,1,0,0,0,0,0.007110,0.000198,0.000904,0.000084,0.001286,0.000038,0.000634,0.000104,0.000664,0.000089,0.000771,0.000078,0.000412,0.000111,0.000634,-165.99,-163.20,-117.93,-124.32,-34.95,-155.86,48.38,50.63,93.63,112.98,173.28,141.02,-90.24,125.77,-6.17,217.7494,4.8688,4.8497,3.6974,14.2916,2.1602,1.2016,0.7015,3.4885,0.5905,5.8008,0.8275,1.7476,0.6698,4.1095
2026-08-06 10:52:53.115,2.416667,23,25,0.007602,-1.5441,166.01,0,0,0,60.0192,218.393,0.08450,1,0,0,0,0,0.007264,0.000210,0.000916,0.000139,0.001316,0.000011,0.000737,0.000066,0.000673,0.000108,0.000774,0.000058,0.000354,0.000068,0.000640,-166.01,-162.28,-114.95,-128.52,-37.59,-27.66,49.41,-39.43,93.27,85.98,170.98,137.30,-84.82,168.92,-8.63,217.7494,4.8688,4.8497,3.6974,14.2916,2.1602,1.2016,0.7015,3.4885,0.5905,5.8008,0.8275,1.7476,0.6698,4.1095
2026-08-06 10:52:53.115,2.433333,23,26,0.007494,-1.5310,166.86,0,0,0,60.0192,218.393,0.08450,1,0,0,0,0,0.007176,0.000183,0.000920,0.000083,0.001220,0.000041,0.000623,0.000080,0.000698,0.000065,0.000739,0.000065,0.000420,0.000076,0.000621,-166.86,-167.01,-117.58,-139.89,-36.81,75.12,53.68,81.26,100.28,-148.97,169.58,70.17,-85.21,-160.14,-2.28,217.7494,4.8688,4.8497,3.6974,14.2916,2.1602,1.2016,0.7015,3.4885,0.5905,5.8008,0.8275,1.7476,0.6698,4.1095
2026-08-06 10:52:53.115,2.450000,23,27,0.007560,-1.5419,165.93,0,0,0,60.0192,218.393,0.08450,1,0,0,0,0,0.007253,0.000225,0.000897,0.000133,0.001245,0.000022,0.000617,0.000093,0.000652,0.000126,0.000706,0.000121,0.000327,0.000028,0.000646,-165.93,-169.13,-113.44,-86.08,-39.01,-103.90,47.05,52.74,95.95,143.83,167.82,-173.85,-93.03,149.32,-3.26,217.7494,4.8688,4.8497,3.6974,14.2916,2.1602,1.2016,0.7015,3.4885,0.5905,5.8008,0.8275,1.7476,0.6698,4.1095
2026-08-06 10:52:53.115,2.466667,23,28,0.007565,-1.5412,166.18,0,0,0,60.0192,218.393,0.08450,1,0,0,0,0,0.007243,0.000247,0.000910,0.000145,0.001236,0.000011,0.000686,0.000045,0.000656,0.000032,0.000748,0.000052,0.000339,0.000050,0.000639,-166.18,-175.68,-116.25,-113.71,-36.86,74.24,49.47,-33.60,100.02,130.05,173.97,83.41,-81.32,-107.51,-3.13,217.7494,4.8688,4.8497,3.6974,14.2916,2.1602,1.2016,0.7015,3.4885,0.5905,5.8008,0.8275,1.7476,0.6698,4.1095
2026-08-06 10:52:53.115,2.483333,23,29,0.007472,-1.5199,165.97,0,0,0,60.0192,218.393,0.08450,1,0,0,0,0,0.007148,0.000225,0.000882,0.000160,0.001215,0.000042,0.000640,0.000033,0.000659,0.000023,0.000780,0.000063,0.000406,0.000067,0.000631,-165.97,-173.08,-117.11,-108.24,-36.55,57.94,50.28,120.90,99.47,123.70,177.43,109.16,-80.41,-151.92,-9.15,217.7494,4.8688,4.8497,3.6974,14.2916,2.1602,1.2016,0.7015,3.4885,0.5905,5.8008,0.8275,1.7476,0.6698,4.1095
2026-08-06 10:52:53.375,2.500000,24,0,0.007494,-1.5218,165.87,0,0,0,60.0192,218.650,0.08489,1,0,0,0,0,0.007156,0.000223,0.000928,0.000139,0.001242,0.000032,0.000698,0.000090,0.000685,0.000123,0.000734,0.000098,0.000392,0.000126,0.000609,-165.87,-162.13,-115.88,-118.44,-38.70,115.52,50.69,53.10,90.39,91.86,172.61,145.49,-89.20,-176.88,-1.37,217.9994,4.9109,4.8901,3.7229,14.3390,2.1810,1.1641,0.7323,3.5066,0.5699,5.9011,0.8385,1.7804,0.7026,4.1148
2026-08-06 10:52:53.375,2.516667,24,1,0.007610,-1.5509,166.09,0,0,0,60.0192,218.650,0.08489,1,0,0,0,0,0.007289,0.000280,0.000934,0.000145,0.001225,0.000008,0.000670,0.000083,0.000637,0.000098,0.000739,0.000055,0.000357,0.000081,0.000651,-166.09,-162.79,-116.35,-109.79,-37.26,29.36,48.76,-3.51,94.54,89.43,173.44,131.99,-88.30,-179.40,-2.91,217.9994,4.9109,4.8901,3.7229,14.3390,2.1810,1.1641,0.7323,3.5066,0.5699,5.9011,0.8385,1.7804,0.7026,4.1148
2026-08-06 10:52:53.375,2.533333,24,2,0.007516,-1.5310,166.03,0,0,0,60.0192,218.650,0.08489,1,0,0,0,0,0.007202,0.000148,0.000900,0.000085,0.001204,0.000028,0.000649,0.000023,0.000679,0.000046,0.000824,0.000032,0.000403,0.000055,0.000562,-166.03,-179.73,-120.25,-98.18,-35.95,-74.92,50.73,81.82,97.21,42.13,172.99,112.96,-78.46,-170.10,-2.06,217.9994,4.9109,4.8901,3.7229,14.3390,2.1810,1.1641,0.7323,3.5066,0.5699,5.9011,0.8385,1.7804,0.7026,4.1148
2026-08-06 10:52:53.375,2.550000,24,3,0.007541,-1.5359,166.20,0,0,0,60.0192,218.650,0.08489,1,0,0,0,0,0.007217,0.000192,0.000879,0.000080,0.001264,0.000018,0.000586,0.000127,0.000684,0.000050,0.000772,0.000060,0.000436,0.000127,0.000607,-166.20,-166.64,-115.75,-106.52,-37.56,85.16,45.14,50.31,97.79,121.46,173.10,132.05,-83.94,112.91,-6.13,217.9994,4.9109,4.8901,3.7229,14.3390,2.1810,1.1641,0.7323,3.5066,0.5699,5.9011,0.8385,1.7804,0.7026,4.1148
2026-08-06 10:52:53.375,2.566667,24,4,0.007590,-1.5486,166.06,0,0,0,60.0192,218.650,0.08489,1,0,0,0,0,0.007273,0.000243,0.000904,0.000128,0.001241,0.000023,0.000659,0.000081,0.000630,0.000107,0.000756,0.000047,0.000352,0.000010,0.000652,-166.06,176.55,-120.63,-134.91,-39.66,99.64,48.83,-84.30,96.48,124.47,176.06,104.92,-81.67,149.00,-5.53,217.9994,4.9109,4.8901,3.7229,14.3390,2.1810,1.1641,0.7323,3.5066,0.5699,5.9011,0.8385,1.7804,0.7026,4.1148
2026-08-06 10:52:53.375,2.583333,24,5,0.007519,-1.5326,166.44,0,0,0,60.0192,218.650,0.08489,1,0,0,0,0,0.007187,0.000170,0.000954,0.000133,0.001221,0.000038,0.000627,0.000017,0.000714,0.000034,0.000808,0.000045,0.000382,0.000075,0.000594,-166.44,-150.45,-118.54,-124.56,-37.75,-96.27,50.79,17.74,99.71,-162.44,173.14,116.28,-75.97,-122.49,-5.14,217.9994,4.9109,4.8901,3.7229,14.3390,2.1810,1.1641,0.7323,3.5066,0.5699,5.9011,0.8385,1.7804,0.7026,4.1148
2026-08-06 10:52:53.375,2.600000,24,6,0.007545,-1.5340,165.99,0,0,0,60.0192,218.650,0.08489,1,0,0,0,0,0.007209,0.000234,0.000919,0.000137,0.001278,0.000008,0.000666,0.000062,0.000639,0.000037,0.000776,0.000039,0.000425,0.000123,0.000620,-165.99,-166.76,-120.28,-107.24,-38.75,61.11,49.31,67.10,94.19,111.46,174.53,83.37,-86.03,131.51,-2.33,217.9994,4.9109,4.8901,3.7229,14.3390,2.1810,1.1641,0.7323,3.5066,0.5699,5.9011,0.8385,1.7804,0.7026,4.1148
2026-08-06 10:52:53.375,2.616667,24,7,0.007566,-1.5405,165.87,0,0,0,60.0192,218.650,0.08489,1,0,0,0,0,0.007245,0.000222,0.000913,0.000145,0.001237,0.000041,0.000654,0.000027,0.000700,0.000107,0.000789,0.000079,0.000352,0.000036,0.000557,-165.87,-175.63,-115.21,-118.44,-39.53,54.63,49.05,18.33,95.15,70.07,174.29,131.49,-98.99,-107.26,-2.40,217.9994,4.9109,4.8901,3.7229,14.3390,2.1810,1.1641,0.7323,3.5066,0.5699,5.9011,0.8385,1.7804,0.7026,4.1148
2026-08-06 10:52:53.375,2.633333,24,8,0.007479,-1.5233,166.07,0,0,0,60.0192,218.650,0.08489,1,0,0,0,0,0.007155,0.000215,0.000993,0.000203,0.001211,0.000018,0.000644,0.000063,0.000669,0.000072,0.000741,0.000101,0.000363,0.000048,0.000607,-166.07,-159.32,-116.30,-108.76,-37.75,-140.57,48.26,77.57,97.66,110.19,172.49,118.34,-71.72,-164.39,-7.75,217.9994,4.9109,4.8901,3.7229,14.3390,2.1810,1.1641,0.7323,3.5066,0.5699,5.9011,0.8385,1.7804,0.7026,4.1148
2026-08-06 10:52:53.375,2.650000,24,9,0.007520,-1.5307,166.16,0,0,0,60.0192,218.650,0.08489,1,0,0,0,0,0.007191,0.000165,0.000909,0.000110,0.001258,0.000047,0.000659,0.000046,0.000659,0.000049,0.000801,0.000073,0.000380,0.000104,0.000626,-166.16,-166.48,-118.92,-103.90,-36.05,48.74,50.92,70.40,95.53,154.99,171.64,154.46,-79.73,165.03,-2.61,217.9994,4.9109,4.8901,3.7229,14.3390,2.1810,1.1641,0.7323,3.5066,0.5699,5.9011,0.8385,1.7804,0.7026,4.1148
2026-08-06 10:52:53.375,2.666667,24,10,0.007684,-1.5708,167.91,0,0,0,60.0192,218.650,0.08489,1,0,0,0,0,0.007335,0.000255,0.000747,0.000136,0.001446,0.000187,0.000457,0.000073,0.000722,0.000231,0.000717,0.000256,0.000517,0.000164,0.000632,-167.91,147.98,-117.45,-31.01,-36.54,-65.87,46.34,-140.42,106.71,101.16,159.08,46.27,-65.05,-78.76,-22.37,217.9994,4.9109,4.8901,3.7229,14.3390,2.1810,1.1641,0.7323,3.5066,0.5699,5.9011,0.8385,1.7804,0.7026,4.1148
2026-08-06 10:52:53.375,2.683333,24,11,0.007519,-1.5301,167.10,0,0,0,60.0192,218.650,0.08489,1,0,0,0,0,0.007166,0.000064,0.001074,0.000177,0.001147,0.000139,0.000572,0.000120,0.000784,0.000129,0.000770,0.000144,0.000224,0.000122,0.000634,-167.10,-178.99,-115.93,-143.59,-32.89,4.41,34.42,-178.22,99.97,18.27,-176.12,175.31,-77.56,6.24,-17.86,217.9994,4.9109,4.8901,3.7229,14.3390,2.1810,1.1641,0.7323,3.5066,0.5699,5.9011,0.8385,1.7804,0.7026,4.1148
2026-08-06 10:52:53.375,2.700000,24,12,0.007455,-1.4978,165.15,0,0,0,60.0192,218.650,0.08489,1,0,0,0,0,0.007066,0.000346,0.001018,0.000167,0.001414,0.000203,0.000476,0.000242,0.000577,0.000167,0.000906,0.000102,0.000318,0.000140,0.000468,-165.15,171.41,-105.09,154.95,-43.07,91.33,47.29,63.32,112.00,49.53,177.77,-34.72,-112.95,-73.92,19.03,217.9994,4.9109,4.8901,3.7229,14.3390,2.1810,1.1641,0.7323,3.5066,0.5699,5.9011,0.8385,1.7804,0.7026,4.1148
2026-08-06 10:52:53.375,2.716667,24,13,0.007509,-1.5255,165.61,0,0,0,60.0192,218.650,0.08489,1,0,0,0,0,0.007187,0.000246,0.000941,0.000104,0.001249,0.000068,0.000653,0.000049,0.000606,0.000069,0.000759,0.000118,0.000379,0.000049,0.000564,-165.61,-168.66,-117.47,-114.09,-37.77,70.67,45.13,38.65,96.87,105.60,178.30,145.59,-87.61,-160.51,-6.47,217.9994,4.9109,4.8901,3.7229,14.3390,2.1810,1.1641,0.7323,3.5066,0.5699,5.9011,0.8385,1.7804,0.7026,4.1148
2026-08-06 10:52:53.375,2.733333,24,14,0.007583,-1.5450,166.13,0,0,0,60.0192,218.650,0.08489,1,0,0,0,0,0.007255,0.000237,0.000984,0.000120,0.001245,0.000047,0.000682,0.000039,0.000640,0.000044,0.000772,0.000058,0.000355,0.000030,0.000571,-166.13,-162.92,-116.48,-115.43,-38.18,-13.17,44.09,-179.39,91.90,41.88,175.70,85.79,-69.89,179.21,-11.03,217.9994,4.9109,4.8901,3.7229,14.3390,2.1810,1.1641,0.7323,3.5066,0.5699,5.9011,0.8385,1.7804,0.7026,4.1148
2026-08-06 10:52:53.375,2.750000,24,15,0.007516,-1.5402,166.78,0,0,0,60.0192,218.650,0.08489,1,0,0,0,0,0.007211,0.000205,0.000890,0.000109,0.001178,0.000005,0.000618,0.000067,0.000687,0.000050,0.000792,0.000056,0.000359,0.000130,0.000584,-166.78,-167.33,-118.92,-120.83,-37.38,108.04,52.42,66.56,99.56,-178.43,174.17,-179.17,-86.24,179.47,-2.49,217.9994,4.9109,4.8901,3.7229,14.3390,2.1810,1.1641,0.7323,3.5066,0.5699,5.9011,0.8385,1.7804,0.7026,4.1148
2026-08-06 10:52:53.375,2.766667,24,16,0.007582,-1.5425,165.73,0,0,0,60.0192,218.650,0.08489,1,0,0,0,0,0.007258,0.000234,0.000932,0.000177,0.001275,0.000007,0.000657,0.000065,0.000651,0.000107,0.000732,0.000148,0.000390,0.000069,0.000582,-165.73,-154.28,-116.43,-106.05,-38.27,-68.33,48.26,30.84,91.68,68.88,172.64,174.44,-83.64,169.64,-2.57,217.9994,4.9109,4.8901,3.7229,14.3390,2.1810,1.1641,0.7323,3.5066,0.5699,5.9011,0.8385,1.7804,0.7026,4.1148
2026-08-06 10:52:53.375,2.783333,24,17,0.007592,-1.5475,166.02,0,0,0,60.0192,218.650,0.08489,1,0,0,0,0,0.007272,0.000224,0.000955,0.000180,0.001230,0.000047,0.000670,0.000023,0.000649,0.000030,0.000746,0.000075,0.000314,0.000048,0.000575,-166.02,-170.60,-118.57,-123.89,-37.07,-42.67,48.52,-112.73,91.76,4.82,173.37,133.73,-77.16,171.39,-3.81,217.9994,4.9109,4.8901,3.7229,14.3390,2.1810,1.1641,0.7323,3.5066,0.5699,5.9011,0.8385,1.7804,0.7026,4.1148
2026-08-06 10:52:53.375,2.800000,24,18,0.007529,-1.5369,166.31,0,0,0,60.0192,218.650,0.08489,1,0,0,0,0,0.007213,0.000245,0.000884,0.000128,0.001232,0.000046,0.000625,0.000060,0.000660,0.000056,0.000782,0.000018,0.000392,0.000054,0.000587,-166.31,-167.73,-115.38,-101.72,-37.14,-69.19,47.22,54.78,91.04,144.35,171.95,-154.33,-87.84,156.51,0.49,217.9994,4.9109,4.8901,3.7229,14.3390,2.1810,1.1641,0.7323,3.5066,0.5699,5.9011,0.8385,1.7804,0.7026,4.1148
2026-08-06 10:52:53.375,2.816667,24,19,0.007594,-1.5465,165.99,0,0,0,60.0192,218.650,0.08489,1,0,0,0,0,0.007266,0.000258,0.000934,0.000155,0.001275,0.000018,0.000691,0.000108,0.000683,0.000087,0.000745,0.000052,0.000347,0.000004,0.000541,-165.99,-164.16,-121.19,-92.51,-39.08,66.81,46.32,-0.66,97.05,51.97,173.68,169.75,-86.60,-44.90,-4.91,217.9994,4.9109,4.8901,3.7229,14.3390,2.1810,1.1641,0.7323,3.5066,0.5699,5.9011,0.8385,1.7804,0.7026,4.1148
2026-08-06 10:52:53.375,2.833333,24,20,0.007469,-1.5287,166.59,0,0,0,60.0192,218.650,0.08489,1,0,0,0,0,0.007170,0.000232,0.000846,0.000110,0.001224,0.000057,0.000626,0.000017,0.000667,0.000055,0.000735,0.000052,0.000329,0.000009,0.000608,-166.59,-174.98,-118.80,-110.85,-35.81,49.46,46.87,51.42,98.80,-171.67,174.16,128.82,-83.80,-43.75,-7.94,217.9994,4.9109,4.8901,3.7229,14.3390,2.1810,1.1641,0.7323,3.5066,0.5699,5.9011,0.8385,1.7804,0.7026,4.1148
2026-08-06 10:52:53.375,2.850000,24,21,0.007853,-1.6041,167.83,0,0,0,60.0192,218.650,0.08489,1,0,0,0,0,0.007485,0.000421,0.000690,0.000127,0.001258,0.000054,0.000617,0.000159,0.000888,0.000236,0.000770,0.000267,0.000545,0.000229,0.000782,-167.83,142.71,-127.15,101.56,-30.70,28.66,47.35,130.76,100.79,97.39,153.48,40.38,-43.16,-28.50,-23.13,217.9994,4.9109,4.8901,3.7229,14.3390,2.1810,1.1641,0.7323,3.5066,0.5699,5.9011,0.8385,1.7804,0.7026,4.1148
2026-08-06 10:52:53.375,2.866667,24,22,0.007542,-1.5298,165.84,0,0,0,60.0192,218.650,0.08489,1,0,0,0,0,0.007194,0.000137,0.000967,0.000101,0.001317,0.000058,0.000660,0.000068,0.000693,0.000106,0.000793,0.000128,0.000399,0.000074,0.000636,-165.84,-156.76,-116.43,-128.97,-37.67,-164.56,47.58,37.58,93.40,114.34,171.77,156.34,-85.98,-179.96,-1.41,217.9994,4.9109,4.8901,3.7229,14.3390,2.1810,1.1641,0.7323,3.5066,0.5699,5.9011,0.8385,1.7804,0.7026,4.1148
2026-08-06 10:52:53.375,2.883333,24,23,0.007531,-1.5373,166.65,0,0,0,60.0192,218.650,0.08489,1,0,0,0,0,0.007206,0.000213,0.000943,0.000088,0.001217,0.000060,0.000656,0.000049,0.000692,0.000062,0.000758,0.000078,0.000300,0.000040,0.000660,-166.65,-171.96,-117.54,-105.22,-36.51,-58.56,50.61,11.57,98.01,112.44,173.47,104.84,-82.79,-174.49,-6.14,217.9994,4.9109,4.8901,3.7229,14.3390,2.1810,1.1641,0.7323,3.5066,0.5699,5.9011,0.8385,1.7804,0.7026,4.1148
2026-08-06 10:52:53.375,2.900000,24,24,0.007478,-1.5225,166.00,0,0,0,60.0192,218.650,0.08489,1,0,0,0,0,0.007154,0.000246,0.000921,0.000113,0.001202,0.000009,0.000641,0.000047,0.000673,0.000051,0.000799,0.000056,0.000450,0.000085,0.000598,-166.00,-164.87,-115.75,-113.87,-37.50,-146.78,50.63,86.78,98.18,86.59,177.10,96.53,-92.58,-145.70,-8.27,217.9994,4.9109,4.8901,3.7229,14.3390,2.1810,1.1641,0.7323,3.5066,0.5699,5.9011,0.8385,1.7804,0.7026,4.1148
2026-08-06 10:52:53.375,2.916667,24,25,0.007569,-1.5409,166.07,0,0,0,60.0192,218.650,0.08489,1,0,0,0,0,0.007238,0.000189,0.000929,0.000126,0.001280,0.000016,0.000664,0.000109,0.000664,0.000072,0.000742,0.000113,0.000357,0.000102,0.000582,-166.07,179.15,-118.47,-106.08,-39.02,137.03,45.38,31.66,92.71,89.07,166.74,149.78,-97.41,170.70,-4.95,217.9994,4.9109,4.8901,3.7229,14.3390,2.1810,1.1641,0.7323,3.5066,0.5699,5.9011,0.8385,1.7804,0.7026,4.1148
2026-08-06 10:52:53.375,2.933333,24,26,0.007532,-1.5375,166.49,0,0,0,60.0192,218.650,0.08489,1,0,0,0,0,0.007210,0.000252,0.000950,0.000116,0.001230,0.000034,0.000641,0.000061,0.000654,0.000091,0.000738,0.000108,0.000344,0.000080,0.000679,-166.49,-169.63,-117.08,-103.53,-36.89,-49.96,44.83,54.45,95.09,122.51,173.27,131.00,-82.56,-156.48,-1.40,217.9994,4.9109,4.8901,3.7229,14.3390,2.1810,1.1641,0.7323,3.5066,0.5699,5.9011,0.8385,1.7804,0.7026,4.1148
2026-08-06 10:52:53.375,2.950000,24,27,0.007718,-1.5472,163.64,0,0,0,60.0192,218.650,0.08489,1,0,0,0,0,0.007346,0.000214,0.000649,0.000315,0.001268,0.000157,0.000627,0.000082,0.000761,0.000181,0.001070,0.000304,0.000421,0.000305,0.000275,-163.64,-30.75,-127.61,-177.69,-45.26,-27.88,45.75,5.03,88.40,134.38,-175.86,-58.37,-32.27,113.80,-36.71,217.9994,4.9109,4.8901,3.7229,14.3390,2.1810,1.1641,0.7323,3.5066,0.5699,5.9011,0.8385,1.7804,0.7026,4.1148
2026-08-06 10:52:53.375,2.966667,24,28,0.007409,-1.5067,166.03,0,0,0,60.0192,218.650,0.08489,1,0,0,0,0,0.007087,0.000199,0.000904,0.000095,0.001226,0.000041,0.000631,0.000112,0.000644,0.000063,0.000823,0.000056,0.000453,0.000040,0.000588,-166.03,-158.03,-117.08,-144.69,-34.64,117.72,47.18,69.19,91.78,113.73,175.89,140.63,-88.37,134.51,-7.41,217.9994,4.9109,4.8901,3.7229,14.3390,2.1810,1.1641,0.7323,3.5066,0.5699,5.9011,0.8385,1.7804,0.7026,4.1148
2026-08-06 10:52:53.375,2.983333,24,29,0.007472,-1.5222,165.99,0,0,0,60.0192,218.650,0.08489,1,0,0,0,0,0.007156,0.000211,0.000882,0.000147,0.001263,0.000017,0.000643,0.000059,0.000609,0.000094,0.000704,0.000087,0.000392,0.000019,0.000637,-165.99,-167.85,-117.10,-113.09,-37.09,51.49,47.61,25.28,94.47,129.07,174.92,129.28,-88.14,107.98,-6.86,217.9994,4.9109,4.8901,3.7229,14.3390,2.1810,1.1641,0.7323,3.5066,0.5699,5.9011,0.8385,1.7804,0.7026,4.1148
2026-08-06 10:52:53.644,3.000000,25,0,0.007483,-1.5246,165.92,0,0,0,60.0192,218.618,0.08495,1,0,0,0,0,0.007171,0.000168,0.000909,0.000140,0.001194,0.000021,0.000638,0.000036,0.000646,0.000041,0.000758,0.000073,0.000406,0.000034,0.000622,-165.92,-170.46,-118.99,-100.84,-37.37,-135.34,52.62,129.86,98.59,98.18,176.98,144.60,-78.20,164.97,-5.05,217.9667,4.8856,4.8806,3.7259,14.3258,2.1751,1.2216,0.7416,3.5394,0.5970,5.9638,0.8335,1.7592,0.6749,4.1284
2026-08-06 10:52:53.644,3.016667,25,1,0.007545,-1.5330,165.93,0,0,0,60.0192,218.618,0.08495,1,0,0,0,0,0.007213,0.000150,0.000968,0.000144,0.001320,0.000013,0.000619,0.000094,0.000644,0.000050,0.000765,0.000018,0.000351,0.000116,0.000609,-165.93,-176.12,-115.15,-119.44,-36.66,-66.95,51.81,73.12,93.18,118.13,173.51,133.12,-87.81,114.83,-1.03,217.9667,4.8856,4.8806,3.7259,14.3258,2.1751,1.2216,0.7416,3.5394,0.5970,5.9638,0.8335,1.7592,0.6749,4.1284
2026-08-06 10:52:53.644,3.033333,25,2,0.007616,-1.5468,165.73,0,0,0,60.0192,218.618,0.08495,1,0,0,0,0,0.007276,0.000266,0.000920,0.000122,0.001304,0.000025,0.000686,0.000058,0.000661,0.000105,0.000771,0.000079,0.000415,0.000028,0.000664,-165.73,-173.13,-115.32,-111.22,-37.53,-69.71,46.10,-6.72,93.52,75.76,170.09,132.59,-86.73,142.09,-4.32,217.9667,4.8856,4.8806,3.7259,14.3258,2.1751,1.2216,0.7416,3.5394,0.5970,5.9638,0.8335,1.7592,0.6749,4.1284
2026-08-06 10:52:53.644,3.050000,25,3,0.007522,-1.5353,166.60,0,0,0,60.0192,218.618,0.08495,1,0,0,0,0,0.007196,0.000186,0.000912,0.000128,0.001250,0.000009,0.000649,0.000056,0.000639,0.000023,0.000793,0.000024,0.000420,0.000021,0.000622,-166.60,-168.18,-116.97,-120.27,-37.81,-60.56,51.28,102.96,98.60,64.34,173.35,88.94,-79.30,-135.02,-9.36,217.9667,4.8856,4.8806,3.7259,14.3258,2.1751,1.2216,0.7416,3.5394,0.5970,5.9638,0.8335,1.7592,0.6749,4.1284
2026-08-06 10:52:53.644,3.066667,25,4,0.007523,-1.5304,165.64,0,0,0,60.0192,218.618,0.08495,1,0,0,0,0,0.007208,0.000221,0.000881,0.000131,0.001244,0.000065,0.000621,0.000106,0.000667,0.000116,0.000756,0.000107,0.000399,0.000080,0.000596,-165.64,-164.26,-115.58,-109.56,-37.64,101.23,45.60,67.95,94.39,104.81,171.68,160.51,-82.04,157.77,-8.84,217.9667,4.8856,4.8806,3.7259,14.3258,2.1751,1.2216,0.7416,3.5394,0.5970,5.9638,0.8335,1.7592,0.6749,4.1284
2026-08-06 10:52:53.644,3.083333,25,5,0.007485,-1.5006,164.79,0,0,0,60.0192,218.618,0.08495,1,0,0,0,0,0.007072,0.000357,0.001124,0.000086,0.001284,0.000242,0.000537,0.000258,0.000818,0.000139,0.000812,0.000197,0.000285,0.000261,0.000751,-164.79,159.42,-110.98,105.31,-48.01,39.09,58.33,8.60,103.18,-26.35,157.44,-141.06,-59.40,-154.10,-3.48,217.9667,4.8856,4.8806,3.7259,14.3258,2.1751,1.2216,0.7416,3.5394,0.5970,5.9638,0.8335,1.7592,0.6749,4.1284
2026-08-06 10:52:53.644,3.100000,25,6,0.007489,-1.5274,166.41,0,0,0,60.0192,218.618,0.08495,1,0,0,0,0,0.007165,0.000231,0.000941,0.000123,0.001230,0.000023,0.000617,0.000030,0.000686,0.000008,0.000766,0.000135,0.000354,0.000011,0.000647,-166.41,-169.05,-113.72,-138.27,-36.43,168.94,46.45,-164.43,101.07,43.80,176.66,104.60,-75.16,-126.68,-9.37,217.9667,4.8856,4.8806,3.7259,14.3258,2.1751,1.2216,0.7416,3.5394,0.5970,5.9638,0.8335,1.7592,0.6749,4.1284
2026-08-06 10:52:53.644,3.116667,25,7,0.007483,-1.5263,166.42,0,0,0,60.0192,218.618,0.08495,1,0,0,0,0,0.007164,0.000205,0.000930,0.000110,0.001187,0.000044,0.000657,0.000111,0.000686,0.000046,0.000779,0.000060,0.000412,0.000093,0.000596,-166.42,-162.15,-115.70,-109.84,-36.02,-91.45,49.33,86.24,96.18,116.76,172.29,175.62,-83.00,-175.59,-2.92,217.9667,4.8856,4.8806,3.7259,14.3258,2.1751,1.2216,0.7416,3.5394,0.5970,5.9638,0.8335,1.7592,0.6749,4.1284
2026-08-06 10:52:53.644,3.133333,25,8,0.007531,-1.5304,165.70,0,0,0,60.0192,218.618,0.08495,1,0,0,0,0,0.007202,0.000243,0.000940,0.000122,0.001265,0.000027,0.000624,0.000096,0.000691,0.000038,0.000731,0.000030,0.000334,0.000025,0.000597,-165.70,-158.91,-117.89,-127.52,-38.75,-104.20,55.19,29.96,91.08,103.59,172.85,76.60,-96.56,135.79,-0.35,217.9667,4.8856,4.8806,3.7259,14.3258,2.1751,1.2216,0.7416,3.5394,0.5970,5.9638,0.8335,1.7592,0.6749,4.1284
2026-08-06 10:52:53.644,3.150000,25,9,0.007534,-1.5337,166.10,0,0,0,60.0192,218.618,0.08495,1,0,0,0,0,0.007206,0.000245,0.000918,0.000134,0.001246,0.000063,0.000682,0.000011,0.000643,0.000060,0.000768,0.000075,0.000340,0.000032,0.000623,-166.10,-176.32,-118.07,-115.76,-37.27,18.61,45.39,-111.68,94.34,91.58,175.66,108.39,-76.29,-157.27,-7.55,217.9667,4.8856,4.8806,3.7259,14.3258,2.1751,1.2216,0.7416,3.5394,0.5970,5.9638,0.8335,1.7592,0.6749,4.1284
2026-08-06 10:52:53.644,3.166667,25,10,0.007429,-1.5127,166.02,0,0,0,60.0192,218.618,0.08495,1,0,0,0,0,0.007108,0.000235,0.000901,0.000138,0.001182,0.000011,0.000654,0.000063,0.000746,0.000047,0.000781,0.000019,0.000378,0.000060,0.000581,-166.02,-165.71,-117.62,-109.39,-38.85,-130.14,48.67,72.01,93.84,126.58,175.70,133.38,-91.90,-168.72,0.04,217.9667,4.8856,4.8806,3.7259,14.3258,2.1751,1.2216,0.7416,3.5394,0.5970,5.9638,0.8335,1.7592,0.6749,4.1284
2026-08-06 10:52:53.644,3.183333,25,11,0.007546,-1.5353,165.92,0,0,0,60.0192,218.618,0.08495,1,0,0,0,0,0.007221,0.000138,0.000904,0.000157,0.001208,0.000005,0.000626,0.000048,0.000680,0.000024,0.000789,0.000059,0.000402,0.000041,0.000627,-165.92,-172.03,-118.63,-113.46,-37.72,-155.58,52.36,0.01,95.69,71.31,169.74,137.73,-83.54,135.06,-3.38,217.9667,4.8856,4.8806,3.7259,14.3258,2.1751,1.2216,0.7416,3.5394,0.5970,5.9638,0.8335,1.7592,0.6749,4.1284
2026-08-06 10:52:53.644,3.200000,25,12,0.007480,-1.5231,165.87,0,0,0,60.0192,218.618,0.08495,1,0,0,0,0,0.007163,0.000243,0.000885,0.000178,0.001223,0.000015,0.000652,0.000073,0.000637,0.000033,0.000749,0.000054,0.000355,0.000083,0.000635,-165.87,173.03,-119.21,-120.93,-37.98,117.45,47.82,-142.40,97.13,119.81,178.59,73.33,-70.71,6.38,-5.90,217.9667,4.8856,4.8806,3.7259,14.3258,2.1751,1.2216,0.7416,3.5394,0.5970,5.9638,0.8335,1.7592,0.6749,4.1284
2026-08-06 10:52:53.644,3.216667,25,13,0.007550,-1.5350,165.92,0,0,0,60.0192,218.618,0.08495,1,0,0,0,0,0.007220,0.000201,0.001002,0.000131,0.001175,0.000027,0.000643,0.000097,0.000658,0.000074,0.000766,0.000054,0.000451,0.000119,0.000571,-165.92,-159.95,-120.28,-120.93,-37.40,108.94,50.81,93.39,97.50,15.66,176.00,-124.93,-78.63,-158.25,-7.94,217.9667,4.8856,4.8806,3.7259,14.3258,2.1751,1.2216,0.7416,3.5394,0.5970,5.9638,0.8335,1.7592,0.6749,4.1284
2026-08-06 10:52:53.644,3.233333,25,14,0.007553,-1.5356,165.56,0,0,0,60.0192,218.618,0.08495,1,0,0,0,0,0.007232,0.000219,0.000916,0.000168,0.001245,0.000066,0.000655,0.000075,0.000639,0.000092,0.000730,0.000078,0.000379,0.000083,0.000631,-165.56,-155.89,-116.12,-102.06,-39.45,106.72,45.25,16.59,99.79,117.09,172.38,157.48,-72.04,103.86,-5.35,217.9667,4.8856,4.8806,3.7259,14.3258,2.1751,1.2216,0.7416,3.5394,0.5970,5.9638,0.8335,1.7592,0.6749,4.1284
2026-08-06 10:52:53.644,3.250000,25,15,0.007534,-1.5346,166.10,0,0,0,60.0192,218.618,0.08495,1,0,0,0,0,0.007209,0.000248,0.000882,0.000165,0.001220,0.000049,0.000634,0.000032,0.000668,0.000064,0.000733,0.000020,0.000406,0.000072,0.000678,-166.10,176.98,-119.83,-133.16,-37.93,92.56,49.73,59.27,95.05,59.05,177.98,14.73,-84.54,106.21,-5.47,217.9667,4.8856,4.8806,3.7259,14.3258,2.1751,1.2216,0.7416,3.5394,0.5970,5.9638,0.8335,1.7592,0.6749,4.1284
2026-08-06 10:52:53.644,3.266667,25,16,0.007523,-1.5322,166.16,0,0,0,60.0192,218.618,0.08495,1,0,0,0,0,0.007197,0.000213,0.000972,0.000138,0.001249,0.000031,0.000603,0.000055,0.000635,0.000038,0.000781,0.000034,0.000444,0.000014,0.000612,-166.16,-145.09,-117.58,-135.37,-37.60,88.64,51.74,109.09,95.33,153.67,177.83,30.08,-75.99,49.34,-7.59,217.9667,4.8856,4.8806,3.7259,14.3258,2.1751,1.2216,0.7416,3.5394,0.5970,5.9638,0.8335,1.7592,0.6749,4.1284
2026-08-06 10:52:53.644,3.283333,25,17,0.007499,-1.5269,166.09,0,0,0,60.0192,218.618,0.08495,1,0,0,0,0,0.007181,0.000172,0.000852,0.000088,0.001255,0.000056,0.000633,0.000065,0.000637,0.000044,0.000743,0.000097,0.000431,0.000076,0.000601,-166.09,-176.01,-115.51,-132.37,-35.19,100.13,49.24,83.44,94.57,79.59,175.30,160.56,-80.07,86.87,-3.89,217.9667,4.8856,4.8806,3.7259,14.3258,2.1751,1.2216,0.7416,3.5394,0.5970,5.9638,0.8335,1.7592,0.6749,4.1284
2026-08-06 10:52:53.644,3.300000,25,18,0.007519,-1.5281,165.82,0,0,0,60.0192,218.618,0.08495,1,0,0,0,0,0.007190,0.000166,0.000883,0.000118,0.001254,0.000066,0.000660,0.000050,0.000672,0.000076,0.000768,0.000070,0.000409,0.000075,0.000658,-165.82,-165.67,-118.36,-110.87,-37.31,97.22,53.30,-7.64,96.08,93.38,173.90,101.89,-85.73,168.45,-1.51,217.9667,4.8856,4.8806,3.7259,14.3258,2.1751,1.2216,0.7416,3.5394,0.5970,5.9638,0.8335,1.7592,0.6749,4.1284
2026-08-06 10:52:53.644,3.316667,25,19,0.007494,-1.5284,166.18,0,0,0,60.0192,218.618,0.08495,1,0,0,0,0,0.007180,0.000220,0.000890,0.000114,0.001185,0.000032,0.000688,0.000026,0.000630,0.000030,0.000735,0.000028,0.000426,0.000017,0.000631,-166.18,179.77,-118.95,-74.68,-38.89,142.25,50.13,54.50,102.01,149.99,174.92,18.67,-81.95,-136.61,-1.33,217.9667,4.8856,4.8806,3.7259,14.3258,2.1751,1.2216,0.7416,3.5394,0.5970,5.9638,0.8335,1.7592,0.6749,4.1284
2026-08-06 10:52:53.644,3.333333,25,20,0.007520,-1.5293,165.78,0,0,0,60.0192,218.618,0.08495,1,0,0,0,0,0.007196,0.000176,0.000958,0.000140,0.001230,0.000008,0.000646,0.000118,0.000691,0.000077,0.000766,0.000096,0.000359,0.000087,0.000599,-165.78,-158.98,-116.12,-120.41,-37.41,-31.74,50.88,53.10,92.56,114.23,172.25,169.84,-88.42,166.54,-2.87,217.9667,4.8856,4.8806,3.7259,14.3258,2.1751,1.2216,0.7416,3.5394,0.5970,5.9638,0.8335,1.7592,0.6749,4.1284
2026-08-06 10:52:53.644,3.350000,25,21,0.007583,-1.5410,165.60,0,0,0,60.0192,218.618,0.08495,1,0,0,0,0,0.007258,0.000204,0.000960,0.000150,0.001203,0.000034,0.000639,0.000049,0.000662,0.000083,0.000732,0.000077,0.000392,0.000047,0.000643,-165.60,-162.70,-116.91,-95.03,-37.87,32.10,47.64,31.17,97.07,59.11,174.39,116.19,-74.87,167.15,-1.51,217.9667,4.8856,4.8806,3.7259,14.3258,2.1751,1.2216,0.7416,3.5394,0.5970,5.9638,0.8335,1.7592,0.6749,4.1284
2026-08-06 10:52:53.644,3.366667,25,22,0.007473,-1.5289,166.75,0,0,0,60.0192,218.618,0.08495,1,0,0,0,0,0.007165,0.000208,0.000885,0.000103,0.001204,0.000016,0.000657,0.000026,0.000640,0.000013,0.000773,0.000037,0.000420,0.000032,0.000615,-166.75,-173.02,-117.13,-108.77,-36.94,76.59,50.04,135.94,93.62,84.72,177.47,52.31,-80.10,-121.81,-7.25,217.9667,4.8856,4.8806,3.7259,14.3258,2.1751,1.2216,0.7416,3.5394,0.5970,5.9638,0.8335,1.7592,0.6749,4.1284
2026-08-06 10:52:53.644,3.383333,25,23,0.007493,-1.5254,166.04,0,0,0,60.0192,218.618,0.08495,1,0,0,0,0,0.007173,0.000191,0.000897,0.000118,0.001267,0.000030,0.000590,0.000140,0.000643,0.000075,0.000787,0.000053,0.000443,0.000098,0.000585,-166.04,-154.94,-114.91,-125.31,-37.61,57.26,49.62,50.67,94.47,89.21,175.82,-150.04,-89.03,126.44,-0.20,217.9667,4.8856,4.8806,3.7259,14.3258,2.1751,1.2216,0.7416,3.5394,0.5970,5.9638,0.8335,1.7592,0.6749,4.1284
2026-08-06 10:52:53.644,3.400000,25,24,0.007539,-1.5342,165.97,0,0,0,60.0192,218.618,0.08495,1,0,0,0,0,0.007211,0.000215,0.000944,0.000193,0.001251,0.000036,0.000688,0.000065,0.000613,0.000055,0.000719,0.000103,0.000329,0.000028,0.000628,-165.97,-178.43,-118.24,-113.98,-36.58,-31.55,46.80,-58.45,94.47,93.01,169.47,116.11,-76.04,-153.36,-3.20,217.9667,4.8856,4.8806,3.7259,14.3258,2.1751,1.2216,0.7416,3.5394,0.5970,5.9638,0.8335,1.7592,0.6749,4.1284
2026-08-06 10:52:53.644,3.416667,25,25,0.007495,-1.5302,166.72,0,0,0,60.0192,218.618,0.08495,1,0,0,0,0,0.007174,0.000177,0.000899,0.000100,0.001235,0.000046,0.000625,0.000009,0.000632,0.000037,0.000816,0.000070,0.000406,0.000017,0.000600,-166.72,-170.81,-119.34,-137.34,-36.84,9.64,50.14,116.42,97.60,-33.43,175.85,50.92,-76.70,-72.66,-2.33,217.9667,4.8856,4.8806,3.7259,14.3258,2.1751,1.2216,0.7416,3.5394,0.5970,5.9638,0.8335,1.7592,0.6749,4.1284
2026-08-06 10:52:53.644,3.433333,25,26,0.007530,-1.5336,165.99,0,0,0,60.0192,218.618,0.08495,1,0,0,0,0,0.007212,0.000197,0.000925,0.000114,0.001229,0.000064,0.000573,0.000095,0.000627,0.000041,0.000789,0.000096,0.000396,0.000055,0.000644,-165.99,-177.21,-115.50,-108.52,-37.85,19.86,45.58,98.77,96.08,120.80,176.32,120.47,-86.39,154.03,-6.40,217.9667,4.8856,4.8806,3.7259,14.3258,2.1751,1.2216,0.7416,3.5394,0.5970,5.9638,0.8335,1.7592,0.6749,4.1284
2026-08-06 10:52:53.644,3.450000,25,27,0.007550,-1.5326,165.68,0,0,0,60.0192,218.618,0.08495,1,0,0,0,0,0.007216,0.000196,0.000898,0.000121,0.001259,0.000004,0.000690,0.000069,0.000737,0.000071,0.000789,0.000102,0.000393,0.000029,0.000621,-165.68,-161.21,-114.48,-110.00,-35.85,53.58,52.08,-19.99,95.85,104.81,173.03,108.95,-94.09,159.34,-2.82,217.9667,4.8856,4.8806,3.7259,14.3258,2.1751,1.2216,0.7416,3.5394,0.5970,5.9638,0.8335,1.7592,0.6749,4.1284
2026-08-06 10:52:53.644,3.466667,25,28,0.007540,-1.5382,166.17,0,0,0,60.0192,218.618,0.08495,1,0,0,0,0,0.007225,0.000195,0.000883,0.000149,0.001243,0.000023,0.000634,0.000017,0.000674,0.000036,0.000787,0.000053,0.000375,0.000030,0.000549,-166.17,-177.42,-115.81,-136.69,-36.85,-53.61,47.03,-160.88,98.27,33.27,176.73,99.95,-71.46,34.93,-5.28,217.9667,4.8856,4.8806,3.7259,14.3258,2.1751,1.2216,0.7416,3.5394,0.5970,5.9638,0.8335,1.7592,0.6749,4.1284
2026-08-06 10:52:53.644,3.483333,25,29,0.007591,-1.5433,165.84,0,0,0,60.0192,218.618,0.08495,1,0,0,0,0,0.007261,0.000231,0.000915,0.000159,0.001270,0.000047,0.000665,0.000056,0.000703,0.000032,0.000785,0.000051,0.000362,0.000103,0.000569,-165.84,-172.35,-118.98,-112.53,-36.08,66.26,51.05,160.20,95.71,-94.85,173.54,-165.66,-83.33,163.82,-4.85,217.9667,4.8856,4.8806,3.7259,14.3258,2.1751,1.2216,0.7416,3.5394,0.5970,5.9638,0.8335,1.7592,0.6749,4.1284
2026-08-06 10:52:53.938,3.500000,26,0,0.007513,-1.5356,166.10,0,0,0,60.0192,218.750,0.08504,1,0,0,0,0,0.007211,0.000258,0.000884,0.000165,0.001220,0.000023,0.000630,0.000037,0.000619,0.000093,0.000742,0.000110,0.000347,0.000070,0.000597,-166.10,-162.79,-120.52,-106.04,-38.33,-45.69,46.99,17.36,90.30,109.02,171.64,154.35,-80.81,169.83,1.00,218.0964,4.9208,4.9242,3.7482,14.3397,2.1877,1.2077,0.7297,3.5469,0.5897,5.9207,0.8325,1.8050,0.6746,4.1351
2026-08-06 10:52:53.938,3.516667,26,1,0.007472,-1.5263,166.42,0,0,0,60.0192,218.750,0.08504,1,0,0,0,0,0.007161,0.000255,0.000952,0.000159,0.001203,0.000045,0.000618,0.000035,0.000658,0.000027,0.000757,0.000038,0.000346,0.000064,0.000583,-166.42,-150.02,-120.04,-91.31,-36.74,-38.76,46.65,33.82,92.51,92.78,174.92,119.67,-82.26,-84.86,-4.93,218.0964,4.9208,4.9242,3.7482,14.3397,2.1877,1.2077,0.7297,3.5469,0.5897,5.9207,0.8325,1.8050,0.6746,4.1351
2026-08-06 10:52:53.938,3.533333,26,2,0.007553,-1.5391,166.17,0,0,0,60.0192,218.750,0.08504,1,0,0,0,0,0.007230,0.000233,0.000908,0.000114,0.001246,0.000050,0.000676,0.000072,0.000654,0.000036,0.000817,0.000024,0.000368,0.000071,0.000541,-166.17,-170.71,-117.45,-101.56,-37.11,61.07,49.28,87.97,96.62,84.67,174.71,179.31,-87.58,165.21,-0.23,218.0964,4.9208,4.9242,3.7482,14.3397,2.1877,1.2077,0.7297,3.5469,0.5897,5.9207,0.8325,1.8050,0.6746,4.1351
2026-08-06 10:52:53.938,3.550000,26,3,0.007559,-1.5420,166.31,0,0,0,60.0192,218.750,0.08504,1,0,0,0,0,0.007233,0.000211,0.000936,0.000131,0.001224,0.000030,0.000646,0.000047,0.000653,0.000084,0.000735,0.000087,0.000402,0.000086,0.000674,-166.31,-160.22,-118.75,-114.42,-38.29,51.94,49.94,38.54,93.86,106.74,171.28,149.42,-88.19,177.02,-7.63,218.0964,4.9208,4.9242,3.7482,14.3397,2.1877,1.2077,0.7297,3.5469,0.5897,5.9207,0.8325,1.8050,0.6746,4.1351
2026-08-06 10:52:53.938,3.566667,26,4,0.007534,-1.5358,165.64,0,0,0,60.0192,218.750,0.08504,1,0,0,0,0,0.007227,0.000233,0.000870,0.000124,0.001210,0.000067,0.000665,0.000038,0.000637,0.000029,0.000762,0.000071,0.000327,0.000064,0.000632,-165.64,-175.79,-119.65,-110.81,-37.35,41.67,48.63,168.87,97.15,89.67,173.55,136.84,-77.11,174.14,-5.04,218.0964,4.9208,4.9242,3.7482,14.3397,2.1877,1.2077,0.7297,3.5469,0.5897,5.9207,0.8325,1.8050,0.6746,4.1351
2026-08-06 10:52:53.938,3.583333,26,5,0.007457,-1.5165,166.19,0,0,0,60.0192,218.750,0.08504,1,0,0,0,0,0.007121,0.000189,0.000929,0.000143,0.001225,0.000020,0.000606,0.000097,0.000654,0.000046,0.000845,0.000045,0.000447,0.000074,0.000585,-166.19,-156.25,-115.78,-132.77,-36.96,-66.77,54.29,102.23,94.70,96.01,174.56,62.88,-80.16,146.92,-4.33,218.0964,4.9208,4.9242,3.7482,14.3397,2.1877,1.2077,0.7297,3.5469,0.5897,5.9207,0.8325,1.8050,0.6746,4.1351
2026-08-06 10:52:53.938,3.600000,26,6,0.007579,-1.5446,166.12,0,0,0,60.0192,218.750,0.08504,1,0,0,0,0,0.007253,0.000217,0.000919,0.000132,0.001235,0.000041,0.000656,0.000119,0.000733,0.000070,0.000741,0.000153,0.000333,0.000085,0.000622,-166.12,-166.33,-117.58,-96.07,-38.12,129.81,47.33,31.95,96.56,89.98,170.53,151.76,-87.84,-141.11,-4.72,218.0964,4.9208,4.9242,3.7482,14.3397,2.1877,1.2077,0.7297,3.5469,0.5897,5.9207,0.8325,1.8050,0.6746,4.1351
2026-08-06 10:52:53.938,3.616667,26,7,0.007524,-1.5334,165.95,0,0,0,60.0192,218.750,0.08504,1,0,0,0,0,0.007205,0.000278,0.000902,0.000152,0.001257,0.000050,0.000658,0.000015,0.000619,0.000081,0.000735,0.000062,0.000346,0.000031,0.000608,-165.95,-179.13,-116.07,-124.45,-38.61,31.78,47.68,-161.60,97.04,84.57,179.12,142.34,-79.34,166.46,-6.85,218.0964,4.9208,4.9242,3.7482,14.3397,2.1877,1.2077,0.7297,3.5469,0.5897,5.9207,0.8325,1.8050,0.6746,4.1351
2026-08-06 10:52:53.938,3.633333,26,8,0.007516,-1.5331,166.50,0,0,0,60.0192,218.750,0.08504,1,0,0,0,0,0.007193,0.000181,0.000928,0.000088,0.001206,0.000033,0.000613,0.000078,0.000747,0.000043,0.000742,0.000065,0.000387,0.000072,0.000616,-166.50,-159.01,-114.61,-116.25,-35.69,-144.86,51.03,71.80,101.26,-163.75,170.07,-177.78,-85.87,-134.38,-5.58,218.0964,4.9208,4.9242,3.7482,14.3397,2.1877,1.2077,0.7297,3.5469,0.5897,5.9207,0.8325,1.8050,0.6746,4.1351
2026-08-06 10:52:53.938,3.650000,26,9,0.007568,-1.5443,166.36,0,0,0,60.0192,218.750,0.08504,1,0,0,0,0,0.007244,0.000259,0.000922,0.000153,0.001200,0.000030,0.000660,0.000102,0.000706,0.000021,0.000768,0.000091,0.000344,0.000081,0.000605,-166.36,-165.55,-113.84,-116.79,-39.16,-66.45,46.86,29.16,90.66,65.55,171.03,158.45,-91.01,176.97,-2.98,218.0964,4.9208,4.9242,3.7482,14.3397,2.1877,1.2077,0.7297,3.5469,0.5897,5.9207,0.8325,1.8050,0.6746,4.1351
2026-08-06 10:52:53.938,3.666667,26,10,0.007517,-1.5350,166.04,0,0,0,60.0192,218.750,0.08504,1,0,0,0,0,0.007208,0.000259,0.000901,0.000147,0.001203,0.000052,0.000642,0.000031,0.000634,0.000063,0.000665,0.000009,0.000361,0.000040,0.000621,-166.04,-164.01,-115.61,-122.76,-42.28,97.96,50.64,-3.10,96.37,57.14,176.65,-46.02,-84.75,156.51,-4.97,218.0964,4.9208,4.9242,3.7482,14.3397,2.1877,1.2077,0.7297,3.5469,0.5897,5.9207,0.8325,1.8050,0.6746,4.1351
2026-08-06 10:52:53.938,3.683333,26,11,0.007493,-1.5304,166.47,0,0,0,60.0192,218.750,0.08504,1,0,0,0,0,0.007177,0.000189,0.000932,0.000090,0.001169,0.000023,0.000633,0.000067,0.000702,0.000036,0.000742,0.000033,0.000340,0.000117,0.000603,-166.47,-178.69,-119.31,-95.88,-37.57,-170.08,51.43,106.53,95.78,-154.10,173.69,-123.97,-86.65,-129.92,-0.35,218.0964,4.9208,4.9242,3.7482,14.3397,2.1877,1.2077,0.7297,3.5469,0.5897,5.9207,0.8325,1.8050,0.6746,4.1351
2026-08-06 10:52:53.938,3.700000,26,12,0.007547,-1.5332,165.22,0,0,0,60.0192,218.750,0.08504,1,0,0,0,0,0.007223,0.000175,0.000961,0.000154,0.001233,0.000033,0.000617,0.000052,0.000656,0.000069,0.000773,0.000036,0.000410,0.000056,0.000620,-165.22,-156.43,-118.30,-112.06,-40.69,-177.20,49.29,-2.76,94.51,69.91,171.66,149.24,-80.42,123.17,-2.70,218.0964,4.9208,4.9242,3.7482,14.3397,2.1877,1.2077,0.7297,3.5469,0.5897,5.9207,0.8325,1.8050,0.6746,4.1351
2026-08-06 10:52:53.938,3.716667,26,13,0.007534,-1.5379,166.41,0,0,0,60.0192,218.750,0.08504,1,0,0,0,0,0.007213,0.000220,0.000947,0.000148,0.001262,0.000071,0.000630,0.000017,0.000621,0.000065,0.000721,0.000057,0.000392,0.000041,0.000667,-166.41,-164.80,-116.79,-123.06,-38.70,48.83,48.16,95.59,92.96,115.84,176.81,78.07,-77.83,-136.39,-6.89,218.0964,4.9208,4.9242,3.7482,14.3397,2.1877,1.2077,0.7297,3.5469,0.5897,5.9207,0.8325,1.8050,0.6746,4.1351
2026-08-06 10:52:53.938,3.733333,26,14,0.007433,-1.5206,166.87,0,0,0,60.0192,218.750,0.08504,1,0,0,0,0,0.007118,0.000192,0.000908,0.000072,0.001192,0.000004,0.000638,0.000070,0.000651,0.000068,0.000773,0.000043,0.000399,0.000092,0.000623,-166.87,-172.80,-119.99,-137.75,-35.56,45.61,51.23,95.70,96.07,-164.59,169.43,113.01,-86.24,-151.15,-5.92,218.0964,4.9208,4.9242,3.7482,14.3397,2.1877,1.2077,0.7297,3.5469,0.5897,5.9207,0.8325,1.8050,0.6746,4.1351
2026-08-06 10:52:53.938,3.750000,26,15,0.007531,-1.5308,165.43,0,0,0,60.0192,218.750,0.08504,1,0,0,0,0,0.007211,0.000200,0.000931,0.000155,0.001232,0.000053,0.000645,0.000096,0.000681,0.000040,0.000760,0.000064,0.000390,0.000061,0.000618,-165.43,-160.45,-116.38,-115.88,-35.91,44.26,53.27,41.35,98.62,97.69,169.62,137.42,-87.39,125.42,-1.49,218.0964,4.9208,4.9242,3.7482,14.3397,2.1877,1.2077,0.7297,3.5469,0.5897,5.9207,0.8325,1.8050,0.6746,4.1351
2026-08-06 10:52:53.938,3.766667,26,16,0.007507,-1.5331,166.32,0,0,0,60.0192,218.750,0.08504,1,0,0,0,0,0.007190,0.000226,0.000901,0.000102,0.001196,0.000013,0.000673,0.000029,0.000686,0.000089,0.000705,0.000035,0.000305,0.000081,0.000637,-166.32,-172.89,-117.99,-116.14,-40.51,127.44,51.81,-51.07,96.24,66.87,177.82,120.22,-84.78,-130.97,-5.09,218.0964,4.9208,4.9242,3.7482,14.3397,2.1877,1.2077,0.7297,3.5469,0.5897,5.9207,0.8325,1.8050,0.6746,4.1351
2026-08-06 10:52:53.938,3.783333,26,17,0.007512,-1.5311,166.02,0,0,0,60.0192,218.750,0.08504,1,0,0,0,0,0.007190,0.000170,0.000912,0.000138,0.001195,0.000026,0.000643,0.000053,0.000732,0.000023,0.000778,0.000026,0.000392,0.000056,0.000595,-166.02,-166.12,-116.40,-115.12,-38.91,134.11,51.03,142.41,95.46,-154.07,172.95,159.72,-84.74,-169.43,-9.96,218.0964,4.9208,4.9242,3.7482,14.3397,2.1877,1.2077,0.7297,3.5469,0.5897,5.9207,0.8325,1.8050,0.6746,4.1351
2026-08-06 10:52:53.938,3.800000,26,18,0.007522,-1.5314,165.78,0,0,0,60.0192,218.750,0.08504,1,0,0,0,0,0.007199,0.000226,0.000881,0.000061,0.001260,0.000076,0.000638,0.000084,0.000674,0.000096,0.000692,0.000150,0.000364,0.000116,0.000646,-165.78,170.18,-118.54,-141.04,-38.13,145.86,46.84,86.32,98.41,118.70,175.10,160.19,-84.37,138.10,-10.02,218.0964,4.9208,4.9242,3.7482,14.3397,2.1877,1.2077,0.7297,3.5469,0.5897,5.9207,0.8325,1.8050,0.6746,4.1351
2026-08-06 10:52:53.938,3.816667,26,19,0.007559,-1.5428,166.16,0,0,0,60.0192,218.750,0.08504,1,0,0,0,0,0.007244,0.000242,0.000860,0.000133,0.001275,0.000067,0.000673,0.000011,0.000699,0.000018,0.000694,0.000076,0.000344,0.000056,0.000624,-166.16,-169.57,-113.40,-116.43,-38.65,84.98,54.36,-120.34,100.14,139.65,177.47,151.45,-80.24,-171.72,-5.63,218.0964,4.9208,4.9242,3.7482,14.3397,2.1877,1.2077,0.7297,3.5469,0.5897,5.9207,0.8325,1.8050,0.6746,4.1351
2026-08-06 10:52:53.938,3.833333,26,20,0.007554,-1.5373,165.81,0,0,0,60.0192,218.750,0.08504,1,0,0,0,0,0.007223,0.000191,0.000995,0.000168,0.001192,0.000068,0.000658,0.000067,0.000774,0.000019,0.000711,0.000048,0.000395,0.000017,0.000609,-165.81,-158.76,-115.46,-110.71,-41.14,-177.86,51.49,132.70,98.46,-133.61,166.43,-51.67,-84.57,172.04,-4.97,218.0964,4.9208,4.9242,3.7482,14.3397,2.1877,1.2077,0.7297,3.5469,0.5897,5.9207,0.8325,1.8050,0.6746,4.1351
2026-08-06 10:52:53.938,3.850000,26,21,0.007562,-1.5422,166.29,0,0,0,60.0192,218.750,0.08504,1,0,0,0,0,0.007234,0.000210,0.000957,0.000132,0.001279,0.000047,0.000645,0.000103,0.000705,0.000047,0.000755,0.000081,0.000366,0.000076,0.000559,-166.29,-162.01,-115.16,-117.34,-39.00,7.37,48.22,67.30,93.76,122.23,168.76,143.76,-89.79,-174.26,-6.21,218.0964,4.9208,4.9242,3.7482,14.3397,2.1877,1.2077,0.7297,3.5469,0.5897,5.9207,0.8325,1.8050,0.6746,4.1351
2026-08-06 10:52:53.938,3.866667,26,22,0.007528,-1.5318,165.96,0,0,0,60.0192,218.750,0.08504,1,0,0,0,0,0.007192,0.000285,0.000940,0.000104,0.001254,0.000041,0.000692,0.000029,0.000672,0.000096,0.000755,0.000110,0.000362,0.000023,0.000653,-165.96,-161.68,-116.66,-113.30,-39.32,60.18,48.00,-25.82,95.01,96.88,176.61,79.81,-87.42,-123.33,-10.98,218.0964,4.9208,4.9242,3.7482,14.3397,2.1877,1.2077,0.7297,3.5469,0.5897,5.9207,0.8325,1.8050,0.6746,4.1351
2026-08-06 10:52:53.938,3.883333,26,23,0.007527,-1.5362,166.25,0,0,0,60.0192,218.750,0.08504,1,0,0,0,0,0.007212,0.000181,0.000939,0.000126,0.001163,0.000022,0.000652,0.000032,0.000733,0.000069,0.000780,0.000012,0.000374,0.000092,0.000570,-166.25,-167.40,-117.11,-132.04,-36.61,24.66,51.84,82.55,95.11,-10.47,175.07,-128.85,-82.22,-113.59,-7.32,218.0964,4.9208,4.9242,3.7482,14.3397,2.1877,1.2077,0.7297,3.5469,0.5897,5.9207,0.8325,1.8050,0.6746,4.1351
2026-08-06 10:52:53.938,3.900000,26,24,0.007464,-1.5256,166.37,0,0,0,60.0192,218.750,0.08504,1,0,0,0,0,0.007153,0.000222,0.000901,0.000129,0.001248,0.000043,0.000600,0.000126,0.000631,0.000077,0.000695,0.000078,0.000407,0.000068,0.000615,-166.37,-163.27,-116.97,-111.08,-39.88,108.72,48.20,82.65,97.91,157.31,173.15,-175.37,-82.95,148.42,-7.63,218.0964,4.9208,4.9242,3.7482,14.3397,2.1877,1.2077,0.7297,3.5469,0.5897,5.9207,0.8325,1.8050,0.6746,4.1351
2026-08-06 10:52:53.938,3.916667,26,25,0.007634,-1.5554,165.77,0,0,0,60.0192,218.750,0.08504,1,0,0,0,0,0.007309,0.000274,0.000960,0.000139,0.001265,0.000046,0.000668,0.000042,0.000637,0.000108,0.000723,0.000056,0.000357,0.000040,0.000648,-165.77,-172.52,-119.05,-110.40,-41.80,-13.86,46.00,-81.91,93.72,100.59,176.60,140.77,-84.54,-171.47,-4.97,218.0964,4.9208,4.9242,3.7482,14.3397,2.1877,1.2077,0.7297,3.5469,0.5897,5.9207,0.8325,1.8050,0.6746,4.1351
2026-08-06 10:52:53.938,3.933333,26,26,0.007525,-1.5337,166.56,0,0,0,60.0192,218.750,0.08504,1,0,0,0,0,0.007187,0.000175,0.000948,0.000128,0.001245,0.000043,0.000657,0.000019,0.000715,0.000062,0.000788,0.000066,0.000331,0.000041,0.000613,-166.56,-175.04,-117.68,-123.07,-36.90,81.88,44.37,159.91,99.47,-106.37,171.25,106.80,-81.83,-126.74,-5.23,218.0964,4.9208,4.9242,3.7482,14.3397,2.1877,1.2077,0.7297,3.5469,0.5897,5.9207,0.8325,1.8050,0.6746,4.1351
2026-08-06 10:52:53.938,3.950000,26,27,0.007514,-1.5286,165.95,0,0,0,60.0192,218.750,0.08504,1,0,0,0,0,0.007185,0.000181,0.000909,0.000116,0.001228,0.000030,0.000665,0.000081,0.000698,0.000033,0.000765,0.000059,0.000380,0.000053,0.000629,-165.95,-174.70,-114.32,-115.95,-36.34,91.05,49.60,81.24,93.20,155.20,172.04,143.90,-84.16,157.10,-1.17,218.0964,4.9208,4.9242,3.7482,14.3397,2.1877,1.2077,0.7297,3.5469,0.5897,5.9207,0.8325,1.8050,0.6746,4.1351
2026-08-06 10:52:53.938,3.966667,26,28,0.007510,-1.5337,166.68,0,0,0,60.0192,218.750,0.08504,1,0,0,0,0,0.007184,0.000219,0.000913,0.000109,0.001228,0.000048,0.000663,0.000050,0.000642,0.000052,0.000766,0.000060,0.000343,0.000086,0.000671,-166.68,-156.25,-118.05,-131.09,-37.84,39.50,52.42,-5.38,94.60,87.17,175.52,124.19,-79.08,-122.87,-2.07,218.0964,4.9208,4.9242,3.7482,14.3397,2.1877,1.2077,0.7297,3.5469,0.5897,5.9207,0.8325,1.8050,0.6746,4.1351
2026-08-06 10:52:53.938,3.983333,26,29,0.007514,-1.5327,165.84,0,0,0,60.0192,218.750,0.08504,1,0,0,0,0,0.007197,0.000165,0.000980,0.000153,0.001203,0.000060,0.000644,0.000045,0.000712,0.000047,0.000743,0.000028,0.000321,0.000032,0.000618,-165.84,-157.74,-116.94,-97.30,-40.90,139.70,46.76,136.01,100.80,98.98,167.12,161.73,-76.82,-50.05,-8.52,218.0964,4.9208,4.9242,3.7482,14.3397,2.1877,1.2077,0.7297,3.5469,0.5897,5.9207,0.8325,1.8050,0.6746,4.1351
2026-08-06 10:52:54.157,4.000000,27,0,0.007508,-1.5289,165.86,0,0,0,60.0192,218.859,0.08514,1,0,0,0,0,0.007189,0.000219,0.000903,0.000099,0.001281,0.000061,0.000618,0.000113,0.000651,0.000112,0.000735,0.000109,0.000419,0.000069,0.000574,-165.86,-176.44,-117.75,-139.82,-37.03,74.11,45.46,68.13,94.93,87.30,178.57,168.12,-89.92,153.65,-10.43,218.2040,4.9456,4.9149,3.7598,14.3303,2.1925,1.2079,0.7503,3.5817,0.5999,5.9775,0.8429,1.8208,0.6965,4.1499
2026-08-06 10:52:54.157,4.016667,27,1,0.007513,-1.5334,166.40,0,0,0,60.0192,218.859,0.08514,1,0,0,0,0,0.007192,0.000206,0.000900,0.000097,0.001218,0.000053,0.000635,0.000073,0.000626,0.000061,0.000762,0.000095,0.000420,0.000020,0.000651,-166.40,-165.43,-116.31,-108.93,-37.80,92.61,49.07,32.66,94.94,69.01,175.01,92.10,-86.38,-123.56,-4.39,218.2040,4.9456,4.9149,3.7598,14.3303,2.1925,1.2079,0.7503,3.5817,0.5999,5.9775,0.8429,1.8208,0.6965,4.1499
2026-08-06 10:52:54.157,4.033333,27,2,0.007502,-1.5291,166.03,0,0,0,60.0192,218.859,0.08514,1,0,0,0,0,0.007183,0.000185,0.000877,0.000149,0.001212,0.000040,0.000651,0.000041,0.000677,0.000048,0.000773,0.000060,0.000382,0.000017,0.000582,-166.03,-165.68,-117.19,-107.75,-38.26,42.69,47.09,113.39,97.98,92.22,175.55,160.68,-83.32,97.20,-14.89,218.2040,4.9456,4.9149,3.7598,14.3303,2.1925,1.2079,0.7503,3.5817,0.5999,5.9775,0.8429,1.8208,0.6965,4.1499
2026-08-06 10:52:54.157,4.050000,27,3,0.007507,-1.5307,166.38,0,0,0,60.0192,218.859,0.08514,1,0,0,0,0,0.007179,0.000180,0.000903,0.000152,0.001225,0.000026,0.000622,0.000059,0.000722,0.000007,0.000798,0.000095,0.000400,0.000146,0.000566,-166.38,175.87,-119.85,-146.46,-35.97,-87.50,51.03,82.51,93.31,-39.67,174.22,165.10,-90.78,-165.12,-0.48,218.2040,4.9456,4.9149,3.7598,14.3303,2.1925,1.2079,0.7503,3.5817,0.5999,5.9775,0.8429,1.8208,0.6965,4.1499
2026-08-06 10:52:54.157,4.066667,27,4,0.007497,-1.5300,166.12,0,0,0,60.0192,218.859,0.08514,1,0,0,0,0,0.007174,0.000257,0.000924,0.000138,0.001254,0.000011,0.000619,0.000011,0.000709,0.000066,0.000734,0.000059,0.000332,0.000038,0.000659,-166.12,-147.80,-117.65,-111.93,-40.59,125.06,50.28,1.01,94.39,105.53,170.48,89.46,-85.35,175.74,-5.38,218.2040,4.9456,4.9149,3.7598,14.3303,2.1925,1.2079,0.7503,3.5817,0.5999,5.9775,0.8429,1.8208,0.6965,4.1499
2026-08-06 10:52:54.157,4.083333,27,5,0.007508,-1.5314,165.85,0,0,0,60.0192,218.859,0.08514,1,0,0,0,0,0.007198,0.000154,0.000950,0.000105,0.001203,0.000030,0.000627,0.000070,0.000667,0.000046,0.000722,0.000049,0.000393,0.000051,0.000612,-165.85,-143.56,-120.35,-106.34,-38.42,43.24,47.72,104.42,94.13,100.33,174.16,175.52,-78.03,-148.37,-3.45,218.2040,4.9456,4.9149,3.7598,14.3303,2.1925,1.2079,0.7503,3.5817,0.5999,5.9775,0.8429,1.8208,0.6965,4.1499
2026-08-06 10:52:54.157,4.100000,27,6,0.007539,-1.5378,166.11,0,0,0,60.0192,218.859,0.08514,1,0,0,0,0,0.007219,0.000186,0.000961,0.000159,0.001216,0.000068,0.000650,0.000118,0.000682,0.000039,0.000738,0.000068,0.000367,0.000102,0.000551,-166.11,-170.22,-116.07,-103.90,-38.59,101.71,45.84,69.46,90.56,102.50,172.41,144.49,-83.73,161.13,-1.72,218.2040,4.9456,4.9149,3.7598,14.3303,2.1925,1.2079,0.7503,3.5817,0.5999,5.9775,0.8429,1.8208,0.6965,4.1499
2026-08-06 10:52:54.157,4.116667,27,7,0.007507,-1.5316,166.14,0,0,0,60.0192,218.859,0.08514,1,0,0,0,0,0.007185,0.000244,0.000903,0.000169,0.001254,0.000014,0.000623,0.000026,0.000681,0.000129,0.000755,0.000082,0.000327,0.000041,0.000633,-166.14,-170.55,-118.12,-119.38,-37.60,46.29,47.73,81.53,91.85,103.73,171.84,114.72,-83.61,177.13,-9.20,218.2040,4.9456,4.9149,3.7598,14.3303,2.1925,1.2079,0.7503,3.5817,0.5999,5.9775,0.8429,1.8208,0.6965,4.1499
2026-08-06 10:52:54.157,4.133333,27,8,0.007605,-1.5494,166.14,0,0,0,60.0192,218.859,0.08514,1,0,0,0,0,0.007271,0.000187,0.001018,0.000113,0.001298,0.000071,0.000636,0.000041,0.000682,0.000017,0.000780,0.000028,0.000343,0.000034,0.000508,-166.14,-167.35,-118.91,-125.57,-37.48,-112.27,43.75,129.69,96.10,-28.95,172.92,-177.51,-77.69,-65.45,-9.30,218.2040,4.9456,4.9149,3.7598,14.3303,2.1925,1.2079,0.7503,3.5817,0.5999,5.9775,0.8429,1.8208,0.6965,4.1499
2026-08-06 10:52:54.157,4.150000,27,9,0.007525,-1.5349,166.50,0,0,0,60.0192,218.859,0.08514,1,0,0,0,0,0.007194,0.000180,0.000892,0.000079,0.001313,0.000052,0.000609,0.000101,0.000653,0.000074,0.000772,0.000078,0.000467,0.000135,0.000634,-166.50,-172.25,-114.48,-134.00,-37.15,71.35,45.56,78.97,93.66,106.02,173.33,146.26,-83.09,137.38,-7.23,218.2040,4.9456,4.9149,3.7598,14.3303,2.1925,1.2079,0.7503,3.5817,0.5999,5.9775,0.8429,1.8208,0.6965,4.1499
2026-08-06 10:52:54.157,4.166667,27,10,0.007506,-1.5284,166.14,0,0,0,60.0192,218.859,0.08514,1,0,0,0,0,0.007173,0.000267,0.000952,0.000142,0.001242,0.000048,0.000730,0.000071,0.000661,0.000107,0.000779,0.000068,0.000363,0.000038,0.000560,-166.14,-164.59,-121.50,-118.22,-37.36,-9.33,52.84,-5.18,95.31,70.55,177.60,75.89,-89.30,103.49,-8.41,218.2040,4.9456,4.9149,3.7598,14.3303,2.1925,1.2079,0.7503,3.5817,0.5999,5.9775,0.8429,1.8208,0.6965,4.1499
2026-08-06 10:52:54.157,4.183333,27,11,0.008021,-1.6171,165.47,0,0,0,60.0192,218.859,0.08514,1,0,0,0,0,0.007643,0.000300,0.000897,0.000178,0.001374,0.000214,0.000482,0.000398,0.000409,0.000286,0.000713,0.000281,0.000330,0.000320,0.000574,-165.47,-175.79,-130.68,-113.10,-29.78,65.00,58.86,-79.38,69.83,-69.30,-151.03,-33.25,-77.64,-148.81,-24.95,218.2040,4.9456,4.9149,3.7598,14.3303,2.1925,1.2079,0.7503,3.5817,0.5999,5.9775,0.8429,1.8208,0.6965,4.1499
2026-08-06 10:52:54.157,4.200000,27,12,0.007430,-1.4995,168.41,0,0,0,60.0192,218.859,0.08514,1,0,0,0,0,0.006970,0.000232,0.000874,0.000068,0.001292,0.000148,0.000781,0.000520,0.000832,0.000189,0.000910,0.000101,0.000235,0.000054,0.000541,-168.41,165.90,-109.07,-22.36,-39.73,-19.14,58.57,-50.19,131.63,168.42,153.90,170.51,-48.33,91.63,-21.21,218.2040,4.9456,4.9149,3.7598,14.3303,2.1925,1.2079,0.7503,3.5817,0.5999,5.9775,0.8429,1.8208,0.6965,4.1499
2026-08-06 10:52:54.157,4.216667,27,13,0.007759,-1.5751,165.95,0,0,0,60.0192,218.859,0.08514,1,0,0,0,0,0.007393,0.000342,0.001074,0.000302,0.001309,0.000164,0.000585,0.000210,0.000534,0.000120,0.000592,0.000147,0.000373,0.000131,0.000749,-165.95,-170.81,-120.75,-113.91,-43.80,-81.84,38.04,-30.45,83.96,-4.55,173.39,16.68,-65.46,60.54,7.26,218.2040,4.9456,4.9149,3.7598,14.3303,2.1925,1.2079,0.7503,3.5817,0.5999,5.9775,0.8429,1.8208,0.6965,4.1499
2026-08-06 10:52:54.157,4.233333,27,14,0.007511,-1.5298,166.20,0,0,0,60.0192,218.859,0.08514,1,0,0,0,0,0.007178,0.000178,0.000936,0.000110,0.001213,0.000012,0.000644,0.000046,0.000715,0.000026,0.000828,0.000062,0.000419,0.000034,0.000640,-166.20,-160.26,-116.60,-108.56,-36.00,-92.71,56.68,147.65,102.06,68.65,172.86,52.35,-77.66,-161.16,-7.58,218.2040,4.9456,4.9149,3.7598,14.3303,2.1925,1.2079,0.7503,3.5817,0.5999,5.9775,0.8429,1.8208,0.6965,4.1499
2026-08-06 10:52:54.157,4.250000,27,15,0.007490,-1.5278,166.06,0,0,0,60.0192,218.859,0.08514,1,0,0,0,0,0.007173,0.000193,0.000871,0.000140,0.001264,0.000055,0.000600,0.000064,0.000676,0.000009,0.000748,0.000044,0.000365,0.000059,0.000584,-166.06,-172.75,-116.15,-136.26,-37.48,48.21,47.18,73.82,95.31,132.17,173.02,144.66,-80.45,127.36,-4.63,218.2040,4.9456,4.9149,3.7598,14.3303,2.1925,1.2079,0.7503,3.5817,0.5999,5.9775,0.8429,1.8208,0.6965,4.1499
2026-08-06 10:52:54.157,4.266667,27,16,0.007538,-1.5386,166.39,0,0,0,60.0192,218.859,0.08514,1,0,0,0,0,0.007210,0.000259,0.000931,0.000076,0.001234,0.000045,0.000665,0.000057,0.000620,0.000104,0.000745,0.000107,0.000451,0.000072,0.000664,-166.39,-168.70,-118.55,-118.97,-39.26,66.23,49.18,60.54,91.73,106.74,175.43,102.26,-95.03,165.71,-2.11,218.2040,4.9456,4.9149,3.7598,14.3303,2.1925,1.2079,0.7503,3.5817,0.5999,5.9775,0.8429,1.8208,0.6965,4.1499
2026-08-06 10:52:54.157,4.283333,27,17,0.007482,-1.5258,165.95,0,0,0,60.0192,218.859,0.08514,1,0,0,0,0,0.007165,0.000175,0.000952,0.000115,0.001212,0.000071,0.000601,0.000061,0.000630,0.000020,0.000730,0.000026,0.000396,0.000020,0.000631,-165.95,-179.73,-118.83,-115.00,-39.64,144.24,46.88,109.98,98.07,144.70,-177.66,107.71,-74.62,-114.48,-4.77,218.2040,4.9456,4.9149,3.7598,14.3303,2.1925,1.2079,0.7503,3.5817,0.5999,5.9775,0.8429,1.8208,0.6965,4.1499
2026-08-06 10:52:54.157,4.300000,27,18,0.007493,-1.5268,165.97,0,0,0,60.0192,218.859,0.08514,1,0,0,0,0,0.007172,0.000215,0.000880,0.000127,0.001252,0.000058,0.000615,0.000099,0.000637,0.000061,0.000809,0.000056,0.000436,0.000087,0.000587,-165.97,-166.42,-117.71,-129.26,-37.55,57.81,46.60,78.53,96.51,107.10,172.85,-177.85,-78.32,139.82,-7.44,218.2040,4.9456,4.9149,3.7598,14.3303,2.1925,1.2079,0.7503,3.5817,0.5999,5.9775,0.8429,1.8208,0.6965,4.1499
2026-08-06 10:52:54.157,4.316667,27,19,0.007602,-1.5513,166.27,0,0,0,60.0192,218.859,0.08514,1,0,0,0,0,0.007272,0.000210,0.000924,0.000160,0.001244,0.000036,0.000627,0.000049,0.000680,0.000025,0.000769,0.000080,0.000372,0.000031,0.000661,-166.27,-172.61,-119.58,-119.69,-37.49,-6.32,45.52,-42.00,94.57,63.30,171.37,101.94,-77.66,-173.54,-1.89,218.2040,4.9456,4.9149,3.7598,14.3303,2.1925,1.2079,0.7503,3.5817,0.5999,5.9775,0.8429,1.8208,0.6965,4.1499
2026-08-06 10:52:54.157,4.333333,27,20,0.007445,-1.5245,166.11,0,0,0,60.0192,218.859,0.08514,1,0,0,0,0,0.007152,0.000221,0.000905,0.000147,0.001129,0.000034,0.000631,0.000030,0.000625,0.000035,0.000701,0.000039,0.000368,0.000045,0.000608,-166.11,-166.68,-119.68,-106.32,-38.67,-49.00,51.17,72.43,97.21,34.01,176.12,99.03,-72.68,-60.36,1.15,218.2040,4.9456,4.9149,3.7598,14.3303,2.1925,1.2079,0.7503,3.5817,0.5999,5.9775,0.8429,1.8208,0.6965,4.1499
2026-08-06 10:52:54.157,4.350000,27,21,0.007550,-1.5414,166.57,0,0,0,60.0192,218.859,0.08514,1,0,0,0,0,0.007225,0.000187,0.000898,0.000119,0.001278,0.000045,0.000574,0.000096,0.000657,0.000044,0.000773,0.000090,0.000398,0.000095,0.000635,-166.57,-164.42,-117.03,-103.44,-37.16,-37.09,44.58,59.18,95.94,170.99,173.93,147.28,-77.07,140.32,-6.70,218.2040,4.9456,4.9149,3.7598,14.3303,2.1925,1.2079,0.7503,3.5817,0.5999,5.9775,0.8429,1.8208,0.6965,4.1499
2026-08-06 10:52:54.157,4.366667,27,22,0.007568,-1.5395,165.53,0,0,0,60.0192,218.859,0.08514,1,0,0,0,0,0.007245,0.000198,0.000967,0.000133,0.001221,0.000041,0.000654,0.000074,0.000594,0.000080,0.000786,0.000032,0.000392,0.000097,0.000633,-165.53,-176.18,-117.75,-116.25,-36.00,-153.04,46.93,63.30,91.01,89.46,175.16,139.34,-74.73,145.12,-4.18,218.2040,4.9456,4.9149,3.7598,14.3303,2.1925,1.2079,0.7503,3.5817,0.5999,5.9775,0.8429,1.8208,0.6965,4.1499
2026-08-06 10:52:54.157,4.383333,27,23,0.007506,-1.5311,166.34,0,0,0,60.0192,218.859,0.08514,1,0,0,0,0,0.007177,0.000199,0.000936,0.000109,0.001209,0.000049,0.000607,0.000071,0.000664,0.000016,0.000831,0.000047,0.000411,0.000039,0.000591,-166.34,179.23,-117.87,-140.69,-36.70,47.61,47.63,127.62,97.76,-10.47,176.10,83.60,-78.48,-157.77,-8.06,218.2040,4.9456,4.9149,3.7598,14.3303,2.1925,1.2079,0.7503,3.5817,0.5999,5.9775,0.8429,1.8208,0.6965,4.1499
2026-08-06 10:52:54.157,4.400000,27,24,0.007538,-1.5360,166.00,0,0,0,60.0192,218.859,0.08514,1,0,0,0,0,0.007210,0.000212,0.000923,0.000165,0.001252,0.000024,0.000601,0.000081,0.000666,0.000029,0.000777,0.000021,0.000412,0.000082,0.000612,-166.00,-159.74,-116.09,-110.01,-38.77,45.33,47.06,58.82,98.20,95.42,175.67,110.66,-77.20,97.73,-2.31,218.2040,4.9456,4.9149,3.7598,14.3303,2.1925,1.2079,0.7503,3.5817,0.5999,5.9775,0.8429,1.8208,0.6965,4.1499
2026-08-06 10:52:54.157,4.416667,27,25,0.007508,-1.5361,166.56,0,0,0,60.0192,218.859,0.08514,1,0,0,0,0,0.007197,0.000203,0.000898,0.000094,0.001208,0.000020,0.000664,0.000059,0.000587,0.000062,0.000753,0.000047,0.000424,0.000043,0.000650,-166.56,-178.09,-117.68,-113.82,-37.35,59.53,52.41,57.52,95.02,104.87,174.68,108.45,-82.79,-173.36,-1.22,218.2040,4.9456,4.9149,3.7598,14.3303,2.1925,1.2079,0.7503,3.5817,0.5999,5.9775,0.8429,1.8208,0.6965,4.1499
2026-08-06 10:52:54.157,4.433333,27,26,0.007460,-1.5268,166.56,0,0,0,60.0192,218.859,0.08514,1,0,0,0,0,0.007149,0.000160,0.000881,0.000103,0.001202,0.000026,0.000609,0.000076,0.000626,0.000046,0.000764,0.000016,0.000445,0.000046,0.000642,-166.56,-157.86,-121.16,-128.03,-37.79,-42.69,52.35,64.30,94.90,123.63,178.39,-146.33,-73.07,-148.64,0.08,218.2040,4.9456,4.9149,3.7598,14.3303,2.1925,1.2079,0.7503,3.5817,0.5999,5.9775,0.8429,1.8208,0.6965,4.1499
2026-08-06 10:52:54.157,4.450000,27,27,0.007602,-1.5482,166.05,0,0,0,60.0192,218.859,0.08514,1,0,0,0,0,0.007270,0.000148,0.000950,0.000135,0.001270,0.000050,0.000615,0.000106,0.000664,0.000049,0.000755,0.000076,0.000400,0.000090,0.000649,-166.05,-153.75,-118.74,-105.52,-37.39,-119.54,48.35,39.63,94.64,141.98,173.06,-160.17,-77.43,179.60,-1.86,218.2040,4.9456,4.9149,3.7598,14.3303,2.1925,1.2079,0.7503,3.5817,0.5999,5.9775,0.8429,1.8208,0.6965,4.1499
2026-08-06 10:52:54.157,4.466667,27,28,0.007602,-1.5495,166.01,0,0,0,60.0192,218.859,0.08514,1,0,0,0,0,0.007274,0.000211,0.000948,0.000111,0.001237,0.000022,0.000622,0.000106,0.000643,0.000110,0.000769,0.000068,0.000435,0.000034,0.000649,-166.01,-162.82,-118.42,-135.21,-38.25,-10.87,48.15,28.09,90.97,90.84,175.78,78.65,-85.61,-176.14,-4.15,218.2040,4.9456,4.9149,3.7598,14.3303,2.1925,1.2079,0.7503,3.5817,0.5999,5.9775,0.8429,1.8208,0.6965,4.1499
2026-08-06 10:52:54.157,4.483333,27,29,0.007547,-1.5374,166.00,0,0,0,60.0192,218.859,0.08514,1,0,0,0,0,0.007221,0.000215,0.000953,0.000144,0.001220,0.000042,0.000606,0.000033,0.000627,0.000059,0.000788,0.000017,0.000411,0.000031,0.000598,-166.00,178.79,-118.88,-114.76,-34.31,-45.44,46.64,119.28,96.99,-36.43,177.40,22.02,-76.37,152.58,-4.84,218.2040,4.9456,4.9149,3.7598,14.3303,2.1925,1.2079,0.7503,3.5817,0.5999,5.9775,0.8429,1.8208,0.6965,4.1499
2026-08-06 10:52:54.447,4.500000,28,0,0.007548,-1.5385,166.05,0,0,0,60.0192,218.965,0.08526,1,0,0,0,0,0.007223,0.000200,0.000930,0.000124,0.001271,0.000023,0.000620,0.000051,0.000679,0.000052,0.000752,0.000032,0.000395,0.000093,0.000622,-166.05,-179.95,-118.90,-102.44,-36.95,40.80,46.88,49.56,95.31,29.19,176.50,137.43,-84.90,146.45,-2.85,218.3064,4.9668,4.9273,3.7815,14.3626,2.1891,1.1758,0.7506,3.5945,0.6032,5.9544,0.8365,1.9007,0.6949,4.1300
2026-08-06 10:52:54.447,4.516667,28,1,0.007529,-1.5394,166.31,0,0,0,60.0192,218.965,0.08526,1,0,0,0,0,0.007215,0.000238,0.000923,0.000087,0.001180,0.000052,0.000597,0.000085,0.000633,0.000095,0.000679,0.000068,0.000399,0.000024,0.000710,-166.31,-173.33,-118.36,-111.40,-39.73,73.53,47.66,71.09,98.25,99.49,-179.67,119.55,-79.19,-161.83,-5.23,218.3064,4.9668,4.9273,3.7815,14.3626,2.1891,1.1758,0.7506,3.5945,0.6032,5.9544,0.8365,1.9007,0.6949,4.1300
2026-08-06 10:52:54.447,4.533333,28,2,0.007519,-1.5363,166.23,0,0,0,60.0192,218.965,0.08526,1,0,0,0,0,0.007203,0.000180,0.000899,0.000085,0.001230,0.000055,0.000616,0.000065,0.000660,0.000069,0.000709,0.000076,0.000407,0.000052,0.000666,-166.23,-165.52,-116.87,-120.26,-39.25,83.02,50.77,102.81,101.20,128.34,175.94,142.06,-77.47,-135.50,-7.90,218.3064,4.9668,4.9273,3.7815,14.3626,2.1891,1.1758,0.7506,3.5945,0.6032,5.9544,0.8365,1.9007,0.6949,4.1300
2026-08-06 10:52:54.447,4.550000,28,3,0.007706,-1.5715,166.36,0,0,0,60.0192,218.965,0.08526,1,0,0,0,0,0.007351,0.000288,0.001025,0.000255,0.001182,0.000098,0.000524,0.000111,0.000628,0.000098,0.000886,0.000180,0.000468,0.000194,0.000483,-166.36,-166.71,-123.73,-139.80,-45.63,-161.11,59.22,179.83,107.29,-165.12,-178.85,-158.63,-98.36,-157.77,-16.87,218.3064,4.9668,4.9273,3.7815,14.3626,2.1891,1.1758,0.7506,3.5945,0.6032,5.9544,0.8365,1.9007,0.6949,4.1300
2026-08-06 10:52:54.447,4.566667,28,4,0.007635,-1.5570,166.07,0,0,0,60.0192,218.965,0.08526,1,0,0,0,0,0.007297,0.000370,0.000954,0.000225,0.001187,0.000051,0.000634,0.000052,0.000626,0.000122,0.000812,0.000122,0.000339,0.000078,0.000536,-166.07,-167.53,-124.07,-141.63,-41.30,153.72,55.50,-132.95,100.80,126.72,175.83,135.45,-95.74,175.26,-1.43,218.3064,4.9668,4.9273,3.7815,14.3626,2.1891,1.1758,0.7506,3.5945,0.6032,5.9544,0.8365,1.9007,0.6949,4.1300
2026-08-06 10:52:54.447,4.583333,28,5,0.007469,-1.5230,166.08,0,0,0,60.0192,218.965,0.08526,1,0,0,0,0,0.007148,0.000215,0.000927,0.000182,0.001235,0.000041,0.000626,0.000047,0.000618,0.000046,0.000780,0.000050,0.000390,0.000018,0.000576,-166.08,-171.30,-119.42,-114.82,-37.34,14.15,49.93,138.72,97.94,-4.65,174.98,86.28,-69.04,68.97,-1.76,218.3064,4.9668,4.9273,3.7815,14.3626,2.1891,1.1758,0.7506,3.5945,0.6032,5.9544,0.8365,1.9007,0.6949,4.1300
2026-08-06 10:52:54.447,4.600000,28,6,0.007496,-1.5324,166.38,0,0,0,60.0192,218.965,0.08526,1,0,0,0,0,0.007182,0.000183,0.000913,0.000142,0.001226,0.000025,0.000601,0.000079,0.000673,0.000029,0.000772,0.000036,0.000369,0.000089,0.000589,-166.38,-154.68,-118.14,-107.86,-36.19,-90.66,51.97,62.17,94.76,9.83,172.94,-164.74,-81.50,127.99,0.61,218.3064,4.9668,4.9273,3.7815,14.3626,2.1891,1.1758,0.7506,3.5945,0.6032,5.9544,0.8365,1.9007,0.6949,4.1300
2026-08-06 10:52:54.447,4.616667,28,7,0.007567,-1.5451,166.18,0,0,0,60.0192,218.965,0.08526,1,0,0,0,0,0.007244,0.000229,0.000914,0.000147,0.001269,0.000033,0.000638,0.000068,0.000630,0.000049,0.000706,0.000039,0.000323,0.000011,0.000660,-166.18,-160.57,-119.40,-112.81,-38.69,30.31,48.98,-23.23,92.86,103.55,174.46,97.59,-80.26,-73.15,-1.77,218.3064,4.9668,4.9273,3.7815,14.3626,2.1891,1.1758,0.7506,3.5945,0.6032,5.9544,0.8365,1.9007,0.6949,4.1300
2026-08-06 10:52:54.447,4.633333,28,8,0.007541,-1.5398,166.10,0,0,0,60.0192,218.965,0.08526,1,0,0,0,0,0.007226,0.000179,0.000919,0.000063,0.001203,0.000010,0.000608,0.000037,0.000640,0.000040,0.000777,0.000040,0.000393,0.000025,0.000615,-166.10,-178.27,-120.48,-101.66,-37.95,85.46,46.64,113.98,100.41,131.11,177.57,104.02,-73.34,-85.49,-8.13,218.3064,4.9668,4.9273,3.7815,14.3626,2.1891,1.1758,0.7506,3.5945,0.6032,5.9544,0.8365,1.9007,0.6949,4.1300
2026-08-06 10:52:54.447,4.650000,28,9,0.007461,-1.5241,166.24,0,0,0,60.0192,218.965,0.08526,1,0,0,0,0,0.007146,0.000168,0.000888,0.000064,0.001263,0.000043,0.000578,0.000048,0.000622,0.000056,0.000755,0.000030,0.000415,0.000097,0.000643,-166.24,-159.83,-118.09,-114.80,-37.49,101.38,48.14,99.15,98.40,119.54,174.25,132.85,-80.82,105.30,-2.55,218.3064,4.9668,4.9273,3.7815,14.3626,2.1891,1.1758,0.7506,3.5945,0.6032,5.9544,0.8365,1.9007,0.6949,4.1300
2026-08-06 10:52:54.447,4.666667,28,10,0.007535,-1.5330,165.69,0,0,0,60.0192,218.965,0.08526,1,0,0,0,0,0.007204,0.000228,0.000941,0.000092,0.001242,0.000016,0.000670,0.000043,0.000675,0.000122,0.000747,0.000074,0.000366,0.000026,0.000642,-165.69,-169.68,-114.57,-128.75,-38.03,-132.45,47.52,-85.69,95.33,104.30,173.98,151.74,-85.29,-38.05,-0.93,218.3064,4.9668,4.9273,3.7815,14.3626,2.1891,1.1758,0.7506,3.5945,0.6032,5.9544,0.8365,1.9007,0.6949,4.1300
2026-08-06 10:52:54.447,4.683333,28,11,0.007545,-1.5425,166.36,0,0,0,60.0192,218.965,0.08526,1,0,0,0,0,0.007232,0.000209,0.000928,0.000158,0.001207,0.000003,0.000560,0.000025,0.000623,0.000026,0.000742,0.000059,0.000437,0.000065,0.000662,-166.36,-174.26,-118.77,-107.59,-36.79,-142.07,46.55,-133.16,98.23,-128.14,-178.32,113.18,-71.77,-148.75,-5.80,218.3064,4.9668,4.9273,3.7815,14.3626,2.1891,1.1758,0.7506,3.5945,0.6032,5.9544,0.8365,1.9007,0.6949,4.1300
2026-08-06 10:52:54.447,4.700000,28,12,0.007534,-1.5405,166.61,0,0,0,60.0192,218.965,0.08526,1,0,0,0,0,0.007213,0.000191,0.000911,0.000100,0.001292,0.000064,0.000592,0.000120,0.000632,0.000062,0.000728,0.000073,0.000414,0.000097,0.000635,-166.61,-169.28,-116.61,-98.99,-39.56,85.77,47.16,65.80,97.99,121.40,176.85,167.64,-86.67,137.71,-3.44,218.3064,4.9668,4.9273,3.7815,14.3626,2.1891,1.1758,0.7506,3.5945,0.6032,5.9544,0.8365,1.9007,0.6949,4.1300
2026-08-06 10:52:54.447,4.716667,28,13,0.007510,-1.5307,166.07,0,0,0,60.0192,218.965,0.08526,1,0,0,0,0,0.007183,0.000235,0.000919,0.000135,0.001284,0.000055,0.000640,0.000062,0.000585,0.000105,0.000696,0.000080,0.000373,0.000046,0.000683,-166.07,-166.93,-120.70,-106.23,-39.67,68.87,44.42,30.54,94.23,109.98,175.58,106.91,-82.98,151.34,-6.45,218.3064,4.9668,4.9273,3.7815,14.3626,2.1891,1.1758,0.7506,3.5945,0.6032,5.9544,0.8365,1.9007,0.6949,4.1300
2026-08-06 10:52:54.447,4.733333,28,14,0.007467,-1.5251,166.12,0,0,0,60.0192,218.965,0.08526,1,0,0,0,0,0.007158,0.000222,0.000930,0.000099,0.001238,0.000046,0.000627,0.000065,0.000594,0.000032,0.000767,0.000078,0.000352,0.000038,0.000512,-166.12,-170.80,-119.43,-106.11,-36.03,84.43,41.71,84.32,95.15,101.19,173.45,94.63,-83.10,125.27,-8.48,218.3064,4.9668,4.9273,3.7815,14.3626,2.1891,1.1758,0.7506,3.5945,0.6032,5.9544,0.8365,1.9007,0.6949,4.1300
2026-08-06 10:52:54.447,4.750000,28,15,0.007529,-1.5356,166.21,0,0,0,60.0192,218.965,0.08526,1,0,0,0,0,0.007203,0.000236,0.000946,0.000140,0.001283,0.000033,0.000626,0.000070,0.000641,0.000053,0.000792,0.000097,0.000387,0.000120,0.000556,-166.21,-158.11,-118.35,-108.78,-37.81,-29.90,46.92,105.36,89.66,115.38,178.75,159.02,-83.55,-175.96,-0.82,218.3064,4.9668,4.9273,3.7815,14.3626,2.1891,1.1758,0.7506,3.5945,0.6032,5.9544,0.8365,1.9007,0.6949,4.1300
2026-08-06 10:52:54.447,4.766667,28,16,0.007557,-1.5433,166.17,0,0,0,60.0192,218.965,0.08526,1,0,0,0,0,0.007237,0.000237,0.000938,0.000138,0.001225,0.000032,0.000638,0.000045,0.000586,0.000091,0.000746,0.000074,0.000333,0.000048,0.000600,-166.17,-179.22,-119.37,-104.67,-40.79,49.27,46.57,4.65,95.54,104.07,174.55,109.78,-85.81,168.01,-1.11,218.3064,4.9668,4.9273,3.7815,14.3626,2.1891,1.1758,0.7506,3.5945,0.6032,5.9544,0.8365,1.9007,0.6949,4.1300
2026-08-06 10:52:54.447,4.783333,28,17,0.007465,-1.5261,166.09,0,0,0,60.0192,218.965,0.08526,1,0,0,0,0,0.007164,0.000193,0.000850,0.000150,0.001204,0.000048,0.000636,0.000007,0.000594,0.000055,0.000770,0.000053,0.000407,0.000019,0.000603,-166.09,171.63,-120.35,-113.42,-36.68,20.77,47.07,-51.37,100.40,85.87,176.83,65.33,-72.78,-5.84,-7.01,218.3064,4.9668,4.9273,3.7815,14.3626,2.1891,1.1758,0.7506,3.5945,0.6032,5.9544,0.8365,1.9007,0.6949,4.1300
2026-08-06 10:52:54.447,4.800000,28,18,0.007529,-1.5353,165.97,0,0,0,60.0192,218.965,0.08526,1,0,0,0,0,0.007208,0.000172,0.000941,0.000091,0.001243,0.000032,0.000584,0.000100,0.000685,0.000031,0.000776,0.000068,0.000411,0.000065,0.000602,-165.97,-167.23,-119.51,-114.14,-36.26,134.49,48.98,115.38,96.09,172.66,172.56,-149.88,-83.71,153.42,-3.17,218.3064,4.9668,4.9273,3.7815,14.3626,2.1891,1.1758,0.7506,3.5945,0.6032,5.9544,0.8365,1.9007,0.6949,4.1300
2026-08-06 10:52:54.447,4.816667,28,19,0.007561,-1.5412,165.83,0,0,0,60.0192,218.965,0.08526,1,0,0,0,0,0.007239,0.000217,0.000921,0.000128,0.001238,0.000043,0.000671,0.000057,0.000601,0.000127,0.000735,0.000052,0.000399,0.000091,0.000572,-165.83,-168.85,-119.44,-117.52,-40.55,32.92,49.92,16.77,88.84,82.06,175.36,141.48,-88.74,139.31,-0.48,218.3064,4.9668,4.9273,3.7815,14.3626,2.1891,1.1758,0.7506,3.5945,0.6032,5.9544,0.8365,1.9007,0.6949,4.1300
2026-08-06 10:52:54.447,4.833333,28,20,0.007546,-1.5407,166.15,0,0,0,60.0192,218.965,0.08526,1,0,0,0,0,0.007231,0.000189,0.000916,0.000124,0.001234,0.000009,0.000627,0.000055,0.000645,0.000056,0.000733,0.000073,0.000408,0.000044,0.000622,-166.15,168.49,-119.82,-108.48,-37.50,-11.11,51.00,109.55,96.16,46.16,177.30,144.61,-76.99,120.30,-5.30,218.3064,4.9668,4.9273,3.7815,14.3626,2.1891,1.1758,0.7506,3.5945,0.6032,5.9544,0.8365,1.9007,0.6949,4.1300
2026-08-06 10:52:54.447,4.850000,28,21,0.007496,-1.5350,166.70,0,0,0,60.0192,218.965,0.08526,1,0,0,0,0,0.007184,0.000159,0.000939,0.000090,0.001219,0.000042,0.000620,0.000092,0.000645,0.000046,0.000735,0.000071,0.000359,0.000095,0.000620,-166.70,-159.66,-119.09,-101.21,-37.88,77.66,51.34,98.61,92.34,-156.32,176.02,-175.85,-77.62,-168.09,-2.68,218.3064,4.9668,4.9273,3.7815,14.3626,2.1891,1.1758,0.7506,3.5945,0.6032,5.9544,0.8365,1.9007,0.6949,4.1300
2026-08-06 10:52:54.447,4.866667,28,22,0.007475,-1.5231,165.99,0,0,0,60.0192,218.965,0.08526,1,0,0,0,0,0.007151,0.000231,0.000920,0.000114,0.001247,0.000005,0.000658,0.000053,0.000641,0.000101,0.000710,0.000139,0.000375,0.000066,0.000639,-165.99,-162.70,-117.63,-106.43,-37.53,172.57,47.85,40.63,89.33,105.60,174.50,147.69,-83.39,-167.50,-3.11,218.3064,4.9668,4.9273,3.7815,14.3626,2.1891,1.1758,0.7506,3.5945,0.6032,5.9544,0.8365,1.9007,0.6949,4.1300
2026-08-06 10:52:54.447,4.883333,28,23,0.007571,-1.5425,165.87,0,0,0,60.0192,218.965,0.08526,1,0,0,0,0,0.007240,0.000265,0.000977,0.000176,0.001222,0.000015,0.000618,0.000019,0.000649,0.000054,0.000757,0.000042,0.000427,0.000023,0.000646,-165.87,-165.49,-117.06,-111.30,-38.77,-87.49,47.82,123.80,99.71,13.76,175.51,29.98,-75.37,2.60,-7.44,218.3064,4.9668,4.9273,3.7815,14.3626,2.1891,1.1758,0.7506,3.5945,0.6032,5.9544,0.8365,1.9007,0.6949,4.1300
2026-08-06 10:52:54.447,4.900000,28,24,0.007555,-1.5383,165.87,0,0,0,60.0192,218.965,0.08526,1,0,0,0,0,0.007227,0.000205,0.000954,0.000087,0.001255,0.000032,0.000631,0.000139,0.000657,0.000056,0.000802,0.000066,0.000424,0.000116,0.000519,-165.87,-162.17,-115.88,-119.51,-37.15,116.47,46.19,70.15,93.70,130.49,171.84,179.55,-92.47,139.18,-5.15,218.3064,4.9668,4.9273,3.7815,14.3626,2.1891,1.1758,0.7506,3.5945,0.6032,5.9544,0.8365,1.9007,0.6949,4.1300
2026-08-06 10:52:54.447,4.916667,28,25,0.007569,-1.5445,165.83,0,0,0,60.0192,218.965,0.08526,1,0,0,0,0,0.007253,0.000249,0.000882,0.000167,0.001266,0.000020,0.000628,0.000053,0.000597,0.000140,0.000743,0.000142,0.000387,0.000090,0.000617,-165.83,-170.13,-116.89,-112.29,-39.75,55.12,41.90,28.79,93.49,104.36,175.18,156.64,-78.11,144.87,-4.98,218.3064,4.9668,4.9273,3.7815,14.3626,2.1891,1.1758,0.7506,3.5945,0.6032,5.9544,0.8365,1.9007,0.6949,4.1300
2026-08-06 10:52:54.447,4.933333,28,26,0.007578,-1.5490,166.30,0,0,0,60.0192,218.965,0.08526,1,0,0,0,0,0.007257,0.000278,0.000934,0.000133,0.001265,0.000033,0.000570,0.000031,0.000628,0.000020,0.000714,0.000065,0.000403,0.000014,0.000610,-166.30,-162.45,-118.07,-122.64,-40.23,-107.49,40.76,-34.42,93.56,99.26,176.12,114.27,-72.87,-85.19,-2.44,218.3064,4.9668,4.9273,3.7815,14.3626,2.1891,1.1758,0.7506,3.5945,0.6032,5.9544,0.8365,1.9007,0.6949,4.1300
2026-08-06 10:52:54.447,4.950000,28,27,0.007548,-1.5413,166.32,0,0,0,60.0192,218.965,0.08526,1,0,0,0,0,0.007227,0.000147,0.000877,0.000114,0.001284,0.000065,0.000642,0.000111,0.000618,0.000063,0.000781,0.000070,0.000410,0.000101,0.000598,-166.32,-170.52,-118.89,-122.17,-36.34,82.05,48.41,78.49,95.61,137.54,173.20,-174.71,-77.45,158.90,-6.63,218.3064,4.9668,4.9273,3.7815,14.3626,2.1891,1.1758,0.7506,3.5945,0.6032,5.9544,0.8365,1.9007,0.6949,4.1300
2026-08-06 10:52:54.447,4.966667,28,28,0.007530,-1.5364,166.14,0,0,0,60.0192,218.965,0.08526,1,0,0,0,0,0.007208,0.000194,0.000924,0.000115,0.001301,0.000053,0.000665,0.000094,0.000617,0.000116,0.000710,0.000092,0.000377,0.000028,0.000566,-166.14,-166.35,-121.87,-115.60,-38.73,37.26,46.43,43.96,86.37,113.54,173.80,116.00,-79.30,120.45,-1.79,218.3064,4.9668,4.9273,3.7815,14.3626,2.1891,1.1758,0.7506,3.5945,0.6032,5.9544,0.8365,1.9007,0.6949,4.1300
2026-08-06 10:52:54.447,4.983333,28,29,0.007495,-1.5271,165.94,0,0,0,60.0192,218.965,0.08526,1,0,0,0,0,0.007165,0.000178,0.000919,0.000151,0.001251,0.000024,0.000599,0.000019,0.000669,0.000040,0.000766,0.000037,0.000395,0.000054,0.000604,-165.94,-152.91,-122.52,-122.92,-39.04,-49.48,46.50,162.41,90.13,70.11,174.24,111.52,-77.50,84.54,-1.98,218.3064,4.9668,4.9273,3.7815,14.3626,2.1891,1.1758,0.7506,3.5945,0.6032,5.9544,0.8365,1.9007,0.6949,4.1300
2026-08-06 10:52:54.665,5.000000,29,0,0.007483,-1.5301,166.40,0,0,0,60.0192,218.927,0.08520,1,0,0,0,0,0.007169,0.000223,0.000883,0.000138,0.001253,0.000009,0.000624,0.000085,0.000657,0.000024,0.000766,0.000014,0.000372,0.000079,0.000569,-166.40,-161.10,-116.98,-115.04,-37.03,17.54,47.11,79.20,92.15,-174.14,171.56,103.57,-84.14,121.13,-2.32,218.2697,4.9434,4.9281,3.7735,14.3675,2.2128,1.1499,0.7660,3.5366,0.5814,5.9692,0.8307,1.9103,0.6891,4.0954
2026-08-06 10:52:54.665,5.016667,29,1,0.007562,-1.5460,166.15,0,0,0,60.0192,218.927,0.08520,1,0,0,0,0,0.007251,0.000159,0.000965,0.000142,0.001221,0.000037,0.000583,0.000070,0.000607,0.000089,0.000736,0.000113,0.000320,0.000060,0.000563,-166.15,-163.24,-117.63,-112.28,-40.57,67.74,46.30,16.35,93.85,103.28,171.50,136.68,-74.36,-178.35,-0.01,218.2697,4.9434,4.9281,3.7735,14.3675,2.2128,1.1499,0.7660,3.5366,0.5814,5.9692,0.8307,1.9103,0.6891,4.0954
2026-08-06 10:52:54.665,5.033333,29,2,0.007558,-1.5432,166.09,0,0,0,60.0192,218.927,0.08520,1,0,0,0,0,0.007242,0.000247,0.000946,0.000121,0.001234,0.000031,0.000637,0.000073,0.000593,0.000048,0.000741,0.000030,0.000325,0.000049,0.000587,-166.09,-163.94,-117.29,-122.77,-38.88,38.86,48.01,-92.30,89.26,65.46,179.69,1.08,-71.10,13.12,-6.14,218.2697,4.9434,4.9281,3.7735,14.3675,2.2128,1.1499,0.7660,3.5366,0.5814,5.9692,0.8307,1.9103,0.6891,4.0954
2026-08-06 10:52:54.665,5.050000,29,3,0.007545,-1.5375,166.25,0,0,0,60.0192,218.927,0.08520,1,0,0,0,0,0.007209,0.000183,0.000943,0.000140,0.001285,0.000018,0.000616,0.000108,0.000676,0.000049,0.000786,0.000067,0.000372,0.000052,0.000574,-166.25,170.60,-119.02,-119.67,-35.54,-31.11,49.72,76.86,90.54,99.75,171.38,82.08,-85.57,140.33,-4.50,218.2697,4.9434,4.9281,3.7735,14.3675,2.2128,1.1499,0.7660,3.5366,0.5814,5.9692,0.8307,1.9103,0.6891,4.0954
2026-08-06 10:52:54.665,5.066667,29,4,0.007562,-1.5429,166.49,0,0,0,60.0192,218.927,0.08520,1,0,0,0,0,0.007225,0.000222,0.000932,0.000109,0.001293,0.000023,0.000645,0.000116,0.000631,0.000049,0.000730,0.000034,0.000367,0.000040,0.000659,-166.49,-170.96,-120.05,-131.97,-37.90,-28.40,50.78,12.05,93.57,107.38,170.64,46.12,-94.74,150.76,-4.09,218.2697,4.9434,4.9281,3.7735,14.3675,2.2128,1.1499,0.7660,3.5366,0.5814,5.9692,0.8307,1.9103,0.6891,4.0954
2026-08-06 10:52:54.665,5.083333,29,5,0.007525,-1.5359,166.05,0,0,0,60.0192,218.927,0.08520,1,0,0,0,0,0.007210,0.000232,0.000906,0.000135,0.001203,0.000016,0.000608,0.000017,0.000649,0.000045,0.000765,0.000030,0.000380,0.000030,0.000554,-166.05,-160.07,-117.55,-126.62,-37.46,-19.79,47.44,-171.92,95.67,-24.08,177.75,78.05,-80.49,74.99,-3.44,218.2697,4.9434,4.9281,3.7735,14.3675,2.2128,1.1499,0.7660,3.5366,0.5814,5.9692,0.8307,1.9103,0.6891,4.0954
2026-08-06 10:52:54.665,5.100000,29,6,0.007532,-1.5356,165.97,0,0,0,60.0192,218.927,0.08520,1,0,0,0,0,0.007206,0.000213,0.000907,0.000152,0.001238,0.000043,0.000640,0.000060,0.000734,0.000026,0.000751,0.000039,0.000317,0.000063,0.000599,-165.97,179.15,-118.32,-95.39,-38.25,74.70,47.45,115.23,98.70,-149.59,171.33,-159.31,-85.87,-170.30,-2.81,218.2697,4.9434,4.9281,3.7735,14.3675,2.2128,1.1499,0.7660,3.5366,0.5814,5.9692,0.8307,1.9103,0.6891,4.0954
2026-08-06 10:52:54.665,5.116667,29,7,0.007476,-1.5219,165.65,0,0,0,60.0192,218.927,0.08520,1,0,0,0,0,0.007154,0.000256,0.000902,0.000084,0.001254,0.000034,0.000613,0.000049,0.000602,0.000110,0.000715,0.000132,0.000394,0.000023,0.000663,-165.65,179.74,-118.04,-118.24,-38.60,95.57,40.83,90.44,93.44,106.95,175.83,138.40,-76.74,123.81,-3.97,218.2697,4.9434,4.9281,3.7735,14.3675,2.2128,1.1499,0.7660,3.5366,0.5814,5.9692,0.8307,1.9103,0.6891,4.0954
2026-08-06 10:52:54.665,5.133333,29,8,0.007524,-1.5414,166.05,0,0,0,60.0192,218.927,0.08520,1,0,0,0,0,0.007226,0.000245,0.000952,0.000207,0.001168,0.000024,0.000641,0.000042,0.000675,0.000042,0.000701,0.000012,0.000297,0.000040,0.000560,-166.05,-161.96,-119.08,-105.13,-41.53,67.04,47.41,-3.11,95.06,42.50,173.87,121.75,-76.89,-118.03,-4.10,218.2697,4.9434,4.9281,3.7735,14.3675,2.2128,1.1499,0.7660,3.5366,0.5814,5.9692,0.8307,1.9103,0.6891,4.0954
2026-08-06 10:52:54.665,5.150000,29,9,0.007570,-1.5388,165.36,0,0,0,60.0192,218.927,0.08520,1,0,0,0,0,0.007244,0.000149,0.000960,0.000109,0.001209,0.000047,0.000630,0.000076,0.000703,0.000040,0.000775,0.000062,0.000389,0.000073,0.000585,-165.36,-162.01,-117.43,-129.44,-36.83,164.45,46.59,92.47,88.88,154.73,169.54,-137.93,-83.57,-158.19,-0.64,218.2697,4.9434,4.9281,3.7735,14.3675,2.2128,1.1499,0.7660,3.5366,0.5814,5.9692,0.8307,1.9103,0.6891,4.0954
2026-08-06 10:52:54.665,5.166667,29,10,0.007496,-1.5275,166.02,0,0,0,60.0192,218.927,0.08520,1,0,0,0,0,0.007169,0.000226,0.000911,0.000163,0.001229,0.000042,0.000659,0.000086,0.000644,0.000098,0.000734,0.000106,0.000354,0.000069,0.000580,-166.02,-163.17,-119.35,-109.03,-38.64,78.10,50.46,33.85,94.34,106.27,171.26,126.20,-90.42,160.79,-4.78,218.2697,4.9434,4.9281,3.7735,14.3675,2.2128,1.1499,0.7660,3.5366,0.5814,5.9692,0.8307,1.9103,0.6891,4.0954
2026-08-06 10:52:54.665,5.183333,29,11,0.007492,-1.5279,165.81,0,0,0,60.0192,218.927,0.08520,1,0,0,0,0,0.007174,0.000262,0.000949,0.000182,0.001235,0.000005,0.000611,0.000017,0.000585,0.000080,0.000736,0.000095,0.000370,0.000084,0.000586,-165.81,-167.97,-116.68,-108.65,-40.59,-71.01,42.16,-116.29,97.34,75.99,177.32,87.27,-72.77,55.43,-6.31,218.2697,4.9434,4.9281,3.7735,14.3675,2.2128,1.1499,0.7660,3.5366,0.5814,5.9692,0.8307,1.9103,0.6891,4.0954
2026-08-06 10:52:54.665,5.200000,29,12,0.007568,-1.5421,166.04,0,0,0,60.0192,218.927,0.08520,1,0,0,0,0,0.007236,0.000247,0.000949,0.000110,0.001260,0.000023,0.000620,0.000083,0.000654,0.000043,0.000774,0.000012,0.000428,0.000060,0.000600,-166.04,-167.70,-117.19,-126.70,-38.07,163.51,44.28,75.51,92.82,135.79,173.34,164.31,-92.99,165.03,-6.73,218.2697,4.9434,4.9281,3.7735,14.3675,2.2128,1.1499,0.7660,3.5366,0.5814,5.9692,0.8307,1.9103,0.6891,4.0954
2026-08-06 10:52:54.665,5.216667,29,13,0.007476,-1.5300,166.57,0,0,0,60.0192,218.927,0.08520,1,0,0,0,0,0.007170,0.000203,0.000866,0.000103,0.001207,0.000042,0.000598,0.000096,0.000618,0.000055,0.000703,0.000141,0.000375,0.000091,0.000611,-166.57,-170.27,-118.69,-125.66,-36.98,52.23,46.01,38.18,94.89,92.38,174.06,141.57,-72.23,164.77,0.24,218.2697,4.9434,4.9281,3.7735,14.3675,2.2128,1.1499,0.7660,3.5366,0.5814,5.9692,0.8307,1.9103,0.6891,4.0954
2026-08-06 10:52:54.665,5.233333,29,14,0.007520,-1.5341,165.91,0,0,0,60.0192,218.927,0.08520,1,0,0,0,0,0.007203,0.000222,0.000886,0.000149,0.001247,0.000020,0.000653,0.000012,0.000651,0.000043,0.000725,0.000041,0.000378,0.000033,0.000632,-165.91,-173.73,-116.81,-126.50,-39.72,66.81,47.42,-161.73,93.15,64.62,175.18,136.65,-78.04,122.48,-7.76,218.2697,4.9434,4.9281,3.7735,14.3675,2.2128,1.1499,0.7660,3.5366,0.5814,5.9692,0.8307,1.9103,0.6891,4.0954
2026-08-06 10:52:54.665,5.250000,29,15,0.007513,-1.5344,166.18,0,0,0,60.0192,218.927,0.08520,1,0,0,0,0,0.007203,0.000179,0.000929,0.000109,0.001196,0.000059,0.000596,0.000093,0.000700,0.000036,0.000742,0.000012,0.000364,0.000076,0.000567,-166.18,-169.17,-116.50,-111.88,-37.03,80.95,49.90,89.44,95.71,28.42,177.68,-128.67,-79.37,-165.27,-2.92,218.2697,4.9434,4.9281,3.7735,14.3675,2.2128,1.1499,0.7660,3.5366,0.5814,5.9692,0.8307,1.9103,0.6891,4.0954
2026-08-06 10:52:54.665,5.266667,29,16,0.007542,-1.5389,166.09,0,0,0,60.0192,218.927,0.08520,1,0,0,0,0,0.007226,0.000201,0.000939,0.000127,0.001219,0.000014,0.000642,0.000072,0.000685,0.000042,0.000711,0.000071,0.000341,0.000078,0.000603,-166.09,-162.51,-114.94,-103.42,-36.52,128.61,48.04,43.02,89.01,113.12,171.13,174.47,-87.75,-136.02,2.28,218.2697,4.9434,4.9281,3.7735,14.3675,2.2128,1.1499,0.7660,3.5366,0.5814,5.9692,0.8307,1.9103,0.6891,4.0954
2026-08-06 10:52:54.665,5.283333,29,17,0.007523,-1.5354,166.24,0,0,0,60.0192,218.927,0.08520,1,0,0,0,0,0.007200,0.000217,0.000896,0.000129,0.001233,0.000035,0.000677,0.000033,0.000675,0.000015,0.000769,0.000049,0.000353,0.000023,0.000585,-166.24,-167.38,-117.61,-105.15,-38.55,88.41,50.19,-119.16,99.36,85.03,176.87,56.79,-77.78,131.81,-7.49,218.2697,4.9434,4.9281,3.7735,14.3675,2.2128,1.1499,0.7660,3.5366,0.5814,5.9692,0.8307,1.9103,0.6891,4.0954
2026-08-06 10:52:54.665,5.300000,29,18,0.007514,-1.5335,166.12,0,0,0,60.0192,218.927,0.08520,1,0,0,0,0,0.007192,0.000226,0.000985,0.000145,0.001222,0.000009,0.000583,0.000076,0.000664,0.000044,0.000734,0.000008,0.000356,0.000097,0.000611,-166.12,-164.08,-118.76,-108.48,-38.84,48.45,48.81,84.89,93.90,-152.55,172.55,-99.69,-81.54,-121.50,-0.69,218.2697,4.9434,4.9281,3.7735,14.3675,2.2128,1.1499,0.7660,3.5366,0.5814,5.9692,0.8307,1.9103,0.6891,4.0954
2026-08-06 10:52:54.665,5.316667,29,19,0.007583,-1.5454,165.92,0,0,0,60.0192,218.927,0.08520,1,0,0,0,0,0.007258,0.000242,0.000926,0.000157,0.001316,0.000027,0.000616,0.000103,0.000649,0.000138,0.000723,0.000146,0.000351,0.000095,0.000593,-165.92,-157.44,-116.27,-106.70,-36.92,75.06,40.32,14.17,92.62,114.54,171.56,142.40,-71.05,169.76,-4.80,218.2697,4.9434,4.9281,3.7735,14.3675,2.2128,1.1499,0.7660,3.5366,0.5814,5.9692,0.8307,1.9103,0.6891,4.0954
2026-08-06 10:52:54.665,5.333333,29,20,0.007571,-1.5437,165.88,0,0,0,60.0192,218.927,0.08520,1,0,0,0,0,0.007251,0.000191,0.000930,0.000123,0.001254,0.000034,0.000645,0.000034,0.000614,0.000120,0.000732,0.000075,0.000335,0.000067,0.000589,-165.88,-173.88,-118.33,-114.88,-38.99,36.08,44.97,-79.64,94.24,71.15,178.21,139.20,-79.74,145.72,-6.11,218.2697,4.9434,4.9281,3.7735,14.3675,2.2128,1.1499,0.7660,3.5366,0.5814,5.9692,0.8307,1.9103,0.6891,4.0954
2026-08-06 10:52:54.665,5.350000,29,21,0.007517,-1.5351,166.49,0,0,0,60.0192,218.927,0.08520,1,0,0,0,0,0.007195,0.000158,0.000903,0.000134,0.001222,0.000050,0.000604,0.000072,0.000688,0.000022,0.000790,0.000014,0.000377,0.000073,0.000563,-166.49,-157.23,-119.91,-119.31,-36.63,-61.97,48.67,15.68,95.01,-142.88,171.15,132.65,-79.91,168.52,2.09,218.2697,4.9434,4.9281,3.7735,14.3675,2.2128,1.1499,0.7660,3.5366,0.5814,5.9692,0.8307,1.9103,0.6891,4.0954
2026-08-06 10:52:54.665,5.366667,29,22,0.007560,-1.5406,166.15,0,0,0,60.0192,218.927,0.08520,1,0,0,0,0,0.007227,0.000205,0.000970,0.000154,0.001265,0.000015,0.000605,0.000085,0.000599,0.000068,0.000712,0.000102,0.000449,0.000089,0.000643,-166.15,-157.57,-116.05,-143.08,-38.35,129.38,44.22,13.20,91.88,136.52,173.03,132.89,-78.93,139.25,-2.34,218.2697,4.9434,4.9281,3.7735,14.3675,2.2128,1.1499,0.7660,3.5366,0.5814,5.9692,0.8307,1.9103,0.6891,4.0954
2026-08-06 10:52:54.665,5.383333,29,23,0.007515,-1.5345,166.41,0,0,0,60.0192,218.927,0.08520,1,0,0,0,0,0.007193,0.000265,0.000895,0.000129,0.001191,0.000040,0.000654,0.000042,0.000649,0.000033,0.000746,0.000067,0.000363,0.000066,0.000659,-166.41,179.55,-119.73,-140.85,-35.44,-69.07,49.87,-51.21,98.29,146.68,176.08,111.46,-80.48,-139.09,-5.22,218.2697,4.9434,4.9281,3.7735,14.3675,2.2128,1.1499,0.7660,3.5366,0.5814,5.9692,0.8307,1.9103,0.6891,4.0954
2026-08-06 10:52:54.665,5.400000,29,24,0.007487,-1.5265,166.09,0,0,0,60.0192,218.927,0.08520,1,0,0,0,0,0.007165,0.000214,0.000938,0.000121,0.001203,0.000052,0.000638,0.000047,0.000644,0.000014,0.000759,0.000045,0.000417,0.000065,0.000594,-166.09,-178.22,-119.79,-116.63,-37.79,136.61,48.68,78.61,94.44,160.14,172.36,39.99,-83.05,-157.87,-4.02,218.2697,4.9434,4.9281,3.7735,14.3675,2.2128,1.1499,0.7660,3.5366,0.5814,5.9692,0.8307,1.9103,0.6891,4.0954
2026-08-06 10:52:54.665,5.416667,29,25,0.007585,-1.5443,165.85,0,0,0,60.0192,218.927,0.08520,1,0,0,0,0,0.007259,0.000187,0.000969,0.000117,0.001263,0.000030,0.000661,0.000062,0.000627,0.000088,0.000743,0.000073,0.000403,0.000011,0.000631,-165.85,-167.76,-118.11,-122.44,-38.15,-7.02,48.13,46.73,93.26,100.99,172.69,137.13,-85.12,113.28,-1.64,218.2697,4.9434,4.9281,3.7735,14.3675,2.2128,1.1499,0.7660,3.5366,0.5814,5.9692,0.8307,1.9103,0.6891,4.0954
2026-08-06 10:52:54.665,5.433333,29,26,0.007520,-1.5347,166.18,0,0,0,60.0192,218.927,0.08520,1,0,0,0,0,0.007200,0.000187,0.000948,0.000173,0.001246,0.000068,0.000651,0.000012,0.000610,0.000100,0.000751,0.000102,0.000343,0.000067,0.000628,-166.18,-169.08,-116.12,-123.17,-39.30,24.78,45.49,120.52,92.36,108.24,174.29,102.11,-78.52,148.97,-8.06,218.2697,4.9434,4.9281,3.7735,14.3675,2.2128,1.1499,0.7660,3.5366,0.5814,5.9692,0.8307,1.9103,0.6891,4.0954
2026-08-06 10:52:54.665,5.450000,29,27,0.007543,-1.5394,166.00,0,0,0,60.0192,218.927,0.08520,1,0,0,0,0,0.007233,0.000225,0.000927,0.000130,0.001205,0.000026,0.000617,0.000095,0.000620,0.000030,0.000727,0.000020,0.000453,0.000087,0.000617,-166.00,-167.40,-117.18,-104.53,-38.83,-146.43,45.86,73.63,99.94,86.07,173.78,169.64,-76.33,142.12,-6.14,218.2697,4.9434,4.9281,3.7735,14.3675,2.2128,1.1499,0.7660,3.5366,0.5814,5.9692,0.8307,1.9103,0.6891,4.0954
2026-08-06 10:52:54.665,5.466667,29,28,0.007597,-1.5473,165.74,0,0,0,60.0192,218.927,0.08520,1,0,0,0,0,0.007278,0.000214,0.000902,0.000144,0.001259,0.000061,0.000635,0.000087,0.000623,0.000115,0.000754,0.000090,0.000446,0.000112,0.000634,-165.74,-177.37,-117.36,-107.91,-38.16,51.32,46.54,62.03,94.19,117.44,171.70,124.24,-82.46,131.01,-4.09,218.2697,4.9434,4.9281,3.7735,14.3675,2.2128,1.1499,0.7660,3.5366,0.5814,5.9692,0.8307,1.9103,0.6891,4.0954
2026-08-06 10:52:54.665,5.483333,29,29,0.007553,-1.5421,166.41,0,0,0,60.0192,218.927,0.08520,1,0,0,0,0,0.007230,0.000226,0.000912,0.000158,0.001244,0.000045,0.000659,0.000051,0.000629,0.000070,0.000754,0.000039,0.000389,0.000094,0.000644,-166.41,-167.10,-119.23,-127.66,-37.10,-91.19,48.70,-11.29,93.12,95.14,174.24,142.88,-79.41,152.10,-4.15,218.2697,4.9434,4.9281,3.7735,14.3675,2.2128,1.1499,0.7660,3.5366,0.5814,5.9692,0.8307,1.9103,0.6891,4.0954
2026-08-06 10:52:54.911,5.500000,30,0,0.007515,-1.5296,166.26,0,0,0,60.0192,218.686,0.08480,1,0,0,0,0,0.007179,0.000208,0.000973,0.000152,0.001265,0.000055,0.000637,0.000055,0.000648,0.000020,0.000768,0.000044,0.000456,0.000057,0.000631,-166.26,-166.90,-120.92,-128.64,-36.88,-14.42,54.45,109.40,96.69,90.19,177.12,65.60,-82.78,-158.06,-10.86,218.0376,4.9004,4.8904,3.7481,14.3021,2.1946,1.2120,0.7592,3.5310,0.5762,5.9173,0.8434,1.8214,0.6860,4.0774
2026-08-06 10:52:54.911,5.516667,30,1,0.007517,-1.5305,165.72,0,0,0,60.0192,218.686,0.08480,1,0,0,0,0,0.007199,0.000209,0.000916,0.000152,0.001217,0.000072,0.000598,0.000080,0.000626,0.000071,0.000770,0.000100,0.000336,0.000044,0.000606,-165.72,-170.42,-118.70,-102.64,-37.16,45.96,47.03,60.70,97.60,119.53,173.31,130.72,-85.04,179.24,-2.82,218.0376,4.9004,4.8904,3.7481,14.3021,2.1946,1.2120,0.7592,3.5310,0.5762,5.9173,0.8434,1.8214,0.6860,4.0774
2026-08-06 10:52:54.911,5.533333,30,2,0.007560,-1.5401,166.05,0,0,0,60.0192,218.686,0.08480,1,0,0,0,0,0.007236,0.000280,0.000945,0.000197,0.001284,0.000044,0.000636,0.000081,0.000602,0.000107,0.000688,0.000102,0.000376,0.000068,0.000585,-166.05,-169.66,-119.23,-114.69,-38.09,7.78,45.62,-13.12,96.38,51.31,177.84,104.49,-83.69,141.31,-5.74,218.0376,4.9004,4.8904,3.7481,14.3021,2.1946,1.2120,0.7592,3.5310,0.5762,5.9173,0.8434,1.8214,0.6860,4.0774
2026-08-06 10:52:54.911,5.550000,30,3,0.007513,-1.5337,166.43,0,0,0,60.0192,218.686,0.08480,1,0,0,0,0,0.007195,0.000230,0.000964,0.000109,0.001211,0.000024,0.000619,0.000064,0.000663,0.000023,0.000765,0.000044,0.000426,0.000055,0.000580,-166.43,-155.40,-116.37,-122.90,-37.52,-146.02,45.44,68.52,95.07,-179.76,176.95,91.03,-78.72,-148.55,-3.59,218.0376,4.9004,4.8904,3.7481,14.3021,2.1946,1.2120,0.7592,3.5310,0.5762,5.9173,0.8434,1.8214,0.6860,4.0774
2026-08-06 10:52:54.911,5.566667,30,4,0.007559,-1.5397,166.52,0,0,0,60.0192,218.686,0.08480,1,0,0,0,0,0.007219,0.000167,0.000952,0.000090,0.001328,0.000037,0.000664,0.000065,0.000669,0.000057,0.000762,0.000031,0.000368,0.000024,0.000584,-166.52,-167.74,-118.37,-128.05,-37.99,-161.64,46.63,17.70,93.57,115.65,171.72,-177.03,-84.24,-157.72,-1.11,218.0376,4.9004,4.8904,3.7481,14.3021,2.1946,1.2120,0.7592,3.5310,0.5762,5.9173,0.8434,1.8214,0.6860,4.0774
2026-08-06 10:52:54.911,5.583333,30,5,0.007546,-1.5396,165.93,0,0,0,60.0192,218.686,0.08480,1,0,0,0,0,0.007237,0.000240,0.000906,0.000175,0.001210,0.000025,0.000633,0.000043,0.000674,0.000031,0.000729,0.000039,0.000335,0.000041,0.000587,-165.93,-168.16,-118.68,-105.52,-39.27,-164.48,46.91,23.01,94.94,141.79,171.68,152.38,-88.19,178.72,-0.58,218.0376,4.9004,4.8904,3.7481,14.3021,2.1946,1.2120,0.7592,3.5310,0.5762,5.9173,0.8434,1.8214,0.6860,4.0774
2026-08-06 10:52:54.911,5.600000,30,6,0.007485,-1.5218,165.71,0,0,0,60.0192,218.686,0.08480,1,0,0,0,0,0.007160,0.000186,0.000913,0.000128,0.001257,0.000024,0.000631,0.000043,0.000659,0.000027,0.000793,0.000027,0.000390,0.000042,0.000578,-165.71,-168.34,-119.20,-109.88,-36.90,113.21,47.31,89.09,96.47,178.72,170.93,-0.53,-82.99,-143.11,-3.39,218.0376,4.9004,4.8904,3.7481,14.3021,2.1946,1.2120,0.7592,3.5310,0.5762,5.9173,0.8434,1.8214,0.6860,4.0774
2026-08-06 10:52:54.911,5.616667,30,7,0.007463,-1.5147,165.72,0,0,0,60.0192,218.686,0.08480,1,0,0,0,0,0.007125,0.000189,0.000914,0.000104,0.001284,0.000033,0.000652,0.000071,0.000693,0.000099,0.000821,0.000037,0.000402,0.000057,0.000572,-165.72,-169.08,-118.55,-115.14,-36.23,-136.75,48.03,58.22,96.77,94.69,175.28,147.46,-89.08,120.65,-2.89,218.0376,4.9004,4.8904,3.7481,14.3021,2.1946,1.2120,0.7592,3.5310,0.5762,5.9173,0.8434,1.8214,0.6860,4.0774
2026-08-06 10:52:54.911,5.633333,30,8,0.007519,-1.5310,165.80,0,0,0,60.0192,218.686,0.08480,1,0,0,0,0,0.007204,0.000214,0.000888,0.000126,0.001194,0.000082,0.000639,0.000052,0.000619,0.000092,0.000748,0.000074,0.000399,0.000061,0.000676,-165.80,174.69,-117.99,-117.57,-37.38,73.62,46.13,12.08,98.67,95.87,-179.12,118.01,-79.44,-167.21,-7.49,218.0376,4.9004,4.8904,3.7481,14.3021,2.1946,1.2120,0.7592,3.5310,0.5762,5.9173,0.8434,1.8214,0.6860,4.0774
2026-08-06 10:52:54.911,5.650000,30,9,0.007520,-1.5314,165.99,0,0,0,60.0192,218.686,0.08480,1,0,0,0,0,0.007197,0.000203,0.000935,0.000115,0.001192,0.000003,0.000648,0.000041,0.000675,0.000012,0.000743,0.000034,0.000393,0.000079,0.000650,-165.99,-168.77,-117.87,-114.50,-38.68,167.41,51.30,137.01,97.54,-178.50,175.75,152.19,-72.34,-113.38,0.13,218.0376,4.9004,4.8904,3.7481,14.3021,2.1946,1.2120,0.7592,3.5310,0.5762,5.9173,0.8434,1.8214,0.6860,4.0774
2026-08-06 10:52:54.911,5.666667,30,10,0.007472,-1.5262,166.28,0,0,0,60.0192,218.686,0.08480,1,0,0,0,0,0.007163,0.000279,0.000831,0.000120,0.001252,0.000073,0.000626,0.000067,0.000649,0.000040,0.000733,0.000059,0.000335,0.000056,0.000577,-166.28,-164.94,-116.21,-95.36,-38.55,72.71,49.44,26.85,102.39,118.16,176.13,141.31,-86.93,134.25,-3.66,218.0376,4.9004,4.8904,3.7481,14.3021,2.1946,1.2120,0.7592,3.5310,0.5762,5.9173,0.8434,1.8214,0.6860,4.0774
2026-08-06 10:52:54.911,5.683333,30,11,0.007541,-1.5329,165.83,0,0,0,60.0192,218.686,0.08480,1,0,0,0,0,0.007204,0.000198,0.000915,0.000174,0.001321,0.000020,0.000644,0.000061,0.000663,0.000078,0.000742,0.000058,0.000367,0.000114,0.000655,-165.83,-159.50,-120.30,-115.15,-38.81,82.26,50.11,19.49,91.79,84.01,172.20,128.41,-86.09,150.65,-5.36,218.0376,4.9004,4.8904,3.7481,14.3021,2.1946,1.2120,0.7592,3.5310,0.5762,5.9173,0.8434,1.8214,0.6860,4.0774
2026-08-06 10:52:54.911,5.700000,30,12,0.007477,-1.5216,165.96,0,0,0,60.0192,218.686,0.08480,1,0,0,0,0,0.007155,0.000149,0.000922,0.000106,0.001229,0.000037,0.000645,0.000074,0.000645,0.000054,0.000728,0.000084,0.000346,0.000032,0.000553,-165.96,-176.62,-119.47,-110.54,-40.05,95.52,48.76,135.03,95.96,60.15,175.29,176.44,-83.02,177.51,-7.87,218.0376,4.9004,4.8904,3.7481,14.3021,2.1946,1.2120,0.7592,3.5310,0.5762,5.9173,0.8434,1.8214,0.6860,4.0774
2026-08-06 10:52:54.911,5.716667,30,13,0.007534,-1.5349,165.87,0,0,0,60.0192,218.686,0.08480,1,0,0,0,0,0.007221,0.000210,0.000960,0.000102,0.001229,0.000064,0.000584,0.000156,0.000651,0.000048,0.000717,0.000069,0.000399,0.000084,0.000591,-165.87,-172.64,-117.12,-115.47,-38.90,74.17,44.48,69.02,93.86,98.48,176.67,144.20,-84.30,136.10,-3.76,218.0376,4.9004,4.8904,3.7481,14.3021,2.1946,1.2120,0.7592,3.5310,0.5762,5.9173,0.8434,1.8214,0.6860,4.0774
2026-08-06 10:52:54.911,5.733333,30,14,0.007513,-1.5319,165.98,0,0,0,60.0192,218.686,0.08480,1,0,0,0,0,0.007202,0.000182,0.000905,0.000148,0.001200,0.000056,0.000620,0.000017,0.000624,0.000013,0.000731,0.000066,0.000385,0.000094,0.000672,-165.98,-169.55,-114.24,-98.38,-39.56,11.82,48.51,-143.52,96.07,96.49,177.23,137.76,-81.20,-118.16,-3.09,218.0376,4.9004,4.8904,3.7481,14.3021,2.1946,1.2120,0.7592,3.5310,0.5762,5.9173,0.8434,1.8214,0.6860,4.0774
2026-08-06 10:52:54.911,5.750000,30,15,0.007557,-1.5429,165.90,0,0,0,60.0192,218.686,0.08480,1,0,0,0,0,0.007253,0.000177,0.000890,0.000187,0.001196,0.000042,0.000580,0.000037,0.000662,0.000024,0.000745,0.000045,0.000445,0.000064,0.000668,-165.90,-162.66,-117.55,-125.90,-40.25,144.29,48.90,-174.91,99.82,-80.93,176.22,139.76,-70.26,93.62,-5.72,218.0376,4.9004,4.8904,3.7481,14.3021,2.1946,1.2120,0.7592,3.5310,0.5762,5.9173,0.8434,1.8214,0.6860,4.0774
2026-08-06 10:52:54.911,5.766667,30,16,0.007588,-1.5475,166.24,0,0,0,60.0192,218.686,0.08480,1,0,0,0,0,0.007264,0.000227,0.000895,0.000165,0.001246,0.000042,0.000617,0.000091,0.000729,0.000095,0.000800,0.000121,0.000376,0.000110,0.000536,-166.24,-175.62,-117.52,-105.46,-38.44,130.75,48.74,12.99,94.11,95.83,172.01,-167.87,-84.68,178.08,-3.59,218.0376,4.9004,4.8904,3.7481,14.3021,2.1946,1.2120,0.7592,3.5310,0.5762,5.9173,0.8434,1.8214,0.6860,4.0774
2026-08-06 10:52:54.911,5.783333,30,17,0.007503,-1.5302,166.15,0,0,0,60.0192,218.686,0.08480,1,0,0,0,0,0.007189,0.000240,0.000895,0.000129,0.001223,0.000026,0.000641,0.000077,0.000609,0.000079,0.000726,0.000100,0.000403,0.000038,0.000649,-166.15,-166.04,-119.26,-116.90,-36.42,87.45,50.06,7.65,93.77,95.15,172.98,131.74,-84.98,-161.60,-5.16,218.0376,4.9004,4.8904,3.7481,14.3021,2.1946,1.2120,0.7592,3.5310,0.5762,5.9173,0.8434,1.8214,0.6860,4.0774
2026-08-06 10:52:54.911,5.800000,30,18,0.007464,-1.5214,166.30,0,0,0,60.0192,218.686,0.08480,1,0,0,0,0,0.007141,0.000189,0.000954,0.000114,0.001242,0.000034,0.000593,0.000087,0.000630,0.000033,0.000778,0.000067,0.000386,0.000028,0.000593,-166.30,-167.97,-118.78,-106.36,-38.84,-77.40,44.37,116.20,96.10,-170.40,173.26,118.31,-83.51,-160.14,-6.06,218.0376,4.9004,4.8904,3.7481,14.3021,2.1946,1.2120,0.7592,3.5310,0.5762,5.9173,0.8434,1.8214,0.6860,4.0774
2026-08-06 10:52:54.911,5.816667,30,19,0.007552,-1.5439,166.36,0,0,0,60.0192,218.686,0.08480,1,0,0,0,0,0.007248,0.000196,0.000924,0.000115,0.001223,0.000039,0.000607,0.000086,0.000658,0.000011,0.000729,0.000057,0.000372,0.000049,0.000569,-166.36,179.04,-116.57,-104.23,-38.52,35.93,46.60,96.43,95.98,-32.25,174.13,172.43,-79.63,-145.45,0.36,218.0376,4.9004,4.8904,3.7481,14.3021,2.1946,1.2120,0.7592,3.5310,0.5762,5.9173,0.8434,1.8214,0.6860,4.0774
2026-08-06 10:52:54.911,5.833333,30,20,0.007517,-1.5319,166.17,0,0,0,60.0192,218.686,0.08480,1,0,0,0,0,0.007196,0.000270,0.000894,0.000095,0.001203,0.000033,0.000696,0.000062,0.000648,0.000046,0.000732,0.000039,0.000368,0.000054,0.000656,-166.17,-176.32,-116.76,-115.51,-36.80,80.87,46.84,20.32,97.74,92.97,175.54,116.90,-87.40,161.53,-4.81,218.0376,4.9004,4.8904,3.7481,14.3021,2.1946,1.2120,0.7592,3.5310,0.5762,5.9173,0.8434,1.8214,0.6860,4.0774
2026-08-06 10:52:54.911,5.850000,30,21,0.007467,-1.5193,165.77,0,0,0,60.0192,218.686,0.08480,1,0,0,0,0,0.007145,0.000147,0.000994,0.000166,0.001187,0.000029,0.000625,0.000089,0.000645,0.000050,0.000766,0.000066,0.000379,0.000031,0.000578,-165.77,-176.65,-118.64,-123.66,-37.48,-26.53,50.53,124.72,94.27,-1.83,174.66,91.00,-74.11,-165.23,-3.07,218.0376,4.9004,4.8904,3.7481,14.3021,2.1946,1.2120,0.7592,3.5310,0.5762,5.9173,0.8434,1.8214,0.6860,4.0774
2026-08-06 10:52:54.911,5.866667,30,22,0.007522,-1.5324,165.78,0,0,0,60.0192,218.686,0.08480,1,0,0,0,0,0.007212,0.000143,0.000938,0.000079,0.001191,0.000044,0.000632,0.000090,0.000680,0.000042,0.000738,0.000053,0.000366,0.000055,0.000560,-165.78,170.81,-116.52,-129.85,-38.48,136.59,48.00,127.00,90.23,80.43,177.19,-165.22,-78.53,158.11,-1.07,218.0376,4.9004,4.8904,3.7481,14.3021,2.1946,1.2120,0.7592,3.5310,0.5762,5.9173,0.8434,1.8214,0.6860,4.0774
2026-08-06 10:52:54.911,5.883333,30,23,0.007568,-1.5406,166.01,0,0,0,60.0192,218.686,0.08480,1,0,0,0,0,0.007238,0.000238,0.000970,0.000120,0.001241,0.000066,0.000688,0.000051,0.000692,0.000114,0.000703,0.000102,0.000353,0.000035,0.000647,-166.01,-171.13,-115.04,-116.33,-40.31,93.82,43.67,74.56,94.50,103.49,174.67,105.77,-77.26,-152.08,-8.76,218.0376,4.9004,4.8904,3.7481,14.3021,2.1946,1.2120,0.7592,3.5310,0.5762,5.9173,0.8434,1.8214,0.6860,4.0774
2026-08-06 10:52:54.911,5.900000,30,24,0.007592,-1.5477,166.10,0,0,0,60.0192,218.686,0.08480,1,0,0,0,0,0.007266,0.000220,0.000973,0.000190,0.001241,0.000043,0.000641,0.000046,0.000659,0.000073,0.000796,0.000062,0.000366,0.000005,0.000526,-166.10,-158.97,-118.68,-126.25,-38.93,-67.36,47.96,-113.67,95.56,7.71,173.03,100.44,-66.43,41.87,-6.21,218.0376,4.9004,4.8904,3.7481,14.3021,2.1946,1.2120,0.7592,3.5310,0.5762,5.9173,0.8434,1.8214,0.6860,4.0774
2026-08-06 10:52:54.911,5.916667,30,25,0.007527,-1.5295,165.48,0,0,0,60.0192,218.686,0.08480,1,0,0,0,0,0.007204,0.000242,0.000888,0.000127,0.001192,0.000024,0.000629,0.000047,0.000714,0.000051,0.000789,0.000106,0.000413,0.000125,0.000634,-165.48,-162.70,-115.68,-102.79,-37.64,-106.29,48.84,115.28,92.40,57.44,173.76,-172.81,-85.74,169.56,-1.25,218.0376,4.9004,4.8904,3.7481,14.3021,2.1946,1.2120,0.7592,3.5310,0.5762,5.9173,0.8434,1.8214,0.6860,4.0774
2026-08-06 10:52:54.911,5.933333,30,26,0.007544,-1.5379,166.39,0,0,0,60.0192,218.686,0.08480,1,0,0,0,0,0.007219,0.000233,0.000945,0.000126,0.001293,0.000043,0.000630,0.000125,0.000613,0.000078,0.000700,0.000128,0.000368,0.000080,0.000578,-166.39,-161.69,-118.66,-115.05,-37.38,-0.73,46.44,37.95,92.80,91.74,173.42,129.90,-83.14,148.92,-2.31,218.0376,4.9004,4.8904,3.7481,14.3021,2.1946,1.2120,0.7592,3.5310,0.5762,5.9173,0.8434,1.8214,0.6860,4.0774
2026-08-06 10:52:54.911,5.950000,30,27,0.007484,-1.5281,166.26,0,0,0,60.0192,218.686,0.08480,1,0,0,0,0,0.007172,0.000203,0.000924,0.000119,0.001181,0.000044,0.000618,0.000030,0.000669,0.000053,0.000739,0.000075,0.000351,0.000034,0.000590,-166.26,-164.42,-119.14,-117.28,-37.05,-69.88,50.38,7.81,98.83,26.89,172.89,133.08,-73.28,-157.04,-1.83,218.0376,4.9004,4.8904,3.7481,14.3021,2.1946,1.2120,0.7592,3.5310,0.5762,5.9173,0.8434,1.8214,0.6860,4.0774
2026-08-06 10:52:54.911,5.966667,30,28,0.007542,-1.5378,166.30,0,0,0,60.0192,218.686,0.08480,1,0,0,0,0,0.007223,0.000198,0.000914,0.000099,0.001206,0.000007,0.000672,0.000087,0.000676,0.000068,0.000763,0.000045,0.000365,0.000105,0.000574,-166.30,173.23,-115.92,-92.14,-36.36,5.67,46.44,72.06,92.25,-171.46,167.89,146.59,-89.66,176.10,4.76,218.0376,4.9004,4.8904,3.7481,14.3021,2.1946,1.2120,0.7592,3.5310,0.5762,5.9173,0.8434,1.8214,0.6860,4.0774
2026-08-06 10:52:54.911,5.983333,30,29,0.007540,-1.5337,165.72,0,0,0,60.0192,218.686,0.08480,1,0,0,0,0,0.007215,0.000222,0.000981,0.000185,0.001257,0.000027,0.000607,0.000069,0.000622,0.000122,0.000723,0.000146,0.000326,0.000062,0.000641,-165.72,-164.17,-112.83,-119.12,-41.16,115.69,46.22,69.86,93.75,118.23,170.11,129.95,-82.56,-153.23,-1.94,218.0376,4.9004,4.8904,3.7481,14.3021,2.1946,1.2120,0.7592,3.5310,0.5762,5.9173,0.8434,1.8214,0.6860,4.0774
2026-08-06 10:52:55.161,6.000000,31,0,0.007510,-1.5323,166.67,0,0,0,60.0192,218.662,0.08481,1,0,0,0,0,0.007179,0.000220,0.000981,0.000099,0.001233,0.000028,0.000675,0.000042,0.000702,0.000054,0.000754,0.000038,0.000353,0.000069,0.000586,-166.67,-161.10,-118.75,-97.36,-40.12,173.24,45.35,176.95,95.85,-62.04,175.03,135.97,-85.26,-152.39,-5.56,218.0137,4.8956,4.8722,3.7410,14.2904,2.1782,1.2100,0.7483,3.5514,0.5890,5.9455,0.8164,1.7623,0.6668,4.1312
2026-08-06 10:52:55.161,6.016667,31,1,0.007677,-1.5706,166.89,0,0,0,60.0192,218.662,0.08481,1,0,0,0,0,0.007343,0.000342,0.000878,0.000189,0.001042,0.000201,0.000672,0.000250,0.000864,0.000196,0.000755,0.000189,0.000223,0.000175,0.000668,-166.89,177.94,-126.91,-171.39,-37.87,116.15,62.56,107.45,99.37,118.80,160.25,113.37,-66.74,111.33,11.43,218.0137,4.8956,4.8722,3.7410,14.2904,2.1782,1.2100,0.7483,3.5514,0.5890,5.9455,0.8164,1.7623,0.6668,4.1312
2026-08-06 10:52:55.161,6.033333,31,2,0.007572,-1.5450,166.13,0,0,0,60.0192,218.662,0.08481,1,0,0,0,0,0.007254,0.000195,0.000938,0.000140,0.001222,0.000026,0.000621,0.000066,0.000646,0.000072,0.000692,0.000092,0.000352,0.000078,0.000677,-166.13,-164.96,-116.08,-124.90,-41.34,152.39,47.58,77.00,92.76,124.88,172.89,155.72,-80.57,-162.68,-1.89,218.0137,4.8956,4.8722,3.7410,14.2904,2.1782,1.2100,0.7483,3.5514,0.5890,5.9455,0.8164,1.7623,0.6668,4.1312
2026-08-06 10:52:55.161,6.050000,31,3,0.007481,-1.5247,165.78,0,0,0,60.0192,218.662,0.08481,1,0,0,0,0,0.007173,0.000194,0.000900,0.000124,0.001187,0.000043,0.000638,0.000033,0.000639,0.000048,0.000731,0.000031,0.000351,0.000013,0.000619,-165.78,-177.45,-118.90,-123.09,-39.57,110.29,51.69,-148.84,97.86,57.96,176.31,-109.77,-84.42,9.82,-7.41,218.0137,4.8956,4.8722,3.7410,14.2904,2.1782,1.2100,0.7483,3.5514,0.5890,5.9455,0.8164,1.7623,0.6668,4.1312
2026-08-06 10:52:55.161,6.066667,31,4,0.007478,-1.5197,165.73,0,0,0,60.0192,218.662,0.08481,1,0,0,0,0,0.007152,0.000281,0.000938,0.000115,0.001207,0.000066,0.000629,0.000076,0.000666,0.000063,0.000704,0.000072,0.000404,0.000099,0.000631,-165.73,-158.68,-114.49,-136.03,-38.92,148.30,49.21,102.26,102.26,140.73,175.51,140.45,-87.61,141.27,-8.30,218.0137,4.8956,4.8722,3.7410,14.2904,2.1782,1.2100,0.7483,3.5514,0.5890,5.9455,0.8164,1.7623,0.6668,4.1312
2026-08-06 10:52:55.161,6.083333,31,5,0.007583,-1.5443,165.98,0,0,0,60.0192,218.662,0.08481,1,0,0,0,0,0.007258,0.000189,0.000905,0.000095,0.001242,0.000079,0.000669,0.000046,0.000638,0.000057,0.000742,0.000125,0.000398,0.000087,0.000670,-165.98,-173.44,-118.04,-116.11,-39.50,90.35,43.74,1.95,98.09,120.08,169.25,146.10,-80.03,140.85,-8.75,218.0137,4.8956,4.8722,3.7410,14.2904,2.1782,1.2100,0.7483,3.5514,0.5890,5.9455,0.8164,1.7623,0.6668,4.1312
2026-08-06 10:52:55.161,6.100000,31,6,0.007468,-1.5206,166.12,0,0,0,60.0192,218.662,0.08481,1,0,0,0,0,0.007145,0.000187,0.000919,0.000111,0.001211,0.000057,0.000663,0.000034,0.000663,0.000051,0.000731,0.000057,0.000384,0.000045,0.000641,-166.12,-165.02,-115.76,-111.79,-39.14,153.20,49.06,-163.21,95.89,119.53,178.38,103.61,-88.51,-50.57,-8.75,218.0137,4.8956,4.8722,3.7410,14.2904,2.1782,1.2100,0.7483,3.5514,0.5890,5.9455,0.8164,1.7623,0.6668,4.1312
2026-08-06 10:52:55.161,6.116667,31,7,0.007532,-1.5346,166.21,0,0,0,60.0192,218.662,0.08481,1,0,0,0,0,0.007208,0.000181,0.000921,0.000124,0.001207,0.000059,0.000669,0.000073,0.000697,0.000023,0.000739,0.000032,0.000467,0.000080,0.000609,-166.21,-155.72,-118.70,-114.82,-37.17,134.98,52.92,50.38,95.83,-30.15,170.63,-141.33,-86.20,156.94,-5.95,218.0137,4.8956,4.8722,3.7410,14.2904,2.1782,1.2100,0.7483,3.5514,0.5890,5.9455,0.8164,1.7623,0.6668,4.1312
2026-08-06 10:52:55.161,6.133333,31,8,0.007535,-1.5337,166.23,0,0,0,60.0192,218.662,0.08481,1,0,0,0,0,0.007203,0.000244,0.000878,0.000105,0.001282,0.000031,0.000669,0.000075,0.000668,0.000078,0.000727,0.000087,0.000407,0.000027,0.000677,-166.23,178.40,-119.92,-126.76,-37.48,69.55,47.42,16.84,95.96,84.87,178.54,143.76,-79.47,-150.38,-2.16,218.0137,4.8956,4.8722,3.7410,14.2904,2.1782,1.2100,0.7483,3.5514,0.5890,5.9455,0.8164,1.7623,0.6668,4.1312
2026-08-06 10:52:55.161,6.150000,31,9,0.007449,-1.5189,166.38,0,0,0,60.0192,218.662,0.08481,1,0,0,0,0,0.007129,0.000217,0.000880,0.000125,0.001233,0.000026,0.000633,0.000027,0.000609,0.000047,0.000754,0.000102,0.000370,0.000058,0.000659,-166.38,176.93,-120.19,-129.53,-37.46,-16.21,48.90,-173.26,98.16,97.49,179.34,122.41,-75.93,172.42,-9.19,218.0137,4.8956,4.8722,3.7410,14.2904,2.1782,1.2100,0.7483,3.5514,0.5890,5.9455,0.8164,1.7623,0.6668,4.1312
2026-08-06 10:52:55.161,6.166667,31,10,0.007511,-1.5303,166.31,0,0,0,60.0192,218.662,0.08481,1,0,0,0,0,0.007181,0.000150,0.000920,0.000133,0.001202,0.000029,0.000629,0.000038,0.000727,0.000035,0.000818,0.000039,0.000414,0.000103,0.000648,-166.31,-159.98,-116.88,-135.06,-37.87,155.71,53.04,96.28,93.71,-130.82,172.45,-160.29,-82.60,-142.39,-1.19,218.0137,4.8956,4.8722,3.7410,14.2904,2.1782,1.2100,0.7483,3.5514,0.5890,5.9455,0.8164,1.7623,0.6668,4.1312
2026-08-06 10:52:55.161,6.183333,31,11,0.007535,-1.5326,165.60,0,0,0,60.0192,218.662,0.08481,1,0,0,0,0,0.007211,0.000195,0.000918,0.000136,0.001209,0.000062,0.000634,0.000033,0.000670,0.000123,0.000737,0.000109,0.000379,0.000055,0.000664,-165.60,-179.14,-115.37,-113.55,-41.21,117.93,47.46,66.25,95.75,123.34,170.21,140.08,-79.58,133.63,-8.83,218.0137,4.8956,4.8722,3.7410,14.2904,2.1782,1.2100,0.7483,3.5514,0.5890,5.9455,0.8164,1.7623,0.6668,4.1312
2026-08-06 10:52:55.161,6.200000,31,12,0.007410,-1.5038,166.12,0,0,0,60.0192,218.662,0.08481,1,0,0,0,0,0.007055,0.000430,0.000745,0.000383,0.001105,0.000162,0.000693,0.000172,0.000787,0.000198,0.000844,0.000177,0.000466,0.000172,0.000754,-166.12,-159.30,-110.53,-117.46,-34.14,-69.92,63.61,-24.20,106.83,21.89,-178.26,70.31,-87.78,116.69,-20.65,218.0137,4.8956,4.8722,3.7410,14.2904,2.1782,1.2100,0.7483,3.5514,0.5890,5.9455,0.8164,1.7623,0.6668,4.1312
2026-08-06 10:52:55.161,6.216667,31,13,0.007479,-1.5054,164.74,0,0,0,60.0192,218.662,0.08481,1,0,0,0,0,0.007122,0.000305,0.001092,0.000159,0.001012,0.000196,0.000816,0.000126,0.000681,0.000219,0.000654,0.000181,0.000506,0.000075,0.000497,-164.74,141.25,-117.51,-2.00,-40.62,-42.63,60.23,-139.14,81.52,154.74,-168.35,87.91,-101.50,10.97,14.42,218.0137,4.8956,4.8722,3.7410,14.2904,2.1782,1.2100,0.7483,3.5514,0.5890,5.9455,0.8164,1.7623,0.6668,4.1312
2026-08-06 10:52:55.161,6.233333,31,14,0.007475,-1.5217,166.03,0,0,0,60.0192,218.662,0.08481,1,0,0,0,0,0.007153,0.000227,0.000947,0.000108,0.001216,0.000036,0.000631,0.000105,0.000614,0.000075,0.000720,0.000131,0.000430,0.000030,0.000632,-166.03,-157.45,-116.37,-134.16,-38.41,-152.12,47.66,52.93,91.60,89.46,174.98,131.20,-80.04,167.38,-2.94,218.0137,4.8956,4.8722,3.7410,14.2904,2.1782,1.2100,0.7483,3.5514,0.5890,5.9455,0.8164,1.7623,0.6668,4.1312
2026-08-06 10:52:55.161,6.250000,31,15,0.007553,-1.5425,166.21,0,0,0,60.0192,218.662,0.08481,1,0,0,0,0,0.007239,0.000247,0.000917,0.000170,0.001178,0.000020,0.000673,0.000016,0.000720,0.000018,0.000728,0.000040,0.000322,0.000030,0.000647,-166.21,-173.58,-114.23,-113.99,-40.73,-51.24,49.64,-88.69,98.53,59.78,176.60,41.80,-77.28,-74.55,-4.54,218.0137,4.8956,4.8722,3.7410,14.2904,2.1782,1.2100,0.7483,3.5514,0.5890,5.9455,0.8164,1.7623,0.6668,4.1312
2026-08-06 10:52:55.161,6.266667,31,16,0.007375,-1.4959,167.04,0,0,0,60.0192,218.662,0.08481,1,0,0,0,0,0.006972,0.000311,0.000857,0.000202,0.001139,0.000266,0.000635,0.000235,0.000802,0.000170,0.000881,0.000176,0.000459,0.000166,0.000749,-167.04,-125.50,-129.02,-43.31,-49.82,82.32,36.32,156.72,85.00,-120.14,164.64,-21.06,-107.63,80.77,-22.21,218.0137,4.8956,4.8722,3.7410,14.2904,2.1782,1.2100,0.7483,3.5514,0.5890,5.9455,0.8164,1.7623,0.6668,4.1312
2026-08-06 10:52:55.161,6.283333,31,17,0.007571,-1.5449,165.98,0,0,0,60.0192,218.662,0.08481,1,0,0,0,0,0.007256,0.000191,0.000940,0.000156,0.001226,0.000044,0.000609,0.000103,0.000698,0.000099,0.000679,0.000122,0.000333,0.000090,0.000637,-165.98,-164.43,-114.47,-110.78,-40.00,121.59,49.64,52.03,93.16,144.52,168.66,150.64,-87.27,170.00,-8.24,218.0137,4.8956,4.8722,3.7410,14.2904,2.1782,1.2100,0.7483,3.5514,0.5890,5.9455,0.8164,1.7623,0.6668,4.1312
2026-08-06 10:52:55.161,6.300000,31,18,0.007515,-1.5347,166.19,0,0,0,60.0192,218.662,0.08481,1,0,0,0,0,0.007199,0.000244,0.000922,0.000139,0.001158,0.000034,0.000667,0.000026,0.000661,0.000084,0.000733,0.000084,0.000304,0.000074,0.000665,-166.19,-162.67,-116.80,-115.14,-40.60,12.14,50.08,-63.92,98.80,109.88,176.78,93.38,-77.49,-145.15,-5.39,218.0137,4.8956,4.8722,3.7410,14.2904,2.1782,1.2100,0.7483,3.5514,0.5890,5.9455,0.8164,1.7623,0.6668,4.1312
2026-08-06 10:52:55.161,6.316667,31,19,0.007515,-1.5271,165.80,0,0,0,60.0192,218.662,0.08481,1,0,0,0,0,0.007180,0.000143,0.000975,0.000134,0.001210,0.000064,0.000600,0.000074,0.000728,0.000064,0.000731,0.000057,0.000422,0.000134,0.000662,-165.80,-155.74,-116.44,-117.75,-41.60,147.97,47.81,82.15,96.67,127.26,173.68,137.46,-83.10,177.91,-5.30,218.0137,4.8956,4.8722,3.7410,14.2904,2.1782,1.2100,0.7483,3.5514,0.5890,5.9455,0.8164,1.7623,0.6668,4.1312
2026-08-06 10:52:55.161,6.333333,31,20,0.007494,-1.5307,166.25,0,0,0,60.0192,218.662,0.08481,1,0,0,0,0,0.007185,0.000172,0.000854,0.000103,0.001239,0.000091,0.000616,0.000081,0.000643,0.000066,0.000732,0.000111,0.000397,0.000094,0.000636,-166.25,-175.62,-118.12,-132.18,-38.24,86.04,50.83,96.03,92.38,154.82,171.70,159.26,-86.81,157.92,-9.13,218.0137,4.8956,4.8722,3.7410,14.2904,2.1782,1.2100,0.7483,3.5514,0.5890,5.9455,0.8164,1.7623,0.6668,4.1312
2026-08-06 10:52:55.161,6.350000,31,21,0.007505,-1.5327,166.13,0,0,0,60.0192,218.662,0.08481,1,0,0,0,0,0.007195,0.000202,0.000925,0.000096,0.001208,0.000032,0.000635,0.000021,0.000676,0.000014,0.000741,0.000061,0.000315,0.000031,0.000620,-166.13,-172.40,-118.52,-116.42,-37.99,75.37,45.63,83.80,100.28,160.99,171.35,131.43,-85.35,146.94,-7.16,218.0137,4.8956,4.8722,3.7410,14.2904,2.1782,1.2100,0.7483,3.5514,0.5890,5.9455,0.8164,1.7623,0.6668,4.1312
2026-08-06 10:52:55.161,6.366667,31,22,0.007502,-1.5312,166.49,0,0,0,60.0192,218.662,0.08481,1,0,0,0,0,0.007178,0.000193,0.000966,0.000139,0.001222,0.000045,0.000618,0.000120,0.000685,0.000031,0.000680,0.000028,0.000431,0.000037,0.000621,-166.49,-164.83,-116.42,-137.17,-39.95,155.92,47.47,94.77,96.41,-127.34,171.57,47.38,-76.23,152.02,-3.14,218.0137,4.8956,4.8722,3.7410,14.2904,2.1782,1.2100,0.7483,3.5514,0.5890,5.9455,0.8164,1.7623,0.6668,4.1312
2026-08-06 10:52:55.161,6.383333,31,23,0.007533,-1.5314,165.83,0,0,0,60.0192,218.662,0.08481,1,0,0,0,0,0.007201,0.000233,0.000904,0.000153,0.001273,0.000059,0.000597,0.000099,0.000635,0.000041,0.000696,0.000096,0.000455,0.000042,0.000604,-165.83,-173.89,-114.91,-142.21,-39.99,114.49,49.70,25.21,99.63,75.37,176.88,144.84,-82.18,123.43,-5.26,218.0137,4.8956,4.8722,3.7410,14.2904,2.1782,1.2100,0.7483,3.5514,0.5890,5.9455,0.8164,1.7623,0.6668,4.1312
2026-08-06 10:52:55.161,6.400000,31,24,0.007578,-1.5461,165.98,0,0,0,60.0192,218.662,0.08481,1,0,0,0,0,0.007259,0.000297,0.000898,0.000167,0.001186,0.000058,0.000679,0.000005,0.000643,0.000048,0.000728,0.000058,0.000338,0.000043,0.000705,-165.98,-177.65,-114.77,-109.18,-40.92,15.99,49.30,-132.57,100.60,64.99,178.55,115.94,-87.00,163.95,-5.61,218.0137,4.8956,4.8722,3.7410,14.2904,2.1782,1.2100,0.7483,3.5514,0.5890,5.9455,0.8164,1.7623,0.6668,4.1312
2026-08-06 10:52:55.161,6.416667,31,25,0.007514,-1.5369,166.27,0,0,0,60.0192,218.662,0.08481,1,0,0,0,0,0.007210,0.000207,0.000902,0.000150,0.001162,0.000025,0.000634,0.000045,0.000682,0.000024,0.000734,0.000029,0.000411,0.000119,0.000627,-166.27,-164.69,-116.82,-123.26,-39.67,92.66,50.77,124.73,93.78,-155.17,174.46,148.43,-81.49,-149.81,-6.15,218.0137,4.8956,4.8722,3.7410,14.2904,2.1782,1.2100,0.7483,3.5514,0.5890,5.9455,0.8164,1.7623,0.6668,4.1312
2026-08-06 10:52:55.161,6.433333,31,26,0.007617,-1.5497,165.46,0,0,0,60.0192,218.662,0.08481,1,0,0,0,0,0.007299,0.000167,0.000938,0.000129,0.001203,0.000070,0.000635,0.000054,0.000677,0.000086,0.000740,0.000106,0.000402,0.000129,0.000666,-165.46,-161.92,-117.13,-104.54,-40.06,94.18,50.33,49.72,98.63,126.95,170.41,151.56,-77.05,159.50,-5.57,218.0137,4.8956,4.8722,3.7410,14.2904,2.1782,1.2100,0.7483,3.5514,0.5890,5.9455,0.8164,1.7623,0.6668,4.1312
2026-08-06 10:52:55.161,6.450000,31,27,0.007519,-1.5363,166.23,0,0,0,60.0192,218.662,0.08481,1,0,0,0,0,0.007209,0.000226,0.000891,0.000178,0.001157,0.000041,0.000667,0.000045,0.000700,0.000036,0.000749,0.000055,0.000339,0.000078,0.000628,-166.23,-172.08,-116.81,-122.43,-39.40,81.09,47.32,-41.54,97.32,25.60,171.30,137.41,-80.68,-140.96,-12.88,218.0137,4.8956,4.8722,3.7410,14.2904,2.1782,1.2100,0.7483,3.5514,0.5890,5.9455,0.8164,1.7623,0.6668,4.1312
2026-08-06 10:52:55.161,6.466667,31,28,0.007471,-1.5203,165.73,0,0,0,60.0192,218.662,0.08481,1,0,0,0,0,0.007154,0.000153,0.000916,0.000134,0.001205,0.000052,0.000603,0.000062,0.000646,0.000039,0.000738,0.000085,0.000399,0.000115,0.000628,-165.73,-176.15,-114.65,-123.36,-37.73,131.30,50.21,96.29,101.87,-169.61,173.02,-176.85,-89.27,157.74,-8.15,218.0137,4.8956,4.8722,3.7410,14.2904,2.1782,1.2100,0.7483,3.5514,0.5890,5.9455,0.8164,1.7623,0.6668,4.1312
2026-08-06 10:52:55.161,6.483333,31,29,0.007531,-1.5393,166.21,0,0,0,60.0192,218.662,0.08481,1,0,0,0,0,0.007222,0.000219,0.000874,0.000122,0.001188,0.000006,0.000597,0.000104,0.000681,0.000079,0.000678,0.000096,0.000355,0.000037,0.000678,-166.21,-176.04,-115.48,-99.39,-41.36,95.25,47.86,46.22,100.47,116.81,171.19,160.13,-88.67,140.33,-5.88,218.0137,4.8956,4.8722,3.7410,14.2904,2.1782,1.2100,0.7483,3.5514,0.5890,5.9455,0.8164,1.7623,0.6668,4.1312
2026-08-06 10:52:55.377,6.500000,32,0,0.007448,-1.5204,166.14,0,0,0,60.0192,218.720,0.08488,1,0,0,0,0,0.007138,0.000280,0.000906,0.000147,0.001182,0.000033,0.000661,0.000044,0.000619,0.000026,0.000709,0.000088,0.000316,0.000047,0.000670,-166.14,-167.77,-116.03,-113.25,-39.21,-17.09,49.23,118.76,99.67,132.78,178.25,149.56,-76.11,-176.51,-6.81,218.0704,4.9072,4.8910,3.7550,14.3258,2.1851,1.1927,0.7434,3.5377,0.5903,5.9155,0.8270,1.7955,0.6726,4.0889
2026-08-06 10:52:55.377,6.516667,32,1,0.007500,-1.5257,165.13,0,0,0,60.0192,218.720,0.08488,1,0,0,0,0,0.007194,0.000225,0.000905,0.000174,0.001151,0.000047,0.000639,0.000085,0.000744,0.000047,0.000730,0.000067,0.000390,0.000089,0.000585,-165.13,-159.53,-116.23,-113.44,-39.60,60.42,51.20,133.72,93.99,80.76,172.65,-130.05,-81.85,-155.21,-5.23,218.0704,4.9072,4.8910,3.7550,14.3258,2.1851,1.1927,0.7434,3.5377,0.5903,5.9155,0.8270,1.7955,0.6726,4.0889
2026-08-06 10:52:55.377,6.533333,32,2,0.007528,-1.5352,165.72,0,0,0,60.0192,218.720,0.08488,1,0,0,0,0,0.007223,0.000176,0.000896,0.000125,0.001208,0.000057,0.000612,0.000020,0.000629,0.000038,0.000738,0.000079,0.000364,0.000073,0.000600,-165.72,-176.91,-118.11,-118.52,-39.39,90.75,50.76,40.72,96.65,123.69,175.66,-169.93,-83.76,124.07,-2.98,218.0704,4.9072,4.8910,3.7550,14.3258,2.1851,1.1927,0.7434,3.5377,0.5903,5.9155,0.8270,1.7955,0.6726,4.0889
2026-08-06 10:52:55.377,6.550000,32,3,0.007543,-1.5356,165.93,0,0,0,60.0192,218.720,0.08488,1,0,0,0,0,0.007215,0.000226,0.000919,0.000148,0.001215,0.000034,0.000661,0.000028,0.000719,0.000042,0.000766,0.000071,0.000323,0.000044,0.000626,-165.93,175.35,-117.77,-112.13,-37.68,-4.35,46.59,-112.24,97.52,44.39,175.04,132.95,-80.54,-150.57,-4.61,218.0704,4.9072,4.8910,3.7550,14.3258,2.1851,1.1927,0.7434,3.5377,0.5903,5.9155,0.8270,1.7955,0.6726,4.0889
2026-08-06 10:52:55.377,6.566667,32,4,0.007541,-1.5359,165.89,0,0,0,60.0192,218.720,0.08488,1,0,0,0,0,0.007221,0.000218,0.000929,0.000108,0.001247,0.000051,0.000610,0.000087,0.000682,0.000022,0.000727,0.000018,0.000397,0.000075,0.000612,-165.89,-175.23,-116.36,-122.33,-40.13,145.96,47.70,100.04,100.01,127.44,175.07,166.88,-80.62,165.91,-4.76,218.0704,4.9072,4.8910,3.7550,14.3258,2.1851,1.1927,0.7434,3.5377,0.5903,5.9155,0.8270,1.7955,0.6726,4.0889
2026-08-06 10:52:55.377,6.583333,32,5,0.007483,-1.5257,165.91,0,0,0,60.0192,218.720,0.08488,1,0,0,0,0,0.007171,0.000239,0.000906,0.000111,0.001227,0.000066,0.000620,0.000094,0.000661,0.000055,0.000683,0.000112,0.000364,0.000117,0.000609,-165.91,-165.05,-116.23,-131.62,-37.94,-168.08,47.70,40.41,95.66,85.92,170.03,142.82,-86.78,139.78,-2.00,218.0704,4.9072,4.8910,3.7550,14.3258,2.1851,1.1927,0.7434,3.5377,0.5903,5.9155,0.8270,1.7955,0.6726,4.0889
2026-08-06 10:52:55.377,6.600000,32,6,0.007518,-1.5374,166.59,0,0,0,60.0192,218.720,0.08488,1,0,0,0,0,0.007203,0.000228,0.000929,0.000099,0.001200,0.000019,0.000668,0.000008,0.000704,0.000050,0.000701,0.000065,0.000319,0.000051,0.000644,-166.59,-162.06,-115.60,-121.44,-39.88,-112.67,52.88,-111.50,99.95,51.47,173.98,143.69,-79.37,-165.30,-5.17,218.0704,4.9072,4.8910,3.7550,14.3258,2.1851,1.1927,0.7434,3.5377,0.5903,5.9155,0.8270,1.7955,0.6726,4.0889
2026-08-06 10:52:55.377,6.616667,32,7,0.007539,-1.5397,166.35,0,0,0,60.0192,218.720,0.08488,1,0,0,0,0,0.007219,0.000172,0.000905,0.000112,0.001197,0.000028,0.000676,0.000042,0.000751,0.000027,0.000745,0.000063,0.000382,0.000054,0.000590,-166.35,-169.59,-112.75,-130.25,-41.36,114.45,53.99,112.57,100.20,138.53,173.27,-114.02,-89.00,-151.34,-4.83,218.0704,4.9072,4.8910,3.7550,14.3258,2.1851,1.1927,0.7434,3.5377,0.5903,5.9155,0.8270,1.7955,0.6726,4.0889
2026-08-06 10:52:55.377,6.633333,32,8,0.007550,-1.5396,165.60,0,0,0,60.0192,218.720,0.08488,1,0,0,0,0,0.007245,0.000253,0.000900,0.000151,0.001200,0.000075,0.000604,0.000119,0.000674,0.000078,0.000626,0.000119,0.000391,0.000012,0.000673,-165.60,-162.67,-113.73,-105.91,-41.57,128.56,49.93,54.06,99.02,105.79,172.47,160.87,-84.83,113.73,-9.06,218.0704,4.9072,4.8910,3.7550,14.3258,2.1851,1.1927,0.7434,3.5377,0.5903,5.9155,0.8270,1.7955,0.6726,4.0889
2026-08-06 10:52:55.377,6.650000,32,9,0.007556,-1.5451,166.54,0,0,0,60.0192,218.720,0.08488,1,0,0,0,0,0.007241,0.000213,0.000910,0.000129,0.001229,0.000039,0.000664,0.000048,0.000637,0.000077,0.000715,0.000032,0.000317,0.000058,0.000663,-166.54,-179.12,-112.99,-152.45,-41.75,70.70,51.30,168.33,98.51,134.22,177.91,155.61,-79.72,-166.89,-10.42,218.0704,4.9072,4.8910,3.7550,14.3258,2.1851,1.1927,0.7434,3.5377,0.5903,5.9155,0.8270,1.7955,0.6726,4.0889
2026-08-06 10:52:55.377,6.666667,32,10,0.007452,-1.5177,165.56,0,0,0,60.0192,218.720,0.08488,1,0,0,0,0,0.007137,0.000269,0.000884,0.000178,0.001161,0.000073,0.000660,0.000083,0.000739,0.000053,0.000707,0.000019,0.000400,0.000056,0.000659,-165.56,-170.02,-113.29,-104.61,-42.22,130.52,50.86,134.36,100.55,170.38,174.93,-148.71,-82.86,178.70,-2.65,218.0704,4.9072,4.8910,3.7550,14.3258,2.1851,1.1927,0.7434,3.5377,0.5903,5.9155,0.8270,1.7955,0.6726,4.0889
2026-08-06 10:52:55.377,6.683333,32,11,0.007565,-1.5454,166.35,0,0,0,60.0192,218.720,0.08488,1,0,0,0,0,0.007246,0.000265,0.000913,0.000109,0.001195,0.000051,0.000647,0.000092,0.000684,0.000046,0.000678,0.000120,0.000338,0.000117,0.000678,-166.35,-172.70,-116.10,-122.57,-40.15,-13.68,49.46,60.80,96.33,104.20,173.96,164.48,-83.29,160.42,-5.37,218.0704,4.9072,4.8910,3.7550,14.3258,2.1851,1.1927,0.7434,3.5377,0.5903,5.9155,0.8270,1.7955,0.6726,4.0889
2026-08-06 10:52:55.377,6.700000,32,12,0.007513,-1.5304,165.53,0,0,0,60.0192,218.720,0.08488,1,0,0,0,0,0.007197,0.000229,0.000890,0.000185,0.001198,0.000061,0.000641,0.000035,0.000713,0.000058,0.000676,0.000028,0.000319,0.000020,0.000642,-165.53,-162.73,-115.70,-133.59,-42.19,114.55,54.91,-66.49,97.37,55.61,172.16,39.44,-79.99,142.99,-4.32,218.0704,4.9072,4.8910,3.7550,14.3258,2.1851,1.1927,0.7434,3.5377,0.5903,5.9155,0.8270,1.7955,0.6726,4.0889
2026-08-06 10:52:55.377,6.716667,32,13,0.007504,-1.5318,165.90,0,0,0,60.0192,218.720,0.08488,1,0,0,0,0,0.007193,0.000245,0.000957,0.000108,0.001146,0.000086,0.000663,0.000086,0.000700,0.000019,0.000685,0.000041,0.000426,0.000053,0.000638,-165.90,-146.58,-114.24,-115.22,-42.21,168.26,51.30,110.08,96.82,-154.63,167.78,-170.91,-83.74,-157.16,-9.26,218.0704,4.9072,4.8910,3.7550,14.3258,2.1851,1.1927,0.7434,3.5377,0.5903,5.9155,0.8270,1.7955,0.6726,4.0889
2026-08-06 10:52:55.377,6.733333,32,14,0.007531,-1.5334,165.52,0,0,0,60.0192,218.720,0.08488,1,0,0,0,0,0.007221,0.000206,0.000918,0.000122,0.001190,0.000069,0.000625,0.000123,0.000707,0.000106,0.000666,0.000103,0.000378,0.000051,0.000593,-165.52,-164.36,-114.12,-102.12,-38.33,129.75,49.76,59.55,97.07,132.75,170.08,-178.15,-87.08,-165.61,-3.24,218.0704,4.9072,4.8910,3.7550,14.3258,2.1851,1.1927,0.7434,3.5377,0.5903,5.9155,0.8270,1.7955,0.6726,4.0889
2026-08-06 10:52:55.377,6.750000,32,15,0.007542,-1.5390,165.94,0,0,0,60.0192,218.720,0.08488,1,0,0,0,0,0.007227,0.000260,0.000929,0.000152,0.001188,0.000008,0.000659,0.000031,0.000653,0.000060,0.000701,0.000042,0.000329,0.000049,0.000639,-165.94,-172.37,-113.48,-135.84,-39.43,-113.57,50.07,95.76,97.72,68.26,175.27,140.99,-68.88,162.75,-7.78,218.0704,4.9072,4.8910,3.7550,14.3258,2.1851,1.1927,0.7434,3.5377,0.5903,5.9155,0.8270,1.7955,0.6726,4.0889
2026-08-06 10:52:55.377,6.766667,32,16,0.007494,-1.5293,166.70,0,0,0,60.0192,218.720,0.08488,1,0,0,0,0,0.007161,0.000224,0.000960,0.000072,0.001200,0.000058,0.000648,0.000111,0.000710,0.000043,0.000699,0.000035,0.000377,0.000136,0.000633,-166.70,-169.58,-115.41,-150.48,-41.56,132.11,49.90,100.54,99.64,149.64,176.34,-152.61,-91.35,-165.60,-5.06,218.0704,4.9072,4.8910,3.7550,14.3258,2.1851,1.1927,0.7434,3.5377,0.5903,5.9155,0.8270,1.7955,0.6726,4.0889
2026-08-06 10:52:55.377,6.783333,32,17,0.007535,-1.5354,166.01,0,0,0,60.0192,218.720,0.08488,1,0,0,0,0,0.007210,0.000228,0.000914,0.000140,0.001218,0.000038,0.000614,0.000086,0.000664,0.000043,0.000701,0.000103,0.000366,0.000050,0.000665,-166.01,-174.15,-117.56,-120.19,-38.39,-77.85,49.98,25.73,103.40,136.16,169.96,160.94,-86.07,144.89,-2.03,218.0704,4.9072,4.8910,3.7550,14.3258,2.1851,1.1927,0.7434,3.5377,0.5903,5.9155,0.8270,1.7955,0.6726,4.0889
2026-08-06 10:52:55.377,6.800000,32,18,0.007516,-1.5359,166.32,0,0,0,60.0192,218.720,0.08488,1,0,0,0,0,0.007200,0.000275,0.000862,0.000103,0.001172,0.000019,0.000650,0.000040,0.000656,0.000018,0.000759,0.000069,0.000303,0.000062,0.000699,-166.32,-166.18,-114.01,-123.38,-41.47,-103.37,52.50,-81.53,99.45,107.58,177.84,130.16,-81.15,-164.50,-7.24,218.0704,4.9072,4.8910,3.7550,14.3258,2.1851,1.1927,0.7434,3.5377,0.5903,5.9155,0.8270,1.7955,0.6726,4.0889
2026-08-06 10:52:55.377,6.816667,32,19,0.007550,-1.5424,166.19,0,0,0,60.0192,218.720,0.08488,1,0,0,0,0,0.007242,0.000201,0.000880,0.000118,0.001178,0.000032,0.000677,0.000023,0.000684,0.000057,0.000711,0.000033,0.000387,0.000124,0.000630,-166.19,-170.58,-115.50,-126.09,-37.94,121.84,52.72,51.46,98.51,-156.36,172.72,178.60,-91.05,-163.81,-3.93,218.0704,4.9072,4.8910,3.7550,14.3258,2.1851,1.1927,0.7434,3.5377,0.5903,5.9155,0.8270,1.7955,0.6726,4.0889
2026-08-06 10:52:55.377,6.833333,32,20,0.007498,-1.5289,166.21,0,0,0,60.0192,218.720,0.08488,1,0,0,0,0,0.007178,0.000234,0.000924,0.000099,0.001213,0.000028,0.000636,0.000096,0.000696,0.000056,0.000727,0.000072,0.000352,0.000060,0.000586,-166.21,-148.14,-117.55,-109.85,-39.05,68.17,49.05,51.05,94.57,153.80,169.68,-157.66,-91.15,-136.96,-2.59,218.0704,4.9072,4.8910,3.7550,14.3258,2.1851,1.1927,0.7434,3.5377,0.5903,5.9155,0.8270,1.7955,0.6726,4.0889
2026-08-06 10:52:55.377,6.850000,32,21,0.007582,-1.5491,166.22,0,0,0,60.0192,218.720,0.08488,1,0,0,0,0,0.007272,0.000259,0.000893,0.000114,0.001210,0.000102,0.000710,0.000019,0.000660,0.000031,0.000711,0.000042,0.000325,0.000051,0.000626,-166.22,-166.68,-116.58,-112.94,-39.83,53.71,50.51,-11.66,98.28,42.06,173.96,132.57,-85.43,159.03,-9.68,218.0704,4.9072,4.8910,3.7550,14.3258,2.1851,1.1927,0.7434,3.5377,0.5903,5.9155,0.8270,1.7955,0.6726,4.0889
2026-08-06 10:52:55.377,6.866667,32,22,0.007504,-1.5283,165.98,0,0,0,60.0192,218.720,0.08488,1,0,0,0,0,0.007175,0.000193,0.000954,0.000184,0.001159,0.000023,0.000639,0.000092,0.000758,0.000041,0.000730,0.000017,0.000402,0.000068,0.000655,-165.98,-170.31,-117.39,-114.21,-40.01,88.32,52.28,100.82,98.17,-165.41,170.96,-121.90,-86.20,-175.49,-7.55,218.0704,4.9072,4.8910,3.7550,14.3258,2.1851,1.1927,0.7434,3.5377,0.5903,5.9155,0.8270,1.7955,0.6726,4.0889
2026-08-06 10:52:55.377,6.883333,32,23,0.007474,-1.5257,166.01,0,0,0,60.0192,218.720,0.08488,1,0,0,0,0,0.007159,0.000224,0.000953,0.000137,0.001139,0.000043,0.000654,0.000101,0.000736,0.000054,0.000679,0.000056,0.000376,0.000060,0.000634,-166.01,-169.53,-115.45,-108.43,-41.48,126.12,50.45,100.85,100.71,100.90,172.32,143.91,-83.36,-138.97,-6.77,218.0704,4.9072,4.8910,3.7550,14.3258,2.1851,1.1927,0.7434,3.5377,0.5903,5.9155,0.8270,1.7955,0.6726,4.0889
2026-08-06 10:52:55.377,6.900000,32,24,0.007481,-1.5270,166.33,0,0,0,60.0192,218.720,0.08488,1,0,0,0,0,0.007161,0.000271,0.000860,0.000134,0.001197,0.000082,0.000686,0.000037,0.000690,0.000099,0.000720,0.000108,0.000351,0.000102,0.000653,-166.33,-175.59,-114.58,-124.10,-40.47,90.72,47.75,123.48,99.82,69.28,178.32,113.82,-83.09,-175.50,-9.20,218.0704,4.9072,4.8910,3.7550,14.3258,2.1851,1.1927,0.7434,3.5377,0.5903,5.9155,0.8270,1.7955,0.6726,4.0889
2026-08-06 10:52:55.377,6.916667,32,25,0.007500,-1.5300,165.61,0,0,0,60.0192,218.720,0.08488,1,0,0,0,0,0.007196,0.000193,0.000905,0.000167,0.001116,0.000042,0.000673,0.000109,0.000766,0.000061,0.000662,0.000075,0.000356,0.000049,0.000646,-165.61,-176.61,-116.63,-108.54,-41.09,123.23,53.76,127.43,102.00,122.09,172.63,-163.24,-86.39,-140.52,-11.77,218.0704,4.9072,4.8910,3.7550,14.3258,2.1851,1.1927,0.7434,3.5377,0.5903,5.9155,0.8270,1.7955,0.6726,4.0889
2026-08-06 10:52:55.377,6.933333,32,26,0.007563,-1.5411,165.80,0,0,0,60.0192,218.720,0.08488,1,0,0,0,0,0.007240,0.000196,0.000949,0.000144,0.001223,0.000069,0.000665,0.000057,0.000723,0.000080,0.000682,0.000101,0.000388,0.000081,0.000596,-165.80,-168.20,-115.92,-110.14,-42.83,113.35,47.44,65.46,95.18,91.68,173.00,179.48,-81.19,170.11,-6.47,218.0704,4.9072,4.8910,3.7550,14.3258,2.1851,1.1927,0.7434,3.5377,0.5903,5.9155,0.8270,1.7955,0.6726,4.0889
2026-08-06 10:52:55.377,6.950000,32,27,0.007534,-1.5312,165.73,0,0,0,60.0192,218.720,0.08488,1,0,0,0,0,0.007196,0.000197,0.000915,0.000172,0.001247,0.000051,0.000694,0.000049,0.000691,0.000081,0.000751,0.000089,0.000359,0.000062,0.000711,-165.73,-178.72,-114.17,-130.19,-40.78,96.55,50.75,-158.96,97.36,109.48,178.39,119.74,-77.09,164.77,-7.86,218.0704,4.9072,4.8910,3.7550,14.3258,2.1851,1.1927,0.7434,3.5377,0.5903,5.9155,0.8270,1.7955,0.6726,4.0889
2026-08-06 10:52:55.377,6.966667,32,28,0.007502,-1.5298,165.98,0,0,0,60.0192,218.720,0.08488,1,0,0,0,0,0.007189,0.000152,0.000928,0.000127,0.001185,0.000022,0.000621,0.000083,0.000740,0.000063,0.000733,0.000029,0.000339,0.000051,0.000597,-165.98,175.14,-114.59,-136.23,-38.96,92.13,51.46,89.46,98.72,161.09,172.85,100.97,-82.63,-159.87,-0.87,218.0704,4.9072,4.8910,3.7550,14.3258,2.1851,1.1927,0.7434,3.5377,0.5903,5.9155,0.8270,1.7955,0.6726,4.0889
2026-08-06 10:52:55.377,6.983333,32,29,0.007512,-1.5326,166.32,0,0,0,60.0192,218.720,0.08488,1,0,0,0,0,0.007189,0.000252,0.000931,0.000096,0.001234,0.000045,0.000656,0.000094,0.000666,0.000038,0.000666,0.000109,0.000357,0.000076,0.000619,-166.32,-160.78,-114.92,-109.46,-39.36,-134.50,47.36,58.36,99.38,91.13,169.13,168.18,-81.81,170.03,-0.44,218.0704,4.9072,4.8910,3.7550,14.3258,2.1851,1.1927,0.7434,3.5377,0.5903,5.9155,0.8270,1.7955,0.6726,4.0889
2026-08-06 10:52:55.628,7.000000,33,0,0.007591,-1.5454,165.79,0,0,0,60.0192,218.663,0.08489,1,0,0,0,0,0.007262,0.000222,0.001013,0.000191,0.001221,0.000059,0.000651,0.000056,0.000691,0.000116,0.000711,0.000075,0.000317,0.000083,0.000618,-165.79,-153.76,-116.68,-102.00,-42.25,20.16,48.07,38.61,94.58,71.90,174.28,124.28,-76.41,-146.65,-5.12,218.0123,4.8940,4.8781,3.7246,14.3354,2.1887,1.1655,0.7574,3.5181,0.5841,5.9235,0.8267,1.8379,0.6737,4.0996
2026-08-06 10:52:55.628,7.016667,33,1,0.007469,-1.5233,166.26,0,0,0,60.0192,218.663,0.08489,1,0,0,0,0,0.007149,0.000204,0.000912,0.000101,0.001176,0.000005,0.000609,0.000042,0.000702,0.000035,0.000791,0.000058,0.000387,0.000072,0.000644,-166.26,-164.91,-117.00,-144.35,-37.26,-3.77,50.78,165.43,94.69,178.42,175.17,148.93,-85.69,-137.95,-6.16,218.0123,4.8940,4.8781,3.7246,14.3354,2.1887,1.1655,0.7574,3.5181,0.5841,5.9235,0.8267,1.8379,0.6737,4.0996
2026-08-06 10:52:55.628,7.033333,33,2,0.007532,-1.5296,165.57,0,0,0,60.0192,218.663,0.08489,1,0,0,0,0,0.007203,0.000215,0.000930,0.000119,0.001279,0.000046,0.000642,0.000104,0.000651,0.000109,0.000752,0.000063,0.000376,0.000042,0.000581,-165.57,-169.62,-118.30,-111.54,-38.63,131.62,46.84,36.57,96.66,123.66,169.86,165.21,-94.79,144.08,-5.98,218.0123,4.8940,4.8781,3.7246,14.3354,2.1887,1.1655,0.7574,3.5181,0.5841,5.9235,0.8267,1.8379,0.6737,4.0996
2026-08-06 10:52:55.628,7.050000,33,3,0.007548,-1.5409,166.00,0,0,0,60.0192,218.663,0.08489,1,0,0,0,0,0.007234,0.000229,0.000877,0.000171,0.001173,0.000044,0.000715,0.000015,0.000680,0.000070,0.000767,0.000083,0.000317,0.000086,0.000599,-166.00,-178.92,-119.74,-113.27,-39.81,31.54,51.06,-121.22,96.62,97.46,171.50,146.14,-77.98,170.35,-4.44,218.0123,4.8940,4.8781,3.7246,14.3354,2.1887,1.1655,0.7574,3.5181,0.5841,5.9235,0.8267,1.8379,0.6737,4.0996
2026-08-06 10:52:55.628,7.066667,33,4,0.007517,-1.5297,165.86,0,0,0,60.0192,218.663,0.08489,1,0,0,0,0,0.007188,0.000176,0.000976,0.000142,0.001222,0.000071,0.000647,0.000094,0.000710,0.000030,0.000735,0.000034,0.000399,0.000042,0.000616,-165.86,-173.85,-114.29,-115.66,-41.49,160.03,46.13,144.76,100.71,-82.47,173.91,35.93,-78.40,154.90,-4.66,218.0123,4.8940,4.8781,3.7246,14.3354,2.1887,1.1655,0.7574,3.5181,0.5841,5.9235,0.8267,1.8379,0.6737,4.0996
2026-08-06 10:52:55.628,7.083333,33,5,0.007533,-1.5338,165.99,0,0,0,60.0192,218.663,0.08489,1,0,0,0,0,0.007204,0.000192,0.000900,0.000113,0.001244,0.000076,0.000646,0.000067,0.000700,0.000038,0.000719,0.000085,0.000346,0.000068,0.000627,-165.99,-169.12,-117.47,-130.81,-38.77,112.95,48.57,38.94,98.70,155.88,167.11,177.46,-79.15,175.68,-5.43,218.0123,4.8940,4.8781,3.7246,14.3354,2.1887,1.1655,0.7574,3.5181,0.5841,5.9235,0.8267,1.8379,0.6737,4.0996
2026-08-06 10:52:55.628,7.100000,33,6,0.009604,-1.7551,152.64,0,0,0,60.0192,218.663,0.08489,1,0,0,0,0,0.009049,0.000301,0.001543,0.000646,0.001581,0.000234,0.000697,0.000449,0.000486,0.000444,0.000564,0.000312,0.000261,0.000227,0.000461,-152.64,-27.24,-142.92,-99.01,-41.70,-96.24,47.13,-158.29,153.58,-100.15,-126.53,-4.73,-26.31,-138.62,-14.52,218.0123,4.8940,4.8781,3.7246,14.3354,2.1887,1.1655,0.7574,3.5181,0.5841,5.9235,0.8267,1.8379,0.6737,4.0996
2026-08-06 10:52:55.628,7.116667,33,7,0.007568,-1.5416,166.38,0,0,0,60.0192,218.663,0.08489,1,0,0,0,0,0.007213,0.000308,0.001038,0.000276,0.001079,0.000166,0.000585,0.000203,0.000792,0.000092,0.000787,0.000067,0.000396,0.000168,0.000518,-166.38,-150.60,-121.89,-142.29,-44.62,160.22,66.16,136.50,102.81,150.96,173.03,177.63,-89.21,-151.41,-9.22,218.0123,4.8940,4.8781,3.7246,14.3354,2.1887,1.1655,0.7574,3.5181,0.5841,5.9235,0.8267,1.8379,0.6737,4.0996
2026-08-06 10:52:55.628,7.133333,33,8,0.007534,-1.5293,165.62,0,0,0,60.0192,218.663,0.08489,1,0,0,0,0,0.007198,0.000231,0.000960,0.000131,0.001258,0.000045,0.000664,0.000111,0.000635,0.000089,0.000752,0.000058,0.000399,0.000102,0.000592,-165.62,-164.36,-119.31,-119.18,-38.34,58.29,46.56,42.65,96.04,103.40,175.34,162.89,-85.77,158.92,-4.56,218.0123,4.8940,4.8781,3.7246,14.3354,2.1887,1.1655,0.7574,3.5181,0.5841,5.9235,0.8267,1.8379,0.6737,4.0996
2026-08-06 10:52:55.628,7.150000,33,9,0.007454,-1.5193,165.89,0,0,0,60.0192,218.663,0.08489,1,0,0,0,0,0.007144,0.000223,0.000860,0.000112,0.001231,0.000075,0.000644,0.000027,0.000618,0.000140,0.000706,0.000122,0.000329,0.000055,0.000670,-165.89,-175.22,-115.77,-119.30,-38.68,85.73,47.36,-110.91,96.15,122.69,-178.68,124.13,-77.53,171.80,-6.78,218.0123,4.8940,4.8781,3.7246,14.3354,2.1887,1.1655,0.7574,3.5181,0.5841,5.9235,0.8267,1.8379,0.6737,4.0996
2026-08-06 10:52:55.628,7.166667,33,10,0.007516,-1.5356,166.39,0,0,0,60.0192,218.663,0.08489,1,0,0,0,0,0.007205,0.000212,0.000920,0.000109,0.001198,0.000037,0.000544,0.000068,0.000657,0.000066,0.000757,0.000062,0.000417,0.000069,0.000632,-166.39,-146.20,-116.30,-150.99,-38.70,38.49,49.79,116.20,92.90,-149.00,174.53,178.78,-79.01,-134.14,-6.21,218.0123,4.8940,4.8781,3.7246,14.3354,2.1887,1.1655,0.7574,3.5181,0.5841,5.9235,0.8267,1.8379,0.6737,4.0996
2026-08-06 10:52:55.628,7.183333,33,11,0.007554,-1.5383,166.04,0,0,0,60.0192,218.663,0.08489,1,0,0,0,0,0.007231,0.000206,0.000903,0.000138,0.001281,0.000040,0.000622,0.000077,0.000693,0.000075,0.000740,0.000087,0.000395,0.000062,0.000585,-166.04,-158.37,-116.48,-136.53,-37.43,52.31,50.71,47.22,96.02,67.63,174.29,143.89,-85.91,157.00,-6.04,218.0123,4.8940,4.8781,3.7246,14.3354,2.1887,1.1655,0.7574,3.5181,0.5841,5.9235,0.8267,1.8379,0.6737,4.0996
2026-08-06 10:52:55.628,7.200000,33,12,0.007542,-1.5370,165.59,0,0,0,60.0192,218.663,0.08489,1,0,0,0,0,0.007230,0.000262,0.000866,0.000187,0.001226,0.000084,0.000637,0.000066,0.000609,0.000075,0.000752,0.000081,0.000358,0.000048,0.000635,-165.59,-170.75,-118.61,-110.89,-38.77,73.16,46.50,-44.99,99.51,59.02,174.65,130.81,-80.32,83.23,-9.78,218.0123,4.8940,4.8781,3.7246,14.3354,2.1887,1.1655,0.7574,3.5181,0.5841,5.9235,0.8267,1.8379,0.6737,4.0996
2026-08-06 10:52:55.628,7.216667,33,13,0.007466,-1.5199,166.54,0,0,0,60.0192,218.663,0.08489,1,0,0,0,0,0.007129,0.000208,0.000980,0.000119,0.001202,0.000057,0.000604,0.000030,0.000704,0.000031,0.000830,0.000062,0.000392,0.000047,0.000635,-166.54,-171.12,-115.98,-87.16,-35.42,-176.37,51.30,-104.11,95.97,106.44,173.72,62.56,-81.15,-175.37,-1.98,218.0123,4.8940,4.8781,3.7246,14.3354,2.1887,1.1655,0.7574,3.5181,0.5841,5.9235,0.8267,1.8379,0.6737,4.0996
2026-08-06 10:52:55.628,7.233333,33,14,0.007516,-1.5311,166.14,0,0,0,60.0192,218.663,0.08489,1,0,0,0,0,0.007189,0.000221,0.000894,0.000167,0.001262,0.000057,0.000659,0.000049,0.000674,0.000054,0.000745,0.000042,0.000328,0.000123,0.000644,-166.14,-179.00,-113.96,-125.94,-39.23,50.04,51.43,72.68,95.49,133.60,175.09,133.55,-84.86,164.20,0.09,218.0123,4.8940,4.8781,3.7246,14.3354,2.1887,1.1655,0.7574,3.5181,0.5841,5.9235,0.8267,1.8379,0.6737,4.0996
2026-08-06 10:52:55.628,7.250000,33,15,0.007529,-1.4745,162.49,0,0,0,60.0192,218.663,0.08489,1,0,0,0,0,0.007061,0.000295,0.001210,0.000501,0.001174,0.000424,0.000743,0.000423,0.000630,0.000362,0.000884,0.000274,0.000589,0.000334,0.000570,-162.49,98.79,-132.51,-69.05,-21.28,-167.78,17.32,78.63,131.43,-8.80,154.29,-146.03,-50.55,116.74,-29.30,218.0123,4.8940,4.8781,3.7246,14.3354,2.1887,1.1655,0.7574,3.5181,0.5841,5.9235,0.8267,1.8379,0.6737,4.0996
2026-08-06 10:52:55.628,7.266667,33,16,0.007529,-1.5315,166.22,0,0,0,60.0192,218.663,0.08489,1,0,0,0,0,0.007197,0.000199,0.000978,0.000108,0.001238,0.000008,0.000653,0.000059,0.000672,0.000057,0.000748,0.000021,0.000405,0.000032,0.000601,-166.22,-169.58,-117.13,-104.14,-37.17,119.49,50.11,132.99,94.82,-105.99,176.99,-46.84,-85.94,-164.21,-1.14,218.0123,4.8940,4.8781,3.7246,14.3354,2.1887,1.1655,0.7574,3.5181,0.5841,5.9235,0.8267,1.8379,0.6737,4.0996
2026-08-06 10:52:55.628,7.283333,33,17,0.007479,-1.5268,166.27,0,0,0,60.0192,218.663,0.08489,1,0,0,0,0,0.007171,0.000235,0.000856,0.000127,0.001223,0.000050,0.000625,0.000125,0.000698,0.000036,0.000757,0.000065,0.000354,0.000108,0.000579,-166.27,-169.94,-118.32,-119.63,-35.45,37.74,48.28,72.20,92.45,164.00,171.70,-170.14,-83.84,176.33,-5.08,218.0123,4.8940,4.8781,3.7246,14.3354,2.1887,1.1655,0.7574,3.5181,0.5841,5.9235,0.8267,1.8379,0.6737,4.0996
2026-08-06 10:52:55.628,7.300000,33,18,0.007558,-1.5397,165.95,0,0,0,60.0192,218.663,0.08489,1,0,0,0,0,0.007233,0.000231,0.000951,0.000142,0.001224,0.000031,0.000661,0.000013,0.000670,0.000098,0.000753,0.000085,0.000333,0.000055,0.000617,-165.95,-162.93,-117.83,-96.54,-40.10,-100.19,45.61,3.32,93.65,122.87,170.12,146.48,-80.83,-139.70,-2.50,218.0123,4.8940,4.8781,3.7246,14.3354,2.1887,1.1655,0.7574,3.5181,0.5841,5.9235,0.8267,1.8379,0.6737,4.0996
2026-08-06 10:52:55.628,7.316667,33,19,0.007557,-1.5446,166.27,0,0,0,60.0192,218.663,0.08489,1,0,0,0,0,0.007245,0.000171,0.000892,0.000159,0.001185,0.000034,0.000631,0.000048,0.000670,0.000024,0.000759,0.000017,0.000376,0.000032,0.000634,-166.27,-178.04,-118.20,-120.78,-40.79,149.46,52.52,-146.23,98.75,-52.73,172.18,-91.52,-77.67,-137.58,-5.96,218.0123,4.8940,4.8781,3.7246,14.3354,2.1887,1.1655,0.7574,3.5181,0.5841,5.9235,0.8267,1.8379,0.6737,4.0996
2026-08-06 10:52:55.628,7.333333,33,20,0.007546,-1.5397,166.29,0,0,0,60.0192,218.663,0.08489,1,0,0,0,0,0.007231,0.000241,0.000911,0.000137,0.001260,0.000073,0.000613,0.000089,0.000661,0.000072,0.000738,0.000105,0.000360,0.000075,0.000607,-166.29,-163.25,-116.86,-106.26,-38.38,15.44,48.60,65.44,94.17,148.60,171.60,148.10,-84.84,172.87,1.91,218.0123,4.8940,4.8781,3.7246,14.3354,2.1887,1.1655,0.7574,3.5181,0.5841,5.9235,0.8267,1.8379,0.6737,4.0996
2026-08-06 10:52:55.628,7.350000,33,21,0.007513,-1.5340,166.39,0,0,0,60.0192,218.663,0.08489,1,0,0,0,0,0.007199,0.000240,0.000913,0.000143,0.001240,0.000022,0.000633,0.000022,0.000610,0.000032,0.000758,0.000065,0.000359,0.000035,0.000570,-166.39,-170.49,-118.62,-117.01,-37.58,105.10,49.15,6.81,95.49,97.20,172.76,139.62,-83.71,-138.02,-4.96,218.0123,4.8940,4.8781,3.7246,14.3354,2.1887,1.1655,0.7574,3.5181,0.5841,5.9235,0.8267,1.8379,0.6737,4.0996
2026-08-06 10:52:55.628,7.366667,33,22,0.007486,-1.5273,166.27,0,0,0,60.0192,218.663,0.08489,1,0,0,0,0,0.007167,0.000175,0.000923,0.000086,0.001219,0.000011,0.000636,0.000054,0.000664,0.000061,0.000806,0.000016,0.000400,0.000015,0.000626,-166.27,177.92,-122.56,-116.50,-37.88,18.44,44.31,98.32,94.32,154.17,172.19,-115.38,-77.33,22.29,-5.53,218.0123,4.8940,4.8781,3.7246,14.3354,2.1887,1.1655,0.7574,3.5181,0.5841,5.9235,0.8267,1.8379,0.6737,4.0996
2026-08-06 10:52:55.628,7.383333,33,23,0.007539,-1.5322,165.72,0,0,0,60.0192,218.663,0.08489,1,0,0,0,0,0.007212,0.000235,0.000913,0.000136,0.001246,0.000041,0.000649,0.000111,0.000698,0.000042,0.000731,0.000096,0.000336,0.000024,0.000606,-165.72,-179.89,-115.50,-117.74,-36.55,89.33,46.38,78.07,96.36,97.34,172.81,179.87,-87.86,-168.95,-3.35,218.0123,4.8940,4.8781,3.7246,14.3354,2.1887,1.1655,0.7574,3.5181,0.5841,5.9235,0.8267,1.8379,0.6737,4.0996
2026-08-06 10:52:55.628,7.400000,33,24,0.007728,-1.5259,162.54,0,0,0,60.0192,218.663,0.08489,1,0,0,0,0,0.007278,0.000171,0.000637,0.000525,0.001592,0.000468,0.000880,0.000367,0.000386,0.000402,0.001010,0.000320,0.000612,0.000249,0.000387,-162.54,7.73,-143.23,-152.63,-46.68,36.66,73.97,-143.05,60.78,63.25,168.53,-134.68,-53.75,78.71,-3.12,218.0123,4.8940,4.8781,3.7246,14.3354,2.1887,1.1655,0.7574,3.5181,0.5841,5.9235,0.8267,1.8379,0.6737,4.0996
2026-08-06 10:52:55.628,7.416667,33,25,0.007449,-1.5199,166.71,0,0,0,60.0192,218.663,0.08489,1,0,0,0,0,0.007123,0.000220,0.000945,0.000135,0.001245,0.000025,0.000643,0.000082,0.000648,0.000050,0.000738,0.000069,0.000373,0.000048,0.000529,-166.71,-158.86,-118.07,-113.21,-37.19,22.87,50.04,88.07,93.88,14.34,176.27,103.16,-79.13,-175.38,-3.61,218.0123,4.8940,4.8781,3.7246,14.3354,2.1887,1.1655,0.7574,3.5181,0.5841,5.9235,0.8267,1.8379,0.6737,4.0996
2026-08-06 10:52:55.628,7.433333,33,26,0.007535,-1.5322,166.20,0,0,0,60.0192,218.663,0.08489,1,0,0,0,0,0.007195,0.000219,0.000965,0.000145,0.001278,0.000055,0.000668,0.000117,0.000705,0.000064,0.000765,0.000074,0.000341,0.000077,0.000548,-166.20,-171.57,-115.13,-127.97,-38.06,28.37,47.09,82.42,93.09,122.76,173.09,141.25,-87.76,-166.97,-1.78,218.0123,4.8940,4.8781,3.7246,14.3354,2.1887,1.1655,0.7574,3.5181,0.5841,5.9235,0.8267,1.8379,0.6737,4.0996
2026-08-06 10:52:55.628,7.450000,33,27,0.007551,-1.5424,166.24,0,0,0,60.0192,218.663,0.08489,1,0,0,0,0,0.007240,0.000285,0.000889,0.000131,0.001231,0.000027,0.000626,0.000058,0.000646,0.000063,0.000680,0.000095,0.000283,0.000060,0.000644,-166.24,-167.38,-119.77,-101.32,-38.49,175.93,48.12,-14.83,99.52,122.57,174.37,135.16,-78.12,-179.37,-1.28,218.0123,4.8940,4.8781,3.7246,14.3354,2.1887,1.1655,0.7574,3.5181,0.5841,5.9235,0.8267,1.8379,0.6737,4.0996
2026-08-06 10:52:55.628,7.466667,33,28,0.007483,-1.5246,165.96,0,0,0,60.0192,218.663,0.08489,1,0,0,0,0,0.007168,0.000201,0.000904,0.000118,0.001213,0.000064,0.000585,0.000038,0.000660,0.000050,0.000757,0.000075,0.000401,0.000068,0.000574,-165.96,-154.95,-116.97,-130.27,-38.33,67.77,51.71,97.90,95.17,52.67,178.47,144.86,-82.70,-149.94,-5.85,218.0123,4.8940,4.8781,3.7246,14.3354,2.1887,1.1655,0.7574,3.5181,0.5841,5.9235,0.8267,1.8379,0.6737,4.0996
2026-08-06 10:52:55.628,7.483333,33,29,0.007594,-1.5406,165.07,0,0,0,60.0192,218.663,0.08489,1,0,0,0,0,0.007269,0.000204,0.000957,0.000160,0.001289,0.000062,0.000624,0.000079,0.000657,0.000126,0.000723,0.000072,0.000404,0.000087,0.000567,-165.07,-163.35,-116.76,-115.23,-40.86,114.41,46.36,74.52,93.04,113.02,172.27,175.40,-83.78,132.88,-5.11,218.0123,4.8940,4.8781,3.7246,14.3354,2.1887,1.1655,0.7574,3.5181,0.5841,5.9235,0.8267,1.8379,0.6737,4.0996
2026-08-06 10:52:55.888,7.500000,34,0,0.007502,-1.5262,166.15,0,0,0,60.0192,218.778,0.08500,1,0,0,0,0,0.007163,0.000294,0.000925,0.000136,0.001278,0.000044,0.000662,0.000070,0.000653,0.000113,0.000751,0.000108,0.000379,0.000034,0.000611,-166.15,-174.06,-117.52,-122.53,-37.26,-39.92,44.86,-5.16,93.75,84.24,177.46,84.27,-91.88,143.68,-7.27,218.1257,4.9177,4.9066,3.7596,14.3155,2.1869,1.1894,0.7595,3.5641,0.5828,5.9517,0.8357,1.8382,0.6874,4.1322
2026-08-06 10:52:55.888,7.516667,34,1,0.007420,-1.5129,166.20,0,0,0,60.0192,218.778,0.08500,1,0,0,0,0,0.007104,0.000151,0.000876,0.000096,0.001162,0.000102,0.000662,0.000069,0.000655,0.000066,0.000737,0.000074,0.000480,0.000092,0.000644,-166.20,-175.07,-120.33,-109.97,-36.02,161.17,57.14,73.34,99.42,-140.23,174.24,0.32,-81.67,-179.32,0.39,218.1257,4.9177,4.9066,3.7596,14.3155,2.1869,1.1894,0.7595,3.5641,0.5828,5.9517,0.8357,1.8382,0.6874,4.1322
2026-08-06 10:52:55.888,7.533333,34,2,0.007494,-1.5237,165.71,0,0,0,60.0192,218.778,0.08500,1,0,0,0,0,0.007166,0.000279,0.000892,0.000164,0.001269,0.000062,0.000649,0.000072,0.000632,0.000119,0.000739,0.000044,0.000392,0.000059,0.000624,-165.71,-169.68,-114.19,-137.07,-39.07,75.34,50.25,47.20,98.83,88.32,176.63,124.70,-82.03,127.34,-9.85,218.1257,4.9177,4.9066,3.7596,14.3155,2.1869,1.1894,0.7595,3.5641,0.5828,5.9517,0.8357,1.8382,0.6874,4.1322
2026-08-06 10:52:55.888,7.550000,34,3,0.007941,-1.5933,163.46,0,0,0,60.0192,218.778,0.08500,1,0,0,0,0,0.007580,0.000385,0.000774,0.000246,0.000793,0.000400,0.000430,0.000484,0.000943,0.000503,0.001020,0.000303,0.000568,0.000223,0.000744,-163.46,-97.27,-90.50,77.27,-44.36,-162.02,14.00,-24.17,76.76,99.21,174.55,-137.03,-73.44,-1.06,17.04,218.1257,4.9177,4.9066,3.7596,14.3155,2.1869,1.1894,0.7595,3.5641,0.5828,5.9517,0.8357,1.8382,0.6874,4.1322
2026-08-06 10:52:55.888,7.566667,34,4,0.007561,-1.5427,166.38,0,0,0,60.0192,218.778,0.08500,1,0,0,0,0,0.007231,0.000198,0.000975,0.000108,0.001267,0.000037,0.000624,0.000035,0.000696,0.000030,0.000696,0.000070,0.000389,0.000050,0.000613,-166.38,-163.79,-117.67,-124.48,-40.38,162.33,45.16,84.92,93.90,27.38,173.06,89.37,-76.66,170.97,-6.39,218.1257,4.9177,4.9066,3.7596,14.3155,2.1869,1.1894,0.7595,3.5641,0.5828,5.9517,0.8357,1.8382,0.6874,4.1322
2026-08-06 10:52:55.888,7.583333,34,5,0.007479,-1.5232,166.29,0,0,0,60.0192,218.778,0.08500,1,0,0,0,0,0.007149,0.000239,0.000914,0.000121,0.001262,0.000027,0.000627,0.000146,0.000669,0.000055,0.000732,0.000057,0.000379,0.000096,0.000553,-166.29,177.29,-116.25,-133.45,-38.11,146.58,45.61,76.44,98.34,66.84,175.24,164.31,-89.80,100.28,-1.80,218.1257,4.9177,4.9066,3.7596,14.3155,2.1869,1.1894,0.7595,3.5641,0.5828,5.9517,0.8357,1.8382,0.6874,4.1322
2026-08-06 10:52:55.888,7.600000,34,6,0.007473,-1.5162,165.63,0,0,0,60.0192,218.778,0.08500,1,0,0,0,0,0.007137,0.000250,0.000933,0.000186,0.001258,0.000027,0.000670,0.000085,0.000648,0.000077,0.000723,0.000070,0.000392,0.000086,0.000640,-165.63,-167.10,-117.33,-125.52,-35.89,-34.64,51.67,41.99,93.84,94.85,174.06,110.90,-89.35,170.57,-5.11,218.1257,4.9177,4.9066,3.7596,14.3155,2.1869,1.1894,0.7595,3.5641,0.5828,5.9517,0.8357,1.8382,0.6874,4.1322
2026-08-06 10:52:55.888,7.616667,34,7,0.007535,-1.5389,166.39,0,0,0,60.0192,218.778,0.08500,1,0,0,0,0,0.007218,0.000223,0.000954,0.000142,0.001191,0.000013,0.000607,0.000033,0.000659,0.000014,0.000754,0.000032,0.000421,0.000027,0.000648,-166.39,-161.85,-118.94,-128.66,-37.29,5.57,48.98,51.01,95.32,-172.77,173.35,34.02,-71.39,-177.18,-7.58,218.1257,4.9177,4.9066,3.7596,14.3155,2.1869,1.1894,0.7595,3.5641,0.5828,5.9517,0.8357,1.8382,0.6874,4.1322
2026-08-06 10:52:55.888,7.633333,34,8,0.007516,-1.5291,165.69,0,0,0,60.0192,218.778,0.08500,1,0,0,0,0,0.007193,0.000197,0.000915,0.000134,0.001281,0.000022,0.000643,0.000075,0.000649,0.000061,0.000751,0.000047,0.000356,0.000109,0.000549,-165.69,-165.34,-117.45,-126.32,-38.39,48.11,48.51,18.54,94.52,86.68,175.65,151.66,-86.96,138.42,2.04,218.1257,4.9177,4.9066,3.7596,14.3155,2.1869,1.1894,0.7595,3.5641,0.5828,5.9517,0.8357,1.8382,0.6874,4.1322
2026-08-06 10:52:55.888,7.650000,34,9,0.007498,-1.5259,165.61,0,0,0,60.0192,218.778,0.08500,1,0,0,0,0,0.007179,0.000250,0.000901,0.000145,0.001224,0.000036,0.000605,0.000004,0.000619,0.000100,0.000719,0.000098,0.000401,0.000062,0.000650,-165.61,-165.13,-118.68,-105.04,-38.54,-149.65,46.95,-35.60,91.58,136.43,174.47,86.48,-74.97,106.01,1.13,218.1257,4.9177,4.9066,3.7596,14.3155,2.1869,1.1894,0.7595,3.5641,0.5828,5.9517,0.8357,1.8382,0.6874,4.1322
2026-08-06 10:52:55.888,7.666667,34,10,0.007575,-1.5456,166.38,0,0,0,60.0192,218.778,0.08500,1,0,0,0,0,0.007251,0.000203,0.000951,0.000132,0.001226,0.000055,0.000615,0.000013,0.000707,0.000045,0.000772,0.000070,0.000397,0.000094,0.000573,-166.38,-156.05,-117.71,-114.24,-38.73,84.30,43.41,122.16,98.41,-79.18,174.61,149.62,-76.68,-110.75,-6.15,218.1257,4.9177,4.9066,3.7596,14.3155,2.1869,1.1894,0.7595,3.5641,0.5828,5.9517,0.8357,1.8382,0.6874,4.1322
2026-08-06 10:52:55.888,7.683333,34,11,0.007494,-1.5295,166.44,0,0,0,60.0192,218.778,0.08500,1,0,0,0,0,0.007177,0.000179,0.000857,0.000137,0.001250,0.000054,0.000609,0.000112,0.000652,0.000026,0.000765,0.000079,0.000382,0.000128,0.000590,-166.44,-159.09,-115.91,-102.49,-36.28,-70.63,47.86,-6.74,95.96,-111.66,173.62,174.03,-86.74,165.07,-1.73,218.1257,4.9177,4.9066,3.7596,14.3155,2.1869,1.1894,0.7595,3.5641,0.5828,5.9517,0.8357,1.8382,0.6874,4.1322
2026-08-06 10:52:55.888,7.700000,34,12,0.008261,-1.6147,165.69,0,0,0,60.0192,218.778,0.08500,1,0,0,0,0,0.007631,0.000594,0.001218,0.000470,0.001568,0.000488,0.001031,0.000388,0.000984,0.000398,0.001040,0.000328,0.000640,0.000276,0.000917,-165.69,-125.99,-103.22,-49.30,-28.72,32.59,57.06,100.10,111.71,171.68,-172.35,-119.41,-76.99,-54.84,-3.54,218.1257,4.9177,4.9066,3.7596,14.3155,2.1869,1.1894,0.7595,3.5641,0.5828,5.9517,0.8357,1.8382,0.6874,4.1322
2026-08-06 10:52:55.888,7.716667,34,13,0.007447,-1.5222,166.64,0,0,0,60.0192,218.778,0.08500,1,0,0,0,0,0.007133,0.000174,0.000936,0.000130,0.001182,0.000069,0.000620,0.000050,0.000688,0.000051,0.000805,0.000013,0.000381,0.000041,0.000581,-166.64,-148.79,-118.03,-97.63,-37.15,-66.79,54.02,94.02,100.97,-100.98,173.79,74.18,-83.37,-139.37,-0.82,218.1257,4.9177,4.9066,3.7596,14.3155,2.1869,1.1894,0.7595,3.5641,0.5828,5.9517,0.8357,1.8382,0.6874,4.1322
2026-08-06 10:52:55.888,7.733333,34,14,0.007471,-1.5205,165.97,0,0,0,60.0192,218.778,0.08500,1,0,0,0,0,0.007143,0.000237,0.000958,0.000149,0.001234,0.000040,0.000643,0.000070,0.000690,0.000035,0.000730,0.000055,0.000361,0.000060,0.000562,-165.97,-164.71,-116.74,-119.18,-36.59,166.43,48.47,63.56,98.34,119.69,176.14,140.73,-87.93,138.00,0.69,218.1257,4.9177,4.9066,3.7596,14.3155,2.1869,1.1894,0.7595,3.5641,0.5828,5.9517,0.8357,1.8382,0.6874,4.1322
2026-08-06 10:52:55.888,7.750000,34,15,0.007497,-1.5268,166.05,0,0,0,60.0192,218.778,0.08500,1,0,0,0,0,0.007166,0.000201,0.000896,0.000128,0.001265,0.000056,0.000704,0.000048,0.000617,0.000091,0.000774,0.000068,0.000350,0.000063,0.000606,-166.05,179.98,-119.77,-116.92,-38.49,60.19,50.52,-31.86,99.63,82.04,174.42,93.84,-87.57,137.96,-7.31,218.1257,4.9177,4.9066,3.7596,14.3155,2.1869,1.1894,0.7595,3.5641,0.5828,5.9517,0.8357,1.8382,0.6874,4.1322
2026-08-06 10:52:55.888,7.766667,34,16,0.007506,-1.5288,166.25,0,0,0,60.0192,218.778,0.08500,1,0,0,0,0,0.007174,0.000180,0.000945,0.000129,0.001212,0.000029,0.000638,0.000061,0.000648,0.000029,0.000781,0.000051,0.000435,0.000057,0.000621,-166.25,-178.56,-120.11,-129.59,-36.61,-62.84,51.69,103.67,98.16,-158.13,175.03,149.31,-76.15,-148.59,-2.22,218.1257,4.9177,4.9066,3.7596,14.3155,2.1869,1.1894,0.7595,3.5641,0.5828,5.9517,0.8357,1.8382,0.6874,4.1322
2026-08-06 10:52:55.888,7.783333,34,17,0.007510,-1.5311,165.98,0,0,0,60.0192,218.778,0.08500,1,0,0,0,0,0.007194,0.000230,0.000916,0.000141,0.001211,0.000042,0.000601,0.000072,0.000683,0.000032,0.000713,0.000054,0.000356,0.000063,0.000641,-165.98,-156.20,-118.75,-101.56,-38.33,66.22,48.02,48.99,96.00,132.43,175.89,166.55,-81.25,157.86,-3.41,218.1257,4.9177,4.9066,3.7596,14.3155,2.1869,1.1894,0.7595,3.5641,0.5828,5.9517,0.8357,1.8382,0.6874,4.1322
2026-08-06 10:52:55.888,7.800000,34,18,0.007543,-1.5403,165.84,0,0,0,60.0192,218.778,0.08500,1,0,0,0,0,0.007237,0.000277,0.000884,0.000157,0.001195,0.000022,0.000691,0.000029,0.000656,0.000098,0.000691,0.000087,0.000346,0.000037,0.000626,-165.84,-179.57,-115.02,-107.97,-39.70,61.02,47.63,54.51,94.49,102.72,177.35,126.16,-83.82,143.65,-5.13,218.1257,4.9177,4.9066,3.7596,14.3155,2.1869,1.1894,0.7595,3.5641,0.5828,5.9517,0.8357,1.8382,0.6874,4.1322
2026-08-06 10:52:55.888,7.816667,34,19,0.007468,-1.5241,166.18,0,0,0,60.0192,218.778,0.08500,1,0,0,0,0,0.007153,0.000213,0.000866,0.000071,0.001203,0.000037,0.000588,0.000051,0.000628,0.000033,0.000756,0.000046,0.000425,0.000080,0.000689,-166.18,-167.52,-116.43,-140.45,-37.32,164.60,47.16,92.99,95.58,122.73,176.34,147.01,-85.64,179.59,-6.86,218.1257,4.9177,4.9066,3.7596,14.3155,2.1869,1.1894,0.7595,3.5641,0.5828,5.9517,0.8357,1.8382,0.6874,4.1322
2026-08-06 10:52:55.888,7.833333,34,20,0.007525,-1.5307,165.76,0,0,0,60.0192,218.778,0.08500,1,0,0,0,0,0.007194,0.000205,0.000896,0.000141,0.001224,0.000098,0.000661,0.000054,0.000696,0.000042,0.000696,0.000044,0.000422,0.000065,0.000650,-165.76,-177.12,-116.58,-120.66,-40.63,132.65,49.50,54.68,92.43,56.25,177.19,-137.92,-84.20,140.09,-5.14,218.1257,4.9177,4.9066,3.7596,14.3155,2.1869,1.1894,0.7595,3.5641,0.5828,5.9517,0.8357,1.8382,0.6874,4.1322
2026-08-06 10:52:55.888,7.850000,34,21,0.008087,-1.6286,166.11,0,0,0,60.0192,218.778,0.08500,1,0,0,0,0,0.007631,0.000680,0.001350,0.000516,0.001377,0.000397,0.000572,0.000354,0.000436,0.000354,0.000408,0.000277,0.000373,0.000215,0.000771,-166.11,-155.33,-120.52,-113.84,-53.74,-82.42,16.39,-46.93,70.64,-10.50,-178.47,17.33,-35.70,49.92,14.15,218.1257,4.9177,4.9066,3.7596,14.3155,2.1869,1.1894,0.7595,3.5641,0.5828,5.9517,0.8357,1.8382,0.6874,4.1322
2026-08-06 10:52:55.888,7.866667,34,22,0.007505,-1.5332,166.28,0,0,0,60.0192,218.778,0.08500,1,0,0,0,0,0.007191,0.000150,0.000929,0.000105,0.001174,0.000061,0.000614,0.000053,0.000673,0.000018,0.000763,0.000021,0.000373,0.000076,0.000630,-166.28,-178.79,-119.05,-119.03,-38.22,115.67,52.07,123.67,98.02,-106.11,177.06,-169.25,-80.86,-118.52,-4.57,218.1257,4.9177,4.9066,3.7596,14.3155,2.1869,1.1894,0.7595,3.5641,0.5828,5.9517,0.8357,1.8382,0.6874,4.1322
2026-08-06 10:52:55.888,7.883333,34,23,0.007510,-1.5271,165.67,0,0,0,60.0192,218.778,0.08500,1,0,0,0,0,0.007183,0.000132,0.000935,0.000129,0.001217,0.000038,0.000620,0.000094,0.000648,0.000057,0.000757,0.000065,0.000403,0.000040,0.000634,-165.67,173.54,-116.79,-155.26,-35.02,147.54,49.16,87.35,96.57,-174.00,172.30,-163.43,-73.10,133.75,-3.71,218.1257,4.9177,4.9066,3.7596,14.3155,2.1869,1.1894,0.7595,3.5641,0.5828,5.9517,0.8357,1.8382,0.6874,4.1322
2026-08-06 10:52:55.888,7.900000,34,24,0.007575,-1.5446,166.15,0,0,0,60.0192,218.778,0.08500,1,0,0,0,0,0.007245,0.000277,0.000911,0.000164,0.001225,0.000025,0.000677,0.000083,0.000705,0.000040,0.000696,0.000051,0.000317,0.000029,0.000663,-166.15,-163.98,-117.44,-116.99,-39.35,-81.64,43.54,-27.73,95.73,59.24,173.78,150.15,-77.83,124.45,-8.51,218.1257,4.9177,4.9066,3.7596,14.3155,2.1869,1.1894,0.7595,3.5641,0.5828,5.9517,0.8357,1.8382,0.6874,4.1322
2026-08-06 10:52:55.888,7.916667,34,25,0.007577,-1.5495,166.83,0,0,0,60.0192,218.778,0.08500,1,0,0,0,0,0.007254,0.000222,0.000959,0.000126,0.001202,0.000057,0.000612,0.000019,0.000671,0.000012,0.000811,0.000076,0.000432,0.000093,0.000584,-166.83,176.11,-117.64,-105.77,-34.85,101.25,54.82,-121.31,90.66,-144.19,172.65,-154.31,-77.18,-170.27,2.34,218.1257,4.9177,4.9066,3.7596,14.3155,2.1869,1.1894,0.7595,3.5641,0.5828,5.9517,0.8357,1.8382,0.6874,4.1322
2026-08-06 10:52:55.888,7.933333,34,26,0.007528,-1.5366,166.23,0,0,0,60.0192,218.778,0.08500,1,0,0,0,0,0.007207,0.000193,0.000852,0.000139,0.001246,0.000037,0.000634,0.000113,0.000681,0.000066,0.000706,0.000042,0.000373,0.000051,0.000645,-166.23,179.90,-118.33,-115.37,-37.33,-114.64,51.78,-3.00,96.26,97.68,170.24,133.19,-79.14,158.38,-1.82,218.1257,4.9177,4.9066,3.7596,14.3155,2.1869,1.1894,0.7595,3.5641,0.5828,5.9517,0.8357,1.8382,0.6874,4.1322
2026-08-06 10:52:55.888,7.950000,34,27,0.007507,-1.5287,165.98,0,0,0,60.0192,218.778,0.08500,1,0,0,0,0,0.007178,0.000248,0.000937,0.000168,0.001237,0.000055,0.000671,0.000003,0.000647,0.000081,0.000714,0.000083,0.000356,0.000040,0.000631,-165.98,-173.91,-116.82,-116.38,-38.34,80.41,47.91,-157.91,99.90,68.23,179.06,109.41,-71.94,-74.98,-10.58,218.1257,4.9177,4.9066,3.7596,14.3155,2.1869,1.1894,0.7595,3.5641,0.5828,5.9517,0.8357,1.8382,0.6874,4.1322
2026-08-06 10:52:55.888,7.966667,34,28,0.007551,-1.5388,165.97,0,0,0,60.0192,218.778,0.08500,1,0,0,0,0,0.007225,0.000243,0.000918,0.000095,0.001245,0.000021,0.000612,0.000042,0.000708,0.000042,0.000738,0.000042,0.000375,0.000093,0.000652,-165.97,-164.65,-119.47,-107.05,-39.04,113.46,49.49,127.53,101.89,153.33,172.83,-175.68,-79.63,-158.39,-1.84,218.1257,4.9177,4.9066,3.7596,14.3155,2.1869,1.1894,0.7595,3.5641,0.5828,5.9517,0.8357,1.8382,0.6874,4.1322
2026-08-06 10:52:55.888,7.983333,34,29,0.007616,-1.5523,165.72,0,0,0,60.0192,218.778,0.08500,1,0,0,0,0,0.007294,0.000215,0.000956,0.000151,0.001236,0.000034,0.000624,0.000100,0.000683,0.000092,0.000693,0.000107,0.000413,0.000099,0.000647,-165.72,-175.37,-116.65,-111.54,-40.57,111.23,45.10,35.41,97.58,70.17,175.46,138.63,-84.63,143.36,-5.23,218.1257,4.9177,4.9066,3.7596,14.3155,2.1869,1.1894,0.7595,3.5641,0.5828,5.9517,0.8357,1.8382,0.6874,4.1322
2026-08-06 10:52:56.139,8.000000,35,0,0.007560,-1.5415,165.97,0,0,0,60.0230,218.913,0.08515,1,0,0,0,0,0.007238,0.000187,0.000890,0.000103,0.001186,0.000072,0.000645,0.000094,0.000673,0.000079,0.000828,0.000112,0.000388,0.000079,0.000558,-165.97,158.35,-119.62,-152.66,-38.12,122.68,54.35,-171.94,103.47,155.67,177.63,156.37,-83.37,-145.93,-9.19,218.2569,4.9480,4.9316,3.7765,14.3287,2.2067,1.1538,0.7541,3.5768,0.5934,5.9930,0.8060,1.8646,0.6671,4.1303
2026-08-06 10:52:56.139,8.016667,35,1,0.007943,-1.6188,167.12,0,0,0,60.0230,218.913,0.08515,1,0,0,0,0,0.007547,0.000515,0.001052,0.000379,0.000870,0.000400,0.000667,0.000311,0.000925,0.000249,0.000919,0.000287,0.000113,0.000293,0.000620,-167.12,175.88,-136.52,173.58,-40.89,145.14,78.64,135.14,109.89,137.00,160.26,122.50,-86.87,118.01,24.78,218.2569,4.9480,4.9316,3.7765,14.3287,2.2067,1.1538,0.7541,3.5768,0.5934,5.9930,0.8060,1.8646,0.6671,4.1303
2026-08-06 10:52:56.139,8.033333,35,2,0.007561,-1.5411,166.01,0,0,0,60.0230,218.913,0.08515,1,0,0,0,0,0.007238,0.000206,0.000961,0.000073,0.001273,0.000065,0.000657,0.000091,0.000613,0.000093,0.000706,0.000075,0.000415,0.000067,0.000608,-166.01,-155.58,-119.30,-110.40,-38.97,140.35,46.36,43.99,95.74,137.71,174.11,153.89,-78.01,144.01,-1.90,218.2569,4.9480,4.9316,3.7765,14.3287,2.2067,1.1538,0.7541,3.5768,0.5934,5.9930,0.8060,1.8646,0.6671,4.1303
2026-08-06 10:52:56.139,8.050000,35,3,0.007616,-1.5557,165.98,0,0,0,60.0230,218.913,0.08515,1,0,0,0,0,0.007305,0.000193,0.000914,0.000175,0.001215,0.000045,0.000617,0.000049,0.000654,0.000061,0.000684,0.000049,0.000340,0.000024,0.000695,-165.98,173.33,-117.84,-104.17,-39.40,25.27,49.97,-73.12,98.94,78.39,175.50,139.84,-77.34,-90.39,-5.07,218.2569,4.9480,4.9316,3.7765,14.3287,2.2067,1.1538,0.7541,3.5768,0.5934,5.9930,0.8060,1.8646,0.6671,4.1303
2026-08-06 10:52:56.139,8.066667,35,4,0.007468,-1.5215,165.78,0,0,0,60.0230,218.913,0.08515,1,0,0,0,0,0.007152,0.000211,0.000917,0.000148,0.001162,0.000023,0.000614,0.000043,0.000663,0.000044,0.000754,0.000079,0.000348,0.000069,0.000660,-165.78,-173.83,-118.22,-94.95,-37.50,161.19,47.76,69.19,98.74,128.07,176.52,102.76,-76.22,-121.34,-0.15,218.2569,4.9480,4.9316,3.7765,14.3287,2.2067,1.1538,0.7541,3.5768,0.5934,5.9930,0.8060,1.8646,0.6671,4.1303
2026-08-06 10:52:56.139,8.083333,35,5,0.007531,-1.5333,165.69,0,0,0,60.0230,218.913,0.08515,1,0,0,0,0,0.007209,0.000220,0.000953,0.000156,0.001247,0.000012,0.000587,0.000093,0.000633,0.000079,0.000703,0.000102,0.000401,0.000069,0.000637,-165.69,-147.63,-114.86,-109.07,-39.06,-45.58,49.15,78.03,94.45,136.47,172.04,171.96,-73.38,128.67,2.33,218.2569,4.9480,4.9316,3.7765,14.3287,2.2067,1.1538,0.7541,3.5768,0.5934,5.9930,0.8060,1.8646,0.6671,4.1303
2026-08-06 10:52:56.139,8.100000,35,6,0.007556,-1.5421,166.08,0,0,0,60.0230,218.913,0.08515,1,0,0,0,0,0.007231,0.000317,0.000955,0.000173,0.001230,0.000026,0.000635,0.000045,0.000683,0.000077,0.000732,0.000034,0.000289,0.000008,0.000636,-166.08,-155.97,-116.18,-108.83,-42.48,-38.56,50.94,-79.38,102.31,69.43,178.14,85.57,-78.13,110.84,-5.20,218.2569,4.9480,4.9316,3.7765,14.3287,2.2067,1.1538,0.7541,3.5768,0.5934,5.9930,0.8060,1.8646,0.6671,4.1303
2026-08-06 10:52:56.139,8.116667,35,7,0.007528,-1.5380,166.27,0,0,0,60.0230,218.913,0.08515,1,0,0,0,0,0.007213,0.000149,0.000973,0.000149,0.001200,0.000064,0.000568,0.000047,0.000717,0.000026,0.000689,0.000029,0.000377,0.000075,0.000603,-166.27,-173.03,-116.84,-109.50,-38.34,175.81,53.47,105.69,101.89,-58.41,178.27,161.83,-71.55,-129.39,-3.38,218.2569,4.9480,4.9316,3.7765,14.3287,2.2067,1.1538,0.7541,3.5768,0.5934,5.9930,0.8060,1.8646,0.6671,4.1303
2026-08-06 10:52:56.139,8.133333,35,8,0.007536,-1.5308,165.24,0,0,0,60.0230,218.913,0.08515,1,0,0,0,0,0.007206,0.000252,0.000877,0.000085,0.001342,0.000059,0.000579,0.000083,0.000696,0.000040,0.000695,0.000069,0.000332,0.000077,0.000597,-165.24,-161.87,-118.96,-116.59,-40.92,145.13,52.80,97.42,94.17,117.38,177.18,136.21,-74.00,93.66,-0.08,218.2569,4.9480,4.9316,3.7765,14.3287,2.2067,1.1538,0.7541,3.5768,0.5934,5.9930,0.8060,1.8646,0.6671,4.1303
2026-08-06 10:52:56.139,8.150000,35,9,0.007533,-1.5369,166.03,0,0,0,60.0230,218.913,0.08515,1,0,0,0,0,0.007213,0.000155,0.000910,0.000116,0.001177,0.000027,0.000678,0.000037,0.000709,0.000022,0.000744,0.000028,0.000346,0.000037,0.000638,-166.03,177.95,-117.91,-110.50,-38.92,165.30,47.74,-63.78,94.96,-20.19,174.11,143.42,-86.74,-171.63,-3.62,218.2569,4.9480,4.9316,3.7765,14.3287,2.2067,1.1538,0.7541,3.5768,0.5934,5.9930,0.8060,1.8646,0.6671,4.1303
2026-08-06 10:52:56.139,8.166667,35,10,0.007728,-1.5780,168.69,0,0,0,60.0230,218.913,0.08515,1,0,0,0,0,0.007350,0.000341,0.000603,0.000284,0.001529,0.000361,0.000495,0.000189,0.000496,0.000343,0.000968,0.000320,0.000228,0.000202,0.000837,-168.69,152.73,-120.78,12.85,-32.05,-45.98,15.60,-115.96,123.92,173.70,165.64,113.66,-58.23,54.80,1.50,218.2569,4.9480,4.9316,3.7765,14.3287,2.2067,1.1538,0.7541,3.5768,0.5934,5.9930,0.8060,1.8646,0.6671,4.1303
2026-08-06 10:52:56.139,8.183333,35,11,0.007543,-1.5351,166.00,0,0,0,60.0230,218.913,0.08515,1,0,0,0,0,0.007208,0.000225,0.000970,0.000113,0.001264,0.000016,0.000624,0.000096,0.000633,0.000033,0.000775,0.000067,0.000353,0.000051,0.000654,-166.00,-159.86,-119.53,-135.55,-36.70,45.51,46.11,35.67,94.00,134.66,172.48,141.46,-86.94,128.97,0.38,218.2569,4.9480,4.9316,3.7765,14.3287,2.2067,1.1538,0.7541,3.5768,0.5934,5.9930,0.8060,1.8646,0.6671,4.1303
2026-08-06 10:52:56.139,8.200000,35,12,0.007540,-1.5341,165.87,0,0,0,60.0230,218.913,0.08515,1,0,0,0,0,0.007208,0.000228,0.000916,0.000145,0.001281,0.000029,0.000655,0.000060,0.000652,0.000049,0.000744,0.000070,0.000386,0.000074,0.000627,-165.87,-161.49,-117.38,-141.20,-37.29,87.30,44.75,-40.81,93.49,97.51,176.89,65.53,-78.48,106.82,-5.24,218.2569,4.9480,4.9316,3.7765,14.3287,2.2067,1.1538,0.7541,3.5768,0.5934,5.9930,0.8060,1.8646,0.6671,4.1303
2026-08-06 10:52:56.139,8.216667,35,13,0.007529,-1.5370,166.02,0,0,0,60.0230,218.913,0.08515,1,0,0,0,0,0.007215,0.000242,0.000929,0.000102,0.001191,0.000017,0.000587,0.000059,0.000646,0.000019,0.000720,0.000026,0.000391,0.000051,0.000589,-166.02,-166.94,-119.21,-119.61,-38.89,102.87,49.26,91.30,97.59,37.38,179.68,173.06,-78.08,-162.51,-0.72,218.2569,4.9480,4.9316,3.7765,14.3287,2.2067,1.1538,0.7541,3.5768,0.5934,5.9930,0.8060,1.8646,0.6671,4.1303
2026-08-06 10:52:56.139,8.233333,35,14,0.007562,-1.5446,166.33,0,0,0,60.0230,218.913,0.08515,1,0,0,0,0,0.007241,0.000201,0.000948,0.000123,0.001258,0.000024,0.000624,0.000069,0.000663,0.000015,0.000719,0.000093,0.000384,0.000045,0.000627,-166.33,-154.94,-118.62,-117.00,-38.46,70.35,47.30,29.15,95.95,-83.45,172.32,159.16,-74.24,117.68,-0.41,218.2569,4.9480,4.9316,3.7765,14.3287,2.2067,1.1538,0.7541,3.5768,0.5934,5.9930,0.8060,1.8646,0.6671,4.1303
2026-08-06 10:52:56.139,8.250000,35,15,0.007545,-1.5403,166.24,0,0,0,60.0230,218.913,0.08515,1,0,0,0,0,0.007225,0.000250,0.000902,0.000099,0.001256,0.000041,0.000618,0.000017,0.000602,0.000056,0.000740,0.000031,0.000347,0.000014,0.000620,-166.24,-173.37,-119.13,-118.39,-37.92,142.71,49.32,-84.91,99.36,76.72,176.39,111.23,-81.09,42.68,-2.39,218.2569,4.9480,4.9316,3.7765,14.3287,2.2067,1.1538,0.7541,3.5768,0.5934,5.9930,0.8060,1.8646,0.6671,4.1303
2026-08-06 10:52:56.139,8.266667,35,16,0.007516,-1.5301,165.82,0,0,0,60.0230,218.913,0.08515,1,0,0,0,0,0.007191,0.000199,0.000912,0.000163,0.001262,0.000074,0.000598,0.000040,0.000648,0.000036,0.000785,0.000024,0.000384,0.000056,0.000561,-165.82,175.65,-116.62,-133.25,-36.49,80.25,45.35,104.43,99.13,-134.40,174.17,-176.77,-74.31,-176.47,-3.06,218.2569,4.9480,4.9316,3.7765,14.3287,2.2067,1.1538,0.7541,3.5768,0.5934,5.9930,0.8060,1.8646,0.6671,4.1303
2026-08-06 10:52:56.139,8.283333,35,17,0.007520,-1.5326,165.95,0,0,0,60.0230,218.913,0.08515,1,0,0,0,0,0.007196,0.000222,0.000913,0.000145,0.001234,0.000060,0.000635,0.000044,0.000678,0.000038,0.000711,0.000109,0.000438,0.000043,0.000644,-165.95,-170.18,-116.95,-124.07,-38.44,104.38,40.73,60.86,95.48,57.04,-179.35,158.81,-75.78,132.82,-3.04,218.2569,4.9480,4.9316,3.7765,14.3287,2.2067,1.1538,0.7541,3.5768,0.5934,5.9930,0.8060,1.8646,0.6671,4.1303
2026-08-06 10:52:56.139,8.300000,35,18,0.007518,-1.5371,166.22,0,0,0,60.0230,218.913,0.08515,1,0,0,0,0,0.007213,0.000191,0.000898,0.000139,0.001201,0.000051,0.000634,0.000029,0.000622,0.000036,0.000716,0.000058,0.000409,0.000047,0.000614,-166.22,-169.37,-120.76,-102.93,-37.26,20.00,47.87,46.00,92.87,54.40,177.27,124.78,-72.82,130.13,-5.31,218.2569,4.9480,4.9316,3.7765,14.3287,2.2067,1.1538,0.7541,3.5768,0.5934,5.9930,0.8060,1.8646,0.6671,4.1303
2026-08-06 10:52:56.139,8.316667,35,19,0.007673,-1.5712,169.20,0,0,0,60.0230,218.913,0.08515,1,0,0,0,0,0.007275,0.000151,0.000946,0.000440,0.001072,0.000302,0.000918,0.000363,0.000408,0.000288,0.001042,0.000316,0.000437,0.000223,0.000646,-169.20,73.76,-97.45,-96.72,-53.80,134.44,53.99,14.66,82.64,-134.60,169.72,104.40,-43.42,-44.33,-25.14,218.2569,4.9480,4.9316,3.7765,14.3287,2.2067,1.1538,0.7541,3.5768,0.5934,5.9930,0.8060,1.8646,0.6671,4.1303
2026-08-06 10:52:56.139,8.333333,35,20,0.007538,-1.5394,166.27,0,0,0,60.0230,218.913,0.08515,1,0,0,0,0,0.007217,0.000172,0.000934,0.000134,0.001224,0.000029,0.000623,0.000126,0.000614,0.000050,0.000746,0.000088,0.000341,0.000057,0.000585,-166.27,-169.31,-117.00,-127.66,-36.88,67.89,49.87,16.14,94.01,115.98,173.86,164.92,-69.30,-112.50,3.21,218.2569,4.9480,4.9316,3.7765,14.3287,2.2067,1.1538,0.7541,3.5768,0.5934,5.9930,0.8060,1.8646,0.6671,4.1303
2026-08-06 10:52:56.139,8.350000,35,21,0.007580,-1.5438,165.44,0,0,0,60.0230,218.913,0.08515,1,0,0,0,0,0.007259,0.000279,0.000895,0.000214,0.001252,0.000049,0.000616,0.000082,0.000629,0.000089,0.000748,0.000070,0.000375,0.000081,0.000602,-165.44,-166.02,-115.80,-123.61,-37.54,-25.88,47.26,-39.70,101.41,53.19,178.73,94.54,-78.22,31.65,-9.77,218.2569,4.9480,4.9316,3.7765,14.3287,2.2067,1.1538,0.7541,3.5768,0.5934,5.9930,0.8060,1.8646,0.6671,4.1303
2026-08-06 10:52:56.139,8.366667,35,22,0.007509,-1.5367,166.35,0,0,0,60.0230,218.913,0.08515,1,0,0,0,0,0.007204,0.000206,0.000886,0.000127,0.001227,0.000032,0.000584,0.000036,0.000626,0.000028,0.000781,0.000031,0.000412,0.000027,0.000609,-166.35,-170.48,-119.33,-85.32,-38.20,21.58,50.45,86.99,96.62,148.15,175.64,111.78,-79.05,-104.32,-0.10,218.2569,4.9480,4.9316,3.7765,14.3287,2.2067,1.1538,0.7541,3.5768,0.5934,5.9930,0.8060,1.8646,0.6671,4.1303
2026-08-06 10:52:56.139,8.383333,35,23,0.007513,-1.5356,166.50,0,0,0,60.0230,218.913,0.08515,1,0,0,0,0,0.007191,0.000166,0.000884,0.000094,0.001279,0.000017,0.000573,0.000096,0.000648,0.000037,0.000735,0.000105,0.000429,0.000061,0.000675,-166.50,-140.09,-118.33,-127.75,-38.64,145.11,48.72,32.82,91.94,97.59,172.97,150.23,-79.46,128.35,0.98,218.2569,4.9480,4.9316,3.7765,14.3287,2.2067,1.1538,0.7541,3.5768,0.5934,5.9930,0.8060,1.8646,0.6671,4.1303
2026-08-06 10:52:56.139,8.400000,35,24,0.007581,-1.5507,166.22,0,0,0,60.0230,218.913,0.08515,1,0,0,0,0,0.007264,0.000241,0.000952,0.000150,0.001218,0.000047,0.000631,0.000038,0.000698,0.000072,0.000741,0.000070,0.000326,0.000057,0.000628,-166.22,-172.28,-117.14,-121.21,-40.59,38.20,44.41,13.52,95.88,26.70,173.78,115.81,-84.68,-169.46,-6.38,218.2569,4.9480,4.9316,3.7765,14.3287,2.2067,1.1538,0.7541,3.5768,0.5934,5.9930,0.8060,1.8646,0.6671,4.1303
2026-08-06 10:52:56.139,8.416667,35,25,0.007516,-1.5382,166.42,0,0,0,60.0230,218.913,0.08515,1,0,0,0,0,0.007207,0.000203,0.000913,0.000117,0.001197,0.000037,0.000663,0.000059,0.000696,0.000051,0.000770,0.000003,0.000336,0.000096,0.000570,-166.42,-159.63,-119.74,-90.03,-37.35,-11.35,49.82,115.16,93.82,-171.83,173.70,-19.90,-87.86,171.00,-2.43,218.2569,4.9480,4.9316,3.7765,14.3287,2.2067,1.1538,0.7541,3.5768,0.5934,5.9930,0.8060,1.8646,0.6671,4.1303
2026-08-06 10:52:56.139,8.433333,35,26,0.007520,-1.5265,165.83,0,0,0,60.0230,218.913,0.08515,1,0,0,0,0,0.007171,0.000177,0.000978,0.000172,0.001284,0.000016,0.000630,0.000076,0.000633,0.000095,0.000729,0.000097,0.000371,0.000072,0.000616,-165.83,178.12,-117.00,-150.32,-37.89,-170.79,49.33,39.57,96.63,92.18,175.82,120.85,-79.12,145.85,2.61,218.2569,4.9480,4.9316,3.7765,14.3287,2.2067,1.1538,0.7541,3.5768,0.5934,5.9930,0.8060,1.8646,0.6671,4.1303
2026-08-06 10:52:56.139,8.450000,35,27,0.007582,-1.5475,165.91,0,0,0,60.0230,218.913,0.08515,1,0,0,0,0,0.007261,0.000194,0.000946,0.000183,0.001234,0.000047,0.000636,0.000051,0.000676,0.000060,0.000734,0.000062,0.000326,0.000013,0.000600,-165.91,-156.40,-119.46,-103.04,-39.28,10.35,49.09,-31.76,97.14,43.86,175.42,109.67,-64.40,-25.89,-1.91,218.2569,4.9480,4.9316,3.7765,14.3287,2.2067,1.1538,0.7541,3.5768,0.5934,5.9930,0.8060,1.8646,0.6671,4.1303
2026-08-06 10:52:56.139,8.466667,35,28,0.007575,-1.5324,167.97,0,0,0,60.0230,218.913,0.08515,1,0,0,0,0,0.007151,0.000159,0.001253,0.000271,0.001349,0.000281,0.000417,0.000327,0.000675,0.000208,0.000994,0.000238,0.000575,0.000239,0.000457,-167.97,-66.28,-119.26,170.23,-26.79,-53.35,63.39,101.05,71.58,-96.04,172.18,78.14,-64.34,-137.02,7.88,218.2569,4.9480,4.9316,3.7765,14.3287,2.2067,1.1538,0.7541,3.5768,0.5934,5.9930,0.8060,1.8646,0.6671,4.1303
2026-08-06 10:52:56.139,8.483333,35,29,0.007489,-1.5243,165.73,0,0,0,60.0230,218.913,0.08515,1,0,0,0,0,0.007164,0.000212,0.000876,0.000121,0.001271,0.000023,0.000609,0.000117,0.000607,0.000105,0.000788,0.000061,0.000402,0.000091,0.000572,-165.73,-177.06,-115.85,-112.51,-36.75,149.41,46.61,41.36,95.00,85.20,171.95,99.42,-85.04,110.52,0.55,218.2569,4.9480,4.9316,3.7765,14.3287,2.2067,1.1538,0.7541,3.5768,0.5934,5.9930,0.8060,1.8646,0.6671,4.1303
2026-08-06 10:52:56.402,8.500000,36,0,0.007544,-1.5425,166.19,0,0,0,60.0192,219.106,0.08544,1,0,0,0,0,0.007230,0.000248,0.000900,0.000181,0.001282,0.000048,0.000616,0.000032,0.000603,0.000077,0.000684,0.000069,0.000331,0.000053,0.000644,-166.19,-173.79,-117.92,-110.45,-40.07,68.05,47.55,-50.82,96.15,80.17,178.73,135.79,-71.75,164.82,-4.64,218.4456,4.9628,4.9497,3.8028,14.3774,2.2202,1.1117,0.7571,3.5934,0.6158,6.0311,0.8508,1.9470,0.6664,4.1390
2026-08-06 10:52:56.402,8.516667,36,1,0.007561,-1.5499,166.69,0,0,0,60.0192,219.106,0.08544,1,0,0,0,0,0.007253,0.000244,0.000873,0.000095,0.001225,0.000053,0.000635,0.000070,0.000647,0.000061,0.000745,0.000047,0.000392,0.000027,0.000587,-166.69,-165.16,-115.02,-125.88,-37.44,14.64,49.86,79.09,97.54,-146.90,175.87,-122.69,-80.40,-133.90,-1.00,218.4456,4.9628,4.9497,3.8028,14.3774,2.2202,1.1117,0.7571,3.5934,0.6158,6.0311,0.8508,1.9470,0.6664,4.1390
2026-08-06 10:52:56.402,8.533333,36,2,0.007543,-1.5381,166.22,0,0,0,60.0192,219.106,0.08544,1,0,0,0,0,0.007212,0.000204,0.000975,0.000144,0.001310,0.000031,0.000573,0.000064,0.000580,0.000106,0.000759,0.000142,0.000401,0.000131,0.000562,-166.22,-158.64,-115.32,-109.37,-39.97,5.05,44.87,51.87,92.25,123.35,175.98,158.97,-90.09,157.19,-1.00,218.4456,4.9628,4.9497,3.8028,14.3774,2.2202,1.1117,0.7571,3.5934,0.6158,6.0311,0.8508,1.9470,0.6664,4.1390
2026-08-06 10:52:56.402,8.550000,36,3,0.007525,-1.5396,166.25,0,0,0,60.0192,219.106,0.08544,1,0,0,0,0,0.007217,0.000278,0.000815,0.000116,0.001224,0.000046,0.000688,0.000039,0.000631,0.000108,0.000685,0.000060,0.000341,0.000013,0.000582,-166.25,-179.41,-116.63,-105.79,-38.91,69.52,50.24,-35.37,101.33,62.33,179.87,141.37,-76.10,30.76,-2.17,218.4456,4.9628,4.9497,3.8028,14.3774,2.2202,1.1117,0.7571,3.5934,0.6158,6.0311,0.8508,1.9470,0.6664,4.1390
2026-08-06 10:52:56.402,8.566667,36,4,0.007496,-1.5330,166.43,0,0,0,60.0192,219.106,0.08544,1,0,0,0,0,0.007176,0.000175,0.000957,0.000106,0.001203,0.000029,0.000574,0.000089,0.000674,0.000032,0.000780,0.000053,0.000396,0.000088,0.000607,-166.43,-154.61,-117.26,-112.37,-40.74,116.27,49.87,136.30,96.41,-176.88,173.69,149.44,-80.37,-171.76,-4.99,218.4456,4.9628,4.9497,3.8028,14.3774,2.2202,1.1117,0.7571,3.5934,0.6158,6.0311,0.8508,1.9470,0.6664,4.1390
2026-08-06 10:52:56.402,8.583333,36,5,0.007673,-1.5709,166.27,0,0,0,60.0192,219.106,0.08544,1,0,0,0,0,0.007360,0.000178,0.000959,0.000058,0.001276,0.000050,0.000548,0.000094,0.000612,0.000116,0.000701,0.000127,0.000410,0.000097,0.000645,-166.27,-163.77,-119.42,-102.76,-40.50,19.36,42.23,18.78,94.37,114.76,176.98,145.20,-78.66,144.24,-3.46,218.4456,4.9628,4.9497,3.8028,14.3774,2.2202,1.1117,0.7571,3.5934,0.6158,6.0311,0.8508,1.9470,0.6664,4.1390
2026-08-06 10:52:56.402,8.600000,36,6,0.007529,-1.5396,166.20,0,0,0,60.0192,219.106,0.08544,1,0,0,0,0,0.007215,0.000234,0.000881,0.000160,0.001203,0.000026,0.000635,0.000022,0.000646,0.000065,0.000721,0.000052,0.000363,0.000011,0.000651,-166.20,166.73,-120.04,-128.75,-37.10,-30.65,47.98,-46.65,98.44,66.50,175.61,104.97,-79.45,-132.89,0.77,218.4456,4.9628,4.9497,3.8028,14.3774,2.2202,1.1117,0.7571,3.5934,0.6158,6.0311,0.8508,1.9470,0.6664,4.1390
2026-08-06 10:52:56.402,8.616667,36,7,0.007395,-1.4947,167.09,0,0,0,60.0192,219.106,0.08544,1,0,0,0,0,0.006946,0.000385,0.000891,0.000313,0.001189,0.000315,0.000631,0.000290,0.000860,0.000268,0.001021,0.000254,0.000591,0.000219,0.000812,-167.09,-114.88,-136.17,-33.94,-53.03,91.62,21.52,168.69,82.29,-95.26,165.31,0.85,-95.49,120.33,-11.51,218.4456,4.9628,4.9497,3.8028,14.3774,2.2202,1.1117,0.7571,3.5934,0.6158,6.0311,0.8508,1.9470,0.6664,4.1390
2026-08-06 10:52:56.402,8.633333,36,8,0.007536,-1.5407,165.85,0,0,0,60.0192,219.106,0.08544,1,0,0,0,0,0.007233,0.000208,0.000863,0.000125,0.001223,0.000056,0.000602,0.000111,0.000647,0.000127,0.000713,0.000164,0.000403,0.000061,0.000635,-165.85,-170.21,-117.37,-82.10,-38.39,68.66,44.69,62.60,95.65,126.28,169.88,160.01,-78.76,160.90,-3.33,218.4456,4.9628,4.9497,3.8028,14.3774,2.2202,1.1117,0.7571,3.5934,0.6158,6.0311,0.8508,1.9470,0.6664,4.1390
2026-08-06 10:52:56.402,8.650000,36,9,0.007516,-1.5309,165.73,0,0,0,60.0192,219.106,0.08544,1,0,0,0,0,0.007188,0.000221,0.000927,0.000147,0.001232,0.000036,0.000629,0.000023,0.000650,0.000082,0.000776,0.000102,0.000398,0.000052,0.000643,-165.73,-174.89,-117.54,-139.55,-36.98,-162.06,45.71,-94.87,93.28,39.78,176.17,107.99,-75.18,115.62,-7.01,218.4456,4.9628,4.9497,3.8028,14.3774,2.2202,1.1117,0.7571,3.5934,0.6158,6.0311,0.8508,1.9470,0.6664,4.1390
2026-08-06 10:52:56.402,8.666667,36,10,0.007563,-1.5468,166.49,0,0,0,60.0192,219.106,0.08544,1,0,0,0,0,0.007243,0.000244,0.000934,0.000112,0.001227,0.000032,0.000611,0.000078,0.000659,0.000047,0.000741,0.000053,0.000397,0.000068,0.000647,-166.49,-156.41,-117.10,-103.78,-37.86,-15.21,47.70,61.04,92.52,150.16,173.28,-153.04,-78.78,-134.00,0.28,218.4456,4.9628,4.9497,3.8028,14.3774,2.2202,1.1117,0.7571,3.5934,0.6158,6.0311,0.8508,1.9470,0.6664,4.1390
2026-08-06 10:52:56.402,8.683333,36,11,0.007599,-1.5513,165.94,0,0,0,60.0192,219.106,0.08544,1,0,0,0,0,0.007281,0.000213,0.000944,0.000106,0.001244,0.000009,0.000592,0.000172,0.000606,0.000078,0.000708,0.000075,0.000390,0.000108,0.000603,-165.94,-175.07,-117.12,-130.93,-38.91,64.65,42.50,25.57,95.29,82.62,178.23,115.13,-80.06,124.89,-1.31,218.4456,4.9628,4.9497,3.8028,14.3774,2.2202,1.1117,0.7571,3.5934,0.6158,6.0311,0.8508,1.9470,0.6664,4.1390
2026-08-06 10:52:56.402,8.700000,36,12,0.007531,-1.5400,166.27,0,0,0,60.0192,219.106,0.08544,1,0,0,0,0,0.007207,0.000248,0.000841,0.000154,0.001231,0.000022,0.000626,0.000067,0.000667,0.000052,0.000760,0.000040,0.000369,0.000062,0.000730,-166.27,-175.23,-119.75,-124.89,-38.24,-96.91,48.84,-110.88,93.49,70.22,176.23,94.30,-77.56,147.74,-5.38,218.4456,4.9628,4.9497,3.8028,14.3774,2.2202,1.1117,0.7571,3.5934,0.6158,6.0311,0.8508,1.9470,0.6664,4.1390
2026-08-06 10:52:56.402,8.716667,36,13,0.007555,-1.5432,166.42,0,0,0,60.0192,219.106,0.08544,1,0,0,0,0,0.007224,0.000211,0.000972,0.000117,0.001238,0.000038,0.000614,0.000111,0.000668,0.000049,0.000739,0.000039,0.000394,0.000124,0.000649,-166.42,-171.25,-116.49,-112.61,-37.75,52.66,49.00,96.03,95.72,154.78,177.01,149.47,-78.37,-162.85,-8.21,218.4456,4.9628,4.9497,3.8028,14.3774,2.2202,1.1117,0.7571,3.5934,0.6158,6.0311,0.8508,1.9470,0.6664,4.1390
2026-08-06 10:52:56.402,8.733333,36,14,0.007555,-1.5466,166.65,0,0,0,60.0192,219.106,0.08544,1,0,0,0,0,0.007244,0.000194,0.000830,0.000086,0.001270,0.000040,0.000656,0.000107,0.000638,0.000078,0.000716,0.000149,0.000397,0.000064,0.000623,-166.65,-160.04,-118.45,-107.98,-35.01,145.23,48.38,86.75,99.13,95.61,176.62,163.73,-84.85,-166.94,-1.35,218.4456,4.9628,4.9497,3.8028,14.3774,2.2202,1.1117,0.7571,3.5934,0.6158,6.0311,0.8508,1.9470,0.6664,4.1390
2026-08-06 10:52:56.402,8.750000,36,15,0.007503,-1.5323,165.98,0,0,0,60.0192,219.106,0.08544,1,0,0,0,0,0.007185,0.000231,0.000872,0.000125,0.001205,0.000035,0.000619,0.000035,0.000629,0.000046,0.000762,0.000057,0.000377,0.000055,0.000658,-165.98,-176.04,-116.91,-143.21,-37.53,73.35,47.09,159.95,95.93,72.54,177.55,129.64,-76.39,107.84,-5.83,218.4456,4.9628,4.9497,3.8028,14.3774,2.2202,1.1117,0.7571,3.5934,0.6158,6.0311,0.8508,1.9470,0.6664,4.1390
2026-08-06 10:52:56.402,8.766667,36,16,0.007406,-1.4835,165.51,0,0,0,60.0192,219.106,0.08544,1,0,0,0,0,0.006972,0.000385,0.000706,0.000396,0.001314,0.000288,0.000938,0.000268,0.000963,0.000314,0.000883,0.000328,0.000179,0.000205,0.000467,-165.51,-167.17,-104.22,-140.75,-26.63,-154.77,49.69,-128.40,91.00,-91.54,155.81,-88.80,-98.71,-71.67,10.97,218.4456,4.9628,4.9497,3.8028,14.3774,2.2202,1.1117,0.7571,3.5934,0.6158,6.0311,0.8508,1.9470,0.6664,4.1390
2026-08-06 10:52:56.402,8.783333,36,17,0.007501,-1.5337,166.15,0,0,0,60.0192,219.106,0.08544,1,0,0,0,0,0.007191,0.000225,0.000907,0.000099,0.001217,0.000059,0.000633,0.000092,0.000641,0.000065,0.000735,0.000102,0.000339,0.000055,0.000566,-166.15,-175.61,-118.24,-109.64,-38.29,103.16,46.56,76.25,96.04,97.43,178.11,168.07,-84.45,146.18,-5.50,218.4456,4.9628,4.9497,3.8028,14.3774,2.2202,1.1117,0.7571,3.5934,0.6158,6.0311,0.8508,1.9470,0.6664,4.1390
2026-08-06 10:52:56.402,8.800000,36,18,0.007531,-1.5439,166.30,0,0,0,60.0192,219.106,0.08544,1,0,0,0,0,0.007228,0.000221,0.000944,0.000177,0.001196,0.000089,0.000615,0.000057,0.000609,0.000059,0.000745,0.000051,0.000329,0.000085,0.000589,-166.30,-160.29,-120.65,-119.20,-39.21,-13.44,49.14,35.18,91.00,123.31,170.51,115.67,-72.24,-147.58,-3.82,218.4456,4.9628,4.9497,3.8028,14.3774,2.2202,1.1117,0.7571,3.5934,0.6158,6.0311,0.8508,1.9470,0.6664,4.1390
2026-08-06 10:52:56.402,8.816667,36,19,0.007482,-1.5294,166.43,0,0,0,60.0192,219.106,0.08544,1,0,0,0,0,0.007163,0.000212,0.000882,0.000121,0.001204,0.000035,0.000602,0.000074,0.000688,0.000041,0.000754,0.000015,0.000386,0.000065,0.000632,-166.43,-166.19,-117.49,-133.14,-35.73,-1.63,51.74,108.86,93.87,-88.75,175.49,96.28,-76.52,-116.04,1.47,218.4456,4.9628,4.9497,3.8028,14.3774,2.2202,1.1117,0.7571,3.5934,0.6158,6.0311,0.8508,1.9470,0.6664,4.1390
2026-08-06 10:52:56.402,8.833333,36,20,0.007512,-1.5349,166.03,0,0,0,60.0192,219.106,0.08544,1,0,0,0,0,0.007197,0.000219,0.000881,0.000143,0.001230,0.000017,0.000612,0.000082,0.000664,0.000005,0.000763,0.000069,0.000344,0.000045,0.000589,-166.03,-178.40,-118.21,-115.84,-37.71,-21.26,47.62,31.27,98.53,-44.26,170.32,179.33,-85.65,156.16,-3.22,218.4456,4.9628,4.9497,3.8028,14.3774,2.2202,1.1117,0.7571,3.5934,0.6158,6.0311,0.8508,1.9470,0.6664,4.1390
2026-08-06 10:52:56.402,8.850000,36,21,0.007543,-1.5462,166.28,0,0,0,60.0192,219.106,0.08544,1,0,0,0,0,0.007241,0.000249,0.000900,0.000154,0.001199,0.000048,0.000624,0.000032,0.000661,0.000057,0.000720,0.000063,0.000323,0.000019,0.000586,-166.28,-165.49,-119.01,-108.39,-38.85,21.40,46.45,-15.47,99.47,44.75,176.26,175.39,-74.16,-100.70,-8.96,218.4456,4.9628,4.9497,3.8028,14.3774,2.2202,1.1117,0.7571,3.5934,0.6158,6.0311,0.8508,1.9470,0.6664,4.1390
2026-08-06 10:52:56.402,8.866667,36,22,0.007461,-1.5272,166.57,0,0,0,60.0192,219.106,0.08544,1,0,0,0,0,0.007148,0.000204,0.000923,0.000069,0.001202,0.000036,0.000640,0.000060,0.000634,0.000065,0.000759,0.000032,0.000419,0.000081,0.000587,-166.57,-159.75,-118.47,-123.82,-37.11,68.18,48.81,82.17,97.11,141.79,177.78,150.71,-85.19,-130.04,-3.47,218.4456,4.9628,4.9497,3.8028,14.3774,2.2202,1.1117,0.7571,3.5934,0.6158,6.0311,0.8508,1.9470,0.6664,4.1390
2026-08-06 10:52:56.402,8.883333,36,23,0.007556,-1.5436,166.49,0,0,0,60.0192,219.106,0.08544,1,0,0,0,0,0.007216,0.000235,0.000914,0.000130,0.001257,0.000038,0.000626,0.000065,0.000687,0.000085,0.000771,0.000046,0.000345,0.000109,0.000644,-166.49,-163.87,-116.41,-161.40,-41.31,-32.43,47.05,35.83,87.87,72.16,172.67,-179.61,-91.68,-153.91,-4.27,218.4456,4.9628,4.9497,3.8028,14.3774,2.2202,1.1117,0.7571,3.5934,0.6158,6.0311,0.8508,1.9470,0.6664,4.1390
2026-08-06 10:52:56.402,8.900000,36,24,0.007555,-1.5465,166.18,0,0,0,60.0192,219.106,0.08544,1,0,0,0,0,0.007245,0.000230,0.000874,0.000099,0.001245,0.000045,0.000647,0.000028,0.000667,0.000082,0.000706,0.000089,0.000306,0.000044,0.000611,-166.18,-177.98,-116.64,-119.45,-39.66,114.14,45.56,-48.36,92.91,63.69,177.79,126.75,-77.26,136.65,-1.99,218.4456,4.9628,4.9497,3.8028,14.3774,2.2202,1.1117,0.7571,3.5934,0.6158,6.0311,0.8508,1.9470,0.6664,4.1390
2026-08-06 10:52:56.402,8.916667,36,25,0.007364,-1.4759,164.46,0,0,0,60.0192,219.106,0.08544,1,0,0,0,0,0.006943,0.000359,0.001145,0.000166,0.001226,0.000286,0.000540,0.000212,0.000941,0.000231,0.000683,0.000264,0.000424,0.000234,0.000829,-164.46,154.42,-108.04,74.43,-53.55,28.11,80.17,-21.59,107.92,-88.00,155.68,-139.24,-47.91,-177.58,-12.02,218.4456,4.9628,4.9497,3.8028,14.3774,2.2202,1.1117,0.7571,3.5934,0.6158,6.0311,0.8508,1.9470,0.6664,4.1390
2026-08-06 10:52:56.402,8.933333,36,26,0.007609,-1.5535,166.02,0,0,0,60.0192,219.106,0.08544,1,0,0,0,0,0.007284,0.000233,0.000945,0.000129,0.001292,0.000068,0.000640,0.000069,0.000641,0.000056,0.000769,0.000038,0.000356,0.000041,0.000613,-166.02,-169.50,-114.88,-101.25,-38.95,-23.47,47.53,58.80,95.92,71.01,171.48,160.91,-86.47,136.28,1.70,218.4456,4.9628,4.9497,3.8028,14.3774,2.2202,1.1117,0.7571,3.5934,0.6158,6.0311,0.8508,1.9470,0.6664,4.1390
2026-08-06 10:52:56.402,8.950000,36,27,0.007550,-1.5452,166.15,0,0,0,60.0192,219.106,0.08544,1,0,0,0,0,0.007241,0.000233,0.000868,0.000118,0.001196,0.000040,0.000639,0.000034,0.000635,0.000056,0.000751,0.000063,0.000336,0.000009,0.000589,-166.15,178.93,-117.87,-120.82,-38.52,5.76,49.93,-17.21,100.13,103.48,177.53,81.22,-76.28,93.77,1.76,218.4456,4.9628,4.9497,3.8028,14.3774,2.2202,1.1117,0.7571,3.5934,0.6158,6.0311,0.8508,1.9470,0.6664,4.1390
2026-08-06 10:52:56.402,8.966667,36,28,0.007478,-1.5280,166.23,0,0,0,60.0192,219.106,0.08544,1,0,0,0,0,0.007158,0.000215,0.000950,0.000144,0.001163,0.000023,0.000610,0.000061,0.000631,0.000019,0.000749,0.000037,0.000430,0.000053,0.000635,-166.23,-160.71,-118.39,-125.67,-40.63,17.64,47.61,105.14,97.64,47.72,176.77,130.03,-76.33,-152.06,-2.50,218.4456,4.9628,4.9497,3.8028,14.3774,2.2202,1.1117,0.7571,3.5934,0.6158,6.0311,0.8508,1.9470,0.6664,4.1390
2026-08-06 10:52:56.402,8.983333,36,29,0.007586,-1.5459,165.80,0,0,0,60.0192,219.106,0.08544,1,0,0,0,0,0.007250,0.000238,0.000944,0.000182,0.001261,0.000069,0.000631,0.000033,0.000688,0.000069,0.000743,0.000116,0.000347,0.000059,0.000654,-165.80,-163.75,-116.75,-109.89,-41.00,91.87,42.72,11.04,96.33,85.05,175.19,137.00,-76.09,136.44,-6.89,218.4456,4.9628,4.9497,3.8028,14.3774,2.2202,1.1117,0.7571,3.5934,0.6158,6.0311,0.8508,1.9470,0.6664,4.1390
2026-08-06 10:52:56.686,9.000000,37,0,0.007521,-1.5371,166.11,0,0,0,60.0192,219.186,0.08549,1,0,0,0,0,0.007203,0.000208,0.000934,0.000119,0.001225,0.000015,0.000654,0.000064,0.000588,0.000055,0.000718,0.000034,0.000402,0.000050,0.000664,-166.11,-178.98,-120.42,-124.99,-38.56,88.18,50.54,59.62,95.62,86.86,179.36,135.37,-81.15,150.60,-3.92,218.5240,4.9842,4.9400,3.7974,14.3520,2.2262,1.1424,0.7856,3.5804,0.5981,6.1445,0.8198,1.9702,0.6753,4.1246
2026-08-06 10:52:56.686,9.016667,37,1,0.007551,-1.5423,165.97,0,0,0,60.0192,219.186,0.08549,1,0,0,0,0,0.007233,0.000203,0.000936,0.000140,0.001202,0.000013,0.000613,0.000025,0.000649,0.000040,0.000767,0.000031,0.000385,0.000008,0.000610,-165.97,-174.84,-119.20,-104.39,-40.00,88.94,46.08,-100.43,97.63,9.17,178.10,25.02,-67.44,170.12,-1.13,218.5240,4.9842,4.9400,3.7974,14.3520,2.2262,1.1424,0.7856,3.5804,0.5981,6.1445,0.8198,1.9702,0.6753,4.1246
2026-08-06 10:52:56.686,9.033333,37,2,0.007554,-1.5418,166.57,0,0,0,60.0192,219.186,0.08549,1,0,0,0,0,0.007215,0.000190,0.000933,0.000098,0.001258,0.000050,0.000613,0.000046,0.000700,0.000013,0.000769,0.000088,0.000409,0.000084,0.000608,-166.57,-175.98,-118.42,-119.59,-36.61,79.86,48.58,44.60,91.77,48.50,172.22,-177.22,-77.53,167.22,4.01,218.5240,4.9842,4.9400,3.7974,14.3520,2.2262,1.1424,0.7856,3.5804,0.5981,6.1445,0.8198,1.9702,0.6753,4.1246
2026-08-06 10:52:56.686,9.050000,37,3,0.007600,-1.5485,166.38,0,0,0,60.0192,219.186,0.08549,1,0,0,0,0,0.007249,0.000177,0.000968,0.000105,0.001274,0.000047,0.000667,0.000059,0.000637,0.000065,0.000762,0.000153,0.000425,0.000028,0.000705,-166.38,175.37,-118.89,-141.42,-37.59,56.74,46.05,-63.01,101.26,101.98,175.19,100.11,-74.74,175.96,-12.48,218.5240,4.9842,4.9400,3.7974,14.3520,2.2262,1.1424,0.7856,3.5804,0.5981,6.1445,0.8198,1.9702,0.6753,4.1246
2026-08-06 10:52:56.686,9.066667,37,4,0.007554,-1.5147,164.54,0,0,0,60.0192,219.186,0.08549,1,0,0,0,0,0.007174,0.000110,0.001001,0.000340,0.001326,0.000286,0.000362,0.000306,0.000924,0.000302,0.000573,0.000248,0.000597,0.000158,0.000540,-164.54,75.48,-133.12,-100.72,-24.44,140.79,27.22,37.21,108.78,-105.58,171.03,125.53,-88.80,-17.90,17.51,218.5240,4.9842,4.9400,3.7974,14.3520,2.2262,1.1424,0.7856,3.5804,0.5981,6.1445,0.8198,1.9702,0.6753,4.1246
2026-08-06 10:52:56.686,9.083333,37,5,0.007534,-1.5399,166.40,0,0,0,60.0192,219.186,0.08549,1,0,0,0,0,0.007210,0.000200,0.000949,0.000075,0.001232,0.000038,0.000657,0.000086,0.000673,0.000045,0.000699,0.000064,0.000383,0.000046,0.000609,-166.40,-172.47,-117.29,-132.01,-38.53,140.68,52.02,65.08,99.03,88.43,177.64,163.37,-75.58,-154.93,-1.16,218.5240,4.9842,4.9400,3.7974,14.3520,2.2262,1.1424,0.7856,3.5804,0.5981,6.1445,0.8198,1.9702,0.6753,4.1246
2026-08-06 10:52:56.686,9.100000,37,6,0.007584,-1.5508,166.42,0,0,0,60.0192,219.186,0.08549,1,0,0,0,0,0.007259,0.000270,0.000952,0.000095,0.001215,0.000027,0.000657,0.000016,0.000659,0.000048,0.000674,0.000130,0.000322,0.000077,0.000681,-166.42,-169.46,-114.12,-114.98,-40.42,95.31,41.56,0.56,95.43,93.43,179.52,111.66,-83.99,177.55,-2.48,218.5240,4.9842,4.9400,3.7974,14.3520,2.2262,1.1424,0.7856,3.5804,0.5981,6.1445,0.8198,1.9702,0.6753,4.1246
2026-08-06 10:52:56.686,9.116667,37,7,0.007473,-1.5287,166.02,0,0,0,60.0192,219.186,0.08549,1,0,0,0,0,0.007161,0.000201,0.000909,0.000145,0.001150,0.000044,0.000564,0.000075,0.000708,0.000074,0.000706,0.000061,0.000362,0.000075,0.000661,-166.02,-173.91,-114.88,-109.18,-39.97,158.96,49.04,119.00,97.50,108.99,172.25,82.70,-74.22,-90.51,-4.10,218.5240,4.9842,4.9400,3.7974,14.3520,2.2262,1.1424,0.7856,3.5804,0.5981,6.1445,0.8198,1.9702,0.6753,4.1246
2026-08-06 10:52:56.686,9.133333,37,8,0.007591,-1.5556,166.45,0,0,0,60.0192,219.186,0.08549,1,0,0,0,0,0.007283,0.000246,0.000910,0.000094,0.001226,0.000065,0.000632,0.000089,0.000632,0.000095,0.000669,0.000091,0.000345,0.000106,0.000630,-166.45,-169.95,-113.32,-145.51,-37.99,61.13,47.04,54.53,96.70,170.36,173.37,159.79,-76.39,-176.28,2.12,218.5240,4.9842,4.9400,3.7974,14.3520,2.2262,1.1424,0.7856,3.5804,0.5981,6.1445,0.8198,1.9702,0.6753,4.1246
2026-08-06 10:52:56.686,9.150000,37,9,0.007499,-1.5350,166.28,0,0,0,60.0192,219.186,0.08549,1,0,0,0,0,0.007185,0.000265,0.000880,0.000111,0.001212,0.000030,0.000592,0.000026,0.000597,0.000127,0.000663,0.000119,0.000363,0.000074,0.000739,-166.28,-172.23,-114.75,-111.21,-42.04,71.11,49.18,61.58,98.43,106.30,177.77,112.55,-80.66,173.03,-2.52,218.5240,4.9842,4.9400,3.7974,14.3520,2.2262,1.1424,0.7856,3.5804,0.5981,6.1445,0.8198,1.9702,0.6753,4.1246
2026-08-06 10:52:56.686,9.166667,37,10,0.007480,-1.5324,166.25,0,0,0,60.0192,219.186,0.08549,1,0,0,0,0,0.007179,0.000184,0.000892,0.000144,0.001160,0.000012,0.000548,0.000062,0.000677,0.000041,0.000710,0.000108,0.000401,0.000043,0.000664,-166.25,-175.43,-117.25,-120.76,-37.55,108.99,48.49,116.12,103.28,-167.59,176.01,147.17,-71.57,-148.96,-4.56,218.5240,4.9842,4.9400,3.7974,14.3520,2.2262,1.1424,0.7856,3.5804,0.5981,6.1445,0.8198,1.9702,0.6753,4.1246
2026-08-06 10:52:56.686,9.183333,37,11,0.007551,-1.5427,166.27,0,0,0,60.0192,219.186,0.08549,1,0,0,0,0,0.007218,0.000215,0.000945,0.000128,0.001265,0.000034,0.000624,0.000021,0.000665,0.000040,0.000713,0.000086,0.000377,0.000096,0.000684,-166.27,-168.17,-117.51,-150.75,-40.90,-82.32,44.35,50.10,95.58,107.91,175.04,146.94,-73.28,161.29,-2.86,218.5240,4.9842,4.9400,3.7974,14.3520,2.2262,1.1424,0.7856,3.5804,0.5981,6.1445,0.8198,1.9702,0.6753,4.1246
2026-08-06 10:52:56.686,9.200000,37,12,0.007566,-1.5499,166.27,0,0,0,60.0192,219.186,0.08549,1,0,0,0,0,0.007257,0.000258,0.000900,0.000152,0.001167,0.000043,0.000592,0.000066,0.000633,0.000086,0.000697,0.000110,0.000346,0.000059,0.000669,-166.27,170.20,-113.36,-124.86,-39.50,47.76,48.25,70.79,99.19,148.92,173.83,121.32,-86.65,163.82,-2.93,218.5240,4.9842,4.9400,3.7974,14.3520,2.2262,1.1424,0.7856,3.5804,0.5981,6.1445,0.8198,1.9702,0.6753,4.1246
2026-08-06 10:52:56.686,9.216667,37,13,0.009225,-1.8058,160.29,0,0,0,60.0192,219.186,0.08549,1,0,0,0,0,0.008752,0.001331,0.001355,0.000218,0.001207,0.000432,0.000638,0.000147,0.000451,0.000256,0.000559,0.000173,0.000610,0.000221,0.000764,-160.29,-102.70,-90.54,-89.53,-57.66,-92.32,24.40,-159.82,120.07,-61.80,172.00,-179.26,-83.21,-47.59,-0.14,218.5240,4.9842,4.9400,3.7974,14.3520,2.2262,1.1424,0.7856,3.5804,0.5981,6.1445,0.8198,1.9702,0.6753,4.1246
2026-08-06 10:52:56.686,9.233333,37,14,0.007866,-1.5817,167.63,0,0,0,60.0192,219.186,0.08549,1,0,0,0,0,0.007311,0.000759,0.001037,0.000349,0.001018,0.000699,0.000772,0.000627,0.000998,0.000270,0.000769,0.000444,0.000542,0.000483,0.000877,-167.63,-167.15,-145.39,152.15,-50.94,125.31,48.00,133.04,84.12,101.11,162.20,71.23,-71.82,92.78,-10.83,218.5240,4.9842,4.9400,3.7974,14.3520,2.2262,1.1424,0.7856,3.5804,0.5981,6.1445,0.8198,1.9702,0.6753,4.1246
2026-08-06 10:52:56.686,9.250000,37,15,0.008783,-1.7071,164.27,0,0,0,60.0192,219.186,0.08549,1,0,0,0,0,0.008080,0.000948,0.001518,0.000645,0.001761,0.000711,0.001301,0.000534,0.000923,0.000114,0.000676,0.000125,0.000265,0.000044,0.000684,-164.27,-133.42,-106.15,-84.41,-45.19,-20.95,32.52,61.24,105.69,151.98,-179.58,94.66,-63.35,64.13,3.62,218.5240,4.9842,4.9400,3.7974,14.3520,2.2262,1.1424,0.7856,3.5804,0.5981,6.1445,0.8198,1.9702,0.6753,4.1246
2026-08-06 10:52:56.686,9.266667,37,16,0.006834,-1.1640,157.09,0,0,0,60.0192,219.186,0.08549,1,0,0,0,0,0.005693,0.000770,0.002297,0.000989,0.001480,0.001036,0.001033,0.000338,0.001075,0.000261,0.000728,0.000264,0.000408,0.000378,0.000625,-157.09,97.94,-131.67,20.73,-65.91,106.23,-17.88,162.47,112.12,0.76,-157.95,105.85,-116.72,16.30,-18.15,218.5240,4.9842,4.9400,3.7974,14.3520,2.2262,1.1424,0.7856,3.5804,0.5981,6.1445,0.8198,1.9702,0.6753,4.1246
2026-08-06 10:52:56.686,9.283333,37,17,0.007719,-1.5372,179.86,0,0,0,60.0192,219.186,0.08549,1,0,0,0,0,0.007036,0.001290,0.001931,0.000730,0.001059,0.000300,0.000985,0.000571,0.000515,0.000074,0.000573,0.000298,0.000295,0.000090,0.000575,-179.86,0.24,-97.05,-152.28,-44.26,172.81,76.50,35.74,72.46,49.51,-167.74,-143.18,-107.37,127.92,-11.48,218.5240,4.9842,4.9400,3.7974,14.3520,2.2262,1.1424,0.7856,3.5804,0.5981,6.1445,0.8198,1.9702,0.6753,4.1246
2026-08-06 10:52:56.686,9.300000,37,18,0.007512,-1.5365,166.48,0,0,0,60.0192,219.186,0.08549,1,0,0,0,0,0.007184,0.000243,0.000903,0.000105,0.001272,0.000021,0.000602,0.000065,0.000665,0.000037,0.000690,0.000134,0.000338,0.000070,0.000662,-166.48,-162.75,-118.05,-133.62,-39.42,176.13,49.44,9.38,96.81,129.11,176.68,103.86,-72.47,143.84,-4.90,218.5240,4.9842,4.9400,3.7974,14.3520,2.2262,1.1424,0.7856,3.5804,0.5981,6.1445,0.8198,1.9702,0.6753,4.1246
2026-08-06 10:52:56.686,9.316667,37,19,0.007452,-1.5224,165.93,0,0,0,60.0192,219.186,0.08549,1,0,0,0,0,0.007141,0.000176,0.000938,0.000136,0.001152,0.000034,0.000618,0.000077,0.000643,0.000056,0.000731,0.000078,0.000410,0.000067,0.000648,-165.93,-163.37,-118.09,-95.46,-37.95,98.54,51.72,121.83,99.43,98.08,178.38,122.23,-72.29,-175.92,-4.19,218.5240,4.9842,4.9400,3.7974,14.3520,2.2262,1.1424,0.7856,3.5804,0.5981,6.1445,0.8198,1.9702,0.6753,4.1246
2026-08-06 10:52:56.686,9.333333,37,20,0.007613,-1.5449,169.65,0,0,0,60.0192,219.186,0.08549,1,0,0,0,0,0.007180,0.000280,0.001340,0.000549,0.000850,0.000459,0.000651,0.000400,0.001057,0.000413,0.000404,0.000413,0.000450,0.000249,0.000723,-169.65,9.96,-103.29,-151.88,-27.83,26.62,12.59,-155.78,111.04,53.53,-171.15,-104.83,-117.60,116.40,7.90,218.5240,4.9842,4.9400,3.7974,14.3520,2.2262,1.1424,0.7856,3.5804,0.5981,6.1445,0.8198,1.9702,0.6753,4.1246
2026-08-06 10:52:56.686,9.350000,37,21,0.007497,-1.5342,166.52,0,0,0,60.0192,219.186,0.08549,1,0,0,0,0,0.007154,0.000268,0.000883,0.000213,0.001198,0.000050,0.000633,0.000150,0.000686,0.000227,0.000767,0.000233,0.000386,0.000106,0.000644,-166.52,166.54,-123.20,-134.23,-46.83,-102.78,39.08,-9.89,95.95,86.01,172.68,138.64,-84.40,-131.01,-9.12,218.5240,4.9842,4.9400,3.7974,14.3520,2.2262,1.1424,0.7856,3.5804,0.5981,6.1445,0.8198,1.9702,0.6753,4.1246
2026-08-06 10:52:56.686,9.366667,37,22,0.007543,-1.5427,166.09,0,0,0,60.0192,219.186,0.08549,1,0,0,0,0,0.007224,0.000163,0.000964,0.000092,0.001185,0.000032,0.000622,0.000034,0.000613,0.000007,0.000755,0.000031,0.000392,0.000023,0.000642,-166.09,-163.47,-121.17,-126.43,-39.15,67.55,46.46,165.81,95.40,-84.41,173.45,133.78,-64.27,41.74,-6.87,218.5240,4.9842,4.9400,3.7974,14.3520,2.2262,1.1424,0.7856,3.5804,0.5981,6.1445,0.8198,1.9702,0.6753,4.1246
2026-08-06 10:52:56.686,9.383333,37,23,0.007571,-1.5470,166.21,0,0,0,60.0192,219.186,0.08549,1,0,0,0,0,0.007242,0.000221,0.000943,0.000086,0.001209,0.000020,0.000601,0.000047,0.000630,0.000039,0.000732,0.000071,0.000382,0.000109,0.000709,-166.21,-161.11,-116.02,-149.16,-39.84,72.38,52.79,64.18,100.52,145.57,177.41,-141.83,-71.78,168.25,-0.47,218.5240,4.9842,4.9400,3.7974,14.3520,2.2262,1.1424,0.7856,3.5804,0.5981,6.1445,0.8198,1.9702,0.6753,4.1246
2026-08-06 10:52:56.686,9.400000,37,24,0.007526,-1.5413,166.76,0,0,0,60.0192,219.186,0.08549,1,0,0,0,0,0.007199,0.000229,0.000958,0.000147,0.001238,0.000019,0.000580,0.000055,0.000594,0.000051,0.000734,0.000118,0.000383,0.000107,0.000674,-166.76,-174.01,-120.14,-132.19,-39.37,-45.05,47.29,30.35,97.95,154.40,173.90,113.46,-76.50,-159.40,-1.55,218.5240,4.9842,4.9400,3.7974,14.3520,2.2262,1.1424,0.7856,3.5804,0.5981,6.1445,0.8198,1.9702,0.6753,4.1246
2026-08-06 10:52:56.686,9.416667,37,25,0.007531,-1.5451,166.56,0,0,0,60.0192,219.186,0.08549,1,0,0,0,0,0.007221,0.000240,0.000920,0.000149,0.001167,0.000053,0.000606,0.000008,0.000685,0.000030,0.000744,0.000075,0.000337,0.000055,0.000626,-166.56,-161.07,-118.64,-117.06,-38.74,-29.64,46.59,169.76,92.44,-48.85,177.85,96.03,-71.80,-152.93,-2.49,218.5240,4.9842,4.9400,3.7974,14.3520,2.2262,1.1424,0.7856,3.5804,0.5981,6.1445,0.8198,1.9702,0.6753,4.1246
2026-08-06 10:52:56.686,9.433333,37,26,0.007547,-1.5435,166.15,0,0,0,60.0192,219.186,0.08549,1,0,0,0,0,0.007234,0.000223,0.000883,0.000114,0.001237,0.000063,0.000585,0.000069,0.000667,0.000049,0.000687,0.000101,0.000423,0.000080,0.000621,-166.15,-168.25,-115.06,-148.57,-37.16,77.26,48.74,96.21,92.94,173.55,-179.28,171.35,-77.39,169.40,-1.33,218.5240,4.9842,4.9400,3.7974,14.3520,2.2262,1.1424,0.7856,3.5804,0.5981,6.1445,0.8198,1.9702,0.6753,4.1246
2026-08-06 10:52:56.686,9.450000,37,27,0.007553,-1.5378,165.40,0,0,0,60.0192,219.186,0.08549,1,0,0,0,0,0.007224,0.000252,0.000899,0.000134,0.001259,0.000036,0.000644,0.000045,0.000659,0.000150,0.000727,0.000112,0.000300,0.000015,0.000650,-165.40,173.55,-114.33,-102.45,-38.42,123.83,46.55,24.24,99.51,120.14,171.74,111.84,-77.46,116.31,0.26,218.5240,4.9842,4.9400,3.7974,14.3520,2.2262,1.1424,0.7856,3.5804,0.5981,6.1445,0.8198,1.9702,0.6753,4.1246
2026-08-06 10:52:56.686,9.466667,37,28,0.007562,-1.5470,166.24,0,0,0,60.0192,219.186,0.08549,1,0,0,0,0,0.007238,0.000206,0.000929,0.000154,0.001229,0.000003,0.000592,0.000048,0.000675,0.000039,0.000742,0.000070,0.000386,0.000022,0.000655,-166.24,-177.44,-115.08,-144.37,-40.37,117.65,47.73,-179.35,98.69,135.20,177.47,120.06,-66.99,-148.21,-6.35,218.5240,4.9842,4.9400,3.7974,14.3520,2.2262,1.1424,0.7856,3.5804,0.5981,6.1445,0.8198,1.9702,0.6753,4.1246
2026-08-06 10:52:56.686,9.483333,37,29,0.007500,-1.5362,166.27,0,0,0,60.0192,219.186,0.08549,1,0,0,0,0,0.007195,0.000143,0.000929,0.000091,0.001203,0.000029,0.000544,0.000137,0.000644,0.000082,0.000700,0.000097,0.000395,0.000103,0.000638,-166.27,-173.56,-116.72,-126.15,-36.68,57.83,52.47,78.27,97.63,179.90,175.89,-171.53,-81.63,-178.59,-1.46,218.5240,4.9842,4.9400,3.7974,14.3520,2.2262,1.1424,0.7856,3.5804,0.5981,6.1445,0.8198,1.9702,0.6753,4.1246
2026-08-06 10:52:58.871,9.500000,38,0,0.007488,-1.5336,166.27,0,0,0,60.0154,219.350,0.08567,1,0,0,0,0,0.007177,0.000214,0.000919,0.000102,0.001216,0.000052,0.000640,0.000038,0.000625,0.000045,0.000714,0.000067,0.000317,0.000027,0.000612,-166.27,-162.02,-118.63,-123.18,-37.99,56.10,51.32,38.78,95.51,137.11,175.44,102.27,-77.56,-150.44,-2.36,218.6843,5.0347,4.9788,3.8266,14.3819,2.2381,1.0762,0.7730,3.6028,0.5826,6.1290,0.8340,2.0601,0.7015,4.0906
2026-08-06 10:52:58.871,9.516667,38,1,0.007533,-1.5419,166.11,0,0,0,60.0154,219.350,0.08567,1,0,0,0,0,0.007217,0.000239,0.000953,0.000147,0.001214,0.000041,0.000603,0.000058,0.000629,0.000075,0.000652,0.000087,0.000399,0.000033,0.000697,-166.11,-176.02,-114.87,-116.04,-40.43,127.20,43.54,149.55,97.65,160.40,-177.23,134.97,-72.18,-161.80,-8.09,218.6843,5.0347,4.9788,3.8266,14.3819,2.2381,1.0762,0.7730,3.6028,0.5826,6.1290,0.8340,2.0601,0.7015,4.0906
2026-08-06 10:52:58.871,9.533333,38,2,0.007544,-1.5455,166.18,0,0,0,60.0154,219.350,0.08567,1,0,0,0,0,0.007230,0.000248,0.000882,0.000123,0.001223,0.000069,0.000581,0.000089,0.000712,0.000120,0.000722,0.000140,0.000311,0.000076,0.000674,-166.18,-155.30,-115.45,-93.88,-40.80,54.13,47.70,77.59,95.46,153.49,170.73,166.49,-83.76,-154.53,-6.17,218.6843,5.0347,4.9788,3.8266,14.3819,2.2381,1.0762,0.7730,3.6028,0.5826,6.1290,0.8340,2.0601,0.7015,4.0906
2026-08-06 10:52:58.871,9.550000,38,3,0.007586,-1.5377,167.37,0,0,0,60.0154,219.350,0.08567,1,0,0,0,0,0.007154,0.000259,0.001009,0.000166,0.001442,0.000251,0.000905,0.000268,0.000788,0.000253,0.000686,0.000337,0.000357,0.000226,0.000483,-167.37,-126.71,-127.36,31.09,-47.69,153.38,42.68,-75.07,114.71,52.77,-161.14,151.99,-33.06,-110.83,14.55,218.6843,5.0347,4.9788,3.8266,14.3819,2.2381,1.0762,0.7730,3.6028,0.5826,6.1290,0.8340,2.0601,0.7015,4.0906
2026-08-06 10:52:58.871,9.566667,38,4,0.007512,-1.5300,165.24,0,0,0,60.0154,219.350,0.08567,1,0,0,0,0,0.007188,0.000281,0.000941,0.000189,0.001179,0.000034,0.000624,0.000042,0.000657,0.000061,0.000695,0.000053,0.000416,0.000079,0.000649,-165.24,-154.55,-117.06,-116.51,-40.02,107.73,50.82,146.29,102.09,92.88,177.18,132.16,-68.12,-163.97,-7.10,218.6843,5.0347,4.9788,3.8266,14.3819,2.2381,1.0762,0.7730,3.6028,0.5826,6.1290,0.8340,2.0601,0.7015,4.0906
2026-08-06 10:52:58.871,9.583333,38,5,0.007512,-1.5366,166.44,0,0,0,60.0154,219.350,0.08567,1,0,0,0,0,0.007189,0.000184,0.000923,0.000104,0.001267,0.000054,0.000635,0.000094,0.000637,0.000059,0.000694,0.000050,0.000391,0.000133,0.000640,-166.44,172.28,-115.48,-119.52,-38.52,99.28,46.53,105.26,95.69,-163.20,178.43,141.21,-78.75,166.76,0.20,218.6843,5.0347,4.9788,3.8266,14.3819,2.2381,1.0762,0.7730,3.6028,0.5826,6.1290,0.8340,2.0601,0.7015,4.0906
2026-08-06 10:52:58.871,9.600000,38,6,0.007565,-1.5444,165.85,0,0,0,60.0154,219.350,0.08567,1,0,0,0,0,0.007235,0.000226,0.000957,0.000166,0.001277,0.000037,0.000658,0.000080,0.000636,0.000085,0.000715,0.000088,0.000319,0.000015,0.000593,-165.85,-156.78,-116.98,-113.49,-39.66,122.42,46.19,-18.52,94.51,98.91,167.38,133.13,-68.88,133.47,-0.30,218.6843,5.0347,4.9788,3.8266,14.3819,2.2381,1.0762,0.7730,3.6028,0.5826,6.1290,0.8340,2.0601,0.7015,4.0906
2026-08-06 10:52:58.871,9.616667,38,7,0.007541,-1.5451,166.15,0,0,0,60.0154,219.350,0.08567,1,0,0,0,0,0.007231,0.000175,0.000899,0.000129,0.001207,0.000026,0.000634,0.000042,0.000669,0.000059,0.000723,0.000018,0.000320,0.000028,0.000601,-166.15,-177.87,-117.65,-114.26,-40.26,-2.51,49.93,-119.11,97.75,72.53,172.81,155.26,-76.14,132.95,-3.50,218.6843,5.0347,4.9788,3.8266,14.3819,2.2381,1.0762,0.7730,3.6028,0.5826,6.1290,0.8340,2.0601,0.7015,4.0906
2026-08-06 10:52:58.871,9.633333,38,8,0.007500,-1.5330,165.72,0,0,0,60.0154,219.350,0.08567,1,0,0,0,0,0.007191,0.000182,0.000908,0.000131,0.001220,0.000084,0.000585,0.000063,0.000669,0.000027,0.000682,0.000047,0.000372,0.000067,0.000576,-165.72,-164.00,-116.80,-117.80,-39.88,110.97,44.00,114.68,97.98,-142.23,174.99,-145.92,-74.46,145.87,-1.85,218.6843,5.0347,4.9788,3.8266,14.3819,2.2381,1.0762,0.7730,3.6028,0.5826,6.1290,0.8340,2.0601,0.7015,4.0906
2026-08-06 10:52:58.871,9.650000,38,9,0.007580,-1.5490,165.94,0,0,0,60.0154,219.350,0.08567,1,0,0,0,0,0.007258,0.000184,0.000938,0.000115,0.001199,0.000074,0.000645,0.000004,0.000658,0.000018,0.000674,0.000101,0.000347,0.000056,0.000652,-165.94,-179.29,-118.72,-118.14,-39.64,123.51,48.80,49.82,101.37,156.55,172.21,-179.12,-72.58,-110.21,2.00,218.6843,5.0347,4.9788,3.8266,14.3819,2.2381,1.0762,0.7730,3.6028,0.5826,6.1290,0.8340,2.0601,0.7015,4.0906
2026-08-06 10:52:58.871,9.666667,38,10,0.007597,-1.5599,166.24,0,0,0,60.0154,219.350,0.08567,1,0,0,0,0,0.007293,0.000221,0.000879,0.000157,0.001205,0.000042,0.000635,0.000066,0.000689,0.000022,0.000724,0.000017,0.000330,0.000028,0.000622,-166.24,-170.65,-117.38,-118.42,-40.38,28.46,47.88,-106.77,98.57,-7.94,173.92,140.08,-64.85,-25.45,-8.16,218.6843,5.0347,4.9788,3.8266,14.3819,2.2381,1.0762,0.7730,3.6028,0.5826,6.1290,0.8340,2.0601,0.7015,4.0906
2026-08-06 10:52:58.871,9.683333,38,11,0.007582,-1.5492,165.71,0,0,0,60.0154,219.350,0.08567,1,0,0,0,0,0.007263,0.000180,0.000975,0.000137,0.001197,0.000030,0.000567,0.000055,0.000639,0.000008,0.000715,0.000072,0.000386,0.000063,0.000622,-165.71,-170.14,-115.52,-118.12,-42.02,-169.80,46.00,125.65,97.65,-18.73,174.95,-138.39,-76.43,169.12,1.86,218.6843,5.0347,4.9788,3.8266,14.3819,2.2381,1.0762,0.7730,3.6028,0.5826,6.1290,0.8340,2.0601,0.7015,4.0906
2026-08-06 10:52:58.871,9.700000,38,12,0.007544,-1.5449,166.22,0,0,0,60.0154,219.350,0.08567,1,0,0,0,0,0.007229,0.000267,0.000809,0.000078,0.001261,0.000060,0.000651,0.000021,0.000598,0.000119,0.000717,0.000163,0.000395,0.000059,0.000639,-166.22,-174.15,-115.35,-124.27,-41.00,82.58,44.89,28.99,99.37,89.66,174.13,159.08,-73.82,105.21,-7.87,218.6843,5.0347,4.9788,3.8266,14.3819,2.2381,1.0762,0.7730,3.6028,0.5826,6.1290,0.8340,2.0601,0.7015,4.0906
2026-08-06 10:52:58.871,9.716667,38,13,0.007551,-1.5462,166.12,0,0,0,60.0154,219.350,0.08567,1,0,0,0,0,0.007239,0.000200,0.000894,0.000134,0.001216,0.000019,0.000668,0.000072,0.000658,0.000065,0.000712,0.000024,0.000323,0.000018,0.000624,-166.12,-174.49,-118.82,-109.36,-40.24,95.15,50.17,-74.87,99.28,34.68,175.75,-168.80,-76.98,114.02,-4.39,218.6843,5.0347,4.9788,3.8266,14.3819,2.2381,1.0762,0.7730,3.6028,0.5826,6.1290,0.8340,2.0601,0.7015,4.0906
2026-08-06 10:52:58.871,9.733333,38,14,0.007505,-1.5388,166.47,0,0,0,60.0154,219.350,0.08567,1,0,0,0,0,0.007192,0.000192,0.000956,0.000101,0.001186,0.000026,0.000607,0.000095,0.000667,0.000030,0.000695,0.000043,0.000376,0.000098,0.000652,-166.47,-174.67,-114.18,-146.41,-40.29,164.18,52.14,99.92,98.54,118.14,174.97,170.09,-78.75,-177.08,-5.06,218.6843,5.0347,4.9788,3.8266,14.3819,2.2381,1.0762,0.7730,3.6028,0.5826,6.1290,0.8340,2.0601,0.7015,4.0906
2026-08-06 10:52:58.871,9.750000,38,15,0.007492,-1.5299,165.85,0,0,0,60.0154,219.350,0.08567,1,0,0,0,0,0.007172,0.000218,0.000897,0.000124,0.001200,0.000063,0.000585,0.000101,0.000649,0.000072,0.000751,0.000091,0.000368,0.000022,0.000656,-165.85,-174.15,-118.19,-128.53,-38.32,37.16,45.56,65.13,100.63,158.31,177.60,158.77,-74.76,134.80,-4.26,218.6843,5.0347,4.9788,3.8266,14.3819,2.2381,1.0762,0.7730,3.6028,0.5826,6.1290,0.8340,2.0601,0.7015,4.0906
2026-08-06 10:52:58.871,9.766667,38,16,0.007523,-1.5411,166.13,0,0,0,60.0154,219.350,0.08567,1,0,0,0,0,0.007211,0.000223,0.000922,0.000123,0.001224,0.000029,0.000622,0.000034,0.000607,0.000056,0.000719,0.000050,0.000353,0.000035,0.000686,-166.13,-172.12,-115.89,-144.64,-40.99,-69.30,49.59,-110.92,97.98,100.89,177.39,111.37,-76.15,157.65,-5.10,218.6843,5.0347,4.9788,3.8266,14.3819,2.2381,1.0762,0.7730,3.6028,0.5826,6.1290,0.8340,2.0601,0.7015,4.0906
2026-08-06 10:52:58.871,9.783333,38,17,0.007557,-1.5476,166.32,0,0,0,60.0154,219.350,0.08567,1,0,0,0,0,0.007240,0.000206,0.000948,0.000074,0.001187,0.000062,0.000625,0.000042,0.000712,0.000070,0.000721,0.000024,0.000336,0.000109,0.000642,-166.32,-165.05,-114.61,-101.93,-39.27,113.29,50.69,104.74,98.35,-133.81,173.31,146.59,-76.25,-169.55,-4.56,218.6843,5.0347,4.9788,3.8266,14.3819,2.2381,1.0762,0.7730,3.6028,0.5826,6.1290,0.8340,2.0601,0.7015,4.0906
2026-08-06 10:52:58.871,9.800000,38,18,0.007564,-1.5470,165.83,0,0,0,60.0154,219.350,0.08567,1,0,0,0,0,0.007253,0.000249,0.000914,0.000161,0.001216,0.000049,0.000622,0.000067,0.000648,0.000061,0.000657,0.000141,0.000316,0.000069,0.000637,-165.83,-163.32,-114.23,-108.82,-39.55,79.63,46.73,1.23,97.64,112.91,169.57,156.69,-73.30,-162.02,-0.08,218.6843,5.0347,4.9788,3.8266,14.3819,2.2381,1.0762,0.7730,3.6028,0.5826,6.1290,0.8340,2.0601,0.7015,4.0906
2026-08-06 10:52:58.871,9.816667,38,19,0.007578,-1.5561,166.28,0,0,0,60.0154,219.350,0.08567,1,0,0,0,0,0.007278,0.000295,0.000899,0.000118,0.001207,0.000030,0.000642,0.000019,0.000595,0.000047,0.000641,0.000078,0.000335,0.000075,0.000645,-166.28,177.01,-114.84,-130.78,-41.73,137.40,49.64,-54.12,97.88,96.10,-178.79,126.90,-70.53,129.32,-1.82,218.6843,5.0347,4.9788,3.8266,14.3819,2.2381,1.0762,0.7730,3.6028,0.5826,6.1290,0.8340,2.0601,0.7015,4.0906
2026-08-06 10:52:58.871,9.833333,38,20,0.007533,-1.5437,166.56,0,0,0,60.0154,219.350,0.08567,1,0,0,0,0,0.007215,0.000269,0.000935,0.000111,0.001164,0.000073,0.000612,0.000077,0.000725,0.000032,0.000700,0.000037,0.000360,0.000112,0.000651,-166.56,-161.04,-113.38,-134.81,-39.89,130.94,48.53,84.14,100.71,-119.19,173.87,113.92,-79.64,-91.31,-3.19,218.6843,5.0347,4.9788,3.8266,14.3819,2.2381,1.0762,0.7730,3.6028,0.5826,6.1290,0.8340,2.0601,0.7015,4.0906
2026-08-06 10:52:58.871,9.850000,38,21,0.007522,-1.5343,165.55,0,0,0,60.0154,219.350,0.08567,1,0,0,0,0,0.007199,0.000228,0.000961,0.000159,0.001272,0.000028,0.000610,0.000062,0.000648,0.000092,0.000680,0.000116,0.000321,0.000082,0.000619,-165.55,-166.03,-115.51,-104.57,-41.06,-146.74,45.44,82.55,97.96,107.53,170.93,149.04,-80.84,128.76,-4.68,218.6843,5.0347,4.9788,3.8266,14.3819,2.2381,1.0762,0.7730,3.6028,0.5826,6.1290,0.8340,2.0601,0.7015,4.0906
2026-08-06 10:52:58.871,9.866667,38,22,0.007596,-1.5574,166.13,0,0,0,60.0154,219.350,0.08567,1,0,0,0,0,0.007289,0.000254,0.000871,0.000132,0.001174,0.000049,0.000651,0.000032,0.000672,0.000065,0.000705,0.000024,0.000278,0.000045,0.000698,-166.13,-169.73,-112.81,-111.82,-40.54,114.55,49.57,-178.08,97.93,89.15,176.83,57.25,-75.73,-141.29,-4.30,218.6843,5.0347,4.9788,3.8266,14.3819,2.2381,1.0762,0.7730,3.6028,0.5826,6.1290,0.8340,2.0601,0.7015,4.0906
2026-08-06 10:52:58.871,9.883333,38,23,0.007525,-1.5385,166.19,0,0,0,60.0154,219.350,0.08567,1,0,0,0,0,0.007204,0.000219,0.000933,0.000094,0.001198,0.000045,0.000604,0.000115,0.000712,0.000064,0.000732,0.000075,0.000393,0.000121,0.000659,-166.19,-176.95,-114.21,-104.85,-37.78,100.92,47.81,108.26,100.45,130.51,177.55,145.50,-82.77,-148.62,-9.03,218.6843,5.0347,4.9788,3.8266,14.3819,2.2381,1.0762,0.7730,3.6028,0.5826,6.1290,0.8340,2.0601,0.7015,4.0906
2026-08-06 10:52:58.871,9.900000,38,24,0.007600,-1.5509,165.36,0,0,0,60.0154,219.350,0.08567,1,0,0,0,0,0.007283,0.000194,0.000884,0.000159,0.001241,0.000044,0.000616,0.000056,0.000718,0.000065,0.000706,0.000096,0.000347,0.000059,0.000654,-165.36,-172.41,-115.11,-122.71,-41.38,90.81,50.10,46.29,97.82,114.50,169.53,177.89,-74.95,126.01,1.77,218.6843,5.0347,4.9788,3.8266,14.3819,2.2381,1.0762,0.7730,3.6028,0.5826,6.1290,0.8340,2.0601,0.7015,4.0906
2026-08-06 10:52:58.871,9.916667,38,25,0.007537,-1.5442,166.21,0,0,0,60.0154,219.350,0.08567,1,0,0,0,0,0.007222,0.000247,0.000922,0.000113,0.001228,0.000070,0.000580,0.000053,0.000625,0.000125,0.000648,0.000096,0.000384,0.000064,0.000682,-166.21,-156.34,-116.76,-118.94,-42.81,77.26,49.92,89.35,94.15,100.73,178.51,132.62,-70.81,172.44,-8.43,218.6843,5.0347,4.9788,3.8266,14.3819,2.2381,1.0762,0.7730,3.6028,0.5826,6.1290,0.8340,2.0601,0.7015,4.0906
2026-08-06 10:52:58.871,9.933333,38,26,0.007486,-1.5392,166.99,0,0,0,60.0154,219.350,0.08567,1,0,0,0,0,0.007181,0.000192,0.000891,0.000110,0.001172,0.000043,0.000625,0.000105,0.000686,0.000025,0.000732,0.000039,0.000318,0.000094,0.000641,-166.99,-172.53,-117.60,-99.09,-39.18,55.47,49.47,126.66,99.21,-150.37,176.55,164.05,-76.29,-126.79,-4.87,218.6843,5.0347,4.9788,3.8266,14.3819,2.2381,1.0762,0.7730,3.6028,0.5826,6.1290,0.8340,2.0601,0.7015,4.0906
2026-08-06 10:52:58.871,9.950000,38,27,0.007518,-1.5338,165.67,0,0,0,60.0154,219.350,0.08567,1,0,0,0,0,0.007194,0.000206,0.000908,0.000147,0.001225,0.000016,0.000636,0.000037,0.000685,0.000095,0.000715,0.000141,0.000351,0.000086,0.000614,-165.67,-170.68,-116.18,-128.40,-40.77,-59.09,48.21,78.15,96.16,92.73,177.44,-179.52,-69.96,167.73,2.26,218.6843,5.0347,4.9788,3.8266,14.3819,2.2381,1.0762,0.7730,3.6028,0.5826,6.1290,0.8340,2.0601,0.7015,4.0906
2026-08-06 10:52:58.871,9.966667,38,28,0.007541,-1.5420,166.15,0,0,0,60.0154,219.350,0.08567,1,0,0,0,0,0.007225,0.000191,0.000948,0.000082,0.001204,0.000043,0.000616,0.000033,0.000630,0.000037,0.000701,0.000089,0.000330,0.000094,0.000613,-166.15,-173.00,-116.04,-123.49,-39.50,63.49,49.15,81.44,100.67,79.84,173.53,149.86,-77.90,-168.66,-1.36,218.6843,5.0347,4.9788,3.8266,14.3819,2.2381,1.0762,0.7730,3.6028,0.5826,6.1290,0.8340,2.0601,0.7015,4.0906
2026-08-06 10:52:58.871,9.983333,38,29,0.007504,-1.5324,165.73,0,0,0,60.0154,219.350,0.08567,1,0,0,0,0,0.007179,0.000196,0.001017,0.000169,0.001224,0.000066,0.000597,0.000102,0.000649,0.000036,0.000684,0.000055,0.000396,0.000034,0.000628,-165.73,-146.03,-117.99,-117.82,-42.11,166.66,51.57,153.61,98.88,26.38,170.74,156.91,-65.86,-146.73,-2.49,218.6843,5.0347,4.9788,3.8266,14.3819,2.2381,1.0762,0.7730,3.6028,0.5826,6.1290,0.8340,2.0601,0.7015,4.0906
2026-08-06 10:52:59.128,10.000000,39,0,0.007542,-1.5456,166.26,0,0,0,60.0154,219.353,0.08555,1,0,0,0,0,0.007231,0.000126,0.000857,0.000106,0.001229,0.000072,0.000596,0.000054,0.000678,0.000085,0.000738,0.000139,0.000397,0.000058,0.000614,-166.26,160.22,-117.04,-147.13,-39.77,95.00,51.47,92.38,99.61,140.31,173.68,178.84,-70.89,161.47,2.71,218.6891,5.0033,4.9918,3.8388,14.3478,2.2444,1.0649,0.7773,3.6070,0.5796,6.1300,0.8109,2.0652,0.6881,4.1013
2026-08-06 10:52:59.128,10.016667,39,1,0.007561,-1.5470,165.82,0,0,0,60.0154,219.353,0.08555,1,0,0,0,0,0.007243,0.000277,0.000883,0.000170,0.001246,0.000016,0.000619,0.000037,0.000665,0.000111,0.000691,0.000110,0.000310,0.000032,0.000680,-165.82,-176.61,-115.88,-121.77,-43.26,71.05,44.37,-39.81,97.86,95.55,175.25,138.75,-71.16,-163.21,-7.66,218.6891,5.0033,4.9918,3.8388,14.3478,2.2444,1.0649,0.7773,3.6070,0.5796,6.1300,0.8109,2.0652,0.6881,4.1013
2026-08-06 10:52:59.128,10.033333,39,2,0.007507,-1.5406,166.51,0,0,0,60.0154,219.353,0.08555,1,0,0,0,0,0.007197,0.000212,0.000919,0.000107,0.001161,0.000047,0.000620,0.000028,0.000716,0.000033,0.000727,0.000062,0.000335,0.000075,0.000603,-166.51,-160.37,-116.45,-125.19,-40.98,51.66,51.50,145.60,98.06,-1.84,175.47,102.63,-71.24,-113.62,-0.03,218.6891,5.0033,4.9918,3.8388,14.3478,2.2444,1.0649,0.7773,3.6070,0.5796,6.1300,0.8109,2.0652,0.6881,4.1013
2026-08-06 10:52:59.128,10.050000,39,3,0.007535,-1.5272,167.15,0,0,0,60.0154,219.353,0.08555,1,0,0,0,0,0.007116,0.000215,0.000987,0.000125,0.001434,0.000248,0.000849,0.000166,0.000830,0.000248,0.000689,0.000317,0.000325,0.000260,0.000399,-167.15,-113.56,-129.62,20.94,-45.41,141.05,47.78,-62.31,111.39,40.44,-166.36,164.38,-35.03,-107.79,23.25,218.6891,5.0033,4.9918,3.8388,14.3478,2.2444,1.0649,0.7773,3.6070,0.5796,6.1300,0.8109,2.0652,0.6881,4.1013
2026-08-06 10:52:59.128,10.066667,39,4,0.007612,-1.5553,166.11,0,0,0,60.0154,219.353,0.08555,1,0,0,0,0,0.007278,0.000275,0.000948,0.000121,0.001232,0.000020,0.000647,0.000047,0.000670,0.000122,0.000682,0.000089,0.000319,0.000088,0.000718,-166.11,-178.59,-115.67,-125.49,-42.31,67.42,44.57,33.03,98.28,140.37,177.07,148.00,-77.91,178.23,-3.95,218.6891,5.0033,4.9918,3.8388,14.3478,2.2444,1.0649,0.7773,3.6070,0.5796,6.1300,0.8109,2.0652,0.6881,4.1013
2026-08-06 10:52:59.128,10.083333,39,5,0.007497,-1.5397,166.67,0,0,0,60.0154,219.353,0.08555,1,0,0,0,0,0.007192,0.000207,0.000846,0.000098,0.001193,0.000061,0.000612,0.000033,0.000689,0.000041,0.000736,0.000064,0.000350,0.000088,0.000622,-166.67,-172.39,-116.21,-114.04,-39.08,82.22,52.21,-159.43,101.88,-164.88,177.07,122.83,-74.94,172.48,-6.85,218.6891,5.0033,4.9918,3.8388,14.3478,2.2444,1.0649,0.7773,3.6070,0.5796,6.1300,0.8109,2.0652,0.6881,4.1013
2026-08-06 10:52:59.128,10.100000,39,6,0.008941,-1.7551,164.99,0,0,0,60.0154,219.353,0.08555,1,0,0,0,0,0.008299,0.001363,0.001665,0.000616,0.001674,0.000284,0.000465,0.000339,0.000729,0.000407,0.000762,0.000168,0.000395,0.000132,0.000814,-164.99,-120.60,-90.97,-54.28,-36.46,39.26,45.01,-40.58,62.65,58.33,153.46,141.18,-71.80,92.93,15.38,218.6891,5.0033,4.9918,3.8388,14.3478,2.2444,1.0649,0.7773,3.6070,0.5796,6.1300,0.8109,2.0652,0.6881,4.1013
2026-08-06 10:52:59.128,10.116667,39,7,0.007354,-1.4970,168.97,0,0,0,60.0154,219.353,0.08555,1,0,0,0,0,0.006926,0.000464,0.000602,0.000262,0.001355,0.000417,0.000647,0.000215,0.000093,0.000816,0.000699,0.000419,0.000408,0.000317,0.000539,-168.97,165.56,-86.26,-86.28,-50.55,86.85,-2.80,113.79,-63.83,159.47,160.20,108.50,-32.48,-6.06,-40.20,218.6891,5.0033,4.9918,3.8388,14.3478,2.2444,1.0649,0.7773,3.6070,0.5796,6.1300,0.8109,2.0652,0.6881,4.1013
2026-08-06 10:52:59.128,10.133333,39,8,0.007727,-1.5322,164.02,0,0,0,60.0154,219.353,0.08555,1,0,0,0,0,0.007255,0.000431,0.000928,0.000009,0.001309,0.000500,0.000713,0.000565,0.000782,0.000301,0.000835,0.000148,0.000337,0.000375,0.000341,-164.02,119.90,-131.82,156.20,-38.92,16.72,66.03,-81.22,60.64,179.18,-156.26,174.31,-76.63,126.26,-31.53,218.6891,5.0033,4.9918,3.8388,14.3478,2.2444,1.0649,0.7773,3.6070,0.5796,6.1300,0.8109,2.0652,0.6881,4.1013
2026-08-06 10:52:59.128,10.150000,39,9,0.007964,-1.6394,171.93,0,0,0,60.0154,219.353,0.08555,1,0,0,0,0,0.007533,0.000665,0.000740,0.000602,0.001435,0.000211,0.000616,0.000118,0.000585,0.000282,0.000880,0.000286,0.000514,0.000153,0.000560,-171.93,86.18,-74.43,-52.79,-51.57,-161.84,47.97,44.37,110.08,169.80,157.27,79.38,-45.20,-86.12,-13.33,218.6891,5.0033,4.9918,3.8388,14.3478,2.2444,1.0649,0.7773,3.6070,0.5796,6.1300,0.8109,2.0652,0.6881,4.1013
2026-08-06 10:52:59.128,10.166667,39,10,0.007577,-1.5444,165.33,0,0,0,60.0154,219.353,0.08555,1,0,0,0,0,0.007250,0.000175,0.000979,0.000155,0.001239,0.000097,0.000612,0.000029,0.000669,0.000071,0.000674,0.000143,0.000332,0.000031,0.000644,-165.33,-165.87,-116.49,-93.10,-43.94,152.72,48.69,7.18,104.32,129.84,171.59,158.01,-77.25,-154.95,-5.24,218.6891,5.0033,4.9918,3.8388,14.3478,2.2444,1.0649,0.7773,3.6070,0.5796,6.1300,0.8109,2.0652,0.6881,4.1013
2026-08-06 10:52:59.128,10.183333,39,11,0.007385,-1.5038,165.52,0,0,0,60.0154,219.353,0.08555,1,0,0,0,0,0.007059,0.000169,0.000935,0.000215,0.001254,0.000068,0.000601,0.000046,0.000598,0.000027,0.000705,0.000054,0.000368,0.000073,0.000633,-165.52,-162.92,-112.21,-97.20,-41.20,-68.37,44.11,-119.98,100.20,-114.41,-179.47,-153.67,-77.54,-116.23,-12.34,218.6891,5.0033,4.9918,3.8388,14.3478,2.2444,1.0649,0.7773,3.6070,0.5796,6.1300,0.8109,2.0652,0.6881,4.1013
2026-08-06 10:52:59.128,10.200000,39,12,0.007544,-1.5412,165.71,0,0,0,60.0154,219.353,0.08555,1,0,0,0,0,0.007228,0.000251,0.000898,0.000098,0.001207,0.000074,0.000614,0.000072,0.000747,0.000050,0.000714,0.000064,0.000341,0.000088,0.000594,-165.71,-166.90,-114.34,-106.35,-40.10,159.53,49.79,103.12,97.03,164.11,172.08,-176.11,-84.28,178.95,1.05,218.6891,5.0033,4.9918,3.8388,14.3478,2.2444,1.0649,0.7773,3.6070,0.5796,6.1300,0.8109,2.0652,0.6881,4.1013
2026-08-06 10:52:59.128,10.216667,39,13,0.007548,-1.5466,166.13,0,0,0,60.0154,219.353,0.08555,1,0,0,0,0,0.007241,0.000236,0.000915,0.000108,0.001210,0.000024,0.000636,0.000045,0.000638,0.000071,0.000696,0.000143,0.000335,0.000071,0.000599,-166.13,-174.86,-117.08,-109.06,-41.20,29.56,47.11,79.51,95.36,108.44,171.01,150.10,-82.51,169.68,-2.10,218.6891,5.0033,4.9918,3.8388,14.3478,2.2444,1.0649,0.7773,3.6070,0.5796,6.1300,0.8109,2.0652,0.6881,4.1013
2026-08-06 10:52:59.128,10.233333,39,14,0.007506,-1.5371,166.17,0,0,0,60.0154,219.353,0.08555,1,0,0,0,0,0.007189,0.000244,0.000895,0.000158,0.001176,0.000039,0.000637,0.000054,0.000661,0.000027,0.000749,0.000075,0.000293,0.000026,0.000652,-166.17,-169.83,-115.64,-123.47,-40.48,-15.57,50.25,-97.38,99.45,135.96,175.07,101.08,-76.89,-178.46,-5.76,218.6891,5.0033,4.9918,3.8388,14.3478,2.2444,1.0649,0.7773,3.6070,0.5796,6.1300,0.8109,2.0652,0.6881,4.1013
2026-08-06 10:52:59.128,10.250000,39,15,0.007489,-1.5326,166.06,0,0,0,60.0154,219.353,0.08555,1,0,0,0,0,0.007179,0.000227,0.000896,0.000150,0.001133,0.000061,0.000661,0.000037,0.000691,0.000040,0.000671,0.000061,0.000313,0.000078,0.000602,-166.06,-175.14,-115.23,-84.45,-39.28,134.06,51.68,58.92,101.74,-155.62,173.74,-123.29,-86.14,-141.59,-3.43,218.6891,5.0033,4.9918,3.8388,14.3478,2.2444,1.0649,0.7773,3.6070,0.5796,6.1300,0.8109,2.0652,0.6881,4.1013
2026-08-06 10:52:59.128,10.266667,39,16,0.007555,-1.5409,165.27,0,0,0,60.0154,219.353,0.08555,1,0,0,0,0,0.007243,0.000221,0.000885,0.000188,0.001220,0.000080,0.000663,0.000060,0.000669,0.000084,0.000705,0.000093,0.000380,0.000049,0.000600,-165.27,-173.64,-115.68,-108.99,-39.93,90.58,48.16,24.88,97.61,111.48,172.19,-176.56,-80.07,130.24,-5.11,218.6891,5.0033,4.9918,3.8388,14.3478,2.2444,1.0649,0.7773,3.6070,0.5796,6.1300,0.8109,2.0652,0.6881,4.1013
2026-08-06 10:52:59.128,10.283333,39,17,0.007543,-1.5433,165.90,0,0,0,60.0154,219.353,0.08555,1,0,0,0,0,0.007230,0.000234,0.000893,0.000175,0.001234,0.000079,0.000605,0.000069,0.000619,0.000036,0.000744,0.000079,0.000320,0.000032,0.000627,-165.90,-175.96,-117.94,-124.31,-39.27,-19.70,44.68,-106.70,97.22,-56.74,176.65,70.23,-70.21,37.19,1.90,218.6891,5.0033,4.9918,3.8388,14.3478,2.2444,1.0649,0.7773,3.6070,0.5796,6.1300,0.8109,2.0652,0.6881,4.1013
2026-08-06 10:52:59.128,10.300000,39,18,0.007590,-1.5621,167.69,0,0,0,60.0154,219.353,0.08555,1,0,0,0,0,0.007266,0.000159,0.000896,0.000305,0.001031,0.000244,0.000811,0.000120,0.000594,0.000198,0.000744,0.000100,0.000473,0.000235,0.000423,-167.69,165.17,-106.07,-108.74,-47.37,96.06,42.43,-53.17,110.82,172.15,162.22,14.01,-72.06,-136.35,3.67,218.6891,5.0033,4.9918,3.8388,14.3478,2.2444,1.0649,0.7773,3.6070,0.5796,6.1300,0.8109,2.0652,0.6881,4.1013
2026-08-06 10:52:59.128,10.316667,39,19,0.007556,-1.5484,165.88,0,0,0,60.0154,219.353,0.08555,1,0,0,0,0,0.007259,0.000250,0.000870,0.000114,0.001153,0.000056,0.000606,0.000045,0.000651,0.000084,0.000665,0.000111,0.000305,0.000073,0.000651,-165.88,-170.30,-115.21,-107.91,-39.74,50.75,49.96,44.64,97.14,103.38,173.95,174.04,-73.06,-178.09,-1.06,218.6891,5.0033,4.9918,3.8388,14.3478,2.2444,1.0649,0.7773,3.6070,0.5796,6.1300,0.8109,2.0652,0.6881,4.1013
2026-08-06 10:52:59.128,10.333333,39,20,0.007540,-1.5425,166.02,0,0,0,60.0154,219.353,0.08555,1,0,0,0,0,0.007222,0.000274,0.000914,0.000136,0.001211,0.000066,0.000659,0.000040,0.000647,0.000052,0.000677,0.000059,0.000291,0.000042,0.000684,-166.02,-169.52,-115.17,-117.83,-40.35,140.16,46.95,-177.04,105.62,92.00,175.33,90.84,-64.12,100.50,-2.68,218.6891,5.0033,4.9918,3.8388,14.3478,2.2444,1.0649,0.7773,3.6070,0.5796,6.1300,0.8109,2.0652,0.6881,4.1013
2026-08-06 10:52:59.128,10.350000,39,21,0.006010,-1.1149,160.87,0,0,0,60.0154,219.353,0.08555,1,0,0,0,0,0.005300,0.001025,0.000617,0.000412,0.000874,0.000232,0.001115,0.000381,0.000596,0.000272,0.001013,0.000223,0.000235,0.000584,0.000765,-160.87,-162.81,-123.32,6.70,-70.40,-80.71,34.02,138.78,116.11,75.24,-150.38,40.31,0.74,-151.52,-0.36,218.6891,5.0033,4.9918,3.8388,14.3478,2.2444,1.0649,0.7773,3.6070,0.5796,6.1300,0.8109,2.0652,0.6881,4.1013
2026-08-06 10:52:59.128,10.366667,39,22,0.007602,-1.5565,166.07,0,0,0,60.0154,219.353,0.08555,1,0,0,0,0,0.007290,0.000198,0.000912,0.000157,0.001220,0.000071,0.000602,0.000074,0.000638,0.000042,0.000673,0.000129,0.000382,0.000077,0.000581,-166.07,-175.64,-113.79,-118.16,-41.24,92.94,50.14,52.58,96.73,126.22,172.47,169.67,-80.51,170.19,2.72,218.6891,5.0033,4.9918,3.8388,14.3478,2.2444,1.0649,0.7773,3.6070,0.5796,6.1300,0.8109,2.0652,0.6881,4.1013
2026-08-06 10:52:59.128,10.383333,39,23,0.007628,-1.5629,165.82,0,0,0,60.0154,219.353,0.08555,1,0,0,0,0,0.007326,0.000248,0.000860,0.000147,0.001160,0.000050,0.000630,0.000058,0.000708,0.000025,0.000725,0.000030,0.000320,0.000058,0.000649,-165.82,171.36,-115.14,-108.04,-40.09,18.37,46.64,-117.99,97.03,21.64,174.50,112.58,-83.41,174.46,-2.27,218.6891,5.0033,4.9918,3.8388,14.3478,2.2444,1.0649,0.7773,3.6070,0.5796,6.1300,0.8109,2.0652,0.6881,4.1013
2026-08-06 10:52:59.128,10.400000,39,24,0.007531,-1.5409,165.73,0,0,0,60.0154,219.353,0.08555,1,0,0,0,0,0.007222,0.000157,0.000928,0.000151,0.001181,0.000055,0.000596,0.000067,0.000697,0.000027,0.000738,0.000053,0.000365,0.000057,0.000607,-165.73,-161.27,-118.86,-117.66,-41.67,106.86,50.67,177.59,100.92,172.55,174.16,-164.65,-73.92,-140.69,-4.96,218.6891,5.0033,4.9918,3.8388,14.3478,2.2444,1.0649,0.7773,3.6070,0.5796,6.1300,0.8109,2.0652,0.6881,4.1013
2026-08-06 10:52:59.128,10.416667,39,25,0.007728,-1.5794,166.04,0,0,0,60.0154,219.353,0.08555,1,0,0,0,0,0.007385,0.000361,0.000960,0.000227,0.001024,0.000173,0.000598,0.000202,0.000768,0.000260,0.000870,0.000258,0.000201,0.000166,0.000557,-166.04,176.40,-128.01,-168.18,-41.02,149.82,67.99,142.31,104.21,139.57,167.86,155.70,-117.91,135.05,16.66,218.6891,5.0033,4.9918,3.8388,14.3478,2.2444,1.0649,0.7773,3.6070,0.5796,6.1300,0.8109,2.0652,0.6881,4.1013
2026-08-06 10:52:59.128,10.433333,39,26,0.007527,-1.5204,165.06,0,0,0,60.0154,219.353,0.08555,1,0,0,0,0,0.007155,0.000372,0.001059,0.000157,0.001049,0.000159,0.000857,0.000175,0.000634,0.000211,0.000689,0.000199,0.000332,0.000165,0.000692,-165.06,145.18,-117.43,-34.87,-41.87,-75.36,50.73,-141.72,85.13,107.62,-170.77,41.31,-116.68,-65.08,11.82,218.6891,5.0033,4.9918,3.8388,14.3478,2.2444,1.0649,0.7773,3.6070,0.5796,6.1300,0.8109,2.0652,0.6881,4.1013
2026-08-06 10:52:59.128,10.450000,39,27,0.007503,-1.5328,165.60,0,0,0,60.0154,219.353,0.08555,1,0,0,0,0,0.007194,0.000217,0.000915,0.000168,0.001174,0.000030,0.000621,0.000077,0.000647,0.000019,0.000720,0.000032,0.000354,0.000042,0.000609,-165.60,-177.70,-117.29,-100.99,-38.80,107.69,48.81,160.16,100.88,-45.49,175.60,-56.41,-80.19,142.75,0.19,218.6891,5.0033,4.9918,3.8388,14.3478,2.2444,1.0649,0.7773,3.6070,0.5796,6.1300,0.8109,2.0652,0.6881,4.1013
2026-08-06 10:52:59.128,10.466667,39,28,0.007611,-1.5549,165.88,0,0,0,60.0154,219.353,0.08555,1,0,0,0,0,0.007286,0.000211,0.000956,0.000158,0.001232,0.000028,0.000634,0.000028,0.000702,0.000020,0.000721,0.000098,0.000314,0.000071,0.000614,-165.88,-167.06,-118.53,-103.03,-39.54,32.98,48.08,55.54,100.07,110.42,171.61,173.91,-80.17,152.09,-2.38,218.6891,5.0033,4.9918,3.8388,14.3478,2.2444,1.0649,0.7773,3.6070,0.5796,6.1300,0.8109,2.0652,0.6881,4.1013
2026-08-06 10:52:59.128,10.483333,39,29,0.007546,-1.5465,166.23,0,0,0,60.0154,219.353,0.08555,1,0,0,0,0,0.007234,0.000226,0.000897,0.000093,0.001203,0.000087,0.000606,0.000029,0.000581,0.000082,0.000722,0.000108,0.000342,0.000071,0.000676,-166.23,177.68,-119.49,-125.29,-41.12,68.07,48.08,-19.32,100.96,104.72,178.30,113.17,-78.38,150.82,-2.53,218.6891,5.0033,4.9918,3.8388,14.3478,2.2444,1.0649,0.7773,3.6070,0.5796,6.1300,0.8109,2.0652,0.6881,4.1013
2026-08-06 10:52:59.384,10.500000,40,0,0.007451,-1.5231,166.31,0,0,0,60.0154,219.320,0.08534,1,0,0,0,0,0.007126,0.000204,0.000894,0.000090,0.001221,0.000050,0.000608,0.000072,0.000647,0.000008,0.000754,0.000076,0.000402,0.000020,0.000650,-166.31,-170.10,-117.29,-143.11,-36.86,135.65,51.94,119.46,102.98,158.81,175.13,117.95,-76.39,143.08,-7.82,218.6605,4.9986,4.9516,3.8044,14.2888,2.2234,1.1162,0.7774,3.6447,0.5919,6.1590,0.8113,1.9890,0.6670,4.1342
2026-08-06 10:52:59.384,10.516667,40,1,0.007521,-1.5407,166.03,0,0,0,60.0154,219.320,0.08534,1,0,0,0,0,0.007218,0.000238,0.000892,0.000141,0.001198,0.000051,0.000564,0.000090,0.000606,0.000040,0.000678,0.000069,0.000413,0.000084,0.000570,-166.03,-171.74,-113.91,-141.89,-39.72,105.32,51.84,79.21,99.93,126.11,-179.37,-179.86,-72.88,124.47,-3.13,218.6605,4.9986,4.9516,3.8044,14.2888,2.2234,1.1162,0.7774,3.6447,0.5919,6.1590,0.8113,1.9890,0.6670,4.1342
2026-08-06 10:52:59.384,10.533333,40,2,0.007549,-1.5458,166.41,0,0,0,60.0154,219.320,0.08534,1,0,0,0,0,0.007225,0.000228,0.000875,0.000135,0.001266,0.000083,0.000611,0.000041,0.000645,0.000060,0.000720,0.000108,0.000343,0.000012,0.000645,-166.41,-173.97,-117.61,-147.97,-41.19,48.28,46.31,-7.99,94.37,87.79,176.03,133.86,-76.65,-162.68,-7.39,218.6605,4.9986,4.9516,3.8044,14.2888,2.2234,1.1162,0.7774,3.6447,0.5919,6.1590,0.8113,1.9890,0.6670,4.1342
2026-08-06 10:52:59.384,10.550000,40,3,0.007574,-1.5513,166.49,0,0,0,60.0154,219.320,0.08534,1,0,0,0,0,0.007251,0.000185,0.000900,0.000132,0.001233,0.000044,0.000640,0.000048,0.000649,0.000027,0.000743,0.000045,0.000352,0.000089,0.000631,-166.49,175.07,-116.90,-125.50,-40.22,17.07,51.26,-96.46,99.75,38.39,174.68,117.77,-74.70,-148.53,-1.72,218.6605,4.9986,4.9516,3.8044,14.2888,2.2234,1.1162,0.7774,3.6447,0.5919,6.1590,0.8113,1.9890,0.6670,4.1342
2026-08-06 10:52:59.384,10.566667,40,4,0.007533,-1.5402,166.13,0,0,0,60.0154,219.320,0.08534,1,0,0,0,0,0.007219,0.000199,0.000903,0.000083,0.001224,0.000032,0.000623,0.000079,0.000627,0.000025,0.000720,0.000105,0.000375,0.000086,0.000631,-166.13,178.27,-116.36,-142.47,-36.00,56.98,44.51,103.94,99.51,-148.20,170.84,-169.94,-70.83,153.05,1.06,218.6605,4.9986,4.9516,3.8044,14.2888,2.2234,1.1162,0.7774,3.6447,0.5919,6.1590,0.8113,1.9890,0.6670,4.1342
2026-08-06 10:52:59.384,10.583333,40,5,0.007567,-1.5495,166.38,0,0,0,60.0154,219.320,0.08534,1,0,0,0,0,0.007245,0.000214,0.000904,0.000126,0.001256,0.000058,0.000561,0.000065,0.000626,0.000047,0.000706,0.000119,0.000403,0.000060,0.000673,-166.38,-176.52,-115.75,-139.39,-40.18,79.54,44.71,24.14,100.74,129.95,176.26,124.42,-69.94,134.74,-3.64,218.6605,4.9986,4.9516,3.8044,14.2888,2.2234,1.1162,0.7774,3.6447,0.5919,6.1590,0.8113,1.9890,0.6670,4.1342
2026-08-06 10:52:59.384,10.600000,40,6,0.007524,-1.5415,166.09,0,0,0,60.0154,219.320,0.08534,1,0,0,0,0,0.007214,0.000216,0.000908,0.000141,0.001145,0.000070,0.000674,0.000042,0.000629,0.000058,0.000712,0.000052,0.000261,0.000059,0.000637,-166.09,-177.63,-116.92,-111.70,-42.15,53.25,46.58,-77.48,96.06,148.05,176.42,133.59,-70.39,-79.74,-5.30,218.6605,4.9986,4.9516,3.8044,14.2888,2.2234,1.1162,0.7774,3.6447,0.5919,6.1590,0.8113,1.9890,0.6670,4.1342
2026-08-06 10:52:59.384,10.616667,40,7,0.007513,-1.5355,166.07,0,0,0,60.0154,219.320,0.08534,1,0,0,0,0,0.007187,0.000195,0.000933,0.000119,0.001200,0.000071,0.000620,0.000062,0.000755,0.000046,0.000693,0.000057,0.000335,0.000072,0.000649,-166.07,-148.88,-114.04,-109.28,-43.38,144.71,49.85,94.04,100.71,128.53,173.10,178.00,-76.58,-178.30,-3.24,218.6605,4.9986,4.9516,3.8044,14.2888,2.2234,1.1162,0.7774,3.6447,0.5919,6.1590,0.8113,1.9890,0.6670,4.1342
2026-08-06 10:52:59.384,10.633333,40,8,0.007534,-1.5377,165.59,0,0,0,60.0154,219.320,0.08534,1,0,0,0,0,0.007218,0.000194,0.000959,0.000160,0.001213,0.000015,0.000583,0.000083,0.000632,0.000104,0.000700,0.000169,0.000350,0.000076,0.000636,-165.59,-163.65,-116.02,-110.55,-40.45,48.64,47.91,49.70,97.14,106.50,172.37,144.56,-71.50,174.81,0.45,218.6605,4.9986,4.9516,3.8044,14.2888,2.2234,1.1162,0.7774,3.6447,0.5919,6.1590,0.8113,1.9890,0.6670,4.1342
2026-08-06 10:52:59.384,10.650000,40,9,0.007533,-1.5372,165.37,0,0,0,60.0154,219.320,0.08534,1,0,0,0,0,0.007211,0.000236,0.000983,0.000179,0.001204,0.000029,0.000670,0.000111,0.000663,0.000031,0.000701,0.000008,0.000300,0.000022,0.000603,-165.37,-172.46,-114.94,-106.47,-43.93,141.57,45.82,-168.12,98.42,31.25,174.35,-159.15,-78.70,97.55,-6.42,218.6605,4.9986,4.9516,3.8044,14.2888,2.2234,1.1162,0.7774,3.6447,0.5919,6.1590,0.8113,1.9890,0.6670,4.1342
2026-08-06 10:52:59.384,10.666667,40,10,0.007545,-1.5461,166.48,0,0,0,60.0154,219.320,0.08534,1,0,0,0,0,0.007233,0.000228,0.000888,0.000140,0.001194,0.000057,0.000595,0.000077,0.000671,0.000057,0.000703,0.000051,0.000409,0.000078,0.000661,-166.48,-175.73,-116.66,-96.88,-38.05,72.29,48.49,81.01,101.34,-97.83,174.82,-173.37,-79.02,-161.80,-1.73,218.6605,4.9986,4.9516,3.8044,14.2888,2.2234,1.1162,0.7774,3.6447,0.5919,6.1590,0.8113,1.9890,0.6670,4.1342
2026-08-06 10:52:59.384,10.683333,40,11,0.007445,-1.5213,166.51,0,0,0,60.0154,219.320,0.08534,1,0,0,0,0,0.007111,0.000291,0.000800,0.000224,0.001067,0.000169,0.000540,0.000194,0.000578,0.000214,0.000671,0.000231,0.000388,0.000203,0.000738,-166.51,-159.34,-121.73,-92.52,-40.91,-2.30,54.30,39.27,105.01,115.20,-177.24,154.83,-56.58,-153.73,11.04,218.6605,4.9986,4.9516,3.8044,14.2888,2.2234,1.1162,0.7774,3.6447,0.5919,6.1590,0.8113,1.9890,0.6670,4.1342
2026-08-06 10:52:59.384,10.700000,40,12,0.007603,-1.5304,164.24,0,0,0,60.0154,219.320,0.08534,1,0,0,0,0,0.007225,0.000122,0.000812,0.000339,0.001402,0.000200,0.000507,0.000179,0.000619,0.000260,0.000864,0.000096,0.000280,0.000238,0.000682,-164.24,130.00,-127.75,-126.56,-38.64,62.01,64.96,-106.53,80.78,103.59,-171.85,-25.84,-39.50,163.84,-19.30,218.6605,4.9986,4.9516,3.8044,14.2888,2.2234,1.1162,0.7774,3.6447,0.5919,6.1590,0.8113,1.9890,0.6670,4.1342
2026-08-06 10:52:59.384,10.716667,40,13,0.007539,-1.5444,166.52,0,0,0,60.0154,219.320,0.08534,1,0,0,0,0,0.007220,0.000174,0.000886,0.000061,0.001206,0.000067,0.000636,0.000067,0.000719,0.000038,0.000698,0.000043,0.000364,0.000101,0.000632,-166.52,177.73,-115.58,-146.09,-38.96,129.09,51.61,88.18,97.66,174.44,176.25,-127.99,-78.41,-147.94,-4.27,218.6605,4.9986,4.9516,3.8044,14.2888,2.2234,1.1162,0.7774,3.6447,0.5919,6.1590,0.8113,1.9890,0.6670,4.1342
2026-08-06 10:52:59.384,10.733333,40,14,0.007556,-1.5432,165.79,0,0,0,60.0154,219.320,0.08534,1,0,0,0,0,0.007232,0.000212,0.000894,0.000185,0.001240,0.000016,0.000580,0.000030,0.000680,0.000011,0.000716,0.000147,0.000360,0.000057,0.000654,-165.79,-174.91,-115.89,-114.38,-40.57,-173.04,44.52,84.93,94.24,33.56,174.73,179.45,-74.73,156.91,-0.40,218.6605,4.9986,4.9516,3.8044,14.2888,2.2234,1.1162,0.7774,3.6447,0.5919,6.1590,0.8113,1.9890,0.6670,4.1342
2026-08-06 10:52:59.384,10.750000,40,15,0.007508,-1.5348,166.33,0,0,0,60.0154,219.320,0.08534,1,0,0,0,0,0.007180,0.000200,0.000889,0.000165,0.001266,0.000044,0.000622,0.000013,0.000691,0.000054,0.000761,0.000044,0.000324,0.000082,0.000582,-166.33,-177.20,-114.09,-128.75,-39.68,79.15,51.53,-170.50,97.03,76.77,179.40,115.22,-78.91,155.77,-4.54,218.6605,4.9986,4.9516,3.8044,14.2888,2.2234,1.1162,0.7774,3.6447,0.5919,6.1590,0.8113,1.9890,0.6670,4.1342
2026-08-06 10:52:59.384,10.766667,40,16,0.007493,-1.5335,166.12,0,0,0,60.0154,219.320,0.08534,1,0,0,0,0,0.007174,0.000238,0.000893,0.000134,0.001204,0.000021,0.000627,0.000072,0.000685,0.000047,0.000724,0.000019,0.000380,0.000061,0.000665,-166.12,-162.42,-115.75,-115.40,-42.13,66.05,51.94,100.79,99.05,119.53,177.21,162.10,-73.01,-143.25,3.57,218.6605,4.9986,4.9516,3.8044,14.2888,2.2234,1.1162,0.7774,3.6447,0.5919,6.1590,0.8113,1.9890,0.6670,4.1342
2026-08-06 10:52:59.384,10.783333,40,17,0.007584,-1.5461,165.79,0,0,0,60.0154,219.320,0.08534,1,0,0,0,0,0.007249,0.000204,0.000951,0.000088,0.001236,0.000074,0.000611,0.000071,0.000666,0.000048,0.000701,0.000099,0.000354,0.000042,0.000675,-165.79,-158.81,-117.72,-125.62,-39.72,82.11,44.31,40.38,99.79,-174.83,174.04,170.50,-75.42,147.44,-1.61,218.6605,4.9986,4.9516,3.8044,14.2888,2.2234,1.1162,0.7774,3.6447,0.5919,6.1590,0.8113,1.9890,0.6670,4.1342
2026-08-06 10:52:59.384,10.800000,40,18,0.007522,-1.5433,166.52,0,0,0,60.0154,219.320,0.08534,1,0,0,0,0,0.007215,0.000294,0.000857,0.000164,0.001213,0.000059,0.000615,0.000025,0.000617,0.000066,0.000668,0.000092,0.000333,0.000080,0.000688,-166.52,-164.41,-116.76,-113.28,-38.61,58.52,46.01,30.53,98.56,134.64,176.58,132.36,-68.33,176.19,0.26,218.6605,4.9986,4.9516,3.8044,14.2888,2.2234,1.1162,0.7774,3.6447,0.5919,6.1590,0.8113,1.9890,0.6670,4.1342
2026-08-06 10:52:59.384,10.816667,40,19,0.007543,-1.5419,166.00,0,0,0,60.0154,219.320,0.08534,1,0,0,0,0,0.007223,0.000272,0.000878,0.000173,0.001181,0.000058,0.000667,0.000009,0.000651,0.000057,0.000743,0.000046,0.000366,0.000067,0.000618,-166.00,-175.58,-118.24,-88.33,-39.18,101.50,45.74,-96.57,100.61,-60.57,175.21,18.41,-69.38,150.22,3.86,218.6605,4.9986,4.9516,3.8044,14.2888,2.2234,1.1162,0.7774,3.6447,0.5919,6.1590,0.8113,1.9890,0.6670,4.1342
2026-08-06 10:52:59.384,10.833333,40,20,0.007583,-1.5486,165.99,0,0,0,60.0154,219.320,0.08534,1,0,0,0,0,0.007256,0.000208,0.000870,0.000114,0.001280,0.000060,0.000658,0.000048,0.000678,0.000013,0.000687,0.000066,0.000368,0.000102,0.000636,-165.99,-176.86,-116.53,-120.74,-38.01,140.85,49.94,23.17,96.75,10.01,170.78,-123.09,-80.28,133.99,3.29,218.6605,4.9986,4.9516,3.8044,14.2888,2.2234,1.1162,0.7774,3.6447,0.5919,6.1590,0.8113,1.9890,0.6670,4.1342
2026-08-06 10:52:59.384,10.850000,40,21,0.007543,-1.5433,165.99,0,0,0,60.0154,219.320,0.08534,1,0,0,0,0,0.007230,0.000220,0.000919,0.000117,0.001190,0.000055,0.000586,0.000018,0.000636,0.000048,0.000746,0.000068,0.000379,0.000014,0.000699,-165.99,-161.55,-118.32,-122.83,-40.28,99.50,47.68,54.22,95.30,127.21,177.08,120.07,-73.98,-59.52,-2.97,218.6605,4.9986,4.9516,3.8044,14.2888,2.2234,1.1162,0.7774,3.6447,0.5919,6.1590,0.8113,1.9890,0.6670,4.1342
2026-08-06 10:52:59.384,10.866667,40,22,0.007584,-1.5484,165.96,0,0,0,60.0154,219.320,0.08534,1,0,0,0,0,0.007254,0.000173,0.000992,0.000133,0.001250,0.000034,0.000631,0.000015,0.000628,0.000053,0.000770,0.000062,0.000413,0.000024,0.000621,-165.96,-154.28,-119.23,-128.77,-37.46,-43.45,45.82,114.67,97.44,23.96,172.74,99.37,-62.96,-28.84,-2.27,218.6605,4.9986,4.9516,3.8044,14.2888,2.2234,1.1162,0.7774,3.6447,0.5919,6.1590,0.8113,1.9890,0.6670,4.1342
2026-08-06 10:52:59.384,10.883333,40,23,0.007573,-1.5505,166.24,0,0,0,60.0154,219.320,0.08534,1,0,0,0,0,0.007255,0.000205,0.000902,0.000175,0.001264,0.000043,0.000606,0.000072,0.000643,0.000031,0.000696,0.000099,0.000399,0.000104,0.000614,-166.24,-170.00,-118.18,-116.28,-39.34,57.32,47.63,59.12,94.91,115.36,177.10,172.68,-66.57,150.32,2.43,218.6605,4.9986,4.9516,3.8044,14.2888,2.2234,1.1162,0.7774,3.6447,0.5919,6.1590,0.8113,1.9890,0.6670,4.1342
2026-08-06 10:52:59.384,10.900000,40,24,0.007520,-1.5373,166.00,0,0,0,60.0154,219.320,0.08534,1,0,0,0,0,0.007199,0.000231,0.000862,0.000172,0.001256,0.000022,0.000588,0.000082,0.000608,0.000086,0.000727,0.000084,0.000336,0.000090,0.000686,-166.00,-172.99,-116.90,-102.81,-39.79,66.24,48.66,0.40,102.76,90.69,177.85,127.97,-78.01,109.85,0.36,218.6605,4.9986,4.9516,3.8044,14.2888,2.2234,1.1162,0.7774,3.6447,0.5919,6.1590,0.8113,1.9890,0.6670,4.1342
2026-08-06 10:52:59.384,10.916667,40,25,0.007574,-1.5480,166.10,0,0,0,60.0154,219.320,0.08534,1,0,0,0,0,0.007246,0.000223,0.000947,0.000149,0.001204,0.000035,0.000649,0.000022,0.000665,0.000045,0.000764,0.000091,0.000304,0.000037,0.000595,-166.10,177.51,-119.41,-128.02,-38.52,34.51,51.11,-142.92,99.99,69.61,175.08,95.58,-75.60,-111.00,-0.21,218.6605,4.9986,4.9516,3.8044,14.2888,2.2234,1.1162,0.7774,3.6447,0.5919,6.1590,0.8113,1.9890,0.6670,4.1342
2026-08-06 10:52:59.384,10.933333,40,26,0.007497,-1.5337,166.32,0,0,0,60.0154,219.320,0.08534,1,0,0,0,0,0.007177,0.000147,0.000887,0.000104,0.001227,0.000014,0.000576,0.000099,0.000692,0.000038,0.000774,0.000071,0.000397,0.000070,0.000655,-166.32,-167.94,-116.63,-112.75,-37.87,151.97,51.59,89.06,95.45,137.16,174.72,175.51,-83.58,140.44,-2.38,218.6605,4.9986,4.9516,3.8044,14.2888,2.2234,1.1162,0.7774,3.6447,0.5919,6.1590,0.8113,1.9890,0.6670,4.1342
2026-08-06 10:52:59.384,10.950000,40,27,0.007567,-1.5461,165.78,0,0,0,60.0154,219.320,0.08534,1,0,0,0,0,0.007249,0.000241,0.000852,0.000137,0.001259,0.000054,0.000662,0.000055,0.000655,0.000072,0.000697,0.000090,0.000389,0.000072,0.000629,-165.78,173.08,-117.58,-126.73,-39.59,107.64,43.89,-33.27,94.50,100.62,178.83,136.87,-72.76,142.10,-0.55,218.6605,4.9986,4.9516,3.8044,14.2888,2.2234,1.1162,0.7774,3.6447,0.5919,6.1590,0.8113,1.9890,0.6670,4.1342
2026-08-06 10:52:59.384,10.966667,40,28,0.007527,-1.5412,166.11,0,0,0,60.0154,219.320,0.08534,1,0,0,0,0,0.007214,0.000193,0.000935,0.000176,0.001217,0.000020,0.000599,0.000015,0.000652,0.000026,0.000719,0.000007,0.000334,0.000017,0.000597,-166.11,-167.50,-117.51,-104.93,-40.06,24.21,49.92,-37.59,98.94,-5.36,178.35,65.39,-69.32,-4.18,-1.10,218.6605,4.9986,4.9516,3.8044,14.2888,2.2234,1.1162,0.7774,3.6447,0.5919,6.1590,0.8113,1.9890,0.6670,4.1342
2026-08-06 10:52:59.384,10.983333,40,29,0.007512,-1.5350,165.94,0,0,0,60.0154,219.320,0.08534,1,0,0,0,0,0.007193,0.000184,0.000927,0.000090,0.001204,0.000064,0.000624,0.000102,0.000712,0.000077,0.000706,0.000019,0.000388,0.000040,0.000671,-165.94,-171.25,-116.82,-105.89,-37.96,115.40,47.01,127.03,98.10,171.04,176.73,120.05,-79.74,177.74,-4.00,218.6605,4.9986,4.9516,3.8044,14.2888,2.2234,1.1162,0.7774,3.6447,0.5919,6.1590,0.8113,1.9890,0.6670,4.1342
2026-08-06 10:52:59.639,11.000000,41,0,0.007544,-1.5410,166.10,0,0,0,60.0154,219.340,0.08539,1,0,0,0,0,0.007214,0.000219,0.000926,0.000103,0.001260,0.000047,0.000618,0.000045,0.000676,0.000055,0.000720,0.000073,0.000328,0.000014,0.000621,-166.10,-164.76,-121.06,-117.73,-37.95,22.62,47.96,31.45,98.08,96.27,175.31,167.42,-73.89,-5.94,-1.12,218.6797,5.0037,4.9601,3.8182,14.3135,2.2352,1.0622,0.7643,3.6401,0.5833,6.1281,0.8380,2.0603,0.7015,4.0862
2026-08-06 10:52:59.639,11.016667,41,1,0.007533,-1.5427,165.93,0,0,0,60.0154,219.340,0.08539,1,0,0,0,0,0.007223,0.000246,0.000912,0.000119,0.001171,0.000006,0.000631,0.000057,0.000637,0.000024,0.000718,0.000016,0.000342,0.000039,0.000646,-165.93,-162.36,-117.39,-122.84,-41.35,72.26,46.71,-97.21,94.93,78.52,179.19,102.58,-67.49,-131.00,-3.68,218.6797,5.0037,4.9601,3.8182,14.3135,2.2352,1.0622,0.7643,3.6401,0.5833,6.1281,0.8380,2.0603,0.7015,4.0862
2026-08-06 10:52:59.639,11.033333,41,2,0.007460,-1.5231,165.78,0,0,0,60.0154,219.340,0.08539,1,0,0,0,0,0.007137,0.000275,0.000947,0.000194,0.001223,0.000046,0.000615,0.000089,0.000630,0.000053,0.000698,0.000063,0.000415,0.000065,0.000643,-165.78,-160.32,-119.55,-98.80,-40.87,118.65,47.88,86.13,97.78,95.95,175.77,68.95,-76.68,160.57,-5.43,218.6797,5.0037,4.9601,3.8182,14.3135,2.2352,1.0622,0.7643,3.6401,0.5833,6.1281,0.8380,2.0603,0.7015,4.0862
2026-08-06 10:52:59.639,11.050000,41,3,0.007190,-1.3263,163.27,0,0,0,60.0154,219.340,0.08539,1,0,0,0,0,0.006277,0.000952,0.000583,0.000532,0.001570,0.000278,0.001305,0.000774,0.001280,0.000645,0.000799,0.000492,0.000569,0.000404,0.000512,-163.27,-140.29,-122.69,-80.53,-35.04,61.80,50.59,-153.32,63.10,173.98,-178.04,-141.41,-35.77,-83.10,47.44,218.6797,5.0037,4.9601,3.8182,14.3135,2.2352,1.0622,0.7643,3.6401,0.5833,6.1281,0.8380,2.0603,0.7015,4.0862
2026-08-06 10:52:59.639,11.066667,41,4,0.007350,-1.5007,166.70,0,0,0,60.0154,219.340,0.08539,1,0,0,0,0,0.007012,0.000402,0.000647,0.000332,0.000998,0.000225,0.000536,0.000230,0.000560,0.000251,0.000743,0.000296,0.000545,0.000240,0.000831,-166.70,-151.87,-124.43,-96.83,-36.04,-21.76,66.38,10.56,117.00,71.10,-168.28,117.52,-58.78,162.61,1.33,218.6797,5.0037,4.9601,3.8182,14.3135,2.2352,1.0622,0.7643,3.6401,0.5833,6.1281,0.8380,2.0603,0.7015,4.0862
2026-08-06 10:52:59.639,11.083333,41,5,0.007152,-1.3817,160.81,0,0,0,60.0154,219.340,0.08539,1,0,0,0,0,0.006646,0.000567,0.001443,0.000721,0.000512,0.000396,0.000678,0.000382,0.000311,0.000152,0.000631,0.000504,0.000593,0.000360,0.000570,-160.81,123.48,-131.10,-28.02,-30.42,-68.88,40.61,105.69,120.18,62.02,164.93,-144.89,-19.57,-174.59,-8.77,218.6797,5.0037,4.9601,3.8182,14.3135,2.2352,1.0622,0.7643,3.6401,0.5833,6.1281,0.8380,2.0603,0.7015,4.0862
2026-08-06 10:52:59.639,11.100000,41,6,0.007541,-1.5438,165.85,0,0,0,60.0154,219.340,0.08539,1,0,0,0,0,0.007233,0.000283,0.000828,0.000115,0.001194,0.000046,0.000569,0.000027,0.000686,0.000081,0.000668,0.000135,0.000364,0.000041,0.000671,-165.85,-166.41,-118.22,-118.59,-40.04,68.33,45.36,67.81,96.65,20.11,178.05,166.52,-70.57,164.03,-0.86,218.6797,5.0037,4.9601,3.8182,14.3135,2.2352,1.0622,0.7643,3.6401,0.5833,6.1281,0.8380,2.0603,0.7015,4.0862
2026-08-06 10:52:59.639,11.116667,41,7,0.007469,-1.5281,165.93,0,0,0,60.0154,219.340,0.08539,1,0,0,0,0,0.007154,0.000296,0.000889,0.000148,0.001194,0.000052,0.000623,0.000020,0.000657,0.000100,0.000667,0.000096,0.000315,0.000093,0.000684,-165.93,-166.94,-115.84,-131.14,-41.38,143.97,49.77,68.11,98.96,110.38,176.29,148.77,-77.49,-169.90,-4.68,218.6797,5.0037,4.9601,3.8182,14.3135,2.2352,1.0622,0.7643,3.6401,0.5833,6.1281,0.8380,2.0603,0.7015,4.0862
2026-08-06 10:52:59.639,11.133333,41,8,0.007465,-1.5323,166.45,0,0,0,60.0154,219.340,0.08539,1,0,0,0,0,0.007163,0.000237,0.000867,0.000048,0.001175,0.000070,0.000638,0.000075,0.000636,0.000057,0.000682,0.000036,0.000330,0.000030,0.000656,-166.45,-177.70,-118.48,-93.53,-40.29,75.08,47.87,112.23,102.49,137.27,177.72,146.75,-75.45,135.24,-3.93,218.6797,5.0037,4.9601,3.8182,14.3135,2.2352,1.0622,0.7643,3.6401,0.5833,6.1281,0.8380,2.0603,0.7015,4.0862
2026-08-06 10:52:59.639,11.150000,41,9,0.007576,-1.5456,165.74,0,0,0,60.0154,219.340,0.08539,1,0,0,0,0,0.007249,0.000168,0.000913,0.000117,0.001239,0.000051,0.000647,0.000073,0.000703,0.000028,0.000751,0.000083,0.000346,0.000067,0.000587,-165.74,-173.34,-118.44,-121.94,-39.30,80.23,47.85,39.63,100.21,97.86,175.09,-153.46,-78.46,138.00,-1.29,218.6797,5.0037,4.9601,3.8182,14.3135,2.2352,1.0622,0.7643,3.6401,0.5833,6.1281,0.8380,2.0603,0.7015,4.0862
2026-08-06 10:52:59.639,11.166667,41,10,0.007629,-1.5604,165.67,0,0,0,60.0154,219.340,0.08539,1,0,0,0,0,0.007316,0.000273,0.000900,0.000115,0.001206,0.000068,0.000609,0.000059,0.000681,0.000079,0.000688,0.000087,0.000293,0.000056,0.000661,-165.67,-171.15,-119.70,-84.91,-40.96,74.84,45.85,-8.96,96.30,91.20,175.10,133.04,-75.70,-171.35,-0.64,218.6797,5.0037,4.9601,3.8182,14.3135,2.2352,1.0622,0.7643,3.6401,0.5833,6.1281,0.8380,2.0603,0.7015,4.0862
2026-08-06 10:52:59.639,11.183333,41,11,0.007512,-1.5369,166.18,0,0,0,60.0154,219.340,0.08539,1,0,0,0,0,0.007193,0.000215,0.000934,0.000168,0.001203,0.000052,0.000580,0.000011,0.000663,0.000060,0.000704,0.000120,0.000366,0.000032,0.000670,-166.18,-159.01,-114.82,-118.36,-39.52,-110.85,48.74,-68.57,100.04,64.72,174.88,112.71,-64.81,146.86,1.12,218.6797,5.0037,4.9601,3.8182,14.3135,2.2352,1.0622,0.7643,3.6401,0.5833,6.1281,0.8380,2.0603,0.7015,4.0862
2026-08-06 10:52:59.639,11.200000,41,12,0.007554,-1.5408,165.95,0,0,0,60.0154,219.340,0.08539,1,0,0,0,0,0.007222,0.000172,0.000970,0.000123,0.001277,0.000021,0.000595,0.000085,0.000651,0.000037,0.000733,0.000030,0.000326,0.000066,0.000545,-165.95,-168.39,-115.15,-128.41,-39.26,125.71,45.23,78.49,91.36,-178.50,174.89,137.39,-79.10,151.68,3.74,218.6797,5.0037,4.9601,3.8182,14.3135,2.2352,1.0622,0.7643,3.6401,0.5833,6.1281,0.8380,2.0603,0.7015,4.0862
2026-08-06 10:52:59.639,11.216667,41,13,0.007564,-1.5458,166.17,0,0,0,60.0154,219.340,0.08539,1,0,0,0,0,0.007238,0.000241,0.000903,0.000129,0.001278,0.000083,0.000662,0.000026,0.000637,0.000088,0.000734,0.000094,0.000352,0.000041,0.000605,-166.17,-171.95,-115.87,-95.76,-39.29,57.50,43.12,78.43,93.32,112.76,174.29,132.19,-76.84,165.19,-2.05,218.6797,5.0037,4.9601,3.8182,14.3135,2.2352,1.0622,0.7643,3.6401,0.5833,6.1281,0.8380,2.0603,0.7015,4.0862
2026-08-06 10:52:59.639,11.233333,41,14,0.007484,-1.5325,166.40,0,0,0,60.0154,219.340,0.08539,1,0,0,0,0,0.007166,0.000192,0.000937,0.000097,0.001208,0.000050,0.000617,0.000036,0.000609,0.000020,0.000740,0.000058,0.000366,0.000040,0.000664,-166.40,-160.02,-120.20,-116.92,-39.53,-179.69,48.89,-109.24,102.65,45.93,175.55,93.10,-67.31,-61.51,-6.13,218.6797,5.0037,4.9601,3.8182,14.3135,2.2352,1.0622,0.7643,3.6401,0.5833,6.1281,0.8380,2.0603,0.7015,4.0862
2026-08-06 10:52:59.639,11.250000,41,15,0.007530,-1.5363,166.16,0,0,0,60.0154,219.340,0.08539,1,0,0,0,0,0.007197,0.000169,0.000938,0.000119,0.001302,0.000038,0.000573,0.000103,0.000655,0.000033,0.000768,0.000091,0.000443,0.000095,0.000561,-166.16,-175.09,-114.51,-133.10,-36.89,130.73,48.48,94.02,96.76,160.74,176.36,170.87,-80.88,144.46,-4.81,218.6797,5.0037,4.9601,3.8182,14.3135,2.2352,1.0622,0.7643,3.6401,0.5833,6.1281,0.8380,2.0603,0.7015,4.0862
2026-08-06 10:52:59.639,11.266667,41,16,0.007580,-1.5543,166.43,0,0,0,60.0154,219.340,0.08539,1,0,0,0,0,0.007270,0.000183,0.000922,0.000108,0.001189,0.000070,0.000609,0.000086,0.000619,0.000031,0.000724,0.000102,0.000352,0.000050,0.000630,-166.43,-178.89,-117.92,-120.49,-38.62,47.81,47.08,41.22,98.91,107.02,173.54,156.57,-70.24,-161.44,-2.74,218.6797,5.0037,4.9601,3.8182,14.3135,2.2352,1.0622,0.7643,3.6401,0.5833,6.1281,0.8380,2.0603,0.7015,4.0862
2026-08-06 10:52:59.639,11.283333,41,17,0.007569,-1.5481,165.99,0,0,0,60.0154,219.340,0.08539,1,0,0,0,0,0.007256,0.000260,0.000903,0.000143,0.001195,0.000034,0.000626,0.000044,0.000677,0.000070,0.000751,0.000036,0.000342,0.000004,0.000626,-165.99,-176.89,-117.27,-115.89,-38.04,41.08,48.53,-40.28,102.64,-9.83,-179.03,168.32,-70.08,-75.97,-4.99,218.6797,5.0037,4.9601,3.8182,14.3135,2.2352,1.0622,0.7643,3.6401,0.5833,6.1281,0.8380,2.0603,0.7015,4.0862
2026-08-06 10:52:59.639,11.300000,41,18,0.007565,-1.5439,165.80,0,0,0,60.0154,219.340,0.08539,1,0,0,0,0,0.007235,0.000223,0.000964,0.000179,0.001207,0.000084,0.000588,0.000116,0.000699,0.000026,0.000768,0.000056,0.000407,0.000101,0.000649,-165.80,-166.59,-116.90,-110.55,-41.12,89.20,45.61,109.73,97.37,-34.83,176.91,148.17,-71.67,-162.53,-5.31,218.6797,5.0037,4.9601,3.8182,14.3135,2.2352,1.0622,0.7643,3.6401,0.5833,6.1281,0.8380,2.0603,0.7015,4.0862
2026-08-06 10:52:59.639,11.316667,41,19,0.007553,-1.5409,165.65,0,0,0,60.0154,219.340,0.08539,1,0,0,0,0,0.007233,0.000184,0.000914,0.000116,0.001222,0.000024,0.000625,0.000060,0.000666,0.000071,0.000773,0.000113,0.000370,0.000033,0.000596,-165.65,-162.11,-118.47,-127.34,-35.99,49.60,48.59,23.69,94.45,80.07,173.38,176.44,-72.34,-116.87,0.15,218.6797,5.0037,4.9601,3.8182,14.3135,2.2352,1.0622,0.7643,3.6401,0.5833,6.1281,0.8380,2.0603,0.7015,4.0862
2026-08-06 10:52:59.639,11.333333,41,20,0.007580,-1.5502,165.76,0,0,0,60.0154,219.340,0.08539,1,0,0,0,0,0.007273,0.000225,0.000871,0.000186,0.001219,0.000075,0.000655,0.000069,0.000670,0.000091,0.000745,0.000036,0.000321,0.000025,0.000599,-165.76,-170.50,-115.76,-95.39,-37.70,19.10,46.88,-51.53,94.69,94.00,176.65,150.27,-78.39,150.78,-1.51,218.6797,5.0037,4.9601,3.8182,14.3135,2.2352,1.0622,0.7643,3.6401,0.5833,6.1281,0.8380,2.0603,0.7015,4.0862
2026-08-06 10:52:59.639,11.350000,41,21,0.007550,-1.5432,166.29,0,0,0,60.0154,219.340,0.08539,1,0,0,0,0,0.007225,0.000195,0.000987,0.000144,0.001232,0.000027,0.000629,0.000074,0.000667,0.000028,0.000707,0.000084,0.000336,0.000083,0.000606,-166.29,-166.03,-116.87,-98.89,-37.57,66.85,48.05,83.66,97.17,67.92,175.74,160.02,-77.93,-138.01,-1.80,218.6797,5.0037,4.9601,3.8182,14.3135,2.2352,1.0622,0.7643,3.6401,0.5833,6.1281,0.8380,2.0603,0.7015,4.0862
2026-08-06 10:52:59.639,11.366667,41,22,0.007496,-1.5326,166.07,0,0,0,60.0154,219.340,0.08539,1,0,0,0,0,0.007181,0.000200,0.000909,0.000111,0.001283,0.000029,0.000586,0.000072,0.000607,0.000076,0.000731,0.000121,0.000395,0.000113,0.000629,-166.07,-160.84,-118.19,-128.90,-38.09,65.90,44.75,60.39,94.12,144.48,179.40,150.99,-72.41,147.50,-4.37,218.6797,5.0037,4.9601,3.8182,14.3135,2.2352,1.0622,0.7643,3.6401,0.5833,6.1281,0.8380,2.0603,0.7015,4.0862
2026-08-06 10:52:59.639,11.383333,41,23,0.007553,-1.5441,166.01,0,0,0,60.0154,219.340,0.08539,1,0,0,0,0,0.007231,0.000281,0.000893,0.000158,0.001234,0.000071,0.000649,0.000022,0.000622,0.000141,0.000713,0.000089,0.000338,0.000037,0.000718,-166.01,-165.77,-115.21,-116.78,-40.02,39.26,47.84,-119.17,96.10,114.30,-179.15,115.69,-71.26,178.79,-6.30,218.6797,5.0037,4.9601,3.8182,14.3135,2.2352,1.0622,0.7643,3.6401,0.5833,6.1281,0.8380,2.0603,0.7015,4.0862
2026-08-06 10:52:59.639,11.400000,41,24,0.007519,-1.5367,166.12,0,0,0,60.0154,219.340,0.08539,1,0,0,0,0,0.007200,0.000161,0.000944,0.000151,0.001183,0.000044,0.000627,0.000024,0.000645,0.000049,0.000748,0.000046,0.000370,0.000100,0.000584,-166.12,-170.23,-119.12,-111.18,-36.99,107.30,49.81,140.79,95.48,-84.20,173.62,-101.48,-72.88,172.27,1.22,218.6797,5.0037,4.9601,3.8182,14.3135,2.2352,1.0622,0.7643,3.6401,0.5833,6.1281,0.8380,2.0603,0.7015,4.0862
2026-08-06 10:52:59.639,11.416667,41,25,0.007517,-1.5369,165.99,0,0,0,60.0154,219.340,0.08539,1,0,0,0,0,0.007204,0.000222,0.000912,0.000122,0.001206,0.000046,0.000631,0.000078,0.000643,0.000040,0.000695,0.000065,0.000399,0.000077,0.000593,-165.99,176.68,-117.26,-138.04,-35.94,82.16,50.44,83.80,98.64,73.67,176.18,139.22,-73.58,154.50,-1.79,218.6797,5.0037,4.9601,3.8182,14.3135,2.2352,1.0622,0.7643,3.6401,0.5833,6.1281,0.8380,2.0603,0.7015,4.0862
2026-08-06 10:52:59.639,11.433333,41,26,0.007570,-1.5502,166.38,0,0,0,60.0154,219.340,0.08539,1,0,0,0,0,0.007251,0.000198,0.000947,0.000080,0.001198,0.000022,0.000652,0.000015,0.000656,0.000034,0.000680,0.000070,0.000305,0.000071,0.000693,-166.38,-178.79,-117.03,-126.02,-40.37,119.26,50.14,-60.04,98.00,104.97,176.34,109.10,-83.57,-154.23,-2.38,218.6797,5.0037,4.9601,3.8182,14.3135,2.2352,1.0622,0.7643,3.6401,0.5833,6.1281,0.8380,2.0603,0.7015,4.0862
2026-08-06 10:52:59.639,11.450000,41,27,0.007572,-1.5490,165.62,0,0,0,60.0154,219.340,0.08539,1,0,0,0,0,0.007270,0.000167,0.000906,0.000133,0.001139,0.000091,0.000645,0.000055,0.000691,0.000038,0.000737,0.000054,0.000341,0.000069,0.000584,-165.62,170.44,-116.21,-119.01,-39.84,107.68,46.04,166.60,99.53,29.40,176.36,-170.04,-65.17,-121.43,-0.96,218.6797,5.0037,4.9601,3.8182,14.3135,2.2352,1.0622,0.7643,3.6401,0.5833,6.1281,0.8380,2.0603,0.7015,4.0862
2026-08-06 10:52:59.639,11.466667,41,28,0.007517,-1.5320,165.46,0,0,0,60.0154,219.340,0.08539,1,0,0,0,0,0.007198,0.000196,0.000898,0.000129,0.001234,0.000028,0.000602,0.000071,0.000625,0.000065,0.000700,0.000088,0.000338,0.000074,0.000629,-165.46,-177.32,-115.68,-117.82,-39.13,-174.28,50.54,102.45,96.66,153.33,173.13,-135.16,-84.93,157.10,1.31,218.6797,5.0037,4.9601,3.8182,14.3135,2.2352,1.0622,0.7643,3.6401,0.5833,6.1281,0.8380,2.0603,0.7015,4.0862
2026-08-06 10:52:59.639,11.483333,41,29,0.007592,-1.5500,165.41,0,0,0,60.0154,219.340,0.08539,1,0,0,0,0,0.007277,0.000231,0.000957,0.000197,0.001194,0.000046,0.000627,0.000052,0.000664,0.000092,0.000706,0.000094,0.000322,0.000027,0.000604,-165.41,-158.72,-116.70,-111.97,-42.03,106.95,43.68,-24.72,90.72,86.21,171.05,143.06,-79.48,-168.26,-2.71,218.6797,5.0037,4.9601,3.8182,14.3135,2.2352,1.0622,0.7643,3.6401,0.5833,6.1281,0.8380,2.0603,0.7015,4.0862
2026-08-06 10:52:59.897,11.500000,42,0,0.007545,-1.5435,165.98,0,0,0,60.0154,219.303,0.08538,1,0,0,0,0,0.007229,0.000209,0.000913,0.000163,0.001199,0.000005,0.000598,0.000080,0.000687,0.000042,0.000751,0.000023,0.000360,0.000011,0.000621,-165.98,-164.50,-116.89,-122.45,-41.09,-67.09,47.12,-149.67,96.02,-34.09,176.56,-139.50,-68.02,58.59,-5.84,218.6426,5.0136,4.9485,3.8132,14.2912,2.2254,1.0547,0.7638,3.6601,0.5989,6.1548,0.8253,2.0716,0.6792,4.0965
2026-08-06 10:52:59.897,11.516667,42,1,0.007538,-1.5389,165.61,0,0,0,60.0154,219.303,0.08538,1,0,0,0,0,0.007219,0.000258,0.000918,0.000220,0.001270,0.000024,0.000622,0.000092,0.000665,0.000071,0.000725,0.000086,0.000378,0.000097,0.000586,-165.61,-168.66,-116.64,-103.85,-39.99,40.57,44.06,83.14,94.50,130.71,172.25,-168.55,-86.82,150.49,-3.24,218.6426,5.0136,4.9485,3.8132,14.2912,2.2254,1.0547,0.7638,3.6601,0.5989,6.1548,0.8253,2.0716,0.6792,4.0965
2026-08-06 10:52:59.897,11.533333,42,2,0.007546,-1.5436,166.15,0,0,0,60.0154,219.303,0.08538,1,0,0,0,0,0.007224,0.000203,0.000896,0.000141,0.001235,0.000033,0.000626,0.000060,0.000660,0.000071,0.000736,0.000130,0.000372,0.000077,0.000632,-166.15,-168.42,-117.96,-121.30,-39.92,168.74,48.55,17.34,94.19,90.42,170.29,163.27,-75.57,169.37,2.87,218.6426,5.0136,4.9485,3.8132,14.2912,2.2254,1.0547,0.7638,3.6601,0.5989,6.1548,0.8253,2.0716,0.6792,4.0965
2026-08-06 10:52:59.897,11.550000,42,3,0.007502,-1.5393,166.60,0,0,0,60.0154,219.303,0.08538,1,0,0,0,0,0.007190,0.000281,0.000927,0.000172,0.001211,0.000057,0.000609,0.000046,0.000621,0.000021,0.000681,0.000071,0.000351,0.000019,0.000635,-166.60,-163.73,-118.87,-117.76,-39.80,33.11,47.83,112.93,97.92,54.18,178.63,117.98,-60.63,-171.67,-7.82,218.6426,5.0136,4.9485,3.8132,14.2912,2.2254,1.0547,0.7638,3.6601,0.5989,6.1548,0.8253,2.0716,0.6792,4.0965
2026-08-06 10:52:59.897,11.566667,42,4,0.007487,-1.5300,165.89,0,0,0,60.0154,219.303,0.08538,1,0,0,0,0,0.007173,0.000170,0.000898,0.000155,0.001223,0.000085,0.000620,0.000088,0.000675,0.000078,0.000727,0.000052,0.000337,0.000094,0.000613,-165.89,-173.06,-118.23,-107.09,-38.84,94.59,52.89,112.50,97.89,168.19,171.09,-158.34,-76.59,-159.34,-5.02,218.6426,5.0136,4.9485,3.8132,14.2912,2.2254,1.0547,0.7638,3.6601,0.5989,6.1548,0.8253,2.0716,0.6792,4.0965
2026-08-06 10:52:59.897,11.583333,42,5,0.007449,-1.5193,165.69,0,0,0,60.0154,219.303,0.08538,1,0,0,0,0,0.007132,0.000200,0.000901,0.000071,0.001219,0.000051,0.000633,0.000067,0.000602,0.000138,0.000687,0.000147,0.000331,0.000069,0.000671,-165.69,-156.89,-117.26,-123.80,-37.51,-171.17,52.79,49.44,99.44,129.64,171.31,-170.44,-83.04,174.48,-4.05,218.6426,5.0136,4.9485,3.8132,14.2912,2.2254,1.0547,0.7638,3.6601,0.5989,6.1548,0.8253,2.0716,0.6792,4.0965
2026-08-06 10:52:59.897,11.600000,42,6,0.007549,-1.5438,165.94,0,0,0,60.0154,219.303,0.08538,1,0,0,0,0,0.007235,0.000229,0.000904,0.000176,0.001209,0.000056,0.000680,0.000056,0.000660,0.000051,0.000688,0.000027,0.000318,0.000041,0.000621,-165.94,-171.84,-119.05,-111.38,-38.94,55.08,52.93,-64.95,96.49,28.92,177.13,18.29,-75.12,-179.82,-3.77,218.6426,5.0136,4.9485,3.8132,14.2912,2.2254,1.0547,0.7638,3.6601,0.5989,6.1548,0.8253,2.0716,0.6792,4.0965
2026-08-06 10:52:59.897,11.616667,42,7,0.007561,-1.5468,166.18,0,0,0,60.0154,219.303,0.08538,1,0,0,0,0,0.007240,0.000159,0.000954,0.000132,0.001228,0.000019,0.000611,0.000089,0.000672,0.000050,0.000738,0.000032,0.000338,0.000069,0.000643,-166.18,-168.05,-116.43,-95.40,-39.73,-46.09,50.34,166.11,96.14,146.30,170.33,46.00,-65.03,-53.85,1.03,218.6426,5.0136,4.9485,3.8132,14.2912,2.2254,1.0547,0.7638,3.6601,0.5989,6.1548,0.8253,2.0716,0.6792,4.0965
2026-08-06 10:52:59.897,11.633333,42,8,0.007554,-1.5465,166.18,0,0,0,60.0154,219.303,0.08538,1,0,0,0,0,0.007246,0.000193,0.000880,0.000053,0.001225,0.000031,0.000568,0.000088,0.000645,0.000047,0.000722,0.000088,0.000374,0.000076,0.000624,-166.18,-169.75,-115.74,-105.74,-36.12,12.28,46.74,59.50,99.57,124.75,173.37,168.82,-71.96,138.40,-0.62,218.6426,5.0136,4.9485,3.8132,14.2912,2.2254,1.0547,0.7638,3.6601,0.5989,6.1548,0.8253,2.0716,0.6792,4.0965
2026-08-06 10:52:59.897,11.650000,42,9,0.007591,-1.5546,166.11,0,0,0,60.0154,219.303,0.08538,1,0,0,0,0,0.007279,0.000320,0.000850,0.000123,0.001218,0.000026,0.000629,0.000041,0.000631,0.000104,0.000666,0.000125,0.000372,0.000069,0.000696,-166.11,-177.81,-111.60,-116.00,-40.59,1.07,42.95,3.01,95.13,98.01,179.10,124.92,-69.49,162.31,-1.56,218.6426,5.0136,4.9485,3.8132,14.2912,2.2254,1.0547,0.7638,3.6601,0.5989,6.1548,0.8253,2.0716,0.6792,4.0965
2026-08-06 10:52:59.897,11.666667,42,10,0.007521,-1.5409,166.27,0,0,0,60.0154,219.303,0.08538,1,0,0,0,0,0.007209,0.000166,0.000897,0.000158,0.001240,0.000012,0.000565,0.000055,0.000586,0.000012,0.000778,0.000061,0.000366,0.000021,0.000602,-166.27,-165.13,-118.58,-137.22,-40.53,-109.47,51.95,-173.90,101.31,166.43,177.00,-149.47,-65.39,-98.33,-0.61,218.6426,5.0136,4.9485,3.8132,14.2912,2.2254,1.0547,0.7638,3.6601,0.5989,6.1548,0.8253,2.0716,0.6792,4.0965
2026-08-06 10:52:59.897,11.683333,42,11,0.007461,-1.5218,166.38,0,0,0,60.0154,219.303,0.08538,1,0,0,0,0,0.007125,0.000200,0.000914,0.000095,0.001271,0.000037,0.000671,0.000091,0.000688,0.000064,0.000761,0.000117,0.000370,0.000102,0.000611,-166.38,-168.16,-117.03,-116.91,-34.68,-96.77,48.58,76.10,91.94,92.16,175.25,166.76,-80.38,179.94,-0.60,218.6426,5.0136,4.9485,3.8132,14.2912,2.2254,1.0547,0.7638,3.6601,0.5989,6.1548,0.8253,2.0716,0.6792,4.0965
2026-08-06 10:52:59.897,11.700000,42,12,0.007543,-1.5439,165.98,0,0,0,60.0154,219.303,0.08538,1,0,0,0,0,0.007237,0.000198,0.000916,0.000170,0.001225,0.000031,0.000597,0.000083,0.000592,0.000082,0.000612,0.000107,0.000337,0.000047,0.000649,-165.98,-175.99,-115.87,-100.90,-39.86,31.88,50.77,68.18,96.79,110.65,176.91,161.40,-78.20,149.60,1.26,218.6426,5.0136,4.9485,3.8132,14.2912,2.2254,1.0547,0.7638,3.6601,0.5989,6.1548,0.8253,2.0716,0.6792,4.0965
2026-08-06 10:52:59.897,11.716667,42,13,0.007543,-1.5392,165.98,0,0,0,60.0154,219.303,0.08538,1,0,0,0,0,0.007210,0.000256,0.000930,0.000108,0.001236,0.000029,0.000618,0.000014,0.000648,0.000006,0.000776,0.000064,0.000341,0.000009,0.000633,-165.98,-167.98,-116.08,-111.12,-37.84,-51.57,47.32,126.04,94.40,-28.29,176.75,105.89,-75.10,-154.55,-3.15,218.6426,5.0136,4.9485,3.8132,14.2912,2.2254,1.0547,0.7638,3.6601,0.5989,6.1548,0.8253,2.0716,0.6792,4.0965
2026-08-06 10:52:59.897,11.733333,42,14,0.007553,-1.5400,165.56,0,0,0,60.0154,219.303,0.08538,1,0,0,0,0,0.007233,0.000168,0.000933,0.000135,0.001229,0.000009,0.000618,0.000098,0.000677,0.000037,0.000758,0.000024,0.000372,0.000091,0.000564,-165.56,-174.22,-115.45,-130.41,-37.79,-0.53,48.11,73.99,93.79,53.73,176.22,-103.89,-76.51,153.59,3.27,218.6426,5.0136,4.9485,3.8132,14.2912,2.2254,1.0547,0.7638,3.6601,0.5989,6.1548,0.8253,2.0716,0.6792,4.0965
2026-08-06 10:52:59.897,11.750000,42,15,0.007517,-1.5356,165.97,0,0,0,60.0154,219.303,0.08538,1,0,0,0,0,0.007196,0.000244,0.000848,0.000102,0.001222,0.000069,0.000610,0.000026,0.000653,0.000034,0.000716,0.000061,0.000384,0.000057,0.000749,-165.97,-173.92,-117.47,-118.23,-38.45,128.24,48.04,-85.14,100.15,137.77,175.49,132.24,-76.63,141.83,-1.15,218.6426,5.0136,4.9485,3.8132,14.2912,2.2254,1.0547,0.7638,3.6601,0.5989,6.1548,0.8253,2.0716,0.6792,4.0965
2026-08-06 10:52:59.897,11.766667,42,16,0.007558,-1.5473,166.28,0,0,0,60.0154,219.303,0.08538,1,0,0,0,0,0.007239,0.000158,0.000918,0.000094,0.001253,0.000028,0.000620,0.000027,0.000657,0.000047,0.000726,0.000037,0.000334,0.000051,0.000610,-166.28,-171.90,-117.84,-127.14,-39.31,100.05,46.22,-110.79,99.42,60.12,173.63,173.85,-69.81,162.80,-2.86,218.6426,5.0136,4.9485,3.8132,14.2912,2.2254,1.0547,0.7638,3.6601,0.5989,6.1548,0.8253,2.0716,0.6792,4.0965
2026-08-06 10:52:59.897,11.783333,42,17,0.007528,-1.5370,165.70,0,0,0,60.0154,219.303,0.08538,1,0,0,0,0,0.007205,0.000213,0.000930,0.000171,0.001198,0.000075,0.000615,0.000039,0.000687,0.000034,0.000749,0.000020,0.000413,0.000068,0.000583,-165.70,-148.40,-114.26,-134.62,-41.55,144.15,51.38,130.35,97.83,138.34,175.82,-55.29,-74.23,138.18,-6.32,218.6426,5.0136,4.9485,3.8132,14.2912,2.2254,1.0547,0.7638,3.6601,0.5989,6.1548,0.8253,2.0716,0.6792,4.0965
2026-08-06 10:52:59.897,11.800000,42,18,0.007564,-1.5473,165.92,0,0,0,60.0154,219.303,0.08538,1,0,0,0,0,0.007253,0.000306,0.000845,0.000153,0.001230,0.000022,0.000610,0.000075,0.000621,0.000091,0.000620,0.000110,0.000359,0.000097,0.000684,-165.92,-177.68,-116.69,-106.21,-39.97,24.76,44.07,23.38,98.19,80.50,-177.69,166.05,-69.78,142.25,0.29,218.6426,5.0136,4.9485,3.8132,14.2912,2.2254,1.0547,0.7638,3.6601,0.5989,6.1548,0.8253,2.0716,0.6792,4.0965
2026-08-06 10:52:59.897,11.816667,42,19,0.007450,-1.5292,166.53,0,0,0,60.0154,219.303,0.08538,1,0,0,0,0,0.007149,0.000207,0.000920,0.000194,0.001204,0.000051,0.000571,0.000012,0.000562,0.000049,0.000716,0.000075,0.000341,0.000050,0.000623,-166.53,-166.61,-120.35,-120.50,-37.50,7.27,47.95,-101.72,92.92,-62.96,177.09,85.72,-64.60,150.61,-3.79,218.6426,5.0136,4.9485,3.8132,14.2912,2.2254,1.0547,0.7638,3.6601,0.5989,6.1548,0.8253,2.0716,0.6792,4.0965
2026-08-06 10:52:59.897,11.833333,42,20,0.007582,-1.5501,166.34,0,0,0,60.0154,219.303,0.08538,1,0,0,0,0,0.007253,0.000220,0.000957,0.000149,0.001235,0.000019,0.000660,0.000019,0.000668,0.000028,0.000720,0.000042,0.000399,0.000076,0.000593,-166.34,-172.06,-116.74,-117.95,-40.69,-177.27,51.60,18.18,99.45,97.07,-179.88,-114.02,-76.50,-126.14,-1.38,218.6426,5.0136,4.9485,3.8132,14.2912,2.2254,1.0547,0.7638,3.6601,0.5989,6.1548,0.8253,2.0716,0.6792,4.0965
2026-08-06 10:52:59.897,11.850000,42,21,0.007545,-1.5413,165.91,0,0,0,60.0154,219.303,0.08538,1,0,0,0,0,0.007224,0.000214,0.000882,0.000152,0.001218,0.000026,0.000642,0.000014,0.000653,0.000045,0.000727,0.000090,0.000398,0.000048,0.000640,-165.91,-174.18,-117.64,-113.48,-38.72,109.37,49.03,79.32,93.98,111.37,172.32,-178.04,-74.53,-177.43,3.95,218.6426,5.0136,4.9485,3.8132,14.2912,2.2254,1.0547,0.7638,3.6601,0.5989,6.1548,0.8253,2.0716,0.6792,4.0965
2026-08-06 10:52:59.897,11.866667,42,22,0.007542,-1.5423,166.23,0,0,0,60.0154,219.303,0.08538,1,0,0,0,0,0.007219,0.000308,0.000868,0.000178,0.001231,0.000031,0.000590,0.000032,0.000658,0.000051,0.000695,0.000048,0.000387,0.000043,0.000674,-166.23,-173.10,-115.29,-106.77,-39.36,29.06,46.73,-45.68,99.49,38.05,-175.55,92.73,-77.97,136.45,-3.49,218.6426,5.0136,4.9485,3.8132,14.2912,2.2254,1.0547,0.7638,3.6601,0.5989,6.1548,0.8253,2.0716,0.6792,4.0965
2026-08-06 10:52:59.897,11.883333,42,23,0.007615,-1.5573,165.79,0,0,0,60.0154,219.303,0.08538,1,0,0,0,0,0.007301,0.000239,0.000892,0.000142,0.001188,0.000036,0.000624,0.000038,0.000660,0.000034,0.000686,0.000067,0.000404,0.000036,0.000676,-165.79,-176.24,-118.03,-114.84,-39.41,99.69,46.58,-52.83,100.12,-126.33,-179.60,-133.43,-75.32,122.71,-0.49,218.6426,5.0136,4.9485,3.8132,14.2912,2.2254,1.0547,0.7638,3.6601,0.5989,6.1548,0.8253,2.0716,0.6792,4.0965
2026-08-06 10:52:59.897,11.900000,42,24,0.007552,-1.5442,166.37,0,0,0,60.0154,219.303,0.08538,1,0,0,0,0,0.007230,0.000170,0.000926,0.000049,0.001254,0.000042,0.000617,0.000103,0.000633,0.000055,0.000700,0.000111,0.000379,0.000092,0.000645,-166.37,174.04,-115.68,-113.41,-37.26,132.45,45.59,82.63,98.89,159.36,173.57,158.93,-76.93,147.01,2.56,218.6426,5.0136,4.9485,3.8132,14.2912,2.2254,1.0547,0.7638,3.6601,0.5989,6.1548,0.8253,2.0716,0.6792,4.0965
2026-08-06 10:52:59.897,11.916667,42,25,0.007576,-1.5466,165.90,0,0,0,60.0154,219.303,0.08538,1,0,0,0,0,0.007252,0.000192,0.000952,0.000102,0.001265,0.000027,0.000585,0.000021,0.000615,0.000058,0.000710,0.000053,0.000377,0.000027,0.000646,-165.90,-169.63,-117.73,-120.18,-39.85,1.83,48.27,49.94,97.56,75.06,178.43,107.79,-67.28,82.53,5.04,218.6426,5.0136,4.9485,3.8132,14.2912,2.2254,1.0547,0.7638,3.6601,0.5989,6.1548,0.8253,2.0716,0.6792,4.0965
2026-08-06 10:52:59.897,11.933333,42,26,0.007496,-1.5315,166.45,0,0,0,60.0154,219.303,0.08538,1,0,0,0,0,0.007162,0.000193,0.000931,0.000168,0.001241,0.000009,0.000639,0.000044,0.000614,0.000073,0.000769,0.000032,0.000435,0.000083,0.000600,-166.45,-155.94,-120.18,-135.17,-36.90,50.49,49.62,88.06,94.56,-35.06,176.14,95.94,-73.85,-170.02,-2.62,218.6426,5.0136,4.9485,3.8132,14.2912,2.2254,1.0547,0.7638,3.6601,0.5989,6.1548,0.8253,2.0716,0.6792,4.0965
2026-08-06 10:52:59.897,11.950000,42,27,0.007479,-1.5272,165.99,0,0,0,60.0154,219.303,0.08538,1,0,0,0,0,0.007159,0.000173,0.000870,0.000118,0.001204,0.000019,0.000634,0.000073,0.000663,0.000027,0.000785,0.000058,0.000399,0.000093,0.000638,-165.99,-165.39,-118.16,-110.99,-35.60,56.69,49.38,84.32,99.36,148.87,174.50,174.17,-71.36,151.07,-0.13,218.6426,5.0136,4.9485,3.8132,14.2912,2.2254,1.0547,0.7638,3.6601,0.5989,6.1548,0.8253,2.0716,0.6792,4.0965
2026-08-06 10:52:59.897,11.966667,42,28,0.007616,-1.5563,165.83,0,0,0,60.0154,219.303,0.08538,1,0,0,0,0,0.007294,0.000265,0.000904,0.000140,0.001222,0.000082,0.000647,0.000044,0.000645,0.000136,0.000714,0.000108,0.000321,0.000057,0.000601,-165.83,-172.37,-117.54,-107.06,-41.38,107.33,45.36,-4.54,100.06,83.11,177.39,128.16,-72.81,159.78,-0.52,218.6426,5.0136,4.9485,3.8132,14.2912,2.2254,1.0547,0.7638,3.6601,0.5989,6.1548,0.8253,2.0716,0.6792,4.0965
2026-08-06 10:52:59.897,11.983333,42,29,0.007542,-1.5454,166.52,0,0,0,60.0154,219.303,0.08538,1,0,0,0,0,0.007225,0.000172,0.000913,0.000139,0.001190,0.000017,0.000626,0.000043,0.000662,0.000069,0.000737,0.000040,0.000362,0.000035,0.000605,-166.52,176.73,-120.01,-113.86,-37.46,93.66,48.00,116.07,99.86,-84.22,174.43,46.42,-71.71,-90.20,1.51,218.6426,5.0136,4.9485,3.8132,14.2912,2.2254,1.0547,0.7638,3.6601,0.5989,6.1548,0.8253,2.0716,0.6792,4.0965
2026-08-06 10:53:00.152,12.000000,43,0,0.007511,-1.5346,165.78,0,0,0,60.0154,219.300,0.08514,1,0,0,0,0,0.007200,0.000171,0.000963,0.000164,0.001177,0.000043,0.000567,0.000120,0.000598,0.000025,0.000679,0.000066,0.000344,0.000063,0.000593,-165.78,-172.80,-116.73,-109.82,-38.95,73.45,44.38,82.86,93.70,151.50,176.32,177.71,-69.73,158.49,1.62,218.6427,4.9337,4.9139,3.7733,14.2961,2.2012,1.0475,0.7720,3.6584,0.6149,6.1221,0.8148,2.0442,0.6815,4.0946
2026-08-06 10:53:00.152,12.016667,43,1,0.007628,-1.5579,165.97,0,0,0,60.0154,219.300,0.08514,1,0,0,0,0,0.007295,0.000261,0.000944,0.000151,0.001252,0.000025,0.000596,0.000049,0.000617,0.000055,0.000673,0.000068,0.000398,0.000055,0.000705,-165.97,-174.82,-119.61,-113.14,-40.54,-12.02,46.78,-69.61,97.90,134.89,-178.53,147.40,-69.35,-58.83,1.57,218.6427,4.9337,4.9139,3.7733,14.2961,2.2012,1.0475,0.7720,3.6584,0.6149,6.1221,0.8148,2.0442,0.6815,4.0946
2026-08-06 10:53:00.152,12.033333,43,2,0.007528,-1.5423,166.45,0,0,0,60.0154,219.300,0.08514,1,0,0,0,0,0.007215,0.000234,0.000881,0.000125,0.001200,0.000045,0.000589,0.000035,0.000639,0.000055,0.000738,0.000047,0.000326,0.000018,0.000654,-166.45,171.43,-118.63,-111.75,-38.72,-70.92,47.48,-87.18,99.25,-26.32,-179.96,100.16,-76.05,138.45,-0.48,218.6427,4.9337,4.9139,3.7733,14.2961,2.2012,1.0475,0.7720,3.6584,0.6149,6.1221,0.8148,2.0442,0.6815,4.0946
2026-08-06 10:53:00.152,12.050000,43,3,0.007549,-1.5395,165.49,0,0,0,60.0154,219.300,0.08514,1,0,0,0,0,0.007232,0.000212,0.000889,0.000131,0.001199,0.000067,0.000584,0.000061,0.000696,0.000045,0.000743,0.000081,0.000387,0.000083,0.000675,-165.49,-176.72,-116.15,-116.71,-36.59,-178.85,46.48,87.42,99.39,163.91,178.54,-127.90,-74.74,-154.06,1.90,218.6427,4.9337,4.9139,3.7733,14.2961,2.2012,1.0475,0.7720,3.6584,0.6149,6.1221,0.8148,2.0442,0.6815,4.0946
2026-08-06 10:53:00.152,12.066667,43,4,0.008749,-1.7336,164.78,0,0,0,60.0154,219.300,0.08514,1,0,0,0,0,0.008198,0.000971,0.001559,0.000509,0.001354,0.000112,0.000418,0.000361,0.000433,0.000426,0.000784,0.000229,0.000629,0.000268,0.000873,-164.78,-135.45,-111.43,-81.30,-39.75,130.37,75.83,-148.59,153.02,-98.74,-151.31,-78.25,-76.89,-95.99,-23.24,218.6427,4.9337,4.9139,3.7733,14.2961,2.2012,1.0475,0.7720,3.6584,0.6149,6.1221,0.8148,2.0442,0.6815,4.0946
2026-08-06 10:53:00.152,12.083333,43,5,0.008065,-1.6413,169.69,0,0,0,60.0154,219.300,0.08514,1,0,0,0,0,0.007597,0.000094,0.000856,0.000337,0.000816,0.000133,0.000364,0.000167,0.000458,0.000399,0.001603,0.000731,0.000453,0.000207,0.000465,-169.69,72.52,-101.77,151.13,-28.34,162.47,32.87,-62.98,78.54,-169.16,172.03,133.26,-39.04,-61.80,16.92,218.6427,4.9337,4.9139,3.7733,14.2961,2.2012,1.0475,0.7720,3.6584,0.6149,6.1221,0.8148,2.0442,0.6815,4.0946
2026-08-06 10:53:00.152,12.100000,43,6,0.006943,-1.3838,166.77,0,0,0,60.0154,219.300,0.08514,1,0,0,0,0,0.006459,0.000961,0.000113,0.000861,0.001047,0.000219,0.000508,0.000371,0.000985,0.000526,0.000893,0.000451,0.000374,0.000330,0.000160,-166.77,-140.14,-126.85,-106.88,-13.02,-98.27,60.56,6.68,115.23,-69.64,135.07,-121.04,-69.71,45.04,-56.16,218.6427,4.9337,4.9139,3.7733,14.2961,2.2012,1.0475,0.7720,3.6584,0.6149,6.1221,0.8148,2.0442,0.6815,4.0946
2026-08-06 10:53:00.152,12.116667,43,7,0.007517,-1.5334,166.02,0,0,0,60.0154,219.300,0.08514,1,0,0,0,0,0.007184,0.000319,0.000902,0.000202,0.001256,0.000059,0.000658,0.000036,0.000578,0.000043,0.000699,0.000089,0.000426,0.000079,0.000745,-166.02,178.80,-121.81,-102.98,-35.00,49.06,56.87,-54.44,95.27,13.53,173.23,114.96,-84.05,-164.31,-2.96,218.6427,4.9337,4.9139,3.7733,14.2961,2.2012,1.0475,0.7720,3.6584,0.6149,6.1221,0.8148,2.0442,0.6815,4.0946
2026-08-06 10:53:00.152,12.133333,43,8,0.007524,-1.5418,166.11,0,0,0,60.0154,219.300,0.08514,1,0,0,0,0,0.007214,0.000244,0.000905,0.000194,0.001212,0.000062,0.000584,0.000035,0.000608,0.000059,0.000664,0.000098,0.000351,0.000004,0.000685,-166.11,-172.32,-121.85,-113.87,-40.36,74.36,43.93,3.11,97.92,104.89,176.57,131.67,-66.06,-9.85,-6.36,218.6427,4.9337,4.9139,3.7733,14.2961,2.2012,1.0475,0.7720,3.6584,0.6149,6.1221,0.8148,2.0442,0.6815,4.0946
2026-08-06 10:53:00.152,12.150000,43,9,0.006439,-1.2657,168.91,0,0,0,60.0154,219.300,0.08514,1,0,0,0,0,0.005818,0.001530,0.000390,0.000970,0.000725,0.000182,0.000710,0.000266,0.000952,0.000286,0.000841,0.000128,0.000368,0.000142,0.000747,-168.91,-135.74,121.80,-75.50,-38.90,24.48,39.11,-151.73,92.33,-95.95,164.78,-104.21,-88.37,-174.02,2.20,218.6427,4.9337,4.9139,3.7733,14.2961,2.2012,1.0475,0.7720,3.6584,0.6149,6.1221,0.8148,2.0442,0.6815,4.0946
2026-08-06 10:53:00.152,12.166667,43,10,0.007572,-1.5475,166.09,0,0,0,60.0154,219.300,0.08514,1,0,0,0,0,0.007249,0.000207,0.000914,0.000121,0.001279,0.000042,0.000633,0.000048,0.000648,0.000065,0.000671,0.000073,0.000345,0.000019,0.000645,-166.09,-169.06,-115.98,-117.83,-39.07,132.67,47.75,24.47,96.00,147.91,175.27,178.09,-72.71,131.28,1.58,218.6427,4.9337,4.9139,3.7733,14.2961,2.2012,1.0475,0.7720,3.6584,0.6149,6.1221,0.8148,2.0442,0.6815,4.0946
2026-08-06 10:53:00.152,12.183333,43,11,0.007592,-1.5524,165.75,0,0,0,60.0154,219.300,0.08514,1,0,0,0,0,0.007281,0.000207,0.000918,0.000153,0.001218,0.000062,0.000633,0.000054,0.000616,0.000067,0.000721,0.000085,0.000314,0.000082,0.000637,-165.75,-169.36,-119.58,-91.66,-39.16,65.53,47.21,-20.00,103.50,65.39,178.53,141.55,-69.45,107.89,-0.07,218.6427,4.9337,4.9139,3.7733,14.2961,2.2012,1.0475,0.7720,3.6584,0.6149,6.1221,0.8148,2.0442,0.6815,4.0946
2026-08-06 10:53:00.152,12.200000,43,12,0.007867,-1.6008,166.76,0,0,0,60.0154,219.300,0.08514,1,0,0,0,0,0.007471,0.000433,0.001026,0.000325,0.001000,0.000271,0.000351,0.000363,0.000554,0.000399,0.000919,0.000426,0.000720,0.000367,0.000787,-166.76,177.70,-127.97,-157.11,-49.41,-160.66,69.38,-152.53,133.92,-125.79,-164.47,-110.47,-81.08,-87.95,-21.57,218.6427,4.9337,4.9139,3.7733,14.2961,2.2012,1.0475,0.7720,3.6584,0.6149,6.1221,0.8148,2.0442,0.6815,4.0946
2026-08-06 10:53:00.152,12.216667,43,13,0.008551,-1.7623,171.16,0,0,0,60.0154,219.300,0.08514,1,0,0,0,0,0.008137,0.001183,0.000927,0.000762,0.001026,0.000390,0.000770,0.000079,0.000654,0.000214,0.000881,0.000408,0.000113,0.000238,0.000643,-171.16,142.94,172.98,108.77,-10.59,61.53,43.21,-0.36,104.10,141.92,158.07,119.05,-34.91,100.56,5.17,218.6427,4.9337,4.9139,3.7733,14.2961,2.2012,1.0475,0.7720,3.6584,0.6149,6.1221,0.8148,2.0442,0.6815,4.0946
2026-08-06 10:53:00.152,12.233333,43,14,0.007530,-1.5413,165.74,0,0,0,60.0154,219.300,0.08514,1,0,0,0,0,0.007223,0.000253,0.000899,0.000151,0.001187,0.000093,0.000644,0.000040,0.000641,0.000033,0.000711,0.000109,0.000301,0.000025,0.000645,-165.74,-167.86,-118.88,-115.76,-41.66,44.00,48.81,-5.94,99.89,86.20,176.94,148.12,-78.08,-178.11,-6.28,218.6427,4.9337,4.9139,3.7733,14.2961,2.2012,1.0475,0.7720,3.6584,0.6149,6.1221,0.8148,2.0442,0.6815,4.0946
2026-08-06 10:53:00.152,12.250000,43,15,0.009548,-1.8526,160.04,0,0,0,60.0154,219.300,0.08514,1,0,0,0,0,0.009013,0.001649,0.001695,0.000373,0.001022,0.000476,0.000456,0.000234,0.000735,0.000280,0.000848,0.000284,0.000444,0.000138,0.000667,-160.04,-108.10,-87.54,-47.05,-47.55,-133.49,-10.12,-26.17,98.20,-162.03,-151.05,-41.60,-52.38,-150.56,-27.26,218.6427,4.9337,4.9139,3.7733,14.2961,2.2012,1.0475,0.7720,3.6584,0.6149,6.1221,0.8148,2.0442,0.6815,4.0946
2026-08-06 10:53:00.152,12.266667,43,16,0.008130,-1.6659,167.89,0,0,0,60.0154,219.300,0.08514,1,0,0,0,0,0.007720,0.000718,0.001049,0.000491,0.000804,0.000432,0.000871,0.000475,0.000979,0.000349,0.000757,0.000262,0.000277,0.000160,0.000691,-167.89,173.49,-141.70,163.32,-39.31,121.70,76.67,106.31,100.01,94.37,148.92,82.87,-39.97,87.97,6.04,218.6427,4.9337,4.9139,3.7733,14.2961,2.2012,1.0475,0.7720,3.6584,0.6149,6.1221,0.8148,2.0442,0.6815,4.0946
2026-08-06 10:53:00.152,12.283333,43,17,0.007587,-1.5552,166.11,0,0,0,60.0154,219.300,0.08514,1,0,0,0,0,0.007280,0.000248,0.000886,0.000138,0.001180,0.000031,0.000641,0.000060,0.000670,0.000017,0.000645,0.000080,0.000346,0.000016,0.000677,-166.11,-168.68,-116.63,-91.65,-39.88,117.10,45.84,-0.68,98.68,71.48,172.53,165.30,-71.03,160.53,1.11,218.6427,4.9337,4.9139,3.7733,14.2961,2.2012,1.0475,0.7720,3.6584,0.6149,6.1221,0.8148,2.0442,0.6815,4.0946
2026-08-06 10:53:00.152,12.300000,43,18,0.007488,-1.5315,165.94,0,0,0,60.0154,219.300,0.08514,1,0,0,0,0,0.007175,0.000192,0.000843,0.000161,0.001217,0.000040,0.000614,0.000046,0.000656,0.000068,0.000761,0.000079,0.000343,0.000047,0.000668,-165.94,-172.11,-116.81,-121.29,-39.99,46.09,52.10,-87.15,104.66,123.30,177.55,134.08,-71.16,82.12,-6.95,218.6427,4.9337,4.9139,3.7733,14.2961,2.2012,1.0475,0.7720,3.6584,0.6149,6.1221,0.8148,2.0442,0.6815,4.0946
2026-08-06 10:53:00.152,12.316667,43,19,0.006543,-1.0655,149.32,0,0,0,60.0154,219.300,0.08514,1,0,0,0,0,0.005621,0.001704,0.001428,0.000336,0.001587,0.000575,0.000761,0.000092,0.001043,0.000279,0.000746,0.000209,0.000427,0.000134,0.000645,-149.32,131.34,-101.72,-130.09,-15.54,-179.56,32.03,-38.24,97.14,-114.09,173.40,10.10,-125.71,14.02,-15.45,218.6427,4.9337,4.9139,3.7733,14.2961,2.2012,1.0475,0.7720,3.6584,0.6149,6.1221,0.8148,2.0442,0.6815,4.0946
2026-08-06 10:53:00.152,12.333333,43,20,0.007548,-1.5412,165.92,0,0,0,60.0154,219.300,0.08514,1,0,0,0,0,0.007227,0.000174,0.000943,0.000114,0.001227,0.000063,0.000597,0.000035,0.000679,0.000041,0.000654,0.000074,0.000359,0.000083,0.000663,-165.92,-169.61,-114.38,-91.46,-39.23,108.41,45.70,13.09,99.68,-105.92,177.13,152.79,-78.83,-96.19,-4.68,218.6427,4.9337,4.9139,3.7733,14.2961,2.2012,1.0475,0.7720,3.6584,0.6149,6.1221,0.8148,2.0442,0.6815,4.0946
2026-08-06 10:53:00.152,12.350000,43,21,0.007584,-1.5505,165.86,0,0,0,60.0154,219.300,0.08514,1,0,0,0,0,0.007264,0.000222,0.000943,0.000163,0.001227,0.000036,0.000612,0.000068,0.000628,0.000013,0.000717,0.000067,0.000366,0.000019,0.000666,-165.86,-156.57,-114.70,-130.54,-40.40,76.44,47.35,-136.58,95.37,103.34,176.91,144.61,-61.15,125.72,-6.35,218.6427,4.9337,4.9139,3.7733,14.2961,2.2012,1.0475,0.7720,3.6584,0.6149,6.1221,0.8148,2.0442,0.6815,4.0946
2026-08-06 10:53:00.152,12.366667,43,22,0.007594,-1.5566,166.54,0,0,0,60.0154,219.300,0.08514,1,0,0,0,0,0.007272,0.000240,0.000966,0.000119,0.001208,0.000023,0.000572,0.000098,0.000661,0.000007,0.000763,0.000023,0.000401,0.000079,0.000611,-166.54,-155.87,-117.61,-141.16,-38.39,-2.89,46.42,68.76,90.92,-139.96,174.83,130.59,-76.31,-173.37,-2.75,218.6427,4.9337,4.9139,3.7733,14.2961,2.2012,1.0475,0.7720,3.6584,0.6149,6.1221,0.8148,2.0442,0.6815,4.0946
2026-08-06 10:53:00.152,12.383333,43,23,0.007485,-1.5312,166.13,0,0,0,60.0154,219.300,0.08514,1,0,0,0,0,0.007171,0.000196,0.000890,0.000150,0.001221,0.000058,0.000621,0.000098,0.000623,0.000106,0.000712,0.000070,0.000394,0.000049,0.000644,-166.13,-160.86,-115.78,-125.45,-37.47,85.54,48.89,38.48,98.62,122.40,175.41,153.09,-69.83,128.21,-7.90,218.6427,4.9337,4.9139,3.7733,14.2961,2.2012,1.0475,0.7720,3.6584,0.6149,6.1221,0.8148,2.0442,0.6815,4.0946
2026-08-06 10:53:00.152,12.400000,43,24,0.007454,-1.4484,161.67,0,0,0,60.0154,219.300,0.08514,1,0,0,0,0,0.006945,0.000658,0.001435,0.000500,0.000667,0.000473,0.001101,0.000455,0.000320,0.000565,0.001032,0.000238,0.000192,0.000028,0.000550,-161.67,112.84,-126.45,-19.13,-26.68,-101.15,41.68,174.80,42.17,86.74,-162.49,14.07,-89.15,-103.28,-2.08,218.6427,4.9337,4.9139,3.7733,14.2961,2.2012,1.0475,0.7720,3.6584,0.6149,6.1221,0.8148,2.0442,0.6815,4.0946
2026-08-06 10:53:00.152,12.416667,43,25,0.007527,-1.5425,166.37,0,0,0,60.0154,219.300,0.08514,1,0,0,0,0,0.007217,0.000212,0.000901,0.000090,0.001201,0.000054,0.000603,0.000056,0.000700,0.000049,0.000710,0.000024,0.000335,0.000085,0.000627,-166.37,165.49,-117.13,-109.80,-37.37,106.53,46.69,110.56,101.28,-142.77,176.09,170.63,-75.74,177.72,-3.34,218.6427,4.9337,4.9139,3.7733,14.2961,2.2012,1.0475,0.7720,3.6584,0.6149,6.1221,0.8148,2.0442,0.6815,4.0946
2026-08-06 10:53:00.152,12.433333,43,26,0.007742,-1.4972,161.20,0,0,0,60.0154,219.300,0.08514,1,0,0,0,0,0.007215,0.000332,0.000991,0.000711,0.001720,0.000558,0.000156,0.000551,0.001069,0.000425,0.000551,0.000317,0.000329,0.000157,0.000659,-161.20,52.66,-153.25,-105.68,-27.80,109.29,92.86,-20.36,90.79,-169.12,-156.19,66.83,-110.37,-85.72,7.40,218.6427,4.9337,4.9139,3.7733,14.2961,2.2012,1.0475,0.7720,3.6584,0.6149,6.1221,0.8148,2.0442,0.6815,4.0946
2026-08-06 10:53:00.152,12.450000,43,27,0.007576,-1.5491,165.94,0,0,0,60.0154,219.300,0.08514,1,0,0,0,0,0.007253,0.000262,0.000891,0.000177,0.001190,0.000022,0.000651,0.000051,0.000682,0.000031,0.000725,0.000032,0.000328,0.000062,0.000661,-165.94,-173.81,-117.07,-109.98,-40.57,-1.65,47.65,-92.62,97.52,28.17,176.29,90.12,-76.18,132.48,-2.76,218.6427,4.9337,4.9139,3.7733,14.2961,2.2012,1.0475,0.7720,3.6584,0.6149,6.1221,0.8148,2.0442,0.6815,4.0946
2026-08-06 10:53:00.152,12.466667,43,28,0.007491,-1.5364,166.47,0,0,0,60.0154,219.300,0.08514,1,0,0,0,0,0.007182,0.000164,0.000907,0.000106,0.001168,0.000040,0.000642,0.000056,0.000648,0.000075,0.000756,0.000071,0.000337,0.000101,0.000636,-166.47,-177.13,-119.20,-79.88,-38.13,84.66,46.55,99.30,101.38,-178.76,175.13,138.44,-75.11,-137.31,-0.69,218.6427,4.9337,4.9139,3.7733,14.2961,2.2012,1.0475,0.7720,3.6584,0.6149,6.1221,0.8148,2.0442,0.6815,4.0946
2026-08-06 10:53:00.152,12.483333,43,29,0.007569,-1.5454,165.40,0,0,0,60.0154,219.300,0.08514,1,0,0,0,0,0.007257,0.000183,0.000901,0.000109,0.001223,0.000031,0.000579,0.000061,0.000639,0.000068,0.000697,0.000098,0.000394,0.000086,0.000655,-165.40,-177.74,-116.84,-119.10,-41.75,113.84,49.83,41.66,101.65,97.37,174.75,-179.41,-77.64,127.59,0.61,218.6427,4.9337,4.9139,3.7733,14.2961,2.2012,1.0475,0.7720,3.6584,0.6149,6.1221,0.8148,2.0442,0.6815,4.0946
2026-08-06 10:53:00.410,12.500000,44,0,0.008184,-1.6095,159.36,0,0,0,60.0154,219.263,0.08516,1,0,0,0,0,0.007819,0.000769,0.000394,0.000701,0.000858,0.000506,0.000827,0.000256,0.000755,0.000006,0.000653,0.000325,0.000621,0.000317,0.000985,-159.36,-43.23,-42.39,120.11,-76.09,-103.36,17.93,40.15,106.99,-49.21,168.28,146.47,-100.48,-51.56,12.81,218.6052,4.9451,4.9462,3.7859,14.2832,2.2360,1.0332,0.7813,3.6043,0.5825,6.1143,0.8416,2.1142,0.7072,4.0842
2026-08-06 10:53:00.410,12.516667,44,1,0.007614,-1.5580,165.70,0,0,0,60.0154,219.263,0.08516,1,0,0,0,0,0.007303,0.000219,0.000965,0.000171,0.001209,0.000053,0.000591,0.000048,0.000666,0.000062,0.000732,0.000057,0.000289,0.000055,0.000648,-165.70,-159.43,-117.56,-118.69,-41.61,14.61,45.29,-154.36,99.16,75.55,176.81,152.88,-66.63,-149.63,-1.30,218.6052,4.9451,4.9462,3.7859,14.2832,2.2360,1.0332,0.7813,3.6043,0.5825,6.1143,0.8416,2.1142,0.7072,4.0842
2026-08-06 10:53:00.410,12.533333,44,2,0.007663,-1.5597,165.51,0,0,0,60.0154,219.263,0.08516,1,0,0,0,0,0.007332,0.000157,0.000975,0.000128,0.001289,0.000046,0.000663,0.000051,0.000700,0.000087,0.000711,0.000077,0.000335,0.000085,0.000592,-165.51,178.47,-115.62,-134.80,-35.43,-72.41,52.15,-21.35,96.89,60.16,174.40,-170.08,-73.68,-165.36,8.88,218.6052,4.9451,4.9462,3.7859,14.2832,2.2360,1.0332,0.7813,3.6043,0.5825,6.1143,0.8416,2.1142,0.7072,4.0842
2026-08-06 10:53:00.410,12.550000,44,3,0.007356,-1.4320,164.05,0,0,0,60.0154,219.263,0.08516,1,0,0,0,0,0.006751,0.000812,0.001191,0.000513,0.001680,0.000571,0.000265,0.000540,0.000500,0.000494,0.001097,0.000319,0.000465,0.000135,0.000506,-164.05,156.05,-91.36,133.39,-50.50,84.25,-5.38,52.96,147.15,41.43,-173.02,37.70,-117.21,12.88,-11.43,218.6052,4.9451,4.9462,3.7859,14.2832,2.2360,1.0332,0.7813,3.6043,0.5825,6.1143,0.8416,2.1142,0.7072,4.0842
2026-08-06 10:53:00.410,12.566667,44,4,0.007497,-1.5329,166.34,0,0,0,60.0154,219.263,0.08516,1,0,0,0,0,0.007169,0.000187,0.000953,0.000135,0.001241,0.000014,0.000695,0.000054,0.000624,0.000062,0.000765,0.000016,0.000336,0.000044,0.000550,-166.34,-168.66,-118.66,-111.18,-40.54,27.05,48.44,-127.58,104.09,-82.28,175.31,100.84,-71.70,145.75,-4.71,218.6052,4.9451,4.9462,3.7859,14.2832,2.2360,1.0332,0.7813,3.6043,0.5825,6.1143,0.8416,2.1142,0.7072,4.0842
2026-08-06 10:53:00.410,12.583333,44,5,0.007685,-1.5757,166.49,0,0,0,60.0154,219.263,0.08516,1,0,0,0,0,0.007365,0.000203,0.000963,0.000062,0.001261,0.000065,0.000575,0.000077,0.000702,0.000060,0.000717,0.000111,0.000372,0.000114,0.000625,-166.49,-174.57,-117.08,-120.61,-41.34,49.13,45.11,107.88,98.41,162.71,177.24,174.32,-76.45,179.09,-1.16,218.6052,4.9451,4.9462,3.7859,14.2832,2.2360,1.0332,0.7813,3.6043,0.5825,6.1143,0.8416,2.1142,0.7072,4.0842
2026-08-06 10:53:00.410,12.600000,44,6,0.008997,-1.7550,165.16,0,0,0,60.0154,219.263,0.08516,1,0,0,0,0,0.008242,0.001167,0.001782,0.000915,0.001796,0.000574,0.000881,0.000355,0.000739,0.000082,0.000805,0.000233,0.000675,0.000334,0.000979,-165.16,-144.98,-116.67,-97.17,-50.17,-52.08,19.80,3.33,88.08,138.27,-179.27,-114.01,-77.04,-44.42,-6.12,218.6052,4.9451,4.9462,3.7859,14.2832,2.2360,1.0332,0.7813,3.6043,0.5825,6.1143,0.8416,2.1142,0.7072,4.0842
2026-08-06 10:53:00.410,12.616667,44,7,0.007606,-1.5537,165.70,0,0,0,60.0154,219.263,0.08516,1,0,0,0,0,0.007283,0.000251,0.000978,0.000142,0.001179,0.000013,0.000639,0.000063,0.000634,0.000033,0.000723,0.000065,0.000310,0.000032,0.000690,-165.70,-174.61,-112.82,-120.10,-41.39,36.90,48.39,-164.82,100.17,122.78,176.09,90.56,-74.86,168.05,-5.68,218.6052,4.9451,4.9462,3.7859,14.2832,2.2360,1.0332,0.7813,3.6043,0.5825,6.1143,0.8416,2.1142,0.7072,4.0842
2026-08-06 10:53:00.410,12.633333,44,8,0.007629,-1.5613,166.37,0,0,0,60.0154,219.263,0.08516,1,0,0,0,0,0.007303,0.000175,0.000924,0.000092,0.001270,0.000070,0.000611,0.000020,0.000668,0.000093,0.000768,0.000013,0.000316,0.000125,0.000586,-166.37,-169.69,-111.45,-157.65,-42.08,68.75,50.95,-110.35,89.50,161.68,179.94,26.21,-81.11,-152.55,4.97,218.6052,4.9451,4.9462,3.7859,14.2832,2.2360,1.0332,0.7813,3.6043,0.5825,6.1143,0.8416,2.1142,0.7072,4.0842
2026-08-06 10:53:00.410,12.650000,44,9,0.007603,-1.5524,165.56,0,0,0,60.0154,219.263,0.08516,1,0,0,0,0,0.007280,0.000238,0.000961,0.000149,0.001201,0.000040,0.000600,0.000024,0.000619,0.000100,0.000736,0.000063,0.000337,0.000059,0.000669,-165.56,179.85,-117.39,-126.55,-41.91,171.25,51.66,143.00,99.19,156.24,173.23,-156.69,-80.65,-113.37,-4.18,218.6052,4.9451,4.9462,3.7859,14.2832,2.2360,1.0332,0.7813,3.6043,0.5825,6.1143,0.8416,2.1142,0.7072,4.0842
2026-08-06 10:53:00.410,12.666667,44,10,0.007743,-1.5714,166.51,0,0,0,60.0154,219.263,0.08516,1,0,0,0,0,0.007387,0.000331,0.000756,0.000076,0.001275,0.000246,0.000841,0.000287,0.000422,0.000291,0.000777,0.000278,0.000511,0.000251,0.000344,-166.51,153.73,-120.79,84.04,-30.58,27.77,33.71,-19.08,62.26,-72.83,-158.61,-113.12,-91.11,-134.93,-26.60,218.6052,4.9451,4.9462,3.7859,14.2832,2.2360,1.0332,0.7813,3.6043,0.5825,6.1143,0.8416,2.1142,0.7072,4.0842
2026-08-06 10:53:00.410,12.683333,44,11,0.007563,-1.5491,166.09,0,0,0,60.0154,219.263,0.08516,1,0,0,0,0,0.007256,0.000244,0.000888,0.000109,0.001186,0.000040,0.000607,0.000073,0.000692,0.000058,0.000733,0.000063,0.000376,0.000054,0.000597,-166.09,179.44,-115.50,-93.82,-40.23,151.64,45.72,69.29,98.40,-140.59,175.89,-144.83,-83.72,-156.92,1.31,218.6052,4.9451,4.9462,3.7859,14.2832,2.2360,1.0332,0.7813,3.6043,0.5825,6.1143,0.8416,2.1142,0.7072,4.0842
2026-08-06 10:53:00.410,12.700000,44,12,0.006859,-1.3569,-178.20,0,0,0,60.0154,219.263,0.08516,1,0,0,0,0,0.006165,0.001103,0.000958,0.000691,0.001299,0.000192,0.000580,0.000508,0.000796,0.000324,0.000209,0.000572,0.000580,0.000190,0.001079,178.20,-34.64,-139.88,-60.16,-66.89,149.59,52.78,109.52,91.12,39.48,-88.90,-128.25,-169.95,-127.09,17.62,218.6052,4.9451,4.9462,3.7859,14.2832,2.2360,1.0332,0.7813,3.6043,0.5825,6.1143,0.8416,2.1142,0.7072,4.0842
2026-08-06 10:53:00.410,12.716667,44,13,0.005577,-0.9655,154.16,0,0,0,60.0154,219.263,0.08516,1,0,0,0,0,0.004829,0.001712,0.001007,0.000590,0.000758,0.000205,0.000733,0.000248,0.000603,0.000207,0.000553,0.000319,0.000601,0.000058,0.000645,-154.16,168.42,-109.27,-51.83,-34.22,-129.26,23.10,93.94,116.48,-17.47,176.50,145.85,-61.03,-153.11,21.94,218.6052,4.9451,4.9462,3.7859,14.2832,2.2360,1.0332,0.7813,3.6043,0.5825,6.1143,0.8416,2.1142,0.7072,4.0842
2026-08-06 10:53:00.410,12.733333,44,14,0.007522,-1.5486,167.51,0,0,0,60.0154,219.263,0.08516,1,0,0,0,0,0.007204,0.000324,0.000878,0.000032,0.001177,0.000076,0.000707,0.000067,0.000641,0.000067,0.000824,0.000048,0.000297,0.000151,0.000664,-167.51,-147.26,-111.16,-105.65,-43.39,-4.55,49.99,140.77,91.25,131.24,174.82,-99.67,-68.87,-170.85,-5.32,218.6052,4.9451,4.9462,3.7859,14.2832,2.2360,1.0332,0.7813,3.6043,0.5825,6.1143,0.8416,2.1142,0.7072,4.0842
2026-08-06 10:53:00.410,12.750000,44,15,0.007592,-1.5483,165.58,0,0,0,60.0154,219.263,0.08516,1,0,0,0,0,0.007271,0.000231,0.000942,0.000135,0.001257,0.000034,0.000605,0.000118,0.000608,0.000095,0.000675,0.000100,0.000358,0.000086,0.000667,-165.58,-178.47,-118.88,-107.52,-37.66,-30.43,45.95,56.55,93.00,104.81,176.10,156.85,-68.82,161.59,3.28,218.6052,4.9451,4.9462,3.7859,14.2832,2.2360,1.0332,0.7813,3.6043,0.5825,6.1143,0.8416,2.1142,0.7072,4.0842
2026-08-06 10:53:00.410,12.766667,44,16,0.007512,-1.5430,166.47,0,0,0,60.0154,219.263,0.08516,1,0,0,0,0,0.007215,0.000247,0.000890,0.000093,0.001177,0.000061,0.000642,0.000044,0.000614,0.000081,0.000713,0.000061,0.000292,0.000048,0.000575,-166.47,-179.58,-115.84,-112.55,-40.89,45.94,46.17,44.02,99.30,81.20,178.91,167.96,-82.63,-110.95,2.76,218.6052,4.9451,4.9462,3.7859,14.2832,2.2360,1.0332,0.7813,3.6043,0.5825,6.1143,0.8416,2.1142,0.7072,4.0842
2026-08-06 10:53:00.410,12.783333,44,17,0.009735,-1.8408,156.63,0,0,0,60.0154,219.263,0.08516,1,0,0,0,0,0.009109,0.001235,0.000861,0.000959,0.002034,0.000598,0.000647,0.000264,0.000637,0.000319,0.001163,0.000622,0.000612,0.000075,0.000777,-156.63,-79.60,-118.16,-141.47,-61.97,-31.54,48.49,-101.68,88.90,178.16,-159.33,-69.39,-48.14,-55.54,-2.14,218.6052,4.9451,4.9462,3.7859,14.2832,2.2360,1.0332,0.7813,3.6043,0.5825,6.1143,0.8416,2.1142,0.7072,4.0842
2026-08-06 10:53:00.410,12.800000,44,18,0.007607,-1.5500,-173.52,0,0,0,60.0154,219.263,0.08516,1,0,0,0,0,0.007122,0.000779,0.000671,0.000368,0.001448,0.000321,0.000740,0.000333,0.000278,0.000232,0.000705,0.000636,0.000299,0.000225,0.000540,173.52,24.73,-139.36,28.79,-48.28,64.47,12.06,128.74,110.21,-126.33,151.06,-150.95,-74.89,-151.41,9.66,218.6052,4.9451,4.9462,3.7859,14.2832,2.2360,1.0332,0.7813,3.6043,0.5825,6.1143,0.8416,2.1142,0.7072,4.0842
2026-08-06 10:53:00.410,12.816667,44,19,0.007990,-1.3178,142.63,0,0,0,60.0154,219.263,0.08516,1,0,0,0,0,0.007520,0.001116,0.001170,0.000795,0.001373,0.000335,0.000489,0.000185,0.000477,0.000151,0.000578,0.000233,0.000457,0.000217,0.000579,-142.63,-152.54,-86.12,-116.56,-40.42,-64.87,32.22,-109.78,99.31,-136.46,-176.75,-67.25,-81.90,-51.77,-29.83,218.6052,4.9451,4.9462,3.7859,14.2832,2.2360,1.0332,0.7813,3.6043,0.5825,6.1143,0.8416,2.1142,0.7072,4.0842
2026-08-06 10:53:00.410,12.833333,44,20,0.008754,-1.8172,174.17,0,0,0,60.0154,219.263,0.08516,1,0,0,0,0,0.008330,0.001380,0.000321,0.000346,0.001270,0.000231,0.000749,0.000439,0.000860,0.000173,0.000793,0.000317,0.000144,0.000193,0.000771,-174.17,123.36,172.56,33.68,-35.71,153.12,83.67,105.90,86.27,41.95,170.50,145.59,-78.47,78.33,3.84,218.6052,4.9451,4.9462,3.7859,14.2832,2.2360,1.0332,0.7813,3.6043,0.5825,6.1143,0.8416,2.1142,0.7072,4.0842
2026-08-06 10:53:00.410,12.850000,44,21,0.007560,-1.5432,165.84,0,0,0,60.0154,219.263,0.08516,1,0,0,0,0,0.007236,0.000177,0.000944,0.000142,0.001199,0.000055,0.000643,0.000085,0.000696,0.000037,0.000705,0.000106,0.000359,0.000101,0.000588,-165.84,-175.24,-116.94,-116.01,-38.24,78.03,49.86,70.16,95.79,91.15,171.73,-163.15,-75.01,-146.18,4.61,218.6052,4.9451,4.9462,3.7859,14.2832,2.2360,1.0332,0.7813,3.6043,0.5825,6.1143,0.8416,2.1142,0.7072,4.0842
2026-08-06 10:53:00.410,12.866667,44,22,0.007507,-1.5343,165.92,0,0,0,60.0154,219.263,0.08516,1,0,0,0,0,0.007191,0.000276,0.000896,0.000168,0.001214,0.000051,0.000637,0.000107,0.000675,0.000098,0.000692,0.000100,0.000355,0.000036,0.000562,-165.92,-167.38,-114.75,-120.62,-39.36,70.89,45.75,32.62,97.60,81.41,176.03,133.41,-84.84,164.92,-5.29,218.6052,4.9451,4.9462,3.7859,14.2832,2.2360,1.0332,0.7813,3.6043,0.5825,6.1143,0.8416,2.1142,0.7072,4.0842
2026-08-06 10:53:00.410,12.883333,44,23,0.007558,-1.5472,166.05,0,0,0,60.0154,219.263,0.08516,1,0,0,0,0,0.007244,0.000258,0.000936,0.000152,0.001206,0.000048,0.000598,0.000075,0.000631,0.000049,0.000764,0.000061,0.000324,0.000054,0.000595,-166.05,-172.43,-116.18,-133.17,-41.27,21.69,48.06,178.09,94.64,79.19,178.56,117.12,-67.33,-170.25,-0.55,218.6052,4.9451,4.9462,3.7859,14.2832,2.2360,1.0332,0.7813,3.6043,0.5825,6.1143,0.8416,2.1142,0.7072,4.0842
2026-08-06 10:53:00.410,12.900000,44,24,0.007599,-1.5561,166.13,0,0,0,60.0154,219.263,0.08516,1,0,0,0,0,0.007289,0.000205,0.000881,0.000104,0.001203,0.000026,0.000594,0.000026,0.000696,0.000036,0.000749,0.000071,0.000375,0.000054,0.000604,-166.13,-170.24,-113.41,-133.17,-39.10,93.21,49.41,81.20,98.05,125.68,177.80,166.79,-77.55,-164.94,1.90,218.6052,4.9451,4.9462,3.7859,14.2832,2.2360,1.0332,0.7813,3.6043,0.5825,6.1143,0.8416,2.1142,0.7072,4.0842
2026-08-06 10:53:00.410,12.916667,44,25,0.007546,-1.5405,165.75,0,0,0,60.0154,219.263,0.08516,1,0,0,0,0,0.007226,0.000213,0.000934,0.000194,0.001229,0.000016,0.000639,0.000079,0.000646,0.000076,0.000723,0.000098,0.000363,0.000071,0.000621,-165.75,-154.76,-117.39,-107.36,-39.41,124.20,48.28,9.19,95.67,87.02,172.54,141.63,-74.38,150.48,-1.06,218.6052,4.9451,4.9462,3.7859,14.2832,2.2360,1.0332,0.7813,3.6043,0.5825,6.1143,0.8416,2.1142,0.7072,4.0842
2026-08-06 10:53:00.410,12.933333,44,26,0.007577,-1.5512,166.09,0,0,0,60.0154,219.263,0.08516,1,0,0,0,0,0.007264,0.000226,0.000924,0.000134,0.001158,0.000023,0.000657,0.000071,0.000660,0.000086,0.000704,0.000087,0.000261,0.000049,0.000591,-166.09,175.03,-118.60,-117.95,-42.29,70.27,43.28,-41.38,95.79,74.96,175.00,148.17,-76.31,-168.07,-5.84,218.6052,4.9451,4.9462,3.7859,14.2832,2.2360,1.0332,0.7813,3.6043,0.5825,6.1143,0.8416,2.1142,0.7072,4.0842
2026-08-06 10:53:00.410,12.950000,44,27,0.008820,-1.7492,165.33,0,0,0,60.0154,219.263,0.08516,1,0,0,0,0,0.008192,0.001152,0.001835,0.000935,0.001617,0.000529,0.000621,0.000347,0.000502,0.000160,0.000737,0.000185,0.000472,0.000244,0.000530,-165.33,-149.75,-123.58,-116.21,-60.74,-78.75,2.00,-37.57,68.28,-57.92,-177.92,-129.56,-104.25,-152.95,-19.57,218.6052,4.9451,4.9462,3.7859,14.2832,2.2360,1.0332,0.7813,3.6043,0.5825,6.1143,0.8416,2.1142,0.7072,4.0842
2026-08-06 10:53:00.410,12.966667,44,28,0.007953,-1.6248,167.03,0,0,0,60.0154,219.263,0.08516,1,0,0,0,0,0.007554,0.000533,0.001043,0.000375,0.000902,0.000329,0.000607,0.000301,0.000930,0.000398,0.000943,0.000370,0.000101,0.000282,0.000540,-167.03,179.65,-134.69,-174.49,-44.55,139.08,76.03,131.35,111.37,128.82,158.56,118.62,-91.45,128.14,19.75,218.6052,4.9451,4.9462,3.7859,14.2832,2.2360,1.0332,0.7813,3.6043,0.5825,6.1143,0.8416,2.1142,0.7072,4.0842
2026-08-06 10:53:00.410,12.983333,44,29,0.007560,-1.5466,165.98,0,0,0,60.0154,219.263,0.08516,1,0,0,0,0,0.007247,0.000255,0.000908,0.000136,0.001227,0.000031,0.000625,0.000030,0.000569,0.000107,0.000695,0.000113,0.000383,0.000018,0.000662,-165.98,-176.34,-115.06,-127.20,-41.78,67.79,50.02,-59.12,100.94,102.12,-175.45,107.23,-66.38,174.31,-1.99,218.6052,4.9451,4.9462,3.7859,14.2832,2.2360,1.0332,0.7813,3.6043,0.5825,6.1143,0.8416,2.1142,0.7072,4.0842
2026-08-06 10:53:01.220,13.000000,45,0,0.007664,-1.5161,-176.98,0,0,0,60.0154,219.242,0.08536,1,0,0,0,0,0.006897,0.000764,0.000945,0.000959,0.002133,0.000465,0.000393,0.000241,0.000400,0.000776,0.001342,0.000520,0.000293,0.000376,0.000555,176.98,-10.96,-148.06,6.14,-48.93,-143.95,37.73,103.69,73.49,-128.49,158.58,107.36,-28.26,24.82,-12.85,218.5814,5.0475,4.9419,3.7745,14.3265,2.2347,1.0397,0.7752,3.6187,0.5879,6.0842,0.7942,2.0698,0.6757,4.0841
2026-08-06 10:53:01.220,13.016667,45,1,0.008213,-1.6884,177.45,0,0,0,60.0154,219.242,0.08536,1,0,0,0,0,0.007726,0.001164,0.001265,0.000775,0.001119,0.000130,0.000657,0.000197,0.000882,0.000310,0.000515,0.000159,0.000230,0.000098,0.000611,-177.45,57.59,-63.27,-87.65,-57.63,92.70,29.94,-148.89,107.68,52.63,-177.86,-164.45,-70.82,55.95,-13.68,218.5814,5.0475,4.9419,3.7745,14.3265,2.2347,1.0397,0.7752,3.6187,0.5879,6.0842,0.7942,2.0698,0.6757,4.0841
2026-08-06 10:53:01.220,13.033333,45,2,0.007560,-1.5451,165.75,0,0,0,60.0154,219.242,0.08536,1,0,0,0,0,0.007243,0.000252,0.000896,0.000184,0.001202,0.000057,0.000641,0.000057,0.000716,0.000096,0.000711,0.000094,0.000289,0.000025,0.000657,-165.75,-169.10,-115.79,-111.45,-41.15,79.35,48.17,10.80,97.65,95.98,172.76,137.72,-78.85,-154.23,-3.47,218.5814,5.0475,4.9419,3.7745,14.3265,2.2347,1.0397,0.7752,3.6187,0.5879,6.0842,0.7942,2.0698,0.6757,4.0841
2026-08-06 10:53:01.220,13.050000,45,3,0.007506,-1.5292,165.31,0,0,0,60.0154,219.242,0.08536,1,0,0,0,0,0.007187,0.000266,0.000957,0.000176,0.001120,0.000138,0.000681,0.000058,0.000663,0.000035,0.000676,0.000061,0.000403,0.000067,0.000621,-165.31,-150.55,-114.47,-132.73,-41.93,108.09,51.57,77.76,93.79,-5.08,-176.43,-168.69,-84.03,163.98,0.09,218.5814,5.0475,4.9419,3.7745,14.3265,2.2347,1.0397,0.7752,3.6187,0.5879,6.0842,0.7942,2.0698,0.6757,4.0841
2026-08-06 10:53:01.220,13.066667,45,4,0.007600,-1.5015,173.96,0,0,0,60.0154,219.242,0.08536,1,0,0,0,0,0.006933,0.000800,0.001869,0.000875,0.001345,0.000613,0.000174,0.000358,0.000769,0.000121,0.000583,0.000195,0.000546,0.000365,0.000791,-173.96,-18.53,-112.58,162.19,-5.49,-34.87,19.66,124.89,90.98,83.04,165.38,-77.40,-107.83,128.97,8.16,218.5814,5.0475,4.9419,3.7745,14.3265,2.2347,1.0397,0.7752,3.6187,0.5879,6.0842,0.7942,2.0698,0.6757,4.0841
2026-08-06 10:53:01.220,13.083333,45,5,0.007570,-1.5523,166.66,0,0,0,60.0154,219.242,0.08536,1,0,0,0,0,0.007249,0.000293,0.000907,0.000117,0.001227,0.000028,0.000632,0.000013,0.000619,0.000074,0.000670,0.000116,0.000308,0.000099,0.000698,-166.66,-165.07,-115.86,-113.67,-42.95,69.65,49.66,113.64,96.22,84.55,179.10,101.45,-75.28,171.57,-1.72,218.5814,5.0475,4.9419,3.7745,14.3265,2.2347,1.0397,0.7752,3.6187,0.5879,6.0842,0.7942,2.0698,0.6757,4.0841
2026-08-06 10:53:01.220,13.100000,45,6,0.007550,-1.5440,166.42,0,0,0,60.0154,219.242,0.08536,1,0,0,0,0,0.007228,0.000191,0.000927,0.000074,0.001247,0.000009,0.000607,0.000066,0.000652,0.000035,0.000740,0.000084,0.000359,0.000053,0.000618,-166.42,174.85,-117.27,-122.65,-37.63,-47.36,48.43,169.70,101.23,53.93,177.88,129.76,-72.07,158.08,-2.94,218.5814,5.0475,4.9419,3.7745,14.3265,2.2347,1.0397,0.7752,3.6187,0.5879,6.0842,0.7942,2.0698,0.6757,4.0841
2026-08-06 10:53:01.220,13.116667,45,7,0.007604,-1.5122,170.25,0,0,0,60.0154,219.242,0.08536,1,0,0,0,0,0.007014,0.000443,0.001479,0.000532,0.001531,0.000498,0.000488,0.000541,0.000613,0.000415,0.001018,0.000290,0.000601,0.000317,0.000526,-170.25,-33.99,-121.36,140.98,-19.76,-73.43,107.61,80.40,52.81,-124.24,164.13,47.76,-67.15,-159.26,14.01,218.5814,5.0475,4.9419,3.7745,14.3265,2.2347,1.0397,0.7752,3.6187,0.5879,6.0842,0.7942,2.0698,0.6757,4.0841
2026-08-06 10:53:01.220,13.133333,45,8,0.007541,-1.5385,165.47,0,0,0,60.0154,219.242,0.08536,1,0,0,0,0,0.007222,0.000311,0.000917,0.000159,0.001237,0.000058,0.000582,0.000056,0.000610,0.000084,0.000672,0.000125,0.000333,0.000089,0.000630,-165.47,-165.60,-115.51,-103.58,-42.51,64.83,47.84,97.05,98.98,85.55,175.46,127.74,-75.92,115.94,-1.48,218.5814,5.0475,4.9419,3.7745,14.3265,2.2347,1.0397,0.7752,3.6187,0.5879,6.0842,0.7942,2.0698,0.6757,4.0841
2026-08-06 10:53:01.220,13.150000,45,9,0.007579,-1.5480,165.70,0,0,0,60.0154,219.242,0.08536,1,0,0,0,0,0.007263,0.000241,0.000877,0.000157,0.001212,0.000074,0.000681,0.000053,0.000659,0.000114,0.000689,0.000053,0.000294,0.000027,0.000650,-165.70,179.42,-114.55,-94.09,-42.74,66.97,45.59,-74.35,103.43,92.02,178.73,161.33,-80.82,108.80,-5.14,218.5814,5.0475,4.9419,3.7745,14.3265,2.2347,1.0397,0.7752,3.6187,0.5879,6.0842,0.7942,2.0698,0.6757,4.0841
2026-08-06 10:53:01.220,13.166667,45,10,0.007923,-1.5249,160.15,0,0,0,60.0154,219.242,0.08536,1,0,0,0,0,0.007366,0.000617,0.000744,0.000809,0.001864,0.000662,0.000743,0.000356,0.000757,0.000220,0.000750,0.000059,0.000407,0.000228,0.000789,-160.15,23.36,-167.89,-144.21,-43.68,56.02,89.66,-114.94,71.79,117.62,179.40,83.03,-99.45,-80.61,14.56,218.5814,5.0475,4.9419,3.7745,14.3265,2.2347,1.0397,0.7752,3.6187,0.5879,6.0842,0.7942,2.0698,0.6757,4.0841
2026-08-06 10:53:01.220,13.183333,45,11,0.007538,-1.5413,166.14,0,0,0,60.0154,219.242,0.08536,1,0,0,0,0,0.007218,0.000228,0.000884,0.000090,0.001228,0.000095,0.000647,0.000067,0.000712,0.000077,0.000725,0.000114,0.000324,0.000042,0.000604,-166.14,-174.29,-113.53,-133.09,-40.67,79.65,46.47,75.91,99.96,136.40,176.73,178.01,-76.96,-131.43,-5.05,218.5814,5.0475,4.9419,3.7745,14.3265,2.2347,1.0397,0.7752,3.6187,0.5879,6.0842,0.7942,2.0698,0.6757,4.0841
2026-08-06 10:53:01.220,13.200000,45,12,0.007558,-1.5394,165.35,0,0,0,60.0154,219.242,0.08536,1,0,0,0,0,0.007233,0.000263,0.000941,0.000139,0.001209,0.000060,0.000654,0.000058,0.000633,0.000085,0.000708,0.000099,0.000321,0.000013,0.000634,-165.35,-179.94,-116.03,-124.76,-40.00,91.64,47.85,2.73,97.27,124.95,177.58,121.17,-78.32,-39.18,-6.57,218.5814,5.0475,4.9419,3.7745,14.3265,2.2347,1.0397,0.7752,3.6187,0.5879,6.0842,0.7942,2.0698,0.6757,4.0841
2026-08-06 10:53:01.220,13.216667,45,13,0.007262,-1.4595,166.19,0,0,0,60.0154,219.242,0.08536,1,0,0,0,0,0.006826,0.000602,0.000676,0.000397,0.001186,0.000240,0.000742,0.000185,0.000857,0.000231,0.000873,0.000102,0.000318,0.000132,0.000881,-166.19,-156.75,-106.19,-131.65,-27.40,-106.00,57.08,-86.06,105.57,-61.74,169.70,-34.04,-61.98,-151.14,-1.87,218.5814,5.0475,4.9419,3.7745,14.3265,2.2347,1.0397,0.7752,3.6187,0.5879,6.0842,0.7942,2.0698,0.6757,4.0841
2026-08-06 10:53:01.220,13.233333,45,14,0.007556,-1.5465,165.92,0,0,0,60.0154,219.242,0.08536,1,0,0,0,0,0.007249,0.000190,0.000893,0.000124,0.001194,0.000055,0.000615,0.000025,0.000690,0.000055,0.000696,0.000109,0.000366,0.000126,0.000642,-165.92,-169.14,-114.68,-120.38,-42.06,122.83,48.61,95.32,99.88,150.16,177.95,-169.01,-71.50,159.83,0.14,218.5814,5.0475,4.9419,3.7745,14.3265,2.2347,1.0397,0.7752,3.6187,0.5879,6.0842,0.7942,2.0698,0.6757,4.0841
2026-08-06 10:53:01.220,13.250000,45,15,0.007432,-1.4550,164.05,0,0,0,60.0154,219.242,0.08536,1,0,0,0,0,0.006873,0.000577,0.001179,0.000483,0.001666,0.000493,0.000438,0.000401,0.000339,0.000450,0.000990,0.000404,0.000629,0.000211,0.000554,-164.05,156.86,-93.78,140.57,-46.50,112.78,10.02,77.24,135.40,62.25,-165.31,60.00,-101.33,50.71,-10.06,218.5814,5.0475,4.9419,3.7745,14.3265,2.2347,1.0397,0.7752,3.6187,0.5879,6.0842,0.7942,2.0698,0.6757,4.0841
2026-08-06 10:53:01.220,13.266667,45,16,0.007500,-1.5366,166.63,0,0,0,60.0154,219.242,0.08536,1,0,0,0,0,0.007184,0.000248,0.000874,0.000126,0.001183,0.000011,0.000635,0.000050,0.000648,0.000049,0.000730,0.000101,0.000371,0.000052,0.000657,-166.63,-172.36,-115.82,-137.95,-39.58,131.00,49.49,-158.39,101.40,101.21,179.88,133.91,-75.46,-160.80,-8.29,218.5814,5.0475,4.9419,3.7745,14.3265,2.2347,1.0397,0.7752,3.6187,0.5879,6.0842,0.7942,2.0698,0.6757,4.0841
2026-08-06 10:53:01.220,13.283333,45,17,0.007535,-1.5419,166.26,0,0,0,60.0154,219.242,0.08536,1,0,0,0,0,0.007219,0.000198,0.000934,0.000138,0.001180,0.000036,0.000630,0.000115,0.000695,0.000039,0.000712,0.000067,0.000345,0.000088,0.000634,-166.26,-173.87,-113.79,-103.65,-40.15,38.74,50.30,112.72,96.79,179.09,175.75,-177.54,-77.90,-173.92,-0.83,218.5814,5.0475,4.9419,3.7745,14.3265,2.2347,1.0397,0.7752,3.6187,0.5879,6.0842,0.7942,2.0698,0.6757,4.0841
2026-08-06 10:53:01.220,13.300000,45,18,0.007554,-1.5439,165.97,0,0,0,60.0154,219.242,0.08536,1,0,0,0,0,0.007231,0.000225,0.000972,0.000146,0.001212,0.000007,0.000594,0.000054,0.000618,0.000092,0.000685,0.000115,0.000392,0.000035,0.000691,-165.97,-174.96,-114.55,-114.52,-42.84,-130.93,48.52,70.03,95.79,133.77,176.25,115.24,-76.03,170.84,-1.88,218.5814,5.0475,4.9419,3.7745,14.3265,2.2347,1.0397,0.7752,3.6187,0.5879,6.0842,0.7942,2.0698,0.6757,4.0841
2026-08-06 10:53:01.220,13.316667,45,19,0.007690,-1.4642,159.55,0,0,0,60.0154,219.242,0.08536,1,0,0,0,0,0.007125,0.000629,0.001228,0.000824,0.001642,0.000516,0.000259,0.000322,0.000829,0.000150,0.000668,0.000027,0.000388,0.000259,0.000680,-159.55,55.31,-154.24,-103.20,-22.38,132.12,15.92,10.99,107.06,-77.35,176.38,-167.53,-45.17,152.07,-28.66,218.5814,5.0475,4.9419,3.7745,14.3265,2.2347,1.0397,0.7752,3.6187,0.5879,6.0842,0.7942,2.0698,0.6757,4.0841
2026-08-06 10:53:01.220,13.333333,45,20,0.007558,-1.5463,165.97,0,0,0,60.0154,219.242,0.08536,1,0,0,0,0,0.007245,0.000269,0.000931,0.000160,0.001193,0.000034,0.000636,0.000016,0.000709,0.000043,0.000687,0.000031,0.000315,0.000038,0.000635,-165.97,-170.37,-113.78,-99.53,-41.01,167.55,47.98,2.53,103.16,155.72,173.88,-148.28,-74.15,-175.67,-2.62,218.5814,5.0475,4.9419,3.7745,14.3265,2.2347,1.0397,0.7752,3.6187,0.5879,6.0842,0.7942,2.0698,0.6757,4.0841
2026-08-06 10:53:01.220,13.350000,45,21,0.007549,-1.5406,165.89,0,0,0,60.0154,219.242,0.08536,1,0,0,0,0,0.007231,0.000158,0.000903,0.000082,0.001223,0.000031,0.000593,0.000057,0.000658,0.000019,0.000802,0.000117,0.000393,0.000053,0.000539,-165.89,-178.88,-114.02,-65.39,-38.95,11.46,45.98,72.30,100.41,-154.97,177.45,-177.11,-91.35,148.97,-1.30,218.5814,5.0475,4.9419,3.7745,14.3265,2.2347,1.0397,0.7752,3.6187,0.5879,6.0842,0.7942,2.0698,0.6757,4.0841
2026-08-06 10:53:01.220,13.366667,45,22,0.008137,-1.6306,165.84,0,0,0,60.0154,219.242,0.08536,1,0,0,0,0,0.007636,0.000677,0.001271,0.000514,0.001549,0.000458,0.000840,0.000431,0.000804,0.000377,0.000678,0.000401,0.000075,0.000280,0.000476,-165.84,-153.70,-114.10,-102.84,-47.60,-58.31,16.31,-13.64,68.61,42.95,139.57,101.32,-178.06,157.68,-2.65,218.5814,5.0475,4.9419,3.7745,14.3265,2.2347,1.0397,0.7752,3.6187,0.5879,6.0842,0.7942,2.0698,0.6757,4.0841
2026-08-06 10:53:01.220,13.383333,45,23,0.007534,-1.5421,165.97,0,0,0,60.0154,219.242,0.08536,1,0,0,0,0,0.007225,0.000189,0.000929,0.000156,0.001193,0.000041,0.000585,0.000049,0.000653,0.000019,0.000684,0.000026,0.000305,0.000042,0.000653,-165.97,-167.43,-116.65,-129.08,-40.90,72.93,49.64,179.08,97.45,129.07,174.69,165.27,-66.88,-77.13,-2.26,218.5814,5.0475,4.9419,3.7745,14.3265,2.2347,1.0397,0.7752,3.6187,0.5879,6.0842,0.7942,2.0698,0.6757,4.0841
2026-08-06 10:53:01.220,13.400000,45,24,0.007548,-1.5424,166.04,0,0,0,60.0154,219.242,0.08536,1,0,0,0,0,0.007230,0.000185,0.000963,0.000147,0.001199,0.000027,0.000633,0.000041,0.000685,0.000009,0.000717,0.000054,0.000328,0.000035,0.000618,-166.04,-162.05,-114.89,-120.58,-39.31,84.91,48.72,55.40,99.51,178.77,171.88,171.92,-78.33,169.84,-1.19,218.5814,5.0475,4.9419,3.7745,14.3265,2.2347,1.0397,0.7752,3.6187,0.5879,6.0842,0.7942,2.0698,0.6757,4.0841
2026-08-06 10:53:01.220,13.416667,45,25,0.007898,-1.5122,159.45,0,0,0,60.0154,219.242,0.08536,1,0,0,0,0,0.007345,0.000592,0.000827,0.000817,0.001904,0.000596,0.000675,0.000377,0.000654,0.000234,0.000749,0.000104,0.000351,0.000165,0.000781,-159.45,21.81,-169.40,-140.61,-40.22,57.67,89.45,-102.75,69.97,116.64,179.67,108.22,-104.69,-60.68,21.07,218.5814,5.0475,4.9419,3.7745,14.3265,2.2347,1.0397,0.7752,3.6187,0.5879,6.0842,0.7942,2.0698,0.6757,4.0841
2026-08-06 10:53:01.220,13.433333,45,26,0.007547,-1.5399,166.17,0,0,0,60.0154,219.242,0.08536,1,0,0,0,0,0.007217,0.000201,0.000963,0.000113,0.001239,0.000037,0.000599,0.000057,0.000672,0.000070,0.000692,0.000052,0.000401,0.000047,0.000651,-166.17,176.33,-118.69,-140.39,-37.45,-163.36,48.32,179.52,101.86,4.69,-179.96,158.56,-71.19,-163.77,-2.55,218.5814,5.0475,4.9419,3.7745,14.3265,2.2347,1.0397,0.7752,3.6187,0.5879,6.0842,0.7942,2.0698,0.6757,4.0841
2026-08-06 10:53:01.220,13.450000,45,27,0.007531,-1.5398,166.21,0,0,0,60.0154,219.242,0.08536,1,0,0,0,0,0.007205,0.000236,0.000932,0.000110,0.001198,0.000024,0.000680,0.000106,0.000654,0.000025,0.000766,0.000114,0.000366,0.000106,0.000548,-166.21,-149.95,-112.82,-132.63,-40.79,172.34,52.31,143.71,95.22,114.59,172.59,-123.92,-65.15,163.97,-4.17,218.5814,5.0475,4.9419,3.7745,14.3265,2.2347,1.0397,0.7752,3.6187,0.5879,6.0842,0.7942,2.0698,0.6757,4.0841
2026-08-06 10:53:01.220,13.466667,45,28,0.007461,-1.5188,166.91,0,0,0,60.0154,219.242,0.08536,1,0,0,0,0,0.007083,0.000414,0.000778,0.000249,0.001165,0.000108,0.000730,0.000203,0.000879,0.000218,0.000878,0.000166,0.000389,0.000238,0.000564,-166.91,-164.84,-109.02,-125.70,-33.32,-101.15,55.69,-56.51,103.60,-65.17,168.40,-2.18,-98.83,55.01,-28.89,218.5814,5.0475,4.9419,3.7745,14.3265,2.2347,1.0397,0.7752,3.6187,0.5879,6.0842,0.7942,2.0698,0.6757,4.0841
2026-08-06 10:53:01.220,13.483333,45,29,0.007489,-1.5368,166.23,0,0,0,60.0154,219.242,0.08536,1,0,0,0,0,0.007195,0.000211,0.000804,0.000144,0.001183,0.000041,0.000618,0.000019,0.000670,0.000084,0.000722,0.000058,0.000311,0.000053,0.000652,-166.23,178.49,-115.59,-131.23,-38.85,51.10,51.78,178.09,95.15,93.38,177.69,151.37,-66.44,-163.16,-3.61,218.5814,5.0475,4.9419,3.7745,14.3265,2.2347,1.0397,0.7752,3.6187,0.5879,6.0842,0.7942,2.0698,0.6757,4.0841
2026-08-06 10:53:01.439,13.500000,46,0,0.007801,-1.3499,147.46,0,0,0,60.0154,219.192,0.08541,1,0,0,0,0,0.007257,0.001238,0.000919,0.000367,0.001430,0.000321,0.000463,0.000305,0.000779,0.000132,0.001017,0.000375,0.000335,0.000366,0.000658,-147.46,48.77,-141.78,156.51,-61.39,27.83,49.58,48.81,118.03,51.99,-172.52,-5.52,-130.72,-44.84,37.98,218.5306,4.9990,4.9152,3.7968,14.3224,2.2415,1.0853,0.7815,3.6255,0.6237,6.1205,0.8194,2.0557,0.6706,4.1172
2026-08-06 10:53:01.439,13.516667,46,1,0.009276,-1.7937,162.28,0,0,0,60.0154,219.192,0.08541,1,0,0,0,0,0.008623,0.001480,0.001726,0.000853,0.001409,0.000258,0.000710,0.000264,0.000605,0.000094,0.000729,0.000272,0.000479,0.000149,0.000776,-162.28,-107.18,-86.50,-36.85,-39.68,93.59,21.63,-24.32,69.84,-26.97,163.80,60.42,-52.39,80.91,-11.25,218.5306,4.9990,4.9152,3.7968,14.3224,2.2415,1.0853,0.7815,3.6255,0.6237,6.1205,0.8194,2.0557,0.6706,4.1172
2026-08-06 10:53:01.439,13.533333,46,2,0.007550,-1.5446,165.82,0,0,0,60.0154,219.192,0.08541,1,0,0,0,0,0.007243,0.000262,0.000890,0.000161,0.001191,0.000044,0.000640,0.000044,0.000664,0.000029,0.000689,0.000063,0.000322,0.000068,0.000680,-165.82,-162.06,-115.48,-114.37,-40.55,74.17,49.30,-25.86,101.07,106.42,174.10,124.11,-71.59,-173.27,-1.49,218.5306,4.9990,4.9152,3.7968,14.3224,2.2415,1.0853,0.7815,3.6255,0.6237,6.1205,0.8194,2.0557,0.6706,4.1172
2026-08-06 10:53:01.439,13.550000,46,3,0.007501,-1.5314,166.13,0,0,0,60.0154,219.192,0.08541,1,0,0,0,0,0.007166,0.000203,0.000967,0.000229,0.001200,0.000028,0.000665,0.000089,0.000732,0.000047,0.000675,0.000032,0.000367,0.000105,0.000619,-166.13,-169.66,-119.84,-116.87,-41.67,14.49,51.42,137.39,100.98,-107.87,177.15,107.45,-59.13,149.82,-2.07,218.5306,4.9990,4.9152,3.7968,14.3224,2.2415,1.0853,0.7815,3.6255,0.6237,6.1205,0.8194,2.0557,0.6706,4.1172
2026-08-06 10:53:01.439,13.566667,46,4,0.007587,-1.5514,166.04,0,0,0,60.0154,219.192,0.08541,1,0,0,0,0,0.007270,0.000273,0.000923,0.000175,0.001204,0.000065,0.000635,0.000073,0.000692,0.000096,0.000637,0.000137,0.000420,0.000065,0.000613,-166.04,-167.39,-116.07,-119.93,-41.13,129.75,52.55,145.38,104.18,-141.53,175.66,-147.02,-79.43,-145.86,-4.55,218.5306,4.9990,4.9152,3.7968,14.3224,2.2415,1.0853,0.7815,3.6255,0.6237,6.1205,0.8194,2.0557,0.6706,4.1172
2026-08-06 10:53:01.439,13.583333,46,5,0.008145,-1.6574,170.14,0,0,0,60.0154,219.192,0.08541,1,0,0,0,0,0.007725,0.000756,0.000296,0.000561,0.001740,0.000550,0.000659,0.000347,0.000403,0.000130,0.000604,0.000047,0.000538,0.000256,0.000537,-170.14,119.67,-125.20,30.54,-25.61,-30.54,5.68,-75.75,114.82,-158.79,179.71,-103.39,-74.47,-115.95,-15.54,218.5306,4.9990,4.9152,3.7968,14.3224,2.2415,1.0853,0.7815,3.6255,0.6237,6.1205,0.8194,2.0557,0.6706,4.1172
2026-08-06 10:53:01.439,13.600000,46,6,0.007511,-1.5339,166.09,0,0,0,60.0154,219.192,0.08541,1,0,0,0,0,0.007180,0.000227,0.000949,0.000160,0.001205,0.000058,0.000652,0.000063,0.000657,0.000055,0.000722,0.000014,0.000345,0.000103,0.000643,-166.09,-168.45,-116.46,-97.09,-42.12,167.85,48.32,-75.41,102.41,-138.59,174.10,45.52,-77.26,-154.94,-4.36,218.5306,4.9990,4.9152,3.7968,14.3224,2.2415,1.0853,0.7815,3.6255,0.6237,6.1205,0.8194,2.0557,0.6706,4.1172
2026-08-06 10:53:01.439,13.616667,46,7,0.007593,-1.5453,165.46,0,0,0,60.0154,219.192,0.08541,1,0,0,0,0,0.007261,0.000304,0.000939,0.000186,0.001260,0.000067,0.000598,0.000060,0.000677,0.000069,0.000633,0.000028,0.000322,0.000122,0.000661,-165.46,-162.52,-114.92,-109.78,-39.45,-34.47,43.05,21.24,92.32,24.18,174.24,38.97,-65.78,115.35,10.18,218.5306,4.9990,4.9152,3.7968,14.3224,2.2415,1.0853,0.7815,3.6255,0.6237,6.1205,0.8194,2.0557,0.6706,4.1172
2026-08-06 10:53:01.439,13.633333,46,8,0.008010,-1.6355,167.17,0,0,0,60.0154,219.192,0.08541,1,0,0,0,0,0.007626,0.000592,0.000957,0.000358,0.000910,0.000401,0.000950,0.000389,0.000931,0.000327,0.000513,0.000195,0.000410,0.000184,0.000771,-167.17,158.25,-144.81,146.68,-27.11,104.30,61.34,63.19,81.51,51.80,152.48,37.74,-43.11,-16.74,-4.40,218.5306,4.9990,4.9152,3.7968,14.3224,2.2415,1.0853,0.7815,3.6255,0.6237,6.1205,0.8194,2.0557,0.6706,4.1172
2026-08-06 10:53:01.439,13.650000,46,9,0.007506,-1.5340,165.98,0,0,0,60.0154,219.192,0.08541,1,0,0,0,0,0.007192,0.000249,0.000905,0.000119,0.001225,0.000038,0.000623,0.000023,0.000589,0.000103,0.000692,0.000072,0.000362,0.000082,0.000676,-165.98,-166.37,-116.18,-110.83,-40.55,69.62,46.92,17.63,99.15,121.00,-179.17,135.95,-69.38,153.07,-5.59,218.5306,4.9990,4.9152,3.7968,14.3224,2.2415,1.0853,0.7815,3.6255,0.6237,6.1205,0.8194,2.0557,0.6706,4.1172
2026-08-06 10:53:01.439,13.666667,46,10,0.007715,-1.4779,159.90,0,0,0,60.0154,219.192,0.08541,1,0,0,0,0,0.007177,0.000522,0.001016,0.000836,0.001758,0.000583,0.000298,0.000302,0.000934,0.000162,0.000666,0.000185,0.000618,0.000232,0.000296,-159.90,37.55,-159.74,-114.58,-30.12,92.23,89.28,-35.14,89.10,175.62,178.98,170.51,-66.43,80.07,0.54,218.5306,4.9990,4.9152,3.7968,14.3224,2.2415,1.0853,0.7815,3.6255,0.6237,6.1205,0.8194,2.0557,0.6706,4.1172
2026-08-06 10:53:01.439,13.683333,46,11,0.007609,-1.5538,165.79,0,0,0,60.0154,219.192,0.08541,1,0,0,0,0,0.007290,0.000209,0.000943,0.000093,0.001231,0.000036,0.000579,0.000098,0.000671,0.000077,0.000680,0.000150,0.000352,0.000083,0.000675,-165.79,-169.09,-116.99,-117.56,-38.47,-35.17,48.85,73.02,97.07,97.99,175.47,155.56,-71.56,155.51,-1.73,218.5306,4.9990,4.9152,3.7968,14.3224,2.2415,1.0853,0.7815,3.6255,0.6237,6.1205,0.8194,2.0557,0.6706,4.1172
2026-08-06 10:53:01.439,13.700000,46,12,0.007594,-1.5516,165.70,0,0,0,60.0154,219.192,0.08541,1,0,0,0,0,0.007272,0.000240,0.000924,0.000117,0.001216,0.000074,0.000645,0.000024,0.000665,0.000081,0.000703,0.000056,0.000282,0.000010,0.000687,-165.70,-175.73,-114.99,-99.43,-43.50,80.86,44.80,-100.06,100.08,111.78,172.78,120.97,-78.03,86.83,-1.43,218.5306,4.9990,4.9152,3.7968,14.3224,2.2415,1.0853,0.7815,3.6255,0.6237,6.1205,0.8194,2.0557,0.6706,4.1172
2026-08-06 10:53:01.439,13.716667,46,13,0.007488,-1.5299,166.11,0,0,0,60.0154,219.192,0.08541,1,0,0,0,0,0.007165,0.000181,0.000991,0.000140,0.001193,0.000018,0.000587,0.000097,0.000668,0.000037,0.000705,0.000048,0.000407,0.000044,0.000677,-166.11,-160.11,-115.40,-127.35,-41.02,162.73,50.31,130.23,101.06,130.16,175.58,106.41,-71.09,-87.59,-0.50,218.5306,4.9990,4.9152,3.7968,14.3224,2.2415,1.0853,0.7815,3.6255,0.6237,6.1205,0.8194,2.0557,0.6706,4.1172
2026-08-06 10:53:01.439,13.733333,46,14,0.007638,-1.5621,167.39,0,0,0,60.0154,219.192,0.08541,1,0,0,0,0,0.007278,0.000154,0.000920,0.000123,0.001201,0.000109,0.000677,0.000129,0.000591,0.000212,0.000906,0.000307,0.000247,0.000127,0.000684,-167.39,153.61,-108.74,-101.11,-42.15,101.22,43.66,34.85,91.20,-135.93,179.11,133.24,-26.35,-27.54,-18.94,218.5306,4.9990,4.9152,3.7968,14.3224,2.2415,1.0853,0.7815,3.6255,0.6237,6.1205,0.8194,2.0557,0.6706,4.1172
2026-08-06 10:53:01.439,13.750000,46,15,0.007517,-1.5324,165.69,0,0,0,60.0154,219.192,0.08541,1,0,0,0,0,0.007190,0.000257,0.000915,0.000180,0.001182,0.000065,0.000681,0.000014,0.000649,0.000085,0.000682,0.000101,0.000367,0.000073,0.000682,-165.69,179.95,-113.19,-108.43,-41.05,102.79,46.66,-106.57,98.43,117.91,176.42,124.85,-79.84,-174.05,-3.11,218.5306,4.9990,4.9152,3.7968,14.3224,2.2415,1.0853,0.7815,3.6255,0.6237,6.1205,0.8194,2.0557,0.6706,4.1172
2026-08-06 10:53:01.439,13.766667,46,16,0.007614,-1.5443,167.03,0,0,0,60.0154,219.192,0.08541,1,0,0,0,0,0.007231,0.000043,0.001172,0.000390,0.000859,0.000372,0.000797,0.000347,0.000817,0.000316,0.000458,0.000288,0.000472,0.000304,0.000884,-167.03,-53.71,-108.56,-145.78,-36.33,48.04,26.33,-113.29,119.62,89.40,174.14,-85.99,-111.61,132.08,15.34,218.5306,4.9990,4.9152,3.7968,14.3224,2.2415,1.0853,0.7815,3.6255,0.6237,6.1205,0.8194,2.0557,0.6706,4.1172
2026-08-06 10:53:01.439,13.783333,46,17,0.007617,-1.5589,166.49,0,0,0,60.0154,219.192,0.08541,1,0,0,0,0,0.007291,0.000156,0.000884,0.000128,0.001278,0.000127,0.000593,0.000088,0.000713,0.000080,0.000711,0.000121,0.000389,0.000124,0.000617,-166.49,-177.36,-116.21,-137.22,-40.62,92.85,52.67,80.72,97.70,162.69,178.55,-177.21,-76.57,165.50,-0.20,218.5306,4.9990,4.9152,3.7968,14.3224,2.2415,1.0853,0.7815,3.6255,0.6237,6.1205,0.8194,2.0557,0.6706,4.1172
2026-08-06 10:53:01.439,13.800000,46,18,0.007561,-1.5397,165.35,0,0,0,60.0154,219.192,0.08541,1,0,0,0,0,0.007234,0.000258,0.000907,0.000120,0.001204,0.000033,0.000683,0.000003,0.000680,0.000031,0.000704,0.000118,0.000326,0.000016,0.000640,-165.35,-173.32,-116.06,-107.38,-38.94,172.20,47.06,30.41,96.68,106.01,174.18,156.07,-77.60,91.02,-3.99,218.5306,4.9990,4.9152,3.7968,14.3224,2.2415,1.0853,0.7815,3.6255,0.6237,6.1205,0.8194,2.0557,0.6706,4.1172
2026-08-06 10:53:01.439,13.816667,46,19,0.007533,-1.5388,166.23,0,0,0,60.0154,219.192,0.08541,1,0,0,0,0,0.007205,0.000200,0.000925,0.000159,0.001235,0.000032,0.000655,0.000033,0.000660,0.000059,0.000745,0.000093,0.000360,0.000044,0.000634,-166.23,-179.67,-114.63,-124.45,-38.73,-9.42,48.95,129.14,100.76,85.63,177.69,121.33,-69.40,154.29,-5.61,218.5306,4.9990,4.9152,3.7968,14.3224,2.2415,1.0853,0.7815,3.6255,0.6237,6.1205,0.8194,2.0557,0.6706,4.1172
2026-08-06 10:53:01.439,13.833333,46,20,0.007545,-1.5103,170.07,0,0,0,60.0154,219.192,0.08541,1,0,0,0,0,0.006994,0.000373,0.001401,0.000440,0.001511,0.000456,0.000538,0.000506,0.000600,0.000396,0.001006,0.000146,0.000485,0.000169,0.000627,-170.07,-47.49,-122.71,140.55,-24.04,-86.78,106.19,75.87,60.97,-119.96,167.85,68.79,-74.65,-148.46,-8.23,218.5306,4.9990,4.9152,3.7968,14.3224,2.2415,1.0853,0.7815,3.6255,0.6237,6.1205,0.8194,2.0557,0.6706,4.1172
2026-08-06 10:53:01.439,13.850000,46,21,0.007528,-1.5398,166.01,0,0,0,60.0154,219.192,0.08541,1,0,0,0,0,0.007214,0.000197,0.000907,0.000076,0.001182,0.000057,0.000639,0.000065,0.000631,0.000102,0.000679,0.000145,0.000371,0.000085,0.000631,-166.01,-175.78,-114.66,-114.85,-40.66,105.29,47.10,69.36,101.40,101.73,175.76,154.16,-65.19,162.42,-0.79,218.5306,4.9990,4.9152,3.7968,14.3224,2.2415,1.0853,0.7815,3.6255,0.6237,6.1205,0.8194,2.0557,0.6706,4.1172
2026-08-06 10:53:01.439,13.866667,46,22,0.007526,-1.5398,165.94,0,0,0,60.0154,219.192,0.08541,1,0,0,0,0,0.007212,0.000315,0.000827,0.000166,0.001232,0.000044,0.000725,0.000024,0.000592,0.000069,0.000698,0.000049,0.000366,0.000104,0.000635,-165.94,-175.00,-115.66,-76.49,-43.57,169.25,50.73,-32.97,99.11,115.15,175.81,59.27,-83.13,166.41,0.65,218.5306,4.9990,4.9152,3.7968,14.3224,2.2415,1.0853,0.7815,3.6255,0.6237,6.1205,0.8194,2.0557,0.6706,4.1172
2026-08-06 10:53:01.439,13.883333,46,23,0.008237,-1.6330,160.21,0,0,0,60.0154,219.192,0.08541,1,0,0,0,0,0.007940,0.000852,0.000713,0.000459,0.000803,0.000170,0.000769,0.000370,0.000628,0.000541,0.000250,0.000392,0.000211,0.000149,0.000600,-160.21,-61.70,-61.55,89.08,-45.46,-121.92,48.56,148.86,137.90,-70.24,150.17,80.08,-112.24,-125.43,-3.67,218.5306,4.9990,4.9152,3.7968,14.3224,2.2415,1.0853,0.7815,3.6255,0.6237,6.1205,0.8194,2.0557,0.6706,4.1172
2026-08-06 10:53:01.439,13.900000,46,24,0.007594,-1.5515,166.15,0,0,0,60.0154,219.192,0.08541,1,0,0,0,0,0.007267,0.000224,0.000951,0.000100,0.001241,0.000091,0.000638,0.000089,0.000655,0.000073,0.000706,0.000089,0.000393,0.000031,0.000592,-166.15,176.92,-114.92,-123.23,-38.62,85.37,43.95,77.80,99.16,172.38,175.07,-170.80,-81.89,177.93,-4.32,218.5306,4.9990,4.9152,3.7968,14.3224,2.2415,1.0853,0.7815,3.6255,0.6237,6.1205,0.8194,2.0557,0.6706,4.1172
2026-08-06 10:53:01.439,13.916667,46,25,0.007583,-1.5504,166.04,0,0,0,60.0154,219.192,0.08541,1,0,0,0,0,0.007264,0.000203,0.000930,0.000149,0.001221,0.000057,0.000654,0.000052,0.000688,0.000021,0.000669,0.000052,0.000328,0.000013,0.000655,-166.04,171.09,-115.39,-117.87,-39.94,97.42,49.29,179.11,97.71,160.01,171.38,120.26,-76.08,36.12,-2.15,218.5306,4.9990,4.9152,3.7968,14.3224,2.2415,1.0853,0.7815,3.6255,0.6237,6.1205,0.8194,2.0557,0.6706,4.1172
2026-08-06 10:53:01.439,13.933333,46,26,0.007653,-1.5135,162.73,0,0,0,60.0154,219.192,0.08541,1,0,0,0,0,0.007206,0.000344,0.001271,0.000402,0.001046,0.000302,0.000273,0.000416,0.000626,0.000399,0.000782,0.000323,0.000198,0.000532,0.001012,-162.73,-169.01,-91.33,59.03,-43.28,95.16,108.06,-63.53,101.59,-21.69,135.79,173.10,-48.57,-141.14,-12.60,218.5306,4.9990,4.9152,3.7968,14.3224,2.2415,1.0853,0.7815,3.6255,0.6237,6.1205,0.8194,2.0557,0.6706,4.1172
2026-08-06 10:53:01.439,13.950000,46,27,0.007564,-1.5463,165.96,0,0,0,60.0154,219.192,0.08541,1,0,0,0,0,0.007243,0.000222,0.000913,0.000130,0.001172,0.000051,0.000630,0.000037,0.000699,0.000033,0.000755,0.000027,0.000348,0.000084,0.000676,-165.96,-169.09,-114.97,-114.32,-40.78,50.39,49.00,55.56,93.82,157.36,173.30,-88.60,-78.75,-178.24,-0.92,218.5306,4.9990,4.9152,3.7968,14.3224,2.2415,1.0853,0.7815,3.6255,0.6237,6.1205,0.8194,2.0557,0.6706,4.1172
2026-08-06 10:53:01.439,13.966667,46,28,0.007613,-1.5523,165.98,0,0,0,60.0154,219.192,0.08541,1,0,0,0,0,0.007275,0.000194,0.000920,0.000065,0.001279,0.000082,0.000706,0.000059,0.000746,0.000038,0.000765,0.000041,0.000314,0.000057,0.000599,-165.98,168.18,-115.23,-143.28,-39.23,158.47,45.44,-122.27,95.61,-61.10,174.26,115.50,-76.88,51.82,-3.36,218.5306,4.9990,4.9152,3.7968,14.3224,2.2415,1.0853,0.7815,3.6255,0.6237,6.1205,0.8194,2.0557,0.6706,4.1172
2026-08-06 10:53:01.439,13.983333,46,29,0.007528,-1.5393,165.81,0,0,0,60.0154,219.192,0.08541,1,0,0,0,0,0.007222,0.000210,0.000864,0.000115,0.001205,0.000087,0.000609,0.000031,0.000577,0.000100,0.000722,0.000089,0.000366,0.000039,0.000690,-165.81,-179.34,-117.79,-134.49,-38.88,64.51,49.48,-144.03,98.28,119.99,179.26,127.51,-65.30,147.63,-1.90,218.5306,4.9990,4.9152,3.7968,14.3224,2.2415,1.0853,0.7815,3.6255,0.6237,6.1205,0.8194,2.0557,0.6706,4.1172
2026-08-06 10:53:02.101,14.000000,47,0,0.007571,-1.5183,168.31,0,0,0,60.0154,219.213,0.08535,1,0,0,0,0,0.007056,0.000299,0.001298,0.000218,0.001514,0.000081,0.000717,0.000140,0.000737,0.000068,0.000824,0.000234,0.000301,0.000302,0.000437,-168.31,-79.16,-121.26,104.00,-38.36,-126.25,60.68,56.74,97.42,102.97,-170.99,157.73,-46.56,-63.72,-17.05,218.5516,4.9973,4.9356,3.7877,14.3321,2.2281,1.0430,0.7764,3.5998,0.5569,6.1013,0.8078,2.0795,0.7050,4.0801
2026-08-06 10:53:02.101,14.016667,47,1,0.007704,-1.5513,165.27,0,0,0,60.0154,219.213,0.08535,1,0,0,0,0,0.007295,0.000293,0.001141,0.000163,0.001233,0.000262,0.000839,0.000055,0.000780,0.000300,0.000789,0.000175,0.000429,0.000129,0.000561,-165.27,-176.15,-113.84,-59.99,-39.51,-32.33,49.85,70.76,83.48,125.47,173.40,132.37,-108.29,-78.23,1.57,218.5516,4.9973,4.9356,3.7877,14.3321,2.2281,1.0430,0.7764,3.5998,0.5569,6.1013,0.8078,2.0795,0.7050,4.0801
2026-08-06 10:53:02.101,14.033333,47,2,0.007636,-1.5307,173.40,0,0,0,60.0154,219.213,0.08535,1,0,0,0,0,0.007041,0.000522,0.001394,0.000341,0.001547,0.000401,0.000431,0.000286,0.000962,0.000423,0.000461,0.000130,0.000515,0.000284,0.000528,-173.40,-19.07,-115.43,151.59,-31.88,-99.71,65.71,168.14,94.54,45.78,-161.44,-125.55,-79.87,-179.50,16.32,218.5516,4.9973,4.9356,3.7877,14.3321,2.2281,1.0430,0.7764,3.5998,0.5569,6.1013,0.8078,2.0795,0.7050,4.0801
2026-08-06 10:53:02.101,14.050000,47,3,0.007544,-1.5436,166.15,0,0,0,60.0154,219.213,0.08535,1,0,0,0,0,0.007230,0.000230,0.000957,0.000109,0.001193,0.000020,0.000576,0.000069,0.000640,0.000024,0.000688,0.000066,0.000369,0.000041,0.000623,-166.15,-169.82,-115.13,-138.98,-40.48,-164.15,45.25,86.23,93.60,-94.92,176.48,103.10,-79.63,167.43,-1.12,218.5516,4.9973,4.9356,3.7877,14.3321,2.2281,1.0430,0.7764,3.5998,0.5569,6.1013,0.8078,2.0795,0.7050,4.0801
2026-08-06 10:53:02.101,14.066667,47,4,0.007496,-1.4922,163.88,0,0,0,60.0154,219.213,0.08535,1,0,0,0,0,0.007034,0.000398,0.001314,0.000255,0.001237,0.000329,0.000602,0.000226,0.000975,0.000303,0.000527,0.000342,0.000530,0.000236,0.000619,-163.88,143.30,-112.72,64.35,-57.33,11.41,73.09,-48.45,96.29,-128.69,146.90,-162.19,-46.50,115.31,-15.87,218.5516,4.9973,4.9356,3.7877,14.3321,2.2281,1.0430,0.7764,3.5998,0.5569,6.1013,0.8078,2.0795,0.7050,4.0801
2026-08-06 10:53:02.101,14.083333,47,5,0.007585,-1.5516,166.20,0,0,0,60.0154,219.213,0.08535,1,0,0,0,0,0.007260,0.000264,0.000951,0.000190,0.001269,0.000063,0.000597,0.000050,0.000618,0.000080,0.000681,0.000127,0.000342,0.000099,0.000626,-166.20,-173.57,-116.50,-118.16,-42.35,70.59,44.55,19.45,96.13,91.67,178.87,88.57,-83.28,150.75,1.49,218.5516,4.9973,4.9356,3.7877,14.3321,2.2281,1.0430,0.7764,3.5998,0.5569,6.1013,0.8078,2.0795,0.7050,4.0801
2026-08-06 10:53:02.101,14.100000,47,6,0.007505,-1.5390,166.15,0,0,0,60.0154,219.213,0.08535,1,0,0,0,0,0.007204,0.000251,0.000915,0.000138,0.001159,0.000023,0.000608,0.000069,0.000625,0.000041,0.000672,0.000043,0.000393,0.000020,0.000618,-166.15,-173.91,-117.59,-99.68,-41.08,53.21,46.09,136.72,98.98,98.97,-178.75,163.71,-74.42,-77.60,-3.66,218.5516,4.9973,4.9356,3.7877,14.3321,2.2281,1.0430,0.7764,3.5998,0.5569,6.1013,0.8078,2.0795,0.7050,4.0801
2026-08-06 10:53:02.101,14.116667,47,7,0.007536,-1.5380,165.87,0,0,0,60.0154,219.213,0.08535,1,0,0,0,0,0.007210,0.000157,0.000913,0.000097,0.001205,0.000076,0.000629,0.000054,0.000675,0.000071,0.000779,0.000112,0.000373,0.000063,0.000646,-165.87,-171.43,-118.65,-117.94,-39.45,67.08,47.92,93.32,94.71,111.65,175.71,160.86,-79.02,-171.96,-4.45,218.5516,4.9973,4.9356,3.7877,14.3321,2.2281,1.0430,0.7764,3.5998,0.5569,6.1013,0.8078,2.0795,0.7050,4.0801
2026-08-06 10:53:02.101,14.133333,47,8,0.008174,-1.5910,158.78,0,0,0,60.0154,219.213,0.08535,1,0,0,0,0,0.007740,0.000800,0.000096,0.000671,0.001226,0.000315,0.000826,0.000142,0.000557,0.000496,0.001226,0.000427,0.000596,0.000177,0.000601,-158.78,-26.05,-61.12,143.59,-63.24,-53.54,49.71,-132.04,64.55,72.88,167.95,-117.76,-50.35,95.73,4.28,218.5516,4.9973,4.9356,3.7877,14.3321,2.2281,1.0430,0.7764,3.5998,0.5569,6.1013,0.8078,2.0795,0.7050,4.0801
2026-08-06 10:53:02.101,14.150000,47,9,0.007462,-1.5357,166.69,0,0,0,60.0154,219.213,0.08535,1,0,0,0,0,0.007171,0.000218,0.000846,0.000126,0.001133,0.000020,0.000610,0.000038,0.000650,0.000049,0.000721,0.000033,0.000284,0.000094,0.000664,-166.69,179.05,-116.30,-111.48,-40.68,68.82,51.35,-151.26,95.13,151.89,176.47,147.96,-75.50,-125.02,-5.89,218.5516,4.9973,4.9356,3.7877,14.3321,2.2281,1.0430,0.7764,3.5998,0.5569,6.1013,0.8078,2.0795,0.7050,4.0801
2026-08-06 10:53:02.101,14.166667,47,10,0.007527,-1.5469,166.68,0,0,0,60.0154,219.213,0.08535,1,0,0,0,0,0.007232,0.000308,0.000951,0.000069,0.001080,0.000027,0.000680,0.000145,0.000655,0.000048,0.000619,0.000108,0.000390,0.000017,0.000553,-166.68,-170.50,-112.61,-67.34,-40.46,179.29,41.79,80.36,103.51,-57.17,171.12,171.54,-73.73,-144.99,2.65,218.5516,4.9973,4.9356,3.7877,14.3321,2.2281,1.0430,0.7764,3.5998,0.5569,6.1013,0.8078,2.0795,0.7050,4.0801
2026-08-06 10:53:02.101,14.183333,47,11,0.007361,-1.4855,166.59,0,0,0,60.0154,219.213,0.08535,1,0,0,0,0,0.006946,0.000423,0.000639,0.000361,0.001020,0.000306,0.000626,0.000383,0.000706,0.000358,0.000935,0.000414,0.000733,0.000326,0.000956,-166.59,-151.27,-121.06,-106.64,-29.88,-55.34,70.77,-3.79,122.29,43.84,-166.34,103.45,-71.98,140.76,-6.38,218.5516,4.9973,4.9356,3.7877,14.3321,2.2281,1.0430,0.7764,3.5998,0.5569,6.1013,0.8078,2.0795,0.7050,4.0801
2026-08-06 10:53:02.101,14.200000,47,12,0.007582,-1.5472,165.61,0,0,0,60.0154,219.213,0.08535,1,0,0,0,0,0.007261,0.000269,0.000968,0.000245,0.001247,0.000017,0.000624,0.000061,0.000623,0.000083,0.000665,0.000116,0.000364,0.000077,0.000635,-165.61,-169.24,-116.31,-106.86,-40.46,-53.68,44.18,15.65,97.55,60.94,174.55,139.90,-73.21,159.67,-5.72,218.5516,4.9973,4.9356,3.7877,14.3321,2.2281,1.0430,0.7764,3.5998,0.5569,6.1013,0.8078,2.0795,0.7050,4.0801
2026-08-06 10:53:02.101,14.216667,47,13,0.007521,-1.5406,166.40,0,0,0,60.0154,219.213,0.08535,1,0,0,0,0,0.007205,0.000246,0.000894,0.000142,0.001197,0.000041,0.000638,0.000049,0.000662,0.000043,0.000687,0.000009,0.000390,0.000045,0.000627,-166.40,-170.29,-117.94,-103.08,-41.69,59.11,49.48,144.97,99.97,-8.16,174.93,151.69,-68.62,-147.33,-3.67,218.5516,4.9973,4.9356,3.7877,14.3321,2.2281,1.0430,0.7764,3.5998,0.5569,6.1013,0.8078,2.0795,0.7050,4.0801
2026-08-06 10:53:02.101,14.233333,47,14,0.008174,-1.6124,164.08,0,0,0,60.0154,219.213,0.08535,1,0,0,0,0,0.007691,0.000727,0.001222,0.000476,0.001486,0.000463,0.000842,0.000316,0.000649,0.000237,0.000585,0.000211,0.000346,0.000321,0.000452,-164.08,-118.15,-94.07,-31.53,-24.25,69.40,67.81,136.44,128.94,-116.82,-156.15,4.20,-31.55,101.34,9.70,218.5516,4.9973,4.9356,3.7877,14.3321,2.2281,1.0430,0.7764,3.5998,0.5569,6.1013,0.8078,2.0795,0.7050,4.0801
2026-08-06 10:53:02.101,14.250000,47,15,0.007512,-1.5384,165.98,0,0,0,60.0154,219.213,0.08535,1,0,0,0,0,0.007209,0.000269,0.000896,0.000177,0.001150,0.000048,0.000625,0.000044,0.000609,0.000060,0.000680,0.000025,0.000391,0.000081,0.000624,-165.98,-159.83,-119.29,-119.64,-40.57,60.94,51.55,-6.20,89.39,34.32,178.02,79.33,-78.01,-177.56,2.67,218.5516,4.9973,4.9356,3.7877,14.3321,2.2281,1.0430,0.7764,3.5998,0.5569,6.1013,0.8078,2.0795,0.7050,4.0801
2026-08-06 10:53:02.101,14.266667,47,16,0.007545,-1.5430,166.50,0,0,0,60.0154,219.213,0.08535,1,0,0,0,0,0.007213,0.000219,0.000969,0.000175,0.001256,0.000063,0.000658,0.000083,0.000636,0.000047,0.000728,0.000040,0.000273,0.000070,0.000556,-166.50,159.22,-122.15,-129.02,-40.15,-13.83,51.28,131.83,102.90,167.37,175.91,48.75,-69.37,144.44,-6.24,218.5516,4.9973,4.9356,3.7877,14.3321,2.2281,1.0430,0.7764,3.5998,0.5569,6.1013,0.8078,2.0795,0.7050,4.0801
2026-08-06 10:53:02.101,14.283333,47,17,0.007530,-1.5438,166.53,0,0,0,60.0154,219.213,0.08535,1,0,0,0,0,0.007226,0.000270,0.000919,0.000142,0.001198,0.000018,0.000529,0.000087,0.000613,0.000113,0.000555,0.000134,0.000192,0.000280,0.000442,-166.53,-155.75,-115.58,-111.64,-41.36,-147.06,42.78,19.17,84.51,-8.53,168.62,65.40,-68.41,134.06,15.83,218.5516,4.9973,4.9356,3.7877,14.3321,2.2281,1.0430,0.7764,3.5998,0.5569,6.1013,0.8078,2.0795,0.7050,4.0801
2026-08-06 10:53:02.101,14.300000,47,18,0.007598,-1.5486,165.58,0,0,0,60.0154,219.213,0.08535,1,0,0,0,0,0.007268,0.000202,0.000927,0.000118,0.001218,0.000099,0.000580,0.000021,0.000635,0.000161,0.000686,0.000122,0.000342,0.000061,0.000752,-165.58,-156.05,-115.92,-95.11,-43.30,156.89,46.94,-25.99,98.49,128.84,168.41,102.58,-68.34,69.84,3.59,218.5516,4.9973,4.9356,3.7877,14.3321,2.2281,1.0430,0.7764,3.5998,0.5569,6.1013,0.8078,2.0795,0.7050,4.0801
2026-08-06 10:53:02.101,14.316667,47,19,0.007804,-1.5760,165.82,0,0,0,60.0154,219.213,0.08535,1,0,0,0,0,0.007402,0.000298,0.001098,0.000225,0.001362,0.000128,0.000701,0.000046,0.000612,0.000005,0.000683,0.000097,0.000446,0.000136,0.000676,-165.82,-160.06,-113.67,-100.50,-38.99,1.17,48.39,132.46,98.08,87.42,-175.66,9.64,-46.39,49.50,8.09,218.5516,4.9973,4.9356,3.7877,14.3321,2.2281,1.0430,0.7764,3.5998,0.5569,6.1013,0.8078,2.0795,0.7050,4.0801
2026-08-06 10:53:02.101,14.333333,47,20,0.007667,-1.5641,165.60,0,0,0,60.0154,219.213,0.08535,1,0,0,0,0,0.007345,0.000239,0.000808,0.000062,0.001045,0.000168,0.000561,0.000113,0.000767,0.000097,0.000794,0.000132,0.000566,0.000020,0.000773,-165.60,-141.82,-120.61,35.05,-38.85,151.75,36.19,18.82,87.24,76.97,166.80,-140.01,-78.46,42.62,5.74,218.5516,4.9973,4.9356,3.7877,14.3321,2.2281,1.0430,0.7764,3.5998,0.5569,6.1013,0.8078,2.0795,0.7050,4.0801
2026-08-06 10:53:02.101,14.350000,47,21,0.007316,-1.4282,163.34,0,0,0,60.0154,219.213,0.08535,1,0,0,0,0,0.006763,0.000840,0.001156,0.000379,0.001564,0.000243,0.000607,0.000099,0.000621,0.000287,0.000425,0.000337,0.000642,0.000322,0.000607,-163.34,160.19,-91.66,142.42,-45.54,104.22,34.44,143.55,85.06,159.18,-169.21,139.22,-70.50,87.58,-30.85,218.5516,4.9973,4.9356,3.7877,14.3321,2.2281,1.0430,0.7764,3.5998,0.5569,6.1013,0.8078,2.0795,0.7050,4.0801
2026-08-06 10:53:02.101,14.366667,47,22,0.007587,-1.5544,166.47,0,0,0,60.0154,219.213,0.08535,1,0,0,0,0,0.007275,0.000220,0.000850,0.000116,0.001246,0.000099,0.000624,0.000013,0.000648,0.000046,0.000701,0.000075,0.000356,0.000055,0.000672,-166.47,-170.55,-115.53,-117.97,-38.93,29.99,43.77,63.07,92.04,128.23,174.66,143.96,-66.48,-175.96,-2.79,218.5516,4.9973,4.9356,3.7877,14.3321,2.2281,1.0430,0.7764,3.5998,0.5569,6.1013,0.8078,2.0795,0.7050,4.0801
2026-08-06 10:53:02.101,14.383333,47,23,0.007552,-1.5463,166.55,0,0,0,60.0154,219.213,0.08535,1,0,0,0,0,0.007233,0.000212,0.000937,0.000141,0.001241,0.000090,0.000586,0.000023,0.000648,0.000058,0.000732,0.000004,0.000419,0.000081,0.000655,-166.55,-148.13,-114.55,-125.10,-38.76,-22.78,45.76,3.92,96.54,-54.62,174.88,-172.34,-66.17,-133.63,-6.16,218.5516,4.9973,4.9356,3.7877,14.3321,2.2281,1.0430,0.7764,3.5998,0.5569,6.1013,0.8078,2.0795,0.7050,4.0801
2026-08-06 10:53:02.101,14.400000,47,24,0.007557,-1.5455,165.83,0,0,0,60.0154,219.213,0.08535,1,0,0,0,0,0.007250,0.000180,0.000894,0.000082,0.001201,0.000075,0.000603,0.000091,0.000620,0.000103,0.000687,0.000098,0.000432,0.000116,0.000657,-165.83,176.03,-116.50,-143.44,-39.94,110.98,49.65,70.74,99.49,103.15,176.73,163.27,-76.15,132.45,-5.29,218.5516,4.9973,4.9356,3.7877,14.3321,2.2281,1.0430,0.7764,3.5998,0.5569,6.1013,0.8078,2.0795,0.7050,4.0801
2026-08-06 10:53:02.101,14.416667,47,25,0.008088,-1.4669,150.18,0,0,0,60.0154,219.213,0.08535,1,0,0,0,0,0.007684,0.000980,0.000862,0.000137,0.000806,0.000548,0.000888,0.000186,0.000836,0.000198,0.000468,0.000524,0.000787,0.000312,0.000567,-150.18,30.66,-139.46,62.98,-67.40,-72.76,40.85,-40.19,88.49,167.06,165.21,156.48,-75.06,42.54,5.30,218.5516,4.9973,4.9356,3.7877,14.3321,2.2281,1.0430,0.7764,3.5998,0.5569,6.1013,0.8078,2.0795,0.7050,4.0801
2026-08-06 10:53:02.101,14.433333,47,26,0.007633,-1.5552,166.49,0,0,0,60.0154,219.213,0.08535,1,0,0,0,0,0.007272,0.000291,0.001026,0.000256,0.001253,0.000163,0.000571,0.000130,0.000630,0.000073,0.000703,0.000175,0.000327,0.000166,0.000634,-166.49,-148.01,-116.92,-112.38,-41.08,-46.39,43.15,11.15,83.97,38.27,167.41,78.30,-59.53,159.35,16.09,218.5516,4.9973,4.9356,3.7877,14.3321,2.2281,1.0430,0.7764,3.5998,0.5569,6.1013,0.8078,2.0795,0.7050,4.0801
2026-08-06 10:53:02.101,14.450000,47,27,0.007984,-1.6255,166.06,0,0,0,60.0154,219.213,0.08535,1,0,0,0,0,0.007597,0.000549,0.001216,0.000443,0.001168,0.000251,0.000337,0.000122,0.000428,0.000244,0.000764,0.000247,0.000559,0.000141,0.000530,-166.06,-164.34,-127.28,-138.90,-55.93,-147.67,36.37,-118.18,106.02,-105.12,-166.59,-113.15,-89.26,-158.44,-16.35,218.5516,4.9973,4.9356,3.7877,14.3321,2.2281,1.0430,0.7764,3.5998,0.5569,6.1013,0.8078,2.0795,0.7050,4.0801
2026-08-06 10:53:02.101,14.466667,47,28,0.008815,-1.8096,-174.40,0,0,0,60.0154,219.213,0.08535,1,0,0,0,0,0.008343,0.001023,0.001072,0.000726,0.001347,0.000297,0.001023,0.000267,0.000814,0.000415,0.000730,0.000374,0.000195,0.000066,0.000427,174.40,62.72,-129.61,116.06,-23.46,143.70,64.45,26.45,110.57,86.32,168.90,125.64,-27.68,-175.73,17.45,218.5516,4.9973,4.9356,3.7877,14.3321,2.2281,1.0430,0.7764,3.5998,0.5569,6.1013,0.8078,2.0795,0.7050,4.0801
2026-08-06 10:53:02.101,14.483333,47,29,0.007546,-1.5397,166.28,0,0,0,60.0154,219.213,0.08535,1,0,0,0,0,0.007210,0.000208,0.001014,0.000136,0.001222,0.000036,0.000688,0.000040,0.000607,0.000051,0.000732,0.000081,0.000306,0.000074,0.000666,-166.28,-153.75,-120.02,-141.39,-38.67,125.97,50.65,-39.75,95.95,-91.55,178.25,-174.61,-78.51,145.15,1.23,218.5516,4.9973,4.9356,3.7877,14.3321,2.2281,1.0430,0.7764,3.5998,0.5569,6.1013,0.8078,2.0795,0.7050,4.0801
2026-08-06 10:53:02.352,14.500000,48,0,0.007571,-1.5421,165.72,0,0,0,60.0154,219.237,0.08523,1,0,0,0,0,0.007231,0.000229,0.000975,0.000174,0.001266,0.000045,0.000678,0.000185,0.000714,0.000158,0.000737,0.000046,0.000386,0.000120,0.000540,-165.72,166.82,-117.95,-116.26,-44.65,67.32,38.31,84.91,101.83,154.95,-175.25,-86.64,-72.44,92.45,-0.94,218.5798,4.9663,4.9352,3.7714,14.3051,2.2214,1.0965,0.7764,3.6388,0.5926,6.1114,0.7933,2.0120,0.6653,4.1012
2026-08-06 10:53:02.352,14.516667,48,1,0.008052,-1.6502,167.71,0,0,0,60.0154,219.237,0.08523,1,0,0,0,0,0.007666,0.000660,0.001024,0.000434,0.000840,0.000416,0.000868,0.000423,0.000942,0.000358,0.000619,0.000247,0.000362,0.000152,0.000757,-167.71,171.14,-143.73,149.75,-31.61,115.41,66.08,78.44,87.52,76.61,150.34,63.42,-43.09,37.24,1.44,218.5798,4.9663,4.9352,3.7714,14.3051,2.2214,1.0965,0.7764,3.6388,0.5926,6.1114,0.7933,2.0120,0.6653,4.1012
2026-08-06 10:53:02.352,14.533333,48,2,0.007580,-1.5542,166.44,0,0,0,60.0154,219.237,0.08523,1,0,0,0,0,0.007271,0.000249,0.000930,0.000154,0.001235,0.000036,0.000618,0.000033,0.000628,0.000037,0.000653,0.000027,0.000294,0.000044,0.000634,-166.44,-175.78,-117.50,-115.29,-39.19,-98.21,42.22,-130.93,93.10,-79.62,176.59,8.52,-70.20,178.36,-0.84,218.5798,4.9663,4.9352,3.7714,14.3051,2.2214,1.0965,0.7764,3.6388,0.5926,6.1114,0.7933,2.0120,0.6653,4.1012
2026-08-06 10:53:02.352,14.550000,48,3,0.007552,-1.5451,165.99,0,0,0,60.0154,219.237,0.08523,1,0,0,0,0,0.007241,0.000223,0.000907,0.000138,0.001130,0.000087,0.000689,0.000025,0.000674,0.000056,0.000674,0.000053,0.000418,0.000100,0.000658,-165.99,-179.32,-115.61,-102.54,-41.12,101.51,47.36,-10.46,103.62,74.91,171.83,-105.40,-86.67,170.89,3.09,218.5798,4.9663,4.9352,3.7714,14.3051,2.2214,1.0965,0.7764,3.6388,0.5926,6.1114,0.7933,2.0120,0.6653,4.1012
2026-08-06 10:53:02.352,14.566667,48,4,0.007528,-1.5371,166.44,0,0,0,60.0154,219.237,0.08523,1,0,0,0,0,0.007193,0.000221,0.000936,0.000161,0.001216,0.000097,0.000686,0.000116,0.000728,0.000102,0.000717,0.000067,0.000439,0.000064,0.000649,-166.44,163.67,-119.74,-123.85,-37.98,47.73,46.84,66.73,102.23,172.76,-173.17,-153.72,-60.09,50.61,5.77,218.5798,4.9663,4.9352,3.7714,14.3051,2.2214,1.0965,0.7764,3.6388,0.5926,6.1114,0.7933,2.0120,0.6653,4.1012
2026-08-06 10:53:02.352,14.583333,48,5,0.007448,-1.4985,168.25,0,0,0,60.0154,219.237,0.08523,1,0,0,0,0,0.006945,0.000442,0.001176,0.000129,0.001253,0.000094,0.000567,0.000192,0.000941,0.000410,0.001177,0.000535,0.000530,0.000251,0.000610,-168.25,-95.85,-129.10,124.56,-38.78,16.60,36.68,168.00,85.24,-48.97,-174.83,99.63,-42.63,-123.20,13.78,218.5798,4.9663,4.9352,3.7714,14.3051,2.2214,1.0965,0.7764,3.6388,0.5926,6.1114,0.7933,2.0120,0.6653,4.1012
2026-08-06 10:53:02.352,14.600000,48,6,0.007513,-1.5323,166.13,0,0,0,60.0154,219.237,0.08523,1,0,0,0,0,0.007179,0.000096,0.001001,0.000109,0.001193,0.000016,0.000597,0.000121,0.000650,0.000066,0.000719,0.000080,0.000439,0.000081,0.000674,-166.13,-157.29,-117.66,-108.15,-40.05,99.40,49.89,118.43,96.62,131.39,175.74,107.67,-73.18,177.54,-5.77,218.5798,4.9663,4.9352,3.7714,14.3051,2.2214,1.0965,0.7764,3.6388,0.5926,6.1114,0.7933,2.0120,0.6653,4.1012
2026-08-06 10:53:02.352,14.616667,48,7,0.007538,-1.5419,166.18,0,0,0,60.0154,219.237,0.08523,1,0,0,0,0,0.007224,0.000213,0.000914,0.000149,0.001226,0.000029,0.000621,0.000092,0.000694,0.000028,0.000676,0.000063,0.000360,0.000055,0.000609,-166.18,-171.56,-115.77,-115.94,-39.99,169.15,46.93,57.40,96.05,105.27,178.39,-162.22,-76.17,-176.50,-2.67,218.5798,4.9663,4.9352,3.7714,14.3051,2.2214,1.0965,0.7764,3.6388,0.5926,6.1114,0.7933,2.0120,0.6653,4.1012
2026-08-06 10:53:02.352,14.633333,48,8,0.007639,-1.5601,165.97,0,0,0,60.0154,219.237,0.08523,1,0,0,0,0,0.007310,0.000200,0.000960,0.000119,0.001280,0.000109,0.000606,0.000093,0.000601,0.000106,0.000692,0.000104,0.000364,0.000068,0.000675,-165.97,-165.73,-114.42,-120.32,-40.37,91.74,46.63,45.10,97.21,106.52,173.98,132.40,-77.08,177.11,-2.98,218.5798,4.9663,4.9352,3.7714,14.3051,2.2214,1.0965,0.7764,3.6388,0.5926,6.1114,0.7933,2.0120,0.6653,4.1012
2026-08-06 10:53:02.352,14.650000,48,9,0.007376,-1.4653,165.88,0,0,0,60.0154,219.237,0.08523,1,0,0,0,0,0.006870,0.000617,0.000856,0.000460,0.001544,0.000445,0.000967,0.000532,0.000704,0.000476,0.000365,0.000337,0.000476,0.000237,0.000770,-165.88,-177.83,-90.79,-177.22,-32.47,164.65,22.33,176.41,56.29,-175.67,166.93,-170.63,-28.17,-152.11,-2.01,218.5798,4.9663,4.9352,3.7714,14.3051,2.2214,1.0965,0.7764,3.6388,0.5926,6.1114,0.7933,2.0120,0.6653,4.1012
2026-08-06 10:53:02.352,14.666667,48,10,0.007521,-1.5369,166.55,0,0,0,60.0154,219.237,0.08523,1,0,0,0,0,0.007187,0.000247,0.000951,0.000087,0.001230,0.000029,0.000651,0.000047,0.000677,0.000043,0.000775,0.000018,0.000317,0.000109,0.000630,-166.55,-167.32,-111.10,-116.53,-38.17,65.52,48.67,119.37,94.12,-133.48,174.29,46.99,-81.08,-174.87,-1.01,218.5798,4.9663,4.9352,3.7714,14.3051,2.2214,1.0965,0.7764,3.6388,0.5926,6.1114,0.7933,2.0120,0.6653,4.1012
2026-08-06 10:53:02.352,14.683333,48,11,0.007604,-1.5511,165.82,0,0,0,60.0154,219.237,0.08523,1,0,0,0,0,0.007277,0.000179,0.000954,0.000069,0.001280,0.000126,0.000651,0.000040,0.000624,0.000056,0.000664,0.000101,0.000375,0.000024,0.000596,-165.82,-177.11,-116.13,173.97,-38.73,141.63,41.59,42.28,92.14,163.71,171.83,-176.67,-75.94,141.10,1.77,218.5798,4.9663,4.9352,3.7714,14.3051,2.2214,1.0965,0.7764,3.6388,0.5926,6.1114,0.7933,2.0120,0.6653,4.1012
2026-08-06 10:53:02.352,14.700000,48,12,0.008111,-1.6359,165.76,0,0,0,60.0154,219.237,0.08523,1,0,0,0,0,0.007660,0.000566,0.001286,0.000570,0.001485,0.000374,0.000689,0.000440,0.000632,0.000387,0.000501,0.000346,0.000120,0.000231,0.000517,-165.76,-156.40,-120.78,-110.75,-51.79,-67.45,11.35,-39.61,57.51,19.67,150.55,78.01,-22.04,124.77,11.42,218.5798,4.9663,4.9352,3.7714,14.3051,2.2214,1.0965,0.7764,3.6388,0.5926,6.1114,0.7933,2.0120,0.6653,4.1012
2026-08-06 10:53:02.352,14.716667,48,13,0.007485,-1.5323,166.63,0,0,0,60.0154,219.237,0.08523,1,0,0,0,0,0.007165,0.000223,0.000879,0.000116,0.001179,0.000039,0.000634,0.000040,0.000636,0.000048,0.000756,0.000068,0.000412,0.000082,0.000673,-166.63,-176.06,-116.23,-118.67,-37.90,56.16,51.63,97.91,100.57,157.22,179.44,74.74,-72.63,-152.90,-5.76,218.5798,4.9663,4.9352,3.7714,14.3051,2.2214,1.0965,0.7764,3.6388,0.5926,6.1114,0.7933,2.0120,0.6653,4.1012
2026-08-06 10:53:02.352,14.733333,48,14,0.007547,-1.5384,165.50,0,0,0,60.0154,219.237,0.08523,1,0,0,0,0,0.007228,0.000199,0.000905,0.000154,0.001210,0.000019,0.000632,0.000080,0.000652,0.000044,0.000707,0.000065,0.000408,0.000078,0.000619,-165.50,175.40,-119.15,-131.05,-37.07,163.28,53.84,27.34,99.88,86.92,175.75,166.77,-70.43,-164.64,0.64,218.5798,4.9663,4.9352,3.7714,14.3051,2.2214,1.0965,0.7764,3.6388,0.5926,6.1114,0.7933,2.0120,0.6653,4.1012
2026-08-06 10:53:02.352,14.750000,48,15,0.007638,-1.5340,164.35,0,0,0,60.0154,219.237,0.08523,1,0,0,0,0,0.007251,0.000140,0.000973,0.000350,0.001376,0.000159,0.000443,0.000290,0.000812,0.000215,0.000610,0.000281,0.000261,0.000181,0.000876,-164.35,136.33,-129.29,-97.57,-34.73,117.70,51.99,-35.60,95.08,170.45,-166.36,59.96,-118.20,-94.35,10.52,218.5798,4.9663,4.9352,3.7714,14.3051,2.2214,1.0965,0.7764,3.6388,0.5926,6.1114,0.7933,2.0120,0.6653,4.1012
2026-08-06 10:53:02.352,14.766667,48,16,0.007540,-1.5412,165.94,0,0,0,60.0154,219.237,0.08523,1,0,0,0,0,0.007225,0.000145,0.000965,0.000144,0.001158,0.000035,0.000606,0.000046,0.000676,0.000045,0.000748,0.000044,0.000394,0.000044,0.000643,-165.94,-160.67,-116.88,-114.35,-38.51,-175.47,50.18,134.79,98.53,-84.53,174.83,122.64,-68.29,-90.29,-2.52,218.5798,4.9663,4.9352,3.7714,14.3051,2.2214,1.0965,0.7764,3.6388,0.5926,6.1114,0.7933,2.0120,0.6653,4.1012
2026-08-06 10:53:02.352,14.783333,48,17,0.007531,-1.5401,166.14,0,0,0,60.0154,219.237,0.08523,1,0,0,0,0,0.007218,0.000207,0.000937,0.000139,0.001169,0.000002,0.000573,0.000067,0.000640,0.000057,0.000752,0.000021,0.000350,0.000031,0.000620,-166.14,-162.21,-118.18,-93.61,-39.35,108.67,49.36,57.83,103.18,-24.49,177.74,-113.89,-77.85,138.27,3.92,218.5798,4.9663,4.9352,3.7714,14.3051,2.2214,1.0965,0.7764,3.6388,0.5926,6.1114,0.7933,2.0120,0.6653,4.1012
2026-08-06 10:53:02.352,14.800000,48,18,0.007507,-1.5304,166.40,0,0,0,60.0154,219.237,0.08523,1,0,0,0,0,0.007152,0.000296,0.000933,0.000135,0.001200,0.000045,0.000641,0.000091,0.000755,0.000035,0.000806,0.000071,0.000361,0.000117,0.000736,-166.40,-169.49,-115.67,-116.50,-37.88,-3.92,52.19,-32.27,98.76,-15.84,171.44,49.41,-87.25,96.32,-19.49,218.5798,4.9663,4.9352,3.7714,14.3051,2.2214,1.0965,0.7764,3.6388,0.5926,6.1114,0.7933,2.0120,0.6653,4.1012
2026-08-06 10:53:02.352,14.816667,48,19,0.007686,-1.5607,165.88,0,0,0,60.0154,219.237,0.08523,1,0,0,0,0,0.007312,0.000344,0.001049,0.000275,0.001355,0.000098,0.000667,0.000057,0.000642,0.000088,0.000745,0.000061,0.000442,0.000085,0.000655,-165.88,-160.68,-117.46,-103.63,-43.77,-11.92,38.14,81.22,101.53,135.18,-174.37,156.56,-55.54,42.12,-1.99,218.5798,4.9663,4.9352,3.7714,14.3051,2.2214,1.0965,0.7764,3.6388,0.5926,6.1114,0.7933,2.0120,0.6653,4.1012
2026-08-06 10:53:02.352,14.833333,48,20,0.007594,-1.5570,166.51,0,0,0,60.0154,219.237,0.08523,1,0,0,0,0,0.007287,0.000144,0.000833,0.000089,0.001176,0.000112,0.000506,0.000104,0.000595,0.000050,0.000774,0.000110,0.000437,0.000077,0.000667,-166.51,-172.45,-117.69,-54.21,-38.89,70.41,43.57,13.76,95.12,156.97,173.42,124.34,-84.42,124.55,-0.18,218.5798,4.9663,4.9352,3.7714,14.3051,2.2214,1.0965,0.7764,3.6388,0.5926,6.1114,0.7933,2.0120,0.6653,4.1012
2026-08-06 10:53:02.352,14.850000,48,21,0.006536,-1.2390,159.53,0,0,0,60.0154,219.237,0.08523,1,0,0,0,0,0.006003,0.001028,0.001015,0.000171,0.001212,0.000322,0.000588,0.000397,0.000566,0.000364,0.000461,0.000255,0.000200,0.000313,0.000423,-159.53,155.52,-106.12,-100.24,-33.19,127.41,4.88,98.78,79.76,-158.67,140.35,-153.17,-89.42,-40.09,10.21,218.5798,4.9663,4.9352,3.7714,14.3051,2.2214,1.0965,0.7764,3.6388,0.5926,6.1114,0.7933,2.0120,0.6653,4.1012
2026-08-06 10:53:02.352,14.866667,48,22,0.007572,-1.5486,165.75,0,0,0,60.0154,219.237,0.08523,1,0,0,0,0,0.007269,0.000259,0.000863,0.000154,0.001210,0.000051,0.000602,0.000029,0.000563,0.000041,0.000710,0.000078,0.000389,0.000072,0.000642,-165.75,-176.60,-114.31,-109.61,-39.80,50.97,45.04,-120.15,100.48,101.40,-178.83,127.25,-64.33,106.44,0.22,218.5798,4.9663,4.9352,3.7714,14.3051,2.2214,1.0965,0.7764,3.6388,0.5926,6.1114,0.7933,2.0120,0.6653,4.1012
2026-08-06 10:53:02.352,14.883333,48,23,0.007530,-1.5429,166.38,0,0,0,60.0154,219.237,0.08523,1,0,0,0,0,0.007211,0.000319,0.000868,0.000063,0.001168,0.000089,0.000673,0.000089,0.000617,0.000128,0.000779,0.000064,0.000282,0.000105,0.000716,-166.38,-162.74,-111.93,-117.75,-44.86,-14.11,51.95,-150.52,91.24,91.45,179.47,-0.60,-71.48,-164.93,-5.89,218.5798,4.9663,4.9352,3.7714,14.3051,2.2214,1.0965,0.7764,3.6388,0.5926,6.1114,0.7933,2.0120,0.6653,4.1012
2026-08-06 10:53:02.352,14.900000,48,24,0.007551,-1.5418,165.79,0,0,0,60.0154,219.237,0.08523,1,0,0,0,0,0.007237,0.000238,0.000916,0.000165,0.001217,0.000028,0.000604,0.000081,0.000590,0.000073,0.000644,0.000133,0.000417,0.000108,0.000711,-165.79,179.53,-116.07,-125.13,-38.46,122.88,46.85,122.76,94.33,113.59,178.74,176.28,-68.56,144.00,-3.00,218.5798,4.9663,4.9352,3.7714,14.3051,2.2214,1.0965,0.7764,3.6388,0.5926,6.1114,0.7933,2.0120,0.6653,4.1012
2026-08-06 10:53:02.352,14.916667,48,25,0.006823,-1.3187,167.70,0,0,0,60.0154,219.237,0.08523,1,0,0,0,0,0.006127,0.000688,0.001079,0.000406,0.001329,0.000401,0.000516,0.000717,0.000872,0.000800,0.001172,0.000310,0.000283,0.000283,0.000734,-167.70,-152.53,-106.06,138.15,-38.41,-16.78,131.53,17.37,142.79,13.82,-157.56,139.65,8.64,-43.81,-16.75,218.5798,4.9663,4.9352,3.7714,14.3051,2.2214,1.0965,0.7764,3.6388,0.5926,6.1114,0.7933,2.0120,0.6653,4.1012
2026-08-06 10:53:02.352,14.933333,48,26,0.007489,-1.5315,166.25,0,0,0,60.0154,219.237,0.08523,1,0,0,0,0,0.007170,0.000228,0.000958,0.000114,0.001191,0.000044,0.000626,0.000048,0.000607,0.000034,0.000739,0.000062,0.000426,0.000056,0.000654,-166.25,-160.58,-114.09,-98.12,-40.60,-173.36,46.90,139.35,103.96,167.66,-179.80,73.06,-71.03,-177.90,-2.33,218.5798,4.9663,4.9352,3.7714,14.3051,2.2214,1.0965,0.7764,3.6388,0.5926,6.1114,0.7933,2.0120,0.6653,4.1012
2026-08-06 10:53:02.352,14.950000,48,27,0.007505,-1.5324,165.43,0,0,0,60.0154,219.237,0.08523,1,0,0,0,0,0.007205,0.000255,0.000888,0.000161,0.001197,0.000058,0.000583,0.000091,0.000580,0.000066,0.000660,0.000086,0.000381,0.000078,0.000650,-165.43,179.87,-115.15,-119.94,-37.87,73.03,46.69,79.57,99.96,138.84,177.94,-161.46,-77.55,105.03,-3.74,218.5798,4.9663,4.9352,3.7714,14.3051,2.2214,1.0965,0.7764,3.6388,0.5926,6.1114,0.7933,2.0120,0.6653,4.1012
2026-08-06 10:53:02.352,14.966667,48,28,0.007615,-1.5398,165.16,0,0,0,60.0154,219.237,0.08523,1,0,0,0,0,0.007238,0.000084,0.000895,0.000199,0.001290,0.000151,0.000617,0.000088,0.000598,0.000169,0.000872,0.000048,0.000356,0.000182,0.000621,-165.16,155.25,-123.53,-127.04,-39.68,60.04,55.41,-97.59,87.02,96.13,173.47,-115.51,-46.49,157.24,-13.45,218.5798,4.9663,4.9352,3.7714,14.3051,2.2214,1.0965,0.7764,3.6388,0.5926,6.1114,0.7933,2.0120,0.6653,4.1012
2026-08-06 10:53:02.352,14.983333,48,29,0.007528,-1.5348,166.40,0,0,0,60.0154,219.237,0.08523,1,0,0,0,0,0.007180,0.000252,0.000969,0.000235,0.001307,0.000006,0.000587,0.000127,0.000591,0.000052,0.000725,0.000078,0.000400,0.000027,0.000720,-166.40,-172.09,-118.52,-114.54,-38.52,177.41,55.26,-119.23,99.33,3.09,176.44,166.85,-74.19,-88.00,-2.28,218.5798,4.9663,4.9352,3.7714,14.3051,2.2214,1.0965,0.7764,3.6388,0.5926,6.1114,0.7933,2.0120,0.6653,4.1012
2026-08-06 10:53:02.610,15.000000,49,0,0.007559,-1.5471,166.72,0,0,0,60.0154,219.222,0.08534,1,0,0,0,0,0.007229,0.000212,0.000978,0.000128,0.001234,0.000047,0.000605,0.000085,0.000639,0.000041,0.000737,0.000024,0.000392,0.000067,0.000679,-166.72,-161.70,-118.81,-114.15,-38.68,-48.73,50.06,87.76,93.37,-135.45,174.04,21.58,-82.24,171.30,2.76,218.5627,5.0133,4.9462,3.7808,14.3047,2.2272,1.0449,0.7635,3.6463,0.5930,6.1233,0.8064,2.0461,0.6898,4.0919
2026-08-06 10:53:02.610,15.016667,49,1,0.007471,-1.4941,165.28,0,0,0,60.0154,219.222,0.08534,1,0,0,0,0,0.007025,0.000420,0.000866,0.000228,0.001373,0.000246,0.000859,0.000349,0.000560,0.000331,0.000399,0.000459,0.000534,0.000449,0.000871,-165.28,-177.38,-105.69,-162.23,-34.68,161.66,26.14,150.66,63.89,157.11,167.02,-173.12,-26.28,177.85,2.70,218.5627,5.0133,4.9462,3.7808,14.3047,2.2272,1.0449,0.7635,3.6463,0.5930,6.1233,0.8064,2.0461,0.6898,4.0919
2026-08-06 10:53:02.610,15.033333,49,2,0.007579,-1.5476,165.81,0,0,0,60.0154,219.222,0.08534,1,0,0,0,0,0.007261,0.000262,0.000923,0.000165,0.001228,0.000045,0.000593,0.000034,0.000582,0.000053,0.000700,0.000082,0.000400,0.000024,0.000665,-165.81,-171.01,-118.13,-110.13,-38.43,105.67,45.39,-95.49,96.50,69.07,-177.94,124.98,-65.94,120.64,-4.84,218.5627,5.0133,4.9462,3.7808,14.3047,2.2272,1.0449,0.7635,3.6463,0.5930,6.1233,0.8064,2.0461,0.6898,4.0919
2026-08-06 10:53:02.610,15.050000,49,3,0.007566,-1.4932,162.36,0,0,0,60.0154,219.222,0.08534,1,0,0,0,0,0.007139,0.000278,0.001140,0.000363,0.001200,0.000105,0.000608,0.000012,0.000773,0.000354,0.000746,0.000327,0.000326,0.000209,0.000781,-162.36,69.11,-133.08,-79.72,-30.71,-178.13,49.29,-61.12,83.91,164.41,-157.43,44.75,-104.84,-122.63,-9.53,218.5627,5.0133,4.9462,3.7808,14.3047,2.2272,1.0449,0.7635,3.6463,0.5930,6.1233,0.8064,2.0461,0.6898,4.0919
2026-08-06 10:53:02.610,15.066667,49,4,0.007570,-1.5474,168.26,0,0,0,60.0154,219.222,0.08534,1,0,0,0,0,0.007207,0.000065,0.001124,0.000377,0.001015,0.000259,0.000729,0.000153,0.000768,0.000255,0.000519,0.000195,0.000496,0.000253,0.000807,-168.26,64.70,-106.92,-141.32,-35.99,48.24,25.86,-104.60,112.98,94.68,172.43,-95.83,-98.68,127.54,11.70,218.5627,5.0133,4.9462,3.7808,14.3047,2.2272,1.0449,0.7635,3.6463,0.5930,6.1233,0.8064,2.0461,0.6898,4.0919
2026-08-06 10:53:02.610,15.083333,49,5,0.007598,-1.5514,165.94,0,0,0,60.0154,219.222,0.08534,1,0,0,0,0,0.007276,0.000208,0.000915,0.000157,0.001213,0.000019,0.000617,0.000079,0.000633,0.000037,0.000765,0.000066,0.000394,0.000016,0.000665,-165.94,179.83,-118.84,-123.96,-38.33,47.26,49.24,-76.28,98.48,98.40,179.38,92.70,-78.94,81.06,0.67,218.5627,5.0133,4.9462,3.7808,14.3047,2.2272,1.0449,0.7635,3.6463,0.5930,6.1233,0.8064,2.0461,0.6898,4.0919
2026-08-06 10:53:02.610,15.100000,49,6,0.007522,-1.5368,166.24,0,0,0,60.0154,219.222,0.08534,1,0,0,0,0,0.007205,0.000192,0.000891,0.000150,0.001256,0.000064,0.000612,0.000015,0.000591,0.000026,0.000695,0.000058,0.000380,0.000055,0.000631,-166.24,-178.04,-116.39,-99.16,-37.11,13.80,43.55,-14.29,98.22,-104.71,-179.56,136.03,-77.04,-161.49,-3.16,218.5627,5.0133,4.9462,3.7808,14.3047,2.2272,1.0449,0.7635,3.6463,0.5930,6.1233,0.8064,2.0461,0.6898,4.0919
2026-08-06 10:53:02.610,15.116667,49,7,0.007563,-1.5431,166.49,0,0,0,60.0154,219.222,0.08534,1,0,0,0,0,0.007221,0.000250,0.000839,0.000203,0.001236,0.000110,0.000685,0.000208,0.000660,0.000084,0.000693,0.000206,0.000376,0.000327,0.000718,-166.49,-176.40,-110.17,-87.15,-44.79,171.75,58.60,57.58,83.48,-34.25,-166.91,-130.07,-109.04,128.91,16.73,218.5627,5.0133,4.9462,3.7808,14.3047,2.2272,1.0449,0.7635,3.6463,0.5930,6.1233,0.8064,2.0461,0.6898,4.0919
2026-08-06 10:53:02.610,15.133333,49,8,0.007638,-1.5618,166.31,0,0,0,60.0154,219.222,0.08534,1,0,0,0,0,0.007309,0.000185,0.000965,0.000068,0.001269,0.000026,0.000548,0.000042,0.000625,0.000113,0.000698,0.000110,0.000414,0.000028,0.000707,-166.31,-176.50,-115.84,-128.97,-40.61,17.20,43.47,52.94,94.75,107.03,174.49,128.02,-73.30,-51.58,-4.08,218.5627,5.0133,4.9462,3.7808,14.3047,2.2272,1.0449,0.7635,3.6463,0.5930,6.1233,0.8064,2.0461,0.6898,4.0919
2026-08-06 10:53:02.610,15.150000,49,9,0.007507,-1.5388,166.40,0,0,0,60.0154,219.222,0.08534,1,0,0,0,0,0.007201,0.000224,0.000930,0.000134,0.001187,0.000019,0.000608,0.000025,0.000570,0.000013,0.000693,0.000048,0.000363,0.000039,0.000650,-166.40,177.14,-120.12,-120.97,-38.98,94.24,43.72,97.26,99.98,-95.00,178.82,118.35,-64.91,-150.43,-4.25,218.5627,5.0133,4.9462,3.7808,14.3047,2.2272,1.0449,0.7635,3.6463,0.5930,6.1233,0.8064,2.0461,0.6898,4.0919
2026-08-06 10:53:02.610,15.166667,49,10,0.007617,-1.5644,169.40,0,0,0,60.0154,219.222,0.08534,1,0,0,0,0,0.007237,0.000255,0.001078,0.000508,0.000932,0.000352,0.000955,0.000249,0.000472,0.000285,0.000865,0.000170,0.000432,0.000087,0.000755,-169.40,64.77,-96.06,-116.95,-52.73,94.02,38.64,-16.93,113.16,-177.74,171.67,79.58,-57.87,42.94,-6.35,218.5627,5.0133,4.9462,3.7808,14.3047,2.2272,1.0449,0.7635,3.6463,0.5930,6.1233,0.8064,2.0461,0.6898,4.0919
2026-08-06 10:53:02.610,15.183333,49,11,0.007550,-1.5415,165.88,0,0,0,60.0154,219.222,0.08534,1,0,0,0,0,0.007230,0.000154,0.000927,0.000139,0.001233,0.000018,0.000601,0.000007,0.000636,0.000032,0.000714,0.000066,0.000370,0.000031,0.000655,-165.88,-170.34,-118.32,-107.36,-39.05,61.74,52.96,152.33,95.61,116.92,174.54,-142.30,-76.20,-174.95,-0.30,218.5627,5.0133,4.9462,3.7808,14.3047,2.2272,1.0449,0.7635,3.6463,0.5930,6.1233,0.8064,2.0461,0.6898,4.0919
2026-08-06 10:53:02.610,15.200000,49,12,0.007617,-1.5491,165.51,0,0,0,60.0154,219.222,0.08534,1,0,0,0,0,0.007272,0.000228,0.000916,0.000187,0.001229,0.000176,0.000789,0.000072,0.000426,0.000132,0.000813,0.000142,0.000436,0.000261,0.000542,-165.51,-159.58,-121.91,-153.32,-41.23,11.32,49.11,-121.57,103.30,-11.35,166.56,177.38,-65.76,50.24,10.23,218.5627,5.0133,4.9462,3.7808,14.3047,2.2272,1.0449,0.7635,3.6463,0.5930,6.1233,0.8064,2.0461,0.6898,4.0919
2026-08-06 10:53:02.610,15.216667,49,13,0.007575,-1.5495,166.19,0,0,0,60.0154,219.222,0.08534,1,0,0,0,0,0.007256,0.000166,0.000923,0.000120,0.001185,0.000036,0.000646,0.000052,0.000695,0.000032,0.000739,0.000017,0.000371,0.000078,0.000615,-166.19,-170.04,-116.60,-100.34,-38.74,98.55,48.80,124.91,98.31,-115.84,174.05,142.60,-71.80,-150.56,0.91,218.5627,5.0133,4.9462,3.7808,14.3047,2.2272,1.0449,0.7635,3.6463,0.5930,6.1233,0.8064,2.0461,0.6898,4.0919
2026-08-06 10:53:02.610,15.233333,49,14,0.007578,-1.5486,166.19,0,0,0,60.0154,219.222,0.08534,1,0,0,0,0,0.007255,0.000217,0.000920,0.000117,0.001249,0.000046,0.000619,0.000046,0.000618,0.000047,0.000721,0.000113,0.000412,0.000115,0.000637,-166.19,-175.92,-117.32,-113.40,-39.48,142.54,45.50,79.04,102.24,117.34,177.75,171.13,-78.44,126.07,-3.68,218.5627,5.0133,4.9462,3.7808,14.3047,2.2272,1.0449,0.7635,3.6463,0.5930,6.1233,0.8064,2.0461,0.6898,4.0919
2026-08-06 10:53:02.610,15.250000,49,15,0.007555,-1.5427,166.31,0,0,0,60.0154,219.222,0.08534,1,0,0,0,0,0.007225,0.000221,0.000971,0.000137,0.001232,0.000034,0.000617,0.000048,0.000693,0.000038,0.000737,0.000072,0.000337,0.000080,0.000646,-166.31,-163.82,-116.28,-121.20,-37.35,-1.56,46.37,-8.84,94.14,57.09,178.59,129.05,-81.52,-123.25,-0.46,218.5627,5.0133,4.9462,3.7808,14.3047,2.2272,1.0449,0.7635,3.6463,0.5930,6.1233,0.8064,2.0461,0.6898,4.0919
2026-08-06 10:53:02.610,15.266667,49,16,0.007538,-1.5352,167.73,0,0,0,60.0154,219.222,0.08534,1,0,0,0,0,0.007147,0.000191,0.001013,0.000046,0.001320,0.000123,0.000691,0.000116,0.000513,0.000269,0.000571,0.000163,0.000307,0.000111,0.000845,-167.73,-105.16,-122.87,140.68,-39.79,-165.22,55.50,50.18,112.80,137.31,167.59,-97.32,-91.59,113.01,4.63,218.5627,5.0133,4.9462,3.7808,14.3047,2.2272,1.0449,0.7635,3.6463,0.5930,6.1233,0.8064,2.0461,0.6898,4.0919
2026-08-06 10:53:02.610,15.283333,49,17,0.007528,-1.5377,165.78,0,0,0,60.0154,219.222,0.08534,1,0,0,0,0,0.007217,0.000196,0.000887,0.000156,0.001177,0.000055,0.000595,0.000058,0.000676,0.000032,0.000695,0.000134,0.000324,0.000063,0.000608,-165.78,-167.21,-115.97,-86.03,-40.17,73.82,47.11,88.45,97.76,120.60,174.11,-178.37,-76.91,-179.12,2.78,218.5627,5.0133,4.9462,3.7808,14.3047,2.2272,1.0449,0.7635,3.6463,0.5930,6.1233,0.8064,2.0461,0.6898,4.0919
2026-08-06 10:53:02.610,15.300000,49,18,0.007598,-1.5451,165.49,0,0,0,60.0154,219.222,0.08534,1,0,0,0,0,0.007245,0.000308,0.000781,0.000182,0.001152,0.000184,0.000634,0.000082,0.000755,0.000081,0.000802,0.000102,0.000425,0.000155,0.000830,-165.49,-174.27,-118.77,-65.36,-44.95,89.01,31.48,-148.38,88.56,-86.74,168.08,27.67,-92.10,102.41,-4.45,218.5627,5.0133,4.9462,3.7808,14.3047,2.2272,1.0449,0.7635,3.6463,0.5930,6.1233,0.8064,2.0461,0.6898,4.0919
2026-08-06 10:53:02.610,15.316667,49,19,0.007501,-1.5372,166.09,0,0,0,60.0154,219.222,0.08534,1,0,0,0,0,0.007199,0.000235,0.000906,0.000141,0.001189,0.000046,0.000572,0.000024,0.000587,0.000014,0.000739,0.000052,0.000387,0.000061,0.000647,-166.09,-161.43,-118.70,-122.97,-39.78,-82.36,41.64,160.09,98.17,-163.61,177.54,98.00,-63.57,84.80,-6.91,218.5627,5.0133,4.9462,3.7808,14.3047,2.2272,1.0449,0.7635,3.6463,0.5930,6.1233,0.8064,2.0461,0.6898,4.0919
2026-08-06 10:53:02.610,15.333333,49,20,0.007538,-1.5442,166.82,0,0,0,60.0154,219.222,0.08534,1,0,0,0,0,0.007219,0.000188,0.000906,0.000055,0.001195,0.000030,0.000621,0.000103,0.000647,0.000038,0.000782,0.000025,0.000407,0.000029,0.000589,-166.82,-168.90,-113.82,-133.17,-35.48,18.63,47.57,96.14,98.49,-112.36,173.58,116.88,-74.25,173.52,-0.64,218.5627,5.0133,4.9462,3.7808,14.3047,2.2272,1.0449,0.7635,3.6463,0.5930,6.1233,0.8064,2.0461,0.6898,4.0919
2026-08-06 10:53:02.610,15.350000,49,21,0.007556,-1.5462,166.73,0,0,0,60.0154,219.222,0.08534,1,0,0,0,0,0.007232,0.000185,0.000911,0.000106,0.001290,0.000029,0.000653,0.000062,0.000669,0.000058,0.000698,0.000087,0.000310,0.000073,0.000613,-166.73,-159.77,-118.96,-145.87,-37.07,42.51,47.85,7.84,91.89,146.39,173.82,164.19,-67.50,-172.40,0.89,218.5627,5.0133,4.9462,3.7808,14.3047,2.2272,1.0449,0.7635,3.6463,0.5930,6.1233,0.8064,2.0461,0.6898,4.0919
2026-08-06 10:53:02.610,15.366667,49,22,0.007477,-1.5204,166.20,0,0,0,60.0154,219.222,0.08534,1,0,0,0,0,0.007115,0.000342,0.000799,0.000271,0.001261,0.000084,0.000782,0.000127,0.000839,0.000140,0.000831,0.000134,0.000183,0.000245,0.000430,-166.20,-165.49,-115.22,-122.61,-33.98,-100.19,49.37,-92.69,95.21,-81.19,164.86,-47.78,-112.17,-21.78,-14.59,218.5627,5.0133,4.9462,3.7808,14.3047,2.2272,1.0449,0.7635,3.6463,0.5930,6.1233,0.8064,2.0461,0.6898,4.0919
2026-08-06 10:53:02.610,15.383333,49,23,0.007589,-1.5510,165.95,0,0,0,60.0154,219.222,0.08534,1,0,0,0,0,0.007267,0.000220,0.000942,0.000178,0.001204,0.000041,0.000601,0.000009,0.000681,0.000013,0.000727,0.000051,0.000382,0.000046,0.000621,-165.95,172.43,-116.60,-115.56,-39.35,177.21,42.58,97.86,96.94,-61.51,173.16,155.39,-78.63,-142.77,-7.31,218.5627,5.0133,4.9462,3.7808,14.3047,2.2272,1.0449,0.7635,3.6463,0.5930,6.1233,0.8064,2.0461,0.6898,4.0919
2026-08-06 10:53:02.610,15.400000,49,24,0.007637,-1.5527,165.97,0,0,0,60.0154,219.222,0.08534,1,0,0,0,0,0.007279,0.000204,0.000986,0.000128,0.001279,0.000090,0.000686,0.000000,0.000712,0.000042,0.000803,0.000061,0.000415,0.000110,0.000619,-165.97,169.31,-118.58,-140.88,-36.35,-169.72,48.97,155.12,100.85,-57.46,175.79,157.99,-80.52,154.80,-0.27,218.5627,5.0133,4.9462,3.7808,14.3047,2.2272,1.0449,0.7635,3.6463,0.5930,6.1233,0.8064,2.0461,0.6898,4.0919
2026-08-06 10:53:02.610,15.416667,49,25,0.007497,-1.5258,166.23,0,0,0,60.0154,219.222,0.08534,1,0,0,0,0,0.007144,0.000281,0.000923,0.000105,0.001241,0.000133,0.000595,0.000113,0.000659,0.000075,0.000634,0.000152,0.000525,0.000181,0.000621,-166.23,-176.77,-118.98,-96.16,-37.24,143.16,38.11,25.64,106.18,-99.42,173.95,-176.91,-65.37,100.73,-21.99,218.5627,5.0133,4.9462,3.7808,14.3047,2.2272,1.0449,0.7635,3.6463,0.5930,6.1233,0.8064,2.0461,0.6898,4.0919
2026-08-06 10:53:02.610,15.433333,49,26,0.007518,-1.5372,166.07,0,0,0,60.0154,219.222,0.08534,1,0,0,0,0,0.007206,0.000206,0.000918,0.000125,0.001178,0.000038,0.000616,0.000027,0.000611,0.000028,0.000769,0.000027,0.000398,0.000041,0.000572,-166.07,-154.84,-116.65,-109.15,-38.36,17.76,45.90,30.89,99.70,27.59,179.37,68.46,-65.37,14.60,-1.93,218.5627,5.0133,4.9462,3.7808,14.3047,2.2272,1.0449,0.7635,3.6463,0.5930,6.1233,0.8064,2.0461,0.6898,4.0919
2026-08-06 10:53:02.610,15.450000,49,27,0.007601,-1.5556,165.89,0,0,0,60.0154,219.222,0.08534,1,0,0,0,0,0.007291,0.000211,0.000897,0.000147,0.001217,0.000071,0.000563,0.000062,0.000617,0.000059,0.000699,0.000068,0.000383,0.000097,0.000614,-165.89,-170.32,-118.61,-110.03,-41.24,99.49,48.58,73.18,95.64,137.62,173.47,-162.28,-73.72,128.69,-3.56,218.5627,5.0133,4.9462,3.7808,14.3047,2.2272,1.0449,0.7635,3.6463,0.5930,6.1233,0.8064,2.0461,0.6898,4.0919
2026-08-06 10:53:02.610,15.466667,49,28,0.007479,-1.5101,165.08,0,0,0,60.0154,219.222,0.08534,1,0,0,0,0,0.007115,0.000327,0.001062,0.000129,0.001063,0.000117,0.000763,0.000147,0.000553,0.000271,0.000721,0.000258,0.000478,0.000211,0.000517,-165.08,156.63,-118.45,-50.92,-39.29,-70.80,50.85,179.06,74.99,113.29,-164.04,72.25,-112.20,-12.15,18.33,218.5627,5.0133,4.9462,3.7808,14.3047,2.2272,1.0449,0.7635,3.6463,0.5930,6.1233,0.8064,2.0461,0.6898,4.0919
2026-08-06 10:53:02.610,15.483333,49,29,0.007526,-1.5375,165.91,0,0,0,60.0154,219.222,0.08534,1,0,0,0,0,0.007208,0.000194,0.000935,0.000143,0.001204,0.000010,0.000629,0.000050,0.000698,0.000075,0.000729,0.000072,0.000311,0.000014,0.000609,-165.91,-164.25,-116.34,-120.72,-39.84,115.75,48.95,-135.03,90.24,17.03,179.16,61.50,-78.79,-72.74,-4.94,218.5627,5.0133,4.9462,3.7808,14.3047,2.2272,1.0449,0.7635,3.6463,0.5930,6.1233,0.8064,2.0461,0.6898,4.0919
2026-08-06 10:53:02.874,15.500000,50,0,0.007542,-1.5424,166.55,0,0,0,60.0154,219.179,0.08530,1,0,0,0,0,0.007218,0.000102,0.000892,0.000193,0.001210,0.000110,0.000573,0.000179,0.000663,0.000033,0.000799,0.000022,0.000353,0.000153,0.000673,-166.55,-142.42,-118.13,-125.56,-36.33,125.37,50.68,112.10,97.37,43.13,177.45,-47.87,-77.86,-144.97,-2.14,218.5218,4.9897,4.9400,3.7770,14.3296,2.2262,1.0222,0.7834,3.6194,0.5780,6.1212,0.8228,2.0477,0.6920,4.0127
2026-08-06 10:53:02.874,15.516667,50,1,0.007601,-1.5455,165.82,0,0,0,60.0154,219.179,0.08530,1,0,0,0,0,0.007246,0.000239,0.000934,0.000086,0.001294,0.000057,0.000622,0.000044,0.000673,0.000037,0.000760,0.000249,0.000239,0.000060,0.000646,-165.82,-158.22,-117.68,-104.49,-39.16,-87.33,52.59,26.36,96.83,-7.89,178.85,152.50,-49.75,-19.92,-4.21,218.5218,4.9897,4.9400,3.7770,14.3296,2.2262,1.0222,0.7834,3.6194,0.5780,6.1212,0.8228,2.0477,0.6920,4.0127
2026-08-06 10:53:02.874,15.533333,50,2,0.007519,-1.5358,165.83,0,0,0,60.0154,219.179,0.08530,1,0,0,0,0,0.007200,0.000230,0.000932,0.000158,0.001192,0.000035,0.000620,0.000026,0.000637,0.000030,0.000698,0.000112,0.000354,0.000020,0.000686,-165.83,-179.97,-116.30,-110.16,-41.74,129.23,50.52,-87.78,106.95,69.48,174.81,71.81,-76.07,73.68,-4.60,218.5218,4.9897,4.9400,3.7770,14.3296,2.2262,1.0222,0.7834,3.6194,0.5780,6.1212,0.8228,2.0477,0.6920,4.0127
2026-08-06 10:53:02.874,15.550000,50,3,0.007325,-1.4875,167.07,0,0,0,60.0154,219.179,0.08530,1,0,0,0,0,0.006941,0.000395,0.000915,0.000110,0.001264,0.000322,0.000729,0.000274,0.000421,0.000214,0.000666,0.000145,0.000516,0.000239,0.000848,-167.07,-138.19,-122.40,-156.76,-36.37,-114.93,67.87,-10.39,121.87,119.42,-178.67,-15.30,-92.76,90.51,-10.47,218.5218,4.9897,4.9400,3.7770,14.3296,2.2262,1.0222,0.7834,3.6194,0.5780,6.1212,0.8228,2.0477,0.6920,4.0127
2026-08-06 10:53:02.874,15.566667,50,4,0.008185,-1.6444,165.35,0,0,0,60.0154,219.179,0.08530,1,0,0,0,0,0.007709,0.000727,0.001406,0.000598,0.001559,0.000355,0.000541,0.000321,0.000391,0.000203,0.000543,0.000187,0.000452,0.000178,0.000692,-165.35,-158.13,-123.62,-123.03,-56.84,-81.27,-0.91,-38.87,71.94,-13.40,-167.26,-11.67,-53.53,28.85,11.34,218.5218,4.9897,4.9400,3.7770,14.3296,2.2262,1.0222,0.7834,3.6194,0.5780,6.1212,0.8228,2.0477,0.6920,4.0127
2026-08-06 10:53:02.874,15.583333,50,5,0.007554,-1.5450,166.09,0,0,0,60.0154,219.179,0.08530,1,0,0,0,0,0.007238,0.000281,0.000925,0.000162,0.001215,0.000039,0.000618,0.000100,0.000611,0.000098,0.000652,0.000045,0.000381,0.000056,0.000640,-166.09,-162.97,-117.60,-106.87,-40.91,89.78,45.70,16.73,95.97,85.29,178.62,121.21,-73.91,-163.05,-2.00,218.5218,4.9897,4.9400,3.7770,14.3296,2.2262,1.0222,0.7834,3.6194,0.5780,6.1212,0.8228,2.0477,0.6920,4.0127
2026-08-06 10:53:02.874,15.600000,50,6,0.007541,-1.5465,166.61,0,0,0,60.0154,219.179,0.08530,1,0,0,0,0,0.007229,0.000292,0.001000,0.000087,0.001136,0.000090,0.000696,0.000078,0.000567,0.000073,0.000682,0.000083,0.000456,0.000072,0.000642,-166.61,-161.96,-116.34,-96.70,-41.77,-111.29,40.56,105.68,102.19,-12.12,171.02,122.82,-76.41,11.89,-0.02,218.5218,4.9897,4.9400,3.7770,14.3296,2.2262,1.0222,0.7834,3.6194,0.5780,6.1212,0.8228,2.0477,0.6920,4.0127
2026-08-06 10:53:02.874,15.616667,50,7,0.007852,-1.5698,162.61,0,0,0,60.0154,219.179,0.08530,1,0,0,0,0,0.007470,0.000215,0.000536,0.000306,0.001252,0.000107,0.000630,0.000201,0.000691,0.000378,0.001060,0.000323,0.000457,0.000068,0.000781,-162.61,-38.07,-112.64,163.42,-46.65,54.74,58.37,-118.53,62.95,81.77,173.40,-111.51,-66.97,-103.11,5.27,218.5218,4.9897,4.9400,3.7770,14.3296,2.2262,1.0222,0.7834,3.6194,0.5780,6.1212,0.8228,2.0477,0.6920,4.0127
2026-08-06 10:53:02.874,15.633333,50,8,0.007572,-1.5445,166.07,0,0,0,60.0154,219.179,0.08530,1,0,0,0,0,0.007239,0.000241,0.000956,0.000117,0.001261,0.000037,0.000685,0.000052,0.000630,0.000054,0.000695,0.000104,0.000302,0.000037,0.000615,-166.07,-169.48,-116.12,-114.31,-38.49,84.84,47.01,22.37,98.55,105.12,174.02,165.29,-74.74,168.90,-2.30,218.5218,4.9897,4.9400,3.7770,14.3296,2.2262,1.0222,0.7834,3.6194,0.5780,6.1212,0.8228,2.0477,0.6920,4.0127
2026-08-06 10:53:02.874,15.650000,50,9,0.007493,-1.5346,166.41,0,0,0,60.0154,219.179,0.08530,1,0,0,0,0,0.007181,0.000224,0.000926,0.000167,0.001234,0.000017,0.000616,0.000032,0.000557,0.000029,0.000715,0.000092,0.000347,0.000053,0.000593,-166.41,-171.87,-118.79,-145.72,-38.50,42.51,46.68,-149.46,90.70,109.10,176.87,116.30,-62.52,132.01,-2.69,218.5218,4.9897,4.9400,3.7770,14.3296,2.2262,1.0222,0.7834,3.6194,0.5780,6.1212,0.8228,2.0477,0.6920,4.0127
2026-08-06 10:53:02.874,15.666667,50,10,0.007797,-1.5730,165.60,0,0,0,60.0154,219.179,0.08530,1,0,0,0,0,0.007383,0.000364,0.001066,0.000278,0.001376,0.000188,0.000796,0.000260,0.000908,0.000221,0.000889,0.000209,0.000434,0.000179,0.000554,-165.60,-152.15,-115.39,-105.37,-41.89,-25.25,34.31,45.99,89.90,120.91,170.42,-160.65,-89.69,-146.77,-9.11,218.5218,4.9897,4.9400,3.7770,14.3296,2.2262,1.0222,0.7834,3.6194,0.5780,6.1212,0.8228,2.0477,0.6920,4.0127
2026-08-06 10:53:02.874,15.683333,50,11,0.007522,-1.5372,166.05,0,0,0,60.0154,219.179,0.08530,1,0,0,0,0,0.007207,0.000201,0.000905,0.000113,0.001247,0.000063,0.000608,0.000059,0.000631,0.000068,0.000732,0.000094,0.000393,0.000072,0.000632,-166.05,-157.79,-119.27,-117.80,-38.66,57.27,48.97,69.07,96.25,118.01,174.51,151.31,-68.94,133.73,0.62,218.5218,4.9897,4.9400,3.7770,14.3296,2.2262,1.0222,0.7834,3.6194,0.5780,6.1212,0.8228,2.0477,0.6920,4.0127
2026-08-06 10:53:02.874,15.700000,50,12,0.007572,-1.5485,165.99,0,0,0,60.0154,219.179,0.08530,1,0,0,0,0,0.007255,0.000258,0.000873,0.000173,0.001204,0.000027,0.000625,0.000096,0.000638,0.000138,0.000707,0.000128,0.000361,0.000050,0.000607,-165.99,179.98,-121.36,-122.79,-42.15,-26.64,37.70,-36.26,90.35,83.86,177.13,116.16,-84.21,-137.89,-3.42,218.5218,4.9897,4.9400,3.7770,14.3296,2.2262,1.0222,0.7834,3.6194,0.5780,6.1212,0.8228,2.0477,0.6920,4.0127
2026-08-06 10:53:02.874,15.716667,50,13,0.007542,-1.5428,166.20,0,0,0,60.0154,219.179,0.08530,1,0,0,0,0,0.007226,0.000236,0.000907,0.000175,0.001225,0.000023,0.000591,0.000018,0.000612,0.000023,0.000704,0.000007,0.000410,0.000046,0.000620,-166.20,-169.88,-121.12,-102.20,-39.36,-30.11,45.96,41.91,97.81,-74.78,175.92,48.53,-63.71,110.24,-1.43,218.5218,4.9897,4.9400,3.7770,14.3296,2.2262,1.0222,0.7834,3.6194,0.5780,6.1212,0.8228,2.0477,0.6920,4.0127
2026-08-06 10:53:02.874,15.733333,50,14,0.007595,-1.5487,166.81,0,0,0,60.0154,219.179,0.08530,1,0,0,0,0,0.007246,0.000172,0.001002,0.000151,0.001206,0.000098,0.000571,0.000061,0.000789,0.000223,0.000592,0.000197,0.000378,0.000292,0.000864,-166.81,-147.42,-117.07,-128.02,-36.08,-10.08,39.65,154.29,99.47,50.57,-171.32,-131.88,-97.62,130.56,8.62,218.5218,4.9897,4.9400,3.7770,14.3296,2.2262,1.0222,0.7834,3.6194,0.5780,6.1212,0.8228,2.0477,0.6920,4.0127
2026-08-06 10:53:02.874,15.750000,50,15,0.007564,-1.5450,166.36,0,0,0,60.0154,219.179,0.08530,1,0,0,0,0,0.007233,0.000199,0.000963,0.000104,0.001244,0.000031,0.000625,0.000078,0.000553,0.000114,0.000704,0.000111,0.000427,0.000041,0.000672,-166.36,-179.54,-120.18,-136.37,-38.42,70.99,42.52,19.13,93.86,105.96,177.67,112.23,-74.28,138.65,-3.42,218.5218,4.9897,4.9400,3.7770,14.3296,2.2262,1.0222,0.7834,3.6194,0.5780,6.1212,0.8228,2.0477,0.6920,4.0127
2026-08-06 10:53:02.874,15.766667,50,16,0.007356,-1.4881,167.51,0,0,0,60.0154,219.179,0.08530,1,0,0,0,0,0.006915,0.000376,0.000940,0.000087,0.001423,0.000177,0.000769,0.000091,0.000500,0.000164,0.000705,0.000141,0.000458,0.000394,0.000806,-167.51,-114.06,-133.61,64.18,-42.28,158.90,53.07,-23.49,105.76,117.73,166.67,-75.46,-107.83,70.28,-21.55,218.5218,4.9897,4.9400,3.7770,14.3296,2.2262,1.0222,0.7834,3.6194,0.5780,6.1212,0.8228,2.0477,0.6920,4.0127
2026-08-06 10:53:02.874,15.783333,50,17,0.007631,-1.5636,166.71,0,0,0,60.0154,219.179,0.08530,1,0,0,0,0,0.007318,0.000313,0.000863,0.000038,0.001138,0.000159,0.000737,0.000189,0.000734,0.000080,0.000586,0.000075,0.000469,0.000160,0.000595,-166.71,179.53,-124.60,175.33,-33.88,65.73,46.26,41.34,87.14,-25.73,177.42,-77.24,-77.72,-112.92,-12.66,218.5218,4.9897,4.9400,3.7770,14.3296,2.2262,1.0222,0.7834,3.6194,0.5780,6.1212,0.8228,2.0477,0.6920,4.0127
2026-08-06 10:53:02.874,15.800000,50,18,0.007557,-1.5468,166.20,0,0,0,60.0154,219.179,0.08530,1,0,0,0,0,0.007252,0.000231,0.000945,0.000138,0.001171,0.000055,0.000598,0.000098,0.000555,0.000020,0.000715,0.000082,0.000355,0.000067,0.000642,-166.20,176.47,-117.03,-129.63,-35.96,-40.19,47.18,51.19,96.53,-147.48,173.70,137.63,-71.05,-143.65,-1.76,218.5218,4.9897,4.9400,3.7770,14.3296,2.2262,1.0222,0.7834,3.6194,0.5780,6.1212,0.8228,2.0477,0.6920,4.0127
2026-08-06 10:53:02.874,15.816667,50,19,0.007503,-1.5210,165.49,0,0,0,60.0154,219.179,0.08530,1,0,0,0,0,0.007149,0.000178,0.000905,0.000173,0.001267,0.000113,0.000597,0.000171,0.000708,0.000137,0.000843,0.000107,0.000276,0.000190,0.000463,-165.49,-136.47,-110.79,-106.03,-40.59,-75.75,33.13,-43.88,93.15,157.13,-173.09,-77.27,-54.35,141.38,-18.43,218.5218,4.9897,4.9400,3.7770,14.3296,2.2262,1.0222,0.7834,3.6194,0.5780,6.1212,0.8228,2.0477,0.6920,4.0127
2026-08-06 10:53:02.874,15.833333,50,20,0.007500,-1.5328,166.05,0,0,0,60.0154,219.179,0.08530,1,0,0,0,0,0.007183,0.000191,0.000958,0.000170,0.001227,0.000053,0.000582,0.000096,0.000647,0.000041,0.000717,0.000033,0.000400,0.000073,0.000577,-166.05,-148.40,-115.95,-124.71,-39.62,111.89,49.14,81.59,93.15,116.08,176.57,143.67,-74.64,163.65,-4.02,218.5218,4.9897,4.9400,3.7770,14.3296,2.2262,1.0222,0.7834,3.6194,0.5780,6.1212,0.8228,2.0477,0.6920,4.0127
2026-08-06 10:53:02.874,15.850000,50,21,0.007523,-1.5372,165.96,0,0,0,60.0154,219.179,0.08530,1,0,0,0,0,0.007211,0.000232,0.000900,0.000134,0.001258,0.000037,0.000612,0.000092,0.000622,0.000103,0.000661,0.000159,0.000356,0.000060,0.000633,-165.96,-174.45,-116.35,-102.65,-38.33,71.03,44.97,74.27,98.15,104.06,174.46,173.49,-74.27,134.11,-1.47,218.5218,4.9897,4.9400,3.7770,14.3296,2.2262,1.0222,0.7834,3.6194,0.5780,6.1212,0.8228,2.0477,0.6920,4.0127
2026-08-06 10:53:02.874,15.866667,50,22,0.007608,-1.5532,165.83,0,0,0,60.0154,219.179,0.08530,1,0,0,0,0,0.007285,0.000276,0.000979,0.000153,0.001256,0.000024,0.000661,0.000053,0.000636,0.000061,0.000714,0.000034,0.000324,0.000028,0.000567,-165.83,-169.81,-118.19,-108.72,-40.53,-10.21,45.44,4.67,93.42,74.94,174.69,117.25,-84.57,137.76,-0.42,218.5218,4.9897,4.9400,3.7770,14.3296,2.2262,1.0222,0.7834,3.6194,0.5780,6.1212,0.8228,2.0477,0.6920,4.0127
2026-08-06 10:53:02.874,15.883333,50,23,0.007568,-1.5535,167.80,0,0,0,60.0154,219.179,0.08530,1,0,0,0,0,0.007224,0.000094,0.000956,0.000253,0.001086,0.000125,0.000777,0.000125,0.000415,0.000220,0.000820,0.000255,0.000589,0.000272,0.000462,-167.80,162.66,-112.41,-103.62,-44.76,89.45,44.72,-31.96,105.99,-174.49,161.81,56.27,-46.60,-74.11,-15.28,218.5218,4.9897,4.9400,3.7770,14.3296,2.2262,1.0222,0.7834,3.6194,0.5780,6.1212,0.8228,2.0477,0.6920,4.0127
2026-08-06 10:53:02.874,15.900000,50,24,0.007542,-1.5402,166.06,0,0,0,60.0154,219.179,0.08530,1,0,0,0,0,0.007221,0.000241,0.000906,0.000147,0.001232,0.000032,0.000632,0.000073,0.000663,0.000049,0.000784,0.000084,0.000410,0.000045,0.000566,-166.06,-171.99,-115.82,-118.33,-35.54,2.04,47.99,78.35,93.84,76.98,175.17,126.79,-79.92,128.05,-5.71,218.5218,4.9897,4.9400,3.7770,14.3296,2.2262,1.0222,0.7834,3.6194,0.5780,6.1212,0.8228,2.0477,0.6920,4.0127
2026-08-06 10:53:02.874,15.916667,50,25,0.007497,-1.5279,165.69,0,0,0,60.0154,219.179,0.08530,1,0,0,0,0,0.007172,0.000276,0.000969,0.000183,0.001215,0.000089,0.000649,0.000104,0.000539,0.000085,0.000785,0.000143,0.000333,0.000071,0.000641,-165.69,-161.05,-119.73,-143.17,-37.51,51.71,41.75,8.62,87.01,66.97,-176.64,122.74,-74.96,77.52,2.80,218.5218,4.9897,4.9400,3.7770,14.3296,2.2262,1.0222,0.7834,3.6194,0.5780,6.1212,0.8228,2.0477,0.6920,4.0127
2026-08-06 10:53:02.874,15.933333,50,26,0.007495,-1.5278,167.30,0,0,0,60.0154,219.179,0.08530,1,0,0,0,0,0.007129,0.000137,0.000898,0.000016,0.001304,0.000121,0.000764,0.000196,0.000569,0.000249,0.000517,0.000231,0.000300,0.000202,0.000836,-167.30,-146.39,-122.30,137.18,-38.10,-171.81,58.33,-44.90,122.72,123.68,168.41,-101.52,-111.35,45.24,-15.64,218.5218,4.9897,4.9400,3.7770,14.3296,2.2262,1.0222,0.7834,3.6194,0.5780,6.1212,0.8228,2.0477,0.6920,4.0127
2026-08-06 10:53:02.874,15.950000,50,27,0.007587,-1.5501,166.13,0,0,0,60.0154,219.179,0.08530,1,0,0,0,0,0.007265,0.000201,0.000905,0.000146,0.001231,0.000048,0.000648,0.000057,0.000699,0.000006,0.000713,0.000086,0.000366,0.000041,0.000630,-166.13,-165.63,-113.83,-118.29,-38.19,42.98,49.15,152.42,94.66,-76.71,175.08,-121.12,-75.18,142.18,2.02,218.5218,4.9897,4.9400,3.7770,14.3296,2.2262,1.0222,0.7834,3.6194,0.5780,6.1212,0.8228,2.0477,0.6920,4.0127
2026-08-06 10:53:02.874,15.966667,50,28,0.007581,-1.5500,165.96,0,0,0,60.0154,219.179,0.08530,1,0,0,0,0,0.007267,0.000206,0.000880,0.000116,0.001217,0.000023,0.000646,0.000077,0.000654,0.000112,0.000724,0.000123,0.000360,0.000045,0.000634,-165.96,-174.01,-118.48,-107.02,-40.75,84.25,45.05,-29.07,94.05,97.41,174.50,164.42,-73.18,-130.99,1.27,218.5218,4.9897,4.9400,3.7770,14.3296,2.2262,1.0222,0.7834,3.6194,0.5780,6.1212,0.8228,2.0477,0.6920,4.0127
2026-08-06 10:53:02.874,15.983333,50,29,0.007527,-1.5365,166.10,0,0,0,60.0154,219.179,0.08530,1,0,0,0,0,0.007203,0.000163,0.000945,0.000163,0.001234,0.000059,0.000575,0.000105,0.000682,0.000048,0.000711,0.000072,0.000293,0.000137,0.000430,-166.10,-158.67,-116.75,-127.23,-38.42,33.02,41.26,125.84,88.51,25.76,179.19,142.14,-62.20,-50.05,-3.43,218.5218,4.9897,4.9400,3.7770,14.3296,2.2262,1.0222,0.7834,3.6194,0.5780,6.1212,0.8228,2.0477,0.6920,4.0127
2026-08-06 10:53:03.175,16.000000,51,0,0.007588,-1.5524,166.45,0,0,0,60.0192,219.158,0.08506,1,0,0,0,0,0.007267,0.000179,0.000929,0.000122,0.001221,0.000023,0.000611,0.000065,0.000704,0.000052,0.000786,0.000104,0.000382,0.000053,0.000628,-166.45,-163.27,-119.75,-107.62,-37.01,-41.44,49.09,106.99,93.85,-148.09,173.27,-154.75,-77.87,-154.64,-1.95,218.5060,4.9685,4.9319,3.7597,14.2515,2.2137,1.0599,0.7433,3.6531,0.6044,6.1474,0.8075,1.9767,0.6748,4.0645
2026-08-06 10:53:03.175,16.016667,51,1,0.007614,-1.5525,165.47,0,0,0,60.0192,219.158,0.08506,1,0,0,0,0,0.007289,0.000280,0.000854,0.000221,0.001134,0.000073,0.000508,0.000086,0.000642,0.000079,0.000816,0.000079,0.000445,0.000156,0.000781,-165.47,177.17,-113.85,-121.14,-38.54,0.67,40.19,92.98,86.46,-166.52,164.33,-25.29,-89.86,80.89,-8.39,218.5060,4.9685,4.9319,3.7597,14.2515,2.2137,1.0599,0.7433,3.6531,0.6044,6.1474,0.8075,1.9767,0.6748,4.0645
2026-08-06 10:53:03.175,16.033333,51,2,0.007546,-1.5459,166.37,0,0,0,60.0192,219.158,0.08506,1,0,0,0,0,0.007237,0.000266,0.000931,0.000141,0.001232,0.000054,0.000624,0.000033,0.000562,0.000097,0.000682,0.000082,0.000380,0.000053,0.000647,-166.37,-178.28,-118.86,-143.78,-38.58,30.06,49.86,75.86,97.30,137.80,178.74,141.61,-70.27,169.04,-4.93,218.5060,4.9685,4.9319,3.7597,14.2515,2.2137,1.0599,0.7433,3.6531,0.6044,6.1474,0.8075,1.9767,0.6748,4.0645
2026-08-06 10:53:03.175,16.050000,51,3,0.007509,-1.5358,166.68,0,0,0,60.0192,219.158,0.08506,1,0,0,0,0,0.007181,0.000179,0.000973,0.000100,0.001199,0.000030,0.000631,0.000087,0.000682,0.000068,0.000718,0.000019,0.000396,0.000075,0.000664,-166.68,-150.41,-118.59,-98.72,-37.81,100.54,47.16,92.90,98.93,-151.83,177.98,155.62,-72.48,-151.18,-2.89,218.5060,4.9685,4.9319,3.7597,14.2515,2.2137,1.0599,0.7433,3.6531,0.6044,6.1474,0.8075,1.9767,0.6748,4.0645
2026-08-06 10:53:03.175,16.066667,51,4,0.007535,-1.5386,165.43,0,0,0,60.0192,219.158,0.08506,1,0,0,0,0,0.007231,0.000210,0.000849,0.000114,0.001200,0.000115,0.000666,0.000038,0.000631,0.000100,0.000701,0.000062,0.000377,0.000054,0.000632,-165.43,168.28,-115.88,-101.86,-40.29,123.98,49.13,-33.84,103.07,122.88,177.05,176.61,-78.14,105.81,1.86,218.5060,4.9685,4.9319,3.7597,14.2515,2.2137,1.0599,0.7433,3.6531,0.6044,6.1474,0.8075,1.9767,0.6748,4.0645
2026-08-06 10:53:03.175,16.083333,51,5,0.007494,-1.5296,165.92,0,0,0,60.0192,219.158,0.08506,1,0,0,0,0,0.007166,0.000262,0.000911,0.000174,0.001215,0.000067,0.000661,0.000082,0.000684,0.000055,0.000756,0.000077,0.000282,0.000147,0.000536,-165.92,-164.56,-114.96,-118.60,-40.91,156.65,45.58,-127.57,94.29,-96.59,164.75,-55.07,-93.71,-19.72,0.76,218.5060,4.9685,4.9319,3.7597,14.2515,2.2137,1.0599,0.7433,3.6531,0.6044,6.1474,0.8075,1.9767,0.6748,4.0645
2026-08-06 10:53:03.175,16.100000,51,6,0.007520,-1.5379,166.23,0,0,0,60.0192,219.158,0.08506,1,0,0,0,0,0.007204,0.000209,0.000892,0.000167,0.001202,0.000069,0.000607,0.000064,0.000651,0.000114,0.000697,0.000066,0.000357,0.000047,0.000609,-166.23,-169.46,-117.50,-114.79,-38.52,-30.36,52.71,98.22,96.95,174.24,175.34,-134.30,-72.64,-3.68,2.18,218.5060,4.9685,4.9319,3.7597,14.2515,2.2137,1.0599,0.7433,3.6531,0.6044,6.1474,0.8075,1.9767,0.6748,4.0645
2026-08-06 10:53:03.175,16.116667,51,7,0.007548,-1.5421,166.17,0,0,0,60.0192,219.158,0.08506,1,0,0,0,0,0.007225,0.000121,0.001011,0.000118,0.001235,0.000037,0.000553,0.000180,0.000601,0.000080,0.000765,0.000098,0.000417,0.000148,0.000621,-166.17,-155.44,-118.95,-66.93,-41.79,36.63,49.38,63.85,100.01,96.71,178.82,155.39,-84.57,140.42,-3.28,218.5060,4.9685,4.9319,3.7597,14.2515,2.2137,1.0599,0.7433,3.6531,0.6044,6.1474,0.8075,1.9767,0.6748,4.0645
2026-08-06 10:53:03.175,16.133333,51,8,0.007637,-1.5491,166.25,0,0,0,60.0192,219.158,0.08506,1,0,0,0,0,0.007248,0.000267,0.000958,0.000119,0.001266,0.000033,0.000704,0.000057,0.000654,0.000111,0.000791,0.000201,0.000513,0.000160,0.000748,-166.25,-170.43,-117.48,-117.85,-39.78,109.77,45.74,-35.14,101.54,34.26,178.88,95.61,-79.24,134.44,0.93,218.5060,4.9685,4.9319,3.7597,14.2515,2.2137,1.0599,0.7433,3.6531,0.6044,6.1474,0.8075,1.9767,0.6748,4.0645
2026-08-06 10:53:03.175,16.150000,51,9,0.007527,-1.5404,166.63,0,0,0,60.0192,219.158,0.08506,1,0,0,0,0,0.007200,0.000232,0.000966,0.000151,0.001238,0.000029,0.000639,0.000054,0.000611,0.000011,0.000773,0.000094,0.000432,0.000039,0.000568,-166.63,-164.60,-118.28,-121.48,-38.82,-76.66,49.04,-4.76,97.93,55.31,176.19,74.55,-76.30,-52.15,-3.88,218.5060,4.9685,4.9319,3.7597,14.2515,2.2137,1.0599,0.7433,3.6531,0.6044,6.1474,0.8075,1.9767,0.6748,4.0645
2026-08-06 10:53:03.175,16.166667,51,10,0.007477,-1.5281,166.20,0,0,0,60.0192,219.158,0.08506,1,0,0,0,0,0.007159,0.000222,0.000902,0.000148,0.001216,0.000026,0.000551,0.000133,0.000645,0.000060,0.000753,0.000081,0.000421,0.000079,0.000570,-166.20,-165.31,-115.45,-129.67,-39.01,41.67,47.67,59.51,94.10,82.02,178.31,148.93,-75.36,154.18,-0.76,218.5060,4.9685,4.9319,3.7597,14.2515,2.2137,1.0599,0.7433,3.6531,0.6044,6.1474,0.8075,1.9767,0.6748,4.0645
2026-08-06 10:53:03.175,16.183333,51,11,0.007542,-1.5271,165.37,0,0,0,60.0192,219.158,0.08506,1,0,0,0,0,0.007188,0.000191,0.001029,0.000118,0.001151,0.000039,0.000675,0.000098,0.000538,0.000177,0.000813,0.000096,0.000368,0.000181,0.000638,-165.37,161.11,-116.58,-94.83,-38.18,-169.52,47.32,117.22,91.87,100.76,-172.72,70.87,-101.49,-74.61,13.23,218.5060,4.9685,4.9319,3.7597,14.2515,2.2137,1.0599,0.7433,3.6531,0.6044,6.1474,0.8075,1.9767,0.6748,4.0645
2026-08-06 10:53:03.175,16.200000,51,12,0.007617,-1.5637,166.63,0,0,0,60.0192,219.158,0.08506,1,0,0,0,0,0.007313,0.000231,0.000947,0.000164,0.001197,0.000019,0.000616,0.000006,0.000645,0.000011,0.000683,0.000056,0.000334,0.000030,0.000636,-166.63,-164.63,-116.09,-133.32,-37.34,-49.81,51.14,-79.88,95.63,-88.40,174.92,106.82,-66.99,170.08,-4.40,218.5060,4.9685,4.9319,3.7597,14.2515,2.2137,1.0599,0.7433,3.6531,0.6044,6.1474,0.8075,1.9767,0.6748,4.0645
2026-08-06 10:53:03.175,16.216667,51,13,0.007512,-1.5406,167.01,0,0,0,60.0192,219.158,0.08506,1,0,0,0,0,0.007192,0.000261,0.000848,0.000189,0.001270,0.000050,0.000551,0.000163,0.000691,0.000047,0.000727,0.000070,0.000385,0.000119,0.000679,-167.01,-155.12,-116.91,-122.66,-37.81,89.93,47.62,70.43,98.14,-56.51,173.29,-142.72,-69.54,178.94,-3.36,218.5060,4.9685,4.9319,3.7597,14.2515,2.2137,1.0599,0.7433,3.6531,0.6044,6.1474,0.8075,1.9767,0.6748,4.0645
2026-08-06 10:53:03.175,16.233333,51,14,0.007641,-1.5559,166.11,0,0,0,60.0192,219.158,0.08506,1,0,0,0,0,0.007288,0.000270,0.000975,0.000246,0.001292,0.000122,0.000567,0.000204,0.000686,0.000169,0.000720,0.000234,0.000360,0.000119,0.000623,-166.11,-155.56,-121.53,-124.29,-41.94,-55.29,40.94,4.52,83.39,49.73,160.89,146.15,-83.74,-162.93,-9.45,218.5060,4.9685,4.9319,3.7597,14.2515,2.2137,1.0599,0.7433,3.6531,0.6044,6.1474,0.8075,1.9767,0.6748,4.0645
2026-08-06 10:53:03.175,16.250000,51,15,0.007546,-1.5415,165.86,0,0,0,60.0192,219.158,0.08506,1,0,0,0,0,0.007232,0.000208,0.000951,0.000191,0.001236,0.000036,0.000565,0.000050,0.000603,0.000100,0.000731,0.000125,0.000324,0.000061,0.000620,-165.86,-175.93,-119.85,-123.62,-41.57,89.33,53.97,-169.74,100.97,108.69,179.74,118.84,-67.69,152.66,6.64,218.5060,4.9685,4.9319,3.7597,14.2515,2.2137,1.0599,0.7433,3.6531,0.6044,6.1474,0.8075,1.9767,0.6748,4.0645
2026-08-06 10:53:03.175,16.266667,51,16,0.007529,-1.5371,166.11,0,0,0,60.0192,219.158,0.08506,1,0,0,0,0,0.007199,0.000191,0.000934,0.000139,0.001206,0.000065,0.000633,0.000060,0.000684,0.000022,0.000729,0.000058,0.000419,0.000071,0.000675,-166.11,-179.42,-116.13,-123.08,-38.88,129.93,51.51,144.35,99.33,-107.32,174.83,-4.32,-68.37,-72.42,-1.37,218.5060,4.9685,4.9319,3.7597,14.2515,2.2137,1.0599,0.7433,3.6531,0.6044,6.1474,0.8075,1.9767,0.6748,4.0645
2026-08-06 10:53:03.175,16.283333,51,17,0.007864,-1.5689,162.85,0,0,0,60.0192,219.158,0.08506,1,0,0,0,0,0.007471,0.000243,0.000381,0.000386,0.001331,0.000557,0.001081,0.000352,0.000550,0.000337,0.000423,0.000313,0.000426,0.000132,0.000897,-162.85,24.87,-136.84,147.46,-52.86,-27.32,48.18,126.29,123.39,-62.47,161.89,100.31,-88.26,-78.41,-2.71,218.5060,4.9685,4.9319,3.7597,14.2515,2.2137,1.0599,0.7433,3.6531,0.6044,6.1474,0.8075,1.9767,0.6748,4.0645
2026-08-06 10:53:03.175,16.300000,51,18,0.007510,-1.5382,166.29,0,0,0,60.0192,219.158,0.08506,1,0,0,0,0,0.007203,0.000280,0.000836,0.000173,0.001231,0.000063,0.000667,0.000056,0.000574,0.000080,0.000654,0.000034,0.000365,0.000029,0.000632,-166.29,178.01,-118.11,-121.50,-39.66,79.64,49.29,3.47,95.72,113.99,178.54,144.86,-72.72,161.08,-1.37,218.5060,4.9685,4.9319,3.7597,14.2515,2.2137,1.0599,0.7433,3.6531,0.6044,6.1474,0.8075,1.9767,0.6748,4.0645
2026-08-06 10:53:03.175,16.316667,51,19,0.007534,-1.5434,167.15,0,0,0,60.0192,219.158,0.08506,1,0,0,0,0,0.007202,0.000284,0.000971,0.000087,0.001219,0.000007,0.000538,0.000032,0.000682,0.000066,0.000782,0.000097,0.000361,0.000054,0.000643,-167.15,-165.72,-116.30,-107.18,-36.47,-7.37,46.69,-9.78,93.70,-176.16,-179.17,18.74,-65.54,-163.63,-6.46,218.5060,4.9685,4.9319,3.7597,14.2515,2.2137,1.0599,0.7433,3.6531,0.6044,6.1474,0.8075,1.9767,0.6748,4.0645
2026-08-06 10:53:03.175,16.333333,51,20,0.007568,-1.5417,166.34,0,0,0,60.0192,219.158,0.08506,1,0,0,0,0,0.007217,0.000283,0.000989,0.000081,0.001268,0.000163,0.000535,0.000241,0.000561,0.000134,0.000794,0.000174,0.000581,0.000136,0.000601,-166.34,171.81,-110.79,141.40,-44.45,104.76,36.71,80.52,115.30,72.21,-174.68,100.50,-93.86,72.63,-10.98,218.5060,4.9685,4.9319,3.7597,14.2515,2.2137,1.0599,0.7433,3.6531,0.6044,6.1474,0.8075,1.9767,0.6748,4.0645
2026-08-06 10:53:03.175,16.350000,51,21,0.007543,-1.5437,166.10,0,0,0,60.0192,219.158,0.08506,1,0,0,0,0,0.007234,0.000253,0.000900,0.000160,0.001232,0.000021,0.000625,0.000034,0.000600,0.000084,0.000678,0.000098,0.000339,0.000024,0.000616,-166.10,177.28,-116.72,-123.19,-39.99,0.35,48.04,-19.88,96.22,117.94,177.13,152.82,-79.95,179.43,-4.46,218.5060,4.9685,4.9319,3.7597,14.2515,2.2137,1.0599,0.7433,3.6531,0.6044,6.1474,0.8075,1.9767,0.6748,4.0645
2026-08-06 10:53:03.175,16.366667,51,22,0.007572,-1.5476,166.05,0,0,0,60.0192,219.158,0.08506,1,0,0,0,0,0.007254,0.000207,0.000932,0.000093,0.001173,0.000014,0.000645,0.000027,0.000688,0.000029,0.000717,0.000036,0.000326,0.000033,0.000658,-166.05,-166.52,-117.64,-97.84,-37.93,156.85,47.77,-43.72,101.47,61.55,174.53,110.20,-64.75,-35.03,-5.18,218.5060,4.9685,4.9319,3.7597,14.2515,2.2137,1.0599,0.7433,3.6531,0.6044,6.1474,0.8075,1.9767,0.6748,4.0645
2026-08-06 10:53:03.175,16.383333,51,23,0.007473,-1.5036,165.84,0,0,0,60.0192,219.158,0.08506,1,0,0,0,0,0.007056,0.000345,0.000970,0.000180,0.001424,0.000088,0.000708,0.000241,0.000626,0.000266,0.000784,0.000295,0.000517,0.000184,0.000619,-165.84,-172.42,-106.98,-166.59,-36.87,109.70,34.20,101.72,86.14,114.34,177.35,134.98,-98.85,178.07,-29.39,218.5060,4.9685,4.9319,3.7597,14.2515,2.2137,1.0599,0.7433,3.6531,0.6044,6.1474,0.8075,1.9767,0.6748,4.0645
2026-08-06 10:53:03.175,16.400000,51,24,0.007613,-1.5585,165.75,0,0,0,60.0192,219.158,0.08506,1,0,0,0,0,0.007315,0.000161,0.000878,0.000153,0.001175,0.000063,0.000617,0.000018,0.000648,0.000092,0.000637,0.000129,0.000325,0.000031,0.000595,-165.75,178.37,-116.83,-118.28,-40.63,114.37,46.41,52.38,93.64,143.21,171.46,-179.28,-68.60,-146.12,-2.13,218.5060,4.9685,4.9319,3.7597,14.2515,2.2137,1.0599,0.7433,3.6531,0.6044,6.1474,0.8075,1.9767,0.6748,4.0645
2026-08-06 10:53:03.175,16.416667,51,25,0.007435,-1.5186,166.38,0,0,0,60.0192,219.158,0.08506,1,0,0,0,0,0.007094,0.000188,0.000941,0.000168,0.001224,0.000031,0.000624,0.000030,0.000660,0.000051,0.000761,0.000126,0.000404,0.000045,0.000691,-166.38,-177.02,-120.77,-140.18,-43.33,153.15,39.06,122.41,96.29,100.47,173.71,150.58,-73.35,-123.67,-10.27,218.5060,4.9685,4.9319,3.7597,14.2515,2.2137,1.0599,0.7433,3.6531,0.6044,6.1474,0.8075,1.9767,0.6748,4.0645
2026-08-06 10:53:03.175,16.433333,51,26,0.007506,-1.5280,165.57,0,0,0,60.0192,219.158,0.08506,1,0,0,0,0,0.007176,0.000213,0.000920,0.000173,0.001249,0.000049,0.000632,0.000049,0.000666,0.000079,0.000674,0.000062,0.000372,0.000126,0.000651,-165.57,-154.38,-116.05,-96.36,-41.00,41.32,42.78,67.70,95.47,68.00,175.50,110.31,-69.40,103.45,0.81,218.5060,4.9685,4.9319,3.7597,14.2515,2.2137,1.0599,0.7433,3.6531,0.6044,6.1474,0.8075,1.9767,0.6748,4.0645
2026-08-06 10:53:03.175,16.450000,51,27,0.007587,-1.5499,166.37,0,0,0,60.0192,219.158,0.08506,1,0,0,0,0,0.007247,0.000268,0.000938,0.000177,0.001193,0.000056,0.000702,0.000040,0.000671,0.000177,0.000746,0.000098,0.000272,0.000078,0.000691,-166.37,-167.06,-113.32,-139.65,-39.90,42.45,53.80,51.27,97.57,94.19,172.73,123.37,-72.88,170.69,6.50,218.5060,4.9685,4.9319,3.7597,14.2515,2.2137,1.0599,0.7433,3.6531,0.6044,6.1474,0.8075,1.9767,0.6748,4.0645
2026-08-06 10:53:03.175,16.466667,51,28,0.007558,-1.5480,166.48,0,0,0,60.0192,219.158,0.08506,1,0,0,0,0,0.007237,0.000225,0.000897,0.000137,0.001237,0.000041,0.000639,0.000027,0.000648,0.000042,0.000730,0.000055,0.000345,0.000036,0.000646,-166.48,-178.64,-118.42,-113.45,-39.45,4.67,46.93,122.41,95.84,117.78,176.14,146.41,-63.00,167.99,-3.33,218.5060,4.9685,4.9319,3.7597,14.2515,2.2137,1.0599,0.7433,3.6531,0.6044,6.1474,0.8075,1.9767,0.6748,4.0645
2026-08-06 10:53:03.175,16.483333,51,29,0.007589,-1.5541,166.46,0,0,0,60.0192,219.158,0.08506,1,0,0,0,0,0.007269,0.000282,0.000991,0.000168,0.001224,0.000013,0.000547,0.000102,0.000590,0.000085,0.000730,0.000092,0.000466,0.000106,0.000604,-166.46,-163.60,-115.82,-124.09,-40.50,16.54,48.27,112.79,101.25,-176.89,-177.45,160.04,-75.58,-157.56,-6.84,218.5060,4.9685,4.9319,3.7597,14.2515,2.2137,1.0599,0.7433,3.6531,0.6044,6.1474,0.8075,1.9767,0.6748,4.0645
2026-08-06 10:53:03.429,16.500000,52,0,0.007521,-1.5319,165.68,0,0,0,60.0192,219.202,0.08519,1,0,0,0,0,0.007197,0.000158,0.000874,0.000081,0.001246,0.000053,0.000650,0.000096,0.000555,0.000043,0.000719,0.000116,0.000386,0.000065,0.000744,-165.68,-173.51,-117.55,-92.79,-35.89,57.48,40.29,-28.28,93.46,147.72,170.66,143.54,-67.29,-14.19,-2.70,218.5473,5.0163,4.9531,3.7849,14.2790,2.2220,1.0207,0.7437,3.6363,0.6214,6.1105,0.8476,1.9982,0.6494,4.0674
2026-08-06 10:53:03.429,16.516667,52,1,0.007514,-1.5355,166.14,0,0,0,60.0192,219.202,0.08519,1,0,0,0,0,0.007186,0.000269,0.000924,0.000102,0.001232,0.000056,0.000682,0.000016,0.000669,0.000013,0.000718,0.000102,0.000346,0.000051,0.000672,-166.14,-167.27,-115.58,-144.48,-38.88,134.88,44.06,-168.27,95.95,84.11,176.17,104.14,-79.01,116.62,-9.36,218.5473,5.0163,4.9531,3.7849,14.2790,2.2220,1.0207,0.7437,3.6363,0.6214,6.1105,0.8476,1.9982,0.6494,4.0674
2026-08-06 10:53:03.429,16.533333,52,2,0.007478,-1.5194,165.81,0,0,0,60.0192,219.202,0.08519,1,0,0,0,0,0.007133,0.000192,0.000971,0.000078,0.001231,0.000066,0.000507,0.000191,0.000816,0.000069,0.000708,0.000171,0.000312,0.000175,0.000681,-165.81,-140.17,-112.80,-106.68,-39.53,-57.83,38.65,-169.37,107.88,124.39,177.98,-147.46,-113.05,138.56,5.23,218.5473,5.0163,4.9531,3.7849,14.2790,2.2220,1.0207,0.7437,3.6363,0.6214,6.1105,0.8476,1.9982,0.6494,4.0674
2026-08-06 10:53:03.429,16.550000,52,3,0.007540,-1.5337,165.11,0,0,0,60.0192,219.202,0.08519,1,0,0,0,0,0.007218,0.000279,0.000938,0.000174,0.001198,0.000057,0.000614,0.000127,0.000626,0.000076,0.000684,0.000090,0.000338,0.000055,0.000656,-165.11,-168.29,-115.43,-117.08,-38.57,46.55,51.44,61.46,97.64,115.23,174.46,149.02,-74.81,141.55,-4.60,218.5473,5.0163,4.9531,3.7849,14.2790,2.2220,1.0207,0.7437,3.6363,0.6214,6.1105,0.8476,1.9982,0.6494,4.0674
2026-08-06 10:53:03.429,16.566667,52,4,0.007519,-1.5384,166.22,0,0,0,60.0192,219.202,0.08519,1,0,0,0,0,0.007205,0.000182,0.000867,0.000105,0.001230,0.000031,0.000607,0.000067,0.000639,0.000019,0.000750,0.000074,0.000330,0.000036,0.000644,-166.22,-169.27,-115.22,-121.59,-38.33,-28.58,48.38,-94.35,99.72,158.44,178.26,152.63,-69.62,-178.63,-2.87,218.5473,5.0163,4.9531,3.7849,14.2790,2.2220,1.0207,0.7437,3.6363,0.6214,6.1105,0.8476,1.9982,0.6494,4.0674
2026-08-06 10:53:03.429,16.583333,52,5,0.007441,-1.5202,165.92,0,0,0,60.0192,219.202,0.08519,1,0,0,0,0,0.007127,0.000219,0.000944,0.000153,0.001181,0.000045,0.000609,0.000074,0.000648,0.000044,0.000664,0.000040,0.000421,0.000118,0.000665,-165.92,-157.35,-117.60,-111.86,-40.75,123.08,50.56,101.23,99.68,135.28,177.13,153.96,-74.69,-171.43,-3.77,218.5473,5.0163,4.9531,3.7849,14.2790,2.2220,1.0207,0.7437,3.6363,0.6214,6.1105,0.8476,1.9982,0.6494,4.0674
2026-08-06 10:53:03.429,16.600000,52,6,0.007574,-1.5473,166.24,0,0,0,60.0192,219.202,0.08519,1,0,0,0,0,0.007253,0.000174,0.000912,0.000156,0.001222,0.000041,0.000608,0.000073,0.000627,0.000164,0.000655,0.000050,0.000429,0.000107,0.000452,-166.24,179.03,-112.95,-136.08,-38.71,40.63,47.02,17.47,101.93,116.98,165.24,142.49,-69.67,-123.70,-2.63,218.5473,5.0163,4.9531,3.7849,14.2790,2.2220,1.0207,0.7437,3.6363,0.6214,6.1105,0.8476,1.9982,0.6494,4.0674
2026-08-06 10:53:03.429,16.616667,52,7,0.007555,-1.5459,166.31,0,0,0,60.0192,219.202,0.08519,1,0,0,0,0,0.007235,0.000295,0.000923,0.000135,0.001237,0.000042,0.000637,0.000026,0.000618,0.000050,0.000675,0.000062,0.000331,0.000072,0.000674,-166.31,-174.49,-117.58,-110.19,-41.11,4.95,48.29,-4.25,100.20,79.54,-177.17,74.96,-74.73,142.55,-0.87,218.5473,5.0163,4.9531,3.7849,14.2790,2.2220,1.0207,0.7437,3.6363,0.6214,6.1105,0.8476,1.9982,0.6494,4.0674
2026-08-06 10:53:03.429,16.633333,52,8,0.007548,-1.5420,165.94,0,0,0,60.0192,219.202,0.08519,1,0,0,0,0,0.007232,0.000245,0.000947,0.000098,0.001197,0.000160,0.000584,0.000065,0.000676,0.000061,0.000725,0.000048,0.000420,0.000102,0.000544,-165.94,-157.88,-120.84,-155.62,-36.25,24.65,46.72,159.09,98.23,166.85,173.81,-27.10,-74.37,-132.67,1.69,218.5473,5.0163,4.9531,3.7849,14.2790,2.2220,1.0207,0.7437,3.6363,0.6214,6.1105,0.8476,1.9982,0.6494,4.0674
2026-08-06 10:53:03.429,16.650000,52,9,0.007608,-1.5537,166.20,0,0,0,60.0192,219.202,0.08519,1,0,0,0,0,0.007279,0.000256,0.000879,0.000060,0.001289,0.000083,0.000546,0.000057,0.000625,0.000161,0.000686,0.000083,0.000482,0.000107,0.000529,-166.20,-161.86,-115.80,-161.70,-38.92,17.06,42.65,127.22,98.67,95.45,172.47,-85.39,-76.86,171.38,-3.43,218.5473,5.0163,4.9531,3.7849,14.2790,2.2220,1.0207,0.7437,3.6363,0.6214,6.1105,0.8476,1.9982,0.6494,4.0674
2026-08-06 10:53:03.429,16.666667,52,10,0.007540,-1.5390,166.10,0,0,0,60.0192,219.202,0.08519,1,0,0,0,0,0.007211,0.000253,0.000910,0.000146,0.001255,0.000027,0.000624,0.000059,0.000596,0.000038,0.000744,0.000053,0.000392,0.000028,0.000668,-166.10,-164.64,-115.94,-129.01,-38.02,-81.41,48.85,-92.66,101.53,81.88,178.92,122.33,-69.13,56.05,-3.66,218.5473,5.0163,4.9531,3.7849,14.2790,2.2220,1.0207,0.7437,3.6363,0.6214,6.1105,0.8476,1.9982,0.6494,4.0674
2026-08-06 10:53:03.429,16.683333,52,11,0.007491,-1.5343,166.61,0,0,0,60.0192,219.202,0.08519,1,0,0,0,0,0.007171,0.000216,0.000898,0.000125,0.001223,0.000037,0.000638,0.000025,0.000674,0.000034,0.000731,0.000009,0.000347,0.000041,0.000642,-166.61,-172.65,-119.22,-122.42,-39.73,-13.70,50.37,-138.19,96.90,-139.85,175.61,-105.85,-81.31,-148.15,-0.02,218.5473,5.0163,4.9531,3.7849,14.2790,2.2220,1.0207,0.7437,3.6363,0.6214,6.1105,0.8476,1.9982,0.6494,4.0674
2026-08-06 10:53:03.429,16.700000,52,12,0.007409,-1.5209,166.73,0,0,0,60.0192,219.202,0.08519,1,0,0,0,0,0.007104,0.000308,0.000838,0.000143,0.001163,0.000116,0.000546,0.000092,0.000621,0.000070,0.000659,0.000263,0.000356,0.000188,0.000525,-166.73,-141.06,-124.79,-64.96,-44.89,79.79,39.88,101.16,100.28,94.36,-176.22,153.21,-51.69,-122.66,19.79,218.5473,5.0163,4.9531,3.7849,14.2790,2.2220,1.0207,0.7437,3.6363,0.6214,6.1105,0.8476,1.9982,0.6494,4.0674
2026-08-06 10:53:03.429,16.716667,52,13,0.007484,-1.5337,166.24,0,0,0,60.0192,219.202,0.08519,1,0,0,0,0,0.007180,0.000198,0.000871,0.000084,0.001182,0.000028,0.000633,0.000042,0.000661,0.000036,0.000754,0.000051,0.000287,0.000055,0.000626,-166.24,-168.73,-120.89,-119.44,-40.20,113.32,49.91,-109.33,93.75,137.12,175.65,164.62,-81.35,-125.60,-0.13,218.5473,5.0163,4.9531,3.7849,14.2790,2.2220,1.0207,0.7437,3.6363,0.6214,6.1105,0.8476,1.9982,0.6494,4.0674
2026-08-06 10:53:03.429,16.733333,52,14,0.007536,-1.5414,165.52,0,0,0,60.0192,219.202,0.08519,1,0,0,0,0,0.007238,0.000261,0.000875,0.000162,0.001110,0.000117,0.000591,0.000083,0.000686,0.000029,0.000764,0.000075,0.000414,0.000093,0.000601,-165.52,-171.94,-115.31,-98.34,-40.60,64.85,39.48,134.75,95.29,-68.09,-179.23,128.00,-67.26,-159.48,-0.39,218.5473,5.0163,4.9531,3.7849,14.2790,2.2220,1.0207,0.7437,3.6363,0.6214,6.1105,0.8476,1.9982,0.6494,4.0674
2026-08-06 10:53:03.429,16.750000,52,15,0.007496,-1.5286,165.79,0,0,0,60.0192,219.202,0.08519,1,0,0,0,0,0.007181,0.000258,0.000949,0.000134,0.001178,0.000116,0.000560,0.000077,0.000670,0.000117,0.000618,0.000050,0.000283,0.000104,0.000739,-165.79,-166.59,-115.61,-81.28,-36.41,138.39,41.62,40.96,99.80,-169.70,-176.18,32.98,-75.65,-177.10,-1.81,218.5473,5.0163,4.9531,3.7849,14.2790,2.2220,1.0207,0.7437,3.6363,0.6214,6.1105,0.8476,1.9982,0.6494,4.0674
2026-08-06 10:53:03.429,16.766667,52,16,0.007572,-1.5504,166.41,0,0,0,60.0192,219.202,0.08519,1,0,0,0,0,0.007250,0.000261,0.000899,0.000142,0.001219,0.000044,0.000660,0.000076,0.000687,0.000060,0.000742,0.000104,0.000359,0.000054,0.000629,-166.41,-171.95,-119.19,-117.12,-38.71,6.47,47.76,-10.04,96.28,89.02,174.76,105.90,-82.24,174.09,-1.86,218.5473,5.0163,4.9531,3.7849,14.2790,2.2220,1.0207,0.7437,3.6363,0.6214,6.1105,0.8476,1.9982,0.6494,4.0674
2026-08-06 10:53:03.429,16.783333,52,17,0.007703,-1.5615,165.51,0,0,0,60.0192,219.202,0.08519,1,0,0,0,0,0.007340,0.000329,0.001016,0.000217,0.001242,0.000080,0.000654,0.000044,0.000637,0.000088,0.000775,0.000140,0.000413,0.000091,0.000711,-165.51,-148.30,-111.18,-69.82,-35.31,75.26,53.41,177.25,95.24,76.44,168.75,168.14,-80.78,-107.91,-4.42,218.5473,5.0163,4.9531,3.7849,14.2790,2.2220,1.0207,0.7437,3.6363,0.6214,6.1105,0.8476,1.9982,0.6494,4.0674
2026-08-06 10:53:03.429,16.800000,52,18,0.007638,-1.5542,166.04,0,0,0,60.0192,219.202,0.08519,1,0,0,0,0,0.007297,0.000193,0.000945,0.000120,0.001302,0.000111,0.000671,0.000215,0.000688,0.000108,0.000764,0.000193,0.000406,0.000099,0.000580,-166.04,-155.20,-117.33,-99.01,-33.07,7.90,54.59,50.65,96.77,142.32,170.74,-145.55,-93.75,-171.89,-10.49,218.5473,5.0163,4.9531,3.7849,14.2790,2.2220,1.0207,0.7437,3.6363,0.6214,6.1105,0.8476,1.9982,0.6494,4.0674
2026-08-06 10:53:03.429,16.816667,52,19,0.007609,-1.5569,165.92,0,0,0,60.0192,219.202,0.08519,1,0,0,0,0,0.007296,0.000348,0.000902,0.000161,0.001213,0.000050,0.000613,0.000044,0.000672,0.000064,0.000667,0.000133,0.000329,0.000039,0.000638,-165.92,-165.88,-116.55,-115.16,-41.35,69.01,40.75,-48.09,98.07,108.81,-179.44,132.56,-76.43,143.52,-2.44,218.5473,5.0163,4.9531,3.7849,14.2790,2.2220,1.0207,0.7437,3.6363,0.6214,6.1105,0.8476,1.9982,0.6494,4.0674
2026-08-06 10:53:03.429,16.833333,52,20,0.007574,-1.5517,165.97,0,0,0,60.0192,219.202,0.08519,1,0,0,0,0,0.007271,0.000142,0.000997,0.000116,0.001212,0.000067,0.000503,0.000087,0.000541,0.000083,0.000663,0.000099,0.000444,0.000088,0.000650,-165.97,-153.62,-118.09,-109.76,-42.99,85.14,44.13,129.38,94.01,112.58,177.88,161.19,-56.22,-153.33,1.47,218.5473,5.0163,4.9531,3.7849,14.2790,2.2220,1.0207,0.7437,3.6363,0.6214,6.1105,0.8476,1.9982,0.6494,4.0674
2026-08-06 10:53:03.429,16.850000,52,21,0.007570,-1.5477,166.04,0,0,0,60.0192,219.202,0.08519,1,0,0,0,0,0.007261,0.000145,0.000873,0.000145,0.001193,0.000046,0.000578,0.000115,0.000632,0.000050,0.000765,0.000090,0.000375,0.000094,0.000645,-166.04,166.76,-115.96,-115.09,-35.24,-39.74,56.90,63.82,91.76,130.74,175.74,-158.22,-78.85,178.93,2.94,218.5473,5.0163,4.9531,3.7849,14.2790,2.2220,1.0207,0.7437,3.6363,0.6214,6.1105,0.8476,1.9982,0.6494,4.0674
2026-08-06 10:53:03.429,16.866667,52,22,0.007585,-1.5451,166.44,0,0,0,60.0192,219.202,0.08519,1,0,0,0,0,0.007231,0.000230,0.000877,0.000095,0.001277,0.000076,0.000719,0.000138,0.000601,0.000173,0.000561,0.000140,0.000313,0.000155,0.000804,-166.44,-169.76,-118.62,-106.41,-39.22,150.89,50.35,-35.08,106.63,111.44,174.34,-129.58,-99.80,67.23,-11.47,218.5473,5.0163,4.9531,3.7849,14.2790,2.2220,1.0207,0.7437,3.6363,0.6214,6.1105,0.8476,1.9982,0.6494,4.0674
2026-08-06 10:53:03.429,16.883333,52,23,0.007577,-1.5477,165.66,0,0,0,60.0192,219.202,0.08519,1,0,0,0,0,0.007266,0.000199,0.000903,0.000149,0.001185,0.000019,0.000642,0.000007,0.000655,0.000062,0.000783,0.000082,0.000378,0.000037,0.000595,-165.66,171.45,-115.50,-126.20,-39.84,35.33,52.03,179.32,102.25,75.02,-179.31,-168.47,-80.90,-43.09,-3.20,218.5473,5.0163,4.9531,3.7849,14.2790,2.2220,1.0207,0.7437,3.6363,0.6214,6.1105,0.8476,1.9982,0.6494,4.0674
2026-08-06 10:53:03.429,16.900000,52,24,0.007632,-1.5538,165.58,0,0,0,60.0192,219.202,0.08519,1,0,0,0,0,0.007299,0.000259,0.000946,0.000196,0.001192,0.000023,0.000632,0.000102,0.000693,0.000101,0.000748,0.000162,0.000322,0.000162,0.000478,-165.58,-173.11,-116.98,-112.44,-38.82,22.53,46.44,68.03,99.67,106.03,170.70,164.18,-95.78,174.13,-4.98,218.5473,5.0163,4.9531,3.7849,14.2790,2.2220,1.0207,0.7437,3.6363,0.6214,6.1105,0.8476,1.9982,0.6494,4.0674
2026-08-06 10:53:03.429,16.916667,52,25,0.007579,-1.5489,165.88,0,0,0,60.0192,219.202,0.08519,1,0,0,0,0,0.007261,0.000278,0.000901,0.000162,0.001223,0.000034,0.000549,0.000090,0.000646,0.000079,0.000721,0.000157,0.000343,0.000040,0.000640,-165.88,-169.41,-119.17,-115.03,-39.97,102.24,43.83,40.30,96.67,117.64,172.00,133.91,-78.63,-179.76,-9.17,218.5473,5.0163,4.9531,3.7849,14.2790,2.2220,1.0207,0.7437,3.6363,0.6214,6.1105,0.8476,1.9982,0.6494,4.0674
2026-08-06 10:53:03.429,16.933333,52,26,0.007575,-1.5539,166.46,0,0,0,60.0192,219.202,0.08519,1,0,0,0,0,0.007276,0.000172,0.000855,0.000189,0.001185,0.000037,0.000645,0.000091,0.000611,0.000073,0.000762,0.000089,0.000333,0.000042,0.000646,-166.46,-155.94,-120.89,-114.21,-34.44,121.97,42.77,127.84,97.86,139.97,175.31,49.43,-72.16,-71.73,-4.35,218.5473,5.0163,4.9531,3.7849,14.2790,2.2220,1.0207,0.7437,3.6363,0.6214,6.1105,0.8476,1.9982,0.6494,4.0674
2026-08-06 10:53:03.429,16.950000,52,27,0.007632,-1.5502,165.64,0,0,0,60.0192,219.202,0.08519,1,0,0,0,0,0.007284,0.000192,0.000939,0.000145,0.001227,0.000133,0.000538,0.000103,0.000677,0.000230,0.000802,0.000306,0.000559,0.000100,0.000658,-165.64,-152.83,-111.24,-105.05,-35.76,134.31,57.85,-34.23,79.56,84.39,162.46,-159.35,-78.32,-18.40,10.22,218.5473,5.0163,4.9531,3.7849,14.2790,2.2220,1.0207,0.7437,3.6363,0.6214,6.1105,0.8476,1.9982,0.6494,4.0674
2026-08-06 10:53:03.429,16.966667,52,28,0.007501,-1.5327,165.86,0,0,0,60.0192,219.202,0.08519,1,0,0,0,0,0.007186,0.000243,0.000934,0.000165,0.001209,0.000018,0.000646,0.000038,0.000615,0.000045,0.000767,0.000063,0.000303,0.000022,0.000609,-165.86,-171.76,-118.50,-121.28,-39.28,-46.90,43.92,-45.03,96.26,108.25,173.99,127.08,-74.58,131.35,4.11,218.5473,5.0163,4.9531,3.7849,14.2790,2.2220,1.0207,0.7437,3.6363,0.6214,6.1105,0.8476,1.9982,0.6494,4.0674
2026-08-06 10:53:03.429,16.983333,52,29,0.007566,-1.5517,166.36,0,0,0,60.0192,219.202,0.08519,1,0,0,0,0,0.007261,0.000235,0.000933,0.000148,0.001168,0.000039,0.000574,0.000018,0.000634,0.000025,0.000743,0.000042,0.000367,0.000035,0.000625,-166.36,-157.64,-117.74,-105.44,-39.30,-50.87,46.32,-87.98,95.74,-82.84,177.01,154.28,-68.23,174.36,4.13,218.5473,5.0163,4.9531,3.7849,14.2790,2.2220,1.0207,0.7437,3.6363,0.6214,6.1105,0.8476,1.9982,0.6494,4.0674
2026-08-06 10:53:03.689,17.000000,53,0,0.007553,-1.5464,166.59,0,0,0,60.0230,219.243,0.08525,1,0,0,0,0,0.007234,0.000153,0.000956,0.000098,0.001241,0.000008,0.000586,0.000090,0.000655,0.000036,0.000728,0.000082,0.000327,0.000106,0.000611,-166.59,163.38,-118.48,-121.70,-37.45,51.10,50.10,92.39,100.06,-151.23,175.47,161.14,-79.60,-165.99,3.73,218.5885,5.0162,4.9642,3.7763,14.2777,2.2039,1.0436,0.7579,3.6659,0.5920,6.1452,0.8092,1.9591,0.7010,4.0863
2026-08-06 10:53:03.689,17.016667,53,1,0.007615,-1.5559,165.76,0,0,0,60.0230,219.243,0.08525,1,0,0,0,0,0.007296,0.000216,0.000951,0.000122,0.001225,0.000081,0.000643,0.000033,0.000605,0.000047,0.000784,0.000094,0.000374,0.000042,0.000618,-165.76,-157.09,-119.89,-114.94,-40.27,45.15,50.24,-30.72,96.77,105.99,172.94,111.49,-74.14,134.50,1.33,218.5885,5.0162,4.9642,3.7763,14.2777,2.2039,1.0436,0.7579,3.6659,0.5920,6.1452,0.8092,1.9591,0.7010,4.0863
2026-08-06 10:53:03.689,17.033333,53,2,0.007477,-1.5263,166.75,0,0,0,60.0230,219.243,0.08525,1,0,0,0,0,0.007132,0.000298,0.001038,0.000178,0.001231,0.000093,0.000594,0.000046,0.000577,0.000102,0.000682,0.000119,0.000332,0.000089,0.000629,-166.75,175.96,-119.84,-90.61,-35.49,25.74,52.30,163.44,94.41,17.64,172.62,85.86,-79.29,-139.90,-0.53,218.5885,5.0162,4.9642,3.7763,14.2777,2.2039,1.0436,0.7579,3.6659,0.5920,6.1452,0.8092,1.9591,0.7010,4.0863
2026-08-06 10:53:03.689,17.050000,53,3,0.007573,-1.5443,165.58,0,0,0,60.0230,219.243,0.08525,1,0,0,0,0,0.007255,0.000262,0.000890,0.000137,0.001235,0.000069,0.000615,0.000109,0.000661,0.000091,0.000687,0.000095,0.000368,0.000056,0.000603,-165.58,-174.22,-115.31,-95.38,-38.28,106.69,45.49,46.50,96.90,57.62,176.86,174.34,-85.56,142.29,-2.27,218.5885,5.0162,4.9642,3.7763,14.2777,2.2039,1.0436,0.7579,3.6659,0.5920,6.1452,0.8092,1.9591,0.7010,4.0863
2026-08-06 10:53:03.689,17.066667,53,4,0.007839,-1.5847,165.69,0,0,0,60.0230,219.243,0.08525,1,0,0,0,0,0.007434,0.000397,0.001085,0.000322,0.001367,0.000188,0.000698,0.000102,0.000710,0.000060,0.000701,0.000031,0.000410,0.000119,0.000745,-165.69,-156.94,-116.11,-103.71,-43.25,-27.09,37.87,21.13,91.66,97.33,-179.61,-4.35,-54.92,45.02,10.71,218.5885,5.0162,4.9642,3.7763,14.2777,2.2039,1.0436,0.7579,3.6659,0.5920,6.1452,0.8092,1.9591,0.7010,4.0863
2026-08-06 10:53:03.689,17.083333,53,5,0.007577,-1.5512,166.66,0,0,0,60.0230,219.243,0.08525,1,0,0,0,0,0.007241,0.000268,0.000931,0.000129,0.001192,0.000061,0.000584,0.000063,0.000721,0.000091,0.000785,0.000132,0.000327,0.000103,0.000694,-166.66,-166.03,-124.68,-134.16,-39.12,76.49,49.70,109.25,94.40,97.50,175.88,79.22,-71.82,154.36,-0.08,218.5885,5.0162,4.9642,3.7763,14.2777,2.2039,1.0436,0.7579,3.6659,0.5920,6.1452,0.8092,1.9591,0.7010,4.0863
2026-08-06 10:53:03.689,17.100000,53,6,0.008039,-1.5743,158.93,0,0,0,60.0230,219.243,0.08525,1,0,0,0,0,0.007693,0.000668,0.000298,0.000418,0.001094,0.000095,0.000561,0.000266,0.000773,0.000094,0.000629,0.000325,0.000601,0.000251,0.000655,-158.93,-21.70,-110.09,166.31,-42.44,-159.34,31.66,6.62,98.72,-149.17,157.49,148.54,-101.62,-52.24,12.44,218.5885,5.0162,4.9642,3.7763,14.2777,2.2039,1.0436,0.7579,3.6659,0.5920,6.1452,0.8092,1.9591,0.7010,4.0863
2026-08-06 10:53:03.689,17.116667,53,7,0.007576,-1.5456,165.61,0,0,0,60.0230,219.243,0.08525,1,0,0,0,0,0.007257,0.000250,0.000898,0.000138,0.001258,0.000073,0.000647,0.000046,0.000649,0.000112,0.000679,0.000101,0.000341,0.000059,0.000633,-165.61,176.49,-115.53,-123.80,-39.43,70.82,43.74,32.37,96.33,107.67,174.30,131.80,-75.43,145.24,-4.77,218.5885,5.0162,4.9642,3.7763,14.2777,2.2039,1.0436,0.7579,3.6659,0.5920,6.1452,0.8092,1.9591,0.7010,4.0863
2026-08-06 10:53:03.689,17.133333,53,8,0.007456,-1.5245,165.78,0,0,0,60.0230,219.243,0.08525,1,0,0,0,0,0.007152,0.000146,0.000879,0.000112,0.001110,0.000039,0.000565,0.000111,0.000662,0.000060,0.000767,0.000011,0.000427,0.000044,0.000718,-165.78,-163.32,-119.18,-107.35,-37.02,-178.20,54.14,-164.37,101.26,-127.71,177.77,80.12,-65.50,-55.51,-1.08,218.5885,5.0162,4.9642,3.7763,14.2777,2.2039,1.0436,0.7579,3.6659,0.5920,6.1452,0.8092,1.9591,0.7010,4.0863
2026-08-06 10:53:03.689,17.150000,53,9,0.007510,-1.5384,166.48,0,0,0,60.0230,219.243,0.08525,1,0,0,0,0,0.007196,0.000263,0.000864,0.000116,0.001246,0.000056,0.000623,0.000080,0.000638,0.000042,0.000727,0.000094,0.000402,0.000107,0.000604,-166.48,-177.83,-115.41,-139.37,-37.89,71.14,48.69,56.04,103.07,94.37,176.55,160.68,-79.55,131.21,-8.47,218.5885,5.0162,4.9642,3.7763,14.2777,2.2039,1.0436,0.7579,3.6659,0.5920,6.1452,0.8092,1.9591,0.7010,4.0863
2026-08-06 10:53:03.689,17.166667,53,10,0.007535,-1.5254,165.30,0,0,0,60.0230,219.243,0.08525,1,0,0,0,0,0.007166,0.000373,0.000852,0.000256,0.001275,0.000183,0.000818,0.000198,0.000755,0.000051,0.000739,0.000043,0.000384,0.000087,0.000603,-165.30,-170.52,-109.47,-139.52,-34.09,-147.02,50.66,-108.66,95.25,-114.63,171.19,-20.51,-99.76,46.08,-16.57,218.5885,5.0162,4.9642,3.7763,14.2777,2.2039,1.0436,0.7579,3.6659,0.5920,6.1452,0.8092,1.9591,0.7010,4.0863
2026-08-06 10:53:03.689,17.183333,53,11,0.007531,-1.5393,165.73,0,0,0,60.0230,219.243,0.08525,1,0,0,0,0,0.007217,0.000200,0.000913,0.000187,0.001183,0.000039,0.000599,0.000032,0.000691,0.000036,0.000722,0.000012,0.000402,0.000033,0.000654,-165.73,-167.41,-116.87,-101.48,-40.87,161.85,48.34,140.19,101.98,20.13,174.08,-85.93,-69.80,140.05,-6.93,218.5885,5.0162,4.9642,3.7763,14.2777,2.2039,1.0436,0.7579,3.6659,0.5920,6.1452,0.8092,1.9591,0.7010,4.0863
2026-08-06 10:53:03.689,17.200000,53,12,0.007593,-1.5514,165.84,0,0,0,60.0230,219.243,0.08525,1,0,0,0,0,0.007272,0.000263,0.000949,0.000144,0.001295,0.000076,0.000587,0.000121,0.000606,0.000133,0.000690,0.000089,0.000389,0.000091,0.000628,-165.84,-158.88,-116.75,-116.60,-39.78,48.06,43.96,54.30,93.31,107.28,171.94,144.03,-80.29,111.71,-6.43,218.5885,5.0162,4.9642,3.7763,14.2777,2.2039,1.0436,0.7579,3.6659,0.5920,6.1452,0.8092,1.9591,0.7010,4.0863
2026-08-06 10:53:03.689,17.216667,53,13,0.007552,-1.5445,166.37,0,0,0,60.0230,219.243,0.08525,1,0,0,0,0,0.007229,0.000265,0.000853,0.000161,0.001237,0.000032,0.000620,0.000032,0.000660,0.000067,0.000771,0.000069,0.000383,0.000064,0.000618,-166.37,-177.16,-119.48,-118.96,-37.24,6.05,51.16,-6.57,100.09,132.74,177.06,84.78,-72.92,-175.66,-0.79,218.5885,5.0162,4.9642,3.7763,14.2777,2.2039,1.0436,0.7579,3.6659,0.5920,6.1452,0.8092,1.9591,0.7010,4.0863
2026-08-06 10:53:03.689,17.233333,53,14,0.007530,-1.5382,166.12,0,0,0,60.0230,219.243,0.08525,1,0,0,0,0,0.007204,0.000207,0.000929,0.000142,0.001187,0.000030,0.000632,0.000062,0.000685,0.000052,0.000807,0.000034,0.000410,0.000053,0.000627,-166.12,-160.98,-116.62,-120.32,-36.54,-142.16,46.36,146.28,100.00,-127.88,174.27,56.45,-70.96,169.46,-5.91,218.5885,5.0162,4.9642,3.7763,14.2777,2.2039,1.0436,0.7579,3.6659,0.5920,6.1452,0.8092,1.9591,0.7010,4.0863
2026-08-06 10:53:03.689,17.250000,53,15,0.007536,-1.5360,165.76,0,0,0,60.0230,219.243,0.08525,1,0,0,0,0,0.007202,0.000163,0.001008,0.000176,0.001240,0.000131,0.000582,0.000129,0.000690,0.000129,0.000613,0.000073,0.000452,0.000030,0.000607,-165.76,-150.44,-118.70,-142.41,-41.09,125.58,51.87,71.53,96.29,66.56,171.80,129.58,-65.82,-153.94,-12.79,218.5885,5.0162,4.9642,3.7763,14.2777,2.2039,1.0436,0.7579,3.6659,0.5920,6.1452,0.8092,1.9591,0.7010,4.0863
2026-08-06 10:53:03.689,17.266667,53,16,0.007610,-1.5585,166.79,0,0,0,60.0230,219.243,0.08525,1,0,0,0,0,0.007281,0.000241,0.000978,0.000083,0.001233,0.000049,0.000598,0.000040,0.000653,0.000049,0.000726,0.000120,0.000356,0.000057,0.000613,-166.79,-164.14,-116.43,-129.57,-38.10,-11.90,50.59,43.61,96.65,55.52,177.43,97.34,-74.66,153.40,0.89,218.5885,5.0162,4.9642,3.7763,14.2777,2.2039,1.0436,0.7579,3.6659,0.5920,6.1452,0.8092,1.9591,0.7010,4.0863
2026-08-06 10:53:03.689,17.283333,53,17,0.007587,-1.5504,166.24,0,0,0,60.0230,219.243,0.08525,1,0,0,0,0,0.007257,0.000200,0.000982,0.000151,0.001254,0.000009,0.000630,0.000040,0.000640,0.000020,0.000754,0.000015,0.000386,0.000083,0.000614,-166.24,-161.30,-117.96,-120.77,-39.33,-32.15,49.67,85.10,93.47,154.33,176.06,73.09,-74.13,-164.59,0.87,218.5885,5.0162,4.9642,3.7763,14.2777,2.2039,1.0436,0.7579,3.6659,0.5920,6.1452,0.8092,1.9591,0.7010,4.0863
2026-08-06 10:53:03.689,17.300000,53,18,0.007541,-1.5364,165.79,0,0,0,60.0230,219.243,0.08525,1,0,0,0,0,0.007206,0.000206,0.000937,0.000111,0.001248,0.000058,0.000643,0.000062,0.000631,0.000088,0.000766,0.000087,0.000379,0.000047,0.000644,-165.79,-159.45,-115.12,-100.15,-39.75,163.56,43.01,15.71,100.40,90.23,173.82,141.18,-79.98,102.04,-5.81,218.5885,5.0162,4.9642,3.7763,14.2777,2.2039,1.0436,0.7579,3.6659,0.5920,6.1452,0.8092,1.9591,0.7010,4.0863
2026-08-06 10:53:03.689,17.316667,53,19,0.007575,-1.5504,166.09,0,0,0,60.0230,219.243,0.08525,1,0,0,0,0,0.007257,0.000221,0.000924,0.000151,0.001224,0.000008,0.000626,0.000065,0.000653,0.000035,0.000766,0.000038,0.000343,0.000029,0.000605,-166.09,-179.91,-122.06,-105.01,-39.74,-116.38,47.85,-93.56,96.92,56.15,175.03,145.60,-74.92,-172.31,-2.31,218.5885,5.0162,4.9642,3.7763,14.2777,2.2039,1.0436,0.7579,3.6659,0.5920,6.1452,0.8092,1.9591,0.7010,4.0863
2026-08-06 10:53:03.689,17.333333,53,20,0.007566,-1.5440,166.04,0,0,0,60.0230,219.243,0.08525,1,0,0,0,0,0.007232,0.000204,0.000954,0.000151,0.001247,0.000012,0.000599,0.000049,0.000724,0.000027,0.000766,0.000026,0.000382,0.000067,0.000688,-166.04,-150.55,-116.19,-103.84,-38.13,-102.54,51.55,90.32,95.30,-178.75,176.39,-137.46,-81.76,172.24,-0.41,218.5885,5.0162,4.9642,3.7763,14.2777,2.2039,1.0436,0.7579,3.6659,0.5920,6.1452,0.8092,1.9591,0.7010,4.0863
2026-08-06 10:53:03.689,17.350000,53,21,0.007545,-1.5435,166.54,0,0,0,60.0230,219.243,0.08525,1,0,0,0,0,0.007219,0.000176,0.000916,0.000084,0.001256,0.000035,0.000611,0.000081,0.000635,0.000071,0.000751,0.000053,0.000411,0.000013,0.000592,-166.54,-170.87,-120.40,-126.76,-37.31,33.60,52.55,34.89,97.63,62.35,174.60,148.61,-79.81,159.65,-4.17,218.5885,5.0162,4.9642,3.7763,14.2777,2.2039,1.0436,0.7579,3.6659,0.5920,6.1452,0.8092,1.9591,0.7010,4.0863
2026-08-06 10:53:03.689,17.366667,53,22,0.007545,-1.5397,165.79,0,0,0,60.0230,219.243,0.08525,1,0,0,0,0,0.007222,0.000232,0.000942,0.000172,0.001243,0.000050,0.000633,0.000012,0.000641,0.000072,0.000719,0.000096,0.000364,0.000083,0.000669,-165.79,-169.63,-115.89,-121.88,-39.64,78.62,46.43,-45.79,94.23,82.83,178.59,112.99,-74.29,142.40,-8.50,218.5885,5.0162,4.9642,3.7763,14.2777,2.2039,1.0436,0.7579,3.6659,0.5920,6.1452,0.8092,1.9591,0.7010,4.0863
2026-08-06 10:53:03.689,17.383333,53,23,0.007567,-1.5490,166.03,0,0,0,60.0230,219.243,0.08525,1,0,0,0,0,0.007254,0.000203,0.000905,0.000163,0.001218,0.000043,0.000555,0.000087,0.000678,0.000034,0.000726,0.000058,0.000430,0.000109,0.000663,-166.03,-158.68,-120.25,-109.79,-39.77,-151.99,47.40,61.44,98.86,119.01,174.50,176.71,-66.14,150.58,2.30,218.5885,5.0162,4.9642,3.7763,14.2777,2.2039,1.0436,0.7579,3.6659,0.5920,6.1452,0.8092,1.9591,0.7010,4.0863
2026-08-06 10:53:03.689,17.400000,53,24,0.007502,-1.5331,166.05,0,0,0,60.0230,219.243,0.08525,1,0,0,0,0,0.007182,0.000189,0.000907,0.000154,0.001198,0.000039,0.000637,0.000092,0.000690,0.000050,0.000766,0.000078,0.000362,0.000054,0.000603,-166.05,-165.89,-115.48,-118.40,-37.62,132.77,49.98,34.85,98.61,86.49,169.95,118.85,-75.22,-173.94,-1.99,218.5885,5.0162,4.9642,3.7763,14.2777,2.2039,1.0436,0.7579,3.6659,0.5920,6.1452,0.8092,1.9591,0.7010,4.0863
2026-08-06 10:53:03.689,17.416667,53,25,0.007549,-1.5419,165.80,0,0,0,60.0230,219.243,0.08525,1,0,0,0,0,0.007234,0.000227,0.000908,0.000175,0.001200,0.000039,0.000623,0.000056,0.000635,0.000105,0.000778,0.000038,0.000364,0.000028,0.000602,-165.80,173.45,-117.69,-127.03,-39.16,-59.67,52.38,-94.04,96.70,39.64,-179.28,60.86,-71.96,-10.05,-2.03,218.5885,5.0162,4.9642,3.7763,14.2777,2.2039,1.0436,0.7579,3.6659,0.5920,6.1452,0.8092,1.9591,0.7010,4.0863
2026-08-06 10:53:03.689,17.433333,53,26,0.007563,-1.5477,166.52,0,0,0,60.0230,219.243,0.08525,1,0,0,0,0,0.007240,0.000200,0.000927,0.000093,0.001218,0.000024,0.000631,0.000032,0.000670,0.000034,0.000759,0.000079,0.000347,0.000073,0.000604,-166.52,-176.39,-113.64,-117.98,-37.92,101.11,48.26,133.09,97.12,99.64,176.19,157.69,-77.00,-154.07,-0.83,218.5885,5.0162,4.9642,3.7763,14.2777,2.2039,1.0436,0.7579,3.6659,0.5920,6.1452,0.8092,1.9591,0.7010,4.0863
2026-08-06 10:53:03.689,17.450000,53,27,0.007573,-1.5485,165.96,0,0,0,60.0230,219.243,0.08525,1,0,0,0,0,0.007260,0.000212,0.000910,0.000160,0.001237,0.000024,0.000600,0.000082,0.000623,0.000117,0.000735,0.000110,0.000352,0.000033,0.000609,-165.96,-157.90,-115.67,-136.12,-35.85,-37.36,49.93,28.10,92.07,148.31,170.16,-160.74,-74.49,172.72,-2.71,218.5885,5.0162,4.9642,3.7763,14.2777,2.2039,1.0436,0.7579,3.6659,0.5920,6.1452,0.8092,1.9591,0.7010,4.0863
2026-08-06 10:53:03.689,17.466667,53,28,0.007575,-1.5495,166.30,0,0,0,60.0230,219.243,0.08525,1,0,0,0,0,0.007253,0.000199,0.000906,0.000112,0.001246,0.000056,0.000607,0.000048,0.000624,0.000045,0.000780,0.000027,0.000379,0.000018,0.000609,-166.30,174.99,-116.95,-121.29,-37.60,-50.78,48.08,-162.41,96.46,16.45,176.19,164.90,-66.46,164.68,-5.11,218.5885,5.0162,4.9642,3.7763,14.2777,2.2039,1.0436,0.7579,3.6659,0.5920,6.1452,0.8092,1.9591,0.7010,4.0863
2026-08-06 10:53:03.689,17.483333,53,29,0.007531,-1.5367,166.00,0,0,0,60.0230,219.243,0.08525,1,0,0,0,0,0.007200,0.000196,0.000917,0.000155,0.001228,0.000048,0.000577,0.000086,0.000706,0.000032,0.000777,0.000023,0.000378,0.000075,0.000595,-166.00,-157.79,-114.24,-122.63,-38.99,156.03,49.74,77.15,95.74,179.20,174.64,-151.73,-84.47,115.24,-3.65,218.5885,5.0162,4.9642,3.7763,14.2777,2.2039,1.0436,0.7579,3.6659,0.5920,6.1452,0.8092,1.9591,0.7010,4.0863
2026-08-06 10:53:03.940,17.500000,54,0,0.007592,-1.5521,166.07,0,0,0,60.0269,219.149,0.08522,1,0,0,0,0,0.007274,0.000202,0.000919,0.000162,0.001257,0.000030,0.000567,0.000051,0.000585,0.000093,0.000723,0.000123,0.000435,0.000045,0.000599,-166.07,-172.53,-117.73,-121.58,-39.13,56.63,48.00,-2.17,93.09,99.45,176.99,126.83,-71.64,165.95,-0.58,218.4940,4.9660,4.9439,3.7597,14.3021,2.2061,1.0363,0.7439,3.6258,0.6018,6.1416,0.8218,1.9560,0.6754,4.0787
2026-08-06 10:53:03.940,17.516667,54,1,0.007544,-1.5452,166.56,0,0,0,60.0269,219.149,0.08522,1,0,0,0,0,0.007225,0.000209,0.000877,0.000124,0.001206,0.000039,0.000612,0.000045,0.000686,0.000019,0.000731,0.000088,0.000350,0.000042,0.000619,-166.56,-178.17,-118.58,-95.19,-36.99,24.02,46.25,-120.94,99.89,-42.95,176.07,99.02,-60.60,-74.34,-4.02,218.4940,4.9660,4.9439,3.7597,14.3021,2.2061,1.0363,0.7439,3.6258,0.6018,6.1416,0.8218,1.9560,0.6754,4.0787
2026-08-06 10:53:03.940,17.533333,54,2,0.007539,-1.5418,166.25,0,0,0,60.0269,219.149,0.08522,1,0,0,0,0,0.007224,0.000230,0.000896,0.000125,0.001219,0.000038,0.000596,0.000083,0.000633,0.000047,0.000756,0.000058,0.000389,0.000080,0.000565,-166.25,-171.31,-112.21,-137.32,-36.50,10.26,49.35,69.29,97.88,-173.49,176.85,140.18,-84.95,144.11,-1.60,218.4940,4.9660,4.9439,3.7597,14.3021,2.2061,1.0363,0.7439,3.6258,0.6018,6.1416,0.8218,1.9560,0.6754,4.0787
2026-08-06 10:53:03.940,17.550000,54,3,0.007565,-1.5489,166.40,0,0,0,60.0269,219.149,0.08522,1,0,0,0,0,0.007249,0.000182,0.000938,0.000072,0.001233,0.000107,0.000594,0.000080,0.000585,0.000098,0.000737,0.000146,0.000393,0.000072,0.000654,-166.40,-170.46,-118.68,-128.94,-38.51,48.27,47.75,34.12,96.47,117.84,178.59,132.26,-76.59,-129.26,-4.13,218.4940,4.9660,4.9439,3.7597,14.3021,2.2061,1.0363,0.7439,3.6258,0.6018,6.1416,0.8218,1.9560,0.6754,4.0787
2026-08-06 10:53:03.940,17.566667,54,4,0.007497,-1.5366,166.73,0,0,0,60.0269,219.149,0.08522,1,0,0,0,0,0.007179,0.000257,0.000905,0.000096,0.001205,0.000005,0.000593,0.000050,0.000677,0.000045,0.000732,0.000128,0.000397,0.000055,0.000700,-166.73,-162.27,-115.49,-107.10,-37.54,-23.89,43.11,84.89,98.65,111.62,179.55,123.45,-74.88,-133.67,-8.17,218.4940,4.9660,4.9439,3.7597,14.3021,2.2061,1.0363,0.7439,3.6258,0.6018,6.1416,0.8218,1.9560,0.6754,4.0787
2026-08-06 10:53:03.940,17.583333,54,5,0.007565,-1.5445,166.16,0,0,0,60.0269,219.149,0.08522,1,0,0,0,0,0.007237,0.000191,0.000917,0.000117,0.001261,0.000041,0.000656,0.000067,0.000630,0.000039,0.000763,0.000034,0.000390,0.000050,0.000620,-166.16,-176.57,-116.27,-131.86,-36.69,-12.77,49.63,49.02,93.68,119.00,174.70,-152.76,-76.03,176.85,0.98,218.4940,4.9660,4.9439,3.7597,14.3021,2.2061,1.0363,0.7439,3.6258,0.6018,6.1416,0.8218,1.9560,0.6754,4.0787
2026-08-06 10:53:03.940,17.600000,54,6,0.007510,-1.5233,166.07,0,0,0,60.0269,219.149,0.08522,1,0,0,0,0,0.007137,0.000392,0.000868,0.000239,0.001255,0.000123,0.000667,0.000173,0.000633,0.000086,0.000682,0.000146,0.000477,0.000173,0.000840,-166.07,175.27,-107.50,-166.63,-35.11,-106.83,58.65,-64.40,98.33,104.02,-173.67,139.64,-64.85,-167.72,2.89,218.4940,4.9660,4.9439,3.7597,14.3021,2.2061,1.0363,0.7439,3.6258,0.6018,6.1416,0.8218,1.9560,0.6754,4.0787
2026-08-06 10:53:03.940,17.616667,54,7,0.008716,-1.6960,164.32,0,0,0,60.0269,219.149,0.08522,1,0,0,0,0,0.008007,0.000793,0.001771,0.000948,0.001659,0.000255,0.000237,0.000326,0.000673,0.000402,0.000792,0.000177,0.000630,0.000558,0.001028,-164.32,-150.82,-129.25,-113.96,-47.64,-97.61,-2.54,-49.68,98.10,-117.49,-151.36,-39.09,-84.60,-70.10,0.23,218.4940,4.9660,4.9439,3.7597,14.3021,2.2061,1.0363,0.7439,3.6258,0.6018,6.1416,0.8218,1.9560,0.6754,4.0787
2026-08-06 10:53:03.940,17.633333,54,8,0.008947,-1.8683,178.03,0,0,0,60.0269,219.149,0.08522,1,0,0,0,0,0.008542,0.001466,0.000230,0.000189,0.000796,0.000620,0.001035,0.000124,0.000870,0.000294,0.000796,0.000179,0.000348,0.000300,0.000623,-178.03,103.04,-80.89,-100.45,-44.38,104.98,51.93,40.19,107.00,113.17,152.95,82.93,-77.84,149.02,25.55,218.4940,4.9660,4.9439,3.7597,14.3021,2.2061,1.0363,0.7439,3.6258,0.6018,6.1416,0.8218,1.9560,0.6754,4.0787
2026-08-06 10:53:03.940,17.650000,54,9,0.007616,-1.5594,166.20,0,0,0,60.0269,219.149,0.08522,1,0,0,0,0,0.007306,0.000207,0.000865,0.000203,0.001205,0.000050,0.000667,0.000010,0.000584,0.000147,0.000748,0.000083,0.000352,0.000042,0.000592,-166.20,-178.09,-122.96,-113.93,-38.11,159.33,45.99,-119.72,95.86,83.49,-177.28,80.52,-82.44,-100.03,5.09,218.4940,4.9660,4.9439,3.7597,14.3021,2.2061,1.0363,0.7439,3.6258,0.6018,6.1416,0.8218,1.9560,0.6754,4.0787
2026-08-06 10:53:03.940,17.666667,54,10,0.007522,-1.5359,166.55,0,0,0,60.0269,219.149,0.08522,1,0,0,0,0,0.007174,0.000264,0.000880,0.000143,0.001167,0.000056,0.000666,0.000079,0.000754,0.000104,0.000889,0.000157,0.000481,0.000083,0.000666,-166.55,-170.95,-120.70,-129.89,-41.47,-83.93,41.52,44.17,101.46,165.49,-179.96,-116.28,-69.83,-3.31,2.23,218.4940,4.9660,4.9439,3.7597,14.3021,2.2061,1.0363,0.7439,3.6258,0.6018,6.1416,0.8218,1.9560,0.6754,4.0787
2026-08-06 10:53:03.940,17.683333,54,11,0.007643,-1.5603,165.88,0,0,0,60.0269,219.149,0.08522,1,0,0,0,0,0.007313,0.000252,0.000864,0.000125,0.001269,0.000020,0.000579,0.000009,0.000592,0.000171,0.000749,0.000116,0.000374,0.000106,0.000698,-165.88,177.74,-115.66,-88.24,-42.28,39.34,44.47,-62.25,105.53,159.77,172.17,149.53,-78.58,168.14,1.73,218.4940,4.9660,4.9439,3.7597,14.3021,2.2061,1.0363,0.7439,3.6258,0.6018,6.1416,0.8218,1.9560,0.6754,4.0787
2026-08-06 10:53:03.940,17.700000,54,12,0.007520,-1.5392,166.23,0,0,0,60.0269,219.149,0.08522,1,0,0,0,0,0.007206,0.000244,0.000867,0.000215,0.001238,0.000041,0.000652,0.000049,0.000633,0.000015,0.000669,0.000099,0.000388,0.000053,0.000623,-166.23,-172.45,-114.86,-120.55,-37.40,2.61,48.33,-19.62,96.87,50.76,172.34,125.90,-62.91,150.06,-1.68,218.4940,4.9660,4.9439,3.7597,14.3021,2.2061,1.0363,0.7439,3.6258,0.6018,6.1416,0.8218,1.9560,0.6754,4.0787
2026-08-06 10:53:03.940,17.716667,54,13,0.007668,-1.5751,167.32,0,0,0,60.0269,219.149,0.08522,1,0,0,0,0,0.007335,0.000286,0.000901,0.000232,0.001168,0.000174,0.000548,0.000074,0.000719,0.000051,0.000750,0.000085,0.000544,0.000207,0.000604,-167.32,171.81,-121.15,-127.43,-41.41,-159.72,63.75,158.90,101.59,-86.51,174.79,-44.09,-76.91,-106.92,-20.47,218.4940,4.9660,4.9439,3.7597,14.3021,2.2061,1.0363,0.7439,3.6258,0.6018,6.1416,0.8218,1.9560,0.6754,4.0787
2026-08-06 10:53:03.940,17.733333,54,14,0.007669,-1.5677,165.86,0,0,0,60.0269,219.149,0.08522,1,0,0,0,0,0.007352,0.000207,0.000971,0.000101,0.001209,0.000047,0.000585,0.000084,0.000624,0.000073,0.000729,0.000159,0.000385,0.000019,0.000645,-165.86,-175.12,-114.75,-111.04,-40.64,86.76,42.08,58.27,96.01,118.07,172.61,156.04,-72.80,-151.07,1.07,218.4940,4.9660,4.9439,3.7597,14.3021,2.2061,1.0363,0.7439,3.6258,0.6018,6.1416,0.8218,1.9560,0.6754,4.0787
2026-08-06 10:53:03.940,17.750000,54,15,0.007541,-1.5393,166.55,0,0,0,60.0269,219.149,0.08522,1,0,0,0,0,0.007203,0.000333,0.000972,0.000157,0.001255,0.000085,0.000582,0.000061,0.000633,0.000064,0.000768,0.000046,0.000407,0.000068,0.000637,-166.55,-172.66,-118.09,-88.18,-35.85,122.87,46.19,-63.87,91.42,105.47,-179.94,-125.81,-68.04,110.58,-6.18,218.4940,4.9660,4.9439,3.7597,14.3021,2.2061,1.0363,0.7439,3.6258,0.6018,6.1416,0.8218,1.9560,0.6754,4.0787
2026-08-06 10:53:03.940,17.766667,54,16,0.007489,-1.5343,166.35,0,0,0,60.0269,219.149,0.08522,1,0,0,0,0,0.007182,0.000187,0.000893,0.000094,0.001216,0.000034,0.000606,0.000032,0.000629,0.000077,0.000767,0.000080,0.000387,0.000070,0.000647,-166.35,-162.34,-117.34,-89.65,-36.89,-176.85,47.42,129.44,95.28,163.72,173.82,167.02,-76.82,-152.76,-2.82,218.4940,4.9660,4.9439,3.7597,14.3021,2.2061,1.0363,0.7439,3.6258,0.6018,6.1416,0.8218,1.9560,0.6754,4.0787
2026-08-06 10:53:03.940,17.783333,54,17,0.007647,-1.5615,166.02,0,0,0,60.0269,219.149,0.08522,1,0,0,0,0,0.007316,0.000206,0.000938,0.000063,0.001298,0.000045,0.000687,0.000059,0.000736,0.000039,0.000772,0.000011,0.000284,0.000107,0.000532,-166.02,168.88,-115.14,-143.21,-37.86,143.02,43.20,-147.33,91.05,-170.46,166.59,-137.77,-89.03,-6.88,-9.98,218.4940,4.9660,4.9439,3.7597,14.3021,2.2061,1.0363,0.7439,3.6258,0.6018,6.1416,0.8218,1.9560,0.6754,4.0787
2026-08-06 10:53:03.940,17.800000,54,18,0.007584,-1.5518,166.16,0,0,0,60.0269,219.149,0.08522,1,0,0,0,0,0.007271,0.000285,0.000917,0.000112,0.001232,0.000049,0.000655,0.000027,0.000607,0.000049,0.000716,0.000083,0.000386,0.000040,0.000645,-166.16,-165.22,-114.59,-132.60,-39.15,19.68,48.37,-57.63,98.35,64.52,178.33,131.02,-69.43,120.34,-5.10,218.4940,4.9660,4.9439,3.7597,14.3021,2.2061,1.0363,0.7439,3.6258,0.6018,6.1416,0.8218,1.9560,0.6754,4.0787
2026-08-06 10:53:03.940,17.816667,54,19,0.007559,-1.5497,166.20,0,0,0,60.0269,219.149,0.08522,1,0,0,0,0,0.007259,0.000268,0.000909,0.000120,0.001214,0.000033,0.000591,0.000064,0.000705,0.000038,0.000717,0.000043,0.000316,0.000047,0.000558,-166.20,-169.09,-118.55,-107.62,-39.85,68.24,44.80,103.53,94.33,174.25,175.37,-131.57,-80.22,-152.78,-0.57,218.4940,4.9660,4.9439,3.7597,14.3021,2.2061,1.0363,0.7439,3.6258,0.6018,6.1416,0.8218,1.9560,0.6754,4.0787
2026-08-06 10:53:03.940,17.833333,54,20,0.007497,-1.5346,166.49,0,0,0,60.0269,219.149,0.08522,1,0,0,0,0,0.007187,0.000171,0.000910,0.000110,0.001203,0.000041,0.000599,0.000010,0.000672,0.000149,0.000618,0.000046,0.000465,0.000184,0.000604,-166.49,175.21,-118.29,-153.19,-37.87,99.39,46.06,-16.52,97.67,107.64,175.99,-30.66,-83.77,-166.75,10.05,218.4940,4.9660,4.9439,3.7597,14.3021,2.2061,1.0363,0.7439,3.6258,0.6018,6.1416,0.8218,1.9560,0.6754,4.0787
2026-08-06 10:53:03.940,17.850000,54,21,0.007509,-1.5346,165.88,0,0,0,60.0269,219.149,0.08522,1,0,0,0,0,0.007198,0.000158,0.000913,0.000131,0.001143,0.000070,0.000650,0.000086,0.000660,0.000043,0.000777,0.000069,0.000384,0.000093,0.000667,-165.88,-164.51,-116.41,-138.34,-37.65,95.02,57.01,-176.44,104.94,-158.09,177.99,-114.42,-68.33,-80.68,-6.34,218.4940,4.9660,4.9439,3.7597,14.3021,2.2061,1.0363,0.7439,3.6258,0.6018,6.1416,0.8218,1.9560,0.6754,4.0787
2026-08-06 10:53:03.940,17.866667,54,22,0.007454,-1.5274,166.67,0,0,0,60.0269,219.149,0.08522,1,0,0,0,0,0.007151,0.000121,0.000815,0.000103,0.001177,0.000126,0.000558,0.000114,0.000560,0.000055,0.000702,0.000066,0.000428,0.000069,0.000681,-166.67,167.88,-117.03,139.45,-37.42,110.17,57.32,145.54,100.71,-114.14,-175.59,-85.75,-68.48,108.94,3.55,218.4940,4.9660,4.9439,3.7597,14.3021,2.2061,1.0363,0.7439,3.6258,0.6018,6.1416,0.8218,1.9560,0.6754,4.0787
2026-08-06 10:53:03.940,17.883333,54,23,0.007813,-1.6060,168.36,0,0,0,60.0269,219.149,0.08522,1,0,0,0,0,0.007463,0.000389,0.000674,0.000070,0.001324,0.000102,0.000438,0.000100,0.000874,0.000204,0.000721,0.000133,0.000406,0.000027,0.000547,-168.36,152.30,-124.91,-23.50,-38.11,-101.16,56.33,163.14,109.54,107.48,155.99,85.99,-74.17,149.72,-1.78,218.4940,4.9660,4.9439,3.7597,14.3021,2.2061,1.0363,0.7439,3.6258,0.6018,6.1416,0.8218,1.9560,0.6754,4.0787
2026-08-06 10:53:03.940,17.900000,54,24,0.007566,-1.5512,166.35,0,0,0,60.0269,219.149,0.08522,1,0,0,0,0,0.007266,0.000163,0.000883,0.000143,0.001203,0.000041,0.000616,0.000032,0.000653,0.000027,0.000726,0.000077,0.000356,0.000057,0.000564,-166.35,174.33,-113.80,-135.76,-38.15,61.94,49.77,-126.06,95.21,165.23,178.46,137.81,-69.54,-91.12,-5.08,218.4940,4.9660,4.9439,3.7597,14.3021,2.2061,1.0363,0.7439,3.6258,0.6018,6.1416,0.8218,1.9560,0.6754,4.0787
2026-08-06 10:53:03.940,17.916667,54,25,0.007501,-1.5382,166.69,0,0,0,60.0269,219.149,0.08522,1,0,0,0,0,0.007193,0.000206,0.000893,0.000087,0.001173,0.000029,0.000644,0.000076,0.000681,0.000046,0.000701,0.000067,0.000383,0.000056,0.000633,-166.69,170.20,-114.95,-128.43,-39.66,64.47,47.84,113.10,97.33,-129.00,175.41,-178.47,-79.15,177.35,-2.61,218.4940,4.9660,4.9439,3.7597,14.3021,2.2061,1.0363,0.7439,3.6258,0.6018,6.1416,0.8218,1.9560,0.6754,4.0787
2026-08-06 10:53:03.940,17.933333,54,26,0.007587,-1.5470,165.98,0,0,0,60.0269,219.149,0.08522,1,0,0,0,0,0.007253,0.000186,0.000931,0.000176,0.001225,0.000054,0.000569,0.000034,0.000683,0.000022,0.000807,0.000139,0.000427,0.000025,0.000632,-165.98,-160.55,-114.21,-121.63,-38.63,28.05,53.17,-20.99,98.63,-92.30,175.99,75.76,-70.84,158.77,2.75,218.4940,4.9660,4.9439,3.7597,14.3021,2.2061,1.0363,0.7439,3.6258,0.6018,6.1416,0.8218,1.9560,0.6754,4.0787
2026-08-06 10:53:03.940,17.950000,54,27,0.007552,-1.5454,166.34,0,0,0,60.0269,219.149,0.08522,1,0,0,0,0,0.007235,0.000208,0.000961,0.000166,0.001217,0.000007,0.000588,0.000052,0.000672,0.000016,0.000717,0.000094,0.000376,0.000090,0.000616,-166.34,-157.53,-115.56,-140.51,-40.34,143.27,47.28,137.02,95.32,25.94,175.82,127.20,-69.93,-157.49,-5.68,218.4940,4.9660,4.9439,3.7597,14.3021,2.2061,1.0363,0.7439,3.6258,0.6018,6.1416,0.8218,1.9560,0.6754,4.0787
2026-08-06 10:53:03.940,17.966667,54,28,0.007500,-1.5287,165.66,0,0,0,60.0269,219.149,0.08522,1,0,0,0,0,0.007176,0.000237,0.000959,0.000288,0.001174,0.000078,0.000633,0.000223,0.000631,0.000250,0.000626,0.000086,0.000444,0.000172,0.000596,-165.66,-151.37,-114.93,-127.28,-40.65,-82.34,64.66,45.14,95.45,77.81,178.00,159.03,-71.07,-157.28,-5.16,218.4940,4.9660,4.9439,3.7597,14.3021,2.2061,1.0363,0.7439,3.6258,0.6018,6.1416,0.8218,1.9560,0.6754,4.0787
2026-08-06 10:53:03.940,17.983333,54,29,0.007633,-1.5578,165.85,0,0,0,60.0269,219.149,0.08522,1,0,0,0,0,0.007303,0.000251,0.000952,0.000187,0.001225,0.000020,0.000697,0.000063,0.000731,0.000065,0.000764,0.000051,0.000335,0.000032,0.000578,-165.85,-166.45,-117.48,-110.08,-40.95,-151.12,48.80,-81.02,96.68,75.29,171.01,121.80,-79.21,157.49,-4.49,218.4940,4.9660,4.9439,3.7597,14.3021,2.2061,1.0363,0.7439,3.6258,0.6018,6.1416,0.8218,1.9560,0.6754,4.0787
2026-08-06 10:53:04.195,18.000000,55,0,0.007477,-1.5290,166.06,0,0,0,60.0269,219.067,0.08515,1,0,0,0,0,0.007171,0.000181,0.000882,0.000051,0.001171,0.000050,0.000616,0.000078,0.000688,0.000057,0.000749,0.000027,0.000375,0.000072,0.000638,-166.06,-166.85,-115.55,-100.50,-38.13,129.32,52.47,102.72,102.05,150.73,176.16,114.69,-74.97,-158.01,-2.21,218.4126,4.9666,4.9529,3.7545,14.2931,2.2115,1.0582,0.7375,3.6321,0.5794,6.0874,0.7998,1.9828,0.7005,4.0616
2026-08-06 10:53:04.195,18.016667,55,1,0.007472,-1.5241,165.58,0,0,0,60.0269,219.067,0.08515,1,0,0,0,0,0.007163,0.000225,0.000909,0.000098,0.001221,0.000029,0.000647,0.000075,0.000656,0.000107,0.000679,0.000127,0.000372,0.000040,0.000581,-165.58,-170.72,-117.96,-110.97,-38.53,132.34,47.52,49.60,96.09,97.69,176.49,177.52,-82.52,-175.92,-1.55,218.4126,4.9666,4.9529,3.7545,14.2931,2.2115,1.0582,0.7375,3.6321,0.5794,6.0874,0.7998,1.9828,0.7005,4.0616
2026-08-06 10:53:04.195,18.033333,55,2,0.007564,-1.5424,165.99,0,0,0,60.0269,219.067,0.08515,1,0,0,0,0,0.007226,0.000187,0.000929,0.000154,0.001289,0.000072,0.000590,0.000052,0.000638,0.000157,0.000673,0.000118,0.000241,0.000145,0.000667,-165.99,-160.45,-119.46,-98.14,-42.42,58.60,45.73,-152.89,88.72,131.35,178.27,174.21,-52.38,-127.97,5.81,218.4126,4.9666,4.9529,3.7545,14.2931,2.2115,1.0582,0.7375,3.6321,0.5794,6.0874,0.7998,1.9828,0.7005,4.0616
2026-08-06 10:53:04.195,18.050000,55,3,0.007519,-1.5379,166.29,0,0,0,60.0269,219.067,0.08515,1,0,0,0,0,0.007206,0.000190,0.000878,0.000097,0.001222,0.000006,0.000604,0.000037,0.000678,0.000039,0.000768,0.000063,0.000387,0.000032,0.000584,-166.29,178.09,-116.81,-130.38,-37.06,-106.13,47.88,115.80,98.62,81.16,177.65,116.23,-74.13,177.08,-4.71,218.4126,4.9666,4.9529,3.7545,14.2931,2.2115,1.0582,0.7375,3.6321,0.5794,6.0874,0.7998,1.9828,0.7005,4.0616
2026-08-06 10:53:04.195,18.066667,55,4,0.007601,-1.5480,165.63,0,0,0,60.0269,219.067,0.08515,1,0,0,0,0,0.007272,0.000227,0.000980,0.000049,0.001285,0.000037,0.000592,0.000175,0.000550,0.000088,0.000726,0.000108,0.000418,0.000119,0.000618,-165.63,-163.71,-121.81,-56.72,-39.62,-108.16,49.93,41.54,85.09,158.19,172.64,106.11,-74.78,-128.04,4.35,218.4126,4.9666,4.9529,3.7545,14.2931,2.2115,1.0582,0.7375,3.6321,0.5794,6.0874,0.7998,1.9828,0.7005,4.0616
2026-08-06 10:53:04.195,18.083333,55,5,0.007451,-1.5150,167.29,0,0,0,60.0269,219.067,0.08515,1,0,0,0,0,0.007043,0.000290,0.000915,0.000110,0.001342,0.000090,0.000772,0.000093,0.000698,0.000122,0.000931,0.000168,0.000343,0.000141,0.000552,-167.29,-129.81,-134.63,-26.05,-45.36,140.58,49.93,-69.05,92.38,-48.81,177.78,98.15,-59.65,-64.26,-19.43,218.4126,4.9666,4.9529,3.7545,14.2931,2.2115,1.0582,0.7375,3.6321,0.5794,6.0874,0.7998,1.9828,0.7005,4.0616
2026-08-06 10:53:04.195,18.100000,55,6,0.007580,-1.5502,166.28,0,0,0,60.0269,219.067,0.08515,1,0,0,0,0,0.007259,0.000178,0.000876,0.000075,0.001230,0.000104,0.000621,0.000053,0.000655,0.000081,0.000744,0.000101,0.000424,0.000080,0.000626,-166.28,-170.92,-113.36,-151.75,-41.38,88.02,49.53,102.34,94.75,99.35,177.25,149.86,-76.88,169.99,-1.21,218.4126,4.9666,4.9529,3.7545,14.2931,2.2115,1.0582,0.7375,3.6321,0.5794,6.0874,0.7998,1.9828,0.7005,4.0616
2026-08-06 10:53:04.195,18.116667,55,7,0.007623,-1.5537,165.49,0,0,0,60.0269,219.067,0.08515,1,0,0,0,0,0.007301,0.000248,0.000945,0.000157,0.001205,0.000044,0.000602,0.000039,0.000702,0.000041,0.000727,0.000089,0.000365,0.000017,0.000619,-165.49,-154.68,-115.88,-105.48,-40.95,68.18,46.09,30.97,96.33,42.67,175.81,142.03,-76.92,155.37,-0.07,218.4126,4.9666,4.9529,3.7545,14.2931,2.2115,1.0582,0.7375,3.6321,0.5794,6.0874,0.7998,1.9828,0.7005,4.0616
2026-08-06 10:53:04.195,18.133333,55,8,0.007486,-1.5304,165.96,0,0,0,60.0269,219.067,0.08515,1,0,0,0,0,0.007184,0.000189,0.000886,0.000160,0.001158,0.000023,0.000629,0.000080,0.000549,0.000097,0.000733,0.000143,0.000431,0.000125,0.000473,-165.96,-159.28,-120.45,-104.51,-35.88,-93.51,46.07,-158.04,89.40,121.31,-176.24,94.63,-82.80,25.34,-4.04,218.4126,4.9666,4.9529,3.7545,14.2931,2.2115,1.0582,0.7375,3.6321,0.5794,6.0874,0.7998,1.9828,0.7005,4.0616
2026-08-06 10:53:04.195,18.150000,55,9,0.007519,-1.5321,166.08,0,0,0,60.0269,219.067,0.08515,1,0,0,0,0,0.007183,0.000182,0.000926,0.000171,0.001285,0.000073,0.000603,0.000100,0.000675,0.000069,0.000764,0.000065,0.000436,0.000091,0.000583,-166.08,-171.33,-117.28,-127.99,-38.79,81.73,50.32,74.28,91.63,78.62,177.61,147.48,-83.76,148.45,-2.49,218.4126,4.9666,4.9529,3.7545,14.2931,2.2115,1.0582,0.7375,3.6321,0.5794,6.0874,0.7998,1.9828,0.7005,4.0616
2026-08-06 10:53:04.195,18.166667,55,10,0.007644,-1.5515,165.47,0,0,0,60.0269,219.067,0.08515,1,0,0,0,0,0.007289,0.000245,0.000974,0.000171,0.001268,0.000042,0.000685,0.000050,0.000676,0.000061,0.000758,0.000077,0.000357,0.000076,0.000706,-165.47,-172.32,-115.06,-132.26,-39.67,-142.00,50.64,-57.04,95.65,84.29,175.75,120.94,-80.84,-177.68,3.48,218.4126,4.9666,4.9529,3.7545,14.2931,2.2115,1.0582,0.7375,3.6321,0.5794,6.0874,0.7998,1.9828,0.7005,4.0616
2026-08-06 10:53:04.195,18.183333,55,11,0.007568,-1.5463,166.47,0,0,0,60.0269,219.067,0.08515,1,0,0,0,0,0.007243,0.000166,0.000839,0.000104,0.001237,0.000106,0.000631,0.000034,0.000772,0.000154,0.000636,0.000218,0.000387,0.000019,0.000483,-166.47,-170.22,-112.74,173.61,-39.69,36.84,51.63,176.09,97.33,-157.82,179.85,95.74,-89.30,-38.39,-5.72,218.4126,4.9666,4.9529,3.7545,14.2931,2.2115,1.0582,0.7375,3.6321,0.5794,6.0874,0.7998,1.9828,0.7005,4.0616
2026-08-06 10:53:04.195,18.200000,55,12,0.007595,-1.5494,165.72,0,0,0,60.0269,219.067,0.08515,1,0,0,0,0,0.007272,0.000200,0.000944,0.000109,0.001246,0.000079,0.000643,0.000058,0.000677,0.000056,0.000714,0.000046,0.000392,0.000033,0.000624,-165.72,175.44,-118.47,-112.39,-40.83,101.73,45.66,99.21,96.93,121.70,177.04,160.64,-81.81,138.73,-5.05,218.4126,4.9666,4.9529,3.7545,14.2931,2.2115,1.0582,0.7375,3.6321,0.5794,6.0874,0.7998,1.9828,0.7005,4.0616
2026-08-06 10:53:04.195,18.216667,55,13,0.007665,-1.5620,165.42,0,0,0,60.0269,219.067,0.08515,1,0,0,0,0,0.007340,0.000188,0.000806,0.000252,0.001241,0.000198,0.000734,0.000064,0.000562,0.000147,0.000704,0.000086,0.000422,0.000082,0.000587,-165.42,-144.07,-115.89,-161.47,-46.07,-43.53,46.00,162.08,100.57,-16.08,174.96,112.85,-70.56,63.06,5.28,218.4126,4.9666,4.9529,3.7545,14.2931,2.2115,1.0582,0.7375,3.6321,0.5794,6.0874,0.7998,1.9828,0.7005,4.0616
2026-08-06 10:53:04.195,18.233333,55,14,0.009366,-1.8277,162.80,0,0,0,60.0269,219.067,0.08515,1,0,0,0,0,0.008760,0.001563,0.001858,0.000671,0.001416,0.000208,0.000395,0.000275,0.000504,0.000110,0.000795,0.000290,0.000605,0.000085,0.000517,-162.80,-118.27,-103.05,-70.62,-40.10,-106.74,22.99,-75.45,110.15,-61.84,-159.18,-85.08,-58.98,47.40,-3.79,218.4126,4.9666,4.9529,3.7545,14.2931,2.2115,1.0582,0.7375,3.6321,0.5794,6.0874,0.7998,1.9828,0.7005,4.0616
2026-08-06 10:53:04.195,18.250000,55,15,0.008838,-1.8208,171.86,0,0,0,60.0269,219.067,0.08515,1,0,0,0,0,0.008408,0.001262,0.000721,0.000554,0.001329,0.000171,0.000572,0.000260,0.001006,0.000384,0.000741,0.000177,0.000411,0.000176,0.000476,-171.86,139.27,170.67,82.26,-19.27,24.52,56.82,131.11,104.37,101.33,148.94,80.56,-67.92,141.68,6.99,218.4126,4.9666,4.9529,3.7545,14.2931,2.2115,1.0582,0.7375,3.6321,0.5794,6.0874,0.7998,1.9828,0.7005,4.0616
2026-08-06 10:53:04.195,18.266667,55,16,0.007633,-1.5636,166.16,0,0,0,60.0269,219.067,0.08515,1,0,0,0,0,0.007332,0.000179,0.000875,0.000147,0.001137,0.000064,0.000665,0.000092,0.000687,0.000025,0.000667,0.000094,0.000319,0.000059,0.000647,-166.16,-171.29,-119.57,-106.30,-37.26,-58.86,50.45,-84.90,94.86,99.36,179.08,143.84,-63.00,177.12,-2.27,218.4126,4.9666,4.9529,3.7545,14.2931,2.2115,1.0582,0.7375,3.6321,0.5794,6.0874,0.7998,1.9828,0.7005,4.0616
2026-08-06 10:53:04.195,18.283333,55,17,0.007480,-1.5294,166.18,0,0,0,60.0269,219.067,0.08515,1,0,0,0,0,0.007169,0.000225,0.000911,0.000161,0.001186,0.000014,0.000580,0.000076,0.000669,0.000027,0.000735,0.000023,0.000408,0.000064,0.000650,-166.18,-169.10,-118.09,-109.45,-38.74,25.21,46.78,53.70,98.07,156.43,177.03,106.26,-80.22,-103.31,-7.00,218.4126,4.9666,4.9529,3.7545,14.2931,2.2115,1.0582,0.7375,3.6321,0.5794,6.0874,0.7998,1.9828,0.7005,4.0616
2026-08-06 10:53:04.195,18.300000,55,18,0.007543,-1.5376,166.03,0,0,0,60.0269,219.067,0.08515,1,0,0,0,0,0.007212,0.000220,0.000957,0.000112,0.001179,0.000080,0.000699,0.000111,0.000542,0.000046,0.000803,0.000215,0.000261,0.000130,0.000792,-166.03,-163.80,-117.90,-141.63,-38.16,59.71,46.12,6.10,89.52,-152.72,-177.57,146.15,-82.00,96.89,-0.86,218.4126,4.9666,4.9529,3.7545,14.2931,2.2115,1.0582,0.7375,3.6321,0.5794,6.0874,0.7998,1.9828,0.7005,4.0616
2026-08-06 10:53:04.195,18.316667,55,19,0.007580,-1.5506,166.38,0,0,0,60.0269,219.067,0.08515,1,0,0,0,0,0.007257,0.000251,0.000865,0.000108,0.001244,0.000020,0.000662,0.000066,0.000693,0.000055,0.000676,0.000062,0.000360,0.000059,0.000686,-166.38,-173.88,-118.79,-114.77,-39.73,170.04,51.94,-24.18,104.41,83.41,173.93,153.34,-74.80,-135.35,-2.03,218.4126,4.9666,4.9529,3.7545,14.2931,2.2115,1.0582,0.7375,3.6321,0.5794,6.0874,0.7998,1.9828,0.7005,4.0616
2026-08-06 10:53:04.195,18.333333,55,20,0.007519,-1.5119,166.24,0,0,0,60.0269,219.067,0.08515,1,0,0,0,0,0.007069,0.000332,0.000929,0.000143,0.001334,0.000256,0.000802,0.000086,0.000921,0.000080,0.000927,0.000219,0.000545,0.000251,0.000657,-166.24,-121.65,-124.35,-39.46,-45.34,107.16,37.68,152.05,98.80,21.90,174.56,118.96,-81.13,172.87,-2.87,218.4126,4.9666,4.9529,3.7545,14.2931,2.2115,1.0582,0.7375,3.6321,0.5794,6.0874,0.7998,1.9828,0.7005,4.0616
2026-08-06 10:53:04.195,18.350000,55,21,0.007574,-1.5460,165.74,0,0,0,60.0269,219.067,0.08515,1,0,0,0,0,0.007253,0.000244,0.000950,0.000148,0.001192,0.000098,0.000638,0.000036,0.000652,0.000048,0.000724,0.000091,0.000365,0.000031,0.000631,-165.74,-178.50,-116.92,-133.76,-38.92,149.37,49.30,-10.25,102.75,123.88,170.63,141.68,-83.56,127.56,-3.09,218.4126,4.9666,4.9529,3.7545,14.2931,2.2115,1.0582,0.7375,3.6321,0.5794,6.0874,0.7998,1.9828,0.7005,4.0616
2026-08-06 10:53:04.195,18.366667,55,22,0.007551,-1.5461,166.34,0,0,0,60.0269,219.067,0.08515,1,0,0,0,0,0.007229,0.000229,0.000912,0.000133,0.001171,0.000031,0.000685,0.000092,0.000616,0.000090,0.000755,0.000034,0.000316,0.000125,0.000717,-166.34,-154.40,-110.87,-123.84,-45.13,-31.49,56.43,-158.56,93.14,98.54,175.22,-74.05,-67.65,-169.51,-9.18,218.4126,4.9666,4.9529,3.7545,14.2931,2.2115,1.0582,0.7375,3.6321,0.5794,6.0874,0.7998,1.9828,0.7005,4.0616
2026-08-06 10:53:04.195,18.383333,55,23,0.007605,-1.5518,165.85,0,0,0,60.0269,219.067,0.08515,1,0,0,0,0,0.007287,0.000177,0.000879,0.000030,0.001208,0.000139,0.000532,0.000110,0.000725,0.000204,0.000818,0.000237,0.000368,0.000184,0.000448,-165.85,175.28,-114.98,-62.66,-39.11,125.25,40.79,32.65,90.80,126.67,-179.08,-107.92,-60.14,109.37,-6.69,218.4126,4.9666,4.9529,3.7545,14.2931,2.2115,1.0582,0.7375,3.6321,0.5794,6.0874,0.7998,1.9828,0.7005,4.0616
2026-08-06 10:53:04.195,18.400000,55,24,0.007605,-1.5515,165.62,0,0,0,60.0269,219.067,0.08515,1,0,0,0,0,0.007292,0.000223,0.000947,0.000230,0.001230,0.000025,0.000625,0.000100,0.000623,0.000153,0.000626,0.000076,0.000333,0.000079,0.000674,-165.62,-173.62,-112.15,-113.77,-38.74,-41.08,52.84,24.20,93.93,123.59,174.85,143.43,-78.19,-172.01,-7.14,218.4126,4.9666,4.9529,3.7545,14.2931,2.2115,1.0582,0.7375,3.6321,0.5794,6.0874,0.7998,1.9828,0.7005,4.0616
2026-08-06 10:53:04.195,18.416667,55,25,0.007459,-1.5237,166.37,0,0,0,60.0269,219.067,0.08515,1,0,0,0,0,0.007139,0.000187,0.000926,0.000126,0.001215,0.000008,0.000630,0.000039,0.000639,0.000018,0.000805,0.000043,0.000360,0.000030,0.000558,-166.37,-163.11,-118.39,-127.11,-35.65,43.63,52.36,84.19,102.91,-111.42,176.99,42.96,-75.09,-109.45,-4.91,218.4126,4.9666,4.9529,3.7545,14.2931,2.2115,1.0582,0.7375,3.6321,0.5794,6.0874,0.7998,1.9828,0.7005,4.0616
2026-08-06 10:53:04.195,18.433333,55,26,0.007539,-1.5409,166.11,0,0,0,60.0269,219.067,0.08515,1,0,0,0,0,0.007219,0.000242,0.000840,0.000110,0.001252,0.000053,0.000631,0.000045,0.000714,0.000067,0.000678,0.000105,0.000392,0.000088,0.000639,-166.11,-179.07,-118.55,-128.92,-39.42,104.87,46.71,66.40,95.64,114.80,177.99,-173.42,-74.47,137.69,-3.27,218.4126,4.9666,4.9529,3.7545,14.2931,2.2115,1.0582,0.7375,3.6321,0.5794,6.0874,0.7998,1.9828,0.7005,4.0616
2026-08-06 10:53:04.195,18.450000,55,27,0.007504,-1.5323,165.91,0,0,0,60.0269,219.067,0.08515,1,0,0,0,0,0.007190,0.000254,0.000876,0.000138,0.001199,0.000029,0.000558,0.000047,0.000620,0.000060,0.000709,0.000073,0.000451,0.000204,0.000541,-165.91,-160.63,-114.97,-131.87,-43.13,149.73,51.39,-150.41,103.39,98.31,-176.25,-149.58,-88.06,179.23,0.52,218.4126,4.9666,4.9529,3.7545,14.2931,2.2115,1.0582,0.7375,3.6321,0.5794,6.0874,0.7998,1.9828,0.7005,4.0616
2026-08-06 10:53:04.195,18.466667,55,28,0.007473,-1.5295,165.65,0,0,0,60.0269,219.067,0.08515,1,0,0,0,0,0.007178,0.000174,0.000965,0.000155,0.001159,0.000081,0.000577,0.000092,0.000657,0.000077,0.000693,0.000055,0.000309,0.000115,0.000589,-165.65,169.52,-119.90,-127.88,-41.33,158.34,51.35,-119.52,94.95,37.57,165.47,122.59,-87.54,-139.50,-3.69,218.4126,4.9666,4.9529,3.7545,14.2931,2.2115,1.0582,0.7375,3.6321,0.5794,6.0874,0.7998,1.9828,0.7005,4.0616
2026-08-06 10:53:04.195,18.483333,55,29,0.007582,-1.5475,165.94,0,0,0,60.0269,219.067,0.08515,1,0,0,0,0,0.007253,0.000252,0.000889,0.000144,0.001318,0.000020,0.000537,0.000038,0.000596,0.000147,0.000712,0.000179,0.000288,0.000142,0.000703,-165.94,-165.95,-114.90,-92.06,-42.07,25.36,42.23,130.19,104.67,138.14,168.31,126.67,-63.45,90.89,-1.98,218.4126,4.9666,4.9529,3.7545,14.2931,2.2115,1.0582,0.7375,3.6321,0.5794,6.0874,0.7998,1.9828,0.7005,4.0616
2026-08-06 10:53:04.460,18.500000,56,0,0.007532,-1.5367,165.83,0,0,0,60.0269,219.048,0.08510,1,0,0,0,0,0.007210,0.000231,0.000897,0.000187,0.001229,0.000051,0.000616,0.000030,0.000612,0.000051,0.000741,0.000074,0.000364,0.000014,0.000632,-165.83,-175.34,-117.96,-111.62,-39.81,51.15,48.55,-118.30,97.84,83.77,178.92,80.37,-70.66,118.32,-0.70,218.3951,4.9872,4.9302,3.7424,14.2202,2.1849,1.1591,0.7302,3.6938,0.6198,6.1323,0.8229,1.8822,0.6605,4.1850
2026-08-06 10:53:04.460,18.516667,56,1,0.007540,-1.5407,166.19,0,0,0,60.0269,219.048,0.08510,1,0,0,0,0,0.007222,0.000166,0.000891,0.000082,0.001194,0.000075,0.000635,0.000087,0.000698,0.000022,0.000751,0.000060,0.000419,0.000069,0.000610,-166.19,170.29,-115.42,-113.64,-38.78,88.96,46.83,101.43,97.66,-169.12,176.35,-168.94,-80.72,-168.50,-0.48,218.3951,4.9872,4.9302,3.7424,14.2202,2.1849,1.1591,0.7302,3.6938,0.6198,6.1323,0.8229,1.8822,0.6605,4.1850
2026-08-06 10:53:04.460,18.533333,56,2,0.007516,-1.5361,165.79,0,0,0,60.0269,219.048,0.08510,1,0,0,0,0,0.007214,0.000207,0.000873,0.000123,0.001177,0.000048,0.000603,0.000043,0.000601,0.000093,0.000697,0.000105,0.000398,0.000039,0.000651,-165.79,175.27,-114.58,-120.50,-39.58,99.97,46.15,36.06,96.58,84.87,177.33,151.46,-76.23,151.04,-3.63,218.3951,4.9872,4.9302,3.7424,14.2202,2.1849,1.1591,0.7302,3.6938,0.6198,6.1323,0.8229,1.8822,0.6605,4.1850
2026-08-06 10:53:04.460,18.550000,56,3,0.007546,-1.5355,167.16,0,0,0,60.0269,219.048,0.08510,1,0,0,0,0,0.007169,0.000182,0.000964,0.000025,0.001295,0.000029,0.000639,0.000118,0.000793,0.000138,0.000632,0.000084,0.000517,0.000236,0.000829,-167.16,-132.55,-124.13,109.22,-39.25,-134.98,45.67,-137.21,102.45,37.12,178.14,-59.96,-87.97,146.25,13.85,218.3951,4.9872,4.9302,3.7424,14.2202,2.1849,1.1591,0.7302,3.6938,0.6198,6.1323,0.8229,1.8822,0.6605,4.1850
2026-08-06 10:53:04.460,18.566667,56,4,0.007508,-1.5326,166.37,0,0,0,60.0269,219.048,0.08510,1,0,0,0,0,0.007178,0.000145,0.000903,0.000064,0.001191,0.000076,0.000659,0.000085,0.000663,0.000050,0.000878,0.000043,0.000346,0.000083,0.000580,-166.37,-163.91,-113.40,-152.80,-37.65,23.25,55.25,131.15,95.68,95.69,177.21,-137.91,-80.84,168.06,-2.32,218.3951,4.9872,4.9302,3.7424,14.2202,2.1849,1.1591,0.7302,3.6938,0.6198,6.1323,0.8229,1.8822,0.6605,4.1850
2026-08-06 10:53:04.460,18.583333,56,5,0.007435,-1.5269,166.57,0,0,0,60.0269,219.048,0.08510,1,0,0,0,0,0.007141,0.000199,0.000876,0.000118,0.001220,0.000068,0.000516,0.000086,0.000563,0.000082,0.000635,0.000202,0.000310,0.000123,0.000611,-166.57,-157.96,-121.31,-149.89,-41.17,-171.91,49.33,-41.11,94.39,72.93,167.93,128.12,-87.10,165.79,-10.61,218.3951,4.9872,4.9302,3.7424,14.2202,2.1849,1.1591,0.7302,3.6938,0.6198,6.1323,0.8229,1.8822,0.6605,4.1850
2026-08-06 10:53:04.460,18.600000,56,6,0.007571,-1.5428,165.83,0,0,0,60.0269,219.048,0.08510,1,0,0,0,0,0.007239,0.000230,0.000928,0.000187,0.001182,0.000082,0.000630,0.000075,0.000682,0.000030,0.000791,0.000073,0.000417,0.000012,0.000718,-165.83,-165.61,-117.26,-113.98,-37.36,-80.49,50.99,-97.77,102.24,24.81,-178.59,101.10,-68.23,-110.92,-6.66,218.3951,4.9872,4.9302,3.7424,14.2202,2.1849,1.1591,0.7302,3.6938,0.6198,6.1323,0.8229,1.8822,0.6605,4.1850
2026-08-06 10:53:04.460,18.616667,56,7,0.007619,-1.5546,166.01,0,0,0,60.0269,219.048,0.08510,1,0,0,0,0,0.007292,0.000213,0.000915,0.000110,0.001186,0.000009,0.000654,0.000054,0.000723,0.000008,0.000742,0.000056,0.000374,0.000048,0.000630,-166.01,-170.72,-116.66,-120.33,-38.27,37.03,46.82,38.04,92.50,-11.06,174.11,-155.84,-83.74,-158.76,0.61,218.3951,4.9872,4.9302,3.7424,14.2202,2.1849,1.1591,0.7302,3.6938,0.6198,6.1323,0.8229,1.8822,0.6605,4.1850
2026-08-06 10:53:04.460,18.633333,56,8,0.007525,-1.5366,166.34,0,0,0,60.0269,219.048,0.08510,1,0,0,0,0,0.007200,0.000238,0.000920,0.000120,0.001199,0.000006,0.000669,0.000053,0.000672,0.000037,0.000755,0.000081,0.000362,0.000065,0.000691,-166.34,177.57,-117.17,-120.03,-36.79,39.22,52.37,163.42,96.30,140.83,-178.50,130.74,-77.47,-148.74,-4.89,218.3951,4.9872,4.9302,3.7424,14.2202,2.1849,1.1591,0.7302,3.6938,0.6198,6.1323,0.8229,1.8822,0.6605,4.1850
2026-08-06 10:53:04.460,18.650000,56,9,0.007549,-1.5341,166.15,0,0,0,60.0269,219.048,0.08510,1,0,0,0,0,0.007190,0.000181,0.000963,0.000184,0.001170,0.000043,0.000588,0.000084,0.000690,0.000082,0.000861,0.000105,0.000538,0.000118,0.000790,-166.15,-169.30,-117.49,-113.20,-36.93,-14.86,57.88,158.70,93.55,-121.37,171.61,34.30,-77.15,157.02,5.50,218.3951,4.9872,4.9302,3.7424,14.2202,2.1849,1.1591,0.7302,3.6938,0.6198,6.1323,0.8229,1.8822,0.6605,4.1850
2026-08-06 10:53:04.460,18.666667,56,10,0.007550,-1.5400,165.97,0,0,0,60.0269,219.048,0.08510,1,0,0,0,0,0.007226,0.000162,0.000916,0.000086,0.001175,0.000056,0.000624,0.000096,0.000699,0.000051,0.000745,0.000119,0.000396,0.000078,0.000674,-165.97,177.47,-119.59,-116.22,-37.39,101.32,47.58,56.22,101.35,-171.16,174.57,171.12,-81.37,-157.80,-5.90,218.3951,4.9872,4.9302,3.7424,14.2202,2.1849,1.1591,0.7302,3.6938,0.6198,6.1323,0.8229,1.8822,0.6605,4.1850
2026-08-06 10:53:04.460,18.683333,56,11,0.007574,-1.5445,165.62,0,0,0,60.0269,219.048,0.08510,1,0,0,0,0,0.007249,0.000168,0.000950,0.000202,0.001241,0.000064,0.000564,0.000043,0.000692,0.000117,0.000773,0.000051,0.000347,0.000076,0.000700,-165.62,-155.46,-114.13,-115.76,-40.65,-126.29,57.07,-178.06,102.53,101.89,174.67,82.57,-64.80,13.64,-4.84,218.3951,4.9872,4.9302,3.7424,14.2202,2.1849,1.1591,0.7302,3.6938,0.6198,6.1323,0.8229,1.8822,0.6605,4.1850
2026-08-06 10:53:04.460,18.700000,56,12,0.007557,-1.5440,165.83,0,0,0,60.0269,219.048,0.08510,1,0,0,0,0,0.007242,0.000137,0.000907,0.000147,0.001149,0.000115,0.000604,0.000072,0.000542,0.000166,0.000866,0.000037,0.000485,0.000087,0.000637,-165.83,-164.74,-118.06,-128.36,-42.05,17.52,58.76,155.92,101.43,55.76,-177.92,50.03,-69.22,151.26,-11.27,218.3951,4.9872,4.9302,3.7424,14.2202,2.1849,1.1591,0.7302,3.6938,0.6198,6.1323,0.8229,1.8822,0.6605,4.1850
2026-08-06 10:53:04.460,18.716667,56,13,0.007491,-1.5360,166.14,0,0,0,60.0269,219.048,0.08510,1,0,0,0,0,0.007201,0.000256,0.000916,0.000170,0.001172,0.000062,0.000527,0.000042,0.000532,0.000048,0.000685,0.000069,0.000420,0.000055,0.000646,-166.14,-173.74,-118.54,-155.35,-38.84,-161.80,46.20,-54.72,92.83,40.13,179.41,117.30,-76.22,132.84,-5.44,218.3951,4.9872,4.9302,3.7424,14.2202,2.1849,1.1591,0.7302,3.6938,0.6198,6.1323,0.8229,1.8822,0.6605,4.1850
2026-08-06 10:53:04.460,18.733333,56,14,0.007683,-1.5734,166.31,0,0,0,60.0269,219.048,0.08510,1,0,0,0,0,0.007371,0.000194,0.000867,0.000225,0.001197,0.000029,0.000612,0.000052,0.000657,0.000015,0.000660,0.000100,0.000512,0.000022,0.000599,-166.31,173.57,-121.79,-114.37,-36.75,-77.19,49.62,-139.48,100.49,-39.94,175.20,146.30,-57.35,-10.96,-10.78,218.3951,4.9872,4.9302,3.7424,14.2202,2.1849,1.1591,0.7302,3.6938,0.6198,6.1323,0.8229,1.8822,0.6605,4.1850
2026-08-06 10:53:04.460,18.750000,56,15,0.007599,-1.5456,165.52,0,0,0,60.0269,219.048,0.08510,1,0,0,0,0,0.007270,0.000069,0.000870,0.000181,0.001314,0.000158,0.000490,0.000126,0.000731,0.000104,0.000697,0.000019,0.000363,0.000141,0.000647,-165.52,152.28,-126.19,-116.09,-36.99,86.73,50.86,39.11,88.08,170.30,-172.70,-12.86,-82.10,-177.78,-1.62,218.3951,4.9872,4.9302,3.7424,14.2202,2.1849,1.1591,0.7302,3.6938,0.6198,6.1323,0.8229,1.8822,0.6605,4.1850
2026-08-06 10:53:04.460,18.766667,56,16,0.007570,-1.5434,165.98,0,0,0,60.0269,219.048,0.08510,1,0,0,0,0,0.007237,0.000256,0.000933,0.000165,0.001244,0.000017,0.000641,0.000046,0.000627,0.000029,0.000734,0.000073,0.000356,0.000021,0.000670,-165.98,175.81,-118.44,-137.26,-38.80,117.53,49.20,-38.39,95.36,76.66,177.45,70.79,-75.48,-146.15,-3.73,218.3951,4.9872,4.9302,3.7424,14.2202,2.1849,1.1591,0.7302,3.6938,0.6198,6.1323,0.8229,1.8822,0.6605,4.1850
2026-08-06 10:53:04.460,18.783333,56,17,0.007578,-1.5478,165.58,0,0,0,60.0269,219.048,0.08510,1,0,0,0,0,0.007268,0.000310,0.000825,0.000135,0.001206,0.000097,0.000681,0.000071,0.000611,0.000093,0.000695,0.000091,0.000383,0.000010,0.000692,-165.58,-169.10,-122.20,-75.44,-41.88,133.15,50.06,-77.05,107.03,154.13,175.29,-111.73,-85.09,69.57,-0.39,218.3951,4.9872,4.9302,3.7424,14.2202,2.1849,1.1591,0.7302,3.6938,0.6198,6.1323,0.8229,1.8822,0.6605,4.1850
2026-08-06 10:53:04.460,18.800000,56,18,0.007549,-1.5414,166.04,0,0,0,60.0269,219.048,0.08510,1,0,0,0,0,0.007228,0.000253,0.000916,0.000139,0.001187,0.000006,0.000605,0.000030,0.000615,0.000061,0.000760,0.000078,0.000415,0.000074,0.000642,-166.04,-168.95,-120.53,-117.87,-38.85,-65.10,48.21,32.90,99.53,-176.22,178.83,176.90,-79.41,-172.97,-1.25,218.3951,4.9872,4.9302,3.7424,14.2202,2.1849,1.1591,0.7302,3.6938,0.6198,6.1323,0.8229,1.8822,0.6605,4.1850
2026-08-06 10:53:04.460,18.816667,56,19,0.007573,-1.5421,166.50,0,0,0,60.0269,219.048,0.08510,1,0,0,0,0,0.007219,0.000239,0.000893,0.000171,0.001332,0.000096,0.000590,0.000169,0.000583,0.000192,0.000874,0.000236,0.000249,0.000220,0.000652,-166.50,-169.54,-113.44,-100.28,-41.47,-94.73,40.44,-105.86,110.70,179.63,172.67,138.96,-111.92,141.27,6.45,218.3951,4.9872,4.9302,3.7424,14.2202,2.1849,1.1591,0.7302,3.6938,0.6198,6.1323,0.8229,1.8822,0.6605,4.1850
2026-08-06 10:53:04.460,18.833333,56,20,0.007498,-1.5264,165.53,0,0,0,60.0269,219.048,0.08510,1,0,0,0,0,0.007178,0.000173,0.000931,0.000135,0.001195,0.000046,0.000620,0.000076,0.000604,0.000053,0.000779,0.000038,0.000432,0.000057,0.000537,-165.53,-171.17,-119.11,-112.30,-38.74,148.69,47.76,76.52,97.45,121.15,177.90,-150.17,-74.59,160.24,2.38,218.3951,4.9872,4.9302,3.7424,14.2202,2.1849,1.1591,0.7302,3.6938,0.6198,6.1323,0.8229,1.8822,0.6605,4.1850
2026-08-06 10:53:04.460,18.850000,56,21,0.007570,-1.5405,165.90,0,0,0,60.0269,219.048,0.08510,1,0,0,0,0,0.007237,0.000161,0.000945,0.000107,0.001273,0.000032,0.000618,0.000061,0.000549,0.000036,0.000641,0.000131,0.000347,0.000176,0.000644,-165.90,-158.09,-118.95,-137.17,-37.21,60.28,50.12,94.57,97.97,-1.31,178.14,95.80,-76.30,-176.36,-11.33,218.3951,4.9872,4.9302,3.7424,14.2202,2.1849,1.1591,0.7302,3.6938,0.6198,6.1323,0.8229,1.8822,0.6605,4.1850
2026-08-06 10:53:04.460,18.866667,56,22,0.007593,-1.5562,166.51,0,0,0,60.0269,219.048,0.08510,1,0,0,0,0,0.007285,0.000214,0.000869,0.000126,0.001227,0.000044,0.000606,0.000020,0.000632,0.000047,0.000731,0.000046,0.000396,0.000030,0.000664,-166.51,178.56,-117.69,-114.70,-38.34,14.40,49.53,-147.28,92.07,48.28,177.56,99.63,-65.15,-123.53,-5.07,218.3951,4.9872,4.9302,3.7424,14.2202,2.1849,1.1591,0.7302,3.6938,0.6198,6.1323,0.8229,1.8822,0.6605,4.1850
2026-08-06 10:53:04.460,18.883333,56,23,0.007564,-1.5399,166.67,0,0,0,60.0269,219.048,0.08510,1,0,0,0,0,0.007207,0.000187,0.000984,0.000123,0.001300,0.000032,0.000650,0.000090,0.000717,0.000040,0.000778,0.000098,0.000457,0.000025,0.000597,-166.67,-178.03,-115.83,-168.71,-36.62,136.58,49.44,131.22,96.27,-50.02,177.12,86.61,-80.83,145.28,-7.90,218.3951,4.9872,4.9302,3.7424,14.2202,2.1849,1.1591,0.7302,3.6938,0.6198,6.1323,0.8229,1.8822,0.6605,4.1850
2026-08-06 10:53:04.460,18.900000,56,24,0.007533,-1.5286,165.46,0,0,0,60.0269,219.048,0.08510,1,0,0,0,0,0.007184,0.000239,0.000952,0.000129,0.001230,0.000077,0.000590,0.000178,0.000510,0.000168,0.000810,0.000128,0.000436,0.000170,0.000772,-165.46,-176.17,-118.44,-117.10,-37.24,166.74,37.89,77.45,104.18,31.05,169.26,-125.85,-52.12,154.17,-12.74,218.3951,4.9872,4.9302,3.7424,14.2202,2.1849,1.1591,0.7302,3.6938,0.6198,6.1323,0.8229,1.8822,0.6605,4.1850
2026-08-06 10:53:04.460,18.916667,56,25,0.007573,-1.5484,166.28,0,0,0,60.0269,219.048,0.08510,1,0,0,0,0,0.007250,0.000236,0.000914,0.000137,0.001250,0.000071,0.000590,0.000044,0.000594,0.000051,0.000761,0.000056,0.000406,0.000012,0.000663,-166.28,-174.62,-119.33,-104.04,-37.90,-50.86,51.21,147.65,97.23,40.59,176.52,118.15,-63.10,81.27,-3.15,218.3951,4.9872,4.9302,3.7424,14.2202,2.1849,1.1591,0.7302,3.6938,0.6198,6.1323,0.8229,1.8822,0.6605,4.1850
2026-08-06 10:53:04.460,18.933333,56,26,0.007510,-1.5337,166.39,0,0,0,60.0269,219.048,0.08510,1,0,0,0,0,0.007186,0.000153,0.000898,0.000073,0.001196,0.000056,0.000661,0.000088,0.000721,0.000039,0.000762,0.000063,0.000356,0.000072,0.000627,-166.39,-177.05,-116.92,-101.16,-36.38,118.06,48.76,85.72,98.87,155.34,172.94,-153.23,-80.24,159.08,-3.68,218.3951,4.9872,4.9302,3.7424,14.2202,2.1849,1.1591,0.7302,3.6938,0.6198,6.1323,0.8229,1.8822,0.6605,4.1850
2026-08-06 10:53:04.460,18.950000,56,27,0.007610,-1.5471,165.57,0,0,0,60.0269,219.048,0.08510,1,0,0,0,0,0.007271,0.000221,0.000990,0.000170,0.001258,0.000026,0.000585,0.000083,0.000638,0.000168,0.000733,0.000097,0.000383,0.000051,0.000634,-165.57,-146.59,-116.09,-99.50,-42.09,-26.95,47.34,-1.37,88.70,71.83,172.21,136.70,-75.60,93.48,9.25,218.3951,4.9872,4.9302,3.7424,14.2202,2.1849,1.1591,0.7302,3.6938,0.6198,6.1323,0.8229,1.8822,0.6605,4.1850
2026-08-06 10:53:04.460,18.966667,56,28,0.007449,-1.5343,166.75,0,0,0,60.0269,219.048,0.08510,1,0,0,0,0,0.007173,0.000168,0.000872,0.000084,0.001126,0.000001,0.000539,0.000054,0.000590,0.000073,0.000715,0.000081,0.000354,0.000047,0.000583,-166.75,168.73,-123.74,-147.26,-38.44,-154.91,48.06,-121.97,101.32,-56.08,177.90,116.11,-64.60,-156.90,-0.75,218.3951,4.9872,4.9302,3.7424,14.2202,2.1849,1.1591,0.7302,3.6938,0.6198,6.1323,0.8229,1.8822,0.6605,4.1850
2026-08-06 10:53:04.460,18.983333,56,29,0.007588,-1.5433,165.78,0,0,0,60.0269,219.048,0.08510,1,0,0,0,0,0.007251,0.000125,0.000893,0.000194,0.001246,0.000007,0.000720,0.000123,0.000698,0.000172,0.000742,0.000147,0.000502,0.000147,0.000622,-165.78,179.51,-121.56,-107.89,-38.92,134.22,45.10,102.30,94.08,131.41,-175.31,167.50,-76.03,102.58,-1.62,218.3951,4.9872,4.9302,3.7424,14.2202,2.1849,1.1591,0.7302,3.6938,0.6198,6.1323,0.8229,1.8822,0.6605,4.1850
2026-08-06 10:53:04.705,19.000000,57,0,0.007535,-1.5342,165.41,0,0,0,60.0307,218.876,0.08494,1,0,0,0,0,0.007215,0.000227,0.000910,0.000154,0.001181,0.000016,0.000656,0.000025,0.000665,0.000078,0.000794,0.000043,0.000380,0.000019,0.000627,-165.41,-178.75,-116.80,-122.08,-39.38,51.94,50.03,-148.82,100.63,53.41,178.98,131.21,-80.67,81.32,-8.96,218.2263,4.9390,4.9411,3.7299,14.2368,2.1951,1.1492,0.7171,3.6716,0.6021,6.0429,0.8400,1.8893,0.6558,4.1101
2026-08-06 10:53:04.705,19.016667,57,1,0.007467,-1.5219,165.96,0,0,0,60.0307,218.876,0.08494,1,0,0,0,0,0.007147,0.000203,0.000957,0.000117,0.001183,0.000051,0.000640,0.000104,0.000636,0.000071,0.000778,0.000052,0.000454,0.000093,0.000546,-165.96,-153.67,-116.56,-131.77,-38.30,-78.26,49.29,84.52,91.89,70.73,179.64,64.90,-75.35,162.32,-5.92,218.2263,4.9390,4.9411,3.7299,14.2368,2.1951,1.1492,0.7171,3.6716,0.6021,6.0429,0.8400,1.8893,0.6558,4.1101
2026-08-06 10:53:04.705,19.033333,57,2,0.007458,-1.5213,166.19,0,0,0,60.0307,218.876,0.08494,1,0,0,0,0,0.007134,0.000222,0.000927,0.000130,0.001246,0.000024,0.000660,0.000054,0.000661,0.000094,0.000769,0.000086,0.000383,0.000031,0.000579,-166.19,-149.75,-117.15,-126.28,-36.18,47.24,48.66,30.57,93.88,87.01,174.38,152.41,-84.42,176.08,-2.48,218.2263,4.9390,4.9411,3.7299,14.2368,2.1951,1.1492,0.7171,3.6716,0.6021,6.0429,0.8400,1.8893,0.6558,4.1101
2026-08-06 10:53:04.705,19.050000,57,3,0.007494,-1.5355,166.43,0,0,0,60.0307,218.876,0.08494,1,0,0,0,0,0.007200,0.000243,0.000950,0.000132,0.001192,0.000028,0.000575,0.000084,0.000490,0.000090,0.000612,0.000112,0.000364,0.000129,0.000597,-166.43,-166.42,-118.80,-120.24,-39.82,178.60,48.10,-113.59,98.97,-40.37,-169.51,-1.59,-54.59,31.98,6.17,218.2263,4.9390,4.9411,3.7299,14.2368,2.1951,1.1492,0.7171,3.6716,0.6021,6.0429,0.8400,1.8893,0.6558,4.1101
2026-08-06 10:53:04.705,19.066667,57,4,0.007531,-1.5347,165.96,0,0,0,60.0307,218.876,0.08494,1,0,0,0,0,0.007206,0.000216,0.000928,0.000092,0.001245,0.000032,0.000586,0.000127,0.000626,0.000050,0.000750,0.000038,0.000409,0.000119,0.000632,-165.96,-166.82,-116.68,-111.26,-38.48,25.86,49.22,82.62,95.29,108.37,179.87,116.91,-79.67,126.95,-0.43,218.2263,4.9390,4.9411,3.7299,14.2368,2.1951,1.1492,0.7171,3.6716,0.6021,6.0429,0.8400,1.8893,0.6558,4.1101
2026-08-06 10:53:04.705,19.083333,57,5,0.007529,-1.5388,166.42,0,0,0,60.0307,218.876,0.08494,1,0,0,0,0,0.007205,0.000253,0.000905,0.000125,0.001265,0.000053,0.000684,0.000013,0.000586,0.000076,0.000771,0.000056,0.000397,0.000066,0.000586,-166.42,-161.27,-118.16,-108.51,-40.17,-38.35,45.76,55.55,89.33,27.66,169.44,-162.49,-82.19,72.30,-1.99,218.2263,4.9390,4.9411,3.7299,14.2368,2.1951,1.1492,0.7171,3.6716,0.6021,6.0429,0.8400,1.8893,0.6558,4.1101
2026-08-06 10:53:04.705,19.100000,57,6,0.007581,-1.5507,166.93,0,0,0,60.0307,218.876,0.08494,1,0,0,0,0,0.007242,0.000276,0.000903,0.000093,0.001204,0.000085,0.000704,0.000120,0.000595,0.000083,0.000889,0.000079,0.000284,0.000090,0.000704,-166.93,-166.14,-115.18,-150.96,-40.85,-50.93,55.65,-163.47,94.91,68.63,-178.60,-13.30,-69.53,-152.17,-7.97,218.2263,4.9390,4.9411,3.7299,14.2368,2.1951,1.1492,0.7171,3.6716,0.6021,6.0429,0.8400,1.8893,0.6558,4.1101
2026-08-06 10:53:04.705,19.116667,57,7,0.007550,-1.5404,165.84,0,0,0,60.0307,218.876,0.08494,1,0,0,0,0,0.007235,0.000210,0.000820,0.000105,0.001242,0.000067,0.000659,0.000079,0.000690,0.000111,0.000707,0.000137,0.000384,0.000074,0.000635,-165.84,-171.47,-114.46,-95.56,-38.28,113.56,46.06,55.03,96.47,71.71,-179.41,-172.17,-80.24,107.55,-6.31,218.2263,4.9390,4.9411,3.7299,14.2368,2.1951,1.1492,0.7171,3.6716,0.6021,6.0429,0.8400,1.8893,0.6558,4.1101
2026-08-06 10:53:04.705,19.133333,57,8,0.007583,-1.5496,166.25,0,0,0,60.0307,218.876,0.08494,1,0,0,0,0,0.007265,0.000236,0.000876,0.000101,0.001238,0.000043,0.000652,0.000045,0.000624,0.000099,0.000741,0.000057,0.000404,0.000032,0.000643,-166.25,-168.02,-117.70,-119.90,-38.87,78.03,45.98,32.16,100.02,83.29,177.20,159.43,-74.40,-164.13,-7.50,218.2263,4.9390,4.9411,3.7299,14.2368,2.1951,1.1492,0.7171,3.6716,0.6021,6.0429,0.8400,1.8893,0.6558,4.1101
2026-08-06 10:53:04.705,19.150000,57,9,0.007526,-1.5408,166.61,0,0,0,60.0307,218.876,0.08494,1,0,0,0,0,0.007212,0.000196,0.000920,0.000176,0.001253,0.000040,0.000579,0.000073,0.000607,0.000043,0.000763,0.000065,0.000437,0.000054,0.000629,-166.61,-162.38,-117.50,-119.54,-37.45,-15.23,49.74,92.12,95.85,173.47,173.64,68.36,-78.14,-163.34,-5.41,218.2263,4.9390,4.9411,3.7299,14.2368,2.1951,1.1492,0.7171,3.6716,0.6021,6.0429,0.8400,1.8893,0.6558,4.1101
2026-08-06 10:53:04.705,19.166667,57,10,0.007564,-1.5448,166.71,0,0,0,60.0307,218.876,0.08494,1,0,0,0,0,0.007224,0.000144,0.000966,0.000168,0.001199,0.000065,0.000648,0.000172,0.000530,0.000119,0.000897,0.000166,0.000381,0.000089,0.000695,-166.71,-176.09,-113.27,-109.56,-39.29,105.65,45.48,4.44,92.62,-176.75,171.04,111.18,-60.33,-34.93,-5.58,218.2263,4.9390,4.9411,3.7299,14.2368,2.1951,1.1492,0.7171,3.6716,0.6021,6.0429,0.8400,1.8893,0.6558,4.1101
2026-08-06 10:53:04.705,19.183333,57,11,0.007573,-1.5456,166.63,0,0,0,60.0307,218.876,0.08494,1,0,0,0,0,0.007237,0.000223,0.000992,0.000202,0.001310,0.000074,0.000688,0.000044,0.000635,0.000056,0.000682,0.000124,0.000306,0.000112,0.000588,-166.63,177.99,-122.38,-107.48,-37.12,21.94,49.39,110.87,97.17,89.36,176.31,102.62,-67.16,168.84,-2.92,218.2263,4.9390,4.9411,3.7299,14.2368,2.1951,1.1492,0.7171,3.6716,0.6021,6.0429,0.8400,1.8893,0.6558,4.1101
2026-08-06 10:53:04.705,19.200000,57,12,0.007516,-1.5321,166.09,0,0,0,60.0307,218.876,0.08494,1,0,0,0,0,0.007195,0.000164,0.000867,0.000089,0.001221,0.000065,0.000616,0.000073,0.000716,0.000036,0.000775,0.000054,0.000418,0.000060,0.000650,-166.09,179.42,-118.46,-132.29,-33.86,-122.14,51.49,75.34,98.56,-103.45,176.44,-33.69,-82.18,133.20,-5.04,218.2263,4.9390,4.9411,3.7299,14.2368,2.1951,1.1492,0.7171,3.6716,0.6021,6.0429,0.8400,1.8893,0.6558,4.1101
2026-08-06 10:53:04.705,19.216667,57,13,0.007576,-1.5384,165.81,0,0,0,60.0307,218.876,0.08494,1,0,0,0,0,0.007224,0.000258,0.000923,0.000066,0.001211,0.000079,0.000638,0.000115,0.000562,0.000053,0.000813,0.000238,0.000388,0.000130,0.000769,-165.81,-171.02,-121.62,-130.60,-37.98,51.43,33.98,-67.70,95.58,164.17,173.53,77.80,-66.57,64.34,-5.42,218.2263,4.9390,4.9411,3.7299,14.2368,2.1951,1.1492,0.7171,3.6716,0.6021,6.0429,0.8400,1.8893,0.6558,4.1101
2026-08-06 10:53:04.705,19.233333,57,14,0.007510,-1.5356,166.72,0,0,0,60.0307,218.876,0.08494,1,0,0,0,0,0.007189,0.000206,0.000906,0.000105,0.001209,0.000038,0.000629,0.000021,0.000636,0.000126,0.000746,0.000100,0.000327,0.000058,0.000617,-166.72,-172.22,-118.14,-139.50,-36.21,-5.95,46.35,-65.39,102.61,93.93,-178.60,165.80,-77.10,42.11,-12.62,218.2263,4.9390,4.9411,3.7299,14.2368,2.1951,1.1492,0.7171,3.6716,0.6021,6.0429,0.8400,1.8893,0.6558,4.1101
2026-08-06 10:53:04.705,19.250000,57,15,0.008085,-1.6030,161.25,0,0,0,60.0307,218.876,0.08494,1,0,0,0,0,0.007720,0.000823,0.000400,0.000185,0.000871,0.000320,0.000659,0.000106,0.000640,0.000434,0.000709,0.000292,0.000635,0.000164,0.000848,-161.25,-85.38,-73.65,-166.02,-49.16,-52.38,54.25,-28.35,119.09,8.73,174.37,113.23,-97.89,97.23,-15.76,218.2263,4.9390,4.9411,3.7299,14.2368,2.1951,1.1492,0.7171,3.6716,0.6021,6.0429,0.8400,1.8893,0.6558,4.1101
2026-08-06 10:53:04.705,19.266667,57,16,0.008227,-1.6993,171.90,0,0,0,60.0307,218.876,0.08494,1,0,0,0,0,0.007845,0.000897,0.000295,0.000284,0.001327,0.000096,0.000748,0.000283,0.000710,0.000147,0.000656,0.000168,0.000313,0.000124,0.000811,-171.90,119.77,-130.71,21.66,-37.01,139.74,59.57,62.35,77.26,-3.40,-173.85,145.89,-64.88,25.34,-7.47,218.2263,4.9390,4.9411,3.7299,14.2368,2.1951,1.1492,0.7171,3.6716,0.6021,6.0429,0.8400,1.8893,0.6558,4.1101
2026-08-06 10:53:04.705,19.283333,57,17,0.007498,-1.5333,166.35,0,0,0,60.0307,218.876,0.08494,1,0,0,0,0,0.007192,0.000177,0.000898,0.000072,0.001198,0.000030,0.000628,0.000036,0.000612,0.000064,0.000703,0.000060,0.000406,0.000040,0.000691,-166.35,-174.45,-117.43,-99.67,-37.86,29.65,51.40,90.37,96.41,58.74,177.52,115.60,-73.59,-91.41,-4.92,218.2263,4.9390,4.9411,3.7299,14.2368,2.1951,1.1492,0.7171,3.6716,0.6021,6.0429,0.8400,1.8893,0.6558,4.1101
2026-08-06 10:53:04.705,19.300000,57,18,0.007551,-1.5342,166.49,0,0,0,60.0307,218.876,0.08494,1,0,0,0,0,0.007196,0.000142,0.000941,0.000098,0.001361,0.000008,0.000639,0.000167,0.000652,0.000029,0.000714,0.000061,0.000491,0.000023,0.000695,-166.49,-161.39,-113.02,-103.38,-35.81,-38.25,44.81,31.48,97.86,-19.78,173.54,130.20,-79.60,2.80,-7.14,218.2263,4.9390,4.9411,3.7299,14.2368,2.1951,1.1492,0.7171,3.6716,0.6021,6.0429,0.8400,1.8893,0.6558,4.1101
2026-08-06 10:53:04.705,19.316667,57,19,0.007525,-1.5407,166.42,0,0,0,60.0307,218.876,0.08494,1,0,0,0,0,0.007221,0.000281,0.000828,0.000106,0.001184,0.000094,0.000669,0.000025,0.000632,0.000041,0.000730,0.000075,0.000373,0.000010,0.000649,-166.42,-165.36,-116.08,-112.56,-39.67,56.49,46.50,-81.51,98.98,99.73,175.15,163.25,-74.01,75.08,-7.54,218.2263,4.9390,4.9411,3.7299,14.2368,2.1951,1.1492,0.7171,3.6716,0.6021,6.0429,0.8400,1.8893,0.6558,4.1101
2026-08-06 10:53:04.705,19.333333,57,20,0.008239,-1.6446,165.41,0,0,0,60.0307,218.876,0.08494,1,0,0,0,0,0.007726,0.000699,0.001373,0.000556,0.001542,0.000288,0.000661,0.000103,0.000683,0.000099,0.000856,0.000216,0.000598,0.000258,0.000818,-165.41,-149.43,-118.72,-107.41,-49.06,-55.30,32.89,-6.33,98.97,-151.26,-174.57,-78.75,-68.81,-43.78,-0.80,218.2263,4.9390,4.9411,3.7299,14.2368,2.1951,1.1492,0.7171,3.6716,0.6021,6.0429,0.8400,1.8893,0.6558,4.1101
2026-08-06 10:53:04.705,19.350000,57,21,0.007014,-1.4343,172.39,0,0,0,60.0307,218.876,0.08494,1,0,0,0,0,0.006576,0.000721,0.000930,0.000361,0.000863,0.000508,0.000632,0.000008,0.000725,0.000475,0.000449,0.000385,0.000290,0.000023,0.000771,-172.39,-93.74,-147.27,-47.12,-58.05,57.00,18.46,-78.48,112.50,70.74,-150.76,-173.83,-57.69,74.30,-7.90,218.2263,4.9390,4.9411,3.7299,14.2368,2.1951,1.1492,0.7171,3.6716,0.6021,6.0429,0.8400,1.8893,0.6558,4.1101
2026-08-06 10:53:04.705,19.366667,57,22,0.007504,-1.5330,166.14,0,0,0,60.0307,218.876,0.08494,1,0,0,0,0,0.007192,0.000276,0.000874,0.000150,0.001227,0.000052,0.000619,0.000016,0.000589,0.000103,0.000788,0.000060,0.000399,0.000071,0.000566,-166.14,-170.87,-121.12,-122.86,-37.20,-31.44,49.63,-115.00,104.61,74.87,176.30,112.32,-66.50,27.80,-9.36,218.2263,4.9390,4.9411,3.7299,14.2368,2.1951,1.1492,0.7171,3.6716,0.6021,6.0429,0.8400,1.8893,0.6558,4.1101
2026-08-06 10:53:04.705,19.383333,57,23,0.007532,-1.5370,166.29,0,0,0,60.0307,218.876,0.08494,1,0,0,0,0,0.007210,0.000196,0.000914,0.000108,0.001283,0.000020,0.000580,0.000090,0.000649,0.000048,0.000737,0.000059,0.000416,0.000066,0.000604,-166.29,-161.17,-118.47,-126.32,-37.32,52.66,45.33,69.40,93.25,117.31,171.77,167.13,-82.66,165.95,-4.40,218.2263,4.9390,4.9411,3.7299,14.2368,2.1951,1.1492,0.7171,3.6716,0.6021,6.0429,0.8400,1.8893,0.6558,4.1101
2026-08-06 10:53:04.705,19.400000,57,24,0.007540,-1.5318,165.64,0,0,0,60.0307,218.876,0.08494,1,0,0,0,0,0.007209,0.000285,0.000953,0.000108,0.001228,0.000066,0.000671,0.000121,0.000602,0.000112,0.000660,0.000124,0.000396,0.000077,0.000689,-165.64,-179.23,-118.35,-120.68,-37.52,83.31,44.32,54.48,91.22,110.29,-178.14,132.11,-86.92,155.40,-2.51,218.2263,4.9390,4.9411,3.7299,14.2368,2.1951,1.1492,0.7171,3.6716,0.6021,6.0429,0.8400,1.8893,0.6558,4.1101
2026-08-06 10:53:04.705,19.416667,57,25,0.007514,-1.5371,166.37,0,0,0,60.0307,218.876,0.08494,1,0,0,0,0,0.007203,0.000187,0.000885,0.000132,0.001212,0.000067,0.000609,0.000011,0.000621,0.000037,0.000796,0.000049,0.000350,0.000048,0.000644,-166.37,176.36,-118.96,-107.11,-37.77,-18.44,50.64,81.33,97.25,171.25,172.83,67.95,-76.90,-86.89,-2.40,218.2263,4.9390,4.9411,3.7299,14.2368,2.1951,1.1492,0.7171,3.6716,0.6021,6.0429,0.8400,1.8893,0.6558,4.1101
2026-08-06 10:53:04.705,19.433333,57,26,0.007552,-1.5441,166.73,0,0,0,60.0307,218.876,0.08494,1,0,0,0,0,0.007231,0.000166,0.000870,0.000100,0.001233,0.000040,0.000653,0.000094,0.000709,0.000064,0.000810,0.000067,0.000422,0.000101,0.000659,-166.73,-164.56,-113.80,-91.75,-36.89,-86.72,52.65,67.22,95.12,120.24,172.13,178.06,-87.56,154.19,-2.54,218.2263,4.9390,4.9411,3.7299,14.2368,2.1951,1.1492,0.7171,3.6716,0.6021,6.0429,0.8400,1.8893,0.6558,4.1101
2026-08-06 10:53:04.705,19.450000,57,27,0.007500,-1.5300,166.19,0,0,0,60.0307,218.876,0.08494,1,0,0,0,0,0.007176,0.000237,0.000881,0.000153,0.001242,0.000033,0.000698,0.000023,0.000663,0.000068,0.000733,0.000074,0.000361,0.000037,0.000649,-166.19,-172.16,-118.18,-119.98,-38.65,99.72,46.20,-84.75,94.34,100.37,172.95,131.87,-79.32,153.04,-9.27,218.2263,4.9390,4.9411,3.7299,14.2368,2.1951,1.1492,0.7171,3.6716,0.6021,6.0429,0.8400,1.8893,0.6558,4.1101
2026-08-06 10:53:04.705,19.466667,57,28,0.007507,-1.5299,165.68,0,0,0,60.0307,218.876,0.08494,1,0,0,0,0,0.007197,0.000214,0.000883,0.000182,0.001166,0.000015,0.000614,0.000047,0.000696,0.000055,0.000750,0.000043,0.000405,0.000061,0.000642,-165.68,-162.36,-115.16,-110.26,-35.69,25.41,52.67,43.85,96.05,93.55,175.96,118.79,-79.54,-166.89,-4.64,218.2263,4.9390,4.9411,3.7299,14.2368,2.1951,1.1492,0.7171,3.6716,0.6021,6.0429,0.8400,1.8893,0.6558,4.1101
2026-08-06 10:53:04.705,19.483333,57,29,0.007540,-1.5394,166.63,0,0,0,60.0307,218.876,0.08494,1,0,0,0,0,0.007212,0.000232,0.000939,0.000086,0.001242,0.000074,0.000656,0.000070,0.000717,0.000018,0.000737,0.000111,0.000370,0.000058,0.000632,-166.63,-158.08,-117.34,-87.30,-36.37,-57.62,45.79,54.13,94.73,140.78,172.69,129.69,-85.79,148.34,1.59,218.2263,4.9390,4.9411,3.7299,14.2368,2.1951,1.1492,0.7171,3.6716,0.6021,6.0429,0.8400,1.8893,0.6558,4.1101
2026-08-06 10:53:06.096,19.500000,58,0,0.007610,-1.5546,166.03,0,0,0,60.0307,218.782,0.08495,1,0,0,0,0,0.007302,0.000278,0.000894,0.000175,0.001153,0.000090,0.000588,0.000068,0.000683,0.000056,0.000812,0.000114,0.000407,0.000123,0.000636,-166.03,176.12,-115.24,-107.62,-38.05,32.41,38.92,132.40,89.84,-100.77,172.17,85.17,-81.72,175.29,-4.13,218.1313,4.9341,4.9405,3.7048,14.2940,2.1758,1.1137,0.7085,3.6274,0.6100,5.9863,0.8197,1.8663,0.6726,4.0741
2026-08-06 10:53:06.096,19.516667,58,1,0.007514,-1.5368,166.22,0,0,0,60.0307,218.782,0.08495,1,0,0,0,0,0.007211,0.000248,0.000856,0.000135,0.001176,0.000057,0.000628,0.000085,0.000703,0.000027,0.000723,0.000127,0.000361,0.000100,0.000600,-166.22,-170.64,-115.21,-105.30,-38.99,106.54,49.11,124.83,96.79,122.37,174.25,-159.33,-84.47,-157.11,-3.74,218.1313,4.9341,4.9405,3.7048,14.2940,2.1758,1.1137,0.7085,3.6274,0.6100,5.9863,0.8197,1.8663,0.6726,4.0741
2026-08-06 10:53:06.096,19.533333,58,2,0.007572,-1.5435,165.85,0,0,0,60.0307,218.782,0.08495,1,0,0,0,0,0.007251,0.000226,0.000901,0.000125,0.001231,0.000055,0.000660,0.000055,0.000669,0.000062,0.000699,0.000065,0.000352,0.000034,0.000689,-165.85,-174.00,-118.18,-109.20,-38.81,69.22,49.87,31.15,97.55,119.05,170.55,171.26,-80.39,165.00,-3.86,218.1313,4.9341,4.9405,3.7048,14.2940,2.1758,1.1137,0.7085,3.6274,0.6100,5.9863,0.8197,1.8663,0.6726,4.0741
2026-08-06 10:53:06.096,19.550000,58,3,0.007522,-1.5367,166.21,0,0,0,60.0307,218.782,0.08495,1,0,0,0,0,0.007211,0.000215,0.000886,0.000130,0.001231,0.000012,0.000661,0.000039,0.000670,0.000063,0.000706,0.000071,0.000392,0.000010,0.000610,-166.21,-172.90,-117.21,-109.83,-38.43,-151.57,48.90,179.16,101.68,99.03,177.12,155.91,-70.45,-8.98,-10.40,218.1313,4.9341,4.9405,3.7048,14.2940,2.1758,1.1137,0.7085,3.6274,0.6100,5.9863,0.8197,1.8663,0.6726,4.0741
2026-08-06 10:53:06.096,19.566667,58,4,0.007559,-1.5394,165.80,0,0,0,60.0307,218.782,0.08495,1,0,0,0,0,0.007236,0.000229,0.000888,0.000147,0.001241,0.000050,0.000685,0.000052,0.000709,0.000030,0.000735,0.000063,0.000354,0.000071,0.000590,-165.80,-170.49,-114.13,-103.66,-38.68,97.79,49.80,131.17,98.39,-173.08,174.35,-146.40,-82.99,173.05,-1.35,218.1313,4.9341,4.9405,3.7048,14.2940,2.1758,1.1137,0.7085,3.6274,0.6100,5.9863,0.8197,1.8663,0.6726,4.0741
2026-08-06 10:53:06.096,19.583333,58,5,0.007587,-1.5453,166.18,0,0,0,60.0307,218.782,0.08495,1,0,0,0,0,0.007252,0.000239,0.000971,0.000145,0.001234,0.000029,0.000678,0.000081,0.000647,0.000015,0.000765,0.000097,0.000388,0.000065,0.000645,-166.18,-165.39,-118.63,-117.68,-36.79,-12.25,48.87,3.69,95.65,44.63,170.58,100.81,-90.15,179.59,-5.04,218.1313,4.9341,4.9405,3.7048,14.2940,2.1758,1.1137,0.7085,3.6274,0.6100,5.9863,0.8197,1.8663,0.6726,4.0741
2026-08-06 10:53:06.096,19.600000,58,6,0.007615,-1.5534,166.61,0,0,0,60.0307,218.782,0.08495,1,0,0,0,0,0.007272,0.000180,0.000943,0.000088,0.001258,0.000062,0.000711,0.000044,0.000774,0.000098,0.000853,0.000058,0.000437,0.000013,0.000656,-166.61,-175.81,-117.06,-154.38,-36.80,112.55,49.13,-157.38,95.10,-74.66,174.67,17.95,-88.71,44.08,-13.82,218.1313,4.9341,4.9405,3.7048,14.2940,2.1758,1.1137,0.7085,3.6274,0.6100,5.9863,0.8197,1.8663,0.6726,4.0741
2026-08-06 10:53:06.096,19.616667,58,7,0.007593,-1.5437,165.81,0,0,0,60.0307,218.782,0.08495,1,0,0,0,0,0.007255,0.000224,0.000955,0.000123,0.001319,0.000050,0.000648,0.000089,0.000670,0.000122,0.000708,0.000064,0.000391,0.000135,0.000620,-165.81,-170.37,-118.60,-101.35,-39.77,72.20,45.28,58.42,94.53,94.48,171.32,145.45,-93.17,140.40,-8.92,218.1313,4.9341,4.9405,3.7048,14.2940,2.1758,1.1137,0.7085,3.6274,0.6100,5.9863,0.8197,1.8663,0.6726,4.0741
2026-08-06 10:53:06.096,19.633333,58,8,0.007544,-1.5387,166.11,0,0,0,60.0307,218.782,0.08495,1,0,0,0,0,0.007222,0.000254,0.000919,0.000154,0.001259,0.000033,0.000706,0.000012,0.000665,0.000051,0.000736,0.000089,0.000361,0.000007,0.000582,-166.11,-164.09,-117.91,-105.12,-38.53,97.31,44.20,-28.73,93.14,90.86,174.22,140.42,-84.23,110.37,-12.28,218.1313,4.9341,4.9405,3.7048,14.2940,2.1758,1.1137,0.7085,3.6274,0.6100,5.9863,0.8197,1.8663,0.6726,4.0741
2026-08-06 10:53:06.096,19.650000,58,9,0.007465,-1.5211,166.34,0,0,0,60.0307,218.782,0.08495,1,0,0,0,0,0.007136,0.000195,0.000917,0.000090,0.001270,0.000020,0.000661,0.000058,0.000705,0.000079,0.000791,0.000017,0.000392,0.000045,0.000611,-166.34,-157.87,-117.05,-150.08,-35.20,-93.39,50.74,149.30,95.33,-172.85,173.87,109.66,-80.89,-167.32,-8.86,218.1313,4.9341,4.9405,3.7048,14.2940,2.1758,1.1137,0.7085,3.6274,0.6100,5.9863,0.8197,1.8663,0.6726,4.0741
2026-08-06 10:53:06.096,19.666667,58,10,0.007519,-1.5292,165.86,0,0,0,60.0307,218.782,0.08495,1,0,0,0,0,0.007180,0.000247,0.000920,0.000136,0.001289,0.000063,0.000605,0.000110,0.000669,0.000062,0.000737,0.000147,0.000444,0.000088,0.000678,-165.86,-168.84,-115.71,-126.68,-39.81,120.62,43.91,77.71,94.39,103.68,172.53,126.52,-88.18,143.75,-8.76,218.1313,4.9341,4.9405,3.7048,14.2940,2.1758,1.1137,0.7085,3.6274,0.6100,5.9863,0.8197,1.8663,0.6726,4.0741
2026-08-06 10:53:06.096,19.683333,58,11,0.007510,-1.5328,166.08,0,0,0,60.0307,218.782,0.08495,1,0,0,0,0,0.007195,0.000251,0.000904,0.000163,0.001250,0.000035,0.000656,0.000034,0.000660,0.000085,0.000723,0.000120,0.000326,0.000064,0.000573,-166.08,-168.74,-116.60,-131.08,-37.63,77.62,48.59,170.89,97.90,86.87,173.96,106.63,-72.85,66.54,-11.42,218.1313,4.9341,4.9405,3.7048,14.2940,2.1758,1.1137,0.7085,3.6274,0.6100,5.9863,0.8197,1.8663,0.6726,4.0741
2026-08-06 10:53:06.096,19.700000,58,12,0.007567,-1.5445,166.01,0,0,0,60.0307,218.782,0.08495,1,0,0,0,0,0.007255,0.000227,0.000864,0.000148,0.001230,0.000039,0.000641,0.000065,0.000649,0.000055,0.000738,0.000018,0.000376,0.000064,0.000599,-166.01,-165.89,-114.19,-106.24,-39.20,100.00,46.71,59.93,94.46,122.55,178.25,118.60,-88.34,135.81,1.18,218.1313,4.9341,4.9405,3.7048,14.2940,2.1758,1.1137,0.7085,3.6274,0.6100,5.9863,0.8197,1.8663,0.6726,4.0741
2026-08-06 10:53:06.096,19.716667,58,13,0.007540,-1.5443,166.07,0,0,0,60.0307,218.782,0.08495,1,0,0,0,0,0.007251,0.000277,0.000839,0.000096,0.001155,0.000114,0.000643,0.000022,0.000576,0.000128,0.000687,0.000121,0.000343,0.000055,0.000614,-166.07,167.33,-118.74,-121.24,-39.85,61.05,50.03,136.58,99.71,99.52,177.65,133.90,-77.14,163.17,-7.81,218.1313,4.9341,4.9405,3.7048,14.2940,2.1758,1.1137,0.7085,3.6274,0.6100,5.9863,0.8197,1.8663,0.6726,4.0741
2026-08-06 10:53:06.096,19.733333,58,14,0.007516,-1.5337,165.85,0,0,0,60.0307,218.782,0.08495,1,0,0,0,0,0.007206,0.000243,0.000916,0.000119,0.001140,0.000018,0.000607,0.000053,0.000709,0.000016,0.000745,0.000056,0.000364,0.000032,0.000640,-165.85,-161.05,-114.50,-91.72,-39.14,160.87,44.84,144.07,99.40,-173.66,176.90,167.55,-77.87,-125.19,-2.15,218.1313,4.9341,4.9405,3.7048,14.2940,2.1758,1.1137,0.7085,3.6274,0.6100,5.9863,0.8197,1.8663,0.6726,4.0741
2026-08-06 10:53:06.096,19.750000,58,15,0.007595,-1.5452,165.71,0,0,0,60.0307,218.782,0.08495,1,0,0,0,0,0.007264,0.000244,0.000950,0.000146,0.001249,0.000062,0.000622,0.000085,0.000683,0.000050,0.000727,0.000060,0.000439,0.000088,0.000614,-165.71,-164.55,-116.97,-133.57,-38.27,116.04,45.06,50.39,97.20,30.79,174.85,161.22,-80.72,129.09,-4.48,218.1313,4.9341,4.9405,3.7048,14.2940,2.1758,1.1137,0.7085,3.6274,0.6100,5.9863,0.8197,1.8663,0.6726,4.0741
2026-08-06 10:53:06.096,19.766667,58,16,0.007505,-1.5338,166.73,0,0,0,60.0307,218.782,0.08495,1,0,0,0,0,0.007183,0.000252,0.000894,0.000102,0.001252,0.000043,0.000666,0.000007,0.000671,0.000068,0.000741,0.000055,0.000343,0.000067,0.000657,-166.73,-170.03,-116.85,-119.87,-39.21,28.76,50.73,80.09,96.32,93.89,176.40,122.82,-86.55,-128.05,-8.70,218.1313,4.9341,4.9405,3.7048,14.2940,2.1758,1.1137,0.7085,3.6274,0.6100,5.9863,0.8197,1.8663,0.6726,4.0741
2026-08-06 10:53:06.096,19.783333,58,17,0.007499,-1.5266,165.88,0,0,0,60.0307,218.782,0.08495,1,0,0,0,0,0.007174,0.000285,0.000960,0.000139,0.001225,0.000014,0.000594,0.000085,0.000649,0.000029,0.000770,0.000071,0.000463,0.000076,0.000607,-165.88,-157.37,-115.52,-113.49,-38.40,97.02,41.99,92.13,95.61,37.50,174.95,146.78,-87.00,-159.88,-8.73,218.1313,4.9341,4.9405,3.7048,14.2940,2.1758,1.1137,0.7085,3.6274,0.6100,5.9863,0.8197,1.8663,0.6726,4.0741
2026-08-06 10:53:06.096,19.800000,58,18,0.007544,-1.5391,166.41,0,0,0,60.0307,218.782,0.08495,1,0,0,0,0,0.007216,0.000275,0.000949,0.000118,0.001241,0.000025,0.000605,0.000150,0.000642,0.000048,0.000660,0.000147,0.000373,0.000059,0.000672,-166.41,-162.94,-117.38,-109.78,-39.68,82.67,39.91,33.50,95.55,70.77,172.60,127.99,-89.31,174.36,-2.67,218.1313,4.9341,4.9405,3.7048,14.2940,2.1758,1.1137,0.7085,3.6274,0.6100,5.9863,0.8197,1.8663,0.6726,4.0741
2026-08-06 10:53:06.096,19.816667,58,19,0.007516,-1.5317,166.22,0,0,0,60.0307,218.782,0.08495,1,0,0,0,0,0.007186,0.000208,0.000934,0.000126,0.001237,0.000048,0.000676,0.000028,0.000647,0.000050,0.000801,0.000068,0.000354,0.000040,0.000590,-166.22,-172.97,-117.52,-138.59,-38.47,105.00,48.10,104.67,96.86,94.27,172.12,72.89,-76.05,77.74,-7.70,218.1313,4.9341,4.9405,3.7048,14.2940,2.1758,1.1137,0.7085,3.6274,0.6100,5.9863,0.8197,1.8663,0.6726,4.0741
2026-08-06 10:53:06.096,19.833333,58,20,0.007567,-1.5425,166.07,0,0,0,60.0307,218.782,0.08495,1,0,0,0,0,0.007246,0.000168,0.000912,0.000106,0.001228,0.000039,0.000619,0.000071,0.000673,0.000096,0.000780,0.000062,0.000390,0.000070,0.000646,-166.07,-174.50,-116.82,-99.56,-38.63,67.57,45.55,65.17,93.24,136.81,170.05,129.97,-81.32,-177.18,-5.06,218.1313,4.9341,4.9405,3.7048,14.2940,2.1758,1.1137,0.7085,3.6274,0.6100,5.9863,0.8197,1.8663,0.6726,4.0741
2026-08-06 10:53:06.096,19.850000,58,21,0.007535,-1.5269,165.12,0,0,0,60.0307,218.782,0.08495,1,0,0,0,0,0.007205,0.000209,0.000942,0.000073,0.001220,0.000042,0.000689,0.000072,0.000762,0.000097,0.000739,0.000055,0.000309,0.000051,0.000523,-165.12,150.36,-114.54,-127.33,-37.32,-145.52,47.61,-54.92,89.54,158.58,174.85,95.35,-90.73,-3.61,-2.17,218.1313,4.9341,4.9405,3.7048,14.2940,2.1758,1.1137,0.7085,3.6274,0.6100,5.9863,0.8197,1.8663,0.6726,4.0741
2026-08-06 10:53:06.096,19.866667,58,22,0.007886,-1.6069,166.62,0,0,0,60.0307,218.782,0.08495,1,0,0,0,0,0.007520,0.000390,0.001061,0.000328,0.001358,0.000233,0.000517,0.000238,0.000422,0.000232,0.000571,0.000141,0.000515,0.000246,0.000766,-166.62,-172.55,-123.49,-121.66,-48.90,-84.28,28.59,-83.66,75.75,-38.05,-176.74,-29.03,-45.47,11.91,0.12,218.1313,4.9341,4.9405,3.7048,14.2940,2.1758,1.1137,0.7085,3.6274,0.6100,5.9863,0.8197,1.8663,0.6726,4.0741
2026-08-06 10:53:06.096,19.883333,58,23,0.007099,-1.1448,143.73,0,0,0,60.0307,218.782,0.08495,1,0,0,0,0,0.006433,0.001302,0.000908,0.000682,0.001744,0.000177,0.000843,0.000257,0.000559,0.000099,0.000710,0.000213,0.000427,0.000127,0.000490,-143.73,90.42,-121.55,176.92,-47.28,33.54,47.27,117.04,117.02,-51.99,-175.13,34.57,-112.59,98.61,-32.30,218.1313,4.9341,4.9405,3.7048,14.2940,2.1758,1.1137,0.7085,3.6274,0.6100,5.9863,0.8197,1.8663,0.6726,4.0741
2026-08-06 10:53:06.096,19.900000,58,24,0.007499,-1.5294,166.08,0,0,0,60.0307,218.782,0.08495,1,0,0,0,0,0.007179,0.000255,0.000860,0.000118,0.001190,0.000028,0.000642,0.000089,0.000686,0.000077,0.000774,0.000091,0.000372,0.000069,0.000657,-166.08,-177.58,-118.12,-103.81,-40.28,14.51,41.98,-32.19,97.96,105.32,177.15,115.50,-89.79,-75.49,-4.01,218.1313,4.9341,4.9405,3.7048,14.2940,2.1758,1.1137,0.7085,3.6274,0.6100,5.9863,0.8197,1.8663,0.6726,4.0741
2026-08-06 10:53:06.096,19.916667,58,25,0.007508,-1.5301,165.98,0,0,0,60.0307,218.782,0.08495,1,0,0,0,0,0.007190,0.000238,0.000911,0.000170,0.001179,0.000020,0.000660,0.000017,0.000669,0.000021,0.000776,0.000027,0.000390,0.000067,0.000613,-165.98,-158.28,-119.01,-107.12,-37.93,-94.97,53.41,-61.33,99.76,124.95,175.85,161.28,-80.43,-174.70,-4.83,218.1313,4.9341,4.9405,3.7048,14.2940,2.1758,1.1137,0.7085,3.6274,0.6100,5.9863,0.8197,1.8663,0.6726,4.0741
2026-08-06 10:53:06.096,19.933333,58,26,0.007590,-1.5450,165.96,0,0,0,60.0307,218.782,0.08495,1,0,0,0,0,0.007264,0.000231,0.000895,0.000116,0.001286,0.000023,0.000656,0.000070,0.000649,0.000071,0.000765,0.000114,0.000397,0.000048,0.000557,-165.96,-169.35,-114.52,-142.36,-37.60,68.82,46.29,5.24,95.49,69.13,172.80,161.18,-80.61,116.72,-3.32,218.1313,4.9341,4.9405,3.7048,14.2940,2.1758,1.1137,0.7085,3.6274,0.6100,5.9863,0.8197,1.8663,0.6726,4.0741
2026-08-06 10:53:06.096,19.950000,58,27,0.007564,-1.5407,165.99,0,0,0,60.0307,218.782,0.08495,1,0,0,0,0,0.007243,0.000213,0.000897,0.000170,0.001228,0.000034,0.000641,0.000027,0.000655,0.000082,0.000726,0.000075,0.000347,0.000067,0.000606,-165.99,170.02,-112.84,-103.61,-38.38,33.97,44.13,86.79,96.78,87.49,176.51,105.16,-81.32,97.73,-6.64,218.1313,4.9341,4.9405,3.7048,14.2940,2.1758,1.1137,0.7085,3.6274,0.6100,5.9863,0.8197,1.8663,0.6726,4.0741
2026-08-06 10:53:06.096,19.966667,58,28,0.007532,-1.5363,166.10,0,0,0,60.0307,218.782,0.08495,1,0,0,0,0,0.007215,0.000217,0.000953,0.000168,0.001182,0.000013,0.000610,0.000049,0.000714,0.000063,0.000793,0.000050,0.000437,0.000062,0.000601,-166.10,-149.45,-119.67,-123.01,-37.79,42.30,51.45,94.68,98.40,-140.48,175.51,-108.84,-78.09,-127.55,-9.53,218.1313,4.9341,4.9405,3.7048,14.2940,2.1758,1.1137,0.7085,3.6274,0.6100,5.9863,0.8197,1.8663,0.6726,4.0741
2026-08-06 10:53:06.096,19.983333,58,29,0.007548,-1.5298,165.53,0,0,0,60.0307,218.782,0.08495,1,0,0,0,0,0.007201,0.000209,0.000939,0.000079,0.001271,0.000072,0.000628,0.000158,0.000566,0.000048,0.000856,0.000245,0.000439,0.000159,0.000446,-165.53,-177.36,-118.71,-137.85,-37.82,-163.63,55.64,59.06,81.64,-172.15,173.75,105.67,-62.66,-101.38,-4.42,218.1313,4.9341,4.9405,3.7048,14.2940,2.1758,1.1137,0.7085,3.6274,0.6100,5.9863,0.8197,1.8663,0.6726,4.0741
2026-08-06 10:53:06.341,20.000000,59,0,0.007526,-1.5349,166.30,0,0,0,60.0307,218.728,0.08487,1,0,0,0,0,0.007204,0.000139,0.000931,0.000084,0.001239,0.000108,0.000667,0.000077,0.000678,0.000069,0.000761,0.000062,0.000338,0.000056,0.000580,-166.30,-178.66,-115.34,-152.43,-38.68,86.09,46.18,161.36,92.80,130.26,178.09,153.80,-73.11,-90.73,-11.03,218.0786,4.9314,4.9159,3.6898,14.2821,2.1720,1.1829,0.7075,3.6082,0.5613,5.9288,0.8222,1.8733,0.7286,4.1318
2026-08-06 10:53:06.341,20.016667,59,1,0.007454,-1.5111,165.91,0,0,0,60.0307,218.728,0.08487,1,0,0,0,0,0.007103,0.000146,0.000953,0.000100,0.001255,0.000057,0.000625,0.000128,0.000686,0.000099,0.000783,0.000113,0.000439,0.000119,0.000665,-165.91,-156.76,-115.76,-119.37,-39.64,32.33,40.71,51.94,87.27,77.82,171.14,122.58,-98.17,-150.19,-17.67,218.0786,4.9314,4.9159,3.6898,14.2821,2.1720,1.1829,0.7075,3.6082,0.5613,5.9288,0.8222,1.8733,0.7286,4.1318
2026-08-06 10:53:06.341,20.033333,59,2,0.007536,-1.5337,165.82,0,0,0,60.0307,218.728,0.08487,1,0,0,0,0,0.007205,0.000264,0.000943,0.000144,0.001247,0.000019,0.000631,0.000035,0.000631,0.000184,0.000722,0.000168,0.000362,0.000021,0.000734,-165.82,-163.28,-115.16,-108.71,-41.23,18.43,52.41,99.32,95.01,109.61,170.62,78.36,-69.92,-107.41,-6.26,218.0786,4.9314,4.9159,3.6898,14.2821,2.1720,1.1829,0.7075,3.6082,0.5613,5.9288,0.8222,1.8733,0.7286,4.1318
2026-08-06 10:53:06.341,20.050000,59,3,0.007513,-1.5274,166.01,0,0,0,60.0307,218.728,0.08487,1,0,0,0,0,0.007175,0.000194,0.000965,0.000156,0.001252,0.000033,0.000647,0.000045,0.000725,0.000062,0.000790,0.000064,0.000376,0.000019,0.000572,-166.01,-152.87,-117.02,-119.80,-38.04,-60.42,46.83,-169.22,95.34,-89.13,172.75,76.05,-73.03,130.76,-1.45,218.0786,4.9314,4.9159,3.6898,14.2821,2.1720,1.1829,0.7075,3.6082,0.5613,5.9288,0.8222,1.8733,0.7286,4.1318
2026-08-06 10:53:06.341,20.066667,59,4,0.007653,-1.5373,165.45,0,0,0,60.0307,218.728,0.08487,1,0,0,0,0,0.007241,0.000142,0.000757,0.000214,0.001463,0.000249,0.000845,0.000113,0.000652,0.000203,0.000905,0.000323,0.000464,0.000229,0.000487,-165.45,42.27,-129.62,-167.97,-41.53,41.27,75.33,-44.45,63.01,42.73,175.61,-119.57,-55.02,97.85,-9.12,218.0786,4.9314,4.9159,3.6898,14.2821,2.1720,1.1829,0.7075,3.6082,0.5613,5.9288,0.8222,1.8733,0.7286,4.1318
2026-08-06 10:53:06.341,20.083333,59,5,0.007295,-1.1958,144.11,0,0,0,60.0307,218.728,0.08487,1,0,0,0,0,0.006693,0.001295,0.000986,0.000550,0.001570,0.000147,0.000837,0.000238,0.000731,0.000193,0.000714,0.000187,0.000115,0.000094,0.000424,-144.11,79.83,-123.62,161.62,-52.59,-6.64,36.12,86.99,112.46,-142.52,-174.93,-22.37,-55.18,-73.64,11.07,218.0786,4.9314,4.9159,3.6898,14.2821,2.1720,1.1829,0.7075,3.6082,0.5613,5.9288,0.8222,1.8733,0.7286,4.1318
2026-08-06 10:53:06.341,20.100000,59,6,0.007554,-1.5405,165.99,0,0,0,60.0307,218.728,0.08487,1,0,0,0,0,0.007237,0.000158,0.000928,0.000114,0.001202,0.000033,0.000635,0.000092,0.000708,0.000035,0.000725,0.000046,0.000379,0.000102,0.000643,-165.99,-160.93,-116.67,-104.05,-37.97,170.71,51.46,58.39,92.61,140.79,176.26,-148.35,-81.50,-170.24,2.27,218.0786,4.9314,4.9159,3.6898,14.2821,2.1720,1.1829,0.7075,3.6082,0.5613,5.9288,0.8222,1.8733,0.7286,4.1318
2026-08-06 10:53:06.341,20.116667,59,7,0.007551,-1.5377,166.07,0,0,0,60.0307,218.728,0.08487,1,0,0,0,0,0.007221,0.000265,0.000978,0.000140,0.001185,0.000121,0.000649,0.000060,0.000565,0.000086,0.000793,0.000115,0.000375,0.000028,0.000688,-166.07,-156.68,-118.84,-167.72,-36.22,32.43,44.49,8.22,89.34,153.49,173.20,114.34,-75.99,-132.85,-8.36,218.0786,4.9314,4.9159,3.6898,14.2821,2.1720,1.1829,0.7075,3.6082,0.5613,5.9288,0.8222,1.8733,0.7286,4.1318
2026-08-06 10:53:06.341,20.133333,59,8,0.007541,-1.5301,165.78,0,0,0,60.0307,218.728,0.08487,1,0,0,0,0,0.007188,0.000292,0.001025,0.000073,0.001214,0.000090,0.000624,0.000071,0.000727,0.000132,0.000626,0.000137,0.000432,0.000157,0.000831,-165.78,178.92,-114.74,-102.18,-38.80,-34.07,51.73,-82.79,98.62,-114.45,166.30,169.56,-48.41,-176.49,-9.82,218.0786,4.9314,4.9159,3.6898,14.2821,2.1720,1.1829,0.7075,3.6082,0.5613,5.9288,0.8222,1.8733,0.7286,4.1318
2026-08-06 10:53:06.341,20.150000,59,9,0.007568,-1.5399,166.22,0,0,0,60.0307,218.728,0.08487,1,0,0,0,0,0.007230,0.000155,0.000943,0.000098,0.001293,0.000088,0.000641,0.000113,0.000703,0.000086,0.000714,0.000088,0.000445,0.000053,0.000593,-166.22,-154.23,-115.45,-178.64,-37.96,130.30,50.71,67.75,95.01,140.03,173.18,-141.47,-90.23,122.02,-3.46,218.0786,4.9314,4.9159,3.6898,14.2821,2.1720,1.1829,0.7075,3.6082,0.5613,5.9288,0.8222,1.8733,0.7286,4.1318
2026-08-06 10:53:06.341,20.166667,59,10,0.007569,-1.5469,166.29,0,0,0,60.0307,218.728,0.08487,1,0,0,0,0,0.007255,0.000169,0.000902,0.000115,0.001237,0.000060,0.000636,0.000030,0.000653,0.000064,0.000710,0.000037,0.000346,0.000067,0.000649,-166.29,-176.69,-119.40,-136.31,-40.68,88.10,49.76,-64.15,96.07,156.05,174.14,132.91,-83.39,-172.44,-4.58,218.0786,4.9314,4.9159,3.6898,14.2821,2.1720,1.1829,0.7075,3.6082,0.5613,5.9288,0.8222,1.8733,0.7286,4.1318
2026-08-06 10:53:06.341,20.183333,59,11,0.007509,-1.5207,165.86,0,0,0,60.0307,218.728,0.08487,1,0,0,0,0,0.007139,0.000322,0.000965,0.000062,0.001241,0.000038,0.000618,0.000020,0.000775,0.000119,0.000713,0.000139,0.000354,0.000255,0.000832,-165.86,173.05,-109.58,-153.35,-40.67,30.53,56.67,-75.30,101.81,-93.62,164.32,-137.99,-62.73,-166.89,-7.62,218.0786,4.9314,4.9159,3.6898,14.2821,2.1720,1.1829,0.7075,3.6082,0.5613,5.9288,0.8222,1.8733,0.7286,4.1318
2026-08-06 10:53:06.341,20.200000,59,12,0.007564,-1.5416,166.00,0,0,0,60.0307,218.728,0.08487,1,0,0,0,0,0.007241,0.000175,0.000919,0.000075,0.001289,0.000077,0.000647,0.000026,0.000705,0.000020,0.000693,0.000073,0.000373,0.000090,0.000577,-166.00,174.82,-116.58,-113.39,-40.59,135.72,44.24,72.94,97.18,108.55,171.35,-152.10,-95.30,119.57,-4.55,218.0786,4.9314,4.9159,3.6898,14.2821,2.1720,1.1829,0.7075,3.6082,0.5613,5.9288,0.8222,1.8733,0.7286,4.1318
2026-08-06 10:53:06.341,20.216667,59,13,0.007546,-1.5396,165.44,0,0,0,60.0307,218.728,0.08487,1,0,0,0,0,0.007248,0.000260,0.000857,0.000139,0.001178,0.000084,0.000747,0.000039,0.000641,0.000121,0.000676,0.000097,0.000344,0.000033,0.000563,-165.44,-168.49,-116.83,-90.00,-41.30,95.53,47.08,-73.90,97.19,78.55,177.16,175.05,-67.75,-166.40,-3.09,218.0786,4.9314,4.9159,3.6898,14.2821,2.1720,1.1829,0.7075,3.6082,0.5613,5.9288,0.8222,1.8733,0.7286,4.1318
2026-08-06 10:53:06.341,20.233333,59,14,0.007498,-1.5303,166.43,0,0,0,60.0307,218.728,0.08487,1,0,0,0,0,0.007180,0.000225,0.000938,0.000118,0.001181,0.000075,0.000534,0.000014,0.000595,0.000149,0.000664,0.000153,0.000417,0.000120,0.000676,-166.43,-166.54,-120.56,-128.15,-39.71,-176.18,49.46,-111.72,94.94,-59.50,-178.08,-15.43,-65.90,47.52,4.32,218.0786,4.9314,4.9159,3.6898,14.2821,2.1720,1.1829,0.7075,3.6082,0.5613,5.9288,0.8222,1.8733,0.7286,4.1318
2026-08-06 10:53:06.341,20.250000,59,15,0.007667,-1.5656,166.68,0,0,0,60.0307,218.728,0.08487,1,0,0,0,0,0.007328,0.000258,0.000998,0.000207,0.001183,0.000080,0.000664,0.000068,0.000732,0.000223,0.000779,0.000181,0.000324,0.000149,0.000472,-166.68,169.97,-121.43,-129.17,-41.07,113.22,50.65,168.72,102.99,121.57,164.28,124.60,-91.92,173.79,-4.10,218.0786,4.9314,4.9159,3.6898,14.2821,2.1720,1.1829,0.7075,3.6082,0.5613,5.9288,0.8222,1.8733,0.7286,4.1318
2026-08-06 10:53:06.341,20.266667,59,16,0.007489,-1.5262,166.25,0,0,0,60.0307,218.728,0.08487,1,0,0,0,0,0.007166,0.000146,0.000907,0.000147,0.001235,0.000036,0.000634,0.000012,0.000690,0.000013,0.000800,0.000066,0.000373,0.000040,0.000594,-166.25,-162.88,-118.46,-140.87,-36.86,94.67,50.88,116.23,98.20,-161.47,175.09,175.21,-82.71,145.30,-10.21,218.0786,4.9314,4.9159,3.6898,14.2821,2.1720,1.1829,0.7075,3.6082,0.5613,5.9288,0.8222,1.8733,0.7286,4.1318
2026-08-06 10:53:06.341,20.283333,59,17,0.007532,-1.5373,167.74,0,0,0,60.0307,218.728,0.08487,1,0,0,0,0,0.007187,0.000257,0.000686,0.000234,0.001339,0.000210,0.000500,0.000102,0.000756,0.000132,0.000796,0.000056,0.000484,0.000137,0.000532,-167.74,151.16,-103.19,-45.05,-37.80,-64.80,49.34,-157.91,117.93,122.99,171.98,72.81,-86.11,170.18,-5.01,218.0786,4.9314,4.9159,3.6898,14.2821,2.1720,1.1829,0.7075,3.6082,0.5613,5.9288,0.8222,1.8733,0.7286,4.1318
2026-08-06 10:53:06.341,20.300000,59,18,0.007086,-1.4573,167.87,0,0,0,60.0307,218.728,0.08487,1,0,0,0,0,0.006764,0.000655,0.000733,0.000455,0.001009,0.000421,0.000447,0.000388,0.000641,0.000380,0.000617,0.000234,0.000194,0.000189,0.000499,-167.87,-123.64,-143.04,-38.12,-60.30,57.93,9.99,120.53,62.26,-174.76,143.89,-90.23,-126.17,-13.49,-13.96,218.0786,4.9314,4.9159,3.6898,14.2821,2.1720,1.1829,0.7075,3.6082,0.5613,5.9288,0.8222,1.8733,0.7286,4.1318
2026-08-06 10:53:06.341,20.316667,59,19,0.007616,-1.5506,166.44,0,0,0,60.0307,218.728,0.08487,1,0,0,0,0,0.007275,0.000099,0.001018,0.000029,0.001282,0.000040,0.000650,0.000106,0.000752,0.000089,0.000819,0.000029,0.000320,0.000051,0.000543,-166.44,-165.23,-115.58,-88.95,-39.23,125.46,44.55,157.23,93.02,-109.03,168.89,-80.57,-92.59,-142.62,-5.16,218.0786,4.9314,4.9159,3.6898,14.2821,2.1720,1.1829,0.7075,3.6082,0.5613,5.9288,0.8222,1.8733,0.7286,4.1318
2026-08-06 10:53:06.341,20.333333,59,20,0.007491,-1.5266,165.91,0,0,0,60.0307,218.728,0.08487,1,0,0,0,0,0.007179,0.000238,0.000877,0.000115,0.001258,0.000062,0.000616,0.000062,0.000644,0.000056,0.000691,0.000113,0.000308,0.000060,0.000574,-165.91,-166.19,-117.10,-115.53,-37.54,97.29,46.63,67.38,93.08,168.34,170.38,168.07,-87.02,162.41,-3.35,218.0786,4.9314,4.9159,3.6898,14.2821,2.1720,1.1829,0.7075,3.6082,0.5613,5.9288,0.8222,1.8733,0.7286,4.1318
2026-08-06 10:53:06.341,20.350000,59,21,0.007216,-1.4457,165.13,0,0,0,60.0307,218.728,0.08487,1,0,0,0,0,0.006827,0.000518,0.000810,0.000353,0.001398,0.000115,0.000778,0.000259,0.000440,0.000331,0.000378,0.000391,0.000365,0.000187,0.000600,-165.13,-177.89,-101.36,-164.62,-34.12,-168.47,40.27,152.29,76.66,144.22,-160.90,158.29,-48.65,-125.11,2.66,218.0786,4.9314,4.9159,3.6898,14.2821,2.1720,1.1829,0.7075,3.6082,0.5613,5.9288,0.8222,1.8733,0.7286,4.1318
2026-08-06 10:53:06.341,20.366667,59,22,0.007509,-1.5296,165.65,0,0,0,60.0307,218.728,0.08487,1,0,0,0,0,0.007196,0.000181,0.000874,0.000092,0.001167,0.000019,0.000589,0.000070,0.000758,0.000021,0.000792,0.000143,0.000341,0.000136,0.000605,-165.65,-157.14,-111.82,-156.80,-40.99,127.87,54.15,60.84,94.89,-153.38,-179.66,-118.08,-69.42,-177.31,-6.97,218.0786,4.9314,4.9159,3.6898,14.2821,2.1720,1.1829,0.7075,3.6082,0.5613,5.9288,0.8222,1.8733,0.7286,4.1318
2026-08-06 10:53:06.341,20.383333,59,23,0.007732,-1.5695,174.13,0,0,0,60.0307,218.728,0.08487,1,0,0,0,0,0.007236,0.000580,0.001338,0.000432,0.001135,0.000338,0.000339,0.000265,0.000762,0.000150,0.000796,0.000329,0.000726,0.000305,0.000461,-174.13,25.78,-97.76,-153.92,-25.57,-16.20,22.53,161.49,98.72,133.61,153.55,40.46,-64.97,-115.51,-23.32,218.0786,4.9314,4.9159,3.6898,14.2821,2.1720,1.1829,0.7075,3.6082,0.5613,5.9288,0.8222,1.8733,0.7286,4.1318
2026-08-06 10:53:06.341,20.400000,59,24,0.007510,-1.5296,165.82,0,0,0,60.0307,218.728,0.08487,1,0,0,0,0,0.007192,0.000171,0.000919,0.000124,0.001191,0.000048,0.000653,0.000032,0.000687,0.000029,0.000723,0.000062,0.000362,0.000033,0.000656,-165.82,-166.46,-119.60,-132.00,-37.30,124.98,55.13,166.43,101.97,90.17,174.98,177.33,-74.42,154.98,-7.39,218.0786,4.9314,4.9159,3.6898,14.2821,2.1720,1.1829,0.7075,3.6082,0.5613,5.9288,0.8222,1.8733,0.7286,4.1318
2026-08-06 10:53:06.341,20.416667,59,25,0.007567,-1.5435,166.43,0,0,0,60.0307,218.728,0.08487,1,0,0,0,0,0.007240,0.000241,0.000800,0.000141,0.001297,0.000106,0.000599,0.000145,0.000671,0.000021,0.000745,0.000150,0.000396,0.000111,0.000660,-166.43,-168.14,-115.93,-149.83,-37.90,86.05,47.11,59.64,101.45,34.05,173.10,-161.69,-86.24,166.57,-10.93,218.0786,4.9314,4.9159,3.6898,14.2821,2.1720,1.1829,0.7075,3.6082,0.5613,5.9288,0.8222,1.8733,0.7286,4.1318
2026-08-06 10:53:06.341,20.433333,59,26,0.007470,-1.5113,166.12,0,0,0,60.0307,218.728,0.08487,1,0,0,0,0,0.007101,0.000371,0.000816,0.000274,0.001249,0.000119,0.000767,0.000096,0.000723,0.000114,0.000848,0.000209,0.000510,0.000199,0.000656,-166.12,-167.89,-114.00,-119.13,-30.33,-104.82,55.97,-47.76,103.74,3.64,-178.30,58.13,-98.95,81.17,-25.12,218.0786,4.9314,4.9159,3.6898,14.2821,2.1720,1.1829,0.7075,3.6082,0.5613,5.9288,0.8222,1.8733,0.7286,4.1318
2026-08-06 10:53:06.341,20.450000,59,27,0.007593,-1.5453,166.01,0,0,0,60.0307,218.728,0.08487,1,0,0,0,0,0.007262,0.000213,0.000959,0.000154,0.001263,0.000035,0.000643,0.000062,0.000699,0.000017,0.000766,0.000086,0.000353,0.000081,0.000582,-166.01,-167.02,-117.63,-109.88,-36.77,112.26,44.82,157.35,93.98,162.40,171.01,-177.79,-76.37,161.08,-10.25,218.0786,4.9314,4.9159,3.6898,14.2821,2.1720,1.1829,0.7075,3.6082,0.5613,5.9288,0.8222,1.8733,0.7286,4.1318
2026-08-06 10:53:06.341,20.466667,59,28,0.007582,-1.5489,166.38,0,0,0,60.0307,218.728,0.08487,1,0,0,0,0,0.007269,0.000195,0.000917,0.000081,0.001211,0.000057,0.000627,0.000109,0.000670,0.000054,0.000694,0.000101,0.000388,0.000098,0.000635,-166.38,171.94,-116.11,-86.34,-38.97,103.10,44.37,70.49,95.58,-178.29,170.33,169.81,-89.18,170.14,-9.83,218.0786,4.9314,4.9159,3.6898,14.2821,2.1720,1.1829,0.7075,3.6082,0.5613,5.9288,0.8222,1.8733,0.7286,4.1318
2026-08-06 10:53:06.341,20.483333,59,29,0.007553,-1.5392,165.86,0,0,0,60.0307,218.728,0.08487,1,0,0,0,0,0.007236,0.000215,0.000878,0.000138,0.001233,0.000023,0.000639,0.000043,0.000687,0.000079,0.000784,0.000027,0.000338,0.000026,0.000662,-165.86,-171.07,-114.57,-117.78,-38.47,21.97,50.15,-98.11,97.92,86.38,178.14,88.45,-84.17,16.30,-16.45,218.0786,4.9314,4.9159,3.6898,14.2821,2.1720,1.1829,0.7075,3.6082,0.5613,5.9288,0.8222,1.8733,0.7286,4.1318
2026-08-06 10:53:06.558,20.500000,60,0,0.007539,-1.5362,166.06,0,0,0,60.0307,218.715,0.08485,1,0,0,0,0,0.007217,0.000157,0.000911,0.000100,0.001266,0.000067,0.000632,0.000068,0.000666,0.000030,0.000739,0.000069,0.000417,0.000045,0.000569,-166.06,179.86,-117.10,-143.53,-39.77,107.82,48.21,129.15,95.60,-165.91,173.14,-177.43,-86.57,-161.93,0.35,218.0658,4.9148,4.9010,3.7097,14.2821,2.1604,1.1671,0.7022,3.6211,0.5951,5.9301,0.8233,1.8493,0.6705,4.1403
2026-08-06 10:53:06.558,20.516667,60,1,0.007551,-1.5383,166.24,0,0,0,60.0307,218.715,0.08485,1,0,0,0,0,0.007225,0.000273,0.000937,0.000097,0.001172,0.000103,0.000613,0.000103,0.000676,0.000088,0.000696,0.000034,0.000377,0.000070,0.000688,-166.24,-180.00,-114.56,-115.21,-36.77,135.66,45.22,40.70,96.25,151.03,177.34,75.77,-79.85,178.43,-8.88,218.0658,4.9148,4.9010,3.7097,14.2821,2.1604,1.1671,0.7022,3.6211,0.5951,5.9301,0.8233,1.8493,0.6705,4.1403
2026-08-06 10:53:06.558,20.533333,60,2,0.007555,-1.5403,165.69,0,0,0,60.0307,218.715,0.08485,1,0,0,0,0,0.007245,0.000177,0.000936,0.000116,0.001193,0.000005,0.000644,0.000036,0.000646,0.000061,0.000724,0.000038,0.000329,0.000016,0.000629,-165.69,-155.71,-119.51,-124.56,-37.49,-38.63,54.36,-111.63,99.35,74.53,173.61,-171.82,-67.68,33.04,-6.92,218.0658,4.9148,4.9010,3.7097,14.2821,2.1604,1.1671,0.7022,3.6211,0.5951,5.9301,0.8233,1.8493,0.6705,4.1403
2026-08-06 10:53:06.558,20.550000,60,3,0.007568,-1.5412,165.98,0,0,0,60.0307,218.715,0.08485,1,0,0,0,0,0.007244,0.000230,0.000893,0.000147,0.001235,0.000033,0.000663,0.000036,0.000706,0.000050,0.000704,0.000086,0.000326,0.000035,0.000610,-165.98,-173.17,-115.08,-102.88,-38.78,33.06,43.78,67.16,98.25,103.62,170.17,165.68,-88.33,115.39,-1.07,218.0658,4.9148,4.9010,3.7097,14.2821,2.1604,1.1671,0.7022,3.6211,0.5951,5.9301,0.8233,1.8493,0.6705,4.1403
2026-08-06 10:53:06.558,20.566667,60,4,0.007513,-1.5308,165.92,0,0,0,60.0307,218.715,0.08485,1,0,0,0,0,0.007199,0.000266,0.000879,0.000120,0.001193,0.000021,0.000684,0.000031,0.000663,0.000078,0.000738,0.000045,0.000327,0.000094,0.000629,-165.92,-176.69,-116.93,-95.62,-37.05,-7.33,48.57,-34.67,93.05,94.73,177.22,124.04,-86.57,-172.23,0.00,218.0658,4.9148,4.9010,3.7097,14.2821,2.1604,1.1671,0.7022,3.6211,0.5951,5.9301,0.8233,1.8493,0.6705,4.1403
2026-08-06 10:53:06.558,20.583333,60,5,0.007556,-1.5424,166.53,0,0,0,60.0307,218.715,0.08485,1,0,0,0,0,0.007231,0.000185,0.000919,0.000122,0.001208,0.000022,0.000670,0.000005,0.000690,0.000013,0.000799,0.000047,0.000369,0.000095,0.000589,-166.53,-175.96,-118.04,-114.37,-37.76,18.34,50.26,-71.52,96.15,-27.31,172.54,136.55,-83.19,-114.66,0.68,218.0658,4.9148,4.9010,3.7097,14.2821,2.1604,1.1671,0.7022,3.6211,0.5951,5.9301,0.8233,1.8493,0.6705,4.1403
2026-08-06 10:53:06.558,20.600000,60,6,0.007496,-1.5276,166.26,0,0,0,60.0307,218.715,0.08485,1,0,0,0,0,0.007171,0.000228,0.000878,0.000113,0.001275,0.000077,0.000632,0.000097,0.000618,0.000093,0.000736,0.000093,0.000402,0.000066,0.000616,-166.26,-177.96,-116.38,-95.01,-36.67,83.25,45.43,65.50,95.24,112.85,173.91,127.18,-84.07,148.01,-7.31,218.0658,4.9148,4.9010,3.7097,14.2821,2.1604,1.1671,0.7022,3.6211,0.5951,5.9301,0.8233,1.8493,0.6705,4.1403
2026-08-06 10:53:06.558,20.616667,60,7,0.007500,-1.5329,165.95,0,0,0,60.0307,218.715,0.08485,1,0,0,0,0,0.007203,0.000177,0.000861,0.000134,0.001143,0.000036,0.000619,0.000052,0.000626,0.000016,0.000761,0.000063,0.000412,0.000012,0.000618,-165.95,-177.63,-118.39,-108.82,-38.62,155.01,44.35,-136.42,99.70,62.02,172.93,178.42,-70.82,-52.77,-8.44,218.0658,4.9148,4.9010,3.7097,14.2821,2.1604,1.1671,0.7022,3.6211,0.5951,5.9301,0.8233,1.8493,0.6705,4.1403
2026-08-06 10:53:06.558,20.633333,60,8,0.007462,-1.5148,166.87,0,0,0,60.0307,218.715,0.08485,1,0,0,0,0,0.007098,0.000155,0.001029,0.000052,0.001342,0.000110,0.000672,0.000165,0.000610,0.000143,0.000630,0.000113,0.000330,0.000073,0.000619,-166.87,-119.54,-120.34,159.06,-35.47,-165.95,58.75,33.35,107.23,125.99,171.84,-112.18,-91.17,85.86,-13.91,218.0658,4.9148,4.9010,3.7097,14.2821,2.1604,1.1671,0.7022,3.6211,0.5951,5.9301,0.8233,1.8493,0.6705,4.1403
2026-08-06 10:53:06.558,20.650000,60,9,0.007554,-1.5355,165.90,0,0,0,60.0307,218.715,0.08485,1,0,0,0,0,0.007222,0.000199,0.000949,0.000124,0.001261,0.000064,0.000680,0.000080,0.000633,0.000043,0.000747,0.000073,0.000388,0.000061,0.000631,-165.90,-160.38,-119.04,-138.41,-37.13,25.03,51.27,-4.32,90.85,126.53,174.25,126.74,-82.47,-166.08,0.03,218.0658,4.9148,4.9010,3.7097,14.2821,2.1604,1.1671,0.7022,3.6211,0.5951,5.9301,0.8233,1.8493,0.6705,4.1403
2026-08-06 10:53:06.558,20.666667,60,10,0.007480,-1.5242,166.23,0,0,0,60.0307,218.715,0.08485,1,0,0,0,0,0.007155,0.000152,0.000939,0.000128,0.001240,0.000038,0.000653,0.000044,0.000665,0.000056,0.000803,0.000003,0.000380,0.000037,0.000637,-166.23,-161.90,-121.48,-124.34,-35.33,-148.92,51.74,-166.98,99.09,-90.76,172.82,167.66,-71.54,94.36,-9.28,218.0658,4.9148,4.9010,3.7097,14.2821,2.1604,1.1671,0.7022,3.6211,0.5951,5.9301,0.8233,1.8493,0.6705,4.1403
2026-08-06 10:53:06.558,20.683333,60,11,0.007543,-1.5402,166.03,0,0,0,60.0307,218.715,0.08485,1,0,0,0,0,0.007244,0.000176,0.000844,0.000136,0.001212,0.000050,0.000629,0.000076,0.000658,0.000065,0.000720,0.000100,0.000398,0.000080,0.000585,-166.03,-178.33,-116.86,-112.46,-36.93,48.72,49.55,36.93,95.60,59.91,172.77,-179.50,-78.92,152.06,0.57,218.0658,4.9148,4.9010,3.7097,14.2821,2.1604,1.1671,0.7022,3.6211,0.5951,5.9301,0.8233,1.8493,0.6705,4.1403
2026-08-06 10:53:06.558,20.700000,60,12,0.007504,-1.5247,166.02,0,0,0,60.0307,218.715,0.08485,1,0,0,0,0,0.007164,0.000252,0.000949,0.000161,0.001256,0.000029,0.000671,0.000062,0.000609,0.000085,0.000759,0.000097,0.000369,0.000038,0.000656,-166.02,-162.97,-116.86,-121.07,-36.17,-86.83,49.37,8.28,93.70,87.81,172.10,80.47,-85.55,141.38,-8.14,218.0658,4.9148,4.9010,3.7097,14.2821,2.1604,1.1671,0.7022,3.6211,0.5951,5.9301,0.8233,1.8493,0.6705,4.1403
2026-08-06 10:53:06.558,20.716667,60,13,0.007555,-1.5405,166.01,0,0,0,60.0307,218.715,0.08485,1,0,0,0,0,0.007234,0.000229,0.000924,0.000150,0.001236,0.000041,0.000648,0.000053,0.000717,0.000020,0.000776,0.000019,0.000392,0.000076,0.000588,-166.01,-144.37,-118.26,-106.95,-38.62,37.71,50.88,53.22,93.99,-28.36,168.03,145.16,-82.86,-172.07,-4.88,218.0658,4.9148,4.9010,3.7097,14.2821,2.1604,1.1671,0.7022,3.6211,0.5951,5.9301,0.8233,1.8493,0.6705,4.1403
2026-08-06 10:53:06.558,20.733333,60,14,0.007527,-1.5318,165.75,0,0,0,60.0307,218.715,0.08485,1,0,0,0,0,0.007202,0.000256,0.000890,0.000178,0.001256,0.000027,0.000641,0.000072,0.000681,0.000068,0.000758,0.000119,0.000399,0.000102,0.000614,-165.75,-159.49,-116.02,-99.75,-38.76,-56.35,45.01,26.00,93.52,83.06,170.65,134.04,-81.56,131.30,-6.94,218.0658,4.9148,4.9010,3.7097,14.2821,2.1604,1.1671,0.7022,3.6211,0.5951,5.9301,0.8233,1.8493,0.6705,4.1403
2026-08-06 10:53:06.558,20.750000,60,15,0.007569,-1.5438,166.27,0,0,0,60.0307,218.715,0.08485,1,0,0,0,0,0.007245,0.000226,0.000983,0.000130,0.001240,0.000025,0.000661,0.000037,0.000613,0.000040,0.000723,0.000040,0.000354,0.000032,0.000593,-166.27,-165.67,-119.90,-101.61,-39.69,2.43,46.42,-33.83,99.06,69.45,177.88,132.84,-76.25,-101.01,-7.05,218.0658,4.9148,4.9010,3.7097,14.2821,2.1604,1.1671,0.7022,3.6211,0.5951,5.9301,0.8233,1.8493,0.6705,4.1403
2026-08-06 10:53:06.558,20.766667,60,16,0.007543,-1.5396,166.60,0,0,0,60.0307,218.715,0.08485,1,0,0,0,0,0.007219,0.000194,0.000868,0.000100,0.001254,0.000031,0.000637,0.000111,0.000676,0.000075,0.000788,0.000033,0.000405,0.000057,0.000589,-166.60,175.45,-116.75,-117.08,-37.03,61.46,50.11,41.66,97.56,113.41,172.70,148.15,-90.24,-168.46,-1.76,218.0658,4.9148,4.9010,3.7097,14.2821,2.1604,1.1671,0.7022,3.6211,0.5951,5.9301,0.8233,1.8493,0.6705,4.1403
2026-08-06 10:53:06.558,20.783333,60,17,0.007599,-1.5500,166.30,0,0,0,60.0307,218.715,0.08485,1,0,0,0,0,0.007270,0.000237,0.000914,0.000097,0.001256,0.000031,0.000678,0.000069,0.000651,0.000082,0.000748,0.000106,0.000384,0.000056,0.000671,-166.30,-168.21,-118.21,-105.01,-40.18,-28.58,43.65,-34.74,96.04,108.01,174.83,113.90,-79.34,132.15,-4.62,218.0658,4.9148,4.9010,3.7097,14.2821,2.1604,1.1671,0.7022,3.6211,0.5951,5.9301,0.8233,1.8493,0.6705,4.1403
2026-08-06 10:53:06.558,20.800000,60,18,0.007524,-1.5319,166.26,0,0,0,60.0307,218.715,0.08485,1,0,0,0,0,0.007194,0.000181,0.000946,0.000102,0.001236,0.000009,0.000685,0.000032,0.000684,0.000039,0.000819,0.000055,0.000368,0.000022,0.000545,-166.26,179.33,-119.01,-114.78,-36.80,29.73,52.18,-119.84,96.37,77.78,176.77,93.28,-86.89,-81.95,-3.96,218.0658,4.9148,4.9010,3.7097,14.2821,2.1604,1.1671,0.7022,3.6211,0.5951,5.9301,0.8233,1.8493,0.6705,4.1403
2026-08-06 10:53:06.558,20.816667,60,19,0.007486,-1.5291,166.67,0,0,0,60.0307,218.715,0.08485,1,0,0,0,0,0.007167,0.000200,0.000885,0.000086,0.001263,0.000039,0.000584,0.000126,0.000641,0.000129,0.000740,0.000114,0.000388,0.000099,0.000643,-166.67,-149.84,-120.01,-125.61,-37.29,38.19,52.12,51.71,94.87,126.81,172.61,161.04,-82.06,164.26,-6.00,218.0658,4.9148,4.9010,3.7097,14.2821,2.1604,1.1671,0.7022,3.6211,0.5951,5.9301,0.8233,1.8493,0.6705,4.1403
2026-08-06 10:53:06.558,20.833333,60,20,0.007540,-1.5366,166.09,0,0,0,60.0307,218.715,0.08485,1,0,0,0,0,0.007215,0.000265,0.000963,0.000129,0.001284,0.000036,0.000666,0.000016,0.000605,0.000079,0.000714,0.000080,0.000409,0.000033,0.000649,-166.09,-161.20,-119.44,-114.27,-37.44,12.92,44.90,117.01,93.22,106.18,175.03,138.65,-81.32,-142.19,-8.57,218.0658,4.9148,4.9010,3.7097,14.2821,2.1604,1.1671,0.7022,3.6211,0.5951,5.9301,0.8233,1.8493,0.6705,4.1403
2026-08-06 10:53:06.558,20.850000,60,21,0.007589,-1.5517,166.42,0,0,0,60.0307,218.715,0.08485,1,0,0,0,0,0.007279,0.000150,0.000937,0.000088,0.001244,0.000041,0.000590,0.000059,0.000650,0.000040,0.000799,0.000051,0.000418,0.000059,0.000600,-166.42,-173.78,-118.68,-110.50,-37.85,4.06,45.40,130.20,94.72,-178.13,170.10,-134.84,-78.48,-150.30,-5.14,218.0658,4.9148,4.9010,3.7097,14.2821,2.1604,1.1671,0.7022,3.6211,0.5951,5.9301,0.8233,1.8493,0.6705,4.1403
2026-08-06 10:53:06.558,20.866667,60,22,0.007596,-1.5472,165.99,0,0,0,60.0307,218.715,0.08485,1,0,0,0,0,0.007263,0.000350,0.000957,0.000196,0.001183,0.000123,0.000595,0.000051,0.000597,0.000154,0.000830,0.000192,0.000499,0.000200,0.000586,-165.99,-176.74,-121.66,-143.33,-40.95,157.39,50.25,172.20,106.24,156.04,179.23,-178.18,-98.56,-145.83,-20.79,218.0658,4.9148,4.9010,3.7097,14.2821,2.1604,1.1671,0.7022,3.6211,0.5951,5.9301,0.8233,1.8493,0.6705,4.1403
2026-08-06 10:53:06.558,20.883333,60,23,0.007814,-1.5990,166.90,0,0,0,60.0307,218.715,0.08485,1,0,0,0,0,0.007474,0.000500,0.000928,0.000206,0.001004,0.000195,0.000802,0.000174,0.000741,0.000230,0.000757,0.000182,0.000398,0.000075,0.000626,-166.90,165.12,-131.03,-178.56,-37.38,129.80,60.22,107.30,93.08,92.86,167.72,81.24,-67.95,24.58,-3.99,218.0658,4.9148,4.9010,3.7097,14.2821,2.1604,1.1671,0.7022,3.6211,0.5951,5.9301,0.8233,1.8493,0.6705,4.1403
2026-08-06 10:53:06.558,20.900000,60,24,0.007269,-1.3918,160.87,0,0,0,60.0307,218.715,0.08485,1,0,0,0,0,0.006693,0.000824,0.001709,0.000637,0.000719,0.000447,0.000961,0.000179,0.000741,0.000107,0.000701,0.000099,0.000321,0.000229,0.000808,-160.87,122.61,-115.70,28.07,-56.93,-45.63,68.59,-129.30,87.13,-121.34,165.37,176.46,-74.72,-167.08,-4.74,218.0658,4.9148,4.9010,3.7097,14.2821,2.1604,1.1671,0.7022,3.6211,0.5951,5.9301,0.8233,1.8493,0.6705,4.1403
2026-08-06 10:53:06.558,20.916667,60,25,0.007511,-1.5348,166.40,0,0,0,60.0307,218.715,0.08485,1,0,0,0,0,0.007200,0.000259,0.000895,0.000138,0.001231,0.000047,0.000620,0.000086,0.000654,0.000044,0.000728,0.000090,0.000371,0.000061,0.000640,-166.40,-167.59,-115.91,-123.76,-35.87,20.05,46.01,15.26,98.11,169.75,174.90,128.56,-78.80,-141.46,-5.63,218.0658,4.9148,4.9010,3.7097,14.2821,2.1604,1.1671,0.7022,3.6211,0.5951,5.9301,0.8233,1.8493,0.6705,4.1403
2026-08-06 10:53:06.558,20.933333,60,26,0.007592,-1.5527,165.98,0,0,0,60.0307,218.715,0.08485,1,0,0,0,0,0.007307,0.000205,0.000885,0.000146,0.001081,0.000053,0.000477,0.000068,0.000624,0.000162,0.000800,0.000147,0.000414,0.000103,0.000560,-165.98,173.62,-110.53,-109.28,-31.43,-41.18,52.17,57.17,92.10,177.07,174.67,-93.10,-72.70,39.19,-7.51,218.0658,4.9148,4.9010,3.7097,14.2821,2.1604,1.1671,0.7022,3.6211,0.5951,5.9301,0.8233,1.8493,0.6705,4.1403
2026-08-06 10:53:06.558,20.950000,60,27,0.007527,-1.5333,165.86,0,0,0,60.0307,218.715,0.08485,1,0,0,0,0,0.007210,0.000240,0.000932,0.000085,0.001248,0.000032,0.000607,0.000083,0.000645,0.000078,0.000741,0.000081,0.000372,0.000017,0.000567,-165.86,-147.57,-116.53,-105.11,-37.36,59.89,48.06,63.97,95.12,100.38,170.99,158.62,-88.81,133.40,-5.35,218.0658,4.9148,4.9010,3.7097,14.2821,2.1604,1.1671,0.7022,3.6211,0.5951,5.9301,0.8233,1.8493,0.6705,4.1403
2026-08-06 10:53:06.558,20.966667,60,28,0.007544,-1.5385,166.02,0,0,0,60.0307,218.715,0.08485,1,0,0,0,0,0.007226,0.000258,0.000923,0.000136,0.001239,0.000021,0.000596,0.000026,0.000630,0.000035,0.000741,0.000036,0.000398,0.000044,0.000584,-166.02,-162.74,-120.63,-111.30,-38.01,-48.39,47.33,-10.38,91.89,75.92,176.62,93.15,-85.01,100.59,-2.15,218.0658,4.9148,4.9010,3.7097,14.2821,2.1604,1.1671,0.7022,3.6211,0.5951,5.9301,0.8233,1.8493,0.6705,4.1403
2026-08-06 10:53:06.558,20.983333,60,29,0.007551,-1.5389,166.01,0,0,0,60.0307,218.715,0.08485,1,0,0,0,0,0.007233,0.000280,0.000908,0.000106,0.001170,0.000060,0.000660,0.000093,0.000671,0.000074,0.000767,0.000034,0.000421,0.000072,0.000608,-166.01,-170.45,-115.79,-117.41,-37.22,89.44,49.67,49.04,98.89,118.96,178.57,133.09,-84.81,160.34,-6.22,218.0658,4.9148,4.9010,3.7097,14.2821,2.1604,1.1671,0.7022,3.6211,0.5951,5.9301,0.8233,1.8493,0.6705,4.1403
2026-08-06 10:53:06.808,21.000000,61,0,0.007598,-1.5356,164.90,0,0,0,60.0307,218.760,0.08502,1,0,0,0,0,0.007249,0.000036,0.000818,0.000199,0.001281,0.000183,0.000802,0.000182,0.000394,0.000141,0.000754,0.000314,0.000682,0.000167,0.000626,-164.90,-149.35,-123.43,-153.65,-42.25,-3.26,52.95,133.83,105.07,4.24,155.96,160.65,-85.33,15.93,12.37,218.1068,4.9115,4.9089,3.6989,14.3426,2.1575,1.1606,0.7108,3.6291,0.5617,5.9235,0.7987,1.8665,0.6953,4.1228
2026-08-06 10:53:06.808,21.016667,61,1,0.007530,-1.5301,165.74,0,0,0,60.0307,218.760,0.08502,1,0,0,0,0,0.007198,0.000208,0.000935,0.000121,0.001281,0.000049,0.000607,0.000048,0.000621,0.000041,0.000799,0.000067,0.000439,0.000069,0.000624,-165.74,-158.16,-118.63,-130.78,-36.15,-35.63,47.29,114.95,95.42,116.89,174.86,152.72,-81.74,69.00,-7.34,218.1068,4.9115,4.9089,3.6989,14.3426,2.1575,1.1606,0.7108,3.6291,0.5617,5.9235,0.7987,1.8665,0.6953,4.1228
2026-08-06 10:53:06.808,21.033333,61,2,0.007524,-1.5372,166.75,0,0,0,60.0307,218.760,0.08502,1,0,0,0,0,0.007206,0.000137,0.000949,0.000170,0.001259,0.000083,0.000556,0.000155,0.000604,0.000065,0.000756,0.000048,0.000404,0.000063,0.000585,-166.75,-154.53,-118.45,-97.61,-37.75,-14.17,54.42,53.60,96.76,95.70,174.58,-174.24,-86.02,156.24,-4.70,218.1068,4.9115,4.9089,3.6989,14.3426,2.1575,1.1606,0.7108,3.6291,0.5617,5.9235,0.7987,1.8665,0.6953,4.1228
2026-08-06 10:53:06.808,21.050000,61,3,0.007593,-1.5416,165.88,0,0,0,60.0307,218.760,0.08502,1,0,0,0,0,0.007244,0.000174,0.000964,0.000149,0.001333,0.000090,0.000712,0.000061,0.000669,0.000092,0.000758,0.000080,0.000301,0.000181,0.000502,-165.88,-176.58,-115.89,-150.32,-38.27,-176.75,42.53,-135.84,86.10,-168.14,166.65,-89.98,-87.67,-31.93,-1.48,218.1068,4.9115,4.9089,3.6989,14.3426,2.1575,1.1606,0.7108,3.6291,0.5617,5.9235,0.7987,1.8665,0.6953,4.1228
2026-08-06 10:53:06.808,21.066667,61,4,0.007544,-1.5402,166.37,0,0,0,60.0307,218.760,0.08502,1,0,0,0,0,0.007226,0.000189,0.000917,0.000060,0.001224,0.000017,0.000587,0.000059,0.000688,0.000045,0.000784,0.000048,0.000353,0.000052,0.000618,-166.37,-167.48,-120.77,-107.12,-36.47,151.71,49.99,68.79,94.73,-83.45,176.29,113.83,-76.21,-102.67,-2.76,218.1068,4.9115,4.9089,3.6989,14.3426,2.1575,1.1606,0.7108,3.6291,0.5617,5.9235,0.7987,1.8665,0.6953,4.1228
2026-08-06 10:53:06.808,21.083333,61,5,0.007522,-1.5348,166.46,0,0,0,60.0307,218.760,0.08502,1,0,0,0,0,0.007200,0.000149,0.000894,0.000074,0.001252,0.000054,0.000668,0.000110,0.000679,0.000036,0.000759,0.000068,0.000391,0.000044,0.000599,-166.46,-156.69,-117.99,-104.36,-38.66,116.56,51.12,22.71,95.16,55.27,175.30,-179.88,-89.54,151.77,-1.91,218.1068,4.9115,4.9089,3.6989,14.3426,2.1575,1.1606,0.7108,3.6291,0.5617,5.9235,0.7987,1.8665,0.6953,4.1228
2026-08-06 10:53:06.808,21.100000,61,6,0.007747,-1.5659,166.60,0,0,0,60.0307,218.760,0.08502,1,0,0,0,0,0.007332,0.000308,0.001054,0.000264,0.001405,0.000258,0.000786,0.000228,0.000818,0.000245,0.000859,0.000139,0.000327,0.000126,0.000464,-166.60,-166.83,-119.90,-109.80,-42.64,-39.02,34.79,20.22,86.10,86.52,169.58,97.96,-79.28,123.86,4.93,218.1068,4.9115,4.9089,3.6989,14.3426,2.1575,1.1606,0.7108,3.6291,0.5617,5.9235,0.7987,1.8665,0.6953,4.1228
2026-08-06 10:53:06.808,21.116667,61,7,0.007590,-1.5484,165.97,0,0,0,60.0307,218.760,0.08502,1,0,0,0,0,0.007277,0.000153,0.000869,0.000087,0.001219,0.000084,0.000650,0.000081,0.000724,0.000056,0.000829,0.000098,0.000383,0.000091,0.000567,-165.97,-170.63,-117.87,-73.96,-37.82,87.54,50.36,75.94,97.56,154.17,171.35,-164.86,-94.09,149.69,-9.87,218.1068,4.9115,4.9089,3.6989,14.3426,2.1575,1.1606,0.7108,3.6291,0.5617,5.9235,0.7987,1.8665,0.6953,4.1228
2026-08-06 10:53:06.808,21.133333,61,8,0.007556,-1.5400,166.11,0,0,0,60.0307,218.760,0.08502,1,0,0,0,0,0.007232,0.000292,0.000785,0.000202,0.001293,0.000108,0.000620,0.000077,0.000703,0.000070,0.000724,0.000182,0.000442,0.000097,0.000552,-166.11,-165.06,-112.17,-126.15,-39.10,78.24,51.32,-30.19,96.42,131.88,174.33,134.03,-85.47,115.80,-7.20,218.1068,4.9115,4.9089,3.6989,14.3426,2.1575,1.1606,0.7108,3.6291,0.5617,5.9235,0.7987,1.8665,0.6953,4.1228
2026-08-06 10:53:06.808,21.150000,61,9,0.007634,-1.5492,165.90,0,0,0,60.0307,218.760,0.08502,1,0,0,0,0,0.007275,0.000196,0.000891,0.000148,0.001166,0.000086,0.000621,0.000040,0.000699,0.000077,0.000863,0.000137,0.000491,0.000113,0.000748,-165.90,173.24,-120.06,-127.12,-40.67,-162.86,45.27,-139.24,95.23,87.76,172.21,-175.38,-87.44,-91.80,-12.56,218.1068,4.9115,4.9089,3.6989,14.3426,2.1575,1.1606,0.7108,3.6291,0.5617,5.9235,0.7987,1.8665,0.6953,4.1228
2026-08-06 10:53:06.808,21.166667,61,10,0.007515,-1.5303,166.33,0,0,0,60.0307,218.760,0.08502,1,0,0,0,0,0.007181,0.000161,0.000909,0.000102,0.001300,0.000030,0.000608,0.000135,0.000633,0.000097,0.000806,0.000078,0.000419,0.000137,0.000566,-166.33,-173.34,-117.31,-114.61,-39.03,71.74,47.15,62.39,97.47,80.82,173.62,167.34,-86.64,145.74,-3.60,218.1068,4.9115,4.9089,3.6989,14.3426,2.1575,1.1606,0.7108,3.6291,0.5617,5.9235,0.7987,1.8665,0.6953,4.1228
2026-08-06 10:53:06.808,21.183333,61,11,0.007501,-1.5266,166.43,0,0,0,60.0307,218.760,0.08502,1,0,0,0,0,0.007161,0.000265,0.000877,0.000179,0.001340,0.000096,0.000658,0.000014,0.000640,0.000086,0.000777,0.000055,0.000360,0.000057,0.000649,-166.43,-167.16,-117.32,-123.23,-36.59,-28.72,47.58,52.60,87.34,85.74,173.09,106.50,-81.40,162.26,-7.22,218.1068,4.9115,4.9089,3.6989,14.3426,2.1575,1.1606,0.7108,3.6291,0.5617,5.9235,0.7987,1.8665,0.6953,4.1228
2026-08-06 10:53:06.808,21.200000,61,12,0.007692,-1.5726,168.37,0,0,0,60.0307,218.760,0.08502,1,0,0,0,0,0.007322,0.000441,0.000808,0.000100,0.001303,0.000156,0.000544,0.000108,0.000809,0.000151,0.000740,0.000173,0.000422,0.000071,0.000767,-168.37,149.00,-119.92,87.98,-37.12,60.12,38.82,108.76,103.31,56.86,165.17,28.10,-73.16,43.97,-6.74,218.1068,4.9115,4.9089,3.6989,14.3426,2.1575,1.1606,0.7108,3.6291,0.5617,5.9235,0.7987,1.8665,0.6953,4.1228
2026-08-06 10:53:06.808,21.216667,61,13,0.005676,-1.0553,179.28,0,0,0,60.0307,218.760,0.08502,1,0,0,0,0,0.004799,0.001514,0.000830,0.000610,0.001744,0.000209,0.000603,0.000324,0.000419,0.000307,0.000777,0.000186,0.000550,0.000082,0.000644,-179.28,-114.10,-116.55,167.31,-28.18,148.08,19.61,98.13,106.08,92.95,174.76,10.47,-109.13,147.35,17.33,218.1068,4.9115,4.9089,3.6989,14.3426,2.1575,1.1606,0.7108,3.6291,0.5617,5.9235,0.7987,1.8665,0.6953,4.1228
2026-08-06 10:53:06.808,21.233333,61,14,0.007554,-1.5457,166.68,0,0,0,60.0307,218.760,0.08502,1,0,0,0,0,0.007244,0.000244,0.000938,0.000103,0.001163,0.000004,0.000581,0.000062,0.000681,0.000045,0.000782,0.000058,0.000354,0.000066,0.000632,-166.68,-179.70,-113.35,-85.57,-36.54,-157.97,42.80,22.05,97.46,-134.84,178.57,69.07,-83.27,-122.41,-6.76,218.1068,4.9115,4.9089,3.6989,14.3426,2.1575,1.1606,0.7108,3.6291,0.5617,5.9235,0.7987,1.8665,0.6953,4.1228
2026-08-06 10:53:06.808,21.250000,61,15,0.007506,-1.5312,166.44,0,0,0,60.0307,218.760,0.08502,1,0,0,0,0,0.007183,0.000137,0.000949,0.000110,0.001227,0.000037,0.000620,0.000133,0.000663,0.000048,0.000771,0.000096,0.000419,0.000119,0.000605,-166.44,-144.40,-117.46,-105.61,-37.55,11.66,49.57,64.47,90.61,134.56,173.25,169.17,-84.09,168.81,-2.99,218.1068,4.9115,4.9089,3.6989,14.3426,2.1575,1.1606,0.7108,3.6291,0.5617,5.9235,0.7987,1.8665,0.6953,4.1228
2026-08-06 10:53:06.808,21.266667,61,16,0.007512,-1.5179,166.34,0,0,0,60.0307,218.760,0.08502,1,0,0,0,0,0.007123,0.000269,0.000814,0.000231,0.001218,0.000176,0.000687,0.000219,0.000675,0.000257,0.000882,0.000285,0.000544,0.000264,0.000851,-166.34,-160.82,-117.91,-116.03,-32.10,-65.81,64.89,-26.72,112.49,42.10,-172.15,96.34,-70.78,152.83,-1.40,218.1068,4.9115,4.9089,3.6989,14.3426,2.1575,1.1606,0.7108,3.6291,0.5617,5.9235,0.7987,1.8665,0.6953,4.1228
2026-08-06 10:53:06.808,21.283333,61,17,0.007544,-1.5431,166.57,0,0,0,60.0307,218.760,0.08502,1,0,0,0,0,0.007232,0.000164,0.000899,0.000142,0.001184,0.000051,0.000626,0.000037,0.000688,0.000070,0.000775,0.000018,0.000387,0.000093,0.000638,-166.57,-153.29,-121.46,-101.72,-36.91,-15.28,51.49,-151.54,94.75,-165.21,175.00,122.30,-77.24,-141.57,-5.98,218.1068,4.9115,4.9089,3.6989,14.3426,2.1575,1.1606,0.7108,3.6291,0.5617,5.9235,0.7987,1.8665,0.6953,4.1228
2026-08-06 10:53:06.808,21.300000,61,18,0.007508,-1.5210,167.25,0,0,0,60.0307,218.760,0.08502,1,0,0,0,0,0.007107,0.000263,0.001062,0.000059,0.001439,0.000160,0.000787,0.000190,0.000689,0.000238,0.000694,0.000245,0.000305,0.000049,0.000439,-167.25,-120.92,-124.67,67.15,-40.74,-178.07,46.57,-13.23,102.83,65.06,-169.77,157.48,-60.57,-50.10,-2.44,218.1068,4.9115,4.9089,3.6989,14.3426,2.1575,1.1606,0.7108,3.6291,0.5617,5.9235,0.7987,1.8665,0.6953,4.1228
2026-08-06 10:53:06.808,21.316667,61,19,0.007623,-1.5503,166.65,0,0,0,60.0307,218.760,0.08502,1,0,0,0,0,0.007261,0.000213,0.000933,0.000191,0.001237,0.000073,0.000748,0.000036,0.000573,0.000089,0.000827,0.000197,0.000422,0.000070,0.000662,-166.65,172.29,-112.86,-114.51,-38.33,107.05,47.38,-44.57,96.81,-172.66,170.01,62.43,-57.85,-4.07,-18.95,218.1068,4.9115,4.9089,3.6989,14.3426,2.1575,1.1606,0.7108,3.6291,0.5617,5.9235,0.7987,1.8665,0.6953,4.1228
2026-08-06 10:53:06.808,21.333333,61,20,0.007434,-1.5160,165.69,0,0,0,60.0307,218.760,0.08502,1,0,0,0,0,0.007135,0.000160,0.000863,0.000046,0.001133,0.000081,0.000606,0.000029,0.000655,0.000061,0.000810,0.000014,0.000369,0.000059,0.000529,-165.69,171.56,-118.60,-141.37,-35.77,-165.05,47.59,-20.76,97.15,28.37,175.36,139.47,-76.89,123.54,1.08,218.1068,4.9115,4.9089,3.6989,14.3426,2.1575,1.1606,0.7108,3.6291,0.5617,5.9235,0.7987,1.8665,0.6953,4.1228
2026-08-06 10:53:06.808,21.350000,61,21,0.007667,-1.5605,165.94,0,0,0,60.0307,218.760,0.08502,1,0,0,0,0,0.007333,0.000342,0.001022,0.000204,0.001266,0.000128,0.000545,0.000210,0.000422,0.000121,0.000476,0.000172,0.000402,0.000263,0.000725,-165.94,-171.01,-121.46,-119.23,-44.23,-105.38,37.97,-59.30,81.64,4.27,-171.54,18.18,-47.82,44.67,10.28,218.1068,4.9115,4.9089,3.6989,14.3426,2.1575,1.1606,0.7108,3.6291,0.5617,5.9235,0.7987,1.8665,0.6953,4.1228
2026-08-06 10:53:06.808,21.366667,61,22,0.007471,-1.5274,166.83,0,0,0,60.0307,218.760,0.08502,1,0,0,0,0,0.007153,0.000155,0.000902,0.000072,0.001174,0.000094,0.000635,0.000068,0.000724,0.000061,0.000832,0.000043,0.000358,0.000057,0.000603,-166.83,-164.37,-121.70,-114.79,-34.92,55.11,50.89,128.07,99.29,-163.04,171.97,115.36,-82.99,-69.50,-11.96,218.1068,4.9115,4.9089,3.6989,14.3426,2.1575,1.1606,0.7108,3.6291,0.5617,5.9235,0.7987,1.8665,0.6953,4.1228
2026-08-06 10:53:06.808,21.383333,61,23,0.007612,-1.5508,165.93,0,0,0,60.0307,218.760,0.08502,1,0,0,0,0,0.007288,0.000231,0.000922,0.000136,0.001313,0.000054,0.000643,0.000112,0.000652,0.000066,0.000749,0.000051,0.000377,0.000129,0.000583,-165.93,-168.54,-116.78,-105.06,-38.80,30.18,46.30,39.60,94.88,86.29,168.92,178.44,-82.54,127.06,-2.75,218.1068,4.9115,4.9089,3.6989,14.3426,2.1575,1.1606,0.7108,3.6291,0.5617,5.9235,0.7987,1.8665,0.6953,4.1228
2026-08-06 10:53:06.808,21.400000,61,24,0.007464,-1.5242,166.33,0,0,0,60.0307,218.760,0.08502,1,0,0,0,0,0.007150,0.000228,0.000937,0.000144,0.001233,0.000028,0.000636,0.000009,0.000618,0.000088,0.000746,0.000076,0.000351,0.000034,0.000610,-166.33,-175.75,-118.25,-99.76,-37.61,-12.64,41.97,-23.35,93.52,131.50,175.49,85.14,-83.06,-52.77,-5.54,218.1068,4.9115,4.9089,3.6989,14.3426,2.1575,1.1606,0.7108,3.6291,0.5617,5.9235,0.7987,1.8665,0.6953,4.1228
2026-08-06 10:53:06.808,21.416667,61,25,0.007570,-1.5445,166.09,0,0,0,60.0307,218.760,0.08502,1,0,0,0,0,0.007256,0.000216,0.000919,0.000154,0.001211,0.000111,0.000587,0.000076,0.000658,0.000068,0.000791,0.000145,0.000376,0.000160,0.000537,-166.09,-163.16,-122.35,-84.42,-38.20,36.61,47.39,107.88,100.70,91.58,177.83,143.20,-70.75,-141.68,-3.43,218.1068,4.9115,4.9089,3.6989,14.3426,2.1575,1.1606,0.7108,3.6291,0.5617,5.9235,0.7987,1.8665,0.6953,4.1228
2026-08-06 10:53:06.808,21.433333,61,26,0.007508,-1.5317,166.52,0,0,0,60.0307,218.760,0.08502,1,0,0,0,0,0.007181,0.000214,0.000950,0.000128,0.001260,0.000012,0.000574,0.000116,0.000655,0.000031,0.000776,0.000073,0.000400,0.000048,0.000566,-166.52,-156.70,-118.02,-123.02,-36.34,-51.54,46.84,34.90,91.36,74.88,170.80,112.34,-81.99,-137.80,-1.80,218.1068,4.9115,4.9089,3.6989,14.3426,2.1575,1.1606,0.7108,3.6291,0.5617,5.9235,0.7987,1.8665,0.6953,4.1228
2026-08-06 10:53:06.808,21.450000,61,27,0.007489,-1.5245,165.62,0,0,0,60.0307,218.760,0.08502,1,0,0,0,0,0.007165,0.000223,0.000950,0.000229,0.001196,0.000050,0.000514,0.000146,0.000570,0.000166,0.000739,0.000024,0.000259,0.000152,0.000629,-165.62,-159.91,-112.13,-105.90,-40.74,-38.58,45.07,130.20,93.96,160.97,167.10,116.07,-88.49,61.12,-11.60,218.1068,4.9115,4.9089,3.6989,14.3426,2.1575,1.1606,0.7108,3.6291,0.5617,5.9235,0.7987,1.8665,0.6953,4.1228
2026-08-06 10:53:06.808,21.466667,61,28,0.007517,-1.5343,166.22,0,0,0,60.0307,218.760,0.08502,1,0,0,0,0,0.007203,0.000243,0.000900,0.000135,0.001240,0.000034,0.000609,0.000110,0.000620,0.000056,0.000772,0.000059,0.000393,0.000075,0.000551,-166.22,-167.79,-114.67,-116.51,-37.45,5.54,45.46,81.48,91.72,121.80,174.56,112.75,-83.97,138.58,-4.44,218.1068,4.9115,4.9089,3.6989,14.3426,2.1575,1.1606,0.7108,3.6291,0.5617,5.9235,0.7987,1.8665,0.6953,4.1228
2026-08-06 10:53:06.808,21.483333,61,29,0.007538,-1.5332,166.04,0,0,0,60.0307,218.760,0.08502,1,0,0,0,0,0.007202,0.000273,0.000883,0.000152,0.001304,0.000038,0.000640,0.000028,0.000647,0.000098,0.000746,0.000089,0.000390,0.000021,0.000657,-166.04,-171.15,-118.74,-106.76,-38.11,73.29,48.35,2.22,97.25,74.70,178.04,80.76,-88.87,93.54,-5.04,218.1068,4.9115,4.9089,3.6989,14.3426,2.1575,1.1606,0.7108,3.6291,0.5617,5.9235,0.7987,1.8665,0.6953,4.1228
2026-08-06 10:53:07.070,21.500000,62,0,0.007459,-1.5258,166.60,0,0,0,60.0346,218.799,0.08519,1,0,0,0,0,0.007146,0.000183,0.000888,0.000135,0.001213,0.000054,0.000631,0.000079,0.000625,0.000022,0.000774,0.000012,0.000417,0.000027,0.000613,-166.60,-161.23,-121.56,-113.50,-37.85,6.77,51.27,71.79,98.78,178.18,172.15,8.51,-71.55,160.89,-4.04,218.1434,4.9355,4.9064,3.7150,14.3548,2.1903,1.1689,0.7157,3.6143,0.5845,5.9613,0.8228,1.8596,0.7098,4.1514
2026-08-06 10:53:07.070,21.516667,62,1,0.007547,-1.5305,165.99,0,0,0,60.0346,218.799,0.08519,1,0,0,0,0,0.007194,0.000198,0.000881,0.000103,0.001292,0.000049,0.000692,0.000150,0.000649,0.000172,0.000624,0.000283,0.000346,0.000258,0.000690,-165.99,-161.18,-116.11,-132.95,-35.87,95.15,42.80,93.29,85.29,157.79,165.34,-165.24,-63.43,-154.77,11.78,218.1434,4.9355,4.9064,3.7150,14.3548,2.1903,1.1689,0.7157,3.6143,0.5845,5.9613,0.8228,1.8596,0.7098,4.1514
2026-08-06 10:53:07.070,21.533333,62,2,0.007501,-1.5316,166.36,0,0,0,60.0346,218.799,0.08519,1,0,0,0,0,0.007187,0.000203,0.000899,0.000103,0.001218,0.000019,0.000627,0.000016,0.000625,0.000066,0.000715,0.000075,0.000396,0.000094,0.000619,-166.36,-171.94,-119.79,-121.70,-38.18,96.33,47.82,148.98,94.29,106.95,176.42,131.87,-84.48,146.54,-5.34,218.1434,4.9355,4.9064,3.7150,14.3548,2.1903,1.1689,0.7157,3.6143,0.5845,5.9613,0.8228,1.8596,0.7098,4.1514
2026-08-06 10:53:07.070,21.550000,62,3,0.007572,-1.5379,165.49,0,0,0,60.0346,218.799,0.08519,1,0,0,0,0,0.007234,0.000248,0.000928,0.000092,0.001321,0.000030,0.000629,0.000155,0.000624,0.000092,0.000815,0.000084,0.000457,0.000090,0.000608,-165.49,-154.58,-121.24,-86.64,-39.32,141.50,53.77,71.47,90.99,157.07,173.98,128.23,-77.50,-173.18,-7.01,218.1434,4.9355,4.9064,3.7150,14.3548,2.1903,1.1689,0.7157,3.6143,0.5845,5.9613,0.8228,1.8596,0.7098,4.1514
2026-08-06 10:53:07.070,21.566667,62,4,0.007567,-1.5352,165.95,0,0,0,60.0346,218.799,0.08519,1,0,0,0,0,0.007205,0.000188,0.000964,0.000204,0.001281,0.000055,0.000650,0.000051,0.000753,0.000179,0.000831,0.000172,0.000292,0.000097,0.000701,-165.95,-151.27,-114.28,-94.23,-39.74,-98.49,55.88,112.31,100.37,132.68,163.04,104.00,-79.36,96.53,1.27,218.1434,4.9355,4.9064,3.7150,14.3548,2.1903,1.1689,0.7157,3.6143,0.5845,5.9613,0.8228,1.8596,0.7098,4.1514
2026-08-06 10:53:07.070,21.583333,62,5,0.007554,-1.5411,166.11,0,0,0,60.0346,218.799,0.08519,1,0,0,0,0,0.007234,0.000229,0.000910,0.000140,0.001230,0.000029,0.000633,0.000036,0.000644,0.000074,0.000762,0.000097,0.000389,0.000038,0.000613,-166.11,-165.10,-119.60,-135.94,-37.91,-23.39,48.05,-132.51,93.07,66.64,178.15,82.58,-68.78,-1.85,-6.23,218.1434,4.9355,4.9064,3.7150,14.3548,2.1903,1.1689,0.7157,3.6143,0.5845,5.9613,0.8228,1.8596,0.7098,4.1514
2026-08-06 10:53:07.070,21.600000,62,6,0.007565,-1.5418,165.96,0,0,0,60.0346,218.799,0.08519,1,0,0,0,0,0.007245,0.000183,0.000881,0.000145,0.001229,0.000008,0.000636,0.000094,0.000667,0.000059,0.000811,0.000049,0.000413,0.000074,0.000603,-165.96,-172.50,-119.21,-110.91,-36.90,163.71,47.44,29.85,95.78,42.14,173.24,167.21,-82.71,118.64,-5.59,218.1434,4.9355,4.9064,3.7150,14.3548,2.1903,1.1689,0.7157,3.6143,0.5845,5.9613,0.8228,1.8596,0.7098,4.1514
2026-08-06 10:53:07.070,21.616667,62,7,0.007494,-1.5203,165.73,0,0,0,60.0346,218.799,0.08519,1,0,0,0,0,0.007153,0.000265,0.000899,0.000124,0.001187,0.000027,0.000697,0.000090,0.000523,0.000243,0.000890,0.000091,0.000276,0.000154,0.000647,-165.73,161.34,-117.17,-95.32,-35.83,175.81,50.27,135.87,95.50,97.45,-179.88,33.80,-112.48,-87.33,7.53,218.1434,4.9355,4.9064,3.7150,14.3548,2.1903,1.1689,0.7157,3.6143,0.5845,5.9613,0.8228,1.8596,0.7098,4.1514
2026-08-06 10:53:07.070,21.633333,62,8,0.007541,-1.5370,166.08,0,0,0,60.0346,218.799,0.08519,1,0,0,0,0,0.007214,0.000174,0.000976,0.000183,0.001220,0.000025,0.000591,0.000053,0.000659,0.000054,0.000758,0.000014,0.000431,0.000074,0.000624,-166.08,-152.26,-119.16,-113.76,-39.33,-116.85,53.45,131.99,103.73,159.80,174.17,-97.83,-69.84,-67.55,-5.89,218.1434,4.9355,4.9064,3.7150,14.3548,2.1903,1.1689,0.7157,3.6143,0.5845,5.9613,0.8228,1.8596,0.7098,4.1514
2026-08-06 10:53:07.070,21.650000,62,9,0.007559,-1.5352,165.31,0,0,0,60.0346,218.799,0.08519,1,0,0,0,0,0.007240,0.000213,0.000959,0.000135,0.001234,0.000057,0.000642,0.000142,0.000614,0.000165,0.000727,0.000153,0.000327,0.000049,0.000589,-165.31,-175.30,-114.28,-130.99,-35.36,-91.33,49.92,24.71,96.49,105.25,173.48,166.94,-85.41,-82.00,0.20,218.1434,4.9355,4.9064,3.7150,14.3548,2.1903,1.1689,0.7157,3.6143,0.5845,5.9613,0.8228,1.8596,0.7098,4.1514
2026-08-06 10:53:07.070,21.666667,62,10,0.007531,-1.5378,166.87,0,0,0,60.0346,218.799,0.08519,1,0,0,0,0,0.007197,0.000284,0.000901,0.000119,0.001306,0.000083,0.000573,0.000065,0.000721,0.000071,0.000636,0.000194,0.000439,0.000142,0.000519,-166.87,-157.24,-113.02,-127.88,-40.19,30.23,49.53,-44.71,97.37,154.56,179.02,116.78,-83.96,38.86,-10.51,218.1434,4.9355,4.9064,3.7150,14.3548,2.1903,1.1689,0.7157,3.6143,0.5845,5.9613,0.8228,1.8596,0.7098,4.1514
2026-08-06 10:53:07.070,21.683333,62,11,0.007526,-1.5363,166.25,0,0,0,60.0346,218.799,0.08519,1,0,0,0,0,0.007210,0.000162,0.000893,0.000074,0.001230,0.000088,0.000593,0.000101,0.000657,0.000077,0.000760,0.000104,0.000427,0.000143,0.000613,-166.25,-156.43,-114.38,-124.55,-38.37,86.14,47.33,82.32,92.99,131.60,174.88,177.54,-86.83,146.44,-11.88,218.1434,4.9355,4.9064,3.7150,14.3548,2.1903,1.1689,0.7157,3.6143,0.5845,5.9613,0.8228,1.8596,0.7098,4.1514
2026-08-06 10:53:07.070,21.700000,62,12,0.007574,-1.5413,165.81,0,0,0,60.0346,218.799,0.08519,1,0,0,0,0,0.007239,0.000244,0.000877,0.000150,0.001221,0.000035,0.000710,0.000058,0.000677,0.000085,0.000797,0.000093,0.000401,0.000054,0.000637,-165.81,175.44,-117.73,-114.58,-39.92,119.96,47.85,2.79,95.53,78.33,173.49,119.39,-90.64,164.24,-5.85,218.1434,4.9355,4.9064,3.7150,14.3548,2.1903,1.1689,0.7157,3.6143,0.5845,5.9613,0.8228,1.8596,0.7098,4.1514
2026-08-06 10:53:07.070,21.716667,62,13,0.007577,-1.5432,166.23,0,0,0,60.0346,218.799,0.08519,1,0,0,0,0,0.007240,0.000240,0.000957,0.000147,0.001240,0.000038,0.000682,0.000052,0.000638,0.000093,0.000779,0.000074,0.000396,0.000102,0.000520,-166.23,-167.64,-116.29,-111.66,-38.14,-50.89,44.31,69.73,98.96,12.06,170.07,139.86,-69.53,92.85,-11.72,218.1434,4.9355,4.9064,3.7150,14.3548,2.1903,1.1689,0.7157,3.6143,0.5845,5.9613,0.8228,1.8596,0.7098,4.1514
2026-08-06 10:53:07.070,21.733333,62,14,0.007538,-1.5326,165.79,0,0,0,60.0346,218.799,0.08519,1,0,0,0,0,0.007206,0.000125,0.000985,0.000141,0.001238,0.000024,0.000661,0.000121,0.000672,0.000042,0.000782,0.000049,0.000433,0.000072,0.000548,-165.79,179.75,-117.83,-123.87,-38.87,157.72,50.22,93.96,94.99,91.31,175.81,177.87,-81.67,112.69,-4.26,218.1434,4.9355,4.9064,3.7150,14.3548,2.1903,1.1689,0.7157,3.6143,0.5845,5.9613,0.8228,1.8596,0.7098,4.1514
2026-08-06 10:53:07.070,21.750000,62,15,0.007654,-1.5616,166.29,0,0,0,60.0346,218.799,0.08519,1,0,0,0,0,0.007324,0.000163,0.001034,0.000163,0.001166,0.000112,0.000613,0.000086,0.000459,0.000214,0.000807,0.000185,0.000407,0.000078,0.000605,-166.29,-170.67,-125.11,-77.61,-43.35,-19.99,42.56,62.13,92.85,71.69,-171.99,63.59,-92.55,-40.69,0.59,218.1434,4.9355,4.9064,3.7150,14.3548,2.1903,1.1689,0.7157,3.6143,0.5845,5.9613,0.8228,1.8596,0.7098,4.1514
2026-08-06 10:53:07.070,21.766667,62,16,0.007824,-1.5846,166.70,0,0,0,60.0346,218.799,0.08519,1,0,0,0,0,0.007422,0.000375,0.001159,0.000270,0.001399,0.000197,0.000764,0.000233,0.000731,0.000148,0.000779,0.000193,0.000276,0.000242,0.000459,-166.70,-144.52,-113.87,-95.41,-41.22,-30.33,39.34,33.36,81.99,83.64,158.45,102.33,-95.30,171.62,-3.84,218.1434,4.9355,4.9064,3.7150,14.3548,2.1903,1.1689,0.7157,3.6143,0.5845,5.9613,0.8228,1.8596,0.7098,4.1514
2026-08-06 10:53:07.070,21.783333,62,17,0.007526,-1.5309,166.04,0,0,0,60.0346,218.799,0.08519,1,0,0,0,0,0.007191,0.000223,0.000955,0.000104,0.001262,0.000037,0.000684,0.000046,0.000670,0.000069,0.000723,0.000104,0.000353,0.000064,0.000600,-166.04,-175.67,-119.75,-102.73,-37.33,37.03,46.41,24.27,87.96,123.93,169.27,158.64,-93.79,-135.04,-0.03,218.1434,4.9355,4.9064,3.7150,14.3548,2.1903,1.1689,0.7157,3.6143,0.5845,5.9613,0.8228,1.8596,0.7098,4.1514
2026-08-06 10:53:07.070,21.800000,62,18,0.007547,-1.5406,165.87,0,0,0,60.0346,218.799,0.08519,1,0,0,0,0,0.007232,0.000257,0.000914,0.000165,0.001188,0.000029,0.000637,0.000061,0.000666,0.000069,0.000757,0.000099,0.000345,0.000025,0.000646,-165.87,-167.23,-118.91,-125.65,-40.69,35.87,44.01,-64.37,94.86,65.82,175.24,123.44,-79.12,-143.51,-5.99,218.1434,4.9355,4.9064,3.7150,14.3548,2.1903,1.1689,0.7157,3.6143,0.5845,5.9613,0.8228,1.8596,0.7098,4.1514
2026-08-06 10:53:07.070,21.816667,62,19,0.007670,-1.5543,166.41,0,0,0,60.0346,218.799,0.08519,1,0,0,0,0,0.007282,0.000247,0.001032,0.000195,0.001328,0.000142,0.000654,0.000211,0.000748,0.000166,0.000821,0.000171,0.000389,0.000217,0.000593,-166.41,-157.26,-119.17,-119.14,-39.69,-70.18,36.87,20.77,81.40,50.00,160.27,109.51,-101.38,162.37,-7.10,218.1434,4.9355,4.9064,3.7150,14.3548,2.1903,1.1689,0.7157,3.6143,0.5845,5.9613,0.8228,1.8596,0.7098,4.1514
2026-08-06 10:53:07.070,21.833333,62,20,0.007544,-1.5410,166.10,0,0,0,60.0346,218.799,0.08519,1,0,0,0,0,0.007238,0.000225,0.000869,0.000090,0.001189,0.000061,0.000619,0.000074,0.000613,0.000088,0.000746,0.000099,0.000386,0.000061,0.000654,-166.10,-177.22,-118.72,-122.78,-37.68,85.27,47.27,33.45,98.66,127.24,178.35,111.18,-82.28,-153.24,-7.37,218.1434,4.9355,4.9064,3.7150,14.3548,2.1903,1.1689,0.7157,3.6143,0.5845,5.9613,0.8228,1.8596,0.7098,4.1514
2026-08-06 10:53:07.070,21.850000,62,21,0.007469,-1.5287,166.59,0,0,0,60.0346,218.799,0.08519,1,0,0,0,0,0.007155,0.000260,0.000830,0.000104,0.001198,0.000060,0.000634,0.000097,0.000632,0.000103,0.000827,0.000102,0.000329,0.000061,0.000656,-166.59,-159.88,-114.33,-133.04,-41.71,29.11,56.69,-162.24,94.92,124.43,178.31,-18.72,-78.82,-136.86,-7.92,218.1434,4.9355,4.9064,3.7150,14.3548,2.1903,1.1689,0.7157,3.6143,0.5845,5.9613,0.8228,1.8596,0.7098,4.1514
2026-08-06 10:53:07.070,21.866667,62,22,0.007587,-1.5436,165.88,0,0,0,60.0346,218.799,0.08519,1,0,0,0,0,0.007256,0.000167,0.000876,0.000058,0.001177,0.000078,0.000662,0.000186,0.000807,0.000142,0.000721,0.000048,0.000212,0.000270,0.000606,-165.88,-159.30,-114.99,-133.15,-38.24,-126.24,40.31,35.21,101.65,172.47,-176.64,5.97,-75.08,169.51,-18.12,218.1434,4.9355,4.9064,3.7150,14.3548,2.1903,1.1689,0.7157,3.6143,0.5845,5.9613,0.8228,1.8596,0.7098,4.1514
2026-08-06 10:53:07.070,21.883333,62,23,0.007473,-1.5189,165.87,0,0,0,60.0346,218.799,0.08519,1,0,0,0,0,0.007140,0.000248,0.000967,0.000183,0.001318,0.000004,0.000666,0.000058,0.000561,0.000036,0.000720,0.000019,0.000411,0.000070,0.000598,-165.87,-166.61,-114.71,-113.21,-39.60,-21.70,45.48,-162.53,92.92,178.05,178.80,108.17,-78.64,173.06,-7.81,218.1434,4.9355,4.9064,3.7150,14.3548,2.1903,1.1689,0.7157,3.6143,0.5845,5.9613,0.8228,1.8596,0.7098,4.1514
2026-08-06 10:53:07.070,21.900000,62,24,0.007635,-1.5575,165.89,0,0,0,60.0346,218.799,0.08519,1,0,0,0,0,0.007319,0.000234,0.000922,0.000124,0.001220,0.000045,0.000667,0.000021,0.000683,0.000029,0.000758,0.000038,0.000393,0.000099,0.000598,-165.89,-168.20,-119.93,-99.46,-38.92,25.08,46.34,59.41,92.15,122.64,173.63,-119.54,-79.49,-173.42,-0.61,218.1434,4.9355,4.9064,3.7150,14.3548,2.1903,1.1689,0.7157,3.6143,0.5845,5.9613,0.8228,1.8596,0.7098,4.1514
2026-08-06 10:53:07.070,21.916667,62,25,0.007542,-1.5382,165.93,0,0,0,60.0346,218.799,0.08519,1,0,0,0,0,0.007228,0.000212,0.000946,0.000085,0.001223,0.000024,0.000586,0.000043,0.000604,0.000115,0.000715,0.000131,0.000407,0.000030,0.000674,-165.93,-173.35,-116.58,-99.18,-38.66,74.71,44.96,78.46,94.50,100.43,177.21,128.41,-80.85,133.53,-4.11,218.1434,4.9355,4.9064,3.7150,14.3548,2.1903,1.1689,0.7157,3.6143,0.5845,5.9613,0.8228,1.8596,0.7098,4.1514
2026-08-06 10:53:07.070,21.933333,62,26,0.007583,-1.5397,165.85,0,0,0,60.0346,218.799,0.08519,1,0,0,0,0,0.007245,0.000229,0.000897,0.000171,0.001261,0.000047,0.000540,0.000089,0.000583,0.000116,0.000901,0.000153,0.000386,0.000177,0.000459,-165.85,177.17,-113.89,-102.57,-38.52,-18.85,42.87,-163.76,104.07,-152.20,-178.59,167.35,-104.98,151.57,7.54,218.1434,4.9355,4.9064,3.7150,14.3548,2.1903,1.1689,0.7157,3.6143,0.5845,5.9613,0.8228,1.8596,0.7098,4.1514
2026-08-06 10:53:07.070,21.950000,62,27,0.007557,-1.5363,166.10,0,0,0,60.0346,218.799,0.08519,1,0,0,0,0,0.007215,0.000229,0.000958,0.000217,0.001329,0.000081,0.000644,0.000089,0.000613,0.000032,0.000738,0.000059,0.000367,0.000084,0.000612,-166.10,173.31,-118.71,-108.51,-36.09,24.16,51.57,115.73,99.27,-35.37,170.29,98.86,-80.46,145.99,-9.19,218.1434,4.9355,4.9064,3.7150,14.3548,2.1903,1.1689,0.7157,3.6143,0.5845,5.9613,0.8228,1.8596,0.7098,4.1514
2026-08-06 10:53:07.070,21.966667,62,28,0.007525,-1.5375,166.70,0,0,0,60.0346,218.799,0.08519,1,0,0,0,0,0.007196,0.000300,0.000868,0.000120,0.001302,0.000030,0.000675,0.000075,0.000642,0.000091,0.000733,0.000072,0.000346,0.000078,0.000657,-166.70,-168.42,-115.19,-120.63,-37.45,-163.81,50.87,1.55,97.95,108.68,173.57,102.77,-85.51,145.79,-2.69,218.1434,4.9355,4.9064,3.7150,14.3548,2.1903,1.1689,0.7157,3.6143,0.5845,5.9613,0.8228,1.8596,0.7098,4.1514
2026-08-06 10:53:07.070,21.983333,62,29,0.007533,-1.5354,166.09,0,0,0,60.0346,218.799,0.08519,1,0,0,0,0,0.007205,0.000233,0.000859,0.000121,0.001208,0.000181,0.000724,0.000025,0.000664,0.000125,0.000667,0.000118,0.000493,0.000155,0.000666,-166.09,-172.32,-118.57,-44.48,-41.53,123.89,46.17,120.07,100.24,154.73,170.78,-56.99,-97.49,126.96,-10.76,218.1434,4.9355,4.9064,3.7150,14.3548,2.1903,1.1689,0.7157,3.6143,0.5845,5.9613,0.8228,1.8596,0.7098,4.1514
2026-08-06 10:53:07.320,22.000000,63,0,0.007682,-1.5619,165.21,0,0,0,60.0307,218.901,0.08532,1,0,0,0,0,0.007358,0.000123,0.000946,0.000184,0.001322,0.000108,0.000516,0.000079,0.000548,0.000162,0.000719,0.000125,0.000420,0.000190,0.000583,-165.21,-150.08,-120.90,-120.62,-42.61,45.93,45.67,27.18,84.66,62.60,175.53,175.69,-68.85,103.45,-11.56,218.2423,4.9707,4.9202,3.7198,14.3992,2.1841,1.1400,0.7080,3.5771,0.5647,5.9799,0.8125,1.8929,0.7223,4.1054
2026-08-06 10:53:07.320,22.016667,63,1,0.007549,-1.5413,166.68,0,0,0,60.0307,218.901,0.08532,1,0,0,0,0,0.007222,0.000172,0.000896,0.000132,0.001176,0.000116,0.000677,0.000058,0.000688,0.000079,0.000779,0.000128,0.000372,0.000068,0.000582,-166.68,-166.11,-112.39,-109.10,-37.89,57.40,47.03,155.66,99.17,107.05,-178.22,152.02,-65.97,-133.69,-11.72,218.2423,4.9707,4.9202,3.7198,14.3992,2.1841,1.1400,0.7080,3.5771,0.5647,5.9799,0.8125,1.8929,0.7223,4.1054
2026-08-06 10:53:07.320,22.033333,63,2,0.007662,-1.5582,172.71,0,0,0,60.0307,218.901,0.08532,1,0,0,0,0,0.007183,0.000546,0.001393,0.000670,0.000817,0.000429,0.000735,0.000091,0.000834,0.000156,0.000785,0.000374,0.000066,0.000231,0.000817,-172.71,16.38,-96.20,-138.63,-30.98,49.90,28.41,-126.34,99.03,26.76,-170.67,172.63,-73.92,20.43,-26.24,218.2423,4.9707,4.9202,3.7198,14.3992,2.1841,1.1400,0.7080,3.5771,0.5647,5.9799,0.8125,1.8929,0.7223,4.1054
2026-08-06 10:53:07.320,22.050000,63,3,0.007476,-1.5222,165.67,0,0,0,60.0307,218.901,0.08532,1,0,0,0,0,0.007162,0.000199,0.000803,0.000088,0.001158,0.000105,0.000678,0.000010,0.000621,0.000043,0.000748,0.000055,0.000468,0.000035,0.000665,-165.67,166.02,-120.45,-136.19,-37.36,104.19,56.73,98.81,101.84,148.16,-178.74,-140.51,-88.05,-99.21,-6.06,218.2423,4.9707,4.9202,3.7198,14.3992,2.1841,1.1400,0.7080,3.5771,0.5647,5.9799,0.8125,1.8929,0.7223,4.1054
2026-08-06 10:53:07.320,22.066667,63,4,0.007562,-1.5406,166.76,0,0,0,60.0307,218.901,0.08532,1,0,0,0,0,0.007210,0.000245,0.000960,0.000182,0.001288,0.000085,0.000651,0.000105,0.000606,0.000131,0.000703,0.000168,0.000372,0.000131,0.000735,-166.76,-174.26,-118.90,-105.96,-37.48,27.19,50.91,172.85,100.21,-32.16,168.46,103.41,-91.36,-106.57,-13.55,218.2423,4.9707,4.9202,3.7198,14.3992,2.1841,1.1400,0.7080,3.5771,0.5647,5.9799,0.8125,1.8929,0.7223,4.1054
2026-08-06 10:53:07.320,22.083333,63,5,0.007516,-1.5339,166.26,0,0,0,60.0307,218.901,0.08532,1,0,0,0,0,0.007198,0.000216,0.000928,0.000145,0.001263,0.000078,0.000619,0.000091,0.000579,0.000044,0.000719,0.000106,0.000412,0.000100,0.000591,-166.26,-160.75,-115.34,-98.40,-38.87,-35.18,45.46,46.41,89.54,95.22,176.66,153.05,-83.58,144.05,-1.22,218.2423,4.9707,4.9202,3.7198,14.3992,2.1841,1.1400,0.7080,3.5771,0.5647,5.9799,0.8125,1.8929,0.7223,4.1054
2026-08-06 10:53:07.320,22.100000,63,6,0.007569,-1.5369,165.48,0,0,0,60.0307,218.901,0.08532,1,0,0,0,0,0.007232,0.000300,0.000957,0.000156,0.001255,0.000013,0.000701,0.000020,0.000604,0.000074,0.000773,0.000087,0.000415,0.000093,0.000562,-165.48,-179.15,-117.54,-119.92,-38.81,121.45,44.60,42.92,97.54,89.20,-179.83,76.57,-78.98,103.42,-6.59,218.2423,4.9707,4.9202,3.7198,14.3992,2.1841,1.1400,0.7080,3.5771,0.5647,5.9799,0.8125,1.8929,0.7223,4.1054
2026-08-06 10:53:07.320,22.116667,63,7,0.007546,-1.5433,166.33,0,0,0,60.0307,218.901,0.08532,1,0,0,0,0,0.007243,0.000186,0.000880,0.000090,0.001206,0.000033,0.000652,0.000055,0.000701,0.000051,0.000774,0.000052,0.000360,0.000068,0.000519,-166.33,165.45,-116.82,-89.28,-35.15,29.52,48.64,99.43,96.60,161.43,171.27,158.68,-81.25,-135.67,-2.78,218.2423,4.9707,4.9202,3.7198,14.3992,2.1841,1.1400,0.7080,3.5771,0.5647,5.9799,0.8125,1.8929,0.7223,4.1054
2026-08-06 10:53:07.320,22.133333,63,8,0.007588,-1.5441,165.76,0,0,0,60.0307,218.901,0.08532,1,0,0,0,0,0.007252,0.000249,0.000953,0.000206,0.001201,0.000048,0.000643,0.000079,0.000613,0.000068,0.000721,0.000071,0.000334,0.000056,0.000689,-165.76,-172.35,-116.63,-116.03,-37.19,-3.40,46.58,39.57,90.38,163.99,161.20,-139.07,-101.60,89.45,-18.97,218.2423,4.9707,4.9202,3.7198,14.3992,2.1841,1.1400,0.7080,3.5771,0.5647,5.9799,0.8125,1.8929,0.7223,4.1054
2026-08-06 10:53:07.320,22.150000,63,9,0.007508,-1.5352,166.24,0,0,0,60.0307,218.901,0.08532,1,0,0,0,0,0.007200,0.000240,0.000952,0.000139,0.001157,0.000039,0.000678,0.000040,0.000645,0.000022,0.000754,0.000096,0.000351,0.000051,0.000569,-166.24,-171.31,-116.04,-105.30,-37.01,-33.51,47.06,137.29,99.61,109.51,176.15,156.41,-76.73,-161.25,-10.29,218.2423,4.9707,4.9202,3.7198,14.3992,2.1841,1.1400,0.7080,3.5771,0.5647,5.9799,0.8125,1.8929,0.7223,4.1054
2026-08-06 10:53:07.320,22.166667,63,10,0.007503,-1.5244,165.30,0,0,0,60.0307,218.901,0.08532,1,0,0,0,0,0.007171,0.000189,0.000953,0.000211,0.001202,0.000108,0.000664,0.000104,0.000766,0.000095,0.000677,0.000043,0.000427,0.000059,0.000635,-165.30,-151.69,-116.12,-101.68,-42.37,150.38,57.01,85.11,101.42,97.73,167.62,-71.99,-81.43,-146.08,-10.14,218.2423,4.9707,4.9202,3.7198,14.3992,2.1841,1.1400,0.7080,3.5771,0.5647,5.9799,0.8125,1.8929,0.7223,4.1054
2026-08-06 10:53:07.320,22.183333,63,11,0.007532,-1.5390,166.54,0,0,0,60.0307,218.901,0.08532,1,0,0,0,0,0.007205,0.000214,0.000881,0.000105,0.001196,0.000052,0.000562,0.000087,0.000530,0.000135,0.000727,0.000077,0.000412,0.000122,0.000828,-166.54,179.82,-116.86,-99.96,-38.83,55.92,47.98,99.56,92.75,-179.33,167.24,-32.62,-94.01,94.28,-15.81,218.2423,4.9707,4.9202,3.7198,14.3992,2.1841,1.1400,0.7080,3.5771,0.5647,5.9799,0.8125,1.8929,0.7223,4.1054
2026-08-06 10:53:07.320,22.200000,63,12,0.007481,-1.5263,166.23,0,0,0,60.0307,218.901,0.08532,1,0,0,0,0,0.007157,0.000201,0.000955,0.000099,0.001205,0.000051,0.000637,0.000046,0.000676,0.000024,0.000737,0.000034,0.000347,0.000105,0.000610,-166.23,-163.81,-118.36,-120.44,-37.81,118.35,51.30,96.33,99.87,-115.53,174.76,-173.68,-83.21,-168.85,-6.39,218.2423,4.9707,4.9202,3.7198,14.3992,2.1841,1.1400,0.7080,3.5771,0.5647,5.9799,0.8125,1.8929,0.7223,4.1054
2026-08-06 10:53:07.320,22.216667,63,13,0.007583,-1.5437,165.81,0,0,0,60.0307,218.901,0.08532,1,0,0,0,0,0.007249,0.000197,0.000957,0.000180,0.001262,0.000051,0.000674,0.000071,0.000703,0.000053,0.000706,0.000069,0.000376,0.000036,0.000589,-165.81,-172.19,-114.36,-122.48,-41.07,115.94,48.38,51.01,97.52,100.20,171.19,160.39,-84.06,-162.64,-4.18,218.2423,4.9707,4.9202,3.7198,14.3992,2.1841,1.1400,0.7080,3.5771,0.5647,5.9799,0.8125,1.8929,0.7223,4.1054
2026-08-06 10:53:07.320,22.233333,63,14,0.007564,-1.5429,165.91,0,0,0,60.0307,218.901,0.08532,1,0,0,0,0,0.007242,0.000247,0.000972,0.000087,0.001235,0.000120,0.000557,0.000070,0.000609,0.000103,0.000674,0.000197,0.000461,0.000095,0.000645,-165.91,-172.86,-116.50,-114.08,-42.18,44.32,45.99,31.81,99.12,113.14,-177.75,132.60,-74.77,125.10,-12.29,218.2423,4.9707,4.9202,3.7198,14.3992,2.1841,1.1400,0.7080,3.5771,0.5647,5.9799,0.8125,1.8929,0.7223,4.1054
2026-08-06 10:53:07.320,22.250000,63,15,0.007606,-1.5498,166.13,0,0,0,60.0307,218.901,0.08532,1,0,0,0,0,0.007270,0.000192,0.000999,0.000114,0.001226,0.000081,0.000638,0.000120,0.000703,0.000029,0.000759,0.000057,0.000412,0.000071,0.000632,-166.13,-170.67,-118.69,-88.40,-39.75,67.96,49.10,56.60,101.57,126.50,178.31,176.75,-93.75,-136.01,-8.55,218.2423,4.9707,4.9202,3.7198,14.3992,2.1841,1.1400,0.7080,3.5771,0.5647,5.9799,0.8125,1.8929,0.7223,4.1054
2026-08-06 10:53:07.320,22.266667,63,16,0.007615,-1.5515,165.34,0,0,0,60.0307,218.901,0.08532,1,0,0,0,0,0.007299,0.000313,0.000845,0.000164,0.001244,0.000089,0.000695,0.000135,0.000592,0.000149,0.000755,0.000010,0.000405,0.000075,0.000633,-165.34,-169.16,-118.78,-67.19,-43.46,99.70,49.74,12.02,106.20,100.06,168.84,63.99,-95.90,-178.81,0.86,218.2423,4.9707,4.9202,3.7198,14.3992,2.1841,1.1400,0.7080,3.5771,0.5647,5.9799,0.8125,1.8929,0.7223,4.1054
2026-08-06 10:53:07.320,22.283333,63,17,0.007531,-1.5409,166.22,0,0,0,60.0307,218.901,0.08532,1,0,0,0,0,0.007228,0.000235,0.000904,0.000143,0.001166,0.000018,0.000574,0.000062,0.000654,0.000010,0.000757,0.000067,0.000445,0.000024,0.000647,-166.22,-166.40,-118.27,-117.24,-37.12,-173.30,46.72,86.88,100.73,-152.47,175.67,154.95,-73.76,168.19,-11.04,218.2423,4.9707,4.9202,3.7198,14.3992,2.1841,1.1400,0.7080,3.5771,0.5647,5.9799,0.8125,1.8929,0.7223,4.1054
2026-08-06 10:53:07.320,22.300000,63,18,0.007608,-1.5547,166.06,0,0,0,60.0307,218.901,0.08532,1,0,0,0,0,0.007295,0.000184,0.000917,0.000111,0.001219,0.000049,0.000633,0.000087,0.000624,0.000028,0.000745,0.000059,0.000324,0.000084,0.000606,-166.06,-169.45,-115.07,-118.28,-40.86,53.65,51.24,8.48,99.59,93.47,172.15,170.37,-83.25,139.23,-6.64,218.2423,4.9707,4.9202,3.7198,14.3992,2.1841,1.1400,0.7080,3.5771,0.5647,5.9799,0.8125,1.8929,0.7223,4.1054
2026-08-06 10:53:07.320,22.316667,63,19,0.007557,-1.5418,165.96,0,0,0,60.0307,218.901,0.08532,1,0,0,0,0,0.007236,0.000232,0.000934,0.000125,0.001219,0.000031,0.000706,0.000078,0.000666,0.000062,0.000712,0.000034,0.000286,0.000005,0.000623,-165.96,-174.89,-118.15,-110.05,-40.56,-149.23,47.87,-72.48,96.81,49.63,175.87,109.63,-79.95,-159.58,-0.95,218.2423,4.9707,4.9202,3.7198,14.3992,2.1841,1.1400,0.7080,3.5771,0.5647,5.9799,0.8125,1.8929,0.7223,4.1054
2026-08-06 10:53:07.320,22.333333,63,20,0.007584,-1.5450,166.11,0,0,0,60.0307,218.901,0.08532,1,0,0,0,0,0.007248,0.000200,0.000956,0.000107,0.001246,0.000079,0.000548,0.000102,0.000695,0.000097,0.000688,0.000173,0.000520,0.000168,0.000563,-166.11,-170.12,-118.73,-128.40,-38.90,94.61,46.32,37.55,102.61,-83.84,166.14,-170.33,-67.14,114.51,-15.89,218.2423,4.9707,4.9202,3.7198,14.3992,2.1841,1.1400,0.7080,3.5771,0.5647,5.9799,0.8125,1.8929,0.7223,4.1054
2026-08-06 10:53:07.320,22.350000,63,21,0.007569,-1.5475,166.35,0,0,0,60.0307,218.901,0.08532,1,0,0,0,0,0.007255,0.000203,0.000867,0.000100,0.001260,0.000049,0.000671,0.000097,0.000659,0.000081,0.000729,0.000080,0.000400,0.000067,0.000649,-166.35,171.92,-119.10,-117.96,-37.16,76.22,48.09,19.91,93.38,116.82,171.09,156.98,-83.90,152.47,-7.75,218.2423,4.9707,4.9202,3.7198,14.3992,2.1841,1.1400,0.7080,3.5771,0.5647,5.9799,0.8125,1.8929,0.7223,4.1054
2026-08-06 10:53:07.320,22.366667,63,22,0.007532,-1.5341,165.55,0,0,0,60.0307,218.901,0.08532,1,0,0,0,0,0.007221,0.000191,0.000937,0.000176,0.001196,0.000092,0.000623,0.000043,0.000692,0.000092,0.000714,0.000049,0.000354,0.000046,0.000549,-165.55,165.49,-110.56,-123.48,-37.31,-142.74,50.87,-167.65,101.89,30.78,177.52,120.74,-77.09,-33.03,-5.11,218.2423,4.9707,4.9202,3.7198,14.3992,2.1841,1.1400,0.7080,3.5771,0.5647,5.9799,0.8125,1.8929,0.7223,4.1054
2026-08-06 10:53:07.320,22.383333,63,23,0.007657,-1.5515,166.08,0,0,0,60.0307,218.901,0.08532,1,0,0,0,0,0.007284,0.000176,0.000973,0.000078,0.001302,0.000036,0.000635,0.000088,0.000672,0.000042,0.000814,0.000074,0.000510,0.000206,0.000727,-166.08,179.22,-114.07,-122.64,-38.91,84.83,42.96,92.83,92.44,-31.54,177.60,75.66,-83.42,125.39,-4.72,218.2423,4.9707,4.9202,3.7198,14.3992,2.1841,1.1400,0.7080,3.5771,0.5647,5.9799,0.8125,1.8929,0.7223,4.1054
2026-08-06 10:53:07.320,22.400000,63,24,0.007498,-1.5323,166.46,0,0,0,60.0307,218.901,0.08532,1,0,0,0,0,0.007177,0.000233,0.000926,0.000108,0.001204,0.000013,0.000605,0.000008,0.000627,0.000039,0.000704,0.000066,0.000326,0.000030,0.000709,-166.46,-163.71,-120.37,-119.05,-39.89,-137.83,49.27,85.54,101.72,137.19,172.83,130.30,-74.86,65.57,-1.85,218.2423,4.9707,4.9202,3.7198,14.3992,2.1841,1.1400,0.7080,3.5771,0.5647,5.9799,0.8125,1.8929,0.7223,4.1054
2026-08-06 10:53:07.320,22.416667,63,25,0.007505,-1.5279,165.60,0,0,0,60.0307,218.901,0.08532,1,0,0,0,0,0.007185,0.000185,0.000950,0.000149,0.001166,0.000080,0.000657,0.000080,0.000687,0.000034,0.000688,0.000044,0.000409,0.000062,0.000602,-165.60,176.67,-116.20,-121.07,-38.00,118.09,48.44,86.32,97.56,136.83,174.66,94.74,-85.18,-165.32,-8.69,218.2423,4.9707,4.9202,3.7198,14.3992,2.1841,1.1400,0.7080,3.5771,0.5647,5.9799,0.8125,1.8929,0.7223,4.1054
2026-08-06 10:53:07.320,22.433333,63,26,0.007551,-1.5360,165.83,0,0,0,60.0307,218.901,0.08532,1,0,0,0,0,0.007217,0.000194,0.000940,0.000134,0.001235,0.000057,0.000584,0.000135,0.000696,0.000125,0.000762,0.000013,0.000345,0.000135,0.000501,-165.83,-158.55,-114.85,-144.06,-38.77,158.93,44.63,16.72,94.43,126.84,176.33,170.64,-63.03,134.49,-11.24,218.2423,4.9707,4.9202,3.7198,14.3992,2.1841,1.1400,0.7080,3.5771,0.5647,5.9799,0.8125,1.8929,0.7223,4.1054
2026-08-06 10:53:07.320,22.450000,63,27,0.007509,-1.5321,165.74,0,0,0,60.0307,218.901,0.08532,1,0,0,0,0,0.007200,0.000240,0.000900,0.000108,0.001189,0.000022,0.000652,0.000075,0.000671,0.000087,0.000689,0.000037,0.000344,0.000063,0.000645,-165.74,-172.22,-119.96,-135.68,-40.15,28.29,48.71,-125.91,97.93,55.14,179.02,100.63,-82.88,-159.56,-1.16,218.2423,4.9707,4.9202,3.7198,14.3992,2.1841,1.1400,0.7080,3.5771,0.5647,5.9799,0.8125,1.8929,0.7223,4.1054
2026-08-06 10:53:07.320,22.466667,63,28,0.007582,-1.5447,165.98,0,0,0,60.0307,218.901,0.08532,1,0,0,0,0,0.007253,0.000167,0.000982,0.000170,0.001204,0.000046,0.000714,0.000090,0.000708,0.000042,0.000694,0.000075,0.000454,0.000105,0.000572,-165.98,-152.96,-117.27,-109.12,-37.76,-163.22,45.75,131.77,88.48,117.67,175.91,134.45,-83.48,130.91,-11.79,218.2423,4.9707,4.9202,3.7198,14.3992,2.1841,1.1400,0.7080,3.5771,0.5647,5.9799,0.8125,1.8929,0.7223,4.1054
2026-08-06 10:53:07.320,22.483333,63,29,0.007532,-1.5448,166.28,0,0,0,60.0307,218.901,0.08532,1,0,0,0,0,0.007248,0.000172,0.000905,0.000142,0.001211,0.000038,0.000532,0.000130,0.000540,0.000115,0.000645,0.000139,0.000299,0.000166,0.000507,-166.28,-165.12,-120.96,-121.19,-39.72,-125.03,43.05,-22.62,83.45,25.77,168.09,107.58,-76.58,146.95,-1.49,218.2423,4.9707,4.9202,3.7198,14.3992,2.1841,1.1400,0.7080,3.5771,0.5647,5.9799,0.8125,1.8929,0.7223,4.1054
2026-08-06 10:53:07.569,22.500000,64,0,0.007489,-1.5270,165.74,0,0,0,60.0346,218.913,0.08535,1,0,0,0,0,0.007177,0.000116,0.000839,0.000134,0.001240,0.000019,0.000607,0.000128,0.000562,0.000057,0.000693,0.000060,0.000397,0.000040,0.000595,-165.74,-157.08,-122.81,-137.99,-40.44,40.50,48.14,114.03,96.64,138.44,179.49,113.85,-71.39,-51.16,-4.28,218.2540,4.9495,4.8989,3.7254,14.4056,2.1897,1.1319,0.7139,3.5990,0.6062,6.0298,0.8222,1.8835,0.6629,4.0766
2026-08-06 10:53:07.569,22.516667,64,1,0.007553,-1.5374,166.03,0,0,0,60.0346,218.913,0.08535,1,0,0,0,0,0.007218,0.000260,0.000926,0.000163,0.001262,0.000025,0.000658,0.000074,0.000671,0.000105,0.000820,0.000104,0.000369,0.000099,0.000592,-166.03,-170.65,-120.84,-123.18,-36.73,-43.05,52.35,17.68,100.07,82.39,170.66,152.43,-94.04,141.09,-5.20,218.2540,4.9495,4.8989,3.7254,14.4056,2.1897,1.1319,0.7139,3.5990,0.6062,6.0298,0.8222,1.8835,0.6629,4.0766
2026-08-06 10:53:07.569,22.533333,64,2,0.007735,-1.5726,165.41,0,0,0,60.0346,218.913,0.08535,1,0,0,0,0,0.007436,0.000290,0.000958,0.000142,0.001212,0.000253,0.000488,0.000198,0.000418,0.000178,0.000625,0.000264,0.000192,0.000210,0.000439,-165.41,-140.15,-100.95,-2.66,-29.21,96.38,60.77,-153.70,105.02,-55.44,177.58,59.25,-84.08,152.78,-10.23,218.2540,4.9495,4.8989,3.7254,14.4056,2.1897,1.1319,0.7139,3.5990,0.6062,6.0298,0.8222,1.8835,0.6629,4.0766
2026-08-06 10:53:07.569,22.550000,64,3,0.007402,-1.4721,171.09,0,0,0,60.0346,218.913,0.08535,1,0,0,0,0,0.006805,0.000663,0.001545,0.000442,0.001613,0.000330,0.000787,0.000208,0.000616,0.000227,0.000587,0.000280,0.000041,0.000252,0.000484,-171.09,-49.95,-130.22,113.37,-30.23,-127.31,70.85,19.02,102.92,120.92,-177.22,-143.04,-49.30,-30.53,-39.23,218.2540,4.9495,4.8989,3.7254,14.4056,2.1897,1.1319,0.7139,3.5990,0.6062,6.0298,0.8222,1.8835,0.6629,4.0766
2026-08-06 10:53:07.569,22.566667,64,4,0.007562,-1.5465,166.15,0,0,0,60.0346,218.913,0.08535,1,0,0,0,0,0.007250,0.000250,0.000857,0.000096,0.001204,0.000080,0.000633,0.000144,0.000653,0.000113,0.000797,0.000037,0.000339,0.000039,0.000640,-166.15,-135.95,-118.63,-139.80,-40.56,32.94,47.68,-40.39,85.43,94.99,172.48,124.70,-83.39,-122.38,0.90,218.2540,4.9495,4.8989,3.7254,14.4056,2.1897,1.1319,0.7139,3.5990,0.6062,6.0298,0.8222,1.8835,0.6629,4.0766
2026-08-06 10:53:07.569,22.583333,64,5,0.007456,-1.5224,166.51,0,0,0,60.0346,218.913,0.08535,1,0,0,0,0,0.007129,0.000220,0.000936,0.000112,0.001181,0.000044,0.000663,0.000031,0.000645,0.000006,0.000772,0.000101,0.000451,0.000037,0.000620,-166.51,-158.22,-117.13,-95.29,-38.48,-152.87,44.18,142.72,97.57,-18.62,178.71,89.62,-73.31,114.01,-2.92,218.2540,4.9495,4.8989,3.7254,14.4056,2.1897,1.1319,0.7139,3.5990,0.6062,6.0298,0.8222,1.8835,0.6629,4.0766
2026-08-06 10:53:07.569,22.600000,64,6,0.007520,-1.5340,166.73,0,0,0,60.0346,218.913,0.08535,1,0,0,0,0,0.007182,0.000201,0.000920,0.000050,0.001225,0.000024,0.000671,0.000115,0.000673,0.000085,0.000739,0.000112,0.000485,0.000073,0.000526,-166.73,-177.17,-115.47,-137.40,-37.16,173.06,46.39,122.11,90.80,142.54,-176.15,111.58,-91.82,69.43,-5.28,218.2540,4.9495,4.8989,3.7254,14.4056,2.1897,1.1319,0.7139,3.5990,0.6062,6.0298,0.8222,1.8835,0.6629,4.0766
2026-08-06 10:53:07.569,22.616667,64,7,0.007591,-1.5498,166.36,0,0,0,60.0346,218.913,0.08535,1,0,0,0,0,0.007264,0.000237,0.000947,0.000161,0.001219,0.000041,0.000662,0.000103,0.000686,0.000053,0.000755,0.000045,0.000354,0.000032,0.000684,-166.36,-167.75,-118.98,-122.80,-38.09,-62.09,47.05,-5.57,94.25,38.21,175.63,128.63,-84.48,169.83,-3.02,218.2540,4.9495,4.8989,3.7254,14.4056,2.1897,1.1319,0.7139,3.5990,0.6062,6.0298,0.8222,1.8835,0.6629,4.0766
2026-08-06 10:53:07.569,22.633333,64,8,0.007453,-1.5208,166.12,0,0,0,60.0346,218.913,0.08535,1,0,0,0,0,0.007141,0.000183,0.000926,0.000119,0.001190,0.000042,0.000626,0.000037,0.000642,0.000070,0.000756,0.000055,0.000395,0.000079,0.000598,-166.12,-157.58,-118.44,-107.86,-36.48,-158.34,51.36,120.40,96.91,151.86,174.33,-163.12,-73.30,-106.95,-4.94,218.2540,4.9495,4.8989,3.7254,14.4056,2.1897,1.1319,0.7139,3.5990,0.6062,6.0298,0.8222,1.8835,0.6629,4.0766
2026-08-06 10:53:07.569,22.650000,64,9,0.007551,-1.5392,165.96,0,0,0,60.0346,218.913,0.08535,1,0,0,0,0,0.007224,0.000327,0.000840,0.000200,0.001234,0.000049,0.000737,0.000142,0.000734,0.000078,0.000669,0.000071,0.000272,0.000037,0.000675,-165.96,-167.31,-117.78,-88.89,-39.47,70.45,41.33,-30.12,102.32,90.72,173.37,-136.92,-98.34,29.84,-4.32,218.2540,4.9495,4.8989,3.7254,14.4056,2.1897,1.1319,0.7139,3.5990,0.6062,6.0298,0.8222,1.8835,0.6629,4.0766
2026-08-06 10:53:07.569,22.666667,64,10,0.007512,-1.5298,166.45,0,0,0,60.0346,218.913,0.08535,1,0,0,0,0,0.007166,0.000232,0.000975,0.000185,0.001237,0.000071,0.000723,0.000029,0.000667,0.000034,0.000792,0.000072,0.000384,0.000075,0.000630,-166.45,165.16,-122.44,-114.14,-37.08,-47.77,43.36,41.02,99.84,-132.70,-179.98,17.88,-64.44,88.43,-3.34,218.2540,4.9495,4.8989,3.7254,14.4056,2.1897,1.1319,0.7139,3.5990,0.6062,6.0298,0.8222,1.8835,0.6629,4.0766
2026-08-06 10:53:07.569,22.683333,64,11,0.007514,-1.5274,165.98,0,0,0,60.0346,218.913,0.08535,1,0,0,0,0,0.007175,0.000172,0.000987,0.000141,0.001263,0.000048,0.000647,0.000115,0.000647,0.000021,0.000808,0.000014,0.000446,0.000106,0.000584,-165.98,-162.22,-116.72,-115.05,-36.65,-138.56,50.82,90.45,94.25,142.29,175.01,118.49,-78.76,157.55,-0.08,218.2540,4.9495,4.8989,3.7254,14.4056,2.1897,1.1319,0.7139,3.5990,0.6062,6.0298,0.8222,1.8835,0.6629,4.0766
2026-08-06 10:53:07.569,22.700000,64,12,0.007525,-1.5370,166.32,0,0,0,60.0346,218.913,0.08535,1,0,0,0,0,0.007207,0.000180,0.000873,0.000071,0.001231,0.000094,0.000644,0.000082,0.000629,0.000080,0.000722,0.000041,0.000394,0.000065,0.000629,-166.32,-174.24,-121.59,-73.79,-39.33,93.30,50.23,40.87,98.18,91.64,176.10,164.01,-81.76,128.09,-3.99,218.2540,4.9495,4.8989,3.7254,14.4056,2.1897,1.1319,0.7139,3.5990,0.6062,6.0298,0.8222,1.8835,0.6629,4.0766
2026-08-06 10:53:07.569,22.716667,64,13,0.007541,-1.5368,166.20,0,0,0,60.0346,218.913,0.08535,1,0,0,0,0,0.007213,0.000176,0.000938,0.000097,0.001214,0.000027,0.000632,0.000030,0.000687,0.000028,0.000808,0.000047,0.000415,0.000027,0.000627,-166.20,-162.67,-116.67,-117.69,-35.38,-123.03,53.17,92.57,97.94,-10.25,174.83,63.27,-79.97,129.76,-1.21,218.2540,4.9495,4.8989,3.7254,14.4056,2.1897,1.1319,0.7139,3.5990,0.6062,6.0298,0.8222,1.8835,0.6629,4.0766
2026-08-06 10:53:07.569,22.733333,64,14,0.007530,-1.5356,166.07,0,0,0,60.0346,218.913,0.08535,1,0,0,0,0,0.007212,0.000203,0.000944,0.000089,0.001262,0.000017,0.000624,0.000113,0.000620,0.000107,0.000731,0.000128,0.000418,0.000084,0.000596,-166.07,-158.30,-117.70,-115.81,-37.78,24.66,47.51,48.97,94.20,86.18,169.93,165.28,-84.70,168.54,-4.17,218.2540,4.9495,4.8989,3.7254,14.4056,2.1897,1.1319,0.7139,3.5990,0.6062,6.0298,0.8222,1.8835,0.6629,4.0766
2026-08-06 10:53:07.569,22.750000,64,15,0.007608,-1.5482,166.13,0,0,0,60.0346,218.913,0.08535,1,0,0,0,0,0.007261,0.000176,0.000954,0.000116,0.001287,0.000127,0.000544,0.000077,0.000644,0.000081,0.000779,0.000053,0.000247,0.000183,0.000748,-166.13,-175.62,-121.64,-127.63,-37.76,-52.75,59.26,79.00,90.64,-1.61,178.90,149.64,-97.78,61.15,-11.96,218.2540,4.9495,4.8989,3.7254,14.4056,2.1897,1.1319,0.7139,3.5990,0.6062,6.0298,0.8222,1.8835,0.6629,4.0766
2026-08-06 10:53:07.569,22.766667,64,16,0.007495,-1.5242,165.82,0,0,0,60.0346,218.913,0.08535,1,0,0,0,0,0.007167,0.000122,0.000907,0.000087,0.001185,0.000080,0.000657,0.000137,0.000737,0.000077,0.000809,0.000065,0.000403,0.000102,0.000579,-165.82,-179.29,-115.94,-99.46,-36.54,83.35,50.77,86.62,96.90,121.87,173.54,163.08,-88.50,-172.66,-5.51,218.2540,4.9495,4.8989,3.7254,14.4056,2.1897,1.1319,0.7139,3.5990,0.6062,6.0298,0.8222,1.8835,0.6629,4.0766
2026-08-06 10:53:07.569,22.783333,64,17,0.007585,-1.5416,165.73,0,0,0,60.0346,218.913,0.08535,1,0,0,0,0,0.007242,0.000233,0.000916,0.000068,0.001329,0.000046,0.000588,0.000057,0.000655,0.000052,0.000817,0.000202,0.000354,0.000077,0.000582,-165.73,-156.86,-119.02,-126.86,-38.21,-159.54,45.73,48.70,86.38,13.29,175.08,147.75,-59.76,-60.10,-9.83,218.2540,4.9495,4.8989,3.7254,14.4056,2.1897,1.1319,0.7139,3.5990,0.6062,6.0298,0.8222,1.8835,0.6629,4.0766
2026-08-06 10:53:07.569,22.800000,64,18,0.007462,-1.5240,166.19,0,0,0,60.0346,218.913,0.08535,1,0,0,0,0,0.007146,0.000203,0.000876,0.000108,0.001183,0.000026,0.000588,0.000028,0.000671,0.000047,0.000810,0.000049,0.000381,0.000014,0.000603,-166.19,-167.74,-120.48,-111.09,-37.93,-67.16,46.39,79.93,96.96,41.97,174.14,138.82,-81.45,150.13,-8.88,218.2540,4.9495,4.8989,3.7254,14.4056,2.1897,1.1319,0.7139,3.5990,0.6062,6.0298,0.8222,1.8835,0.6629,4.0766
2026-08-06 10:53:07.569,22.816667,64,19,0.007523,-1.5311,165.82,0,0,0,60.0346,218.913,0.08535,1,0,0,0,0,0.007197,0.000196,0.000876,0.000140,0.001272,0.000039,0.000633,0.000014,0.000656,0.000016,0.000794,0.000098,0.000444,0.000064,0.000621,-165.82,-158.56,-115.27,-102.77,-38.15,154.84,44.31,-50.70,95.68,-30.80,179.28,-168.81,-77.38,135.51,-2.58,218.2540,4.9495,4.8989,3.7254,14.4056,2.1897,1.1319,0.7139,3.5990,0.6062,6.0298,0.8222,1.8835,0.6629,4.0766
2026-08-06 10:53:07.569,22.833333,64,20,0.007533,-1.5379,166.41,0,0,0,60.0346,218.913,0.08535,1,0,0,0,0,0.007207,0.000222,0.000912,0.000106,0.001254,0.000023,0.000632,0.000019,0.000616,0.000075,0.000783,0.000043,0.000421,0.000033,0.000619,-166.41,177.06,-117.95,-135.89,-38.98,-102.36,48.05,-103.24,94.69,87.44,179.20,108.53,-78.98,23.19,-7.02,218.2540,4.9495,4.8989,3.7254,14.4056,2.1897,1.1319,0.7139,3.5990,0.6062,6.0298,0.8222,1.8835,0.6629,4.0766
2026-08-06 10:53:07.569,22.850000,64,21,0.007446,-1.5250,166.23,0,0,0,60.0346,218.913,0.08535,1,0,0,0,0,0.007160,0.000225,0.000883,0.000128,0.001206,0.000112,0.000545,0.000160,0.000473,0.000241,0.000639,0.000178,0.000299,0.000226,0.000464,-166.23,-163.58,-118.46,-112.45,-36.34,-12.19,56.28,65.56,98.24,119.02,177.87,-168.87,-65.89,-79.28,1.58,218.2540,4.9495,4.8989,3.7254,14.4056,2.1897,1.1319,0.7139,3.5990,0.6062,6.0298,0.8222,1.8835,0.6629,4.0766
2026-08-06 10:53:07.569,22.866667,64,22,0.007554,-1.5363,165.98,0,0,0,60.0346,218.913,0.08535,1,0,0,0,0,0.007215,0.000185,0.000972,0.000149,0.001297,0.000020,0.000659,0.000050,0.000588,0.000049,0.000736,0.000093,0.000360,0.000053,0.000592,-165.98,177.66,-118.99,-115.73,-36.99,-45.28,50.84,43.69,94.12,70.11,172.40,121.61,-88.39,138.27,-4.97,218.2540,4.9495,4.8989,3.7254,14.4056,2.1897,1.1319,0.7139,3.5990,0.6062,6.0298,0.8222,1.8835,0.6629,4.0766
2026-08-06 10:53:07.569,22.883333,64,23,0.007497,-1.5257,165.82,0,0,0,60.0346,218.913,0.08535,1,0,0,0,0,0.007171,0.000259,0.000909,0.000153,0.001160,0.000026,0.000696,0.000059,0.000635,0.000098,0.000709,0.000033,0.000373,0.000037,0.000707,-165.82,-168.01,-114.69,-116.82,-38.80,-19.34,46.98,30.06,91.32,8.06,-178.66,107.44,-77.89,98.70,-1.72,218.2540,4.9495,4.8989,3.7254,14.4056,2.1897,1.1319,0.7139,3.5990,0.6062,6.0298,0.8222,1.8835,0.6629,4.0766
2026-08-06 10:53:07.569,22.900000,64,24,0.007524,-1.5399,166.68,0,0,0,60.0346,218.913,0.08535,1,0,0,0,0,0.007214,0.000149,0.000887,0.000044,0.001151,0.000066,0.000694,0.000107,0.000672,0.000054,0.000720,0.000053,0.000383,0.000084,0.000672,-166.68,-165.75,-116.70,-148.57,-35.45,46.71,55.60,74.98,86.50,88.61,169.99,-69.13,-76.68,-122.53,-11.26,218.2540,4.9495,4.8989,3.7254,14.4056,2.1897,1.1319,0.7139,3.5990,0.6062,6.0298,0.8222,1.8835,0.6629,4.0766
2026-08-06 10:53:07.569,22.916667,64,25,0.007577,-1.5445,166.02,0,0,0,60.0346,218.913,0.08535,1,0,0,0,0,0.007244,0.000258,0.000943,0.000123,0.001259,0.000054,0.000640,0.000073,0.000639,0.000059,0.000728,0.000093,0.000353,0.000039,0.000662,-166.02,-167.75,-119.50,-121.97,-40.07,67.25,48.16,15.12,97.74,107.40,176.24,117.75,-84.16,176.45,-0.72,218.2540,4.9495,4.8989,3.7254,14.4056,2.1897,1.1319,0.7139,3.5990,0.6062,6.0298,0.8222,1.8835,0.6629,4.0766
2026-08-06 10:53:07.569,22.933333,64,26,0.007491,-1.5260,165.87,0,0,0,60.0346,218.913,0.08535,1,0,0,0,0,0.007168,0.000166,0.000851,0.000109,0.001200,0.000110,0.000682,0.000067,0.000718,0.000079,0.000775,0.000031,0.000412,0.000020,0.000616,-165.87,176.87,-115.04,-135.51,-38.17,120.70,47.35,125.43,99.29,142.81,175.40,144.54,-76.30,-59.63,-10.54,218.2540,4.9495,4.8989,3.7254,14.4056,2.1897,1.1319,0.7139,3.5990,0.6062,6.0298,0.8222,1.8835,0.6629,4.0766
2026-08-06 10:53:07.569,22.950000,64,27,0.007516,-1.5288,165.25,0,0,0,60.0346,218.913,0.08535,1,0,0,0,0,0.007196,0.000175,0.000941,0.000159,0.001231,0.000061,0.000537,0.000082,0.000642,0.000127,0.000757,0.000068,0.000372,0.000158,0.000500,-165.25,-170.24,-117.09,-121.13,-42.69,134.82,49.35,15.62,102.50,45.18,178.43,54.41,-81.29,26.64,-0.70,218.2540,4.9495,4.8989,3.7254,14.4056,2.1897,1.1319,0.7139,3.5990,0.6062,6.0298,0.8222,1.8835,0.6629,4.0766
2026-08-06 10:53:07.569,22.966667,64,28,0.007620,-1.5558,165.88,0,0,0,60.0346,218.913,0.08535,1,0,0,0,0,0.007306,0.000205,0.000893,0.000127,0.001204,0.000043,0.000675,0.000043,0.000664,0.000006,0.000749,0.000044,0.000347,0.000013,0.000626,-165.88,-164.17,-119.02,-119.68,-38.23,122.18,51.04,-79.49,102.84,-77.94,174.15,131.00,-73.48,54.12,-5.23,218.2540,4.9495,4.8989,3.7254,14.4056,2.1897,1.1319,0.7139,3.5990,0.6062,6.0298,0.8222,1.8835,0.6629,4.0766
2026-08-06 10:53:07.569,22.983333,64,29,0.007575,-1.5460,165.99,0,0,0,60.0346,218.913,0.08535,1,0,0,0,0,0.007259,0.000241,0.000856,0.000144,0.001195,0.000135,0.000682,0.000018,0.000751,0.000032,0.000724,0.000112,0.000354,0.000030,0.000575,-165.99,179.50,-116.07,-86.46,-39.11,97.07,44.34,108.56,100.13,26.48,177.50,177.34,-82.97,-138.32,-9.66,218.2540,4.9495,4.8989,3.7254,14.4056,2.1897,1.1319,0.7139,3.5990,0.6062,6.0298,0.8222,1.8835,0.6629,4.0766
2026-08-06 10:53:07.787,23.000000,65,0,0.007574,-1.5475,166.60,0,0,0,60.0307,218.908,0.08551,1,0,0,0,0,0.007241,0.000243,0.000867,0.000112,0.001184,0.000046,0.000690,0.000102,0.000739,0.000013,0.000785,0.000041,0.000305,0.000082,0.000711,-166.60,-162.30,-121.86,-103.43,-38.90,33.99,53.77,-70.60,95.19,53.91,172.08,153.68,-95.32,-113.06,0.53,218.2466,4.9698,4.9204,3.7187,14.4352,2.1993,1.0933,0.7268,3.5839,0.5642,6.0354,0.8005,1.8890,0.7237,4.0847
2026-08-06 10:53:07.787,23.016667,65,1,0.007536,-1.5380,166.18,0,0,0,60.0307,218.908,0.08551,1,0,0,0,0,0.007219,0.000226,0.000900,0.000123,0.001206,0.000066,0.000647,0.000017,0.000643,0.000027,0.000762,0.000050,0.000367,0.000014,0.000562,-166.18,-179.50,-117.30,-108.68,-36.76,42.83,47.12,168.12,95.48,29.14,178.37,130.75,-73.78,-96.71,-6.45,218.2466,4.9698,4.9204,3.7187,14.4352,2.1993,1.0933,0.7268,3.5839,0.5642,6.0354,0.8005,1.8890,0.7237,4.0847
2026-08-06 10:53:07.787,23.033333,65,2,0.007552,-1.5334,165.18,0,0,0,60.0307,218.908,0.08551,1,0,0,0,0,0.007228,0.000169,0.000867,0.000137,0.001166,0.000062,0.000663,0.000048,0.000739,0.000073,0.000678,0.000140,0.000429,0.000087,0.000755,-165.18,-159.38,-117.64,-106.77,-34.80,-126.06,51.08,-56.02,90.17,169.58,175.09,140.24,-92.18,-146.58,-13.17,218.2466,4.9698,4.9204,3.7187,14.4352,2.1993,1.0933,0.7268,3.5839,0.5642,6.0354,0.8005,1.8890,0.7237,4.0847
2026-08-06 10:53:07.787,23.050000,65,3,0.007594,-1.5456,165.85,0,0,0,60.0307,218.908,0.08551,1,0,0,0,0,0.007263,0.000301,0.000893,0.000138,0.001263,0.000099,0.000672,0.000011,0.000565,0.000068,0.000767,0.000053,0.000395,0.000121,0.000615,-165.85,-171.42,-116.64,-107.94,-38.48,61.95,49.66,-121.13,103.76,113.55,-179.64,83.28,-75.33,77.65,1.19,218.2466,4.9698,4.9204,3.7187,14.4352,2.1993,1.0933,0.7268,3.5839,0.5642,6.0354,0.8005,1.8890,0.7237,4.0847
2026-08-06 10:53:07.787,23.066667,65,4,0.007494,-1.5290,166.11,0,0,0,60.0307,218.908,0.08551,1,0,0,0,0,0.007175,0.000153,0.000900,0.000089,0.001228,0.000079,0.000623,0.000121,0.000700,0.000090,0.000768,0.000014,0.000428,0.000024,0.000610,-166.11,-171.38,-113.32,-147.80,-37.64,108.48,47.53,109.63,97.18,175.16,172.54,-159.11,-85.72,-170.91,-9.16,218.2466,4.9698,4.9204,3.7187,14.4352,2.1993,1.0933,0.7268,3.5839,0.5642,6.0354,0.8005,1.8890,0.7237,4.0847
2026-08-06 10:53:07.787,23.083333,65,5,0.007699,-1.5682,165.96,0,0,0,60.0307,218.908,0.08551,1,0,0,0,0,0.007363,0.000170,0.001041,0.000091,0.001307,0.000054,0.000665,0.000024,0.000744,0.000042,0.000715,0.000112,0.000327,0.000049,0.000548,-165.96,-175.05,-117.86,-150.37,-40.74,130.27,38.40,123.77,89.11,-95.15,164.77,179.80,-86.16,-140.98,-2.70,218.2466,4.9698,4.9204,3.7187,14.4352,2.1993,1.0933,0.7268,3.5839,0.5642,6.0354,0.8005,1.8890,0.7237,4.0847
2026-08-06 10:53:07.787,23.100000,65,6,0.007507,-1.5310,166.34,0,0,0,60.0307,218.908,0.08551,1,0,0,0,0,0.007180,0.000166,0.000932,0.000115,0.001219,0.000046,0.000635,0.000019,0.000665,0.000031,0.000794,0.000044,0.000380,0.000015,0.000576,-166.34,167.97,-117.29,-130.28,-37.32,-174.23,46.38,178.03,98.20,-21.69,176.80,111.35,-73.23,-59.89,-7.74,218.2466,4.9698,4.9204,3.7187,14.4352,2.1993,1.0933,0.7268,3.5839,0.5642,6.0354,0.8005,1.8890,0.7237,4.0847
2026-08-06 10:53:07.787,23.116667,65,7,0.007528,-1.5285,166.01,0,0,0,60.0307,218.908,0.08551,1,0,0,0,0,0.007186,0.000242,0.000978,0.000124,0.001298,0.000135,0.000484,0.000150,0.000770,0.000162,0.000648,0.000092,0.000451,0.000179,0.000574,-166.01,-149.89,-120.08,-159.13,-34.63,2.16,38.98,145.29,97.37,64.95,179.92,-139.49,-94.75,134.79,-1.57,218.2466,4.9698,4.9204,3.7187,14.4352,2.1993,1.0933,0.7268,3.5839,0.5642,6.0354,0.8005,1.8890,0.7237,4.0847
2026-08-06 10:53:07.787,23.133333,65,8,0.007567,-1.5422,166.13,0,0,0,60.0307,218.908,0.08551,1,0,0,0,0,0.007231,0.000192,0.000981,0.000156,0.001282,0.000038,0.000615,0.000034,0.000622,0.000141,0.000704,0.000120,0.000334,0.000064,0.000702,-166.13,-172.68,-117.52,-96.48,-43.93,110.44,45.80,91.25,100.38,110.85,175.14,95.71,-79.40,109.08,-4.58,218.2466,4.9698,4.9204,3.7187,14.4352,2.1993,1.0933,0.7268,3.5839,0.5642,6.0354,0.8005,1.8890,0.7237,4.0847
2026-08-06 10:53:07.787,23.150000,65,9,0.007506,-1.5408,166.31,0,0,0,60.0307,218.908,0.08551,1,0,0,0,0,0.007224,0.000276,0.000831,0.000093,0.001189,0.000085,0.000572,0.000051,0.000658,0.000076,0.000622,0.000049,0.000302,0.000079,0.000546,-166.31,-165.59,-116.99,-142.38,-39.39,146.88,48.32,-121.78,100.13,-41.74,170.21,118.50,-73.87,126.54,-5.05,218.2466,4.9698,4.9204,3.7187,14.4352,2.1993,1.0933,0.7268,3.5839,0.5642,6.0354,0.8005,1.8890,0.7237,4.0847
2026-08-06 10:53:07.787,23.166667,65,10,0.007498,-1.5255,165.53,0,0,0,60.0307,218.908,0.08551,1,0,0,0,0,0.007174,0.000259,0.000875,0.000171,0.001247,0.000042,0.000651,0.000078,0.000663,0.000099,0.000673,0.000069,0.000361,0.000036,0.000592,-165.53,-170.68,-117.75,-110.94,-38.75,105.46,46.78,37.28,97.10,98.51,174.78,161.40,-78.22,-179.13,-1.74,218.2466,4.9698,4.9204,3.7187,14.4352,2.1993,1.0933,0.7268,3.5839,0.5642,6.0354,0.8005,1.8890,0.7237,4.0847
2026-08-06 10:53:07.787,23.183333,65,11,0.007530,-1.5393,166.63,0,0,0,60.0307,218.908,0.08551,1,0,0,0,0,0.007210,0.000228,0.000840,0.000157,0.001238,0.000061,0.000654,0.000084,0.000605,0.000114,0.000777,0.000028,0.000283,0.000014,0.000692,-166.63,-161.70,-119.98,-121.15,-35.51,124.12,43.91,99.09,105.86,55.65,177.79,35.06,-74.35,-104.86,-5.23,218.2466,4.9698,4.9204,3.7187,14.4352,2.1993,1.0933,0.7268,3.5839,0.5642,6.0354,0.8005,1.8890,0.7237,4.0847
2026-08-06 10:53:07.787,23.200000,65,12,0.007523,-1.5341,166.15,0,0,0,60.0307,218.908,0.08551,1,0,0,0,0,0.007196,0.000225,0.000917,0.000108,0.001208,0.000100,0.000657,0.000132,0.000684,0.000028,0.000732,0.000012,0.000424,0.000124,0.000662,-166.15,-164.13,-117.33,-124.19,-38.36,96.70,51.42,81.05,97.66,132.12,171.90,-161.34,-80.40,159.08,-8.36,218.2466,4.9698,4.9204,3.7187,14.4352,2.1993,1.0933,0.7268,3.5839,0.5642,6.0354,0.8005,1.8890,0.7237,4.0847
2026-08-06 10:53:07.787,23.216667,65,13,0.007474,-1.5212,165.65,0,0,0,60.0307,218.908,0.08551,1,0,0,0,0,0.007133,0.000233,0.000937,0.000202,0.001266,0.000088,0.000605,0.000105,0.000697,0.000122,0.000733,0.000120,0.000353,0.000055,0.000687,-165.65,-156.65,-116.32,-107.49,-44.07,-140.17,58.74,126.56,95.83,95.82,166.42,90.38,-62.78,9.90,-12.00,218.2466,4.9698,4.9204,3.7187,14.4352,2.1993,1.0933,0.7268,3.5839,0.5642,6.0354,0.8005,1.8890,0.7237,4.0847
2026-08-06 10:53:07.787,23.233333,65,14,0.007515,-1.5357,166.36,0,0,0,60.0307,218.908,0.08551,1,0,0,0,0,0.007200,0.000200,0.000882,0.000089,0.001206,0.000007,0.000643,0.000025,0.000702,0.000023,0.000731,0.000079,0.000320,0.000016,0.000618,-166.36,174.31,-116.50,-112.22,-37.84,50.03,48.02,-173.85,100.67,19.50,175.09,121.16,-79.56,-118.93,-2.25,218.2466,4.9698,4.9204,3.7187,14.4352,2.1993,1.0933,0.7268,3.5839,0.5642,6.0354,0.8005,1.8890,0.7237,4.0847
2026-08-06 10:53:07.787,23.250000,65,15,0.007576,-1.5468,166.11,0,0,0,60.0307,218.908,0.08551,1,0,0,0,0,0.007264,0.000170,0.000862,0.000122,0.001269,0.000040,0.000553,0.000068,0.000663,0.000066,0.000714,0.000107,0.000416,0.000080,0.000595,-166.11,179.65,-118.39,-84.22,-39.33,40.84,45.02,57.84,100.95,81.69,172.82,169.03,-78.06,163.97,-4.50,218.2466,4.9698,4.9204,3.7187,14.4352,2.1993,1.0933,0.7268,3.5839,0.5642,6.0354,0.8005,1.8890,0.7237,4.0847
2026-08-06 10:53:07.787,23.266667,65,16,0.007532,-1.5346,165.88,0,0,0,60.0307,218.908,0.08551,1,0,0,0,0,0.007207,0.000275,0.000900,0.000197,0.001252,0.000082,0.000679,0.000041,0.000550,0.000216,0.000646,0.000126,0.000371,0.000091,0.000558,-165.88,-167.02,-114.90,-160.12,-38.67,-132.73,44.48,28.20,97.33,126.93,-173.99,133.90,-67.35,69.70,-11.67,218.2466,4.9698,4.9204,3.7187,14.4352,2.1993,1.0933,0.7268,3.5839,0.5642,6.0354,0.8005,1.8890,0.7237,4.0847
2026-08-06 10:53:07.787,23.283333,65,17,0.007454,-1.5167,166.49,0,0,0,60.0307,218.908,0.08551,1,0,0,0,0,0.007106,0.000191,0.000952,0.000194,0.001298,0.000095,0.000676,0.000180,0.000703,0.000057,0.000692,0.000024,0.000443,0.000116,0.000563,-166.49,-176.21,-116.45,-104.45,-39.72,43.45,46.58,101.40,103.39,-136.05,178.55,93.68,-78.45,150.10,-15.28,218.2466,4.9698,4.9204,3.7187,14.4352,2.1993,1.0933,0.7268,3.5839,0.5642,6.0354,0.8005,1.8890,0.7237,4.0847
2026-08-06 10:53:07.787,23.300000,65,18,0.007607,-1.5497,165.79,0,0,0,60.0307,218.908,0.08551,1,0,0,0,0,0.007273,0.000194,0.000971,0.000121,0.001283,0.000049,0.000673,0.000026,0.000681,0.000092,0.000721,0.000081,0.000267,0.000057,0.000567,-165.79,-173.16,-118.67,-112.82,-43.75,75.03,39.66,-105.76,90.65,146.60,165.68,-168.83,-85.99,-97.97,1.27,218.2466,4.9698,4.9204,3.7187,14.4352,2.1993,1.0933,0.7268,3.5839,0.5642,6.0354,0.8005,1.8890,0.7237,4.0847
2026-08-06 10:53:07.787,23.316667,65,19,0.007479,-1.5241,165.81,0,0,0,60.0307,218.908,0.08551,1,0,0,0,0,0.007161,0.000214,0.000887,0.000151,0.001183,0.000035,0.000640,0.000017,0.000680,0.000048,0.000760,0.000079,0.000376,0.000051,0.000571,-165.81,-174.11,-115.37,-128.81,-37.90,104.87,48.25,-101.37,99.95,-8.03,178.11,86.18,-74.80,130.54,-6.18,218.2466,4.9698,4.9204,3.7187,14.4352,2.1993,1.0933,0.7268,3.5839,0.5642,6.0354,0.8005,1.8890,0.7237,4.0847
2026-08-06 10:53:07.787,23.333333,65,20,0.007601,-1.5512,165.91,0,0,0,60.0307,218.908,0.08551,1,0,0,0,0,0.007282,0.000238,0.000929,0.000089,0.001244,0.000044,0.000653,0.000114,0.000707,0.000034,0.000662,0.000048,0.000376,0.000110,0.000603,-165.91,-155.76,-117.84,-111.44,-40.89,112.94,48.80,46.13,93.84,131.78,169.52,-156.40,-81.67,156.54,0.01,218.2466,4.9698,4.9204,3.7187,14.4352,2.1993,1.0933,0.7268,3.5839,0.5642,6.0354,0.8005,1.8890,0.7237,4.0847
2026-08-06 10:53:07.787,23.350000,65,21,0.007573,-1.5440,166.20,0,0,0,60.0307,218.908,0.08551,1,0,0,0,0,0.007244,0.000232,0.000869,0.000089,0.001247,0.000043,0.000666,0.000028,0.000680,0.000032,0.000751,0.000054,0.000368,0.000066,0.000722,-166.20,176.84,-117.34,-133.10,-37.56,48.77,50.76,-33.20,98.64,131.97,175.07,133.57,-84.94,-178.87,-5.43,218.2466,4.9698,4.9204,3.7187,14.4352,2.1993,1.0933,0.7268,3.5839,0.5642,6.0354,0.8005,1.8890,0.7237,4.0847
2026-08-06 10:53:07.787,23.366667,65,22,0.007497,-1.5274,165.86,0,0,0,60.0307,218.908,0.08551,1,0,0,0,0,0.007175,0.000175,0.000979,0.000139,0.001096,0.000091,0.000718,0.000112,0.000707,0.000057,0.000723,0.000085,0.000444,0.000166,0.000569,-165.86,-162.36,-116.48,-125.26,-39.29,139.28,56.74,77.71,94.45,-35.89,179.86,-105.60,-88.58,-140.95,1.84,218.2466,4.9698,4.9204,3.7187,14.4352,2.1993,1.0933,0.7268,3.5839,0.5642,6.0354,0.8005,1.8890,0.7237,4.0847
2026-08-06 10:53:07.787,23.383333,65,23,0.007476,-1.5218,166.75,0,0,0,60.0307,218.908,0.08551,1,0,0,0,0,0.007111,0.000233,0.000949,0.000226,0.001319,0.000081,0.000708,0.000129,0.000754,0.000091,0.000772,0.000072,0.000401,0.000073,0.000599,-166.75,-155.60,-118.80,-128.89,-41.57,-60.42,45.32,34.70,97.19,147.35,173.89,157.86,-72.04,120.13,3.04,218.2466,4.9698,4.9204,3.7187,14.4352,2.1993,1.0933,0.7268,3.5839,0.5642,6.0354,0.8005,1.8890,0.7237,4.0847
2026-08-06 10:53:07.787,23.400000,65,24,0.007590,-1.5506,166.31,0,0,0,60.0307,218.908,0.08551,1,0,0,0,0,0.007265,0.000254,0.000905,0.000109,0.001128,0.000107,0.000683,0.000114,0.000818,0.000132,0.000646,0.000153,0.000217,0.000143,0.000691,-166.31,-165.87,-116.11,-129.82,-42.12,-83.33,39.26,50.21,102.44,-135.96,-179.18,42.83,-108.02,-141.74,-13.78,218.2466,4.9698,4.9204,3.7187,14.4352,2.1993,1.0933,0.7268,3.5839,0.5642,6.0354,0.8005,1.8890,0.7237,4.0847
2026-08-06 10:53:07.787,23.416667,65,25,0.007563,-1.5424,166.28,0,0,0,60.0307,218.908,0.08551,1,0,0,0,0,0.007232,0.000205,0.000851,0.000106,0.001288,0.000096,0.000678,0.000063,0.000729,0.000083,0.000769,0.000099,0.000362,0.000146,0.000573,-166.28,179.72,-117.39,-121.55,-38.92,66.61,46.59,70.95,94.89,146.16,172.22,-169.83,-87.36,166.25,-6.47,218.2466,4.9698,4.9204,3.7187,14.4352,2.1993,1.0933,0.7268,3.5839,0.5642,6.0354,0.8005,1.8890,0.7237,4.0847
2026-08-06 10:53:07.787,23.433333,65,26,0.007542,-1.5331,165.22,0,0,0,60.0307,218.908,0.08551,1,0,0,0,0,0.007221,0.000235,0.000891,0.000174,0.001225,0.000043,0.000670,0.000030,0.000650,0.000085,0.000743,0.000099,0.000347,0.000053,0.000624,-165.22,-179.07,-118.14,-120.47,-38.55,47.59,49.75,-71.35,92.72,94.19,172.83,158.18,-82.52,-155.22,-4.17,218.2466,4.9698,4.9204,3.7187,14.4352,2.1993,1.0933,0.7268,3.5839,0.5642,6.0354,0.8005,1.8890,0.7237,4.0847
2026-08-06 10:53:07.787,23.450000,65,27,0.007590,-1.5466,165.80,0,0,0,60.0307,218.908,0.08551,1,0,0,0,0,0.007266,0.000196,0.000959,0.000130,0.001232,0.000033,0.000640,0.000058,0.000716,0.000034,0.000741,0.000092,0.000351,0.000095,0.000583,-165.80,-166.40,-120.12,-108.06,-38.96,-24.53,44.97,111.48,95.72,98.90,173.41,166.68,-81.87,174.86,-7.05,218.2466,4.9698,4.9204,3.7187,14.4352,2.1993,1.0933,0.7268,3.5839,0.5642,6.0354,0.8005,1.8890,0.7237,4.0847
2026-08-06 10:53:07.787,23.466667,65,28,0.007485,-1.5253,165.84,0,0,0,60.0307,218.908,0.08551,1,0,0,0,0,0.007168,0.000213,0.000885,0.000128,0.001241,0.000062,0.000664,0.000144,0.000561,0.000109,0.000721,0.000032,0.000494,0.000172,0.000567,-165.84,-169.99,-117.49,-104.07,-40.23,117.04,49.66,57.53,96.89,142.63,167.33,124.18,-82.28,161.41,6.33,218.2466,4.9698,4.9204,3.7187,14.4352,2.1993,1.0933,0.7268,3.5839,0.5642,6.0354,0.8005,1.8890,0.7237,4.0847
2026-08-06 10:53:07.787,23.483333,65,29,0.007505,-1.5310,165.76,0,0,0,60.0307,218.908,0.08551,1,0,0,0,0,0.007182,0.000263,0.000890,0.000176,0.001213,0.000048,0.000658,0.000033,0.000729,0.000094,0.000736,0.000049,0.000293,0.000020,0.000632,-165.76,-155.63,-115.33,-111.01,-42.84,-174.72,50.87,-175.74,98.39,93.34,168.06,121.78,-72.98,137.42,-2.54,218.2466,4.9698,4.9204,3.7187,14.4352,2.1993,1.0933,0.7268,3.5839,0.5642,6.0354,0.8005,1.8890,0.7237,4.0847
2026-08-06 10:53:08.035,23.500000,66,0,0.007496,-1.5245,165.97,0,0,0,60.0307,218.872,0.08536,1,0,0,0,0,0.007165,0.000139,0.000981,0.000152,0.001248,0.000052,0.000600,0.000011,0.000646,0.000109,0.000696,0.000107,0.000399,0.000122,0.000544,-165.97,-140.80,-112.66,-97.09,-40.29,-87.33,43.14,2.30,98.36,-86.32,174.08,-91.93,-82.92,-140.01,-8.30,218.2136,4.9252,4.9091,3.7140,14.3921,2.1973,1.1610,0.7220,3.6332,0.5967,6.0241,0.7969,1.8776,0.6666,4.1186
2026-08-06 10:53:08.035,23.516667,66,1,0.007593,-1.5442,165.78,0,0,0,60.0307,218.872,0.08536,1,0,0,0,0,0.007252,0.000276,0.000962,0.000141,0.001199,0.000115,0.000703,0.000043,0.000643,0.000043,0.000801,0.000273,0.000232,0.000075,0.000718,-165.78,-157.55,-116.88,-152.81,-37.07,58.09,39.53,-34.96,95.24,-151.41,174.44,145.13,-57.71,39.41,-12.08,218.2136,4.9252,4.9091,3.7140,14.3921,2.1973,1.1610,0.7220,3.6332,0.5967,6.0241,0.7969,1.8776,0.6666,4.1186
2026-08-06 10:53:08.035,23.533333,66,2,0.007560,-1.5380,166.25,0,0,0,60.0307,218.872,0.08536,1,0,0,0,0,0.007212,0.000138,0.000972,0.000201,0.001344,0.000080,0.000545,0.000102,0.000530,0.000052,0.000757,0.000083,0.000356,0.000022,0.000694,-166.25,-158.37,-109.22,-115.29,-43.70,-101.22,50.84,-56.52,100.80,-54.80,-179.93,-84.45,-79.04,-61.67,-6.94,218.2136,4.9252,4.9091,3.7140,14.3921,2.1973,1.1610,0.7220,3.6332,0.5967,6.0241,0.7969,1.8776,0.6666,4.1186
2026-08-06 10:53:08.035,23.550000,66,3,0.008330,-1.6108,163.61,0,0,0,60.0307,218.872,0.08536,1,0,0,0,0,0.007700,0.001120,0.001448,0.000378,0.001767,0.000130,0.000840,0.000246,0.000642,0.000265,0.000406,0.000386,0.000403,0.000565,0.000822,-163.61,-129.62,-90.44,-66.09,-25.01,89.20,42.51,132.62,69.77,119.84,154.90,147.88,-87.01,166.66,-10.39,218.2136,4.9252,4.9091,3.7140,14.3921,2.1973,1.1610,0.7220,3.6332,0.5967,6.0241,0.7969,1.8776,0.6666,4.1186
2026-08-06 10:53:08.035,23.566667,66,4,0.005782,-1.1220,-178.84,0,0,0,60.0307,218.872,0.08536,1,0,0,0,0,0.005051,0.000965,0.000752,0.000161,0.001648,0.000428,0.000552,0.000107,0.000873,0.000192,0.000459,0.000254,0.000349,0.000129,0.000667,178.84,-162.28,-66.94,168.07,-57.65,124.03,68.88,26.88,105.12,68.40,163.44,-144.45,-70.00,150.44,-23.69,218.2136,4.9252,4.9091,3.7140,14.3921,2.1973,1.1610,0.7220,3.6332,0.5967,6.0241,0.7969,1.8776,0.6666,4.1186
2026-08-06 10:53:08.035,23.583333,66,5,0.007427,-1.5123,165.98,0,0,0,60.0307,218.872,0.08536,1,0,0,0,0,0.007101,0.000179,0.000891,0.000129,0.001222,0.000024,0.000631,0.000026,0.000666,0.000054,0.000786,0.000053,0.000360,0.000076,0.000584,-165.98,-161.59,-112.44,-104.38,-40.02,141.01,49.79,168.49,102.64,148.45,178.06,-171.48,-82.72,-128.70,-6.06,218.2136,4.9252,4.9091,3.7140,14.3921,2.1973,1.1610,0.7220,3.6332,0.5967,6.0241,0.7969,1.8776,0.6666,4.1186
2026-08-06 10:53:08.035,23.600000,66,6,0.007535,-1.5309,165.25,0,0,0,60.0307,218.872,0.08536,1,0,0,0,0,0.007211,0.000252,0.000957,0.000211,0.001181,0.000129,0.000728,0.000137,0.000548,0.000010,0.000713,0.000140,0.000369,0.000123,0.000666,-165.25,-163.59,-118.34,-131.94,-40.09,91.97,44.67,19.50,94.25,100.71,178.22,174.26,-79.00,100.91,-0.78,218.2136,4.9252,4.9091,3.7140,14.3921,2.1973,1.1610,0.7220,3.6332,0.5967,6.0241,0.7969,1.8776,0.6666,4.1186
2026-08-06 10:53:08.035,23.616667,66,7,0.007516,-1.5332,166.16,0,0,0,60.0307,218.872,0.08536,1,0,0,0,0,0.007191,0.000210,0.000917,0.000160,0.001216,0.000055,0.000629,0.000007,0.000681,0.000038,0.000736,0.000080,0.000378,0.000060,0.000669,-166.16,-170.53,-115.40,-129.27,-39.94,-158.50,50.85,-90.53,97.47,22.53,177.87,154.33,-76.84,167.81,-4.40,218.2136,4.9252,4.9091,3.7140,14.3921,2.1973,1.1610,0.7220,3.6332,0.5967,6.0241,0.7969,1.8776,0.6666,4.1186
2026-08-06 10:53:08.035,23.633333,66,8,0.007709,-1.5582,165.55,0,0,0,60.0307,218.872,0.08536,1,0,0,0,0,0.007339,0.000297,0.001062,0.000172,0.001232,0.000146,0.000660,0.000155,0.000730,0.000056,0.000744,0.000100,0.000430,0.000120,0.000671,-165.55,-125.86,-107.19,-55.60,-35.44,101.94,59.30,128.96,102.45,-160.94,169.40,-176.31,-90.39,-137.11,-8.28,218.2136,4.9252,4.9091,3.7140,14.3921,2.1973,1.1610,0.7220,3.6332,0.5967,6.0241,0.7969,1.8776,0.6666,4.1186
2026-08-06 10:53:08.035,23.650000,66,9,0.007618,-1.5558,166.45,0,0,0,60.0307,218.872,0.08536,1,0,0,0,0,0.007295,0.000190,0.000856,0.000099,0.001237,0.000098,0.000628,0.000059,0.000619,0.000042,0.000780,0.000011,0.000391,0.000036,0.000605,-166.45,159.28,-124.62,-118.75,-35.77,11.31,48.92,-29.82,96.35,34.71,170.07,159.72,-68.97,127.34,-10.90,218.2136,4.9252,4.9091,3.7140,14.3921,2.1973,1.1610,0.7220,3.6332,0.5967,6.0241,0.7969,1.8776,0.6666,4.1186
2026-08-06 10:53:08.035,23.666667,66,10,0.009662,-1.8224,154.92,0,0,0,60.0307,218.872,0.08536,1,0,0,0,0,0.009197,0.001414,0.000925,0.000633,0.001610,0.000210,0.000552,0.000327,0.000570,0.000255,0.000637,0.000120,0.000595,0.000305,0.000721,-154.92,-77.58,-100.70,-124.07,-54.04,-64.27,45.94,-107.65,98.70,-95.24,-172.82,-123.76,-76.75,-60.48,7.69,218.2136,4.9252,4.9091,3.7140,14.3921,2.1973,1.1610,0.7220,3.6332,0.5967,6.0241,0.7969,1.8776,0.6666,4.1186
2026-08-06 10:53:08.035,23.683333,66,11,0.007539,-1.5636,-170.55,0,0,0,60.0307,218.872,0.08536,1,0,0,0,0,0.007230,0.000060,0.000633,0.000211,0.000648,0.000211,0.000828,0.000250,0.000906,0.000291,0.000947,0.000240,0.000288,0.000259,0.000556,170.55,-78.76,167.15,-38.37,-25.56,51.04,77.48,54.17,107.91,69.44,163.48,80.34,-112.47,67.05,-8.74,218.2136,4.9252,4.9091,3.7140,14.3921,2.1973,1.1610,0.7220,3.6332,0.5967,6.0241,0.7969,1.8776,0.6666,4.1186
2026-08-06 10:53:08.035,23.700000,66,12,0.007670,-1.5650,165.32,0,0,0,60.0307,218.872,0.08536,1,0,0,0,0,0.007367,0.000301,0.000860,0.000192,0.001150,0.000092,0.000613,0.000036,0.000684,0.000061,0.000753,0.000074,0.000370,0.000061,0.000669,-165.32,175.91,-116.51,-106.16,-41.66,56.90,45.45,-80.58,97.34,47.52,176.93,120.98,-80.35,170.75,-1.82,218.2136,4.9252,4.9091,3.7140,14.3921,2.1973,1.1610,0.7220,3.6332,0.5967,6.0241,0.7969,1.8776,0.6666,4.1186
2026-08-06 10:53:08.035,23.716667,66,13,0.007533,-1.5353,165.90,0,0,0,60.0307,218.872,0.08536,1,0,0,0,0,0.007208,0.000205,0.000910,0.000157,0.001223,0.000016,0.000696,0.000057,0.000727,0.000023,0.000718,0.000076,0.000360,0.000066,0.000611,-165.90,-171.10,-115.02,-98.05,-39.66,-141.32,47.41,175.02,99.42,-165.97,171.98,-158.18,-77.83,-177.48,-3.05,218.2136,4.9252,4.9091,3.7140,14.3921,2.1973,1.1610,0.7220,3.6332,0.5967,6.0241,0.7969,1.8776,0.6666,4.1186
2026-08-06 10:53:08.035,23.733333,66,14,0.007448,-1.5076,166.83,0,0,0,60.0307,218.872,0.08536,1,0,0,0,0,0.007052,0.000170,0.001069,0.000105,0.001318,0.000143,0.000560,0.000122,0.000665,0.000052,0.000813,0.000242,0.000258,0.000173,0.000664,-166.83,-149.79,-118.64,108.26,-37.39,-57.44,56.85,84.70,83.17,-138.51,178.69,145.47,-84.44,21.83,-16.87,218.2136,4.9252,4.9091,3.7140,14.3921,2.1973,1.1610,0.7220,3.6332,0.5967,6.0241,0.7969,1.8776,0.6666,4.1186
2026-08-06 10:53:08.035,23.750000,66,15,0.008422,-1.6590,165.67,0,0,0,60.0307,218.872,0.08536,1,0,0,0,0,0.007820,0.001090,0.001460,0.000833,0.001519,0.000550,0.000723,0.000220,0.000632,0.000244,0.000637,0.000240,0.000142,0.000314,0.000389,-165.67,-117.84,-110.39,-58.85,-41.22,24.53,30.83,113.76,69.83,-89.58,157.30,-12.57,-40.34,38.50,-19.55,218.2136,4.9252,4.9091,3.7140,14.3921,2.1973,1.1610,0.7220,3.6332,0.5967,6.0241,0.7969,1.8776,0.6666,4.1186
2026-08-06 10:53:08.035,23.766667,66,16,0.007494,-1.5303,166.77,0,0,0,60.0307,218.872,0.08536,1,0,0,0,0,0.007164,0.000169,0.000913,0.000125,0.001236,0.000024,0.000665,0.000121,0.000673,0.000009,0.000750,0.000085,0.000414,0.000107,0.000604,-166.77,179.88,-115.30,-145.17,-37.26,128.37,51.00,91.36,91.78,-56.39,176.66,-168.68,-77.80,171.40,-0.99,218.2136,4.9252,4.9091,3.7140,14.3921,2.1973,1.1610,0.7220,3.6332,0.5967,6.0241,0.7969,1.8776,0.6666,4.1186
2026-08-06 10:53:08.035,23.783333,66,17,0.007544,-1.5431,166.18,0,0,0,60.0307,218.872,0.08536,1,0,0,0,0,0.007238,0.000215,0.000897,0.000113,0.001171,0.000047,0.000631,0.000018,0.000665,0.000068,0.000706,0.000067,0.000386,0.000074,0.000702,-166.18,-163.02,-114.99,-101.01,-40.63,63.10,51.67,20.33,99.56,90.31,177.72,144.82,-76.81,-126.93,-1.76,218.2136,4.9252,4.9091,3.7140,14.3921,2.1973,1.1610,0.7220,3.6332,0.5967,6.0241,0.7969,1.8776,0.6666,4.1186
2026-08-06 10:53:08.035,23.800000,66,18,0.007547,-1.5436,166.66,0,0,0,60.0307,218.872,0.08536,1,0,0,0,0,0.007224,0.000104,0.000966,0.000080,0.001223,0.000064,0.000569,0.000124,0.000656,0.000071,0.000661,0.000118,0.000467,0.000102,0.000702,-166.66,-163.56,-119.33,-67.71,-43.14,106.19,47.38,92.96,101.77,109.66,-179.19,151.27,-70.87,-169.20,-3.10,218.2136,4.9252,4.9091,3.7140,14.3921,2.1973,1.1610,0.7220,3.6332,0.5967,6.0241,0.7969,1.8776,0.6666,4.1186
2026-08-06 10:53:08.035,23.816667,66,19,0.007464,-1.5244,166.12,0,0,0,60.0307,218.872,0.08536,1,0,0,0,0,0.007150,0.000206,0.000870,0.000126,0.001202,0.000073,0.000600,0.000078,0.000650,0.000070,0.000702,0.000107,0.000397,0.000036,0.000643,-166.12,-172.91,-116.00,-146.71,-38.97,94.06,46.95,87.93,97.73,131.38,174.40,147.72,-73.87,148.65,-5.27,218.2136,4.9252,4.9091,3.7140,14.3921,2.1973,1.1610,0.7220,3.6332,0.5967,6.0241,0.7969,1.8776,0.6666,4.1186
2026-08-06 10:53:08.035,23.833333,66,20,0.007554,-1.5413,165.94,0,0,0,60.0307,218.872,0.08536,1,0,0,0,0,0.007237,0.000217,0.000898,0.000157,0.001219,0.000049,0.000664,0.000073,0.000635,0.000094,0.000730,0.000042,0.000326,0.000028,0.000609,-165.94,-172.43,-117.65,-122.08,-38.72,11.31,51.06,-42.85,95.95,65.18,175.87,102.22,-78.19,39.12,-2.52,218.2136,4.9252,4.9091,3.7140,14.3921,2.1973,1.1610,0.7220,3.6332,0.5967,6.0241,0.7969,1.8776,0.6666,4.1186
2026-08-06 10:53:08.035,23.850000,66,21,0.007560,-1.5447,166.30,0,0,0,60.0307,218.872,0.08536,1,0,0,0,0,0.007242,0.000203,0.000922,0.000137,0.001226,0.000045,0.000634,0.000076,0.000623,0.000061,0.000797,0.000033,0.000448,0.000096,0.000636,-166.30,-154.74,-114.67,-146.67,-37.50,73.57,49.47,52.77,93.95,115.53,173.02,165.92,-84.62,161.48,-7.89,218.2136,4.9252,4.9091,3.7140,14.3921,2.1973,1.1610,0.7220,3.6332,0.5967,6.0241,0.7969,1.8776,0.6666,4.1186
2026-08-06 10:53:08.035,23.866667,66,22,0.007541,-1.5372,166.09,0,0,0,60.0307,218.872,0.08536,1,0,0,0,0,0.007213,0.000240,0.000924,0.000128,0.001251,0.000048,0.000636,0.000018,0.000620,0.000011,0.000718,0.000058,0.000379,0.000013,0.000629,-166.09,-156.73,-118.32,-107.17,-38.65,97.17,48.05,53.81,96.55,177.62,172.74,129.48,-79.70,-176.57,2.83,218.2136,4.9252,4.9091,3.7140,14.3921,2.1973,1.1610,0.7220,3.6332,0.5967,6.0241,0.7969,1.8776,0.6666,4.1186
2026-08-06 10:53:08.035,23.883333,66,23,0.007589,-1.5480,165.62,0,0,0,60.0307,218.872,0.08536,1,0,0,0,0,0.007274,0.000256,0.000910,0.000169,0.001207,0.000043,0.000664,0.000008,0.000623,0.000061,0.000724,0.000077,0.000387,0.000016,0.000646,-165.62,-169.21,-119.20,-106.20,-40.39,65.27,42.55,113.73,95.54,49.52,178.07,132.10,-76.93,-144.14,-7.39,218.2136,4.9252,4.9091,3.7140,14.3921,2.1973,1.1610,0.7220,3.6332,0.5967,6.0241,0.7969,1.8776,0.6666,4.1186
2026-08-06 10:53:08.035,23.900000,66,24,0.007504,-1.5344,166.95,0,0,0,60.0307,218.872,0.08536,1,0,0,0,0,0.007177,0.000187,0.000912,0.000122,0.001253,0.000005,0.000651,0.000100,0.000649,0.000032,0.000783,0.000048,0.000384,0.000067,0.000634,-166.95,-163.67,-117.19,-130.95,-35.13,92.04,50.26,61.57,96.61,109.62,173.70,-175.54,-80.00,-176.67,-3.37,218.2136,4.9252,4.9091,3.7140,14.3921,2.1973,1.1610,0.7220,3.6332,0.5967,6.0241,0.7969,1.8776,0.6666,4.1186
2026-08-06 10:53:08.035,23.916667,66,25,0.007565,-1.5437,166.17,0,0,0,60.0307,218.872,0.08536,1,0,0,0,0,0.007248,0.000204,0.000958,0.000123,0.001237,0.000078,0.000626,0.000083,0.000593,0.000104,0.000693,0.000086,0.000386,0.000038,0.000633,-166.17,-163.87,-117.70,-114.74,-37.79,29.55,44.29,58.78,93.93,99.18,178.39,122.38,-74.68,-105.66,-5.17,218.2136,4.9252,4.9091,3.7140,14.3921,2.1973,1.1610,0.7220,3.6332,0.5967,6.0241,0.7969,1.8776,0.6666,4.1186
2026-08-06 10:53:08.035,23.933333,66,26,0.007519,-1.5372,166.07,0,0,0,60.0307,218.872,0.08536,1,0,0,0,0,0.007213,0.000198,0.000872,0.000082,0.001204,0.000058,0.000599,0.000103,0.000641,0.000066,0.000776,0.000070,0.000396,0.000096,0.000591,-166.07,-157.65,-121.17,-132.89,-38.16,70.61,48.24,107.09,97.83,-149.34,171.82,-169.36,-80.85,178.04,-5.87,218.2136,4.9252,4.9091,3.7140,14.3921,2.1973,1.1610,0.7220,3.6332,0.5967,6.0241,0.7969,1.8776,0.6666,4.1186
2026-08-06 10:53:08.035,23.950000,66,27,0.007561,-1.5414,166.06,0,0,0,60.0307,218.872,0.08536,1,0,0,0,0,0.007234,0.000179,0.000964,0.000096,0.001255,0.000069,0.000662,0.000063,0.000652,0.000089,0.000739,0.000115,0.000377,0.000081,0.000635,-166.06,-163.48,-119.39,-96.49,-38.20,53.22,46.65,38.85,91.95,93.97,175.00,129.73,-81.80,158.72,-4.70,218.2136,4.9252,4.9091,3.7140,14.3921,2.1973,1.1610,0.7220,3.6332,0.5967,6.0241,0.7969,1.8776,0.6666,4.1186
2026-08-06 10:53:08.035,23.966667,66,28,0.007549,-1.5414,166.15,0,0,0,60.0307,218.872,0.08536,1,0,0,0,0,0.007233,0.000184,0.000942,0.000102,0.001185,0.000055,0.000626,0.000017,0.000641,0.000027,0.000793,0.000043,0.000396,0.000048,0.000641,-166.15,-176.56,-117.16,-106.68,-37.84,-4.67,48.49,-144.57,93.63,74.17,-179.39,103.32,-76.84,-138.03,-3.37,218.2136,4.9252,4.9091,3.7140,14.3921,2.1973,1.1610,0.7220,3.6332,0.5967,6.0241,0.7969,1.8776,0.6666,4.1186
2026-08-06 10:53:08.035,23.983333,66,29,0.007556,-1.5425,166.02,0,0,0,60.0307,218.872,0.08536,1,0,0,0,0,0.007243,0.000203,0.000926,0.000125,0.001231,0.000040,0.000605,0.000120,0.000649,0.000037,0.000714,0.000079,0.000409,0.000088,0.000632,-166.02,179.08,-116.52,-119.84,-39.22,77.77,49.34,93.03,94.25,104.57,175.66,-155.69,-81.56,156.22,-2.95,218.2136,4.9252,4.9091,3.7140,14.3921,2.1973,1.1610,0.7220,3.6332,0.5967,6.0241,0.7969,1.8776,0.6666,4.1186
2026-08-06 10:53:08.285,24.000000,67,0,0.007482,-1.5236,165.82,0,0,0,60.0307,218.943,0.08551,1,0,0,0,0,0.007153,0.000245,0.000931,0.000183,0.001169,0.000050,0.000623,0.000011,0.000732,0.000077,0.000763,0.000078,0.000308,0.000074,0.000650,-165.82,-171.28,-113.96,-116.52,-36.79,165.70,50.24,-7.11,97.75,120.40,177.50,118.70,-82.45,-159.85,-5.82,218.2816,4.9593,4.8999,3.7213,14.4424,2.1889,1.1169,0.7191,3.6006,0.5945,6.0561,0.8089,1.9191,0.7143,4.0476
2026-08-06 10:53:08.285,24.016667,67,1,0.007535,-1.5386,166.45,0,0,0,60.0307,218.943,0.08551,1,0,0,0,0,0.007207,0.000221,0.000953,0.000147,0.001229,0.000044,0.000621,0.000010,0.000637,0.000021,0.000771,0.000052,0.000404,0.000070,0.000617,-166.45,-170.31,-117.95,-125.55,-38.65,-32.63,46.11,-133.69,98.28,-130.63,177.11,108.73,-75.18,-33.82,-1.03,218.2816,4.9593,4.8999,3.7213,14.4424,2.1889,1.1169,0.7191,3.6006,0.5945,6.0561,0.8089,1.9191,0.7143,4.0476
2026-08-06 10:53:08.285,24.033333,67,2,0.007523,-1.5357,166.22,0,0,0,60.0307,218.943,0.08551,1,0,0,0,0,0.007206,0.000168,0.000893,0.000117,0.001235,0.000025,0.000653,0.000035,0.000668,0.000048,0.000775,0.000069,0.000340,0.000008,0.000622,-166.22,-168.96,-115.20,-106.10,-37.30,91.92,51.37,56.42,96.46,175.47,170.04,178.09,-86.47,91.30,-1.83,218.2816,4.9593,4.8999,3.7213,14.4424,2.1889,1.1169,0.7191,3.6006,0.5945,6.0561,0.8089,1.9191,0.7143,4.0476
2026-08-06 10:53:08.285,24.050000,67,3,0.007657,-1.5611,165.90,0,0,0,60.0307,218.943,0.08551,1,0,0,0,0,0.007328,0.000312,0.000944,0.000132,0.001288,0.000044,0.000652,0.000031,0.000656,0.000052,0.000736,0.000063,0.000364,0.000016,0.000655,-165.90,-164.78,-113.77,-101.14,-39.68,-18.77,43.26,-97.03,99.51,102.89,177.21,70.37,-77.60,101.25,-4.20,218.2816,4.9593,4.8999,3.7213,14.4424,2.1889,1.1169,0.7191,3.6006,0.5945,6.0561,0.8089,1.9191,0.7143,4.0476
2026-08-06 10:53:08.285,24.066667,67,4,0.007483,-1.5264,166.24,0,0,0,60.0307,218.943,0.08551,1,0,0,0,0,0.007154,0.000162,0.000896,0.000109,0.001237,0.000030,0.000663,0.000064,0.000651,0.000075,0.000794,0.000076,0.000417,0.000103,0.000587,-166.24,-166.14,-120.13,-126.75,-39.35,64.04,48.92,66.02,95.57,128.72,173.81,168.66,-81.41,165.94,-8.81,218.2816,4.9593,4.8999,3.7213,14.4424,2.1889,1.1169,0.7191,3.6006,0.5945,6.0561,0.8089,1.9191,0.7143,4.0476
2026-08-06 10:53:08.285,24.083333,67,5,0.007496,-1.5267,165.64,0,0,0,60.0307,218.943,0.08551,1,0,0,0,0,0.007173,0.000188,0.000898,0.000108,0.001274,0.000075,0.000591,0.000052,0.000603,0.000091,0.000748,0.000150,0.000408,0.000092,0.000650,-165.64,-179.13,-116.23,-136.56,-41.01,89.57,45.30,104.99,96.29,112.20,176.17,135.73,-77.78,107.67,-4.12,218.2816,4.9593,4.8999,3.7213,14.4424,2.1889,1.1169,0.7191,3.6006,0.5945,6.0561,0.8089,1.9191,0.7143,4.0476
2026-08-06 10:53:08.285,24.100000,67,6,0.007555,-1.5387,165.78,0,0,0,60.0307,218.943,0.08551,1,0,0,0,0,0.007225,0.000205,0.000929,0.000181,0.001264,0.000029,0.000655,0.000043,0.000672,0.000057,0.000762,0.000051,0.000342,0.000023,0.000560,-165.78,176.63,-115.02,-126.38,-40.02,123.97,46.76,-174.74,97.45,86.76,176.07,142.23,-77.43,21.19,-8.84,218.2816,4.9593,4.8999,3.7213,14.4424,2.1889,1.1169,0.7191,3.6006,0.5945,6.0561,0.8089,1.9191,0.7143,4.0476
2026-08-06 10:53:08.285,24.116667,67,7,0.007524,-1.5347,166.44,0,0,0,60.0307,218.943,0.08551,1,0,0,0,0,0.007190,0.000177,0.000938,0.000111,0.001277,0.000062,0.000612,0.000107,0.000692,0.000016,0.000763,0.000046,0.000405,0.000078,0.000544,-166.44,-148.31,-116.61,-122.47,-40.41,75.52,49.42,77.00,94.68,164.74,170.19,165.25,-83.33,112.79,-5.14,218.2816,4.9593,4.8999,3.7213,14.4424,2.1889,1.1169,0.7191,3.6006,0.5945,6.0561,0.8089,1.9191,0.7143,4.0476
2026-08-06 10:53:08.285,24.133333,67,8,0.007535,-1.5390,165.94,0,0,0,60.0307,218.943,0.08551,1,0,0,0,0,0.007223,0.000282,0.000891,0.000151,0.001218,0.000039,0.000596,0.000062,0.000642,0.000113,0.000692,0.000128,0.000376,0.000092,0.000698,-165.94,-174.40,-118.53,-112.90,-38.36,48.96,46.12,73.26,92.46,117.47,176.24,147.26,-82.68,-149.27,-3.88,218.2816,4.9593,4.8999,3.7213,14.4424,2.1889,1.1169,0.7191,3.6006,0.5945,6.0561,0.8089,1.9191,0.7143,4.0476
2026-08-06 10:53:08.285,24.150000,67,9,0.007573,-1.5492,166.62,0,0,0,60.0307,218.943,0.08551,1,0,0,0,0,0.007254,0.000199,0.000863,0.000083,0.001234,0.000021,0.000614,0.000034,0.000685,0.000019,0.000750,0.000030,0.000394,0.000047,0.000635,-166.62,179.54,-114.94,-125.88,-38.27,90.09,49.32,130.42,98.34,-168.73,171.38,109.34,-82.12,160.26,-5.97,218.2816,4.9593,4.8999,3.7213,14.4424,2.1889,1.1169,0.7191,3.6006,0.5945,6.0561,0.8089,1.9191,0.7143,4.0476
2026-08-06 10:53:08.285,24.166667,67,10,0.007575,-1.5440,165.98,0,0,0,60.0307,218.943,0.08551,1,0,0,0,0,0.007248,0.000190,0.000919,0.000107,0.001211,0.000027,0.000666,0.000033,0.000704,0.000049,0.000756,0.000089,0.000375,0.000104,0.000615,-165.98,178.19,-119.67,-117.89,-37.03,-15.96,44.40,44.87,92.73,166.30,170.15,165.72,-77.75,-179.04,-1.12,218.2816,4.9593,4.8999,3.7213,14.4424,2.1889,1.1169,0.7191,3.6006,0.5945,6.0561,0.8089,1.9191,0.7143,4.0476
2026-08-06 10:53:08.285,24.183333,67,11,0.007563,-1.5298,165.16,0,0,0,60.0307,218.943,0.08551,1,0,0,0,0,0.007210,0.000133,0.000945,0.000282,0.001328,0.000119,0.000533,0.000130,0.000763,0.000079,0.000660,0.000192,0.000292,0.000093,0.000702,-165.16,158.49,-125.20,-109.26,-37.76,107.55,48.48,-25.43,94.64,150.51,-173.25,80.98,-95.11,-124.46,0.93,218.2816,4.9593,4.8999,3.7213,14.4424,2.1889,1.1169,0.7191,3.6006,0.5945,6.0561,0.8089,1.9191,0.7143,4.0476
2026-08-06 10:53:08.285,24.200000,67,12,0.007499,-1.5282,165.70,0,0,0,60.0307,218.943,0.08551,1,0,0,0,0,0.007182,0.000142,0.000897,0.000118,0.001205,0.000036,0.000605,0.000093,0.000691,0.000045,0.000782,0.000066,0.000382,0.000062,0.000582,-165.70,-152.98,-117.62,-116.64,-38.93,64.28,49.46,103.63,95.60,110.43,172.48,-170.94,-74.20,-161.51,-4.45,218.2816,4.9593,4.8999,3.7213,14.4424,2.1889,1.1169,0.7191,3.6006,0.5945,6.0561,0.8089,1.9191,0.7143,4.0476
2026-08-06 10:53:08.285,24.216667,67,13,0.007550,-1.5351,165.57,0,0,0,60.0307,218.943,0.08551,1,0,0,0,0,0.007214,0.000251,0.000930,0.000198,0.001269,0.000032,0.000577,0.000025,0.000660,0.000095,0.000779,0.000107,0.000397,0.000043,0.000667,-165.57,-153.10,-114.12,-116.51,-39.18,112.18,47.23,28.60,92.38,84.81,173.99,116.15,-75.15,66.45,-6.11,218.2816,4.9593,4.8999,3.7213,14.4424,2.1889,1.1169,0.7191,3.6006,0.5945,6.0561,0.8089,1.9191,0.7143,4.0476
2026-08-06 10:53:08.285,24.233333,67,14,0.007573,-1.5468,166.26,0,0,0,60.0307,218.943,0.08551,1,0,0,0,0,0.007249,0.000239,0.000920,0.000155,0.001222,0.000041,0.000632,0.000026,0.000686,0.000026,0.000763,0.000061,0.000335,0.000047,0.000662,-166.26,-165.81,-118.07,-102.16,-39.48,-55.39,48.55,-78.24,99.21,24.85,174.78,75.09,-70.65,141.65,-0.66,218.2816,4.9593,4.8999,3.7213,14.4424,2.1889,1.1169,0.7191,3.6006,0.5945,6.0561,0.8089,1.9191,0.7143,4.0476
2026-08-06 10:53:08.285,24.250000,67,15,0.007540,-1.5347,165.71,0,0,0,60.0307,218.943,0.08551,1,0,0,0,0,0.007217,0.000186,0.000952,0.000096,0.001230,0.000017,0.000626,0.000054,0.000643,0.000070,0.000774,0.000063,0.000384,0.000040,0.000618,-165.71,-171.26,-117.11,-112.10,-38.38,17.32,49.35,81.93,97.18,84.83,177.11,140.02,-83.44,139.51,0.88,218.2816,4.9593,4.8999,3.7213,14.4424,2.1889,1.1169,0.7191,3.6006,0.5945,6.0561,0.8089,1.9191,0.7143,4.0476
2026-08-06 10:53:08.285,24.266667,67,16,0.007581,-1.5490,166.06,0,0,0,60.0307,218.943,0.08551,1,0,0,0,0,0.007273,0.000240,0.000869,0.000127,0.001197,0.000021,0.000647,0.000024,0.000627,0.000065,0.000748,0.000092,0.000372,0.000086,0.000599,-166.06,175.46,-116.13,-129.49,-37.75,47.81,48.69,-21.57,97.75,119.90,176.95,121.24,-80.22,143.73,-4.34,218.2816,4.9593,4.8999,3.7213,14.4424,2.1889,1.1169,0.7191,3.6006,0.5945,6.0561,0.8089,1.9191,0.7143,4.0476
2026-08-06 10:53:08.285,24.283333,67,17,0.007543,-1.5401,166.37,0,0,0,60.0307,218.943,0.08551,1,0,0,0,0,0.007223,0.000182,0.000938,0.000147,0.001203,0.000041,0.000650,0.000068,0.000742,0.000048,0.000744,0.000050,0.000400,0.000124,0.000538,-166.37,-152.55,-117.32,-97.92,-36.76,12.86,48.52,116.16,93.06,-85.86,171.58,143.17,-75.38,-161.00,-2.02,218.2816,4.9593,4.8999,3.7213,14.4424,2.1889,1.1169,0.7191,3.6006,0.5945,6.0561,0.8089,1.9191,0.7143,4.0476
2026-08-06 10:53:08.285,24.300000,67,18,0.007536,-1.5369,165.89,0,0,0,60.0307,218.943,0.08551,1,0,0,0,0,0.007219,0.000208,0.000877,0.000101,0.001248,0.000033,0.000646,0.000037,0.000663,0.000108,0.000751,0.000092,0.000363,0.000064,0.000658,-165.89,-173.71,-116.38,-124.15,-38.66,77.80,43.30,-32.56,91.79,124.63,175.43,155.72,-79.06,147.82,-1.74,218.2816,4.9593,4.8999,3.7213,14.4424,2.1889,1.1169,0.7191,3.6006,0.5945,6.0561,0.8089,1.9191,0.7143,4.0476
2026-08-06 10:53:08.285,24.316667,67,19,0.007597,-1.5497,165.78,0,0,0,60.0307,218.943,0.08551,1,0,0,0,0,0.007281,0.000208,0.000903,0.000172,0.001242,0.000070,0.000618,0.000043,0.000624,0.000036,0.000756,0.000085,0.000387,0.000029,0.000663,-165.78,-166.01,-119.29,-128.38,-38.04,50.55,44.73,-102.23,97.86,88.88,175.44,152.83,-62.57,89.96,-12.61,218.2816,4.9593,4.8999,3.7213,14.4424,2.1889,1.1169,0.7191,3.6006,0.5945,6.0561,0.8089,1.9191,0.7143,4.0476
2026-08-06 10:53:08.285,24.333333,67,20,0.007554,-1.5407,165.69,0,0,0,60.0307,218.943,0.08551,1,0,0,0,0,0.007237,0.000284,0.000904,0.000187,0.001195,0.000072,0.000648,0.000053,0.000689,0.000104,0.000727,0.000064,0.000406,0.000079,0.000600,-165.69,-160.14,-113.05,-103.34,-42.53,102.08,50.21,88.40,99.54,72.15,173.78,165.15,-84.90,-168.83,-7.80,218.2816,4.9593,4.8999,3.7213,14.4424,2.1889,1.1169,0.7191,3.6006,0.5945,6.0561,0.8089,1.9191,0.7143,4.0476
2026-08-06 10:53:08.285,24.350000,67,21,0.007590,-1.5471,165.29,0,0,0,60.0307,218.943,0.08551,1,0,0,0,0,0.007285,0.000294,0.000897,0.000141,0.001181,0.000050,0.000700,0.000054,0.000620,0.000115,0.000681,0.000072,0.000336,0.000055,0.000656,-165.29,-178.95,-115.70,-104.77,-39.98,64.78,44.51,40.87,95.42,114.01,174.64,150.63,-82.80,148.96,-4.33,218.2816,4.9593,4.8999,3.7213,14.4424,2.1889,1.1169,0.7191,3.6006,0.5945,6.0561,0.8089,1.9191,0.7143,4.0476
2026-08-06 10:53:08.285,24.366667,67,22,0.007503,-1.5330,166.08,0,0,0,60.0307,218.943,0.08551,1,0,0,0,0,0.007185,0.000252,0.000946,0.000198,0.001150,0.000008,0.000632,0.000022,0.000659,0.000045,0.000760,0.000030,0.000397,0.000038,0.000613,-166.08,-157.93,-117.93,-122.81,-40.11,-116.44,51.74,121.50,97.17,-0.54,175.26,102.99,-69.89,-61.47,-4.13,218.2816,4.9593,4.8999,3.7213,14.4424,2.1889,1.1169,0.7191,3.6006,0.5945,6.0561,0.8089,1.9191,0.7143,4.0476
2026-08-06 10:53:08.285,24.383333,67,23,0.007573,-1.5438,165.96,0,0,0,60.0307,218.943,0.08551,1,0,0,0,0,0.007250,0.000204,0.000947,0.000135,0.001247,0.000024,0.000643,0.000082,0.000657,0.000051,0.000749,0.000063,0.000368,0.000076,0.000548,-165.96,-176.99,-121.08,-101.67,-38.83,9.42,46.34,46.38,93.14,89.17,170.48,-178.50,-88.03,144.08,-2.77,218.2816,4.9593,4.8999,3.7213,14.4424,2.1889,1.1169,0.7191,3.6006,0.5945,6.0561,0.8089,1.9191,0.7143,4.0476
2026-08-06 10:53:08.285,24.400000,67,24,0.007553,-1.5422,166.15,0,0,0,60.0307,218.943,0.08551,1,0,0,0,0,0.007240,0.000216,0.000964,0.000163,0.001199,0.000030,0.000624,0.000037,0.000615,0.000028,0.000725,0.000066,0.000382,0.000047,0.000609,-166.15,-159.24,-119.51,-113.70,-37.26,6.95,45.71,18.92,98.10,32.02,179.73,144.65,-67.84,-107.49,-8.05,218.2816,4.9593,4.8999,3.7213,14.4424,2.1889,1.1169,0.7191,3.6006,0.5945,6.0561,0.8089,1.9191,0.7143,4.0476
2026-08-06 10:53:08.285,24.416667,67,25,0.007580,-1.5471,165.98,0,0,0,60.0307,218.943,0.08551,1,0,0,0,0,0.007259,0.000248,0.000957,0.000128,0.001180,0.000039,0.000670,0.000103,0.000700,0.000033,0.000725,0.000020,0.000373,0.000106,0.000624,-165.98,-165.11,-116.03,-99.18,-37.59,123.60,44.92,54.37,94.95,165.10,171.35,-164.44,-83.34,-164.81,-3.43,218.2816,4.9593,4.8999,3.7213,14.4424,2.1889,1.1169,0.7191,3.6006,0.5945,6.0561,0.8089,1.9191,0.7143,4.0476
2026-08-06 10:53:08.285,24.433333,67,26,0.007541,-1.5401,166.30,0,0,0,60.0307,218.943,0.08551,1,0,0,0,0,0.007222,0.000198,0.000918,0.000038,0.001215,0.000035,0.000614,0.000096,0.000648,0.000054,0.000764,0.000090,0.000420,0.000041,0.000629,-166.30,-153.59,-118.41,-122.49,-37.82,112.90,47.02,1.83,96.13,90.39,175.00,147.77,-81.19,-165.22,-3.59,218.2816,4.9593,4.8999,3.7213,14.4424,2.1889,1.1169,0.7191,3.6006,0.5945,6.0561,0.8089,1.9191,0.7143,4.0476
2026-08-06 10:53:08.285,24.450000,67,27,0.007543,-1.5419,166.36,0,0,0,60.0307,218.943,0.08551,1,0,0,0,0,0.007230,0.000184,0.000898,0.000127,0.001200,0.000044,0.000620,0.000035,0.000627,0.000010,0.000790,0.000015,0.000423,0.000014,0.000634,-166.36,-172.27,-120.84,-110.87,-37.09,-36.14,50.51,-18.92,94.36,18.41,176.26,26.58,-75.29,-112.75,-0.08,218.2816,4.9593,4.8999,3.7213,14.4424,2.1889,1.1169,0.7191,3.6006,0.5945,6.0561,0.8089,1.9191,0.7143,4.0476
2026-08-06 10:53:08.285,24.466667,67,28,0.007475,-1.5268,166.56,0,0,0,60.0307,218.943,0.08551,1,0,0,0,0,0.007153,0.000200,0.000886,0.000083,0.001263,0.000086,0.000604,0.000112,0.000656,0.000092,0.000753,0.000093,0.000406,0.000047,0.000602,-166.56,-164.24,-116.11,-141.61,-38.57,101.37,46.39,74.31,97.16,94.39,177.26,143.55,-89.92,147.84,-7.96,218.2816,4.9593,4.8999,3.7213,14.4424,2.1889,1.1169,0.7191,3.6006,0.5945,6.0561,0.8089,1.9191,0.7143,4.0476
2026-08-06 10:53:08.285,24.483333,67,29,0.007553,-1.5365,165.93,0,0,0,60.0307,218.943,0.08551,1,0,0,0,0,0.007212,0.000221,0.000972,0.000172,0.001276,0.000013,0.000602,0.000039,0.000614,0.000072,0.000735,0.000104,0.000403,0.000080,0.000683,-165.93,-169.03,-119.25,-121.25,-40.79,-141.51,50.88,38.67,92.48,97.08,177.38,96.75,-88.71,170.70,-5.48,218.2816,4.9593,4.8999,3.7213,14.4424,2.1889,1.1169,0.7191,3.6006,0.5945,6.0561,0.8089,1.9191,0.7143,4.0476
2026-08-06 10:53:08.548,24.500000,68,0,0.007560,-1.5424,166.06,0,0,0,60.0307,218.861,0.08553,1,0,0,0,0,0.007238,0.000240,0.000930,0.000134,0.001217,0.000021,0.000608,0.000005,0.000648,0.000040,0.000802,0.000030,0.000429,0.000102,0.000597,-166.06,-164.56,-114.87,-120.75,-39.53,-146.69,46.61,-32.19,98.42,-173.13,178.87,40.35,-84.75,-89.59,-6.40,218.2000,4.9453,4.9065,3.7147,14.4224,2.1895,1.1487,0.7104,3.6113,0.6021,6.0688,0.8226,1.8820,0.6569,4.1131
2026-08-06 10:53:08.548,24.516667,68,1,0.007489,-1.5304,166.68,0,0,0,60.0307,218.861,0.08553,1,0,0,0,0,0.007169,0.000164,0.000931,0.000075,0.001254,0.000044,0.000617,0.000096,0.000660,0.000054,0.000753,0.000064,0.000362,0.000083,0.000594,-166.68,-138.47,-118.80,-112.67,-37.44,26.40,51.36,64.40,90.52,111.03,172.68,165.81,-78.83,172.24,-3.02,218.2000,4.9453,4.9065,3.7147,14.4224,2.1895,1.1487,0.7104,3.6113,0.6021,6.0688,0.8226,1.8820,0.6569,4.1131
2026-08-06 10:53:08.548,24.533333,68,2,0.007566,-1.5470,166.00,0,0,0,60.0307,218.861,0.08553,1,0,0,0,0,0.007261,0.000231,0.000914,0.000205,0.001222,0.000027,0.000618,0.000058,0.000598,0.000030,0.000743,0.000099,0.000371,0.000034,0.000564,-166.00,-176.28,-118.79,-115.45,-39.25,16.99,44.48,-132.65,94.50,115.51,176.72,140.42,-68.02,-107.64,-5.31,218.2000,4.9453,4.9065,3.7147,14.4224,2.1895,1.1487,0.7104,3.6113,0.6021,6.0688,0.8226,1.8820,0.6569,4.1131
2026-08-06 10:53:08.548,24.550000,68,3,0.007544,-1.5416,166.14,0,0,0,60.0307,218.861,0.08553,1,0,0,0,0,0.007234,0.000201,0.000897,0.000093,0.001197,0.000011,0.000620,0.000088,0.000655,0.000049,0.000756,0.000048,0.000408,0.000115,0.000603,-166.14,-172.41,-119.34,-106.43,-39.86,29.77,45.22,69.84,93.91,87.58,175.58,179.85,-86.54,-177.36,-2.54,218.2000,4.9453,4.9065,3.7147,14.4224,2.1895,1.1487,0.7104,3.6113,0.6021,6.0688,0.8226,1.8820,0.6569,4.1131
2026-08-06 10:53:08.548,24.566667,68,4,0.007566,-1.5434,166.00,0,0,0,60.0307,218.861,0.08553,1,0,0,0,0,0.007246,0.000174,0.000904,0.000125,0.001229,0.000048,0.000641,0.000048,0.000622,0.000068,0.000775,0.000029,0.000353,0.000050,0.000622,-166.00,-174.31,-118.97,-98.82,-38.56,64.12,47.44,-2.94,91.85,146.67,167.95,-176.20,-87.56,-117.65,-1.71,218.2000,4.9453,4.9065,3.7147,14.4224,2.1895,1.1487,0.7104,3.6113,0.6021,6.0688,0.8226,1.8820,0.6569,4.1131
2026-08-06 10:53:08.548,24.583333,68,5,0.007599,-1.5443,165.41,0,0,0,60.0307,218.861,0.08553,1,0,0,0,0,0.007270,0.000164,0.000920,0.000116,0.001174,0.000075,0.000682,0.000085,0.000674,0.000050,0.000804,0.000116,0.000405,0.000037,0.000682,-165.41,-158.22,-118.43,-73.36,-37.39,175.45,47.99,-83.57,93.69,43.07,171.17,-169.54,-84.45,-50.60,-6.07,218.2000,4.9453,4.9065,3.7147,14.4224,2.1895,1.1487,0.7104,3.6113,0.6021,6.0688,0.8226,1.8820,0.6569,4.1131
2026-08-06 10:53:08.548,24.600000,68,6,0.007537,-1.5337,165.87,0,0,0,60.0307,218.861,0.08553,1,0,0,0,0,0.007205,0.000162,0.000929,0.000131,0.001277,0.000020,0.000610,0.000009,0.000686,0.000054,0.000805,0.000024,0.000387,0.000035,0.000611,-165.87,-157.01,-115.92,-118.62,-37.85,-82.12,50.20,90.44,93.20,117.88,175.41,141.95,-75.83,81.16,-0.62,218.2000,4.9453,4.9065,3.7147,14.4224,2.1895,1.1487,0.7104,3.6113,0.6021,6.0688,0.8226,1.8820,0.6569,4.1131
2026-08-06 10:53:08.548,24.616667,68,7,0.007559,-1.5422,166.35,0,0,0,60.0307,218.861,0.08553,1,0,0,0,0,0.007229,0.000265,0.000951,0.000161,0.001300,0.000034,0.000615,0.000029,0.000559,0.000108,0.000758,0.000089,0.000398,0.000062,0.000633,-166.35,-155.46,-120.01,-120.95,-38.44,73.05,42.64,35.14,95.53,115.65,173.46,127.89,-70.54,141.43,-9.39,218.2000,4.9453,4.9065,3.7147,14.4224,2.1895,1.1487,0.7104,3.6113,0.6021,6.0688,0.8226,1.8820,0.6569,4.1131
2026-08-06 10:53:08.548,24.633333,68,8,0.007521,-1.5356,166.41,0,0,0,60.0307,218.861,0.08553,1,0,0,0,0,0.007199,0.000221,0.000948,0.000142,0.001240,0.000024,0.000585,0.000025,0.000590,0.000030,0.000822,0.000020,0.000426,0.000050,0.000590,-166.41,-157.97,-117.99,-119.62,-38.49,-82.27,44.21,107.39,95.09,-147.71,175.15,-161.30,-80.44,-118.27,-4.98,218.2000,4.9453,4.9065,3.7147,14.4224,2.1895,1.1487,0.7104,3.6113,0.6021,6.0688,0.8226,1.8820,0.6569,4.1131
2026-08-06 10:53:08.548,24.650000,68,9,0.007514,-1.5342,166.21,0,0,0,60.0307,218.861,0.08553,1,0,0,0,0,0.007197,0.000186,0.000906,0.000112,0.001283,0.000010,0.000582,0.000122,0.000585,0.000109,0.000731,0.000097,0.000440,0.000071,0.000631,-166.21,-154.93,-118.59,-117.16,-38.43,152.41,46.52,72.30,82.74,93.50,172.33,162.59,-80.44,122.92,-1.33,218.2000,4.9453,4.9065,3.7147,14.4224,2.1895,1.1487,0.7104,3.6113,0.6021,6.0688,0.8226,1.8820,0.6569,4.1131
2026-08-06 10:53:08.548,24.666667,68,10,0.007522,-1.5390,166.63,0,0,0,60.0307,218.861,0.08553,1,0,0,0,0,0.007203,0.000230,0.000909,0.000135,0.001238,0.000057,0.000628,0.000088,0.000622,0.000029,0.000747,0.000050,0.000432,0.000026,0.000635,-166.63,-159.77,-117.84,-151.80,-39.30,86.76,49.18,134.10,94.52,132.04,176.42,86.30,-78.74,127.65,-8.67,218.2000,4.9453,4.9065,3.7147,14.4224,2.1895,1.1487,0.7104,3.6113,0.6021,6.0688,0.8226,1.8820,0.6569,4.1131
2026-08-06 10:53:08.548,24.683333,68,11,0.007493,-1.5279,166.35,0,0,0,60.0307,218.861,0.08553,1,0,0,0,0,0.007167,0.000243,0.000907,0.000088,0.001218,0.000025,0.000630,0.000075,0.000645,0.000041,0.000770,0.000058,0.000474,0.000050,0.000635,-166.35,-170.39,-115.42,-119.61,-37.34,135.84,45.71,73.10,95.85,17.52,177.25,142.41,-84.09,127.28,-5.96,218.2000,4.9453,4.9065,3.7147,14.4224,2.1895,1.1487,0.7104,3.6113,0.6021,6.0688,0.8226,1.8820,0.6569,4.1131
2026-08-06 10:53:08.548,24.700000,68,12,0.007563,-1.5462,166.54,0,0,0,60.0307,218.861,0.08553,1,0,0,0,0,0.007245,0.000200,0.000917,0.000093,0.001204,0.000026,0.000630,0.000124,0.000644,0.000065,0.000743,0.000090,0.000384,0.000046,0.000638,-166.54,-159.26,-117.63,-104.86,-39.25,44.51,47.12,18.57,95.26,96.19,177.18,115.89,-77.61,158.89,-3.79,218.2000,4.9453,4.9065,3.7147,14.4224,2.1895,1.1487,0.7104,3.6113,0.6021,6.0688,0.8226,1.8820,0.6569,4.1131
2026-08-06 10:53:08.548,24.716667,68,13,0.007549,-1.5410,166.56,0,0,0,60.0307,218.861,0.08553,1,0,0,0,0,0.007215,0.000202,0.000943,0.000092,0.001250,0.000031,0.000576,0.000064,0.000687,0.000026,0.000795,0.000049,0.000405,0.000038,0.000629,-166.56,-173.46,-118.75,-126.94,-38.54,82.51,46.48,-142.31,94.03,-136.85,175.70,10.72,-78.10,-17.67,-8.02,218.2000,4.9453,4.9065,3.7147,14.4224,2.1895,1.1487,0.7104,3.6113,0.6021,6.0688,0.8226,1.8820,0.6569,4.1131
2026-08-06 10:53:08.548,24.733333,68,14,0.007511,-1.5335,166.44,0,0,0,60.0307,218.861,0.08553,1,0,0,0,0,0.007187,0.000192,0.000937,0.000136,0.001284,0.000030,0.000622,0.000090,0.000597,0.000049,0.000776,0.000068,0.000397,0.000054,0.000554,-166.44,-160.16,-119.38,-125.75,-38.87,55.79,47.92,52.34,95.24,121.33,175.57,156.22,-75.27,165.85,-0.89,218.2000,4.9453,4.9065,3.7147,14.4224,2.1895,1.1487,0.7104,3.6113,0.6021,6.0688,0.8226,1.8820,0.6569,4.1131
2026-08-06 10:53:08.548,24.750000,68,15,0.007527,-1.5404,166.48,0,0,0,60.0307,218.861,0.08553,1,0,0,0,0,0.007217,0.000272,0.000932,0.000121,0.001240,0.000040,0.000613,0.000021,0.000632,0.000087,0.000730,0.000089,0.000321,0.000058,0.000631,-166.48,-157.54,-115.83,-111.75,-39.73,30.77,48.11,54.55,93.51,132.51,174.75,129.76,-82.37,-151.84,-4.61,218.2000,4.9453,4.9065,3.7147,14.4224,2.1895,1.1487,0.7104,3.6113,0.6021,6.0688,0.8226,1.8820,0.6569,4.1131
2026-08-06 10:53:08.548,24.766667,68,16,0.007512,-1.5286,165.83,0,0,0,60.0307,218.861,0.08553,1,0,0,0,0,0.007183,0.000149,0.000951,0.000144,0.001266,0.000021,0.000643,0.000093,0.000668,0.000028,0.000765,0.000020,0.000373,0.000052,0.000538,-165.83,-160.42,-117.22,-126.80,-39.26,78.99,47.74,92.85,95.46,154.61,171.62,-63.05,-84.06,137.15,-3.97,218.2000,4.9453,4.9065,3.7147,14.4224,2.1895,1.1487,0.7104,3.6113,0.6021,6.0688,0.8226,1.8820,0.6569,4.1131
2026-08-06 10:53:08.548,24.783333,68,17,0.007548,-1.5395,166.17,0,0,0,60.0307,218.861,0.08553,1,0,0,0,0,0.007226,0.000227,0.000933,0.000120,0.001261,0.000029,0.000647,0.000061,0.000659,0.000097,0.000755,0.000104,0.000377,0.000050,0.000602,-166.17,-166.27,-115.47,-119.83,-36.73,-50.13,44.65,17.58,89.77,115.42,173.70,127.13,-77.39,-146.72,-1.66,218.2000,4.9453,4.9065,3.7147,14.4224,2.1895,1.1487,0.7104,3.6113,0.6021,6.0688,0.8226,1.8820,0.6569,4.1131
2026-08-06 10:53:08.548,24.800000,68,18,0.007503,-1.5321,166.49,0,0,0,60.0307,218.861,0.08553,1,0,0,0,0,0.007179,0.000236,0.000918,0.000153,0.001252,0.000023,0.000621,0.000010,0.000633,0.000032,0.000768,0.000071,0.000381,0.000046,0.000575,-166.49,-148.26,-117.72,-128.33,-38.59,-15.52,46.41,-159.78,95.19,47.38,175.69,107.90,-66.53,48.80,-7.10,218.2000,4.9453,4.9065,3.7147,14.4224,2.1895,1.1487,0.7104,3.6113,0.6021,6.0688,0.8226,1.8820,0.6569,4.1131
2026-08-06 10:53:08.548,24.816667,68,19,0.007468,-1.5231,165.63,0,0,0,60.0307,218.861,0.08553,1,0,0,0,0,0.007165,0.000221,0.000886,0.000141,0.001182,0.000013,0.000594,0.000081,0.000609,0.000083,0.000783,0.000057,0.000397,0.000071,0.000538,-165.63,-179.42,-118.68,-123.27,-39.45,95.61,47.67,63.45,94.94,79.90,177.33,-169.38,-82.33,159.81,-0.07,218.2000,4.9453,4.9065,3.7147,14.4224,2.1895,1.1487,0.7104,3.6113,0.6021,6.0688,0.8226,1.8820,0.6569,4.1131
2026-08-06 10:53:08.548,24.833333,68,20,0.007578,-1.5452,166.02,0,0,0,60.0307,218.861,0.08553,1,0,0,0,0,0.007255,0.000242,0.000958,0.000173,0.001213,0.000041,0.000631,0.000043,0.000590,0.000018,0.000785,0.000040,0.000410,0.000025,0.000613,-166.02,172.66,-118.85,-119.74,-38.48,-80.04,51.20,-101.47,96.75,74.97,179.73,77.51,-79.86,-122.06,-1.06,218.2000,4.9453,4.9065,3.7147,14.4224,2.1895,1.1487,0.7104,3.6113,0.6021,6.0688,0.8226,1.8820,0.6569,4.1131
2026-08-06 10:53:08.548,24.850000,68,21,0.007510,-1.5375,166.61,0,0,0,60.0307,218.861,0.08553,1,0,0,0,0,0.007204,0.000144,0.000930,0.000110,0.001190,0.000088,0.000570,0.000064,0.000622,0.000038,0.000767,0.000017,0.000399,0.000094,0.000588,-166.61,-156.78,-120.99,-93.13,-37.35,55.17,48.86,100.29,94.95,-140.29,176.48,141.24,-66.51,-138.23,-2.59,218.2000,4.9453,4.9065,3.7147,14.4224,2.1895,1.1487,0.7104,3.6113,0.6021,6.0688,0.8226,1.8820,0.6569,4.1131
2026-08-06 10:53:08.548,24.866667,68,22,0.007512,-1.5284,165.68,0,0,0,60.0307,218.861,0.08553,1,0,0,0,0,0.007189,0.000176,0.000900,0.000106,0.001234,0.000030,0.000625,0.000062,0.000675,0.000074,0.000749,0.000076,0.000362,0.000017,0.000632,-165.68,172.41,-119.62,-116.99,-37.93,132.66,41.40,21.59,95.32,108.41,171.49,172.17,-78.40,-178.39,-1.01,218.2000,4.9453,4.9065,3.7147,14.4224,2.1895,1.1487,0.7104,3.6113,0.6021,6.0688,0.8226,1.8820,0.6569,4.1131
2026-08-06 10:53:08.548,24.883333,68,23,0.007526,-1.5309,165.88,0,0,0,60.0307,218.861,0.08553,1,0,0,0,0,0.007190,0.000185,0.000982,0.000179,0.001252,0.000043,0.000658,0.000040,0.000639,0.000060,0.000761,0.000101,0.000350,0.000025,0.000610,-165.88,-158.70,-117.33,-121.57,-39.64,-61.56,51.85,-98.20,94.03,100.12,177.25,103.61,-81.86,133.81,-2.97,218.2000,4.9453,4.9065,3.7147,14.4224,2.1895,1.1487,0.7104,3.6113,0.6021,6.0688,0.8226,1.8820,0.6569,4.1131
2026-08-06 10:53:08.548,24.900000,68,24,0.007497,-1.5285,166.40,0,0,0,60.0307,218.861,0.08553,1,0,0,0,0,0.007168,0.000199,0.000908,0.000114,0.001138,0.000029,0.000585,0.000104,0.000755,0.000148,0.000688,0.000120,0.000388,0.000180,0.000660,-166.40,171.77,-117.37,-82.54,-37.89,109.34,46.25,22.47,88.61,167.75,178.65,118.16,-83.08,177.29,-14.51,218.2000,4.9453,4.9065,3.7147,14.4224,2.1895,1.1487,0.7104,3.6113,0.6021,6.0688,0.8226,1.8820,0.6569,4.1131
2026-08-06 10:53:08.548,24.916667,68,25,0.007513,-1.5328,166.06,0,0,0,60.0307,218.861,0.08553,1,0,0,0,0,0.007197,0.000263,0.000871,0.000120,0.001205,0.000065,0.000697,0.000026,0.000611,0.000094,0.000720,0.000059,0.000374,0.000029,0.000671,-166.06,-165.04,-117.70,-112.16,-38.34,89.66,49.75,-9.31,97.57,135.80,174.28,162.36,-81.52,-133.29,-6.38,218.2000,4.9453,4.9065,3.7147,14.4224,2.1895,1.1487,0.7104,3.6113,0.6021,6.0688,0.8226,1.8820,0.6569,4.1131
2026-08-06 10:53:08.548,24.933333,68,26,0.007460,-1.5212,166.29,0,0,0,60.0307,218.861,0.08553,1,0,0,0,0,0.007133,0.000259,0.000952,0.000194,0.001231,0.000047,0.000467,0.000039,0.000744,0.000107,0.000684,0.000192,0.000456,0.000072,0.000666,-166.29,-115.87,-112.37,-109.38,-42.22,164.72,52.53,167.54,103.97,-177.22,173.83,123.77,-78.21,-4.79,0.79,218.2000,4.9453,4.9065,3.7147,14.4224,2.1895,1.1487,0.7104,3.6113,0.6021,6.0688,0.8226,1.8820,0.6569,4.1131
2026-08-06 10:53:08.548,24.950000,68,27,0.007556,-1.5389,165.84,0,0,0,60.0307,218.861,0.08553,1,0,0,0,0,0.007233,0.000181,0.000888,0.000149,0.001237,0.000015,0.000649,0.000043,0.000710,0.000075,0.000747,0.000121,0.000353,0.000121,0.000629,-165.84,-157.59,-117.72,-101.46,-37.80,-50.79,47.07,72.58,93.75,143.92,172.60,-174.59,-81.01,163.45,-0.91,218.2000,4.9453,4.9065,3.7147,14.4224,2.1895,1.1487,0.7104,3.6113,0.6021,6.0688,0.8226,1.8820,0.6569,4.1131
2026-08-06 10:53:08.548,24.966667,68,28,0.007511,-1.5313,166.09,0,0,0,60.0307,218.861,0.08553,1,0,0,0,0,0.007190,0.000244,0.000908,0.000145,0.001248,0.000064,0.000642,0.000055,0.000594,0.000088,0.000753,0.000049,0.000393,0.000081,0.000584,-166.09,-170.88,-116.56,-136.50,-41.61,58.72,46.93,62.57,91.13,70.17,-178.34,101.48,-82.80,145.08,-3.70,218.2000,4.9453,4.9065,3.7147,14.4224,2.1895,1.1487,0.7104,3.6113,0.6021,6.0688,0.8226,1.8820,0.6569,4.1131
2026-08-06 10:53:08.548,24.983333,68,29,0.007509,-1.5320,166.10,0,0,0,60.0307,218.861,0.08553,1,0,0,0,0,0.007196,0.000218,0.000893,0.000110,0.001165,0.000045,0.000657,0.000078,0.000720,0.000027,0.000793,0.000039,0.000358,0.000107,0.000584,-166.10,-163.11,-115.47,-81.44,-37.05,26.76,48.53,79.60,98.13,118.69,176.87,166.43,-82.87,-149.27,-1.77,218.2000,4.9453,4.9065,3.7147,14.4224,2.1895,1.1487,0.7104,3.6113,0.6021,6.0688,0.8226,1.8820,0.6569,4.1131
2026-08-06 10:53:08.811,25.000000,69,0,0.007513,-1.5205,165.46,0,0,0,60.0307,218.802,0.08557,1,0,0,0,0,0.007155,0.000252,0.000888,0.000085,0.001301,0.000220,0.000546,0.000142,0.000585,0.000196,0.000609,0.000208,0.000444,0.000194,0.000801,-165.46,-174.91,-110.75,-168.47,-42.40,90.58,43.10,76.65,93.62,130.41,174.29,-172.84,-60.39,-164.06,1.87,218.1405,4.9278,4.9032,3.7101,14.4570,2.1870,1.1204,0.7207,3.5837,0.5582,6.0575,0.7885,1.8950,0.7539,4.0692
2026-08-06 10:53:08.811,25.016667,69,1,0.007546,-1.5405,166.08,0,0,0,60.0307,218.802,0.08557,1,0,0,0,0,0.007230,0.000227,0.000918,0.000167,0.001185,0.000087,0.000637,0.000021,0.000661,0.000012,0.000716,0.000069,0.000402,0.000070,0.000655,-166.08,-169.61,-114.66,-131.08,-39.08,109.58,46.48,129.90,98.40,-33.63,179.54,159.45,-75.59,179.37,-9.97,218.1405,4.9278,4.9032,3.7101,14.4570,2.1870,1.1204,0.7207,3.5837,0.5582,6.0575,0.7885,1.8950,0.7539,4.0692
2026-08-06 10:53:08.811,25.033333,69,2,0.007540,-1.5301,165.36,0,0,0,60.0307,218.802,0.08557,1,0,0,0,0,0.007208,0.000188,0.000923,0.000093,0.001282,0.000106,0.000565,0.000103,0.000748,0.000071,0.000764,0.000138,0.000319,0.000052,0.000606,-165.36,-169.75,-122.99,-102.14,-36.73,-34.06,50.64,119.91,92.09,18.88,175.84,-167.25,-74.05,140.31,0.61,218.1405,4.9278,4.9032,3.7101,14.4570,2.1870,1.1204,0.7207,3.5837,0.5582,6.0575,0.7885,1.8950,0.7539,4.0692
2026-08-06 10:53:08.811,25.050000,69,3,0.007548,-1.5376,166.45,0,0,0,60.0307,218.802,0.08557,1,0,0,0,0,0.007208,0.000358,0.000999,0.000213,0.001232,0.000081,0.000527,0.000099,0.000674,0.000217,0.000792,0.000050,0.000325,0.000091,0.000630,-166.45,-165.15,-118.39,-97.09,-36.43,104.51,45.43,-12.49,91.11,129.79,-178.90,127.55,-65.71,151.58,-16.35,218.1405,4.9278,4.9032,3.7101,14.4570,2.1870,1.1204,0.7207,3.5837,0.5582,6.0575,0.7885,1.8950,0.7539,4.0692
2026-08-06 10:53:08.811,25.066667,69,4,0.007550,-1.5346,165.81,0,0,0,60.0307,218.802,0.08557,1,0,0,0,0,0.007209,0.000219,0.000993,0.000189,0.001271,0.000072,0.000545,0.000079,0.000629,0.000069,0.000808,0.000091,0.000385,0.000045,0.000635,-165.81,-155.49,-113.91,-103.22,-40.84,-125.86,46.34,165.28,105.14,178.79,173.84,115.54,-74.45,136.81,-1.68,218.1405,4.9278,4.9032,3.7101,14.4570,2.1870,1.1204,0.7207,3.5837,0.5582,6.0575,0.7885,1.8950,0.7539,4.0692
2026-08-06 10:53:08.811,25.083333,69,5,0.007564,-1.5406,165.95,0,0,0,60.0307,218.802,0.08557,1,0,0,0,0,0.007237,0.000178,0.000939,0.000164,0.001238,0.000022,0.000633,0.000105,0.000659,0.000078,0.000760,0.000117,0.000410,0.000117,0.000570,-165.95,-162.19,-117.82,-107.24,-38.79,-35.07,49.27,74.98,92.62,83.11,171.65,165.40,-77.60,132.08,-1.50,218.1405,4.9278,4.9032,3.7101,14.4570,2.1870,1.1204,0.7207,3.5837,0.5582,6.0575,0.7885,1.8950,0.7539,4.0692
2026-08-06 10:53:08.811,25.100000,69,6,0.007579,-1.5437,166.16,0,0,0,60.0307,218.802,0.08557,1,0,0,0,0,0.007242,0.000275,0.000930,0.000179,0.001260,0.000025,0.000626,0.000015,0.000630,0.000018,0.000794,0.000033,0.000294,0.000122,0.000711,-166.16,-158.12,-116.97,-119.95,-39.62,37.94,41.69,84.98,94.60,10.48,171.64,-66.76,-65.58,-155.07,-0.70,218.1405,4.9278,4.9032,3.7101,14.4570,2.1870,1.1204,0.7207,3.5837,0.5582,6.0575,0.7885,1.8950,0.7539,4.0692
2026-08-06 10:53:08.811,25.116667,69,7,0.007558,-1.5419,166.01,0,0,0,60.0307,218.802,0.08557,1,0,0,0,0,0.007244,0.000210,0.000948,0.000133,0.001195,0.000054,0.000626,0.000075,0.000645,0.000040,0.000736,0.000046,0.000398,0.000058,0.000570,-166.01,-174.00,-115.56,-125.88,-37.37,64.57,49.24,112.63,90.67,167.29,172.59,-145.57,-81.45,-153.37,-2.76,218.1405,4.9278,4.9032,3.7101,14.4570,2.1870,1.1204,0.7207,3.5837,0.5582,6.0575,0.7885,1.8950,0.7539,4.0692
2026-08-06 10:53:08.811,25.133333,69,8,0.007609,-1.5500,166.12,0,0,0,60.0307,218.802,0.08557,1,0,0,0,0,0.007284,0.000174,0.000963,0.000148,0.001273,0.000040,0.000619,0.000123,0.000575,0.000120,0.000675,0.000129,0.000377,0.000045,0.000633,-166.12,-174.24,-114.89,-151.72,-35.69,-55.56,55.11,24.37,100.51,108.66,176.12,149.70,-68.99,-62.94,-4.51,218.1405,4.9278,4.9032,3.7101,14.4570,2.1870,1.1204,0.7207,3.5837,0.5582,6.0575,0.7885,1.8950,0.7539,4.0692
2026-08-06 10:53:08.811,25.150000,69,9,0.007512,-1.5256,165.54,0,0,0,60.0307,218.802,0.08557,1,0,0,0,0,0.007177,0.000229,0.000910,0.000279,0.001191,0.000044,0.000652,0.000077,0.000709,0.000152,0.000720,0.000100,0.000357,0.000114,0.000571,-165.54,-157.70,-117.43,-108.11,-38.10,128.98,41.79,164.66,98.98,39.31,-174.80,117.58,-73.86,14.29,-16.17,218.1405,4.9278,4.9032,3.7101,14.4570,2.1870,1.1204,0.7207,3.5837,0.5582,6.0575,0.7885,1.8950,0.7539,4.0692
2026-08-06 10:53:08.811,25.166667,69,10,0.007515,-1.5307,165.91,0,0,0,60.0307,218.802,0.08557,1,0,0,0,0,0.007196,0.000190,0.000928,0.000082,0.001233,0.000008,0.000632,0.000038,0.000620,0.000054,0.000766,0.000043,0.000381,0.000002,0.000590,-165.91,-174.18,-117.90,-126.18,-37.47,147.72,43.70,46.72,95.64,117.47,173.32,164.06,-79.41,-152.90,0.48,218.1405,4.9278,4.9032,3.7101,14.4570,2.1870,1.1204,0.7207,3.5837,0.5582,6.0575,0.7885,1.8950,0.7539,4.0692
2026-08-06 10:53:08.811,25.183333,69,11,0.007517,-1.5314,164.99,0,0,0,60.0307,218.802,0.08557,1,0,0,0,0,0.007227,0.000341,0.000851,0.000208,0.001080,0.000049,0.000561,0.000177,0.000473,0.000180,0.000692,0.000025,0.000361,0.000142,0.000678,-164.99,-168.20,-114.42,-96.22,-38.73,-35.74,38.55,63.45,101.10,105.33,-178.36,-74.60,-63.52,101.63,-11.71,218.1405,4.9278,4.9032,3.7101,14.4570,2.1870,1.1204,0.7207,3.5837,0.5582,6.0575,0.7885,1.8950,0.7539,4.0692
2026-08-06 10:53:08.811,25.200000,69,12,0.009494,-1.8631,161.88,0,0,0,60.0307,218.802,0.08557,1,0,0,0,0,0.008982,0.001506,0.001681,0.000378,0.001171,0.000260,0.000481,0.000103,0.000555,0.000250,0.000663,0.000010,0.000452,0.000300,0.000785,-161.88,-111.22,-94.04,-66.30,-44.02,-103.50,15.11,-106.96,111.31,-96.57,-170.11,23.55,-95.33,-122.73,-23.15,218.1405,4.9278,4.9032,3.7101,14.4570,2.1870,1.1204,0.7207,3.5837,0.5582,6.0575,0.7885,1.8950,0.7539,4.0692
2026-08-06 10:53:08.811,25.216667,69,13,0.008586,-1.7564,170.11,0,0,0,60.0307,218.802,0.08557,1,0,0,0,0,0.008149,0.001170,0.000918,0.000643,0.001012,0.000410,0.000937,0.000121,0.000706,0.000251,0.000930,0.000299,0.000082,0.000240,0.000754,-170.11,148.85,-178.95,107.65,-9.99,64.63,46.47,-6.08,104.35,148.76,158.74,117.67,-64.82,77.84,3.71,218.1405,4.9278,4.9032,3.7101,14.4570,2.1870,1.1204,0.7207,3.5837,0.5582,6.0575,0.7885,1.8950,0.7539,4.0692
2026-08-06 10:53:08.811,25.233333,69,14,0.007530,-1.5387,165.79,0,0,0,60.0307,218.802,0.08557,1,0,0,0,0,0.007226,0.000223,0.000866,0.000194,0.001152,0.000037,0.000600,0.000018,0.000610,0.000069,0.000792,0.000026,0.000382,0.000124,0.000623,-165.79,-170.79,-120.51,-81.02,-42.80,59.50,48.25,-43.40,101.38,41.22,179.07,-6.65,-83.20,41.88,-12.29,218.1405,4.9278,4.9032,3.7101,14.4570,2.1870,1.1204,0.7207,3.5837,0.5582,6.0575,0.7885,1.8950,0.7539,4.0692
2026-08-06 10:53:08.811,25.250000,69,15,0.007742,-1.5619,166.01,0,0,0,60.0307,218.802,0.08557,1,0,0,0,0,0.007349,0.000333,0.001064,0.000210,0.001386,0.000186,0.000788,0.000252,0.000732,0.000150,0.000767,0.000009,0.000332,0.000206,0.000473,-166.01,-140.20,-112.92,-88.60,-36.73,23.96,51.65,87.19,109.39,-151.61,-177.40,41.54,-77.80,154.68,-14.44,218.1405,4.9278,4.9032,3.7101,14.4570,2.1870,1.1204,0.7207,3.5837,0.5582,6.0575,0.7885,1.8950,0.7539,4.0692
2026-08-06 10:53:08.811,25.266667,69,16,0.007504,-1.5351,166.68,0,0,0,60.0307,218.802,0.08557,1,0,0,0,0,0.007187,0.000263,0.000969,0.000116,0.001230,0.000033,0.000608,0.000079,0.000596,0.000116,0.000730,0.000084,0.000401,0.000041,0.000598,-166.68,-161.46,-118.87,-127.20,-39.01,68.74,47.07,90.12,88.27,124.60,174.78,140.27,-81.29,-117.66,-7.54,218.1405,4.9278,4.9032,3.7101,14.4570,2.1870,1.1204,0.7207,3.5837,0.5582,6.0575,0.7885,1.8950,0.7539,4.0692
2026-08-06 10:53:08.811,25.283333,69,17,0.007471,-1.5292,166.64,0,0,0,60.0307,218.802,0.08557,1,0,0,0,0,0.007157,0.000214,0.000961,0.000155,0.001137,0.000020,0.000575,0.000084,0.000712,0.000062,0.000766,0.000033,0.000367,0.000058,0.000665,-166.64,-147.55,-119.60,-105.10,-40.33,7.86,50.07,148.72,96.72,-105.07,171.18,7.16,-73.69,-77.54,-4.89,218.1405,4.9278,4.9032,3.7101,14.4570,2.1870,1.1204,0.7207,3.5837,0.5582,6.0575,0.7885,1.8950,0.7539,4.0692
2026-08-06 10:53:08.811,25.300000,69,18,0.007624,-1.5446,165.83,0,0,0,60.0307,218.802,0.08557,1,0,0,0,0,0.007255,0.000211,0.000939,0.000124,0.001258,0.000038,0.000658,0.000114,0.000735,0.000065,0.000730,0.000172,0.000426,0.000075,0.000665,-165.83,-167.83,-117.32,-120.56,-40.47,132.53,44.24,50.40,91.85,97.71,168.30,178.48,-88.83,-108.83,-10.55,218.1405,4.9278,4.9032,3.7101,14.4570,2.1870,1.1204,0.7207,3.5837,0.5582,6.0575,0.7885,1.8950,0.7539,4.0692
2026-08-06 10:53:08.811,25.316667,69,19,0.007559,-1.5425,166.07,0,0,0,60.0307,218.802,0.08557,1,0,0,0,0,0.007241,0.000198,0.000900,0.000144,0.001202,0.000076,0.000667,0.000046,0.000644,0.000032,0.000748,0.000033,0.000325,0.000047,0.000644,-166.07,-172.59,-118.31,-105.14,-38.96,12.52,51.13,-131.49,92.86,71.76,176.61,104.06,-76.33,126.13,-0.70,218.1405,4.9278,4.9032,3.7101,14.4570,2.1870,1.1204,0.7207,3.5837,0.5582,6.0575,0.7885,1.8950,0.7539,4.0692
2026-08-06 10:53:08.811,25.333333,69,20,0.007638,-1.5660,166.96,0,0,0,60.0307,218.802,0.08557,1,0,0,0,0,0.007319,0.000302,0.000876,0.000095,0.001249,0.000108,0.000646,0.000030,0.000711,0.000022,0.000691,0.000079,0.000396,0.000023,0.000609,-166.96,-158.78,-110.58,-142.47,-43.75,48.65,51.72,47.00,95.60,142.80,173.38,147.93,-84.14,-44.61,-3.48,218.1405,4.9278,4.9032,3.7101,14.4570,2.1870,1.1204,0.7207,3.5837,0.5582,6.0575,0.7885,1.8950,0.7539,4.0692
2026-08-06 10:53:08.811,25.350000,69,21,0.007535,-1.5388,166.18,0,0,0,60.0307,218.802,0.08557,1,0,0,0,0,0.007216,0.000236,0.000884,0.000177,0.001220,0.000047,0.000645,0.000084,0.000647,0.000081,0.000729,0.000085,0.000360,0.000037,0.000602,-166.18,-160.72,-117.15,-125.53,-39.66,71.63,48.85,5.64,94.46,84.28,168.75,143.87,-80.80,150.72,-3.67,218.1405,4.9278,4.9032,3.7101,14.4570,2.1870,1.1204,0.7207,3.5837,0.5582,6.0575,0.7885,1.8950,0.7539,4.0692
2026-08-06 10:53:08.811,25.366667,69,22,0.007558,-1.5387,165.68,0,0,0,60.0307,218.802,0.08557,1,0,0,0,0,0.007229,0.000283,0.000847,0.000193,0.001188,0.000025,0.000561,0.000140,0.000696,0.000157,0.000897,0.000145,0.000464,0.000097,0.000455,-165.68,-172.09,-113.31,-126.15,-41.45,41.62,40.26,178.00,98.48,14.67,-174.74,83.21,-60.75,-38.82,2.73,218.1405,4.9278,4.9032,3.7101,14.4570,2.1870,1.1204,0.7207,3.5837,0.5582,6.0575,0.7885,1.8950,0.7539,4.0692
2026-08-06 10:53:08.811,25.383333,69,23,0.007596,-1.5494,166.48,0,0,0,60.0307,218.802,0.08557,1,0,0,0,0,0.007258,0.000215,0.000958,0.000118,0.001274,0.000066,0.000635,0.000089,0.000675,0.000055,0.000769,0.000104,0.000400,0.000138,0.000636,-166.48,-162.46,-118.33,-111.68,-39.71,176.12,42.59,52.19,91.79,125.39,168.82,174.82,-85.04,170.61,-6.00,218.1405,4.9278,4.9032,3.7101,14.4570,2.1870,1.1204,0.7207,3.5837,0.5582,6.0575,0.7885,1.8950,0.7539,4.0692
2026-08-06 10:53:08.811,25.400000,69,24,0.007445,-1.5099,165.87,0,0,0,60.0307,218.802,0.08557,1,0,0,0,0,0.007091,0.000270,0.000881,0.000173,0.001331,0.000121,0.000649,0.000159,0.000552,0.000087,0.000643,0.000149,0.000327,0.000165,0.000750,-165.87,172.90,-113.15,-173.29,-40.00,135.01,39.69,134.67,88.39,139.96,173.34,-168.83,-58.18,-113.46,7.39,218.1405,4.9278,4.9032,3.7101,14.4570,2.1870,1.1204,0.7207,3.5837,0.5582,6.0575,0.7885,1.8950,0.7539,4.0692
2026-08-06 10:53:08.811,25.416667,69,25,0.007570,-1.5413,165.81,0,0,0,60.0307,218.802,0.08557,1,0,0,0,0,0.007246,0.000266,0.000963,0.000113,0.001179,0.000080,0.000674,0.000092,0.000601,0.000101,0.000771,0.000022,0.000304,0.000160,0.000669,-165.81,-176.05,-119.84,-67.43,-36.86,-21.03,40.76,105.63,88.73,75.58,178.48,-69.87,-82.07,-157.16,-1.22,218.1405,4.9278,4.9032,3.7101,14.4570,2.1870,1.1204,0.7207,3.5837,0.5582,6.0575,0.7885,1.8950,0.7539,4.0692
2026-08-06 10:53:08.811,25.433333,69,26,0.007502,-1.5280,166.46,0,0,0,60.0307,218.802,0.08557,1,0,0,0,0,0.007156,0.000241,0.000941,0.000148,0.001290,0.000073,0.000750,0.000055,0.000631,0.000057,0.000688,0.000030,0.000395,0.000076,0.000620,-166.46,-174.33,-122.02,-115.97,-39.44,52.34,52.97,109.16,95.70,-153.87,171.09,140.19,-81.01,167.90,-4.39,218.1405,4.9278,4.9032,3.7101,14.4570,2.1870,1.1204,0.7207,3.5837,0.5582,6.0575,0.7885,1.8950,0.7539,4.0692
2026-08-06 10:53:08.811,25.450000,69,27,0.007589,-1.5440,165.38,0,0,0,60.0307,218.802,0.08557,1,0,0,0,0,0.007269,0.000210,0.000936,0.000174,0.001197,0.000016,0.000671,0.000051,0.000650,0.000036,0.000763,0.000036,0.000383,0.000017,0.000573,-165.38,-177.69,-121.03,-109.18,-40.17,41.54,44.66,-93.72,96.51,23.08,178.50,121.99,-75.62,-96.10,-1.02,218.1405,4.9278,4.9032,3.7101,14.4570,2.1870,1.1204,0.7207,3.5837,0.5582,6.0575,0.7885,1.8950,0.7539,4.0692
2026-08-06 10:53:08.811,25.466667,69,28,0.007482,-1.5291,166.42,0,0,0,60.0307,218.802,0.08557,1,0,0,0,0,0.007169,0.000137,0.000866,0.000074,0.001207,0.000043,0.000619,0.000170,0.000675,0.000026,0.000776,0.000101,0.000409,0.000103,0.000547,-166.42,-173.52,-118.01,-111.40,-37.32,69.37,45.65,79.71,93.64,150.43,173.64,-175.93,-80.06,162.82,-3.07,218.1405,4.9278,4.9032,3.7101,14.4570,2.1870,1.1204,0.7207,3.5837,0.5582,6.0575,0.7885,1.8950,0.7539,4.0692
2026-08-06 10:53:08.811,25.483333,69,29,0.007573,-1.5425,165.85,0,0,0,60.0307,218.802,0.08557,1,0,0,0,0,0.007248,0.000192,0.000923,0.000107,0.001226,0.000022,0.000675,0.000053,0.000643,0.000063,0.000759,0.000050,0.000376,0.000027,0.000618,-165.85,-163.32,-116.99,-104.00,-38.02,-23.49,50.22,-28.56,92.98,52.16,173.31,114.58,-89.47,114.92,-1.42,218.1405,4.9278,4.9032,3.7101,14.4570,2.1870,1.1204,0.7207,3.5837,0.5582,6.0575,0.7885,1.8950,0.7539,4.0692
2026-08-06 10:53:09.063,25.500000,70,0,0.007709,-1.5751,167.42,0,0,0,60.0307,218.969,0.08565,1,0,0,0,0,0.007360,0.000341,0.000823,0.000064,0.001224,0.000141,0.000762,0.000030,0.000685,0.000046,0.000819,0.000138,0.000368,0.000158,0.000644,-167.42,157.77,-128.08,35.77,-34.05,28.89,43.17,-32.24,88.90,-67.17,173.78,83.07,-74.05,56.91,2.64,218.3053,4.9722,4.9414,3.7272,14.5004,2.2067,1.0804,0.7378,3.5424,0.5404,6.0287,0.7639,1.9054,0.6922,4.0335
2026-08-06 10:53:09.063,25.516667,70,1,0.007478,-1.4792,174.69,0,0,0,60.0307,218.969,0.08565,1,0,0,0,0,0.006819,0.000844,0.001798,0.000686,0.001597,0.000358,0.000565,0.000050,0.000818,0.000286,0.000523,0.000390,0.000212,0.000076,0.000576,-174.69,-32.06,-124.52,134.62,-19.56,-75.71,57.77,62.85,102.25,52.93,-163.39,-148.87,-126.25,72.17,0.02,218.3053,4.9722,4.9414,3.7272,14.5004,2.2067,1.0804,0.7378,3.5424,0.5404,6.0287,0.7639,1.9054,0.6922,4.0335
2026-08-06 10:53:09.063,25.533333,70,2,0.007453,-1.5179,166.32,0,0,0,60.0307,218.969,0.08565,1,0,0,0,0,0.007113,0.000185,0.000950,0.000172,0.001257,0.000038,0.000675,0.000068,0.000692,0.000101,0.000775,0.000109,0.000327,0.000074,0.000612,-166.32,-155.61,-117.51,-108.17,-37.50,42.27,54.46,122.26,93.47,127.13,173.57,100.49,-78.80,172.60,-2.95,218.3053,4.9722,4.9414,3.7272,14.5004,2.2067,1.0804,0.7378,3.5424,0.5404,6.0287,0.7639,1.9054,0.6922,4.0335
2026-08-06 10:53:09.063,25.550000,70,3,0.007524,-1.5363,166.10,0,0,0,60.0307,218.969,0.08565,1,0,0,0,0,0.007205,0.000200,0.000942,0.000108,0.001204,0.000010,0.000601,0.000082,0.000669,0.000031,0.000739,0.000046,0.000423,0.000059,0.000629,-166.10,-161.46,-119.16,-105.55,-39.96,89.06,48.78,97.09,98.30,175.60,173.96,-155.56,-79.08,-161.87,-3.00,218.3053,4.9722,4.9414,3.7272,14.5004,2.2067,1.0804,0.7378,3.5424,0.5404,6.0287,0.7639,1.9054,0.6922,4.0335
2026-08-06 10:53:09.063,25.566667,70,4,0.007579,-1.5452,165.94,0,0,0,60.0307,218.969,0.08565,1,0,0,0,0,0.007251,0.000247,0.000943,0.000067,0.001263,0.000069,0.000665,0.000038,0.000698,0.000090,0.000718,0.000057,0.000213,0.000151,0.000467,-165.94,-179.86,-116.56,-100.34,-39.24,145.47,37.17,152.24,84.12,171.58,166.87,-137.66,-92.59,-45.56,4.92,218.3053,4.9722,4.9414,3.7272,14.5004,2.2067,1.0804,0.7378,3.5424,0.5404,6.0287,0.7639,1.9054,0.6922,4.0335
2026-08-06 10:53:09.063,25.583333,70,5,0.007510,-1.5264,165.69,0,0,0,60.0307,218.969,0.08565,1,0,0,0,0,0.007176,0.000195,0.000974,0.000139,0.001197,0.000020,0.000669,0.000068,0.000642,0.000062,0.000784,0.000082,0.000379,0.000029,0.000588,-165.69,-167.14,-116.37,-130.81,-38.61,111.25,46.07,121.40,93.22,85.09,177.38,110.33,-77.20,159.07,-6.78,218.3053,4.9722,4.9414,3.7272,14.5004,2.2067,1.0804,0.7378,3.5424,0.5404,6.0287,0.7639,1.9054,0.6922,4.0335
2026-08-06 10:53:09.063,25.600000,70,6,0.007557,-1.5425,165.81,0,0,0,60.0307,218.969,0.08565,1,0,0,0,0,0.007247,0.000252,0.000922,0.000135,0.001206,0.000011,0.000646,0.000120,0.000665,0.000064,0.000704,0.000059,0.000370,0.000089,0.000552,-165.81,-167.76,-117.10,-89.85,-39.12,13.00,44.22,59.07,96.06,33.02,172.77,-165.28,-88.10,142.91,3.54,218.3053,4.9722,4.9414,3.7272,14.5004,2.2067,1.0804,0.7378,3.5424,0.5404,6.0287,0.7639,1.9054,0.6922,4.0335
2026-08-06 10:53:09.063,25.616667,70,7,0.007532,-1.5379,166.27,0,0,0,60.0307,218.969,0.08565,1,0,0,0,0,0.007206,0.000192,0.000896,0.000184,0.001158,0.000101,0.000589,0.000105,0.000577,0.000049,0.000800,0.000152,0.000486,0.000154,0.000688,-166.27,-164.51,-121.37,-105.71,-38.55,4.25,53.83,36.75,96.85,88.06,172.65,82.37,-77.06,138.09,-3.40,218.3053,4.9722,4.9414,3.7272,14.5004,2.2067,1.0804,0.7378,3.5424,0.5404,6.0287,0.7639,1.9054,0.6922,4.0335
2026-08-06 10:53:09.063,25.633333,70,8,0.007577,-1.5443,166.09,0,0,0,60.0307,218.969,0.08565,1,0,0,0,0,0.007243,0.000233,0.000934,0.000155,0.001266,0.000027,0.000663,0.000046,0.000640,0.000042,0.000758,0.000041,0.000392,0.000064,0.000590,-166.09,-160.39,-118.01,-106.32,-38.12,-16.08,45.60,64.45,97.90,49.85,172.75,124.40,-76.80,119.70,-2.08,218.3053,4.9722,4.9414,3.7272,14.5004,2.2067,1.0804,0.7378,3.5424,0.5404,6.0287,0.7639,1.9054,0.6922,4.0335
2026-08-06 10:53:09.063,25.650000,70,9,0.007490,-1.5301,165.86,0,0,0,60.0307,218.969,0.08565,1,0,0,0,0,0.007193,0.000272,0.000872,0.000276,0.001160,0.000080,0.000642,0.000182,0.000590,0.000128,0.000602,0.000175,0.000291,0.000055,0.000438,-165.86,-160.97,-114.80,-120.34,-34.88,-44.69,54.88,58.43,85.67,110.24,174.40,-141.07,-90.19,-88.28,5.79,218.3053,4.9722,4.9414,3.7272,14.5004,2.2067,1.0804,0.7378,3.5424,0.5404,6.0287,0.7639,1.9054,0.6922,4.0335
2026-08-06 10:53:09.063,25.666667,70,10,0.007553,-1.5389,165.90,0,0,0,60.0307,218.969,0.08565,1,0,0,0,0,0.007221,0.000278,0.000949,0.000207,0.001283,0.000033,0.000635,0.000061,0.000595,0.000081,0.000711,0.000084,0.000415,0.000081,0.000640,-165.90,-156.70,-117.40,-115.96,-39.38,47.78,45.47,40.24,87.07,109.17,176.56,103.23,-78.23,146.24,-3.65,218.3053,4.9722,4.9414,3.7272,14.5004,2.2067,1.0804,0.7378,3.5424,0.5404,6.0287,0.7639,1.9054,0.6922,4.0335
2026-08-06 10:53:09.063,25.683333,70,11,0.007605,-1.5527,166.14,0,0,0,60.0307,218.969,0.08565,1,0,0,0,0,0.007287,0.000152,0.000946,0.000108,0.001240,0.000051,0.000630,0.000097,0.000666,0.000058,0.000748,0.000057,0.000366,0.000072,0.000575,-166.14,-165.98,-118.03,-86.67,-38.87,26.38,44.82,72.49,89.09,165.06,165.34,-155.58,-89.34,153.12,0.06,218.3053,4.9722,4.9414,3.7272,14.5004,2.2067,1.0804,0.7378,3.5424,0.5404,6.0287,0.7639,1.9054,0.6922,4.0335
2026-08-06 10:53:09.063,25.700000,70,12,0.007489,-1.5272,165.98,0,0,0,60.0307,218.969,0.08565,1,0,0,0,0,0.007172,0.000222,0.000884,0.000121,0.001224,0.000022,0.000644,0.000053,0.000620,0.000089,0.000728,0.000075,0.000387,0.000081,0.000625,-165.98,179.61,-118.07,-122.50,-37.07,139.28,50.37,48.07,90.06,126.99,171.57,130.60,-88.81,165.72,-3.00,218.3053,4.9722,4.9414,3.7272,14.5004,2.2067,1.0804,0.7378,3.5424,0.5404,6.0287,0.7639,1.9054,0.6922,4.0335
2026-08-06 10:53:09.063,25.716667,70,13,0.007511,-1.5241,165.87,0,0,0,60.0307,218.969,0.08565,1,0,0,0,0,0.007153,0.000292,0.000968,0.000218,0.001338,0.000093,0.000568,0.000098,0.000462,0.000160,0.000628,0.000247,0.000555,0.000157,0.000772,-165.87,-168.15,-115.97,-145.50,-38.42,105.08,34.29,94.11,87.28,112.03,-169.30,108.56,-64.18,115.52,-13.04,218.3053,4.9722,4.9414,3.7272,14.5004,2.2067,1.0804,0.7378,3.5424,0.5404,6.0287,0.7639,1.9054,0.6922,4.0335
2026-08-06 10:53:09.063,25.733333,70,14,0.007532,-1.5402,166.61,0,0,0,60.0307,218.969,0.08565,1,0,0,0,0,0.007211,0.000167,0.000879,0.000116,0.001238,0.000032,0.000637,0.000123,0.000686,0.000086,0.000775,0.000062,0.000420,0.000087,0.000591,-166.61,-174.62,-114.76,-112.09,-37.16,-134.93,49.98,95.45,93.93,97.26,173.98,120.69,-73.13,110.17,-4.34,218.3053,4.9722,4.9414,3.7272,14.5004,2.2067,1.0804,0.7378,3.5424,0.5404,6.0287,0.7639,1.9054,0.6922,4.0335
2026-08-06 10:53:09.063,25.750000,70,15,0.007545,-1.5356,165.56,0,0,0,60.0307,218.969,0.08565,1,0,0,0,0,0.007226,0.000284,0.000854,0.000106,0.001231,0.000064,0.000652,0.000091,0.000572,0.000096,0.000700,0.000016,0.000435,0.000051,0.000685,-165.56,177.06,-119.04,-102.33,-39.62,166.27,48.21,-12.04,97.15,113.16,175.64,65.26,-81.39,167.17,0.13,218.3053,4.9722,4.9414,3.7272,14.5004,2.2067,1.0804,0.7378,3.5424,0.5404,6.0287,0.7639,1.9054,0.6922,4.0335
2026-08-06 10:53:09.063,25.766667,70,16,0.007506,-1.5306,165.88,0,0,0,60.0307,218.969,0.08565,1,0,0,0,0,0.007183,0.000138,0.000954,0.000102,0.001235,0.000145,0.000581,0.000099,0.000617,0.000107,0.000834,0.000091,0.000389,0.000123,0.000424,-165.88,-164.90,-122.60,-125.50,-43.59,41.78,46.28,85.69,101.43,42.87,179.91,32.90,-85.48,39.21,-6.17,218.3053,4.9722,4.9414,3.7272,14.5004,2.2067,1.0804,0.7378,3.5424,0.5404,6.0287,0.7639,1.9054,0.6922,4.0335
2026-08-06 10:53:09.063,25.783333,70,17,0.007609,-1.5514,165.94,0,0,0,60.0307,218.969,0.08565,1,0,0,0,0,0.007279,0.000205,0.000953,0.000175,0.001269,0.000018,0.000610,0.000081,0.000645,0.000031,0.000759,0.000056,0.000361,0.000063,0.000589,-165.94,-167.23,-116.44,-117.41,-39.88,-42.95,47.19,103.25,93.27,101.09,167.68,143.57,-80.52,118.21,-0.25,218.3053,4.9722,4.9414,3.7272,14.5004,2.2067,1.0804,0.7378,3.5424,0.5404,6.0287,0.7639,1.9054,0.6922,4.0335
2026-08-06 10:53:09.063,25.800000,70,18,0.007495,-1.5296,166.14,0,0,0,60.0307,218.969,0.08565,1,0,0,0,0,0.007177,0.000270,0.000890,0.000127,0.001230,0.000058,0.000683,0.000027,0.000631,0.000042,0.000722,0.000048,0.000352,0.000028,0.000641,-166.14,-162.69,-116.25,-127.55,-37.18,49.58,45.58,107.59,94.02,152.77,176.36,103.93,-67.09,119.84,-5.16,218.3053,4.9722,4.9414,3.7272,14.5004,2.2067,1.0804,0.7378,3.5424,0.5404,6.0287,0.7639,1.9054,0.6922,4.0335
2026-08-06 10:53:09.063,25.816667,70,19,0.007546,-1.5338,165.99,0,0,0,60.0307,218.969,0.08565,1,0,0,0,0,0.007196,0.000144,0.000961,0.000076,0.001188,0.000028,0.000658,0.000104,0.000655,0.000088,0.000879,0.000100,0.000361,0.000212,0.000699,-165.99,-177.81,-119.30,-109.50,-36.05,104.57,44.70,91.56,95.19,-9.15,170.95,-100.56,-68.12,-179.80,-13.16,218.3053,4.9722,4.9414,3.7272,14.5004,2.2067,1.0804,0.7378,3.5424,0.5404,6.0287,0.7639,1.9054,0.6922,4.0335
2026-08-06 10:53:09.063,25.833333,70,20,0.007552,-1.5409,166.17,0,0,0,60.0307,218.969,0.08565,1,0,0,0,0,0.007224,0.000211,0.000979,0.000169,0.001271,0.000035,0.000641,0.000064,0.000576,0.000063,0.000696,0.000072,0.000373,0.000077,0.000641,-166.17,-165.74,-117.21,-125.98,-38.94,122.28,43.31,32.97,87.87,103.13,170.65,121.71,-76.64,134.18,-5.06,218.3053,4.9722,4.9414,3.7272,14.5004,2.2067,1.0804,0.7378,3.5424,0.5404,6.0287,0.7639,1.9054,0.6922,4.0335
2026-08-06 10:53:09.063,25.850000,70,21,0.007710,-1.5712,165.97,0,0,0,60.0307,218.969,0.08565,1,0,0,0,0,0.007380,0.000216,0.000970,0.000160,0.001256,0.000012,0.000647,0.000049,0.000642,0.000025,0.000783,0.000061,0.000482,0.000056,0.000655,-165.97,-171.94,-115.56,-128.30,-37.80,-161.89,44.99,-116.20,95.07,7.25,179.79,117.56,-74.94,119.17,-10.48,218.3053,4.9722,4.9414,3.7272,14.5004,2.2067,1.0804,0.7378,3.5424,0.5404,6.0287,0.7639,1.9054,0.6922,4.0335
2026-08-06 10:53:09.063,25.866667,70,22,0.007529,-1.5374,166.43,0,0,0,60.0307,218.969,0.08565,1,0,0,0,0,0.007204,0.000250,0.000911,0.000140,0.001250,0.000027,0.000583,0.000082,0.000653,0.000038,0.000815,0.000050,0.000438,0.000076,0.000560,-166.43,-172.18,-118.68,-132.10,-38.51,148.30,46.40,80.66,94.53,-25.67,174.88,-164.16,-85.10,163.68,-4.93,218.3053,4.9722,4.9414,3.7272,14.5004,2.2067,1.0804,0.7378,3.5424,0.5404,6.0287,0.7639,1.9054,0.6922,4.0335
2026-08-06 10:53:09.063,25.883333,70,23,0.007463,-1.5112,165.18,0,0,0,60.0307,218.969,0.08565,1,0,0,0,0,0.007110,0.000256,0.000925,0.000198,0.001219,0.000094,0.000623,0.000012,0.000638,0.000242,0.000705,0.000121,0.000403,0.000157,0.000788,-165.18,-146.41,-114.03,-113.58,-45.34,170.77,49.54,-83.99,99.27,105.30,168.85,66.31,-83.27,78.94,1.95,218.3053,4.9722,4.9414,3.7272,14.5004,2.2067,1.0804,0.7378,3.5424,0.5404,6.0287,0.7639,1.9054,0.6922,4.0335
2026-08-06 10:53:09.063,25.900000,70,24,0.007557,-1.5399,165.86,0,0,0,60.0307,218.969,0.08565,1,0,0,0,0,0.007239,0.000139,0.000891,0.000161,0.001184,0.000038,0.000661,0.000141,0.000555,0.000048,0.000843,0.000107,0.000388,0.000135,0.000667,-165.86,-165.73,-121.96,-114.31,-36.49,-81.54,43.64,154.64,100.51,46.83,-177.20,62.44,-83.21,-72.06,-0.95,218.3053,4.9722,4.9414,3.7272,14.5004,2.2067,1.0804,0.7378,3.5424,0.5404,6.0287,0.7639,1.9054,0.6922,4.0335
2026-08-06 10:53:09.063,25.916667,70,25,0.007737,-1.5757,165.74,0,0,0,60.0307,218.969,0.08565,1,0,0,0,0,0.007398,0.000374,0.001057,0.000208,0.001222,0.000105,0.000585,0.000121,0.000457,0.000090,0.000657,0.000040,0.000444,0.000084,0.000750,-165.74,-166.36,-127.40,-139.53,-42.92,-79.42,37.84,-70.70,86.09,-52.53,178.53,-61.32,-70.47,-5.11,-1.21,218.3053,4.9722,4.9414,3.7272,14.5004,2.2067,1.0804,0.7378,3.5424,0.5404,6.0287,0.7639,1.9054,0.6922,4.0335
2026-08-06 10:53:09.063,25.933333,70,26,0.007580,-1.5514,166.25,0,0,0,60.0307,218.969,0.08565,1,0,0,0,0,0.007273,0.000241,0.000905,0.000103,0.001204,0.000018,0.000681,0.000053,0.000616,0.000093,0.000728,0.000088,0.000340,0.000064,0.000576,-166.25,-162.17,-116.96,-114.69,-40.82,-161.62,47.20,1.87,93.77,112.77,174.82,136.38,-71.49,176.45,-2.75,218.3053,4.9722,4.9414,3.7272,14.5004,2.2067,1.0804,0.7378,3.5424,0.5404,6.0287,0.7639,1.9054,0.6922,4.0335
2026-08-06 10:53:09.063,25.950000,70,27,0.007554,-1.5475,166.39,0,0,0,60.0307,218.969,0.08565,1,0,0,0,0,0.007257,0.000211,0.000882,0.000181,0.001180,0.000079,0.000644,0.000043,0.000658,0.000069,0.000735,0.000103,0.000412,0.000099,0.000517,-166.39,-141.14,-121.86,-106.82,-36.92,-56.87,49.53,88.02,89.70,-132.35,172.46,-146.03,-75.68,131.59,-5.99,218.3053,4.9722,4.9414,3.7272,14.5004,2.2067,1.0804,0.7378,3.5424,0.5404,6.0287,0.7639,1.9054,0.6922,4.0335
2026-08-06 10:53:09.063,25.966667,70,28,0.007659,-1.5603,166.39,0,0,0,60.0307,218.969,0.08565,1,0,0,0,0,0.007298,0.000277,0.000925,0.000124,0.001256,0.000116,0.000706,0.000068,0.000625,0.000249,0.000871,0.000063,0.000305,0.000176,0.000767,-166.39,-164.02,-116.45,-146.28,-42.57,-31.22,47.71,-3.39,79.95,98.26,177.28,-74.50,-62.15,-149.30,-4.92,218.3053,4.9722,4.9414,3.7272,14.5004,2.2067,1.0804,0.7378,3.5424,0.5404,6.0287,0.7639,1.9054,0.6922,4.0335
2026-08-06 10:53:09.063,25.983333,70,29,0.007515,-1.5390,166.57,0,0,0,60.0307,218.969,0.08565,1,0,0,0,0,0.007206,0.000165,0.000944,0.000105,0.001197,0.000041,0.000629,0.000051,0.000620,0.000038,0.000769,0.000068,0.000349,0.000044,0.000573,-166.57,-161.26,-119.67,-126.95,-37.71,-33.43,50.80,-75.12,94.37,57.05,175.55,106.57,-70.05,-99.67,1.42,218.3053,4.9722,4.9414,3.7272,14.5004,2.2067,1.0804,0.7378,3.5424,0.5404,6.0287,0.7639,1.9054,0.6922,4.0335
2026-08-06 10:53:09.312,26.000000,71,0,0.007562,-1.5444,166.23,0,0,0,60.0269,218.977,0.08594,1,0,0,0,0,0.007243,0.000181,0.000931,0.000112,0.001270,0.000063,0.000618,0.000099,0.000672,0.000067,0.000746,0.000032,0.000373,0.000114,0.000532,-166.23,-144.20,-117.10,-129.07,-38.07,-41.81,48.82,65.46,88.46,90.84,173.18,-158.87,-77.92,135.94,2.42,218.3083,4.9730,4.9991,3.7506,14.5729,2.2196,1.0160,0.7456,3.4677,0.5358,6.0058,0.7878,1.9385,0.7084,4.0569
2026-08-06 10:53:09.312,26.016667,71,1,0.007617,-1.5549,166.21,0,0,0,60.0269,218.977,0.08594,1,0,0,0,0,0.007294,0.000275,0.000938,0.000166,0.001248,0.000028,0.000603,0.000083,0.000595,0.000052,0.000600,0.000098,0.000289,0.000111,0.000585,-166.21,-172.51,-119.98,-115.13,-40.27,-119.21,43.16,-54.85,89.73,8.86,173.30,61.67,-47.05,75.56,18.49,218.3083,4.9730,4.9991,3.7506,14.5729,2.2196,1.0160,0.7456,3.4677,0.5358,6.0058,0.7878,1.9385,0.7084,4.0569
2026-08-06 10:53:09.312,26.033333,71,2,0.007536,-1.5444,166.50,0,0,0,60.0269,218.977,0.08594,1,0,0,0,0,0.007230,0.000189,0.000977,0.000194,0.001157,0.000062,0.000616,0.000149,0.000638,0.000017,0.000701,0.000052,0.000367,0.000117,0.000564,-166.50,-153.18,-117.63,-92.90,-40.16,-157.36,42.03,135.39,93.65,-1.39,169.40,18.28,-66.97,-56.50,2.70,218.3083,4.9730,4.9991,3.7506,14.5729,2.2196,1.0160,0.7456,3.4677,0.5358,6.0058,0.7878,1.9385,0.7084,4.0569
2026-08-06 10:53:09.312,26.050000,71,3,0.007551,-1.5447,166.71,0,0,0,60.0269,218.977,0.08594,1,0,0,0,0,0.007228,0.000291,0.000926,0.000065,0.001210,0.000047,0.000682,0.000121,0.000568,0.000106,0.000757,0.000084,0.000402,0.000086,0.000538,-166.71,-173.29,-111.81,-112.82,-39.78,-27.78,44.06,95.17,90.18,31.05,170.32,172.25,-73.85,116.13,0.18,218.3083,4.9730,4.9991,3.7506,14.5729,2.2196,1.0160,0.7456,3.4677,0.5358,6.0058,0.7878,1.9385,0.7084,4.0569
2026-08-06 10:53:09.312,26.066667,71,4,0.007557,-1.5428,166.38,0,0,0,60.0269,218.977,0.08594,1,0,0,0,0,0.007228,0.000227,0.000937,0.000082,0.001261,0.000083,0.000654,0.000027,0.000614,0.000050,0.000692,0.000110,0.000399,0.000089,0.000667,-166.38,-165.18,-116.87,-128.38,-38.77,72.33,44.33,68.17,96.48,83.04,179.77,111.38,-71.66,154.60,-5.48,218.3083,4.9730,4.9991,3.7506,14.5729,2.2196,1.0160,0.7456,3.4677,0.5358,6.0058,0.7878,1.9385,0.7084,4.0569
2026-08-06 10:53:09.312,26.083333,71,5,0.007553,-1.5336,165.71,0,0,0,60.0269,218.977,0.08594,1,0,0,0,0,0.007205,0.000176,0.000963,0.000179,0.001256,0.000092,0.000711,0.000042,0.000615,0.000134,0.000611,0.000092,0.000347,0.000093,0.000755,-165.71,-166.44,-120.16,-88.72,-41.42,104.20,51.04,-41.21,111.65,112.56,166.68,-93.04,-96.03,127.74,-2.95,218.3083,4.9730,4.9991,3.7506,14.5729,2.2196,1.0160,0.7456,3.4677,0.5358,6.0058,0.7878,1.9385,0.7084,4.0569
2026-08-06 10:53:09.312,26.100000,71,6,0.007537,-1.5425,166.37,0,0,0,60.0269,218.977,0.08594,1,0,0,0,0,0.007223,0.000238,0.000881,0.000122,0.001261,0.000019,0.000597,0.000110,0.000591,0.000079,0.000746,0.000067,0.000356,0.000031,0.000622,-166.37,-169.97,-120.78,-112.54,-38.72,20.77,44.53,38.20,88.98,78.66,166.00,-140.02,-78.92,83.26,-6.46,218.3083,4.9730,4.9991,3.7506,14.5729,2.2196,1.0160,0.7456,3.4677,0.5358,6.0058,0.7878,1.9385,0.7084,4.0569
2026-08-06 10:53:09.312,26.116667,71,7,0.007606,-1.5545,165.96,0,0,0,60.0269,218.977,0.08594,1,0,0,0,0,0.007294,0.000206,0.000964,0.000156,0.001260,0.000072,0.000610,0.000069,0.000581,0.000088,0.000755,0.000053,0.000363,0.000014,0.000560,-165.96,-165.16,-120.22,-106.93,-39.42,-33.80,40.50,10.65,92.59,43.65,175.45,118.08,-67.16,104.63,-3.84,218.3083,4.9730,4.9991,3.7506,14.5729,2.2196,1.0160,0.7456,3.4677,0.5358,6.0058,0.7878,1.9385,0.7084,4.0569
2026-08-06 10:53:09.312,26.133333,71,8,0.007592,-1.5445,166.14,0,0,0,60.0269,218.977,0.08594,1,0,0,0,0,0.007243,0.000213,0.000926,0.000115,0.001282,0.000080,0.000694,0.000020,0.000597,0.000134,0.000712,0.000080,0.000314,0.000150,0.000747,-166.14,179.59,-118.53,-127.92,-37.95,89.24,38.69,38.53,98.21,150.65,169.60,161.55,-76.22,98.54,-8.05,218.3083,4.9730,4.9991,3.7506,14.5729,2.2196,1.0160,0.7456,3.4677,0.5358,6.0058,0.7878,1.9385,0.7084,4.0569
2026-08-06 10:53:09.312,26.150000,71,9,0.007613,-1.5545,166.72,0,0,0,60.0269,218.977,0.08594,1,0,0,0,0,0.007264,0.000234,0.000932,0.000269,0.001299,0.000018,0.000687,0.000131,0.000638,0.000086,0.000797,0.000078,0.000332,0.000025,0.000635,-166.72,-158.67,-125.58,-115.01,-41.72,-82.40,36.70,51.59,93.61,113.18,174.05,-57.06,-67.09,-136.85,6.79,218.3083,4.9730,4.9991,3.7506,14.5729,2.2196,1.0160,0.7456,3.4677,0.5358,6.0058,0.7878,1.9385,0.7084,4.0569
2026-08-06 10:53:09.312,26.166667,71,10,0.007563,-1.5482,166.89,0,0,0,60.0269,218.977,0.08594,1,0,0,0,0,0.007237,0.000147,0.000989,0.000204,0.001170,0.000139,0.000734,0.000083,0.000516,0.000118,0.000738,0.000098,0.000425,0.000052,0.000625,-166.89,-179.40,-114.58,-113.21,-40.86,89.19,37.78,-53.17,106.18,-179.66,164.58,58.60,-71.35,10.57,-4.94,218.3083,4.9730,4.9991,3.7506,14.5729,2.2196,1.0160,0.7456,3.4677,0.5358,6.0058,0.7878,1.9385,0.7084,4.0569
2026-08-06 10:53:09.312,26.183333,71,11,0.007530,-1.5383,166.34,0,0,0,60.0269,218.977,0.08594,1,0,0,0,0,0.007209,0.000209,0.000906,0.000135,0.001255,0.000028,0.000644,0.000136,0.000672,0.000047,0.000758,0.000039,0.000395,0.000114,0.000569,-166.34,-160.07,-116.63,-112.75,-39.70,126.72,48.54,53.14,90.29,78.80,174.63,155.76,-86.04,160.01,-3.57,218.3083,4.9730,4.9991,3.7506,14.5729,2.2196,1.0160,0.7456,3.4677,0.5358,6.0058,0.7878,1.9385,0.7084,4.0569
2026-08-06 10:53:09.312,26.200000,71,12,0.007556,-1.5376,166.16,0,0,0,60.0269,218.977,0.08594,1,0,0,0,0,0.007212,0.000192,0.000992,0.000145,0.001336,0.000018,0.000616,0.000056,0.000595,0.000038,0.000727,0.000078,0.000356,0.000028,0.000641,-166.16,-168.41,-118.28,-114.83,-39.60,-61.63,46.96,-37.37,95.26,94.19,176.65,81.67,-80.90,169.97,-0.11,218.3083,4.9730,4.9991,3.7506,14.5729,2.2196,1.0160,0.7456,3.4677,0.5358,6.0058,0.7878,1.9385,0.7084,4.0569
2026-08-06 10:53:09.312,26.216667,71,13,0.007509,-1.5336,166.39,0,0,0,60.0269,218.977,0.08594,1,0,0,0,0,0.007181,0.000225,0.000911,0.000132,0.001176,0.000047,0.000683,0.000053,0.000683,0.000057,0.000817,0.000041,0.000415,0.000085,0.000594,-166.39,-169.69,-118.34,-115.33,-40.51,24.63,51.25,131.73,93.62,-15.23,175.86,-104.79,-84.52,-124.13,-5.10,218.3083,4.9730,4.9991,3.7506,14.5729,2.2196,1.0160,0.7456,3.4677,0.5358,6.0058,0.7878,1.9385,0.7084,4.0569
2026-08-06 10:53:09.312,26.233333,71,14,0.007605,-1.5477,166.31,0,0,0,60.0269,218.977,0.08594,1,0,0,0,0,0.007256,0.000194,0.001014,0.000156,0.001292,0.000057,0.000584,0.000188,0.000685,0.000054,0.000852,0.000207,0.000392,0.000124,0.000470,-166.31,-151.58,-117.81,-126.54,-37.55,-52.93,48.58,59.05,81.47,-107.42,169.72,116.38,-57.13,-124.54,-10.25,218.3083,4.9730,4.9991,3.7506,14.5729,2.2196,1.0160,0.7456,3.4677,0.5358,6.0058,0.7878,1.9385,0.7084,4.0569
2026-08-06 10:53:09.312,26.250000,71,15,0.007576,-1.5426,165.88,0,0,0,60.0269,218.977,0.08594,1,0,0,0,0,0.007245,0.000254,0.000948,0.000170,0.001262,0.000043,0.000697,0.000062,0.000664,0.000094,0.000668,0.000109,0.000333,0.000030,0.000624,-165.88,-161.31,-114.92,-104.57,-40.01,-24.22,38.53,19.58,92.62,43.09,172.58,105.83,-82.61,109.24,3.52,218.3083,4.9730,4.9991,3.7506,14.5729,2.2196,1.0160,0.7456,3.4677,0.5358,6.0058,0.7878,1.9385,0.7084,4.0569
2026-08-06 10:53:09.312,26.266667,71,16,0.007629,-1.5548,165.74,0,0,0,60.0269,218.977,0.08594,1,0,0,0,0,0.007309,0.000170,0.001003,0.000140,0.001237,0.000025,0.000642,0.000088,0.000707,0.000012,0.000724,0.000049,0.000353,0.000059,0.000467,-165.74,-145.09,-117.94,-129.48,-39.88,-19.73,44.09,74.26,87.97,-70.38,173.14,-130.62,-73.36,-171.06,2.35,218.3083,4.9730,4.9991,3.7506,14.5729,2.2196,1.0160,0.7456,3.4677,0.5358,6.0058,0.7878,1.9385,0.7084,4.0569
2026-08-06 10:53:09.312,26.283333,71,17,0.007637,-1.5584,166.26,0,0,0,60.0269,218.977,0.08594,1,0,0,0,0,0.007310,0.000129,0.000947,0.000085,0.001293,0.000079,0.000582,0.000128,0.000534,0.000157,0.000645,0.000166,0.000354,0.000097,0.000615,-166.26,-177.89,-119.80,-102.14,-40.66,74.99,38.86,95.06,82.22,113.63,175.53,166.36,-58.85,-117.62,11.71,218.3083,4.9730,4.9991,3.7506,14.5729,2.2196,1.0160,0.7456,3.4677,0.5358,6.0058,0.7878,1.9385,0.7084,4.0569
2026-08-06 10:53:09.312,26.300000,71,18,0.007620,-1.5532,165.72,0,0,0,60.0269,218.977,0.08594,1,0,0,0,0,0.007295,0.000255,0.000930,0.000130,0.001250,0.000023,0.000641,0.000067,0.000602,0.000043,0.000727,0.000048,0.000333,0.000076,0.000600,-165.72,-176.23,-118.14,-113.21,-40.61,-36.70,43.82,-158.81,97.24,99.54,174.49,97.07,-65.37,40.55,-3.68,218.3083,4.9730,4.9991,3.7506,14.5729,2.2196,1.0160,0.7456,3.4677,0.5358,6.0058,0.7878,1.9385,0.7084,4.0569
2026-08-06 10:53:09.312,26.316667,71,19,0.007529,-1.5419,166.68,0,0,0,60.0269,218.977,0.08594,1,0,0,0,0,0.007221,0.000188,0.000907,0.000072,0.001236,0.000012,0.000584,0.000086,0.000658,0.000051,0.000738,0.000058,0.000358,0.000028,0.000615,-166.68,-174.28,-119.64,-141.09,-37.24,-54.76,50.46,91.26,92.10,-168.61,176.03,-127.05,-77.35,-159.43,1.13,218.3083,4.9730,4.9991,3.7506,14.5729,2.2196,1.0160,0.7456,3.4677,0.5358,6.0058,0.7878,1.9385,0.7084,4.0569
2026-08-06 10:53:09.312,26.333333,71,20,0.007507,-1.5303,165.96,0,0,0,60.0269,218.977,0.08594,1,0,0,0,0,0.007187,0.000221,0.000918,0.000172,0.001223,0.000080,0.000615,0.000109,0.000544,0.000109,0.000633,0.000037,0.000354,0.000127,0.000643,-165.96,176.46,-118.69,-106.10,-37.74,1.09,50.81,54.79,91.87,163.60,170.44,-70.02,-100.08,92.61,-11.41,218.3083,4.9730,4.9991,3.7506,14.5729,2.2196,1.0160,0.7456,3.4677,0.5358,6.0058,0.7878,1.9385,0.7084,4.0569
2026-08-06 10:53:09.312,26.350000,71,21,0.007513,-1.5385,166.36,0,0,0,60.0269,218.977,0.08594,1,0,0,0,0,0.007212,0.000195,0.000850,0.000142,0.001186,0.000038,0.000606,0.000049,0.000674,0.000028,0.000734,0.000064,0.000352,0.000042,0.000588,-166.36,-174.92,-121.08,-102.63,-39.07,48.13,43.03,-122.96,98.22,-15.82,176.77,149.27,-65.52,-121.72,0.56,218.3083,4.9730,4.9991,3.7506,14.5729,2.2196,1.0160,0.7456,3.4677,0.5358,6.0058,0.7878,1.9385,0.7084,4.0569
2026-08-06 10:53:09.312,26.366667,71,22,0.007505,-1.5299,165.66,0,0,0,60.0269,218.977,0.08594,1,0,0,0,0,0.007193,0.000245,0.001011,0.000179,0.001134,0.000065,0.000603,0.000063,0.000522,0.000095,0.000786,0.000145,0.000365,0.000083,0.000636,-165.66,-152.65,-119.60,-147.98,-40.47,79.29,40.23,62.96,89.26,-134.46,177.72,175.55,-78.47,58.72,-6.25,218.3083,4.9730,4.9991,3.7506,14.5729,2.2196,1.0160,0.7456,3.4677,0.5358,6.0058,0.7878,1.9385,0.7084,4.0569
2026-08-06 10:53:09.312,26.383333,71,23,0.007596,-1.5448,165.63,0,0,0,60.0269,218.977,0.08594,1,0,0,0,0,0.007270,0.000177,0.000886,0.000169,0.001322,0.000136,0.000625,0.000145,0.000633,0.000095,0.000675,0.000005,0.000393,0.000106,0.000522,-165.63,-161.26,-115.15,-94.13,-40.70,-12.33,36.41,-72.71,90.13,48.97,171.56,-101.81,-68.48,-108.34,-12.10,218.3083,4.9730,4.9991,3.7506,14.5729,2.2196,1.0160,0.7456,3.4677,0.5358,6.0058,0.7878,1.9385,0.7084,4.0569
2026-08-06 10:53:09.312,26.400000,71,24,0.007640,-1.5602,166.21,0,0,0,60.0269,218.977,0.08594,1,0,0,0,0,0.007322,0.000145,0.000873,0.000180,0.001213,0.000036,0.000622,0.000178,0.000624,0.000019,0.000869,0.000095,0.000351,0.000133,0.000555,-166.21,-156.84,-121.71,-110.42,-35.65,92.51,45.07,134.49,102.57,65.55,171.75,-104.53,-70.02,-80.35,0.75,218.3083,4.9730,4.9991,3.7506,14.5729,2.2196,1.0160,0.7456,3.4677,0.5358,6.0058,0.7878,1.9385,0.7084,4.0569
2026-08-06 10:53:09.312,26.416667,71,25,0.007523,-1.5317,165.85,0,0,0,60.0269,218.977,0.08594,1,0,0,0,0,0.007195,0.000204,0.000890,0.000196,0.001238,0.000047,0.000671,0.000067,0.000614,0.000030,0.000850,0.000095,0.000334,0.000058,0.000573,-165.85,-155.29,-116.74,-92.99,-38.22,-132.28,47.88,-14.84,91.37,85.99,174.01,168.60,-74.58,170.43,-6.46,218.3083,4.9730,4.9991,3.7506,14.5729,2.2196,1.0160,0.7456,3.4677,0.5358,6.0058,0.7878,1.9385,0.7084,4.0569
2026-08-06 10:53:09.312,26.433333,71,26,0.007384,-1.4131,163.94,0,0,0,60.0269,218.977,0.08594,1,0,0,0,0,0.006698,0.000890,0.001232,0.000368,0.001752,0.000589,0.000257,0.000281,0.000607,0.000508,0.000858,0.000207,0.000498,0.000286,0.000803,-163.94,158.39,-62.64,143.86,-42.89,156.01,27.38,82.91,74.70,22.05,172.01,-99.31,-137.27,-77.00,28.10,218.3083,4.9730,4.9991,3.7506,14.5729,2.2196,1.0160,0.7456,3.4677,0.5358,6.0058,0.7878,1.9385,0.7084,4.0569
2026-08-06 10:53:09.312,26.450000,71,27,0.007490,-1.5308,166.30,0,0,0,60.0269,218.977,0.08594,1,0,0,0,0,0.007178,0.000143,0.000906,0.000095,0.001225,0.000105,0.000590,0.000081,0.000638,0.000080,0.000754,0.000025,0.000417,0.000037,0.000622,-166.30,-161.98,-113.63,-117.20,-39.81,98.27,48.73,103.02,95.09,155.96,174.32,78.13,-82.88,-163.41,-2.82,218.3083,4.9730,4.9991,3.7506,14.5729,2.2196,1.0160,0.7456,3.4677,0.5358,6.0058,0.7878,1.9385,0.7084,4.0569
2026-08-06 10:53:09.312,26.466667,71,28,0.007570,-1.5410,165.48,0,0,0,60.0269,218.977,0.08594,1,0,0,0,0,0.007244,0.000290,0.000877,0.000164,0.001251,0.000076,0.000629,0.000064,0.000631,0.000145,0.000699,0.000147,0.000360,0.000059,0.000625,-165.48,-170.76,-116.20,-102.61,-43.40,97.05,37.81,-33.51,94.71,74.94,176.46,154.22,-79.70,66.31,-7.62,218.3083,4.9730,4.9991,3.7506,14.5729,2.2196,1.0160,0.7456,3.4677,0.5358,6.0058,0.7878,1.9385,0.7084,4.0569
2026-08-06 10:53:09.312,26.483333,71,29,0.007583,-1.5500,166.15,0,0,0,60.0269,218.977,0.08594,1,0,0,0,0,0.007269,0.000172,0.000956,0.000057,0.001170,0.000089,0.000557,0.000063,0.000619,0.000183,0.000852,0.000124,0.000381,0.000141,0.000488,-166.15,177.24,-120.34,-94.80,-42.87,54.84,46.53,45.86,103.81,30.02,179.96,34.94,-85.83,12.01,-12.33,218.3083,4.9730,4.9991,3.7506,14.5729,2.2196,1.0160,0.7456,3.4677,0.5358,6.0058,0.7878,1.9385,0.7084,4.0569
2026-08-06 10:53:09.575,26.500000,72,0,0.007507,-1.5349,166.60,0,0,0,60.0269,218.886,0.08570,1,0,0,0,0,0.007187,0.000168,0.000909,0.000089,0.001269,0.000008,0.000576,0.000070,0.000654,0.000006,0.000789,0.000029,0.000363,0.000090,0.000591,-166.60,-169.73,-116.89,-146.20,-39.78,-11.87,49.96,98.75,87.47,23.91,176.61,-99.18,-88.66,176.74,3.00,218.2214,4.9503,4.9626,3.7602,14.5303,2.2199,1.0572,0.7217,3.4967,0.5944,5.9692,0.8388,1.9084,0.6344,4.0312
2026-08-06 10:53:09.575,26.516667,72,1,0.007617,-1.5542,165.73,0,0,0,60.0269,218.886,0.08570,1,0,0,0,0,0.007302,0.000239,0.000922,0.000129,0.001252,0.000026,0.000632,0.000073,0.000654,0.000089,0.000730,0.000028,0.000382,0.000084,0.000611,-165.73,-162.54,-117.61,-100.68,-40.94,100.60,44.24,21.87,86.91,86.57,177.33,140.76,-83.05,137.25,0.70,218.2214,4.9503,4.9626,3.7602,14.5303,2.2199,1.0572,0.7217,3.4967,0.5944,5.9692,0.8388,1.9084,0.6344,4.0312
2026-08-06 10:53:09.575,26.533333,72,2,0.007610,-1.5534,166.51,0,0,0,60.0269,218.886,0.08570,1,0,0,0,0,0.007273,0.000199,0.000952,0.000134,0.001230,0.000029,0.000628,0.000065,0.000688,0.000084,0.000770,0.000132,0.000327,0.000146,0.000751,-166.51,-162.33,-117.49,-123.36,-39.36,-41.34,54.80,-129.03,93.90,79.25,179.36,35.77,-76.11,-84.46,-2.73,218.2214,4.9503,4.9626,3.7602,14.5303,2.2199,1.0572,0.7217,3.4967,0.5944,5.9692,0.8388,1.9084,0.6344,4.0312
2026-08-06 10:53:09.575,26.550000,72,3,0.007540,-1.5330,165.97,0,0,0,60.0269,218.886,0.08570,1,0,0,0,0,0.007200,0.000207,0.000954,0.000124,0.001281,0.000026,0.000654,0.000062,0.000661,0.000034,0.000787,0.000046,0.000366,0.000049,0.000597,-165.97,-158.42,-116.86,-116.31,-36.70,16.45,45.58,68.26,90.99,43.94,171.87,150.11,-72.88,122.69,2.37,218.2214,4.9503,4.9626,3.7602,14.5303,2.2199,1.0572,0.7217,3.4967,0.5944,5.9692,0.8388,1.9084,0.6344,4.0312
2026-08-06 10:53:09.575,26.566667,72,4,0.007704,-1.5729,166.98,0,0,0,60.0269,218.886,0.08570,1,0,0,0,0,0.007358,0.000246,0.000870,0.000035,0.001355,0.000103,0.000612,0.000087,0.000579,0.000193,0.000812,0.000179,0.000298,0.000067,0.000703,-166.98,153.37,-119.38,10.80,-37.01,-21.19,31.34,-127.59,93.89,145.85,166.53,118.91,-56.69,-10.78,-0.73,218.2214,4.9503,4.9626,3.7602,14.5303,2.2199,1.0572,0.7217,3.4967,0.5944,5.9692,0.8388,1.9084,0.6344,4.0312
2026-08-06 10:53:09.575,26.583333,72,5,0.007483,-1.5173,167.46,0,0,0,60.0269,218.886,0.08570,1,0,0,0,0,0.007062,0.000325,0.000935,0.000150,0.001313,0.000191,0.000699,0.000145,0.000801,0.000121,0.000882,0.000224,0.000585,0.000232,0.000771,-167.46,-118.80,-130.33,-35.42,-46.69,102.05,31.92,-159.17,90.85,-53.18,176.37,55.22,-74.06,161.03,0.45,218.2214,4.9503,4.9626,3.7602,14.5303,2.2199,1.0572,0.7217,3.4967,0.5944,5.9692,0.8388,1.9084,0.6344,4.0312
2026-08-06 10:53:09.575,26.600000,72,6,0.007552,-1.5323,165.69,0,0,0,60.0269,218.886,0.08570,1,0,0,0,0,0.007203,0.000194,0.001028,0.000255,0.001340,0.000106,0.000543,0.000020,0.000548,0.000117,0.000834,0.000174,0.000361,0.000106,0.000468,-165.69,-133.48,-114.57,-102.24,-43.39,-123.04,43.16,22.25,97.97,132.64,173.45,150.55,-80.80,156.32,13.59,218.2214,4.9503,4.9626,3.7602,14.5303,2.2199,1.0572,0.7217,3.4967,0.5944,5.9692,0.8388,1.9084,0.6344,4.0312
2026-08-06 10:53:09.575,26.616667,72,7,0.007598,-1.5526,166.08,0,0,0,60.0269,218.886,0.08570,1,0,0,0,0,0.007284,0.000188,0.000914,0.000113,0.001244,0.000007,0.000693,0.000041,0.000656,0.000070,0.000769,0.000074,0.000353,0.000051,0.000543,-166.08,-178.42,-118.86,-122.26,-40.51,171.81,45.33,90.83,92.37,115.07,171.48,113.47,-78.24,115.74,-1.40,218.2214,4.9503,4.9626,3.7602,14.5303,2.2199,1.0572,0.7217,3.4967,0.5944,5.9692,0.8388,1.9084,0.6344,4.0312
2026-08-06 10:53:09.575,26.633333,72,8,0.007435,-1.5216,167.48,0,0,0,60.0269,218.886,0.08570,1,0,0,0,0,0.007103,0.000046,0.001008,0.000141,0.001125,0.000186,0.000651,0.000045,0.000731,0.000030,0.000717,0.000117,0.000412,0.000184,0.000645,-167.48,-173.27,-114.33,-126.52,-40.26,51.41,46.30,74.54,91.59,46.84,178.75,-154.54,-92.17,136.00,1.19,218.2214,4.9503,4.9626,3.7602,14.5303,2.2199,1.0572,0.7217,3.4967,0.5944,5.9692,0.8388,1.9084,0.6344,4.0312
2026-08-06 10:53:09.575,26.650000,72,9,0.007619,-1.5578,166.61,0,0,0,60.0269,218.886,0.08570,1,0,0,0,0,0.007296,0.000181,0.000879,0.000185,0.001282,0.000044,0.000606,0.000140,0.000658,0.000084,0.000740,0.000095,0.000332,0.000059,0.000652,-166.61,-179.41,-114.29,-102.38,-40.63,-136.76,48.93,65.89,90.56,59.43,174.91,-176.81,-88.16,177.32,3.20,218.2214,4.9503,4.9626,3.7602,14.5303,2.2199,1.0572,0.7217,3.4967,0.5944,5.9692,0.8388,1.9084,0.6344,4.0312
2026-08-06 10:53:09.575,26.666667,72,10,0.007579,-1.5503,166.26,0,0,0,60.0269,218.886,0.08570,1,0,0,0,0,0.007275,0.000184,0.000821,0.000222,0.001205,0.000096,0.000641,0.000032,0.000572,0.000101,0.000771,0.000032,0.000407,0.000064,0.000575,-166.26,-130.34,-121.16,-113.74,-36.73,177.38,43.18,101.23,96.09,47.87,178.98,73.63,-76.46,-6.03,-1.25,218.2214,4.9503,4.9626,3.7602,14.5303,2.2199,1.0572,0.7217,3.4967,0.5944,5.9692,0.8388,1.9084,0.6344,4.0312
2026-08-06 10:53:09.575,26.683333,72,11,0.007540,-1.5380,166.00,0,0,0,60.0269,218.886,0.08570,1,0,0,0,0,0.007221,0.000212,0.000934,0.000157,0.001246,0.000016,0.000619,0.000081,0.000649,0.000026,0.000739,0.000042,0.000396,0.000132,0.000564,-166.00,-157.43,-117.38,-111.00,-39.78,-12.58,49.04,47.89,96.28,103.67,172.50,104.25,-82.72,138.88,-0.47,218.2214,4.9503,4.9626,3.7602,14.5303,2.2199,1.0572,0.7217,3.4967,0.5944,5.9692,0.8388,1.9084,0.6344,4.0312
2026-08-06 10:53:09.575,26.700000,72,12,0.007559,-1.5499,166.76,0,0,0,60.0269,218.886,0.08570,1,0,0,0,0,0.007254,0.000237,0.000892,0.000111,0.001217,0.000083,0.000612,0.000058,0.000699,0.000069,0.000726,0.000068,0.000301,0.000045,0.000575,-166.76,-159.14,-117.19,-125.02,-38.85,57.43,47.18,-22.78,96.75,98.56,170.41,164.33,-83.18,-119.41,-6.44,218.2214,4.9503,4.9626,3.7602,14.5303,2.2199,1.0572,0.7217,3.4967,0.5944,5.9692,0.8388,1.9084,0.6344,4.0312
2026-08-06 10:53:09.575,26.716667,72,13,0.007647,-1.5570,165.21,0,0,0,60.0269,218.886,0.08570,1,0,0,0,0,0.007335,0.000207,0.000835,0.000138,0.001177,0.000149,0.000681,0.000054,0.000656,0.000062,0.000779,0.000053,0.000501,0.000161,0.000562,-165.21,-116.99,-113.30,-160.24,-43.40,-57.90,40.41,128.80,96.39,0.35,170.93,-179.22,-54.41,39.72,15.08,218.2214,4.9503,4.9626,3.7602,14.5303,2.2199,1.0572,0.7217,3.4967,0.5944,5.9692,0.8388,1.9084,0.6344,4.0312
2026-08-06 10:53:09.575,26.733333,72,14,0.007561,-1.5394,166.58,0,0,0,60.0269,218.886,0.08570,1,0,0,0,0,0.007223,0.000103,0.000872,0.000025,0.001222,0.000070,0.000581,0.000092,0.000681,0.000087,0.000724,0.000095,0.000516,0.000141,0.000656,-166.58,166.00,-123.05,-138.83,-33.84,110.86,55.24,68.17,99.99,-167.37,173.51,-126.14,-77.37,-94.47,-2.64,218.2214,4.9503,4.9626,3.7602,14.5303,2.2199,1.0572,0.7217,3.4967,0.5944,5.9692,0.8388,1.9084,0.6344,4.0312
2026-08-06 10:53:09.575,26.750000,72,15,0.006632,-1.3403,169.45,0,0,0,60.0269,218.886,0.08570,1,0,0,0,0,0.006167,0.001169,0.000512,0.000865,0.000699,0.000373,0.000497,0.000036,0.000751,0.000153,0.000976,0.000226,0.000489,0.000197,0.000627,-169.45,-124.69,165.47,-60.46,-51.43,12.42,44.90,-94.23,98.11,-30.84,172.64,41.75,-98.81,71.84,-18.21,218.2214,4.9503,4.9626,3.7602,14.5303,2.2199,1.0572,0.7217,3.4967,0.5944,5.9692,0.8388,1.9084,0.6344,4.0312
2026-08-06 10:53:09.575,26.766667,72,16,0.007487,-1.5325,166.69,0,0,0,60.0269,218.886,0.08570,1,0,0,0,0,0.007177,0.000253,0.000977,0.000098,0.001131,0.000068,0.000655,0.000140,0.000663,0.000023,0.000655,0.000133,0.000424,0.000079,0.000655,-166.69,-167.89,-114.34,-99.93,-38.11,-96.51,42.12,82.10,98.62,-97.04,172.96,124.75,-84.02,-132.62,4.38,218.2214,4.9503,4.9626,3.7602,14.5303,2.2199,1.0572,0.7217,3.4967,0.5944,5.9692,0.8388,1.9084,0.6344,4.0312
2026-08-06 10:53:09.575,26.783333,72,17,0.007564,-1.5380,165.75,0,0,0,60.0269,218.886,0.08570,1,0,0,0,0,0.007231,0.000224,0.000959,0.000135,0.001293,0.000042,0.000637,0.000110,0.000677,0.000137,0.000743,0.000090,0.000413,0.000059,0.000545,-165.75,-151.94,-117.28,-115.04,-39.06,55.47,42.30,44.30,86.71,69.69,171.95,145.01,-79.69,139.32,-4.42,218.2214,4.9503,4.9626,3.7602,14.5303,2.2199,1.0572,0.7217,3.4967,0.5944,5.9692,0.8388,1.9084,0.6344,4.0312
2026-08-06 10:53:09.575,26.800000,72,18,0.007573,-1.5461,166.55,0,0,0,60.0269,218.886,0.08570,1,0,0,0,0,0.007237,0.000203,0.000930,0.000150,0.001243,0.000077,0.000655,0.000112,0.000515,0.000064,0.000873,0.000186,0.000281,0.000102,0.000802,-166.55,-158.81,-120.35,-133.64,-37.57,63.18,44.08,-37.91,90.15,-140.67,171.90,118.22,-59.45,24.15,-7.06,218.2214,4.9503,4.9626,3.7602,14.5303,2.2199,1.0572,0.7217,3.4967,0.5944,5.9692,0.8388,1.9084,0.6344,4.0312
2026-08-06 10:53:09.575,26.816667,72,19,0.007518,-1.5389,166.73,0,0,0,60.0269,218.886,0.08570,1,0,0,0,0,0.007204,0.000213,0.000854,0.000096,0.001262,0.000059,0.000626,0.000091,0.000668,0.000037,0.000734,0.000026,0.000398,0.000116,0.000605,-166.73,-172.47,-118.48,-107.74,-39.14,61.69,48.66,67.40,94.27,-165.53,172.29,131.93,-84.62,164.84,-6.80,218.2214,4.9503,4.9626,3.7602,14.5303,2.2199,1.0572,0.7217,3.4967,0.5944,5.9692,0.8388,1.9084,0.6344,4.0312
2026-08-06 10:53:09.575,26.833333,72,20,0.007504,-1.5304,165.90,0,0,0,60.0269,218.886,0.08570,1,0,0,0,0,0.007190,0.000238,0.000941,0.000150,0.001241,0.000039,0.000591,0.000109,0.000633,0.000073,0.000758,0.000113,0.000364,0.000004,0.000551,-165.90,-161.16,-116.24,-132.43,-37.28,-86.55,44.30,61.22,91.79,101.69,170.72,149.45,-78.83,62.00,-3.98,218.2214,4.9503,4.9626,3.7602,14.5303,2.2199,1.0572,0.7217,3.4967,0.5944,5.9692,0.8388,1.9084,0.6344,4.0312
2026-08-06 10:53:09.575,26.850000,72,21,0.007475,-1.5198,165.81,0,0,0,60.0269,218.886,0.08570,1,0,0,0,0,0.007140,0.000165,0.001000,0.000199,0.001225,0.000045,0.000562,0.000171,0.000709,0.000161,0.000642,0.000105,0.000485,0.000031,0.000582,-165.81,-148.05,-117.13,-126.17,-40.49,-148.11,49.60,98.45,87.75,51.28,173.23,34.61,-69.84,-107.96,-5.76,218.2214,4.9503,4.9626,3.7602,14.5303,2.2199,1.0572,0.7217,3.4967,0.5944,5.9692,0.8388,1.9084,0.6344,4.0312
2026-08-06 10:53:09.575,26.866667,72,22,0.007558,-1.5346,166.44,0,0,0,60.0269,218.886,0.08570,1,0,0,0,0,0.007186,0.000164,0.000990,0.000185,0.001294,0.000093,0.000628,0.000132,0.000714,0.000101,0.000826,0.000112,0.000489,0.000028,0.000699,-166.44,170.09,-121.69,-152.34,-41.28,-57.91,37.01,57.84,85.47,106.76,171.96,176.79,-78.56,145.50,-0.69,218.2214,4.9503,4.9626,3.7602,14.5303,2.2199,1.0572,0.7217,3.4967,0.5944,5.9692,0.8388,1.9084,0.6344,4.0312
2026-08-06 10:53:09.575,26.883333,72,23,0.007546,-1.5308,165.63,0,0,0,60.0269,218.886,0.08570,1,0,0,0,0,0.007188,0.000211,0.000963,0.000162,0.001336,0.000151,0.000499,0.000042,0.000641,0.000232,0.000786,0.000183,0.000399,0.000080,0.000683,-165.63,-155.33,-116.26,-110.13,-42.42,-119.64,47.67,163.16,100.09,110.36,163.83,77.99,-66.95,37.74,-3.32,218.2214,4.9503,4.9626,3.7602,14.5303,2.2199,1.0572,0.7217,3.4967,0.5944,5.9692,0.8388,1.9084,0.6344,4.0312
2026-08-06 10:53:09.575,26.900000,72,24,0.007585,-1.5514,166.69,0,0,0,60.0269,218.886,0.08570,1,0,0,0,0,0.007265,0.000239,0.000907,0.000147,0.001211,0.000028,0.000594,0.000011,0.000663,0.000041,0.000782,0.000067,0.000413,0.000020,0.000662,-166.69,-169.02,-118.10,-113.14,-37.73,-62.56,46.88,-109.26,97.59,-18.54,175.57,71.93,-70.15,7.24,-1.40,218.2214,4.9503,4.9626,3.7602,14.5303,2.2199,1.0572,0.7217,3.4967,0.5944,5.9692,0.8388,1.9084,0.6344,4.0312
2026-08-06 10:53:09.575,26.916667,72,25,0.007639,-1.5544,165.82,0,0,0,60.0269,218.886,0.08570,1,0,0,0,0,0.007309,0.000218,0.000946,0.000109,0.001320,0.000047,0.000647,0.000154,0.000642,0.000146,0.000707,0.000076,0.000373,0.000106,0.000609,-165.82,-166.78,-115.42,-97.66,-39.68,59.83,44.46,53.89,90.66,116.65,173.53,154.67,-77.80,150.62,-0.59,218.2214,4.9503,4.9626,3.7602,14.5303,2.2199,1.0572,0.7217,3.4967,0.5944,5.9692,0.8388,1.9084,0.6344,4.0312
2026-08-06 10:53:09.575,26.933333,72,26,0.007554,-1.5423,166.28,0,0,0,60.0269,218.886,0.08570,1,0,0,0,0,0.007234,0.000262,0.000906,0.000151,0.001268,0.000065,0.000628,0.000053,0.000590,0.000097,0.000709,0.000138,0.000354,0.000063,0.000626,-166.28,178.78,-120.46,-99.16,-40.38,44.46,43.41,-17.74,92.12,86.78,174.29,97.87,-82.07,138.65,-5.64,218.2214,4.9503,4.9626,3.7602,14.5303,2.2199,1.0572,0.7217,3.4967,0.5944,5.9692,0.8388,1.9084,0.6344,4.0312
2026-08-06 10:53:09.575,26.950000,72,27,0.007596,-1.5465,166.22,0,0,0,60.0269,218.886,0.08570,1,0,0,0,0,0.007254,0.000166,0.000879,0.000096,0.001220,0.000075,0.000686,0.000115,0.000695,0.000086,0.000874,0.000106,0.000400,0.000263,0.000463,-166.22,-167.32,-116.69,-106.76,-39.78,142.18,51.55,63.10,88.06,-123.13,172.36,113.92,-66.88,-117.74,-3.91,218.2214,4.9503,4.9626,3.7602,14.5303,2.2199,1.0572,0.7217,3.4967,0.5944,5.9692,0.8388,1.9084,0.6344,4.0312
2026-08-06 10:53:09.575,26.966667,72,28,0.007581,-1.5443,166.05,0,0,0,60.0269,218.886,0.08570,1,0,0,0,0,0.007254,0.000191,0.000929,0.000146,0.001237,0.000041,0.000682,0.000058,0.000672,0.000079,0.000778,0.000061,0.000359,0.000023,0.000611,-166.05,-153.69,-116.97,-96.12,-37.72,-33.99,45.53,27.89,90.81,98.53,172.14,157.62,-82.46,159.75,1.93,218.2214,4.9503,4.9626,3.7602,14.5303,2.2199,1.0572,0.7217,3.4967,0.5944,5.9692,0.8388,1.9084,0.6344,4.0312
2026-08-06 10:53:09.575,26.983333,72,29,0.007552,-1.5402,166.13,0,0,0,60.0269,218.886,0.08570,1,0,0,0,0,0.007234,0.000165,0.000932,0.000184,0.001214,0.000061,0.000631,0.000027,0.000676,0.000072,0.000731,0.000021,0.000372,0.000031,0.000562,-166.13,-159.53,-117.95,-107.28,-38.45,-61.49,52.09,-14.24,94.47,20.99,174.82,160.37,-70.85,96.58,-3.04,218.2214,4.9503,4.9626,3.7602,14.5303,2.2199,1.0572,0.7217,3.4967,0.5944,5.9692,0.8388,1.9084,0.6344,4.0312
2026-08-06 10:53:09.881,27.000000,73,0,0.007513,-1.5324,165.85,0,0,0,60.0269,218.825,0.08569,1,0,0,0,0,0.007212,0.000271,0.000915,0.000182,0.001238,0.000027,0.000597,0.000173,0.000535,0.000210,0.000641,0.000163,0.000280,0.000119,0.000438,-165.85,-164.67,-113.75,-123.84,-36.51,-1.63,49.47,43.40,96.15,112.88,178.42,-174.43,-64.11,-109.15,2.22,218.1609,4.9526,4.9507,3.7407,14.5212,2.2101,1.0685,0.7482,3.4875,0.5445,5.9825,0.7992,1.8725,0.7009,4.0652
2026-08-06 10:53:09.881,27.016667,73,1,0.007543,-1.5386,165.96,0,0,0,60.0269,218.825,0.08569,1,0,0,0,0,0.007227,0.000286,0.000897,0.000176,0.001246,0.000019,0.000637,0.000094,0.000599,0.000095,0.000735,0.000103,0.000416,0.000079,0.000575,-165.96,-168.08,-117.17,-109.59,-39.64,-56.99,44.99,24.15,94.49,78.50,172.88,152.99,-83.57,126.33,-4.32,218.1609,4.9526,4.9507,3.7407,14.5212,2.2101,1.0685,0.7482,3.4875,0.5445,5.9825,0.7992,1.8725,0.7009,4.0652
2026-08-06 10:53:09.881,27.033333,73,2,0.007482,-1.5281,166.27,0,0,0,60.0269,218.825,0.08569,1,0,0,0,0,0.007169,0.000274,0.000935,0.000177,0.001209,0.000019,0.000612,0.000042,0.000618,0.000077,0.000735,0.000032,0.000376,0.000053,0.000550,-166.27,-167.30,-119.74,-115.46,-41.72,41.44,46.24,-130.85,97.76,26.71,-177.19,88.13,-83.00,-53.21,-13.97,218.1609,4.9526,4.9507,3.7407,14.5212,2.2101,1.0685,0.7482,3.4875,0.5445,5.9825,0.7992,1.8725,0.7009,4.0652
2026-08-06 10:53:09.881,27.050000,73,3,0.007458,-1.5292,166.64,0,0,0,60.0269,218.825,0.08569,1,0,0,0,0,0.007170,0.000288,0.000858,0.000180,0.001143,0.000157,0.000549,0.000184,0.000540,0.000183,0.000681,0.000159,0.000329,0.000177,0.000456,-166.64,-153.77,-117.82,-98.69,-38.43,-8.52,54.05,46.47,96.99,84.99,178.74,179.97,-48.71,-125.31,9.23,218.1609,4.9526,4.9507,3.7407,14.5212,2.2101,1.0685,0.7482,3.4875,0.5445,5.9825,0.7992,1.8725,0.7009,4.0652
2026-08-06 10:53:09.881,27.066667,73,4,0.007580,-1.5458,166.59,0,0,0,60.0269,218.825,0.08569,1,0,0,0,0,0.007242,0.000240,0.000956,0.000097,0.001282,0.000015,0.000625,0.000051,0.000626,0.000086,0.000774,0.000120,0.000390,0.000061,0.000572,-166.59,-162.69,-117.33,-130.79,-38.93,-9.05,48.67,81.01,91.25,91.76,172.45,126.12,-91.20,-160.81,-1.43,218.1609,4.9526,4.9507,3.7407,14.5212,2.2101,1.0685,0.7482,3.4875,0.5445,5.9825,0.7992,1.8725,0.7009,4.0652
2026-08-06 10:53:09.881,27.083333,73,5,0.007564,-1.5314,165.22,0,0,0,60.0269,218.825,0.08569,1,0,0,0,0,0.007216,0.000216,0.001045,0.000168,0.001211,0.000151,0.000765,0.000107,0.000622,0.000054,0.000787,0.000198,0.000255,0.000083,0.000597,-165.22,-155.95,-120.29,-117.32,-37.81,11.70,42.45,-32.39,88.78,55.46,171.93,92.49,-67.03,47.72,1.03,218.1609,4.9526,4.9507,3.7407,14.5212,2.2101,1.0685,0.7482,3.4875,0.5445,5.9825,0.7992,1.8725,0.7009,4.0652
2026-08-06 10:53:09.881,27.100000,73,6,0.007556,-1.5413,166.39,0,0,0,60.0269,218.825,0.08569,1,0,0,0,0,0.007226,0.000255,0.000870,0.000097,0.001233,0.000056,0.000649,0.000054,0.000693,0.000100,0.000815,0.000131,0.000376,0.000016,0.000594,-166.39,-177.52,-117.91,-110.64,-36.30,-47.82,42.02,166.65,100.37,124.56,165.33,110.18,-65.25,-88.41,-10.77,218.1609,4.9526,4.9507,3.7407,14.5212,2.2101,1.0685,0.7482,3.4875,0.5445,5.9825,0.7992,1.8725,0.7009,4.0652
2026-08-06 10:53:09.881,27.116667,73,7,0.007572,-1.5398,165.52,0,0,0,60.0269,218.825,0.08569,1,0,0,0,0,0.007244,0.000267,0.000884,0.000135,0.001240,0.000092,0.000672,0.000025,0.000635,0.000101,0.000702,0.000043,0.000370,0.000034,0.000665,-165.52,-171.00,-117.06,-101.57,-40.58,98.45,44.16,-15.41,93.73,102.26,173.32,131.26,-82.15,106.06,-0.11,218.1609,4.9526,4.9507,3.7407,14.5212,2.2101,1.0685,0.7482,3.4875,0.5445,5.9825,0.7992,1.8725,0.7009,4.0652
2026-08-06 10:53:09.881,27.133333,73,8,0.007576,-1.5441,166.23,0,0,0,60.0269,218.825,0.08569,1,0,0,0,0,0.007251,0.000177,0.000760,0.000079,0.001296,0.000153,0.000626,0.000015,0.000621,0.000090,0.000764,0.000008,0.000477,0.000132,0.000681,-166.23,-165.49,-116.81,-56.91,-38.24,-37.98,41.09,-151.12,101.49,-130.95,176.75,63.35,-92.17,-160.15,-9.32,218.1609,4.9526,4.9507,3.7407,14.5212,2.2101,1.0685,0.7482,3.4875,0.5445,5.9825,0.7992,1.8725,0.7009,4.0652
2026-08-06 10:53:09.881,27.150000,73,9,0.008095,-1.4175,146.81,0,0,0,60.0269,218.825,0.08569,1,0,0,0,0,0.007757,0.001231,0.000835,0.000330,0.000805,0.000124,0.000456,0.000175,0.000473,0.000218,0.000683,0.000133,0.000224,0.000100,0.000442,-146.81,25.48,-117.04,50.81,-44.38,161.58,63.95,-76.32,92.10,13.39,176.07,69.31,-108.53,92.92,18.47,218.1609,4.9526,4.9507,3.7407,14.5212,2.2101,1.0685,0.7482,3.4875,0.5445,5.9825,0.7992,1.8725,0.7009,4.0652
2026-08-06 10:53:09.881,27.166667,73,10,0.007563,-1.5449,166.17,0,0,0,60.0269,218.825,0.08569,1,0,0,0,0,0.007250,0.000218,0.000939,0.000177,0.001246,0.000027,0.000618,0.000022,0.000586,0.000078,0.000690,0.000063,0.000400,0.000018,0.000620,-166.17,177.24,-119.55,-109.47,-39.85,-5.90,47.22,-21.62,93.34,73.04,179.38,103.70,-69.09,99.19,-1.55,218.1609,4.9526,4.9507,3.7407,14.5212,2.2101,1.0685,0.7482,3.4875,0.5445,5.9825,0.7992,1.8725,0.7009,4.0652
2026-08-06 10:53:09.881,27.183333,73,11,0.007612,-1.5563,166.32,0,0,0,60.0269,218.825,0.08569,1,0,0,0,0,0.007303,0.000251,0.000896,0.000141,0.001123,0.000044,0.000583,0.000064,0.000729,0.000063,0.000813,0.000149,0.000452,0.000140,0.000597,-166.32,179.66,-117.49,-91.03,-37.76,25.57,33.22,104.86,96.11,-47.85,176.55,109.39,-66.64,-121.68,0.37,218.1609,4.9526,4.9507,3.7407,14.5212,2.2101,1.0685,0.7482,3.4875,0.5445,5.9825,0.7992,1.8725,0.7009,4.0652
2026-08-06 10:53:09.881,27.200000,73,12,0.007507,-1.5226,165.79,0,0,0,60.0269,218.825,0.08569,1,0,0,0,0,0.007149,0.000229,0.000974,0.000058,0.001250,0.000068,0.000670,0.000053,0.000725,0.000149,0.000662,0.000203,0.000509,0.000222,0.000736,-165.79,-178.82,-118.44,-117.77,-39.87,-8.69,49.64,6.50,90.64,-166.11,163.57,173.61,-58.00,139.33,-14.82,218.1609,4.9526,4.9507,3.7407,14.5212,2.2101,1.0685,0.7482,3.4875,0.5445,5.9825,0.7992,1.8725,0.7009,4.0652
2026-08-06 10:53:09.881,27.216667,73,13,0.007570,-1.5403,165.70,0,0,0,60.0269,218.825,0.08569,1,0,0,0,0,0.007243,0.000243,0.000908,0.000176,0.001228,0.000017,0.000686,0.000078,0.000634,0.000110,0.000767,0.000090,0.000374,0.000035,0.000610,-165.70,-172.29,-120.23,-104.69,-39.06,-62.07,38.30,-38.91,92.63,62.87,174.69,113.10,-75.75,3.38,-4.40,218.1609,4.9526,4.9507,3.7407,14.5212,2.2101,1.0685,0.7482,3.4875,0.5445,5.9825,0.7992,1.8725,0.7009,4.0652
2026-08-06 10:53:09.881,27.233333,73,14,0.007559,-1.5435,166.15,0,0,0,60.0269,218.825,0.08569,1,0,0,0,0,0.007247,0.000137,0.000859,0.000099,0.001200,0.000008,0.000625,0.000034,0.000704,0.000019,0.000777,0.000020,0.000384,0.000014,0.000581,-166.15,-169.62,-117.71,-94.12,-39.20,38.15,45.08,105.15,94.19,21.57,172.20,-179.86,-79.66,-141.20,-0.23,218.1609,4.9526,4.9507,3.7407,14.5212,2.2101,1.0685,0.7482,3.4875,0.5445,5.9825,0.7992,1.8725,0.7009,4.0652
2026-08-06 10:53:09.881,27.250000,73,15,0.007558,-1.5319,165.32,0,0,0,60.0269,218.825,0.08569,1,0,0,0,0,0.007209,0.000138,0.000929,0.000104,0.001282,0.000062,0.000747,0.000047,0.000471,0.000269,0.000883,0.000121,0.000351,0.000162,0.000652,-165.32,173.05,-123.57,-121.31,-39.78,27.24,51.64,-138.34,84.71,74.73,176.90,-86.32,-53.66,150.92,-19.22,218.1609,4.9526,4.9507,3.7407,14.5212,2.2101,1.0685,0.7482,3.4875,0.5445,5.9825,0.7992,1.8725,0.7009,4.0652
2026-08-06 10:53:09.881,27.266667,73,16,0.007523,-1.5323,165.82,0,0,0,60.0269,218.825,0.08569,1,0,0,0,0,0.007204,0.000217,0.000958,0.000121,0.001223,0.000024,0.000631,0.000009,0.000583,0.000028,0.000775,0.000024,0.000389,0.000014,0.000581,-165.82,-169.11,-119.30,-128.11,-37.66,167.96,45.67,-141.50,94.06,129.99,-179.64,117.06,-75.20,69.89,-7.53,218.1609,4.9526,4.9507,3.7407,14.5212,2.2101,1.0685,0.7482,3.4875,0.5445,5.9825,0.7992,1.8725,0.7009,4.0652
2026-08-06 10:53:09.881,27.283333,73,17,0.007615,-1.5531,166.07,0,0,0,60.0269,218.825,0.08569,1,0,0,0,0,0.007296,0.000107,0.000986,0.000107,0.001227,0.000076,0.000594,0.000107,0.000654,0.000031,0.000692,0.000071,0.000377,0.000123,0.000582,-166.07,-157.33,-118.46,-129.82,-40.71,56.23,38.93,87.30,84.81,-173.39,172.99,-146.92,-65.83,-179.45,7.44,218.1609,4.9526,4.9507,3.7407,14.5212,2.2101,1.0685,0.7482,3.4875,0.5445,5.9825,0.7992,1.8725,0.7009,4.0652
2026-08-06 10:53:09.881,27.300000,73,18,0.007624,-1.5527,166.12,0,0,0,60.0269,218.825,0.08569,1,0,0,0,0,0.007294,0.000260,0.000946,0.000177,0.001237,0.000078,0.000623,0.000025,0.000679,0.000158,0.000694,0.000067,0.000497,0.000185,0.000543,-166.12,-158.86,-116.02,-128.68,-36.62,-45.33,45.68,-89.94,97.46,70.39,169.70,-72.43,-90.40,155.32,12.90,218.1609,4.9526,4.9507,3.7407,14.5212,2.2101,1.0685,0.7482,3.4875,0.5445,5.9825,0.7992,1.8725,0.7009,4.0652
2026-08-06 10:53:09.881,27.316667,73,19,0.007497,-1.5333,166.49,0,0,0,60.0269,218.825,0.08569,1,0,0,0,0,0.007185,0.000219,0.000894,0.000137,0.001232,0.000061,0.000651,0.000031,0.000600,0.000017,0.000746,0.000015,0.000396,0.000006,0.000592,-166.49,-171.38,-118.66,-111.41,-39.24,61.88,47.15,144.15,98.84,93.36,177.06,139.99,-76.47,117.35,-9.29,218.1609,4.9526,4.9507,3.7407,14.5212,2.2101,1.0685,0.7482,3.4875,0.5445,5.9825,0.7992,1.8725,0.7009,4.0652
2026-08-06 10:53:09.881,27.333333,73,20,0.007519,-1.5320,166.22,0,0,0,60.0269,218.825,0.08569,1,0,0,0,0,0.007192,0.000221,0.000904,0.000141,0.001290,0.000019,0.000614,0.000078,0.000644,0.000078,0.000763,0.000101,0.000393,0.000100,0.000620,-166.22,-155.83,-116.62,-127.17,-36.12,-97.93,48.91,64.81,90.48,104.28,171.59,-179.86,-74.72,144.82,2.28,218.1609,4.9526,4.9507,3.7407,14.5212,2.2101,1.0685,0.7482,3.4875,0.5445,5.9825,0.7992,1.8725,0.7009,4.0652
2026-08-06 10:53:09.881,27.350000,73,21,0.007679,-1.5551,165.81,0,0,0,60.0269,218.825,0.08569,1,0,0,0,0,0.007308,0.000333,0.000953,0.000175,0.001344,0.000029,0.000724,0.000040,0.000702,0.000016,0.000670,0.000162,0.000301,0.000121,0.000709,-165.81,-153.13,-114.71,-105.65,-38.60,11.45,39.16,-14.02,89.89,18.19,167.67,114.66,-91.02,-165.83,-10.34,218.1609,4.9526,4.9507,3.7407,14.5212,2.2101,1.0685,0.7482,3.4875,0.5445,5.9825,0.7992,1.8725,0.7009,4.0652
2026-08-06 10:53:09.881,27.366667,73,22,0.007475,-1.5273,166.34,0,0,0,60.0269,218.825,0.08569,1,0,0,0,0,0.007162,0.000229,0.000882,0.000094,0.001201,0.000033,0.000565,0.000076,0.000662,0.000037,0.000783,0.000027,0.000399,0.000035,0.000586,-166.34,-174.33,-116.64,-136.47,-37.95,129.69,43.96,108.54,96.10,-157.80,176.31,133.99,-86.30,-156.42,-1.50,218.1609,4.9526,4.9507,3.7407,14.5212,2.2101,1.0685,0.7482,3.4875,0.5445,5.9825,0.7992,1.8725,0.7009,4.0652
2026-08-06 10:53:09.881,27.383333,73,23,0.007600,-1.5326,166.18,0,0,0,60.0269,218.825,0.08569,1,0,0,0,0,0.007185,0.000285,0.000901,0.000277,0.001380,0.000054,0.000714,0.000224,0.000706,0.000139,0.000860,0.000152,0.000476,0.000066,0.000752,-166.18,-152.84,-117.59,-122.57,-39.72,88.78,34.75,65.67,97.30,100.22,175.02,-146.40,-79.69,-40.05,-3.30,218.1609,4.9526,4.9507,3.7407,14.5212,2.2101,1.0685,0.7482,3.4875,0.5445,5.9825,0.7992,1.8725,0.7009,4.0652
2026-08-06 10:53:09.881,27.400000,73,24,0.007541,-1.5419,166.43,0,0,0,60.0269,218.825,0.08569,1,0,0,0,0,0.007229,0.000218,0.000872,0.000139,0.001229,0.000043,0.000644,0.000065,0.000651,0.000047,0.000778,0.000053,0.000372,0.000075,0.000566,-166.43,-167.39,-116.61,-122.23,-38.66,69.92,47.69,46.26,92.41,59.13,176.90,135.69,-73.14,138.01,-6.09,218.1609,4.9526,4.9507,3.7407,14.5212,2.2101,1.0685,0.7482,3.4875,0.5445,5.9825,0.7992,1.8725,0.7009,4.0652
2026-08-06 10:53:09.881,27.416667,73,25,0.007568,-1.5449,165.95,0,0,0,60.0269,218.825,0.08569,1,0,0,0,0,0.007257,0.000203,0.000883,0.000070,0.001183,0.000095,0.000652,0.000064,0.000667,0.000014,0.000707,0.000076,0.000391,0.000025,0.000651,-165.95,-177.23,-118.51,-109.81,-39.94,111.91,47.12,58.66,98.53,156.38,172.54,-112.78,-76.63,165.32,-4.56,218.1609,4.9526,4.9507,3.7407,14.5212,2.2101,1.0685,0.7482,3.4875,0.5445,5.9825,0.7992,1.8725,0.7009,4.0652
2026-08-06 10:53:09.881,27.433333,73,26,0.007598,-1.5427,167.26,0,0,0,60.0269,218.825,0.08569,1,0,0,0,0,0.007220,0.000064,0.001194,0.000271,0.001179,0.000217,0.000495,0.000133,0.000808,0.000163,0.000759,0.000245,0.000271,0.000133,0.000586,-167.26,-103.08,-113.47,-155.54,-30.14,-10.38,32.59,143.90,87.29,16.23,-173.89,141.32,-51.40,-14.24,-15.85,218.1609,4.9526,4.9507,3.7407,14.5212,2.2101,1.0685,0.7482,3.4875,0.5445,5.9825,0.7992,1.8725,0.7009,4.0652
2026-08-06 10:53:09.881,27.450000,73,27,0.007553,-1.5387,166.39,0,0,0,60.0269,218.825,0.08569,1,0,0,0,0,0.007219,0.000190,0.000921,0.000090,0.001252,0.000081,0.000651,0.000056,0.000688,0.000104,0.000834,0.000128,0.000363,0.000093,0.000524,-166.39,179.00,-119.16,-104.64,-35.66,31.32,44.11,137.23,94.76,112.62,170.82,120.21,-85.22,-146.10,-12.39,218.1609,4.9526,4.9507,3.7407,14.5212,2.2101,1.0685,0.7482,3.4875,0.5445,5.9825,0.7992,1.8725,0.7009,4.0652
2026-08-06 10:53:09.881,27.466667,73,28,0.007585,-1.5496,166.34,0,0,0,60.0269,218.825,0.08569,1,0,0,0,0,0.007268,0.000245,0.000927,0.000088,0.001227,0.000069,0.000583,0.000095,0.000624,0.000126,0.000773,0.000081,0.000414,0.000092,0.000560,-166.34,-169.98,-119.56,-115.25,-40.38,71.25,47.02,121.23,96.39,148.60,173.55,170.94,-84.79,166.04,-1.21,218.1609,4.9526,4.9507,3.7407,14.5212,2.2101,1.0685,0.7482,3.4875,0.5445,5.9825,0.7992,1.8725,0.7009,4.0652
2026-08-06 10:53:09.881,27.483333,73,29,0.007631,-1.5539,166.08,0,0,0,60.0269,218.825,0.08569,1,0,0,0,0,0.007294,0.000231,0.001059,0.000146,0.001215,0.000060,0.000667,0.000065,0.000696,0.000076,0.000640,0.000029,0.000341,0.000063,0.000663,-166.08,-172.61,-114.98,-117.21,-37.61,165.19,39.34,-13.98,90.01,131.77,178.91,174.78,-79.95,-139.42,-5.94,218.1609,4.9526,4.9507,3.7407,14.5212,2.2101,1.0685,0.7482,3.4875,0.5445,5.9825,0.7992,1.8725,0.7009,4.0652
2026-08-06 10:53:10.135,27.500000,74,0,0.007344,-1.4993,167.00,0,0,0,60.0269,218.867,0.08566,1,0,0,0,0,0.007014,0.000340,0.000712,0.000305,0.001071,0.000197,0.000599,0.000175,0.000651,0.000175,0.000856,0.000173,0.000560,0.000166,0.000756,-167.00,-159.24,-119.57,-106.83,-31.06,-42.05,64.35,-2.54,115.30,24.19,-174.49,72.57,-74.19,114.00,-13.79,218.2024,4.9205,4.9710,3.7284,14.5452,2.2089,1.0629,0.7568,3.4708,0.5301,5.9283,0.7664,1.9111,0.6806,4.0774
2026-08-06 10:53:10.135,27.516667,74,1,0.007567,-1.5388,166.04,0,0,0,60.0269,218.867,0.08566,1,0,0,0,0,0.007231,0.000240,0.000968,0.000117,0.001213,0.000071,0.000670,0.000043,0.000659,0.000143,0.000741,0.000066,0.000486,0.000128,0.000517,-166.04,-164.97,-117.72,-145.39,-34.92,25.63,37.05,109.45,95.34,140.24,163.84,95.28,-72.14,-147.11,-8.67,218.2024,4.9205,4.9710,3.7284,14.5452,2.2089,1.0629,0.7568,3.4708,0.5301,5.9283,0.7664,1.9111,0.6806,4.0774
2026-08-06 10:53:10.135,27.533333,74,2,0.007615,-1.5514,165.85,0,0,0,60.0269,218.867,0.08566,1,0,0,0,0,0.007287,0.000290,0.000934,0.000152,0.001258,0.000021,0.000669,0.000022,0.000647,0.000079,0.000734,0.000084,0.000342,0.000083,0.000620,-165.85,-174.56,-115.59,-116.64,-41.05,114.53,44.70,55.36,92.33,72.29,176.50,129.91,-88.80,149.11,-2.06,218.2024,4.9205,4.9710,3.7284,14.5452,2.2089,1.0629,0.7568,3.4708,0.5301,5.9283,0.7664,1.9111,0.6806,4.0774
2026-08-06 10:53:10.135,27.550000,74,3,0.007554,-1.5210,165.96,0,0,0,60.0269,218.867,0.08566,1,0,0,0,0,0.007145,0.000473,0.000921,0.000178,0.001362,0.000280,0.000505,0.000207,0.000558,0.000155,0.001019,0.000083,0.000186,0.000083,0.000708,-165.96,160.14,-112.35,85.33,-39.59,43.63,24.98,-0.82,118.25,-53.30,171.49,-93.82,-154.22,-108.68,22.57,218.2024,4.9205,4.9710,3.7284,14.5452,2.2089,1.0629,0.7568,3.4708,0.5301,5.9283,0.7664,1.9111,0.6806,4.0774
2026-08-06 10:53:10.135,27.566667,74,4,0.007538,-1.5391,167.28,0,0,0,60.0269,218.867,0.08566,1,0,0,0,0,0.007188,0.000054,0.000917,0.000275,0.001138,0.000161,0.000758,0.000157,0.000582,0.000115,0.000783,0.000099,0.000422,0.000135,0.000472,-167.28,169.36,-109.57,-102.64,-43.49,127.21,54.45,32.16,85.39,-146.08,171.13,150.40,-73.27,-136.46,-6.27,218.2024,4.9205,4.9710,3.7284,14.5452,2.2089,1.0629,0.7568,3.4708,0.5301,5.9283,0.7664,1.9111,0.6806,4.0774
2026-08-06 10:53:10.135,27.583333,74,5,0.007485,-1.5271,165.95,0,0,0,60.0269,218.867,0.08566,1,0,0,0,0,0.007175,0.000156,0.000836,0.000140,0.001189,0.000043,0.000594,0.000112,0.000593,0.000031,0.000750,0.000019,0.000365,0.000005,0.000685,-165.95,165.67,-117.92,-140.32,-38.97,110.47,53.69,-126.25,98.16,-54.44,-178.99,-81.98,-75.59,135.54,-0.26,218.2024,4.9205,4.9710,3.7284,14.5452,2.2089,1.0629,0.7568,3.4708,0.5301,5.9283,0.7664,1.9111,0.6806,4.0774
2026-08-06 10:53:10.135,27.600000,74,6,0.007568,-1.5202,164.53,0,0,0,60.0269,218.867,0.08566,1,0,0,0,0,0.007178,0.000114,0.000823,0.000325,0.001435,0.000172,0.000662,0.000095,0.000658,0.000216,0.000937,0.000191,0.000424,0.000272,0.000449,-164.53,-110.15,-126.00,-128.29,-39.04,62.68,61.91,-100.30,78.90,81.55,171.97,-84.19,-61.20,126.75,-17.80,218.2024,4.9205,4.9710,3.7284,14.5452,2.2089,1.0629,0.7568,3.4708,0.5301,5.9283,0.7664,1.9111,0.6806,4.0774
2026-08-06 10:53:10.135,27.616667,74,7,0.007614,-1.5450,165.69,0,0,0,60.0269,218.867,0.08566,1,0,0,0,0,0.007269,0.000272,0.000926,0.000138,0.001331,0.000060,0.000550,0.000127,0.000819,0.000112,0.000682,0.000201,0.000359,0.000044,0.000703,-165.69,-174.84,-118.18,-117.80,-37.07,-41.77,41.35,73.67,90.37,15.40,-177.45,-176.23,-84.76,112.52,9.31,218.2024,4.9205,4.9710,3.7284,14.5452,2.2089,1.0629,0.7568,3.4708,0.5301,5.9283,0.7664,1.9111,0.6806,4.0774
2026-08-06 10:53:10.135,27.633333,74,8,0.007602,-1.5511,166.35,0,0,0,60.0269,218.867,0.08566,1,0,0,0,0,0.007274,0.000275,0.001008,0.000193,0.001191,0.000050,0.000638,0.000042,0.000681,0.000038,0.000769,0.000095,0.000343,0.000046,0.000583,-166.35,-167.35,-118.93,-125.87,-37.86,-18.96,49.68,17.40,94.15,23.54,175.65,104.30,-80.23,-153.45,-1.37,218.2024,4.9205,4.9710,3.7284,14.5452,2.2089,1.0629,0.7568,3.4708,0.5301,5.9283,0.7664,1.9111,0.6806,4.0774
2026-08-06 10:53:10.135,27.650000,74,9,0.007670,-1.5536,164.98,0,0,0,60.0269,218.867,0.08566,1,0,0,0,0,0.007333,0.000131,0.000851,0.000214,0.001284,0.000150,0.000564,0.000145,0.000714,0.000055,0.000782,0.000046,0.000293,0.000145,0.000661,-164.98,-148.37,-117.96,-112.14,-35.96,155.32,36.17,52.56,94.57,38.15,172.83,-106.02,-82.11,-179.88,-10.33,218.2024,4.9205,4.9710,3.7284,14.5452,2.2089,1.0629,0.7568,3.4708,0.5301,5.9283,0.7664,1.9111,0.6806,4.0774
2026-08-06 10:53:10.135,27.666667,74,10,0.007604,-1.5504,166.19,0,0,0,60.0269,218.867,0.08566,1,0,0,0,0,0.007273,0.000314,0.000881,0.000154,0.001266,0.000005,0.000725,0.000041,0.000699,0.000040,0.000750,0.000028,0.000353,0.000060,0.000501,-166.19,-171.30,-118.54,-136.88,-35.99,59.50,49.23,-51.82,90.44,23.31,169.54,-43.03,-83.16,-6.53,-7.04,218.2024,4.9205,4.9710,3.7284,14.5452,2.2089,1.0629,0.7568,3.4708,0.5301,5.9283,0.7664,1.9111,0.6806,4.0774
2026-08-06 10:53:10.135,27.683333,74,11,0.007446,-1.5202,166.17,0,0,0,60.0269,218.867,0.08566,1,0,0,0,0,0.007132,0.000154,0.000941,0.000124,0.001205,0.000061,0.000652,0.000088,0.000586,0.000074,0.000714,0.000041,0.000410,0.000031,0.000563,-166.17,-173.75,-119.52,-125.08,-38.71,136.62,47.60,120.16,90.75,96.69,174.29,163.81,-66.27,67.85,-2.61,218.2024,4.9205,4.9710,3.7284,14.5452,2.2089,1.0629,0.7568,3.4708,0.5301,5.9283,0.7664,1.9111,0.6806,4.0774
2026-08-06 10:53:10.135,27.700000,74,12,0.007489,-1.5220,165.90,0,0,0,60.0269,218.867,0.08566,1,0,0,0,0,0.007158,0.000144,0.000929,0.000188,0.001306,0.000021,0.000601,0.000053,0.000613,0.000093,0.000723,0.000088,0.000456,0.000078,0.000530,-165.90,-144.93,-110.40,-103.25,-39.64,121.25,41.36,20.58,93.03,-69.14,178.47,-115.09,-82.21,155.61,-9.95,218.2024,4.9205,4.9710,3.7284,14.5452,2.2089,1.0629,0.7568,3.4708,0.5301,5.9283,0.7664,1.9111,0.6806,4.0774
2026-08-06 10:53:10.135,27.716667,74,13,0.007619,-1.5546,166.16,0,0,0,60.0269,218.867,0.08566,1,0,0,0,0,0.007305,0.000216,0.000944,0.000165,0.001284,0.000028,0.000666,0.000166,0.000558,0.000163,0.000581,0.000161,0.000246,0.000108,0.000513,-166.16,175.42,-113.16,-149.22,-37.31,-125.50,51.50,-5.15,98.51,98.38,174.20,174.33,-74.09,-47.24,-8.09,218.2024,4.9205,4.9710,3.7284,14.5452,2.2089,1.0629,0.7568,3.4708,0.5301,5.9283,0.7664,1.9111,0.6806,4.0774
2026-08-06 10:53:10.135,27.733333,74,14,0.007646,-1.5663,168.91,0,0,0,60.0269,218.867,0.08566,1,0,0,0,0,0.007286,0.000222,0.000966,0.000402,0.001153,0.000136,0.000711,0.000160,0.000801,0.000245,0.000545,0.000282,0.000396,0.000162,0.000741,-168.91,87.47,-101.24,-75.03,-45.72,133.51,45.21,134.75,97.92,48.07,-174.01,-109.94,-113.44,151.20,12.30,218.2024,4.9205,4.9710,3.7284,14.5452,2.2089,1.0629,0.7568,3.4708,0.5301,5.9283,0.7664,1.9111,0.6806,4.0774
2026-08-06 10:53:10.135,27.750000,74,15,0.007642,-1.5402,164.22,0,0,0,60.0269,218.867,0.08566,1,0,0,0,0,0.007279,0.000102,0.000695,0.000272,0.001335,0.000157,0.000754,0.000295,0.000612,0.000137,0.000557,0.000222,0.000409,0.000226,0.000807,-164.22,-100.58,-117.02,177.75,-51.59,-7.38,45.63,106.26,117.72,-68.45,164.28,120.47,-108.04,-109.31,-2.72,218.2024,4.9205,4.9710,3.7284,14.5452,2.2089,1.0629,0.7568,3.4708,0.5301,5.9283,0.7664,1.9111,0.6806,4.0774
2026-08-06 10:53:10.135,27.766667,74,16,0.008587,-1.4364,144.57,0,0,0,60.0269,218.867,0.08566,1,0,0,0,0,0.008020,0.000566,0.001681,0.000444,0.001717,0.000171,0.000609,0.000162,0.000478,0.000107,0.000814,0.000132,0.000611,0.000129,0.000764,-144.57,-170.70,-91.97,-143.16,-47.91,-111.13,24.00,-101.61,105.85,-33.98,-164.47,-0.43,-85.98,35.11,-30.68,218.2024,4.9205,4.9710,3.7284,14.5452,2.2089,1.0629,0.7568,3.4708,0.5301,5.9283,0.7664,1.9111,0.6806,4.0774
2026-08-06 10:53:10.135,27.783333,74,17,0.007991,-1.6303,167.30,0,0,0,60.0269,218.867,0.08566,1,0,0,0,0,0.007580,0.000544,0.001099,0.000415,0.000874,0.000393,0.000746,0.000427,0.000972,0.000371,0.000896,0.000352,0.000165,0.000243,0.000715,-167.30,172.41,-139.46,173.86,-44.05,139.29,80.30,126.10,103.42,113.89,154.80,100.39,-44.47,97.73,13.61,218.2024,4.9205,4.9710,3.7284,14.5452,2.2089,1.0629,0.7568,3.4708,0.5301,5.9283,0.7664,1.9111,0.6806,4.0774
2026-08-06 10:53:10.135,27.800000,74,18,0.007616,-1.5485,165.97,0,0,0,60.0269,218.867,0.08566,1,0,0,0,0,0.007269,0.000263,0.000904,0.000079,0.001363,0.000109,0.000543,0.000102,0.000745,0.000039,0.000791,0.000115,0.000329,0.000072,0.000617,-165.97,-148.48,-120.52,-104.86,-37.34,-85.18,47.57,57.74,85.89,-21.31,169.47,175.25,-79.23,77.28,-5.45,218.2024,4.9205,4.9710,3.7284,14.5452,2.2089,1.0629,0.7568,3.4708,0.5301,5.9283,0.7664,1.9111,0.6806,4.0774
2026-08-06 10:53:10.135,27.816667,74,19,0.007421,-1.5227,166.78,0,0,0,60.0269,218.867,0.08566,1,0,0,0,0,0.007118,0.000282,0.000803,0.000157,0.001181,0.000092,0.000580,0.000100,0.000617,0.000144,0.000717,0.000168,0.000320,0.000095,0.000602,-166.78,174.94,-122.65,-148.20,-42.46,-115.11,42.01,-52.05,86.04,68.12,168.21,121.46,-83.67,-151.26,-2.56,218.2024,4.9205,4.9710,3.7284,14.5452,2.2089,1.0629,0.7568,3.4708,0.5301,5.9283,0.7664,1.9111,0.6806,4.0774
2026-08-06 10:53:10.135,27.833333,74,20,0.007652,-1.5626,166.19,0,0,0,60.0269,218.867,0.08566,1,0,0,0,0,0.007340,0.000285,0.000876,0.000111,0.001128,0.000118,0.000723,0.000109,0.000712,0.000068,0.000713,0.000099,0.000501,0.000110,0.000553,-166.19,-178.99,-119.50,-133.01,-35.32,62.73,47.30,62.06,83.56,-44.33,179.31,-70.08,-84.29,-133.01,-5.92,218.2024,4.9205,4.9710,3.7284,14.5452,2.2089,1.0629,0.7568,3.4708,0.5301,5.9283,0.7664,1.9111,0.6806,4.0774
2026-08-06 10:53:10.135,27.850000,74,21,0.007512,-1.5352,166.31,0,0,0,60.0269,218.867,0.08566,1,0,0,0,0,0.007200,0.000207,0.000913,0.000121,0.001248,0.000060,0.000608,0.000115,0.000637,0.000073,0.000731,0.000081,0.000357,0.000038,0.000602,-166.31,-157.34,-120.44,-120.61,-36.99,55.29,49.53,37.82,89.25,73.20,169.74,152.66,-80.41,164.02,-5.77,218.2024,4.9205,4.9710,3.7284,14.5452,2.2089,1.0629,0.7568,3.4708,0.5301,5.9283,0.7664,1.9111,0.6806,4.0774
2026-08-06 10:53:10.135,27.866667,74,22,0.007583,-1.5390,165.15,0,0,0,60.0269,218.867,0.08566,1,0,0,0,0,0.007256,0.000117,0.000835,0.000254,0.001298,0.000168,0.000550,0.000166,0.000790,0.000076,0.000691,0.000061,0.000380,0.000099,0.000484,-165.15,-168.83,-124.27,-128.75,-38.60,62.31,51.99,-46.76,90.87,-178.53,-176.21,101.92,-65.54,47.24,0.20,218.2024,4.9205,4.9710,3.7284,14.5452,2.2089,1.0629,0.7568,3.4708,0.5301,5.9283,0.7664,1.9111,0.6806,4.0774
2026-08-06 10:53:10.135,27.883333,74,23,0.007526,-1.5320,165.78,0,0,0,60.0269,218.867,0.08566,1,0,0,0,0,0.007201,0.000184,0.000965,0.000133,0.001213,0.000033,0.000620,0.000063,0.000690,0.000004,0.000754,0.000041,0.000412,0.000083,0.000556,-165.78,-158.30,-117.27,-104.47,-40.30,177.36,49.57,81.10,93.88,100.45,174.28,-104.87,-80.92,155.66,-0.39,218.2024,4.9205,4.9710,3.7284,14.5452,2.2089,1.0629,0.7568,3.4708,0.5301,5.9283,0.7664,1.9111,0.6806,4.0774
2026-08-06 10:53:10.135,27.900000,74,24,0.007653,-1.5664,166.45,0,0,0,60.0269,218.867,0.08566,1,0,0,0,0,0.007340,0.000328,0.000890,0.000124,0.001156,0.000008,0.000461,0.000143,0.000642,0.000027,0.000697,0.000190,0.000530,0.000074,0.000709,-166.45,-146.40,-105.98,-140.77,-40.44,57.96,38.28,42.20,87.83,-121.07,161.96,123.38,-91.44,90.75,-5.00,218.2024,4.9205,4.9710,3.7284,14.5452,2.2089,1.0629,0.7568,3.4708,0.5301,5.9283,0.7664,1.9111,0.6806,4.0774
2026-08-06 10:53:10.135,27.916667,74,25,0.007509,-1.5184,165.68,0,0,0,60.0269,218.867,0.08566,1,0,0,0,0,0.007119,0.000354,0.001068,0.000039,0.001213,0.000171,0.000549,0.000187,0.000811,0.000215,0.000755,0.000171,0.000421,0.000170,0.000793,-165.68,158.24,-111.60,76.80,-46.64,9.51,64.40,-30.03,103.22,-66.99,162.95,-129.58,-42.70,-159.96,-6.86,218.2024,4.9205,4.9710,3.7284,14.5452,2.2089,1.0629,0.7568,3.4708,0.5301,5.9283,0.7664,1.9111,0.6806,4.0774
2026-08-06 10:53:10.135,27.933333,74,26,0.007539,-1.5406,166.39,0,0,0,60.0269,218.867,0.08566,1,0,0,0,0,0.007221,0.000191,0.000923,0.000136,0.001222,0.000018,0.000597,0.000116,0.000678,0.000019,0.000748,0.000024,0.000398,0.000086,0.000623,-166.39,-159.72,-117.91,-116.34,-39.49,106.11,51.14,94.50,94.20,-144.74,178.20,-176.04,-82.88,147.10,-0.15,218.2024,4.9205,4.9710,3.7284,14.5452,2.2089,1.0629,0.7568,3.4708,0.5301,5.9283,0.7664,1.9111,0.6806,4.0774
2026-08-06 10:53:10.135,27.950000,74,27,0.007543,-1.5391,165.85,0,0,0,60.0269,218.867,0.08566,1,0,0,0,0,0.007226,0.000249,0.000933,0.000188,0.001236,0.000034,0.000650,0.000075,0.000662,0.000152,0.000719,0.000084,0.000315,0.000065,0.000575,-165.85,-161.75,-119.35,-114.27,-41.15,-65.56,48.38,18.33,92.67,104.59,171.62,124.45,-84.26,138.70,0.16,218.2024,4.9205,4.9710,3.7284,14.5452,2.2089,1.0629,0.7568,3.4708,0.5301,5.9283,0.7664,1.9111,0.6806,4.0774
2026-08-06 10:53:10.135,27.966667,74,28,0.007553,-1.5452,166.33,0,0,0,60.0269,218.867,0.08566,1,0,0,0,0,0.007251,0.000196,0.000866,0.000082,0.001123,0.000080,0.000694,0.000074,0.000693,0.000125,0.000636,0.000149,0.000513,0.000169,0.000625,-166.33,-173.95,-116.77,-85.19,-39.52,-126.11,45.34,103.21,108.25,-59.24,165.83,128.26,-84.25,-28.01,9.31,218.2024,4.9205,4.9710,3.7284,14.5452,2.2089,1.0629,0.7568,3.4708,0.5301,5.9283,0.7664,1.9111,0.6806,4.0774
2026-08-06 10:53:10.135,27.983333,74,29,0.007499,-1.5279,166.05,0,0,0,60.0269,218.867,0.08566,1,0,0,0,0,0.007174,0.000236,0.000918,0.000105,0.001201,0.000017,0.000655,0.000028,0.000686,0.000043,0.000757,0.000030,0.000367,0.000042,0.000594,-166.05,-168.90,-117.46,-114.69,-39.10,-16.60,46.88,68.18,94.25,129.25,171.70,161.44,-82.41,158.60,1.18,218.2024,4.9205,4.9710,3.7284,14.5452,2.2089,1.0629,0.7568,3.4708,0.5301,5.9283,0.7664,1.9111,0.6806,4.0774
2026-08-06 10:53:10.392,28.000000,75,0,0.007621,-1.5533,165.72,0,0,0,60.0269,218.843,0.08564,1,0,0,0,0,0.007299,0.000177,0.000924,0.000119,0.001295,0.000095,0.000640,0.000074,0.000642,0.000069,0.000688,0.000084,0.000319,0.000092,0.000658,-165.72,-179.13,-116.79,-102.87,-43.23,80.70,40.87,155.36,92.23,133.88,172.26,154.90,-64.51,150.23,-2.91,218.1797,4.9516,4.9472,3.7388,14.5013,2.1905,1.1523,0.7325,3.5346,0.5752,5.9387,0.8115,1.8799,0.6857,4.1111
2026-08-06 10:53:10.392,28.016667,75,1,0.007592,-1.5501,166.35,0,0,0,60.0269,218.843,0.08564,1,0,0,0,0,0.007270,0.000179,0.000949,0.000091,0.001197,0.000040,0.000632,0.000069,0.000691,0.000071,0.000798,0.000003,0.000345,0.000097,0.000616,-166.35,-177.40,-117.16,-118.20,-38.65,82.87,45.33,171.43,95.01,-132.13,170.26,129.32,-76.11,-145.35,-1.04,218.1797,4.9516,4.9472,3.7388,14.5013,2.1905,1.1523,0.7325,3.5346,0.5752,5.9387,0.8115,1.8799,0.6857,4.1111
2026-08-06 10:53:10.392,28.033333,75,2,0.007546,-1.5273,165.39,0,0,0,60.0269,218.843,0.08564,1,0,0,0,0,0.007206,0.000233,0.000892,0.000090,0.001338,0.000087,0.000594,0.000106,0.000520,0.000114,0.000749,0.000211,0.000411,0.000156,0.000548,-165.39,-164.92,-115.39,-59.26,-38.25,-27.58,31.73,-93.06,105.68,178.62,176.67,-159.96,-103.59,159.00,8.20,218.1797,4.9516,4.9472,3.7388,14.5013,2.1905,1.1523,0.7325,3.5346,0.5752,5.9387,0.8115,1.8799,0.6857,4.1111
2026-08-06 10:53:10.392,28.050000,75,3,0.007596,-1.5527,166.46,0,0,0,60.0269,218.843,0.08564,1,0,0,0,0,0.007273,0.000242,0.000921,0.000164,0.001264,0.000052,0.000646,0.000034,0.000632,0.000032,0.000716,0.000065,0.000347,0.000049,0.000651,-166.46,-168.20,-113.43,-136.45,-40.73,20.61,50.74,-107.23,95.81,76.69,179.58,113.40,-76.14,172.90,-6.75,218.1797,4.9516,4.9472,3.7388,14.5013,2.1905,1.1523,0.7325,3.5346,0.5752,5.9387,0.8115,1.8799,0.6857,4.1111
2026-08-06 10:53:10.392,28.066667,75,4,0.007582,-1.5435,166.05,0,0,0,60.0269,218.843,0.08564,1,0,0,0,0,0.007252,0.000256,0.000934,0.000126,0.001234,0.000017,0.000692,0.000113,0.000713,0.000106,0.000694,0.000100,0.000389,0.000124,0.000560,-166.05,-174.07,-116.93,-97.01,-38.52,-16.49,51.92,110.38,104.44,-153.78,-178.81,-44.22,-66.27,114.12,6.74,218.1797,4.9516,4.9472,3.7388,14.5013,2.1905,1.1523,0.7325,3.5346,0.5752,5.9387,0.8115,1.8799,0.6857,4.1111
2026-08-06 10:53:10.392,28.083333,75,5,0.007522,-1.5305,165.84,0,0,0,60.0269,218.843,0.08564,1,0,0,0,0,0.007191,0.000232,0.000955,0.000182,0.001264,0.000047,0.000597,0.000056,0.000570,0.000107,0.000725,0.000114,0.000413,0.000094,0.000651,-165.84,-152.35,-116.57,-120.69,-40.79,75.48,44.90,16.69,96.17,92.40,177.43,134.11,-70.71,145.53,-0.33,218.1797,4.9516,4.9472,3.7388,14.5013,2.1905,1.1523,0.7325,3.5346,0.5752,5.9387,0.8115,1.8799,0.6857,4.1111
2026-08-06 10:53:10.392,28.100000,75,6,0.007548,-1.5433,167.07,0,0,0,60.0269,218.843,0.08564,1,0,0,0,0,0.007211,0.000230,0.000884,0.000143,0.001316,0.000053,0.000611,0.000073,0.000657,0.000011,0.000705,0.000096,0.000444,0.000096,0.000605,-167.07,-148.24,-119.51,-145.41,-39.27,59.99,49.62,-2.80,97.41,14.39,172.08,134.38,-62.81,115.58,-11.40,218.1797,4.9516,4.9472,3.7388,14.5013,2.1905,1.1523,0.7325,3.5346,0.5752,5.9387,0.8115,1.8799,0.6857,4.1111
2026-08-06 10:53:10.392,28.116667,75,7,0.007622,-1.5515,165.82,0,0,0,60.0269,218.843,0.08564,1,0,0,0,0,0.007297,0.000161,0.000779,0.000159,0.001274,0.000055,0.000712,0.000130,0.000548,0.000119,0.000784,0.000058,0.000311,0.000070,0.000648,-165.82,-178.74,-120.80,-118.55,-37.14,128.01,41.54,107.11,103.98,36.69,173.91,6.41,-103.37,-101.35,4.32,218.1797,4.9516,4.9472,3.7388,14.5013,2.1905,1.1523,0.7325,3.5346,0.5752,5.9387,0.8115,1.8799,0.6857,4.1111
2026-08-06 10:53:10.392,28.133333,75,8,0.007532,-1.5342,165.85,0,0,0,60.0269,218.843,0.08564,1,0,0,0,0,0.007213,0.000211,0.000922,0.000137,0.001208,0.000009,0.000637,0.000046,0.000645,0.000072,0.000738,0.000098,0.000378,0.000022,0.000637,-165.85,-166.44,-117.71,-102.75,-39.06,1.88,45.45,-47.08,89.26,87.31,175.49,116.08,-78.08,-107.62,0.24,218.1797,4.9516,4.9472,3.7388,14.5013,2.1905,1.1523,0.7325,3.5346,0.5752,5.9387,0.8115,1.8799,0.6857,4.1111
2026-08-06 10:53:10.392,28.150000,75,9,0.007684,-1.5642,165.99,0,0,0,60.0269,218.843,0.08564,1,0,0,0,0,0.007351,0.000335,0.000914,0.000126,0.001281,0.000113,0.000656,0.000049,0.000674,0.000082,0.000730,0.000033,0.000430,0.000152,0.000492,-165.99,-120.61,-108.02,-116.50,-38.97,68.78,54.86,-174.57,104.68,-125.83,178.65,23.52,-54.99,72.30,-12.78,218.1797,4.9516,4.9472,3.7388,14.5013,2.1905,1.1523,0.7325,3.5346,0.5752,5.9387,0.8115,1.8799,0.6857,4.1111
2026-08-06 10:53:10.392,28.166667,75,10,0.007532,-1.5337,166.41,0,0,0,60.0269,218.843,0.08564,1,0,0,0,0,0.007191,0.000134,0.000961,0.000108,0.001256,0.000100,0.000629,0.000083,0.000716,0.000061,0.000727,0.000032,0.000439,0.000067,0.000610,-166.41,158.61,-117.69,-133.50,-38.48,51.07,52.52,1.36,94.52,161.34,174.88,143.53,-73.91,152.84,-2.07,218.1797,4.9516,4.9472,3.7388,14.5013,2.1905,1.1523,0.7325,3.5346,0.5752,5.9387,0.8115,1.8799,0.6857,4.1111
2026-08-06 10:53:10.392,28.183333,75,11,0.007547,-1.5101,172.65,0,0,0,60.0269,218.843,0.08564,1,0,0,0,0,0.006978,0.000620,0.001604,0.000544,0.001170,0.000357,0.000438,0.000228,0.000794,0.000176,0.001035,0.000291,0.000705,0.000389,0.000603,-172.65,-19.76,-112.46,-179.84,-15.62,-18.99,29.15,133.95,78.11,-96.89,161.49,34.27,-75.65,-174.17,21.73,218.1797,4.9516,4.9472,3.7388,14.5013,2.1905,1.1523,0.7325,3.5346,0.5752,5.9387,0.8115,1.8799,0.6857,4.1111
2026-08-06 10:53:10.392,28.200000,75,12,0.007530,-1.5356,166.87,0,0,0,60.0269,218.843,0.08564,1,0,0,0,0,0.007191,0.000260,0.000992,0.000128,0.001243,0.000040,0.000547,0.000019,0.000642,0.000055,0.000808,0.000044,0.000478,0.000076,0.000593,-166.87,-176.09,-118.38,-91.66,-33.06,95.97,46.10,120.38,94.65,115.78,174.06,47.10,-65.76,63.66,-4.27,218.1797,4.9516,4.9472,3.7388,14.5013,2.1905,1.1523,0.7325,3.5346,0.5752,5.9387,0.8115,1.8799,0.6857,4.1111
2026-08-06 10:53:10.392,28.216667,75,13,0.007503,-1.5300,166.18,0,0,0,60.0269,218.843,0.08564,1,0,0,0,0,0.007181,0.000239,0.000937,0.000134,0.001274,0.000029,0.000618,0.000124,0.000606,0.000080,0.000721,0.000056,0.000397,0.000122,0.000612,-166.18,-154.64,-121.06,-103.21,-37.57,-9.06,45.93,61.44,89.24,101.13,171.90,148.95,-81.98,140.84,-1.23,218.1797,4.9516,4.9472,3.7388,14.5013,2.1905,1.1523,0.7325,3.5346,0.5752,5.9387,0.8115,1.8799,0.6857,4.1111
2026-08-06 10:53:10.392,28.233333,75,14,0.007595,-1.5519,166.89,0,0,0,60.0269,218.843,0.08564,1,0,0,0,0,0.007256,0.000187,0.000943,0.000214,0.001195,0.000063,0.000736,0.000164,0.000555,0.000167,0.000824,0.000213,0.000189,0.000192,0.000816,-166.89,-172.21,-116.79,-105.58,-41.41,139.50,48.18,19.41,74.58,-83.49,178.16,156.26,-82.00,74.42,-1.09,218.1797,4.9516,4.9472,3.7388,14.5013,2.1905,1.1523,0.7325,3.5346,0.5752,5.9387,0.8115,1.8799,0.6857,4.1111
2026-08-06 10:53:10.392,28.250000,75,15,0.007522,-1.5384,166.63,0,0,0,60.0269,218.843,0.08564,1,0,0,0,0,0.007204,0.000232,0.000921,0.000121,0.001264,0.000031,0.000630,0.000113,0.000693,0.000035,0.000771,0.000041,0.000347,0.000030,0.000539,-166.63,-154.91,-117.87,-103.02,-37.81,52.54,52.74,66.39,94.11,-115.08,167.61,118.99,-77.51,-160.59,0.13,218.1797,4.9516,4.9472,3.7388,14.5013,2.1905,1.1523,0.7325,3.5346,0.5752,5.9387,0.8115,1.8799,0.6857,4.1111
2026-08-06 10:53:10.392,28.266667,75,16,0.007520,-1.5288,166.03,0,0,0,60.0269,218.843,0.08564,1,0,0,0,0,0.007178,0.000258,0.000895,0.000164,0.001307,0.000008,0.000645,0.000079,0.000671,0.000011,0.000705,0.000059,0.000409,0.000093,0.000639,-166.03,-163.39,-118.02,-133.44,-36.82,110.11,42.81,52.53,88.09,31.48,174.15,142.24,-72.24,126.00,-2.76,218.1797,4.9516,4.9472,3.7388,14.5013,2.1905,1.1523,0.7325,3.5346,0.5752,5.9387,0.8115,1.8799,0.6857,4.1111
2026-08-06 10:53:10.392,28.283333,75,17,0.007544,-1.5457,167.09,0,0,0,60.0269,218.843,0.08564,1,0,0,0,0,0.007224,0.000132,0.000909,0.000171,0.001233,0.000056,0.000651,0.000084,0.000523,0.000051,0.000840,0.000183,0.000225,0.000136,0.000748,-167.09,170.53,-115.74,-94.27,-41.50,-171.99,56.83,33.23,88.29,-94.76,-177.49,153.31,-71.37,70.06,-1.02,218.1797,4.9516,4.9472,3.7388,14.5013,2.1905,1.1523,0.7325,3.5346,0.5752,5.9387,0.8115,1.8799,0.6857,4.1111
2026-08-06 10:53:10.392,28.300000,75,18,0.007431,-1.5190,166.16,0,0,0,60.0269,218.843,0.08564,1,0,0,0,0,0.007131,0.000135,0.000843,0.000110,0.001182,0.000118,0.000555,0.000066,0.000625,0.000032,0.000700,0.000027,0.000426,0.000130,0.000592,-166.16,-170.63,-113.83,-164.84,-39.08,140.47,46.52,74.28,100.31,-122.16,179.78,-39.09,-70.20,104.50,0.99,218.1797,4.9516,4.9472,3.7388,14.5013,2.1905,1.1523,0.7325,3.5346,0.5752,5.9387,0.8115,1.8799,0.6857,4.1111
2026-08-06 10:53:10.392,28.316667,75,19,0.007623,-1.5493,165.78,0,0,0,60.0269,218.843,0.08564,1,0,0,0,0,0.007287,0.000154,0.000923,0.000081,0.001193,0.000045,0.000664,0.000120,0.000735,0.000151,0.000590,0.000138,0.000271,0.000149,0.000799,-165.78,-174.37,-119.38,-82.25,-39.63,137.25,39.05,45.29,102.28,-155.47,177.71,87.83,-104.54,-125.33,-2.80,218.1797,4.9516,4.9472,3.7388,14.5013,2.1905,1.1523,0.7325,3.5346,0.5752,5.9387,0.8115,1.8799,0.6857,4.1111
2026-08-06 10:53:10.392,28.333333,75,20,0.007576,-1.5464,165.94,0,0,0,60.0269,218.843,0.08564,1,0,0,0,0,0.007264,0.000206,0.000915,0.000149,0.001176,0.000040,0.000619,0.000054,0.000611,0.000019,0.000762,0.000015,0.000386,0.000021,0.000633,-165.94,177.42,-116.80,-116.99,-38.56,19.00,48.46,174.50,95.95,-117.29,177.97,-175.97,-83.77,115.30,-7.06,218.1797,4.9516,4.9472,3.7388,14.5013,2.1905,1.1523,0.7325,3.5346,0.5752,5.9387,0.8115,1.8799,0.6857,4.1111
2026-08-06 10:53:10.392,28.350000,75,21,0.007625,-1.5538,165.81,0,0,0,60.0269,218.843,0.08564,1,0,0,0,0,0.007303,0.000203,0.000967,0.000148,0.001258,0.000072,0.000633,0.000109,0.000654,0.000057,0.000713,0.000059,0.000368,0.000101,0.000621,-165.81,-174.11,-118.12,-112.73,-38.41,36.59,47.43,63.87,91.85,101.78,172.43,164.19,-78.39,166.64,-1.08,218.1797,4.9516,4.9472,3.7388,14.5013,2.1905,1.1523,0.7325,3.5346,0.5752,5.9387,0.8115,1.8799,0.6857,4.1111
2026-08-06 10:53:10.392,28.366667,75,22,0.007586,-1.5484,166.18,0,0,0,60.0269,218.843,0.08564,1,0,0,0,0,0.007263,0.000216,0.000950,0.000148,0.001278,0.000055,0.000626,0.000038,0.000616,0.000108,0.000725,0.000144,0.000404,0.000051,0.000615,-166.18,-167.78,-120.99,-110.99,-41.57,29.76,47.45,-49.88,92.71,96.97,174.50,104.55,-78.82,169.61,-2.47,218.1797,4.9516,4.9472,3.7388,14.5013,2.1905,1.1523,0.7325,3.5346,0.5752,5.9387,0.8115,1.8799,0.6857,4.1111
2026-08-06 10:53:10.392,28.383333,75,23,0.007437,-1.5136,166.16,0,0,0,60.0269,218.843,0.08564,1,0,0,0,0,0.007097,0.000239,0.000852,0.000193,0.001103,0.000051,0.000695,0.000127,0.000741,0.000149,0.000876,0.000068,0.000303,0.000068,0.000561,-166.16,-163.34,-122.13,-80.20,-39.52,-3.52,45.63,-148.03,94.55,-1.87,-179.33,84.06,-83.25,-46.48,-6.32,218.1797,4.9516,4.9472,3.7388,14.5013,2.1905,1.1523,0.7325,3.5346,0.5752,5.9387,0.8115,1.8799,0.6857,4.1111
2026-08-06 10:53:10.392,28.400000,75,24,0.007596,-1.5495,166.08,0,0,0,60.0269,218.843,0.08564,1,0,0,0,0,0.007277,0.000225,0.000894,0.000191,0.001274,0.000029,0.000615,0.000123,0.000644,0.000080,0.000724,0.000105,0.000420,0.000073,0.000584,-166.08,-177.57,-114.26,-102.28,-38.57,9.70,44.91,41.61,93.13,85.15,174.58,146.48,-81.22,117.35,-4.64,218.1797,4.9516,4.9472,3.7388,14.5013,2.1905,1.1523,0.7325,3.5346,0.5752,5.9387,0.8115,1.8799,0.6857,4.1111
2026-08-06 10:53:10.392,28.416667,75,25,0.007595,-1.5416,165.32,0,0,0,60.0269,218.843,0.08564,1,0,0,0,0,0.007249,0.000209,0.000976,0.000187,0.001200,0.000040,0.000601,0.000046,0.000754,0.000164,0.000707,0.000198,0.000381,0.000134,0.000784,-165.32,-165.35,-114.24,-99.75,-44.01,-97.60,56.53,-87.86,102.28,123.24,162.66,138.00,-58.69,95.39,-9.74,218.1797,4.9516,4.9472,3.7388,14.5013,2.1905,1.1523,0.7325,3.5346,0.5752,5.9387,0.8115,1.8799,0.6857,4.1111
2026-08-06 10:53:10.392,28.433333,75,26,0.007533,-1.5397,166.67,0,0,0,60.0269,218.843,0.08564,1,0,0,0,0,0.007212,0.000194,0.000919,0.000074,0.001169,0.000017,0.000653,0.000062,0.000719,0.000007,0.000771,0.000026,0.000420,0.000087,0.000681,-166.67,-166.63,-116.42,-125.37,-36.83,143.34,50.74,76.59,98.49,6.47,173.61,98.32,-80.33,-135.98,-5.08,218.1797,4.9516,4.9472,3.7388,14.5013,2.1905,1.1523,0.7325,3.5346,0.5752,5.9387,0.8115,1.8799,0.6857,4.1111
2026-08-06 10:53:10.392,28.450000,75,27,0.007606,-1.5462,165.65,0,0,0,60.0269,218.843,0.08564,1,0,0,0,0,0.007273,0.000210,0.000943,0.000148,0.001270,0.000004,0.000677,0.000078,0.000679,0.000103,0.000700,0.000104,0.000333,0.000028,0.000596,-165.65,-172.09,-116.03,-103.01,-39.72,166.72,48.98,22.72,95.59,91.13,168.89,165.57,-84.61,146.09,-4.38,218.1797,4.9516,4.9472,3.7388,14.5013,2.1905,1.1523,0.7325,3.5346,0.5752,5.9387,0.8115,1.8799,0.6857,4.1111
2026-08-06 10:53:10.392,28.466667,75,28,0.007541,-1.5403,166.47,0,0,0,60.0269,218.843,0.08564,1,0,0,0,0,0.007222,0.000250,0.000878,0.000124,0.001217,0.000038,0.000660,0.000045,0.000651,0.000079,0.000782,0.000100,0.000353,0.000036,0.000626,-166.47,178.64,-116.63,-120.82,-37.08,-29.63,47.22,-72.67,98.40,83.05,177.48,98.80,-72.40,-177.00,-5.28,218.1797,4.9516,4.9472,3.7388,14.5013,2.1905,1.1523,0.7325,3.5346,0.5752,5.9387,0.8115,1.8799,0.6857,4.1111
2026-08-06 10:53:10.392,28.483333,75,29,0.007482,-1.5224,165.58,0,0,0,60.0269,218.843,0.08564,1,0,0,0,0,0.007161,0.000199,0.000872,0.000136,0.001211,0.000116,0.000666,0.000065,0.000771,0.000068,0.000840,0.000137,0.000347,0.000166,0.000446,-165.58,-168.68,-114.67,-105.60,-38.39,158.61,42.22,-147.09,93.87,-90.70,167.87,-69.65,-109.60,1.55,-23.13,218.1797,4.9516,4.9472,3.7388,14.5013,2.1905,1.1523,0.7325,3.5346,0.5752,5.9387,0.8115,1.8799,0.6857,4.1111
2026-08-06 10:53:10.649,28.500000,76,0,0.007522,-1.5327,166.16,0,0,0,60.0269,218.735,0.08542,1,0,0,0,0,0.007199,0.000184,0.000931,0.000115,0.001277,0.000038,0.000599,0.000114,0.000634,0.000076,0.000719,0.000100,0.000375,0.000064,0.000551,-166.16,-161.94,-117.81,-121.54,-37.71,101.20,49.19,53.25,93.49,75.59,175.71,150.90,-71.98,158.94,-0.49,218.0749,4.8919,4.8807,3.7187,14.4367,2.1803,1.2205,0.7278,3.5938,0.6084,5.9877,0.8239,1.9068,0.6519,4.0933
2026-08-06 10:53:10.649,28.516667,76,1,0.007461,-1.5141,165.43,0,0,0,60.0269,218.735,0.08542,1,0,0,0,0,0.007126,0.000221,0.000926,0.000130,0.001267,0.000089,0.000601,0.000091,0.000671,0.000134,0.000723,0.000062,0.000378,0.000113,0.000616,-165.43,-157.69,-119.03,-104.56,-39.93,-144.04,52.06,74.70,85.59,53.65,177.47,90.40,-81.20,46.42,-7.88,218.0749,4.8919,4.8807,3.7187,14.4367,2.1803,1.2205,0.7278,3.5938,0.6084,5.9877,0.8239,1.9068,0.6519,4.0933
2026-08-06 10:53:10.649,28.533333,76,2,0.007595,-1.5369,165.91,0,0,0,60.0269,218.735,0.08542,1,0,0,0,0,0.007218,0.000222,0.000948,0.000206,0.001253,0.000075,0.000644,0.000178,0.000752,0.000162,0.000895,0.000143,0.000508,0.000124,0.000688,-165.91,-162.74,-117.82,-129.05,-40.28,-46.68,39.69,27.60,86.11,87.97,169.54,178.92,-94.26,-103.31,-12.02,218.0749,4.8919,4.8807,3.7187,14.4367,2.1803,1.2205,0.7278,3.5938,0.6084,5.9877,0.8239,1.9068,0.6519,4.0933
2026-08-06 10:53:10.649,28.550000,76,3,0.007548,-1.5400,166.59,0,0,0,60.0269,218.735,0.08542,1,0,0,0,0,0.007218,0.000232,0.000893,0.000122,0.001305,0.000057,0.000607,0.000085,0.000688,0.000075,0.000753,0.000098,0.000425,0.000017,0.000630,-166.59,-152.28,-116.85,-115.78,-37.84,24.30,51.51,27.72,94.22,120.06,171.10,135.56,-76.99,-4.99,-2.45,218.0749,4.8919,4.8807,3.7187,14.4367,2.1803,1.2205,0.7278,3.5938,0.6084,5.9877,0.8239,1.9068,0.6519,4.0933
2026-08-06 10:53:10.649,28.566667,76,4,0.007478,-1.5233,166.10,0,0,0,60.0269,218.735,0.08542,1,0,0,0,0,0.007156,0.000263,0.000910,0.000154,0.001205,0.000011,0.000649,0.000050,0.000640,0.000096,0.000742,0.000101,0.000395,0.000026,0.000625,-166.10,-159.24,-116.11,-126.68,-37.75,-58.24,49.43,45.27,92.39,71.90,178.49,93.32,-73.47,68.58,-5.34,218.0749,4.8919,4.8807,3.7187,14.4367,2.1803,1.2205,0.7278,3.5938,0.6084,5.9877,0.8239,1.9068,0.6519,4.0933
2026-08-06 10:53:10.649,28.583333,76,5,0.007587,-1.5384,166.08,0,0,0,60.0269,218.735,0.08542,1,0,0,0,0,0.007226,0.000200,0.000964,0.000151,0.001250,0.000058,0.000603,0.000134,0.000722,0.000085,0.000828,0.000148,0.000514,0.000077,0.000742,-166.08,-152.60,-119.75,-109.69,-38.15,-36.77,40.69,55.24,91.10,122.71,175.26,-163.19,-80.64,-118.60,-0.56,218.0749,4.8919,4.8807,3.7187,14.4367,2.1803,1.2205,0.7278,3.5938,0.6084,5.9877,0.8239,1.9068,0.6519,4.0933
2026-08-06 10:53:10.649,28.600000,76,6,0.007523,-1.5327,166.04,0,0,0,60.0269,218.735,0.08542,1,0,0,0,0,0.007201,0.000230,0.000867,0.000104,0.001273,0.000069,0.000637,0.000052,0.000618,0.000143,0.000747,0.000097,0.000436,0.000072,0.000598,-166.04,-169.06,-120.12,-150.72,-37.58,77.28,48.74,49.20,95.81,108.93,173.69,126.25,-80.53,162.76,2.92,218.0749,4.8919,4.8807,3.7187,14.4367,2.1803,1.2205,0.7278,3.5938,0.6084,5.9877,0.8239,1.9068,0.6519,4.0933
2026-08-06 10:53:10.649,28.616667,76,7,0.007620,-1.5551,165.65,0,0,0,60.0269,218.735,0.08542,1,0,0,0,0,0.007327,0.000206,0.000895,0.000163,0.001179,0.000049,0.000614,0.000058,0.000549,0.000102,0.000729,0.000079,0.000308,0.000062,0.000554,-165.65,174.37,-114.47,-139.63,-37.01,-38.90,48.17,55.18,95.92,124.72,175.08,-179.72,-74.89,-34.60,-9.29,218.0749,4.8919,4.8807,3.7187,14.4367,2.1803,1.2205,0.7278,3.5938,0.6084,5.9877,0.8239,1.9068,0.6519,4.0933
2026-08-06 10:53:10.649,28.633333,76,8,0.007540,-1.5320,165.79,0,0,0,60.0269,218.735,0.08542,1,0,0,0,0,0.007213,0.000192,0.000948,0.000094,0.001248,0.000039,0.000665,0.000120,0.000644,0.000054,0.000784,0.000044,0.000440,0.000062,0.000565,-165.79,-178.80,-116.58,-122.87,-36.29,50.80,48.08,92.83,91.29,106.55,174.38,-178.30,-77.28,141.61,-3.58,218.0749,4.8919,4.8807,3.7187,14.4367,2.1803,1.2205,0.7278,3.5938,0.6084,5.9877,0.8239,1.9068,0.6519,4.0933
2026-08-06 10:53:10.649,28.650000,76,9,0.007494,-1.5183,165.96,0,0,0,60.0269,218.735,0.08542,1,0,0,0,0,0.007135,0.000319,0.000943,0.000138,0.001360,0.000161,0.000571,0.000155,0.000602,0.000101,0.000877,0.000100,0.000342,0.000113,0.000509,-165.96,-174.79,-111.28,-159.01,-40.39,59.59,43.35,53.06,100.50,51.19,173.78,51.22,-100.11,-65.82,5.71,218.0749,4.8919,4.8807,3.7187,14.4367,2.1803,1.2205,0.7278,3.5938,0.6084,5.9877,0.8239,1.9068,0.6519,4.0933
2026-08-06 10:53:10.649,28.666667,76,10,0.007666,-1.5555,165.28,0,0,0,60.0269,218.735,0.08542,1,0,0,0,0,0.007343,0.000286,0.000939,0.000027,0.001057,0.000144,0.000440,0.000171,0.000634,0.000164,0.000869,0.000158,0.000479,0.000194,0.000721,-165.28,-109.69,-110.21,-3.77,-33.31,177.21,50.32,-59.02,84.80,46.44,164.88,149.27,-97.87,-91.47,-6.33,218.0749,4.8919,4.8807,3.7187,14.4367,2.1803,1.2205,0.7278,3.5938,0.6084,5.9877,0.8239,1.9068,0.6519,4.0933
2026-08-06 10:53:10.649,28.683333,76,11,0.007550,-1.5338,166.46,0,0,0,60.0269,218.735,0.08542,1,0,0,0,0,0.007201,0.000247,0.001019,0.000101,0.001184,0.000055,0.000627,0.000150,0.000707,0.000156,0.000722,0.000103,0.000417,0.000137,0.000771,-166.46,-162.85,-116.55,-80.31,-34.77,-177.72,47.71,48.69,100.50,-180.00,-179.44,120.76,-100.03,-119.67,-5.48,218.0749,4.8919,4.8807,3.7187,14.4367,2.1803,1.2205,0.7278,3.5938,0.6084,5.9877,0.8239,1.9068,0.6519,4.0933
2026-08-06 10:53:10.649,28.700000,76,12,0.007497,-1.5289,166.33,0,0,0,60.0269,218.735,0.08542,1,0,0,0,0,0.007173,0.000229,0.000909,0.000134,0.001264,0.000033,0.000614,0.000038,0.000623,0.000134,0.000764,0.000096,0.000409,0.000078,0.000590,-166.33,-171.10,-115.78,-134.08,-39.65,144.39,51.58,13.86,98.61,95.20,178.25,78.20,-78.80,-12.89,-8.91,218.0749,4.8919,4.8807,3.7187,14.4367,2.1803,1.2205,0.7278,3.5938,0.6084,5.9877,0.8239,1.9068,0.6519,4.0933
2026-08-06 10:53:10.649,28.716667,76,13,0.007615,-1.5519,166.52,0,0,0,60.0269,218.735,0.08542,1,0,0,0,0,0.007276,0.000196,0.001053,0.000120,0.001313,0.000076,0.000704,0.000091,0.000686,0.000143,0.000654,0.000063,0.000262,0.000073,0.000566,-166.52,172.72,-121.55,-113.37,-39.94,87.49,44.64,156.48,97.40,-126.35,170.70,-27.53,-79.95,-122.46,-6.95,218.0749,4.8919,4.8807,3.7187,14.4367,2.1803,1.2205,0.7278,3.5938,0.6084,5.9877,0.8239,1.9068,0.6519,4.0933
2026-08-06 10:53:10.649,28.733333,76,14,0.007653,-1.5610,165.93,0,0,0,60.0269,218.735,0.08542,1,0,0,0,0,0.007334,0.000301,0.000903,0.000118,0.001190,0.000072,0.000658,0.000084,0.000706,0.000151,0.000743,0.000121,0.000346,0.000077,0.000581,-165.93,-175.51,-119.39,-134.69,-39.42,132.93,48.20,50.91,94.48,101.14,171.30,162.30,-92.13,123.74,-3.74,218.0749,4.8919,4.8807,3.7187,14.4367,2.1803,1.2205,0.7278,3.5938,0.6084,5.9877,0.8239,1.9068,0.6519,4.0933
2026-08-06 10:53:10.649,28.750000,76,15,0.007654,-1.5603,166.19,0,0,0,60.0269,218.735,0.08542,1,0,0,0,0,0.007324,0.000250,0.000942,0.000145,0.001245,0.000020,0.000643,0.000064,0.000661,0.000023,0.000767,0.000054,0.000367,0.000041,0.000663,-166.19,-166.22,-116.63,-113.10,-38.84,-3.57,47.42,-88.58,94.88,-177.48,179.37,71.58,-73.15,-47.70,-7.48,218.0749,4.8919,4.8807,3.7187,14.4367,2.1803,1.2205,0.7278,3.5938,0.6084,5.9877,0.8239,1.9068,0.6519,4.0933
2026-08-06 10:53:10.649,28.766667,76,16,0.007560,-1.5418,166.06,0,0,0,60.0269,218.735,0.08542,1,0,0,0,0,0.007243,0.000186,0.000935,0.000097,0.001183,0.000057,0.000697,0.000052,0.000668,0.000036,0.000769,0.000087,0.000443,0.000063,0.000596,-166.06,-167.29,-118.27,-90.01,-38.84,113.12,53.12,89.77,98.91,-120.66,174.36,-100.84,-86.57,-171.37,-2.07,218.0749,4.8919,4.8807,3.7187,14.4367,2.1803,1.2205,0.7278,3.5938,0.6084,5.9877,0.8239,1.9068,0.6519,4.0933
2026-08-06 10:53:10.649,28.783333,76,17,0.007674,-1.5581,165.25,0,0,0,60.0269,218.735,0.08542,1,0,0,0,0,0.007336,0.000335,0.000937,0.000204,0.001252,0.000020,0.000597,0.000089,0.000615,0.000128,0.000805,0.000129,0.000526,0.000153,0.000674,-165.25,-166.06,-119.01,-123.20,-44.24,-158.65,44.09,-37.65,91.45,83.62,173.86,177.50,-102.15,-120.75,-18.41,218.0749,4.8919,4.8807,3.7187,14.4367,2.1803,1.2205,0.7278,3.5938,0.6084,5.9877,0.8239,1.9068,0.6519,4.0933
2026-08-06 10:53:10.649,28.800000,76,18,0.007647,-1.5607,166.67,0,0,0,60.0269,218.735,0.08542,1,0,0,0,0,0.007309,0.000284,0.000949,0.000155,0.001241,0.000055,0.000674,0.000027,0.000674,0.000088,0.000743,0.000138,0.000390,0.000089,0.000677,-166.67,-162.90,-120.84,-145.52,-39.09,143.49,52.24,114.99,96.48,108.87,173.17,106.23,-69.84,92.30,-1.38,218.0749,4.8919,4.8807,3.7187,14.4367,2.1803,1.2205,0.7278,3.5938,0.6084,5.9877,0.8239,1.9068,0.6519,4.0933
2026-08-06 10:53:10.649,28.816667,76,19,0.007633,-1.5571,166.63,0,0,0,60.0269,218.735,0.08542,1,0,0,0,0,0.007297,0.000248,0.000911,0.000151,0.001319,0.000113,0.000610,0.000119,0.000685,0.000017,0.000725,0.000056,0.000557,0.000095,0.000583,-166.63,-152.92,-113.67,-156.82,-38.05,96.05,50.20,40.67,96.37,-174.34,174.44,-173.44,-81.80,96.04,-9.18,218.0749,4.8919,4.8807,3.7187,14.4367,2.1803,1.2205,0.7278,3.5938,0.6084,5.9877,0.8239,1.9068,0.6519,4.0933
2026-08-06 10:53:10.649,28.833333,76,20,0.007473,-1.5220,166.84,0,0,0,60.0269,218.735,0.08542,1,0,0,0,0,0.007126,0.000149,0.001068,0.000342,0.001139,0.000115,0.000475,0.000068,0.000733,0.000279,0.000756,0.000328,0.000217,0.000056,0.000593,-166.84,-152.78,-115.14,-159.29,-33.63,-27.24,27.12,-172.32,82.07,27.40,176.06,140.77,-96.38,-161.65,-28.42,218.0749,4.8919,4.8807,3.7187,14.4367,2.1803,1.2205,0.7278,3.5938,0.6084,5.9877,0.8239,1.9068,0.6519,4.0933
2026-08-06 10:53:10.649,28.850000,76,21,0.007831,-1.5928,165.68,0,0,0,60.0269,218.735,0.08542,1,0,0,0,0,0.007480,0.000444,0.001054,0.000315,0.001240,0.000234,0.000530,0.000239,0.000451,0.000118,0.000688,0.000158,0.000572,0.000116,0.000763,-165.68,-153.76,-123.70,-119.88,-48.02,-113.96,40.71,-77.04,96.32,-62.98,-176.19,-51.21,-71.91,-29.56,-5.18,218.0749,4.8919,4.8807,3.7187,14.4367,2.1803,1.2205,0.7278,3.5938,0.6084,5.9877,0.8239,1.9068,0.6519,4.0933
2026-08-06 10:53:10.649,28.866667,76,22,0.007463,-1.5186,166.34,0,0,0,60.0269,218.735,0.08542,1,0,0,0,0,0.007126,0.000204,0.000909,0.000141,0.001256,0.000035,0.000675,0.000086,0.000649,0.000025,0.000820,0.000025,0.000432,0.000085,0.000593,-166.34,-165.12,-117.99,-121.43,-35.20,-66.73,49.16,82.58,89.37,70.41,172.08,161.30,-77.20,134.49,-1.22,218.0749,4.8919,4.8807,3.7187,14.4367,2.1803,1.2205,0.7278,3.5938,0.6084,5.9877,0.8239,1.9068,0.6519,4.0933
2026-08-06 10:53:10.649,28.883333,76,23,0.007622,-1.5509,165.67,0,0,0,60.0269,218.735,0.08542,1,0,0,0,0,0.007294,0.000217,0.000953,0.000198,0.001270,0.000057,0.000702,0.000069,0.000629,0.000061,0.000743,0.000098,0.000355,0.000036,0.000623,-165.67,-161.62,-118.36,-115.61,-38.10,10.07,45.90,-21.97,93.47,53.95,173.26,122.91,-77.46,149.30,-6.53,218.0749,4.8919,4.8807,3.7187,14.4367,2.1803,1.2205,0.7278,3.5938,0.6084,5.9877,0.8239,1.9068,0.6519,4.0933
2026-08-06 10:53:10.649,28.900000,76,24,0.007495,-1.5260,166.83,0,0,0,60.0269,218.735,0.08542,1,0,0,0,0,0.007146,0.000147,0.000968,0.000078,0.001225,0.000052,0.000615,0.000115,0.000537,0.000119,0.000707,0.000119,0.000513,0.000175,0.000749,-166.83,-145.99,-118.40,-148.88,-38.07,-122.02,52.56,38.11,101.44,144.05,168.89,-32.11,-93.32,116.53,3.08,218.0749,4.8919,4.8807,3.7187,14.4367,2.1803,1.2205,0.7278,3.5938,0.6084,5.9877,0.8239,1.9068,0.6519,4.0933
2026-08-06 10:53:10.649,28.916667,76,25,0.007503,-1.5253,166.10,0,0,0,60.0269,218.735,0.08542,1,0,0,0,0,0.007166,0.000212,0.000926,0.000188,0.001331,0.000063,0.000685,0.000077,0.000606,0.000062,0.000756,0.000062,0.000351,0.000106,0.000565,-166.10,178.16,-119.88,-99.31,-36.23,58.55,52.77,77.28,98.10,66.70,170.77,163.24,-87.85,149.44,-8.60,218.0749,4.8919,4.8807,3.7187,14.4367,2.1803,1.2205,0.7278,3.5938,0.6084,5.9877,0.8239,1.9068,0.6519,4.0933
2026-08-06 10:53:10.649,28.933333,76,26,0.007639,-1.5434,164.41,0,0,0,60.0269,218.735,0.08542,1,0,0,0,0,0.007295,0.000149,0.000781,0.000253,0.001303,0.000193,0.000792,0.000120,0.000458,0.000172,0.000687,0.000209,0.000494,0.000176,0.000737,-164.41,-124.32,-121.90,-144.85,-46.58,-1.52,52.10,161.75,102.17,2.74,167.31,130.36,-86.34,-15.51,8.30,218.0749,4.8919,4.8807,3.7187,14.4367,2.1803,1.2205,0.7278,3.5938,0.6084,5.9877,0.8239,1.9068,0.6519,4.0933
2026-08-06 10:53:10.649,28.950000,76,27,0.007599,-1.5439,165.99,0,0,0,60.0269,218.735,0.08542,1,0,0,0,0,0.007246,0.000137,0.000971,0.000153,0.001272,0.000032,0.000539,0.000101,0.000669,0.000062,0.000876,0.000158,0.000268,0.000176,0.000682,-165.99,-156.54,-115.00,-103.42,-41.86,-139.21,53.32,134.71,100.13,-179.28,173.62,126.02,-83.28,85.30,2.85,218.0749,4.8919,4.8807,3.7187,14.4367,2.1803,1.2205,0.7278,3.5938,0.6084,5.9877,0.8239,1.9068,0.6519,4.0933
2026-08-06 10:53:10.649,28.966667,76,28,0.007703,-1.5707,167.02,0,0,0,60.0269,218.735,0.08542,1,0,0,0,0,0.007363,0.000328,0.000848,0.000142,0.001233,0.000219,0.000756,0.000259,0.000629,0.000175,0.000647,0.000099,0.000610,0.000155,0.000555,-167.02,171.65,-128.74,156.47,-29.93,59.68,42.90,27.72,73.16,-0.61,-173.42,-103.53,-75.96,-124.31,-20.80,218.0749,4.8919,4.8807,3.7187,14.4367,2.1803,1.2205,0.7278,3.5938,0.6084,5.9877,0.8239,1.9068,0.6519,4.0933
2026-08-06 10:53:10.649,28.983333,76,29,0.007606,-1.5538,167.67,0,0,0,60.0269,218.735,0.08542,1,0,0,0,0,0.007230,0.000142,0.000843,0.000280,0.001307,0.000122,0.000604,0.000159,0.000679,0.000119,0.000752,0.000211,0.000439,0.000300,0.000721,-167.67,135.23,-107.83,-89.97,-49.85,-155.69,57.09,139.78,94.87,29.73,170.90,68.47,-53.11,-29.14,-23.00,218.0749,4.8919,4.8807,3.7187,14.4367,2.1803,1.2205,0.7278,3.5938,0.6084,5.9877,0.8239,1.9068,0.6519,4.0933
2026-08-06 10:53:10.904,29.000000,77,0,0.007554,-1.5499,167.67,0,0,0,60.0269,218.913,0.08556,1,0,0,0,0,0.007239,0.000061,0.000971,0.000246,0.001102,0.000140,0.000697,0.000038,0.000614,0.000144,0.000693,0.000082,0.000518,0.000212,0.000623,-167.67,158.80,-109.81,-127.57,-37.96,64.29,39.16,-55.42,106.17,119.99,165.42,-39.93,-83.21,161.84,4.54,218.2497,4.9258,4.9199,3.7478,14.4310,2.1890,1.2203,0.7299,3.6221,0.5731,6.0331,0.8180,1.8699,0.6882,4.1305
2026-08-06 10:53:10.904,29.016667,77,1,0.007513,-1.5281,165.46,0,0,0,60.0269,218.913,0.08556,1,0,0,0,0,0.007197,0.000216,0.000847,0.000141,0.001244,0.000093,0.000618,0.000042,0.000570,0.000036,0.000666,0.000043,0.000442,0.000117,0.000685,-165.46,-173.30,-114.06,-151.88,-38.21,176.32,46.65,-86.84,90.95,88.58,179.50,138.56,-72.21,57.35,1.71,218.2497,4.9258,4.9199,3.7478,14.4310,2.1890,1.2203,0.7299,3.6221,0.5731,6.0331,0.8180,1.8699,0.6882,4.1305
2026-08-06 10:53:10.904,29.033333,77,2,0.007544,-1.5404,166.24,0,0,0,60.0269,218.913,0.08556,1,0,0,0,0,0.007225,0.000203,0.000898,0.000149,0.001198,0.000035,0.000615,0.000010,0.000693,0.000038,0.000794,0.000055,0.000366,0.000020,0.000583,-166.24,-167.25,-120.00,-125.30,-38.42,-40.73,51.02,103.79,95.42,65.92,177.29,83.00,-75.01,42.82,-3.57,218.2497,4.9258,4.9199,3.7478,14.4310,2.1890,1.2203,0.7299,3.6221,0.5731,6.0331,0.8180,1.8699,0.6882,4.1305
2026-08-06 10:53:10.904,29.050000,77,3,0.007441,-1.5063,165.84,0,0,0,60.0269,218.913,0.08556,1,0,0,0,0,0.007086,0.000206,0.000882,0.000127,0.001206,0.000048,0.000679,0.000197,0.000531,0.000177,0.000978,0.000154,0.000345,0.000150,0.000674,-165.84,-168.43,-120.29,-105.00,-33.46,165.76,45.32,111.77,91.41,75.82,179.61,-21.44,-101.38,-104.44,9.92,218.2497,4.9258,4.9199,3.7478,14.4310,2.1890,1.2203,0.7299,3.6221,0.5731,6.0331,0.8180,1.8699,0.6882,4.1305
2026-08-06 10:53:10.904,29.066667,77,4,0.007584,-1.5438,166.14,0,0,0,60.0269,218.913,0.08556,1,0,0,0,0,0.007239,0.000236,0.000960,0.000143,0.001295,0.000061,0.000691,0.000017,0.000599,0.000096,0.000750,0.000075,0.000415,0.000012,0.000661,-166.14,-157.77,-116.52,-118.28,-40.04,-80.22,50.67,-73.53,91.61,83.53,172.09,161.90,-78.41,-100.21,-3.18,218.2497,4.9258,4.9199,3.7478,14.4310,2.1890,1.2203,0.7299,3.6221,0.5731,6.0331,0.8180,1.8699,0.6882,4.1305
2026-08-06 10:53:10.904,29.083333,77,5,0.007510,-1.5355,166.72,0,0,0,60.0269,218.913,0.08556,1,0,0,0,0,0.007191,0.000203,0.000892,0.000088,0.001185,0.000037,0.000657,0.000031,0.000666,0.000029,0.000790,0.000106,0.000395,0.000026,0.000636,-166.72,174.89,-118.60,-111.13,-35.04,73.25,47.75,128.35,97.12,73.17,176.18,93.16,-77.02,-47.45,-11.63,218.2497,4.9258,4.9199,3.7478,14.4310,2.1890,1.2203,0.7299,3.6221,0.5731,6.0331,0.8180,1.8699,0.6882,4.1305
2026-08-06 10:53:10.904,29.100000,77,6,0.007492,-1.5297,166.12,0,0,0,60.0269,218.913,0.08556,1,0,0,0,0,0.007183,0.000292,0.000890,0.000150,0.001183,0.000040,0.000640,0.000119,0.000610,0.000155,0.000729,0.000099,0.000403,0.000037,0.000500,-166.12,-146.35,-118.29,-100.33,-37.67,-45.04,53.95,57.70,95.56,107.37,-176.77,-175.15,-78.05,-173.67,-0.35,218.2497,4.9258,4.9199,3.7478,14.4310,2.1890,1.2203,0.7299,3.6221,0.5731,6.0331,0.8180,1.8699,0.6882,4.1305
2026-08-06 10:53:10.904,29.116667,77,7,0.007606,-1.5514,166.28,0,0,0,60.0269,218.913,0.08556,1,0,0,0,0,0.007274,0.000235,0.000911,0.000169,0.001272,0.000007,0.000693,0.000052,0.000673,0.000074,0.000802,0.000073,0.000381,0.000040,0.000581,-166.28,-166.68,-115.70,-116.95,-39.73,-15.27,49.62,-22.59,96.56,93.65,175.35,138.90,-86.19,162.48,-8.75,218.2497,4.9258,4.9199,3.7478,14.4310,2.1890,1.2203,0.7299,3.6221,0.5731,6.0331,0.8180,1.8699,0.6882,4.1305
2026-08-06 10:53:10.904,29.133333,77,8,0.007447,-1.5162,165.97,0,0,0,60.0269,218.913,0.08556,1,0,0,0,0,0.007123,0.000229,0.000997,0.000120,0.001169,0.000077,0.000639,0.000104,0.000602,0.000067,0.000711,0.000088,0.000490,0.000034,0.000622,-165.97,-146.99,-119.27,-146.98,-37.21,143.70,51.64,85.09,92.46,-12.30,-175.94,-94.63,-75.52,-125.57,-6.28,218.2497,4.9258,4.9199,3.7478,14.4310,2.1890,1.2203,0.7299,3.6221,0.5731,6.0331,0.8180,1.8699,0.6882,4.1305
2026-08-06 10:53:10.904,29.150000,77,9,0.007645,-1.5563,166.60,0,0,0,60.0269,218.913,0.08556,1,0,0,0,0,0.007281,0.000245,0.000944,0.000267,0.001228,0.000104,0.000735,0.000140,0.000500,0.000127,0.000940,0.000340,0.000270,0.000152,0.000795,-166.60,-179.43,-112.96,-106.16,-39.03,83.33,49.03,25.09,88.75,-145.08,173.04,137.08,-68.19,47.94,-15.56,218.2497,4.9258,4.9199,3.7478,14.4310,2.1890,1.2203,0.7299,3.6221,0.5731,6.0331,0.8180,1.8699,0.6882,4.1305
2026-08-06 10:53:10.904,29.166667,77,10,0.007563,-1.5407,166.24,0,0,0,60.0269,218.913,0.08556,1,0,0,0,0,0.007230,0.000248,0.000854,0.000195,0.001285,0.000055,0.000681,0.000050,0.000661,0.000018,0.000741,0.000018,0.000404,0.000038,0.000671,-166.24,-164.26,-116.92,-109.42,-36.07,16.75,48.64,-15.04,100.41,71.35,175.34,176.38,-75.22,101.33,-5.29,218.2497,4.9258,4.9199,3.7478,14.4310,2.1890,1.2203,0.7299,3.6221,0.5731,6.0331,0.8180,1.8699,0.6882,4.1305
2026-08-06 10:53:10.904,29.183333,77,11,0.007516,-1.5341,166.17,0,0,0,60.0269,218.913,0.08556,1,0,0,0,0,0.007199,0.000179,0.000881,0.000140,0.001198,0.000040,0.000648,0.000004,0.000636,0.000012,0.000806,0.000013,0.000460,0.000039,0.000596,-166.17,-162.88,-118.89,-129.84,-37.69,9.00,51.93,157.17,94.31,32.39,179.04,50.38,-79.69,-136.76,-3.38,218.2497,4.9258,4.9199,3.7478,14.4310,2.1890,1.2203,0.7299,3.6221,0.5731,6.0331,0.8180,1.8699,0.6882,4.1305
2026-08-06 10:53:10.904,29.200000,77,12,0.007613,-1.5532,166.38,0,0,0,60.0269,218.913,0.08556,1,0,0,0,0,0.007278,0.000256,0.000915,0.000070,0.001263,0.000154,0.000589,0.000095,0.000632,0.000186,0.000649,0.000222,0.000538,0.000128,0.000653,-166.38,-158.78,-112.68,-129.17,-44.09,37.11,56.63,10.74,87.68,116.25,-177.51,127.72,-85.64,107.76,-1.66,218.2497,4.9258,4.9199,3.7478,14.4310,2.1890,1.2203,0.7299,3.6221,0.5731,6.0331,0.8180,1.8699,0.6882,4.1305
2026-08-06 10:53:10.904,29.216667,77,13,0.007571,-1.5447,165.81,0,0,0,60.0269,218.913,0.08556,1,0,0,0,0,0.007257,0.000216,0.000880,0.000156,0.001208,0.000056,0.000638,0.000038,0.000608,0.000096,0.000756,0.000091,0.000395,0.000065,0.000605,-165.81,173.05,-117.19,-134.78,-38.03,119.94,45.57,-54.34,97.48,74.82,175.86,123.64,-72.77,101.01,-4.32,218.2497,4.9258,4.9199,3.7478,14.4310,2.1890,1.2203,0.7299,3.6221,0.5731,6.0331,0.8180,1.8699,0.6882,4.1305
2026-08-06 10:53:10.904,29.233333,77,14,0.007590,-1.5389,165.13,0,0,0,60.0269,218.913,0.08556,1,0,0,0,0,0.007246,0.000249,0.000972,0.000138,0.001214,0.000106,0.000702,0.000087,0.000580,0.000058,0.000890,0.000123,0.000416,0.000100,0.000543,-165.13,178.61,-119.89,-42.16,-40.89,-95.14,56.69,33.31,95.33,-146.44,170.46,10.59,-75.08,-135.19,1.47,218.2497,4.9258,4.9199,3.7478,14.4310,2.1890,1.2203,0.7299,3.6221,0.5731,6.0331,0.8180,1.8699,0.6882,4.1305
2026-08-06 10:53:10.904,29.250000,77,15,0.007624,-1.5544,165.98,0,0,0,60.0269,218.913,0.08556,1,0,0,0,0,0.007300,0.000221,0.000938,0.000103,0.001235,0.000025,0.000675,0.000071,0.000634,0.000054,0.000727,0.000091,0.000398,0.000053,0.000645,-165.98,-151.82,-117.32,-118.59,-37.97,-141.10,47.88,-10.01,93.04,81.36,170.97,152.72,-84.83,-154.21,2.94,218.2497,4.9258,4.9199,3.7478,14.4310,2.1890,1.2203,0.7299,3.6221,0.5731,6.0331,0.8180,1.8699,0.6882,4.1305
2026-08-06 10:53:10.904,29.266667,77,16,0.007534,-1.5370,166.29,0,0,0,60.0269,218.913,0.08556,1,0,0,0,0,0.007211,0.000194,0.000921,0.000150,0.001223,0.000063,0.000633,0.000044,0.000617,0.000008,0.000754,0.000048,0.000430,0.000042,0.000649,-166.29,-177.94,-118.17,-100.69,-35.78,-53.90,51.28,153.96,96.53,133.41,177.62,55.90,-68.71,-15.49,-2.95,218.2497,4.9258,4.9199,3.7478,14.4310,2.1890,1.2203,0.7299,3.6221,0.5731,6.0331,0.8180,1.8699,0.6882,4.1305
2026-08-06 10:53:10.904,29.283333,77,17,0.007635,-1.5547,165.90,0,0,0,60.0269,218.913,0.08556,1,0,0,0,0,0.007305,0.000189,0.000959,0.000108,0.001264,0.000042,0.000640,0.000095,0.000689,0.000004,0.000772,0.000045,0.000388,0.000066,0.000575,-165.90,-161.40,-115.71,-115.36,-36.74,36.01,47.97,101.26,89.26,20.52,172.58,-136.68,-76.11,159.25,7.11,218.2497,4.9258,4.9199,3.7478,14.4310,2.1890,1.2203,0.7299,3.6221,0.5731,6.0331,0.8180,1.8699,0.6882,4.1305
2026-08-06 10:53:10.904,29.300000,77,18,0.007574,-1.5368,165.63,0,0,0,60.0269,218.913,0.08556,1,0,0,0,0,0.007232,0.000247,0.000922,0.000176,0.001244,0.000050,0.000611,0.000119,0.000735,0.000052,0.000600,0.000194,0.000568,0.000129,0.000525,-165.63,-162.66,-116.07,-130.27,-37.85,118.71,44.99,-14.09,90.43,-136.21,174.78,141.05,-77.14,63.72,6.57,218.2497,4.9258,4.9199,3.7478,14.4310,2.1890,1.2203,0.7299,3.6221,0.5731,6.0331,0.8180,1.8699,0.6882,4.1305
2026-08-06 10:53:10.904,29.316667,77,19,0.007615,-1.5533,166.21,0,0,0,60.0269,218.913,0.08556,1,0,0,0,0,0.007287,0.000197,0.000967,0.000162,0.001242,0.000032,0.000605,0.000022,0.000663,0.000025,0.000809,0.000058,0.000443,0.000022,0.000616,-166.21,-171.97,-116.21,-141.91,-35.93,-117.06,47.79,162.26,95.26,40.15,-180.00,121.39,-77.98,-142.17,-5.30,218.2497,4.9258,4.9199,3.7478,14.4310,2.1890,1.2203,0.7299,3.6221,0.5731,6.0331,0.8180,1.8699,0.6882,4.1305
2026-08-06 10:53:10.904,29.333333,77,20,0.007582,-1.5408,165.66,0,0,0,60.0269,218.913,0.08556,1,0,0,0,0,0.007240,0.000217,0.000947,0.000231,0.001179,0.000046,0.000587,0.000085,0.000729,0.000045,0.000877,0.000079,0.000423,0.000094,0.000623,-165.66,-168.29,-116.44,-104.59,-38.58,-4.24,45.87,119.62,94.73,1.68,174.38,78.91,-80.33,145.85,3.72,218.2497,4.9258,4.9199,3.7478,14.4310,2.1890,1.2203,0.7299,3.6221,0.5731,6.0331,0.8180,1.8699,0.6882,4.1305
2026-08-06 10:53:10.904,29.350000,77,21,0.007631,-1.5538,167.18,0,0,0,60.0269,218.913,0.08556,1,0,0,0,0,0.007252,0.000297,0.000781,0.000052,0.001337,0.000167,0.000592,0.000116,0.000634,0.000250,0.000925,0.000168,0.000441,0.000157,0.000868,-167.18,164.27,-122.51,-121.86,-39.15,-66.11,31.94,-50.55,98.07,133.98,167.70,139.09,-78.34,-25.57,-5.59,218.2497,4.9258,4.9199,3.7478,14.4310,2.1890,1.2203,0.7299,3.6221,0.5731,6.0331,0.8180,1.8699,0.6882,4.1305
2026-08-06 10:53:10.904,29.366667,77,22,0.007352,-1.5123,166.63,0,0,0,60.0269,218.913,0.08556,1,0,0,0,0,0.007073,0.000391,0.000864,0.000237,0.001119,0.000211,0.000494,0.000200,0.000567,0.000124,0.000707,0.000165,0.000318,0.000177,0.000429,-166.63,-132.91,-128.47,-69.90,-42.99,46.72,36.47,116.21,83.58,-153.63,166.68,-89.97,-86.30,-18.77,-17.03,218.2497,4.9258,4.9199,3.7478,14.4310,2.1890,1.2203,0.7299,3.6221,0.5731,6.0331,0.8180,1.8699,0.6882,4.1305
2026-08-06 10:53:10.904,29.383333,77,23,0.007588,-1.5495,166.68,0,0,0,60.0269,218.913,0.08556,1,0,0,0,0,0.007254,0.000215,0.000948,0.000121,0.001243,0.000005,0.000691,0.000084,0.000701,0.000014,0.000708,0.000064,0.000387,0.000096,0.000649,-166.68,-152.10,-116.32,-111.31,-37.15,154.67,48.91,30.13,91.49,65.74,174.51,-179.55,-82.14,150.21,0.30,218.2497,4.9258,4.9199,3.7478,14.4310,2.1890,1.2203,0.7299,3.6221,0.5731,6.0331,0.8180,1.8699,0.6882,4.1305
2026-08-06 10:53:10.904,29.400000,77,24,0.007690,-1.5639,165.59,0,0,0,60.0269,218.913,0.08556,1,0,0,0,0,0.007359,0.000222,0.000952,0.000165,0.001297,0.000034,0.000637,0.000061,0.000623,0.000089,0.000765,0.000047,0.000399,0.000049,0.000602,-165.59,-167.77,-116.51,-111.41,-38.32,-6.83,49.67,-19.27,93.08,89.61,173.79,154.32,-87.77,114.71,-3.95,218.2497,4.9258,4.9199,3.7478,14.4310,2.1890,1.2203,0.7299,3.6221,0.5731,6.0331,0.8180,1.8699,0.6882,4.1305
2026-08-06 10:53:10.904,29.416667,77,25,0.007593,-1.5412,165.99,0,0,0,60.0269,218.913,0.08556,1,0,0,0,0,0.007230,0.000187,0.000980,0.000148,0.001263,0.000039,0.000593,0.000098,0.000731,0.000040,0.000874,0.000124,0.000407,0.000113,0.000694,-165.99,-144.15,-117.21,-120.01,-38.88,-136.92,56.61,132.12,97.02,-150.53,171.32,53.73,-67.17,40.31,-5.58,218.2497,4.9258,4.9199,3.7478,14.4310,2.1890,1.2203,0.7299,3.6221,0.5731,6.0331,0.8180,1.8699,0.6882,4.1305
2026-08-06 10:53:10.904,29.433333,77,26,0.007572,-1.5430,166.07,0,0,0,60.0269,218.913,0.08556,1,0,0,0,0,0.007239,0.000227,0.000976,0.000152,0.001242,0.000046,0.000604,0.000108,0.000618,0.000037,0.000824,0.000017,0.000378,0.000022,0.000608,-166.07,-165.38,-120.55,-118.01,-36.69,-64.02,50.04,18.97,99.46,-18.62,171.71,146.20,-82.52,-34.57,-5.16,218.2497,4.9258,4.9199,3.7478,14.4310,2.1890,1.2203,0.7299,3.6221,0.5731,6.0331,0.8180,1.8699,0.6882,4.1305
2026-08-06 10:53:10.904,29.450000,77,27,0.007564,-1.5401,166.33,0,0,0,60.0269,218.913,0.08556,1,0,0,0,0,0.007212,0.000267,0.000893,0.000156,0.001255,0.000058,0.000635,0.000053,0.000662,0.000150,0.000816,0.000097,0.000481,0.000071,0.000734,-166.33,-172.94,-117.48,-139.15,-40.50,-107.75,43.67,-25.00,89.45,85.67,178.62,161.03,-81.23,-80.82,-7.77,218.2497,4.9258,4.9199,3.7478,14.4310,2.1890,1.2203,0.7299,3.6221,0.5731,6.0331,0.8180,1.8699,0.6882,4.1305
2026-08-06 10:53:10.904,29.466667,77,28,0.007591,-1.5478,165.91,0,0,0,60.0269,218.913,0.08556,1,0,0,0,0,0.007272,0.000176,0.000941,0.000130,0.001225,0.000067,0.000587,0.000048,0.000626,0.000111,0.000815,0.000067,0.000388,0.000083,0.000546,-165.91,-162.08,-117.22,-125.85,-38.97,-122.76,48.22,-165.18,99.18,-167.54,177.98,-154.40,-79.18,-174.10,-0.44,218.2497,4.9258,4.9199,3.7478,14.4310,2.1890,1.2203,0.7299,3.6221,0.5731,6.0331,0.8180,1.8699,0.6882,4.1305
2026-08-06 10:53:10.904,29.483333,77,29,0.007549,-1.5320,165.56,0,0,0,60.0269,218.913,0.08556,1,0,0,0,0,0.007210,0.000250,0.001048,0.000129,0.001178,0.000137,0.000674,0.000056,0.000647,0.000194,0.000813,0.000155,0.000436,0.000093,0.000483,-165.56,-146.25,-115.59,-112.91,-37.35,-3.07,42.25,16.13,90.15,126.23,177.03,120.60,-80.53,-60.97,-7.56,218.2497,4.9258,4.9199,3.7478,14.4310,2.1890,1.2203,0.7299,3.6221,0.5731,6.0331,0.8180,1.8699,0.6882,4.1305
2026-08-06 10:53:11.417,29.500000,78,0,0.007600,-1.5472,166.17,0,0,0,60.0269,219.004,0.08553,1,0,0,0,0,0.007260,0.000090,0.000937,0.000110,0.001366,0.000057,0.000701,0.000046,0.000613,0.000038,0.000727,0.000067,0.000378,0.000038,0.000573,-166.17,-167.11,-117.57,-153.72,-40.23,-61.23,49.99,-177.83,91.05,119.84,172.98,68.95,-87.46,-56.47,-1.29,218.3425,4.9702,4.9292,3.7405,14.4076,2.1752,1.2209,0.7378,3.6320,0.5881,6.0710,0.8257,1.9155,0.7051,4.0739
2026-08-06 10:53:11.417,29.516667,78,1,0.007788,-1.5945,171.62,0,0,0,60.0269,219.004,0.08553,1,0,0,0,0,0.007358,0.000476,0.001129,0.000704,0.001034,0.000382,0.000922,0.000217,0.000577,0.000258,0.000583,0.000243,0.000635,0.000400,0.000612,-171.62,55.03,-83.54,-101.36,-58.13,111.29,40.87,-29.36,113.90,112.65,158.65,-59.13,-98.82,158.16,23.01,218.3425,4.9702,4.9292,3.7405,14.4076,2.1752,1.2209,0.7378,3.6320,0.5881,6.0710,0.8257,1.9155,0.7051,4.0739
2026-08-06 10:53:11.417,29.533333,78,2,0.007569,-1.5436,166.35,0,0,0,60.0269,219.004,0.08553,1,0,0,0,0,0.007237,0.000267,0.000920,0.000028,0.001231,0.000118,0.000695,0.000059,0.000615,0.000240,0.000784,0.000049,0.000403,0.000084,0.000615,-166.35,-161.72,-112.06,175.03,-39.90,-37.22,48.65,-173.71,88.84,94.09,178.71,140.17,-88.72,173.46,-2.54,218.3425,4.9702,4.9292,3.7405,14.4076,2.1752,1.2209,0.7378,3.6320,0.5881,6.0710,0.8257,1.9155,0.7051,4.0739
2026-08-06 10:53:11.417,29.550000,78,3,0.007580,-1.5479,166.10,0,0,0,60.0269,219.004,0.08553,1,0,0,0,0,0.007264,0.000238,0.000914,0.000138,0.001219,0.000017,0.000624,0.000037,0.000615,0.000061,0.000782,0.000011,0.000419,0.000044,0.000605,-166.10,-163.09,-118.19,-122.80,-37.90,-105.89,47.97,-95.28,94.54,60.92,178.03,78.16,-74.87,-21.93,-6.36,218.3425,4.9702,4.9292,3.7405,14.4076,2.1752,1.2209,0.7378,3.6320,0.5881,6.0710,0.8257,1.9155,0.7051,4.0739
2026-08-06 10:53:11.417,29.566667,78,4,0.007553,-1.5416,166.36,0,0,0,60.0269,219.004,0.08553,1,0,0,0,0,0.007221,0.000214,0.000902,0.000122,0.001238,0.000033,0.000602,0.000078,0.000687,0.000036,0.000838,0.000070,0.000430,0.000032,0.000607,-166.36,-165.16,-119.14,-115.77,-36.97,-111.31,48.91,94.17,91.24,157.23,174.02,-141.59,-83.17,136.54,-2.81,218.3425,4.9702,4.9292,3.7405,14.4076,2.1752,1.2209,0.7378,3.6320,0.5881,6.0710,0.8257,1.9155,0.7051,4.0739
2026-08-06 10:53:11.417,29.583333,78,5,0.007584,-1.5427,165.76,0,0,0,60.0269,219.004,0.08553,1,0,0,0,0,0.007246,0.000282,0.000959,0.000139,0.001254,0.000020,0.000622,0.000044,0.000610,0.000132,0.000782,0.000121,0.000416,0.000040,0.000625,-165.76,-163.65,-114.47,-116.02,-38.44,-142.10,43.76,-36.67,90.13,80.81,177.60,125.93,-83.82,-47.18,-1.40,218.3425,4.9702,4.9292,3.7405,14.4076,2.1752,1.2209,0.7378,3.6320,0.5881,6.0710,0.8257,1.9155,0.7051,4.0739
2026-08-06 10:53:11.417,29.600000,78,6,0.007589,-1.5510,166.41,0,0,0,60.0269,219.004,0.08553,1,0,0,0,0,0.007267,0.000221,0.000931,0.000122,0.001229,0.000039,0.000600,0.000010,0.000680,0.000011,0.000789,0.000047,0.000354,0.000059,0.000602,-166.41,-177.33,-120.63,-122.89,-37.75,-65.20,49.13,-77.86,98.74,-88.23,175.06,102.94,-79.18,-86.41,0.45,218.3425,4.9702,4.9292,3.7405,14.4076,2.1752,1.2209,0.7378,3.6320,0.5881,6.0710,0.8257,1.9155,0.7051,4.0739
2026-08-06 10:53:11.417,29.616667,78,7,0.007539,-1.5303,166.64,0,0,0,60.0269,219.004,0.08553,1,0,0,0,0,0.007156,0.000172,0.001047,0.000178,0.001389,0.000198,0.000544,0.000119,0.000711,0.000144,0.000879,0.000200,0.000301,0.000191,0.000648,-166.64,-149.49,-115.19,-104.40,-39.19,-112.81,45.40,144.22,108.02,125.37,163.88,93.26,-65.83,66.60,-6.33,218.3425,4.9702,4.9292,3.7405,14.4076,2.1752,1.2209,0.7378,3.6320,0.5881,6.0710,0.8257,1.9155,0.7051,4.0739
2026-08-06 10:53:11.417,29.633333,78,8,0.007581,-1.5427,166.61,0,0,0,60.0269,219.004,0.08553,1,0,0,0,0,0.007226,0.000267,0.001039,0.000137,0.001260,0.000031,0.000653,0.000112,0.000695,0.000114,0.000784,0.000084,0.000350,0.000074,0.000679,-166.61,-161.27,-116.79,-91.07,-34.91,145.89,44.65,-16.26,93.28,133.06,179.34,13.54,-78.18,-170.92,-11.97,218.3425,4.9702,4.9292,3.7405,14.4076,2.1752,1.2209,0.7378,3.6320,0.5881,6.0710,0.8257,1.9155,0.7051,4.0739
2026-08-06 10:53:11.417,29.650000,78,9,0.007614,-1.5550,166.30,0,0,0,60.0269,219.004,0.08553,1,0,0,0,0,0.007291,0.000150,0.000936,0.000111,0.001231,0.000004,0.000639,0.000020,0.000687,0.000031,0.000804,0.000051,0.000422,0.000026,0.000629,-166.30,-160.30,-117.47,-138.15,-37.35,-160.94,47.74,104.47,94.88,-78.65,171.93,-171.53,-78.45,131.30,-8.05,218.3425,4.9702,4.9292,3.7405,14.4076,2.1752,1.2209,0.7378,3.6320,0.5881,6.0710,0.8257,1.9155,0.7051,4.0739
2026-08-06 10:53:11.417,29.666667,78,10,0.007560,-1.5390,166.32,0,0,0,60.0269,219.004,0.08553,1,0,0,0,0,0.007219,0.000176,0.000943,0.000149,0.001229,0.000066,0.000668,0.000147,0.000729,0.000115,0.000698,0.000092,0.000498,0.000166,0.000542,-166.32,-161.18,-116.46,-105.82,-39.44,143.48,51.05,58.42,89.14,2.88,179.45,-121.25,-87.59,179.21,1.19,218.3425,4.9702,4.9292,3.7405,14.4076,2.1752,1.2209,0.7378,3.6320,0.5881,6.0710,0.8257,1.9155,0.7051,4.0739
2026-08-06 10:53:11.417,29.683333,78,11,0.007611,-1.5503,165.81,0,0,0,60.0269,219.004,0.08553,1,0,0,0,0,0.007277,0.000218,0.000974,0.000160,0.001245,0.000041,0.000666,0.000024,0.000659,0.000033,0.000735,0.000069,0.000375,0.000023,0.000627,-165.81,-169.60,-117.74,-116.05,-38.90,84.52,42.72,-78.85,90.88,103.40,174.17,77.70,-65.57,-83.67,-3.71,218.3425,4.9702,4.9292,3.7405,14.4076,2.1752,1.2209,0.7378,3.6320,0.5881,6.0710,0.8257,1.9155,0.7051,4.0739
2026-08-06 10:53:11.417,29.700000,78,12,0.007588,-1.5427,165.55,0,0,0,60.0269,219.004,0.08553,1,0,0,0,0,0.007257,0.000189,0.000990,0.000121,0.001242,0.000036,0.000607,0.000044,0.000633,0.000009,0.000790,0.000039,0.000420,0.000053,0.000571,-165.55,-160.09,-116.21,-104.73,-39.92,135.54,43.81,49.25,92.56,-11.33,176.88,-76.59,-79.94,147.19,-4.37,218.3425,4.9702,4.9292,3.7405,14.4076,2.1752,1.2209,0.7378,3.6320,0.5881,6.0710,0.8257,1.9155,0.7051,4.0739
2026-08-06 10:53:11.417,29.716667,78,13,0.007623,-1.5523,166.30,0,0,0,60.0269,219.004,0.08553,1,0,0,0,0,0.007277,0.000200,0.000950,0.000122,0.001307,0.000037,0.000652,0.000068,0.000635,0.000083,0.000743,0.000087,0.000373,0.000155,0.000713,-166.30,-172.12,-117.81,-130.47,-38.18,-83.68,48.44,48.41,87.34,83.08,175.59,-172.98,-100.97,47.75,-12.13,218.3425,4.9702,4.9292,3.7405,14.4076,2.1752,1.2209,0.7378,3.6320,0.5881,6.0710,0.8257,1.9155,0.7051,4.0739
2026-08-06 10:53:11.417,29.733333,78,14,0.007555,-1.5349,165.47,0,0,0,60.0269,219.004,0.08553,1,0,0,0,0,0.007228,0.000185,0.000891,0.000061,0.001222,0.000109,0.000708,0.000064,0.000711,0.000085,0.000761,0.000076,0.000379,0.000071,0.000546,-165.47,-166.56,-123.15,-131.03,-31.61,38.12,44.50,-157.18,99.76,87.63,167.66,115.15,-73.95,167.70,-9.10,218.3425,4.9702,4.9292,3.7405,14.4076,2.1752,1.2209,0.7378,3.6320,0.5881,6.0710,0.8257,1.9155,0.7051,4.0739
2026-08-06 10:53:11.417,29.750000,78,15,0.007530,-1.5369,166.39,0,0,0,60.0269,219.004,0.08553,1,0,0,0,0,0.007209,0.000209,0.000928,0.000099,0.001220,0.000054,0.000651,0.000100,0.000657,0.000051,0.000784,0.000047,0.000445,0.000053,0.000606,-166.39,-173.87,-115.67,-109.71,-35.30,55.74,51.38,90.02,94.87,159.81,176.62,25.91,-78.65,157.45,-7.30,218.3425,4.9702,4.9292,3.7405,14.4076,2.1752,1.2209,0.7378,3.6320,0.5881,6.0710,0.8257,1.9155,0.7051,4.0739
2026-08-06 10:53:11.417,29.766667,78,16,0.007597,-1.5452,165.89,0,0,0,60.0269,219.004,0.08553,1,0,0,0,0,0.007254,0.000254,0.000970,0.000142,0.001292,0.000086,0.000675,0.000082,0.000628,0.000099,0.000707,0.000112,0.000421,0.000063,0.000642,-165.89,-169.52,-116.48,-107.21,-39.74,78.77,43.33,34.01,97.26,78.40,177.53,118.06,-80.24,116.12,-4.93,218.3425,4.9702,4.9292,3.7405,14.4076,2.1752,1.2209,0.7378,3.6320,0.5881,6.0710,0.8257,1.9155,0.7051,4.0739
2026-08-06 10:53:11.417,29.783333,78,17,0.007537,-1.5387,166.13,0,0,0,60.0269,219.004,0.08553,1,0,0,0,0,0.007219,0.000244,0.000888,0.000129,0.001229,0.000031,0.000604,0.000015,0.000596,0.000090,0.000731,0.000065,0.000407,0.000057,0.000657,-166.13,-159.54,-117.12,-128.39,-37.96,-69.60,45.01,-107.10,92.15,62.05,178.47,125.10,-71.45,-150.84,-5.97,218.3425,4.9702,4.9292,3.7405,14.4076,2.1752,1.2209,0.7378,3.6320,0.5881,6.0710,0.8257,1.9155,0.7051,4.0739
2026-08-06 10:53:11.417,29.800000,78,18,0.007480,-1.5244,165.77,0,0,0,60.0269,219.004,0.08553,1,0,0,0,0,0.007163,0.000283,0.000889,0.000168,0.001244,0.000065,0.000667,0.000086,0.000649,0.000053,0.000694,0.000041,0.000436,0.000098,0.000589,-165.77,-165.43,-114.81,-107.94,-38.11,118.49,46.22,103.26,91.68,73.47,-178.89,-168.90,-81.25,132.65,-7.68,218.3425,4.9702,4.9292,3.7405,14.4076,2.1752,1.2209,0.7378,3.6320,0.5881,6.0710,0.8257,1.9155,0.7051,4.0739
2026-08-06 10:53:11.417,29.816667,78,19,0.007541,-1.5383,166.06,0,0,0,60.0269,219.004,0.08553,1,0,0,0,0,0.007216,0.000223,0.000886,0.000158,0.001269,0.000074,0.000660,0.000068,0.000621,0.000069,0.000700,0.000071,0.000391,0.000029,0.000625,-166.06,-170.26,-117.63,-105.69,-37.24,68.90,46.83,48.92,93.09,113.03,174.70,156.08,-81.63,131.53,-5.11,218.3425,4.9702,4.9292,3.7405,14.4076,2.1752,1.2209,0.7378,3.6320,0.5881,6.0710,0.8257,1.9155,0.7051,4.0739
2026-08-06 10:53:11.417,29.833333,78,20,0.007554,-1.5443,166.29,0,0,0,60.0269,219.004,0.08553,1,0,0,0,0,0.007237,0.000211,0.000960,0.000106,0.001233,0.000022,0.000612,0.000079,0.000647,0.000040,0.000692,0.000054,0.000400,0.000061,0.000594,-166.29,-155.33,-118.64,-144.47,-38.62,-109.40,44.12,48.76,99.18,133.77,177.49,87.05,-67.65,-88.65,-7.51,218.3425,4.9702,4.9292,3.7405,14.4076,2.1752,1.2209,0.7378,3.6320,0.5881,6.0710,0.8257,1.9155,0.7051,4.0739
2026-08-06 10:53:11.417,29.850000,78,21,0.007597,-1.5480,165.92,0,0,0,60.0269,219.004,0.08553,1,0,0,0,0,0.007267,0.000177,0.000955,0.000156,0.001258,0.000014,0.000653,0.000052,0.000682,0.000057,0.000765,0.000070,0.000393,0.000126,0.000559,-165.92,-179.24,-116.14,-127.44,-38.10,-138.30,46.49,54.27,94.04,86.65,176.12,168.69,-80.79,-171.23,0.66,218.3425,4.9702,4.9292,3.7405,14.4076,2.1752,1.2209,0.7378,3.6320,0.5881,6.0710,0.8257,1.9155,0.7051,4.0739
2026-08-06 10:53:11.417,29.866667,78,22,0.007650,-1.5660,167.87,0,0,0,60.0269,219.004,0.08553,1,0,0,0,0,0.007288,0.000098,0.000965,0.000338,0.001137,0.000177,0.000794,0.000241,0.000480,0.000164,0.000824,0.000215,0.000555,0.000188,0.000508,-167.87,136.50,-107.08,-109.79,-45.47,105.85,45.35,-14.04,97.76,168.95,167.53,60.51,-67.12,-115.89,-8.51,218.3425,4.9702,4.9292,3.7405,14.4076,2.1752,1.2209,0.7378,3.6320,0.5881,6.0710,0.8257,1.9155,0.7051,4.0739
2026-08-06 10:53:11.417,29.883333,78,23,0.007504,-1.5196,165.13,0,0,0,60.0269,219.004,0.08553,1,0,0,0,0,0.007158,0.000184,0.000997,0.000193,0.001154,0.000090,0.000701,0.000178,0.000544,0.000154,0.000910,0.000066,0.000361,0.000125,0.000651,-165.13,138.81,-119.24,-85.18,-33.49,-127.71,38.84,132.00,101.21,26.57,171.26,-94.79,-58.59,-178.78,-14.89,218.3425,4.9702,4.9292,3.7405,14.4076,2.1752,1.2209,0.7378,3.6320,0.5881,6.0710,0.8257,1.9155,0.7051,4.0739
2026-08-06 10:53:11.417,29.900000,78,24,0.007842,-1.5956,165.81,0,0,0,60.0269,219.004,0.08553,1,0,0,0,0,0.007475,0.000484,0.001145,0.000392,0.001223,0.000199,0.000426,0.000138,0.000506,0.000164,0.000774,0.000207,0.000599,0.000216,0.000715,-165.81,-163.75,-122.52,-132.59,-49.06,-147.97,47.33,-117.38,105.19,-120.22,-171.94,-110.28,-86.28,-98.71,-19.51,218.3425,4.9702,4.9292,3.7405,14.4076,2.1752,1.2209,0.7378,3.6320,0.5881,6.0710,0.8257,1.9155,0.7051,4.0739
2026-08-06 10:53:11.417,29.916667,78,25,0.007582,-1.5483,166.48,0,0,0,60.0269,219.004,0.08553,1,0,0,0,0,0.007252,0.000186,0.000934,0.000124,0.001305,0.000055,0.000633,0.000040,0.000638,0.000092,0.000753,0.000112,0.000383,0.000031,0.000641,-166.48,-172.24,-117.90,-123.27,-36.85,28.20,51.52,101.23,93.79,105.43,177.36,124.72,-76.53,-141.51,-3.22,218.3425,4.9702,4.9292,3.7405,14.4076,2.1752,1.2209,0.7378,3.6320,0.5881,6.0710,0.8257,1.9155,0.7051,4.0739
2026-08-06 10:53:11.417,29.933333,78,26,0.007630,-1.5599,167.44,0,0,0,60.0269,219.004,0.08553,1,0,0,0,0,0.007267,0.000084,0.000872,0.000274,0.001255,0.000200,0.000710,0.000257,0.000664,0.000150,0.000894,0.000205,0.000235,0.000174,0.000809,-167.44,130.60,-106.16,-77.62,-46.30,-167.67,58.82,58.75,77.57,-66.13,-171.94,153.44,-82.60,54.82,-7.69,218.3425,4.9702,4.9292,3.7405,14.4076,2.1752,1.2209,0.7378,3.6320,0.5881,6.0710,0.8257,1.9155,0.7051,4.0739
2026-08-06 10:53:11.417,29.950000,78,27,0.007454,-1.4928,165.29,0,0,0,60.0269,219.004,0.08553,1,0,0,0,0,0.007032,0.000367,0.000894,0.000288,0.001442,0.000212,0.000764,0.000213,0.000647,0.000240,0.000602,0.000319,0.000573,0.000226,0.000776,-165.29,177.41,-102.68,-168.04,-32.09,173.08,35.03,155.91,71.27,146.87,-174.85,158.48,-57.89,169.61,-4.90,218.3425,4.9702,4.9292,3.7405,14.4076,2.1752,1.2209,0.7378,3.6320,0.5881,6.0710,0.8257,1.9155,0.7051,4.0739
2026-08-06 10:53:11.417,29.966667,78,28,0.007622,-1.5597,166.20,0,0,0,60.0269,219.004,0.08553,1,0,0,0,0,0.007310,0.000229,0.000919,0.000174,0.001254,0.000053,0.000609,0.000056,0.000594,0.000070,0.000786,0.000052,0.000444,0.000038,0.000632,-166.20,-167.01,-116.11,-123.77,-39.48,-9.36,44.23,-130.28,89.00,102.81,177.93,93.22,-76.11,16.66,-8.15,218.3425,4.9702,4.9292,3.7405,14.4076,2.1752,1.2209,0.7378,3.6320,0.5881,6.0710,0.8257,1.9155,0.7051,4.0739
2026-08-06 10:53:11.417,29.983333,78,29,0.007632,-1.5596,166.35,0,0,0,60.0269,219.004,0.08553,1,0,0,0,0,0.007306,0.000165,0.000945,0.000097,0.001306,0.000053,0.000634,0.000071,0.000673,0.000039,0.000757,0.000058,0.000378,0.000079,0.000576,-166.35,-152.18,-120.15,-118.40,-38.29,-19.35,46.64,70.38,90.26,153.42,170.12,-130.04,-79.55,148.46,-0.30,218.3425,4.9702,4.9292,3.7405,14.4076,2.1752,1.2209,0.7378,3.6320,0.5881,6.0710,0.8257,1.9155,0.7051,4.0739
2026-08-06 10:53:11.924,30.000000,79,0,0.007719,-1.5741,166.72,0,0,0,60.0269,219.322,0.08608,1,0,0,0,0,0.007377,0.000318,0.000883,0.000088,0.001201,0.000181,0.000810,0.000215,0.000666,0.000135,0.000638,0.000112,0.000537,0.000189,0.000548,-166.72,169.09,-128.02,101.44,-30.60,48.90,44.03,26.48,75.28,1.86,179.61,-55.52,-81.97,-85.72,-15.48,218.6491,5.0002,4.9466,3.7923,14.5168,2.2126,1.1505,0.7531,3.6391,0.5862,6.1814,0.8222,2.0280,0.6959,4.0311
2026-08-06 10:53:11.924,30.016667,79,1,0.007518,-1.5302,167.72,0,0,0,60.0269,219.322,0.08608,1,0,0,0,0,0.007140,0.000091,0.001118,0.000220,0.001272,0.000172,0.000450,0.000195,0.000621,0.000167,0.000947,0.000198,0.000548,0.000124,0.000485,-167.72,-106.92,-117.69,177.78,-30.06,-57.79,55.34,117.33,80.14,-102.09,173.10,68.33,-62.16,-127.43,11.27,218.6491,5.0002,4.9466,3.7923,14.5168,2.2126,1.1505,0.7531,3.6391,0.5862,6.1814,0.8222,2.0280,0.6959,4.0311
2026-08-06 10:53:11.924,30.033333,79,2,0.007426,-1.4960,165.78,0,0,0,60.0269,219.322,0.08608,1,0,0,0,0,0.007022,0.000454,0.000771,0.000244,0.001318,0.000219,0.000764,0.000164,0.000804,0.000182,0.000636,0.000299,0.000243,0.000183,0.000777,-165.78,-167.65,-111.78,-150.47,-29.94,-152.03,46.04,-168.48,81.46,-117.63,166.39,-143.20,-48.90,-138.23,8.28,218.6491,5.0002,4.9466,3.7923,14.5168,2.2126,1.1505,0.7531,3.6391,0.5862,6.1814,0.8222,2.0280,0.6959,4.0311
2026-08-06 10:53:11.924,30.050000,79,3,0.007623,-1.5559,166.37,0,0,0,60.0269,219.322,0.08608,1,0,0,0,0,0.007282,0.000210,0.000999,0.000128,0.001223,0.000056,0.000628,0.000026,0.000696,0.000042,0.000772,0.000048,0.000417,0.000058,0.000686,-166.37,-159.57,-114.99,-129.17,-38.48,-156.38,51.82,-57.00,96.29,21.25,174.02,101.01,-87.43,158.93,-1.02,218.6491,5.0002,4.9466,3.7923,14.5168,2.2126,1.1505,0.7531,3.6391,0.5862,6.1814,0.8222,2.0280,0.6959,4.0311
2026-08-06 10:53:11.924,30.066667,79,4,0.007593,-1.5554,166.52,0,0,0,60.0269,219.322,0.08608,1,0,0,0,0,0.007275,0.000205,0.000987,0.000120,0.001208,0.000035,0.000593,0.000011,0.000631,0.000040,0.000744,0.000073,0.000417,0.000082,0.000676,-166.52,-169.80,-118.87,-111.20,-39.63,-92.09,47.53,151.23,93.90,138.41,178.15,108.82,-73.21,-113.03,-3.28,218.6491,5.0002,4.9466,3.7923,14.5168,2.2126,1.1505,0.7531,3.6391,0.5862,6.1814,0.8222,2.0280,0.6959,4.0311
2026-08-06 10:53:11.924,30.083333,79,5,0.007607,-1.5545,166.09,0,0,0,60.0269,219.322,0.08608,1,0,0,0,0,0.007287,0.000203,0.000884,0.000147,0.001277,0.000035,0.000609,0.000045,0.000673,0.000072,0.000767,0.000056,0.000413,0.000053,0.000606,-166.09,-164.16,-115.75,-121.82,-38.55,-158.00,48.20,23.34,95.29,91.56,172.12,-178.75,-80.39,114.30,-3.80,218.6491,5.0002,4.9466,3.7923,14.5168,2.2126,1.1505,0.7531,3.6391,0.5862,6.1814,0.8222,2.0280,0.6959,4.0311
2026-08-06 10:53:11.924,30.100000,79,6,0.007517,-1.5400,166.59,0,0,0,60.0269,219.322,0.08608,1,0,0,0,0,0.007203,0.000219,0.000942,0.000092,0.001219,0.000059,0.000630,0.000041,0.000610,0.000060,0.000704,0.000057,0.000371,0.000050,0.000653,-166.59,-166.21,-117.88,-117.45,-39.24,-105.31,47.46,-44.46,95.13,91.01,178.43,123.47,-79.81,-92.61,-1.21,218.6491,5.0002,4.9466,3.7923,14.5168,2.2126,1.1505,0.7531,3.6391,0.5862,6.1814,0.8222,2.0280,0.6959,4.0311
2026-08-06 10:53:11.924,30.116667,79,7,0.007613,-1.5496,165.19,0,0,0,60.0269,219.322,0.08608,1,0,0,0,0,0.007294,0.000174,0.000820,0.000083,0.001189,0.000065,0.000804,0.000166,0.000717,0.000164,0.000631,0.000104,0.000288,0.000119,0.000596,-165.19,-139.87,-112.70,-160.13,-41.82,-62.28,43.68,118.32,109.29,-107.70,-175.86,20.52,-72.20,166.40,-4.95,218.6491,5.0002,4.9466,3.7923,14.5168,2.2126,1.1505,0.7531,3.6391,0.5862,6.1814,0.8222,2.0280,0.6959,4.0311
2026-08-06 10:53:11.924,30.133333,79,8,0.007519,-1.5336,165.73,0,0,0,60.0269,219.322,0.08608,1,0,0,0,0,0.007196,0.000191,0.000923,0.000130,0.001210,0.000029,0.000617,0.000011,0.000652,0.000053,0.000764,0.000074,0.000400,0.000037,0.000675,-165.73,-168.92,-116.76,-105.55,-37.61,175.85,47.68,40.30,96.61,90.78,171.19,155.27,-75.37,150.06,-3.38,218.6491,5.0002,4.9466,3.7923,14.5168,2.2126,1.1505,0.7531,3.6391,0.5862,6.1814,0.8222,2.0280,0.6959,4.0311
2026-08-06 10:53:11.924,30.150000,79,9,0.007610,-1.5599,166.62,0,0,0,60.0269,219.322,0.08608,1,0,0,0,0,0.007297,0.000149,0.000868,0.000213,0.001204,0.000085,0.000709,0.000069,0.000644,0.000055,0.000748,0.000095,0.000401,0.000059,0.000619,-166.62,-159.02,-123.08,-109.17,-34.64,-98.48,47.39,-120.92,90.73,107.29,177.29,71.71,-81.01,80.25,-6.61,218.6491,5.0002,4.9466,3.7923,14.5168,2.2126,1.1505,0.7531,3.6391,0.5862,6.1814,0.8222,2.0280,0.6959,4.0311
2026-08-06 10:53:11.924,30.166667,79,10,0.007602,-1.5429,165.66,0,0,0,60.0269,219.322,0.08608,1,0,0,0,0,0.007237,0.000279,0.000964,0.000229,0.001242,0.000056,0.000650,0.000140,0.000735,0.000055,0.000851,0.000057,0.000527,0.000119,0.000632,-165.66,-165.35,-116.57,-119.82,-41.88,-70.85,40.45,35.08,94.08,108.67,-179.05,-45.54,-75.64,41.83,7.84,218.6491,5.0002,4.9466,3.7923,14.5168,2.2126,1.1505,0.7531,3.6391,0.5862,6.1814,0.8222,2.0280,0.6959,4.0311
2026-08-06 10:53:11.924,30.183333,79,11,0.007597,-1.5511,166.10,0,0,0,60.0269,219.322,0.08608,1,0,0,0,0,0.007261,0.000184,0.000953,0.000092,0.001286,0.000050,0.000640,0.000077,0.000598,0.000067,0.000790,0.000150,0.000416,0.000072,0.000618,-166.10,-154.67,-118.48,-129.81,-39.15,146.62,42.31,54.31,89.82,100.34,170.55,172.15,-76.10,-174.71,-3.32,218.6491,5.0002,4.9466,3.7923,14.5168,2.2126,1.1505,0.7531,3.6391,0.5862,6.1814,0.8222,2.0280,0.6959,4.0311
2026-08-06 10:53:11.924,30.200000,79,12,0.007544,-1.5442,165.92,0,0,0,60.0269,219.322,0.08608,1,0,0,0,0,0.007240,0.000206,0.000929,0.000149,0.001214,0.000075,0.000597,0.000045,0.000622,0.000056,0.000764,0.000050,0.000404,0.000061,0.000535,-165.92,-167.97,-119.65,-107.96,-39.57,-50.18,40.28,141.16,89.67,119.86,178.33,127.09,-71.97,14.72,-9.02,218.6491,5.0002,4.9466,3.7923,14.5168,2.2126,1.1505,0.7531,3.6391,0.5862,6.1814,0.8222,2.0280,0.6959,4.0311
2026-08-06 10:53:11.924,30.216667,79,13,0.007607,-1.5519,166.00,0,0,0,60.0269,219.322,0.08608,1,0,0,0,0,0.007276,0.000125,0.000916,0.000071,0.001170,0.000048,0.000611,0.000054,0.000651,0.000073,0.000763,0.000138,0.000447,0.000022,0.000673,-166.00,-159.57,-117.37,-115.64,-38.48,126.74,49.06,107.20,95.65,171.17,179.92,-115.12,-74.58,52.38,5.22,218.6491,5.0002,4.9466,3.7923,14.5168,2.2126,1.1505,0.7531,3.6391,0.5862,6.1814,0.8222,2.0280,0.6959,4.0311
2026-08-06 10:53:11.924,30.233333,79,14,0.007556,-1.5354,165.76,0,0,0,60.0269,219.322,0.08608,1,0,0,0,0,0.007212,0.000335,0.000997,0.000154,0.001303,0.000055,0.000627,0.000092,0.000580,0.000133,0.000689,0.000047,0.000437,0.000097,0.000524,-165.76,-153.75,-119.28,-143.31,-34.43,27.63,43.04,25.27,93.08,86.16,-178.91,127.07,-88.40,155.51,4.42,218.6491,5.0002,4.9466,3.7923,14.5168,2.2126,1.1505,0.7531,3.6391,0.5862,6.1814,0.8222,2.0280,0.6959,4.0311
2026-08-06 10:53:11.924,30.250000,79,15,0.007564,-1.5500,166.50,0,0,0,60.0269,219.322,0.08608,1,0,0,0,0,0.007243,0.000241,0.000916,0.000087,0.001224,0.000045,0.000691,0.000063,0.000582,0.000084,0.000757,0.000076,0.000462,0.000069,0.000555,-166.50,-167.19,-115.82,-111.32,-40.74,-103.59,45.92,172.01,98.28,30.48,177.01,-159.32,-68.78,57.95,-3.14,218.6491,5.0002,4.9466,3.7923,14.5168,2.2126,1.1505,0.7531,3.6391,0.5862,6.1814,0.8222,2.0280,0.6959,4.0311
2026-08-06 10:53:11.924,30.266667,79,16,0.007586,-1.5455,165.86,0,0,0,60.0269,219.322,0.08608,1,0,0,0,0,0.007245,0.000162,0.000980,0.000130,0.001261,0.000025,0.000618,0.000031,0.000635,0.000028,0.000823,0.000017,0.000399,0.000092,0.000589,-165.86,-170.74,-121.96,-118.93,-37.08,161.88,47.86,99.01,92.97,138.65,174.94,-144.67,-79.83,151.04,2.44,218.6491,5.0002,4.9466,3.7923,14.5168,2.2126,1.1505,0.7531,3.6391,0.5862,6.1814,0.8222,2.0280,0.6959,4.0311
2026-08-06 10:53:11.924,30.283333,79,17,0.007608,-1.5582,166.15,0,0,0,60.0269,219.322,0.08608,1,0,0,0,0,0.007292,0.000254,0.000944,0.000152,0.001235,0.000011,0.000620,0.000035,0.000617,0.000047,0.000737,0.000029,0.000413,0.000059,0.000614,-166.15,-173.18,-120.32,-115.16,-38.61,117.11,47.53,90.92,93.11,90.39,174.22,91.89,-74.39,101.37,-1.15,218.6491,5.0002,4.9466,3.7923,14.5168,2.2126,1.1505,0.7531,3.6391,0.5862,6.1814,0.8222,2.0280,0.6959,4.0311
2026-08-06 10:53:11.924,30.300000,79,18,0.007530,-1.5445,166.79,0,0,0,60.0269,219.322,0.08608,1,0,0,0,0,0.007210,0.000189,0.000922,0.000122,0.001203,0.000044,0.000597,0.000047,0.000694,0.000060,0.000777,0.000010,0.000415,0.000039,0.000640,-166.79,-154.80,-120.98,-118.21,-38.35,-51.56,46.19,31.18,96.50,-27.92,172.51,19.61,-73.39,-85.70,-3.54,218.6491,5.0002,4.9466,3.7923,14.5168,2.2126,1.1505,0.7531,3.6391,0.5862,6.1814,0.8222,2.0280,0.6959,4.0311
2026-08-06 10:53:11.924,30.316667,79,19,0.007562,-1.5441,165.99,0,0,0,60.0269,219.322,0.08608,1,0,0,0,0,0.007235,0.000199,0.000892,0.000124,0.001313,0.000029,0.000615,0.000075,0.000651,0.000080,0.000800,0.000081,0.000381,0.000007,0.000569,-165.99,-167.33,-118.29,-112.81,-37.27,2.79,43.35,54.29,94.72,98.16,170.62,162.87,-68.70,32.65,-2.13,218.6491,5.0002,4.9466,3.7923,14.5168,2.2126,1.1505,0.7531,3.6391,0.5862,6.1814,0.8222,2.0280,0.6959,4.0311
2026-08-06 10:53:11.924,30.333333,79,20,0.007589,-1.5511,165.89,0,0,0,60.0269,219.322,0.08608,1,0,0,0,0,0.007269,0.000257,0.000932,0.000170,0.001270,0.000052,0.000638,0.000043,0.000643,0.000143,0.000784,0.000113,0.000348,0.000059,0.000577,-165.89,-164.75,-115.63,-105.68,-39.41,20.96,40.21,8.48,93.85,84.72,174.52,100.95,-82.66,78.36,-7.04,218.6491,5.0002,4.9466,3.7923,14.5168,2.2126,1.1505,0.7531,3.6391,0.5862,6.1814,0.8222,2.0280,0.6959,4.0311
2026-08-06 10:53:11.924,30.350000,79,21,0.007549,-1.5449,166.32,0,0,0,60.0269,219.322,0.08608,1,0,0,0,0,0.007229,0.000177,0.000939,0.000097,0.001211,0.000046,0.000621,0.000092,0.000644,0.000062,0.000778,0.000011,0.000396,0.000054,0.000596,-166.32,-177.72,-118.54,-124.53,-39.35,59.49,43.72,68.73,100.47,132.45,176.28,24.89,-78.50,-122.04,-4.86,218.6491,5.0002,4.9466,3.7923,14.5168,2.2126,1.1505,0.7531,3.6391,0.5862,6.1814,0.8222,2.0280,0.6959,4.0311
2026-08-06 10:53:11.924,30.366667,79,22,0.007596,-1.5507,165.80,0,0,0,60.0269,219.322,0.08608,1,0,0,0,0,0.007271,0.000223,0.000953,0.000132,0.001245,0.000031,0.000683,0.000093,0.000631,0.000116,0.000712,0.000119,0.000369,0.000070,0.000587,-165.80,-164.17,-118.76,-93.67,-39.85,45.18,46.86,10.18,93.36,81.03,174.94,155.57,-86.36,154.80,-1.96,218.6491,5.0002,4.9466,3.7923,14.5168,2.2126,1.1505,0.7531,3.6391,0.5862,6.1814,0.8222,2.0280,0.6959,4.0311
2026-08-06 10:53:11.924,30.383333,79,23,0.007621,-1.5589,165.83,0,0,0,60.0269,219.322,0.08608,1,0,0,0,0,0.007303,0.000269,0.000950,0.000206,0.001220,0.000036,0.000603,0.000040,0.000611,0.000082,0.000700,0.000085,0.000345,0.000020,0.000687,-165.83,-175.85,-117.82,-109.56,-40.90,-91.12,39.54,-87.09,96.45,71.39,177.85,106.77,-66.39,115.17,-6.86,218.6491,5.0002,4.9466,3.7923,14.5168,2.2126,1.1505,0.7531,3.6391,0.5862,6.1814,0.8222,2.0280,0.6959,4.0311
2026-08-06 10:53:11.924,30.400000,79,24,0.007552,-1.5457,166.17,0,0,0,60.0269,219.322,0.08608,1,0,0,0,0,0.007237,0.000167,0.000908,0.000144,0.001247,0.000042,0.000609,0.000059,0.000667,0.000051,0.000796,0.000025,0.000364,0.000065,0.000556,-166.17,-174.43,-118.92,-100.73,-37.48,-69.72,46.96,70.98,95.40,92.27,172.22,-104.90,-78.88,144.66,-2.67,218.6491,5.0002,4.9466,3.7923,14.5168,2.2126,1.1505,0.7531,3.6391,0.5862,6.1814,0.8222,2.0280,0.6959,4.0311
2026-08-06 10:53:11.924,30.416667,79,25,0.007565,-1.5492,166.07,0,0,0,60.0269,219.322,0.08608,1,0,0,0,0,0.007255,0.000221,0.000875,0.000090,0.001196,0.000038,0.000643,0.000060,0.000643,0.000076,0.000741,0.000096,0.000388,0.000036,0.000625,-166.07,-177.55,-115.68,-96.06,-38.75,109.55,44.39,35.19,93.24,98.56,171.81,161.39,-77.33,-109.52,1.50,218.6491,5.0002,4.9466,3.7923,14.5168,2.2126,1.1505,0.7531,3.6391,0.5862,6.1814,0.8222,2.0280,0.6959,4.0311
2026-08-06 10:53:11.924,30.433333,79,26,0.007563,-1.5490,166.29,0,0,0,60.0269,219.322,0.08608,1,0,0,0,0,0.007246,0.000187,0.000924,0.000148,0.001219,0.000036,0.000642,0.000020,0.000635,0.000026,0.000748,0.000037,0.000363,0.000018,0.000612,-166.29,-169.59,-120.07,-130.02,-36.79,47.18,48.11,-113.52,98.04,-106.40,176.09,-150.19,-64.46,-47.38,-5.27,218.6491,5.0002,4.9466,3.7923,14.5168,2.2126,1.1505,0.7531,3.6391,0.5862,6.1814,0.8222,2.0280,0.6959,4.0311
2026-08-06 10:53:11.924,30.450000,79,27,0.007529,-1.5419,166.27,0,0,0,60.0269,219.322,0.08608,1,0,0,0,0,0.007217,0.000216,0.000887,0.000089,0.001203,0.000022,0.000647,0.000118,0.000671,0.000064,0.000729,0.000077,0.000375,0.000078,0.000590,-166.27,-173.13,-115.55,-79.41,-39.17,-142.93,43.69,67.31,94.39,97.65,179.43,170.45,-75.64,167.69,-1.56,218.6491,5.0002,4.9466,3.7923,14.5168,2.2126,1.1505,0.7531,3.6391,0.5862,6.1814,0.8222,2.0280,0.6959,4.0311
2026-08-06 10:53:11.924,30.466667,79,28,0.007621,-1.5559,165.82,0,0,0,60.0269,219.322,0.08608,1,0,0,0,0,0.007288,0.000272,0.000999,0.000183,0.001250,0.000039,0.000637,0.000087,0.000632,0.000175,0.000664,0.000102,0.000373,0.000028,0.000666,-165.82,-166.50,-117.54,-109.50,-42.39,-122.71,47.77,24.76,93.01,98.87,176.49,112.79,-79.37,164.13,-3.66,218.6491,5.0002,4.9466,3.7923,14.5168,2.2126,1.1505,0.7531,3.6391,0.5862,6.1814,0.8222,2.0280,0.6959,4.0311
2026-08-06 10:53:11.924,30.483333,79,29,0.007556,-1.5540,166.91,0,0,0,60.0269,219.322,0.08608,1,0,0,0,0,0.007250,0.000209,0.000923,0.000145,0.001170,0.000055,0.000566,0.000049,0.000624,0.000023,0.000776,0.000025,0.000411,0.000059,0.000633,-166.91,-159.37,-119.78,-94.51,-38.19,-56.85,45.68,17.45,95.79,156.25,175.50,129.40,-71.62,-90.23,-6.08,218.6491,5.0002,4.9466,3.7923,14.5168,2.2126,1.1505,0.7531,3.6391,0.5862,6.1814,0.8222,2.0280,0.6959,4.0311
2026-08-06 10:53:12.440,30.500000,80,0,0.007596,-1.5505,166.00,0,0,0,60.0230,219.424,0.08612,1,0,0,0,0,0.007263,0.000199,0.000927,0.000160,0.001296,0.000046,0.000620,0.000098,0.000651,0.000076,0.000748,0.000073,0.000382,0.000057,0.000552,-166.00,-155.03,-117.02,-101.58,-39.41,84.47,45.10,51.54,89.91,92.14,172.27,-176.63,-72.31,144.19,-2.23,218.7495,5.0198,4.9606,3.8096,14.5100,2.2359,1.1158,0.7609,3.6156,0.6092,6.1945,0.8083,2.1480,0.6553,4.0181
2026-08-06 10:53:12.440,30.516667,80,1,0.007592,-1.5559,166.00,0,0,0,60.0230,219.424,0.08612,1,0,0,0,0,0.007283,0.000268,0.000916,0.000176,0.001200,0.000035,0.000605,0.000068,0.000605,0.000089,0.000771,0.000060,0.000320,0.000032,0.000629,-166.00,-168.65,-117.24,-120.35,-39.76,-126.45,46.25,-38.57,92.65,108.55,177.09,164.78,-75.64,-123.79,-2.53,218.7495,5.0198,4.9606,3.8096,14.5100,2.2359,1.1158,0.7609,3.6156,0.6092,6.1945,0.8083,2.1480,0.6553,4.0181
2026-08-06 10:53:12.440,30.533333,80,2,0.007489,-1.5307,166.55,0,0,0,60.0230,219.424,0.08612,1,0,0,0,0,0.007156,0.000235,0.000870,0.000050,0.001261,0.000041,0.000582,0.000069,0.000680,0.000043,0.000786,0.000086,0.000356,0.000061,0.000683,-166.55,-147.05,-123.46,-107.50,-35.97,-9.96,49.85,90.55,93.29,7.69,-179.47,-167.61,-71.62,-4.24,-8.40,218.7495,5.0198,4.9606,3.8096,14.5100,2.2359,1.1158,0.7609,3.6156,0.6092,6.1945,0.8083,2.1480,0.6553,4.0181
2026-08-06 10:53:12.440,30.550000,80,3,0.007571,-1.5465,166.29,0,0,0,60.0230,219.424,0.08612,1,0,0,0,0,0.007238,0.000196,0.000978,0.000161,0.001314,0.000062,0.000628,0.000075,0.000613,0.000120,0.000702,0.000095,0.000411,0.000021,0.000613,-166.29,-166.72,-118.01,-94.74,-38.57,-41.21,45.99,46.08,84.05,107.36,176.20,121.91,-78.09,8.44,-0.20,218.7495,5.0198,4.9606,3.8096,14.5100,2.2359,1.1158,0.7609,3.6156,0.6092,6.1945,0.8083,2.1480,0.6553,4.0181
2026-08-06 10:53:12.440,30.566667,80,4,0.007554,-1.5446,166.41,0,0,0,60.0230,219.424,0.08612,1,0,0,0,0,0.007224,0.000265,0.000960,0.000153,0.001240,0.000013,0.000699,0.000106,0.000659,0.000050,0.000704,0.000052,0.000327,0.000093,0.000569,-166.41,-157.78,-119.33,-125.11,-37.48,-166.38,47.63,10.06,94.90,12.44,177.89,73.25,-72.00,144.06,-0.58,218.7495,5.0198,4.9606,3.8096,14.5100,2.2359,1.1158,0.7609,3.6156,0.6092,6.1945,0.8083,2.1480,0.6553,4.0181
2026-08-06 10:53:12.440,30.583333,80,5,0.007578,-1.5466,166.27,0,0,0,60.0230,219.424,0.08612,1,0,0,0,0,0.007229,0.000165,0.001018,0.000189,0.001175,0.000076,0.000662,0.000173,0.000809,0.000136,0.000619,0.000065,0.000447,0.000196,0.000515,-166.27,-165.21,-117.36,-113.81,-43.83,162.84,47.35,86.58,88.34,17.27,166.87,-29.34,-75.64,-129.55,-15.83,218.7495,5.0198,4.9606,3.8096,14.5100,2.2359,1.1158,0.7609,3.6156,0.6092,6.1945,0.8083,2.1480,0.6553,4.0181
2026-08-06 10:53:12.440,30.600000,80,6,0.007527,-1.5410,166.30,0,0,0,60.0230,219.424,0.08612,1,0,0,0,0,0.007210,0.000187,0.000923,0.000128,0.001246,0.000061,0.000617,0.000090,0.000605,0.000091,0.000775,0.000048,0.000370,0.000072,0.000591,-166.30,-173.51,-116.91,-123.02,-39.26,23.43,50.10,48.85,89.79,99.79,173.35,113.07,-81.36,142.91,0.54,218.7495,5.0198,4.9606,3.8096,14.5100,2.2359,1.1158,0.7609,3.6156,0.6092,6.1945,0.8083,2.1480,0.6553,4.0181
2026-08-06 10:53:12.440,30.616667,80,7,0.007553,-1.5478,166.40,0,0,0,60.0230,219.424,0.08612,1,0,0,0,0,0.007238,0.000214,0.000932,0.000094,0.001202,0.000054,0.000613,0.000051,0.000637,0.000042,0.000751,0.000087,0.000353,0.000024,0.000591,-166.40,-164.14,-117.88,-107.67,-39.22,44.43,43.75,-5.36,94.22,30.05,178.09,79.96,-75.15,9.67,-2.39,218.7495,5.0198,4.9606,3.8096,14.5100,2.2359,1.1158,0.7609,3.6156,0.6092,6.1945,0.8083,2.1480,0.6553,4.0181
2026-08-06 10:53:12.440,30.633333,80,8,0.007564,-1.5434,166.12,0,0,0,60.0230,219.424,0.08612,1,0,0,0,0,0.007227,0.000138,0.000960,0.000145,0.001175,0.000054,0.000651,0.000075,0.000755,0.000079,0.000792,0.000106,0.000395,0.000070,0.000566,-166.12,179.96,-114.84,-124.62,-37.87,70.62,40.90,-162.93,95.01,7.45,-180.00,149.92,-67.19,-134.11,2.24,218.7495,5.0198,4.9606,3.8096,14.5100,2.2359,1.1158,0.7609,3.6156,0.6092,6.1945,0.8083,2.1480,0.6553,4.0181
2026-08-06 10:53:12.440,30.650000,80,9,0.007584,-1.5529,166.15,0,0,0,60.0230,219.424,0.08612,1,0,0,0,0,0.007270,0.000214,0.000928,0.000184,0.001243,0.000014,0.000621,0.000099,0.000608,0.000063,0.000661,0.000049,0.000368,0.000051,0.000643,-166.15,-155.18,-118.76,-106.93,-39.15,143.37,48.56,16.70,95.63,76.35,173.63,-153.64,-66.81,179.19,2.11,218.7495,5.0198,4.9606,3.8096,14.5100,2.2359,1.1158,0.7609,3.6156,0.6092,6.1945,0.8083,2.1480,0.6553,4.0181
2026-08-06 10:53:12.440,30.666667,80,10,0.007532,-1.5399,165.58,0,0,0,60.0230,219.424,0.08612,1,0,0,0,0,0.007225,0.000310,0.000821,0.000137,0.001222,0.000055,0.000716,0.000066,0.000546,0.000098,0.000678,0.000045,0.000395,0.000061,0.000637,-165.58,175.35,-119.20,-94.67,-41.22,105.96,44.62,-78.23,104.83,111.42,-179.50,53.87,-76.12,60.60,-8.08,218.7495,5.0198,4.9606,3.8096,14.5100,2.2359,1.1158,0.7609,3.6156,0.6092,6.1945,0.8083,2.1480,0.6553,4.0181
2026-08-06 10:53:12.440,30.683333,80,11,0.007667,-1.5630,165.97,0,0,0,60.0230,219.424,0.08612,1,0,0,0,0,0.007325,0.000238,0.000965,0.000201,0.001299,0.000077,0.000546,0.000112,0.000786,0.000095,0.000667,0.000148,0.000519,0.000115,0.000454,-165.97,-155.94,-116.98,-142.85,-38.50,3.08,51.08,1.49,94.29,-142.39,176.91,145.08,-80.91,94.13,1.22,218.7495,5.0198,4.9606,3.8096,14.5100,2.2359,1.1158,0.7609,3.6156,0.6092,6.1945,0.8083,2.1480,0.6553,4.0181
2026-08-06 10:53:12.440,30.700000,80,12,0.007613,-1.5557,166.50,0,0,0,60.0230,219.424,0.08612,1,0,0,0,0,0.007268,0.000216,0.000915,0.000098,0.001259,0.000032,0.000639,0.000058,0.000657,0.000114,0.000777,0.000085,0.000412,0.000031,0.000710,-166.50,172.71,-120.64,-119.39,-40.90,46.90,43.85,5.49,92.01,104.13,176.99,122.74,-83.16,129.86,-5.42,218.7495,5.0198,4.9606,3.8096,14.5100,2.2359,1.1158,0.7609,3.6156,0.6092,6.1945,0.8083,2.1480,0.6553,4.0181
2026-08-06 10:53:12.440,30.716667,80,13,0.007526,-1.5437,166.57,0,0,0,60.0230,219.424,0.08612,1,0,0,0,0,0.007211,0.000225,0.000897,0.000134,0.001177,0.000008,0.000648,0.000035,0.000685,0.000070,0.000772,0.000062,0.000312,0.000080,0.000608,-166.57,179.96,-117.96,-111.98,-38.82,-103.02,49.08,-91.04,98.12,44.50,177.68,109.45,-68.58,-56.68,-7.17,218.7495,5.0198,4.9606,3.8096,14.5100,2.2359,1.1158,0.7609,3.6156,0.6092,6.1945,0.8083,2.1480,0.6553,4.0181
2026-08-06 10:53:12.440,30.733333,80,14,0.007601,-1.5410,165.81,0,0,0,60.0230,219.424,0.08612,1,0,0,0,0,0.007224,0.000211,0.000956,0.000065,0.001306,0.000065,0.000632,0.000006,0.000773,0.000039,0.000798,0.000050,0.000524,0.000223,0.000634,-165.81,163.53,-117.11,-175.43,-37.75,105.38,45.60,66.03,103.27,-48.61,174.22,133.84,-82.56,132.48,-12.35,218.7495,5.0198,4.9606,3.8096,14.5100,2.2359,1.1158,0.7609,3.6156,0.6092,6.1945,0.8083,2.1480,0.6553,4.0181
2026-08-06 10:53:12.440,30.750000,80,15,0.007598,-1.5565,166.03,0,0,0,60.0230,219.424,0.08612,1,0,0,0,0,0.007280,0.000237,0.000919,0.000164,0.001190,0.000023,0.000675,0.000098,0.000629,0.000072,0.000706,0.000080,0.000329,0.000018,0.000679,-166.03,-172.26,-117.07,-103.60,-41.12,93.55,46.61,-33.52,96.94,82.86,169.68,75.38,-77.91,128.46,-4.28,218.7495,5.0198,4.9606,3.8096,14.5100,2.2359,1.1158,0.7609,3.6156,0.6092,6.1945,0.8083,2.1480,0.6553,4.0181
2026-08-06 10:53:12.440,30.766667,80,16,0.007609,-1.5484,166.04,0,0,0,60.0230,219.424,0.08612,1,0,0,0,0,0.007256,0.000146,0.000957,0.000115,0.001258,0.000073,0.000712,0.000022,0.000701,0.000050,0.000843,0.000089,0.000504,0.000055,0.000645,-166.04,166.75,-114.19,-171.91,-33.87,-146.50,46.99,-172.06,98.41,-45.94,178.06,66.19,-74.42,101.85,-9.49,218.7495,5.0198,4.9606,3.8096,14.5100,2.2359,1.1158,0.7609,3.6156,0.6092,6.1945,0.8083,2.1480,0.6553,4.0181
2026-08-06 10:53:12.440,30.783333,80,17,0.007559,-1.5425,165.67,0,0,0,60.0230,219.424,0.08612,1,0,0,0,0,0.007234,0.000261,0.000910,0.000156,0.001251,0.000049,0.000682,0.000072,0.000682,0.000112,0.000707,0.000151,0.000372,0.000101,0.000575,-165.67,-168.67,-117.43,-104.32,-40.37,112.94,45.28,69.52,98.32,90.08,175.06,174.38,-77.16,154.97,-6.59,218.7495,5.0198,4.9606,3.8096,14.5100,2.2359,1.1158,0.7609,3.6156,0.6092,6.1945,0.8083,2.1480,0.6553,4.0181
2026-08-06 10:53:12.440,30.800000,80,18,0.007570,-1.5480,166.03,0,0,0,60.0230,219.424,0.08612,1,0,0,0,0,0.007249,0.000245,0.000907,0.000150,0.001210,0.000055,0.000634,0.000059,0.000646,0.000072,0.000733,0.000060,0.000323,0.000057,0.000656,-166.03,-169.19,-115.76,-119.27,-39.11,87.42,44.64,-56.98,93.38,106.25,175.16,83.44,-72.62,-153.57,0.84,218.7495,5.0198,4.9606,3.8096,14.5100,2.2359,1.1158,0.7609,3.6156,0.6092,6.1945,0.8083,2.1480,0.6553,4.0181
2026-08-06 10:53:12.440,30.816667,80,19,0.007575,-1.5474,166.23,0,0,0,60.0230,219.424,0.08612,1,0,0,0,0,0.007245,0.000155,0.000972,0.000100,0.001238,0.000034,0.000653,0.000071,0.000657,0.000028,0.000772,0.000035,0.000358,0.000060,0.000577,-166.23,-171.71,-119.71,-108.20,-37.70,-20.99,49.40,48.36,95.17,117.29,176.41,134.20,-79.83,-153.14,-0.81,218.7495,5.0198,4.9606,3.8096,14.5100,2.2359,1.1158,0.7609,3.6156,0.6092,6.1945,0.8083,2.1480,0.6553,4.0181
2026-08-06 10:53:12.440,30.833333,80,20,0.007588,-1.5474,165.50,0,0,0,60.0230,219.424,0.08612,1,0,0,0,0,0.007263,0.000216,0.000931,0.000119,0.001264,0.000021,0.000572,0.000062,0.000623,0.000108,0.000689,0.000113,0.000396,0.000053,0.000683,-165.50,-167.03,-117.81,-112.98,-39.42,-110.66,41.66,85.73,90.99,100.11,176.93,154.41,-69.90,111.78,1.10,218.7495,5.0198,4.9606,3.8096,14.5100,2.2359,1.1158,0.7609,3.6156,0.6092,6.1945,0.8083,2.1480,0.6553,4.0181
2026-08-06 10:53:12.440,30.850000,80,21,0.007550,-1.5517,166.57,0,0,0,60.0230,219.424,0.08612,1,0,0,0,0,0.007243,0.000280,0.000892,0.000131,0.001157,0.000050,0.000656,0.000065,0.000550,0.000129,0.000795,0.000024,0.000334,0.000051,0.000557,-166.57,-164.50,-115.62,-121.95,-42.17,-18.31,48.90,-168.80,94.59,63.94,176.48,-173.89,-62.80,91.69,-9.83,218.7495,5.0198,4.9606,3.8096,14.5100,2.2359,1.1158,0.7609,3.6156,0.6092,6.1945,0.8083,2.1480,0.6553,4.0181
2026-08-06 10:53:12.440,30.866667,80,22,0.007610,-1.5619,166.41,0,0,0,60.0230,219.424,0.08612,1,0,0,0,0,0.007300,0.000230,0.000909,0.000133,0.001206,0.000069,0.000566,0.000033,0.000678,0.000091,0.000699,0.000097,0.000439,0.000066,0.000526,-166.41,-164.96,-115.73,-126.82,-40.65,117.17,42.52,167.56,94.55,-108.76,174.49,-161.53,-74.21,-40.47,-6.13,218.7495,5.0198,4.9606,3.8096,14.5100,2.2359,1.1158,0.7609,3.6156,0.6092,6.1945,0.8083,2.1480,0.6553,4.0181
2026-08-06 10:53:12.440,30.883333,80,23,0.007574,-1.5442,165.84,0,0,0,60.0230,219.424,0.08612,1,0,0,0,0,0.007244,0.000197,0.000955,0.000084,0.001223,0.000023,0.000646,0.000064,0.000650,0.000038,0.000752,0.000055,0.000369,0.000025,0.000638,-165.84,-171.34,-118.21,-136.55,-36.08,-36.45,46.05,-11.77,91.67,77.66,175.12,122.83,-78.49,-71.92,2.41,218.7495,5.0198,4.9606,3.8096,14.5100,2.2359,1.1158,0.7609,3.6156,0.6092,6.1945,0.8083,2.1480,0.6553,4.0181
2026-08-06 10:53:12.440,30.900000,80,24,0.007544,-1.5453,166.45,0,0,0,60.0230,219.424,0.08612,1,0,0,0,0,0.007221,0.000216,0.000952,0.000147,0.001234,0.000057,0.000649,0.000042,0.000619,0.000016,0.000764,0.000044,0.000353,0.000016,0.000604,-166.45,-163.41,-116.30,-119.81,-40.81,-55.78,45.64,-124.23,95.85,-89.61,175.30,71.33,-69.71,-176.86,-2.41,218.7495,5.0198,4.9606,3.8096,14.5100,2.2359,1.1158,0.7609,3.6156,0.6092,6.1945,0.8083,2.1480,0.6553,4.0181
2026-08-06 10:53:12.440,30.916667,80,25,0.007614,-1.5574,166.11,0,0,0,60.0230,219.424,0.08612,1,0,0,0,0,0.007289,0.000221,0.000996,0.000209,0.001232,0.000007,0.000554,0.000051,0.000669,0.000035,0.000785,0.000061,0.000422,0.000102,0.000570,-166.11,-159.30,-117.89,-116.09,-39.27,-49.83,48.57,106.90,97.57,-135.29,176.54,146.65,-80.56,171.19,-8.28,218.7495,5.0198,4.9606,3.8096,14.5100,2.2359,1.1158,0.7609,3.6156,0.6092,6.1945,0.8083,2.1480,0.6553,4.0181
2026-08-06 10:53:12.440,30.933333,80,26,0.007534,-1.5445,166.69,0,0,0,60.0230,219.424,0.08612,1,0,0,0,0,0.007215,0.000226,0.000922,0.000106,0.001245,0.000049,0.000584,0.000121,0.000657,0.000059,0.000691,0.000131,0.000372,0.000082,0.000632,-166.69,-169.47,-116.07,-96.82,-38.54,121.09,43.97,46.59,91.41,101.22,178.07,121.81,-75.50,126.38,-1.54,218.7495,5.0198,4.9606,3.8096,14.5100,2.2359,1.1158,0.7609,3.6156,0.6092,6.1945,0.8083,2.1480,0.6553,4.0181
2026-08-06 10:53:12.440,30.950000,80,27,0.007588,-1.5514,166.00,0,0,0,60.0230,219.424,0.08612,1,0,0,0,0,0.007266,0.000252,0.000995,0.000186,0.001214,0.000059,0.000613,0.000016,0.000630,0.000053,0.000769,0.000027,0.000365,0.000014,0.000580,-166.00,-151.58,-116.63,-113.21,-39.61,-42.93,41.65,-35.09,93.86,-33.69,176.41,127.71,-66.46,164.03,-2.54,218.7495,5.0198,4.9606,3.8096,14.5100,2.2359,1.1158,0.7609,3.6156,0.6092,6.1945,0.8083,2.1480,0.6553,4.0181
2026-08-06 10:53:12.440,30.966667,80,28,0.007554,-1.5473,166.29,0,0,0,60.0230,219.424,0.08612,1,0,0,0,0,0.007242,0.000200,0.000922,0.000093,0.001194,0.000019,0.000604,0.000107,0.000609,0.000052,0.000755,0.000044,0.000425,0.000060,0.000581,-166.29,-160.06,-117.76,-119.10,-38.37,66.83,48.61,55.69,97.79,107.12,177.20,-172.83,-71.27,138.21,0.29,218.7495,5.0198,4.9606,3.8096,14.5100,2.2359,1.1158,0.7609,3.6156,0.6092,6.1945,0.8083,2.1480,0.6553,4.0181
2026-08-06 10:53:12.440,30.983333,80,29,0.007556,-1.5478,166.23,0,0,0,60.0230,219.424,0.08612,1,0,0,0,0,0.007243,0.000269,0.000927,0.000145,0.001242,0.000042,0.000586,0.000052,0.000585,0.000109,0.000720,0.000149,0.000396,0.000047,0.000597,-166.23,-167.70,-117.77,-116.39,-39.23,31.28,41.65,77.56,90.39,97.42,178.54,138.98,-70.44,-176.23,-4.38,218.7495,5.0198,4.9606,3.8096,14.5100,2.2359,1.1158,0.7609,3.6156,0.6092,6.1945,0.8083,2.1480,0.6553,4.0181
2026-08-06 10:53:12.904,31.000000,81,0,0.007639,-1.5635,165.99,0,0,0,60.0230,219.424,0.08617,1,0,0,0,0,0.007318,0.000195,0.000949,0.000137,0.001241,0.000024,0.000608,0.000031,0.000635,0.000022,0.000767,0.000023,0.000372,0.000074,0.000584,-165.99,-176.67,-118.50,-117.02,-39.50,-31.39,43.31,-108.90,95.51,41.98,173.07,141.75,-70.59,-60.99,-3.19,218.7489,5.0111,4.9676,3.7861,14.5118,2.2128,1.1535,0.7543,3.6666,0.6039,6.1915,0.8247,2.1016,0.7123,4.0650
2026-08-06 10:53:12.904,31.016667,81,1,0.007558,-1.5469,166.60,0,0,0,60.0230,219.424,0.08617,1,0,0,0,0,0.007229,0.000219,0.000934,0.000131,0.001187,0.000045,0.000644,0.000098,0.000699,0.000020,0.000756,0.000067,0.000394,0.000089,0.000631,-166.60,-154.44,-117.47,-141.64,-36.23,-71.04,49.34,30.73,92.11,170.95,173.56,174.64,-80.25,-152.30,-0.49,218.7489,5.0111,4.9676,3.7861,14.5118,2.2128,1.1535,0.7543,3.6666,0.6039,6.1915,0.8247,2.1016,0.7123,4.0650
2026-08-06 10:53:12.904,31.033333,81,2,0.007584,-1.5454,166.19,0,0,0,60.0230,219.424,0.08617,1,0,0,0,0,0.007240,0.000219,0.000978,0.000136,0.001251,0.000013,0.000594,0.000081,0.000739,0.000120,0.000687,0.000092,0.000455,0.000119,0.000694,-166.19,-151.49,-114.82,-148.71,-37.75,5.54,34.02,-150.79,91.83,101.86,-178.81,138.11,-72.25,164.40,3.60,218.7489,5.0111,4.9676,3.7861,14.5118,2.2128,1.1535,0.7543,3.6666,0.6039,6.1915,0.8247,2.1016,0.7123,4.0650
2026-08-06 10:53:12.904,31.050000,81,3,0.007212,-1.4271,165.74,0,0,0,60.0230,219.424,0.08617,1,0,0,0,0,0.006697,0.000723,0.000760,0.000568,0.001553,0.000424,0.000932,0.000334,0.000657,0.000290,0.000476,0.000319,0.000588,0.000176,0.000782,-165.74,-178.60,-81.80,-164.72,-26.50,179.98,31.97,-179.87,73.49,174.82,-177.65,154.20,-56.56,172.11,-11.94,218.7489,5.0111,4.9676,3.7861,14.5118,2.2128,1.1535,0.7543,3.6666,0.6039,6.1915,0.8247,2.1016,0.7123,4.0650
2026-08-06 10:53:12.904,31.066667,81,4,0.007489,-1.5266,166.11,0,0,0,60.0230,219.424,0.08617,1,0,0,0,0,0.007151,0.000181,0.000975,0.000177,0.001289,0.000053,0.000587,0.000041,0.000568,0.000075,0.000782,0.000142,0.000406,0.000109,0.000643,-166.11,-160.60,-119.24,-79.89,-39.39,36.36,50.02,107.36,99.55,94.88,173.22,164.50,-86.87,-179.58,-3.08,218.7489,5.0111,4.9676,3.7861,14.5118,2.2128,1.1535,0.7543,3.6666,0.6039,6.1915,0.8247,2.1016,0.7123,4.0650
2026-08-06 10:53:12.904,31.083333,81,5,0.007579,-1.5501,166.40,0,0,0,60.0230,219.424,0.08617,1,0,0,0,0,0.007253,0.000206,0.000942,0.000112,0.001261,0.000048,0.000656,0.000071,0.000585,0.000078,0.000715,0.000023,0.000343,0.000028,0.000679,-166.40,-163.94,-120.23,-91.80,-38.81,-50.45,51.21,-57.53,93.74,114.04,175.01,82.26,-76.05,-170.71,0.00,218.7489,5.0111,4.9676,3.7861,14.5118,2.2128,1.1535,0.7543,3.6666,0.6039,6.1915,0.8247,2.1016,0.7123,4.0650
2026-08-06 10:53:12.904,31.100000,81,6,0.007531,-1.5435,166.27,0,0,0,60.0230,219.424,0.08617,1,0,0,0,0,0.007219,0.000203,0.000927,0.000127,0.001194,0.000036,0.000569,0.000003,0.000616,0.000022,0.000718,0.000043,0.000395,0.000047,0.000673,-166.27,-153.46,-119.65,-113.92,-40.46,66.48,46.38,101.76,97.65,-154.64,177.72,44.29,-70.55,-77.91,-0.70,218.7489,5.0111,4.9676,3.7861,14.5118,2.2128,1.1535,0.7543,3.6666,0.6039,6.1915,0.8247,2.1016,0.7123,4.0650
2026-08-06 10:53:12.904,31.116667,81,7,0.007690,-1.5672,165.89,0,0,0,60.0230,219.424,0.08617,1,0,0,0,0,0.007357,0.000338,0.001068,0.000200,0.001299,0.000051,0.000573,0.000023,0.000506,0.000119,0.000602,0.000143,0.000292,0.000152,0.000547,-165.89,-147.56,-114.90,-95.03,-37.63,43.25,50.15,59.88,86.40,2.30,170.25,81.21,-69.51,143.72,1.23,218.7489,5.0111,4.9676,3.7861,14.5118,2.2128,1.1535,0.7543,3.6666,0.6039,6.1915,0.8247,2.1016,0.7123,4.0650
2026-08-06 10:53:12.904,31.133333,81,8,0.007608,-1.5597,166.61,0,0,0,60.0230,219.424,0.08617,1,0,0,0,0,0.007287,0.000197,0.000912,0.000088,0.001212,0.000114,0.000649,0.000110,0.000640,0.000093,0.000739,0.000083,0.000351,0.000065,0.000635,-166.61,-166.51,-120.95,-98.71,-42.94,169.43,47.08,8.94,95.17,72.46,-177.01,155.11,-65.62,85.88,4.18,218.7489,5.0111,4.9676,3.7861,14.5118,2.2128,1.1535,0.7543,3.6666,0.6039,6.1915,0.8247,2.1016,0.7123,4.0650
2026-08-06 10:53:12.904,31.150000,81,9,0.006470,-1.2787,166.54,0,0,0,60.0230,219.424,0.08617,1,0,0,0,0,0.005976,0.001312,0.000259,0.000845,0.001113,0.000284,0.000687,0.000148,0.000461,0.000311,0.000503,0.000283,0.000531,0.000224,0.000602,-166.54,-151.08,-22.65,-120.36,-16.18,-102.21,56.76,98.69,71.61,155.97,178.71,172.04,-48.35,-156.27,-5.68,218.7489,5.0111,4.9676,3.7861,14.5118,2.2128,1.1535,0.7543,3.6666,0.6039,6.1915,0.8247,2.1016,0.7123,4.0650
2026-08-06 10:53:12.904,31.166667,81,10,0.007570,-1.5485,166.05,0,0,0,60.0230,219.424,0.08617,1,0,0,0,0,0.007255,0.000189,0.000921,0.000159,0.001233,0.000048,0.000609,0.000068,0.000645,0.000021,0.000723,0.000076,0.000398,0.000038,0.000622,-166.05,-165.96,-117.76,-109.81,-38.41,60.78,50.04,58.41,95.45,131.15,173.38,161.44,-72.53,139.59,-3.79,218.7489,5.0111,4.9676,3.7861,14.5118,2.2128,1.1535,0.7543,3.6666,0.6039,6.1915,0.8247,2.1016,0.7123,4.0650
2026-08-06 10:53:12.904,31.183333,81,11,0.007539,-1.5396,165.88,0,0,0,60.0230,219.424,0.08617,1,0,0,0,0,0.007221,0.000164,0.000897,0.000204,0.001236,0.000107,0.000623,0.000067,0.000569,0.000034,0.000755,0.000057,0.000411,0.000039,0.000619,-165.88,-163.39,-115.02,-98.45,-40.54,-41.05,50.13,-59.60,95.72,35.82,-179.89,-80.05,-72.06,101.90,-0.15,218.7489,5.0111,4.9676,3.7861,14.5118,2.2128,1.1535,0.7543,3.6666,0.6039,6.1915,0.8247,2.1016,0.7123,4.0650
2026-08-06 10:53:12.904,31.200000,81,12,0.007507,-1.5333,166.22,0,0,0,60.0230,219.424,0.08617,1,0,0,0,0,0.007169,0.000230,0.000914,0.000074,0.001294,0.000174,0.000646,0.000202,0.000615,0.000139,0.000618,0.000132,0.000315,0.000067,0.000545,-166.22,-172.32,-116.38,-150.91,-41.58,136.04,31.16,149.14,76.37,-162.04,163.97,-134.94,-65.11,152.71,0.38,218.7489,5.0111,4.9676,3.7861,14.5118,2.2128,1.1535,0.7543,3.6666,0.6039,6.1915,0.8247,2.1016,0.7123,4.0650
2026-08-06 10:53:12.904,31.216667,81,13,0.007575,-1.5469,166.07,0,0,0,60.0230,219.424,0.08617,1,0,0,0,0,0.007240,0.000182,0.000987,0.000148,0.001211,0.000037,0.000635,0.000046,0.000640,0.000029,0.000779,0.000073,0.000375,0.000034,0.000607,-166.07,-152.51,-120.59,-120.73,-40.04,31.02,50.25,-14.36,95.47,77.93,172.59,135.39,-76.69,-69.94,0.25,218.7489,5.0111,4.9676,3.7861,14.5118,2.2128,1.1535,0.7543,3.6666,0.6039,6.1915,0.8247,2.1016,0.7123,4.0650
2026-08-06 10:53:12.904,31.233333,81,14,0.007597,-1.5573,166.50,0,0,0,60.0230,219.424,0.08617,1,0,0,0,0,0.007281,0.000223,0.000965,0.000147,0.001221,0.000027,0.000585,0.000023,0.000656,0.000058,0.000723,0.000032,0.000347,0.000027,0.000616,-166.50,-164.44,-118.23,-108.79,-37.49,-12.24,45.50,4.03,96.67,-23.32,178.82,75.08,-70.58,-93.28,-5.95,218.7489,5.0111,4.9676,3.7861,14.5118,2.2128,1.1535,0.7543,3.6666,0.6039,6.1915,0.8247,2.1016,0.7123,4.0650
2026-08-06 10:53:12.904,31.250000,81,15,0.007528,-1.5425,166.46,0,0,0,60.0230,219.424,0.08617,1,0,0,0,0,0.007214,0.000294,0.000930,0.000116,0.001234,0.000009,0.000655,0.000084,0.000597,0.000166,0.000709,0.000165,0.000405,0.000115,0.000528,-166.46,-161.99,-116.54,-97.19,-38.30,146.91,45.12,78.39,90.49,99.18,-174.87,144.64,-73.90,-163.62,-2.03,218.7489,5.0111,4.9676,3.7861,14.5118,2.2128,1.1535,0.7543,3.6666,0.6039,6.1915,0.8247,2.1016,0.7123,4.0650
2026-08-06 10:53:12.904,31.266667,81,16,0.007538,-1.5462,166.31,0,0,0,60.0230,219.424,0.08617,1,0,0,0,0,0.007232,0.000206,0.000864,0.000152,0.001231,0.000046,0.000611,0.000041,0.000607,0.000088,0.000739,0.000103,0.000355,0.000013,0.000588,-166.31,-173.59,-118.38,-95.49,-40.19,24.45,44.36,23.69,95.73,91.07,174.11,140.74,-72.69,-116.99,-3.56,218.7489,5.0111,4.9676,3.7861,14.5118,2.2128,1.1535,0.7543,3.6666,0.6039,6.1915,0.8247,2.1016,0.7123,4.0650
2026-08-06 10:53:12.904,31.283333,81,17,0.007547,-1.5383,165.52,0,0,0,60.0230,219.424,0.08617,1,0,0,0,0,0.007222,0.000233,0.000947,0.000082,0.001177,0.000026,0.000623,0.000054,0.000715,0.000114,0.000701,0.000097,0.000345,0.000041,0.000649,-165.52,-157.89,-123.50,-148.63,-37.39,-66.15,51.28,178.46,93.67,2.28,-177.95,-119.71,-88.77,145.55,3.94,218.7489,5.0111,4.9676,3.7861,14.5118,2.2128,1.1535,0.7543,3.6666,0.6039,6.1915,0.8247,2.1016,0.7123,4.0650
2026-08-06 10:53:12.904,31.300000,81,18,0.007569,-1.5439,165.74,0,0,0,60.0230,219.424,0.08617,1,0,0,0,0,0.007242,0.000213,0.000986,0.000202,0.001243,0.000062,0.000660,0.000068,0.000675,0.000045,0.000772,0.000042,0.000335,0.000079,0.000542,-165.74,-165.46,-116.92,-112.90,-36.95,-34.42,48.16,24.43,93.17,19.29,174.22,116.14,-77.17,-169.50,3.34,218.7489,5.0111,4.9676,3.7861,14.5118,2.2128,1.1535,0.7543,3.6666,0.6039,6.1915,0.8247,2.1016,0.7123,4.0650
2026-08-06 10:53:12.904,31.316667,81,19,0.007597,-1.5568,166.05,0,0,0,60.0230,219.424,0.08617,1,0,0,0,0,0.007286,0.000319,0.000896,0.000233,0.001181,0.000033,0.000662,0.000030,0.000649,0.000047,0.000690,0.000083,0.000307,0.000077,0.000615,-166.05,-175.76,-118.49,-101.64,-40.17,-8.23,45.57,-16.69,94.67,71.44,176.68,134.63,-73.37,-135.97,3.63,218.7489,5.0111,4.9676,3.7861,14.5118,2.2128,1.1535,0.7543,3.6666,0.6039,6.1915,0.8247,2.1016,0.7123,4.0650
2026-08-06 10:53:12.904,31.333333,81,20,0.007591,-1.5537,166.12,0,0,0,60.0230,219.424,0.08617,1,0,0,0,0,0.007276,0.000150,0.000925,0.000104,0.001199,0.000028,0.000632,0.000030,0.000669,0.000003,0.000768,0.000019,0.000373,0.000074,0.000579,-166.12,-176.50,-118.69,-111.02,-39.24,-128.68,48.25,-160.62,97.61,-27.97,176.38,-0.45,-69.12,-76.60,-2.06,218.7489,5.0111,4.9676,3.7861,14.5118,2.2128,1.1535,0.7543,3.6666,0.6039,6.1915,0.8247,2.1016,0.7123,4.0650
2026-08-06 10:53:12.904,31.350000,81,21,0.007592,-1.5557,166.53,0,0,0,60.0230,219.424,0.08617,1,0,0,0,0,0.007270,0.000193,0.000919,0.000077,0.001243,0.000016,0.000624,0.000032,0.000720,0.000023,0.000767,0.000032,0.000388,0.000007,0.000583,-166.53,-173.26,-119.56,-120.68,-37.06,78.63,47.98,91.07,93.37,-67.70,174.64,-146.48,-74.91,-21.52,-2.02,218.7489,5.0111,4.9676,3.7861,14.5118,2.2128,1.1535,0.7543,3.6666,0.6039,6.1915,0.8247,2.1016,0.7123,4.0650
2026-08-06 10:53:12.904,31.366667,81,22,0.007588,-1.5524,165.99,0,0,0,60.0230,219.424,0.08617,1,0,0,0,0,0.007270,0.000217,0.000891,0.000143,0.001228,0.000059,0.000614,0.000064,0.000642,0.000068,0.000724,0.000070,0.000393,0.000048,0.000646,-165.99,-160.31,-117.14,-98.98,-40.85,133.98,45.98,-75.82,99.72,80.65,177.61,139.76,-72.00,-19.02,-5.83,218.7489,5.0111,4.9676,3.7861,14.5118,2.2128,1.1535,0.7543,3.6666,0.6039,6.1915,0.8247,2.1016,0.7123,4.0650
2026-08-06 10:53:12.904,31.383333,81,23,0.007591,-1.5533,166.14,0,0,0,60.0230,219.424,0.08617,1,0,0,0,0,0.007278,0.000181,0.000894,0.000168,0.001199,0.000086,0.000568,0.000039,0.000659,0.000074,0.000832,0.000075,0.000444,0.000051,0.000547,-166.14,-170.14,-116.69,-100.61,-36.47,24.99,45.14,168.17,93.79,-68.39,176.70,64.39,-65.56,-83.31,0.78,218.7489,5.0111,4.9676,3.7861,14.5118,2.2128,1.1535,0.7543,3.6666,0.6039,6.1915,0.8247,2.1016,0.7123,4.0650
2026-08-06 10:53:12.904,31.400000,81,24,0.007605,-1.5586,166.15,0,0,0,60.0230,219.424,0.08617,1,0,0,0,0,0.007292,0.000236,0.000879,0.000146,0.001214,0.000030,0.000618,0.000039,0.000657,0.000015,0.000765,0.000042,0.000376,0.000035,0.000585,-166.15,-176.73,-115.89,-108.34,-41.65,55.20,42.62,110.58,96.31,165.38,177.46,-148.92,-70.81,59.11,-3.17,218.7489,5.0111,4.9676,3.7861,14.5118,2.2128,1.1535,0.7543,3.6666,0.6039,6.1915,0.8247,2.1016,0.7123,4.0650
2026-08-06 10:53:12.904,31.416667,81,25,0.007601,-1.5557,166.21,0,0,0,60.0230,219.424,0.08617,1,0,0,0,0,0.007280,0.000254,0.000936,0.000154,0.001266,0.000010,0.000627,0.000059,0.000586,0.000078,0.000725,0.000091,0.000396,0.000072,0.000636,-166.21,-169.51,-116.22,-120.71,-39.68,36.34,45.10,51.83,91.97,96.41,176.12,120.22,-84.97,159.29,-4.93,218.7489,5.0111,4.9676,3.7861,14.5118,2.2128,1.1535,0.7543,3.6666,0.6039,6.1915,0.8247,2.1016,0.7123,4.0650
2026-08-06 10:53:12.904,31.433333,81,26,0.007591,-1.5512,165.93,0,0,0,60.0230,219.424,0.08617,1,0,0,0,0,0.007266,0.000181,0.000930,0.000107,0.001244,0.000018,0.000640,0.000073,0.000643,0.000044,0.000759,0.000023,0.000440,0.000040,0.000568,-165.93,-168.26,-116.82,-129.90,-40.97,154.83,44.33,65.24,93.36,168.53,178.67,-12.48,-78.90,152.77,-0.54,218.7489,5.0111,4.9676,3.7861,14.5118,2.2128,1.1535,0.7543,3.6666,0.6039,6.1915,0.8247,2.1016,0.7123,4.0650
2026-08-06 10:53:12.904,31.450000,81,27,0.007568,-1.5489,166.55,0,0,0,60.0230,219.424,0.08617,1,0,0,0,0,0.007242,0.000210,0.000906,0.000100,0.001259,0.000015,0.000639,0.000125,0.000659,0.000040,0.000717,0.000041,0.000371,0.000006,0.000621,-166.55,179.66,-117.93,-111.33,-37.73,-43.11,46.56,36.82,95.08,128.20,169.45,161.14,-85.89,58.15,-2.42,218.7489,5.0111,4.9676,3.7861,14.5118,2.2128,1.1535,0.7543,3.6666,0.6039,6.1915,0.8247,2.1016,0.7123,4.0650
2026-08-06 10:53:12.904,31.466667,81,28,0.007515,-1.5381,166.08,0,0,0,60.0230,219.424,0.08617,1,0,0,0,0,0.007198,0.000244,0.000936,0.000173,0.001227,0.000041,0.000666,0.000023,0.000616,0.000064,0.000679,0.000032,0.000367,0.000033,0.000615,-166.08,-171.21,-120.10,-119.48,-38.97,-7.40,49.85,157.65,91.21,20.60,177.56,67.69,-77.84,108.99,-4.51,218.7489,5.0111,4.9676,3.7861,14.5118,2.2128,1.1535,0.7543,3.6666,0.6039,6.1915,0.8247,2.1016,0.7123,4.0650
2026-08-06 10:53:12.904,31.483333,81,29,0.007629,-1.5614,166.15,0,0,0,60.0230,219.424,0.08617,1,0,0,0,0,0.007310,0.000164,0.000952,0.000091,0.001231,0.000059,0.000625,0.000060,0.000645,0.000047,0.000716,0.000055,0.000412,0.000076,0.000660,-166.15,-150.72,-119.60,-108.66,-39.80,29.91,46.85,77.76,90.13,-160.53,173.59,-103.58,-70.19,-172.98,0.96,218.7489,5.0111,4.9676,3.7861,14.5118,2.2128,1.1535,0.7543,3.6666,0.6039,6.1915,0.8247,2.1016,0.7123,4.0650
2026-08-06 10:53:13.415,31.500000,82,0,0.007602,-1.5529,166.03,0,0,0,60.0269,219.401,0.08611,1,0,0,0,0,0.007279,0.000151,0.001000,0.000071,0.001230,0.000061,0.000616,0.000044,0.000634,0.000034,0.000728,0.000062,0.000373,0.000018,0.000604,-166.03,-178.49,-120.75,-96.64,-38.96,34.67,43.87,63.79,90.39,122.27,175.62,116.84,-75.22,131.29,1.65,218.7268,5.0148,4.9470,3.8111,14.5148,2.2301,1.1202,0.7544,3.6248,0.6021,6.2044,0.8119,2.1334,0.6739,3.9872
2026-08-06 10:53:13.415,31.516667,82,1,0.007613,-1.5548,165.79,0,0,0,60.0269,219.401,0.08611,1,0,0,0,0,0.007287,0.000197,0.000944,0.000137,0.001229,0.000032,0.000658,0.000045,0.000635,0.000073,0.000750,0.000012,0.000360,0.000045,0.000639,-165.79,-177.88,-118.36,-99.37,-40.22,18.98,45.57,-92.60,96.94,-7.97,172.03,-100.98,-71.45,-61.11,-0.22,218.7268,5.0148,4.9470,3.8111,14.5148,2.2301,1.1202,0.7544,3.6248,0.6021,6.2044,0.8119,2.1334,0.6739,3.9872
2026-08-06 10:53:13.415,31.533333,82,2,0.007462,-1.5236,166.51,0,0,0,60.0269,219.401,0.08611,1,0,0,0,0,0.007122,0.000293,0.000961,0.000110,0.001231,0.000033,0.000615,0.000035,0.000697,0.000066,0.000729,0.000077,0.000414,0.000128,0.000589,-166.51,-130.37,-125.94,-96.52,-39.57,-67.28,41.77,-139.07,97.58,47.04,-179.09,-128.28,-77.30,-169.35,6.99,218.7268,5.0148,4.9470,3.8111,14.5148,2.2301,1.1202,0.7544,3.6248,0.6021,6.2044,0.8119,2.1334,0.6739,3.9872
2026-08-06 10:53:13.415,31.550000,82,3,0.007516,-1.5392,166.65,0,0,0,60.0269,219.401,0.08611,1,0,0,0,0,0.007190,0.000159,0.000948,0.000144,0.001277,0.000059,0.000574,0.000102,0.000554,0.000067,0.000761,0.000109,0.000380,0.000090,0.000663,-166.65,-173.87,-114.10,-116.79,-41.26,-164.08,50.82,61.39,84.52,61.96,-179.88,124.11,-77.26,89.24,0.36,218.7268,5.0148,4.9470,3.8111,14.5148,2.2301,1.1202,0.7544,3.6248,0.6021,6.2044,0.8119,2.1334,0.6739,3.9872
2026-08-06 10:53:13.415,31.566667,82,4,0.007617,-1.5610,166.71,0,0,0,60.0269,219.401,0.08611,1,0,0,0,0,0.007282,0.000233,0.000990,0.000154,0.001166,0.000047,0.000670,0.000088,0.000701,0.000112,0.000767,0.000113,0.000288,0.000113,0.000573,-166.71,-173.45,-121.64,-139.48,-40.99,140.32,49.90,133.73,97.52,97.76,168.96,87.57,-65.14,67.20,2.71,218.7268,5.0148,4.9470,3.8111,14.5148,2.2301,1.1202,0.7544,3.6248,0.6021,6.2044,0.8119,2.1334,0.6739,3.9872
2026-08-06 10:53:13.415,31.583333,82,5,0.007565,-1.5505,166.60,0,0,0,60.0269,219.401,0.08611,1,0,0,0,0,0.007246,0.000209,0.000880,0.000163,0.001251,0.000077,0.000597,0.000165,0.000624,0.000089,0.000773,0.000025,0.000385,0.000074,0.000627,-166.60,-148.66,-118.04,-123.29,-38.62,107.97,41.05,59.34,96.78,33.49,177.89,-147.92,-73.35,-167.53,-2.30,218.7268,5.0148,4.9470,3.8111,14.5148,2.2301,1.1202,0.7544,3.6248,0.6021,6.2044,0.8119,2.1334,0.6739,3.9872
2026-08-06 10:53:13.415,31.600000,82,6,0.007557,-1.5433,166.17,0,0,0,60.0269,219.401,0.08611,1,0,0,0,0,0.007219,0.000277,0.000891,0.000074,0.001196,0.000090,0.000777,0.000020,0.000529,0.000155,0.000757,0.000177,0.000546,0.000151,0.000559,-166.17,-166.88,-114.26,-116.51,-40.43,-108.58,44.22,163.33,101.37,19.01,166.03,177.91,-75.55,61.32,0.49,218.7268,5.0148,4.9470,3.8111,14.5148,2.2301,1.1202,0.7544,3.6248,0.6021,6.2044,0.8119,2.1334,0.6739,3.9872
2026-08-06 10:53:13.415,31.616667,82,7,0.007543,-1.5476,166.60,0,0,0,60.0269,219.401,0.08611,1,0,0,0,0,0.007231,0.000184,0.000910,0.000151,0.001190,0.000071,0.000659,0.000020,0.000647,0.000041,0.000745,0.000053,0.000340,0.000029,0.000579,-166.60,179.88,-121.27,-116.17,-37.87,-23.52,46.27,-103.17,102.36,-69.35,175.63,70.00,-68.93,-86.75,-6.20,218.7268,5.0148,4.9470,3.8111,14.5148,2.2301,1.1202,0.7544,3.6248,0.6021,6.2044,0.8119,2.1334,0.6739,3.9872
2026-08-06 10:53:13.415,31.633333,82,8,0.007507,-1.5374,166.01,0,0,0,60.0269,219.401,0.08611,1,0,0,0,0,0.007204,0.000196,0.000906,0.000123,0.001175,0.000048,0.000651,0.000110,0.000642,0.000053,0.000718,0.000057,0.000404,0.000036,0.000593,-166.01,-152.61,-119.22,-84.16,-36.92,89.27,47.95,73.31,92.02,113.29,177.43,-164.72,-68.18,175.93,-1.72,218.7268,5.0148,4.9470,3.8111,14.5148,2.2301,1.1202,0.7544,3.6248,0.6021,6.2044,0.8119,2.1334,0.6739,3.9872
2026-08-06 10:53:13.415,31.650000,82,9,0.007630,-1.5553,165.83,0,0,0,60.0269,219.401,0.08611,1,0,0,0,0,0.007290,0.000193,0.000988,0.000093,0.001286,0.000018,0.000643,0.000076,0.000594,0.000160,0.000728,0.000116,0.000322,0.000080,0.000581,-165.83,-179.92,-117.35,-101.34,-41.09,135.63,39.18,-19.32,92.63,81.56,176.67,90.18,-72.05,99.09,0.32,218.7268,5.0148,4.9470,3.8111,14.5148,2.2301,1.1202,0.7544,3.6248,0.6021,6.2044,0.8119,2.1334,0.6739,3.9872
2026-08-06 10:53:13.415,31.666667,82,10,0.007627,-1.5642,166.43,0,0,0,60.0269,219.401,0.08611,1,0,0,0,0,0.007305,0.000264,0.000934,0.000190,0.001152,0.000068,0.000611,0.000085,0.000696,0.000055,0.000796,0.000062,0.000353,0.000056,0.000590,-166.43,-168.18,-121.49,-119.30,-40.36,-155.61,57.12,-163.91,104.33,151.39,171.75,141.80,-67.82,165.20,0.51,218.7268,5.0148,4.9470,3.8111,14.5148,2.2301,1.1202,0.7544,3.6248,0.6021,6.2044,0.8119,2.1334,0.6739,3.9872
2026-08-06 10:53:13.415,31.683333,82,11,0.007554,-1.5534,167.10,0,0,0,60.0269,219.401,0.08611,1,0,0,0,0,0.007247,0.000285,0.000986,0.000101,0.001208,0.000085,0.000606,0.000122,0.000647,0.000061,0.000644,0.000095,0.000356,0.000038,0.000604,-167.10,-155.36,-114.76,-85.74,-39.32,-100.56,39.26,62.91,96.00,165.60,176.82,139.55,-84.74,-116.40,4.64,218.7268,5.0148,4.9470,3.8111,14.5148,2.2301,1.1202,0.7544,3.6248,0.6021,6.2044,0.8119,2.1334,0.6739,3.9872
2026-08-06 10:53:13.415,31.700000,82,12,0.007550,-1.5470,166.40,0,0,0,60.0269,219.401,0.08611,1,0,0,0,0,0.007238,0.000217,0.000915,0.000152,0.001175,0.000040,0.000654,0.000051,0.000611,0.000035,0.000755,0.000042,0.000391,0.000020,0.000626,-166.40,-176.35,-119.26,-114.34,-38.33,-109.64,50.11,-30.54,94.85,80.45,177.04,137.81,-76.71,-90.99,-2.45,218.7268,5.0148,4.9470,3.8111,14.5148,2.2301,1.1202,0.7544,3.6248,0.6021,6.2044,0.8119,2.1334,0.6739,3.9872
2026-08-06 10:53:13.415,31.716667,82,13,0.007570,-1.5426,165.91,0,0,0,60.0269,219.401,0.08611,1,0,0,0,0,0.007220,0.000242,0.000846,0.000110,0.001245,0.000053,0.000672,0.000053,0.000616,0.000123,0.000884,0.000188,0.000586,0.000090,0.000618,-165.91,-158.36,-119.26,-83.32,-42.71,154.81,43.42,-60.87,94.16,-164.67,167.60,3.69,-80.69,148.06,0.74,218.7268,5.0148,4.9470,3.8111,14.5148,2.2301,1.1202,0.7544,3.6248,0.6021,6.2044,0.8119,2.1334,0.6739,3.9872
2026-08-06 10:53:13.415,31.733333,82,14,0.007533,-1.5377,165.65,0,0,0,60.0269,219.401,0.08611,1,0,0,0,0,0.007214,0.000249,0.000949,0.000131,0.001242,0.000010,0.000596,0.000076,0.000608,0.000111,0.000718,0.000100,0.000394,0.000082,0.000658,-165.65,-160.03,-118.06,-107.06,-37.84,-88.52,41.28,52.89,88.13,77.06,176.18,165.06,-77.96,152.49,1.90,218.7268,5.0148,4.9470,3.8111,14.5148,2.2301,1.1202,0.7544,3.6248,0.6021,6.2044,0.8119,2.1334,0.6739,3.9872
2026-08-06 10:53:13.415,31.750000,82,15,0.007618,-1.5613,166.72,0,0,0,60.0269,219.401,0.08611,1,0,0,0,0,0.007290,0.000284,0.000932,0.000185,0.001206,0.000037,0.000670,0.000043,0.000666,0.000060,0.000772,0.000092,0.000329,0.000084,0.000633,-166.72,-169.01,-119.87,-123.78,-39.61,-12.79,49.74,-34.04,93.87,84.05,174.13,110.34,-75.95,-150.89,-0.24,218.7268,5.0148,4.9470,3.8111,14.5148,2.2301,1.1202,0.7544,3.6248,0.6021,6.2044,0.8119,2.1334,0.6739,3.9872
2026-08-06 10:53:13.415,31.766667,82,16,0.007472,-1.5316,166.50,0,0,0,60.0269,219.401,0.08611,1,0,0,0,0,0.007162,0.000128,0.000929,0.000085,0.001171,0.000025,0.000577,0.000056,0.000615,0.000015,0.000781,0.000017,0.000427,0.000046,0.000647,-166.50,-173.74,-119.63,-135.40,-36.55,-68.06,50.77,92.72,94.89,-74.76,177.64,-22.73,-70.44,176.33,-1.20,218.7268,5.0148,4.9470,3.8111,14.5148,2.2301,1.1202,0.7544,3.6248,0.6021,6.2044,0.8119,2.1334,0.6739,3.9872
2026-08-06 10:53:13.415,31.783333,82,17,0.007461,-1.5326,166.18,0,0,0,60.0269,219.401,0.08611,1,0,0,0,0,0.007171,0.000139,0.000885,0.000109,0.001175,0.000067,0.000507,0.000087,0.000596,0.000102,0.000711,0.000113,0.000374,0.000091,0.000563,-166.18,177.66,-121.94,-150.12,-41.11,-137.13,40.02,17.69,87.70,59.43,174.50,124.36,-84.15,154.72,-0.03,218.7268,5.0148,4.9470,3.8111,14.5148,2.2301,1.1202,0.7544,3.6248,0.6021,6.2044,0.8119,2.1334,0.6739,3.9872
2026-08-06 10:53:13.415,31.800000,82,18,0.007531,-1.5408,166.23,0,0,0,60.0269,219.401,0.08611,1,0,0,0,0,0.007209,0.000225,0.000940,0.000134,0.001248,0.000025,0.000641,0.000011,0.000564,0.000116,0.000712,0.000062,0.000396,0.000079,0.000638,-166.23,-175.16,-117.83,-134.53,-39.67,94.52,43.73,131.12,95.27,81.06,176.83,113.75,-68.07,83.63,-7.03,218.7268,5.0148,4.9470,3.8111,14.5148,2.2301,1.1202,0.7544,3.6248,0.6021,6.2044,0.8119,2.1334,0.6739,3.9872
2026-08-06 10:53:13.415,31.816667,82,19,0.007526,-1.5414,166.15,0,0,0,60.0269,219.401,0.08611,1,0,0,0,0,0.007217,0.000169,0.000928,0.000114,0.001201,0.000025,0.000582,0.000036,0.000672,0.000046,0.000775,0.000048,0.000389,0.000051,0.000581,-166.15,-140.73,-118.39,-110.18,-37.80,-17.16,45.41,62.70,93.17,-176.54,174.40,148.32,-69.58,170.88,-6.79,218.7268,5.0148,4.9470,3.8111,14.5148,2.2301,1.1202,0.7544,3.6248,0.6021,6.2044,0.8119,2.1334,0.6739,3.9872
2026-08-06 10:53:13.415,31.833333,82,20,0.007593,-1.5423,165.65,0,0,0,60.0269,219.401,0.08611,1,0,0,0,0,0.007238,0.000217,0.000964,0.000171,0.001339,0.000124,0.000575,0.000207,0.000610,0.000032,0.000749,0.000164,0.000419,0.000084,0.000718,-165.65,-150.44,-121.85,177.71,-35.42,-54.01,48.12,98.96,87.64,-16.27,172.59,145.49,-78.94,116.50,-3.89,218.7268,5.0148,4.9470,3.8111,14.5148,2.2301,1.1202,0.7544,3.6248,0.6021,6.2044,0.8119,2.1334,0.6739,3.9872
2026-08-06 10:53:13.415,31.850000,82,21,0.007631,-1.5637,166.02,0,0,0,60.0269,219.401,0.08611,1,0,0,0,0,0.007327,0.000150,0.000881,0.000138,0.001234,0.000062,0.000673,0.000067,0.000656,0.000064,0.000666,0.000077,0.000320,0.000105,0.000642,-166.02,-169.09,-117.39,-124.07,-40.95,19.51,39.90,-157.66,98.62,56.22,175.17,109.00,-78.00,155.77,-8.94,218.7268,5.0148,4.9470,3.8111,14.5148,2.2301,1.1202,0.7544,3.6248,0.6021,6.2044,0.8119,2.1334,0.6739,3.9872
2026-08-06 10:53:13.415,31.866667,82,22,0.007503,-1.5331,166.08,0,0,0,60.0269,219.401,0.08611,1,0,0,0,0,0.007184,0.000218,0.000903,0.000118,0.001243,0.000028,0.000618,0.000028,0.000648,0.000021,0.000821,0.000082,0.000429,0.000016,0.000592,-166.08,-166.16,-118.06,-115.11,-35.97,-38.44,47.20,10.03,96.48,34.89,176.92,36.40,-84.78,105.75,-10.91,218.7268,5.0148,4.9470,3.8111,14.5148,2.2301,1.1202,0.7544,3.6248,0.6021,6.2044,0.8119,2.1334,0.6739,3.9872
2026-08-06 10:53:13.415,31.883333,82,23,0.008191,-1.6737,170.14,0,0,0,60.0269,219.401,0.08611,1,0,0,0,0,0.007767,0.000734,0.000267,0.000490,0.001714,0.000381,0.000407,0.000157,0.000843,0.000313,0.000538,0.000185,0.000716,0.000283,0.000335,-170.14,118.46,-113.47,15.42,-32.76,-62.94,23.85,-170.61,94.48,68.48,164.49,-34.82,-79.12,-127.77,-21.05,218.7268,5.0148,4.9470,3.8111,14.5148,2.2301,1.1202,0.7544,3.6248,0.6021,6.2044,0.8119,2.1334,0.6739,3.9872
2026-08-06 10:53:13.415,31.900000,82,24,0.007485,-1.5370,166.75,0,0,0,60.0269,219.401,0.08611,1,0,0,0,0,0.007181,0.000211,0.000895,0.000131,0.001234,0.000045,0.000607,0.000022,0.000590,0.000017,0.000739,0.000051,0.000422,0.000001,0.000604,-166.75,-170.70,-116.76,-110.77,-37.69,-49.56,46.68,-113.04,89.34,-165.11,179.58,26.93,-70.93,-134.63,-6.20,218.7268,5.0148,4.9470,3.8111,14.5148,2.2301,1.1202,0.7544,3.6248,0.6021,6.2044,0.8119,2.1334,0.6739,3.9872
2026-08-06 10:53:13.415,31.916667,82,25,0.007572,-1.5519,166.22,0,0,0,60.0269,219.401,0.08611,1,0,0,0,0,0.007267,0.000139,0.000921,0.000135,0.001220,0.000067,0.000570,0.000106,0.000637,0.000003,0.000783,0.000069,0.000460,0.000061,0.000556,-166.22,179.48,-117.63,-123.04,-39.69,55.60,48.93,99.37,92.90,-82.17,179.76,-175.65,-76.77,-171.07,-1.87,218.7268,5.0148,4.9470,3.8111,14.5148,2.2301,1.1202,0.7544,3.6248,0.6021,6.2044,0.8119,2.1334,0.6739,3.9872
2026-08-06 10:53:13.415,31.933333,82,26,0.007550,-1.5415,165.62,0,0,0,60.0269,219.401,0.08611,1,0,0,0,0,0.007233,0.000184,0.000902,0.000165,0.001229,0.000044,0.000672,0.000039,0.000624,0.000070,0.000755,0.000083,0.000429,0.000035,0.000625,-165.62,-175.08,-118.93,-117.40,-37.87,-56.22,45.04,-6.76,91.07,84.85,170.60,132.93,-77.18,-68.66,-0.77,218.7268,5.0148,4.9470,3.8111,14.5148,2.2301,1.1202,0.7544,3.6248,0.6021,6.2044,0.8119,2.1334,0.6739,3.9872
2026-08-06 10:53:13.415,31.950000,82,27,0.007562,-1.5492,166.55,0,0,0,60.0269,219.401,0.08611,1,0,0,0,0,0.007240,0.000200,0.000907,0.000133,0.001255,0.000064,0.000616,0.000042,0.000630,0.000078,0.000784,0.000073,0.000449,0.000006,0.000592,-166.55,-165.24,-117.03,-138.86,-38.79,-67.22,44.36,-4.85,92.50,27.51,174.95,105.78,-75.41,-143.97,-6.12,218.7268,5.0148,4.9470,3.8111,14.5148,2.2301,1.1202,0.7544,3.6248,0.6021,6.2044,0.8119,2.1334,0.6739,3.9872
2026-08-06 10:53:13.415,31.966667,82,28,0.007594,-1.5512,166.05,0,0,0,60.0269,219.401,0.08611,1,0,0,0,0,0.007264,0.000223,0.000929,0.000148,0.001277,0.000016,0.000667,0.000028,0.000657,0.000024,0.000768,0.000064,0.000377,0.000093,0.000574,-166.05,-159.91,-117.92,-106.00,-38.45,-159.61,48.44,-18.70,93.41,111.60,173.95,-171.27,-84.53,175.63,-2.42,218.7268,5.0148,4.9470,3.8111,14.5148,2.2301,1.1202,0.7544,3.6248,0.6021,6.2044,0.8119,2.1334,0.6739,3.9872
2026-08-06 10:53:13.415,31.983333,82,29,0.007545,-1.5430,166.55,0,0,0,60.0269,219.401,0.08611,1,0,0,0,0,0.007215,0.000167,0.000939,0.000111,0.001231,0.000024,0.000647,0.000062,0.000654,0.000074,0.000765,0.000061,0.000391,0.000044,0.000585,-166.55,-158.65,-116.73,-122.20,-37.26,-49.62,49.36,12.86,91.80,90.07,173.22,133.38,-81.48,26.62,-0.99,218.7268,5.0148,4.9470,3.8111,14.5148,2.2301,1.1202,0.7544,3.6248,0.6021,6.2044,0.8119,2.1334,0.6739,3.9872
2026-08-06 10:53:13.931,32.000000,83,0,0.007558,-1.5458,165.98,0,0,0,60.0269,219.387,0.08609,1,0,0,0,0,0.007242,0.000199,0.000941,0.000114,0.001252,0.000022,0.000600,0.000068,0.000600,0.000030,0.000720,0.000051,0.000360,0.000005,0.000567,-165.98,-172.85,-118.59,-117.47,-39.36,-90.07,40.97,172.60,96.75,-98.49,176.03,-114.51,-64.55,-31.23,-4.23,218.7124,5.0101,4.9441,3.8069,14.4970,2.2229,1.1795,0.7596,3.6346,0.5811,6.1855,0.7964,2.1289,0.7221,4.0428
2026-08-06 10:53:13.931,32.016667,83,1,0.007515,-1.5360,166.10,0,0,0,60.0269,219.387,0.08609,1,0,0,0,0,0.007191,0.000158,0.000949,0.000067,0.001191,0.000074,0.000595,0.000061,0.000632,0.000040,0.000809,0.000079,0.000371,0.000082,0.000563,-166.10,-165.05,-119.55,-123.36,-40.33,-150.88,49.65,90.47,100.09,146.88,175.47,-131.49,-83.12,147.69,-0.80,218.7124,5.0101,4.9441,3.8069,14.4970,2.2229,1.1795,0.7596,3.6346,0.5811,6.1855,0.7964,2.1289,0.7221,4.0428
2026-08-06 10:53:13.931,32.033333,83,2,0.007474,-1.5292,166.48,0,0,0,60.0269,219.387,0.08609,1,0,0,0,0,0.007150,0.000307,0.000953,0.000051,0.001327,0.000060,0.000478,0.000082,0.000550,0.000096,0.000666,0.000048,0.000370,0.000036,0.000626,-166.48,-136.27,-122.05,-132.58,-37.34,-62.37,45.37,98.72,84.99,109.52,170.10,174.36,-93.90,8.21,-7.04,218.7124,5.0101,4.9441,3.8069,14.4970,2.2229,1.1795,0.7596,3.6346,0.5811,6.1855,0.7964,2.1289,0.7221,4.0428
2026-08-06 10:53:13.931,32.050000,83,3,0.007486,-1.5346,166.66,0,0,0,60.0269,219.387,0.08609,1,0,0,0,0,0.007170,0.000091,0.000974,0.000075,0.001193,0.000040,0.000520,0.000042,0.000611,0.000029,0.000767,0.000122,0.000367,0.000045,0.000710,-166.66,-154.39,-117.76,-150.72,-39.19,-5.43,54.40,156.01,95.28,-72.08,174.25,-85.91,-74.86,-100.27,0.27,218.7124,5.0101,4.9441,3.8069,14.4970,2.2229,1.1795,0.7596,3.6346,0.5811,6.1855,0.7964,2.1289,0.7221,4.0428
2026-08-06 10:53:13.931,32.066667,83,4,0.009430,-1.8620,163.44,0,0,0,60.0269,219.387,0.08609,1,0,0,0,0,0.008886,0.001305,0.001556,0.000544,0.001542,0.000325,0.000415,0.000322,0.000447,0.000262,0.000904,0.000104,0.000466,0.000199,0.000690,-163.44,-126.53,-96.91,-45.28,-37.65,-79.71,-3.10,-93.39,121.14,-153.12,-168.97,-27.37,-49.13,40.84,-14.24,218.7124,5.0101,4.9441,3.8069,14.4970,2.2229,1.1795,0.7596,3.6346,0.5811,6.1855,0.7964,2.1289,0.7221,4.0428
2026-08-06 10:53:13.931,32.083333,83,5,0.008652,-1.7777,170.96,0,0,0,60.0269,219.387,0.08609,1,0,0,0,0,0.008213,0.001271,0.000711,0.000594,0.001264,0.000249,0.000674,0.000221,0.000873,0.000459,0.000792,0.000266,0.000354,0.000060,0.000497,-170.96,136.92,169.40,85.47,-20.07,52.24,45.99,163.44,108.27,105.44,153.91,78.77,-56.89,89.16,-2.04,218.7124,5.0101,4.9441,3.8069,14.4970,2.2229,1.1795,0.7596,3.6346,0.5811,6.1855,0.7964,2.1289,0.7221,4.0428
2026-08-06 10:53:13.931,32.100000,83,6,0.007535,-1.5414,166.11,0,0,0,60.0269,219.387,0.08609,1,0,0,0,0,0.007220,0.000228,0.000903,0.000137,0.001141,0.000053,0.000589,0.000093,0.000649,0.000071,0.000783,0.000052,0.000406,0.000043,0.000635,-166.11,-177.40,-113.71,-109.05,-37.24,17.58,45.01,122.71,95.61,-165.85,174.70,84.13,-78.28,121.00,-3.82,218.7124,5.0101,4.9441,3.8069,14.4970,2.2229,1.1795,0.7596,3.6346,0.5811,6.1855,0.7964,2.1289,0.7221,4.0428
2026-08-06 10:53:13.931,32.116667,83,7,0.007516,-1.5402,165.81,0,0,0,60.0269,219.387,0.08609,1,0,0,0,0,0.007222,0.000207,0.000884,0.000097,0.001126,0.000160,0.000607,0.000144,0.000646,0.000048,0.000603,0.000122,0.000265,0.000126,0.000549,-165.81,-156.29,-114.97,165.21,-40.54,-158.19,34.19,28.90,101.91,-91.90,-178.83,58.92,-74.64,123.91,-4.58,218.7124,5.0101,4.9441,3.8069,14.4970,2.2229,1.1795,0.7596,3.6346,0.5811,6.1855,0.7964,2.1289,0.7221,4.0428
2026-08-06 10:53:13.931,32.133333,83,8,0.007579,-1.5508,166.03,0,0,0,60.0269,219.387,0.08609,1,0,0,0,0,0.007260,0.000221,0.000955,0.000098,0.001256,0.000045,0.000648,0.000015,0.000550,0.000057,0.000727,0.000048,0.000379,0.000010,0.000655,-166.03,-170.02,-118.80,-125.70,-39.95,87.80,45.77,-104.76,95.06,119.44,178.59,143.07,-75.74,-63.14,-3.96,218.7124,5.0101,4.9441,3.8069,14.4970,2.2229,1.1795,0.7596,3.6346,0.5811,6.1855,0.7964,2.1289,0.7221,4.0428
2026-08-06 10:53:13.931,32.150000,83,9,0.007597,-1.5459,165.30,0,0,0,60.0269,219.387,0.08609,1,0,0,0,0,0.007259,0.000076,0.000842,0.000236,0.001358,0.000150,0.000562,0.000082,0.000622,0.000125,0.000850,0.000113,0.000464,0.000134,0.000479,-165.30,-136.36,-123.71,-138.56,-39.83,58.39,58.10,-147.14,87.54,97.34,176.07,-110.84,-59.20,102.35,-10.76,218.7124,5.0101,4.9441,3.8069,14.4970,2.2229,1.1795,0.7596,3.6346,0.5811,6.1855,0.7964,2.1289,0.7221,4.0428
2026-08-06 10:53:13.931,32.166667,83,10,0.007519,-1.5360,165.76,0,0,0,60.0269,219.387,0.08609,1,0,0,0,0,0.007203,0.000227,0.000902,0.000144,0.001238,0.000055,0.000587,0.000074,0.000591,0.000092,0.000710,0.000070,0.000435,0.000081,0.000661,-165.76,-160.28,-117.47,-129.09,-38.30,72.25,44.18,56.08,89.54,97.68,174.19,155.57,-76.49,124.39,-5.52,218.7124,5.0101,4.9441,3.8069,14.4970,2.2229,1.1795,0.7596,3.6346,0.5811,6.1855,0.7964,2.1289,0.7221,4.0428
2026-08-06 10:53:13.931,32.183333,83,11,0.007584,-1.5578,166.82,0,0,0,60.0269,219.387,0.08609,1,0,0,0,0,0.007265,0.000201,0.000941,0.000147,0.001232,0.000041,0.000639,0.000059,0.000609,0.000086,0.000792,0.000117,0.000228,0.000071,0.000643,-166.82,-175.32,-121.17,-119.91,-38.84,34.25,44.21,-51.86,97.83,-72.05,174.08,117.04,-55.16,7.80,-9.74,218.7124,5.0101,4.9441,3.8069,14.4970,2.2229,1.1795,0.7596,3.6346,0.5811,6.1855,0.7964,2.1289,0.7221,4.0428
2026-08-06 10:53:13.931,32.200000,83,12,0.007571,-1.5557,166.78,0,0,0,60.0269,219.387,0.08609,1,0,0,0,0,0.007259,0.000227,0.000841,0.000159,0.001195,0.000063,0.000610,0.000110,0.000696,0.000047,0.000752,0.000107,0.000365,0.000123,0.000619,-166.78,-158.19,-117.71,-117.52,-38.27,88.77,44.88,63.51,96.26,-65.11,167.72,-137.09,-74.21,168.39,-7.14,218.7124,5.0101,4.9441,3.8069,14.4970,2.2229,1.1795,0.7596,3.6346,0.5811,6.1855,0.7964,2.1289,0.7221,4.0428
2026-08-06 10:53:13.931,32.216667,83,13,0.007527,-1.5381,166.24,0,0,0,60.0269,219.387,0.08609,1,0,0,0,0,0.007207,0.000176,0.000827,0.000052,0.001132,0.000138,0.000639,0.000089,0.000655,0.000143,0.000825,0.000183,0.000502,0.000116,0.000663,-166.24,179.68,-118.69,-141.19,-36.51,106.30,57.46,157.48,105.54,179.76,-179.31,-146.28,-90.18,-110.12,-11.47,218.7124,5.0101,4.9441,3.8069,14.4970,2.2229,1.1795,0.7596,3.6346,0.5811,6.1855,0.7964,2.1289,0.7221,4.0428
2026-08-06 10:53:13.931,32.233333,83,14,0.007501,-1.5385,166.48,0,0,0,60.0269,219.387,0.08609,1,0,0,0,0,0.007186,0.000208,0.000969,0.000172,0.001116,0.000039,0.000647,0.000059,0.000714,0.000076,0.000666,0.000041,0.000426,0.000084,0.000625,-166.48,-160.98,-118.18,-119.25,-39.35,-132.33,53.78,89.52,92.30,9.23,175.63,41.18,-70.03,-109.20,-9.33,218.7124,5.0101,4.9441,3.8069,14.4970,2.2229,1.1795,0.7596,3.6346,0.5811,6.1855,0.7964,2.1289,0.7221,4.0428
2026-08-06 10:53:13.931,32.250000,83,15,0.007558,-1.5466,165.73,0,0,0,60.0269,219.387,0.08609,1,0,0,0,0,0.007254,0.000152,0.000862,0.000134,0.001179,0.000053,0.000635,0.000011,0.000689,0.000010,0.000716,0.000079,0.000376,0.000041,0.000586,-165.73,-172.75,-115.28,-113.84,-39.33,120.12,50.30,-117.58,95.70,171.93,176.68,-127.41,-74.15,124.76,0.60,218.7124,5.0101,4.9441,3.8069,14.4970,2.2229,1.1795,0.7596,3.6346,0.5811,6.1855,0.7964,2.1289,0.7221,4.0428
2026-08-06 10:53:13.931,32.266667,83,16,0.007554,-1.5439,165.95,0,0,0,60.0269,219.387,0.08609,1,0,0,0,0,0.007233,0.000160,0.000915,0.000120,0.001226,0.000042,0.000624,0.000075,0.000589,0.000097,0.000718,0.000088,0.000377,0.000012,0.000614,-165.95,-173.23,-118.35,-111.41,-39.37,102.07,47.35,-0.84,96.45,93.27,172.64,145.20,-72.87,171.90,-1.27,218.7124,5.0101,4.9441,3.8069,14.4970,2.2229,1.1795,0.7596,3.6346,0.5811,6.1855,0.7964,2.1289,0.7221,4.0428
2026-08-06 10:53:13.931,32.283333,83,17,0.007590,-1.5507,165.93,0,0,0,60.0269,219.387,0.08609,1,0,0,0,0,0.007265,0.000204,0.000952,0.000130,0.001193,0.000013,0.000653,0.000024,0.000648,0.000039,0.000745,0.000054,0.000373,0.000033,0.000655,-165.93,179.48,-117.42,-145.01,-37.94,1.92,44.91,-106.45,95.35,-23.23,178.27,118.47,-62.72,-108.88,-2.40,218.7124,5.0101,4.9441,3.8069,14.4970,2.2229,1.1795,0.7596,3.6346,0.5811,6.1855,0.7964,2.1289,0.7221,4.0428
2026-08-06 10:53:13.931,32.300000,83,18,0.007514,-1.5438,166.84,0,0,0,60.0269,219.387,0.08609,1,0,0,0,0,0.007208,0.000197,0.000840,0.000125,0.001264,0.000091,0.000571,0.000139,0.000660,0.000055,0.000703,0.000139,0.000416,0.000120,0.000572,-166.84,-156.89,-115.74,-116.23,-37.96,68.42,49.14,64.20,96.26,-154.08,169.25,-179.09,-73.68,133.24,-3.47,218.7124,5.0101,4.9441,3.8069,14.4970,2.2229,1.1795,0.7596,3.6346,0.5811,6.1855,0.7964,2.1289,0.7221,4.0428
2026-08-06 10:53:13.931,32.316667,83,19,0.007638,-1.5622,165.84,0,0,0,60.0269,219.387,0.08609,1,0,0,0,0,0.007321,0.000212,0.000862,0.000127,0.001251,0.000059,0.000625,0.000043,0.000656,0.000055,0.000711,0.000048,0.000357,0.000032,0.000669,-165.84,177.74,-113.43,-108.36,-41.33,105.98,45.12,-54.25,93.92,101.29,173.95,138.48,-81.96,-168.71,-2.31,218.7124,5.0101,4.9441,3.8069,14.4970,2.2229,1.1795,0.7596,3.6346,0.5811,6.1855,0.7964,2.1289,0.7221,4.0428
2026-08-06 10:53:13.931,32.333333,83,20,0.007526,-1.5409,166.18,0,0,0,60.0269,219.387,0.08609,1,0,0,0,0,0.007209,0.000279,0.000892,0.000105,0.001176,0.000029,0.000624,0.000059,0.000652,0.000075,0.000782,0.000117,0.000353,0.000005,0.000634,-166.18,-163.77,-124.15,-134.41,-37.88,-45.49,51.24,146.94,89.40,-33.25,178.08,133.81,-65.18,-173.28,-10.29,218.7124,5.0101,4.9441,3.8069,14.4970,2.2229,1.1795,0.7596,3.6346,0.5811,6.1855,0.7964,2.1289,0.7221,4.0428
2026-08-06 10:53:13.931,32.350000,83,21,0.007540,-1.5426,166.11,0,0,0,60.0269,219.387,0.08609,1,0,0,0,0,0.007225,0.000194,0.000902,0.000189,0.001250,0.000044,0.000574,0.000092,0.000685,0.000018,0.000747,0.000047,0.000384,0.000102,0.000564,-166.11,-148.50,-116.69,-101.85,-38.18,-10.20,48.17,54.68,93.54,-82.55,176.97,-143.12,-82.56,147.26,2.68,218.7124,5.0101,4.9441,3.8069,14.4970,2.2229,1.1795,0.7596,3.6346,0.5811,6.1855,0.7964,2.1289,0.7221,4.0428
2026-08-06 10:53:13.931,32.366667,83,22,0.007559,-1.5447,165.51,0,0,0,60.0269,219.387,0.08609,1,0,0,0,0,0.007247,0.000241,0.000922,0.000142,0.001177,0.000058,0.000635,0.000033,0.000566,0.000099,0.000739,0.000087,0.000375,0.000097,0.000676,-165.51,173.23,-119.13,-124.29,-41.12,115.03,47.76,-67.11,95.87,103.78,178.16,132.44,-79.95,134.65,-3.38,218.7124,5.0101,4.9441,3.8069,14.4970,2.2229,1.1795,0.7596,3.6346,0.5811,6.1855,0.7964,2.1289,0.7221,4.0428
2026-08-06 10:53:13.931,32.383333,83,23,0.007596,-1.5519,165.74,0,0,0,60.0269,219.387,0.08609,1,0,0,0,0,0.007289,0.000175,0.000923,0.000034,0.001086,0.000131,0.000480,0.000084,0.000567,0.000134,0.000761,0.000167,0.000400,0.000175,0.000668,-165.74,-124.87,-111.97,-42.07,-33.28,146.07,47.41,-101.29,85.95,21.18,169.37,134.65,-83.98,-123.04,-11.34,218.7124,5.0101,4.9441,3.8069,14.4970,2.2229,1.1795,0.7596,3.6346,0.5811,6.1855,0.7964,2.1289,0.7221,4.0428
2026-08-06 10:53:13.931,32.400000,83,24,0.007579,-1.5504,166.58,0,0,0,60.0269,219.387,0.08609,1,0,0,0,0,0.007242,0.000204,0.000933,0.000143,0.001269,0.000037,0.000626,0.000121,0.000697,0.000050,0.000757,0.000101,0.000397,0.000059,0.000693,-166.58,177.79,-119.13,-114.77,-40.09,-78.82,42.33,47.36,92.86,139.10,174.67,-177.50,-77.77,168.97,-0.96,218.7124,5.0101,4.9441,3.8069,14.4970,2.2229,1.1795,0.7596,3.6346,0.5811,6.1855,0.7964,2.1289,0.7221,4.0428
2026-08-06 10:53:13.931,32.416667,83,25,0.007604,-1.5552,165.97,0,0,0,60.0269,219.387,0.08609,1,0,0,0,0,0.007283,0.000189,0.000903,0.000139,0.001201,0.000039,0.000700,0.000054,0.000631,0.000062,0.000753,0.000066,0.000402,0.000032,0.000644,-165.97,-167.18,-115.91,-141.80,-40.61,85.94,47.02,-28.85,95.10,82.17,177.92,105.56,-86.06,172.57,-3.96,218.7124,5.0101,4.9441,3.8069,14.4970,2.2229,1.1795,0.7596,3.6346,0.5811,6.1855,0.7964,2.1289,0.7221,4.0428
2026-08-06 10:53:13.931,32.433333,83,26,0.007500,-1.5242,166.89,0,0,0,60.0269,219.387,0.08609,1,0,0,0,0,0.007088,0.000290,0.000904,0.000201,0.001224,0.000210,0.000673,0.000172,0.000855,0.000173,0.000926,0.000129,0.000490,0.000185,0.000746,-166.89,-122.03,-131.93,-43.39,-46.71,92.78,33.51,-175.88,91.44,-77.21,169.68,25.77,-85.37,140.51,-6.95,218.7124,5.0101,4.9441,3.8069,14.4970,2.2229,1.1795,0.7596,3.6346,0.5811,6.1855,0.7964,2.1289,0.7221,4.0428
2026-08-06 10:53:13.931,32.450000,83,27,0.007573,-1.5506,166.27,0,0,0,60.0269,219.387,0.08609,1,0,0,0,0,0.007253,0.000232,0.000929,0.000159,0.001252,0.000051,0.000602,0.000118,0.000610,0.000101,0.000719,0.000085,0.000400,0.000048,0.000618,-166.27,-159.72,-118.52,-111.48,-40.15,-55.30,44.90,32.80,89.03,79.58,173.48,156.66,-80.55,166.28,1.81,218.7124,5.0101,4.9441,3.8069,14.4970,2.2229,1.1795,0.7596,3.6346,0.5811,6.1855,0.7964,2.1289,0.7221,4.0428
2026-08-06 10:53:13.931,32.466667,83,28,0.007548,-1.5473,166.54,0,0,0,60.0269,219.387,0.08609,1,0,0,0,0,0.007232,0.000196,0.000881,0.000096,0.001234,0.000060,0.000671,0.000047,0.000628,0.000077,0.000753,0.000098,0.000366,0.000035,0.000620,-166.54,172.57,-119.72,-104.71,-38.51,14.67,48.54,-95.61,97.89,40.42,177.89,64.39,-72.65,-26.15,-5.37,218.7124,5.0101,4.9441,3.8069,14.4970,2.2229,1.1795,0.7596,3.6346,0.5811,6.1855,0.7964,2.1289,0.7221,4.0428
2026-08-06 10:53:13.931,32.483333,83,29,0.007604,-1.5518,165.68,0,0,0,60.0269,219.387,0.08609,1,0,0,0,0,0.007278,0.000179,0.000986,0.000159,0.001241,0.000036,0.000570,0.000036,0.000683,0.000027,0.000760,0.000053,0.000424,0.000043,0.000605,-165.68,-152.86,-116.49,-109.23,-39.62,-125.37,47.08,108.18,94.27,3.38,173.73,-115.07,-71.67,-151.78,-4.26,218.7124,5.0101,4.9441,3.8069,14.4970,2.2229,1.1795,0.7596,3.6346,0.5811,6.1855,0.7964,2.1289,0.7221,4.0428
2026-08-06 10:53:14.445,32.500000,84,0,0.007598,-1.5598,167.69,0,0,0,60.0230,219.352,0.08599,1,0,0,0,0,0.007269,0.000054,0.001043,0.000299,0.001025,0.000220,0.000722,0.000186,0.000649,0.000205,0.000544,0.000159,0.000445,0.000120,0.000735,-167.69,113.32,-110.53,-136.13,-38.27,63.07,35.20,-90.43,109.11,92.70,165.06,-73.46,-90.97,149.71,10.41,218.6804,5.0133,4.9619,3.7846,14.4804,2.2100,1.2142,0.7366,3.6387,0.6137,6.1767,0.8406,2.0520,0.6675,4.0285
2026-08-06 10:53:14.445,32.516667,84,1,0.007544,-1.5444,166.32,0,0,0,60.0230,219.352,0.08599,1,0,0,0,0,0.007223,0.000239,0.000941,0.000163,0.001225,0.000041,0.000617,0.000016,0.000581,0.000055,0.000771,0.000087,0.000429,0.000024,0.000613,-166.32,175.74,-118.69,-127.96,-39.12,-89.51,45.79,-90.37,96.41,58.12,-178.65,120.78,-75.81,128.94,-5.40,218.6804,5.0133,4.9619,3.7846,14.4804,2.2100,1.2142,0.7366,3.6387,0.6137,6.1767,0.8406,2.0520,0.6675,4.0285
2026-08-06 10:53:14.445,32.533333,84,2,0.007538,-1.5415,165.98,0,0,0,60.0230,219.352,0.08599,1,0,0,0,0,0.007223,0.000250,0.000900,0.000104,0.001227,0.000077,0.000574,0.000060,0.000742,0.000095,0.000684,0.000093,0.000389,0.000172,0.000632,-165.98,-157.24,-119.92,-117.36,-36.97,5.42,43.70,124.15,96.83,68.86,177.06,-122.85,-89.45,154.92,3.12,218.6804,5.0133,4.9619,3.7846,14.4804,2.2100,1.2142,0.7366,3.6387,0.6137,6.1767,0.8406,2.0520,0.6675,4.0285
2026-08-06 10:53:14.445,32.550000,84,3,0.007551,-1.5408,165.69,0,0,0,60.0230,219.352,0.08599,1,0,0,0,0,0.007228,0.000234,0.000904,0.000135,0.001230,0.000049,0.000637,0.000006,0.000640,0.000065,0.000715,0.000088,0.000348,0.000024,0.000606,-165.69,-177.99,-118.69,-108.20,-38.99,151.67,44.78,-120.25,91.61,71.19,175.78,164.50,-74.54,124.10,1.82,218.6804,5.0133,4.9619,3.7846,14.4804,2.2100,1.2142,0.7366,3.6387,0.6137,6.1767,0.8406,2.0520,0.6675,4.0285
2026-08-06 10:53:14.445,32.566667,84,4,0.007557,-1.5510,166.49,0,0,0,60.0230,219.352,0.08599,1,0,0,0,0,0.007246,0.000163,0.000898,0.000158,0.001223,0.000013,0.000586,0.000013,0.000633,0.000021,0.000725,0.000055,0.000407,0.000040,0.000698,-166.49,-172.23,-117.93,-112.01,-40.20,123.21,49.03,61.27,97.19,98.20,179.57,88.91,-62.09,-147.61,-4.67,218.6804,5.0133,4.9619,3.7846,14.4804,2.2100,1.2142,0.7366,3.6387,0.6137,6.1767,0.8406,2.0520,0.6675,4.0285
2026-08-06 10:53:14.445,32.583333,84,5,0.007621,-1.5593,166.13,0,0,0,60.0230,219.352,0.08599,1,0,0,0,0,0.007302,0.000123,0.000946,0.000078,0.001167,0.000070,0.000597,0.000116,0.000592,0.000124,0.000669,0.000193,0.000432,0.000147,0.000711,-166.13,-175.23,-117.97,-108.83,-39.08,74.74,44.20,57.41,91.97,105.89,177.49,173.04,-61.65,-155.62,1.63,218.6804,5.0133,4.9619,3.7846,14.4804,2.2100,1.2142,0.7366,3.6387,0.6137,6.1767,0.8406,2.0520,0.6675,4.0285
2026-08-06 10:53:14.445,32.600000,84,6,0.007548,-1.5450,166.15,0,0,0,60.0230,219.352,0.08599,1,0,0,0,0,0.007235,0.000257,0.000863,0.000146,0.001235,0.000045,0.000660,0.000014,0.000651,0.000057,0.000693,0.000063,0.000372,0.000035,0.000629,-166.15,-174.87,-115.98,-119.42,-38.64,13.37,47.46,-24.20,92.77,90.76,176.60,149.54,-71.63,-173.50,0.00,218.6804,5.0133,4.9619,3.7846,14.4804,2.2100,1.2142,0.7366,3.6387,0.6137,6.1767,0.8406,2.0520,0.6675,4.0285
2026-08-06 10:53:14.445,32.616667,84,7,0.007485,-1.5280,165.76,0,0,0,60.0230,219.352,0.08599,1,0,0,0,0,0.007156,0.000224,0.001015,0.000246,0.001211,0.000062,0.000533,0.000115,0.000728,0.000100,0.000712,0.000083,0.000321,0.000086,0.000677,-165.76,-139.61,-113.39,-101.02,-44.47,-127.20,52.66,151.21,99.06,96.64,171.34,105.51,-63.25,-33.52,-3.05,218.6804,5.0133,4.9619,3.7846,14.4804,2.2100,1.2142,0.7366,3.6387,0.6137,6.1767,0.8406,2.0520,0.6675,4.0285
2026-08-06 10:53:14.445,32.633333,84,8,0.007549,-1.5438,166.01,0,0,0,60.0230,219.352,0.08599,1,0,0,0,0,0.007229,0.000233,0.000834,0.000145,0.001219,0.000152,0.000703,0.000067,0.000656,0.000193,0.000628,0.000179,0.000327,0.000083,0.000684,-166.01,-174.75,-119.16,-83.22,-43.25,110.14,41.53,-30.65,105.64,82.53,-177.21,-149.18,-83.50,55.85,-11.37,218.6804,5.0133,4.9619,3.7846,14.4804,2.2100,1.2142,0.7366,3.6387,0.6137,6.1767,0.8406,2.0520,0.6675,4.0285
2026-08-06 10:53:14.445,32.650000,84,9,0.007552,-1.5484,166.37,0,0,0,60.0230,219.352,0.08599,1,0,0,0,0,0.007244,0.000234,0.000908,0.000171,0.001162,0.000040,0.000626,0.000062,0.000616,0.000068,0.000754,0.000036,0.000343,0.000078,0.000626,-166.37,-169.99,-118.50,-102.84,-38.84,98.67,44.33,41.16,98.05,79.40,174.91,122.76,-87.68,-149.39,2.79,218.6804,5.0133,4.9619,3.7846,14.4804,2.2100,1.2142,0.7366,3.6387,0.6137,6.1767,0.8406,2.0520,0.6675,4.0285
2026-08-06 10:53:14.445,32.666667,84,10,0.007574,-1.5509,166.33,0,0,0,60.0230,219.352,0.08599,1,0,0,0,0,0.007259,0.000152,0.000914,0.000120,0.001172,0.000012,0.000626,0.000022,0.000695,0.000031,0.000784,0.000034,0.000383,0.000054,0.000638,-166.33,172.02,-117.45,-123.93,-37.40,-25.45,47.83,-112.34,99.18,-19.58,175.31,123.96,-75.40,-91.14,-6.64,218.6804,5.0133,4.9619,3.7846,14.4804,2.2100,1.2142,0.7366,3.6387,0.6137,6.1767,0.8406,2.0520,0.6675,4.0285
2026-08-06 10:53:14.445,32.683333,84,11,0.007575,-1.5525,166.27,0,0,0,60.0230,219.352,0.08599,1,0,0,0,0,0.007265,0.000172,0.000973,0.000092,0.001268,0.000081,0.000597,0.000091,0.000622,0.000108,0.000711,0.000053,0.000353,0.000092,0.000573,-166.27,178.84,-117.28,-126.10,-39.72,93.86,39.46,118.79,87.19,-146.62,169.88,-79.03,-83.88,-19.83,-3.39,218.6804,5.0133,4.9619,3.7846,14.4804,2.2100,1.2142,0.7366,3.6387,0.6137,6.1767,0.8406,2.0520,0.6675,4.0285
2026-08-06 10:53:14.445,32.700000,84,12,0.007589,-1.5571,166.44,0,0,0,60.0230,219.352,0.08599,1,0,0,0,0,0.007283,0.000245,0.000891,0.000104,0.001243,0.000099,0.000635,0.000029,0.000579,0.000071,0.000724,0.000055,0.000308,0.000033,0.000604,-166.44,-177.82,-119.02,-105.77,-41.48,58.42,45.85,49.46,97.16,86.17,177.86,159.36,-71.93,-159.51,-0.42,218.6804,5.0133,4.9619,3.7846,14.4804,2.2100,1.2142,0.7366,3.6387,0.6137,6.1767,0.8406,2.0520,0.6675,4.0285
2026-08-06 10:53:14.445,32.716667,84,13,0.007550,-1.5412,165.83,0,0,0,60.0230,219.352,0.08599,1,0,0,0,0,0.007228,0.000182,0.000893,0.000063,0.001245,0.000056,0.000595,0.000090,0.000683,0.000068,0.000819,0.000053,0.000339,0.000020,0.000628,-165.83,-169.31,-122.78,-64.52,-36.93,-118.17,52.32,135.40,96.36,-74.25,178.13,-177.88,-75.93,-34.71,-2.31,218.6804,5.0133,4.9619,3.7846,14.4804,2.2100,1.2142,0.7366,3.6387,0.6137,6.1767,0.8406,2.0520,0.6675,4.0285
2026-08-06 10:53:14.445,32.733333,84,14,0.007545,-1.5341,166.02,0,0,0,60.0230,219.352,0.08599,1,0,0,0,0,0.007195,0.000207,0.000881,0.000140,0.001275,0.000058,0.000749,0.000118,0.000674,0.000116,0.000667,0.000047,0.000269,0.000141,0.000583,-166.02,-158.73,-115.80,-99.61,-35.24,23.59,54.03,117.00,104.97,-143.97,177.03,84.73,-64.79,166.00,-8.89,218.6804,5.0133,4.9619,3.7846,14.4804,2.2100,1.2142,0.7366,3.6387,0.6137,6.1767,0.8406,2.0520,0.6675,4.0285
2026-08-06 10:53:14.445,32.750000,84,15,0.007672,-1.5661,165.98,0,0,0,60.0230,219.352,0.08599,1,0,0,0,0,0.007333,0.000211,0.000974,0.000132,0.001284,0.000048,0.000634,0.000043,0.000628,0.000074,0.000766,0.000141,0.000357,0.000082,0.000653,-165.98,-161.52,-117.51,-97.54,-43.74,161.54,41.45,-95.05,96.79,90.59,173.03,133.33,-79.14,103.22,-1.81,218.6804,5.0133,4.9619,3.7846,14.4804,2.2100,1.2142,0.7366,3.6387,0.6137,6.1767,0.8406,2.0520,0.6675,4.0285
2026-08-06 10:53:14.445,32.766667,84,16,0.007582,-1.5494,165.98,0,0,0,60.0230,219.352,0.08599,1,0,0,0,0,0.007259,0.000169,0.000888,0.000144,0.001240,0.000024,0.000661,0.000046,0.000736,0.000036,0.000728,0.000041,0.000391,0.000059,0.000638,-165.98,-166.30,-117.52,-120.36,-38.30,91.12,45.70,119.21,92.01,-120.03,175.80,-150.16,-69.49,-179.25,-3.01,218.6804,5.0133,4.9619,3.7846,14.4804,2.2100,1.2142,0.7366,3.6387,0.6137,6.1767,0.8406,2.0520,0.6675,4.0285
2026-08-06 10:53:14.445,32.783333,84,17,0.007551,-1.5417,165.90,0,0,0,60.0230,219.352,0.08599,1,0,0,0,0,0.007228,0.000189,0.000900,0.000121,0.001220,0.000039,0.000690,0.000020,0.000644,0.000044,0.000746,0.000045,0.000406,0.000043,0.000660,-165.90,-166.95,-120.62,-107.83,-37.00,113.39,52.40,-58.46,93.41,91.62,174.66,-172.14,-78.32,129.22,-2.54,218.6804,5.0133,4.9619,3.7846,14.4804,2.2100,1.2142,0.7366,3.6387,0.6137,6.1767,0.8406,2.0520,0.6675,4.0285
2026-08-06 10:53:14.445,32.800000,84,18,0.007590,-1.5547,166.13,0,0,0,60.0230,219.352,0.08599,1,0,0,0,0,0.007282,0.000217,0.000914,0.000144,0.001232,0.000047,0.000627,0.000032,0.000620,0.000005,0.000729,0.000057,0.000362,0.000023,0.000623,-166.13,-177.21,-118.10,-101.89,-40.15,-27.49,43.16,-74.49,95.71,156.98,176.41,67.68,-71.53,-18.80,-4.13,218.6804,5.0133,4.9619,3.7846,14.4804,2.2100,1.2142,0.7366,3.6387,0.6137,6.1767,0.8406,2.0520,0.6675,4.0285
2026-08-06 10:53:14.445,32.816667,84,19,0.007577,-1.5507,166.31,0,0,0,60.0230,219.352,0.08599,1,0,0,0,0,0.007261,0.000220,0.000900,0.000188,0.001210,0.000070,0.000564,0.000119,0.000622,0.000048,0.000794,0.000086,0.000421,0.000096,0.000595,-166.31,174.29,-112.49,-135.43,-35.67,-23.18,47.59,83.13,91.20,-163.88,170.70,26.43,-81.61,138.29,-2.43,218.6804,5.0133,4.9619,3.7846,14.4804,2.2100,1.2142,0.7366,3.6387,0.6137,6.1767,0.8406,2.0520,0.6675,4.0285
2026-08-06 10:53:14.445,32.833333,84,20,0.007611,-1.5542,165.77,0,0,0,60.0230,219.352,0.08599,1,0,0,0,0,0.007290,0.000204,0.000930,0.000106,0.001241,0.000046,0.000630,0.000037,0.000625,0.000028,0.000749,0.000062,0.000348,0.000032,0.000640,-165.77,-172.10,-118.78,-96.21,-38.52,50.38,45.71,-44.67,95.91,92.02,170.34,166.82,-73.50,-4.36,-4.36,218.6804,5.0133,4.9619,3.7846,14.4804,2.2100,1.2142,0.7366,3.6387,0.6137,6.1767,0.8406,2.0520,0.6675,4.0285
2026-08-06 10:53:14.445,32.850000,84,21,0.007528,-1.5438,166.25,0,0,0,60.0230,219.352,0.08599,1,0,0,0,0,0.007229,0.000263,0.000906,0.000015,0.001090,0.000124,0.000632,0.000092,0.000637,0.000048,0.000743,0.000051,0.000409,0.000069,0.000624,-166.25,-142.05,-111.69,153.06,-38.61,-111.91,40.67,64.75,99.18,-164.40,174.32,103.88,-79.12,-48.37,-5.78,218.6804,5.0133,4.9619,3.7846,14.4804,2.2100,1.2142,0.7366,3.6387,0.6137,6.1767,0.8406,2.0520,0.6675,4.0285
2026-08-06 10:53:14.445,32.866667,84,22,0.007675,-1.5692,166.40,0,0,0,60.0230,219.352,0.08599,1,0,0,0,0,0.007333,0.000271,0.000962,0.000234,0.001170,0.000109,0.000546,0.000154,0.000637,0.000134,0.000828,0.000041,0.000476,0.000126,0.000570,-166.40,-174.02,-120.59,-161.00,-41.88,-174.16,52.71,127.91,103.30,-166.77,-179.07,163.59,-88.84,172.13,-9.39,218.6804,5.0133,4.9619,3.7846,14.4804,2.2100,1.2142,0.7366,3.6387,0.6137,6.1767,0.8406,2.0520,0.6675,4.0285
2026-08-06 10:53:14.445,32.883333,84,23,0.007268,-1.4102,163.93,0,0,0,60.0230,219.352,0.08599,1,0,0,0,0,0.006631,0.001115,0.001039,0.000720,0.001459,0.000368,0.000553,0.000072,0.000889,0.000144,0.000998,0.000223,0.000111,0.000211,0.000603,-163.93,171.04,-88.59,165.37,-41.26,143.76,55.96,158.45,110.46,-160.99,155.18,-148.09,-101.97,-164.87,15.84,218.6804,5.0133,4.9619,3.7846,14.4804,2.2100,1.2142,0.7366,3.6387,0.6137,6.1767,0.8406,2.0520,0.6675,4.0285
2026-08-06 10:53:14.445,32.900000,84,24,0.007530,-1.5408,166.19,0,0,0,60.0230,219.352,0.08599,1,0,0,0,0,0.007217,0.000197,0.000935,0.000169,0.001213,0.000054,0.000608,0.000024,0.000639,0.000029,0.000778,0.000016,0.000385,0.000028,0.000597,-166.19,-169.68,-119.58,-115.10,-38.28,7.76,47.38,167.87,93.19,-10.90,175.01,111.40,-70.27,-101.99,-3.00,218.6804,5.0133,4.9619,3.7846,14.4804,2.2100,1.2142,0.7366,3.6387,0.6137,6.1767,0.8406,2.0520,0.6675,4.0285
2026-08-06 10:53:14.445,32.916667,84,25,0.007592,-1.5496,165.94,0,0,0,60.0230,219.352,0.08599,1,0,0,0,0,0.007266,0.000240,0.000925,0.000151,0.001268,0.000034,0.000597,0.000072,0.000629,0.000052,0.000801,0.000034,0.000364,0.000077,0.000539,-165.94,-163.84,-116.60,-127.95,-37.90,5.86,48.78,37.59,94.30,52.80,175.05,-158.21,-83.52,92.22,-0.67,218.6804,5.0133,4.9619,3.7846,14.4804,2.2100,1.2142,0.7366,3.6387,0.6137,6.1767,0.8406,2.0520,0.6675,4.0285
2026-08-06 10:53:14.445,32.933333,84,26,0.007567,-1.5497,166.38,0,0,0,60.0230,219.352,0.08599,1,0,0,0,0,0.007246,0.000222,0.000957,0.000132,0.001269,0.000050,0.000630,0.000091,0.000598,0.000092,0.000693,0.000096,0.000362,0.000031,0.000631,-166.38,-175.39,-121.18,-106.98,-42.01,28.90,44.69,23.52,92.25,92.73,176.96,104.25,-78.95,122.30,-2.73,218.6804,5.0133,4.9619,3.7846,14.4804,2.2100,1.2142,0.7366,3.6387,0.6137,6.1767,0.8406,2.0520,0.6675,4.0285
2026-08-06 10:53:14.445,32.950000,84,27,0.007511,-1.5366,166.13,0,0,0,60.0230,219.352,0.08599,1,0,0,0,0,0.007202,0.000143,0.000915,0.000123,0.001169,0.000038,0.000624,0.000040,0.000636,0.000008,0.000782,0.000062,0.000438,0.000039,0.000602,-166.13,-170.12,-119.59,-108.74,-37.29,62.02,47.27,128.20,94.68,-67.74,175.63,154.07,-71.45,-105.49,-5.38,218.6804,5.0133,4.9619,3.7846,14.4804,2.2100,1.2142,0.7366,3.6387,0.6137,6.1767,0.8406,2.0520,0.6675,4.0285
2026-08-06 10:53:14.445,32.966667,84,28,0.007579,-1.5460,165.86,0,0,0,60.0230,219.352,0.08599,1,0,0,0,0,0.007253,0.000173,0.000925,0.000161,0.001256,0.000044,0.000637,0.000040,0.000692,0.000035,0.000765,0.000041,0.000387,0.000064,0.000606,-165.86,-165.16,-116.18,-125.50,-37.82,-40.80,48.01,48.67,93.60,18.41,172.98,-144.92,-79.49,157.88,-2.51,218.6804,5.0133,4.9619,3.7846,14.4804,2.2100,1.2142,0.7366,3.6387,0.6137,6.1767,0.8406,2.0520,0.6675,4.0285
2026-08-06 10:53:14.445,32.983333,84,29,0.007602,-1.5565,166.29,0,0,0,60.0230,219.352,0.08599,1,0,0,0,0,0.007285,0.000249,0.000882,0.000132,0.001234,0.000054,0.000681,0.000052,0.000644,0.000019,0.000754,0.000053,0.000374,0.000026,0.000617,-166.29,-173.89,-116.26,-115.82,-39.19,66.15,47.25,-64.73,97.94,138.78,171.12,98.82,-80.33,90.30,-3.82,218.6804,5.0133,4.9619,3.7846,14.4804,2.2100,1.2142,0.7366,3.6387,0.6137,6.1767,0.8406,2.0520,0.6675,4.0285
2026-08-06 10:53:14.940,33.000000,85,0,0.007542,-1.5419,166.40,0,0,0,60.0230,219.114,0.08578,1,0,0,0,0,0.007221,0.000150,0.000939,0.000075,0.001210,0.000064,0.000648,0.000052,0.000664,0.000031,0.000762,0.000033,0.000415,0.000046,0.000590,-166.40,-171.20,-118.52,-125.80,-36.61,109.99,51.03,124.17,95.80,-108.68,177.99,-116.89,-76.46,-143.63,-4.80,218.4476,4.9720,4.9148,3.7549,14.4773,2.1925,1.2587,0.7494,3.6188,0.5608,6.1011,0.8031,1.9654,0.7361,4.0410
2026-08-06 10:53:14.940,33.016667,85,1,0.007558,-1.5432,166.41,0,0,0,60.0230,219.114,0.08578,1,0,0,0,0,0.007225,0.000188,0.000909,0.000180,0.001304,0.000055,0.000598,0.000091,0.000701,0.000045,0.000823,0.000065,0.000401,0.000095,0.000535,-166.41,-163.27,-119.17,-132.30,-35.81,30.28,50.15,55.25,96.14,-31.70,172.91,153.78,-78.77,107.61,-10.17,218.4476,4.9720,4.9148,3.7549,14.4773,2.1925,1.2587,0.7494,3.6188,0.5608,6.1011,0.8031,1.9654,0.7361,4.0410
2026-08-06 10:53:14.940,33.033333,85,2,0.007542,-1.5430,166.19,0,0,0,60.0230,219.114,0.08578,1,0,0,0,0,0.007231,0.000280,0.000929,0.000107,0.001224,0.000049,0.000636,0.000054,0.000676,0.000080,0.000627,0.000014,0.000343,0.000079,0.000649,-166.19,-169.58,-119.07,-119.28,-37.77,-46.04,45.39,-106.23,99.69,79.03,176.88,157.42,-90.29,151.24,2.81,218.4476,4.9720,4.9148,3.7549,14.4773,2.1925,1.2587,0.7494,3.6188,0.5608,6.1011,0.8031,1.9654,0.7361,4.0410
2026-08-06 10:53:14.940,33.050000,85,3,0.007539,-1.5412,166.14,0,0,0,60.0230,219.114,0.08578,1,0,0,0,0,0.007223,0.000215,0.000932,0.000096,0.001210,0.000023,0.000635,0.000088,0.000648,0.000086,0.000718,0.000066,0.000416,0.000060,0.000610,-166.14,-164.32,-115.01,-129.74,-39.43,50.60,44.22,95.56,94.16,123.49,177.08,179.03,-79.42,176.57,-4.21,218.4476,4.9720,4.9148,3.7549,14.4773,2.1925,1.2587,0.7494,3.6188,0.5608,6.1011,0.8031,1.9654,0.7361,4.0410
2026-08-06 10:53:14.940,33.066667,85,4,0.007643,-1.5605,165.87,0,0,0,60.0230,219.114,0.08578,1,0,0,0,0,0.007320,0.000203,0.000914,0.000114,0.001268,0.000060,0.000643,0.000105,0.000627,0.000137,0.000730,0.000136,0.000400,0.000090,0.000610,-165.87,-176.94,-115.73,-116.80,-41.19,76.80,46.45,29.69,95.01,75.71,173.79,173.40,-78.94,139.75,-3.08,218.4476,4.9720,4.9148,3.7549,14.4773,2.1925,1.2587,0.7494,3.6188,0.5608,6.1011,0.8031,1.9654,0.7361,4.0410
2026-08-06 10:53:14.940,33.083333,85,5,0.007637,-1.5639,166.33,0,0,0,60.0230,219.114,0.08578,1,0,0,0,0,0.007317,0.000263,0.000911,0.000124,0.001183,0.000010,0.000619,0.000075,0.000659,0.000005,0.000781,0.000038,0.000353,0.000018,0.000652,-166.33,-169.29,-119.83,-142.54,-41.30,-141.57,49.62,-114.31,101.37,162.93,177.08,169.66,-77.67,-141.53,-5.72,218.4476,4.9720,4.9148,3.7549,14.4773,2.1925,1.2587,0.7494,3.6188,0.5608,6.1011,0.8031,1.9654,0.7361,4.0410
2026-08-06 10:53:14.940,33.100000,85,6,0.007494,-1.5295,166.32,0,0,0,60.0230,219.114,0.08578,1,0,0,0,0,0.007169,0.000208,0.000940,0.000106,0.001209,0.000034,0.000666,0.000062,0.000625,0.000095,0.000740,0.000070,0.000501,0.000122,0.000554,-166.32,-149.32,-112.82,-84.80,-39.48,-90.39,42.76,40.94,96.32,-63.92,176.48,-128.28,-91.62,-134.63,-9.00,218.4476,4.9720,4.9148,3.7549,14.4773,2.1925,1.2587,0.7494,3.6188,0.5608,6.1011,0.8031,1.9654,0.7361,4.0410
2026-08-06 10:53:14.940,33.116667,85,7,0.007533,-1.5408,166.33,0,0,0,60.0230,219.114,0.08578,1,0,0,0,0,0.007215,0.000206,0.000956,0.000110,0.001204,0.000011,0.000601,0.000100,0.000654,0.000109,0.000684,0.000122,0.000340,0.000066,0.000658,-166.33,-156.70,-117.10,-95.95,-39.13,-137.33,47.98,35.59,97.49,124.62,171.60,137.02,-79.14,152.36,-1.18,218.4476,4.9720,4.9148,3.7549,14.4773,2.1925,1.2587,0.7494,3.6188,0.5608,6.1011,0.8031,1.9654,0.7361,4.0410
2026-08-06 10:53:14.940,33.133333,85,8,0.007560,-1.5405,165.59,0,0,0,60.0230,219.114,0.08578,1,0,0,0,0,0.007228,0.000211,0.001027,0.000253,0.001163,0.000104,0.000708,0.000036,0.000697,0.000089,0.000624,0.000039,0.000394,0.000058,0.000639,-165.59,-161.97,-116.04,-122.12,-44.18,142.52,53.39,89.13,95.41,52.53,179.29,13.30,-71.69,-101.72,-11.66,218.4476,4.9720,4.9148,3.7549,14.4773,2.1925,1.2587,0.7494,3.6188,0.5608,6.1011,0.8031,1.9654,0.7361,4.0410
2026-08-06 10:53:14.940,33.150000,85,9,0.007541,-1.5343,165.89,0,0,0,60.0230,219.114,0.08578,1,0,0,0,0,0.007201,0.000216,0.000971,0.000103,0.001153,0.000027,0.000692,0.000040,0.000594,0.000149,0.000855,0.000151,0.000320,0.000070,0.000806,-165.89,-156.29,-118.52,-145.63,-34.41,96.83,42.13,-93.18,102.59,-113.80,168.99,123.87,-57.68,44.41,-3.61,218.4476,4.9720,4.9148,3.7549,14.4773,2.1925,1.2587,0.7494,3.6188,0.5608,6.1011,0.8031,1.9654,0.7361,4.0410
2026-08-06 10:53:14.940,33.166667,85,10,0.007564,-1.5452,166.15,0,0,0,60.0230,219.114,0.08578,1,0,0,0,0,0.007238,0.000232,0.000936,0.000090,0.001274,0.000060,0.000598,0.000053,0.000654,0.000064,0.000707,0.000139,0.000405,0.000078,0.000672,-166.15,-165.16,-117.33,-115.81,-41.50,92.93,44.09,76.76,97.17,141.73,174.58,141.49,-82.55,141.34,-1.74,218.4476,4.9720,4.9148,3.7549,14.4773,2.1925,1.2587,0.7494,3.6188,0.5608,6.1011,0.8031,1.9654,0.7361,4.0410
2026-08-06 10:53:14.940,33.183333,85,11,0.007551,-1.5434,166.24,0,0,0,60.0230,219.114,0.08578,1,0,0,0,0,0.007224,0.000252,0.000930,0.000221,0.001242,0.000024,0.000685,0.000080,0.000611,0.000030,0.000730,0.000049,0.000342,0.000044,0.000640,-166.24,-171.27,-118.01,-116.12,-41.92,-36.99,46.66,-75.40,99.26,56.29,175.61,95.20,-71.05,161.85,-5.83,218.4476,4.9720,4.9148,3.7549,14.4773,2.1925,1.2587,0.7494,3.6188,0.5608,6.1011,0.8031,1.9654,0.7361,4.0410
2026-08-06 10:53:14.940,33.200000,85,12,0.007474,-1.5295,166.42,0,0,0,60.0230,219.114,0.08578,1,0,0,0,0,0.007166,0.000244,0.000885,0.000205,0.001179,0.000088,0.000615,0.000088,0.000650,0.000047,0.000780,0.000095,0.000393,0.000122,0.000543,-166.42,-155.50,-120.40,-112.92,-35.97,-61.74,59.00,34.92,99.41,79.66,178.86,-171.62,-71.73,-132.63,6.98,218.4476,4.9720,4.9148,3.7549,14.4773,2.1925,1.2587,0.7494,3.6188,0.5608,6.1011,0.8031,1.9654,0.7361,4.0410
2026-08-06 10:53:14.940,33.216667,85,13,0.007444,-1.5182,165.79,0,0,0,60.0230,219.114,0.08578,1,0,0,0,0,0.007129,0.000170,0.000790,0.000073,0.001195,0.000115,0.000708,0.000008,0.000697,0.000065,0.000812,0.000114,0.000408,0.000038,0.000657,-165.79,-170.18,-119.11,-133.22,-35.04,91.80,54.76,165.16,102.68,137.70,175.59,-166.41,-86.03,-124.70,-9.81,218.4476,4.9720,4.9148,3.7549,14.4773,2.1925,1.2587,0.7494,3.6188,0.5608,6.1011,0.8031,1.9654,0.7361,4.0410
2026-08-06 10:53:14.940,33.233333,85,14,0.007504,-1.5292,166.04,0,0,0,60.0230,219.114,0.08578,1,0,0,0,0,0.007171,0.000245,0.000963,0.000143,0.001248,0.000074,0.000614,0.000018,0.000591,0.000026,0.000786,0.000086,0.000377,0.000030,0.000600,-166.04,-160.94,-117.44,-110.59,-38.73,-45.11,47.59,-112.15,95.11,59.83,-179.36,70.40,-77.31,-31.69,-3.75,218.4476,4.9720,4.9148,3.7549,14.4773,2.1925,1.2587,0.7494,3.6188,0.5608,6.1011,0.8031,1.9654,0.7361,4.0410
2026-08-06 10:53:14.940,33.250000,85,15,0.007590,-1.5497,166.47,0,0,0,60.0230,219.114,0.08578,1,0,0,0,0,0.007249,0.000311,0.000946,0.000104,0.001210,0.000061,0.000742,0.000026,0.000666,0.000118,0.000829,0.000108,0.000270,0.000168,0.000714,-166.47,-154.44,-111.83,-113.40,-40.27,-41.69,54.99,-146.21,87.15,59.73,-178.73,-33.89,-89.01,-159.25,-7.75,218.4476,4.9720,4.9148,3.7549,14.4773,2.1925,1.2587,0.7494,3.6188,0.5608,6.1011,0.8031,1.9654,0.7361,4.0410
2026-08-06 10:53:14.940,33.266667,85,16,0.007522,-1.5358,166.21,0,0,0,60.0230,219.114,0.08578,1,0,0,0,0,0.007198,0.000245,0.000913,0.000125,0.001267,0.000025,0.000598,0.000090,0.000579,0.000095,0.000692,0.000089,0.000396,0.000048,0.000651,-166.21,-161.82,-118.76,-122.64,-39.03,59.47,48.49,31.55,90.36,102.53,174.87,140.51,-73.69,139.97,-2.81,218.4476,4.9720,4.9148,3.7549,14.4773,2.1925,1.2587,0.7494,3.6188,0.5608,6.1011,0.8031,1.9654,0.7361,4.0410
2026-08-06 10:53:14.940,33.283333,85,17,0.007521,-1.5454,166.93,0,0,0,60.0230,219.114,0.08578,1,0,0,0,0,0.007221,0.000240,0.000878,0.000103,0.001188,0.000048,0.000621,0.000041,0.000661,0.000008,0.000750,0.000037,0.000324,0.000062,0.000638,-166.93,-162.79,-117.35,-128.10,-39.12,-9.60,47.67,-106.76,93.62,-33.18,175.49,82.99,-71.17,-177.08,-9.20,218.4476,4.9720,4.9148,3.7549,14.4773,2.1925,1.2587,0.7494,3.6188,0.5608,6.1011,0.8031,1.9654,0.7361,4.0410
2026-08-06 10:53:14.940,33.300000,85,18,0.007564,-1.5435,165.97,0,0,0,60.0230,219.114,0.08578,1,0,0,0,0,0.007235,0.000208,0.000928,0.000172,0.001223,0.000020,0.000596,0.000092,0.000717,0.000010,0.000777,0.000052,0.000437,0.000166,0.000655,-165.97,-175.65,-116.26,-114.57,-40.99,11.49,46.17,108.61,91.36,-45.88,170.04,94.52,-81.11,162.63,0.34,218.4476,4.9720,4.9148,3.7549,14.4773,2.1925,1.2587,0.7494,3.6188,0.5608,6.1011,0.8031,1.9654,0.7361,4.0410
2026-08-06 10:53:14.940,33.316667,85,19,0.007599,-1.5531,166.00,0,0,0,60.0230,219.114,0.08578,1,0,0,0,0,0.007283,0.000211,0.000944,0.000230,0.001238,0.000042,0.000584,0.000061,0.000647,0.000034,0.000766,0.000066,0.000346,0.000041,0.000590,-166.00,-165.49,-118.96,-112.90,-39.26,-13.96,48.64,-14.86,92.76,13.33,171.46,145.14,-78.29,-177.03,-4.58,218.4476,4.9720,4.9148,3.7549,14.4773,2.1925,1.2587,0.7494,3.6188,0.5608,6.1011,0.8031,1.9654,0.7361,4.0410
2026-08-06 10:53:14.940,33.333333,85,20,0.007443,-1.5165,166.06,0,0,0,60.0230,219.114,0.08578,1,0,0,0,0,0.007103,0.000173,0.000944,0.000183,0.001229,0.000073,0.000562,0.000093,0.000697,0.000075,0.000823,0.000132,0.000357,0.000073,0.000674,-166.06,-148.75,-113.43,-107.49,-40.99,-132.66,52.94,177.86,106.20,103.38,170.85,72.95,-69.25,15.33,-9.35,218.4476,4.9720,4.9148,3.7549,14.4773,2.1925,1.2587,0.7494,3.6188,0.5608,6.1011,0.8031,1.9654,0.7361,4.0410
2026-08-06 10:53:14.940,33.350000,85,21,0.007535,-1.5417,166.88,0,0,0,60.0230,219.114,0.08578,1,0,0,0,0,0.007210,0.000238,0.000987,0.000067,0.001204,0.000053,0.000607,0.000179,0.000703,0.000092,0.000670,0.000087,0.000395,0.000078,0.000707,-166.88,-158.82,-111.49,-119.90,-37.38,-137.43,49.33,72.60,97.64,-172.81,176.40,109.44,-89.36,-170.64,0.53,218.4476,4.9720,4.9148,3.7549,14.4773,2.1925,1.2587,0.7494,3.6188,0.5608,6.1011,0.8031,1.9654,0.7361,4.0410
2026-08-06 10:53:14.940,33.366667,85,22,0.007535,-1.5402,165.90,0,0,0,60.0230,219.114,0.08578,1,0,0,0,0,0.007229,0.000213,0.000899,0.000144,0.001205,0.000050,0.000610,0.000046,0.000602,0.000064,0.000675,0.000030,0.000385,0.000018,0.000652,-165.90,-174.76,-117.37,-126.50,-38.15,149.51,50.09,-20.25,95.52,122.27,173.95,163.78,-72.82,123.30,-2.86,218.4476,4.9720,4.9148,3.7549,14.4773,2.1925,1.2587,0.7494,3.6188,0.5608,6.1011,0.8031,1.9654,0.7361,4.0410
2026-08-06 10:53:14.940,33.383333,85,23,0.007490,-1.5292,166.11,0,0,0,60.0230,219.114,0.08578,1,0,0,0,0,0.007168,0.000185,0.000924,0.000101,0.001164,0.000052,0.000649,0.000036,0.000677,0.000054,0.000762,0.000027,0.000356,0.000045,0.000668,-166.11,-174.02,-116.32,-125.57,-40.49,170.78,52.43,-161.94,98.94,83.52,173.30,133.15,-76.84,-95.12,-5.52,218.4476,4.9720,4.9148,3.7549,14.4773,2.1925,1.2587,0.7494,3.6188,0.5608,6.1011,0.8031,1.9654,0.7361,4.0410
2026-08-06 10:53:14.940,33.400000,85,24,0.007524,-1.5337,165.70,0,0,0,60.0230,219.114,0.08578,1,0,0,0,0,0.007205,0.000200,0.000928,0.000132,0.001229,0.000058,0.000605,0.000085,0.000651,0.000081,0.000687,0.000071,0.000386,0.000134,0.000630,-165.70,-168.09,-114.48,-115.96,-40.68,98.54,48.62,116.71,97.71,111.89,175.47,156.40,-79.81,142.53,-2.32,218.4476,4.9720,4.9148,3.7549,14.4773,2.1925,1.2587,0.7494,3.6188,0.5608,6.1011,0.8031,1.9654,0.7361,4.0410
2026-08-06 10:53:14.940,33.416667,85,25,0.007561,-1.5423,165.86,0,0,0,60.0230,219.114,0.08578,1,0,0,0,0,0.007235,0.000283,0.000905,0.000113,0.001228,0.000029,0.000686,0.000019,0.000694,0.000079,0.000718,0.000059,0.000302,0.000030,0.000632,-165.86,-177.58,-115.65,-115.29,-40.90,89.69,46.16,-106.44,95.50,63.12,176.65,120.96,-86.29,132.63,-4.26,218.4476,4.9720,4.9148,3.7549,14.4773,2.1925,1.2587,0.7494,3.6188,0.5608,6.1011,0.8031,1.9654,0.7361,4.0410
2026-08-06 10:53:14.940,33.433333,85,26,0.007548,-1.5408,165.89,0,0,0,60.0230,219.114,0.08578,1,0,0,0,0,0.007233,0.000203,0.000883,0.000097,0.001228,0.000030,0.000643,0.000066,0.000635,0.000051,0.000799,0.000014,0.000393,0.000035,0.000600,-165.89,-173.98,-119.59,-94.32,-38.06,140.00,48.17,133.54,98.06,-129.89,171.93,-164.44,-73.86,-79.75,-12.98,218.4476,4.9720,4.9148,3.7549,14.4773,2.1925,1.2587,0.7494,3.6188,0.5608,6.1011,0.8031,1.9654,0.7361,4.0410
2026-08-06 10:53:14.940,33.450000,85,27,0.007561,-1.5428,165.81,0,0,0,60.0230,219.114,0.08578,1,0,0,0,0,0.007248,0.000190,0.000893,0.000159,0.001201,0.000023,0.000654,0.000045,0.000717,0.000013,0.000741,0.000072,0.000362,0.000012,0.000587,-165.81,-161.71,-113.64,-116.92,-38.40,36.15,52.63,17.80,99.39,106.49,173.82,-150.12,-89.37,164.24,-2.68,218.4476,4.9720,4.9148,3.7549,14.4773,2.1925,1.2587,0.7494,3.6188,0.5608,6.1011,0.8031,1.9654,0.7361,4.0410
2026-08-06 10:53:14.940,33.466667,85,28,0.007563,-1.5472,166.19,0,0,0,60.0230,219.114,0.08578,1,0,0,0,0,0.007249,0.000223,0.000908,0.000181,0.001200,0.000008,0.000642,0.000041,0.000711,0.000065,0.000757,0.000063,0.000371,0.000029,0.000659,-166.19,-167.94,-116.16,-122.07,-39.51,-169.32,52.65,-0.62,99.74,84.45,171.82,104.61,-79.03,-124.64,-8.19,218.4476,4.9720,4.9148,3.7549,14.4773,2.1925,1.2587,0.7494,3.6188,0.5608,6.1011,0.8031,1.9654,0.7361,4.0410
2026-08-06 10:53:14.940,33.483333,85,29,0.007560,-1.5463,166.19,0,0,0,60.0230,219.114,0.08578,1,0,0,0,0,0.007247,0.000166,0.000944,0.000119,0.001204,0.000013,0.000620,0.000051,0.000685,0.000026,0.000768,0.000071,0.000334,0.000054,0.000595,-166.19,-161.61,-119.78,-91.92,-38.93,-55.43,48.35,119.45,94.37,168.00,168.76,177.24,-79.19,-114.76,-4.80,218.4476,4.9720,4.9148,3.7549,14.4773,2.1925,1.2587,0.7494,3.6188,0.5608,6.1011,0.8031,1.9654,0.7361,4.0410
2026-08-06 10:53:15.409,33.500000,86,0,0.007527,-1.5356,165.93,0,0,0,60.0269,218.948,0.08538,1,0,0,0,0,0.007204,0.000171,0.000910,0.000131,0.001251,0.000072,0.000655,0.000072,0.000685,0.000058,0.000751,0.000108,0.000421,0.000085,0.000621,-165.93,-152.89,-118.59,-121.79,-39.79,130.67,47.56,75.47,93.79,152.42,166.47,-161.05,-83.38,160.60,-8.26,218.2894,4.9268,4.8519,3.7268,14.3921,2.1783,1.3362,0.7282,3.6087,0.6195,6.1081,0.8165,1.8852,0.6442,4.0647
2026-08-06 10:53:15.409,33.516667,86,1,0.007540,-1.5448,166.32,0,0,0,60.0269,218.948,0.08538,1,0,0,0,0,0.007240,0.000219,0.000896,0.000138,0.001244,0.000070,0.000580,0.000025,0.000608,0.000113,0.000706,0.000089,0.000350,0.000050,0.000599,-166.32,-170.39,-119.87,-120.97,-39.55,74.96,48.03,50.26,97.16,120.98,177.43,151.16,-77.53,150.82,-8.24,218.2894,4.9268,4.8519,3.7268,14.3921,2.1783,1.3362,0.7282,3.6087,0.6195,6.1081,0.8165,1.8852,0.6442,4.0647
2026-08-06 10:53:15.409,33.533333,86,2,0.007476,-1.5259,165.78,0,0,0,60.0269,218.948,0.08538,1,0,0,0,0,0.007174,0.000232,0.000908,0.000109,0.001155,0.000080,0.000577,0.000108,0.000671,0.000030,0.000693,0.000090,0.000381,0.000032,0.000535,-165.78,-171.49,-120.54,-124.52,-33.40,18.57,49.58,106.61,96.45,154.04,171.02,-104.42,-99.33,-164.47,-9.24,218.2894,4.9268,4.8519,3.7268,14.3921,2.1783,1.3362,0.7282,3.6087,0.6195,6.1081,0.8165,1.8852,0.6442,4.0647
2026-08-06 10:53:15.409,33.550000,86,3,0.007591,-1.5464,165.82,0,0,0,60.0269,218.948,0.08538,1,0,0,0,0,0.007259,0.000239,0.000926,0.000135,0.001233,0.000023,0.000648,0.000056,0.000741,0.000102,0.000735,0.000150,0.000316,0.000065,0.000624,-165.82,-158.67,-114.29,-111.98,-40.91,179.31,47.26,31.62,97.58,132.45,169.84,170.65,-91.32,-158.85,-4.22,218.2894,4.9268,4.8519,3.7268,14.3921,2.1783,1.3362,0.7282,3.6087,0.6195,6.1081,0.8165,1.8852,0.6442,4.0647
2026-08-06 10:53:15.409,33.566667,86,4,0.007609,-1.5507,165.73,0,0,0,60.0269,218.948,0.08538,1,0,0,0,0,0.007283,0.000236,0.000913,0.000170,0.001238,0.000066,0.000697,0.000077,0.000682,0.000083,0.000790,0.000053,0.000297,0.000063,0.000606,-165.73,-167.57,-113.78,-101.03,-40.50,34.46,49.15,-82.52,96.45,90.19,177.61,94.70,-87.09,-154.97,-3.78,218.2894,4.9268,4.8519,3.7268,14.3921,2.1783,1.3362,0.7282,3.6087,0.6195,6.1081,0.8165,1.8852,0.6442,4.0647
2026-08-06 10:53:15.409,33.583333,86,5,0.007519,-1.5383,166.22,0,0,0,60.0269,218.948,0.08538,1,0,0,0,0,0.007209,0.000180,0.000930,0.000147,0.001171,0.000052,0.000657,0.000048,0.000707,0.000048,0.000725,0.000033,0.000402,0.000034,0.000546,-166.22,-155.03,-115.20,-110.47,-40.64,124.47,53.42,132.16,97.14,-57.73,171.81,-114.54,-78.16,-144.24,-4.65,218.2894,4.9268,4.8519,3.7268,14.3921,2.1783,1.3362,0.7282,3.6087,0.6195,6.1081,0.8165,1.8852,0.6442,4.0647
2026-08-06 10:53:15.409,33.600000,86,6,0.007526,-1.5394,166.69,0,0,0,60.0269,218.948,0.08538,1,0,0,0,0,0.007205,0.000257,0.000915,0.000090,0.001151,0.000113,0.000607,0.000134,0.000819,0.000124,0.000681,0.000061,0.000221,0.000170,0.000672,-166.69,-165.31,-113.98,-75.62,-36.71,154.55,43.52,41.19,100.30,-175.54,-177.14,48.68,-70.85,173.28,-19.00,218.2894,4.9268,4.8519,3.7268,14.3921,2.1783,1.3362,0.7282,3.6087,0.6195,6.1081,0.8165,1.8852,0.6442,4.0647
2026-08-06 10:53:15.409,33.616667,86,7,0.007546,-1.5408,165.77,0,0,0,60.0269,218.948,0.08538,1,0,0,0,0,0.007241,0.000240,0.000865,0.000157,0.001209,0.000087,0.000641,0.000048,0.000643,0.000021,0.000692,0.000096,0.000329,0.000055,0.000592,-165.77,-174.57,-118.88,-112.39,-38.41,69.77,52.89,-112.88,103.46,35.58,175.67,172.27,-78.53,130.94,-5.71,218.2894,4.9268,4.8519,3.7268,14.3921,2.1783,1.3362,0.7282,3.6087,0.6195,6.1081,0.8165,1.8852,0.6442,4.0647
2026-08-06 10:53:15.409,33.633333,86,8,0.007593,-1.5518,166.28,0,0,0,60.0269,218.948,0.08538,1,0,0,0,0,0.007273,0.000206,0.000928,0.000123,0.001168,0.000040,0.000635,0.000037,0.000707,0.000080,0.000707,0.000087,0.000414,0.000086,0.000720,-166.28,-153.16,-118.45,-95.15,-39.75,45.11,51.56,172.72,101.34,-143.80,172.02,-144.54,-77.66,-149.16,-5.39,218.2894,4.9268,4.8519,3.7268,14.3921,2.1783,1.3362,0.7282,3.6087,0.6195,6.1081,0.8165,1.8852,0.6442,4.0647
2026-08-06 10:53:15.409,33.650000,86,9,0.007621,-1.5534,165.96,0,0,0,60.0269,218.948,0.08538,1,0,0,0,0,0.007294,0.000185,0.000953,0.000062,0.001188,0.000117,0.000666,0.000158,0.000732,0.000111,0.000758,0.000166,0.000359,0.000143,0.000529,-165.96,178.47,-115.58,-97.75,-40.88,77.41,46.90,107.40,95.88,127.44,171.77,168.31,-91.97,176.94,-6.57,218.2894,4.9268,4.8519,3.7268,14.3921,2.1783,1.3362,0.7282,3.6087,0.6195,6.1081,0.8165,1.8852,0.6442,4.0647
2026-08-06 10:53:15.409,33.666667,86,10,0.007567,-1.5432,165.66,0,0,0,60.0269,218.948,0.08538,1,0,0,0,0,0.007252,0.000225,0.000904,0.000194,0.001207,0.000040,0.000637,0.000036,0.000647,0.000055,0.000734,0.000064,0.000344,0.000101,0.000578,-165.66,-158.57,-116.22,-123.73,-42.67,-168.90,48.24,-108.40,98.38,111.88,178.66,124.32,-78.37,135.56,-0.37,218.2894,4.9268,4.8519,3.7268,14.3921,2.1783,1.3362,0.7282,3.6087,0.6195,6.1081,0.8165,1.8852,0.6442,4.0647
2026-08-06 10:53:15.409,33.683333,86,11,0.007572,-1.5432,166.16,0,0,0,60.0269,218.948,0.08538,1,0,0,0,0,0.007238,0.000231,0.000986,0.000098,0.001226,0.000058,0.000627,0.000100,0.000670,0.000033,0.000722,0.000027,0.000458,0.000094,0.000622,-166.16,-172.09,-120.09,-126.48,-39.06,125.88,45.73,103.53,95.73,-132.97,173.32,155.93,-81.75,174.08,-6.09,218.2894,4.9268,4.8519,3.7268,14.3921,2.1783,1.3362,0.7282,3.6087,0.6195,6.1081,0.8165,1.8852,0.6442,4.0647
2026-08-06 10:53:15.409,33.700000,86,12,0.007463,-1.5273,166.30,0,0,0,60.0269,218.948,0.08538,1,0,0,0,0,0.007156,0.000179,0.000878,0.000095,0.001209,0.000027,0.000596,0.000058,0.000615,0.000112,0.000661,0.000182,0.000383,0.000159,0.000584,-166.30,179.56,-124.67,-126.21,-40.60,86.67,46.07,5.54,86.81,59.96,168.88,124.65,-87.25,168.88,-11.54,218.2894,4.9268,4.8519,3.7268,14.3921,2.1783,1.3362,0.7282,3.6087,0.6195,6.1081,0.8165,1.8852,0.6442,4.0647
2026-08-06 10:53:15.409,33.716667,86,13,0.007638,-1.5626,166.15,0,0,0,60.0269,218.948,0.08538,1,0,0,0,0,0.007330,0.000211,0.000856,0.000130,0.001201,0.000095,0.000639,0.000072,0.000691,0.000030,0.000753,0.000066,0.000372,0.000019,0.000649,-166.15,-165.90,-113.81,-134.79,-40.91,66.63,47.64,-87.41,96.01,167.07,176.11,168.46,-72.38,-45.53,-10.57,218.2894,4.9268,4.8519,3.7268,14.3921,2.1783,1.3362,0.7282,3.6087,0.6195,6.1081,0.8165,1.8852,0.6442,4.0647
2026-08-06 10:53:15.409,33.733333,86,14,0.007537,-1.5437,166.69,0,0,0,60.0269,218.948,0.08538,1,0,0,0,0,0.007227,0.000227,0.000832,0.000063,0.001247,0.000038,0.000617,0.000063,0.000735,0.000090,0.000702,0.000012,0.000402,0.000006,0.000618,-166.69,-153.76,-115.58,-138.17,-41.70,50.89,56.06,42.57,95.70,166.21,175.00,109.68,-84.52,49.55,1.01,218.2894,4.9268,4.8519,3.7268,14.3921,2.1783,1.3362,0.7282,3.6087,0.6195,6.1081,0.8165,1.8852,0.6442,4.0647
2026-08-06 10:53:15.409,33.750000,86,15,0.007597,-1.5519,166.34,0,0,0,60.0269,218.948,0.08538,1,0,0,0,0,0.007272,0.000205,0.000939,0.000024,0.001214,0.000129,0.000554,0.000095,0.000626,0.000130,0.000596,0.000182,0.000362,0.000093,0.000662,-166.34,-173.15,-115.48,-123.24,-43.64,91.58,38.59,46.88,92.75,-179.38,167.96,-178.47,-59.67,-139.83,1.03,218.2894,4.9268,4.8519,3.7268,14.3921,2.1783,1.3362,0.7282,3.6087,0.6195,6.1081,0.8165,1.8852,0.6442,4.0647
2026-08-06 10:53:15.409,33.766667,86,16,0.007572,-1.5489,166.38,0,0,0,60.0269,218.948,0.08538,1,0,0,0,0,0.007257,0.000154,0.000914,0.000150,0.001207,0.000027,0.000648,0.000028,0.000689,0.000042,0.000755,0.000029,0.000376,0.000020,0.000634,-166.38,-171.18,-119.36,-123.71,-38.41,-53.49,50.63,-79.84,97.53,-51.84,175.46,163.30,-72.88,-50.03,-6.85,218.2894,4.9268,4.8519,3.7268,14.3921,2.1783,1.3362,0.7282,3.6087,0.6195,6.1081,0.8165,1.8852,0.6442,4.0647
2026-08-06 10:53:15.409,33.783333,86,17,0.007466,-1.5227,166.12,0,0,0,60.0269,218.948,0.08538,1,0,0,0,0,0.007143,0.000148,0.000934,0.000145,0.001216,0.000063,0.000602,0.000140,0.000656,0.000042,0.000751,0.000045,0.000457,0.000072,0.000618,-166.12,-170.24,-115.15,-114.74,-40.12,135.74,49.42,91.77,96.48,102.99,177.99,178.07,-84.11,143.66,-6.63,218.2894,4.9268,4.8519,3.7268,14.3921,2.1783,1.3362,0.7282,3.6087,0.6195,6.1081,0.8165,1.8852,0.6442,4.0647
2026-08-06 10:53:15.409,33.800000,86,18,0.007543,-1.5433,166.40,0,0,0,60.0269,218.948,0.08538,1,0,0,0,0,0.007229,0.000202,0.000920,0.000123,0.001220,0.000020,0.000605,0.000096,0.000672,0.000052,0.000757,0.000089,0.000374,0.000046,0.000627,-166.40,-163.68,-118.29,-123.39,-38.48,0.84,46.30,10.95,93.85,103.13,168.03,149.33,-80.04,-89.08,-3.99,218.2894,4.9268,4.8519,3.7268,14.3921,2.1783,1.3362,0.7282,3.6087,0.6195,6.1081,0.8165,1.8852,0.6442,4.0647
2026-08-06 10:53:15.409,33.816667,86,19,0.007495,-1.5273,165.66,0,0,0,60.0269,218.948,0.08538,1,0,0,0,0,0.007178,0.000212,0.000910,0.000125,0.001149,0.000034,0.000622,0.000057,0.000663,0.000050,0.000785,0.000068,0.000403,0.000041,0.000676,-165.66,-167.48,-117.70,-117.61,-39.17,66.82,50.49,128.27,98.54,64.85,178.21,147.10,-76.65,-87.59,-5.24,218.2894,4.9268,4.8519,3.7268,14.3921,2.1783,1.3362,0.7282,3.6087,0.6195,6.1081,0.8165,1.8852,0.6442,4.0647
2026-08-06 10:53:15.409,33.833333,86,20,0.007593,-1.5491,166.27,0,0,0,60.0269,218.948,0.08538,1,0,0,0,0,0.007259,0.000246,0.000925,0.000155,0.001264,0.000081,0.000702,0.000074,0.000680,0.000055,0.000664,0.000060,0.000346,0.000130,0.000590,-166.27,163.47,-117.77,-114.35,-40.83,86.30,53.40,101.12,100.00,-156.92,173.71,175.19,-89.51,160.34,-4.92,218.2894,4.9268,4.8519,3.7268,14.3921,2.1783,1.3362,0.7282,3.6087,0.6195,6.1081,0.8165,1.8852,0.6442,4.0647
2026-08-06 10:53:15.409,33.850000,86,21,0.007511,-1.5411,167.09,0,0,0,60.0269,218.948,0.08538,1,0,0,0,0,0.007201,0.000277,0.000958,0.000095,0.001138,0.000008,0.000617,0.000121,0.000683,0.000067,0.000688,0.000076,0.000299,0.000056,0.000667,-167.09,-167.64,-114.83,-103.51,-37.92,-141.06,45.87,21.37,98.14,-174.55,173.73,95.82,-92.06,-157.97,-6.78,218.2894,4.9268,4.8519,3.7268,14.3921,2.1783,1.3362,0.7282,3.6087,0.6195,6.1081,0.8165,1.8852,0.6442,4.0647
2026-08-06 10:53:15.409,33.866667,86,22,0.007526,-1.5390,166.63,0,0,0,60.0269,218.948,0.08538,1,0,0,0,0,0.007202,0.000145,0.000950,0.000156,0.001172,0.000034,0.000646,0.000047,0.000707,0.000043,0.000769,0.000078,0.000404,0.000079,0.000623,-166.63,-173.32,-118.39,-129.70,-38.05,116.84,47.18,172.72,96.19,-102.91,173.07,132.18,-76.50,-118.72,-10.19,218.2894,4.9268,4.8519,3.7268,14.3921,2.1783,1.3362,0.7282,3.6087,0.6195,6.1081,0.8165,1.8852,0.6442,4.0647
2026-08-06 10:53:15.409,33.883333,86,23,0.007537,-1.5356,165.81,0,0,0,60.0269,218.948,0.08538,1,0,0,0,0,0.007217,0.000189,0.000930,0.000115,0.001226,0.000043,0.000646,0.000080,0.000645,0.000057,0.000736,0.000109,0.000415,0.000062,0.000624,-165.81,176.17,-114.84,-128.59,-37.92,81.91,46.60,77.61,95.99,115.00,175.11,-165.66,-86.79,141.97,-11.28,218.2894,4.9268,4.8519,3.7268,14.3921,2.1783,1.3362,0.7282,3.6087,0.6195,6.1081,0.8165,1.8852,0.6442,4.0647
2026-08-06 10:53:15.409,33.900000,86,24,0.007551,-1.5353,165.33,0,0,0,60.0269,218.948,0.08538,1,0,0,0,0,0.007226,0.000235,0.000897,0.000145,0.001200,0.000075,0.000692,0.000045,0.000658,0.000114,0.000698,0.000039,0.000415,0.000025,0.000704,-165.33,-172.59,-117.32,-106.56,-40.29,107.82,51.11,7.42,101.54,98.14,175.75,158.51,-76.85,164.91,-3.57,218.2894,4.9268,4.8519,3.7268,14.3921,2.1783,1.3362,0.7282,3.6087,0.6195,6.1081,0.8165,1.8852,0.6442,4.0647
2026-08-06 10:53:15.409,33.916667,86,25,0.007546,-1.5388,166.20,0,0,0,60.0269,218.948,0.08538,1,0,0,0,0,0.007218,0.000143,0.000937,0.000098,0.001182,0.000059,0.000636,0.000013,0.000702,0.000028,0.000790,0.000028,0.000416,0.000052,0.000627,-166.20,-163.34,-115.89,-117.92,-37.66,-158.24,52.87,-156.22,98.44,11.78,171.55,171.05,-79.95,-138.75,-4.00,218.2894,4.9268,4.8519,3.7268,14.3921,2.1783,1.3362,0.7282,3.6087,0.6195,6.1081,0.8165,1.8852,0.6442,4.0647
2026-08-06 10:53:15.409,33.933333,86,26,0.007481,-1.5266,166.22,0,0,0,60.0269,218.948,0.08538,1,0,0,0,0,0.007163,0.000129,0.000843,0.000080,0.001212,0.000085,0.000655,0.000081,0.000697,0.000063,0.000779,0.000104,0.000425,0.000114,0.000627,-166.22,-170.28,-116.27,-119.84,-36.70,103.89,54.11,68.40,99.22,176.48,171.12,-165.84,-85.86,158.31,-7.65,218.2894,4.9268,4.8519,3.7268,14.3921,2.1783,1.3362,0.7282,3.6087,0.6195,6.1081,0.8165,1.8852,0.6442,4.0647
2026-08-06 10:53:15.409,33.950000,86,27,0.007567,-1.5481,166.32,0,0,0,60.0269,218.948,0.08538,1,0,0,0,0,0.007255,0.000284,0.000898,0.000129,0.001146,0.000039,0.000641,0.000047,0.000660,0.000071,0.000703,0.000073,0.000341,0.000071,0.000710,-166.32,-170.84,-116.97,-114.00,-39.39,37.18,52.03,-0.24,101.15,109.86,177.83,117.36,-88.82,-154.75,-6.94,218.2894,4.9268,4.8519,3.7268,14.3921,2.1783,1.3362,0.7282,3.6087,0.6195,6.1081,0.8165,1.8852,0.6442,4.0647
2026-08-06 10:53:15.409,33.966667,86,28,0.007494,-1.5331,166.48,0,0,0,60.0269,218.948,0.08538,1,0,0,0,0,0.007180,0.000224,0.000909,0.000131,0.001165,0.000005,0.000641,0.000035,0.000699,0.000040,0.000740,0.000044,0.000409,0.000053,0.000653,-166.48,-165.97,-116.66,-126.93,-38.16,111.66,51.31,134.47,100.09,-94.29,174.40,-163.36,-81.15,-142.61,-2.37,218.2894,4.9268,4.8519,3.7268,14.3921,2.1783,1.3362,0.7282,3.6087,0.6195,6.1081,0.8165,1.8852,0.6442,4.0647
2026-08-06 10:53:15.409,33.983333,86,29,0.007517,-1.5276,165.58,0,0,0,60.0269,218.948,0.08538,1,0,0,0,0,0.007186,0.000140,0.000904,0.000106,0.001255,0.000070,0.000657,0.000043,0.000660,0.000083,0.000769,0.000086,0.000418,0.000094,0.000632,-165.58,179.11,-116.10,-126.56,-38.71,117.56,49.75,114.12,100.78,138.47,174.48,179.78,-83.72,94.75,-6.09,218.2894,4.9268,4.8519,3.7268,14.3921,2.1783,1.3362,0.7282,3.6087,0.6195,6.1081,0.8165,1.8852,0.6442,4.0647
2026-08-06 10:53:15.922,34.000000,87,0,0.007492,-1.5317,166.21,0,0,0,60.0230,218.868,0.08551,1,0,0,0,0,0.007182,0.000196,0.000872,0.000120,0.001197,0.000035,0.000633,0.000005,0.000618,0.000063,0.000712,0.000037,0.000361,0.000064,0.000670,-166.21,178.36,-118.51,-114.83,-38.93,99.94,53.13,45.66,101.61,159.96,174.06,155.04,-84.25,-149.14,-3.72,218.2056,4.9557,4.8612,3.7285,14.4238,2.1656,1.3496,0.7096,3.6220,0.6078,6.0503,0.8468,1.7966,0.6775,4.1156
2026-08-06 10:53:15.922,34.016667,87,1,0.007469,-1.5212,166.07,0,0,0,60.0230,218.868,0.08551,1,0,0,0,0,0.007135,0.000199,0.000928,0.000148,0.001187,0.000034,0.000649,0.000059,0.000657,0.000027,0.000771,0.000036,0.000468,0.000105,0.000641,-166.07,-168.20,-116.98,-123.41,-38.50,109.64,51.51,110.76,101.17,157.33,175.34,147.82,-79.86,169.69,-6.95,218.2056,4.9557,4.8612,3.7285,14.4238,2.1656,1.3496,0.7096,3.6220,0.6078,6.0503,0.8468,1.7966,0.6775,4.1156
2026-08-06 10:53:15.922,34.033333,87,2,0.007523,-1.5337,166.22,0,0,0,60.0230,218.868,0.08551,1,0,0,0,0,0.007196,0.000212,0.000961,0.000106,0.001210,0.000061,0.000591,0.000079,0.000693,0.000097,0.000665,0.000082,0.000410,0.000142,0.000667,-166.22,-161.58,-121.63,-138.74,-37.32,3.38,43.98,65.19,97.90,49.54,171.66,176.17,-88.27,140.94,-5.73,218.2056,4.9557,4.8612,3.7285,14.4238,2.1656,1.3496,0.7096,3.6220,0.6078,6.0503,0.8468,1.7966,0.6775,4.1156
2026-08-06 10:53:15.922,34.050000,87,3,0.007499,-1.5312,166.02,0,0,0,60.0230,218.868,0.08551,1,0,0,0,0,0.007187,0.000211,0.000878,0.000141,0.001154,0.000047,0.000689,0.000021,0.000682,0.000040,0.000730,0.000035,0.000341,0.000071,0.000627,-166.02,-165.79,-116.63,-123.06,-39.96,53.49,55.21,26.26,96.57,19.09,177.55,-167.19,-87.73,-177.58,-3.24,218.2056,4.9557,4.8612,3.7285,14.4238,2.1656,1.3496,0.7096,3.6220,0.6078,6.0503,0.8468,1.7966,0.6775,4.1156
2026-08-06 10:53:15.922,34.066667,87,4,0.007547,-1.5383,166.20,0,0,0,60.0230,218.868,0.08551,1,0,0,0,0,0.007208,0.000280,0.000944,0.000145,0.001202,0.000058,0.000617,0.000065,0.000741,0.000098,0.000797,0.000093,0.000397,0.000161,0.000626,-166.20,-157.92,-115.53,-101.07,-42.79,-163.71,53.09,146.26,102.11,-166.66,175.36,-142.51,-98.06,-160.16,-11.35,218.2056,4.9557,4.8612,3.7285,14.4238,2.1656,1.3496,0.7096,3.6220,0.6078,6.0503,0.8468,1.7966,0.6775,4.1156
2026-08-06 10:53:15.922,34.083333,87,5,0.007459,-1.5089,165.92,0,0,0,60.0230,218.868,0.08551,1,0,0,0,0,0.007096,0.000107,0.000910,0.000145,0.001275,0.000090,0.000716,0.000117,0.000642,0.000130,0.000760,0.000049,0.000552,0.000071,0.000679,-165.92,-81.35,-114.40,-103.95,-36.73,-17.99,47.24,-35.67,97.20,-36.29,174.63,-116.30,-89.39,-128.79,-14.15,218.2056,4.9557,4.8612,3.7285,14.4238,2.1656,1.3496,0.7096,3.6220,0.6078,6.0503,0.8468,1.7966,0.6775,4.1156
2026-08-06 10:53:15.922,34.100000,87,6,0.007531,-1.5369,166.20,0,0,0,60.0230,218.868,0.08551,1,0,0,0,0,0.007202,0.000289,0.000936,0.000129,0.001191,0.000104,0.000660,0.000053,0.000710,0.000058,0.000725,0.000024,0.000252,0.000046,0.000639,-166.20,-167.62,-115.04,177.40,-40.68,74.38,54.77,103.83,101.26,73.15,170.73,63.57,-74.91,-150.67,-6.37,218.2056,4.9557,4.8612,3.7285,14.4238,2.1656,1.3496,0.7096,3.6220,0.6078,6.0503,0.8468,1.7966,0.6775,4.1156
2026-08-06 10:53:15.922,34.116667,87,7,0.008734,-1.5356,148.99,0,0,0,60.0230,218.868,0.08551,1,0,0,0,0,0.008236,0.001265,0.000654,0.000673,0.001127,0.000251,0.000899,0.000446,0.000889,0.000176,0.000736,0.000511,0.000510,0.000303,0.000899,-148.99,7.49,-104.20,-22.90,-27.34,150.30,84.13,129.94,106.65,-70.01,-166.40,-116.88,-76.04,147.89,-0.78,218.2056,4.9557,4.8612,3.7285,14.4238,2.1656,1.3496,0.7096,3.6220,0.6078,6.0503,0.8468,1.7966,0.6775,4.1156
2026-08-06 10:53:15.922,34.133333,87,8,0.007507,-1.5347,165.92,0,0,0,60.0230,218.868,0.08551,1,0,0,0,0,0.007206,0.000211,0.000854,0.000136,0.001184,0.000084,0.000636,0.000078,0.000696,0.000070,0.000659,0.000089,0.000401,0.000079,0.000647,-165.92,-165.68,-117.98,-109.85,-39.35,88.18,53.28,36.62,98.69,85.24,174.60,172.76,-83.12,148.60,-3.04,218.2056,4.9557,4.8612,3.7285,14.4238,2.1656,1.3496,0.7096,3.6220,0.6078,6.0503,0.8468,1.7966,0.6775,4.1156
2026-08-06 10:53:15.922,34.150000,87,9,0.007538,-1.5317,164.96,0,0,0,60.0230,218.868,0.08551,1,0,0,0,0,0.007206,0.000173,0.000663,0.000166,0.001224,0.000037,0.000757,0.000095,0.000577,0.000181,0.000794,0.000054,0.000407,0.000143,0.000665,-164.96,-178.23,-119.34,-162.32,-47.97,-121.57,48.46,-77.07,94.51,83.93,166.95,-117.81,-78.24,128.53,-17.26,218.2056,4.9557,4.8612,3.7285,14.4238,2.1656,1.3496,0.7096,3.6220,0.6078,6.0503,0.8468,1.7966,0.6775,4.1156
2026-08-06 10:53:15.922,34.166667,87,10,0.007509,-1.5349,166.29,0,0,0,60.0230,218.868,0.08551,1,0,0,0,0,0.007199,0.000144,0.000937,0.000118,0.001165,0.000037,0.000627,0.000137,0.000689,0.000020,0.000695,0.000031,0.000451,0.000115,0.000628,-166.29,-161.56,-119.52,-130.90,-37.41,119.70,57.58,77.24,93.80,-39.21,173.48,-175.71,-82.13,-159.64,-1.76,218.2056,4.9557,4.8612,3.7285,14.4238,2.1656,1.3496,0.7096,3.6220,0.6078,6.0503,0.8468,1.7966,0.6775,4.1156
2026-08-06 10:53:15.922,34.183333,87,11,0.007586,-1.5474,165.69,0,0,0,60.0230,218.868,0.08551,1,0,0,0,0,0.007274,0.000192,0.000834,0.000120,0.001196,0.000061,0.000660,0.000031,0.000673,0.000125,0.000683,0.000111,0.000379,0.000049,0.000706,-165.69,177.37,-116.27,-107.50,-39.67,82.12,51.33,-148.34,97.38,110.54,175.00,164.83,-73.59,143.41,-6.40,218.2056,4.9557,4.8612,3.7285,14.4238,2.1656,1.3496,0.7096,3.6220,0.6078,6.0503,0.8468,1.7966,0.6775,4.1156
2026-08-06 10:53:15.922,34.200000,87,12,0.007550,-1.5420,165.92,0,0,0,60.0230,218.868,0.08551,1,0,0,0,0,0.007240,0.000207,0.000866,0.000121,0.001173,0.000035,0.000623,0.000012,0.000696,0.000066,0.000704,0.000071,0.000333,0.000042,0.000670,-165.92,177.98,-118.34,-102.58,-38.81,62.66,51.15,-68.16,100.45,91.48,177.06,174.37,-82.37,-110.74,-9.68,218.2056,4.9557,4.8612,3.7285,14.4238,2.1656,1.3496,0.7096,3.6220,0.6078,6.0503,0.8468,1.7966,0.6775,4.1156
2026-08-06 10:53:15.922,34.216667,87,13,0.007547,-1.5365,166.26,0,0,0,60.0230,218.868,0.08551,1,0,0,0,0,0.007199,0.000156,0.000912,0.000124,0.001292,0.000075,0.000614,0.000122,0.000753,0.000045,0.000658,0.000168,0.000419,0.000119,0.000651,-166.26,-160.71,-114.15,-137.62,-43.05,50.42,54.37,105.40,98.81,-167.67,169.38,142.76,-87.46,161.02,-15.61,218.2056,4.9557,4.8612,3.7285,14.4238,2.1656,1.3496,0.7096,3.6220,0.6078,6.0503,0.8468,1.7966,0.6775,4.1156
2026-08-06 10:53:15.922,34.233333,87,14,0.007554,-1.5351,165.46,0,0,0,60.0230,218.868,0.08551,1,0,0,0,0,0.007220,0.000245,0.000859,0.000095,0.001243,0.000075,0.000664,0.000109,0.000609,0.000021,0.000758,0.000130,0.000486,0.000107,0.000636,-165.46,-177.07,-119.44,-110.53,-40.61,155.05,55.89,29.93,98.10,153.11,169.69,91.17,-74.26,-166.45,-1.81,218.2056,4.9557,4.8612,3.7285,14.4238,2.1656,1.3496,0.7096,3.6220,0.6078,6.0503,0.8468,1.7966,0.6775,4.1156
2026-08-06 10:53:15.922,34.250000,87,15,0.007631,-1.5473,165.86,0,0,0,60.0230,218.868,0.08551,1,0,0,0,0,0.007266,0.000182,0.000972,0.000114,0.001221,0.000064,0.000750,0.000127,0.000732,0.000045,0.000860,0.000073,0.000419,0.000110,0.000739,-165.86,167.60,-113.37,-133.21,-37.81,-150.48,48.05,-123.08,102.31,0.47,176.79,87.07,-81.56,141.58,-11.06,218.2056,4.9557,4.8612,3.7285,14.4238,2.1656,1.3496,0.7096,3.6220,0.6078,6.0503,0.8468,1.7966,0.6775,4.1156
2026-08-06 10:53:15.922,34.266667,87,16,0.007529,-1.5331,165.99,0,0,0,60.0230,218.868,0.08551,1,0,0,0,0,0.007196,0.000233,0.000903,0.000118,0.001222,0.000047,0.000646,0.000096,0.000743,0.000066,0.000759,0.000058,0.000401,0.000033,0.000617,-165.99,-176.21,-117.71,-123.67,-39.60,99.16,50.32,74.81,99.36,79.67,175.19,175.12,-91.94,-176.48,-8.71,218.2056,4.9557,4.8612,3.7285,14.4238,2.1656,1.3496,0.7096,3.6220,0.6078,6.0503,0.8468,1.7966,0.6775,4.1156
2026-08-06 10:53:15.922,34.283333,87,17,0.007604,-1.5541,166.30,0,0,0,60.0230,218.868,0.08551,1,0,0,0,0,0.007290,0.000211,0.000903,0.000145,0.001190,0.000030,0.000643,0.000069,0.000700,0.000075,0.000740,0.000114,0.000370,0.000060,0.000634,-166.30,-179.61,-114.99,-96.25,-39.92,71.63,46.14,20.42,105.92,122.02,173.43,135.96,-84.04,-83.74,-6.00,218.2056,4.9557,4.8612,3.7285,14.4238,2.1656,1.3496,0.7096,3.6220,0.6078,6.0503,0.8468,1.7966,0.6775,4.1156
2026-08-06 10:53:15.922,34.300000,87,18,0.007514,-1.5347,166.45,0,0,0,60.0230,218.868,0.08551,1,0,0,0,0,0.007197,0.000162,0.000879,0.000071,0.001205,0.000039,0.000633,0.000037,0.000709,0.000029,0.000763,0.000091,0.000402,0.000049,0.000610,-166.45,-173.24,-115.23,-134.10,-36.58,121.50,49.33,136.15,100.66,159.12,174.83,144.90,-79.54,135.76,-9.31,218.2056,4.9557,4.8612,3.7285,14.4238,2.1656,1.3496,0.7096,3.6220,0.6078,6.0503,0.8468,1.7966,0.6775,4.1156
2026-08-06 10:53:15.922,34.316667,87,19,0.007516,-1.5348,166.53,0,0,0,60.0230,218.868,0.08551,1,0,0,0,0,0.007192,0.000196,0.000835,0.000096,0.001204,0.000065,0.000668,0.000053,0.000755,0.000031,0.000786,0.000065,0.000383,0.000102,0.000635,-166.53,-165.54,-116.06,-138.79,-37.43,62.38,51.71,50.40,96.55,122.31,173.03,178.76,-84.00,173.48,-7.97,218.2056,4.9557,4.8612,3.7285,14.4238,2.1656,1.3496,0.7096,3.6220,0.6078,6.0503,0.8468,1.7966,0.6775,4.1156
2026-08-06 10:53:15.922,34.333333,87,20,0.007552,-1.5387,165.64,0,0,0,60.0230,218.868,0.08551,1,0,0,0,0,0.007230,0.000188,0.000899,0.000157,0.001241,0.000067,0.000626,0.000039,0.000697,0.000077,0.000762,0.000071,0.000381,0.000066,0.000630,-165.64,-167.44,-117.90,-138.65,-41.40,126.22,52.49,-168.07,97.52,111.93,171.67,128.66,-80.00,101.61,-10.54,218.2056,4.9557,4.8612,3.7285,14.4238,2.1656,1.3496,0.7096,3.6220,0.6078,6.0503,0.8468,1.7966,0.6775,4.1156
2026-08-06 10:53:15.922,34.350000,87,21,0.007493,-1.5316,166.34,0,0,0,60.0230,218.868,0.08551,1,0,0,0,0,0.007182,0.000176,0.000933,0.000134,0.001128,0.000033,0.000656,0.000043,0.000694,0.000028,0.000711,0.000046,0.000407,0.000098,0.000649,-166.34,-163.11,-118.71,-105.78,-36.97,141.14,49.66,101.31,94.38,-160.32,170.84,132.63,-77.61,-155.29,-8.79,218.2056,4.9557,4.8612,3.7285,14.4238,2.1656,1.3496,0.7096,3.6220,0.6078,6.0503,0.8468,1.7966,0.6775,4.1156
2026-08-06 10:53:15.922,34.366667,87,22,0.007540,-1.5430,166.42,0,0,0,60.0230,218.868,0.08551,1,0,0,0,0,0.007233,0.000195,0.000862,0.000075,0.001193,0.000095,0.000668,0.000079,0.000672,0.000037,0.000699,0.000108,0.000424,0.000122,0.000644,-166.42,-179.91,-119.36,-122.29,-39.38,106.65,48.25,43.27,97.75,143.40,172.43,175.87,-82.68,160.26,-5.34,218.2056,4.9557,4.8612,3.7285,14.4238,2.1656,1.3496,0.7096,3.6220,0.6078,6.0503,0.8468,1.7966,0.6775,4.1156
2026-08-06 10:53:15.922,34.383333,87,23,0.007577,-1.5483,166.16,0,0,0,60.0230,218.868,0.08551,1,0,0,0,0,0.007263,0.000236,0.000891,0.000146,0.001216,0.000054,0.000640,0.000092,0.000676,0.000058,0.000687,0.000022,0.000336,0.000068,0.000672,-166.16,-165.06,-116.27,-109.63,-40.72,93.34,51.86,-2.44,99.27,103.68,173.11,96.21,-90.24,171.33,-5.79,218.2056,4.9557,4.8612,3.7285,14.4238,2.1656,1.3496,0.7096,3.6220,0.6078,6.0503,0.8468,1.7966,0.6775,4.1156
2026-08-06 10:53:15.922,34.400000,87,24,0.007571,-1.5438,165.93,0,0,0,60.0230,218.868,0.08551,1,0,0,0,0,0.007254,0.000196,0.000968,0.000094,0.001203,0.000051,0.000665,0.000058,0.000640,0.000041,0.000700,0.000012,0.000380,0.000103,0.000655,-165.93,-169.03,-115.80,-114.69,-38.34,90.73,53.20,79.57,98.96,171.81,173.09,122.33,-83.67,-171.19,-2.68,218.2056,4.9557,4.8612,3.7285,14.4238,2.1656,1.3496,0.7096,3.6220,0.6078,6.0503,0.8468,1.7966,0.6775,4.1156
2026-08-06 10:53:15.922,34.416667,87,25,0.007546,-1.5409,166.39,0,0,0,60.0230,218.868,0.08551,1,0,0,0,0,0.007224,0.000213,0.000915,0.000103,0.001215,0.000048,0.000621,0.000089,0.000739,0.000056,0.000724,0.000059,0.000358,0.000142,0.000655,-166.39,-156.04,-113.97,-99.65,-40.58,106.93,47.46,71.46,94.60,101.55,174.76,148.84,-83.60,148.10,-6.00,218.2056,4.9557,4.8612,3.7285,14.4238,2.1656,1.3496,0.7096,3.6220,0.6078,6.0503,0.8468,1.7966,0.6775,4.1156
2026-08-06 10:53:15.922,34.433333,87,26,0.007537,-1.5388,165.63,0,0,0,60.0230,218.868,0.08551,1,0,0,0,0,0.007229,0.000239,0.000846,0.000143,0.001171,0.000095,0.000679,0.000049,0.000648,0.000112,0.000743,0.000069,0.000373,0.000075,0.000677,-165.63,178.89,-116.54,-114.18,-42.12,89.87,47.25,-129.04,97.95,86.84,174.99,133.56,-74.62,147.86,-7.26,218.2056,4.9557,4.8612,3.7285,14.4238,2.1656,1.3496,0.7096,3.6220,0.6078,6.0503,0.8468,1.7966,0.6775,4.1156
2026-08-06 10:53:15.922,34.450000,87,27,0.007474,-1.5259,166.05,0,0,0,60.0230,218.868,0.08551,1,0,0,0,0,0.007163,0.000213,0.000848,0.000093,0.001170,0.000023,0.000655,0.000016,0.000696,0.000067,0.000783,0.000032,0.000389,0.000010,0.000650,-166.05,-179.73,-119.99,-89.13,-38.24,-103.33,48.23,155.09,103.17,105.81,173.40,-156.29,-75.30,104.56,-6.55,218.2056,4.9557,4.8612,3.7285,14.4238,2.1656,1.3496,0.7096,3.6220,0.6078,6.0503,0.8468,1.7966,0.6775,4.1156
2026-08-06 10:53:15.922,34.466667,87,28,0.007534,-1.5336,165.95,0,0,0,60.0230,218.868,0.08551,1,0,0,0,0,0.007202,0.000186,0.000924,0.000087,0.001216,0.000053,0.000641,0.000058,0.000709,0.000054,0.000769,0.000067,0.000358,0.000084,0.000673,-165.95,-165.46,-117.66,-94.21,-40.31,-171.77,54.12,77.24,99.83,52.60,172.91,-171.13,-88.18,136.95,-4.29,218.2056,4.9557,4.8612,3.7285,14.4238,2.1656,1.3496,0.7096,3.6220,0.6078,6.0503,0.8468,1.7966,0.6775,4.1156
2026-08-06 10:53:15.922,34.483333,87,29,0.007553,-1.5411,165.81,0,0,0,60.0230,218.868,0.08551,1,0,0,0,0,0.007245,0.000227,0.000920,0.000156,0.001164,0.000037,0.000638,0.000054,0.000625,0.000074,0.000715,0.000031,0.000348,0.000053,0.000625,-165.81,175.40,-117.71,-128.53,-39.26,21.91,48.61,11.69,94.50,60.74,175.95,125.61,-68.85,-130.10,-1.92,218.2056,4.9557,4.8612,3.7285,14.4238,2.1656,1.3496,0.7096,3.6220,0.6078,6.0503,0.8468,1.7966,0.6775,4.1156
