host_time,t_s,seq,cycle,irms,p_w,phase_deg,range,over_count,over_range,freq_hz,vrms,thd_v,pll_locked,cal_applied,win_range,win_over_range_count,win_clip_volt_count,ih1,ih2,ih3,ih4,ih5,ih6,ih7,ih8,ih9,ih10,ih11,ih12,ih13,ih14,ih15,ihdeg1,ihdeg2,ihdeg3,ihdeg4,ihdeg5,ihdeg6,ihdeg7,ihdeg8,ihdeg9,ihdeg10,ihdeg11,ihdeg12,ihdeg13,ihdeg14,ihdeg15,vh1,vh2,vh3,vh4,vh5,vh6,vh7,vh8,vh9,vh10,vh11,vh12,vh13,vh14,vh15
2026-08-05 21:29:45.982,0.000000,85,0,0.001998,0.0002,-106.58,0,0,0,60.0000,0.178,0.77055,0,0,0,0,0,0.001301,0.000130,0.001052,0.000211,0.000690,0.000176,0.000450,0.000155,0.000291,0.000154,0.000225,0.000204,0.000198,0.000286,0.000084,106.58,172.17,-29.31,13.77,-171.94,-151.38,64.31,86.23,-44.35,1.23,-176.39,-133.58,53.08,91.15,-97.42,0.0125,0.0027,0.0056,0.0014,0.0048,0.0008,0.0025,0.0004,0.0028,0.0015,0.0014,0.0023,0.0021,0.0004,0.0007
2026-08-05 21:29:45.982,0.016667,85,1,0.001915,0.0002,-108.89,0,0,0,60.0000,0.178,0.77055,0,0,0,0,0,0.001200,0.000151,0.001010,0.000230,0.000704,0.000215,0.000445,0.000163,0.000331,0.000161,0.000248,0.000188,0.000187,0.000215,0.000077,108.89,153.79,-25.94,9.15,-161.38,-134.34,77.18,107.55,-36.61,5.93,-154.59,-100.02,73.74,119.09,-45.62,0.0125,0.0027,0.0056,0.0014,0.0048,0.0008,0.0025,0.0004,0.0028,0.0015,0.0014,0.0023,0.0021,0.0004,0.0007
2026-08-05 21:29:45.982,0.033333,85,2,0.001936,0.0002,-110.20,0,0,0,60.0000,0.178,0.77055,0,0,0,0,0,0.001214,0.000099,0.001014,0.000221,0.000723,0.000209,0.000475,0.000183,0.000316,0.000134,0.000241,0.000205,0.000212,0.000197,0.000117,110.20,146.86,-29.13,-2.22,-165.67,-147.74,64.92,86.62,-40.90,-27.26,-156.96,-137.39,72.20,87.82,-54.17,0.0125,0.0027,0.0056,0.0014,0.0048,0.0008,0.0025,0.0004,0.0028,0.0015,0.0014,0.0023,0.0021,0.0004,0.0007
2026-08-05 21:29:45.982,0.050000,85,3,0.001977,0.0001,-106.82,0,0,0,60.0000,0.178,0.77055,0,0,0,0,0,0.001336,0.000155,0.001019,0.000133,0.000651,0.000165,0.000373,0.000140,0.000248,0.000182,0.000224,0.000289,0.000199,0.000275,0.000141,106.82,-151.35,-32.40,1.48,-177.25,-177.96,52.20,51.96,-72.76,-55.35,147.37,-170.63,1.01,62.04,-145.21,0.0125,0.0027,0.0056,0.0014,0.0048,0.0008,0.0025,0.0004,0.0028,0.0015,0.0014,0.0023,0.0021,0.0004,0.0007
2026-08-05 21:29:45.982,0.066667,85,4,0.002239,0.0002,-95.18,0,0,0,60.0000,0.178,0.77055,0,0,0,0,0,0.001542,0.000343,0.001217,0.000169,0.000725,0.000129,0.000382,0.000158,0.000271,0.000101,0.000140,0.000157,0.000072,0.000211,0.000083,95.18,-158.30,-65.98,44.24,133.48,13.45,-11.28,-133.53,-160.10,90.35,35.63,-18.07,-130.53,-174.72,-137.70,0.0125,0.0027,0.0056,0.0014,0.0048,0.0008,0.0025,0.0004,0.0028,0.0015,0.0014,0.0023,0.0021,0.0004,0.0007
2026-08-05 21:29:45.982,0.083333,85,5,0.001999,0.0002,-95.78,0,0,0,60.0000,0.178,0.77055,0,0,0,0,0,0.001344,0.000217,0.001073,0.000083,0.000574,0.000242,0.000301,0.000326,0.000282,0.000292,0.000240,0.000140,0.000213,0.000103,0.000155,95.78,-136.51,-58.11,141.08,151.04,27.11,31.72,-142.81,-101.22,64.58,108.19,-58.20,-26.20,-166.13,-164.73,0.0125,0.0027,0.0056,0.0014,0.0048,0.0008,0.0025,0.0004,0.0028,0.0015,0.0014,0.0023,0.0021,0.0004,0.0007
2026-08-05 21:29:45.982,0.100000,85,6,0.001910,0.0002,-105.26,0,0,0,60.0000,0.178,0.77055,0,0,0,0,0,0.001188,0.000108,0.001044,0.000123,0.000605,0.000263,0.000417,0.000365,0.000381,0.000195,0.000217,0.000121,0.000121,0.000167,0.000113,105.26,-59.94,-24.62,-160.88,-154.10,65.49,88.18,-63.45,-35.58,166.88,-154.00,46.46,72.21,-50.38,-20.88,0.0125,0.0027,0.0056,0.0014,0.0048,0.0008,0.0025,0.0004,0.0028,0.0015,0.0014,0.0023,0.0021,0.0004,0.0007
2026-08-05 21:29:45.982,0.116667,85,7,0.001903,0.0002,-112.76,0,0,0,60.0000,0.178,0.77055,0,0,0,0,0,0.001206,0.000189,0.001000,0.000232,0.000690,0.000238,0.000433,0.000214,0.000254,0.000237,0.000200,0.000215,0.000183,0.000171,0.000165,112.76,-68.30,-18.92,174.51,-148.42,63.28,88.85,-42.57,-17.51,-160.95,-117.78,83.93,119.47,-32.15,-16.83,0.0125,0.0027,0.0056,0.0014,0.0048,0.0008,0.0025,0.0004,0.0028,0.0015,0.0014,0.0023,0.0021,0.0004,0.0007
2026-08-05 21:29:45.982,0.133333,85,8,0.001969,0.0002,-106.24,0,0,0,60.0000,0.178,0.77055,0,0,0,0,0,0.001213,0.000143,0.001035,0.000202,0.000748,0.000243,0.000464,0.000233,0.000318,0.000262,0.000248,0.000238,0.000213,0.000190,0.000157,106.24,-66.82,-38.78,152.31,-179.09,25.42,45.85,-95.80,-73.77,134.72,170.77,3.84,34.63,-139.68,-108.82,0.0125,0.0027,0.0056,0.0014,0.0048,0.0008,0.0025,0.0004,0.0028,0.0015,0.0014,0.0023,0.0021,0.0004,0.0007
2026-08-05 21:29:45.982,0.150000,85,9,0.001933,0.0002,-105.47,0,0,0,60.0000,0.178,0.77055,0,0,0,0,0,0.001173,0.000172,0.001031,0.000197,0.000704,0.000235,0.000472,0.000233,0.000315,0.000242,0.000238,0.000223,0.000199,0.000235,0.000204,105.47,-57.51,-35.22,154.16,-176.81,22.65,49.16,-87.69,-70.02,150.77,176.61,16.12,45.61,-114.64,-101.15,0.0125,0.0027,0.0056,0.0014,0.0048,0.0008,0.0025,0.0004,0.0028,0.0015,0.0014,0.0023,0.0021,0.0004,0.0007
2026-08-05 21:29:45.982,0.166667,85,10,0.001962,0.0002,-93.27,0,0,0,60.0000,0.178,0.77055,0,0,0,0,0,0.001252,0.000191,0.001015,0.000265,0.000746,0.000198,0.000409,0.000237,0.000300,0.000203,0.000228,0.000223,0.000204,0.000172,0.000161,93.27,-117.28,-69.28,98.29,124.88,-48.49,-30.24,166.16,-169.60,23.10,46.71,-117.38,-104.45,72.21,66.32,0.0125,0.0027,0.0056,0.0014,0.0048,0.0008,0.0025,0.0004,0.0028,0.0015,0.0014,0.0023,0.0021,0.0004,0.0007
2026-08-05 21:29:45.982,0.183333,85,11,0.002033,0.0002,-91.29,0,0,0,60.0000,0.178,0.77055,0,0,0,0,0,0.001318,0.000262,0.001059,0.000312,0.000594,0.000252,0.000339,0.000183,0.000334,0.000212,0.000286,0.000263,0.000235,0.000189,0.000123,91.29,-88.77,-74.41,96.15,122.10,-64.41,-22.36,-173.31,-163.71,45.57,27.41,-129.03,-143.36,44.02,59.59,0.0125,0.0027,0.0056,0.0014,0.0048,0.0008,0.0025,0.0004,0.0028,0.0015,0.0014,0.0023,0.0021,0.0004,0.0007
2026-08-05 21:29:45.982,0.200000,85,12,0.002004,0.0002,-108.00,0,0,0,60.0000,0.178,0.77055,0,0,0,0,0,0.001210,0.000276,0.001074,0.000226,0.000713,0.000195,0.000416,0.000297,0.000323,0.000266,0.000240,0.000182,0.000174,0.000200,0.000205,108.00,-88.94,-36.59,143.76,178.04,36.00,47.06,-95.94,-70.79,118.42,163.43,-2.41,28.04,-131.03,-112.77,0.0125,0.0027,0.0056,0.0014,0.0048,0.0008,0.0025,0.0004,0.0028,0.0015,0.0014,0.0023,0.0021,0.0004,0.0007
2026-08-05 21:29:45.982,0.216667,85,13,0.001916,0.0002,-103.43,0,0,0,60.0000,0.178,0.77055,0,0,0,0,0,0.001202,0.000227,0.001006,0.000249,0.000691,0.000238,0.000434,0.000223,0.000258,0.000235,0.000221,0.000219,0.000212,0.000171,0.000160,103.43,-103.05,-48.05,132.36,158.01,3.78,11.06,-137.87,-125.21,79.31,114.95,-59.48,-25.00,160.87,-178.78,0.0125,0.0027,0.0056,0.0014,0.0048,0.0008,0.0025,0.0004,0.0028,0.0015,0.0014,0.0023,0.0021,0.0004,0.0007
2026-08-05 21:29:45.982,0.233333,85,14,0.001923,0.0002,-104.15,0,0,0,60.0000,0.178,0.77055,0,0,0,0,0,0.001218,0.000191,0.001012,0.000233,0.000696,0.000228,0.000462,0.000202,0.000297,0.000193,0.000187,0.000195,0.000165,0.000173,0.000155,104.15,-76.77,-44.29,141.40,169.36,5.15,29.01,-115.66,-101.21,115.75,139.07,-28.35,11.40,-161.16,-126.47,0.0125,0.0027,0.0056,0.0014,0.0048,0.0008,0.0025,0.0004,0.0028,0.0015,0.0014,0.0023,0.0021,0.0004,0.0007
2026-08-05 21:29:45.982,0.250000,85,15,0.001902,0.0002,-100.74,0,0,0,60.0000,0.178,0.77055,0,0,0,0,0,0.001214,0.000075,0.001021,0.000179,0.000705,0.000158,0.000360,0.000215,0.000261,0.000205,0.000177,0.000227,0.000228,0.000156,0.000181,100.74,-79.85,-47.61,122.16,157.52,-12.41,16.71,-139.65,-113.88,81.62,112.71,-55.37,-29.41,165.18,170.03,0.0125,0.0027,0.0056,0.0014,0.0048,0.0008,0.0025,0.0004,0.0028,0.0015,0.0014,0.0023,0.0021,0.0004,0.0007
2026-08-05 21:29:45.982,0.266667,85,16,0.002223,0.0002,-86.08,0,0,0,60.0000,0.178,0.77055,0,0,0,0,0,0.001512,0.000192,0.001232,0.000068,0.000771,0.000079,0.000398,0.000022,0.000250,0.000152,0.000143,0.000173,0.000155,0.000233,0.000033,86.08,1.58,-92.08,178.14,85.99,67.25,-83.19,-133.45,129.95,-170.09,-18.22,35.19,165.40,-154.26,65.26,0.0125,0.0027,0.0056,0.0014,0.0048,0.0008,0.0025,0.0004,0.0028,0.0015,0.0014,0.0023,0.0021,0.0004,0.0007
2026-08-05 21:29:45.982,0.283333,85,17,0.002009,0.0002,-101.16,0,0,0,60.0000,0.178,0.77055,0,0,0,0,0,0.001326,0.000029,0.001086,0.000108,0.000659,0.000182,0.000367,0.000206,0.000311,0.000212,0.000295,0.000224,0.000247,0.000245,0.000128,101.16,73.69,-53.50,1.74,157.82,-146.21,29.38,62.83,-83.72,-67.97,144.29,153.15,-2.65,8.49,-149.39,0.0125,0.0027,0.0056,0.0014,0.0048,0.0008,0.0025,0.0004,0.0028,0.0015,0.0014,0.0023,0.0021,0.0004,0.0007
2026-08-05 21:29:45.982,0.300000,85,18,0.002793,0.0004,-87.60,0,0,0,60.0000,0.178,0.77055,0,0,0,0,0,0.001249,0.000477,0.001406,0.000207,0.000310,0.000619,0.000892,0.000293,0.000564,0.000405,0.000289,0.000568,0.000612,0.000214,0.000339,87.60,-176.94,-20.09,-156.89,174.89,-150.90,49.06,-177.96,-3.20,-116.18,90.12,-137.09,54.34,-148.45,49.64,0.0125,0.0027,0.0056,0.0014,0.0048,0.0008,0.0025,0.0004,0.0028,0.0015,0.0014,0.0023,0.0021,0.0004,0.0007
2026-08-05 21:29:45.982,0.316667,85,19,0.001890,0.0002,-110.71,0,0,0,60.0000,0.178,0.77055,0,0,0,0,0,0.001208,0.000139,0.000991,0.000233,0.000696,0.000260,0.000467,0.000168,0.000316,0.000111,0.000189,0.000143,0.000152,0.000172,0.000086,110.71,179.40,-22.45,17.63,-152.18,-127.89,84.03,95.41,-28.84,13.60,-134.72,-100.06,118.35,119.14,-3.02,0.0125,0.0027,0.0056,0.0014,0.0048,0.0008,0.0025,0.0004,0.0028,0.0015,0.0014,0.0023,0.0021,0.0004,0.0007
2026-08-05 21:29:45.982,0.333333,85,20,0.001978,0.0002,-109.57,0,0,0,60.0000,0.178,0.77055,0,0,0,0,0,0.001272,0.000168,0.001035,0.000248,0.000713,0.000234,0.000468,0.000167,0.000320,0.000144,0.000217,0.000157,0.000165,0.000218,0.000065,109.57,172.11,-23.76,10.99,-160.29,-145.11,75.53,86.78,-37.41,-10.97,-157.23,-115.68,66.71,109.94,-77.04,0.0125,0.0027,0.0056,0.0014,0.0048,0.0008,0.0025,0.0004,0.0028,0.0015,0.0014,0.0023,0.0021,0.0004,0.0007
2026-08-05 21:29:45.982,0.350000,85,21,0.001951,0.0002,-106.40,0,0,0,60.0000,0.178,0.77055,0,0,0,0,0,0.001209,0.000148,0.001037,0.000210,0.000733,0.000205,0.000470,0.000193,0.000309,0.000145,0.000257,0.000188,0.000185,0.000255,0.000089,106.40,145.42,-35.75,-6.51,-179.39,-164.63,51.42,59.25,-66.35,-45.93,167.70,-170.96,40.01,50.51,-96.37,0.0125,0.0027,0.0056,0.0014,0.0048,0.0008,0.0025,0.0004,0.0028,0.0015,0.0014,0.0023,0.0021,0.0004,0.0007
2026-08-05 21:29:45.982,0.366667,85,22,0.001977,0.0002,-108.75,0,0,0,60.0000,0.178,0.77055,0,0,0,0,0,0.001232,0.000200,0.001045,0.000281,0.000705,0.000258,0.000465,0.000164,0.000351,0.000142,0.000284,0.000184,0.000206,0.000234,0.000056,108.75,178.21,-28.87,8.64,-161.77,-135.29,73.04,99.61,-38.24,7.42,-159.54,-110.84,69.81,100.58,-58.35,0.0125,0.0027,0.0056,0.0014,0.0048,0.0008,0.0025,0.0004,0.0028,0.0015,0.0014,0.0023,0.0021,0.0004,0.0007
2026-08-05 21:29:45.982,0.383333,85,23,0.001972,0.0001,-116.06,0,0,0,60.0000,0.178,0.77055,0,0,0,0,0,0.001258,0.000121,0.001054,0.000245,0.000700,0.000174,0.000476,0.000187,0.000296,0.000137,0.000259,0.000198,0.000150,0.000226,0.000085,116.06,-163.38,-5.30,37.42,-132.23,-100.24,119.81,150.85,17.28,68.35,-94.09,-47.96,160.38,-166.24,42.65,0.0125,0.0027,0.0056,0.0014,0.0048,0.0008,0.0025,0.0004,0.0028,0.0015,0.0014,0.0023,0.0021,0.0004,0.0007
2026-08-05 21:29:45.982,0.400000,85,24,0.001971,0.0002,-113.22,0,0,0,60.0000,0.178,0.77055,0,0,0,0,0,0.001249,0.000131,0.001023,0.000219,0.000715,0.000215,0.000494,0.000174,0.000340,0.000132,0.000296,0.000193,0.000217,0.000216,0.000107,113.22,173.20,-15.00,19.25,-145.72,-124.84,101.19,123.29,-3.81,19.89,-117.31,-87.11,116.04,147.12,0.90,0.0125,0.0027,0.0056,0.0014,0.0048,0.0008,0.0025,0.0004,0.0028,0.0015,0.0014,0.0023,0.0021,0.0004,0.0007
2026-08-05 21:29:45.982,0.416667,85,25,0.001959,0.0002,-106.05,0,0,0,60.0000,0.178,0.77055,0,0,0,0,0,0.001210,0.000152,0.001021,0.000244,0.000729,0.000224,0.000475,0.000139,0.000361,0.000131,0.000304,0.000219,0.000198,0.000228,0.000115,106.05,159.73,-32.29,8.08,-174.11,-153.63,64.46,88.40,-58.18,-34.48,-171.92,-132.89,42.21,75.58,-70.01,0.0125,0.0027,0.0056,0.0014,0.0048,0.0008,0.0025,0.0004,0.0028,0.0015,0.0014,0.0023,0.0021,0.0004,0.0007
2026-08-05 21:29:45.982,0.433333,85,26,0.001984,0.0002,-111.50,0,0,0,60.0000,0.178,0.77055,0,0,0,0,0,0.001270,0.000149,0.001045,0.000191,0.000748,0.000203,0.000479,0.000190,0.000296,0.000158,0.000244,0.000181,0.000184,0.000188,0.000073,111.50,-172.76,-20.64,21.81,-151.19,-118.90,89.14,112.75,-16.31,12.27,-136.83,-97.86,93.21,130.30,-41.48,0.0125,0.0027,0.0056,0.0014,0.0048,0.0008,0.0025,0.0004,0.0028,0.0015,0.0014,0.0023,0.0021,0.0004,0.0007
2026-08-05 21:29:45.982,0.450000,85,27,0.002015,0.0002,-106.58,0,0,0,60.0000,0.178,0.77055,0,0,0,0,0,0.001312,0.000161,0.001047,0.000189,0.000682,0.000204,0.000420,0.000175,0.000274,0.000194,0.000252,0.000257,0.000229,0.000259,0.000163,106.58,-179.65,-36.15,-4.44,179.41,-176.95,49.48,52.91,-71.62,-50.53,150.92,-168.96,19.06,59.92,-105.53,0.0125,0.0027,0.0056,0.0014,0.0048,0.0008,0.0025,0.0004,0.0028,0.0015,0.0014,0.0023,0.0021,0.0004,0.0007
2026-08-05 21:29:45.982,0.466667,85,28,0.002275,0.0002,-95.05,0,0,0,60.0000,0.178,0.77055,0,0,0,0,0,0.001543,0.000326,0.001229,0.000129,0.000763,0.000115,0.000429,0.000180,0.000280,0.000115,0.000145,0.000170,0.000054,0.000273,0.000038,95.05,-166.50,-71.09,36.59,122.95,-10.96,-25.35,-155.87,-163.91,52.61,41.61,-36.95,-91.22,158.27,-130.83,0.0125,0.0027,0.0056,0.0014,0.0048,0.0008,0.0025,0.0004,0.0028,0.0015,0.0014,0.0023,0.0021,0.0004,0.0007
2026-08-05 21:29:45.982,0.483333,85,29,0.002058,0.0002,-99.27,0,0,0,60.0000,0.178,0.77055,0,0,0,0,0,0.001422,0.000255,0.001058,0.000131,0.000596,0.000249,0.000356,0.000314,0.000283,0.000254,0.000233,0.000166,0.000167,0.000154,0.000130,99.27,-125.87,-55.02,131.23,150.84,23.41,28.34,-128.69,-98.58,86.36,113.40,-55.90,-27.29,178.13,-163.18,0.0125,0.0027,0.0056,0.0014,0.0048,0.0008,0.0025,0.0004,0.0028,0.0015,0.0014,0.0023,0.0021,0.0004,0.0007
2026-08-05 21:29:46.230,0.500000,86,0,0.001971,0.0002,-103.56,0,0,0,60.0000,0.176,0.82054,0,0,0,0,0,0.001283,0.000110,0.001014,0.000152,0.000625,0.000275,0.000391,0.000320,0.000364,0.000181,0.000255,0.000146,0.000122,0.000240,0.000121,103.56,-92.69,-40.55,-163.99,-172.98,45.00,64.98,-95.92,-60.94,130.55,165.38,39.05,53.44,-97.12,-60.03,0.0137,0.0056,0.0082,0.0010,0.0029,0.0017,0.0013,0.0010,0.0021,0.0003,0.0014,0.0016,0.0006,0.0007,0.0015
2026-08-05 21:29:46.230,0.516667,86,1,0.001894,0.0002,-112.24,0,0,0,60.0000,0.176,0.82054,0,0,0,0,0,0.001183,0.000211,0.000989,0.000274,0.000697,0.000259,0.000436,0.000229,0.000270,0.000240,0.000197,0.000231,0.000148,0.000174,0.000115,112.24,-75.07,-21.37,169.52,-153.71,54.08,82.40,-60.02,-33.53,-172.30,-145.74,64.98,93.44,-65.54,-35.27,0.0137,0.0056,0.0082,0.0010,0.0029,0.0017,0.0013,0.0010,0.0021,0.0003,0.0014,0.0016,0.0006,0.0007,0.0015
2026-08-05 21:29:46.230,0.533333,86,2,0.001936,0.0002,-107.30,0,0,0,60.0000,0.176,0.82054,0,0,0,0,0,0.001209,0.000216,0.001026,0.000253,0.000682,0.000244,0.000441,0.000217,0.000309,0.000229,0.000228,0.000224,0.000181,0.000174,0.000128,107.30,-67.01,-32.23,155.26,-168.64,26.67,60.91,-82.81,-60.00,158.60,-178.50,26.65,58.81,-102.86,-73.72,0.0137,0.0056,0.0082,0.0010,0.0029,0.0017,0.0013,0.0010,0.0021,0.0003,0.0014,0.0016,0.0006,0.0007,0.0015
2026-08-05 21:29:46.230,0.550000,86,3,0.001923,0.0002,-107.16,0,0,0,60.0000,0.176,0.82054,0,0,0,0,0,0.001222,0.000181,0.001022,0.000231,0.000684,0.000228,0.000425,0.000213,0.000288,0.000216,0.000209,0.000233,0.000184,0.000153,0.000117,107.16,-71.35,-33.05,154.67,-172.36,34.55,58.54,-75.76,-55.31,157.14,-174.74,19.47,54.40,-119.60,-83.05,0.0137,0.0056,0.0082,0.0010,0.0029,0.0017,0.0013,0.0010,0.0021,0.0003,0.0014,0.0016,0.0006,0.0007,0.0015
2026-08-05 21:29:46.230,0.566667,86,4,0.001968,0.0001,-114.75,0,0,0,60.0000,0.176,0.82054,0,0,0,0,0,0.001241,0.000181,0.001041,0.000270,0.000714,0.000242,0.000444,0.000208,0.000305,0.000196,0.000256,0.000203,0.000219,0.000178,0.000172,114.75,-42.78,-14.06,-168.59,-138.24,66.22,104.93,-37.68,0.78,-137.96,-101.79,106.61,144.08,-23.75,14.31,0.0137,0.0056,0.0082,0.0010,0.0029,0.0017,0.0013,0.0010,0.0021,0.0003,0.0014,0.0016,0.0006,0.0007,0.0015
2026-08-05 21:29:46.230,0.583333,86,5,0.001984,0.0002,-108.93,0,0,0,60.0000,0.176,0.82054,0,0,0,0,0,0.001233,0.000148,0.001003,0.000261,0.000751,0.000227,0.000479,0.000276,0.000310,0.000290,0.000219,0.000257,0.000203,0.000221,0.000167,108.93,-77.80,-29.63,159.50,-167.96,35.52,67.33,-81.18,-49.51,160.16,-160.81,38.40,72.92,-100.76,-76.17,0.0137,0.0056,0.0082,0.0010,0.0029,0.0017,0.0013,0.0010,0.0021,0.0003,0.0014,0.0016,0.0006,0.0007,0.0015
2026-08-05 21:29:46.230,0.600000,86,6,0.001869,0.0001,-111.93,0,0,0,60.0000,0.176,0.82054,0,0,0,0,0,0.001173,0.000193,0.000984,0.000252,0.000679,0.000235,0.000431,0.000206,0.000275,0.000205,0.000188,0.000167,0.000167,0.000142,0.000161,111.93,-60.53,-19.14,172.51,-150.53,59.23,85.13,-47.56,-29.31,-164.95,-135.11,84.54,111.06,-43.64,-37.04,0.0137,0.0056,0.0082,0.0010,0.0029,0.0017,0.0013,0.0010,0.0021,0.0003,0.0014,0.0016,0.0006,0.0007,0.0015
2026-08-05 21:29:46.230,0.616667,86,7,0.001910,0.0002,-104.34,0,0,0,60.0000,0.176,0.82054,0,0,0,0,0,0.001214,0.000163,0.001005,0.000235,0.000682,0.000228,0.000422,0.000250,0.000281,0.000240,0.000191,0.000222,0.000174,0.000156,0.000158,104.34,-72.37,-39.98,147.38,175.32,17.19,37.68,-93.20,-85.60,130.15,153.85,-12.46,14.94,-150.91,-120.74,0.0137,0.0056,0.0082,0.0010,0.0029,0.0017,0.0013,0.0010,0.0021,0.0003,0.0014,0.0016,0.0006,0.0007,0.0015
2026-08-05 21:29:46.230,0.633333,86,8,0.001949,0.0002,-107.46,0,0,0,60.0000,0.176,0.82054,0,0,0,0,0,0.001189,0.000181,0.001024,0.000267,0.000735,0.000254,0.000478,0.000245,0.000280,0.000238,0.000219,0.000195,0.000229,0.000179,0.000172,107.46,-85.84,-34.06,147.77,-176.17,27.78,55.74,-92.47,-66.53,139.16,179.78,18.04,48.83,-123.29,-103.34,0.0137,0.0056,0.0082,0.0010,0.0029,0.0017,0.0013,0.0010,0.0021,0.0003,0.0014,0.0016,0.0006,0.0007,0.0015
2026-08-05 21:29:46.230,0.650000,86,9,0.001896,0.0002,-103.39,0,0,0,60.0000,0.176,0.82054,0,0,0,0,0,0.001196,0.000154,0.001016,0.000214,0.000676,0.000250,0.000402,0.000215,0.000201,0.000234,0.000167,0.000227,0.000183,0.000201,0.000182,103.39,-94.22,-46.11,123.32,161.37,-11.25,16.75,-148.31,-113.86,80.00,119.35,-49.64,-19.17,168.67,174.73,0.0137,0.0056,0.0082,0.0010,0.0029,0.0017,0.0013,0.0010,0.0021,0.0003,0.0014,0.0016,0.0006,0.0007,0.0015
2026-08-05 21:29:46.230,0.666667,86,10,0.002230,0.0002,-85.49,0,0,0,60.0000,0.176,0.82054,0,0,0,0,0,0.001537,0.000145,0.001229,0.000051,0.000786,0.000052,0.000423,0.000077,0.000226,0.000091,0.000181,0.000169,0.000101,0.000209,0.000018,85.49,-16.00,-99.76,162.45,77.99,91.87,-92.11,-70.97,118.85,156.34,-41.16,4.75,135.98,-171.50,-166.64,0.0137,0.0056,0.0082,0.0010,0.0029,0.0017,0.0013,0.0010,0.0021,0.0003,0.0014,0.0016,0.0006,0.0007,0.0015
2026-08-05 21:29:46.230,0.683333,86,11,0.002051,0.0002,-107.31,0,0,0,60.0000,0.176,0.82054,0,0,0,0,0,0.001366,0.000069,0.001083,0.000099,0.000690,0.000176,0.000369,0.000208,0.000300,0.000221,0.000323,0.000236,0.000271,0.000238,0.000135,107.31,79.93,-32.58,18.76,-168.00,-101.44,77.32,127.63,-14.34,1.69,-132.72,-116.78,83.44,106.88,-56.82,0.0137,0.0056,0.0082,0.0010,0.0029,0.0017,0.0013,0.0010,0.0021,0.0003,0.0014,0.0016,0.0006,0.0007,0.0015
2026-08-05 21:29:46.230,0.700000,86,12,0.001964,0.0002,-111.04,0,0,0,60.0000,0.176,0.82054,0,0,0,0,0,0.001254,0.000084,0.001030,0.000182,0.000675,0.000222,0.000441,0.000222,0.000363,0.000182,0.000305,0.000169,0.000219,0.000178,0.000101,111.04,170.46,-23.44,18.23,-154.90,-115.01,89.58,113.99,-19.15,-4.11,-142.47,-104.25,85.23,142.23,-36.87,0.0137,0.0056,0.0082,0.0010,0.0029,0.0017,0.0013,0.0010,0.0021,0.0003,0.0014,0.0016,0.0006,0.0007,0.0015
2026-08-05 21:29:46.230,0.716667,86,13,0.001957,0.0002,-110.02,0,0,0,60.0000,0.176,0.82054,0,0,0,0,0,0.001238,0.000124,0.001036,0.000212,0.000722,0.000193,0.000459,0.000153,0.000313,0.000180,0.000237,0.000229,0.000168,0.000243,0.000086,110.02,162.80,-27.90,4.58,-161.15,-134.48,74.91,95.23,-38.07,-3.75,-158.83,-122.82,63.42,99.22,-81.00,0.0137,0.0056,0.0082,0.0010,0.0029,0.0017,0.0013,0.0010,0.0021,0.0003,0.0014,0.0016,0.0006,0.0007,0.0015
2026-08-05 21:29:46.230,0.733333,86,14,0.001975,0.0002,-109.50,0,0,0,60.0000,0.176,0.82054,0,0,0,0,0,0.001215,0.000156,0.001038,0.000228,0.000761,0.000223,0.000496,0.000166,0.000348,0.000147,0.000273,0.000168,0.000232,0.000227,0.000121,109.50,162.96,-22.97,16.67,-155.68,-130.31,83.89,107.36,-28.41,3.28,-141.16,-105.15,93.27,116.74,-18.95,0.0137,0.0056,0.0082,0.0010,0.0029,0.0017,0.0013,0.0010,0.0021,0.0003,0.0014,0.0016,0.0006,0.0007,0.0015
2026-08-05 21:29:46.230,0.750000,86,15,0.001960,0.0002,-114.09,0,0,0,60.0000,0.176,0.82054,0,0,0,0,0,0.001231,0.000119,0.001045,0.000207,0.000725,0.000214,0.000440,0.000188,0.000307,0.000168,0.000255,0.000223,0.000214,0.000229,0.000127,114.09,148.11,-12.09,25.47,-137.05,-103.21,109.29,143.42,9.54,48.55,-94.23,-54.67,144.87,-176.41,13.87,0.0137,0.0056,0.0082,0.0010,0.0029,0.0017,0.0013,0.0010,0.0021,0.0003,0.0014,0.0016,0.0006,0.0007,0.0015
2026-08-05 21:29:46.230,0.766667,86,16,0.001951,0.0002,-113.69,0,0,0,60.0000,0.176,0.82054,0,0,0,0,0,0.001225,0.000127,0.001047,0.000219,0.000724,0.000187,0.000466,0.000143,0.000333,0.000117,0.000291,0.000183,0.000214,0.000188,0.000113,113.69,172.99,-14.83,19.98,-138.56,-114.47,104.87,122.37,0.82,31.27,-107.42,-67.92,138.99,169.27,11.07,0.0137,0.0056,0.0082,0.0010,0.0029,0.0017,0.0013,0.0010,0.0021,0.0003,0.0014,0.0016,0.0006,0.0007,0.0015
2026-08-05 21:29:46.230,0.783333,86,17,0.001919,0.0002,-109.96,0,0,0,60.0000,0.176,0.82054,0,0,0,0,0,0.001165,0.000115,0.001025,0.000221,0.000732,0.000225,0.000490,0.000212,0.000320,0.000183,0.000221,0.000180,0.000196,0.000211,0.000134,109.96,141.07,-22.10,8.75,-155.91,-131.00,79.48,96.32,-31.11,-8.92,-140.21,-118.27,94.14,102.73,-16.23,0.0137,0.0056,0.0082,0.0010,0.0029,0.0017,0.0013,0.0010,0.0021,0.0003,0.0014,0.0016,0.0006,0.0007,0.0015
2026-08-05 21:29:46.230,0.800000,86,18,0.001877,0.0002,-108.43,0,0,0,60.0000,0.176,0.82054,0,0,0,0,0,0.001201,0.000105,0.000999,0.000211,0.000680,0.000214,0.000430,0.000182,0.000305,0.000161,0.000213,0.000170,0.000152,0.000219,0.000078,108.43,143.50,-30.57,-2.08,-166.90,-145.76,69.12,77.71,-44.14,-28.07,-162.99,-132.78,60.29,82.87,-56.48,0.0137,0.0056,0.0082,0.0010,0.0029,0.0017,0.0013,0.0010,0.0021,0.0003,0.0014,0.0016,0.0006,0.0007,0.0015
2026-08-05 21:29:46.230,0.816667,86,19,0.001906,0.0002,-110.66,0,0,0,60.0000,0.176,0.82054,0,0,0,0,0,0.001202,0.000137,0.001004,0.000214,0.000706,0.000223,0.000437,0.000153,0.000310,0.000170,0.000236,0.000239,0.000192,0.000220,0.000100,110.66,170.30,-26.65,15.74,-159.55,-117.88,81.60,133.07,-24.41,29.32,-135.85,-90.99,91.29,135.67,-33.87,0.0137,0.0056,0.0082,0.0010,0.0029,0.0017,0.0013,0.0010,0.0021,0.0003,0.0014,0.0016,0.0006,0.0007,0.0015
2026-08-05 21:29:46.230,0.833333,86,20,0.001928,0.0002,-105.77,0,0,0,60.0000,0.176,0.82054,0,0,0,0,0,0.001207,0.000092,0.001023,0.000223,0.000693,0.000231,0.000441,0.000216,0.000317,0.000195,0.000248,0.000193,0.000193,0.000216,0.000103,105.77,123.85,-37.54,-15.43,179.61,-152.83,47.45,64.83,-68.15,-49.87,164.91,-161.18,25.19,53.25,-105.87,0.0137,0.0056,0.0082,0.0010,0.0029,0.0017,0.0013,0.0010,0.0021,0.0003,0.0014,0.0016,0.0006,0.0007,0.0015
2026-08-05 21:29:46.230,0.850000,86,21,0.001896,0.0001,-110.42,0,0,0,60.0000,0.176,0.82054,0,0,0,0,0,0.001198,0.000092,0.001008,0.000185,0.000682,0.000214,0.000433,0.000231,0.000244,0.000187,0.000172,0.000197,0.000188,0.000241,0.000145,110.42,177.73,-25.60,-7.66,-165.68,-155.43,61.77,69.30,-61.09,-35.27,-177.99,-144.67,56.03,94.53,-69.40,0.0137,0.0056,0.0082,0.0010,0.0029,0.0017,0.0013,0.0010,0.0021,0.0003,0.0014,0.0016,0.0006,0.0007,0.0015
2026-08-05 21:29:46.230,0.866667,86,22,0.002257,0.0002,-97.09,0,0,0,60.0000,0.176,0.82054,0,0,0,0,0,0.001468,0.000320,0.001241,0.000152,0.000783,0.000088,0.000459,0.000182,0.000298,0.000149,0.000163,0.000184,0.000092,0.000288,0.000074,97.09,-159.00,-61.90,37.01,139.84,-14.27,-5.34,-133.34,-130.95,81.01,94.00,-26.35,-41.09,-155.89,-97.37,0.0137,0.0056,0.0082,0.0010,0.0029,0.0017,0.0013,0.0010,0.0021,0.0003,0.0014,0.0016,0.0006,0.0007,0.0015
2026-08-05 21:29:46.230,0.883333,86,23,0.002014,0.0002,-100.26,0,0,0,60.0000,0.176,0.82054,0,0,0,0,0,0.001341,0.000143,0.001079,0.000060,0.000570,0.000269,0.000362,0.000330,0.000303,0.000250,0.000278,0.000185,0.000179,0.000173,0.000139,100.26,-141.60,-51.02,126.33,161.27,40.13,39.20,-104.95,-67.15,101.40,145.35,-16.75,10.06,-146.35,-131.45,0.0137,0.0056,0.0082,0.0010,0.0029,0.0017,0.0013,0.0010,0.0021,0.0003,0.0014,0.0016,0.0006,0.0007,0.0015
2026-08-05 21:29:46.230,0.900000,86,24,0.001948,0.0002,-107.09,0,0,0,60.0000,0.176,0.82054,0,0,0,0,0,0.001299,0.000141,0.001010,0.000184,0.000595,0.000284,0.000387,0.000299,0.000349,0.000211,0.000275,0.000110,0.000157,0.000156,0.000102,107.09,-84.06,-34.09,177.97,-166.39,56.98,81.47,-74.90,-36.45,155.03,-173.32,56.98,44.16,-50.14,-80.33,0.0137,0.0056,0.0082,0.0010,0.0029,0.0017,0.0013,0.0010,0.0021,0.0003,0.0014,0.0016,0.0006,0.0007,0.0015
2026-08-05 21:29:46.230,0.916667,86,25,0.001847,0.0002,-109.78,0,0,0,60.0000,0.176,0.82054,0,0,0,0,0,0.001150,0.000189,0.000977,0.000226,0.000668,0.000242,0.000424,0.000231,0.000281,0.000215,0.000212,0.000181,0.000165,0.000151,0.000139,109.78,-62.43,-26.82,166.38,-160.24,37.72,72.96,-72.41,-40.70,174.35,-150.18,45.30,87.70,-82.05,-52.29,0.0137,0.0056,0.0082,0.0010,0.0029,0.0017,0.0013,0.0010,0.0021,0.0003,0.0014,0.0016,0.0006,0.0007,0.0015
2026-08-05 21:29:46.230,0.933333,86,26,0.001969,0.0002,-105.30,0,0,0,60.0000,0.176,0.82054,0,0,0,0,0,0.001248,0.000229,0.001032,0.000278,0.000674,0.000252,0.000424,0.000211,0.000262,0.000221,0.000252,0.000223,0.000237,0.000228,0.000200,105.30,-81.53,-39.81,141.95,174.70,13.10,37.29,-106.25,-92.73,129.59,151.30,-9.64,11.74,-154.02,-132.55,0.0137,0.0056,0.0082,0.0010,0.0029,0.0017,0.0013,0.0010,0.0021,0.0003,0.0014,0.0016,0.0006,0.0007,0.0015
2026-08-05 21:29:46.230,0.950000,86,27,0.001878,0.0001,-114.45,0,0,0,60.0000,0.176,0.82054,0,0,0,0,0,0.001188,0.000227,0.001016,0.000252,0.000639,0.000236,0.000391,0.000194,0.000275,0.000183,0.000226,0.000205,0.000174,0.000197,0.000107,114.45,-51.48,-7.43,-175.27,-133.39,73.80,107.68,-24.93,1.41,-127.78,-92.51,121.92,145.56,1.49,22.28,0.0137,0.0056,0.0082,0.0010,0.0029,0.0017,0.0013,0.0010,0.0021,0.0003,0.0014,0.0016,0.0006,0.0007,0.0015
2026-08-05 21:29:46.230,0.966667,86,28,0.002012,0.0002,-100.66,0,0,0,60.0000,0.176,0.82054,0,0,0,0,0,0.001264,0.000175,0.001055,0.000276,0.000744,0.000227,0.000407,0.000277,0.000327,0.000200,0.000220,0.000249,0.000207,0.000213,0.000152,100.66,-75.40,-44.63,136.15,166.22,4.03,26.97,-116.98,-94.44,116.12,147.24,-24.25,0.94,-168.66,-157.90,0.0137,0.0056,0.0082,0.0010,0.0029,0.0017,0.0013,0.0010,0.0021,0.0003,0.0014,0.0016,0.0006,0.0007,0.0015
2026-08-05 21:29:46.230,0.983333,86,29,0.001947,0.0002,-101.78,0,0,0,60.0000,0.176,0.82054,0,0,0,0,0,0.001223,0.000150,0.001038,0.000195,0.000727,0.000172,0.000425,0.000223,0.000292,0.000210,0.000189,0.000210,0.000226,0.000133,0.000185,101.78,-72.43,-37.28,140.62,-177.72,15.17,42.93,-88.77,-74.95,141.73,165.31,5.00,43.20,-146.58,-108.26,0.0137,0.0056,0.0082,0.0010,0.0029,0.0017,0.0013,0.0010,0.0021,0.0003,0.0014,0.0016,0.0006,0.0007,0.0015
2026-08-05 21:29:46.485,1.000000,87,0,0.001930,0.0002,-113.55,0,0,0,60.0000,0.179,1.00271,0,0,0,0,0,0.001182,0.000226,0.001054,0.000219,0.000689,0.000258,0.000410,0.000250,0.000282,0.000239,0.000227,0.000234,0.000199,0.000222,0.000139,113.55,-50.83,-9.38,-173.98,-130.34,68.18,111.23,-25.98,16.30,-123.95,-85.87,128.06,161.09,4.13,21.67,0.0131,0.0080,0.0077,0.0013,0.0035,0.0011,0.0016,0.0017,0.0023,0.0003,0.0022,0.0024,0.0016,0.0016,0.0026
2026-08-05 21:29:46.485,1.016667,87,1,0.001914,0.0002,-106.06,0,0,0,60.0000,0.179,1.00271,0,0,0,0,0,0.001183,0.000156,0.001003,0.000254,0.000719,0.000228,0.000448,0.000235,0.000275,0.000214,0.000171,0.000190,0.000237,0.000138,0.000111,106.06,-67.05,-35.62,156.18,179.10,21.54,48.48,-102.03,-78.96,129.11,167.02,0.94,36.79,-117.49,-115.87,0.0131,0.0080,0.0077,0.0013,0.0035,0.0011,0.0016,0.0017,0.0023,0.0003,0.0022,0.0024,0.0016,0.0016,0.0026
2026-08-05 21:29:46.485,1.033333,87,2,0.001899,0.0002,-109.52,0,0,0,60.0000,0.179,1.00271,0,0,0,0,0,0.001189,0.000175,0.000995,0.000219,0.000704,0.000244,0.000437,0.000240,0.000268,0.000221,0.000216,0.000211,0.000198,0.000184,0.000148,109.52,-73.93,-29.11,159.87,-166.01,37.25,66.73,-74.32,-46.01,164.99,-161.70,37.13,74.99,-96.05,-67.07,0.0131,0.0080,0.0077,0.0013,0.0035,0.0011,0.0016,0.0017,0.0023,0.0003,0.0022,0.0024,0.0016,0.0016,0.0026
2026-08-05 21:29:46.485,1.050000,87,3,0.001891,0.0002,-96.74,0,0,0,60.0000,0.179,1.00271,0,0,0,0,0,0.001187,0.000130,0.001000,0.000197,0.000695,0.000228,0.000426,0.000211,0.000213,0.000222,0.000215,0.000200,0.000224,0.000178,0.000205,96.74,-102.54,-59.32,92.59,136.41,-30.88,-9.97,178.62,-154.61,42.18,74.93,-105.85,-71.11,105.21,121.92,0.0131,0.0080,0.0077,0.0013,0.0035,0.0011,0.0016,0.0017,0.0023,0.0003,0.0022,0.0024,0.0016,0.0016,0.0026
2026-08-05 21:29:46.485,1.066667,87,4,0.002145,0.0002,-85.84,0,0,0,60.0000,0.179,1.00271,0,0,0,0,0,0.001450,0.000146,0.001202,0.000081,0.000733,0.000038,0.000387,0.000085,0.000226,0.000154,0.000188,0.000198,0.000088,0.000232,0.000032,85.84,-12.63,-98.29,-160.03,81.12,119.84,-89.86,-14.26,127.12,174.68,-26.46,5.45,151.04,-170.06,-179.68,0.0131,0.0080,0.0077,0.0013,0.0035,0.0011,0.0016,0.0017,0.0023,0.0003,0.0022,0.0024,0.0016,0.0016,0.0026
2026-08-05 21:29:46.485,1.083333,87,5,0.002770,0.0003,-94.29,0,0,0,60.0000,0.179,1.00271,0,0,0,0,0,0.001649,0.000391,0.000819,0.000505,0.000454,0.000328,0.000589,0.000283,0.000678,0.000509,0.000647,0.000581,0.000279,0.000508,0.000302,94.29,80.56,-82.33,-17.56,36.22,-128.13,-120.42,-166.11,128.84,95.32,0.21,-23.12,-111.26,-143.53,-152.46,0.0131,0.0080,0.0077,0.0013,0.0035,0.0011,0.0016,0.0017,0.0023,0.0003,0.0022,0.0024,0.0016,0.0016,0.0026
2026-08-05 21:29:46.485,1.100000,87,6,0.001937,0.0002,-108.66,0,0,0,60.0000,0.179,1.00271,0,0,0,0,0,0.001240,0.000079,0.001025,0.000201,0.000665,0.000209,0.000413,0.000220,0.000334,0.000159,0.000324,0.000136,0.000233,0.000181,0.000074,108.66,149.35,-26.86,17.01,-159.23,-117.47,85.68,106.91,-19.33,-6.07,-137.29,-114.54,90.21,119.43,-42.40,0.0131,0.0080,0.0077,0.0013,0.0035,0.0011,0.0016,0.0017,0.0023,0.0003,0.0022,0.0024,0.0016,0.0016,0.0026
2026-08-05 21:29:46.485,1.116667,87,7,0.002176,0.0002,-124.81,0,0,0,60.0000,0.179,1.00271,0,0,0,0,0,0.000745,0.000469,0.000596,0.000566,0.000393,0.000629,0.000231,0.000561,0.000184,0.000493,0.000196,0.000508,0.000258,0.000536,0.000367,124.81,116.43,23.01,45.59,-86.70,-38.84,161.91,-121.29,49.65,163.84,-49.47,91.47,-137.26,12.67,140.24,0.0131,0.0080,0.0077,0.0013,0.0035,0.0011,0.0016,0.0017,0.0023,0.0003,0.0022,0.0024,0.0016,0.0016,0.0026
2026-08-05 21:29:46.485,1.133333,87,8,0.001946,0.0002,-105.27,0,0,0,60.0000,0.179,1.00271,0,0,0,0,0,0.001229,0.000149,0.001058,0.000300,0.000667,0.000229,0.000435,0.000186,0.000299,0.000162,0.000246,0.000188,0.000160,0.000171,0.000084,105.27,163.36,-30.74,5.01,-172.27,-148.48,62.05,82.60,-49.22,-26.73,-162.90,-140.51,63.80,77.79,-53.19,0.0131,0.0080,0.0077,0.0013,0.0035,0.0011,0.0016,0.0017,0.0023,0.0003,0.0022,0.0024,0.0016,0.0016,0.0026
2026-08-05 21:29:46.485,1.150000,87,9,0.001933,0.0002,-102.03,0,0,0,60.0000,0.179,1.00271,0,0,0,0,0,0.001226,0.000098,0.001020,0.000179,0.000719,0.000204,0.000457,0.000207,0.000277,0.000168,0.000282,0.000206,0.000206,0.000187,0.000134,102.03,122.70,-42.61,-11.66,164.17,172.52,31.87,54.75,-99.72,-85.47,146.69,159.44,-1.11,3.20,-143.74,0.0131,0.0080,0.0077,0.0013,0.0035,0.0011,0.0016,0.0017,0.0023,0.0003,0.0022,0.0024,0.0016,0.0016,0.0026
2026-08-05 21:29:46.485,1.166667,87,10,0.001926,0.0002,-113.51,0,0,0,60.0000,0.179,1.00271,0,0,0,0,0,0.001171,0.000165,0.001015,0.000263,0.000697,0.000245,0.000495,0.000185,0.000344,0.000156,0.000303,0.000195,0.000181,0.000210,0.000109,113.51,169.90,-11.77,32.57,-141.52,-117.37,106.01,128.17,-5.08,31.47,-114.11,-70.56,124.52,157.11,15.35,0.0131,0.0080,0.0077,0.0013,0.0035,0.0011,0.0016,0.0017,0.0023,0.0003,0.0022,0.0024,0.0016,0.0016,0.0026
2026-08-05 21:29:46.485,1.183333,87,11,0.001951,0.0002,-110.09,0,0,0,60.0000,0.179,1.00271,0,0,0,0,0,0.001213,0.000196,0.001031,0.000278,0.000703,0.000240,0.000481,0.000174,0.000339,0.000108,0.000263,0.000177,0.000148,0.000209,0.000050,110.09,176.70,-27.56,10.29,-163.19,-144.75,71.91,88.89,-45.14,-4.05,-162.35,-128.35,70.87,100.93,-58.15,0.0131,0.0080,0.0077,0.0013,0.0035,0.0011,0.0016,0.0017,0.0023,0.0003,0.0022,0.0024,0.0016,0.0016,0.0026
2026-08-05 21:29:46.485,1.200000,87,12,0.001956,0.0002,-108.40,0,0,0,60.0000,0.179,1.00271,0,0,0,0,0,0.001238,0.000148,0.001038,0.000247,0.000693,0.000209,0.000472,0.000153,0.000321,0.000171,0.000267,0.000211,0.000181,0.000212,0.000141,108.40,177.50,-25.52,16.89,-162.61,-132.67,73.98,96.88,-35.57,6.63,-158.87,-117.28,75.77,110.10,-32.10,0.0131,0.0080,0.0077,0.0013,0.0035,0.0011,0.0016,0.0017,0.0023,0.0003,0.0022,0.0024,0.0016,0.0016,0.0026
2026-08-05 21:29:46.485,1.216667,87,13,0.001952,0.0002,-108.05,0,0,0,60.0000,0.179,1.00271,0,0,0,0,0,0.001214,0.000138,0.001062,0.000229,0.000689,0.000209,0.000424,0.000137,0.000332,0.000141,0.000297,0.000209,0.000215,0.000183,0.000121,108.05,-176.06,-22.83,15.82,-159.22,-134.19,80.08,105.97,-35.65,8.24,-151.29,-104.41,75.10,122.68,-52.77,0.0131,0.0080,0.0077,0.0013,0.0035,0.0011,0.0016,0.0017,0.0023,0.0003,0.0022,0.0024,0.0016,0.0016,0.0026
2026-08-05 21:29:46.485,1.233333,87,14,0.001968,0.0002,-111.51,0,0,0,60.0000,0.179,1.00271,0,0,0,0,0,0.001262,0.000158,0.001034,0.000245,0.000686,0.000174,0.000502,0.000144,0.000344,0.000101,0.000274,0.000173,0.000154,0.000201,0.000051,111.51,177.65,-13.92,28.99,-143.11,-122.80,107.99,130.81,0.29,23.93,-116.01,-86.23,109.44,145.15,-10.19,0.0131,0.0080,0.0077,0.0013,0.0035,0.0011,0.0016,0.0017,0.0023,0.0003,0.0022,0.0024,0.0016,0.0016,0.0026
2026-08-05 21:29:46.485,1.250000,87,15,0.001944,0.0002,-104.15,0,0,0,60.0000,0.179,1.00271,0,0,0,0,0,0.001232,0.000072,0.001041,0.000268,0.000620,0.000218,0.000406,0.000222,0.000297,0.000233,0.000225,0.000255,0.000231,0.000251,0.000127,104.15,-160.51,-35.09,-23.06,-179.87,-177.22,41.28,28.50,-77.01,-61.37,145.49,-164.39,6.09,53.85,-108.88,0.0131,0.0080,0.0077,0.0013,0.0035,0.0011,0.0016,0.0017,0.0023,0.0003,0.0022,0.0024,0.0016,0.0016,0.0026
2026-08-05 21:29:46.485,1.266667,87,16,0.002231,0.0002,-85.21,0,0,0,60.0000,0.179,1.00271,0,0,0,0,0,0.001494,0.000310,0.001225,0.000142,0.000742,0.000075,0.000410,0.000166,0.000281,0.000150,0.000161,0.000188,0.000035,0.000264,0.000081,85.21,177.70,-95.24,-9.63,86.17,-52.58,-79.80,157.76,122.14,-3.91,-59.65,-131.92,103.42,60.25,133.12,0.0131,0.0080,0.0077,0.0013,0.0035,0.0011,0.0016,0.0017,0.0023,0.0003,0.0022,0.0024,0.0016,0.0016,0.0026
2026-08-05 21:29:46.485,1.283333,87,17,0.001971,0.0002,-100.79,0,0,0,60.0000,0.179,1.00271,0,0,0,0,0,0.001312,0.000186,0.001048,0.000032,0.000584,0.000240,0.000342,0.000279,0.000264,0.000251,0.000211,0.000168,0.000119,0.000191,0.000116,100.79,-143.94,-49.15,-140.40,163.71,57.01,40.78,-97.16,-78.61,116.09,159.23,-7.41,23.87,-136.21,-120.83,0.0131,0.0080,0.0077,0.0013,0.0035,0.0011,0.0016,0.0017,0.0023,0.0003,0.0022,0.0024,0.0016,0.0016,0.0026
2026-08-05 21:29:46.485,1.300000,87,18,0.001975,0.0002,-105.85,0,0,0,60.0000,0.179,1.00271,0,0,0,0,0,0.001300,0.000202,0.001046,0.000133,0.000641,0.000253,0.000390,0.000311,0.000330,0.000195,0.000276,0.000083,0.000175,0.000145,0.000104,105.85,-109.36,-33.21,162.00,-166.21,48.83,80.79,-88.89,-39.24,139.09,-175.00,40.79,58.24,-58.02,-33.02,0.0131,0.0080,0.0077,0.0013,0.0035,0.0011,0.0016,0.0017,0.0023,0.0003,0.0022,0.0024,0.0016,0.0016,0.0026
2026-08-05 21:29:46.485,1.316667,87,19,0.001994,0.0002,-96.78,0,0,0,60.0000,0.179,1.00271,0,0,0,0,0,0.001247,0.000182,0.001056,0.000217,0.000693,0.000265,0.000465,0.000261,0.000282,0.000265,0.000240,0.000218,0.000215,0.000202,0.000193,96.78,-90.51,-56.56,112.66,141.91,-15.66,-5.99,-158.99,-145.79,59.01,92.92,-92.17,-68.68,117.15,130.33,0.0131,0.0080,0.0077,0.0013,0.0035,0.0011,0.0016,0.0017,0.0023,0.0003,0.0022,0.0024,0.0016,0.0016,0.0026
2026-08-05 21:29:46.485,1.333333,87,20,0.001912,0.0002,-109.15,0,0,0,60.0000,0.179,1.00271,0,0,0,0,0,0.001160,0.000176,0.001018,0.000225,0.000729,0.000224,0.000438,0.000223,0.000281,0.000243,0.000210,0.000243,0.000235,0.000189,0.000161,109.15,-60.95,-25.56,165.08,-158.40,38.94,76.64,-71.34,-35.66,169.85,-141.05,61.54,93.51,-66.49,-37.22,0.0131,0.0080,0.0077,0.0013,0.0035,0.0011,0.0016,0.0017,0.0023,0.0003,0.0022,0.0024,0.0016,0.0016,0.0026
2026-08-05 21:29:46.485,1.350000,87,21,0.001943,0.0002,-108.30,0,0,0,60.0000,0.179,1.00271,0,0,0,0,0,0.001216,0.000194,0.001031,0.000194,0.000714,0.000209,0.000444,0.000225,0.000289,0.000228,0.000213,0.000204,0.000187,0.000173,0.000203,108.30,-76.11,-29.15,157.88,-166.06,36.11,62.09,-69.90,-51.60,168.15,-163.71,32.78,59.18,-95.13,-67.74,0.0131,0.0080,0.0077,0.0013,0.0035,0.0011,0.0016,0.0017,0.0023,0.0003,0.0022,0.0024,0.0016,0.0016,0.0026
2026-08-05 21:29:46.485,1.366667,87,22,0.001930,0.0002,-101.07,0,0,0,60.0000,0.179,1.00271,0,0,0,0,0,0.001198,0.000189,0.001030,0.000224,0.000715,0.000239,0.000452,0.000246,0.000297,0.000203,0.000184,0.000196,0.000197,0.000139,0.000184,101.07,-81.86,-51.06,135.08,158.65,-8.21,10.66,-134.58,-123.02,94.54,114.51,-52.80,-31.75,170.67,176.60,0.0131,0.0080,0.0077,0.0013,0.0035,0.0011,0.0016,0.0017,0.0023,0.0003,0.0022,0.0024,0.0016,0.0016,0.0026
2026-08-05 21:29:46.485,1.383333,87,23,0.001919,0.0002,-108.33,0,0,0,60.0000,0.179,1.00271,0,0,0,0,0,0.001194,0.000195,0.001042,0.000233,0.000684,0.000251,0.000409,0.000237,0.000262,0.000259,0.000206,0.000221,0.000161,0.000186,0.000172,108.33,-48.93,-22.16,171.28,-156.83,53.58,78.90,-52.23,-34.70,-156.96,-140.73,74.10,82.69,-63.29,-67.88,0.0131,0.0080,0.0077,0.0013,0.0035,0.0011,0.0016,0.0017,0.0023,0.0003,0.0022,0.0024,0.0016,0.0016,0.0026
2026-08-05 21:29:46.485,1.400000,87,24,0.001892,0.0002,-102.44,0,0,0,60.0000,0.179,1.00271,0,0,0,0,0,0.001172,0.000179,0.001024,0.000178,0.000649,0.000221,0.000428,0.000216,0.000311,0.000243,0.000271,0.000221,0.000242,0.000186,0.000163,102.44,-85.20,-45.71,137.25,166.65,0.93,27.48,-119.24,-93.88,102.99,144.02,-33.71,11.94,-176.45,-146.56,0.0131,0.0080,0.0077,0.0013,0.0035,0.0011,0.0016,0.0017,0.0023,0.0003,0.0022,0.0024,0.0016,0.0016,0.0026
2026-08-05 21:29:46.485,1.416667,87,25,0.001963,0.0002,-111.74,0,0,0,60.0000,0.179,1.00271,0,0,0,0,0,0.001212,0.000236,0.001059,0.000218,0.000688,0.000219,0.000370,0.000286,0.000303,0.000212,0.000207,0.000194,0.000175,0.000231,0.000193,111.74,-68.62,-23.24,158.20,-165.69,70.15,70.63,-61.32,-37.30,158.51,-161.15,60.21,107.49,-75.90,-41.46,0.0131,0.0080,0.0077,0.0013,0.0035,0.0011,0.0016,0.0017,0.0023,0.0003,0.0022,0.0024,0.0016,0.0016,0.0026
2026-08-05 21:29:46.485,1.433333,87,26,0.001933,0.0002,-108.28,0,0,0,60.0000,0.179,1.00271,0,0,0,0,0,0.001203,0.000170,0.001027,0.000222,0.000709,0.000222,0.000443,0.000240,0.000271,0.000213,0.000167,0.000239,0.000229,0.000138,0.000130,108.28,-63.00,-19.24,153.48,-155.68,54.05,79.37,-57.02,-26.19,-174.10,-124.91,62.87,106.42,-59.05,-32.73,0.0131,0.0080,0.0077,0.0013,0.0035,0.0011,0.0016,0.0017,0.0023,0.0003,0.0022,0.0024,0.0016,0.0016,0.0026
2026-08-05 21:29:46.485,1.450000,87,27,0.001942,0.0002,-103.33,0,0,0,60.0000,0.179,1.00271,0,0,0,0,0,0.001239,0.000186,0.001028,0.000256,0.000660,0.000224,0.000416,0.000232,0.000233,0.000241,0.000195,0.000228,0.000212,0.000163,0.000162,103.33,-62.93,-27.70,147.04,-174.27,30.12,50.79,-95.06,-73.92,123.81,179.38,11.86,41.69,-125.42,-99.26,0.0131,0.0080,0.0077,0.0013,0.0035,0.0011,0.0016,0.0017,0.0023,0.0003,0.0022,0.0024,0.0016,0.0016,0.0026
2026-08-05 21:29:46.485,1.466667,87,28,0.002151,0.0002,-83.36,0,0,0,60.0000,0.179,1.00271,0,0,0,0,0,0.001430,0.000205,0.001207,0.000033,0.000734,0.000057,0.000387,0.000099,0.000234,0.000218,0.000159,0.000232,0.000113,0.000265,0.000062,83.36,-6.63,-91.15,-114.33,85.43,117.58,-76.82,1.05,131.11,-148.71,-10.41,36.79,169.46,-138.76,-160.04,0.0131,0.0080,0.0077,0.0013,0.0035,0.0011,0.0016,0.0017,0.0023,0.0003,0.0022,0.0024,0.0016,0.0016,0.0026
2026-08-05 21:29:46.485,1.483333,87,29,0.002058,0.0002,-101.69,0,0,0,60.0000,0.179,1.00271,0,0,0,0,0,0.001413,0.000032,0.001127,0.000101,0.000618,0.000146,0.000330,0.000164,0.000253,0.000233,0.000233,0.000210,0.000209,0.000203,0.000096,101.69,163.96,-49.45,14.39,161.91,-128.50,34.74,67.31,-69.54,-55.42,167.64,163.20,10.02,20.90,-131.52,0.0131,0.0080,0.0077,0.0013,0.0035,0.0011,0.0016,0.0017,0.0023,0.0003,0.0022,0.0024,0.0016,0.0016,0.0026
2026-08-05 21:29:46.741,1.500000,88,0,0.001935,0.0002,-96.07,0,0,0,60.0000,0.179,0.74715,0,0,0,0,0,0.001202,0.000068,0.001028,0.000251,0.000623,0.000255,0.000446,0.000249,0.000361,0.000210,0.000305,0.000115,0.000204,0.000185,0.000051,96.07,122.79,-64.95,-31.44,136.13,163.66,-11.00,-3.52,-143.14,-126.59,72.34,101.18,-93.55,-47.04,109.75,0.0141,0.0051,0.0065,0.0015,0.0024,0.0027,0.0010,0.0013,0.0009,0.0023,0.0024,0.0025,0.0023,0.0001,0.0012
2026-08-05 21:29:46.741,1.516667,88,1,0.001915,0.0002,-101.32,0,0,0,60.0000,0.179,0.74715,0,0,0,0,0,0.001199,0.000083,0.001028,0.000194,0.000706,0.000214,0.000431,0.000157,0.000310,0.000152,0.000279,0.000215,0.000192,0.000242,0.000067,101.32,151.31,-43.10,-0.39,170.76,-164.92,42.20,73.64,-82.65,-49.27,154.13,-175.65,26.57,43.96,-124.63,0.0141,0.0051,0.0065,0.0015,0.0024,0.0027,0.0010,0.0013,0.0009,0.0023,0.0024,0.0025,0.0023,0.0001,0.0012
2026-08-05 21:29:46.741,1.533333,88,2,0.001902,0.0002,-103.71,0,0,0,60.0000,0.179,0.74715,0,0,0,0,0,0.001201,0.000114,0.001043,0.000277,0.000585,0.000158,0.000455,0.000165,0.000322,0.000179,0.000244,0.000196,0.000179,0.000208,0.000108,103.71,168.67,-34.49,3.06,-176.52,-150.32,53.79,67.46,-56.90,-28.14,173.27,-154.54,24.66,67.28,-89.40,0.0141,0.0051,0.0065,0.0015,0.0024,0.0027,0.0010,0.0013,0.0009,0.0023,0.0024,0.0025,0.0023,0.0001,0.0012
2026-08-05 21:29:46.741,1.550000,88,3,0.001975,0.0002,-107.91,0,0,0,60.0000,0.179,0.74715,0,0,0,0,0,0.001249,0.000129,0.001067,0.000243,0.000709,0.000163,0.000472,0.000158,0.000347,0.000156,0.000230,0.000178,0.000201,0.000241,0.000081,107.91,157.58,-23.66,16.11,-158.28,-130.97,77.23,90.63,-27.65,4.84,-138.50,-105.85,73.47,100.14,-31.44,0.0141,0.0051,0.0065,0.0015,0.0024,0.0027,0.0010,0.0013,0.0009,0.0023,0.0024,0.0025,0.0023,0.0001,0.0012
2026-08-05 21:29:46.741,1.566667,88,4,0.001904,0.0002,-110.01,0,0,0,60.0000,0.179,0.74715,0,0,0,0,0,0.001200,0.000115,0.001002,0.000198,0.000716,0.000219,0.000453,0.000198,0.000308,0.000138,0.000255,0.000158,0.000182,0.000187,0.000128,110.01,134.12,-27.69,0.66,-161.13,-139.45,76.99,93.80,-37.70,-23.52,-149.95,-122.81,78.45,108.33,-52.34,0.0141,0.0051,0.0065,0.0015,0.0024,0.0027,0.0010,0.0013,0.0009,0.0023,0.0024,0.0025,0.0023,0.0001,0.0012
2026-08-05 21:29:46.741,1.583333,88,5,0.001909,0.0002,-109.96,0,0,0,60.0000,0.179,0.74715,0,0,0,0,0,0.001179,0.000150,0.001018,0.000246,0.000692,0.000196,0.000455,0.000158,0.000337,0.000175,0.000271,0.000203,0.000232,0.000229,0.000142,109.96,155.47,-24.71,6.45,-157.43,-129.27,80.73,109.40,-25.99,16.47,-144.67,-98.59,87.70,126.09,-39.68,0.0141,0.0051,0.0065,0.0015,0.0024,0.0027,0.0010,0.0013,0.0009,0.0023,0.0024,0.0025,0.0023,0.0001,0.0012
2026-08-05 21:29:46.741,1.600000,88,6,0.001931,0.0002,-110.61,0,0,0,60.0000,0.179,0.74715,0,0,0,0,0,0.001188,0.000140,0.001010,0.000213,0.000745,0.000231,0.000487,0.000192,0.000335,0.000172,0.000266,0.000200,0.000210,0.000219,0.000139,110.61,159.69,-23.76,12.95,-158.00,-132.13,78.05,104.64,-36.70,-0.94,-151.50,-113.53,85.15,116.94,-47.17,0.0141,0.0051,0.0065,0.0015,0.0024,0.0027,0.0010,0.0013,0.0009,0.0023,0.0024,0.0025,0.0023,0.0001,0.0012
2026-08-05 21:29:46.741,1.616667,88,7,0.001932,0.0002,-105.50,0,0,0,60.0000,0.179,0.74715,0,0,0,0,0,0.001215,0.000120,0.001032,0.000245,0.000661,0.000185,0.000446,0.000150,0.000318,0.000191,0.000272,0.000245,0.000237,0.000265,0.000081,105.50,139.03,-28.55,-3.09,-166.60,-148.11,68.18,91.89,-46.28,-2.21,-166.94,-126.43,60.71,90.81,-48.66,0.0141,0.0051,0.0065,0.0015,0.0024,0.0027,0.0010,0.0013,0.0009,0.0023,0.0024,0.0025,0.0023,0.0001,0.0012
2026-08-05 21:29:46.741,1.633333,88,8,0.001890,0.0002,-110.82,0,0,0,60.0000,0.179,0.74715,0,0,0,0,0,0.001176,0.000128,0.000990,0.000248,0.000701,0.000248,0.000455,0.000186,0.000307,0.000169,0.000213,0.000170,0.000167,0.000190,0.000106,110.82,140.52,-21.12,5.23,-155.45,-132.09,84.56,105.73,-19.33,-3.40,-123.82,-116.26,111.26,120.45,-3.85,0.0141,0.0051,0.0065,0.0015,0.0024,0.0027,0.0010,0.0013,0.0009,0.0023,0.0024,0.0025,0.0023,0.0001,0.0012
2026-08-05 21:29:46.741,1.650000,88,9,0.001928,0.0002,-111.33,0,0,0,60.0000,0.179,0.74715,0,0,0,0,0,0.001209,0.000128,0.001024,0.000212,0.000709,0.000227,0.000453,0.000220,0.000279,0.000178,0.000220,0.000238,0.000176,0.000247,0.000070,111.33,157.85,-22.95,4.07,-156.75,-140.87,77.63,98.14,-37.10,-6.53,-150.73,-117.81,84.79,115.85,-48.99,0.0141,0.0051,0.0065,0.0015,0.0024,0.0027,0.0010,0.0013,0.0009,0.0023,0.0024,0.0025,0.0023,0.0001,0.0012
2026-08-05 21:29:46.741,1.666667,88,10,0.002217,0.0002,-96.40,0,0,0,60.0000,0.179,0.74715,0,0,0,0,0,0.001466,0.000281,0.001216,0.000138,0.000785,0.000079,0.000451,0.000169,0.000272,0.000194,0.000180,0.000185,0.000071,0.000209,0.000040,96.40,-158.58,-67.75,46.97,131.46,-9.05,-16.33,-129.35,-151.98,78.59,58.16,-50.82,-92.34,174.18,-72.55,0.0141,0.0051,0.0065,0.0015,0.0024,0.0027,0.0010,0.0013,0.0009,0.0023,0.0024,0.0025,0.0023,0.0001,0.0012
2026-08-05 21:29:46.741,1.683333,88,11,0.001992,0.0002,-105.18,0,0,0,60.0000,0.179,0.74715,0,0,0,0,0,0.001328,0.000152,0.001055,0.000049,0.000645,0.000209,0.000357,0.000274,0.000261,0.000239,0.000215,0.000180,0.000141,0.000184,0.000120,105.18,-136.61,-40.31,162.57,178.06,71.88,56.49,-69.49,-51.53,153.03,-172.02,29.35,59.12,-83.40,-51.93,0.0141,0.0051,0.0065,0.0015,0.0024,0.0027,0.0010,0.0013,0.0009,0.0023,0.0024,0.0025,0.0023,0.0001,0.0012
2026-08-05 21:29:46.741,1.700000,88,12,0.001962,0.0002,-105.10,0,0,0,60.0000,0.179,0.74715,0,0,0,0,0,0.001289,0.000136,0.001016,0.000141,0.000614,0.000256,0.000398,0.000295,0.000372,0.000257,0.000295,0.000166,0.000171,0.000185,0.000135,105.10,-103.90,-36.45,155.27,-171.53,48.04,72.91,-79.91,-39.01,139.92,-172.84,29.98,58.48,-78.09,-58.98,0.0141,0.0051,0.0065,0.0015,0.0024,0.0027,0.0010,0.0013,0.0009,0.0023,0.0024,0.0025,0.0023,0.0001,0.0012
2026-08-05 21:29:46.741,1.716667,88,13,0.001908,0.0002,-104.79,0,0,0,60.0000,0.179,0.74715,0,0,0,0,0,0.001179,0.000203,0.001038,0.000244,0.000689,0.000241,0.000450,0.000173,0.000262,0.000200,0.000220,0.000183,0.000196,0.000166,0.000149,104.79,-60.87,-32.20,146.09,-173.62,24.32,58.65,-101.06,-70.55,150.40,170.97,31.86,53.54,-116.39,-86.12,0.0141,0.0051,0.0065,0.0015,0.0024,0.0027,0.0010,0.0013,0.0009,0.0023,0.0024,0.0025,0.0023,0.0001,0.0012
2026-08-05 21:29:46.741,1.733333,88,14,0.001929,0.0002,-110.32,0,0,0,60.0000,0.179,0.74715,0,0,0,0,0,0.001213,0.000203,0.001013,0.000236,0.000720,0.000226,0.000433,0.000213,0.000248,0.000208,0.000194,0.000203,0.000185,0.000173,0.000148,110.32,-72.31,-27.81,170.28,-163.25,41.35,64.50,-72.77,-57.28,172.46,-162.37,51.16,85.42,-73.26,-58.56,0.0141,0.0051,0.0065,0.0015,0.0024,0.0027,0.0010,0.0013,0.0009,0.0023,0.0024,0.0025,0.0023,0.0001,0.0012
2026-08-05 21:29:46.741,1.750000,88,15,0.002661,0.0003,-128.02,0,0,0,60.0000,0.179,0.74715,0,0,0,0,0,0.001293,0.000412,0.000924,0.000517,0.000998,0.000229,0.000121,0.000594,0.000674,0.000318,0.000387,0.000507,0.000423,0.000451,0.000466,128.02,-126.05,-44.13,-144.21,-136.67,-68.20,28.65,-56.77,-37.67,-67.81,-52.42,21.02,36.52,3.21,24.06,0.0141,0.0051,0.0065,0.0015,0.0024,0.0027,0.0010,0.0013,0.0009,0.0023,0.0024,0.0025,0.0023,0.0001,0.0012
2026-08-05 21:29:46.741,1.766667,88,16,0.003207,0.0006,-79.70,0,0,0,60.0000,0.179,0.74715,0,0,0,0,0,0.001600,0.000385,0.001452,0.000359,0.001036,0.000343,0.000832,0.000475,0.000706,0.000438,0.000597,0.000476,0.000622,0.000453,0.000549,79.70,-32.39,-114.43,133.65,51.71,-60.46,-135.53,118.05,48.67,-73.88,-134.01,99.33,36.09,-81.75,-160.15,0.0141,0.0051,0.0065,0.0015,0.0024,0.0027,0.0010,0.0013,0.0009,0.0023,0.0024,0.0025,0.0023,0.0001,0.0012
2026-08-05 21:29:46.741,1.783333,88,17,0.001925,0.0002,-100.61,0,0,0,60.0000,0.179,0.74715,0,0,0,0,0,0.001201,0.000145,0.001001,0.000232,0.000729,0.000215,0.000450,0.000222,0.000317,0.000200,0.000228,0.000247,0.000240,0.000172,0.000139,100.61,-80.10,-49.98,127.94,158.53,-8.64,17.58,-134.00,-108.67,101.27,127.93,-42.10,-22.38,174.72,-173.78,0.0141,0.0051,0.0065,0.0015,0.0024,0.0027,0.0010,0.0013,0.0009,0.0023,0.0024,0.0025,0.0023,0.0001,0.0012
2026-08-05 21:29:46.741,1.800000,88,18,0.001940,0.0002,-107.80,0,0,0,60.0000,0.179,0.74715,0,0,0,0,0,0.001218,0.000194,0.001051,0.000266,0.000673,0.000205,0.000390,0.000223,0.000334,0.000178,0.000246,0.000192,0.000229,0.000195,0.000163,107.80,-66.40,-28.07,160.55,-164.33,27.46,74.02,-82.41,-48.09,164.53,-148.65,43.01,68.38,-84.61,-67.21,0.0141,0.0051,0.0065,0.0015,0.0024,0.0027,0.0010,0.0013,0.0009,0.0023,0.0024,0.0025,0.0023,0.0001,0.0012
2026-08-05 21:29:46.741,1.816667,88,19,0.001975,0.0002,-103.60,0,0,0,60.0000,0.179,0.74715,0,0,0,0,0,0.001225,0.000243,0.001054,0.000236,0.000720,0.000218,0.000457,0.000202,0.000251,0.000218,0.000196,0.000208,0.000254,0.000174,0.000202,103.60,-80.51,-39.72,145.65,173.88,11.58,39.75,-111.72,-83.17,117.87,154.79,-13.25,18.12,-151.30,-136.65,0.0141,0.0051,0.0065,0.0015,0.0024,0.0027,0.0010,0.0013,0.0009,0.0023,0.0024,0.0025,0.0023,0.0001,0.0012
2026-08-05 21:29:46.741,1.833333,88,20,0.001883,0.0002,-103.23,0,0,0,60.0000,0.179,0.74715,0,0,0,0,0,0.001176,0.000176,0.000960,0.000272,0.000712,0.000220,0.000437,0.000217,0.000280,0.000224,0.000228,0.000193,0.000230,0.000166,0.000189,103.23,-84.08,-41.43,132.80,173.67,11.96,41.84,-114.58,-80.82,111.62,164.97,-20.36,28.33,-151.54,-122.53,0.0141,0.0051,0.0065,0.0015,0.0024,0.0027,0.0010,0.0013,0.0009,0.0023,0.0024,0.0025,0.0023,0.0001,0.0012
2026-08-05 21:29:46.741,1.850000,88,21,0.001993,0.0002,-110.67,0,0,0,60.0000,0.179,0.74715,0,0,0,0,0,0.001266,0.000194,0.001042,0.000252,0.000704,0.000255,0.000444,0.000226,0.000272,0.000244,0.000213,0.000241,0.000213,0.000172,0.000173,110.67,-78.74,-24.57,157.91,-160.13,37.55,69.74,-77.33,-47.11,157.81,-165.84,33.51,72.52,-96.40,-58.96,0.0141,0.0051,0.0065,0.0015,0.0024,0.0027,0.0010,0.0013,0.0009,0.0023,0.0024,0.0025,0.0023,0.0001,0.0012
2026-08-05 21:29:46.741,1.866667,88,22,0.002168,0.0002,-93.52,0,0,0,60.0000,0.179,0.74715,0,0,0,0,0,0.001474,0.000164,0.001186,0.000075,0.000746,0.000033,0.000397,0.000092,0.000223,0.000160,0.000162,0.000233,0.000090,0.000266,0.000039,93.52,-4.92,-77.00,-156.86,114.42,162.83,-42.43,28.77,-174.85,-116.43,46.99,97.10,-115.19,-62.82,-170.67,0.0141,0.0051,0.0065,0.0015,0.0024,0.0027,0.0010,0.0013,0.0009,0.0023,0.0024,0.0025,0.0023,0.0001,0.0012
2026-08-05 21:29:46.741,1.883333,88,23,0.002043,0.0002,-107.35,0,0,0,60.0000,0.179,0.74715,0,0,0,0,0,0.001336,0.000133,0.001123,0.000098,0.000659,0.000158,0.000350,0.000188,0.000274,0.000227,0.000265,0.000216,0.000220,0.000221,0.000107,107.35,34.14,-26.00,14.49,-159.29,-86.01,82.68,136.68,-2.99,17.06,-110.97,-100.65,121.08,134.56,-10.74,0.0141,0.0051,0.0065,0.0015,0.0024,0.0027,0.0010,0.0013,0.0009,0.0023,0.0024,0.0025,0.0023,0.0001,0.0012
2026-08-05 21:29:46.741,1.900000,88,24,0.001918,0.0002,-106.36,0,0,0,60.0000,0.179,0.74715,0,0,0,0,0,0.001231,0.000088,0.000985,0.000209,0.000625,0.000257,0.000449,0.000232,0.000393,0.000136,0.000314,0.000127,0.000214,0.000186,0.000055,106.36,168.12,-36.30,17.14,-169.23,-129.32,74.62,77.93,-41.89,-32.70,-179.32,-121.07,40.33,105.19,-67.87,0.0141,0.0051,0.0065,0.0015,0.0024,0.0027,0.0010,0.0013,0.0009,0.0023,0.0024,0.0025,0.0023,0.0001,0.0012
2026-08-05 21:29:46.741,1.916667,88,25,0.001909,0.0002,-111.67,0,0,0,60.0000,0.179,0.74715,0,0,0,0,0,0.001202,0.000132,0.001006,0.000215,0.000704,0.000216,0.000445,0.000163,0.000317,0.000161,0.000252,0.000199,0.000204,0.000227,0.000088,111.67,159.72,-14.26,22.27,-143.04,-122.45,101.23,122.66,-7.46,25.20,-112.15,-72.76,120.80,152.35,6.12,0.0141,0.0051,0.0065,0.0015,0.0024,0.0027,0.0010,0.0013,0.0009,0.0023,0.0024,0.0025,0.0023,0.0001,0.0012
2026-08-05 21:29:46.741,1.933333,88,26,0.001945,0.0002,-112.86,0,0,0,60.0000,0.179,0.74715,0,0,0,0,0,0.001194,0.000131,0.001033,0.000202,0.000740,0.000213,0.000463,0.000170,0.000351,0.000156,0.000288,0.000185,0.000209,0.000209,0.000155,112.86,166.81,-18.82,18.67,-146.64,-110.14,94.34,123.76,-10.62,17.86,-120.38,-79.09,120.91,161.47,-6.52,0.0141,0.0051,0.0065,0.0015,0.0024,0.0027,0.0010,0.0013,0.0009,0.0023,0.0024,0.0025,0.0023,0.0001,0.0012
2026-08-05 21:29:46.741,1.950000,88,27,0.001866,0.0002,-110.98,0,0,0,60.0000,0.179,0.74715,0,0,0,0,0,0.001154,0.000145,0.001005,0.000233,0.000690,0.000207,0.000448,0.000168,0.000279,0.000172,0.000218,0.000199,0.000195,0.000251,0.000098,110.98,166.03,-23.43,14.75,-155.59,-122.08,80.67,110.63,-24.28,22.52,-136.62,-95.76,98.90,131.63,-16.76,0.0141,0.0051,0.0065,0.0015,0.0024,0.0027,0.0010,0.0013,0.0009,0.0023,0.0024,0.0025,0.0023,0.0001,0.0012
2026-08-05 21:29:46.741,1.966667,88,28,0.001993,0.0002,-101.23,0,0,0,60.0000,0.179,0.74715,0,0,0,0,0,0.001266,0.000135,0.001059,0.000225,0.000709,0.000196,0.000458,0.000131,0.000365,0.000183,0.000304,0.000216,0.000223,0.000197,0.000125,101.23,151.59,-44.93,-8.47,165.75,-171.75,30.50,63.86,-91.88,-58.30,141.22,170.33,-4.99,14.90,-154.26,0.0141,0.0051,0.0065,0.0015,0.0024,0.0027,0.0010,0.0013,0.0009,0.0023,0.0024,0.0025,0.0023,0.0001,0.0012
2026-08-05 21:29:46.741,1.983333,88,29,0.001888,0.0002,-101.80,0,0,0,60.0000,0.179,0.74715,0,0,0,0,0,0.001217,0.000149,0.001007,0.000182,0.000678,0.000191,0.000402,0.000128,0.000323,0.000150,0.000245,0.000207,0.000161,0.000223,0.000041,101.80,164.23,-46.70,-16.89,164.84,176.21,27.70,32.86,-104.74,-87.22,127.65,158.91,-32.34,-3.46,154.23,0.0141,0.0051,0.0065,0.0015,0.0024,0.0027,0.0010,0.0013,0.0009,0.0023,0.0024,0.0025,0.0023,0.0001,0.0012
2026-08-05 21:29:46.994,2.000000,89,0,0.001938,0.0002,-103.55,0,0,0,60.0000,0.176,0.63816,0,0,0,0,0,0.001208,0.000159,0.001035,0.000231,0.000702,0.000194,0.000464,0.000160,0.000338,0.000154,0.000287,0.000240,0.000176,0.000236,0.000081,103.55,153.48,-41.79,-8.15,174.77,-156.15,44.74,72.28,-78.82,-38.57,151.61,-173.27,15.18,44.38,-131.15,0.0134,0.0011,0.0066,0.0015,0.0031,0.0019,0.0010,0.0011,0.0021,0.0008,0.0010,0.0013,0.0003,0.0009,0.0013
2026-08-05 21:29:46.994,2.016667,89,1,0.001954,0.0002,-106.50,0,0,0,60.0000,0.176,0.63816,0,0,0,0,0,0.001189,0.000143,0.001045,0.000252,0.000727,0.000230,0.000490,0.000185,0.000332,0.000141,0.000253,0.000224,0.000185,0.000232,0.000118,106.50,152.98,-30.75,-0.37,-172.38,-151.23,59.24,84.37,-66.81,-26.97,178.64,-136.55,50.67,84.82,-80.71,0.0134,0.0011,0.0066,0.0015,0.0031,0.0019,0.0010,0.0011,0.0021,0.0008,0.0010,0.0013,0.0003,0.0009,0.0013
2026-08-05 21:29:46.994,2.033333,89,2,0.001884,0.0001,-113.34,0,0,0,60.0000,0.176,0.63816,0,0,0,0,0,0.001184,0.000143,0.000989,0.000213,0.000699,0.000226,0.000441,0.000177,0.000321,0.000164,0.000264,0.000196,0.000201,0.000210,0.000100,113.34,166.86,-15.87,20.37,-142.99,-115.38,100.61,130.54,-7.57,31.14,-114.24,-66.13,122.72,163.40,14.94,0.0134,0.0011,0.0066,0.0015,0.0031,0.0019,0.0010,0.0011,0.0021,0.0008,0.0010,0.0013,0.0003,0.0009,0.0013
2026-08-05 21:29:46.994,2.050000,89,3,0.001938,0.0002,-106.09,0,0,0,60.0000,0.176,0.63816,0,0,0,0,0,0.001238,0.000115,0.001028,0.000202,0.000679,0.000207,0.000446,0.000210,0.000312,0.000189,0.000273,0.000219,0.000225,0.000213,0.000103,106.09,134.91,-33.38,-11.89,-176.13,-169.53,56.57,65.15,-61.14,-36.73,167.04,-165.95,33.96,57.17,-100.76,0.0134,0.0011,0.0066,0.0015,0.0031,0.0019,0.0010,0.0011,0.0021,0.0008,0.0010,0.0013,0.0003,0.0009,0.0013
2026-08-05 21:29:46.994,2.066667,89,4,0.002167,0.0002,-93.03,0,0,0,60.0000,0.176,0.63816,0,0,0,0,0,0.001448,0.000285,0.001209,0.000131,0.000686,0.000120,0.000407,0.000197,0.000271,0.000130,0.000144,0.000152,0.000033,0.000231,0.000063,93.03,-155.63,-68.46,22.35,128.44,-10.75,-24.80,-140.24,-158.98,81.98,52.19,-41.67,-95.35,170.88,-120.65,0.0134,0.0011,0.0066,0.0015,0.0031,0.0019,0.0010,0.0011,0.0021,0.0008,0.0010,0.0013,0.0003,0.0009,0.0013
2026-08-05 21:29:46.994,2.083333,89,5,0.001994,0.0002,-104.72,0,0,0,60.0000,0.176,0.63816,0,0,0,0,0,0.001360,0.000180,0.001035,0.000061,0.000587,0.000200,0.000318,0.000264,0.000266,0.000249,0.000250,0.000175,0.000131,0.000224,0.000094,104.72,-130.45,-40.37,161.03,175.10,70.09,57.38,-75.71,-44.78,145.42,-172.49,26.04,63.90,-90.65,-77.26,0.0134,0.0011,0.0066,0.0015,0.0031,0.0019,0.0010,0.0011,0.0021,0.0008,0.0010,0.0013,0.0003,0.0009,0.0013
2026-08-05 21:29:46.994,2.100000,89,6,0.001893,0.0002,-102.57,0,0,0,60.0000,0.176,0.63816,0,0,0,0,0,0.001221,0.000126,0.000995,0.000089,0.000609,0.000259,0.000406,0.000313,0.000354,0.000237,0.000281,0.000128,0.000180,0.000147,0.000113,102.57,-124.94,-45.12,162.94,174.54,39.51,51.85,-104.98,-68.46,106.96,155.95,-15.80,15.90,-110.48,-113.28,0.0134,0.0011,0.0066,0.0015,0.0031,0.0019,0.0010,0.0011,0.0021,0.0008,0.0010,0.0013,0.0003,0.0009,0.0013
2026-08-05 21:29:46.994,2.116667,89,7,0.001912,0.0002,-101.51,0,0,0,60.0000,0.176,0.63816,0,0,0,0,0,0.001197,0.000173,0.001004,0.000218,0.000708,0.000225,0.000430,0.000222,0.000265,0.000236,0.000231,0.000231,0.000205,0.000182,0.000171,101.51,-90.19,-51.94,138.32,157.17,-4.69,17.12,-142.96,-104.91,90.05,129.85,-44.35,-19.31,163.43,-178.81,0.0134,0.0011,0.0066,0.0015,0.0031,0.0019,0.0010,0.0011,0.0021,0.0008,0.0010,0.0013,0.0003,0.0009,0.0013
2026-08-05 21:29:46.994,2.133333,89,8,0.001916,0.0002,-105.14,0,0,0,60.0000,0.176,0.63816,0,0,0,0,0,0.001206,0.000187,0.001006,0.000251,0.000693,0.000212,0.000435,0.000162,0.000276,0.000219,0.000206,0.000241,0.000212,0.000179,0.000141,105.14,-72.56,-38.64,150.15,179.71,8.88,50.19,-99.17,-63.68,141.91,176.18,14.58,49.25,-131.63,-97.16,0.0134,0.0011,0.0066,0.0015,0.0031,0.0019,0.0010,0.0011,0.0021,0.0008,0.0010,0.0013,0.0003,0.0009,0.0013
2026-08-05 21:29:46.994,2.150000,89,9,0.002001,0.0002,-109.35,0,0,0,60.0000,0.176,0.63816,0,0,0,0,0,0.001269,0.000189,0.001025,0.000247,0.000715,0.000219,0.000448,0.000212,0.000291,0.000266,0.000247,0.000264,0.000215,0.000231,0.000180,109.35,-65.81,-25.87,165.48,-156.95,36.83,79.19,-53.08,-23.51,-170.30,-139.24,65.74,97.15,-61.12,-28.86,0.0134,0.0011,0.0066,0.0015,0.0031,0.0019,0.0010,0.0011,0.0021,0.0008,0.0010,0.0013,0.0003,0.0009,0.0013
2026-08-05 21:29:46.994,2.166667,89,10,0.001944,0.0002,-101.64,0,0,0,60.0000,0.176,0.63816,0,0,0,0,0,0.001194,0.000209,0.001051,0.000227,0.000695,0.000227,0.000464,0.000192,0.000270,0.000246,0.000213,0.000224,0.000218,0.000202,0.000184,101.64,-55.49,-33.14,139.92,178.86,22.07,48.35,-100.94,-77.21,132.14,159.08,9.93,43.77,-132.29,-107.20,0.0134,0.0011,0.0066,0.0015,0.0031,0.0019,0.0010,0.0011,0.0021,0.0008,0.0010,0.0013,0.0003,0.0009,0.0013
2026-08-05 21:29:46.994,2.183333,89,11,0.001960,0.0002,-110.07,0,0,0,60.0000,0.176,0.63816,0,0,0,0,0,0.001234,0.000201,0.001024,0.000222,0.000699,0.000216,0.000454,0.000220,0.000308,0.000203,0.000239,0.000206,0.000190,0.000230,0.000184,110.07,-68.56,-24.77,170.26,-161.16,45.59,64.20,-59.25,-40.98,179.24,-154.63,52.72,80.92,-71.59,-56.15,0.0134,0.0011,0.0066,0.0015,0.0031,0.0019,0.0010,0.0011,0.0021,0.0008,0.0010,0.0013,0.0003,0.0009,0.0013
2026-08-05 21:29:46.994,2.200000,89,12,0.001942,0.0001,-108.96,0,0,0,60.0000,0.176,0.63816,0,0,0,0,0,0.001247,0.000192,0.001014,0.000232,0.000686,0.000204,0.000419,0.000220,0.000275,0.000204,0.000219,0.000194,0.000189,0.000186,0.000158,108.96,-73.85,-27.27,172.75,-162.58,44.06,62.91,-68.10,-55.36,-175.23,-145.81,43.34,64.25,-75.97,-82.13,0.0134,0.0011,0.0066,0.0015,0.0031,0.0019,0.0010,0.0011,0.0021,0.0008,0.0010,0.0013,0.0003,0.0009,0.0013
2026-08-05 21:29:46.994,2.216667,89,13,0.001961,0.0002,-107.98,0,0,0,60.0000,0.176,0.63816,0,0,0,0,0,0.001216,0.000195,0.001034,0.000263,0.000722,0.000245,0.000436,0.000228,0.000306,0.000207,0.000260,0.000216,0.000224,0.000210,0.000170,107.98,-72.78,-25.43,155.41,-161.26,36.46,71.66,-80.66,-38.16,169.69,-149.31,47.42,84.18,-78.45,-59.99,0.0134,0.0011,0.0066,0.0015,0.0031,0.0019,0.0010,0.0011,0.0021,0.0008,0.0010,0.0013,0.0003,0.0009,0.0013
2026-08-05 21:29:46.994,2.233333,89,14,0.001945,0.0002,-109.52,0,0,0,60.0000,0.176,0.63816,0,0,0,0,0,0.001221,0.000149,0.001005,0.000236,0.000730,0.000245,0.000446,0.000192,0.000309,0.000292,0.000199,0.000217,0.000245,0.000157,0.000141,109.52,-83.02,-26.26,141.48,-164.28,50.58,68.34,-78.63,-51.14,153.59,-145.80,32.34,71.61,-108.95,-61.84,0.0134,0.0011,0.0066,0.0015,0.0031,0.0019,0.0010,0.0011,0.0021,0.0008,0.0010,0.0013,0.0003,0.0009,0.0013
2026-08-05 21:29:46.994,2.250000,89,15,0.001996,0.0002,-112.84,0,0,0,60.0000,0.176,0.63816,0,0,0,0,0,0.001249,0.000145,0.001075,0.000214,0.000697,0.000242,0.000407,0.000266,0.000300,0.000265,0.000214,0.000242,0.000228,0.000210,0.000205,112.84,-53.85,-10.01,-178.12,-139.77,71.25,105.07,-24.94,-0.06,-140.24,-98.00,90.11,138.47,-9.49,7.86,0.0134,0.0011,0.0066,0.0015,0.0031,0.0019,0.0010,0.0011,0.0021,0.0008,0.0010,0.0013,0.0003,0.0009,0.0013
2026-08-05 21:29:46.994,2.266667,89,16,0.002128,0.0002,-91.18,0,0,0,60.0000,0.176,0.63816,0,0,0,0,0,0.001434,0.000119,0.001177,0.000014,0.000739,0.000060,0.000414,0.000118,0.000251,0.000173,0.000195,0.000184,0.000159,0.000227,0.000028,91.18,-10.56,-77.35,-22.98,112.12,-175.82,-42.46,15.57,-171.57,-113.63,33.91,100.83,-129.16,-69.82,109.51,0.0134,0.0011,0.0066,0.0015,0.0031,0.0019,0.0010,0.0011,0.0021,0.0008,0.0010,0.0013,0.0003,0.0009,0.0013
2026-08-05 21:29:46.994,2.283333,89,17,0.002047,0.0002,-105.46,0,0,0,60.0000,0.176,0.63816,0,0,0,0,0,0.001391,0.000050,0.001109,0.000089,0.000659,0.000149,0.000350,0.000195,0.000264,0.000215,0.000279,0.000198,0.000208,0.000191,0.000065,105.46,-174.73,-40.21,30.51,176.13,-116.99,56.07,108.55,-45.24,-19.32,-161.30,-154.78,55.64,66.75,-55.19,0.0134,0.0011,0.0066,0.0015,0.0031,0.0019,0.0010,0.0011,0.0021,0.0008,0.0010,0.0013,0.0003,0.0009,0.0013
2026-08-05 21:29:46.994,2.300000,89,18,0.001966,0.0002,-107.02,0,0,0,60.0000,0.176,0.63816,0,0,0,0,0,0.001291,0.000056,0.001022,0.000171,0.000628,0.000232,0.000445,0.000221,0.000390,0.000160,0.000318,0.000127,0.000210,0.000196,0.000054,107.02,176.38,-32.16,30.79,-167.10,-129.85,77.94,83.19,-39.61,-34.16,-174.36,-128.69,49.56,103.56,-62.27,0.0134,0.0011,0.0066,0.0015,0.0031,0.0019,0.0010,0.0011,0.0021,0.0008,0.0010,0.0013,0.0003,0.0009,0.0013
2026-08-05 21:29:46.994,2.316667,89,19,0.001971,0.0002,-102.77,0,0,0,60.0000,0.176,0.63816,0,0,0,0,0,0.001259,0.000139,0.001042,0.000234,0.000720,0.000218,0.000451,0.000166,0.000306,0.000186,0.000214,0.000212,0.000190,0.000220,0.000095,102.77,164.63,-45.91,-16.93,167.47,-176.21,32.07,29.73,-88.79,-76.79,132.72,148.22,-13.60,3.18,-169.16,0.0134,0.0011,0.0066,0.0015,0.0031,0.0019,0.0010,0.0011,0.0021,0.0008,0.0010,0.0013,0.0003,0.0009,0.0013
2026-08-05 21:29:46.994,2.333333,89,20,0.001905,0.0002,-110.40,0,0,0,60.0000,0.176,0.63816,0,0,0,0,0,0.001206,0.000117,0.001015,0.000284,0.000625,0.000229,0.000415,0.000207,0.000310,0.000172,0.000296,0.000213,0.000155,0.000171,0.000099,110.40,141.69,-15.42,16.37,-146.67,-126.61,99.94,115.85,-3.78,30.24,-111.05,-74.01,125.51,159.11,15.27,0.0134,0.0011,0.0066,0.0015,0.0031,0.0019,0.0010,0.0011,0.0021,0.0008,0.0010,0.0013,0.0003,0.0009,0.0013
2026-08-05 21:29:46.994,2.350000,89,21,0.001933,0.0002,-112.25,0,0,0,60.0000,0.176,0.63816,0,0,0,0,0,0.001205,0.000145,0.001009,0.000233,0.000706,0.000229,0.000462,0.000213,0.000333,0.000194,0.000297,0.000216,0.000229,0.000217,0.000119,112.25,153.85,-15.78,21.86,-143.98,-115.44,102.71,128.72,1.46,30.22,-113.17,-82.76,124.94,155.51,3.87,0.0134,0.0011,0.0066,0.0015,0.0031,0.0019,0.0010,0.0011,0.0021,0.0008,0.0010,0.0013,0.0003,0.0009,0.0013
2026-08-05 21:29:46.994,2.366667,89,22,0.001911,0.0002,-111.32,0,0,0,60.0000,0.176,0.63816,0,0,0,0,0,0.001211,0.000163,0.001007,0.000239,0.000693,0.000217,0.000419,0.000160,0.000323,0.000175,0.000266,0.000220,0.000198,0.000222,0.000085,111.32,167.38,-16.83,28.47,-149.01,-121.36,101.33,136.95,-7.84,25.26,-116.43,-73.34,94.30,143.02,-23.50,0.0134,0.0011,0.0066,0.0015,0.0031,0.0019,0.0010,0.0011,0.0021,0.0008,0.0010,0.0013,0.0003,0.0009,0.0013
2026-08-05 21:29:46.994,2.383333,89,23,0.001938,0.0002,-111.61,0,0,0,60.0000,0.176,0.63816,0,0,0,0,0,0.001247,0.000151,0.001021,0.000205,0.000692,0.000203,0.000421,0.000164,0.000324,0.000143,0.000288,0.000223,0.000203,0.000214,0.000113,111.61,155.68,-23.82,5.40,-153.56,-131.17,91.15,113.65,-13.14,24.06,-126.19,-93.19,110.24,128.13,-0.19,0.0134,0.0011,0.0066,0.0015,0.0031,0.0019,0.0010,0.0011,0.0021,0.0008,0.0010,0.0013,0.0003,0.0009,0.0013
2026-08-05 21:29:46.994,2.400000,89,24,0.001959,0.0002,-102.05,0,0,0,60.0000,0.176,0.63816,0,0,0,0,0,0.001200,0.000136,0.001032,0.000265,0.000720,0.000254,0.000470,0.000213,0.000337,0.000200,0.000267,0.000211,0.000218,0.000253,0.000091,102.05,121.51,-43.05,-16.21,168.44,-170.36,36.56,59.09,-84.72,-57.86,144.95,173.46,1.81,28.43,-137.77,0.0134,0.0011,0.0066,0.0015,0.0031,0.0019,0.0010,0.0011,0.0021,0.0008,0.0010,0.0013,0.0003,0.0009,0.0013
2026-08-05 21:29:46.994,2.416667,89,25,0.001992,0.0002,-107.64,0,0,0,60.0000,0.176,0.63816,0,0,0,0,0,0.001272,0.000102,0.001054,0.000193,0.000705,0.000180,0.000484,0.000218,0.000307,0.000191,0.000246,0.000200,0.000205,0.000240,0.000081,107.64,150.09,-28.88,-1.11,-166.45,-144.94,65.70,85.87,-44.12,-18.90,-168.20,-138.77,56.75,85.59,-77.38,0.0134,0.0011,0.0066,0.0015,0.0031,0.0019,0.0010,0.0011,0.0021,0.0008,0.0010,0.0013,0.0003,0.0009,0.0013
2026-08-05 21:29:46.994,2.433333,89,26,0.001856,0.0002,-107.20,0,0,0,60.0000,0.176,0.63816,0,0,0,0,0,0.001175,0.000143,0.000984,0.000213,0.000700,0.000214,0.000438,0.000159,0.000288,0.000121,0.000231,0.000168,0.000170,0.000184,0.000078,107.20,153.71,-36.81,-12.06,-177.53,-161.24,50.80,58.98,-65.56,-40.99,168.50,-153.94,32.07,65.22,-101.43,0.0134,0.0011,0.0066,0.0015,0.0031,0.0019,0.0010,0.0011,0.0021,0.0008,0.0010,0.0013,0.0003,0.0009,0.0013
2026-08-05 21:29:46.994,2.450000,89,27,0.001993,0.0002,-104.23,0,0,0,60.0000,0.176,0.63816,0,0,0,0,0,0.001230,0.000133,0.001055,0.000284,0.000702,0.000248,0.000473,0.000206,0.000315,0.000174,0.000253,0.000223,0.000177,0.000201,0.000090,104.23,126.77,-38.88,-23.79,176.39,-178.57,44.81,51.30,-78.72,-52.94,146.15,-170.43,-3.30,51.04,-142.47,0.0134,0.0011,0.0066,0.0015,0.0031,0.0019,0.0010,0.0011,0.0021,0.0008,0.0010,0.0013,0.0003,0.0009,0.0013
2026-08-05 21:29:46.994,2.466667,89,28,0.002210,0.0002,-91.34,0,0,0,60.0000,0.176,0.63816,0,0,0,0,0,0.001508,0.000258,0.001197,0.000117,0.000727,0.000099,0.000420,0.000151,0.000251,0.000163,0.000179,0.000177,0.000066,0.000256,0.000089,91.34,-168.62,-77.87,27.92,114.32,-12.77,-41.89,-147.04,173.97,66.31,8.53,-63.13,151.32,133.29,-101.13,0.0134,0.0011,0.0066,0.0015,0.0031,0.0019,0.0010,0.0011,0.0021,0.0008,0.0010,0.0013,0.0003,0.0009,0.0013
2026-08-05 21:29:46.994,2.483333,89,29,0.002050,0.0002,-104.90,0,0,0,60.0000,0.176,0.63816,0,0,0,0,0,0.001361,0.000154,0.001087,0.000058,0.000654,0.000241,0.000369,0.000320,0.000292,0.000270,0.000216,0.000210,0.000118,0.000205,0.000112,104.90,-135.84,-39.97,168.74,-179.83,68.25,60.81,-69.60,-49.55,156.39,-174.67,31.39,55.34,-85.99,-53.13,0.0134,0.0011,0.0066,0.0015,0.0031,0.0019,0.0010,0.0011,0.0021,0.0008,0.0010,0.0013,0.0003,0.0009,0.0013
2026-08-05 21:29:47.253,2.500000,90,0,0.001950,0.0002,-105.23,0,0,0,60.0000,0.179,0.67794,0,0,0,0,0,0.001302,0.000136,0.001024,0.000148,0.000610,0.000243,0.000366,0.000296,0.000344,0.000217,0.000261,0.000136,0.000110,0.000153,0.000057,105.23,-104.50,-39.66,172.79,-173.28,48.14,71.15,-85.96,-49.02,143.67,175.70,32.95,46.21,-84.67,-46.49,0.0135,0.0036,0.0067,0.0006,0.0024,0.0010,0.0012,0.0014,0.0008,0.0030,0.0010,0.0012,0.0011,0.0014,0.0009
2026-08-05 21:29:47.253,2.516667,90,1,0.001923,0.0002,-110.84,0,0,0,60.0000,0.179,0.67794,0,0,0,0,0,0.001204,0.000188,0.001002,0.000262,0.000691,0.000263,0.000442,0.000232,0.000288,0.000241,0.000219,0.000228,0.000172,0.000200,0.000150,110.84,-68.46,-22.93,167.67,-152.83,47.80,85.92,-62.05,-27.02,-172.57,-136.83,64.21,105.21,-60.34,-20.67,0.0135,0.0036,0.0067,0.0006,0.0024,0.0010,0.0012,0.0014,0.0008,0.0030,0.0010,0.0012,0.0011,0.0014,0.0009
2026-08-05 21:29:47.253,2.533333,90,2,0.001971,0.0002,-105.61,0,0,0,60.0000,0.179,0.67794,0,0,0,0,0,0.001237,0.000176,0.001029,0.000246,0.000716,0.000237,0.000451,0.000220,0.000306,0.000221,0.000255,0.000241,0.000251,0.000200,0.000177,105.61,-71.58,-38.12,147.12,178.25,22.62,46.50,-100.67,-73.74,136.14,169.24,1.01,30.08,-133.37,-112.64,0.0135,0.0036,0.0067,0.0006,0.0024,0.0010,0.0012,0.0014,0.0008,0.0030,0.0010,0.0012,0.0011,0.0014,0.0009
2026-08-05 21:29:47.253,2.550000,90,3,0.001917,0.0002,-104.68,0,0,0,60.0000,0.179,0.67794,0,0,0,0,0,0.001152,0.000197,0.001036,0.000232,0.000690,0.000266,0.000473,0.000230,0.000310,0.000201,0.000219,0.000224,0.000205,0.000201,0.000140,104.68,-56.17,-36.67,155.65,-177.62,17.95,45.18,-95.86,-77.15,139.55,166.21,10.40,31.86,-125.54,-110.23,0.0135,0.0036,0.0067,0.0006,0.0024,0.0010,0.0012,0.0014,0.0008,0.0030,0.0010,0.0012,0.0011,0.0014,0.0009
2026-08-05 21:29:47.253,2.566667,90,4,0.001846,0.0002,-109.26,0,0,0,60.0000,0.179,0.67794,0,0,0,0,0,0.001124,0.000173,0.000976,0.000217,0.000688,0.000228,0.000421,0.000211,0.000270,0.000204,0.000226,0.000198,0.000210,0.000169,0.000150,109.26,-68.08,-26.95,164.66,-162.92,35.33,69.31,-79.52,-42.99,166.44,-157.72,49.70,80.04,-76.82,-60.67,0.0135,0.0036,0.0067,0.0006,0.0024,0.0010,0.0012,0.0014,0.0008,0.0030,0.0010,0.0012,0.0011,0.0014,0.0009
2026-08-05 21:29:47.253,2.583333,90,5,0.001901,0.0002,-100.72,0,0,0,60.0000,0.179,0.67794,0,0,0,0,0,0.001203,0.000176,0.000995,0.000237,0.000679,0.000207,0.000395,0.000216,0.000298,0.000204,0.000248,0.000229,0.000247,0.000198,0.000176,100.72,-80.44,-51.09,131.88,157.30,-1.07,16.39,-127.65,-111.82,102.73,122.69,-45.94,-20.26,169.29,-168.12,0.0135,0.0036,0.0067,0.0006,0.0024,0.0010,0.0012,0.0014,0.0008,0.0030,0.0010,0.0012,0.0011,0.0014,0.0009
2026-08-05 21:29:47.253,2.600000,90,6,0.001983,0.0002,-105.90,0,0,0,60.0000,0.179,0.67794,0,0,0,0,0,0.001233,0.000149,0.001033,0.000230,0.000740,0.000221,0.000451,0.000243,0.000302,0.000238,0.000239,0.000247,0.000227,0.000203,0.000171,105.90,-65.40,-30.52,152.36,-172.86,38.52,55.43,-80.28,-61.01,155.58,-171.44,23.62,56.08,-105.23,-93.49,0.0135,0.0036,0.0067,0.0006,0.0024,0.0010,0.0012,0.0014,0.0008,0.0030,0.0010,0.0012,0.0011,0.0014,0.0009
2026-08-05 21:29:47.253,2.616667,90,7,0.001894,0.0002,-103.20,0,0,0,60.0000,0.179,0.67794,0,0,0,0,0,0.001179,0.000175,0.001026,0.000210,0.000672,0.000228,0.000394,0.000237,0.000276,0.000236,0.000220,0.000210,0.000215,0.000152,0.000162,103.20,-90.94,-45.25,144.56,168.04,4.52,27.77,-109.60,-100.60,113.74,142.83,-29.45,-9.82,-166.00,-162.97,0.0135,0.0036,0.0067,0.0006,0.0024,0.0010,0.0012,0.0014,0.0008,0.0030,0.0010,0.0012,0.0011,0.0014,0.0009
2026-08-05 21:29:47.253,2.633333,90,8,0.001987,0.0002,-103.05,0,0,0,60.0000,0.179,0.67794,0,0,0,0,0,0.001289,0.000188,0.000999,0.000264,0.000715,0.000205,0.000454,0.000207,0.000289,0.000208,0.000229,0.000205,0.000249,0.000156,0.000193,103.05,-75.98,-39.87,143.45,168.42,19.06,29.35,-118.28,-95.50,112.20,150.69,-16.76,9.27,-149.21,-143.94,0.0135,0.0036,0.0067,0.0006,0.0024,0.0010,0.0012,0.0014,0.0008,0.0030,0.0010,0.0012,0.0011,0.0014,0.0009
2026-08-05 21:29:47.253,2.650000,90,9,0.001988,0.0002,-106.60,0,0,0,60.0000,0.179,0.67794,0,0,0,0,0,0.001275,0.000124,0.001034,0.000192,0.000723,0.000208,0.000463,0.000224,0.000312,0.000229,0.000242,0.000243,0.000229,0.000178,0.000174,106.60,-81.79,-35.68,156.64,-175.52,29.96,51.20,-96.13,-66.97,143.50,-179.56,10.57,48.58,-117.48,-101.24,0.0135,0.0036,0.0067,0.0006,0.0024,0.0010,0.0012,0.0014,0.0008,0.0030,0.0010,0.0012,0.0011,0.0014,0.0009
2026-08-05 21:29:47.253,2.666667,90,10,0.002142,0.0002,-86.62,0,0,0,60.0000,0.179,0.67794,0,0,0,0,0,0.001453,0.000132,0.001177,0.000023,0.000718,0.000049,0.000389,0.000098,0.000203,0.000182,0.000161,0.000232,0.000062,0.000309,0.000078,86.62,-13.87,-94.64,-141.39,85.87,148.08,-78.09,-2.21,136.14,-143.57,-29.30,37.55,158.01,-136.55,-162.33,0.0135,0.0036,0.0067,0.0006,0.0024,0.0010,0.0012,0.0014,0.0008,0.0030,0.0010,0.0012,0.0011,0.0014,0.0009
2026-08-05 21:29:47.253,2.683333,90,11,0.002079,0.0002,-96.91,0,0,0,60.0000,0.179,0.67794,0,0,0,0,0,0.001374,0.000086,0.001115,0.000133,0.000694,0.000190,0.000351,0.000194,0.000250,0.000250,0.000272,0.000245,0.000245,0.000216,0.000131,96.91,43.69,-63.31,-40.28,140.14,-177.64,-2.55,43.27,-112.46,-94.11,120.77,125.01,-38.57,-28.58,174.06,0.0135,0.0036,0.0067,0.0006,0.0024,0.0010,0.0012,0.0014,0.0008,0.0030,0.0010,0.0012,0.0011,0.0014,0.0009
2026-08-05 21:29:47.253,2.700000,90,12,0.001948,0.0002,-105.40,0,0,0,60.0000,0.179,0.67794,0,0,0,0,0,0.001250,0.000037,0.001010,0.000167,0.000652,0.000276,0.000427,0.000276,0.000374,0.000217,0.000324,0.000167,0.000219,0.000167,0.000112,105.40,81.52,-37.67,21.20,-172.78,-123.21,69.47,92.22,-48.33,-45.22,-173.37,-153.50,51.14,95.25,-85.75,0.0135,0.0036,0.0067,0.0006,0.0024,0.0010,0.0012,0.0014,0.0008,0.0030,0.0010,0.0012,0.0011,0.0014,0.0009
2026-08-05 21:29:47.253,2.716667,90,13,0.001946,0.0002,-111.63,0,0,0,60.0000,0.179,0.67794,0,0,0,0,0,0.001242,0.000115,0.001009,0.000228,0.000689,0.000245,0.000455,0.000181,0.000325,0.000165,0.000275,0.000206,0.000207,0.000196,0.000092,111.63,145.70,-20.67,16.03,-146.69,-121.59,99.75,119.49,-6.07,28.67,-116.41,-82.32,115.39,150.33,-15.81,0.0135,0.0036,0.0067,0.0006,0.0024,0.0010,0.0012,0.0014,0.0008,0.0030,0.0010,0.0012,0.0011,0.0014,0.0009
2026-08-05 21:29:47.253,2.733333,90,14,0.001912,0.0002,-110.61,0,0,0,60.0000,0.179,0.67794,0,0,0,0,0,0.001181,0.000099,0.001015,0.000222,0.000687,0.000219,0.000441,0.000181,0.000342,0.000168,0.000283,0.000184,0.000218,0.000206,0.000110,110.61,129.36,-14.79,24.04,-143.04,-113.01,105.86,128.22,3.50,26.60,-105.85,-77.16,135.82,165.38,-3.43,0.0135,0.0036,0.0067,0.0006,0.0024,0.0010,0.0012,0.0014,0.0008,0.0030,0.0010,0.0012,0.0011,0.0014,0.0009
2026-08-05 21:29:47.253,2.750000,90,15,0.001889,0.0002,-111.53,0,0,0,60.0000,0.179,0.67794,0,0,0,0,0,0.001180,0.000113,0.001018,0.000219,0.000687,0.000196,0.000456,0.000171,0.000305,0.000153,0.000274,0.000172,0.000212,0.000211,0.000098,111.53,154.23,-18.95,17.95,-149.09,-119.35,92.41,122.10,-8.41,32.41,-124.04,-84.89,120.15,153.20,-15.99,0.0135,0.0036,0.0067,0.0006,0.0024,0.0010,0.0012,0.0014,0.0008,0.0030,0.0010,0.0012,0.0011,0.0014,0.0009
2026-08-05 21:29:47.253,2.766667,90,16,0.001911,0.0002,-111.99,0,0,0,60.0000,0.179,0.67794,0,0,0,0,0,0.001164,0.000129,0.001023,0.000250,0.000707,0.000222,0.000473,0.000178,0.000316,0.000156,0.000288,0.000223,0.000190,0.000198,0.000127,111.99,139.52,-13.30,22.99,-141.53,-111.79,106.16,145.49,-3.55,44.43,-106.23,-65.70,137.40,178.03,12.02,0.0135,0.0036,0.0067,0.0006,0.0024,0.0010,0.0012,0.0014,0.0008,0.0030,0.0010,0.0012,0.0011,0.0014,0.0009
2026-08-05 21:29:47.253,2.783333,90,17,0.001870,0.0002,-111.38,0,0,0,60.0000,0.179,0.67794,0,0,0,0,0,0.001151,0.000138,0.000996,0.000240,0.000701,0.000220,0.000450,0.000186,0.000308,0.000182,0.000233,0.000202,0.000206,0.000253,0.000087,111.38,141.13,-15.37,19.24,-145.92,-116.39,97.49,129.90,-7.40,32.81,-114.90,-71.31,125.48,160.72,6.49,0.0135,0.0036,0.0067,0.0006,0.0024,0.0010,0.0012,0.0014,0.0008,0.0030,0.0010,0.0012,0.0011,0.0014,0.0009
2026-08-05 21:29:47.253,2.800000,90,18,0.001910,0.0002,-103.97,0,0,0,60.0000,0.179,0.67794,0,0,0,0,0,0.001182,0.000154,0.000991,0.000216,0.000739,0.000238,0.000458,0.000172,0.000331,0.000192,0.000243,0.000209,0.000192,0.000223,0.000110,103.97,151.70,-39.41,-0.82,175.91,-154.67,42.25,78.91,-80.94,-33.62,152.96,-162.11,20.60,56.23,-127.69,0.0135,0.0036,0.0067,0.0006,0.0024,0.0010,0.0012,0.0014,0.0008,0.0030,0.0010,0.0012,0.0011,0.0014,0.0009
2026-08-05 21:29:47.253,2.816667,90,19,0.001925,0.0002,-111.77,0,0,0,60.0000,0.179,0.67794,0,0,0,0,0,0.001221,0.000153,0.001007,0.000231,0.000687,0.000245,0.000431,0.000181,0.000317,0.000126,0.000281,0.000196,0.000184,0.000214,0.000116,111.77,156.29,-20.41,10.51,-149.87,-136.02,96.42,107.26,-13.61,15.15,-125.07,-81.31,113.24,144.53,-2.91,0.0135,0.0036,0.0067,0.0006,0.0024,0.0010,0.0012,0.0014,0.0008,0.0030,0.0010,0.0012,0.0011,0.0014,0.0009
2026-08-05 21:29:47.253,2.833333,90,20,0.001933,0.0002,-110.88,0,0,0,60.0000,0.179,0.67794,0,0,0,0,0,0.001198,0.000142,0.001017,0.000264,0.000692,0.000245,0.000457,0.000188,0.000330,0.000142,0.000287,0.000192,0.000209,0.000221,0.000121,110.88,151.59,-21.45,9.74,-152.29,-126.93,90.39,115.88,-15.74,24.54,-128.07,-82.26,109.19,145.41,-11.69,0.0135,0.0036,0.0067,0.0006,0.0024,0.0010,0.0012,0.0014,0.0008,0.0030,0.0010,0.0012,0.0011,0.0014,0.0009
2026-08-05 21:29:47.253,2.850000,90,21,0.001862,0.0002,-106.95,0,0,0,60.0000,0.179,0.67794,0,0,0,0,0,0.001180,0.000080,0.000984,0.000165,0.000631,0.000205,0.000405,0.000215,0.000319,0.000214,0.000271,0.000206,0.000228,0.000220,0.000129,106.95,179.21,-33.84,-14.65,-174.58,-157.39,45.89,67.66,-73.07,-41.18,164.78,-152.38,28.93,75.26,-108.22,0.0135,0.0036,0.0067,0.0006,0.0024,0.0010,0.0012,0.0014,0.0008,0.0030,0.0010,0.0012,0.0011,0.0014,0.0009
2026-08-05 21:29:47.253,2.866667,90,22,0.002197,0.0002,-99.46,0,0,0,60.0000,0.179,0.67794,0,0,0,0,0,0.001479,0.000280,0.001192,0.000077,0.000717,0.000117,0.000401,0.000186,0.000271,0.000126,0.000144,0.000171,0.000035,0.000281,0.000113,99.46,-151.04,-55.20,52.19,152.56,39.17,10.50,-101.52,-117.40,129.31,96.66,11.98,-78.02,-124.50,-53.44,0.0135,0.0036,0.0067,0.0006,0.0024,0.0010,0.0012,0.0014,0.0008,0.0030,0.0010,0.0012,0.0011,0.0014,0.0009
2026-08-05 21:29:47.253,2.883333,90,23,0.002013,0.0002,-99.24,0,0,0,60.0000,0.179,0.67794,0,0,0,0,0,0.001352,0.000170,0.001074,0.000047,0.000606,0.000166,0.000320,0.000244,0.000295,0.000237,0.000261,0.000201,0.000167,0.000207,0.000133,99.24,-139.64,-56.31,113.95,154.91,37.34,35.58,-113.05,-81.45,108.95,143.81,-16.42,16.61,-146.86,-99.75,0.0135,0.0036,0.0067,0.0006,0.0024,0.0010,0.0012,0.0014,0.0008,0.0030,0.0010,0.0012,0.0011,0.0014,0.0009
2026-08-05 21:29:47.253,2.900000,90,24,0.001935,0.0001,-114.95,0,0,0,60.0000,0.179,0.67794,0,0,0,0,0,0.001268,0.000098,0.001008,0.000153,0.000590,0.000282,0.000391,0.000295,0.000341,0.000229,0.000288,0.000162,0.000142,0.000197,0.000080,114.95,-57.15,-7.81,-145.83,-125.20,114.62,141.64,-1.57,43.90,-110.73,-70.81,152.16,158.09,57.79,67.89,0.0135,0.0036,0.0067,0.0006,0.0024,0.0010,0.0012,0.0014,0.0008,0.0030,0.0010,0.0012,0.0011,0.0014,0.0009
2026-08-05 21:29:47.253,2.916667,90,25,0.001829,0.0002,-107.45,0,0,0,60.0000,0.179,0.67794,0,0,0,0,0,0.001140,0.000125,0.000973,0.000195,0.000704,0.000217,0.000416,0.000214,0.000255,0.000208,0.000208,0.000196,0.000187,0.000177,0.000138,107.45,-70.51,-36.52,159.29,-176.85,31.11,49.00,-90.47,-63.69,148.15,-173.40,24.67,53.17,-110.01,-99.18,0.0135,0.0036,0.0067,0.0006,0.0024,0.0010,0.0012,0.0014,0.0008,0.0030,0.0010,0.0012,0.0011,0.0014,0.0009
2026-08-05 21:29:47.253,2.933333,90,26,0.001947,0.0002,-102.04,0,0,0,60.0000,0.179,0.67794,0,0,0,0,0,0.001226,0.000176,0.001015,0.000245,0.000709,0.000232,0.000445,0.000236,0.000284,0.000262,0.000226,0.000239,0.000199,0.000204,0.000156,102.04,-74.85,-50.86,137.54,160.00,3.05,20.98,-126.48,-110.04,101.79,128.35,-38.64,-8.13,178.13,-166.20,0.0135,0.0036,0.0067,0.0006,0.0024,0.0010,0.0012,0.0014,0.0008,0.0030,0.0010,0.0012,0.0011,0.0014,0.0009
2026-08-05 21:29:47.253,2.950000,90,27,0.001928,0.0002,-104.44,0,0,0,60.0000,0.179,0.67794,0,0,0,0,0,0.001186,0.000150,0.001018,0.000209,0.000718,0.000245,0.000470,0.000225,0.000274,0.000243,0.000225,0.000230,0.000208,0.000204,0.000145,104.44,-73.18,-42.33,145.51,170.77,17.62,33.24,-111.30,-90.36,115.64,151.74,-15.96,24.96,-156.71,-126.57,0.0135,0.0036,0.0067,0.0006,0.0024,0.0010,0.0012,0.0014,0.0008,0.0030,0.0010,0.0012,0.0011,0.0014,0.0009
2026-08-05 21:29:47.253,2.966667,90,28,0.001847,0.0001,-112.24,0,0,0,60.0000,0.179,0.67794,0,0,0,0,0,0.001127,0.000176,0.000971,0.000233,0.000689,0.000230,0.000451,0.000202,0.000296,0.000200,0.000208,0.000215,0.000146,0.000226,0.000119,112.24,-32.80,-20.19,-178.17,-149.58,56.63,87.55,-50.83,-23.32,-149.80,-120.78,93.24,108.70,-25.84,-15.13,0.0135,0.0036,0.0067,0.0006,0.0024,0.0010,0.0012,0.0014,0.0008,0.0030,0.0010,0.0012,0.0011,0.0014,0.0009
2026-08-05 21:29:47.253,2.983333,90,29,0.001925,0.0002,-104.16,0,0,0,60.0000,0.179,0.67794,0,0,0,0,0,0.001199,0.000170,0.000999,0.000237,0.000706,0.000230,0.000456,0.000214,0.000302,0.000229,0.000248,0.000224,0.000222,0.000211,0.000175,104.16,-66.23,-44.11,144.20,170.58,10.93,36.96,-110.63,-88.44,125.40,148.29,-10.75,15.59,-148.91,-136.98,0.0135,0.0036,0.0067,0.0006,0.0024,0.0010,0.0012,0.0014,0.0008,0.0030,0.0010,0.0012,0.0011,0.0014,0.0009
2026-08-05 21:29:47.510,3.000000,91,0,0.001897,0.0002,-96.53,0,0,0,60.0000,0.178,0.61000,0,0,0,0,0,0.001162,0.000151,0.000995,0.000235,0.000729,0.000206,0.000466,0.000192,0.000299,0.000210,0.000237,0.000213,0.000198,0.000168,0.000142,96.53,-87.35,-63.98,113.67,137.37,-35.56,-12.18,-170.31,-153.49,53.52,70.54,-94.22,-78.15,108.63,123.83,0.0142,0.0051,0.0048,0.0020,0.0026,0.0013,0.0002,0.0004,0.0016,0.0010,0.0005,0.0019,0.0012,0.0020,0.0003
2026-08-05 21:29:47.510,3.016667,91,1,0.001909,0.0002,-109.60,0,0,0,60.0000,0.178,0.61000,0,0,0,0,0,0.001198,0.000164,0.000988,0.000242,0.000691,0.000233,0.000439,0.000224,0.000294,0.000250,0.000241,0.000239,0.000189,0.000211,0.000169,109.60,-63.15,-25.09,168.25,-159.49,51.31,74.85,-57.68,-38.80,-179.39,-154.83,53.60,89.18,-80.60,-51.32,0.0142,0.0051,0.0048,0.0020,0.0026,0.0013,0.0002,0.0004,0.0016,0.0010,0.0005,0.0019,0.0012,0.0020,0.0003
2026-08-05 21:29:47.510,3.033333,91,2,0.001852,0.0002,-105.73,0,0,0,60.0000,0.178,0.61000,0,0,0,0,0,0.001190,0.000136,0.000930,0.000263,0.000692,0.000203,0.000384,0.000222,0.000288,0.000194,0.000239,0.000203,0.000218,0.000169,0.000134,105.73,-59.34,-32.14,155.20,-175.09,30.35,58.29,-89.13,-49.67,145.81,-175.70,30.73,60.99,-112.93,-89.86,0.0142,0.0051,0.0048,0.0020,0.0026,0.0013,0.0002,0.0004,0.0016,0.0010,0.0005,0.0019,0.0012,0.0020,0.0003
2026-08-05 21:29:47.510,3.050000,91,3,0.001931,0.0002,-107.73,0,0,0,60.0000,0.178,0.61000,0,0,0,0,0,0.001219,0.000144,0.001011,0.000222,0.000714,0.000206,0.000431,0.000199,0.000259,0.000222,0.000216,0.000242,0.000218,0.000209,0.000144,107.73,-75.97,-32.12,147.28,-173.03,31.40,58.68,-90.08,-62.44,156.44,-173.25,29.82,56.83,-100.67,-81.73,0.0142,0.0051,0.0048,0.0020,0.0026,0.0013,0.0002,0.0004,0.0016,0.0010,0.0005,0.0019,0.0012,0.0020,0.0003
2026-08-05 21:29:47.510,3.066667,91,4,0.002132,0.0002,-89.33,0,0,0,60.0000,0.178,0.61000,0,0,0,0,0,0.001451,0.000191,0.001163,0.000045,0.000746,0.000049,0.000420,0.000093,0.000232,0.000127,0.000154,0.000186,0.000063,0.000225,0.000058,89.33,-3.29,-87.06,-162.61,99.96,146.56,-59.49,-4.93,157.05,-138.46,8.93,69.35,-158.62,-97.12,-158.03,0.0142,0.0051,0.0048,0.0020,0.0026,0.0013,0.0002,0.0004,0.0016,0.0010,0.0005,0.0019,0.0012,0.0020,0.0003
2026-08-05 21:29:47.510,3.083333,91,5,0.002015,0.0002,-105.38,0,0,0,60.0000,0.178,0.61000,0,0,0,0,0,0.001343,0.000106,0.001079,0.000078,0.000659,0.000140,0.000355,0.000199,0.000262,0.000215,0.000285,0.000224,0.000195,0.000213,0.000118,105.38,52.62,-37.37,17.23,-178.47,-115.66,64.10,118.02,-30.49,-9.09,-152.78,-125.87,66.51,96.86,-49.36,0.0142,0.0051,0.0048,0.0020,0.0026,0.0013,0.0002,0.0004,0.0016,0.0010,0.0005,0.0019,0.0012,0.0020,0.0003
2026-08-05 21:29:47.510,3.100000,91,6,0.001974,0.0002,-105.66,0,0,0,60.0000,0.178,0.61000,0,0,0,0,0,0.001286,0.000080,0.001026,0.000192,0.000647,0.000239,0.000426,0.000237,0.000378,0.000171,0.000325,0.000174,0.000196,0.000209,0.000058,105.66,174.00,-38.51,23.83,-175.74,-126.99,67.69,89.91,-49.81,-34.21,174.10,-138.89,25.10,88.54,-119.22,0.0142,0.0051,0.0048,0.0020,0.0026,0.0013,0.0002,0.0004,0.0016,0.0010,0.0005,0.0019,0.0012,0.0020,0.0003
2026-08-05 21:29:47.510,3.116667,91,7,0.001886,0.0002,-110.55,0,0,0,60.0000,0.178,0.61000,0,0,0,0,0,0.001168,0.000129,0.000994,0.000276,0.000646,0.000228,0.000477,0.000178,0.000328,0.000166,0.000245,0.000225,0.000196,0.000213,0.000109,110.55,155.36,-17.86,19.88,-145.78,-119.79,96.05,112.50,-10.82,47.69,-124.96,-69.01,115.54,155.98,4.63,0.0142,0.0051,0.0048,0.0020,0.0026,0.0013,0.0002,0.0004,0.0016,0.0010,0.0005,0.0019,0.0012,0.0020,0.0003
2026-08-05 21:29:47.510,3.133333,91,8,0.001958,0.0002,-105.40,0,0,0,60.0000,0.178,0.61000,0,0,0,0,0,0.001205,0.000116,0.001054,0.000250,0.000693,0.000233,0.000488,0.000187,0.000309,0.000154,0.000254,0.000212,0.000184,0.000229,0.000124,105.40,142.34,-35.22,-7.88,-178.30,-157.95,49.06,60.32,-72.29,-42.50,166.65,-161.17,23.44,66.43,-107.44,0.0142,0.0051,0.0048,0.0020,0.0026,0.0013,0.0002,0.0004,0.0016,0.0010,0.0005,0.0019,0.0012,0.0020,0.0003
2026-08-05 21:29:47.510,3.150000,91,9,0.001918,0.0002,-107.32,0,0,0,60.0000,0.178,0.61000,0,0,0,0,0,0.001223,0.000134,0.000995,0.000184,0.000722,0.000201,0.000424,0.000127,0.000356,0.000174,0.000268,0.000186,0.000201,0.000217,0.000106,107.32,152.58,-29.64,9.79,-167.14,-144.06,70.37,90.90,-44.51,-10.69,-165.89,-134.02,56.48,84.71,-86.10,0.0142,0.0051,0.0048,0.0020,0.0026,0.0013,0.0002,0.0004,0.0016,0.0010,0.0005,0.0019,0.0012,0.0020,0.0003
2026-08-05 21:29:47.510,3.166667,91,10,0.001876,0.0002,-101.67,0,0,0,60.0000,0.178,0.61000,0,0,0,0,0,0.001163,0.000165,0.000992,0.000264,0.000678,0.000223,0.000444,0.000177,0.000310,0.000145,0.000260,0.000207,0.000183,0.000222,0.000106,101.67,145.64,-46.89,-15.92,162.01,-179.87,27.94,45.32,-95.69,-60.09,132.59,173.68,-8.54,22.39,-147.41,0.0142,0.0051,0.0048,0.0020,0.0026,0.0013,0.0002,0.0004,0.0016,0.0010,0.0005,0.0019,0.0012,0.0020,0.0003
2026-08-05 21:29:47.510,3.183333,91,11,0.001902,0.0002,-113.91,0,0,0,60.0000,0.178,0.61000,0,0,0,0,0,0.001179,0.000094,0.001024,0.000271,0.000661,0.000195,0.000473,0.000191,0.000315,0.000169,0.000233,0.000196,0.000219,0.000247,0.000089,113.91,156.98,-2.74,37.45,-125.89,-87.62,125.86,144.59,36.50,68.32,-75.26,-32.68,167.81,-155.59,71.16,0.0142,0.0051,0.0048,0.0020,0.0026,0.0013,0.0002,0.0004,0.0016,0.0010,0.0005,0.0019,0.0012,0.0020,0.0003
2026-08-05 21:29:47.510,3.200000,91,12,0.001839,0.0002,-95.01,0,0,0,60.0000,0.178,0.61000,0,0,0,0,0,0.001131,0.000166,0.000947,0.000245,0.000680,0.000235,0.000442,0.000149,0.000352,0.000141,0.000289,0.000173,0.000221,0.000208,0.000106,95.01,138.42,-63.65,-35.77,132.55,140.19,-12.62,-4.46,-152.88,-129.08,64.14,92.22,-88.78,-65.80,109.95,0.0142,0.0051,0.0048,0.0020,0.0026,0.0013,0.0002,0.0004,0.0016,0.0010,0.0005,0.0019,0.0012,0.0020,0.0003
2026-08-05 21:29:47.510,3.216667,91,13,0.001940,0.0002,-101.16,0,0,0,60.0000,0.178,0.61000,0,0,0,0,0,0.001188,0.000140,0.001000,0.000229,0.000746,0.000259,0.000461,0.000156,0.000360,0.000174,0.000259,0.000212,0.000197,0.000253,0.000114,101.16,126.70,-46.88,-24.74,163.59,-179.73,24.90,37.28,-101.63,-72.05,124.19,157.69,-10.20,16.35,-154.71,0.0142,0.0051,0.0048,0.0020,0.0026,0.0013,0.0002,0.0004,0.0016,0.0010,0.0005,0.0019,0.0012,0.0020,0.0003
2026-08-05 21:29:47.510,3.233333,91,14,0.001945,0.0002,-110.14,0,0,0,60.0000,0.178,0.61000,0,0,0,0,0,0.001214,0.000161,0.001018,0.000258,0.000697,0.000231,0.000469,0.000150,0.000359,0.000127,0.000285,0.000197,0.000201,0.000188,0.000119,110.14,169.17,-25.74,7.64,-159.17,-128.70,80.34,99.68,-27.97,6.99,-147.84,-107.91,85.99,122.20,-45.44,0.0142,0.0051,0.0048,0.0020,0.0026,0.0013,0.0002,0.0004,0.0016,0.0010,0.0005,0.0019,0.0012,0.0020,0.0003
2026-08-05 21:29:47.510,3.250000,91,15,0.001879,0.0002,-103.40,0,0,0,60.0000,0.178,0.61000,0,0,0,0,0,0.001179,0.000152,0.000983,0.000232,0.000655,0.000245,0.000414,0.000188,0.000312,0.000166,0.000269,0.000202,0.000225,0.000221,0.000108,103.40,162.80,-44.35,-24.91,166.57,171.24,25.91,33.28,-102.08,-70.77,128.36,170.80,-9.19,25.94,-145.76,0.0142,0.0051,0.0048,0.0020,0.0026,0.0013,0.0002,0.0004,0.0016,0.0010,0.0005,0.0019,0.0012,0.0020,0.0003
2026-08-05 21:29:47.510,3.266667,91,16,0.002201,0.0002,-97.75,0,0,0,60.0000,0.178,0.61000,0,0,0,0,0,0.001488,0.000300,0.001197,0.000149,0.000736,0.000074,0.000402,0.000133,0.000251,0.000149,0.000153,0.000197,0.000069,0.000250,0.000087,97.75,-154.65,-63.82,50.08,139.03,-5.42,-5.53,-113.14,-131.24,109.20,92.91,-17.45,-20.95,-162.67,-95.03,0.0142,0.0051,0.0048,0.0020,0.0026,0.0013,0.0002,0.0004,0.0016,0.0010,0.0005,0.0019,0.0012,0.0020,0.0003
2026-08-05 21:29:47.510,3.283333,91,17,0.002038,0.0002,-97.99,0,0,0,60.0000,0.178,0.61000,0,0,0,0,0,0.001359,0.000200,0.001089,0.000066,0.000636,0.000211,0.000382,0.000265,0.000256,0.000252,0.000206,0.000198,0.000092,0.000234,0.000127,97.99,-152.63,-55.81,69.55,149.76,34.58,20.24,-119.18,-105.31,98.68,121.10,-25.87,13.53,-164.87,-124.83,0.0142,0.0051,0.0048,0.0020,0.0026,0.0013,0.0002,0.0004,0.0016,0.0010,0.0005,0.0019,0.0012,0.0020,0.0003
2026-08-05 21:29:47.510,3.300000,91,18,0.001964,0.0002,-105.49,0,0,0,60.0000,0.178,0.61000,0,0,0,0,0,0.001299,0.000139,0.001035,0.000118,0.000595,0.000293,0.000410,0.000312,0.000349,0.000220,0.000238,0.000147,0.000187,0.000143,0.000117,105.49,-105.01,-31.12,172.93,-161.75,61.17,87.17,-75.08,-28.38,145.54,-159.73,46.72,77.69,-38.91,-19.13,0.0142,0.0051,0.0048,0.0020,0.0026,0.0013,0.0002,0.0004,0.0016,0.0010,0.0005,0.0019,0.0012,0.0020,0.0003
2026-08-05 21:29:47.510,3.316667,91,19,0.001900,0.0002,-107.26,0,0,0,60.0000,0.178,0.61000,0,0,0,0,0,0.001172,0.000135,0.000981,0.000209,0.000711,0.000210,0.000476,0.000193,0.000318,0.000216,0.000234,0.000220,0.000198,0.000207,0.000176,107.26,-46.15,-30.46,169.81,-164.16,37.25,68.68,-79.54,-54.65,176.36,-160.63,47.34,81.20,-83.58,-51.52,0.0142,0.0051,0.0048,0.0020,0.0026,0.0013,0.0002,0.0004,0.0016,0.0010,0.0005,0.0019,0.0012,0.0020,0.0003
2026-08-05 21:29:47.510,3.333333,91,20,0.001966,0.0002,-111.41,0,0,0,60.0000,0.178,0.61000,0,0,0,0,0,0.001224,0.000171,0.001020,0.000245,0.000731,0.000234,0.000470,0.000237,0.000316,0.000238,0.000239,0.000223,0.000213,0.000182,0.000153,111.41,-63.60,-23.61,172.43,-154.22,55.56,84.17,-57.56,-29.24,-176.72,-137.54,58.19,103.25,-61.17,-27.51,0.0142,0.0051,0.0048,0.0020,0.0026,0.0013,0.0002,0.0004,0.0016,0.0010,0.0005,0.0019,0.0012,0.0020,0.0003
2026-08-05 21:29:47.510,3.350000,91,21,0.001951,0.0002,-103.91,0,0,0,60.0000,0.178,0.61000,0,0,0,0,0,0.001200,0.000169,0.001013,0.000227,0.000718,0.000219,0.000481,0.000221,0.000346,0.000241,0.000284,0.000229,0.000238,0.000214,0.000182,103.91,-61.36,-44.44,146.02,173.19,8.48,39.92,-113.86,-86.35,120.22,151.63,-16.70,16.37,-150.67,-130.18,0.0142,0.0051,0.0048,0.0020,0.0026,0.0013,0.0002,0.0004,0.0016,0.0010,0.0005,0.0019,0.0012,0.0020,0.0003
2026-08-05 21:29:47.510,3.366667,91,22,0.001943,0.0002,-104.02,0,0,0,60.0000,0.178,0.61000,0,0,0,0,0,0.001216,0.000203,0.001045,0.000231,0.000677,0.000246,0.000440,0.000204,0.000280,0.000253,0.000239,0.000229,0.000181,0.000206,0.000174,104.02,-76.58,-36.64,142.02,177.83,24.01,46.06,-98.23,-79.34,137.38,158.14,3.95,25.97,-127.39,-114.98,0.0142,0.0051,0.0048,0.0020,0.0026,0.0013,0.0002,0.0004,0.0016,0.0010,0.0005,0.0019,0.0012,0.0020,0.0003
2026-08-05 21:29:47.510,3.383333,91,23,0.001930,0.0002,-104.62,0,0,0,60.0000,0.178,0.61000,0,0,0,0,0,0.001199,0.000208,0.001049,0.000203,0.000666,0.000247,0.000452,0.000179,0.000267,0.000192,0.000216,0.000233,0.000240,0.000188,0.000171,104.62,-70.71,-36.59,144.72,178.80,18.41,41.18,-95.40,-70.80,128.24,167.19,4.25,38.37,-134.48,-95.39,0.0142,0.0051,0.0048,0.0020,0.0026,0.0013,0.0002,0.0004,0.0016,0.0010,0.0005,0.0019,0.0012,0.0020,0.0003
2026-08-05 21:29:47.510,3.400000,91,24,0.001924,0.0002,-107.81,0,0,0,60.0000,0.178,0.61000,0,0,0,0,0,0.001178,0.000166,0.001013,0.000235,0.000713,0.000246,0.000472,0.000225,0.000268,0.000269,0.000234,0.000225,0.000229,0.000193,0.000165,107.81,-72.54,-29.09,153.07,-167.84,43.60,69.85,-79.56,-46.81,156.05,-156.59,34.51,82.43,-92.25,-67.65,0.0142,0.0051,0.0048,0.0020,0.0026,0.0013,0.0002,0.0004,0.0016,0.0010,0.0005,0.0019,0.0012,0.0020,0.0003
2026-08-05 21:29:47.510,3.416667,91,25,0.001934,0.0002,-107.16,0,0,0,60.0000,0.178,0.61000,0,0,0,0,0,0.001197,0.000163,0.001017,0.000238,0.000716,0.000245,0.000442,0.000249,0.000290,0.000230,0.000240,0.000227,0.000208,0.000213,0.000165,107.16,-77.06,-36.56,156.94,-179.01,28.50,45.97,-95.66,-75.02,139.11,170.16,8.48,30.94,-127.94,-118.57,0.0142,0.0051,0.0048,0.0020,0.0026,0.0013,0.0002,0.0004,0.0016,0.0010,0.0005,0.0019,0.0012,0.0020,0.0003
2026-08-05 21:29:47.510,3.433333,91,26,0.001937,0.0002,-105.78,0,0,0,60.0000,0.178,0.61000,0,0,0,0,0,0.001207,0.000158,0.001013,0.000230,0.000717,0.000258,0.000473,0.000258,0.000255,0.000268,0.000180,0.000233,0.000182,0.000183,0.000148,105.78,-61.72,-30.21,149.46,-175.28,42.50,51.95,-80.84,-66.55,144.52,170.44,21.27,64.14,-117.13,-98.99,0.0142,0.0051,0.0048,0.0020,0.0026,0.0013,0.0002,0.0004,0.0016,0.0010,0.0005,0.0019,0.0012,0.0020,0.0003
2026-08-05 21:29:47.510,3.450000,91,27,0.001899,0.0001,-112.64,0,0,0,60.0000,0.178,0.61000,0,0,0,0,0,0.001191,0.000184,0.000999,0.000231,0.000678,0.000239,0.000442,0.000197,0.000286,0.000212,0.000179,0.000196,0.000173,0.000157,0.000161,112.64,-71.65,-21.05,165.86,-153.31,47.67,77.98,-61.23,-32.95,-177.70,-139.99,72.88,101.00,-49.13,-40.11,0.0142,0.0051,0.0048,0.0020,0.0026,0.0013,0.0002,0.0004,0.0016,0.0010,0.0005,0.0019,0.0012,0.0020,0.0003
2026-08-05 21:29:47.510,3.466667,91,28,0.002185,0.0002,-98.86,0,0,0,60.0000,0.178,0.61000,0,0,0,0,0,0.001482,0.000103,0.001191,0.000025,0.000741,0.000118,0.000392,0.000109,0.000256,0.000168,0.000174,0.000246,0.000100,0.000300,0.000052,98.86,27.37,-58.28,17.24,148.74,-138.42,9.27,96.11,-117.23,-45.71,118.36,-167.31,-67.74,39.27,34.62,0.0142,0.0051,0.0048,0.0020,0.0026,0.0013,0.0002,0.0004,0.0016,0.0010,0.0005,0.0019,0.0012,0.0020,0.0003
2026-08-05 21:29:47.510,3.483333,91,29,0.002033,0.0002,-98.45,0,0,0,60.0000,0.178,0.61000,0,0,0,0,0,0.001356,0.000098,0.001083,0.000062,0.000694,0.000133,0.000348,0.000152,0.000244,0.000184,0.000231,0.000190,0.000195,0.000219,0.000088,98.45,38.06,-58.91,-45.12,147.64,-162.85,10.03,56.29,-93.27,-68.93,135.98,147.55,-12.20,-9.61,-142.65,0.0142,0.0051,0.0048,0.0020,0.0026,0.0013,0.0002,0.0004,0.0016,0.0010,0.0005,0.0019,0.0012,0.0020,0.0003
2026-08-05 21:29:47.762,3.500000,92,0,0.001933,0.0002,-110.16,0,0,0,60.0000,0.178,0.94657,0,0,0,0,0,0.001232,0.000060,0.001025,0.000201,0.000659,0.000260,0.000424,0.000261,0.000327,0.000172,0.000279,0.000138,0.000207,0.000141,0.000039,110.16,-175.71,-19.98,33.26,-143.78,-99.19,106.01,141.80,5.13,27.11,-115.75,-71.74,114.34,169.05,-0.49,0.0129,0.0089,0.0059,0.0004,0.0026,0.0016,0.0012,0.0022,0.0022,0.0024,0.0016,0.0014,0.0009,0.0009,0.0011
2026-08-05 21:29:47.762,3.516667,92,1,0.001877,0.0002,-102.71,0,0,0,60.0000,0.178,0.94657,0,0,0,0,0,0.001144,0.000107,0.001028,0.000230,0.000660,0.000205,0.000462,0.000123,0.000301,0.000133,0.000270,0.000196,0.000192,0.000243,0.000116,102.71,130.91,-34.43,5.08,-178.74,-154.69,52.81,71.14,-71.79,-18.83,171.06,-149.83,35.85,71.62,-92.26,0.0129,0.0089,0.0059,0.0004,0.0026,0.0016,0.0012,0.0022,0.0022,0.0024,0.0016,0.0014,0.0009,0.0009,0.0011
2026-08-05 21:29:47.762,3.533333,92,2,0.001872,0.0002,-108.97,0,0,0,60.0000,0.178,0.94657,0,0,0,0,0,0.001194,0.000176,0.000988,0.000233,0.000673,0.000220,0.000402,0.000133,0.000318,0.000147,0.000243,0.000170,0.000181,0.000208,0.000071,108.97,170.53,-25.08,8.74,-155.51,-131.51,84.03,102.61,-26.30,0.67,-144.32,-117.29,90.61,122.41,-54.14,0.0129,0.0089,0.0059,0.0004,0.0026,0.0016,0.0012,0.0022,0.0022,0.0024,0.0016,0.0014,0.0009,0.0009,0.0011
2026-08-05 21:29:47.762,3.550000,92,3,0.001890,0.0002,-112.19,0,0,0,60.0000,0.178,0.94657,0,0,0,0,0,0.001179,0.000138,0.000988,0.000253,0.000677,0.000196,0.000489,0.000167,0.000330,0.000149,0.000223,0.000198,0.000153,0.000222,0.000098,112.19,169.60,-11.02,34.62,-137.33,-103.34,111.47,138.60,7.54,58.06,-107.86,-41.99,135.80,-172.45,54.73,0.0129,0.0089,0.0059,0.0004,0.0026,0.0016,0.0012,0.0022,0.0022,0.0024,0.0016,0.0014,0.0009,0.0009,0.0011
2026-08-05 21:29:47.762,3.566667,92,4,0.001912,0.0002,-111.22,0,0,0,60.0000,0.178,0.94657,0,0,0,0,0,0.001191,0.000136,0.001030,0.000233,0.000698,0.000191,0.000425,0.000167,0.000315,0.000126,0.000281,0.000228,0.000168,0.000232,0.000109,111.22,172.57,-18.43,22.53,-147.82,-118.75,102.41,126.88,-8.61,36.83,-120.37,-77.93,120.29,153.87,-22.52,0.0129,0.0089,0.0059,0.0004,0.0026,0.0016,0.0012,0.0022,0.0022,0.0024,0.0016,0.0014,0.0009,0.0009,0.0011
2026-08-05 21:29:47.762,3.583333,92,5,0.001914,0.0002,-106.82,0,0,0,60.0000,0.178,0.94657,0,0,0,0,0,0.001191,0.000081,0.001038,0.000229,0.000675,0.000225,0.000421,0.000158,0.000377,0.000214,0.000257,0.000206,0.000232,0.000197,0.000104,106.82,154.48,-27.13,8.28,-161.08,-121.39,71.15,101.62,-33.29,4.87,-152.88,-109.19,69.66,112.69,-61.09,0.0129,0.0089,0.0059,0.0004,0.0026,0.0016,0.0012,0.0022,0.0022,0.0024,0.0016,0.0014,0.0009,0.0009,0.0011
2026-08-05 21:29:47.762,3.600000,92,6,0.001902,0.0002,-110.74,0,0,0,60.0000,0.178,0.94657,0,0,0,0,0,0.001172,0.000167,0.001019,0.000217,0.000699,0.000215,0.000450,0.000181,0.000311,0.000130,0.000223,0.000222,0.000177,0.000239,0.000075,110.74,171.44,-21.81,13.10,-154.39,-137.39,88.68,103.80,-26.26,12.63,-143.88,-100.88,96.72,119.27,-37.25,0.0129,0.0089,0.0059,0.0004,0.0026,0.0016,0.0012,0.0022,0.0022,0.0024,0.0016,0.0014,0.0009,0.0009,0.0011
2026-08-05 21:29:47.762,3.616667,92,7,0.001900,0.0002,-106.95,0,0,0,60.0000,0.178,0.94657,0,0,0,0,0,0.001211,0.000158,0.000989,0.000211,0.000705,0.000213,0.000427,0.000154,0.000296,0.000156,0.000239,0.000198,0.000177,0.000215,0.000076,106.95,154.10,-31.22,6.41,-170.54,-146.47,68.51,107.72,-47.66,-2.87,-158.17,-117.27,64.18,92.85,-40.99,0.0129,0.0089,0.0059,0.0004,0.0026,0.0016,0.0012,0.0022,0.0022,0.0024,0.0016,0.0014,0.0009,0.0009,0.0011
2026-08-05 21:29:47.762,3.633333,92,8,0.001959,0.0002,-110.42,0,0,0,60.0000,0.178,0.94657,0,0,0,0,0,0.001245,0.000093,0.001000,0.000202,0.000717,0.000242,0.000453,0.000180,0.000343,0.000215,0.000256,0.000224,0.000206,0.000253,0.000077,110.42,144.64,-22.92,1.60,-160.41,-137.66,79.66,105.72,-32.88,-4.85,-151.48,-120.70,78.19,109.32,-53.39,0.0129,0.0089,0.0059,0.0004,0.0026,0.0016,0.0012,0.0022,0.0022,0.0024,0.0016,0.0014,0.0009,0.0009,0.0011
2026-08-05 21:29:47.762,3.650000,92,9,0.001917,0.0002,-102.12,0,0,0,60.0000,0.178,0.94657,0,0,0,0,0,0.001220,0.000160,0.001026,0.000183,0.000667,0.000168,0.000403,0.000130,0.000358,0.000157,0.000292,0.000214,0.000219,0.000237,0.000142,102.12,179.90,-45.64,-17.93,165.08,178.22,25.44,21.73,-103.31,-77.81,113.10,154.72,-29.31,6.72,177.25,0.0129,0.0089,0.0059,0.0004,0.0026,0.0016,0.0012,0.0022,0.0022,0.0024,0.0016,0.0014,0.0009,0.0009,0.0011
2026-08-05 21:29:47.762,3.666667,92,10,0.002191,0.0002,-98.40,0,0,0,60.0000,0.178,0.94657,0,0,0,0,0,0.001468,0.000262,0.001201,0.000101,0.000726,0.000105,0.000390,0.000204,0.000223,0.000201,0.000148,0.000223,0.000010,0.000247,0.000065,98.40,-148.72,-55.97,41.65,150.58,43.07,11.29,-95.83,-117.76,131.92,95.16,21.93,-43.44,-121.60,11.25,0.0129,0.0089,0.0059,0.0004,0.0026,0.0016,0.0012,0.0022,0.0022,0.0024,0.0016,0.0014,0.0009,0.0009,0.0011
2026-08-05 21:29:47.762,3.683333,92,11,0.002092,0.0002,-97.34,0,0,0,60.0000,0.178,0.94657,0,0,0,0,0,0.001355,0.000215,0.001127,0.000054,0.000633,0.000231,0.000363,0.000285,0.000307,0.000257,0.000252,0.000218,0.000144,0.000273,0.000084,97.34,-128.69,-53.68,130.98,154.20,33.80,29.33,-118.27,-91.87,100.23,137.39,-23.59,15.10,-153.01,-122.73,0.0129,0.0089,0.0059,0.0004,0.0026,0.0016,0.0012,0.0022,0.0022,0.0024,0.0016,0.0014,0.0009,0.0009,0.0011
2026-08-05 21:29:47.762,3.700000,92,12,0.001984,0.0002,-108.51,0,0,0,60.0000,0.178,0.94657,0,0,0,0,0,0.001266,0.000146,0.001047,0.000122,0.000593,0.000308,0.000424,0.000340,0.000373,0.000271,0.000307,0.000165,0.000172,0.000156,0.000124,108.51,-89.71,-22.42,-160.18,-144.70,85.22,108.98,-49.12,-6.63,-178.84,-138.30,86.82,105.77,-14.33,19.66,0.0129,0.0089,0.0059,0.0004,0.0026,0.0016,0.0012,0.0022,0.0022,0.0024,0.0016,0.0014,0.0009,0.0009,0.0011
2026-08-05 21:29:47.762,3.716667,92,13,0.001959,0.0002,-110.37,0,0,0,60.0000,0.178,0.94657,0,0,0,0,0,0.001209,0.000153,0.001026,0.000207,0.000697,0.000263,0.000458,0.000252,0.000298,0.000249,0.000256,0.000250,0.000233,0.000240,0.000183,110.37,-59.75,-21.54,172.27,-153.15,59.64,86.47,-53.73,-15.60,-170.94,-128.59,70.65,110.36,-45.36,-23.30,0.0129,0.0089,0.0059,0.0004,0.0026,0.0016,0.0012,0.0022,0.0022,0.0024,0.0016,0.0014,0.0009,0.0009,0.0011
2026-08-05 21:29:47.762,3.733333,92,14,0.001881,0.0002,-103.50,0,0,0,60.0000,0.178,0.94657,0,0,0,0,0,0.001193,0.000139,0.000980,0.000199,0.000685,0.000232,0.000437,0.000205,0.000256,0.000232,0.000237,0.000225,0.000226,0.000168,0.000150,103.50,-98.60,-44.01,143.52,171.40,11.52,32.62,-111.43,-88.03,118.79,155.36,-23.70,16.90,-167.01,-127.93,0.0129,0.0089,0.0059,0.0004,0.0026,0.0016,0.0012,0.0022,0.0022,0.0024,0.0016,0.0014,0.0009,0.0009,0.0011
2026-08-05 21:29:47.762,3.750000,92,15,0.001986,0.0002,-107.30,0,0,0,60.0000,0.178,0.94657,0,0,0,0,0,0.001262,0.000211,0.001042,0.000256,0.000713,0.000228,0.000452,0.000245,0.000266,0.000229,0.000206,0.000188,0.000242,0.000157,0.000191,107.30,-98.03,-34.69,152.05,-176.09,25.02,45.90,-92.83,-82.85,129.38,166.47,3.77,36.71,-137.39,-113.30,0.0129,0.0089,0.0059,0.0004,0.0026,0.0016,0.0012,0.0022,0.0022,0.0024,0.0016,0.0014,0.0009,0.0009,0.0011
2026-08-05 21:29:47.762,3.766667,92,16,0.001989,0.0002,-103.48,0,0,0,60.0000,0.178,0.94657,0,0,0,0,0,0.001231,0.000184,0.001037,0.000270,0.000742,0.000251,0.000425,0.000296,0.000300,0.000227,0.000189,0.000234,0.000214,0.000185,0.000183,103.48,-85.88,-34.77,140.28,179.96,14.91,40.47,-99.62,-72.58,124.60,173.40,-3.96,36.17,-140.64,-122.00,0.0129,0.0089,0.0059,0.0004,0.0026,0.0016,0.0012,0.0022,0.0022,0.0024,0.0016,0.0014,0.0009,0.0009,0.0011
2026-08-05 21:29:47.762,3.783333,92,17,0.001952,0.0002,-105.37,0,0,0,60.0000,0.178,0.94657,0,0,0,0,0,0.001215,0.000187,0.001052,0.000265,0.000714,0.000225,0.000396,0.000254,0.000257,0.000212,0.000223,0.000192,0.000197,0.000206,0.000179,105.37,-79.54,-30.41,144.75,-171.53,24.88,60.73,-86.83,-59.73,148.71,-164.76,19.04,62.90,-111.80,-87.38,0.0129,0.0089,0.0059,0.0004,0.0026,0.0016,0.0012,0.0022,0.0022,0.0024,0.0016,0.0014,0.0009,0.0009,0.0011
2026-08-05 21:29:47.762,3.800000,92,18,0.001892,0.0002,-107.23,0,0,0,60.0000,0.178,0.94657,0,0,0,0,0,0.001145,0.000187,0.001025,0.000199,0.000675,0.000273,0.000448,0.000257,0.000266,0.000245,0.000198,0.000227,0.000189,0.000154,0.000182,107.23,-77.16,-23.30,151.14,-161.57,48.67,70.11,-67.31,-50.30,168.68,-152.95,19.88,76.94,-96.82,-57.34,0.0129,0.0089,0.0059,0.0004,0.0026,0.0016,0.0012,0.0022,0.0022,0.0024,0.0016,0.0014,0.0009,0.0009,0.0011
2026-08-05 21:29:47.762,3.816667,92,19,0.001881,0.0002,-106.74,0,0,0,60.0000,0.178,0.94657,0,0,0,0,0,0.001156,0.000146,0.001000,0.000192,0.000728,0.000191,0.000415,0.000258,0.000261,0.000231,0.000210,0.000218,0.000250,0.000092,0.000135,106.74,-79.32,-30.49,156.88,-171.19,47.35,57.91,-88.26,-62.33,147.78,-175.27,24.71,62.40,-112.94,-81.81,0.0129,0.0089,0.0059,0.0004,0.0026,0.0016,0.0012,0.0022,0.0022,0.0024,0.0016,0.0014,0.0009,0.0009,0.0011
2026-08-05 21:29:47.762,3.833333,92,20,0.001988,0.0002,-104.87,0,0,0,60.0000,0.178,0.94657,0,0,0,0,0,0.001209,0.000166,0.001058,0.000182,0.000723,0.000227,0.000462,0.000264,0.000311,0.000236,0.000259,0.000256,0.000238,0.000222,0.000179,104.87,-70.59,-34.64,154.38,-176.61,25.99,45.63,-92.99,-67.83,142.22,175.72,16.62,45.72,-119.14,-117.11,0.0129,0.0089,0.0059,0.0004,0.0026,0.0016,0.0012,0.0022,0.0022,0.0024,0.0016,0.0014,0.0009,0.0009,0.0011
2026-08-05 21:29:47.762,3.850000,92,21,0.001948,0.0002,-104.21,0,0,0,60.0000,0.178,0.94657,0,0,0,0,0,0.001220,0.000149,0.001039,0.000210,0.000705,0.000224,0.000447,0.000224,0.000290,0.000255,0.000235,0.000220,0.000183,0.000165,0.000152,104.21,-84.19,-32.50,133.65,179.12,35.39,51.69,-97.39,-75.21,141.84,178.95,-4.28,42.81,-127.68,-102.41,0.0129,0.0089,0.0059,0.0004,0.0026,0.0016,0.0012,0.0022,0.0022,0.0024,0.0016,0.0014,0.0009,0.0009,0.0011
2026-08-05 21:29:47.762,3.866667,92,22,0.002111,0.0002,-78.41,0,0,0,60.0000,0.178,0.94657,0,0,0,0,0,0.001404,0.000183,0.001166,0.000008,0.000720,0.000010,0.000409,0.000085,0.000188,0.000197,0.000133,0.000189,0.000116,0.000285,0.000094,78.41,-29.05,-112.14,118.23,49.09,126.79,-130.00,-43.21,66.40,143.50,-97.50,-39.02,108.08,129.53,53.11,0.0129,0.0089,0.0059,0.0004,0.0026,0.0016,0.0012,0.0022,0.0022,0.0024,0.0016,0.0014,0.0009,0.0009,0.0011
2026-08-05 21:29:47.762,3.883333,92,23,0.002116,0.0002,-96.82,0,0,0,60.0000,0.178,0.94657,0,0,0,0,0,0.001411,0.000075,0.001150,0.000096,0.000675,0.000124,0.000353,0.000152,0.000296,0.000194,0.000295,0.000247,0.000192,0.000255,0.000119,96.82,13.12,-58.75,2.29,146.15,-142.87,16.34,85.07,-101.96,-65.74,127.20,154.44,-19.11,0.56,-135.16,0.0129,0.0089,0.0059,0.0004,0.0026,0.0016,0.0012,0.0022,0.0022,0.0024,0.0016,0.0014,0.0009,0.0009,0.0011
2026-08-05 21:29:47.762,3.900000,92,24,0.001951,0.0002,-103.25,0,0,0,60.0000,0.178,0.94657,0,0,0,0,0,0.001269,0.000063,0.001009,0.000185,0.000673,0.000266,0.000396,0.000200,0.000347,0.000173,0.000280,0.000157,0.000194,0.000195,0.000074,103.25,117.11,-35.24,24.74,-175.22,-138.16,68.58,82.82,-47.62,-42.04,-178.81,-159.77,36.71,95.20,-125.79,0.0129,0.0089,0.0059,0.0004,0.0026,0.0016,0.0012,0.0022,0.0022,0.0024,0.0016,0.0014,0.0009,0.0009,0.0011
2026-08-05 21:29:47.762,3.916667,92,25,0.001881,0.0002,-111.25,0,0,0,60.0000,0.178,0.94657,0,0,0,0,0,0.001172,0.000088,0.001008,0.000242,0.000683,0.000219,0.000459,0.000149,0.000322,0.000158,0.000197,0.000175,0.000187,0.000219,0.000089,111.25,163.08,-12.99,27.72,-138.43,-106.06,102.78,120.24,-2.04,34.57,-102.28,-61.23,136.58,166.79,24.52,0.0129,0.0089,0.0059,0.0004,0.0026,0.0016,0.0012,0.0022,0.0022,0.0024,0.0016,0.0014,0.0009,0.0009,0.0011
2026-08-05 21:29:47.762,3.933333,92,26,0.001959,0.0002,-106.42,0,0,0,60.0000,0.178,0.94657,0,0,0,0,0,0.001254,0.000133,0.001035,0.000194,0.000698,0.000194,0.000438,0.000153,0.000331,0.000146,0.000258,0.000188,0.000204,0.000235,0.000122,106.42,167.79,-34.54,-0.22,-174.75,-157.40,56.30,63.01,-57.87,-31.01,176.57,-147.51,39.23,65.45,-88.54,0.0129,0.0089,0.0059,0.0004,0.0026,0.0016,0.0012,0.0022,0.0022,0.0024,0.0016,0.0014,0.0009,0.0009,0.0011
2026-08-05 21:29:47.762,3.950000,92,27,0.001952,0.0002,-113.81,0,0,0,60.0000,0.178,0.94657,0,0,0,0,0,0.001203,0.000151,0.001040,0.000250,0.000716,0.000235,0.000453,0.000178,0.000334,0.000173,0.000275,0.000223,0.000197,0.000253,0.000096,113.81,174.60,-12.84,24.55,-135.76,-104.44,109.34,134.39,8.56,42.44,-101.44,-63.94,137.90,171.77,22.85,0.0129,0.0089,0.0059,0.0004,0.0026,0.0016,0.0012,0.0022,0.0022,0.0024,0.0016,0.0014,0.0009,0.0009,0.0011
2026-08-05 21:29:47.762,3.966667,92,28,0.002631,0.0004,-152.09,0,0,0,60.0000,0.178,0.94657,0,0,0,0,0,0.000851,0.000297,0.001191,0.000394,0.001098,0.000557,0.000647,0.000538,0.000104,0.000302,0.000473,0.000313,0.000586,0.000543,0.000428,152.09,54.90,98.16,-134.09,11.37,109.17,-81.56,-1.57,122.28,-123.55,-64.31,48.94,-173.44,-80.05,65.02,0.0129,0.0089,0.0059,0.0004,0.0026,0.0016,0.0012,0.0022,0.0022,0.0024,0.0016,0.0014,0.0009,0.0009,0.0011
2026-08-05 21:29:47.762,3.983333,92,29,0.001924,0.0002,-104.88,0,0,0,60.0000,0.178,0.94657,0,0,0,0,0,0.001194,0.000158,0.001007,0.000233,0.000706,0.000205,0.000456,0.000174,0.000324,0.000200,0.000267,0.000216,0.000220,0.000244,0.000105,104.88,159.12,-40.69,-7.74,175.98,-158.88,43.88,72.64,-77.07,-32.34,153.73,-162.93,19.96,53.74,-125.33,0.0129,0.0089,0.0059,0.0004,0.0026,0.0016,0.0012,0.0022,0.0022,0.0024,0.0016,0.0014,0.0009,0.0009,0.0011
2026-08-05 21:29:48.017,4.000000,93,0,0.001921,0.0002,-113.90,0,0,0,60.0000,0.208,0.72864,0,0,0,0,0,0.001179,0.000107,0.001053,0.000223,0.000669,0.000236,0.000461,0.000198,0.000333,0.000156,0.000286,0.000151,0.000205,0.000168,0.000092,113.90,149.40,-13.56,23.28,-137.87,-102.84,108.28,123.96,5.87,27.82,-101.11,-69.75,135.08,178.03,10.65,0.0183,0.0076,0.0036,0.0032,0.0051,0.0031,0.0025,0.0023,0.0028,0.0029,0.0036,0.0023,0.0009,0.0030,0.0023
2026-08-05 21:29:48.017,4.016667,93,1,0.001963,0.0002,-101.40,0,0,0,60.0000,0.208,0.72864,0,0,0,0,0,0.001261,0.000117,0.001046,0.000222,0.000681,0.000201,0.000436,0.000170,0.000280,0.000133,0.000263,0.000239,0.000148,0.000221,0.000109,101.40,149.35,-47.82,-26.34,161.07,171.59,24.01,38.14,-97.64,-69.87,129.65,155.60,-19.71,6.74,-175.92,0.0183,0.0076,0.0036,0.0032,0.0051,0.0031,0.0025,0.0023,0.0028,0.0029,0.0036,0.0023,0.0009,0.0030,0.0023
2026-08-05 21:29:48.017,4.033333,93,2,0.001934,0.0002,-109.93,0,0,0,60.0000,0.208,0.72864,0,0,0,0,0,0.001198,0.000144,0.001046,0.000265,0.000695,0.000179,0.000494,0.000156,0.000335,0.000154,0.000271,0.000182,0.000165,0.000221,0.000051,109.93,175.98,-23.87,15.97,-155.80,-132.81,82.51,90.95,-30.65,15.08,-157.51,-116.83,82.27,115.13,-60.41,0.0183,0.0076,0.0036,0.0032,0.0051,0.0031,0.0025,0.0023,0.0028,0.0029,0.0036,0.0023,0.0009,0.0030,0.0023
2026-08-05 21:29:48.017,4.050000,93,3,0.001914,0.0001,-113.57,0,0,0,60.0000,0.208,0.72864,0,0,0,0,0,0.001206,0.000133,0.001011,0.000213,0.000657,0.000221,0.000450,0.000207,0.000345,0.000141,0.000260,0.000205,0.000202,0.000224,0.000133,113.57,-175.46,-13.67,18.67,-146.52,-119.52,95.12,119.04,-12.17,28.35,-126.82,-62.02,107.43,161.66,2.90,0.0183,0.0076,0.0036,0.0032,0.0051,0.0031,0.0025,0.0023,0.0028,0.0029,0.0036,0.0023,0.0009,0.0030,0.0023
2026-08-05 21:29:48.017,4.066667,93,4,0.002183,0.0002,-95.83,0,0,0,60.0000,0.208,0.72864,0,0,0,0,0,0.001470,0.000313,0.001157,0.000142,0.000735,0.000085,0.000404,0.000146,0.000225,0.000164,0.000119,0.000193,0.000063,0.000281,0.000134,95.83,-166.61,-67.35,30.14,131.05,26.02,-12.10,-127.96,-157.53,102.15,51.80,-14.60,119.59,-168.26,-62.49,0.0183,0.0076,0.0036,0.0032,0.0051,0.0031,0.0025,0.0023,0.0028,0.0029,0.0036,0.0023,0.0009,0.0030,0.0023
2026-08-05 21:29:48.017,4.083333,93,5,0.002142,0.0002,-104.47,0,0,0,60.0000,0.208,0.72864,0,0,0,0,0,0.001430,0.000230,0.001131,0.000088,0.000664,0.000193,0.000364,0.000271,0.000282,0.000238,0.000220,0.000250,0.000134,0.000275,0.000139,104.47,-138.30,-43.57,128.97,176.39,49.58,55.20,-79.74,-51.27,151.72,-173.86,32.69,62.95,-93.15,-40.40,0.0183,0.0076,0.0036,0.0032,0.0051,0.0031,0.0025,0.0023,0.0028,0.0029,0.0036,0.0023,0.0009,0.0030,0.0023
2026-08-05 21:29:48.017,4.100000,93,6,0.001944,0.0002,-106.81,0,0,0,60.0000,0.208,0.72864,0,0,0,0,0,0.001311,0.000179,0.001031,0.000126,0.000534,0.000271,0.000353,0.000317,0.000312,0.000234,0.000271,0.000089,0.000168,0.000162,0.000156,106.81,-96.74,-28.44,174.78,-166.55,68.41,76.74,-69.92,-30.58,151.87,-161.61,45.54,59.02,-56.62,-68.56,0.0183,0.0076,0.0036,0.0032,0.0051,0.0031,0.0025,0.0023,0.0028,0.0029,0.0036,0.0023,0.0009,0.0030,0.0023
2026-08-05 21:29:48.017,4.116667,93,7,0.001864,0.0002,-105.49,0,0,0,60.0000,0.208,0.72864,0,0,0,0,0,0.001129,0.000149,0.001028,0.000198,0.000663,0.000191,0.000419,0.000241,0.000277,0.000221,0.000168,0.000179,0.000180,0.000208,0.000178,105.49,-77.35,-28.28,146.51,-170.74,23.54,55.16,-77.65,-67.18,156.63,-156.09,32.71,67.19,-98.31,-83.26,0.0183,0.0076,0.0036,0.0032,0.0051,0.0031,0.0025,0.0023,0.0028,0.0029,0.0036,0.0023,0.0009,0.0030,0.0023
2026-08-05 21:29:48.017,4.133333,93,8,0.001939,0.0002,-106.94,0,0,0,60.0000,0.208,0.72864,0,0,0,0,0,0.001236,0.000206,0.001044,0.000185,0.000656,0.000210,0.000442,0.000201,0.000276,0.000212,0.000214,0.000214,0.000201,0.000185,0.000180,106.94,-83.53,-32.58,144.60,-176.70,27.51,49.95,-79.42,-64.06,154.11,-174.88,16.65,47.30,-116.79,-93.09,0.0183,0.0076,0.0036,0.0032,0.0051,0.0031,0.0025,0.0023,0.0028,0.0029,0.0036,0.0023,0.0009,0.0030,0.0023
2026-08-05 21:29:48.017,4.150000,93,9,0.001936,0.0002,-107.14,0,0,0,60.0000,0.208,0.72864,0,0,0,0,0,0.001189,0.000192,0.001013,0.000216,0.000703,0.000253,0.000484,0.000207,0.000277,0.000276,0.000216,0.000254,0.000205,0.000176,0.000160,107.14,-67.25,-29.41,160.84,-164.87,37.27,66.74,-73.21,-53.48,170.79,-167.22,40.28,66.32,-105.30,-79.55,0.0183,0.0076,0.0036,0.0032,0.0051,0.0031,0.0025,0.0023,0.0028,0.0029,0.0036,0.0023,0.0009,0.0030,0.0023
2026-08-05 21:29:48.017,4.166667,93,10,0.001945,0.0002,-104.96,0,0,0,60.0000,0.208,0.72864,0,0,0,0,0,0.001214,0.000153,0.001008,0.000235,0.000731,0.000224,0.000422,0.000242,0.000269,0.000252,0.000214,0.000240,0.000196,0.000199,0.000202,104.96,-57.25,-29.83,164.95,-166.92,37.08,59.36,-76.68,-56.48,159.40,-169.07,33.23,65.83,-106.96,-74.38,0.0183,0.0076,0.0036,0.0032,0.0051,0.0031,0.0025,0.0023,0.0028,0.0029,0.0036,0.0023,0.0009,0.0030,0.0023
2026-08-05 21:29:48.017,4.183333,93,11,0.001934,0.0002,-102.26,0,0,0,60.0000,0.208,0.72864,0,0,0,0,0,0.001187,0.000220,0.001035,0.000225,0.000707,0.000236,0.000403,0.000217,0.000276,0.000213,0.000236,0.000235,0.000228,0.000188,0.000172,102.26,-68.34,-37.98,147.73,-179.06,17.50,43.47,-98.24,-73.42,127.44,170.40,0.48,28.53,-126.08,-114.84,0.0183,0.0076,0.0036,0.0032,0.0051,0.0031,0.0025,0.0023,0.0028,0.0029,0.0036,0.0023,0.0009,0.0030,0.0023
2026-08-05 21:29:48.017,4.200000,93,12,0.001933,0.0002,-97.71,0,0,0,60.0000,0.208,0.72864,0,0,0,0,0,0.001187,0.000139,0.001005,0.000206,0.000737,0.000198,0.000429,0.000250,0.000295,0.000229,0.000223,0.000249,0.000262,0.000195,0.000212,97.71,-64.74,-50.50,127.12,156.16,-1.39,11.82,-135.37,-116.37,86.74,130.07,-53.36,-17.43,162.31,-177.72,0.0183,0.0076,0.0036,0.0032,0.0051,0.0031,0.0025,0.0023,0.0028,0.0029,0.0036,0.0023,0.0009,0.0030,0.0023
2026-08-05 21:29:48.017,4.216667,93,13,0.001918,0.0002,-106.50,0,0,0,60.0000,0.208,0.72864,0,0,0,0,0,0.001175,0.000192,0.001008,0.000242,0.000733,0.000229,0.000440,0.000220,0.000250,0.000252,0.000213,0.000207,0.000196,0.000175,0.000157,106.50,-84.93,-28.86,147.64,-170.05,43.91,59.62,-80.16,-63.96,151.34,-172.19,33.86,71.81,-129.63,-91.36,0.0183,0.0076,0.0036,0.0032,0.0051,0.0031,0.0025,0.0023,0.0028,0.0029,0.0036,0.0023,0.0009,0.0030,0.0023
2026-08-05 21:29:48.017,4.233333,93,14,0.001907,0.0002,-99.73,0,0,0,60.0000,0.208,0.72864,0,0,0,0,0,0.001175,0.000196,0.001022,0.000200,0.000691,0.000225,0.000451,0.000219,0.000273,0.000217,0.000188,0.000228,0.000222,0.000172,0.000167,99.73,-101.42,-53.96,117.19,150.55,-17.93,1.53,-144.08,-128.31,75.58,114.28,-67.21,-27.23,149.80,177.23,0.0183,0.0076,0.0036,0.0032,0.0051,0.0031,0.0025,0.0023,0.0028,0.0029,0.0036,0.0023,0.0009,0.0030,0.0023
2026-08-05 21:29:48.017,4.250000,93,15,0.002103,0.0002,-94.66,0,0,0,60.0000,0.208,0.72864,0,0,0,0,0,0.001360,0.000140,0.001094,0.000059,0.000584,0.000240,0.000397,0.000188,0.000130,0.000350,0.000237,0.000258,0.000248,0.000313,0.000255,94.66,14.84,-17.95,144.50,-147.33,36.58,80.24,-80.19,-68.85,-169.94,-130.48,69.14,78.39,-12.18,-3.39,0.0183,0.0076,0.0036,0.0032,0.0051,0.0031,0.0025,0.0023,0.0028,0.0029,0.0036,0.0023,0.0009,0.0030,0.0023
2026-08-05 21:29:48.017,4.266667,93,16,0.005963,0.0028,-21.90,0,0,0,60.0000,0.208,0.72864,0,0,0,0,0,0.004877,0.002198,0.000825,0.000699,0.000992,0.000433,0.000739,0.000459,0.000111,0.000080,0.000338,0.000424,0.000283,0.000406,0.000333,21.90,-156.79,178.04,27.31,-104.41,15.39,94.53,-116.35,21.38,-177.01,-35.64,99.19,171.43,-72.32,140.90,0.0183,0.0076,0.0036,0.0032,0.0051,0.0031,0.0025,0.0023,0.0028,0.0029,0.0036,0.0023,0.0009,0.0030,0.0023
2026-08-05 21:29:48.017,4.283333,93,17,0.002082,0.0002,-100.27,0,0,0,60.0000,0.208,0.72864,0,0,0,0,0,0.001375,0.000072,0.001122,0.000111,0.000695,0.000117,0.000419,0.000183,0.000238,0.000233,0.000215,0.000260,0.000232,0.000241,0.000122,100.27,50.31,-58.09,16.79,148.64,-175.45,4.15,89.82,-95.31,-69.13,126.64,154.38,-0.13,-14.43,-159.46,0.0183,0.0076,0.0036,0.0032,0.0051,0.0031,0.0025,0.0023,0.0028,0.0029,0.0036,0.0023,0.0009,0.0030,0.0023
2026-08-05 21:29:48.017,4.300000,93,18,0.001926,0.0002,-100.81,0,0,0,60.0000,0.208,0.72864,0,0,0,0,0,0.001243,0.000050,0.001027,0.000185,0.000601,0.000254,0.000371,0.000229,0.000350,0.000146,0.000362,0.000169,0.000201,0.000175,0.000060,100.81,175.41,-46.09,2.11,169.88,-142.16,46.60,73.08,-76.13,-66.72,150.78,176.96,-0.38,59.06,174.07,0.0183,0.0076,0.0036,0.0032,0.0051,0.0031,0.0025,0.0023,0.0028,0.0029,0.0036,0.0023,0.0009,0.0030,0.0023
2026-08-05 21:29:48.017,4.316667,93,19,0.001896,0.0002,-113.05,0,0,0,60.0000,0.208,0.72864,0,0,0,0,0,0.001144,0.000164,0.001011,0.000296,0.000680,0.000229,0.000471,0.000172,0.000331,0.000114,0.000295,0.000183,0.000200,0.000201,0.000102,113.05,-174.74,-6.03,42.67,-126.22,-87.53,124.56,153.36,27.96,84.33,-81.40,-19.57,164.29,-135.76,38.00,0.0183,0.0076,0.0036,0.0032,0.0051,0.0031,0.0025,0.0023,0.0028,0.0029,0.0036,0.0023,0.0009,0.0030,0.0023
2026-08-05 21:29:48.017,4.333333,93,20,0.001896,0.0002,-105.13,0,0,0,60.0000,0.208,0.72864,0,0,0,0,0,0.001185,0.000151,0.001008,0.000231,0.000709,0.000224,0.000451,0.000189,0.000287,0.000173,0.000232,0.000199,0.000182,0.000203,0.000095,105.13,157.08,-40.88,-9.32,176.54,-151.63,40.58,67.86,-75.54,-48.07,161.78,-172.28,23.55,45.82,-103.08,0.0183,0.0076,0.0036,0.0032,0.0051,0.0031,0.0025,0.0023,0.0028,0.0029,0.0036,0.0023,0.0009,0.0030,0.0023
2026-08-05 21:29:48.017,4.350000,93,21,0.001951,0.0002,-108.80,0,0,0,60.0000,0.208,0.72864,0,0,0,0,0,0.001247,0.000141,0.001022,0.000198,0.000704,0.000212,0.000446,0.000171,0.000343,0.000183,0.000285,0.000211,0.000194,0.000182,0.000116,108.80,172.12,-28.73,7.15,-167.11,-142.40,67.99,106.90,-49.81,-5.55,-163.84,-123.56,66.40,98.63,-67.12,0.0183,0.0076,0.0036,0.0032,0.0051,0.0031,0.0025,0.0023,0.0028,0.0029,0.0036,0.0023,0.0009,0.0030,0.0023
2026-08-05 21:29:48.017,4.366667,93,22,0.001872,0.0002,-110.27,0,0,0,60.0000,0.208,0.72864,0,0,0,0,0,0.001109,0.000194,0.001035,0.000224,0.000683,0.000232,0.000391,0.000156,0.000322,0.000140,0.000238,0.000232,0.000190,0.000245,0.000102,110.27,153.87,-24.17,7.01,-161.09,-120.28,81.83,106.68,-32.00,11.94,-138.22,-91.95,88.26,123.77,-20.68,0.0183,0.0076,0.0036,0.0032,0.0051,0.0031,0.0025,0.0023,0.0028,0.0029,0.0036,0.0023,0.0009,0.0030,0.0023
2026-08-05 21:29:48.017,4.383333,93,23,0.001871,0.0002,-109.33,0,0,0,60.0000,0.208,0.72864,0,0,0,0,0,0.001160,0.000124,0.001011,0.000261,0.000656,0.000217,0.000431,0.000149,0.000335,0.000177,0.000244,0.000200,0.000196,0.000224,0.000073,109.33,158.27,-20.78,10.97,-152.57,-123.77,85.84,108.77,-17.87,26.30,-131.86,-92.30,105.18,133.47,-7.59,0.0183,0.0076,0.0036,0.0032,0.0051,0.0031,0.0025,0.0023,0.0028,0.0029,0.0036,0.0023,0.0009,0.0030,0.0023
2026-08-05 21:29:48.017,4.400000,93,24,0.003604,0.0009,-61.00,0,0,0,60.0000,0.208,0.72864,0,0,0,0,0,0.002028,0.000691,0.001700,0.000591,0.001147,0.000585,0.000650,0.000554,0.000425,0.000653,0.000431,0.000767,0.000505,0.000710,0.000429,61.00,-66.60,-170.84,43.84,-51.86,149.74,58.28,-111.05,135.68,-3.35,-135.16,106.69,-18.39,-130.23,93.91,0.0183,0.0076,0.0036,0.0032,0.0051,0.0031,0.0025,0.0023,0.0028,0.0029,0.0036,0.0023,0.0009,0.0030,0.0023
2026-08-05 21:29:48.017,4.416667,93,25,0.001914,0.0002,-107.64,0,0,0,60.0000,0.208,0.72864,0,0,0,0,0,0.001182,0.000135,0.001004,0.000232,0.000698,0.000229,0.000466,0.000205,0.000334,0.000159,0.000305,0.000222,0.000196,0.000229,0.000111,107.64,141.20,-27.69,7.04,-164.48,-144.50,75.61,97.31,-40.95,-15.28,-157.50,-122.97,66.69,99.42,-49.14,0.0183,0.0076,0.0036,0.0032,0.0051,0.0031,0.0025,0.0023,0.0028,0.0029,0.0036,0.0023,0.0009,0.0030,0.0023
2026-08-05 21:29:48.017,4.433333,93,26,0.001868,0.0002,-107.53,0,0,0,60.0000,0.208,0.72864,0,0,0,0,0,0.001145,0.000122,0.000999,0.000258,0.000679,0.000206,0.000464,0.000160,0.000333,0.000163,0.000241,0.000196,0.000199,0.000224,0.000117,107.53,151.09,-26.09,10.66,-163.43,-133.43,72.12,99.74,-39.38,1.49,-155.25,-104.81,66.88,112.03,-51.31,0.0183,0.0076,0.0036,0.0032,0.0051,0.0031,0.0025,0.0023,0.0028,0.0029,0.0036,0.0023,0.0009,0.0030,0.0023
2026-08-05 21:29:48.017,4.450000,93,27,0.001920,0.0002,-107.91,0,0,0,60.0000,0.208,0.72864,0,0,0,0,0,0.001191,0.000109,0.001022,0.000250,0.000675,0.000260,0.000447,0.000209,0.000341,0.000174,0.000270,0.000233,0.000200,0.000221,0.000111,107.91,171.95,-23.14,8.50,-158.13,-123.60,82.66,111.07,-29.09,2.44,-152.66,-111.68,75.78,115.91,-40.99,0.0183,0.0076,0.0036,0.0032,0.0051,0.0031,0.0025,0.0023,0.0028,0.0029,0.0036,0.0023,0.0009,0.0030,0.0023
2026-08-05 21:29:48.017,4.466667,93,28,0.002119,0.0002,-94.85,0,0,0,60.0000,0.208,0.72864,0,0,0,0,0,0.001429,0.000287,0.001158,0.000078,0.000677,0.000102,0.000356,0.000201,0.000247,0.000170,0.000143,0.000205,0.000042,0.000249,0.000076,94.85,-154.75,-67.62,34.63,132.49,24.34,-17.85,-125.24,-152.22,96.92,52.18,-36.03,-106.28,179.35,-106.68,0.0183,0.0076,0.0036,0.0032,0.0051,0.0031,0.0025,0.0023,0.0028,0.0029,0.0036,0.0023,0.0009,0.0030,0.0023
2026-08-05 21:29:48.017,4.483333,93,29,0.002077,0.0002,-99.34,0,0,0,60.0000,0.208,0.72864,0,0,0,0,0,0.001393,0.000226,0.001111,0.000051,0.000664,0.000182,0.000360,0.000226,0.000246,0.000189,0.000182,0.000179,0.000111,0.000246,0.000128,99.34,-152.28,-56.28,69.74,149.23,33.70,15.47,-114.34,-106.64,107.23,125.02,-7.82,-3.94,-150.88,-134.78,0.0183,0.0076,0.0036,0.0032,0.0051,0.0031,0.0025,0.0023,0.0028,0.0029,0.0036,0.0023,0.0009,0.0030,0.0023
2026-08-05 21:29:48.274,4.500000,94,0,0.001965,0.0002,-108.13,0,0,0,60.0000,0.203,0.82051,0,0,0,0,0,0.001285,0.000109,0.001011,0.000133,0.000623,0.000304,0.000391,0.000357,0.000336,0.000299,0.000273,0.000174,0.000159,0.000187,0.000084,108.13,-114.82,-29.53,-153.15,-161.14,79.44,91.49,-59.79,-16.66,165.97,-144.96,50.54,77.58,-38.71,-32.58,0.0165,0.0054,0.0019,0.0031,0.0031,0.0011,0.0047,0.0015,0.0037,0.0050,0.0017,0.0049,0.0038,0.0020,0.0047
2026-08-05 21:29:48.274,4.516667,94,1,0.001963,0.0001,-114.66,0,0,0,60.0000,0.203,0.82051,0,0,0,0,0,0.001214,0.000191,0.001053,0.000227,0.000693,0.000262,0.000471,0.000208,0.000318,0.000209,0.000199,0.000176,0.000193,0.000173,0.000170,114.66,-70.11,-12.77,-177.30,-138.32,73.45,102.73,-44.98,-4.96,-151.16,-112.57,105.16,145.92,-2.17,5.49,0.0165,0.0054,0.0019,0.0031,0.0031,0.0011,0.0047,0.0015,0.0037,0.0050,0.0017,0.0049,0.0038,0.0020,0.0047
2026-08-05 21:29:48.274,4.533333,94,2,0.002006,0.0002,-101.39,0,0,0,60.0000,0.203,0.82051,0,0,0,0,0,0.001236,0.000196,0.001051,0.000208,0.000711,0.000258,0.000484,0.000227,0.000287,0.000268,0.000255,0.000232,0.000233,0.000223,0.000204,101.39,-102.62,-44.64,125.17,162.48,3.49,23.06,-129.66,-109.27,99.14,126.93,-52.23,-16.15,173.57,-159.68,0.0165,0.0054,0.0019,0.0031,0.0031,0.0011,0.0047,0.0015,0.0037,0.0050,0.0017,0.0049,0.0038,0.0020,0.0047
2026-08-05 21:29:48.274,4.550000,94,3,0.003410,0.0009,-60.21,0,0,0,60.0000,0.203,0.82051,0,0,0,0,0,0.001717,0.000974,0.000412,0.000594,0.001470,0.000985,0.000644,0.000639,0.000792,0.000717,0.000664,0.000720,0.000461,0.000412,0.000684,60.21,-134.95,-44.91,-94.67,95.23,-62.72,179.81,7.58,169.68,8.48,-108.92,83.32,-109.57,98.81,-44.44,0.0165,0.0054,0.0019,0.0031,0.0031,0.0011,0.0047,0.0015,0.0037,0.0050,0.0017,0.0049,0.0038,0.0020,0.0047
2026-08-05 21:29:48.274,4.566667,94,4,0.001932,0.0002,-106.12,0,0,0,60.0000,0.203,0.82051,0,0,0,0,0,0.001190,0.000198,0.001032,0.000221,0.000718,0.000259,0.000463,0.000194,0.000288,0.000206,0.000233,0.000207,0.000192,0.000200,0.000150,106.12,-77.83,-35.28,153.84,-174.14,25.03,51.75,-100.28,-65.67,141.63,-176.24,24.95,51.63,-111.61,-96.70,0.0165,0.0054,0.0019,0.0031,0.0031,0.0011,0.0047,0.0015,0.0037,0.0050,0.0017,0.0049,0.0038,0.0020,0.0047
2026-08-05 21:29:48.274,4.583333,94,5,0.001936,0.0002,-101.94,0,0,0,60.0000,0.203,0.82051,0,0,0,0,0,0.001209,0.000150,0.001007,0.000227,0.000737,0.000223,0.000448,0.000234,0.000286,0.000242,0.000231,0.000237,0.000222,0.000191,0.000150,101.94,-97.30,-50.37,128.20,157.89,-1.50,17.78,-130.65,-114.15,95.37,123.17,-49.27,-18.51,171.94,-177.98,0.0165,0.0054,0.0019,0.0031,0.0031,0.0011,0.0047,0.0015,0.0037,0.0050,0.0017,0.0049,0.0038,0.0020,0.0047
2026-08-05 21:29:48.274,4.600000,94,6,0.001950,0.0002,-104.32,0,0,0,60.0000,0.203,0.82051,0,0,0,0,0,0.001187,0.000184,0.001035,0.000208,0.000708,0.000240,0.000498,0.000229,0.000316,0.000259,0.000200,0.000279,0.000174,0.000205,0.000134,104.32,-74.95,-38.32,141.47,179.43,17.64,42.67,-89.43,-77.81,135.61,159.57,-1.28,34.14,-137.99,-111.76,0.0165,0.0054,0.0019,0.0031,0.0031,0.0011,0.0047,0.0015,0.0037,0.0050,0.0017,0.0049,0.0038,0.0020,0.0047
2026-08-05 21:29:48.274,4.616667,94,7,0.001968,0.0002,-106.89,0,0,0,60.0000,0.203,0.82051,0,0,0,0,0,0.001222,0.000178,0.001028,0.000264,0.000725,0.000253,0.000441,0.000254,0.000282,0.000252,0.000199,0.000264,0.000202,0.000178,0.000148,106.89,-65.48,-29.71,157.09,-168.81,37.11,60.55,-78.79,-53.00,151.26,-170.84,28.99,70.75,-104.75,-66.67,0.0165,0.0054,0.0019,0.0031,0.0031,0.0011,0.0047,0.0015,0.0037,0.0050,0.0017,0.0049,0.0038,0.0020,0.0047
2026-08-05 21:29:48.274,4.633333,94,8,0.001926,0.0002,-105.01,0,0,0,60.0000,0.203,0.82051,0,0,0,0,0,0.001218,0.000184,0.000990,0.000271,0.000690,0.000217,0.000386,0.000206,0.000279,0.000209,0.000259,0.000253,0.000235,0.000257,0.000178,105.01,-73.04,-39.92,152.04,176.22,19.26,39.82,-94.83,-73.76,141.91,161.52,11.97,26.18,-133.16,-133.22,0.0165,0.0054,0.0019,0.0031,0.0031,0.0011,0.0047,0.0015,0.0037,0.0050,0.0017,0.0049,0.0038,0.0020,0.0047
2026-08-05 21:29:48.274,4.650000,94,9,0.001934,0.0002,-108.98,0,0,0,60.0000,0.203,0.82051,0,0,0,0,0,0.001191,0.000134,0.001017,0.000206,0.000732,0.000235,0.000483,0.000226,0.000279,0.000246,0.000213,0.000236,0.000205,0.000194,0.000171,108.98,-63.03,-22.52,159.29,-160.73,58.90,75.48,-64.56,-43.05,179.00,-138.92,49.88,96.61,-62.30,-29.43,0.0165,0.0054,0.0019,0.0031,0.0031,0.0011,0.0047,0.0015,0.0037,0.0050,0.0017,0.0049,0.0038,0.0020,0.0047
2026-08-05 21:29:48.274,4.666667,94,10,0.002158,0.0002,-94.27,0,0,0,60.0000,0.203,0.82051,0,0,0,0,0,0.001477,0.000093,0.001149,0.000023,0.000733,0.000069,0.000406,0.000113,0.000197,0.000152,0.000118,0.000241,0.000070,0.000280,0.000036,94.27,-14.18,-74.09,-43.49,118.22,-150.34,-29.78,83.03,-156.13,-70.21,72.01,127.07,-135.00,-25.03,-41.05,0.0165,0.0054,0.0019,0.0031,0.0031,0.0011,0.0047,0.0015,0.0037,0.0050,0.0017,0.0049,0.0038,0.0020,0.0047
2026-08-05 21:29:48.274,4.683333,94,11,0.002034,0.0002,-98.29,0,0,0,60.0000,0.203,0.82051,0,0,0,0,0,0.001355,0.000074,0.001120,0.000070,0.000662,0.000138,0.000291,0.000137,0.000223,0.000170,0.000263,0.000261,0.000154,0.000259,0.000022,98.29,6.12,-59.35,-55.54,148.66,-152.43,5.92,77.95,-108.15,-73.15,127.78,146.25,-4.35,12.06,-177.33,0.0165,0.0054,0.0019,0.0031,0.0031,0.0011,0.0047,0.0015,0.0037,0.0050,0.0017,0.0049,0.0038,0.0020,0.0047
2026-08-05 21:29:48.274,4.700000,94,12,0.003461,0.0009,-62.24,0,0,0,60.0000,0.203,0.82051,0,0,0,0,0,0.001555,0.000799,0.001087,0.000798,0.001199,0.000853,0.000839,0.000828,0.000734,0.000742,0.000828,0.000640,0.000626,0.000678,0.000532,62.24,-162.44,-28.52,-124.93,83.20,-131.60,47.19,-72.52,128.83,-83.92,100.30,-31.97,166.66,-35.00,159.93,0.0165,0.0054,0.0019,0.0031,0.0031,0.0011,0.0047,0.0015,0.0037,0.0050,0.0017,0.0049,0.0038,0.0020,0.0047
2026-08-05 21:29:48.274,4.716667,94,13,0.001951,0.0002,-105.76,0,0,0,60.0000,0.203,0.82051,0,0,0,0,0,0.001235,0.000143,0.001013,0.000259,0.000672,0.000269,0.000433,0.000198,0.000334,0.000179,0.000242,0.000222,0.000196,0.000259,0.000089,105.76,159.30,-34.82,2.19,-171.77,-149.52,63.31,72.59,-55.68,-30.40,-174.14,-140.10,60.80,85.22,-64.23,0.0165,0.0054,0.0019,0.0031,0.0031,0.0011,0.0047,0.0015,0.0037,0.0050,0.0017,0.0049,0.0038,0.0020,0.0047
2026-08-05 21:29:48.274,4.733333,94,14,0.001849,0.0002,-105.34,0,0,0,60.0000,0.203,0.82051,0,0,0,0,0,0.001148,0.000107,0.000989,0.000219,0.000678,0.000199,0.000442,0.000169,0.000311,0.000170,0.000259,0.000205,0.000192,0.000220,0.000093,105.34,131.39,-33.43,-1.27,-173.91,-143.12,56.91,87.22,-55.68,-12.12,179.66,-137.40,51.56,89.80,-91.04,0.0165,0.0054,0.0019,0.0031,0.0031,0.0011,0.0047,0.0015,0.0037,0.0050,0.0017,0.0049,0.0038,0.0020,0.0047
2026-08-05 21:29:48.274,4.750000,94,15,0.001917,0.0002,-104.59,0,0,0,60.0000,0.203,0.82051,0,0,0,0,0,0.001192,0.000148,0.001020,0.000251,0.000674,0.000215,0.000442,0.000191,0.000336,0.000167,0.000284,0.000186,0.000203,0.000195,0.000100,104.59,152.89,-38.87,-12.92,176.32,-164.68,43.30,58.25,-72.72,-46.86,155.21,-169.39,17.06,50.69,-125.21,0.0165,0.0054,0.0019,0.0031,0.0031,0.0011,0.0047,0.0015,0.0037,0.0050,0.0017,0.0049,0.0038,0.0020,0.0047
2026-08-05 21:29:48.274,4.766667,94,16,0.001865,0.0002,-109.89,0,0,0,60.0000,0.203,0.82051,0,0,0,0,0,0.001173,0.000139,0.000988,0.000206,0.000693,0.000195,0.000451,0.000165,0.000310,0.000158,0.000230,0.000185,0.000178,0.000233,0.000076,109.89,163.16,-26.48,11.29,-159.62,-128.77,76.77,103.73,-34.09,5.62,-153.83,-106.90,77.24,117.89,-51.44,0.0165,0.0054,0.0019,0.0031,0.0031,0.0011,0.0047,0.0015,0.0037,0.0050,0.0017,0.0049,0.0038,0.0020,0.0047
2026-08-05 21:29:48.274,4.783333,94,17,0.001933,0.0002,-113.44,0,0,0,60.0000,0.203,0.82051,0,0,0,0,0,0.001222,0.000133,0.001012,0.000239,0.000679,0.000238,0.000459,0.000212,0.000318,0.000159,0.000281,0.000184,0.000203,0.000217,0.000080,113.44,172.70,-13.22,20.18,-141.14,-113.49,103.58,135.76,2.04,40.23,-105.65,-67.25,133.73,170.04,15.64,0.0165,0.0054,0.0019,0.0031,0.0031,0.0011,0.0047,0.0015,0.0037,0.0050,0.0017,0.0049,0.0038,0.0020,0.0047
2026-08-05 21:29:48.274,4.800000,94,18,0.001949,0.0002,-100.22,0,0,0,60.0000,0.203,0.82051,0,0,0,0,0,0.001236,0.000129,0.001018,0.000214,0.000690,0.000198,0.000450,0.000163,0.000357,0.000185,0.000308,0.000205,0.000238,0.000205,0.000104,100.22,149.69,-50.46,-21.74,155.45,166.07,18.75,31.13,-111.33,-84.73,109.54,143.72,-41.49,-15.13,169.58,0.0165,0.0054,0.0019,0.0031,0.0031,0.0011,0.0047,0.0015,0.0037,0.0050,0.0017,0.0049,0.0038,0.0020,0.0047
2026-08-05 21:29:48.274,4.816667,94,19,0.001889,0.0002,-103.29,0,0,0,60.0000,0.203,0.82051,0,0,0,0,0,0.001215,0.000171,0.000988,0.000183,0.000695,0.000218,0.000418,0.000141,0.000321,0.000140,0.000227,0.000180,0.000175,0.000226,0.000076,103.29,167.56,-45.40,-18.05,166.44,177.96,29.29,30.60,-94.72,-68.79,124.44,144.69,-9.51,7.80,-161.32,0.0165,0.0054,0.0019,0.0031,0.0031,0.0011,0.0047,0.0015,0.0037,0.0050,0.0017,0.0049,0.0038,0.0020,0.0047
2026-08-05 21:29:48.274,4.833333,94,20,0.003607,0.0011,-61.81,0,0,0,60.0000,0.203,0.82051,0,0,0,0,0,0.001340,0.001005,0.001718,0.000622,0.000285,0.001069,0.001244,0.000718,0.000743,0.000697,0.000589,0.000850,0.000818,0.000384,0.000499,61.81,-179.42,-16.30,-160.09,61.73,-162.55,29.99,-164.81,1.58,-138.38,53.07,-142.76,38.25,-141.70,42.45,0.0165,0.0054,0.0019,0.0031,0.0031,0.0011,0.0047,0.0015,0.0037,0.0050,0.0017,0.0049,0.0038,0.0020,0.0047
2026-08-05 21:29:48.274,4.850000,94,21,0.001954,0.0002,-108.03,0,0,0,60.0000,0.203,0.82051,0,0,0,0,0,0.001198,0.000087,0.001043,0.000250,0.000701,0.000205,0.000515,0.000179,0.000352,0.000174,0.000248,0.000195,0.000220,0.000247,0.000114,108.03,128.57,-26.21,1.09,-163.17,-141.66,71.79,96.60,-37.79,-13.31,-165.93,-133.66,70.97,91.23,-30.15,0.0165,0.0054,0.0019,0.0031,0.0031,0.0011,0.0047,0.0015,0.0037,0.0050,0.0017,0.0049,0.0038,0.0020,0.0047
2026-08-05 21:29:48.274,4.866667,94,22,0.002180,0.0002,-99.45,0,0,0,60.0000,0.203,0.82051,0,0,0,0,0,0.001473,0.000277,0.001162,0.000098,0.000671,0.000128,0.000346,0.000206,0.000202,0.000167,0.000086,0.000208,0.000047,0.000318,0.000101,99.45,-147.02,-55.23,55.13,148.90,43.42,9.07,-87.73,-118.28,148.12,99.17,33.11,175.28,-112.33,-2.99,0.0165,0.0054,0.0019,0.0031,0.0031,0.0011,0.0047,0.0015,0.0037,0.0050,0.0017,0.0049,0.0038,0.0020,0.0047
2026-08-05 21:29:48.274,4.883333,94,23,0.002094,0.0002,-98.57,0,0,0,60.0000,0.203,0.82051,0,0,0,0,0,0.001370,0.000234,0.001172,0.000090,0.000611,0.000125,0.000314,0.000254,0.000257,0.000210,0.000187,0.000187,0.000095,0.000259,0.000117,98.57,-137.69,-49.04,20.23,162.34,51.68,29.33,-80.84,-74.61,142.23,165.29,10.65,32.46,-111.96,-77.38,0.0165,0.0054,0.0019,0.0031,0.0031,0.0011,0.0047,0.0015,0.0037,0.0050,0.0017,0.0049,0.0038,0.0020,0.0047
2026-08-05 21:29:48.274,4.900000,94,24,0.001981,0.0002,-106.56,0,0,0,60.0000,0.203,0.82051,0,0,0,0,0,0.001328,0.000158,0.001041,0.000140,0.000611,0.000260,0.000365,0.000302,0.000335,0.000230,0.000272,0.000141,0.000176,0.000138,0.000099,106.56,-107.83,-36.62,-170.70,-171.17,63.83,72.55,-77.80,-42.18,141.33,-176.02,26.45,44.06,-65.46,-81.38,0.0165,0.0054,0.0019,0.0031,0.0031,0.0011,0.0047,0.0015,0.0037,0.0050,0.0017,0.0049,0.0038,0.0020,0.0047
2026-08-05 21:29:48.274,4.916667,94,25,0.001869,0.0001,-110.83,0,0,0,60.0000,0.203,0.82051,0,0,0,0,0,0.001172,0.000178,0.000979,0.000200,0.000652,0.000268,0.000455,0.000219,0.000260,0.000195,0.000184,0.000179,0.000158,0.000188,0.000169,110.83,-65.89,-19.25,174.46,-153.78,60.33,84.78,-65.03,-28.84,-170.20,-130.91,90.51,125.16,-43.29,-21.50,0.0165,0.0054,0.0019,0.0031,0.0031,0.0011,0.0047,0.0015,0.0037,0.0050,0.0017,0.0049,0.0038,0.0020,0.0047
2026-08-05 21:29:48.274,4.933333,94,26,0.002019,0.0002,-110.64,0,0,0,60.0000,0.203,0.82051,0,0,0,0,0,0.001292,0.000215,0.001057,0.000250,0.000695,0.000223,0.000425,0.000218,0.000316,0.000246,0.000250,0.000250,0.000244,0.000173,0.000174,110.64,-74.90,-24.99,166.75,-156.59,48.84,80.76,-52.90,-37.27,-176.76,-147.98,47.92,85.65,-81.12,-41.45,0.0165,0.0054,0.0019,0.0031,0.0031,0.0011,0.0047,0.0015,0.0037,0.0050,0.0017,0.0049,0.0038,0.0020,0.0047
2026-08-05 21:29:48.274,4.950000,94,27,0.001977,0.0002,-108.40,0,0,0,60.0000,0.203,0.82051,0,0,0,0,0,0.001218,0.000223,0.001062,0.000243,0.000707,0.000240,0.000431,0.000215,0.000278,0.000201,0.000259,0.000215,0.000269,0.000214,0.000166,108.40,-63.64,-24.70,160.37,-160.65,34.96,75.40,-74.05,-39.59,174.13,-153.50,58.23,84.82,-75.45,-51.77,0.0165,0.0054,0.0019,0.0031,0.0031,0.0011,0.0047,0.0015,0.0037,0.0050,0.0017,0.0049,0.0038,0.0020,0.0047
2026-08-05 21:29:48.274,4.966667,94,28,0.001836,0.0002,-105.18,0,0,0,60.0000,0.203,0.82051,0,0,0,0,0,0.001099,0.000194,0.000993,0.000211,0.000663,0.000268,0.000449,0.000210,0.000294,0.000180,0.000199,0.000209,0.000152,0.000224,0.000134,105.18,-51.04,-33.42,154.57,-171.42,16.41,53.22,-93.80,-60.14,149.32,-173.83,27.62,58.09,-98.15,-71.55,0.0165,0.0054,0.0019,0.0031,0.0031,0.0011,0.0047,0.0015,0.0037,0.0050,0.0017,0.0049,0.0038,0.0020,0.0047
2026-08-05 21:29:48.274,4.983333,94,29,0.003540,0.0010,-70.37,0,0,0,60.0000,0.203,0.82051,0,0,0,0,0,0.000990,0.000727,0.001853,0.001004,0.001085,0.000981,0.000427,0.000637,0.000900,0.000601,0.000885,0.000815,0.000562,0.000628,0.000426,70.37,177.04,-7.07,169.18,-64.26,142.32,-17.27,130.12,-24.75,149.58,-52.91,132.42,-76.83,104.18,-58.02,0.0165,0.0054,0.0019,0.0031,0.0031,0.0011,0.0047,0.0015,0.0037,0.0050,0.0017,0.0049,0.0038,0.0020,0.0047
2026-08-05 21:29:48.539,5.000000,95,0,0.001984,0.0002,-104.07,0,0,0,60.0000,0.198,1.33524,0,0,0,0,0,0.001222,0.000167,0.001050,0.000255,0.000722,0.000237,0.000454,0.000222,0.000333,0.000221,0.000252,0.000241,0.000254,0.000214,0.000179,104.07,-57.74,-41.61,149.19,172.65,13.49,39.16,-102.96,-86.92,132.27,147.20,-1.84,9.41,-144.85,-141.78,0.0126,0.0031,0.0080,0.0064,0.0034,0.0007,0.0082,0.0012,0.0045,0.0037,0.0051,0.0029,0.0013,0.0041,0.0007
2026-08-05 21:29:48.539,5.016667,95,1,0.001967,0.0002,-106.61,0,0,0,60.0000,0.198,1.33524,0,0,0,0,0,0.001232,0.000187,0.001027,0.000278,0.000717,0.000261,0.000443,0.000233,0.000293,0.000245,0.000236,0.000250,0.000203,0.000188,0.000139,106.61,-68.29,-33.65,151.54,-174.44,28.08,57.54,-91.15,-60.47,148.06,174.01,23.06,47.11,-122.51,-108.81,0.0126,0.0031,0.0080,0.0064,0.0034,0.0007,0.0082,0.0012,0.0045,0.0037,0.0051,0.0029,0.0013,0.0041,0.0007
2026-08-05 21:29:48.539,5.033333,95,2,0.001893,0.0002,-102.39,0,0,0,60.0000,0.198,1.33524,0,0,0,0,0,0.001149,0.000168,0.001003,0.000231,0.000724,0.000241,0.000469,0.000218,0.000302,0.000214,0.000206,0.000208,0.000158,0.000181,0.000128,102.39,-57.00,-46.01,145.00,165.05,6.94,24.11,-124.06,-111.35,116.03,124.36,-20.67,-9.76,-160.38,-155.40,0.0126,0.0031,0.0080,0.0064,0.0034,0.0007,0.0082,0.0012,0.0045,0.0037,0.0051,0.0029,0.0013,0.0041,0.0007
2026-08-05 21:29:48.539,5.050000,95,3,0.001936,0.0002,-100.43,0,0,0,60.0000,0.198,1.33524,0,0,0,0,0,0.001202,0.000145,0.001021,0.000223,0.000715,0.000231,0.000447,0.000226,0.000295,0.000221,0.000267,0.000225,0.000225,0.000210,0.000174,100.43,-67.03,-51.00,132.16,156.59,-0.39,15.71,-132.07,-108.20,95.59,119.25,-38.46,-18.19,166.23,169.47,0.0126,0.0031,0.0080,0.0064,0.0034,0.0007,0.0082,0.0012,0.0045,0.0037,0.0051,0.0029,0.0013,0.0041,0.0007
2026-08-05 21:29:48.539,5.066667,95,4,0.002087,0.0002,-96.44,0,0,0,60.0000,0.198,1.33524,0,0,0,0,0,0.001384,0.000106,0.001140,0.000033,0.000731,0.000067,0.000389,0.000134,0.000180,0.000214,0.000109,0.000253,0.000050,0.000256,0.000084,96.44,20.25,-61.83,-60.43,140.63,-125.98,-6.36,100.51,-133.86,-32.58,94.44,-179.13,-67.45,28.78,14.31,0.0126,0.0031,0.0080,0.0064,0.0034,0.0007,0.0082,0.0012,0.0045,0.0037,0.0051,0.0029,0.0013,0.0041,0.0007
2026-08-05 21:29:48.539,5.083333,95,5,0.002152,0.0002,-94.21,0,0,0,60.0000,0.198,1.33524,0,0,0,0,0,0.001448,0.000130,0.001170,0.000058,0.000675,0.000074,0.000351,0.000136,0.000245,0.000218,0.000213,0.000246,0.000170,0.000267,0.000090,94.21,6.94,-69.01,-69.43,127.50,-176.62,-20.37,20.88,-131.22,-110.07,92.21,115.80,-76.64,-45.11,177.20,0.0126,0.0031,0.0080,0.0064,0.0034,0.0007,0.0082,0.0012,0.0045,0.0037,0.0051,0.0029,0.0013,0.0041,0.0007
2026-08-05 21:29:48.539,5.100000,95,6,0.002026,0.0002,-109.62,0,0,0,60.0000,0.198,1.33524,0,0,0,0,0,0.001322,0.000035,0.001054,0.000162,0.000657,0.000234,0.000418,0.000237,0.000393,0.000197,0.000396,0.000199,0.000243,0.000161,0.000127,109.62,141.58,-19.88,42.24,-149.47,-100.47,106.63,141.24,1.38,26.09,-117.89,-80.89,103.84,160.95,-33.97,0.0126,0.0031,0.0080,0.0064,0.0034,0.0007,0.0082,0.0012,0.0045,0.0037,0.0051,0.0029,0.0013,0.0041,0.0007
2026-08-05 21:29:48.539,5.116667,95,7,0.001881,0.0002,-109.07,0,0,0,60.0000,0.198,1.33524,0,0,0,0,0,0.001184,0.000096,0.001010,0.000273,0.000622,0.000191,0.000454,0.000162,0.000329,0.000164,0.000244,0.000206,0.000199,0.000242,0.000078,109.07,139.94,-17.94,17.28,-147.64,-119.53,97.16,117.08,-3.67,38.27,-122.15,-81.75,112.66,146.48,-15.21,0.0126,0.0031,0.0080,0.0064,0.0034,0.0007,0.0082,0.0012,0.0045,0.0037,0.0051,0.0029,0.0013,0.0041,0.0007
2026-08-05 21:29:48.539,5.133333,95,8,0.003875,0.0013,-80.56,0,0,0,60.0000,0.198,1.33524,0,0,0,0,0,0.000603,0.001068,0.001071,0.001192,0.001403,0.001126,0.001314,0.000955,0.001203,0.000895,0.001040,0.000685,0.000867,0.000444,0.000616,80.56,141.37,-5.14,99.13,-79.17,46.49,-134.44,3.96,-179.07,-36.98,130.94,-78.03,83.82,-118.76,44.23,0.0126,0.0031,0.0080,0.0064,0.0034,0.0007,0.0082,0.0012,0.0045,0.0037,0.0051,0.0029,0.0013,0.0041,0.0007
2026-08-05 21:29:48.539,5.150000,95,9,0.001971,0.0002,-109.03,0,0,0,60.0000,0.198,1.33524,0,0,0,0,0,0.001212,0.000156,0.001040,0.000230,0.000740,0.000243,0.000472,0.000195,0.000352,0.000165,0.000282,0.000203,0.000206,0.000256,0.000102,109.03,164.58,-29.71,4.52,-164.38,-134.25,68.78,92.70,-47.77,-18.76,-168.79,-125.72,60.20,104.85,-91.17,0.0126,0.0031,0.0080,0.0064,0.0034,0.0007,0.0082,0.0012,0.0045,0.0037,0.0051,0.0029,0.0013,0.0041,0.0007
2026-08-05 21:29:48.539,5.166667,95,10,0.001962,0.0002,-111.32,0,0,0,60.0000,0.198,1.33524,0,0,0,0,0,0.001223,0.000131,0.001029,0.000252,0.000696,0.000217,0.000459,0.000216,0.000324,0.000193,0.000280,0.000233,0.000211,0.000259,0.000114,111.32,139.24,-7.34,35.35,-135.52,-102.45,114.05,142.19,15.93,51.65,-86.65,-48.09,149.22,178.05,43.25,0.0126,0.0031,0.0080,0.0064,0.0034,0.0007,0.0082,0.0012,0.0045,0.0037,0.0051,0.0029,0.0013,0.0041,0.0007
2026-08-05 21:29:48.539,5.183333,95,11,0.001882,0.0002,-102.35,0,0,0,60.0000,0.198,1.33524,0,0,0,0,0,0.001190,0.000180,0.000989,0.000253,0.000670,0.000178,0.000453,0.000143,0.000362,0.000131,0.000281,0.000171,0.000177,0.000186,0.000053,102.35,150.86,-36.97,4.02,178.44,-159.41,50.24,52.71,-63.94,-11.93,155.65,-161.83,20.39,50.80,-113.18,0.0126,0.0031,0.0080,0.0064,0.0034,0.0007,0.0082,0.0012,0.0045,0.0037,0.0051,0.0029,0.0013,0.0041,0.0007
2026-08-05 21:29:48.539,5.200000,95,12,0.001999,0.0002,-104.30,0,0,0,60.0000,0.198,1.33524,0,0,0,0,0,0.001257,0.000120,0.001056,0.000205,0.000726,0.000202,0.000478,0.000193,0.000356,0.000166,0.000296,0.000192,0.000221,0.000200,0.000121,104.30,138.84,-36.14,-6.98,-179.81,-164.61,51.02,59.87,-64.50,-40.36,162.05,-168.21,30.42,49.82,-99.52,0.0126,0.0031,0.0080,0.0064,0.0034,0.0007,0.0082,0.0012,0.0045,0.0037,0.0051,0.0029,0.0013,0.0041,0.0007
2026-08-05 21:29:48.539,5.216667,95,13,0.001961,0.0002,-109.17,0,0,0,60.0000,0.198,1.33524,0,0,0,0,0,0.001262,0.000121,0.001024,0.000174,0.000705,0.000218,0.000420,0.000196,0.000322,0.000195,0.000310,0.000213,0.000258,0.000203,0.000150,109.17,167.07,-30.07,6.54,-165.30,-131.24,72.15,104.85,-34.70,-10.61,-152.15,-130.91,77.98,99.08,-52.19,0.0126,0.0031,0.0080,0.0064,0.0034,0.0007,0.0082,0.0012,0.0045,0.0037,0.0051,0.0029,0.0013,0.0041,0.0007
2026-08-05 21:29:48.539,5.233333,95,14,0.001934,0.0002,-110.14,0,0,0,60.0000,0.198,1.33524,0,0,0,0,0,0.001207,0.000120,0.001018,0.000209,0.000696,0.000221,0.000442,0.000210,0.000330,0.000172,0.000295,0.000207,0.000210,0.000227,0.000124,110.14,148.88,-26.33,5.41,-160.24,-132.72,80.38,102.97,-27.89,-4.81,-146.74,-110.11,85.78,122.94,-39.42,0.0126,0.0031,0.0080,0.0064,0.0034,0.0007,0.0082,0.0012,0.0045,0.0037,0.0051,0.0029,0.0013,0.0041,0.0007
2026-08-05 21:29:48.539,5.250000,95,15,0.001925,0.0002,-106.68,0,0,0,60.0000,0.198,1.33524,0,0,0,0,0,0.001224,0.000032,0.001045,0.000244,0.000599,0.000175,0.000431,0.000170,0.000350,0.000204,0.000300,0.000198,0.000234,0.000167,0.000135,106.68,152.65,-27.04,-13.30,-163.18,-140.13,65.43,98.74,-44.78,-2.33,-157.07,-123.44,88.40,98.70,-37.30,0.0126,0.0031,0.0080,0.0064,0.0034,0.0007,0.0082,0.0012,0.0045,0.0037,0.0051,0.0029,0.0013,0.0041,0.0007
2026-08-05 21:29:48.539,5.266667,95,16,0.002400,0.0002,-106.75,0,0,0,60.0000,0.198,1.33524,0,0,0,0,0,0.001128,0.000107,0.000919,0.000286,0.000588,0.000362,0.000404,0.000337,0.000393,0.000423,0.000367,0.000513,0.000432,0.000479,0.000380,106.75,124.17,-33.02,-24.76,177.63,-157.26,34.70,78.14,-91.43,-26.35,140.42,-136.93,12.94,98.47,-108.62,0.0126,0.0031,0.0080,0.0064,0.0034,0.0007,0.0082,0.0012,0.0045,0.0037,0.0051,0.0029,0.0013,0.0041,0.0007
2026-08-05 21:29:48.539,5.283333,95,17,0.003089,0.0005,-139.68,0,0,0,60.0000,0.198,1.33524,0,0,0,0,0,0.000681,0.000624,0.000612,0.000743,0.000607,0.000956,0.000848,0.000931,0.000984,0.000783,0.000889,0.000612,0.000744,0.000468,0.000601,139.68,59.00,91.82,-39.24,43.67,-135.39,-35.47,129.38,-124.53,26.45,140.56,-79.69,38.32,161.91,-63.96,0.0126,0.0031,0.0080,0.0064,0.0034,0.0007,0.0082,0.0012,0.0045,0.0037,0.0051,0.0029,0.0013,0.0041,0.0007
2026-08-05 21:29:48.539,5.300000,95,18,0.001919,0.0002,-100.34,0,0,0,60.0000,0.198,1.33524,0,0,0,0,0,0.001309,0.000095,0.000963,0.000176,0.000548,0.000283,0.000365,0.000324,0.000355,0.000193,0.000268,0.000122,0.000180,0.000150,0.000084,100.34,-143.02,-49.26,172.04,168.20,36.90,55.53,-120.36,-80.50,92.89,150.28,-23.16,4.00,-136.36,-118.64,0.0126,0.0031,0.0080,0.0064,0.0034,0.0007,0.0082,0.0012,0.0045,0.0037,0.0051,0.0029,0.0013,0.0041,0.0007
2026-08-05 21:29:48.539,5.316667,95,19,0.001893,0.0002,-101.15,0,0,0,60.0000,0.198,1.33524,0,0,0,0,0,0.001157,0.000169,0.000995,0.000210,0.000700,0.000249,0.000442,0.000234,0.000268,0.000230,0.000173,0.000245,0.000169,0.000221,0.000165,101.15,-78.64,-41.67,145.78,167.63,30.39,31.83,-120.76,-108.85,112.12,135.42,-22.99,12.08,-163.89,-134.57,0.0126,0.0031,0.0080,0.0064,0.0034,0.0007,0.0082,0.0012,0.0045,0.0037,0.0051,0.0029,0.0013,0.0041,0.0007
2026-08-05 21:29:48.539,5.333333,95,20,0.001839,0.0002,-110.64,0,0,0,60.0000,0.198,1.33524,0,0,0,0,0,0.001133,0.000192,0.001009,0.000179,0.000648,0.000199,0.000416,0.000236,0.000284,0.000208,0.000228,0.000181,0.000196,0.000171,0.000161,110.64,-59.74,-21.08,173.14,-150.54,43.74,83.77,-51.50,-25.78,-162.75,-125.83,76.89,106.87,-56.94,-30.32,0.0126,0.0031,0.0080,0.0064,0.0034,0.0007,0.0082,0.0012,0.0045,0.0037,0.0051,0.0029,0.0013,0.0041,0.0007
2026-08-05 21:29:48.539,5.350000,95,21,0.001887,0.0002,-107.13,0,0,0,60.0000,0.198,1.33524,0,0,0,0,0,0.001185,0.000173,0.001032,0.000215,0.000656,0.000251,0.000418,0.000190,0.000242,0.000233,0.000174,0.000171,0.000182,0.000142,0.000130,107.13,-72.62,-25.44,165.55,-163.34,46.09,67.69,-77.05,-65.08,-174.79,-147.15,44.84,90.19,-79.86,-71.12,0.0126,0.0031,0.0080,0.0064,0.0034,0.0007,0.0082,0.0012,0.0045,0.0037,0.0051,0.0029,0.0013,0.0041,0.0007
2026-08-05 21:29:48.539,5.366667,95,22,0.001965,0.0002,-100.32,0,0,0,60.0000,0.198,1.33524,0,0,0,0,0,0.001214,0.000176,0.001081,0.000220,0.000680,0.000245,0.000430,0.000226,0.000302,0.000221,0.000202,0.000207,0.000203,0.000195,0.000197,100.32,-91.36,-46.90,126.40,159.77,-9.39,13.74,-123.27,-110.57,90.33,137.00,-58.93,-10.43,179.02,-165.37,0.0126,0.0031,0.0080,0.0064,0.0034,0.0007,0.0082,0.0012,0.0045,0.0037,0.0051,0.0029,0.0013,0.0041,0.0007
2026-08-05 21:29:48.539,5.383333,95,23,0.001901,0.0002,-103.41,0,0,0,60.0000,0.198,1.33524,0,0,0,0,0,0.001170,0.000153,0.001005,0.000242,0.000723,0.000235,0.000432,0.000200,0.000274,0.000214,0.000251,0.000181,0.000184,0.000204,0.000176,103.41,-59.10,-28.90,150.36,-168.39,22.49,56.59,-89.74,-55.11,153.59,-167.87,17.69,57.45,-105.95,-71.04,0.0126,0.0031,0.0080,0.0064,0.0034,0.0007,0.0082,0.0012,0.0045,0.0037,0.0051,0.0029,0.0013,0.0041,0.0007
2026-08-05 21:29:48.539,5.400000,95,24,0.001931,0.0002,-103.80,0,0,0,60.0000,0.198,1.33524,0,0,0,0,0,0.001161,0.000149,0.001044,0.000195,0.000712,0.000246,0.000465,0.000259,0.000345,0.000209,0.000176,0.000266,0.000208,0.000153,0.000116,103.80,-50.68,-32.36,148.20,-178.29,28.04,47.23,-86.43,-71.07,145.17,168.34,8.96,32.69,-109.61,-99.85,0.0126,0.0031,0.0080,0.0064,0.0034,0.0007,0.0082,0.0012,0.0045,0.0037,0.0051,0.0029,0.0013,0.0041,0.0007
2026-08-05 21:29:48.539,5.416667,95,25,0.004061,0.0012,141.34,0,0,0,60.0000,0.198,1.33524,0,0,0,0,0,0.000422,0.001184,0.001248,0.001281,0.001545,0.001159,0.001482,0.000892,0.001070,0.000684,0.000738,0.000846,0.000629,0.000836,0.000648,-141.34,80.22,167.90,-8.46,102.67,-89.70,33.68,177.35,-45.92,72.00,-138.23,-31.77,106.49,-119.12,13.66,0.0126,0.0031,0.0080,0.0064,0.0034,0.0007,0.0082,0.0012,0.0045,0.0037,0.0051,0.0029,0.0013,0.0041,0.0007
2026-08-05 21:29:48.539,5.433333,95,26,0.001916,0.0002,-102.71,0,0,0,60.0000,0.198,1.33524,0,0,0,0,0,0.001171,0.000136,0.001033,0.000203,0.000699,0.000246,0.000474,0.000251,0.000259,0.000242,0.000190,0.000237,0.000187,0.000165,0.000151,102.71,-81.98,-42.56,134.90,167.22,14.04,28.44,-115.40,-99.47,104.80,147.96,-28.27,11.06,-174.04,-140.41,0.0126,0.0031,0.0080,0.0064,0.0034,0.0007,0.0082,0.0012,0.0045,0.0037,0.0051,0.0029,0.0013,0.0041,0.0007
2026-08-05 21:29:48.539,5.450000,95,27,0.001929,0.0002,-101.97,0,0,0,60.0000,0.198,1.33524,0,0,0,0,0,0.001207,0.000116,0.001013,0.000208,0.000723,0.000231,0.000439,0.000236,0.000277,0.000263,0.000247,0.000211,0.000207,0.000204,0.000181,101.97,-89.10,-48.71,138.69,159.32,11.84,21.16,-120.74,-105.68,100.26,125.59,-37.69,-10.18,-179.14,-165.85,0.0126,0.0031,0.0080,0.0064,0.0034,0.0007,0.0082,0.0012,0.0045,0.0037,0.0051,0.0029,0.0013,0.0041,0.0007
2026-08-05 21:29:48.539,5.466667,95,28,0.002037,0.0002,-95.26,0,0,0,60.0000,0.198,1.33524,0,0,0,0,0,0.001358,0.000081,0.001119,0.000045,0.000670,0.000120,0.000339,0.000148,0.000177,0.000209,0.000101,0.000269,0.000057,0.000273,0.000114,95.26,-21.67,-67.56,58.91,130.64,-95.46,-20.10,110.96,-144.79,-41.16,77.25,170.84,-137.33,15.40,-11.30,0.0126,0.0031,0.0080,0.0064,0.0034,0.0007,0.0082,0.0012,0.0045,0.0037,0.0051,0.0029,0.0013,0.0041,0.0007
2026-08-05 21:29:48.539,5.483333,95,29,0.002133,0.0002,-94.71,0,0,0,60.0000,0.198,1.33524,0,0,0,0,0,0.001453,0.000086,0.001130,0.000025,0.000737,0.000118,0.000382,0.000107,0.000268,0.000159,0.000215,0.000201,0.000169,0.000242,0.000054,94.71,23.93,-67.83,-10.83,132.21,-166.99,-14.75,50.97,-135.14,-76.25,93.71,140.31,-48.97,-26.02,-164.09,0.0126,0.0031,0.0080,0.0064,0.0034,0.0007,0.0082,0.0012,0.0045,0.0037,0.0051,0.0029,0.0013,0.0041,0.0007
2026-08-05 21:29:48.786,5.500000,96,0,0.002003,0.0002,-108.98,0,0,0,60.0000,0.197,1.59770,0,0,0,0,0,0.001311,0.000063,0.001064,0.000185,0.000617,0.000231,0.000404,0.000189,0.000410,0.000204,0.000336,0.000168,0.000243,0.000159,0.000113,108.98,-152.30,-23.30,48.82,-149.02,-90.73,103.42,124.00,-4.15,8.22,-128.27,-102.84,89.99,137.40,-63.86,0.0135,0.0065,0.0112,0.0082,0.0026,0.0028,0.0096,0.0030,0.0023,0.0036,0.0076,0.0004,0.0018,0.0045,0.0042
2026-08-05 21:29:48.786,5.516667,96,1,0.001932,0.0002,-110.27,0,0,0,60.0000,0.197,1.59770,0,0,0,0,0,0.001207,0.000149,0.001053,0.000254,0.000675,0.000199,0.000470,0.000115,0.000314,0.000137,0.000247,0.000176,0.000177,0.000252,0.000088,110.27,178.57,-18.56,30.14,-147.47,-117.97,95.24,106.34,-12.29,22.98,-124.61,-80.97,101.00,143.77,-9.95,0.0135,0.0065,0.0112,0.0082,0.0026,0.0028,0.0096,0.0030,0.0023,0.0036,0.0076,0.0004,0.0018,0.0045,0.0042
2026-08-05 21:29:48.786,5.533333,96,2,0.001908,0.0002,-105.43,0,0,0,60.0000,0.197,1.59770,0,0,0,0,0,0.001193,0.000106,0.001053,0.000284,0.000635,0.000165,0.000453,0.000164,0.000282,0.000158,0.000256,0.000199,0.000208,0.000239,0.000051,105.43,160.05,-16.87,27.58,-151.53,-125.09,93.67,123.40,-13.47,43.13,-135.50,-85.48,99.10,138.38,18.22,0.0135,0.0065,0.0112,0.0082,0.0026,0.0028,0.0096,0.0030,0.0023,0.0036,0.0076,0.0004,0.0018,0.0045,0.0042
2026-08-05 21:29:48.786,5.550000,96,3,0.001989,0.0002,-110.63,0,0,0,60.0000,0.197,1.59770,0,0,0,0,0,0.001225,0.000118,0.001106,0.000282,0.000629,0.000187,0.000459,0.000174,0.000380,0.000162,0.000301,0.000171,0.000212,0.000260,0.000053,110.63,-165.22,-12.31,26.36,-140.61,-106.23,99.89,111.08,-6.36,46.03,-122.37,-65.56,122.16,159.43,29.73,0.0135,0.0065,0.0112,0.0082,0.0026,0.0028,0.0096,0.0030,0.0023,0.0036,0.0076,0.0004,0.0018,0.0045,0.0042
2026-08-05 21:29:48.786,5.566667,96,4,0.004377,0.0013,107.29,0,0,0,60.0000,0.197,1.59770,0,0,0,0,0,0.001304,0.001165,0.002103,0.001290,0.000598,0.001000,0.001293,0.001043,0.000985,0.000953,0.000823,0.000756,0.000999,0.000959,0.000595,-107.29,87.29,-121.47,7.33,175.74,-71.14,39.10,-178.48,-10.86,117.66,-133.98,10.15,160.92,-64.50,74.11,0.0135,0.0065,0.0112,0.0082,0.0026,0.0028,0.0096,0.0030,0.0023,0.0036,0.0076,0.0004,0.0018,0.0045,0.0042
2026-08-05 21:29:48.786,5.583333,96,5,0.001951,0.0002,-113.70,0,0,0,60.0000,0.197,1.59770,0,0,0,0,0,0.001255,0.000177,0.001036,0.000253,0.000670,0.000211,0.000441,0.000197,0.000270,0.000128,0.000255,0.000189,0.000193,0.000241,0.000075,113.70,-173.19,-9.76,31.55,-136.27,-112.02,111.48,136.27,12.42,48.03,-94.12,-51.02,156.83,-166.44,39.09,0.0135,0.0065,0.0112,0.0082,0.0026,0.0028,0.0096,0.0030,0.0023,0.0036,0.0076,0.0004,0.0018,0.0045,0.0042
2026-08-05 21:29:48.786,5.600000,96,6,0.001951,0.0002,-104.32,0,0,0,60.0000,0.197,1.59770,0,0,0,0,0,0.001192,0.000154,0.001018,0.000256,0.000733,0.000244,0.000455,0.000170,0.000344,0.000165,0.000275,0.000203,0.000229,0.000259,0.000116,104.32,146.15,-36.02,-0.57,179.89,-158.57,53.83,71.16,-66.37,-32.42,168.68,-143.54,33.50,68.93,-98.60,0.0135,0.0065,0.0112,0.0082,0.0026,0.0028,0.0096,0.0030,0.0023,0.0036,0.0076,0.0004,0.0018,0.0045,0.0042
2026-08-05 21:29:48.786,5.616667,96,7,0.001958,0.0002,-108.10,0,0,0,60.0000,0.197,1.59770,0,0,0,0,0,0.001237,0.000101,0.001049,0.000223,0.000672,0.000206,0.000459,0.000204,0.000346,0.000177,0.000280,0.000166,0.000223,0.000212,0.000085,108.10,161.88,-21.64,25.49,-155.12,-120.13,82.59,97.43,-22.09,3.28,-148.99,-106.10,79.06,125.60,-43.05,0.0135,0.0065,0.0112,0.0082,0.0026,0.0028,0.0096,0.0030,0.0023,0.0036,0.0076,0.0004,0.0018,0.0045,0.0042
2026-08-05 21:29:48.786,5.633333,96,8,0.001923,0.0002,-106.64,0,0,0,60.0000,0.197,1.59770,0,0,0,0,0,0.001238,0.000143,0.001008,0.000177,0.000679,0.000186,0.000437,0.000175,0.000340,0.000184,0.000301,0.000216,0.000202,0.000204,0.000090,106.64,173.51,-37.99,-2.33,-179.54,-156.46,52.69,80.55,-67.45,-34.36,161.96,-165.24,22.79,54.55,-112.35,0.0135,0.0065,0.0112,0.0082,0.0026,0.0028,0.0096,0.0030,0.0023,0.0036,0.0076,0.0004,0.0018,0.0045,0.0042
2026-08-05 21:29:48.786,5.650000,96,9,0.001866,0.0002,-107.06,0,0,0,60.0000,0.197,1.59770,0,0,0,0,0,0.001165,0.000090,0.000986,0.000231,0.000662,0.000198,0.000448,0.000142,0.000344,0.000171,0.000302,0.000208,0.000232,0.000234,0.000077,107.06,166.12,-32.66,-5.59,-171.70,-135.06,61.47,103.18,-50.14,-1.83,-176.34,-135.34,59.44,91.53,-67.72,0.0135,0.0065,0.0112,0.0082,0.0026,0.0028,0.0096,0.0030,0.0023,0.0036,0.0076,0.0004,0.0018,0.0045,0.0042
2026-08-05 21:29:48.786,5.666667,96,10,0.002123,0.0002,-96.21,0,0,0,60.0000,0.197,1.59770,0,0,0,0,0,0.001428,0.000230,0.001115,0.000088,0.000687,0.000134,0.000368,0.000194,0.000216,0.000193,0.000145,0.000219,0.000105,0.000287,0.000101,96.21,-163.16,-65.53,22.98,130.55,65.66,-16.08,-95.89,-159.34,132.19,27.88,-0.12,-170.18,-145.67,-31.11,0.0135,0.0065,0.0112,0.0082,0.0026,0.0028,0.0096,0.0030,0.0023,0.0036,0.0076,0.0004,0.0018,0.0045,0.0042
2026-08-05 21:29:48.786,5.683333,96,11,0.002167,0.0002,-90.37,0,0,0,60.0000,0.197,1.59770,0,0,0,0,0,0.001400,0.000304,0.001190,0.000068,0.000744,0.000099,0.000387,0.000231,0.000217,0.000214,0.000151,0.000229,0.000092,0.000259,0.000135,90.37,-166.63,-83.48,57.67,111.22,-12.50,-39.45,174.93,172.65,7.25,10.50,-111.59,-104.54,89.78,132.59,0.0135,0.0065,0.0112,0.0082,0.0026,0.0028,0.0096,0.0030,0.0023,0.0036,0.0076,0.0004,0.0018,0.0045,0.0042
2026-08-05 21:29:48.786,5.700000,96,12,0.001939,0.0002,-100.83,0,0,0,60.0000,0.197,1.59770,0,0,0,0,0,0.001293,0.000156,0.001019,0.000092,0.000545,0.000291,0.000377,0.000311,0.000322,0.000268,0.000268,0.000144,0.000160,0.000095,0.000138,100.83,-127.90,-42.65,123.41,174.87,43.29,52.46,-103.37,-68.58,104.90,154.06,-17.65,23.30,-115.07,-94.41,0.0135,0.0065,0.0112,0.0082,0.0026,0.0028,0.0096,0.0030,0.0023,0.0036,0.0076,0.0004,0.0018,0.0045,0.0042
2026-08-05 21:29:48.786,5.716667,96,13,0.004530,0.0013,59.06,0,0,0,60.0000,0.197,1.59770,0,0,0,0,0,0.001839,0.001196,0.000871,0.001331,0.001763,0.000829,0.000725,0.001300,0.001247,0.001012,0.001043,0.000759,0.000699,0.001041,0.000928,-59.06,153.59,5.48,101.10,-94.88,71.16,-136.90,43.55,-148.82,-7.71,155.83,-23.56,132.89,-67.26,102.00,0.0135,0.0065,0.0112,0.0082,0.0026,0.0028,0.0096,0.0030,0.0023,0.0036,0.0076,0.0004,0.0018,0.0045,0.0042
2026-08-05 21:29:48.786,5.733333,96,14,0.001975,0.0002,-106.10,0,0,0,60.0000,0.197,1.59770,0,0,0,0,0,0.001250,0.000248,0.001050,0.000219,0.000696,0.000197,0.000434,0.000244,0.000262,0.000243,0.000178,0.000206,0.000239,0.000143,0.000166,106.10,-87.85,-32.69,143.58,179.40,24.02,47.82,-103.45,-84.74,139.15,162.84,7.62,28.96,-150.34,-116.54,0.0135,0.0065,0.0112,0.0082,0.0026,0.0028,0.0096,0.0030,0.0023,0.0036,0.0076,0.0004,0.0018,0.0045,0.0042
2026-08-05 21:29:48.786,5.750000,96,15,0.001859,0.0002,-96.98,0,0,0,60.0000,0.197,1.59770,0,0,0,0,0,0.001179,0.000158,0.000992,0.000189,0.000676,0.000204,0.000402,0.000223,0.000253,0.000205,0.000212,0.000197,0.000213,0.000127,0.000163,96.98,-100.06,-50.83,121.48,156.90,-8.22,9.03,-132.89,-115.07,87.83,127.84,-63.32,-24.60,158.42,172.05,0.0135,0.0065,0.0112,0.0082,0.0026,0.0028,0.0096,0.0030,0.0023,0.0036,0.0076,0.0004,0.0018,0.0045,0.0042
2026-08-05 21:29:48.786,5.766667,96,16,0.001849,0.0002,-106.17,0,0,0,60.0000,0.197,1.59770,0,0,0,0,0,0.001142,0.000197,0.001013,0.000187,0.000673,0.000213,0.000415,0.000225,0.000236,0.000223,0.000170,0.000204,0.000190,0.000150,0.000189,106.17,-69.23,-24.05,152.22,-161.65,41.52,68.46,-70.80,-46.29,171.98,-153.23,46.06,79.13,-81.00,-50.14,0.0135,0.0065,0.0112,0.0082,0.0026,0.0028,0.0096,0.0030,0.0023,0.0036,0.0076,0.0004,0.0018,0.0045,0.0042
2026-08-05 21:29:48.786,5.783333,96,17,0.001899,0.0002,-97.15,0,0,0,60.0000,0.197,1.59770,0,0,0,0,0,0.001156,0.000156,0.001023,0.000207,0.000688,0.000235,0.000456,0.000236,0.000291,0.000234,0.000195,0.000223,0.000178,0.000186,0.000143,97.15,-91.45,-57.51,115.58,145.08,-22.66,-2.34,-157.36,-145.14,63.03,92.01,-85.86,-51.29,121.74,154.08,0.0135,0.0065,0.0112,0.0082,0.0026,0.0028,0.0096,0.0030,0.0023,0.0036,0.0076,0.0004,0.0018,0.0045,0.0042
2026-08-05 21:29:48.786,5.800000,96,18,0.001943,0.0002,-107.49,0,0,0,60.0000,0.197,1.59770,0,0,0,0,0,0.001204,0.000200,0.001064,0.000190,0.000682,0.000233,0.000425,0.000254,0.000258,0.000241,0.000205,0.000202,0.000201,0.000152,0.000136,107.49,-79.23,-26.48,161.27,-162.64,45.38,67.05,-69.24,-48.17,166.23,-146.06,44.47,86.12,-77.24,-57.80,0.0135,0.0065,0.0112,0.0082,0.0026,0.0028,0.0096,0.0030,0.0023,0.0036,0.0076,0.0004,0.0018,0.0045,0.0042
2026-08-05 21:29:48.786,5.816667,96,19,0.001891,0.0002,-103.44,0,0,0,60.0000,0.197,1.59770,0,0,0,0,0,0.001124,0.000137,0.001024,0.000215,0.000727,0.000165,0.000461,0.000223,0.000258,0.000254,0.000194,0.000220,0.000244,0.000147,0.000121,103.44,-68.08,-32.19,149.28,-172.70,36.76,59.51,-81.75,-63.42,139.20,-172.97,24.27,59.85,-124.13,-99.14,0.0135,0.0065,0.0112,0.0082,0.0026,0.0028,0.0096,0.0030,0.0023,0.0036,0.0076,0.0004,0.0018,0.0045,0.0042
2026-08-05 21:29:48.786,5.833333,96,20,0.001928,0.0002,-108.29,0,0,0,60.0000,0.197,1.59770,0,0,0,0,0,0.001208,0.000177,0.001026,0.000212,0.000659,0.000250,0.000448,0.000246,0.000252,0.000267,0.000198,0.000257,0.000208,0.000201,0.000133,108.29,-59.99,-16.98,155.65,-155.13,57.02,82.64,-37.36,-16.04,-171.11,-139.16,72.54,107.46,-59.87,-25.86,0.0135,0.0065,0.0112,0.0082,0.0026,0.0028,0.0096,0.0030,0.0023,0.0036,0.0076,0.0004,0.0018,0.0045,0.0042
2026-08-05 21:29:48.786,5.850000,96,21,0.004771,0.0013,-26.20,0,0,0,60.0000,0.197,1.59770,0,0,0,0,0,0.002057,0.001180,0.000257,0.001479,0.001748,0.001216,0.001462,0.000933,0.000908,0.001198,0.000993,0.001144,0.001142,0.000703,0.000687,26.20,-55.51,178.40,55.81,-45.38,164.45,39.88,-63.78,165.72,63.01,-54.35,166.97,53.76,-70.01,164.32,0.0135,0.0065,0.0112,0.0082,0.0026,0.0028,0.0096,0.0030,0.0023,0.0036,0.0076,0.0004,0.0018,0.0045,0.0042
2026-08-05 21:29:48.786,5.866667,96,22,0.002064,0.0002,-96.96,0,0,0,60.0000,0.197,1.59770,0,0,0,0,0,0.001381,0.000035,0.001094,0.000077,0.000700,0.000087,0.000351,0.000163,0.000174,0.000219,0.000123,0.000248,0.000087,0.000255,0.000178,96.96,6.30,-57.66,85.77,142.35,-78.54,0.90,132.58,-125.06,-10.65,106.84,-159.66,-125.78,58.60,41.94,0.0135,0.0065,0.0112,0.0082,0.0026,0.0028,0.0096,0.0030,0.0023,0.0036,0.0076,0.0004,0.0018,0.0045,0.0042
2026-08-05 21:29:48.786,5.883333,96,23,0.002169,0.0002,-92.91,0,0,0,60.0000,0.197,1.59770,0,0,0,0,0,0.001431,0.000149,0.001211,0.000072,0.000712,0.000073,0.000382,0.000095,0.000259,0.000219,0.000209,0.000248,0.000157,0.000292,0.000048,92.91,11.99,-69.78,-74.56,125.98,170.69,-21.30,54.92,-149.79,-100.11,77.76,113.86,-95.49,-50.76,-150.48,0.0135,0.0065,0.0112,0.0082,0.0026,0.0028,0.0096,0.0030,0.0023,0.0036,0.0076,0.0004,0.0018,0.0045,0.0042
2026-08-05 21:29:48.786,5.900000,96,24,0.001991,0.0002,-104.89,0,0,0,60.0000,0.197,1.59770,0,0,0,0,0,0.001314,0.000059,0.001047,0.000172,0.000674,0.000229,0.000383,0.000199,0.000321,0.000201,0.000300,0.000159,0.000240,0.000173,0.000084,104.89,164.91,-31.52,32.24,-167.97,-122.57,77.12,107.29,-32.23,-28.46,-153.10,-146.32,61.60,82.74,-86.37,0.0135,0.0065,0.0112,0.0082,0.0026,0.0028,0.0096,0.0030,0.0023,0.0036,0.0076,0.0004,0.0018,0.0045,0.0042
2026-08-05 21:29:48.786,5.916667,96,25,0.001922,0.0002,-105.61,0,0,0,60.0000,0.197,1.59770,0,0,0,0,0,0.001217,0.000089,0.001043,0.000225,0.000659,0.000188,0.000455,0.000158,0.000332,0.000164,0.000265,0.000188,0.000214,0.000212,0.000095,105.61,156.93,-33.13,-3.46,-171.46,-148.46,58.85,70.29,-52.97,-23.78,-177.20,-152.07,44.31,65.61,-75.75,0.0135,0.0065,0.0112,0.0082,0.0026,0.0028,0.0096,0.0030,0.0023,0.0036,0.0076,0.0004,0.0018,0.0045,0.0042
2026-08-05 21:29:48.786,5.933333,96,26,0.001974,0.0002,-106.10,0,0,0,60.0000,0.197,1.59770,0,0,0,0,0,0.001200,0.000147,0.001047,0.000267,0.000740,0.000232,0.000490,0.000162,0.000345,0.000148,0.000307,0.000241,0.000217,0.000249,0.000108,106.10,153.50,-32.52,-0.49,-172.89,-151.84,61.08,89.06,-62.73,-26.21,177.38,-143.08,42.86,79.50,-86.11,0.0135,0.0065,0.0112,0.0082,0.0026,0.0028,0.0096,0.0030,0.0023,0.0036,0.0076,0.0004,0.0018,0.0045,0.0042
2026-08-05 21:29:48.786,5.950000,96,27,0.001906,0.0002,-110.05,0,0,0,60.0000,0.197,1.59770,0,0,0,0,0,0.001166,0.000120,0.001021,0.000196,0.000720,0.000210,0.000464,0.000156,0.000332,0.000164,0.000281,0.000212,0.000210,0.000223,0.000127,110.05,172.28,-26.24,5.01,-158.37,-127.65,74.20,105.27,-38.63,6.22,-151.40,-111.30,81.42,118.90,-47.61,0.0135,0.0065,0.0112,0.0082,0.0026,0.0028,0.0096,0.0030,0.0023,0.0036,0.0076,0.0004,0.0018,0.0045,0.0042
2026-08-05 21:29:48.786,5.966667,96,28,0.001873,0.0002,-105.98,0,0,0,60.0000,0.197,1.59770,0,0,0,0,0,0.001151,0.000152,0.000978,0.000266,0.000664,0.000273,0.000447,0.000198,0.000354,0.000141,0.000300,0.000162,0.000167,0.000187,0.000078,105.98,157.35,-36.59,-5.30,-176.31,-154.73,55.50,71.05,-64.56,-45.81,166.11,-154.12,19.73,68.23,-142.86,0.0135,0.0065,0.0112,0.0082,0.0026,0.0028,0.0096,0.0030,0.0023,0.0036,0.0076,0.0004,0.0018,0.0045,0.0042
2026-08-05 21:29:48.786,5.983333,96,29,0.001967,0.0002,-107.07,0,0,0,60.0000,0.197,1.59770,0,0,0,0,0,0.001226,0.000130,0.001037,0.000213,0.000750,0.000236,0.000451,0.000188,0.000306,0.000173,0.000264,0.000192,0.000216,0.000190,0.000136,107.07,137.91,-31.52,3.54,-170.97,-143.77,64.24,92.55,-47.67,-21.11,-159.46,-133.04,66.77,92.01,-71.36,0.0135,0.0065,0.0112,0.0082,0.0026,0.0028,0.0096,0.0030,0.0023,0.0036,0.0076,0.0004,0.0018,0.0045,0.0042
2026-08-05 21:29:49.041,6.000000,97,0,0.005261,0.0017,-28.61,0,0,0,60.0000,0.237,0.91419,0,0,0,0,0,0.002497,0.001456,0.001949,0.001552,0.001302,0.001485,0.000945,0.001355,0.000905,0.001148,0.000793,0.001037,0.000826,0.000702,0.000807,28.61,-91.97,94.66,-15.50,171.89,60.71,-93.28,140.24,6.56,-134.80,93.24,-58.35,-173.42,26.52,-94.74,0.0237,0.0031,0.0027,0.0143,0.0040,0.0022,0.0034,0.0093,0.0060,0.0038,0.0067,0.0034,0.0011,0.0035,0.0030
2026-08-05 21:29:49.041,6.016667,97,1,0.001951,0.0002,-105.15,0,0,0,60.0000,0.237,0.91419,0,0,0,0,0,0.001198,0.000142,0.001052,0.000253,0.000704,0.000182,0.000473,0.000170,0.000340,0.000163,0.000272,0.000241,0.000177,0.000262,0.000106,105.15,146.44,-36.55,-6.97,179.55,-157.76,52.48,73.10,-67.02,-25.06,164.43,-152.05,28.11,49.43,-103.15,0.0237,0.0031,0.0027,0.0143,0.0040,0.0022,0.0034,0.0093,0.0060,0.0038,0.0067,0.0034,0.0011,0.0035,0.0030
2026-08-05 21:29:49.041,6.033333,97,2,0.001847,0.0002,-112.06,0,0,0,60.0000,0.237,0.91419,0,0,0,0,0,0.001149,0.000148,0.000977,0.000254,0.000681,0.000227,0.000450,0.000196,0.000283,0.000151,0.000220,0.000152,0.000171,0.000159,0.000078,112.06,156.11,-17.76,16.61,-147.28,-120.98,97.18,119.83,-5.55,19.33,-115.40,-80.85,120.26,159.69,-4.01,0.0237,0.0031,0.0027,0.0143,0.0040,0.0022,0.0034,0.0093,0.0060,0.0038,0.0067,0.0034,0.0011,0.0035,0.0030
2026-08-05 21:29:49.041,6.050000,97,3,0.001971,0.0002,-107.82,0,0,0,60.0000,0.237,0.91419,0,0,0,0,0,0.001270,0.000098,0.001043,0.000211,0.000670,0.000191,0.000435,0.000169,0.000347,0.000158,0.000319,0.000209,0.000218,0.000212,0.000114,107.82,160.12,-30.23,-7.47,-166.24,-148.07,70.40,81.82,-41.86,-5.13,-164.45,-129.64,70.23,86.62,-48.82,0.0237,0.0031,0.0027,0.0143,0.0040,0.0022,0.0034,0.0093,0.0060,0.0038,0.0067,0.0034,0.0011,0.0035,0.0030
2026-08-05 21:29:49.041,6.066667,97,4,0.002057,0.0002,-101.67,0,0,0,60.0000,0.237,0.91419,0,0,0,0,0,0.001377,0.000213,0.001115,0.000043,0.000680,0.000115,0.000336,0.000168,0.000184,0.000200,0.000151,0.000261,0.000129,0.000291,0.000134,101.67,-149.44,-50.38,15.93,158.99,105.77,12.29,-38.53,-129.35,-160.33,85.69,79.81,-89.42,-60.54,91.32,0.0237,0.0031,0.0027,0.0143,0.0040,0.0022,0.0034,0.0093,0.0060,0.0038,0.0067,0.0034,0.0011,0.0035,0.0030
2026-08-05 21:29:49.041,6.083333,97,5,0.002229,0.0002,-98.41,0,0,0,60.0000,0.237,0.91419,0,0,0,0,0,0.001506,0.000262,0.001198,0.000090,0.000702,0.000138,0.000378,0.000218,0.000282,0.000193,0.000159,0.000219,0.000032,0.000293,0.000127,98.41,-148.60,-60.92,80.27,147.12,16.39,10.42,-114.81,-117.37,116.00,98.12,-11.98,-5.40,-154.79,-93.29,0.0237,0.0031,0.0027,0.0143,0.0040,0.0022,0.0034,0.0093,0.0060,0.0038,0.0067,0.0034,0.0011,0.0035,0.0030
2026-08-05 21:29:49.041,6.100000,97,6,0.001982,0.0002,-105.05,0,0,0,60.0000,0.237,0.91419,0,0,0,0,0,0.001302,0.000130,0.001022,0.000118,0.000609,0.000264,0.000394,0.000346,0.000375,0.000278,0.000315,0.000170,0.000219,0.000155,0.000112,105.05,-124.23,-40.97,176.75,-177.39,53.94,69.07,-84.07,-51.15,131.63,172.39,2.49,33.48,-96.26,-84.77,0.0237,0.0031,0.0027,0.0143,0.0040,0.0022,0.0034,0.0093,0.0060,0.0038,0.0067,0.0034,0.0011,0.0035,0.0030
2026-08-05 21:29:49.041,6.116667,97,7,0.001984,0.0002,-103.15,0,0,0,60.0000,0.237,0.91419,0,0,0,0,0,0.001242,0.000138,0.001042,0.000186,0.000680,0.000256,0.000437,0.000252,0.000347,0.000215,0.000275,0.000165,0.000217,0.000229,0.000212,103.15,-95.31,-42.23,154.90,174.01,23.68,47.84,-117.31,-85.90,116.44,150.53,-4.21,26.39,-142.08,-114.71,0.0237,0.0031,0.0027,0.0143,0.0040,0.0022,0.0034,0.0093,0.0060,0.0038,0.0067,0.0034,0.0011,0.0035,0.0030
2026-08-05 21:29:49.041,6.133333,97,8,0.001897,0.0002,-109.17,0,0,0,60.0000,0.237,0.91419,0,0,0,0,0,0.001183,0.000165,0.001011,0.000200,0.000677,0.000239,0.000460,0.000209,0.000255,0.000240,0.000204,0.000212,0.000217,0.000176,0.000165,109.17,-67.63,-27.52,154.68,-167.03,38.67,70.01,-65.57,-40.23,168.34,-157.19,43.76,81.97,-92.25,-58.85,0.0237,0.0031,0.0027,0.0143,0.0040,0.0022,0.0034,0.0093,0.0060,0.0038,0.0067,0.0034,0.0011,0.0035,0.0030
2026-08-05 21:29:49.041,6.150000,97,9,0.006389,0.0026,-40.46,0,0,0,60.0000,0.237,0.91419,0,0,0,0,0,0.002822,0.001682,0.002466,0.001786,0.001915,0.001819,0.001376,0.001633,0.001131,0.001305,0.001138,0.001050,0.001096,0.000840,0.001078,40.46,-115.34,122.19,-45.42,-162.24,31.71,-95.76,107.70,-38.36,-177.25,19.76,-108.22,89.12,-46.34,161.67,0.0237,0.0031,0.0027,0.0143,0.0040,0.0022,0.0034,0.0093,0.0060,0.0038,0.0067,0.0034,0.0011,0.0035,0.0030
2026-08-05 21:29:49.041,6.166667,97,10,0.001910,0.0002,-104.14,0,0,0,60.0000,0.237,0.91419,0,0,0,0,0,0.001169,0.000158,0.001037,0.000198,0.000691,0.000238,0.000437,0.000247,0.000304,0.000227,0.000216,0.000224,0.000252,0.000180,0.000185,104.14,-65.94,-36.03,148.55,179.94,15.20,45.08,-94.42,-66.10,129.79,173.79,5.15,37.55,-128.06,-99.06,0.0237,0.0031,0.0027,0.0143,0.0040,0.0022,0.0034,0.0093,0.0060,0.0038,0.0067,0.0034,0.0011,0.0035,0.0030
2026-08-05 21:29:49.041,6.183333,97,11,0.001970,0.0002,-104.88,0,0,0,60.0000,0.237,0.91419,0,0,0,0,0,0.001210,0.000197,0.001054,0.000208,0.000704,0.000254,0.000444,0.000224,0.000279,0.000248,0.000232,0.000265,0.000240,0.000210,0.000180,104.88,-65.12,-36.61,154.78,-178.27,25.59,42.91,-89.77,-81.51,135.66,163.62,3.28,31.06,-126.42,-113.29,0.0237,0.0031,0.0027,0.0143,0.0040,0.0022,0.0034,0.0093,0.0060,0.0038,0.0067,0.0034,0.0011,0.0035,0.0030
2026-08-05 21:29:49.041,6.200000,97,12,0.001953,0.0002,-102.21,0,0,0,60.0000,0.237,0.91419,0,0,0,0,0,0.001230,0.000195,0.001028,0.000244,0.000685,0.000232,0.000442,0.000191,0.000303,0.000202,0.000220,0.000230,0.000181,0.000198,0.000143,102.21,-73.18,-48.05,139.62,163.60,1.03,21.96,-114.76,-105.04,115.11,127.61,-33.08,-9.53,-177.36,-158.12,0.0237,0.0031,0.0027,0.0143,0.0040,0.0022,0.0034,0.0093,0.0060,0.0038,0.0067,0.0034,0.0011,0.0035,0.0030
2026-08-05 21:29:49.041,6.216667,97,13,0.001953,0.0002,-106.91,0,0,0,60.0000,0.237,0.91419,0,0,0,0,0,0.001209,0.000201,0.001037,0.000227,0.000681,0.000264,0.000476,0.000225,0.000327,0.000248,0.000215,0.000243,0.000187,0.000199,0.000130,106.91,-56.76,-33.78,157.79,-178.26,24.43,49.11,-91.04,-69.41,138.54,175.57,12.06,44.69,-117.69,-105.30,0.0237,0.0031,0.0027,0.0143,0.0040,0.0022,0.0034,0.0093,0.0060,0.0038,0.0067,0.0034,0.0011,0.0035,0.0030
2026-08-05 21:29:49.041,6.233333,97,14,0.001907,0.0002,-102.17,0,0,0,60.0000,0.237,0.91419,0,0,0,0,0,0.001199,0.000168,0.000991,0.000252,0.000673,0.000203,0.000471,0.000218,0.000291,0.000240,0.000197,0.000204,0.000231,0.000143,0.000170,102.17,-90.58,-40.98,126.07,163.63,7.42,32.65,-117.00,-92.53,96.93,150.76,-30.89,9.60,-176.96,-131.84,0.0237,0.0031,0.0027,0.0143,0.0040,0.0022,0.0034,0.0093,0.0060,0.0038,0.0067,0.0034,0.0011,0.0035,0.0030
2026-08-05 21:29:49.041,6.250000,97,15,0.001979,0.0002,-100.24,0,0,0,60.0000,0.237,0.91419,0,0,0,0,0,0.001279,0.000154,0.001040,0.000212,0.000682,0.000211,0.000449,0.000205,0.000305,0.000232,0.000254,0.000233,0.000213,0.000179,0.000153,100.24,-74.23,-37.53,127.94,170.34,15.27,30.63,-104.60,-84.52,112.95,163.03,-25.02,19.72,-147.15,-112.73,0.0237,0.0031,0.0027,0.0143,0.0040,0.0022,0.0034,0.0093,0.0060,0.0038,0.0067,0.0034,0.0011,0.0035,0.0030
2026-08-05 21:29:49.041,6.266667,97,16,0.002070,0.0002,-98.17,0,0,0,60.0000,0.237,0.91419,0,0,0,0,0,0.001383,0.000068,0.001090,0.000085,0.000681,0.000095,0.000368,0.000159,0.000166,0.000236,0.000083,0.000302,0.000054,0.000295,0.000110,98.17,-57.27,-61.51,66.71,138.20,-95.18,-12.55,123.79,-157.46,-9.48,27.53,-165.55,-146.23,42.63,30.99,0.0237,0.0031,0.0027,0.0143,0.0040,0.0022,0.0034,0.0093,0.0060,0.0038,0.0067,0.0034,0.0011,0.0035,0.0030
2026-08-05 21:29:49.041,6.283333,97,17,0.002183,0.0002,-83.90,0,0,0,60.0000,0.237,0.91419,0,0,0,0,0,0.001472,0.000158,0.001178,0.000035,0.000767,0.000040,0.000416,0.000121,0.000249,0.000148,0.000215,0.000198,0.000139,0.000244,0.000027,83.90,-6.93,-101.39,176.63,73.08,125.13,-94.68,-34.69,118.82,158.00,-30.86,-2.19,143.03,167.27,90.37,0.0237,0.0031,0.0027,0.0143,0.0040,0.0022,0.0034,0.0093,0.0060,0.0038,0.0067,0.0034,0.0011,0.0035,0.0030
2026-08-05 21:29:49.041,6.300000,97,18,0.003937,0.0008,-58.99,0,0,0,60.0000,0.237,0.91419,0,0,0,0,0,0.001864,0.000300,0.001352,0.000728,0.001418,0.000650,0.000657,0.000555,0.000931,0.000573,0.000565,0.000558,0.000795,0.000271,0.000468,58.99,59.70,108.26,9.96,-111.36,178.57,-55.48,-171.56,84.64,8.17,-177.51,53.66,-84.02,-176.32,-34.97,0.0237,0.0031,0.0027,0.0143,0.0040,0.0022,0.0034,0.0093,0.0060,0.0038,0.0067,0.0034,0.0011,0.0035,0.0030
2026-08-05 21:29:49.041,6.316667,97,19,0.002714,0.0003,-78.75,0,0,0,60.0000,0.237,0.91419,0,0,0,0,0,0.001573,0.000299,0.001086,0.000280,0.000376,0.000471,0.000294,0.000559,0.000636,0.000442,0.000615,0.000231,0.000408,0.000222,0.000323,78.75,-61.94,-121.41,24.92,44.07,145.30,-20.80,-73.16,149.16,71.14,-58.56,-167.39,72.90,-96.12,169.59,0.0237,0.0031,0.0027,0.0143,0.0040,0.0022,0.0034,0.0093,0.0060,0.0038,0.0067,0.0034,0.0011,0.0035,0.0030
2026-08-05 21:29:49.041,6.333333,97,20,0.008674,0.0052,-13.93,0,0,0,60.0000,0.237,0.91419,0,0,0,0,0,0.004559,0.001231,0.004558,0.003402,0.000447,0.002181,0.002364,0.001949,0.000943,0.000539,0.000906,0.000909,0.000178,0.000772,0.000809,13.93,-71.10,37.70,-139.84,-133.95,26.53,-3.47,-156.61,-110.49,116.71,96.74,31.30,96.70,56.31,-68.40,0.0237,0.0031,0.0027,0.0143,0.0040,0.0022,0.0034,0.0093,0.0060,0.0038,0.0067,0.0034,0.0011,0.0035,0.0030
2026-08-05 21:29:49.041,6.350000,97,21,0.001878,0.0002,-107.48,0,0,0,60.0000,0.237,0.91419,0,0,0,0,0,0.001158,0.000150,0.000992,0.000232,0.000706,0.000212,0.000467,0.000171,0.000323,0.000152,0.000250,0.000198,0.000165,0.000212,0.000086,107.48,158.38,-29.03,5.19,-165.56,-144.74,68.76,84.40,-47.00,-20.24,-169.77,-137.13,52.22,82.88,-85.32,0.0237,0.0031,0.0027,0.0143,0.0040,0.0022,0.0034,0.0093,0.0060,0.0038,0.0067,0.0034,0.0011,0.0035,0.0030
2026-08-05 21:29:49.041,6.366667,97,22,0.001916,0.0002,-111.31,0,0,0,60.0000,0.237,0.91419,0,0,0,0,0,0.001184,0.000075,0.001006,0.000301,0.000750,0.000151,0.000430,0.000183,0.000292,0.000166,0.000294,0.000169,0.000128,0.000194,0.000124,111.31,149.63,-24.98,16.49,-159.65,-116.58,85.92,78.33,-44.04,5.14,-142.37,-95.98,103.68,104.88,-73.98,0.0237,0.0031,0.0027,0.0143,0.0040,0.0022,0.0034,0.0093,0.0060,0.0038,0.0067,0.0034,0.0011,0.0035,0.0030
2026-08-05 21:29:49.041,6.383333,97,23,0.001936,0.0002,-106.54,0,0,0,60.0000,0.237,0.91419,0,0,0,0,0,0.001240,0.000168,0.000995,0.000215,0.000711,0.000182,0.000457,0.000156,0.000358,0.000125,0.000280,0.000188,0.000211,0.000218,0.000082,106.54,146.29,-29.57,-0.03,-165.23,-150.17,72.62,95.40,-43.73,-2.77,-165.02,-123.22,54.19,88.36,-31.93,0.0237,0.0031,0.0027,0.0143,0.0040,0.0022,0.0034,0.0093,0.0060,0.0038,0.0067,0.0034,0.0011,0.0035,0.0030
2026-08-05 21:29:49.041,6.400000,97,24,0.001906,0.0002,-108.33,0,0,0,60.0000,0.237,0.91419,0,0,0,0,0,0.001190,0.000141,0.001001,0.000199,0.000707,0.000196,0.000456,0.000158,0.000337,0.000155,0.000292,0.000206,0.000218,0.000216,0.000119,108.33,158.77,-31.45,-5.49,-167.36,-151.43,65.39,77.24,-49.01,-21.80,-174.72,-143.91,53.43,82.23,-77.91,0.0237,0.0031,0.0027,0.0143,0.0040,0.0022,0.0034,0.0093,0.0060,0.0038,0.0067,0.0034,0.0011,0.0035,0.0030
2026-08-05 21:29:49.041,6.416667,97,25,0.001934,0.0002,-108.41,0,0,0,60.0000,0.237,0.91419,0,0,0,0,0,0.001259,0.000171,0.001000,0.000227,0.000666,0.000206,0.000455,0.000194,0.000329,0.000184,0.000241,0.000191,0.000154,0.000216,0.000037,108.41,167.26,-23.44,14.53,-155.82,-134.18,86.68,111.33,-27.86,6.86,-149.88,-110.28,85.50,124.02,-63.85,0.0237,0.0031,0.0027,0.0143,0.0040,0.0022,0.0034,0.0093,0.0060,0.0038,0.0067,0.0034,0.0011,0.0035,0.0030
2026-08-05 21:29:49.041,6.433333,97,26,0.001872,0.0002,-104.85,0,0,0,60.0000,0.237,0.91419,0,0,0,0,0,0.001193,0.000171,0.000938,0.000257,0.000692,0.000223,0.000448,0.000112,0.000344,0.000153,0.000280,0.000221,0.000176,0.000178,0.000107,104.85,145.52,-34.26,-6.63,-174.38,-155.24,62.01,69.33,-52.25,-11.15,178.92,-142.05,44.84,69.00,-74.38,0.0237,0.0031,0.0027,0.0143,0.0040,0.0022,0.0034,0.0093,0.0060,0.0038,0.0067,0.0034,0.0011,0.0035,0.0030
2026-08-05 21:29:49.041,6.450000,97,27,0.001900,0.0002,-110.17,0,0,0,60.0000,0.237,0.91419,0,0,0,0,0,0.001216,0.000109,0.001011,0.000191,0.000664,0.000208,0.000422,0.000198,0.000320,0.000191,0.000257,0.000210,0.000177,0.000222,0.000081,110.17,169.45,-24.93,3.46,-162.04,-137.93,72.89,104.07,-38.62,0.94,-152.13,-111.23,84.29,107.54,-37.84,0.0237,0.0031,0.0027,0.0143,0.0040,0.0022,0.0034,0.0093,0.0060,0.0038,0.0067,0.0034,0.0011,0.0035,0.0030
2026-08-05 21:29:49.041,6.466667,97,28,0.002054,0.0002,-98.86,0,0,0,60.0000,0.237,0.91419,0,0,0,0,0,0.001361,0.000190,0.001079,0.000105,0.000642,0.000170,0.000382,0.000207,0.000238,0.000187,0.000167,0.000277,0.000155,0.000339,0.000113,98.86,-168.72,-58.22,-46.08,145.76,98.03,-1.99,-50.39,-142.56,-170.64,40.51,56.67,-149.74,-91.70,34.23,0.0237,0.0031,0.0027,0.0143,0.0040,0.0022,0.0034,0.0093,0.0060,0.0038,0.0067,0.0034,0.0011,0.0035,0.0030
2026-08-05 21:29:49.041,6.483333,97,29,0.002186,0.0002,-100.88,0,0,0,60.0000,0.237,0.91419,0,0,0,0,0,0.001464,0.000278,0.001202,0.000096,0.000687,0.000136,0.000419,0.000170,0.000225,0.000117,0.000159,0.000153,0.000087,0.000238,0.000089,100.88,-142.78,-47.18,54.60,160.62,43.69,20.75,-79.93,-106.69,125.84,119.66,38.37,20.41,-104.83,-59.40,0.0237,0.0031,0.0027,0.0143,0.0040,0.0022,0.0034,0.0093,0.0060,0.0038,0.0067,0.0034,0.0011,0.0035,0.0030
2026-08-05 21:29:49.300,6.500000,98,0,0.001960,0.0002,-104.42,0,0,0,60.0000,0.174,0.93158,0,0,0,0,0,0.001295,0.000138,0.001007,0.000116,0.000625,0.000283,0.000379,0.000335,0.000322,0.000286,0.000287,0.000172,0.000166,0.000137,0.000114,104.42,-123.50,-32.29,162.62,-170.22,79.80,82.26,-72.17,-38.88,151.50,-172.59,23.30,56.80,-79.72,-52.08,0.0125,0.0051,0.0088,0.0008,0.0031,0.0012,0.0015,0.0011,0.0015,0.0025,0.0018,0.0020,0.0015,0.0003,0.0006
2026-08-05 21:29:49.300,6.516667,98,1,0.001963,0.0002,-109.47,0,0,0,60.0000,0.174,0.93158,0,0,0,0,0,0.001257,0.000122,0.001017,0.000198,0.000643,0.000281,0.000451,0.000284,0.000375,0.000213,0.000180,0.000157,0.000155,0.000215,0.000185,109.47,-103.32,-28.56,-175.91,-162.22,53.19,79.64,-74.77,-44.94,153.96,-168.65,52.11,90.32,-63.49,-47.49,0.0125,0.0051,0.0088,0.0008,0.0031,0.0012,0.0015,0.0011,0.0015,0.0025,0.0018,0.0020,0.0015,0.0003,0.0006
2026-08-05 21:29:49.300,6.533333,98,2,0.001909,0.0002,-101.07,0,0,0,60.0000,0.174,0.93158,0,0,0,0,0,0.001187,0.000180,0.001003,0.000243,0.000708,0.000245,0.000439,0.000219,0.000268,0.000215,0.000215,0.000224,0.000206,0.000205,0.000172,101.07,-82.56,-48.78,128.05,156.67,-0.64,15.39,-132.12,-117.43,103.17,117.07,-47.60,-36.19,170.08,-178.53,0.0125,0.0051,0.0088,0.0008,0.0031,0.0012,0.0015,0.0011,0.0015,0.0025,0.0018,0.0020,0.0015,0.0003,0.0006
2026-08-05 21:29:49.300,6.550000,98,3,0.001918,0.0002,-106.68,0,0,0,60.0000,0.174,0.93158,0,0,0,0,0,0.001189,0.000137,0.001012,0.000192,0.000721,0.000222,0.000457,0.000253,0.000282,0.000244,0.000199,0.000222,0.000177,0.000183,0.000134,106.68,-62.81,-34.08,174.83,-172.01,37.45,49.42,-79.72,-71.38,157.88,-177.37,23.12,52.24,-109.69,-94.32,0.0125,0.0051,0.0088,0.0008,0.0031,0.0012,0.0015,0.0011,0.0015,0.0025,0.0018,0.0020,0.0015,0.0003,0.0006
2026-08-05 21:29:49.300,6.566667,98,4,0.001918,0.0002,-103.97,0,0,0,60.0000,0.174,0.93158,0,0,0,0,0,0.001229,0.000162,0.000980,0.000253,0.000700,0.000176,0.000395,0.000220,0.000277,0.000226,0.000220,0.000202,0.000196,0.000165,0.000168,103.97,-86.97,-38.56,152.72,173.97,25.46,32.50,-93.36,-85.67,119.43,148.60,-13.86,19.22,-149.61,-126.73,0.0125,0.0051,0.0088,0.0008,0.0031,0.0012,0.0015,0.0011,0.0015,0.0025,0.0018,0.0020,0.0015,0.0003,0.0006
2026-08-05 21:29:49.300,6.583333,98,5,0.001901,0.0002,-104.39,0,0,0,60.0000,0.174,0.93158,0,0,0,0,0,0.001168,0.000162,0.001015,0.000176,0.000677,0.000256,0.000458,0.000269,0.000295,0.000232,0.000212,0.000214,0.000221,0.000157,0.000225,104.39,-105.10,-30.13,131.96,-170.14,29.87,57.04,-84.83,-58.43,142.93,-166.49,6.48,54.49,-117.49,-90.97,0.0125,0.0051,0.0088,0.0008,0.0031,0.0012,0.0015,0.0011,0.0015,0.0025,0.0018,0.0020,0.0015,0.0003,0.0006
2026-08-05 21:29:49.300,6.600000,98,6,0.001907,0.0002,-102.12,0,0,0,60.0000,0.174,0.93158,0,0,0,0,0,0.001177,0.000176,0.001049,0.000219,0.000690,0.000224,0.000434,0.000217,0.000230,0.000257,0.000206,0.000193,0.000187,0.000209,0.000183,102.12,-76.71,-34.14,141.18,179.97,18.24,48.50,-103.92,-80.71,132.91,179.18,-1.90,33.71,-123.73,-111.85,0.0125,0.0051,0.0088,0.0008,0.0031,0.0012,0.0015,0.0011,0.0015,0.0025,0.0018,0.0020,0.0015,0.0003,0.0006
2026-08-05 21:29:49.300,6.616667,98,7,0.001923,0.0001,-109.76,0,0,0,60.0000,0.174,0.93158,0,0,0,0,0,0.001221,0.000202,0.001005,0.000252,0.000679,0.000230,0.000437,0.000192,0.000267,0.000226,0.000247,0.000176,0.000205,0.000189,0.000194,109.76,-66.40,-19.59,164.98,-155.97,57.86,78.38,-59.95,-38.03,174.46,-150.44,57.30,108.24,-74.92,-26.15,0.0125,0.0051,0.0088,0.0008,0.0031,0.0012,0.0015,0.0011,0.0015,0.0025,0.0018,0.0020,0.0015,0.0003,0.0006
2026-08-05 21:29:49.300,6.633333,98,8,0.001937,0.0002,-106.59,0,0,0,60.0000,0.174,0.93158,0,0,0,0,0,0.001212,0.000209,0.001016,0.000235,0.000696,0.000254,0.000467,0.000242,0.000264,0.000249,0.000183,0.000257,0.000204,0.000187,0.000134,106.59,-83.28,-28.61,143.92,-173.09,33.17,54.48,-87.70,-60.51,144.61,-174.40,24.91,61.76,-108.70,-94.08,0.0125,0.0051,0.0088,0.0008,0.0031,0.0012,0.0015,0.0011,0.0015,0.0025,0.0018,0.0020,0.0015,0.0003,0.0006
2026-08-05 21:29:49.300,6.650000,98,9,0.001912,0.0002,-101.95,0,0,0,60.0000,0.174,0.93158,0,0,0,0,0,0.001203,0.000179,0.000981,0.000266,0.000722,0.000236,0.000479,0.000200,0.000248,0.000233,0.000195,0.000216,0.000178,0.000153,0.000169,101.95,-97.00,-46.48,134.69,167.17,-4.47,21.37,-117.56,-101.57,103.63,133.04,-33.34,-1.92,-173.85,-153.41,0.0125,0.0051,0.0088,0.0008,0.0031,0.0012,0.0015,0.0011,0.0015,0.0025,0.0018,0.0020,0.0015,0.0003,0.0006
2026-08-05 21:29:49.300,6.666667,98,10,0.001993,0.0002,-101.98,0,0,0,60.0000,0.174,0.93158,0,0,0,0,0,0.001287,0.000077,0.001062,0.000104,0.000674,0.000135,0.000369,0.000180,0.000191,0.000251,0.000130,0.000298,0.000095,0.000300,0.000164,101.98,-42.06,-46.83,103.65,161.11,-42.15,19.54,-179.45,-112.25,56.89,122.86,-79.29,-42.18,133.83,131.50,0.0125,0.0051,0.0088,0.0008,0.0031,0.0012,0.0015,0.0011,0.0015,0.0025,0.0018,0.0020,0.0015,0.0003,0.0006
2026-08-05 21:29:49.300,6.683333,98,11,0.002249,0.0002,-91.11,0,0,0,60.0000,0.174,0.93158,0,0,0,0,0,0.001487,0.000226,0.001229,0.000083,0.000777,0.000049,0.000487,0.000107,0.000277,0.000176,0.000183,0.000219,0.000141,0.000242,0.000046,91.11,0.09,-76.52,-106.09,114.51,133.10,-40.72,0.05,-178.74,-125.20,48.36,85.97,-111.43,-82.18,151.87,0.0125,0.0051,0.0088,0.0008,0.0031,0.0012,0.0015,0.0011,0.0015,0.0025,0.0018,0.0020,0.0015,0.0003,0.0006
2026-08-05 21:29:49.300,6.700000,98,12,0.001983,0.0002,-104.51,0,0,0,60.0000,0.174,0.93158,0,0,0,0,0,0.001300,0.000033,0.001030,0.000166,0.000645,0.000254,0.000403,0.000253,0.000351,0.000231,0.000331,0.000195,0.000257,0.000181,0.000129,104.51,131.47,-40.12,25.42,-178.64,-127.80,64.84,96.27,-51.40,-32.83,-179.29,-155.53,39.40,76.73,-106.10,0.0125,0.0051,0.0088,0.0008,0.0031,0.0012,0.0015,0.0011,0.0015,0.0025,0.0018,0.0020,0.0015,0.0003,0.0006
2026-08-05 21:29:49.300,6.716667,98,13,0.001918,0.0002,-110.20,0,0,0,60.0000,0.174,0.93158,0,0,0,0,0,0.001204,0.000149,0.000996,0.000266,0.000656,0.000253,0.000496,0.000176,0.000362,0.000128,0.000256,0.000190,0.000153,0.000277,0.000072,110.20,174.00,-21.68,29.60,-149.79,-121.53,92.47,101.15,-18.24,30.46,-148.12,-76.28,94.64,144.96,-15.18,0.0125,0.0051,0.0088,0.0008,0.0031,0.0012,0.0015,0.0011,0.0015,0.0025,0.0018,0.0020,0.0015,0.0003,0.0006
2026-08-05 21:29:49.300,6.733333,98,14,0.001926,0.0002,-114.23,0,0,0,60.0000,0.174,0.93158,0,0,0,0,0,0.001218,0.000152,0.001010,0.000233,0.000712,0.000241,0.000444,0.000187,0.000319,0.000149,0.000273,0.000169,0.000198,0.000193,0.000092,114.23,170.66,-11.49,34.51,-137.62,-107.10,115.09,139.69,13.25,32.75,-93.59,-60.57,144.21,-177.19,33.30,0.0125,0.0051,0.0088,0.0008,0.0031,0.0012,0.0015,0.0011,0.0015,0.0025,0.0018,0.0020,0.0015,0.0003,0.0006
2026-08-05 21:29:49.300,6.750000,98,15,0.001910,0.0002,-112.94,0,0,0,60.0000,0.174,0.93158,0,0,0,0,0,0.001170,0.000124,0.001003,0.000242,0.000697,0.000226,0.000468,0.000183,0.000348,0.000146,0.000320,0.000232,0.000190,0.000218,0.000113,112.94,159.82,-10.66,36.96,-136.67,-104.18,114.72,154.54,6.37,48.48,-100.23,-46.42,142.86,-162.70,20.45,0.0125,0.0051,0.0088,0.0008,0.0031,0.0012,0.0015,0.0011,0.0015,0.0025,0.0018,0.0020,0.0015,0.0003,0.0006
2026-08-05 21:29:49.300,6.766667,98,16,0.001926,0.0002,-112.11,0,0,0,60.0000,0.174,0.93158,0,0,0,0,0,0.001191,0.000141,0.001047,0.000246,0.000697,0.000255,0.000427,0.000202,0.000314,0.000154,0.000261,0.000161,0.000194,0.000202,0.000062,112.11,171.92,-17.57,14.92,-144.31,-113.06,99.31,120.21,-6.45,7.96,-121.21,-92.71,125.40,146.21,11.81,0.0125,0.0051,0.0088,0.0008,0.0031,0.0012,0.0015,0.0011,0.0015,0.0025,0.0018,0.0020,0.0015,0.0003,0.0006
2026-08-05 21:29:49.300,6.783333,98,17,0.001934,0.0002,-111.10,0,0,0,60.0000,0.174,0.93158,0,0,0,0,0,0.001229,0.000140,0.001027,0.000219,0.000710,0.000212,0.000451,0.000172,0.000317,0.000161,0.000230,0.000181,0.000144,0.000192,0.000074,111.10,166.48,-20.20,21.52,-151.67,-126.05,91.83,115.53,-18.89,11.03,-130.09,-93.13,105.16,130.69,26.06,0.0125,0.0051,0.0088,0.0008,0.0031,0.0012,0.0015,0.0011,0.0015,0.0025,0.0018,0.0020,0.0015,0.0003,0.0006
2026-08-05 21:29:49.300,6.800000,98,18,0.002011,0.0002,-104.99,0,0,0,60.0000,0.174,0.93158,0,0,0,0,0,0.001262,0.000110,0.001071,0.000240,0.000739,0.000254,0.000471,0.000180,0.000347,0.000155,0.000256,0.000181,0.000197,0.000241,0.000109,104.99,147.51,-34.87,-6.33,-176.32,-158.10,56.61,70.33,-63.81,-43.10,173.38,-159.29,41.09,54.38,-71.32,0.0125,0.0051,0.0088,0.0008,0.0031,0.0012,0.0015,0.0011,0.0015,0.0025,0.0018,0.0020,0.0015,0.0003,0.0006
2026-08-05 21:29:49.300,6.816667,98,19,0.001921,0.0002,-103.33,0,0,0,60.0000,0.174,0.93158,0,0,0,0,0,0.001206,0.000150,0.001020,0.000236,0.000715,0.000213,0.000461,0.000152,0.000310,0.000136,0.000248,0.000208,0.000155,0.000221,0.000074,103.33,159.86,-44.71,-12.45,169.08,-170.94,36.70,49.28,-91.74,-77.59,138.52,164.27,2.95,23.51,-130.20,0.0125,0.0051,0.0088,0.0008,0.0031,0.0012,0.0015,0.0011,0.0015,0.0025,0.0018,0.0020,0.0015,0.0003,0.0006
2026-08-05 21:29:49.300,6.833333,98,20,0.001912,0.0002,-110.47,0,0,0,60.0000,0.174,0.93158,0,0,0,0,0,0.001191,0.000152,0.000985,0.000257,0.000715,0.000238,0.000476,0.000188,0.000319,0.000159,0.000258,0.000202,0.000172,0.000216,0.000060,110.47,152.72,-21.83,15.13,-155.24,-129.82,89.33,108.37,-23.95,7.18,-146.11,-103.90,92.65,126.15,-33.19,0.0125,0.0051,0.0088,0.0008,0.0031,0.0012,0.0015,0.0011,0.0015,0.0025,0.0018,0.0020,0.0015,0.0003,0.0006
2026-08-05 21:29:49.300,6.850000,98,21,0.001862,0.0002,-105.92,0,0,0,60.0000,0.174,0.93158,0,0,0,0,0,0.001153,0.000178,0.000967,0.000288,0.000660,0.000243,0.000446,0.000181,0.000305,0.000195,0.000249,0.000213,0.000190,0.000224,0.000075,105.92,159.36,-33.61,2.59,-175.72,-147.57,55.30,81.70,-59.71,-10.72,173.51,-128.97,46.99,92.73,-73.24,0.0125,0.0051,0.0088,0.0008,0.0031,0.0012,0.0015,0.0011,0.0015,0.0025,0.0018,0.0020,0.0015,0.0003,0.0006
2026-08-05 21:29:49.300,6.866667,98,22,0.002035,0.0002,-95.64,0,0,0,60.0000,0.174,0.93158,0,0,0,0,0,0.001363,0.000183,0.001062,0.000068,0.000645,0.000176,0.000326,0.000204,0.000211,0.000216,0.000164,0.000259,0.000194,0.000325,0.000197,95.64,-169.45,-65.99,-34.34,128.05,87.16,-29.98,-71.25,-179.94,161.21,10.22,23.50,-167.57,-122.52,12.53,0.0125,0.0051,0.0088,0.0008,0.0031,0.0012,0.0015,0.0011,0.0015,0.0025,0.0018,0.0020,0.0015,0.0003,0.0006
2026-08-05 21:29:49.300,6.883333,98,23,0.002227,0.0002,-89.44,0,0,0,60.0000,0.174,0.93158,0,0,0,0,0,0.001504,0.000302,0.001220,0.000113,0.000735,0.000097,0.000403,0.000196,0.000288,0.000122,0.000166,0.000133,0.000061,0.000217,0.000043,89.44,-171.52,-81.69,4.63,107.45,-16.08,-51.02,-179.51,154.40,38.20,-13.15,-81.61,153.18,115.95,-162.05,0.0125,0.0051,0.0088,0.0008,0.0031,0.0012,0.0015,0.0011,0.0015,0.0025,0.0018,0.0020,0.0015,0.0003,0.0006
2026-08-05 21:29:49.300,6.900000,98,24,0.002013,0.0002,-104.94,0,0,0,60.0000,0.174,0.93158,0,0,0,0,0,0.001367,0.000140,0.001044,0.000126,0.000615,0.000248,0.000389,0.000293,0.000356,0.000238,0.000299,0.000152,0.000202,0.000160,0.000156,104.94,-117.67,-40.58,166.43,-177.05,58.40,71.10,-82.01,-49.38,142.29,178.46,21.01,45.01,-93.83,-90.65,0.0125,0.0051,0.0088,0.0008,0.0031,0.0012,0.0015,0.0011,0.0015,0.0025,0.0018,0.0020,0.0015,0.0003,0.0006
2026-08-05 21:29:49.300,6.916667,98,25,0.001991,0.0002,-107.51,0,0,0,60.0000,0.174,0.93158,0,0,0,0,0,0.001289,0.000137,0.001031,0.000167,0.000645,0.000246,0.000460,0.000224,0.000376,0.000217,0.000287,0.000232,0.000186,0.000215,0.000141,107.51,-71.15,-30.06,177.26,-165.85,57.46,74.72,-72.10,-40.76,160.35,-169.89,49.07,72.77,-82.87,-49.27,0.0125,0.0051,0.0088,0.0008,0.0031,0.0012,0.0015,0.0011,0.0015,0.0025,0.0018,0.0020,0.0015,0.0003,0.0006
2026-08-05 21:29:49.300,6.933333,98,26,0.001950,0.0002,-105.80,0,0,0,60.0000,0.174,0.93158,0,0,0,0,0,0.001233,0.000222,0.001041,0.000253,0.000709,0.000230,0.000427,0.000216,0.000257,0.000214,0.000189,0.000211,0.000178,0.000186,0.000155,105.80,-87.93,-37.51,141.65,-177.67,16.78,47.53,-92.13,-71.23,144.86,175.50,11.80,38.51,-118.18,-106.76,0.0125,0.0051,0.0088,0.0008,0.0031,0.0012,0.0015,0.0011,0.0015,0.0025,0.0018,0.0020,0.0015,0.0003,0.0006
2026-08-05 21:29:49.300,6.950000,98,27,0.001880,0.0002,-102.29,0,0,0,60.0000,0.174,0.93158,0,0,0,0,0,0.001094,0.000185,0.001045,0.000179,0.000691,0.000239,0.000489,0.000217,0.000257,0.000242,0.000186,0.000234,0.000219,0.000185,0.000165,102.29,-53.13,-41.30,154.47,175.00,13.83,35.15,-111.37,-93.51,110.64,144.25,-9.92,22.23,-149.01,-121.13,0.0125,0.0051,0.0088,0.0008,0.0031,0.0012,0.0015,0.0011,0.0015,0.0025,0.0018,0.0020,0.0015,0.0003,0.0006
2026-08-05 21:29:49.300,6.966667,98,28,0.001893,0.0002,-111.47,0,0,0,60.0000,0.174,0.93158,0,0,0,0,0,0.001165,0.000157,0.000985,0.000212,0.000708,0.000217,0.000428,0.000261,0.000283,0.000267,0.000239,0.000224,0.000219,0.000165,0.000169,111.47,-70.00,-21.80,176.15,-151.96,63.43,86.53,-49.80,-20.45,-168.00,-123.36,70.62,119.51,-56.58,-21.76,0.0125,0.0051,0.0088,0.0008,0.0031,0.0012,0.0015,0.0011,0.0015,0.0025,0.0018,0.0020,0.0015,0.0003,0.0006
2026-08-05 21:29:49.300,6.983333,98,29,0.001920,0.0002,-108.25,0,0,0,60.0000,0.174,0.93158,0,0,0,0,0,0.001170,0.000173,0.000995,0.000249,0.000703,0.000240,0.000479,0.000243,0.000334,0.000253,0.000210,0.000270,0.000173,0.000217,0.000145,108.25,-55.13,-30.70,160.48,-166.56,34.46,66.02,-75.40,-55.63,162.59,-170.44,29.74,68.41,-99.09,-51.60,0.0125,0.0051,0.0088,0.0008,0.0031,0.0012,0.0015,0.0011,0.0015,0.0025,0.0018,0.0020,0.0015,0.0003,0.0006
2026-08-05 21:29:49.568,7.000000,99,0,0.001979,0.0002,-107.36,0,0,0,60.0000,0.183,0.65970,0,0,0,0,0,0.001231,0.000160,0.001039,0.000239,0.000730,0.000244,0.000453,0.000219,0.000270,0.000268,0.000257,0.000246,0.000198,0.000241,0.000171,107.36,-60.59,-29.64,159.69,-168.33,42.71,65.11,-71.41,-49.43,171.97,-164.11,45.52,67.23,-91.68,-74.84,0.0148,0.0047,0.0045,0.0038,0.0015,0.0010,0.0020,0.0005,0.0035,0.0010,0.0026,0.0028,0.0003,0.0008,0.0016
2026-08-05 21:29:49.568,7.016667,99,1,0.002013,0.0002,-100.68,0,0,0,60.0000,0.183,0.65970,0,0,0,0,0,0.001261,0.000191,0.001082,0.000218,0.000737,0.000197,0.000396,0.000259,0.000302,0.000243,0.000271,0.000233,0.000220,0.000180,0.000202,100.68,-87.19,-49.47,137.26,162.83,-2.77,21.14,-124.50,-110.82,110.53,130.44,-35.99,-21.42,170.84,-174.83,0.0148,0.0047,0.0045,0.0038,0.0015,0.0010,0.0020,0.0005,0.0035,0.0010,0.0026,0.0028,0.0003,0.0008,0.0016
2026-08-05 21:29:49.568,7.033333,99,2,0.001866,0.0002,-107.10,0,0,0,60.0000,0.183,0.65970,0,0,0,0,0,0.001148,0.000183,0.000990,0.000241,0.000701,0.000241,0.000433,0.000206,0.000227,0.000231,0.000196,0.000203,0.000163,0.000214,0.000167,107.10,-70.29,-25.25,152.57,-166.95,50.72,68.87,-73.61,-53.95,174.80,-162.63,48.65,76.77,-89.59,-63.67,0.0148,0.0047,0.0045,0.0038,0.0015,0.0010,0.0020,0.0005,0.0035,0.0010,0.0026,0.0028,0.0003,0.0008,0.0016
2026-08-05 21:29:49.568,7.050000,99,3,0.001866,0.0002,-103.02,0,0,0,60.0000,0.183,0.65970,0,0,0,0,0,0.001140,0.000145,0.000975,0.000183,0.000704,0.000230,0.000435,0.000272,0.000292,0.000278,0.000212,0.000256,0.000174,0.000201,0.000113,103.02,-101.48,-46.22,135.42,167.38,11.07,26.87,-116.27,-96.63,104.45,141.55,-34.24,12.18,176.52,-130.23,0.0148,0.0047,0.0045,0.0038,0.0015,0.0010,0.0020,0.0005,0.0035,0.0010,0.0026,0.0028,0.0003,0.0008,0.0016
2026-08-05 21:29:49.568,7.066667,99,4,0.002061,0.0002,-98.40,0,0,0,60.0000,0.183,0.65970,0,0,0,0,0,0.001354,0.000130,0.001061,0.000189,0.000704,0.000115,0.000383,0.000188,0.000226,0.000276,0.000138,0.000294,0.000165,0.000276,0.000185,98.40,-62.68,-52.33,107.57,148.31,-40.04,8.45,-174.00,-139.59,44.39,82.42,-91.45,-58.54,120.17,112.10,0.0148,0.0047,0.0045,0.0038,0.0015,0.0010,0.0020,0.0005,0.0035,0.0010,0.0026,0.0028,0.0003,0.0008,0.0016
2026-08-05 21:29:49.568,7.083333,99,5,0.002186,0.0002,-90.85,0,0,0,60.0000,0.183,0.65970,0,0,0,0,0,0.001480,0.000170,0.001182,0.000006,0.000810,0.000036,0.000451,0.000076,0.000256,0.000129,0.000218,0.000175,0.000121,0.000213,0.000031,90.85,12.28,-76.75,153.73,110.73,131.47,-40.32,36.35,-177.74,-99.31,33.86,87.98,-128.36,-67.98,-7.60,0.0148,0.0047,0.0045,0.0038,0.0015,0.0010,0.0020,0.0005,0.0035,0.0010,0.0026,0.0028,0.0003,0.0008,0.0016
2026-08-05 21:29:49.568,7.100000,99,6,0.001947,0.0002,-108.62,0,0,0,60.0000,0.183,0.65970,0,0,0,0,0,0.001293,0.000032,0.001045,0.000157,0.000594,0.000199,0.000344,0.000216,0.000338,0.000235,0.000323,0.000178,0.000233,0.000168,0.000073,108.62,101.76,-22.01,25.71,-153.29,-106.32,100.21,133.91,0.28,15.91,-115.52,-98.02,114.69,135.10,-5.59,0.0148,0.0047,0.0045,0.0038,0.0015,0.0010,0.0020,0.0005,0.0035,0.0010,0.0026,0.0028,0.0003,0.0008,0.0016
2026-08-05 21:29:49.568,7.116667,99,7,0.001859,0.0002,-112.99,0,0,0,60.0000,0.183,0.65970,0,0,0,0,0,0.001181,0.000087,0.000966,0.000190,0.000674,0.000226,0.000455,0.000184,0.000336,0.000143,0.000219,0.000174,0.000174,0.000239,0.000099,112.99,159.61,-13.34,38.44,-137.65,-104.17,113.57,134.33,6.92,43.99,-100.57,-54.56,157.20,175.42,52.34,0.0148,0.0047,0.0045,0.0038,0.0015,0.0010,0.0020,0.0005,0.0035,0.0010,0.0026,0.0028,0.0003,0.0008,0.0016
2026-08-05 21:29:49.568,7.133333,99,8,0.001944,0.0002,-112.55,0,0,0,60.0000,0.183,0.65970,0,0,0,0,0,0.001190,0.000148,0.001010,0.000211,0.000739,0.000261,0.000468,0.000217,0.000339,0.000192,0.000281,0.000222,0.000226,0.000224,0.000138,112.55,157.59,-19.20,15.88,-145.95,-111.97,96.93,126.85,-11.34,27.05,-126.27,-85.53,108.82,150.95,-25.31,0.0148,0.0047,0.0045,0.0038,0.0015,0.0010,0.0020,0.0005,0.0035,0.0010,0.0026,0.0028,0.0003,0.0008,0.0016
2026-08-05 21:29:49.568,7.150000,99,9,0.001930,0.0001,-113.20,0,0,0,60.0000,0.183,0.65970,0,0,0,0,0,0.001223,0.000168,0.001019,0.000199,0.000726,0.000192,0.000478,0.000155,0.000314,0.000135,0.000239,0.000197,0.000164,0.000220,0.000077,113.20,-174.19,-11.59,32.73,-137.38,-119.33,108.18,129.44,-4.48,37.29,-115.34,-64.38,122.85,165.39,18.38,0.0148,0.0047,0.0045,0.0038,0.0015,0.0010,0.0020,0.0005,0.0035,0.0010,0.0026,0.0028,0.0003,0.0008,0.0016
2026-08-05 21:29:49.568,7.166667,99,10,0.001935,0.0002,-105.97,0,0,0,60.0000,0.183,0.65970,0,0,0,0,0,0.001251,0.000191,0.001009,0.000209,0.000682,0.000210,0.000427,0.000138,0.000357,0.000151,0.000290,0.000205,0.000177,0.000219,0.000062,105.97,178.47,-34.57,1.29,-175.22,-148.78,55.10,94.14,-65.55,-14.09,172.18,-139.73,38.44,77.28,-117.38,0.0148,0.0047,0.0045,0.0038,0.0015,0.0010,0.0020,0.0005,0.0035,0.0010,0.0026,0.0028,0.0003,0.0008,0.0016
2026-08-05 21:29:49.568,7.183333,99,11,0.001964,0.0002,-106.69,0,0,0,60.0000,0.183,0.65970,0,0,0,0,0,0.001219,0.000166,0.001064,0.000252,0.000707,0.000185,0.000470,0.000155,0.000324,0.000145,0.000270,0.000222,0.000209,0.000244,0.000115,106.69,172.97,-31.24,8.05,-171.18,-147.79,61.71,80.33,-54.89,-16.18,-177.88,-137.78,49.62,79.63,-81.22,0.0148,0.0047,0.0045,0.0038,0.0015,0.0010,0.0020,0.0005,0.0035,0.0010,0.0026,0.0028,0.0003,0.0008,0.0016
2026-08-05 21:29:49.568,7.200000,99,12,0.001870,0.0002,-104.61,0,0,0,60.0000,0.183,0.65970,0,0,0,0,0,0.001161,0.000143,0.000974,0.000239,0.000697,0.000239,0.000456,0.000167,0.000341,0.000148,0.000284,0.000195,0.000191,0.000185,0.000106,104.61,140.80,-38.02,-11.99,177.77,-162.89,46.62,69.36,-76.68,-45.83,159.49,-162.25,17.89,58.68,-131.09,0.0148,0.0047,0.0045,0.0038,0.0015,0.0010,0.0020,0.0005,0.0035,0.0010,0.0026,0.0028,0.0003,0.0008,0.0016
2026-08-05 21:29:49.568,7.216667,99,13,0.001903,0.0002,-109.35,0,0,0,60.0000,0.183,0.65970,0,0,0,0,0,0.001152,0.000127,0.001030,0.000219,0.000708,0.000190,0.000488,0.000179,0.000320,0.000117,0.000266,0.000195,0.000171,0.000243,0.000108,109.35,157.87,-23.96,10.79,-157.64,-123.53,76.36,98.34,-36.76,-5.87,-151.74,-104.25,84.75,119.44,-44.63,0.0148,0.0047,0.0045,0.0038,0.0015,0.0010,0.0020,0.0005,0.0035,0.0010,0.0026,0.0028,0.0003,0.0008,0.0016
2026-08-05 21:29:49.568,7.233333,99,14,0.002613,0.0003,-84.23,0,0,0,60.0000,0.183,0.65970,0,0,0,0,0,0.001600,0.000239,0.001077,0.000191,0.000417,0.000420,0.000327,0.000484,0.000639,0.000361,0.000599,0.000166,0.000296,0.000254,0.000231,84.23,-61.37,-102.65,37.61,81.31,157.29,-14.61,-50.75,170.12,97.10,-25.82,-146.97,116.50,-75.79,-159.36,0.0148,0.0047,0.0045,0.0038,0.0015,0.0010,0.0020,0.0005,0.0035,0.0010,0.0026,0.0028,0.0003,0.0008,0.0016
2026-08-05 21:29:49.568,7.250000,99,15,0.001918,0.0002,-102.90,0,0,0,60.0000,0.183,0.65970,0,0,0,0,0,0.001177,0.000140,0.001041,0.000272,0.000712,0.000236,0.000451,0.000158,0.000331,0.000142,0.000219,0.000137,0.000192,0.000225,0.000033,102.90,172.79,-36.07,-2.63,-178.78,-153.29,48.76,58.15,-70.92,-50.65,161.89,-153.42,9.15,37.58,-88.92,0.0148,0.0047,0.0045,0.0038,0.0015,0.0010,0.0020,0.0005,0.0035,0.0010,0.0026,0.0028,0.0003,0.0008,0.0016
2026-08-05 21:29:49.568,7.266667,99,16,0.001990,0.0002,-100.86,0,0,0,60.0000,0.183,0.65970,0,0,0,0,0,0.001313,0.000135,0.001027,0.000178,0.000619,0.000196,0.000399,0.000249,0.000228,0.000226,0.000205,0.000303,0.000174,0.000319,0.000104,100.86,-173.19,-47.04,-29.52,159.57,136.48,17.30,-2.79,-126.76,-130.20,75.20,108.64,-87.42,-28.25,128.25,0.0148,0.0047,0.0045,0.0038,0.0015,0.0010,0.0020,0.0005,0.0035,0.0010,0.0026,0.0028,0.0003,0.0008,0.0016
2026-08-05 21:29:49.568,7.283333,99,17,0.002266,0.0002,-84.84,0,0,0,60.0000,0.183,0.65970,0,0,0,0,0,0.001525,0.000323,0.001248,0.000160,0.000756,0.000099,0.000439,0.000169,0.000310,0.000095,0.000159,0.000155,0.000073,0.000247,0.000055,84.84,178.78,-97.13,-0.78,80.24,-74.23,-87.62,135.79,113.49,-11.18,-51.85,-151.57,134.63,37.79,97.34,0.0148,0.0047,0.0045,0.0038,0.0015,0.0010,0.0020,0.0005,0.0035,0.0010,0.0026,0.0028,0.0003,0.0008,0.0016
2026-08-05 21:29:49.568,7.300000,99,18,0.001983,0.0002,-103.80,0,0,0,60.0000,0.183,0.65970,0,0,0,0,0,0.001347,0.000162,0.001039,0.000097,0.000590,0.000282,0.000370,0.000320,0.000316,0.000249,0.000263,0.000129,0.000159,0.000115,0.000117,103.80,-125.09,-40.91,164.88,179.62,57.81,67.75,-86.35,-54.92,133.81,163.43,8.66,24.54,-96.94,-96.78,0.0148,0.0047,0.0045,0.0038,0.0015,0.0010,0.0020,0.0005,0.0035,0.0010,0.0026,0.0028,0.0003,0.0008,0.0016
2026-08-05 21:29:49.568,7.316667,99,19,0.001941,0.0002,-110.58,0,0,0,60.0000,0.183,0.65970,0,0,0,0,0,0.001235,0.000114,0.001007,0.000164,0.000667,0.000267,0.000458,0.000262,0.000327,0.000226,0.000248,0.000173,0.000168,0.000164,0.000142,110.58,-74.02,-22.12,-175.68,-151.36,73.61,96.26,-53.07,-17.66,-174.13,-141.69,78.00,107.26,-34.44,9.63,0.0148,0.0047,0.0045,0.0038,0.0015,0.0010,0.0020,0.0005,0.0035,0.0010,0.0026,0.0028,0.0003,0.0008,0.0016
2026-08-05 21:29:49.568,7.333333,99,20,0.001960,0.0002,-110.20,0,0,0,60.0000,0.183,0.65970,0,0,0,0,0,0.001203,0.000205,0.001044,0.000231,0.000713,0.000259,0.000446,0.000257,0.000272,0.000237,0.000196,0.000218,0.000204,0.000183,0.000213,110.20,-76.20,-23.74,164.00,-157.17,49.56,72.99,-60.19,-42.61,176.70,-149.89,41.78,87.41,-93.11,-48.44,0.0148,0.0047,0.0045,0.0038,0.0015,0.0010,0.0020,0.0005,0.0035,0.0010,0.0026,0.0028,0.0003,0.0008,0.0016
2026-08-05 21:29:49.568,7.350000,99,21,0.001917,0.0002,-108.64,0,0,0,60.0000,0.183,0.65970,0,0,0,0,0,0.001175,0.000165,0.001020,0.000216,0.000718,0.000211,0.000441,0.000250,0.000309,0.000239,0.000228,0.000257,0.000225,0.000192,0.000142,108.64,-78.01,-24.92,157.06,-162.06,40.61,72.15,-72.64,-39.16,167.92,-137.09,42.29,88.90,-77.07,-47.50,0.0148,0.0047,0.0045,0.0038,0.0015,0.0010,0.0020,0.0005,0.0035,0.0010,0.0026,0.0028,0.0003,0.0008,0.0016
2026-08-05 21:29:49.568,7.366667,99,22,0.001910,0.0001,-109.67,0,0,0,60.0000,0.183,0.65970,0,0,0,0,0,0.001195,0.000177,0.001010,0.000242,0.000707,0.000212,0.000423,0.000247,0.000281,0.000227,0.000225,0.000195,0.000199,0.000154,0.000203,109.67,-70.03,-23.42,162.19,-155.06,48.98,81.44,-60.10,-32.21,-174.87,-139.76,60.05,97.08,-67.14,-47.45,0.0148,0.0047,0.0045,0.0038,0.0015,0.0010,0.0020,0.0005,0.0035,0.0010,0.0026,0.0028,0.0003,0.0008,0.0016
2026-08-05 21:29:49.568,7.383333,99,23,0.001984,0.0002,-101.92,0,0,0,60.0000,0.183,0.65970,0,0,0,0,0,0.001228,0.000204,0.001060,0.000249,0.000707,0.000261,0.000448,0.000242,0.000289,0.000257,0.000215,0.000262,0.000207,0.000213,0.000155,101.92,-83.48,-46.03,136.11,162.50,0.85,19.46,-124.15,-107.62,101.89,129.62,-31.80,-4.06,176.97,-177.84,0.0148,0.0047,0.0045,0.0038,0.0015,0.0010,0.0020,0.0005,0.0035,0.0010,0.0026,0.0028,0.0003,0.0008,0.0016
2026-08-05 21:29:49.568,7.400000,99,24,0.001943,0.0002,-104.47,0,0,0,60.0000,0.183,0.65970,0,0,0,0,0,0.001219,0.000182,0.001027,0.000236,0.000699,0.000241,0.000456,0.000221,0.000269,0.000236,0.000235,0.000204,0.000206,0.000167,0.000176,104.47,-79.35,-34.40,137.41,179.61,24.90,47.06,-93.46,-76.14,136.76,158.98,-2.01,32.16,-130.63,-119.46,0.0148,0.0047,0.0045,0.0038,0.0015,0.0010,0.0020,0.0005,0.0035,0.0010,0.0026,0.0028,0.0003,0.0008,0.0016
2026-08-05 21:29:49.568,7.416667,99,25,0.001892,0.0002,-100.61,0,0,0,60.0000,0.183,0.65970,0,0,0,0,0,0.001178,0.000209,0.001005,0.000277,0.000678,0.000208,0.000420,0.000213,0.000258,0.000239,0.000195,0.000187,0.000174,0.000174,0.000147,100.61,-85.36,-47.27,128.83,157.71,-5.31,14.42,-130.85,-127.39,95.04,107.63,-46.15,-11.36,164.84,-172.62,0.0148,0.0047,0.0045,0.0038,0.0015,0.0010,0.0020,0.0005,0.0035,0.0010,0.0026,0.0028,0.0003,0.0008,0.0016
2026-08-05 21:29:49.568,7.433333,99,26,0.003242,0.0006,-78.64,0,0,0,60.0000,0.183,0.65970,0,0,0,0,0,0.001209,0.000153,0.000755,0.000715,0.001178,0.000183,0.001041,0.000970,0.000441,0.000260,0.000754,0.000889,0.000331,0.000231,0.000481,78.64,-85.51,-71.04,34.63,-166.53,42.53,41.97,-124.63,24.62,116.65,-133.64,54.05,-85.17,-121.67,86.20,0.0148,0.0047,0.0045,0.0038,0.0015,0.0010,0.0020,0.0005,0.0035,0.0010,0.0026,0.0028,0.0003,0.0008,0.0016
2026-08-05 21:29:49.568,7.450000,99,27,0.001895,0.0002,-110.11,0,0,0,60.0000,0.183,0.65970,0,0,0,0,0,0.001166,0.000126,0.000987,0.000205,0.000706,0.000208,0.000445,0.000244,0.000302,0.000241,0.000221,0.000256,0.000224,0.000183,0.000146,110.11,-75.18,-23.50,165.53,-159.16,56.47,76.39,-52.31,-32.49,177.23,-153.53,62.73,90.08,-77.55,-55.91,0.0148,0.0047,0.0045,0.0038,0.0015,0.0010,0.0020,0.0005,0.0035,0.0010,0.0026,0.0028,0.0003,0.0008,0.0016
2026-08-05 21:29:49.568,7.466667,99,28,0.002068,0.0002,-107.14,0,0,0,60.0000,0.183,0.65970,0,0,0,0,0,0.001340,0.000131,0.001086,0.000161,0.000700,0.000211,0.000397,0.000222,0.000208,0.000301,0.000153,0.000287,0.000137,0.000275,0.000181,107.14,-69.19,-24.26,140.29,-163.29,17.87,56.11,-94.90,-56.32,132.68,-179.48,10.95,32.25,-115.86,-116.85,0.0148,0.0047,0.0045,0.0038,0.0015,0.0010,0.0020,0.0005,0.0035,0.0010,0.0026,0.0028,0.0003,0.0008,0.0016
2026-08-05 21:29:49.568,7.483333,99,29,0.002211,0.0002,-69.52,0,0,0,60.0000,0.183,0.65970,0,0,0,0,0,0.001510,0.000126,0.001197,0.000033,0.000799,0.000074,0.000447,0.000099,0.000260,0.000140,0.000216,0.000185,0.000104,0.000186,0.000008,69.52,-37.32,-143.42,115.31,-5.26,-38.83,157.36,-133.35,-34.62,37.61,153.45,178.39,-57.61,-25.60,56.48,0.0148,0.0047,0.0045,0.0038,0.0015,0.0010,0.0020,0.0005,0.0035,0.0010,0.0026,0.0028,0.0003,0.0008,0.0016
2026-08-05 21:29:49.806,7.500000,100,0,0.002019,0.0002,-104.59,0,0,0,61.8782,70.705,0.06660,0,0,0,0,0,0.001375,0.000004,0.001067,0.000119,0.000620,0.000167,0.000367,0.000239,0.000292,0.000229,0.000339,0.000247,0.000222,0.000177,0.000089,104.59,-54.63,-37.96,34.54,175.51,-132.84,61.66,89.90,-47.69,-40.54,-179.47,-177.27,29.34,57.55,-119.82,21.9951,0.5051,0.4685,0.6525,0.7398,0.3546,0.2123,0.2909,0.3059,0.2555,0.2114,0.2326,0.2698,0.2413,0.2414
2026-08-05 21:29:49.806,7.516667,100,1,0.001982,0.0002,-104.01,0,0,0,61.8782,70.705,0.06660,0,0,0,0,0,0.001264,0.000094,0.001037,0.000198,0.000725,0.000229,0.000472,0.000169,0.000349,0.000130,0.000277,0.000186,0.000182,0.000214,0.000072,104.01,156.03,-38.81,6.94,-179.30,-153.99,53.15,64.82,-71.34,-48.35,160.89,-171.45,36.68,53.50,-89.48,21.9951,0.5051,0.4685,0.6525,0.7398,0.3546,0.2123,0.2909,0.3059,0.2555,0.2114,0.2326,0.2698,0.2413,0.2414
2026-08-05 21:29:49.806,7.533333,100,2,0.001921,0.0002,-110.18,0,0,0,61.8782,70.705,0.06660,0,0,0,0,0,0.001225,0.000146,0.001027,0.000230,0.000695,0.000204,0.000437,0.000163,0.000268,0.000140,0.000222,0.000208,0.000160,0.000234,0.000080,110.18,171.35,-20.56,19.26,-150.73,-117.66,86.52,113.94,-15.35,25.47,-123.16,-88.42,107.97,134.64,-30.91,21.9951,0.5051,0.4685,0.6525,0.7398,0.3546,0.2123,0.2909,0.3059,0.2555,0.2114,0.2326,0.2698,0.2413,0.2414
2026-08-05 21:29:49.806,7.550000,100,3,0.001913,0.0002,-109.13,0,0,0,61.8782,70.705,0.06660,0,0,0,0,0,0.001182,0.000144,0.001032,0.000241,0.000696,0.000202,0.000459,0.000132,0.000338,0.000149,0.000268,0.000219,0.000146,0.000197,0.000089,109.13,167.88,-23.91,9.53,-155.82,-136.14,79.65,91.83,-37.46,-13.91,-150.03,-112.24,59.93,106.12,-51.77,21.9951,0.5051,0.4685,0.6525,0.7398,0.3546,0.2123,0.2909,0.3059,0.2555,0.2114,0.2326,0.2698,0.2413,0.2414
2026-08-05 21:29:49.806,7.566667,100,4,0.001966,0.0002,-113.30,0,0,0,61.8782,70.705,0.06660,0,0,0,0,0,0.001219,0.000145,0.001051,0.000248,0.000723,0.000219,0.000504,0.000218,0.000305,0.000183,0.000238,0.000182,0.000181,0.000205,0.000096,113.30,170.23,-14.11,29.24,-140.96,-103.37,98.87,131.25,-1.22,37.38,-113.53,-73.60,130.71,157.13,16.69,21.9951,0.5051,0.4685,0.6525,0.7398,0.3546,0.2123,0.2909,0.3059,0.2555,0.2114,0.2326,0.2698,0.2413,0.2414
2026-08-05 21:29:49.806,7.583333,100,5,0.001940,0.0001,-116.91,0,0,0,61.8782,70.705,0.06660,0,0,0,0,0,0.001220,0.000164,0.001015,0.000206,0.000715,0.000203,0.000467,0.000147,0.000351,0.000124,0.000316,0.000176,0.000218,0.000192,0.000092,116.91,-174.84,-6.52,32.94,-126.15,-101.43,127.13,155.61,27.86,71.76,-76.56,-31.20,166.64,-158.49,53.49,21.9951,0.5051,0.4685,0.6525,0.7398,0.3546,0.2123,0.2909,0.3059,0.2555,0.2114,0.2326,0.2698,0.2413,0.2414
2026-08-05 21:29:49.806,7.600000,100,6,0.001917,0.0002,-110.02,0,0,0,61.8782,70.705,0.06660,0,0,0,0,0,0.001236,0.000145,0.001028,0.000163,0.000701,0.000148,0.000423,0.000120,0.000306,0.000153,0.000248,0.000209,0.000175,0.000227,0.000086,110.02,-173.53,-25.01,23.79,-157.87,-131.71,82.52,105.85,-28.95,-1.52,-149.49,-121.08,71.89,103.34,-65.15,21.9951,0.5051,0.4685,0.6525,0.7398,0.3546,0.2123,0.2909,0.3059,0.2555,0.2114,0.2326,0.2698,0.2413,0.2414
2026-08-05 21:29:49.806,7.616667,100,7,0.001958,0.0002,-109.92,0,0,0,61.8782,70.705,0.06660,0,0,0,0,0,0.001216,0.000169,0.001044,0.000271,0.000705,0.000242,0.000463,0.000183,0.000309,0.000119,0.000285,0.000187,0.000197,0.000186,0.000103,109.92,159.62,-20.68,22.72,-155.62,-129.10,91.38,117.82,-20.94,21.21,-132.13,-89.14,107.11,141.84,-27.10,21.9951,0.5051,0.4685,0.6525,0.7398,0.3546,0.2123,0.2909,0.3059,0.2555,0.2114,0.2326,0.2698,0.2413,0.2414
2026-08-05 21:29:49.806,7.633333,100,8,0.001908,0.0002,-105.76,0,0,0,61.8782,70.705,0.06660,0,0,0,0,0,0.001171,0.000148,0.001018,0.000258,0.000711,0.000226,0.000465,0.000165,0.000316,0.000106,0.000228,0.000185,0.000150,0.000236,0.000079,105.76,145.17,-33.11,-5.80,-175.08,-156.83,60.81,72.66,-61.41,-25.44,170.96,-147.98,44.22,68.32,-85.39,21.9951,0.5051,0.4685,0.6525,0.7398,0.3546,0.2123,0.2909,0.3059,0.2555,0.2114,0.2326,0.2698,0.2413,0.2414
2026-08-05 21:29:49.806,7.650000,100,9,0.001998,0.0002,-108.97,0,0,0,61.8782,70.705,0.06660,0,0,0,0,0,0.001277,0.000118,0.001060,0.000238,0.000703,0.000199,0.000486,0.000156,0.000320,0.000126,0.000273,0.000231,0.000197,0.000198,0.000128,108.97,-172.68,-21.69,16.99,-160.85,-145.78,78.28,96.35,-38.29,-12.66,-162.19,-122.10,73.88,116.12,-50.00,21.9951,0.5051,0.4685,0.6525,0.7398,0.3546,0.2123,0.2909,0.3059,0.2555,0.2114,0.2326,0.2698,0.2413,0.2414
2026-08-05 21:29:49.806,7.666667,100,10,0.002051,0.0002,-102.52,0,0,0,61.8782,70.705,0.06660,0,0,0,0,0,0.001382,0.000165,0.001096,0.000120,0.000628,0.000187,0.000369,0.000233,0.000216,0.000201,0.000222,0.000283,0.000190,0.000266,0.000178,102.52,-157.49,-44.78,-20.77,161.77,136.38,23.77,8.73,-114.14,-114.59,91.75,124.86,-69.89,-13.53,138.46,21.9951,0.5051,0.4685,0.6525,0.7398,0.3546,0.2123,0.2909,0.3059,0.2555,0.2114,0.2326,0.2698,0.2413,0.2414
2026-08-05 21:29:49.806,7.683333,100,11,0.002212,0.0002,-94.16,0,0,0,61.8782,70.705,0.06660,0,0,0,0,0,0.001500,0.000265,0.001225,0.000167,0.000732,0.000093,0.000383,0.000150,0.000253,0.000150,0.000174,0.000143,0.000043,0.000272,0.000050,94.16,-154.69,-68.74,43.41,126.36,-22.19,-14.98,-150.94,-156.90,77.60,64.36,-31.62,-72.74,162.59,-162.45,21.9951,0.5051,0.4685,0.6525,0.7398,0.3546,0.2123,0.2909,0.3059,0.2555,0.2114,0.2326,0.2698,0.2413,0.2414
2026-08-05 21:29:49.806,7.700000,100,12,0.002007,0.0002,-100.99,0,0,0,61.8782,70.705,0.06660,0,0,0,0,0,0.001343,0.000195,0.001054,0.000090,0.000621,0.000298,0.000394,0.000331,0.000287,0.000274,0.000225,0.000140,0.000149,0.000122,0.000123,100.99,-137.57,-48.20,156.39,166.77,41.85,40.40,-109.25,-82.72,95.12,133.33,-26.85,0.15,-136.48,-147.08,21.9951,0.5051,0.4685,0.6525,0.7398,0.3546,0.2123,0.2909,0.3059,0.2555,0.2114,0.2326,0.2698,0.2413,0.2414
2026-08-05 21:29:49.806,7.716667,100,13,0.002008,0.0002,-107.73,0,0,0,61.8782,70.705,0.06660,0,0,0,0,0,0.001328,0.000163,0.001058,0.000144,0.000605,0.000289,0.000405,0.000285,0.000318,0.000247,0.000260,0.000132,0.000132,0.000210,0.000112,107.73,-85.15,-21.97,-162.49,-151.22,84.13,98.66,-56.61,-33.41,171.49,-150.77,77.49,97.27,-48.77,-9.43,21.9951,0.5051,0.4685,0.6525,0.7398,0.3546,0.2123,0.2909,0.3059,0.2555,0.2114,0.2326,0.2698,0.2413,0.2414
2026-08-05 21:29:49.806,7.733333,100,14,0.002001,0.0002,-104.13,0,0,0,61.8782,70.705,0.06660,0,0,0,0,0,0.001293,0.000213,0.001063,0.000276,0.000686,0.000252,0.000429,0.000221,0.000243,0.000219,0.000229,0.000191,0.000224,0.000146,0.000171,104.13,-88.65,-39.57,139.69,173.44,16.27,33.84,-107.42,-86.39,112.80,143.11,-12.41,4.80,-169.37,-141.15,21.9951,0.5051,0.4685,0.6525,0.7398,0.3546,0.2123,0.2909,0.3059,0.2555,0.2114,0.2326,0.2698,0.2413,0.2414
2026-08-05 21:29:49.806,7.750000,100,15,0.001983,0.0002,-105.83,0,0,0,61.8782,70.705,0.06660,0,0,0,0,0,0.001261,0.000202,0.001048,0.000277,0.000700,0.000235,0.000400,0.000208,0.000267,0.000232,0.000239,0.000238,0.000220,0.000190,0.000175,105.83,-71.11,-35.61,150.75,179.15,24.18,49.77,-101.85,-73.91,140.15,171.37,11.67,31.25,-145.64,-132.13,21.9951,0.5051,0.4685,0.6525,0.7398,0.3546,0.2123,0.2909,0.3059,0.2555,0.2114,0.2326,0.2698,0.2413,0.2414
2026-08-05 21:29:49.806,7.766667,100,16,0.001931,0.0002,-99.64,0,0,0,61.8782,70.705,0.06660,0,0,0,0,0,0.001226,0.000201,0.000996,0.000190,0.000730,0.000160,0.000453,0.000238,0.000287,0.000260,0.000186,0.000211,0.000178,0.000117,0.000176,99.64,-114.56,-56.91,121.41,143.23,0.36,-10.65,-155.38,-151.96,59.30,81.45,-93.01,-65.14,122.15,129.03,21.9951,0.5051,0.4685,0.6525,0.7398,0.3546,0.2123,0.2909,0.3059,0.2555,0.2114,0.2326,0.2698,0.2413,0.2414
2026-08-05 21:29:49.806,7.783333,100,17,0.001969,0.0002,-102.56,0,0,0,61.8782,70.705,0.06660,0,0,0,0,0,0.001267,0.000218,0.001025,0.000247,0.000708,0.000222,0.000399,0.000233,0.000259,0.000270,0.000235,0.000221,0.000186,0.000180,0.000147,102.56,-98.47,-46.47,130.86,162.22,6.00,16.27,-124.45,-108.25,96.98,133.64,-38.49,-8.10,-179.84,-163.94,21.9951,0.5051,0.4685,0.6525,0.7398,0.3546,0.2123,0.2909,0.3059,0.2555,0.2114,0.2326,0.2698,0.2413,0.2414
2026-08-05 21:29:49.806,7.800000,100,18,0.001982,0.0002,-101.02,0,0,0,61.8782,70.705,0.06660,0,0,0,0,0,0.001267,0.000249,0.001069,0.000218,0.000680,0.000215,0.000402,0.000271,0.000229,0.000251,0.000179,0.000162,0.000184,0.000157,0.000205,101.02,-97.07,-52.36,127.72,146.51,-6.65,-1.93,-139.47,-146.35,70.13,90.94,-88.60,-61.04,121.69,140.28,21.9951,0.5051,0.4685,0.6525,0.7398,0.3546,0.2123,0.2909,0.3059,0.2555,0.2114,0.2326,0.2698,0.2413,0.2414
2026-08-05 21:29:49.806,7.816667,100,19,0.001939,0.0002,-108.29,0,0,0,61.8782,70.705,0.06660,0,0,0,0,0,0.001202,0.000217,0.001010,0.000182,0.000741,0.000155,0.000448,0.000225,0.000246,0.000268,0.000226,0.000231,0.000243,0.000179,0.000165,108.29,-74.33,-30.11,165.22,-165.89,22.67,65.99,-75.88,-42.68,156.99,-171.91,35.76,72.02,-92.85,-67.75,21.9951,0.5051,0.4685,0.6525,0.7398,0.3546,0.2123,0.2909,0.3059,0.2555,0.2114,0.2326,0.2698,0.2413,0.2414
2026-08-05 21:29:49.806,7.833333,100,20,0.001949,0.0002,-106.69,0,0,0,61.8782,70.705,0.06660,0,0,0,0,0,0.001272,0.000275,0.001015,0.000277,0.000664,0.000199,0.000368,0.000201,0.000273,0.000185,0.000186,0.000243,0.000196,0.000174,0.000144,106.69,-90.84,-30.06,153.09,-174.14,35.44,39.60,-81.58,-84.14,129.87,157.28,-2.78,41.38,-136.05,-89.37,21.9951,0.5051,0.4685,0.6525,0.7398,0.3546,0.2123,0.2909,0.3059,0.2555,0.2114,0.2326,0.2698,0.2413,0.2414
2026-08-05 21:29:49.806,7.850000,100,21,0.005218,0.0021,54.69,0,0,0,61.8782,70.705,0.06660,0,0,0,0,0,0.001671,0.002287,0.002951,0.001730,0.001773,0.001173,0.000548,0.000868,0.000649,0.000267,0.000287,0.000388,0.000556,0.000349,0.000488,-54.69,140.78,-63.19,110.99,-72.12,57.65,-143.74,31.41,177.56,70.80,-92.96,152.51,-53.85,98.22,-89.36,21.9951,0.5051,0.4685,0.6525,0.7398,0.3546,0.2123,0.2909,0.3059,0.2555,0.2114,0.2326,0.2698,0.2413,0.2414
2026-08-05 21:29:49.806,7.866667,100,22,0.006541,0.0037,7.64,0,0,0,61.8782,70.705,0.06660,0,0,0,0,0,0.002108,0.000342,0.003268,0.003411,0.003158,0.001220,0.000300,0.000925,0.000738,0.000148,0.000184,0.000315,0.000859,0.000696,0.000207,-7.64,129.07,130.94,-55.87,99.17,-81.03,-36.36,56.55,-109.28,-71.75,11.49,-54.68,-174.18,-28.64,-165.53,21.9951,0.5051,0.4685,0.6525,0.7398,0.3546,0.2123,0.2909,0.3059,0.2555,0.2114,0.2326,0.2698,0.2413,0.2414
2026-08-05 21:29:49.806,7.883333,100,23,0.002282,0.0003,-67.13,0,0,0,61.8782,70.705,0.06660,0,0,0,0,0,0.001593,0.000145,0.001252,0.000055,0.000769,0.000033,0.000435,0.000065,0.000249,0.000107,0.000195,0.000152,0.000085,0.000209,0.000090,67.13,-46.14,-150.67,107.51,-10.55,-123.15,147.85,-152.93,-34.24,5.12,115.79,149.01,-110.69,-56.51,-57.24,21.9951,0.5051,0.4685,0.6525,0.7398,0.3546,0.2123,0.2909,0.3059,0.2555,0.2114,0.2326,0.2698,0.2413,0.2414
2026-08-05 21:29:49.806,7.900000,100,24,0.002008,0.0002,-104.14,0,0,0,61.8782,70.705,0.06660,0,0,0,0,0,0.001327,0.000053,0.001097,0.000122,0.000672,0.000172,0.000381,0.000190,0.000247,0.000227,0.000311,0.000215,0.000240,0.000196,0.000140,104.14,57.74,-34.87,35.16,-177.87,-125.05,67.00,117.36,-32.22,-17.80,-164.26,-146.45,48.60,90.50,-89.99,21.9951,0.5051,0.4685,0.6525,0.7398,0.3546,0.2123,0.2909,0.3059,0.2555,0.2114,0.2326,0.2698,0.2413,0.2414
2026-08-05 21:29:49.806,7.916667,100,25,0.003045,0.0005,-74.94,0,0,0,61.8782,70.705,0.06660,0,0,0,0,0,0.001328,0.000694,0.001353,0.000365,0.000413,0.000696,0.000896,0.000241,0.000419,0.000533,0.000535,0.000652,0.000659,0.000406,0.000526,74.94,-173.21,-24.23,-134.00,115.62,-161.60,30.32,-153.10,-16.54,-135.69,65.78,-157.76,27.04,-123.22,56.73,21.9951,0.5051,0.4685,0.6525,0.7398,0.3546,0.2123,0.2909,0.3059,0.2555,0.2114,0.2326,0.2698,0.2413,0.2414
2026-08-05 21:29:49.806,7.933333,100,26,0.001954,0.0002,-113.60,0,0,0,61.8782,70.705,0.06660,0,0,0,0,0,0.001221,0.000168,0.001031,0.000270,0.000664,0.000217,0.000464,0.000158,0.000354,0.000178,0.000274,0.000199,0.000261,0.000276,0.000097,113.60,171.18,-7.30,37.85,-130.61,-108.57,120.44,128.80,30.58,79.48,-85.31,-26.09,156.70,-163.20,54.04,21.9951,0.5051,0.4685,0.6525,0.7398,0.3546,0.2123,0.2909,0.3059,0.2555,0.2114,0.2326,0.2698,0.2413,0.2414
2026-08-05 21:29:49.806,7.950000,100,27,0.007591,-1.5072,166.74,0,0,0,61.8782,70.705,0.06660,0,0,0,0,0,0.007158,0.000307,0.000256,0.000316,0.001078,0.000016,0.000333,0.000284,0.000028,0.000457,0.000565,0.000184,0.000272,0.000395,0.000346,-166.74,94.37,142.41,15.79,-4.90,-42.82,11.56,-78.88,-86.34,-125.41,-160.37,-121.46,-164.81,125.24,88.60,21.9951,0.5051,0.4685,0.6525,0.7398,0.3546,0.2123,0.2909,0.3059,0.2555,0.2114,0.2326,0.2698,0.2413,0.2414
2026-08-05 21:29:49.806,7.966667,100,28,0.007718,-1.6086,164.43,0,0,0,61.8782,70.705,0.06660,0,0,0,0,0,0.007380,0.000414,0.000840,0.000468,0.000841,0.000486,0.000285,0.000414,0.000170,0.000363,0.000198,0.000532,0.000504,0.000470,0.000648,-164.43,-151.41,-149.21,-113.28,-47.08,-116.65,-86.80,-94.60,-44.85,-64.48,-76.74,-14.82,-6.55,39.15,38.62,21.9951,0.5051,0.4685,0.6525,0.7398,0.3546,0.2123,0.2909,0.3059,0.2555,0.2114,0.2326,0.2698,0.2413,0.2414
2026-08-05 21:29:49.806,7.983333,100,29,0.007675,-1.5884,164.57,0,0,0,61.8782,70.705,0.06660,0,0,0,0,0,0.007320,0.000450,0.000881,0.000365,0.000368,0.000531,0.000526,0.000521,0.000583,0.000555,0.000720,0.000310,0.000363,0.000543,0.000489,-164.57,-178.61,-171.49,-168.66,-21.62,171.56,137.59,162.17,136.49,164.91,172.05,154.96,178.99,150.05,119.28,21.9951,0.5051,0.4685,0.6525,0.7398,0.3546,0.2123,0.2909,0.3059,0.2555,0.2114,0.2326,0.2698,0.2413,0.2414
2026-08-05 21:29:50.070,8.000000,101,0,0.006974,-1.4819,163.56,0,0,0,62.6082,223.539,0.03639,0,0,0,0,0,0.006888,0.000077,0.000482,0.000067,0.000738,0.000067,0.000187,0.000083,0.000245,0.000066,0.000333,0.000073,0.000151,0.000091,0.000276,-163.56,-148.34,-158.93,-88.48,-14.95,-157.00,77.85,165.44,88.71,-163.59,-177.86,-19.88,-97.26,103.46,66.05,218.4092,5.1858,4.5904,2.5333,2.7118,0.5730,0.1069,0.0810,0.3751,0.1140,0.8273,0.1876,0.3952,0.0953,0.6843
2026-08-05 21:29:50.070,8.016667,101,1,0.007755,-1.5568,168.94,0,0,0,62.6082,223.539,0.03639,0,0,0,0,0,0.007064,0.000098,0.001199,0.000857,0.000979,0.000265,0.000930,0.000851,0.000539,0.000344,0.000792,0.000795,0.000369,0.000506,0.001057,-168.94,-124.50,-165.00,133.02,13.77,-157.27,123.61,77.27,45.62,148.29,108.89,22.17,-57.52,94.99,34.86,218.4092,5.1858,4.5904,2.5333,2.7118,0.5730,0.1069,0.0810,0.3751,0.1140,0.8273,0.1876,0.3952,0.0953,0.6843
2026-08-05 21:29:50.070,8.033333,101,2,0.007049,-1.4939,163.25,0,0,0,62.6082,223.539,0.03639,0,0,0,0,0,0.006957,0.000130,0.000476,0.000065,0.000760,0.000066,0.000204,0.000034,0.000271,0.000058,0.000326,0.000043,0.000179,0.000078,0.000293,-163.25,-174.14,-158.25,-117.84,-14.61,-128.40,73.65,-110.30,96.72,159.70,169.23,168.14,-89.86,106.72,47.11,218.4092,5.1858,4.5904,2.5333,2.7118,0.5730,0.1069,0.0810,0.3751,0.1140,0.8273,0.1876,0.3952,0.0953,0.6843
2026-08-05 21:29:50.070,8.050000,101,3,0.007022,-1.4893,163.66,0,0,0,62.6082,223.539,0.03639,0,0,0,0,0,0.006917,0.000123,0.000522,0.000131,0.000800,0.000026,0.000209,0.000104,0.000288,0.000119,0.000406,0.000014,0.000174,0.000053,0.000297,-163.66,-156.28,-164.48,-110.70,-11.01,-78.66,70.42,-168.62,96.03,174.88,179.50,110.46,-79.58,97.07,40.65,218.4092,5.1858,4.5904,2.5333,2.7118,0.5730,0.1069,0.0810,0.3751,0.1140,0.8273,0.1876,0.3952,0.0953,0.6843
2026-08-05 21:29:50.070,8.066667,101,4,0.007023,-1.4892,163.36,0,0,0,62.6082,223.539,0.03639,0,0,0,0,0,0.006925,0.000155,0.000554,0.000079,0.000779,0.000051,0.000202,0.000059,0.000221,0.000116,0.000349,0.000030,0.000153,0.000062,0.000327,-163.36,177.08,-165.12,-132.33,-15.27,-46.02,75.04,154.64,89.99,147.97,170.37,143.36,-78.69,133.64,47.47,218.4092,5.1858,4.5904,2.5333,2.7118,0.5730,0.1069,0.0810,0.3751,0.1140,0.8273,0.1876,0.3952,0.0953,0.6843
2026-08-05 21:29:50.070,8.083333,101,5,0.007036,-1.4914,163.28,0,0,0,62.6082,223.539,0.03639,0,0,0,0,0,0.006941,0.000217,0.000497,0.000100,0.000750,0.000064,0.000200,0.000069,0.000257,0.000045,0.000315,0.000041,0.000207,0.000065,0.000293,-163.28,-173.22,-165.49,-147.48,-12.04,-134.74,68.17,-141.73,103.99,113.46,171.41,21.46,-75.74,60.30,51.56,218.4092,5.1858,4.5904,2.5333,2.7118,0.5730,0.1069,0.0810,0.3751,0.1140,0.8273,0.1876,0.3952,0.0953,0.6843
2026-08-05 21:29:50.070,8.100000,101,6,0.007022,-1.4890,163.36,0,0,0,62.6082,223.539,0.03639,0,0,0,0,0,0.006928,0.000127,0.000547,0.000140,0.000759,0.000105,0.000182,0.000039,0.000237,0.000117,0.000315,0.000066,0.000135,0.000108,0.000218,-163.36,-166.36,-164.10,-122.05,-16.13,-105.91,47.87,-124.95,84.08,127.77,168.33,163.83,-78.34,116.65,54.95,218.4092,5.1858,4.5904,2.5333,2.7118,0.5730,0.1069,0.0810,0.3751,0.1140,0.8273,0.1876,0.3952,0.0953,0.6843
2026-08-05 21:29:50.070,8.116667,101,7,0.007074,-1.4971,163.36,0,0,0,62.6082,223.539,0.03639,0,0,0,0,0,0.006966,0.000148,0.000527,0.000180,0.000815,0.000031,0.000172,0.000048,0.000269,0.000082,0.000392,0.000012,0.000177,0.000056,0.000316,-163.36,-172.62,-165.75,-146.06,-12.71,-179.79,67.91,161.07,89.37,172.94,179.08,-39.90,-76.19,154.79,50.09,218.4092,5.1858,4.5904,2.5333,2.7118,0.5730,0.1069,0.0810,0.3751,0.1140,0.8273,0.1876,0.3952,0.0953,0.6843
2026-08-05 21:29:50.070,8.133333,101,8,0.007059,-1.4954,163.73,0,0,0,62.6082,223.539,0.03639,0,0,0,0,0,0.006951,0.000146,0.000550,0.000079,0.000809,0.000074,0.000181,0.000067,0.000220,0.000118,0.000363,0.000051,0.000181,0.000063,0.000357,-163.73,-167.29,-162.61,-157.97,-9.37,-82.07,60.34,156.23,103.86,153.07,176.92,133.97,-68.73,155.31,50.78,218.4092,5.1858,4.5904,2.5333,2.7118,0.5730,0.1069,0.0810,0.3751,0.1140,0.8273,0.1876,0.3952,0.0953,0.6843
2026-08-05 21:29:50.070,8.150000,101,9,0.006981,-1.4781,163.37,0,0,0,62.6082,223.539,0.03639,0,0,0,0,0,0.006883,0.000117,0.000584,0.000128,0.000764,0.000027,0.000155,0.000071,0.000257,0.000101,0.000336,0.000031,0.000098,0.000039,0.000306,-163.37,148.71,-163.88,-160.77,-12.54,-48.74,77.73,-173.99,82.64,166.81,175.52,149.79,-45.17,162.11,53.43,218.4092,5.1858,4.5904,2.5333,2.7118,0.5730,0.1069,0.0810,0.3751,0.1140,0.8273,0.1876,0.3952,0.0953,0.6843
2026-08-05 21:29:50.070,8.166667,101,10,0.007027,-1.4860,163.22,0,0,0,62.6082,223.539,0.03639,0,0,0,0,0,0.006925,0.000137,0.000548,0.000103,0.000746,0.000029,0.000162,0.000039,0.000237,0.000154,0.000358,0.000049,0.000220,0.000025,0.000359,-163.22,179.19,-166.27,-173.50,-9.41,-167.04,72.63,154.12,87.35,151.89,170.96,-144.43,-84.16,-137.17,45.18,218.4092,5.1858,4.5904,2.5333,2.7118,0.5730,0.1069,0.0810,0.3751,0.1140,0.8273,0.1876,0.3952,0.0953,0.6843
2026-08-05 21:29:50.070,8.183333,101,11,0.007047,-1.4922,163.63,0,0,0,62.6082,223.539,0.03639,0,0,0,0,0,0.006940,0.000137,0.000607,0.000123,0.000798,0.000074,0.000201,0.000061,0.000250,0.000120,0.000323,0.000060,0.000164,0.000052,0.000306,-163.63,170.90,-163.45,-135.30,-13.94,-115.28,60.42,138.31,79.87,148.98,171.85,111.50,-91.69,-160.29,47.87,218.4092,5.1858,4.5904,2.5333,2.7118,0.5730,0.1069,0.0810,0.3751,0.1140,0.8273,0.1876,0.3952,0.0953,0.6843
2026-08-05 21:29:50.070,8.200000,101,12,0.007040,-1.4923,163.49,0,0,0,62.6082,223.539,0.03639,0,0,0,0,0,0.006948,0.000158,0.000484,0.000141,0.000741,0.000039,0.000162,0.000008,0.000276,0.000076,0.000323,0.000019,0.000147,0.000058,0.000319,-163.49,171.37,-167.64,-140.46,-16.84,-137.43,60.89,34.83,90.98,127.34,175.53,129.14,-96.06,173.44,53.65,218.4092,5.1858,4.5904,2.5333,2.7118,0.5730,0.1069,0.0810,0.3751,0.1140,0.8273,0.1876,0.3952,0.0953,0.6843
2026-08-05 21:29:50.070,8.216667,101,13,0.007006,-1.4782,163.03,0,0,0,62.6082,223.539,0.03639,0,0,0,0,0,0.006899,0.000135,0.000565,0.000108,0.000774,0.000048,0.000229,0.000065,0.000281,0.000080,0.000366,0.000011,0.000155,0.000054,0.000282,-163.03,-170.15,-163.09,-125.55,-12.10,-76.99,74.05,-177.55,90.13,145.78,-178.99,-168.22,-72.76,179.86,53.31,218.4092,5.1858,4.5904,2.5333,2.7118,0.5730,0.1069,0.0810,0.3751,0.1140,0.8273,0.1876,0.3952,0.0953,0.6843
2026-08-05 21:29:50.070,8.233333,101,14,0.007069,-1.4953,163.42,0,0,0,62.6082,223.539,0.03639,0,0,0,0,0,0.006964,0.000161,0.000508,0.000108,0.000797,0.000109,0.000214,0.000038,0.000288,0.000092,0.000351,0.000039,0.000184,0.000067,0.000355,-163.42,-158.65,-164.37,-119.28,-10.89,-130.12,70.34,143.10,92.23,152.00,-178.38,90.42,-83.05,119.41,57.28,218.4092,5.1858,4.5904,2.5333,2.7118,0.5730,0.1069,0.0810,0.3751,0.1140,0.8273,0.1876,0.3952,0.0953,0.6843
2026-08-05 21:29:50.070,8.250000,101,15,0.007073,-1.4967,163.43,0,0,0,62.6082,223.539,0.03639,0,0,0,0,0,0.006971,0.000137,0.000569,0.000101,0.000786,0.000087,0.000185,0.000053,0.000277,0.000078,0.000309,0.000031,0.000207,0.000084,0.000323,-163.43,-176.88,-163.80,-130.08,-16.31,-141.23,62.85,151.36,79.98,120.82,-176.61,-114.75,-80.97,143.82,60.59,218.4092,5.1858,4.5904,2.5333,2.7118,0.5730,0.1069,0.0810,0.3751,0.1140,0.8273,0.1876,0.3952,0.0953,0.6843
2026-08-05 21:29:50.070,8.266667,101,16,0.006999,-1.4840,163.76,0,0,0,62.6082,223.539,0.03639,0,0,0,0,0,0.006903,0.000121,0.000513,0.000125,0.000747,0.000059,0.000193,0.000028,0.000273,0.000077,0.000346,0.000034,0.000184,0.000053,0.000262,-163.76,-170.58,-169.72,-129.74,-11.78,-137.14,61.88,159.97,86.41,142.36,175.91,149.20,-78.99,57.60,48.81,218.4092,5.1858,4.5904,2.5333,2.7118,0.5730,0.1069,0.0810,0.3751,0.1140,0.8273,0.1876,0.3952,0.0953,0.6843
2026-08-05 21:29:50.070,8.283333,101,17,0.007049,-1.4908,163.32,0,0,0,62.6082,223.539,0.03639,0,0,0,0,0,0.006949,0.000111,0.000583,0.000112,0.000772,0.000037,0.000156,0.000052,0.000279,0.000117,0.000318,0.000049,0.000159,0.000079,0.000293,-163.32,162.52,-162.04,-136.57,-12.76,-110.46,61.23,169.59,87.01,153.10,175.57,141.60,-63.95,-172.08,55.50,218.4092,5.1858,4.5904,2.5333,2.7118,0.5730,0.1069,0.0810,0.3751,0.1140,0.8273,0.1876,0.3952,0.0953,0.6843
2026-08-05 21:29:50.070,8.300000,101,18,0.007062,-1.4949,163.66,0,0,0,62.6082,223.539,0.03639,0,0,0,0,0,0.006957,0.000123,0.000536,0.000169,0.000813,0.000077,0.000213,0.000071,0.000249,0.000084,0.000322,0.000031,0.000175,0.000043,0.000286,-163.66,-174.60,-163.19,-125.10,-13.33,-126.87,65.32,-179.17,89.97,138.93,-179.84,-114.19,-96.81,123.31,52.04,218.4092,5.1858,4.5904,2.5333,2.7118,0.5730,0.1069,0.0810,0.3751,0.1140,0.8273,0.1876,0.3952,0.0953,0.6843
2026-08-05 21:29:50.070,8.316667,101,19,0.007109,-1.5059,163.79,0,0,0,62.6082,223.539,0.03639,0,0,0,0,0,0.007003,0.000125,0.000540,0.000139,0.000838,0.000075,0.000176,0.000069,0.000238,0.000100,0.000382,0.000028,0.000141,0.000048,0.000325,-163.79,-138.15,-160.98,-136.27,-13.98,-129.81,69.82,105.51,77.20,148.34,170.55,79.39,-74.17,122.31,54.13,218.4092,5.1858,4.5904,2.5333,2.7118,0.5730,0.1069,0.0810,0.3751,0.1140,0.8273,0.1876,0.3952,0.0953,0.6843
2026-08-05 21:29:50.070,8.333333,101,20,0.007081,-1.4972,163.38,0,0,0,62.6082,223.539,0.03639,0,0,0,0,0,0.006976,0.000111,0.000570,0.000116,0.000798,0.000042,0.000204,0.000022,0.000301,0.000088,0.000366,0.000070,0.000152,0.000038,0.000317,-163.38,-164.98,-161.40,-123.64,-13.95,-124.32,71.85,-171.58,83.42,141.25,176.44,15.65,-70.26,60.70,55.53,218.4092,5.1858,4.5904,2.5333,2.7118,0.5730,0.1069,0.0810,0.3751,0.1140,0.8273,0.1876,0.3952,0.0953,0.6843
2026-08-05 21:29:50.070,8.350000,101,21,0.006891,-1.3370,162.65,0,0,0,62.6082,223.539,0.03639,0,0,0,0,0,0.006242,0.000778,0.000206,0.000707,0.001429,0.000686,0.000772,0.000635,0.000737,0.000655,0.000251,0.000600,0.000596,0.000640,0.000762,-162.65,178.81,-43.20,-170.80,-5.16,-172.31,21.63,-176.80,28.44,-176.67,37.52,-165.66,1.57,-166.23,28.03,218.4092,5.1858,4.5904,2.5333,2.7118,0.5730,0.1069,0.0810,0.3751,0.1140,0.8273,0.1876,0.3952,0.0953,0.6843
2026-08-05 21:29:50.070,8.366667,101,22,0.007086,-1.4973,163.14,0,0,0,62.6082,223.539,0.03639,0,0,0,0,0,0.006986,0.000113,0.000572,0.000124,0.000787,0.000016,0.000193,0.000039,0.000253,0.000125,0.000310,0.000020,0.000145,0.000056,0.000246,-163.14,-177.04,-158.41,-144.21,-17.31,-102.67,58.04,175.50,88.53,151.64,169.71,98.39,-84.12,168.42,49.93,218.4092,5.1858,4.5904,2.5333,2.7118,0.5730,0.1069,0.0810,0.3751,0.1140,0.8273,0.1876,0.3952,0.0953,0.6843
2026-08-05 21:29:50.070,8.383333,101,23,0.007035,-1.4877,163.21,0,0,0,62.6082,223.539,0.03639,0,0,0,0,0,0.006941,0.000140,0.000561,0.000090,0.000775,0.000037,0.000167,0.000066,0.000196,0.000173,0.000308,0.000023,0.000177,0.000053,0.000272,-163.21,-160.06,-167.22,-134.20,-14.74,-143.18,54.51,160.21,93.62,149.66,172.66,-169.61,-84.43,165.53,63.72,218.4092,5.1858,4.5904,2.5333,2.7118,0.5730,0.1069,0.0810,0.3751,0.1140,0.8273,0.1876,0.3952,0.0953,0.6843
2026-08-05 21:29:50.070,8.400000,101,24,0.007094,-1.5040,163.94,0,0,0,62.6082,223.539,0.03639,0,0,0,0,0,0.006991,0.000153,0.000524,0.000044,0.000777,0.000103,0.000185,0.000060,0.000272,0.000111,0.000314,0.000045,0.000210,0.000049,0.000334,-163.94,-147.18,-159.24,-130.75,-12.36,-108.84,66.65,176.87,88.95,144.11,174.46,161.06,-77.51,94.82,55.31,218.4092,5.1858,4.5904,2.5333,2.7118,0.5730,0.1069,0.0810,0.3751,0.1140,0.8273,0.1876,0.3952,0.0953,0.6843
2026-08-05 21:29:50.070,8.416667,101,25,0.007052,-1.4912,163.40,0,0,0,62.6082,223.539,0.03639,0,0,0,0,0,0.006950,0.000100,0.000502,0.000094,0.000789,0.000025,0.000184,0.000063,0.000243,0.000110,0.000357,0.000060,0.000188,0.000052,0.000311,-163.40,170.25,-164.41,-138.90,-12.96,-128.15,73.32,-142.95,90.12,144.62,-178.38,-166.32,-73.55,174.26,50.43,218.4092,5.1858,4.5904,2.5333,2.7118,0.5730,0.1069,0.0810,0.3751,0.1140,0.8273,0.1876,0.3952,0.0953,0.6843
2026-08-05 21:29:50.070,8.433333,101,26,0.007049,-1.4925,163.68,0,0,0,62.6082,223.539,0.03639,0,0,0,0,0,0.006943,0.000127,0.000527,0.000131,0.000826,0.000085,0.000197,0.000045,0.000251,0.000109,0.000402,0.000024,0.000175,0.000048,0.000264,-163.68,-166.32,-161.24,-124.00,-14.07,-109.97,66.31,82.44,82.46,169.37,169.30,176.96,-96.27,146.48,56.31,218.4092,5.1858,4.5904,2.5333,2.7118,0.5730,0.1069,0.0810,0.3751,0.1140,0.8273,0.1876,0.3952,0.0953,0.6843
2026-08-05 21:29:50.070,8.450000,101,27,0.006989,-1.4761,163.36,0,0,0,62.6082,223.539,0.03639,0,0,0,0,0,0.006880,0.000091,0.000572,0.000084,0.000810,0.000043,0.000156,0.000062,0.000230,0.000173,0.000327,0.000038,0.000185,0.000050,0.000345,-163.36,172.24,-165.40,-137.91,-12.90,137.46,72.03,166.56,112.27,162.19,178.50,-77.22,-68.59,-164.22,41.48,218.4092,5.1858,4.5904,2.5333,2.7118,0.5730,0.1069,0.0810,0.3751,0.1140,0.8273,0.1876,0.3952,0.0953,0.6843
2026-08-05 21:29:50.070,8.466667,101,28,0.007044,-1.4881,163.00,0,0,0,62.6082,223.539,0.03639,0,0,0,0,0,0.006946,0.000143,0.000494,0.000092,0.000761,0.000033,0.000162,0.000082,0.000257,0.000146,0.000358,0.000044,0.000191,0.000065,0.000330,-163.00,-167.84,-166.70,-126.51,-15.76,-161.84,77.05,-140.71,91.71,157.35,177.81,-91.96,-82.19,119.29,46.30,218.4092,5.1858,4.5904,2.5333,2.7118,0.5730,0.1069,0.0810,0.3751,0.1140,0.8273,0.1876,0.3952,0.0953,0.6843
2026-08-05 21:29:50.070,8.483333,101,29,0.007034,-1.4913,163.74,0,0,0,62.6082,223.539,0.03639,0,0,0,0,0,0.006935,0.000133,0.000528,0.000146,0.000800,0.000051,0.000172,0.000070,0.000213,0.000061,0.000362,0.000049,0.000148,0.000082,0.000298,-163.74,-162.71,-164.02,-121.79,-14.90,-129.49,57.68,161.49,88.17,162.37,174.75,-167.10,-86.18,130.64,47.09,218.4092,5.1858,4.5904,2.5333,2.7118,0.5730,0.1069,0.0810,0.3751,0.1140,0.8273,0.1876,0.3952,0.0953,0.6843
2026-08-05 21:29:50.316,8.500000,102,0,0.007111,-1.5014,162.99,0,0,0,62.5080,223.286,0.04733,0,0,0,0,0,0.007010,0.000148,0.000533,0.000111,0.000792,0.000088,0.000217,0.000020,0.000239,0.000069,0.000384,0.000036,0.000198,0.000078,0.000270,-162.99,-178.81,-160.56,-132.65,-14.96,-137.26,61.12,173.39,74.12,147.21,171.39,24.42,-93.77,163.14,50.61,222.8849,5.1309,5.2545,3.5467,5.4321,1.6087,1.1261,0.2842,1.8877,0.2980,2.0401,0.2903,0.9010,0.2317,1.7381
2026-08-05 21:29:50.316,8.516667,102,1,0.007006,-1.4781,162.93,0,0,0,62.5080,223.286,0.04733,0,0,0,0,0,0.006903,0.000117,0.000528,0.000114,0.000812,0.000067,0.000150,0.000043,0.000239,0.000054,0.000349,0.000049,0.000137,0.000058,0.000323,-162.93,-156.58,-166.51,-152.86,-12.77,-160.72,87.30,-151.85,102.62,163.13,177.84,-13.25,-84.58,161.69,58.17,222.8849,5.1309,5.2545,3.5467,5.4321,1.6087,1.1261,0.2842,1.8877,0.2980,2.0401,0.2903,0.9010,0.2317,1.7381
2026-08-05 21:29:50.316,8.533333,102,2,0.007042,-1.4859,162.72,0,0,0,62.5080,223.286,0.04733,0,0,0,0,0,0.006948,0.000173,0.000484,0.000117,0.000757,0.000035,0.000145,0.000042,0.000311,0.000072,0.000321,0.000041,0.000159,0.000078,0.000309,-162.72,-162.30,-165.66,-121.31,-15.71,176.71,72.88,-84.09,94.35,129.34,176.73,114.91,-84.27,157.33,54.75,222.8849,5.1309,5.2545,3.5467,5.4321,1.6087,1.1261,0.2842,1.8877,0.2980,2.0401,0.2903,0.9010,0.2317,1.7381
2026-08-05 21:29:50.316,8.550000,102,3,0.006968,-1.4740,163.75,0,0,0,62.5080,223.286,0.04733,0,0,0,0,0,0.006852,0.000092,0.000577,0.000064,0.000779,0.000074,0.000203,0.000088,0.000307,0.000089,0.000412,0.000043,0.000236,0.000126,0.000319,-163.75,170.18,-171.04,-101.64,-21.24,173.30,56.31,175.30,86.79,178.45,-171.38,89.34,-62.62,167.33,54.57,222.8849,5.1309,5.2545,3.5467,5.4321,1.6087,1.1261,0.2842,1.8877,0.2980,2.0401,0.2903,0.9010,0.2317,1.7381
2026-08-05 21:29:50.316,8.566667,102,4,0.007026,-1.4877,163.53,0,0,0,62.5080,223.286,0.04733,0,0,0,0,0,0.006932,0.000103,0.000510,0.000093,0.000804,0.000063,0.000144,0.000067,0.000211,0.000158,0.000347,0.000035,0.000149,0.000052,0.000239,-163.53,-163.32,-165.02,-148.51,-12.91,-123.54,63.54,143.58,87.54,165.59,-179.53,-118.95,-84.37,131.65,62.33,222.8849,5.1309,5.2545,3.5467,5.4321,1.6087,1.1261,0.2842,1.8877,0.2980,2.0401,0.2903,0.9010,0.2317,1.7381
2026-08-05 21:29:50.316,8.583333,102,5,0.007058,-1.4961,163.58,0,0,0,62.5080,223.286,0.04733,0,0,0,0,0,0.006964,0.000101,0.000507,0.000115,0.000752,0.000048,0.000146,0.000031,0.000268,0.000128,0.000336,0.000056,0.000168,0.000024,0.000306,-163.58,-146.17,-168.44,-135.21,-14.58,-156.00,63.31,75.91,73.46,153.91,-178.19,-152.25,-73.31,-179.90,52.48,222.8849,5.1309,5.2545,3.5467,5.4321,1.6087,1.1261,0.2842,1.8877,0.2980,2.0401,0.2903,0.9010,0.2317,1.7381
2026-08-05 21:29:50.316,8.600000,102,6,0.006999,-1.4854,163.76,0,0,0,62.5080,223.286,0.04733,0,0,0,0,0,0.006910,0.000128,0.000480,0.000071,0.000756,0.000085,0.000153,0.000071,0.000238,0.000093,0.000362,0.000028,0.000168,0.000050,0.000292,-163.76,-159.40,-164.64,-94.61,-16.21,-109.38,58.82,169.33,91.33,168.92,170.37,-168.11,-101.23,91.63,56.78,222.8849,5.1309,5.2545,3.5467,5.4321,1.6087,1.1261,0.2842,1.8877,0.2980,2.0401,0.2903,0.9010,0.2317,1.7381
2026-08-05 21:29:50.316,8.616667,102,7,0.007025,-1.4881,163.58,0,0,0,62.5080,223.286,0.04733,0,0,0,0,0,0.006928,0.000138,0.000515,0.000080,0.000770,0.000068,0.000196,0.000041,0.000249,0.000113,0.000339,0.000053,0.000137,0.000082,0.000317,-163.58,-159.07,-168.66,-96.77,-19.08,-116.05,56.73,156.60,92.62,149.99,177.49,-122.93,-67.68,132.40,59.55,222.8849,5.1309,5.2545,3.5467,5.4321,1.6087,1.1261,0.2842,1.8877,0.2980,2.0401,0.2903,0.9010,0.2317,1.7381
2026-08-05 21:29:50.316,8.633333,102,8,0.007019,-1.4919,164.13,0,0,0,62.5080,223.286,0.04733,0,0,0,0,0,0.006924,0.000104,0.000535,0.000132,0.000771,0.000045,0.000206,0.000084,0.000217,0.000096,0.000324,0.000017,0.000163,0.000124,0.000246,-164.13,-179.03,-166.54,-128.54,-15.41,-133.17,63.65,-171.71,92.17,157.46,-176.01,122.75,-73.30,124.93,58.96,222.8849,5.1309,5.2545,3.5467,5.4321,1.6087,1.1261,0.2842,1.8877,0.2980,2.0401,0.2903,0.9010,0.2317,1.7381
2026-08-05 21:29:50.316,8.650000,102,9,0.007037,-1.4899,163.55,0,0,0,62.5080,223.286,0.04733,0,0,0,0,0,0.006938,0.000142,0.000508,0.000061,0.000747,0.000089,0.000229,0.000057,0.000234,0.000124,0.000354,0.000041,0.000227,0.000043,0.000298,-163.55,-171.13,-165.52,-130.03,-13.49,-143.07,58.49,156.04,98.82,153.13,175.41,-133.70,-89.26,92.23,51.72,222.8849,5.1309,5.2545,3.5467,5.4321,1.6087,1.1261,0.2842,1.8877,0.2980,2.0401,0.2903,0.9010,0.2317,1.7381
2026-08-05 21:29:50.316,8.666667,102,10,0.007053,-1.4903,163.09,0,0,0,62.5080,223.286,0.04733,0,0,0,0,0,0.006956,0.000100,0.000513,0.000118,0.000745,0.000058,0.000246,0.000115,0.000233,0.000095,0.000248,0.000058,0.000112,0.000084,0.000334,-163.09,-134.91,-165.81,-176.05,-21.18,-59.99,58.37,150.83,106.50,-146.63,172.29,104.91,-111.45,165.91,42.56,222.8849,5.1309,5.2545,3.5467,5.4321,1.6087,1.1261,0.2842,1.8877,0.2980,2.0401,0.2903,0.9010,0.2317,1.7381
2026-08-05 21:29:50.316,8.683333,102,11,0.007052,-1.4900,163.26,0,0,0,62.5080,223.286,0.04733,0,0,0,0,0,0.006948,0.000121,0.000543,0.000086,0.000806,0.000020,0.000149,0.000068,0.000286,0.000096,0.000373,0.000019,0.000159,0.000091,0.000282,-163.26,-168.42,-161.43,-148.29,-14.57,105.72,65.92,-168.97,94.85,153.55,175.08,150.04,-70.86,-160.47,53.22,222.8849,5.1309,5.2545,3.5467,5.4321,1.6087,1.1261,0.2842,1.8877,0.2980,2.0401,0.2903,0.9010,0.2317,1.7381
2026-08-05 21:29:50.316,8.700000,102,12,0.007011,-1.4871,163.54,0,0,0,62.5080,223.286,0.04733,0,0,0,0,0,0.006922,0.000143,0.000481,0.000163,0.000752,0.000049,0.000176,0.000044,0.000211,0.000131,0.000346,0.000054,0.000150,0.000064,0.000240,-163.54,-154.08,-167.63,-101.01,-11.71,-141.25,70.63,175.73,76.82,161.62,171.40,162.80,-104.01,99.82,45.54,222.8849,5.1309,5.2545,3.5467,5.4321,1.6087,1.1261,0.2842,1.8877,0.2980,2.0401,0.2903,0.9010,0.2317,1.7381
2026-08-05 21:29:50.316,8.716667,102,13,0.007011,-1.4850,163.77,0,0,0,62.5080,223.286,0.04733,0,0,0,0,0,0.006915,0.000104,0.000521,0.000075,0.000753,0.000017,0.000178,0.000107,0.000182,0.000173,0.000376,0.000006,0.000136,0.000081,0.000315,-163.77,-159.20,-168.61,-94.18,-14.25,-118.77,69.97,160.02,86.40,164.27,179.35,129.47,-87.20,120.38,45.30,222.8849,5.1309,5.2545,3.5467,5.4321,1.6087,1.1261,0.2842,1.8877,0.2980,2.0401,0.2903,0.9010,0.2317,1.7381
2026-08-05 21:29:50.316,8.733333,102,14,0.006999,-1.4757,163.01,0,0,0,62.5080,223.286,0.04733,0,0,0,0,0,0.006897,0.000124,0.000555,0.000066,0.000809,0.000085,0.000202,0.000110,0.000181,0.000113,0.000332,0.000038,0.000164,0.000052,0.000333,-163.01,175.03,-168.06,-115.95,-15.30,-154.51,68.22,-170.95,108.17,179.10,179.12,-57.14,-85.76,128.82,60.60,222.8849,5.1309,5.2545,3.5467,5.4321,1.6087,1.1261,0.2842,1.8877,0.2980,2.0401,0.2903,0.9010,0.2317,1.7381
2026-08-05 21:29:50.316,8.750000,102,15,0.007018,-1.4894,164.29,0,0,0,62.5080,223.286,0.04733,0,0,0,0,0,0.006915,0.000086,0.000549,0.000113,0.000790,0.000056,0.000185,0.000055,0.000229,0.000113,0.000351,0.000022,0.000176,0.000072,0.000307,-164.29,-148.52,-168.16,-149.14,-14.73,-137.24,53.98,172.77,98.60,151.57,173.50,101.23,-72.66,142.54,59.96,222.8849,5.1309,5.2545,3.5467,5.4321,1.6087,1.1261,0.2842,1.8877,0.2980,2.0401,0.2903,0.9010,0.2317,1.7381
2026-08-05 21:29:50.316,8.766667,102,16,0.007051,-1.4968,164.12,0,0,0,62.5080,223.286,0.04733,0,0,0,0,0,0.006955,0.000143,0.000537,0.000140,0.000788,0.000045,0.000192,0.000060,0.000253,0.000109,0.000333,0.000011,0.000144,0.000060,0.000245,-164.12,-170.66,-166.39,-130.00,-13.65,-147.43,58.34,140.29,86.68,138.51,172.84,97.92,-83.75,136.92,48.58,222.8849,5.1309,5.2545,3.5467,5.4321,1.6087,1.1261,0.2842,1.8877,0.2980,2.0401,0.2903,0.9010,0.2317,1.7381
2026-08-05 21:29:50.316,8.783333,102,17,0.006962,-1.4749,163.72,0,0,0,62.5080,223.286,0.04733,0,0,0,0,0,0.006869,0.000121,0.000535,0.000128,0.000738,0.000060,0.000163,0.000096,0.000215,0.000121,0.000337,0.000061,0.000159,0.000029,0.000270,-163.72,-157.22,-164.30,-128.65,-16.18,-140.43,64.16,140.30,78.31,-165.76,175.88,-59.10,-80.73,139.19,60.28,222.8849,5.1309,5.2545,3.5467,5.4321,1.6087,1.1261,0.2842,1.8877,0.2980,2.0401,0.2903,0.9010,0.2317,1.7381
2026-08-05 21:29:50.316,8.800000,102,18,0.007027,-1.4864,163.50,0,0,0,62.5080,223.286,0.04733,0,0,0,0,0,0.006929,0.000124,0.000568,0.000130,0.000771,0.000046,0.000190,0.000044,0.000196,0.000136,0.000280,0.000041,0.000180,0.000095,0.000274,-163.50,-152.34,-165.35,-101.74,-16.67,-145.81,60.70,-158.76,93.90,166.12,-178.81,134.46,-82.11,148.20,55.33,222.8849,5.1309,5.2545,3.5467,5.4321,1.6087,1.1261,0.2842,1.8877,0.2980,2.0401,0.2903,0.9010,0.2317,1.7381
2026-08-05 21:29:50.316,8.816667,102,19,0.007017,-1.4839,163.51,0,0,0,62.5080,223.286,0.04733,0,0,0,0,0,0.006915,0.000091,0.000568,0.000116,0.000789,0.000014,0.000180,0.000043,0.000269,0.000079,0.000370,0.000029,0.000177,0.000076,0.000272,-163.51,-163.01,-163.30,-129.57,-16.97,-107.63,61.96,-156.51,81.59,-174.54,166.08,147.00,-77.31,164.24,50.59,222.8849,5.1309,5.2545,3.5467,5.4321,1.6087,1.1261,0.2842,1.8877,0.2980,2.0401,0.2903,0.9010,0.2317,1.7381
2026-08-05 21:29:50.316,8.833333,102,20,0.006975,-1.4753,163.61,0,0,0,62.5080,223.286,0.04733,0,0,0,0,0,0.006875,0.000073,0.000525,0.000103,0.000782,0.000091,0.000220,0.000065,0.000245,0.000105,0.000339,0.000017,0.000183,0.000065,0.000279,-163.61,-163.05,-164.40,-127.73,-16.26,-120.76,75.02,-168.76,94.35,137.21,177.43,-74.56,-83.60,149.80,60.12,222.8849,5.1309,5.2545,3.5467,5.4321,1.6087,1.1261,0.2842,1.8877,0.2980,2.0401,0.2903,0.9010,0.2317,1.7381
2026-08-05 21:29:50.316,8.850000,102,21,0.006933,-1.4081,162.64,0,0,0,62.5080,223.286,0.04733,0,0,0,0,0,0.006589,0.000503,0.000194,0.000399,0.001028,0.000359,0.000478,0.000393,0.000464,0.000455,0.000108,0.000412,0.000407,0.000385,0.000683,-162.64,-169.13,-154.68,-166.33,-7.64,-177.75,28.67,-179.80,45.14,-179.50,68.85,-159.45,-5.34,-163.44,31.73,222.8849,5.1309,5.2545,3.5467,5.4321,1.6087,1.1261,0.2842,1.8877,0.2980,2.0401,0.2903,0.9010,0.2317,1.7381
2026-08-05 21:29:50.316,8.866667,102,22,0.006988,-1.4826,163.86,0,0,0,62.5080,223.286,0.04733,0,0,0,0,0,0.006898,0.000146,0.000488,0.000091,0.000730,0.000076,0.000193,0.000058,0.000219,0.000121,0.000326,0.000011,0.000221,0.000108,0.000265,-163.86,-167.20,-168.28,-114.82,-14.90,-130.57,56.48,-151.25,106.88,164.68,-178.53,71.45,-83.83,127.70,48.49,222.8849,5.1309,5.2545,3.5467,5.4321,1.6087,1.1261,0.2842,1.8877,0.2980,2.0401,0.2903,0.9010,0.2317,1.7381
2026-08-05 21:29:50.316,8.883333,102,23,0.007020,-1.4893,164.00,0,0,0,62.5080,223.286,0.04733,0,0,0,0,0,0.006924,0.000105,0.000532,0.000099,0.000757,0.000047,0.000187,0.000055,0.000279,0.000074,0.000361,0.000018,0.000127,0.000081,0.000259,-164.00,-150.63,-159.45,-127.20,-15.08,-142.91,62.72,145.05,87.78,155.93,176.04,-122.62,-78.55,99.94,50.46,222.8849,5.1309,5.2545,3.5467,5.4321,1.6087,1.1261,0.2842,1.8877,0.2980,2.0401,0.2903,0.9010,0.2317,1.7381
2026-08-05 21:29:50.316,8.900000,102,24,0.007003,-1.4847,163.91,0,0,0,62.5080,223.286,0.04733,0,0,0,0,0,0.006906,0.000112,0.000512,0.000110,0.000785,0.000051,0.000164,0.000101,0.000257,0.000114,0.000315,0.000091,0.000176,0.000058,0.000275,-163.91,-176.06,-168.88,-126.02,-16.82,174.62,72.08,137.79,91.44,170.11,178.26,-92.07,-88.88,137.53,51.98,222.8849,5.1309,5.2545,3.5467,5.4321,1.6087,1.1261,0.2842,1.8877,0.2980,2.0401,0.2903,0.9010,0.2317,1.7381
2026-08-05 21:29:50.316,8.916667,102,25,0.007032,-1.4900,163.72,0,0,0,62.5080,223.286,0.04733,0,0,0,0,0,0.006938,0.000123,0.000493,0.000067,0.000760,0.000083,0.000205,0.000105,0.000220,0.000139,0.000328,0.000039,0.000171,0.000065,0.000335,-163.72,176.83,-160.29,-119.72,-17.24,-131.54,58.14,176.55,96.90,-170.86,-178.36,173.45,-78.52,99.05,58.78,222.8849,5.1309,5.2545,3.5467,5.4321,1.6087,1.1261,0.2842,1.8877,0.2980,2.0401,0.2903,0.9010,0.2317,1.7381
2026-08-05 21:29:50.316,8.933333,102,26,0.006999,-1.4822,163.67,0,0,0,62.5080,223.286,0.04733,0,0,0,0,0,0.006901,0.000167,0.000498,0.000181,0.000796,0.000043,0.000189,0.000054,0.000235,0.000070,0.000336,0.000030,0.000168,0.000094,0.000253,-163.67,-162.67,-167.76,-116.13,-17.60,-118.50,57.55,123.01,106.55,155.54,175.15,-143.37,-83.68,142.42,62.53,222.8849,5.1309,5.2545,3.5467,5.4321,1.6087,1.1261,0.2842,1.8877,0.2980,2.0401,0.2903,0.9010,0.2317,1.7381
2026-08-05 21:29:50.316,8.950000,102,27,0.006993,-1.4302,163.17,0,0,0,62.5080,223.286,0.04733,0,0,0,0,0,0.006679,0.000405,0.000161,0.000416,0.001015,0.000352,0.000452,0.000358,0.000529,0.000326,0.000431,0.000338,0.000176,0.000273,0.000541,-163.17,-166.53,-161.63,-141.60,0.06,-140.21,53.03,-136.83,73.64,-132.67,127.56,-103.68,87.76,-82.15,82.83,222.8849,5.1309,5.2545,3.5467,5.4321,1.6087,1.1261,0.2842,1.8877,0.2980,2.0401,0.2903,0.9010,0.2317,1.7381
2026-08-05 21:29:50.316,8.966667,102,28,0.007064,-1.4958,163.90,0,0,0,62.5080,223.286,0.04733,0,0,0,0,0,0.006961,0.000051,0.000507,0.000119,0.000806,0.000084,0.000171,0.000052,0.000289,0.000120,0.000346,0.000014,0.000161,0.000084,0.000322,-163.90,-179.67,-162.39,-117.11,-15.80,-142.90,82.58,135.79,82.05,-172.67,-177.42,-85.04,-68.54,125.09,54.05,222.8849,5.1309,5.2545,3.5467,5.4321,1.6087,1.1261,0.2842,1.8877,0.2980,2.0401,0.2903,0.9010,0.2317,1.7381
2026-08-05 21:29:50.316,8.983333,102,29,0.007004,-1.4834,163.53,0,0,0,62.5080,223.286,0.04733,0,0,0,0,0,0.006909,0.000128,0.000557,0.000042,0.000746,0.000055,0.000179,0.000066,0.000217,0.000074,0.000347,0.000016,0.000132,0.000053,0.000353,-163.53,-177.23,-159.82,-72.72,-17.59,-150.94,57.86,-174.49,85.33,138.05,176.34,-99.68,-88.19,65.92,54.26,222.8849,5.1309,5.2545,3.5467,5.4321,1.6087,1.1261,0.2842,1.8877,0.2980,2.0401,0.2903,0.9010,0.2317,1.7381
2026-08-05 21:29:50.581,9.000000,103,0,0.007080,-1.5015,164.02,0,0,0,62.4880,223.455,0.04894,0,0,0,0,0,0.006982,0.000096,0.000486,0.000123,0.000784,0.000089,0.000168,0.000085,0.000215,0.000106,0.000358,0.000006,0.000161,0.000053,0.000306,-164.02,-168.35,-163.78,-113.15,-13.92,-89.12,70.06,155.44,81.38,151.28,175.38,75.87,-62.43,90.77,56.51,223.3368,5.0807,5.3133,3.6039,5.6022,1.6752,1.1201,0.3331,2.1383,0.3275,2.3340,0.3854,0.8958,0.2748,2.4885
2026-08-05 21:29:50.581,9.016667,103,1,0.007067,-1.4969,163.68,0,0,0,62.4880,223.455,0.04894,0,0,0,0,0,0.006974,0.000112,0.000512,0.000063,0.000770,0.000031,0.000187,0.000102,0.000270,0.000102,0.000319,0.000029,0.000169,0.000082,0.000275,-163.68,-140.76,-163.67,-81.35,-15.24,-142.78,63.05,167.90,79.75,147.52,176.46,-140.49,-72.43,138.17,51.87,223.3368,5.0807,5.3133,3.6039,5.6022,1.6752,1.1201,0.3331,2.1383,0.3275,2.3340,0.3854,0.8958,0.2748,2.4885
2026-08-05 21:29:50.581,9.033333,103,2,0.007006,-1.4850,163.77,0,0,0,62.4880,223.455,0.04894,0,0,0,0,0,0.006911,0.000097,0.000502,0.000095,0.000764,0.000085,0.000153,0.000067,0.000259,0.000092,0.000384,0.000043,0.000154,0.000106,0.000287,-163.77,176.42,-170.76,-100.90,-12.86,-139.54,57.74,156.61,91.24,157.09,-179.26,37.02,-84.64,100.29,41.12,223.3368,5.0807,5.3133,3.6039,5.6022,1.6752,1.1201,0.3331,2.1383,0.3275,2.3340,0.3854,0.8958,0.2748,2.4885
2026-08-05 21:29:50.581,9.050000,103,3,0.007000,-1.4807,163.35,0,0,0,62.4880,223.455,0.04894,0,0,0,0,0,0.006908,0.000140,0.000458,0.000120,0.000734,0.000037,0.000138,0.000068,0.000224,0.000142,0.000318,0.000032,0.000180,0.000066,0.000335,-163.35,-153.34,-170.75,-109.29,-13.55,165.29,88.77,146.23,87.44,156.23,-173.03,4.53,-73.83,121.39,60.68,223.3368,5.0807,5.3133,3.6039,5.6022,1.6752,1.1201,0.3331,2.1383,0.3275,2.3340,0.3854,0.8958,0.2748,2.4885
2026-08-05 21:29:50.581,9.066667,103,4,0.007005,-1.4822,163.63,0,0,0,62.4880,223.455,0.04894,0,0,0,0,0,0.006906,0.000107,0.000517,0.000084,0.000766,0.000057,0.000160,0.000017,0.000232,0.000073,0.000353,0.000043,0.000147,0.000050,0.000316,-163.63,-155.06,-168.17,-121.61,-13.44,-150.14,74.55,-167.50,87.67,157.59,-179.22,52.16,-96.03,89.42,44.19,223.3368,5.0807,5.3133,3.6039,5.6022,1.6752,1.1201,0.3331,2.1383,0.3275,2.3340,0.3854,0.8958,0.2748,2.4885
2026-08-05 21:29:50.581,9.083333,103,5,0.007034,-1.4921,163.81,0,0,0,62.4880,223.455,0.04894,0,0,0,0,0,0.006943,0.000120,0.000507,0.000049,0.000739,0.000049,0.000154,0.000107,0.000224,0.000094,0.000338,0.000064,0.000134,0.000040,0.000333,-163.81,155.66,-166.99,-133.63,-16.56,-163.95,53.81,161.27,92.02,160.17,176.72,134.38,-75.72,163.38,47.98,223.3368,5.0807,5.3133,3.6039,5.6022,1.6752,1.1201,0.3331,2.1383,0.3275,2.3340,0.3854,0.8958,0.2748,2.4885
2026-08-05 21:29:50.581,9.100000,103,6,0.007256,-1.5176,164.78,0,0,0,62.4880,223.455,0.04894,0,0,0,0,0,0.007012,0.000367,0.000801,0.000257,0.000636,0.000236,0.000267,0.000304,0.000272,0.000372,0.000591,0.000235,0.000259,0.000258,0.000207,-164.78,158.31,-169.12,-158.68,-23.73,175.58,135.32,-176.79,132.98,-176.31,-175.95,-157.68,-119.79,175.66,82.47,223.3368,5.0807,5.3133,3.6039,5.6022,1.6752,1.1201,0.3331,2.1383,0.3275,2.3340,0.3854,0.8958,0.2748,2.4885
2026-08-05 21:29:50.581,9.116667,103,7,0.009066,-1.6909,165.81,0,0,0,62.4880,223.455,0.04894,0,0,0,0,0,0.007787,0.001221,0.000965,0.001526,0.000871,0.001076,0.000390,0.000865,0.000907,0.000742,0.000905,0.001329,0.001140,0.000411,0.001190,-165.81,109.75,123.74,91.25,-12.03,-56.50,-7.20,109.19,-176.58,173.38,155.50,34.92,111.77,-165.86,42.61,223.3368,5.0807,5.3133,3.6039,5.6022,1.6752,1.1201,0.3331,2.1383,0.3275,2.3340,0.3854,0.8958,0.2748,2.4885
2026-08-05 21:29:50.581,9.133333,103,8,0.007711,-1.5383,165.07,0,0,0,62.4880,223.455,0.04894,0,0,0,0,0,0.007144,0.000826,0.000211,0.000703,0.000297,0.000175,0.001121,0.000184,0.000951,0.000708,0.000254,0.000878,0.000231,0.000969,0.000176,-165.07,1.25,-31.07,-170.93,-127.04,7.28,13.74,4.18,173.69,-179.64,30.34,7.89,-125.13,-173.43,107.99,223.3368,5.0807,5.3133,3.6039,5.6022,1.6752,1.1201,0.3331,2.1383,0.3275,2.3340,0.3854,0.8958,0.2748,2.4885
2026-08-05 21:29:50.581,9.150000,103,9,0.007881,-1.4951,-179.54,0,0,0,62.4880,223.455,0.04894,0,0,0,0,0,0.006755,0.001752,0.001856,0.001571,0.001105,0.000908,0.000564,0.000575,0.000575,0.000411,0.000890,0.000639,0.000690,0.000687,0.000444,179.54,8.83,-96.07,-164.26,65.92,9.13,-74.84,165.76,65.89,-75.95,-173.83,106.44,6.53,-70.74,-173.99,223.3368,5.0807,5.3133,3.6039,5.6022,1.6752,1.1201,0.3331,2.1383,0.3275,2.3340,0.3854,0.8958,0.2748,2.4885
2026-08-05 21:29:50.581,9.166667,103,10,0.007019,-1.4777,162.76,0,0,0,62.4880,223.455,0.04894,0,0,0,0,0,0.006915,0.000149,0.000523,0.000101,0.000784,0.000074,0.000163,0.000101,0.000275,0.000140,0.000332,0.000105,0.000141,0.000087,0.000326,-162.76,-167.59,-164.85,-126.06,-13.66,-65.57,74.86,167.54,95.99,152.21,-179.39,-45.88,-89.36,120.71,62.55,223.3368,5.0807,5.3133,3.6039,5.6022,1.6752,1.1201,0.3331,2.1383,0.3275,2.3340,0.3854,0.8958,0.2748,2.4885
2026-08-05 21:29:50.581,9.183333,103,11,0.007016,-1.4862,163.75,0,0,0,62.4880,223.455,0.04894,0,0,0,0,0,0.006921,0.000076,0.000524,0.000113,0.000779,0.000002,0.000131,0.000112,0.000253,0.000093,0.000305,0.000031,0.000138,0.000066,0.000251,-163.75,-141.64,-157.38,-120.23,-11.68,81.90,83.88,167.41,87.42,166.62,-175.42,170.29,-62.44,151.53,55.36,223.3368,5.0807,5.3133,3.6039,5.6022,1.6752,1.1201,0.3331,2.1383,0.3275,2.3340,0.3854,0.8958,0.2748,2.4885
2026-08-05 21:29:50.581,9.200000,103,12,0.007055,-1.4962,163.70,0,0,0,62.4880,223.455,0.04894,0,0,0,0,0,0.006960,0.000157,0.000534,0.000090,0.000771,0.000062,0.000192,0.000084,0.000230,0.000105,0.000302,0.000053,0.000177,0.000032,0.000317,-163.70,-163.90,-160.52,-136.40,-14.67,-161.87,62.12,-176.64,88.30,170.16,172.62,45.41,-81.15,99.51,69.16,223.3368,5.0807,5.3133,3.6039,5.6022,1.6752,1.1201,0.3331,2.1383,0.3275,2.3340,0.3854,0.8958,0.2748,2.4885
2026-08-05 21:29:50.581,9.216667,103,13,0.007068,-1.5026,163.85,0,0,0,62.4880,223.455,0.04894,0,0,0,0,0,0.006982,0.000118,0.000499,0.000087,0.000738,0.000060,0.000170,0.000093,0.000174,0.000127,0.000231,0.000030,0.000155,0.000080,0.000308,-163.85,-153.91,-164.62,-128.82,-18.42,-173.54,57.91,162.34,91.02,147.03,173.26,-124.87,-66.10,98.80,57.52,223.3368,5.0807,5.3133,3.6039,5.6022,1.6752,1.1201,0.3331,2.1383,0.3275,2.3340,0.3854,0.8958,0.2748,2.4885
2026-08-05 21:29:50.581,9.233333,103,14,0.006941,-1.3830,161.24,0,0,0,62.4880,223.455,0.04894,0,0,0,0,0,0.006508,0.000569,0.000346,0.000485,0.001198,0.000532,0.000418,0.000511,0.000264,0.000496,0.000628,0.000471,0.000604,0.000513,0.000136,-161.24,163.81,-96.22,147.94,-28.99,134.62,-50.61,111.98,-77.91,101.37,-130.52,68.25,-110.10,57.41,-167.09,223.3368,5.0807,5.3133,3.6039,5.6022,1.6752,1.1201,0.3331,2.1383,0.3275,2.3340,0.3854,0.8958,0.2748,2.4885
2026-08-05 21:29:50.581,9.250000,103,15,0.006989,-1.4802,163.40,0,0,0,62.4880,223.455,0.04894,0,0,0,0,0,0.006890,0.000131,0.000533,0.000138,0.000797,0.000075,0.000146,0.000072,0.000236,0.000077,0.000320,0.000057,0.000139,0.000081,0.000324,-163.40,-167.36,-170.84,-125.08,-15.01,-150.12,68.36,-179.66,98.44,149.13,-178.95,7.24,-76.97,154.98,72.41,223.3368,5.0807,5.3133,3.6039,5.6022,1.6752,1.1201,0.3331,2.1383,0.3275,2.3340,0.3854,0.8958,0.2748,2.4885
2026-08-05 21:29:50.581,9.266667,103,16,0.007013,-1.4886,163.76,0,0,0,62.4880,223.455,0.04894,0,0,0,0,0,0.006917,0.000145,0.000510,0.000084,0.000750,0.000063,0.000218,0.000112,0.000208,0.000104,0.000356,0.000037,0.000169,0.000085,0.000326,-163.76,-160.92,-165.93,-126.40,-15.60,-166.47,65.93,158.11,94.62,156.99,176.72,-119.20,-77.76,138.39,56.22,223.3368,5.0807,5.3133,3.6039,5.6022,1.6752,1.1201,0.3331,2.1383,0.3275,2.3340,0.3854,0.8958,0.2748,2.4885
2026-08-05 21:29:50.581,9.283333,103,17,0.007049,-1.4969,163.91,0,0,0,62.4880,223.455,0.04894,0,0,0,0,0,0.006952,0.000092,0.000463,0.000122,0.000760,0.000080,0.000193,0.000065,0.000252,0.000105,0.000397,0.000051,0.000130,0.000026,0.000306,-163.91,-174.03,-161.88,-125.15,-14.10,-116.34,71.40,124.96,80.76,166.86,179.99,157.72,-90.81,117.46,52.40,223.3368,5.0807,5.3133,3.6039,5.6022,1.6752,1.1201,0.3331,2.1383,0.3275,2.3340,0.3854,0.8958,0.2748,2.4885
2026-08-05 21:29:50.581,9.300000,103,18,0.007025,-1.3015,158.00,0,0,0,62.4880,223.455,0.04894,0,0,0,0,0,0.006261,0.000640,0.000610,0.000382,0.001252,0.000910,0.001007,0.000890,0.000384,0.000209,0.000320,0.000702,0.000839,0.000992,0.000709,-158.00,133.54,-143.64,-114.39,9.52,-156.50,1.31,148.21,-27.96,132.22,123.02,-144.21,4.24,164.47,-21.72,223.3368,5.0807,5.3133,3.6039,5.6022,1.6752,1.1201,0.3331,2.1383,0.3275,2.3340,0.3854,0.8958,0.2748,2.4885
2026-08-05 21:29:50.581,9.316667,103,19,0.007777,-1.6024,164.22,0,0,0,62.4880,223.455,0.04894,0,0,0,0,0,0.007400,0.000554,0.000969,0.000535,0.000485,0.000482,0.000363,0.000489,0.000392,0.000482,0.000683,0.000476,0.000500,0.000434,0.000159,-164.22,-168.47,-166.29,-152.03,-47.34,-153.18,-168.07,-151.24,-167.98,-151.72,-156.04,-137.70,-115.26,-136.10,-113.19,223.3368,5.0807,5.3133,3.6039,5.6022,1.6752,1.1201,0.3331,2.1383,0.3275,2.3340,0.3854,0.8958,0.2748,2.4885
2026-08-05 21:29:50.581,9.333333,103,20,0.007337,-1.5372,167.68,0,0,0,62.4880,223.455,0.04894,0,0,0,0,0,0.007042,0.000413,0.000396,0.000564,0.000339,0.000501,0.000597,0.000363,0.000217,0.000572,0.000763,0.000397,0.000441,0.000368,0.000239,-167.68,51.77,-105.18,-103.94,-42.40,129.19,55.35,-19.10,-84.08,-168.19,147.70,66.37,-22.94,-89.03,-178.75,223.3368,5.0807,5.3133,3.6039,5.6022,1.6752,1.1201,0.3331,2.1383,0.3275,2.3340,0.3854,0.8958,0.2748,2.4885
2026-08-05 21:29:50.581,9.350000,103,21,0.007045,-1.4960,163.70,0,0,0,62.4880,223.455,0.04894,0,0,0,0,0,0.006955,0.000141,0.000501,0.000061,0.000744,0.000076,0.000164,0.000079,0.000221,0.000137,0.000265,0.000053,0.000180,0.000014,0.000335,-163.70,-161.79,-161.86,-135.88,-14.15,-145.42,72.75,140.19,91.40,175.99,174.75,-138.52,-66.40,25.33,63.46,223.3368,5.0807,5.3133,3.6039,5.6022,1.6752,1.1201,0.3331,2.1383,0.3275,2.3340,0.3854,0.8958,0.2748,2.4885
2026-08-05 21:29:50.581,9.366667,103,22,0.007030,-1.4935,163.86,0,0,0,62.4880,223.455,0.04894,0,0,0,0,0,0.006935,0.000101,0.000545,0.000037,0.000756,0.000044,0.000154,0.000091,0.000253,0.000129,0.000266,0.000046,0.000167,0.000114,0.000308,-163.86,-163.74,-164.45,-78.32,-15.66,-141.25,61.68,-175.19,85.99,151.48,179.71,148.02,-58.49,154.67,56.90,223.3368,5.0807,5.3133,3.6039,5.6022,1.6752,1.1201,0.3331,2.1383,0.3275,2.3340,0.3854,0.8958,0.2748,2.4885
2026-08-05 21:29:50.581,9.383333,103,23,0.007956,-1.4765,159.47,0,0,0,62.4880,223.455,0.04894,0,0,0,0,0,0.007025,0.000718,0.000487,0.001213,0.001293,0.001032,0.000885,0.000524,0.000441,0.001140,0.001382,0.000300,0.000584,0.000879,0.000651,-159.47,-115.15,153.09,-106.18,-18.16,-10.69,104.87,-23.30,80.97,69.87,174.80,149.66,-88.53,134.22,-103.89,223.3368,5.0807,5.3133,3.6039,5.6022,1.6752,1.1201,0.3331,2.1383,0.3275,2.3340,0.3854,0.8958,0.2748,2.4885
2026-08-05 21:29:50.581,9.400000,103,24,0.006997,-1.4812,163.27,0,0,0,62.4880,223.455,0.04894,0,0,0,0,0,0.006900,0.000105,0.000584,0.000068,0.000761,0.000044,0.000127,0.000083,0.000205,0.000133,0.000311,0.000036,0.000162,0.000096,0.000317,-163.27,-157.11,-165.94,-106.48,-14.55,-106.10,64.97,163.27,83.78,174.62,167.35,-116.44,-69.63,151.46,55.92,223.3368,5.0807,5.3133,3.6039,5.6022,1.6752,1.1201,0.3331,2.1383,0.3275,2.3340,0.3854,0.8958,0.2748,2.4885
2026-08-05 21:29:50.581,9.416667,103,25,0.007072,-1.4455,167.05,0,0,0,62.4880,223.455,0.04894,0,0,0,0,0,0.006623,0.000506,0.001018,0.000393,0.001221,0.000541,0.000625,0.000394,0.000346,0.000539,0.000189,0.000443,0.000315,0.000431,0.000116,-167.05,-58.05,-166.21,80.70,-22.90,-154.72,86.27,-25.62,-171.75,112.65,-35.20,-129.10,119.00,8.41,-99.66,223.3368,5.0807,5.3133,3.6039,5.6022,1.6752,1.1201,0.3331,2.1383,0.3275,2.3340,0.3854,0.8958,0.2748,2.4885
2026-08-05 21:29:50.581,9.433333,103,26,0.007066,-1.5016,163.75,0,0,0,62.4880,223.455,0.04894,0,0,0,0,0,0.006977,0.000135,0.000501,0.000108,0.000779,0.000086,0.000144,0.000059,0.000215,0.000134,0.000271,0.000029,0.000122,0.000020,0.000291,-163.75,-167.61,-167.08,-100.86,-14.81,-152.54,60.38,166.21,84.78,170.52,168.38,10.00,-86.92,120.37,69.36,223.3368,5.0807,5.3133,3.6039,5.6022,1.6752,1.1201,0.3331,2.1383,0.3275,2.3340,0.3854,0.8958,0.2748,2.4885
2026-08-05 21:29:50.581,9.450000,103,27,0.007038,-1.4924,163.64,0,0,0,62.4880,223.455,0.04894,0,0,0,0,0,0.006939,0.000075,0.000537,0.000087,0.000803,0.000038,0.000161,0.000077,0.000235,0.000132,0.000299,0.000022,0.000097,0.000063,0.000291,-163.64,154.77,-163.74,-130.85,-16.63,132.32,73.26,145.16,74.33,161.14,-174.80,30.69,-64.81,149.82,62.01,223.3368,5.0807,5.3133,3.6039,5.6022,1.6752,1.1201,0.3331,2.1383,0.3275,2.3340,0.3854,0.8958,0.2748,2.4885
2026-08-05 21:29:50.581,9.466667,103,28,0.006999,-1.4883,164.10,0,0,0,62.4880,223.455,0.04894,0,0,0,0,0,0.006905,0.000129,0.000510,0.000078,0.000730,0.000058,0.000196,0.000104,0.000135,0.000114,0.000321,0.000032,0.000116,0.000073,0.000343,-164.10,-162.32,-164.77,-110.60,-15.00,-144.91,72.14,147.82,87.34,155.82,177.62,77.39,-72.16,103.58,56.25,223.3368,5.0807,5.3133,3.6039,5.6022,1.6752,1.1201,0.3331,2.1383,0.3275,2.3340,0.3854,0.8958,0.2748,2.4885
2026-08-05 21:29:50.581,9.483333,103,29,0.007057,-1.4939,163.30,0,0,0,62.4880,223.455,0.04894,0,0,0,0,0,0.006960,0.000126,0.000507,0.000123,0.000793,0.000047,0.000184,0.000077,0.000266,0.000083,0.000313,0.000032,0.000148,0.000092,0.000300,-163.30,-155.82,-164.87,-113.81,-14.38,-154.49,65.43,170.85,94.52,179.98,178.27,9.17,-84.14,152.40,67.27,223.3368,5.0807,5.3133,3.6039,5.6022,1.6752,1.1201,0.3331,2.1383,0.3275,2.3340,0.3854,0.8958,0.2748,2.4885
2026-08-05 21:29:50.826,9.500000,104,0,0.007057,-1.4958,163.74,0,0,0,62.4840,223.666,0.04904,1,0,0,0,0,0.006950,0.000137,0.000535,0.000100,0.000814,0.000026,0.000116,0.000093,0.000255,0.000095,0.000377,0.000057,0.000142,0.000043,0.000336,-163.74,178.32,-160.16,-128.59,-12.79,10.69,71.40,135.48,87.84,174.01,177.41,37.49,-56.97,-172.26,60.10,223.5571,5.0972,5.3359,3.6403,5.6186,1.6875,1.1414,0.3194,2.1472,0.3269,2.3222,0.3781,0.8492,0.2803,2.4602
2026-08-05 21:29:50.826,9.516667,104,1,0.006981,-1.4860,163.99,0,0,0,62.4840,223.666,0.04904,1,0,0,0,0,0.006897,0.000129,0.000463,0.000105,0.000724,0.000056,0.000166,0.000094,0.000195,0.000065,0.000327,0.000048,0.000100,0.000070,0.000295,-163.99,147.69,-166.28,-113.55,-12.78,-151.63,91.80,142.07,94.35,157.65,178.02,-80.71,-49.77,105.94,53.99,223.5571,5.0972,5.3359,3.6403,5.6186,1.6875,1.1414,0.3194,2.1472,0.3269,2.3222,0.3781,0.8492,0.2803,2.4602
2026-08-05 21:29:50.826,9.533333,104,2,0.007031,-1.4928,163.87,0,0,0,62.4840,223.666,0.04904,1,0,0,0,0,0.006934,0.000095,0.000514,0.000156,0.000801,0.000096,0.000155,0.000058,0.000201,0.000135,0.000320,0.000040,0.000152,0.000073,0.000287,-163.87,165.00,-171.35,-130.90,-13.16,-157.82,67.90,169.68,95.63,175.76,176.04,36.37,-65.16,115.79,60.55,223.5571,5.0972,5.3359,3.6403,5.6186,1.6875,1.1414,0.3194,2.1472,0.3269,2.3222,0.3781,0.8492,0.2803,2.4602
2026-08-05 21:29:50.826,9.550000,104,3,0.007053,-1.4950,163.47,0,0,0,62.4840,223.666,0.04904,1,0,0,0,0,0.006956,0.000195,0.000484,0.000116,0.000805,0.000001,0.000168,0.000019,0.000225,0.000144,0.000312,0.000050,0.000108,0.000043,0.000273,-163.47,-170.36,-162.75,-113.91,-19.29,44.55,69.39,57.68,89.05,171.05,168.92,-47.42,-91.93,102.60,58.13,223.5571,5.0972,5.3359,3.6403,5.6186,1.6875,1.1414,0.3194,2.1472,0.3269,2.3222,0.3781,0.8492,0.2803,2.4602
2026-08-05 21:29:50.826,9.566667,104,4,0.007106,-1.5141,164.27,0,0,0,62.4840,223.666,0.04904,1,0,0,0,0,0.007018,0.000130,0.000492,0.000062,0.000788,0.000041,0.000124,0.000111,0.000215,0.000121,0.000256,0.000032,0.000147,0.000056,0.000295,-164.27,-156.30,-162.81,-129.82,-15.78,-146.33,46.71,122.46,90.25,154.65,175.02,58.09,-58.73,93.83,58.18,223.5571,5.0972,5.3359,3.6403,5.6186,1.6875,1.1414,0.3194,2.1472,0.3269,2.3222,0.3781,0.8492,0.2803,2.4602
2026-08-05 21:29:50.826,9.583333,104,5,0.006993,-1.4873,163.91,0,0,0,62.4840,223.666,0.04904,1,0,0,0,0,0.006904,0.000132,0.000468,0.000109,0.000732,0.000041,0.000196,0.000082,0.000241,0.000136,0.000331,0.000050,0.000152,0.000033,0.000288,-163.91,167.53,-171.55,-114.31,-15.80,-140.53,67.77,172.71,101.82,148.92,176.00,-48.09,-71.56,116.09,56.52,223.5571,5.0972,5.3359,3.6403,5.6186,1.6875,1.1414,0.3194,2.1472,0.3269,2.3222,0.3781,0.8492,0.2803,2.4602
2026-08-05 21:29:50.826,9.600000,104,6,0.007009,-1.4857,163.40,0,0,0,62.4840,223.666,0.04904,1,0,0,0,0,0.006916,0.000144,0.000491,0.000055,0.000773,0.000064,0.000138,0.000079,0.000246,0.000106,0.000325,0.000053,0.000147,0.000025,0.000298,-163.40,-173.45,-164.94,-148.66,-13.38,-164.33,83.07,167.60,89.72,155.54,170.03,-35.01,-90.88,99.85,65.82,223.5571,5.0972,5.3359,3.6403,5.6186,1.6875,1.1414,0.3194,2.1472,0.3269,2.3222,0.3781,0.8492,0.2803,2.4602
2026-08-05 21:29:50.826,9.616667,104,7,0.007031,-1.4912,163.53,0,0,0,62.4840,223.666,0.04904,1,0,0,0,0,0.006934,0.000111,0.000536,0.000127,0.000778,0.000081,0.000151,0.000070,0.000241,0.000096,0.000276,0.000030,0.000123,0.000091,0.000255,-163.53,-171.93,-164.71,-130.86,-12.18,-133.56,65.89,-169.11,86.68,161.81,178.79,2.02,-74.02,123.17,64.78,223.5571,5.0972,5.3359,3.6403,5.6186,1.6875,1.1414,0.3194,2.1472,0.3269,2.3222,0.3781,0.8492,0.2803,2.4602
2026-08-05 21:29:50.826,9.633333,104,8,0.007082,-1.5040,163.54,0,0,0,62.4840,223.666,0.04904,1,0,0,0,0,0.006995,0.000167,0.000501,0.000097,0.000735,0.000045,0.000186,0.000057,0.000221,0.000127,0.000248,0.000043,0.000120,0.000098,0.000315,-163.54,-174.91,-164.98,-87.96,-19.06,-158.62,50.81,175.91,91.47,163.12,178.31,-133.04,-57.07,100.48,57.98,223.5571,5.0972,5.3359,3.6403,5.6186,1.6875,1.1414,0.3194,2.1472,0.3269,2.3222,0.3781,0.8492,0.2803,2.4602
2026-08-05 21:29:50.826,9.650000,104,9,0.007020,-1.4878,163.76,0,0,0,62.4840,223.666,0.04904,1,0,0,0,0,0.006912,0.000056,0.000559,0.000134,0.000803,0.000060,0.000174,0.000027,0.000293,0.000071,0.000388,0.000049,0.000111,0.000067,0.000315,-163.76,-142.33,-163.54,-124.93,-15.52,-155.24,75.91,97.73,88.10,168.20,178.83,68.79,-54.13,158.02,45.59,223.5571,5.0972,5.3359,3.6403,5.6186,1.6875,1.1414,0.3194,2.1472,0.3269,2.3222,0.3781,0.8492,0.2803,2.4602
2026-08-05 21:29:50.826,9.666667,104,10,0.007583,-1.5399,161.09,0,0,0,62.4840,223.666,0.04904,1,0,0,0,0,0.007273,0.000426,0.000112,0.000445,0.000416,0.000515,0.000307,0.000366,0.000595,0.000480,0.000772,0.000479,0.000557,0.000378,0.000709,-161.09,-68.38,-95.04,71.79,15.88,-165.08,-94.62,-38.24,43.21,95.50,158.76,-147.99,-76.05,-15.74,50.40,223.5571,5.0972,5.3359,3.6403,5.6186,1.6875,1.1414,0.3194,2.1472,0.3269,2.3222,0.3781,0.8492,0.2803,2.4602
2026-08-05 21:29:50.826,9.683333,104,11,0.007014,-1.4884,163.72,0,0,0,62.4840,223.666,0.04904,1,0,0,0,0,0.006920,0.000056,0.000527,0.000072,0.000770,0.000061,0.000189,0.000060,0.000220,0.000103,0.000315,0.000002,0.000113,0.000068,0.000311,-163.72,174.13,-160.99,-123.79,-14.96,-143.34,83.77,-177.93,78.28,171.15,-177.05,27.35,-66.37,130.60,58.31,223.5571,5.0972,5.3359,3.6403,5.6186,1.6875,1.1414,0.3194,2.1472,0.3269,2.3222,0.3781,0.8492,0.2803,2.4602
2026-08-05 21:29:50.826,9.700000,104,12,0.007134,-1.5110,163.39,0,0,0,62.4840,223.666,0.04904,1,0,0,0,0,0.007036,0.000114,0.000530,0.000146,0.000801,0.000040,0.000165,0.000032,0.000173,0.000176,0.000290,0.000024,0.000095,0.000055,0.000324,-163.39,-164.84,-160.89,-99.83,-14.63,-150.76,52.17,159.35,88.30,155.36,175.10,-161.31,-68.45,124.78,42.46,223.5571,5.0972,5.3359,3.6403,5.6186,1.6875,1.1414,0.3194,2.1472,0.3269,2.3222,0.3781,0.8492,0.2803,2.4602
2026-08-05 21:29:50.826,9.716667,104,13,0.007069,-1.5006,163.90,0,0,0,62.4840,223.666,0.04904,1,0,0,0,0,0.006968,0.000129,0.000504,0.000069,0.000791,0.000046,0.000204,0.000057,0.000273,0.000115,0.000355,0.000009,0.000167,0.000058,0.000295,-163.90,178.39,-162.46,-104.66,-15.77,-129.90,69.15,118.00,78.78,174.78,175.84,-137.42,-68.91,102.31,60.68,223.5571,5.0972,5.3359,3.6403,5.6186,1.6875,1.1414,0.3194,2.1472,0.3269,2.3222,0.3781,0.8492,0.2803,2.4602
2026-08-05 21:29:50.826,9.733333,104,14,0.007050,-1.5002,164.09,0,0,0,62.4840,223.666,0.04904,1,0,0,0,0,0.006959,0.000072,0.000531,0.000098,0.000766,0.000088,0.000154,0.000117,0.000228,0.000154,0.000281,0.000030,0.000177,0.000041,0.000294,-164.09,-153.45,-164.86,-130.32,-14.37,-130.34,59.79,135.51,78.58,152.11,176.48,-127.74,-85.02,97.84,58.94,223.5571,5.0972,5.3359,3.6403,5.6186,1.6875,1.1414,0.3194,2.1472,0.3269,2.3222,0.3781,0.8492,0.2803,2.4602
2026-08-05 21:29:50.826,9.750000,104,15,0.007056,-1.4963,163.58,0,0,0,62.4840,223.666,0.04904,1,0,0,0,0,0.006956,0.000107,0.000545,0.000082,0.000800,0.000071,0.000220,0.000078,0.000234,0.000177,0.000342,0.000040,0.000113,0.000074,0.000299,-163.58,-176.59,-165.10,-126.08,-16.05,-148.51,64.01,168.23,85.01,167.08,173.69,-9.89,-74.25,90.06,57.65,223.5571,5.0972,5.3359,3.6403,5.6186,1.6875,1.1414,0.3194,2.1472,0.3269,2.3222,0.3781,0.8492,0.2803,2.4602
2026-08-05 21:29:50.826,9.766667,104,16,0.007068,-1.5000,163.48,0,0,0,62.4840,223.666,0.04904,1,0,0,0,0,0.006978,0.000168,0.000484,0.000108,0.000765,0.000081,0.000209,0.000087,0.000196,0.000099,0.000279,0.000023,0.000118,0.000059,0.000296,-163.48,-168.47,-167.74,-99.19,-16.08,-163.08,62.63,166.60,94.07,135.93,170.45,-73.11,-62.74,108.20,65.86,223.5571,5.0972,5.3359,3.6403,5.6186,1.6875,1.1414,0.3194,2.1472,0.3269,2.3222,0.3781,0.8492,0.2803,2.4602
2026-08-05 21:29:50.826,9.783333,104,17,0.007038,-1.4954,163.84,0,0,0,62.4840,223.666,0.04904,1,0,0,0,0,0.006946,0.000118,0.000489,0.000097,0.000750,0.000093,0.000183,0.000096,0.000197,0.000105,0.000342,0.000054,0.000135,0.000056,0.000310,-163.84,-179.11,-162.96,-99.42,-12.67,-145.67,58.31,174.11,85.84,158.17,-179.85,160.04,-72.24,102.30,52.35,223.5571,5.0972,5.3359,3.6403,5.6186,1.6875,1.1414,0.3194,2.1472,0.3269,2.3222,0.3781,0.8492,0.2803,2.4602
2026-08-05 21:29:50.826,9.800000,104,18,0.007057,-1.4994,163.70,0,0,0,62.4840,223.666,0.04904,1,0,0,0,0,0.006966,0.000084,0.000534,0.000113,0.000758,0.000044,0.000184,0.000098,0.000256,0.000135,0.000296,0.000029,0.000140,0.000105,0.000238,-163.70,-159.39,-166.22,-124.56,-15.46,-146.32,51.76,162.69,88.23,176.32,175.75,95.31,-77.22,140.13,58.99,223.5571,5.0972,5.3359,3.6403,5.6186,1.6875,1.1414,0.3194,2.1472,0.3269,2.3222,0.3781,0.8492,0.2803,2.4602
2026-08-05 21:29:50.826,9.816667,104,19,0.007087,-1.5006,163.27,0,0,0,62.4840,223.666,0.04904,1,0,0,0,0,0.006990,0.000068,0.000543,0.000109,0.000755,0.000051,0.000165,0.000048,0.000257,0.000154,0.000314,0.000006,0.000154,0.000119,0.000282,-163.27,-169.51,-166.89,-125.82,-14.11,-140.01,58.07,177.31,79.25,167.76,-174.51,133.85,-65.29,105.78,54.03,223.5571,5.0972,5.3359,3.6403,5.6186,1.6875,1.1414,0.3194,2.1472,0.3269,2.3222,0.3781,0.8492,0.2803,2.4602
2026-08-05 21:29:50.826,9.833333,104,20,0.007072,-1.4994,163.42,0,0,0,62.4840,223.666,0.04904,1,0,0,0,0,0.006979,0.000087,0.000491,0.000053,0.000774,0.000071,0.000176,0.000063,0.000244,0.000093,0.000305,0.000025,0.000139,0.000083,0.000328,-163.42,-161.75,-164.47,-124.22,-14.68,-166.45,88.51,134.90,89.13,135.78,177.54,-40.22,-57.21,139.58,54.51,223.5571,5.0972,5.3359,3.6403,5.6186,1.6875,1.1414,0.3194,2.1472,0.3269,2.3222,0.3781,0.8492,0.2803,2.4602
2026-08-05 21:29:50.826,9.850000,104,21,0.007064,-1.5003,163.80,0,0,0,62.4840,223.666,0.04904,1,0,0,0,0,0.006972,0.000163,0.000482,0.000118,0.000773,0.000038,0.000173,0.000082,0.000227,0.000090,0.000337,0.000012,0.000151,0.000039,0.000274,-163.80,-157.20,-166.78,-107.53,-13.85,-117.04,66.38,126.63,78.83,120.94,174.38,-145.51,-97.95,167.67,64.21,223.5571,5.0972,5.3359,3.6403,5.6186,1.6875,1.1414,0.3194,2.1472,0.3269,2.3222,0.3781,0.8492,0.2803,2.4602
2026-08-05 21:29:50.826,9.866667,104,22,0.007079,-1.5020,163.48,0,0,0,62.4840,223.666,0.04904,1,0,0,0,0,0.006986,0.000147,0.000500,0.000101,0.000801,0.000008,0.000126,0.000062,0.000272,0.000118,0.000313,0.000033,0.000094,0.000078,0.000283,-163.48,168.42,-164.41,-120.74,-16.23,-109.41,66.39,-164.83,78.65,158.59,173.11,-2.82,-64.62,119.87,51.94,223.5571,5.0972,5.3359,3.6403,5.6186,1.6875,1.1414,0.3194,2.1472,0.3269,2.3222,0.3781,0.8492,0.2803,2.4602
2026-08-05 21:29:50.826,9.883333,104,23,0.007039,-1.4935,163.75,0,0,0,62.4840,223.666,0.04904,1,0,0,0,0,0.006941,0.000090,0.000525,0.000077,0.000778,0.000037,0.000182,0.000058,0.000232,0.000129,0.000336,0.000049,0.000133,0.000078,0.000306,-163.75,179.18,-170.82,-109.33,-15.15,-169.40,65.58,-172.36,84.92,159.00,177.75,-137.48,-62.70,140.98,46.95,223.5571,5.0972,5.3359,3.6403,5.6186,1.6875,1.1414,0.3194,2.1472,0.3269,2.3222,0.3781,0.8492,0.2803,2.4602
2026-08-05 21:29:50.826,9.900000,104,24,0.007111,-1.5079,163.59,0,0,0,62.4840,223.666,0.04904,1,0,0,0,0,0.007012,0.000133,0.000500,0.000145,0.000806,0.000032,0.000240,0.000078,0.000304,0.000103,0.000286,0.000008,0.000128,0.000098,0.000253,-163.59,-171.55,-165.19,-96.70,-16.39,-143.70,74.77,-179.98,91.86,132.53,-174.71,104.38,-58.19,109.55,56.41,223.5571,5.0972,5.3359,3.6403,5.6186,1.6875,1.1414,0.3194,2.1472,0.3269,2.3222,0.3781,0.8492,0.2803,2.4602
2026-08-05 21:29:50.826,9.916667,104,25,0.007045,-1.4954,163.56,0,0,0,62.4840,223.666,0.04904,1,0,0,0,0,0.006956,0.000160,0.000525,0.000100,0.000732,0.000011,0.000205,0.000081,0.000272,0.000115,0.000253,0.000068,0.000102,0.000052,0.000227,-163.56,173.62,-168.76,-98.26,-13.39,-134.37,62.16,166.36,84.81,158.55,179.98,-141.40,-71.25,82.21,50.61,223.5571,5.0972,5.3359,3.6403,5.6186,1.6875,1.1414,0.3194,2.1472,0.3269,2.3222,0.3781,0.8492,0.2803,2.4602
2026-08-05 21:29:50.826,9.933333,104,26,0.007053,-1.4940,163.18,0,0,0,62.4840,223.666,0.04904,1,0,0,0,0,0.006963,0.000143,0.000499,0.000156,0.000773,0.000037,0.000154,0.000028,0.000240,0.000145,0.000285,0.000049,0.000073,0.000045,0.000280,-163.18,-172.08,-170.37,-108.99,-16.73,148.21,57.14,-127.30,89.36,159.19,-177.73,-32.36,-70.71,112.84,58.76,223.5571,5.0972,5.3359,3.6403,5.6186,1.6875,1.1414,0.3194,2.1472,0.3269,2.3222,0.3781,0.8492,0.2803,2.4602
2026-08-05 21:29:50.826,9.950000,104,27,0.007048,-1.4920,163.37,0,0,0,62.4840,223.666,0.04904,1,0,0,0,0,0.006946,0.000118,0.000573,0.000127,0.000769,0.000055,0.000215,0.000030,0.000246,0.000134,0.000311,0.000016,0.000120,0.000072,0.000275,-163.37,-170.35,-162.68,-120.65,-15.92,-164.23,66.09,-147.73,81.74,158.51,174.30,-51.78,-77.17,118.33,51.55,223.5571,5.0972,5.3359,3.6403,5.6186,1.6875,1.1414,0.3194,2.1472,0.3269,2.3222,0.3781,0.8492,0.2803,2.4602
2026-08-05 21:29:50.826,9.966667,104,28,0.007061,-1.4948,163.28,0,0,0,62.4840,223.666,0.04904,1,0,0,0,0,0.006962,0.000099,0.000525,0.000128,0.000774,0.000067,0.000218,0.000063,0.000238,0.000110,0.000381,0.000044,0.000139,0.000107,0.000277,-163.28,-155.85,-161.44,-96.81,-17.59,-148.80,48.14,-176.01,85.36,169.70,175.48,-136.12,-81.94,136.78,54.73,223.5571,5.0972,5.3359,3.6403,5.6186,1.6875,1.1414,0.3194,2.1472,0.3269,2.3222,0.3781,0.8492,0.2803,2.4602
2026-08-05 21:29:50.826,9.983333,104,29,0.007044,-1.4930,163.28,0,0,0,62.4840,223.666,0.04904,1,0,0,0,0,0.006954,0.000129,0.000519,0.000047,0.000746,0.000040,0.000205,0.000044,0.000260,0.000061,0.000311,0.000024,0.000110,0.000046,0.000298,-163.28,171.30,-163.16,-147.40,-13.40,-162.72,75.05,-170.78,79.07,169.59,175.30,-85.16,-76.69,99.84,56.84,223.5571,5.0972,5.3359,3.6403,5.6186,1.6875,1.1414,0.3194,2.1472,0.3269,2.3222,0.3781,0.8492,0.2803,2.4602
2026-08-05 21:29:51.094,10.000000,105,0,0.007045,-1.4969,163.92,0,0,0,62.4880,223.702,0.04924,1,0,0,0,0,0.006948,0.000090,0.000570,0.000092,0.000779,0.000040,0.000172,0.000072,0.000209,0.000104,0.000309,0.000038,0.000117,0.000111,0.000287,-163.92,160.42,-161.96,-120.95,-13.82,-121.37,74.77,160.91,87.42,173.23,177.49,135.03,-40.67,154.83,50.01,223.5914,5.1058,5.3709,3.6435,5.6259,1.6836,1.1372,0.3176,2.1601,0.3388,2.3378,0.3817,0.8425,0.2782,2.5318
2026-08-05 21:29:51.094,10.016667,105,1,0.007053,-1.4948,163.71,0,0,0,62.4880,223.702,0.04924,1,0,0,0,0,0.006946,0.000103,0.000530,0.000116,0.000796,0.000061,0.000198,0.000055,0.000257,0.000119,0.000334,0.000040,0.000187,0.000072,0.000358,-163.71,-156.19,-165.28,-109.81,-15.31,-127.68,61.47,171.04,96.93,170.56,-179.20,156.37,-77.48,108.73,52.54,223.5914,5.1058,5.3709,3.6435,5.6259,1.6836,1.1372,0.3176,2.1601,0.3388,2.3378,0.3817,0.8425,0.2782,2.5318
2026-08-05 21:29:51.094,10.033333,105,2,0.006998,-1.4834,163.44,0,0,0,62.4880,223.702,0.04924,1,0,0,0,0,0.006903,0.000108,0.000538,0.000066,0.000744,0.000046,0.000118,0.000065,0.000230,0.000154,0.000290,0.000038,0.000141,0.000107,0.000347,-163.44,168.49,-167.59,-112.41,-15.97,-130.41,73.15,133.18,95.02,154.83,-177.57,-174.32,-47.24,159.21,60.01,223.5914,5.1058,5.3709,3.6435,5.6259,1.6836,1.1372,0.3176,2.1601,0.3388,2.3378,0.3817,0.8425,0.2782,2.5318
2026-08-05 21:29:51.094,10.050000,105,3,0.007873,-1.2747,148.85,0,0,0,62.4880,223.702,0.04924,1,0,0,0,0,0.006637,0.000928,0.000848,0.000534,0.000509,0.000734,0.000362,0.000932,0.000674,0.000916,0.001168,0.001273,0.001538,0.001099,0.000526,-148.85,126.20,-113.07,110.92,-27.78,-171.26,-14.41,170.06,-55.41,142.05,-92.11,68.95,-177.49,-92.94,42.68,223.5914,5.1058,5.3709,3.6435,5.6259,1.6836,1.1372,0.3176,2.1601,0.3388,2.3378,0.3817,0.8425,0.2782,2.5318
2026-08-05 21:29:51.094,10.066667,105,4,0.009205,-1.6827,153.71,0,0,0,62.4880,223.702,0.04924,1,0,0,0,0,0.008444,0.001785,0.001157,0.001377,0.000668,0.001086,0.000601,0.000396,0.000367,0.000346,0.000526,0.000691,0.000718,0.000686,0.000687,-153.71,-53.02,13.79,82.73,115.92,-161.46,-103.06,-62.32,14.30,24.24,99.35,127.26,-164.13,-115.10,-10.57,223.5914,5.1058,5.3709,3.6435,5.6259,1.6836,1.1372,0.3176,2.1601,0.3388,2.3378,0.3817,0.8425,0.2782,2.5318
2026-08-05 21:29:51.094,10.083333,105,5,0.007075,-1.5053,164.05,0,0,0,62.4880,223.702,0.04924,1,0,0,0,0,0.006983,0.000146,0.000508,0.000098,0.000764,0.000072,0.000194,0.000117,0.000234,0.000133,0.000259,0.000047,0.000150,0.000073,0.000329,-164.05,153.27,-171.54,-139.54,-13.87,-147.60,59.83,177.73,85.83,165.80,-179.78,-44.00,-86.75,61.09,60.20,223.5914,5.1058,5.3709,3.6435,5.6259,1.6836,1.1372,0.3176,2.1601,0.3388,2.3378,0.3817,0.8425,0.2782,2.5318
2026-08-05 21:29:51.094,10.100000,105,6,0.007115,-1.5076,163.30,0,0,0,62.4880,223.702,0.04924,1,0,0,0,0,0.007018,0.000174,0.000494,0.000143,0.000787,0.000061,0.000171,0.000056,0.000237,0.000126,0.000296,0.000042,0.000131,0.000045,0.000346,-163.30,-152.87,-168.45,-110.75,-13.94,-144.98,51.34,-174.40,90.25,150.88,177.61,117.39,-88.40,63.79,62.41,223.5914,5.1058,5.3709,3.6435,5.6259,1.6836,1.1372,0.3176,2.1601,0.3388,2.3378,0.3817,0.8425,0.2782,2.5318
2026-08-05 21:29:51.094,10.116667,105,7,0.007118,-1.5096,163.45,0,0,0,62.4880,223.702,0.04924,1,0,0,0,0,0.007026,0.000087,0.000526,0.000141,0.000791,0.000060,0.000162,0.000051,0.000241,0.000139,0.000285,0.000020,0.000100,0.000102,0.000311,-163.45,155.87,-165.96,-107.31,-17.13,-154.85,65.90,166.04,76.12,164.75,-176.23,-2.69,-61.40,100.23,57.83,223.5914,5.1058,5.3709,3.6435,5.6259,1.6836,1.1372,0.3176,2.1601,0.3388,2.3378,0.3817,0.8425,0.2782,2.5318
2026-08-05 21:29:51.094,10.133333,105,8,0.007048,-1.4999,164.18,0,0,0,62.4880,223.702,0.04924,1,0,0,0,0,0.006954,0.000100,0.000568,0.000122,0.000778,0.000083,0.000144,0.000052,0.000251,0.000090,0.000277,0.000058,0.000092,0.000055,0.000289,-164.18,-154.42,-161.19,-120.82,-13.74,-102.14,60.42,148.39,80.40,153.38,178.63,116.48,-72.47,100.88,66.70,223.5914,5.1058,5.3709,3.6435,5.6259,1.6836,1.1372,0.3176,2.1601,0.3388,2.3378,0.3817,0.8425,0.2782,2.5318
2026-08-05 21:29:51.094,10.150000,105,9,0.007064,-1.5043,164.28,0,0,0,62.4880,223.702,0.04924,1,0,0,0,0,0.006974,0.000087,0.000553,0.000053,0.000736,0.000030,0.000120,0.000111,0.000178,0.000142,0.000266,0.000067,0.000158,0.000085,0.000329,-164.28,-147.86,-161.09,-134.80,-17.81,-159.08,59.96,120.17,80.85,162.12,-175.07,-150.34,-49.24,144.78,60.34,223.5914,5.1058,5.3709,3.6435,5.6259,1.6836,1.1372,0.3176,2.1601,0.3388,2.3378,0.3817,0.8425,0.2782,2.5318
2026-08-05 21:29:51.094,10.166667,105,10,0.007065,-1.5018,164.04,0,0,0,62.4880,223.702,0.04924,1,0,0,0,0,0.006968,0.000119,0.000513,0.000080,0.000784,0.000068,0.000200,0.000047,0.000215,0.000130,0.000293,0.000073,0.000160,0.000069,0.000318,-164.04,-146.36,-163.03,-115.52,-14.54,-126.46,63.57,144.36,94.41,166.60,179.91,164.45,-68.10,105.33,52.14,223.5914,5.1058,5.3709,3.6435,5.6259,1.6836,1.1372,0.3176,2.1601,0.3388,2.3378,0.3817,0.8425,0.2782,2.5318
2026-08-05 21:29:51.094,10.183333,105,11,0.007073,-1.5014,163.83,0,0,0,62.4880,223.702,0.04924,1,0,0,0,0,0.006970,0.000162,0.000532,0.000109,0.000820,0.000069,0.000196,0.000042,0.000246,0.000085,0.000327,0.000038,0.000117,0.000085,0.000321,-163.83,-164.94,-165.04,-130.13,-15.91,-111.81,68.27,135.76,85.61,164.40,173.99,7.71,-72.82,104.50,63.98,223.5914,5.1058,5.3709,3.6435,5.6259,1.6836,1.1372,0.3176,2.1601,0.3388,2.3378,0.3817,0.8425,0.2782,2.5318
2026-08-05 21:29:51.094,10.200000,105,12,0.007033,-1.4912,163.28,0,0,0,62.4880,223.702,0.04924,1,0,0,0,0,0.006946,0.000135,0.000507,0.000084,0.000747,0.000057,0.000125,0.000105,0.000220,0.000097,0.000291,0.000052,0.000107,0.000039,0.000313,-163.28,175.91,-165.98,-119.62,-16.93,166.41,69.69,-176.24,92.74,-172.95,179.29,-44.66,-54.90,106.03,66.58,223.5914,5.1058,5.3709,3.6435,5.6259,1.6836,1.1372,0.3176,2.1601,0.3388,2.3378,0.3817,0.8425,0.2782,2.5318
2026-08-05 21:29:51.094,10.216667,105,13,0.007125,-1.5100,163.30,0,0,0,62.4880,223.702,0.04924,1,0,0,0,0,0.007030,0.000159,0.000543,0.000114,0.000742,0.000015,0.000143,0.000030,0.000194,0.000172,0.000257,0.000037,0.000173,0.000097,0.000320,-163.30,-172.61,-169.07,-105.34,-17.84,159.78,47.59,100.87,71.76,153.67,177.83,121.43,-48.20,131.02,58.56,223.5914,5.1058,5.3709,3.6435,5.6259,1.6836,1.1372,0.3176,2.1601,0.3388,2.3378,0.3817,0.8425,0.2782,2.5318
2026-08-05 21:29:51.094,10.233333,105,14,0.007083,-1.5025,163.57,0,0,0,62.4880,223.702,0.04924,1,0,0,0,0,0.006987,0.000104,0.000514,0.000052,0.000796,0.000105,0.000180,0.000031,0.000242,0.000148,0.000300,0.000038,0.000140,0.000043,0.000308,-163.57,-147.08,-165.58,-145.05,-16.32,-169.65,62.89,155.07,90.27,157.01,170.80,-135.35,-82.81,129.89,59.75,223.5914,5.1058,5.3709,3.6435,5.6259,1.6836,1.1372,0.3176,2.1601,0.3388,2.3378,0.3817,0.8425,0.2782,2.5318
2026-08-05 21:29:51.094,10.250000,105,15,0.007066,-1.4986,163.48,0,0,0,62.4880,223.702,0.04924,1,0,0,0,0,0.006972,0.000103,0.000507,0.000127,0.000789,0.000077,0.000152,0.000084,0.000261,0.000155,0.000292,0.000025,0.000119,0.000068,0.000331,-163.48,170.39,-167.50,-79.53,-17.72,148.02,75.45,156.29,82.15,163.60,178.76,-54.14,-72.82,154.96,56.42,223.5914,5.1058,5.3709,3.6435,5.6259,1.6836,1.1372,0.3176,2.1601,0.3388,2.3378,0.3817,0.8425,0.2782,2.5318
2026-08-05 21:29:51.094,10.266667,105,16,0.007060,-1.4959,163.39,0,0,0,62.4880,223.702,0.04924,1,0,0,0,0,0.006963,0.000156,0.000457,0.000122,0.000742,0.000089,0.000235,0.000032,0.000228,0.000086,0.000315,0.000059,0.000169,0.000059,0.000339,-163.39,-157.30,-164.42,-86.89,-16.70,-153.92,71.42,177.96,91.11,171.94,-179.31,-177.84,-84.18,67.05,60.81,223.5914,5.1058,5.3709,3.6435,5.6259,1.6836,1.1372,0.3176,2.1601,0.3388,2.3378,0.3817,0.8425,0.2782,2.5318
2026-08-05 21:29:51.094,10.283333,105,17,0.006993,-1.4816,163.39,0,0,0,62.4880,223.702,0.04924,1,0,0,0,0,0.006895,0.000096,0.000532,0.000106,0.000776,0.000066,0.000136,0.000066,0.000287,0.000032,0.000319,0.000015,0.000136,0.000061,0.000314,-163.39,-159.67,-156.53,-144.32,-13.59,-112.55,62.96,132.99,95.68,-173.74,173.16,-143.11,-81.29,83.78,54.81,223.5914,5.1058,5.3709,3.6435,5.6259,1.6836,1.1372,0.3176,2.1601,0.3388,2.3378,0.3817,0.8425,0.2782,2.5318
2026-08-05 21:29:51.094,10.300000,105,18,0.007011,-1.4890,164.08,0,0,0,62.4880,223.702,0.04924,1,0,0,0,0,0.006904,0.000117,0.000530,0.000145,0.000804,0.000059,0.000219,0.000061,0.000270,0.000048,0.000359,0.000062,0.000155,0.000094,0.000281,-164.08,-131.69,-165.95,-110.22,-12.46,-140.73,79.69,171.42,91.33,157.58,-174.61,21.17,-72.17,117.14,58.67,223.5914,5.1058,5.3709,3.6435,5.6259,1.6836,1.1372,0.3176,2.1601,0.3388,2.3378,0.3817,0.8425,0.2782,2.5318
2026-08-05 21:29:51.094,10.316667,105,19,0.007046,-1.4937,163.51,0,0,0,62.4880,223.702,0.04924,1,0,0,0,0,0.006946,0.000119,0.000568,0.000101,0.000812,0.000040,0.000178,0.000079,0.000256,0.000143,0.000284,0.000038,0.000086,0.000086,0.000258,-163.51,-161.35,-164.72,-108.40,-15.65,-82.77,64.93,-170.67,85.68,142.95,-177.39,-116.35,-66.75,141.97,65.95,223.5914,5.1058,5.3709,3.6435,5.6259,1.6836,1.1372,0.3176,2.1601,0.3388,2.3378,0.3817,0.8425,0.2782,2.5318
2026-08-05 21:29:51.094,10.333333,105,20,0.007133,-1.5149,164.00,0,0,0,62.4880,223.702,0.04924,1,0,0,0,0,0.007032,0.000121,0.000499,0.000057,0.000821,0.000045,0.000145,0.000096,0.000245,0.000138,0.000314,0.000023,0.000173,0.000087,0.000287,-164.00,-152.69,-168.86,-91.22,-13.30,-149.46,57.89,176.95,95.86,157.80,176.63,90.49,-55.12,100.34,56.40,223.5914,5.1058,5.3709,3.6435,5.6259,1.6836,1.1372,0.3176,2.1601,0.3388,2.3378,0.3817,0.8425,0.2782,2.5318
2026-08-05 21:29:51.094,10.350000,105,21,0.007042,-1.4944,163.67,0,0,0,62.4880,223.702,0.04924,1,0,0,0,0,0.006946,0.000127,0.000537,0.000088,0.000756,0.000040,0.000195,0.000070,0.000243,0.000154,0.000319,0.000034,0.000142,0.000018,0.000271,-163.67,-165.67,-163.80,-104.43,-14.78,-131.84,73.40,139.27,83.45,164.53,174.32,-162.56,-57.01,46.22,60.76,223.5914,5.1058,5.3709,3.6435,5.6259,1.6836,1.1372,0.3176,2.1601,0.3388,2.3378,0.3817,0.8425,0.2782,2.5318
2026-08-05 21:29:51.094,10.366667,105,22,0.007044,-1.4925,163.10,0,0,0,62.4880,223.702,0.04924,1,0,0,0,0,0.006952,0.000173,0.000526,0.000103,0.000776,0.000067,0.000212,0.000014,0.000226,0.000082,0.000274,0.000066,0.000080,0.000092,0.000289,-163.10,-177.17,-160.56,-95.90,-21.70,-152.39,71.48,-96.76,95.32,146.27,167.88,-74.52,-69.94,79.87,53.58,223.5914,5.1058,5.3709,3.6435,5.6259,1.6836,1.1372,0.3176,2.1601,0.3388,2.3378,0.3817,0.8425,0.2782,2.5318
2026-08-05 21:29:51.094,10.383333,105,23,0.007070,-1.4971,163.28,0,0,0,62.4880,223.702,0.04924,1,0,0,0,0,0.006972,0.000123,0.000512,0.000098,0.000796,0.000055,0.000193,0.000052,0.000239,0.000160,0.000343,0.000022,0.000115,0.000026,0.000329,-163.28,169.38,-161.57,-127.71,-16.84,-122.03,70.61,150.63,79.08,157.04,174.54,-150.17,-90.06,-170.78,55.49,223.5914,5.1058,5.3709,3.6435,5.6259,1.6836,1.1372,0.3176,2.1601,0.3388,2.3378,0.3817,0.8425,0.2782,2.5318
2026-08-05 21:29:51.094,10.400000,105,24,0.007172,-1.5154,162.96,0,0,0,62.4880,223.702,0.04924,1,0,0,0,0,0.007075,0.000162,0.000469,0.000083,0.000802,0.000079,0.000185,0.000113,0.000177,0.000104,0.000278,0.000057,0.000072,0.000101,0.000217,-162.96,-137.06,-152.60,-60.55,-11.40,137.18,72.02,-152.27,88.30,149.73,163.70,56.05,-62.63,148.25,67.34,223.5914,5.1058,5.3709,3.6435,5.6259,1.6836,1.1372,0.3176,2.1601,0.3388,2.3378,0.3817,0.8425,0.2782,2.5318
2026-08-05 21:29:51.094,10.416667,105,25,0.007019,-1.4879,163.44,0,0,0,62.4880,223.702,0.04924,1,0,0,0,0,0.006924,0.000075,0.000552,0.000095,0.000759,0.000083,0.000178,0.000100,0.000254,0.000067,0.000343,0.000019,0.000097,0.000055,0.000284,-163.44,-176.58,-163.33,-141.86,-13.26,-139.19,64.75,-176.02,85.76,171.50,177.76,-15.04,-63.42,109.01,58.93,223.5914,5.1058,5.3709,3.6435,5.6259,1.6836,1.1372,0.3176,2.1601,0.3388,2.3378,0.3817,0.8425,0.2782,2.5318
2026-08-05 21:29:51.094,10.433333,105,26,0.007009,-1.4922,164.26,0,0,0,62.4880,223.702,0.04924,1,0,0,0,0,0.006917,0.000197,0.000516,0.000101,0.000682,0.000047,0.000104,0.000105,0.000145,0.000166,0.000175,0.000129,0.000150,0.000063,0.000346,-164.26,-158.19,-172.79,-70.53,-12.59,-82.50,55.51,139.20,104.58,144.61,178.68,-169.32,-36.23,124.88,59.48,223.5914,5.1058,5.3709,3.6435,5.6259,1.6836,1.1372,0.3176,2.1601,0.3388,2.3378,0.3817,0.8425,0.2782,2.5318
2026-08-05 21:29:51.094,10.450000,105,27,0.007019,-1.4927,163.83,0,0,0,62.4880,223.702,0.04924,1,0,0,0,0,0.006927,0.000107,0.000497,0.000115,0.000761,0.000066,0.000137,0.000055,0.000255,0.000121,0.000319,0.000025,0.000117,0.000099,0.000294,-163.83,174.82,-169.03,-131.20,-17.37,-171.57,75.19,-165.45,89.12,-177.81,173.84,-105.17,-89.13,80.68,47.74,223.5914,5.1058,5.3709,3.6435,5.6259,1.6836,1.1372,0.3176,2.1601,0.3388,2.3378,0.3817,0.8425,0.2782,2.5318
2026-08-05 21:29:51.094,10.466667,105,28,0.007023,-1.4897,163.24,0,0,0,62.4880,223.702,0.04924,1,0,0,0,0,0.006935,0.000136,0.000512,0.000088,0.000762,0.000030,0.000126,0.000040,0.000217,0.000126,0.000284,0.000024,0.000092,0.000119,0.000279,-163.24,-178.48,-163.06,-109.49,-17.91,-129.80,76.62,161.79,77.81,149.91,166.94,-103.22,-76.57,146.95,66.07,223.5914,5.1058,5.3709,3.6435,5.6259,1.6836,1.1372,0.3176,2.1601,0.3388,2.3378,0.3817,0.8425,0.2782,2.5318
2026-08-05 21:29:51.094,10.483333,105,29,0.007087,-1.4998,163.06,0,0,0,62.4880,223.702,0.04924,1,0,0,0,0,0.006992,0.000104,0.000527,0.000107,0.000774,0.000050,0.000141,0.000062,0.000237,0.000140,0.000360,0.000024,0.000115,0.000034,0.000313,-163.06,-159.14,-162.39,-106.77,-14.66,-153.48,54.11,133.55,79.02,161.45,171.97,-136.92,-66.30,54.46,61.50,223.5914,5.1058,5.3709,3.6435,5.6259,1.6836,1.1372,0.3176,2.1601,0.3388,2.3378,0.3817,0.8425,0.2782,2.5318
2026-08-05 21:29:51.353,10.500000,106,0,0.007075,-1.5016,163.57,0,0,0,62.4840,223.530,0.04893,1,0,0,0,0,0.006981,0.000125,0.000530,0.000076,0.000779,0.000052,0.000200,0.000065,0.000284,0.000115,0.000305,0.000043,0.000160,0.000070,0.000284,-163.57,-158.99,-166.33,-125.84,-14.54,-160.66,58.66,127.75,79.31,-178.35,171.78,-138.50,-93.57,116.27,63.13,223.4232,5.0732,5.2877,3.6089,5.6225,1.6784,1.1441,0.3207,2.1604,0.3214,2.3544,0.3676,0.9428,0.2910,2.4428
2026-08-05 21:29:51.353,10.516667,106,1,0.007071,-1.5033,163.73,0,0,0,62.4840,223.530,0.04893,1,0,0,0,0,0.006983,0.000108,0.000532,0.000109,0.000754,0.000049,0.000119,0.000107,0.000210,0.000112,0.000263,0.000058,0.000131,0.000052,0.000307,-163.73,165.33,-168.66,-139.89,-17.66,-145.90,43.44,147.60,82.17,157.93,177.75,-120.40,-65.45,119.24,56.07,223.4232,5.0732,5.2877,3.6089,5.6225,1.6784,1.1441,0.3207,2.1604,0.3214,2.3544,0.3676,0.9428,0.2910,2.4428
2026-08-05 21:29:51.353,10.533333,106,2,0.007072,-1.4974,163.12,0,0,0,62.4840,223.530,0.04893,1,0,0,0,0,0.006977,0.000112,0.000547,0.000066,0.000764,0.000041,0.000154,0.000072,0.000237,0.000197,0.000318,0.000052,0.000134,0.000099,0.000305,-163.12,-165.97,-163.15,-102.45,-18.58,148.94,49.24,149.48,83.13,164.07,179.26,-169.55,-69.51,146.13,53.51,223.4232,5.0732,5.2877,3.6089,5.6225,1.6784,1.1441,0.3207,2.1604,0.3214,2.3544,0.3676,0.9428,0.2910,2.4428
2026-08-05 21:29:51.353,10.550000,106,3,0.007027,-1.4920,163.68,0,0,0,62.4840,223.530,0.04893,1,0,0,0,0,0.006934,0.000112,0.000511,0.000059,0.000765,0.000045,0.000158,0.000062,0.000261,0.000113,0.000352,0.000026,0.000177,0.000085,0.000294,-163.68,-168.97,-160.44,-135.88,-16.04,-110.46,69.85,152.04,91.52,-174.80,173.28,-146.29,-72.97,113.48,49.78,223.4232,5.0732,5.2877,3.6089,5.6225,1.6784,1.1441,0.3207,2.1604,0.3214,2.3544,0.3676,0.9428,0.2910,2.4428
2026-08-05 21:29:51.353,10.566667,106,4,0.007093,-1.5067,163.83,0,0,0,62.4840,223.530,0.04893,1,0,0,0,0,0.006994,0.000098,0.000549,0.000091,0.000798,0.000070,0.000158,0.000070,0.000271,0.000090,0.000265,0.000018,0.000141,0.000076,0.000291,-163.83,-146.17,-165.02,-138.43,-19.59,177.53,57.67,155.70,84.72,133.88,-177.18,145.78,-74.66,141.07,63.07,223.4232,5.0732,5.2877,3.6089,5.6225,1.6784,1.1441,0.3207,2.1604,0.3214,2.3544,0.3676,0.9428,0.2910,2.4428
2026-08-05 21:29:51.353,10.583333,106,5,0.007097,-1.5061,163.46,0,0,0,62.4840,223.530,0.04893,1,0,0,0,0,0.007003,0.000118,0.000532,0.000115,0.000769,0.000068,0.000190,0.000089,0.000241,0.000107,0.000287,0.000035,0.000114,0.000082,0.000270,-163.46,-179.24,-165.49,-100.49,-16.44,-128.38,40.38,148.66,86.93,134.20,-177.99,-165.43,-60.31,113.79,62.45,223.4232,5.0732,5.2877,3.6089,5.6225,1.6784,1.1441,0.3207,2.1604,0.3214,2.3544,0.3676,0.9428,0.2910,2.4428
2026-08-05 21:29:51.353,10.600000,106,6,0.007113,-1.5073,163.46,0,0,0,62.4840,223.530,0.04893,1,0,0,0,0,0.007011,0.000092,0.000517,0.000121,0.000827,0.000027,0.000182,0.000060,0.000284,0.000142,0.000314,0.000047,0.000161,0.000067,0.000268,-163.46,-168.30,-166.09,-103.83,-14.32,170.25,70.73,158.79,86.45,151.78,176.31,26.29,-93.38,109.10,38.10,223.4232,5.0732,5.2877,3.6089,5.6225,1.6784,1.1441,0.3207,2.1604,0.3214,2.3544,0.3676,0.9428,0.2910,2.4428
2026-08-05 21:29:51.353,10.616667,106,7,0.007070,-1.4984,163.35,0,0,0,62.4840,223.530,0.04893,1,0,0,0,0,0.006973,0.000130,0.000541,0.000089,0.000766,0.000037,0.000184,0.000070,0.000279,0.000127,0.000311,0.000004,0.000134,0.000058,0.000318,-163.35,-144.79,-162.39,-125.54,-15.17,-154.65,56.20,-176.52,81.64,151.28,172.68,-54.92,-83.33,103.50,56.38,223.4232,5.0732,5.2877,3.6089,5.6225,1.6784,1.1441,0.3207,2.1604,0.3214,2.3544,0.3676,0.9428,0.2910,2.4428
2026-08-05 21:29:51.353,10.633333,106,8,0.007042,-1.4966,163.83,0,0,0,62.4840,223.530,0.04893,1,0,0,0,0,0.006954,0.000133,0.000515,0.000092,0.000747,0.000088,0.000171,0.000097,0.000236,0.000092,0.000292,0.000016,0.000088,0.000085,0.000287,-163.83,-166.24,-169.87,-96.16,-15.84,-147.56,45.49,-160.04,82.30,137.11,175.41,-1.43,-67.45,103.56,51.35,223.4232,5.0732,5.2877,3.6089,5.6225,1.6784,1.1441,0.3207,2.1604,0.3214,2.3544,0.3676,0.9428,0.2910,2.4428
2026-08-05 21:29:51.353,10.650000,106,9,0.007017,-1.4876,163.34,0,0,0,62.4840,223.530,0.04893,1,0,0,0,0,0.006932,0.000114,0.000495,0.000085,0.000733,0.000081,0.000164,0.000058,0.000196,0.000185,0.000291,0.000015,0.000106,0.000126,0.000219,-163.34,-176.72,-174.69,-106.48,-16.27,-150.28,66.86,178.85,75.84,144.28,169.76,-26.34,-91.34,131.11,54.09,223.4232,5.0732,5.2877,3.6089,5.6225,1.6784,1.1441,0.3207,2.1604,0.3214,2.3544,0.3676,0.9428,0.2910,2.4428
2026-08-05 21:29:51.353,10.666667,106,10,0.006987,-1.4829,163.72,0,0,0,62.4840,223.530,0.04893,1,0,0,0,0,0.006900,0.000104,0.000513,0.000138,0.000741,0.000067,0.000167,0.000038,0.000234,0.000138,0.000314,0.000021,0.000140,0.000092,0.000248,-163.72,175.33,-166.04,-117.23,-17.46,-127.10,62.95,-177.12,86.82,-175.01,171.86,106.50,-84.13,123.11,61.13,223.4232,5.0732,5.2877,3.6089,5.6225,1.6784,1.1441,0.3207,2.1604,0.3214,2.3544,0.3676,0.9428,0.2910,2.4428
2026-08-05 21:29:51.353,10.683333,106,11,0.007001,-1.4877,163.98,0,0,0,62.4840,223.530,0.04893,1,0,0,0,0,0.006913,0.000085,0.000521,0.000035,0.000744,0.000092,0.000169,0.000144,0.000200,0.000121,0.000335,0.000033,0.000133,0.000027,0.000282,-163.98,164.27,-169.91,-137.48,-12.60,-161.77,65.47,177.14,85.46,169.88,168.95,-43.65,-68.21,65.92,59.48,223.4232,5.0732,5.2877,3.6089,5.6225,1.6784,1.1441,0.3207,2.1604,0.3214,2.3544,0.3676,0.9428,0.2910,2.4428
2026-08-05 21:29:51.353,10.700000,106,12,0.006976,-1.4786,163.43,0,0,0,62.4840,223.530,0.04893,1,0,0,0,0,0.006889,0.000058,0.000524,0.000081,0.000712,0.000075,0.000140,0.000102,0.000233,0.000100,0.000300,0.000042,0.000140,0.000051,0.000293,-163.43,-175.36,-163.07,-127.86,-17.62,-168.05,71.70,163.80,75.22,169.42,178.89,-156.91,-81.96,138.84,64.58,223.4232,5.0732,5.2877,3.6089,5.6225,1.6784,1.1441,0.3207,2.1604,0.3214,2.3544,0.3676,0.9428,0.2910,2.4428
2026-08-05 21:29:51.353,10.716667,106,13,0.006988,-1.4851,164.03,0,0,0,62.4840,223.530,0.04893,1,0,0,0,0,0.006896,0.000134,0.000552,0.000127,0.000745,0.000017,0.000191,0.000094,0.000215,0.000151,0.000303,0.000026,0.000124,0.000067,0.000215,-164.03,-153.79,-173.11,-113.11,-13.81,-104.93,68.69,178.61,84.17,150.45,173.62,90.26,-92.42,141.22,53.64,223.4232,5.0732,5.2877,3.6089,5.6225,1.6784,1.1441,0.3207,2.1604,0.3214,2.3544,0.3676,0.9428,0.2910,2.4428
2026-08-05 21:29:51.353,10.733333,106,14,0.006959,-1.4815,164.11,0,0,0,62.4840,223.530,0.04893,1,0,0,0,0,0.006879,0.000165,0.000484,0.000080,0.000700,0.000019,0.000114,0.000070,0.000202,0.000106,0.000309,0.000034,0.000084,0.000084,0.000287,-164.11,-176.62,-171.18,-107.47,-16.51,-127.99,76.35,174.92,83.39,-173.53,163.93,78.47,-74.62,73.10,59.84,223.4232,5.0732,5.2877,3.6089,5.6225,1.6784,1.1441,0.3207,2.1604,0.3214,2.3544,0.3676,0.9428,0.2910,2.4428
2026-08-05 21:29:51.353,10.750000,106,15,0.007019,-1.4854,163.13,0,0,0,62.4840,223.530,0.04893,1,0,0,0,0,0.006929,0.000164,0.000541,0.000111,0.000720,0.000031,0.000131,0.000098,0.000205,0.000119,0.000289,0.000018,0.000105,0.000074,0.000269,-163.13,-170.50,-175.99,-102.60,-12.45,-118.32,71.29,-177.60,83.50,132.94,172.61,-22.13,-67.72,127.39,55.18,223.4232,5.0732,5.2877,3.6089,5.6225,1.6784,1.1441,0.3207,2.1604,0.3214,2.3544,0.3676,0.9428,0.2910,2.4428
2026-08-05 21:29:51.353,10.766667,106,16,0.007026,-1.4921,163.73,0,0,0,62.4840,223.530,0.04893,1,0,0,0,0,0.006937,0.000089,0.000519,0.000085,0.000732,0.000032,0.000119,0.000077,0.000244,0.000105,0.000308,0.000046,0.000119,0.000079,0.000295,-163.73,162.88,-168.76,-143.78,-18.64,-177.49,56.39,-171.10,75.67,136.95,172.27,-132.97,-79.69,148.43,57.15,223.4232,5.0732,5.2877,3.6089,5.6225,1.6784,1.1441,0.3207,2.1604,0.3214,2.3544,0.3676,0.9428,0.2910,2.4428
2026-08-05 21:29:51.353,10.783333,106,17,0.006997,-1.4834,163.38,0,0,0,62.4840,223.530,0.04893,1,0,0,0,0,0.006915,0.000127,0.000561,0.000072,0.000702,0.000046,0.000128,0.000093,0.000226,0.000108,0.000266,0.000039,0.000102,0.000075,0.000233,-163.38,-175.07,-165.62,-88.75,-13.58,-174.00,48.23,159.06,78.44,172.90,158.17,2.63,-70.33,153.38,74.13,223.4232,5.0732,5.2877,3.6089,5.6225,1.6784,1.1441,0.3207,2.1604,0.3214,2.3544,0.3676,0.9428,0.2910,2.4428
2026-08-05 21:29:51.353,10.800000,106,18,0.006957,-1.4778,164.03,0,0,0,62.4840,223.530,0.04893,1,0,0,0,0,0.006863,0.000058,0.000528,0.000048,0.000739,0.000075,0.000114,0.000057,0.000222,0.000078,0.000381,0.000031,0.000124,0.000078,0.000317,-164.03,154.31,-170.30,-156.88,-15.03,-130.77,76.92,134.03,78.54,-175.46,177.73,56.63,-59.89,155.88,55.27,223.4232,5.0732,5.2877,3.6089,5.6225,1.6784,1.1441,0.3207,2.1604,0.3214,2.3544,0.3676,0.9428,0.2910,2.4428
2026-08-05 21:29:51.353,10.816667,106,19,0.006980,-1.4824,163.80,0,0,0,62.4840,223.530,0.04893,1,0,0,0,0,0.006891,0.000100,0.000510,0.000048,0.000734,0.000095,0.000091,0.000061,0.000226,0.000081,0.000330,0.000016,0.000112,0.000018,0.000357,-163.80,-138.27,-165.77,-141.41,-16.76,-127.18,75.64,170.77,71.52,147.25,172.96,163.49,-75.54,78.24,56.19,223.4232,5.0732,5.2877,3.6089,5.6225,1.6784,1.1441,0.3207,2.1604,0.3214,2.3544,0.3676,0.9428,0.2910,2.4428
2026-08-05 21:29:51.353,10.833333,106,20,0.007034,-1.4963,163.91,0,0,0,62.4840,223.530,0.04893,1,0,0,0,0,0.006954,0.000111,0.000491,0.000126,0.000704,0.000011,0.000097,0.000075,0.000226,0.000134,0.000301,0.000051,0.000082,0.000095,0.000262,-163.91,-140.46,-169.64,-102.24,-15.11,-1.36,54.79,156.40,74.86,129.52,172.84,-170.85,-73.77,129.17,53.53,223.4232,5.0732,5.2877,3.6089,5.6225,1.6784,1.1441,0.3207,2.1604,0.3214,2.3544,0.3676,0.9428,0.2910,2.4428
2026-08-05 21:29:51.353,10.850000,106,21,0.007000,-1.4870,163.90,0,0,0,62.4840,223.530,0.04893,1,0,0,0,0,0.006911,0.000080,0.000558,0.000099,0.000737,0.000057,0.000124,0.000071,0.000248,0.000161,0.000282,0.000025,0.000086,0.000051,0.000280,-163.90,-154.67,-171.24,-113.15,-13.92,-151.74,67.90,176.56,67.99,175.29,175.75,53.29,-52.81,119.44,63.76,223.4232,5.0732,5.2877,3.6089,5.6225,1.6784,1.1441,0.3207,2.1604,0.3214,2.3544,0.3676,0.9428,0.2910,2.4428
2026-08-05 21:29:51.353,10.866667,106,22,0.007014,-1.4857,163.35,0,0,0,62.4840,223.530,0.04893,1,0,0,0,0,0.006925,0.000058,0.000522,0.000104,0.000755,0.000022,0.000117,0.000061,0.000206,0.000095,0.000279,0.000056,0.000077,0.000049,0.000302,-163.35,141.29,-172.67,-134.97,-16.56,165.52,79.05,126.32,72.28,157.02,176.67,-119.14,-66.30,108.66,52.41,223.4232,5.0732,5.2877,3.6089,5.6225,1.6784,1.1441,0.3207,2.1604,0.3214,2.3544,0.3676,0.9428,0.2910,2.4428
2026-08-05 21:29:51.353,10.883333,106,23,0.007021,-1.4935,164.10,0,0,0,62.4840,223.530,0.04893,1,0,0,0,0,0.006933,0.000099,0.000494,0.000055,0.000757,0.000096,0.000160,0.000106,0.000235,0.000101,0.000307,0.000014,0.000117,0.000094,0.000272,-164.10,-179.56,-166.56,-144.26,-16.21,-122.66,67.95,169.99,83.00,165.04,173.14,151.33,-81.62,115.84,64.35,223.4232,5.0732,5.2877,3.6089,5.6225,1.6784,1.1441,0.3207,2.1604,0.3214,2.3544,0.3676,0.9428,0.2910,2.4428
2026-08-05 21:29:51.353,10.900000,106,24,0.006994,-1.4851,163.82,0,0,0,62.4840,223.530,0.04893,1,0,0,0,0,0.006902,0.000123,0.000532,0.000127,0.000756,0.000043,0.000105,0.000016,0.000225,0.000156,0.000293,0.000031,0.000083,0.000074,0.000301,-163.82,-162.54,-169.79,-125.45,-18.08,-84.04,67.10,153.94,76.36,156.02,171.87,139.65,-72.50,134.26,58.24,223.4232,5.0732,5.2877,3.6089,5.6225,1.6784,1.1441,0.3207,2.1604,0.3214,2.3544,0.3676,0.9428,0.2910,2.4428
2026-08-05 21:29:51.353,10.916667,106,25,0.007056,-1.4975,163.62,0,0,0,62.4840,223.530,0.04893,1,0,0,0,0,0.006974,0.000071,0.000507,0.000066,0.000709,0.000060,0.000090,0.000107,0.000236,0.000105,0.000310,0.000062,0.000127,0.000082,0.000287,-163.62,-150.42,-164.32,-128.14,-13.35,-130.74,53.70,162.84,73.98,154.34,178.28,117.09,-70.06,106.44,64.44,223.4232,5.0732,5.2877,3.6089,5.6225,1.6784,1.1441,0.3207,2.1604,0.3214,2.3544,0.3676,0.9428,0.2910,2.4428
2026-08-05 21:29:51.353,10.933333,106,26,0.006976,-1.4827,163.80,0,0,0,62.4840,223.530,0.04893,1,0,0,0,0,0.006895,0.000110,0.000501,0.000078,0.000674,0.000038,0.000129,0.000079,0.000230,0.000133,0.000279,0.000047,0.000093,0.000034,0.000286,-163.80,170.78,-176.32,-114.12,-10.11,-173.58,68.73,179.06,79.53,135.39,178.46,-122.29,-51.04,76.53,59.43,223.4232,5.0732,5.2877,3.6089,5.6225,1.6784,1.1441,0.3207,2.1604,0.3214,2.3544,0.3676,0.9428,0.2910,2.4428
2026-08-05 21:29:51.353,10.950000,106,27,0.007050,-1.4909,163.07,0,0,0,62.4840,223.530,0.04893,1,0,0,0,0,0.006958,0.000077,0.000537,0.000106,0.000737,0.000044,0.000081,0.000009,0.000246,0.000137,0.000340,0.000045,0.000113,0.000084,0.000303,-163.07,-177.35,-164.87,-120.85,-15.45,173.17,59.50,67.72,66.16,153.61,169.26,136.68,-57.26,-179.56,55.73,223.4232,5.0732,5.2877,3.6089,5.6225,1.6784,1.1441,0.3207,2.1604,0.3214,2.3544,0.3676,0.9428,0.2910,2.4428
2026-08-05 21:29:51.353,10.966667,106,28,0.006962,-1.4792,163.80,0,0,0,62.4840,223.530,0.04893,1,0,0,0,0,0.006880,0.000095,0.000496,0.000118,0.000723,0.000058,0.000112,0.000060,0.000224,0.000125,0.000297,0.000038,0.000071,0.000062,0.000261,-163.80,166.65,-173.11,-106.17,-13.56,-149.78,66.96,140.93,87.24,157.90,175.80,-43.08,-96.98,101.88,62.35,223.4232,5.0732,5.2877,3.6089,5.6225,1.6784,1.1441,0.3207,2.1604,0.3214,2.3544,0.3676,0.9428,0.2910,2.4428
2026-08-05 21:29:51.353,10.983333,106,29,0.007021,-1.4898,163.47,0,0,0,62.4840,223.530,0.04893,1,0,0,0,0,0.006937,0.000078,0.000544,0.000113,0.000736,0.000057,0.000068,0.000089,0.000231,0.000124,0.000297,0.000028,0.000077,0.000050,0.000289,-163.47,-171.96,-165.85,-145.03,-15.43,-116.94,48.91,-161.31,69.91,160.15,176.12,31.33,-78.59,94.60,68.32,223.4232,5.0732,5.2877,3.6089,5.6225,1.6784,1.1441,0.3207,2.1604,0.3214,2.3544,0.3676,0.9428,0.2910,2.4428
2026-08-05 21:29:51.604,11.000000,107,0,0.006976,-1.4796,163.55,0,0,0,62.4840,223.666,0.04894,1,0,0,0,0,0.006888,0.000079,0.000567,0.000074,0.000735,0.000098,0.000177,0.000102,0.000178,0.000125,0.000299,0.000011,0.000082,0.000023,0.000271,-163.55,-172.37,-170.36,-108.14,-13.28,-174.03,63.34,158.92,82.36,161.06,170.28,0.77,-86.78,-149.25,62.82,223.5589,5.0803,5.2796,3.6171,5.6358,1.6684,1.1383,0.2897,2.1531,0.3248,2.3797,0.3663,0.9617,0.3059,2.4347
2026-08-05 21:29:51.604,11.016667,107,1,0.006989,-1.4880,164.15,0,0,0,62.4840,223.666,0.04894,1,0,0,0,0,0.006909,0.000087,0.000534,0.000071,0.000699,0.000052,0.000129,0.000075,0.000135,0.000143,0.000259,0.000046,0.000115,0.000064,0.000302,-164.15,-172.17,-172.08,-143.31,-16.91,177.57,66.63,147.66,81.71,166.33,-179.68,157.74,-76.37,80.74,56.00,223.5589,5.0803,5.2796,3.6171,5.6358,1.6684,1.1383,0.2897,2.1531,0.3248,2.3797,0.3663,0.9617,0.3059,2.4347
2026-08-05 21:29:51.604,11.033333,107,2,0.006984,-1.4850,163.89,0,0,0,62.4840,223.666,0.04894,1,0,0,0,0,0.006894,0.000084,0.000535,0.000124,0.000766,0.000051,0.000173,0.000095,0.000205,0.000144,0.000280,0.000032,0.000107,0.000084,0.000244,-163.89,-157.36,-172.28,-131.24,-16.31,-143.00,73.58,168.74,80.85,162.78,167.43,-103.24,-101.18,144.55,60.61,223.5589,5.0803,5.2796,3.6171,5.6358,1.6684,1.1383,0.2897,2.1531,0.3248,2.3797,0.3663,0.9617,0.3059,2.4347
2026-08-05 21:29:51.604,11.050000,107,3,0.008251,-1.3960,152.70,0,0,0,62.4840,223.666,0.04894,1,0,0,0,0,0.006996,0.000588,0.001002,0.001462,0.001616,0.000434,0.001349,0.000979,0.000877,0.000438,0.001581,0.001346,0.000684,0.000584,0.000527,-152.70,-67.19,78.68,-152.20,-18.29,-33.02,81.12,-129.18,40.04,80.37,145.73,-119.54,-65.00,5.27,93.36,223.5589,5.0803,5.2796,3.6171,5.6358,1.6684,1.1383,0.2897,2.1531,0.3248,2.3797,0.3663,0.9617,0.3059,2.4347
2026-08-05 21:29:51.604,11.066667,107,4,0.007468,-1.4403,157.74,0,0,0,62.4840,223.666,0.04894,1,0,0,0,0,0.006940,0.000410,0.000701,0.000293,0.000745,0.000715,0.000902,0.000810,0.000444,0.000296,0.000326,0.000427,0.000697,0.000706,0.000994,-157.74,33.57,159.13,-171.43,-58.11,-22.70,80.85,-174.66,-48.87,48.44,129.94,145.49,-110.49,-5.45,89.00,223.5589,5.0803,5.2796,3.6171,5.6358,1.6684,1.1383,0.2897,2.1531,0.3248,2.3797,0.3663,0.9617,0.3059,2.4347
2026-08-05 21:29:51.604,11.083333,107,5,0.007576,-1.2021,155.11,0,0,0,62.4840,223.666,0.04894,1,0,0,0,0,0.005841,0.002527,0.001219,0.001925,0.001092,0.001310,0.000646,0.000664,0.001024,0.000060,0.000988,0.000290,0.001017,0.000536,0.001132,-155.11,149.68,-85.63,116.90,-71.46,83.41,162.42,53.27,101.08,100.24,69.57,168.92,13.49,134.78,9.00,223.5589,5.0803,5.2796,3.6171,5.6358,1.6684,1.1383,0.2897,2.1531,0.3248,2.3797,0.3663,0.9617,0.3059,2.4347
2026-08-05 21:29:51.604,11.100000,107,6,0.006988,-1.4903,164.17,0,0,0,62.4840,223.666,0.04894,1,0,0,0,0,0.006906,0.000121,0.000497,0.000099,0.000717,0.000075,0.000106,0.000058,0.000248,0.000131,0.000307,0.000052,0.000151,0.000054,0.000254,-164.17,160.30,-174.13,-134.20,-15.26,-130.27,53.62,139.34,74.94,165.75,165.14,-139.96,-104.82,108.94,56.70,223.5589,5.0803,5.2796,3.6171,5.6358,1.6684,1.1383,0.2897,2.1531,0.3248,2.3797,0.3663,0.9617,0.3059,2.4347
2026-08-05 21:29:51.604,11.116667,107,7,0.006993,-1.4837,163.45,0,0,0,62.4840,223.666,0.04894,1,0,0,0,0,0.006899,0.000099,0.000528,0.000119,0.000755,0.000023,0.000159,0.000058,0.000239,0.000071,0.000326,0.000028,0.000102,0.000044,0.000342,-163.45,-167.57,-172.08,-134.22,-17.51,142.23,74.50,152.17,87.88,170.41,170.10,-88.95,-60.46,98.30,53.19,223.5589,5.0803,5.2796,3.6171,5.6358,1.6684,1.1383,0.2897,2.1531,0.3248,2.3797,0.3663,0.9617,0.3059,2.4347
2026-08-05 21:29:51.604,11.133333,107,8,0.007036,-1.4970,163.78,0,0,0,62.4840,223.666,0.04894,1,0,0,0,0,0.006954,0.000120,0.000489,0.000114,0.000740,0.000024,0.000131,0.000062,0.000266,0.000088,0.000272,0.000006,0.000085,0.000064,0.000273,-163.78,174.84,-170.24,-113.70,-15.63,-174.45,56.97,-153.37,79.39,166.33,171.16,-32.83,-71.48,103.13,61.63,223.5589,5.0803,5.2796,3.6171,5.6358,1.6684,1.1383,0.2897,2.1531,0.3248,2.3797,0.3663,0.9617,0.3059,2.4347
2026-08-05 21:29:51.604,11.150000,107,9,0.006972,-1.4878,164.43,0,0,0,62.4840,223.666,0.04894,1,0,0,0,0,0.006885,0.000089,0.000541,0.000103,0.000716,0.000028,0.000099,0.000096,0.000235,0.000119,0.000278,0.000009,0.000097,0.000065,0.000303,-164.43,176.68,-171.61,-126.59,-15.39,-132.96,56.66,146.54,77.75,173.52,174.23,163.68,-68.91,108.08,62.93,223.5589,5.0803,5.2796,3.6171,5.6358,1.6684,1.1383,0.2897,2.1531,0.3248,2.3797,0.3663,0.9617,0.3059,2.4347
2026-08-05 21:29:51.604,11.166667,107,10,0.006973,-1.4854,164.00,0,0,0,62.4840,223.666,0.04894,1,0,0,0,0,0.006891,0.000139,0.000485,0.000094,0.000703,0.000069,0.000159,0.000061,0.000199,0.000110,0.000302,0.000007,0.000070,0.000063,0.000303,-164.00,-175.18,-171.98,-104.37,-18.08,-150.74,53.01,177.19,84.79,-170.65,175.92,127.37,-80.45,131.38,66.70,223.5589,5.0803,5.2796,3.6171,5.6358,1.6684,1.1383,0.2897,2.1531,0.3248,2.3797,0.3663,0.9617,0.3059,2.4347
2026-08-05 21:29:51.604,11.183333,107,11,0.006992,-1.4881,163.66,0,0,0,62.4840,223.666,0.04894,1,0,0,0,0,0.006917,0.000121,0.000496,0.000049,0.000668,0.000041,0.000116,0.000122,0.000210,0.000149,0.000300,0.000057,0.000138,0.000015,0.000275,-163.66,172.31,-172.51,-148.64,-16.68,-174.56,65.42,154.94,68.91,175.15,161.09,-138.20,-73.58,40.49,61.91,223.5589,5.0803,5.2796,3.6171,5.6358,1.6684,1.1383,0.2897,2.1531,0.3248,2.3797,0.3663,0.9617,0.3059,2.4347
2026-08-05 21:29:51.604,11.200000,107,12,0.007007,-1.4890,163.63,0,0,0,62.4840,223.666,0.04894,1,0,0,0,0,0.006923,0.000071,0.000549,0.000105,0.000735,0.000042,0.000153,0.000153,0.000199,0.000134,0.000287,0.000043,0.000117,0.000075,0.000245,-163.63,-170.05,-170.05,-120.14,-15.57,-174.09,38.24,175.55,85.30,167.52,-176.52,-70.66,-73.58,136.36,72.72,223.5589,5.0803,5.2796,3.6171,5.6358,1.6684,1.1383,0.2897,2.1531,0.3248,2.3797,0.3663,0.9617,0.3059,2.4347
2026-08-05 21:29:51.604,11.216667,107,13,0.006930,-1.3907,161.23,0,0,0,62.4840,223.666,0.04894,1,0,0,0,0,0.006529,0.000564,0.000620,0.000398,0.000910,0.000420,0.000370,0.000433,0.000481,0.000366,0.000719,0.000473,0.000364,0.000447,0.000716,-161.23,148.84,-115.90,108.74,-49.94,57.89,-154.61,20.33,150.32,-23.01,146.81,-69.59,93.20,-114.76,55.53,223.5589,5.0803,5.2796,3.6171,5.6358,1.6684,1.1383,0.2897,2.1531,0.3248,2.3797,0.3663,0.9617,0.3059,2.4347
2026-08-05 21:29:51.604,11.233333,107,14,0.007018,-1.4934,163.98,0,0,0,62.4840,223.666,0.04894,1,0,0,0,0,0.006932,0.000140,0.000533,0.000093,0.000733,0.000083,0.000160,0.000027,0.000190,0.000099,0.000278,0.000008,0.000098,0.000063,0.000281,-163.98,-174.26,-170.19,-124.99,-16.13,-134.23,61.42,162.53,74.57,127.96,159.84,-17.10,-68.69,73.66,68.77,223.5589,5.0803,5.2796,3.6171,5.6358,1.6684,1.1383,0.2897,2.1531,0.3248,2.3797,0.3663,0.9617,0.3059,2.4347
2026-08-05 21:29:51.604,11.250000,107,15,0.007031,-1.4923,163.62,0,0,0,62.4840,223.666,0.04894,1,0,0,0,0,0.006937,0.000120,0.000530,0.000131,0.000792,0.000034,0.000099,0.000054,0.000258,0.000185,0.000294,0.000048,0.000098,0.000028,0.000302,-163.62,-174.23,-172.12,-113.52,-16.51,-140.27,76.52,141.88,72.64,169.34,170.49,-25.91,-93.42,121.57,58.93,223.5589,5.0803,5.2796,3.6171,5.6358,1.6684,1.1383,0.2897,2.1531,0.3248,2.3797,0.3663,0.9617,0.3059,2.4347
2026-08-05 21:29:51.604,11.266667,107,16,0.007017,-1.4964,164.24,0,0,0,62.4840,223.666,0.04894,1,0,0,0,0,0.006934,0.000091,0.000520,0.000097,0.000718,0.000056,0.000147,0.000092,0.000244,0.000128,0.000281,0.000017,0.000087,0.000038,0.000234,-164.24,177.79,-169.11,-131.06,-13.57,-141.23,50.22,155.79,71.40,165.78,166.05,126.20,-72.33,100.30,69.16,223.5589,5.0803,5.2796,3.6171,5.6358,1.6684,1.1383,0.2897,2.1531,0.3248,2.3797,0.3663,0.9617,0.3059,2.4347
2026-08-05 21:29:51.604,11.283333,107,17,0.007057,-1.4961,163.32,0,0,0,62.4840,223.666,0.04894,1,0,0,0,0,0.006967,0.000060,0.000511,0.000104,0.000784,0.000040,0.000126,0.000062,0.000254,0.000141,0.000323,0.000007,0.000123,0.000079,0.000229,-163.32,-171.37,-169.98,-139.45,-14.97,-122.11,59.10,-168.23,78.99,165.96,170.26,-67.61,-82.16,126.67,69.59,223.5589,5.0803,5.2796,3.6171,5.6358,1.6684,1.1383,0.2897,2.1531,0.3248,2.3797,0.3663,0.9617,0.3059,2.4347
2026-08-05 21:29:51.604,11.300000,107,18,0.006996,-1.4909,164.55,0,0,0,62.4840,223.666,0.04894,1,0,0,0,0,0.006900,0.000064,0.000550,0.000097,0.000769,0.000043,0.000165,0.000100,0.000252,0.000112,0.000350,0.000075,0.000106,0.000031,0.000280,-164.55,-164.99,-166.10,-157.97,-15.59,-115.30,65.43,134.23,78.85,160.80,172.68,174.41,-69.53,90.11,52.82,223.5589,5.0803,5.2796,3.6171,5.6358,1.6684,1.1383,0.2897,2.1531,0.3248,2.3797,0.3663,0.9617,0.3059,2.4347
2026-08-05 21:29:51.604,11.316667,107,19,0.007041,-1.4972,163.68,0,0,0,62.4840,223.666,0.04894,1,0,0,0,0,0.006961,0.000079,0.000468,0.000078,0.000682,0.000085,0.000108,0.000102,0.000234,0.000148,0.000309,0.000031,0.000139,0.000061,0.000291,-163.68,-142.54,-175.33,-160.96,-13.49,-176.79,55.67,151.76,76.10,159.92,176.79,-129.78,-67.40,110.00,61.56,223.5589,5.0803,5.2796,3.6171,5.6358,1.6684,1.1383,0.2897,2.1531,0.3248,2.3797,0.3663,0.9617,0.3059,2.4347
2026-08-05 21:29:51.604,11.333333,107,20,0.007023,-1.4913,163.31,0,0,0,62.4840,223.666,0.04894,1,0,0,0,0,0.006945,0.000133,0.000489,0.000131,0.000684,0.000073,0.000124,0.000099,0.000180,0.000142,0.000249,0.000027,0.000108,0.000070,0.000304,-163.31,-169.73,-172.29,-84.39,-18.43,-165.88,50.03,177.02,73.79,152.51,-179.03,-72.38,-67.55,137.41,65.59,223.5589,5.0803,5.2796,3.6171,5.6358,1.6684,1.1383,0.2897,2.1531,0.3248,2.3797,0.3663,0.9617,0.3059,2.4347
2026-08-05 21:29:51.604,11.350000,107,21,0.007021,-1.4925,164.03,0,0,0,62.4840,223.666,0.04894,1,0,0,0,0,0.006924,0.000090,0.000572,0.000118,0.000774,0.000026,0.000177,0.000082,0.000270,0.000160,0.000316,0.000017,0.000124,0.000030,0.000223,-164.03,179.62,-170.86,-136.07,-16.20,161.04,62.36,151.12,80.18,162.62,170.83,-53.45,-69.94,125.30,51.43,223.5589,5.0803,5.2796,3.6171,5.6358,1.6684,1.1383,0.2897,2.1531,0.3248,2.3797,0.3663,0.9617,0.3059,2.4347
2026-08-05 21:29:51.604,11.366667,107,22,0.007035,-1.4959,163.70,0,0,0,62.4840,223.666,0.04894,1,0,0,0,0,0.006953,0.000113,0.000503,0.000097,0.000744,0.000071,0.000106,0.000056,0.000222,0.000094,0.000286,0.000022,0.000091,0.000059,0.000278,-163.70,-167.59,-169.39,-131.96,-15.22,-158.08,65.60,162.71,79.93,167.03,169.60,38.26,-83.57,115.01,61.40,223.5589,5.0803,5.2796,3.6171,5.6358,1.6684,1.1383,0.2897,2.1531,0.3248,2.3797,0.3663,0.9617,0.3059,2.4347
2026-08-05 21:29:51.604,11.383333,107,23,0.006979,-1.4849,163.94,0,0,0,62.4840,223.666,0.04894,1,0,0,0,0,0.006895,0.000131,0.000487,0.000155,0.000724,0.000066,0.000175,0.000091,0.000218,0.000123,0.000321,0.000036,0.000067,0.000077,0.000235,-163.94,160.90,-173.34,-100.74,-14.77,-155.58,71.90,141.27,72.86,168.73,175.69,52.04,-101.50,60.95,63.60,223.5589,5.0803,5.2796,3.6171,5.6358,1.6684,1.1383,0.2897,2.1531,0.3248,2.3797,0.3663,0.9617,0.3059,2.4347
2026-08-05 21:29:51.604,11.400000,107,24,0.007047,-1.5028,164.20,0,0,0,62.4840,223.666,0.04894,1,0,0,0,0,0.006967,0.000113,0.000477,0.000050,0.000733,0.000057,0.000114,0.000062,0.000244,0.000099,0.000281,0.000074,0.000079,0.000054,0.000253,-164.20,177.06,-168.23,-141.90,-17.72,-145.79,46.15,162.86,79.83,126.69,169.33,-167.54,-84.76,115.36,63.02,223.5589,5.0803,5.2796,3.6171,5.6358,1.6684,1.1383,0.2897,2.1531,0.3248,2.3797,0.3663,0.9617,0.3059,2.4347
2026-08-05 21:29:51.604,11.416667,107,25,0.006991,-1.4864,163.59,0,0,0,62.4840,223.666,0.04894,1,0,0,0,0,0.006910,0.000168,0.000493,0.000134,0.000680,0.000059,0.000172,0.000069,0.000192,0.000058,0.000317,0.000022,0.000109,0.000092,0.000249,-163.59,-175.32,-173.06,-102.25,-21.51,172.69,43.74,129.70,94.68,113.71,175.01,-88.92,-75.49,125.81,63.04,223.5589,5.0803,5.2796,3.6171,5.6358,1.6684,1.1383,0.2897,2.1531,0.3248,2.3797,0.3663,0.9617,0.3059,2.4347
2026-08-05 21:29:51.604,11.433333,107,26,0.007031,-1.4960,163.95,0,0,0,62.4840,223.666,0.04894,1,0,0,0,0,0.006946,0.000144,0.000497,0.000104,0.000750,0.000052,0.000122,0.000040,0.000164,0.000162,0.000324,0.000006,0.000141,0.000048,0.000226,-163.95,-164.97,-172.20,-121.66,-11.20,-94.64,55.91,122.69,92.14,147.49,167.45,31.22,-76.75,115.13,56.53,223.5589,5.0803,5.2796,3.6171,5.6358,1.6684,1.1383,0.2897,2.1531,0.3248,2.3797,0.3663,0.9617,0.3059,2.4347
2026-08-05 21:29:51.604,11.450000,107,27,0.007053,-1.4983,163.75,0,0,0,62.4840,223.666,0.04894,1,0,0,0,0,0.006961,0.000123,0.000571,0.000089,0.000774,0.000103,0.000148,0.000086,0.000223,0.000137,0.000270,0.000017,0.000129,0.000046,0.000253,-163.75,-135.98,-170.37,-93.66,-15.85,-177.76,40.47,160.15,77.97,162.47,169.42,-47.95,-92.80,148.41,63.63,223.5589,5.0803,5.2796,3.6171,5.6358,1.6684,1.1383,0.2897,2.1531,0.3248,2.3797,0.3663,0.9617,0.3059,2.4347
2026-08-05 21:29:51.604,11.466667,107,28,0.007057,-1.4981,163.60,0,0,0,62.4840,223.666,0.04894,1,0,0,0,0,0.006970,0.000030,0.000495,0.000087,0.000751,0.000093,0.000147,0.000130,0.000233,0.000140,0.000330,0.000012,0.000088,0.000030,0.000248,-163.60,-169.67,-169.76,-116.59,-12.85,-172.63,46.68,-154.71,71.14,157.27,178.71,-121.85,-111.84,93.13,68.22,223.5589,5.0803,5.2796,3.6171,5.6358,1.6684,1.1383,0.2897,2.1531,0.3248,2.3797,0.3663,0.9617,0.3059,2.4347
2026-08-05 21:29:51.604,11.483333,107,29,0.006996,-1.4886,163.94,0,0,0,62.4840,223.666,0.04894,1,0,0,0,0,0.006910,0.000127,0.000535,0.000101,0.000693,0.000091,0.000191,0.000076,0.000182,0.000088,0.000306,0.000016,0.000164,0.000089,0.000298,-163.94,173.34,-170.75,-113.18,-16.41,-111.94,67.34,174.60,78.04,150.39,175.91,84.87,-58.47,113.92,55.46,223.5589,5.0803,5.2796,3.6171,5.6358,1.6684,1.1383,0.2897,2.1531,0.3248,2.3797,0.3663,0.9617,0.3059,2.4347
2026-08-05 21:29:51.850,11.500000,108,0,0.006968,-1.4795,163.58,0,0,0,62.4800,223.673,0.04893,1,0,0,0,0,0.006880,0.000114,0.000525,0.000112,0.000734,0.000008,0.000140,0.000044,0.000217,0.000100,0.000320,0.000033,0.000147,0.000105,0.000238,-163.58,167.17,-170.28,-130.91,-14.18,137.50,74.41,109.70,82.58,172.15,170.60,-45.62,-76.69,140.11,54.29,223.5657,5.0828,5.2822,3.6185,5.6225,1.6647,1.1278,0.3067,2.1480,0.3175,2.3889,0.3561,0.9671,0.2790,2.4439
2026-08-05 21:29:51.850,11.516667,108,1,0.007012,-1.4921,163.78,0,0,0,62.4800,223.673,0.04893,1,0,0,0,0,0.006931,0.000141,0.000498,0.000088,0.000724,0.000090,0.000122,0.000090,0.000257,0.000078,0.000304,0.000062,0.000104,0.000045,0.000225,-163.78,-149.40,-176.15,-119.26,-14.24,154.46,46.83,-174.29,84.27,149.85,170.58,-24.21,-79.26,101.54,58.02,223.5657,5.0828,5.2822,3.6185,5.6225,1.6647,1.1278,0.3067,2.1480,0.3175,2.3889,0.3561,0.9671,0.2790,2.4439
2026-08-05 21:29:51.850,11.533333,108,2,0.007070,-1.5043,163.75,0,0,0,62.4800,223.673,0.04893,1,0,0,0,0,0.006993,0.000112,0.000468,0.000114,0.000736,0.000063,0.000116,0.000089,0.000188,0.000113,0.000259,0.000022,0.000082,0.000086,0.000242,-163.75,-168.96,-176.27,-117.00,-13.40,158.14,48.07,-174.63,87.16,158.93,165.98,-96.13,-72.86,111.08,58.72,223.5657,5.0828,5.2822,3.6185,5.6225,1.6647,1.1278,0.3067,2.1480,0.3175,2.3889,0.3561,0.9671,0.2790,2.4439
2026-08-05 21:29:51.850,11.550000,108,3,0.007008,-1.4908,163.75,0,0,0,62.4800,223.673,0.04893,1,0,0,0,0,0.006927,0.000128,0.000518,0.000061,0.000691,0.000015,0.000129,0.000077,0.000233,0.000150,0.000289,0.000055,0.000139,0.000070,0.000299,-163.75,-159.37,-169.79,-168.80,-16.23,-130.13,49.70,167.31,72.51,162.39,171.28,-119.15,-73.82,107.27,63.97,223.5657,5.0828,5.2822,3.6185,5.6225,1.6647,1.1278,0.3067,2.1480,0.3175,2.3889,0.3561,0.9671,0.2790,2.4439
2026-08-05 21:29:51.850,11.566667,108,4,0.007045,-1.4993,164.05,0,0,0,62.4800,223.673,0.04893,1,0,0,0,0,0.006956,0.000123,0.000516,0.000163,0.000760,0.000030,0.000126,0.000079,0.000163,0.000138,0.000305,0.000014,0.000121,0.000071,0.000240,-164.05,-151.48,-169.54,-131.73,-11.52,-119.52,59.43,161.90,77.34,142.21,174.93,37.29,-86.68,120.26,51.45,223.5657,5.0828,5.2822,3.6185,5.6225,1.6647,1.1278,0.3067,2.1480,0.3175,2.3889,0.3561,0.9671,0.2790,2.4439
2026-08-05 21:29:51.850,11.583333,108,5,0.007047,-1.4975,163.69,0,0,0,62.4800,223.673,0.04893,1,0,0,0,0,0.006960,0.000129,0.000506,0.000102,0.000731,0.000077,0.000161,0.000090,0.000195,0.000130,0.000304,0.000034,0.000136,0.000068,0.000264,-163.69,-167.06,-169.88,-124.67,-18.38,178.98,58.15,-160.55,73.38,146.17,169.94,12.63,-86.96,156.28,53.84,223.5657,5.0828,5.2822,3.6185,5.6225,1.6647,1.1278,0.3067,2.1480,0.3175,2.3889,0.3561,0.9671,0.2790,2.4439
2026-08-05 21:29:51.850,11.600000,108,6,0.007034,-1.4951,163.82,0,0,0,62.4800,223.673,0.04893,1,0,0,0,0,0.006945,0.000136,0.000545,0.000125,0.000725,0.000058,0.000142,0.000079,0.000196,0.000170,0.000244,0.000049,0.000151,0.000071,0.000274,-163.82,-166.66,-171.82,-126.61,-16.54,125.21,64.05,171.56,72.76,160.39,170.54,174.06,-72.02,138.94,55.75,223.5657,5.0828,5.2822,3.6185,5.6225,1.6647,1.1278,0.3067,2.1480,0.3175,2.3889,0.3561,0.9671,0.2790,2.4439
2026-08-05 21:29:51.850,11.616667,108,7,0.007027,-1.4918,163.51,0,0,0,62.4800,223.673,0.04893,1,0,0,0,0,0.006940,0.000097,0.000508,0.000103,0.000729,0.000046,0.000124,0.000091,0.000202,0.000173,0.000304,0.000017,0.000153,0.000060,0.000351,-163.51,-170.61,-170.30,-132.70,-16.95,-129.23,74.42,159.66,66.79,166.49,-179.77,-79.69,-86.36,140.50,59.39,223.5657,5.0828,5.2822,3.6185,5.6225,1.6647,1.1278,0.3067,2.1480,0.3175,2.3889,0.3561,0.9671,0.2790,2.4439
2026-08-05 21:29:51.850,11.633333,108,8,0.007041,-1.4953,163.66,0,0,0,62.4800,223.673,0.04893,1,0,0,0,0,0.006952,0.000068,0.000520,0.000085,0.000767,0.000102,0.000158,0.000094,0.000221,0.000158,0.000295,0.000024,0.000138,0.000036,0.000281,-163.66,136.08,-173.33,-135.04,-14.85,166.72,74.27,-166.59,78.94,167.56,-177.57,61.76,-70.90,130.43,58.24,223.5657,5.0828,5.2822,3.6185,5.6225,1.6647,1.1278,0.3067,2.1480,0.3175,2.3889,0.3561,0.9671,0.2790,2.4439
2026-08-05 21:29:51.850,11.650000,108,9,0.006981,-1.4849,163.80,0,0,0,62.4800,223.673,0.04893,1,0,0,0,0,0.006900,0.000160,0.000494,0.000080,0.000690,0.000065,0.000152,0.000061,0.000183,0.000105,0.000216,0.000027,0.000138,0.000105,0.000284,-163.80,-172.39,-172.48,-113.19,-13.84,-156.24,66.24,-161.28,93.40,165.63,173.67,25.87,-92.89,105.44,63.72,223.5657,5.0828,5.2822,3.6185,5.6225,1.6647,1.1278,0.3067,2.1480,0.3175,2.3889,0.3561,0.9671,0.2790,2.4439
2026-08-05 21:29:51.850,11.666667,108,10,0.006987,-1.4813,163.53,0,0,0,62.4800,223.673,0.04893,1,0,0,0,0,0.006889,0.000112,0.000546,0.000116,0.000794,0.000063,0.000187,0.000110,0.000221,0.000147,0.000358,0.000014,0.000110,0.000045,0.000239,-163.53,-153.98,-171.96,-109.71,-15.47,-99.89,64.63,-163.98,83.32,166.64,174.49,-68.91,-105.85,123.51,61.86,223.5657,5.0828,5.2822,3.6185,5.6225,1.6647,1.1278,0.3067,2.1480,0.3175,2.3889,0.3561,0.9671,0.2790,2.4439
2026-08-05 21:29:51.850,11.683333,108,11,0.006782,-1.3484,168.52,0,0,0,62.4800,223.673,0.04893,1,0,0,0,0,0.006149,0.000770,0.000965,0.000207,0.000702,0.000349,0.000577,0.000751,0.000705,0.000949,0.000487,0.000646,0.000313,0.000097,0.000399,-168.52,-94.42,166.77,2.56,-12.24,-81.03,141.07,29.91,-108.19,124.76,-13.62,-140.55,78.20,-23.60,43.48,223.5657,5.0828,5.2822,3.6185,5.6225,1.6647,1.1278,0.3067,2.1480,0.3175,2.3889,0.3561,0.9671,0.2790,2.4439
2026-08-05 21:29:51.850,11.700000,108,12,0.007042,-1.4944,163.32,0,0,0,62.4800,223.673,0.04893,1,0,0,0,0,0.006961,0.000111,0.000529,0.000131,0.000703,0.000066,0.000178,0.000084,0.000210,0.000117,0.000277,0.000019,0.000103,0.000050,0.000253,-163.32,-171.40,-172.41,-110.48,-15.68,-174.78,48.16,-170.68,81.52,141.99,171.35,-59.50,-70.15,92.93,58.23,223.5657,5.0828,5.2822,3.6185,5.6225,1.6647,1.1278,0.3067,2.1480,0.3175,2.3889,0.3561,0.9671,0.2790,2.4439
2026-08-05 21:29:51.850,11.716667,108,13,0.007026,-1.4916,163.56,0,0,0,62.4800,223.673,0.04893,1,0,0,0,0,0.006938,0.000057,0.000535,0.000123,0.000760,0.000058,0.000117,0.000115,0.000210,0.000069,0.000226,0.000012,0.000052,0.000129,0.000284,-163.56,-160.08,-170.81,-116.91,-18.62,178.59,67.97,176.24,71.30,171.26,168.47,159.37,-41.76,121.93,66.44,223.5657,5.0828,5.2822,3.6185,5.6225,1.6647,1.1278,0.3067,2.1480,0.3175,2.3889,0.3561,0.9671,0.2790,2.4439
2026-08-05 21:29:51.850,11.733333,108,14,0.006964,-1.4806,164.01,0,0,0,62.4800,223.673,0.04893,1,0,0,0,0,0.006872,0.000027,0.000545,0.000097,0.000710,0.000032,0.000106,0.000074,0.000256,0.000138,0.000356,0.000032,0.000104,0.000007,0.000305,-164.01,-167.29,-171.48,-130.56,-12.10,-168.99,78.15,150.12,66.97,-179.63,173.81,133.71,-78.16,113.61,47.78,223.5657,5.0828,5.2822,3.6185,5.6225,1.6647,1.1278,0.3067,2.1480,0.3175,2.3889,0.3561,0.9671,0.2790,2.4439
2026-08-05 21:29:51.850,11.750000,108,15,0.006998,-1.4906,163.98,0,0,0,62.4800,223.673,0.04893,1,0,0,0,0,0.006919,0.000135,0.000495,0.000070,0.000717,0.000064,0.000146,0.000107,0.000181,0.000113,0.000298,0.000040,0.000102,0.000052,0.000278,-163.98,170.27,-169.40,-115.80,-15.95,-108.86,67.08,135.19,89.58,155.81,168.97,-145.62,-66.38,99.16,66.29,223.5657,5.0828,5.2822,3.6185,5.6225,1.6647,1.1278,0.3067,2.1480,0.3175,2.3889,0.3561,0.9671,0.2790,2.4439
2026-08-05 21:29:51.850,11.766667,108,16,0.007016,-1.4956,164.25,0,0,0,62.4800,223.673,0.04893,1,0,0,0,0,0.006934,0.000105,0.000483,0.000123,0.000730,0.000078,0.000141,0.000134,0.000223,0.000157,0.000260,0.000019,0.000126,0.000068,0.000233,-164.25,-163.79,179.13,-133.60,-12.77,156.02,73.61,178.49,82.30,179.53,175.69,-116.87,-76.44,73.80,56.30,223.5657,5.0828,5.2822,3.6185,5.6225,1.6647,1.1278,0.3067,2.1480,0.3175,2.3889,0.3561,0.9671,0.2790,2.4439
2026-08-05 21:29:51.850,11.783333,108,17,0.006976,-1.4825,163.55,0,0,0,62.4800,223.673,0.04893,1,0,0,0,0,0.006894,0.000121,0.000528,0.000084,0.000715,0.000061,0.000136,0.000106,0.000177,0.000123,0.000296,0.000023,0.000114,0.000039,0.000250,-163.55,-155.06,-173.99,-125.42,-16.62,168.28,57.37,-172.34,83.03,155.95,167.25,-157.09,-83.10,117.56,57.70,223.5657,5.0828,5.2822,3.6185,5.6225,1.6647,1.1278,0.3067,2.1480,0.3175,2.3889,0.3561,0.9671,0.2790,2.4439
2026-08-05 21:29:51.850,11.800000,108,18,0.007014,-1.4929,163.93,0,0,0,62.4800,223.673,0.04893,1,0,0,0,0,0.006929,0.000056,0.000524,0.000097,0.000702,0.000100,0.000160,0.000088,0.000233,0.000098,0.000298,0.000024,0.000136,0.000101,0.000313,-163.93,170.89,-164.91,-138.66,-16.17,-142.55,54.55,-177.54,78.01,177.20,179.85,123.21,-82.07,109.23,56.93,223.5657,5.0828,5.2822,3.6185,5.6225,1.6647,1.1278,0.3067,2.1480,0.3175,2.3889,0.3561,0.9671,0.2790,2.4439
2026-08-05 21:29:51.850,11.816667,108,19,0.006958,-1.4790,163.78,0,0,0,62.4800,223.673,0.04893,1,0,0,0,0,0.006870,0.000125,0.000537,0.000119,0.000750,0.000075,0.000150,0.000070,0.000226,0.000136,0.000310,0.000010,0.000108,0.000041,0.000263,-163.78,-173.52,-172.95,-126.74,-13.68,-134.04,55.38,-176.64,80.93,168.90,175.58,43.67,-108.51,119.29,72.54,223.5657,5.0828,5.2822,3.6185,5.6225,1.6647,1.1278,0.3067,2.1480,0.3175,2.3889,0.3561,0.9671,0.2790,2.4439
2026-08-05 21:29:51.850,11.833333,108,20,0.007011,-1.4915,163.75,0,0,0,62.4800,223.673,0.04893,1,0,0,0,0,0.006929,0.000115,0.000530,0.000090,0.000716,0.000079,0.000172,0.000102,0.000203,0.000118,0.000264,0.000035,0.000107,0.000080,0.000258,-163.75,-175.30,-171.71,-133.36,-14.85,-167.43,58.42,172.41,75.27,155.66,176.76,-144.78,-82.45,124.79,65.46,223.5657,5.0828,5.2822,3.6185,5.6225,1.6647,1.1278,0.3067,2.1480,0.3175,2.3889,0.3561,0.9671,0.2790,2.4439
2026-08-05 21:29:51.850,11.850000,108,21,0.007036,-1.4920,163.29,0,0,0,62.4800,223.673,0.04893,1,0,0,0,0,0.006948,0.000053,0.000527,0.000113,0.000762,0.000026,0.000098,0.000090,0.000222,0.000139,0.000290,0.000075,0.000064,0.000082,0.000239,-163.29,-169.68,-167.37,-110.73,-18.65,-30.46,50.61,174.33,76.42,146.56,173.60,-154.59,-59.55,122.77,52.31,223.5657,5.0828,5.2822,3.6185,5.6225,1.6647,1.1278,0.3067,2.1480,0.3175,2.3889,0.3561,0.9671,0.2790,2.4439
2026-08-05 21:29:51.850,11.866667,108,22,0.007048,-1.4958,163.48,0,0,0,62.4800,223.673,0.04893,1,0,0,0,0,0.006959,0.000114,0.000500,0.000095,0.000772,0.000076,0.000170,0.000064,0.000199,0.000153,0.000301,0.000014,0.000138,0.000130,0.000262,-163.48,-152.68,-168.66,-135.29,-13.83,-132.59,48.77,170.41,96.84,156.94,173.93,50.15,-99.26,82.73,53.87,223.5657,5.0828,5.2822,3.6185,5.6225,1.6647,1.1278,0.3067,2.1480,0.3175,2.3889,0.3561,0.9671,0.2790,2.4439
2026-08-05 21:29:51.850,11.883333,108,23,0.006896,-1.3534,166.80,0,0,0,62.4800,223.673,0.04893,1,0,0,0,0,0.006173,0.000767,0.000672,0.000264,0.000795,0.000407,0.000738,0.000718,0.001072,0.000748,0.001077,0.000626,0.000520,0.000200,0.000352,-166.80,-119.63,146.25,-59.63,-17.44,-157.88,56.56,-98.78,112.76,-28.10,-176.11,43.04,-93.65,108.73,86.82,223.5657,5.0828,5.2822,3.6185,5.6225,1.6647,1.1278,0.3067,2.1480,0.3175,2.3889,0.3561,0.9671,0.2790,2.4439
2026-08-05 21:29:51.850,11.900000,108,24,0.007259,-1.5121,166.89,0,0,0,62.4800,223.673,0.04893,1,0,0,0,0,0.006938,0.000362,0.000598,0.000539,0.000451,0.000446,0.000472,0.000482,0.000536,0.000553,0.000159,0.000437,0.000518,0.000446,0.000731,-166.89,15.34,-121.03,-135.09,11.36,59.60,-3.01,-115.53,150.10,110.04,43.91,-66.15,-124.41,136.53,55.18,223.5657,5.0828,5.2822,3.6185,5.6225,1.6647,1.1278,0.3067,2.1480,0.3175,2.3889,0.3561,0.9671,0.2790,2.4439
2026-08-05 21:29:51.850,11.916667,108,25,0.007590,-1.5821,167.24,0,0,0,62.4800,223.673,0.04893,1,0,0,0,0,0.007248,0.000481,0.000223,0.000426,0.001162,0.000447,0.000289,0.000462,0.000648,0.000459,0.000199,0.000402,0.000553,0.000398,0.000250,-167.24,95.18,134.68,-16.22,-30.41,-107.00,-171.19,160.44,97.96,82.71,53.34,-37.50,-75.13,-129.14,149.08,223.5657,5.0828,5.2822,3.6185,5.6225,1.6647,1.1278,0.3067,2.1480,0.3175,2.3889,0.3561,0.9671,0.2790,2.4439
2026-08-05 21:29:51.850,11.933333,108,26,0.007221,-1.4321,159.66,0,0,0,62.4800,223.673,0.04893,1,0,0,0,0,0.006819,0.000436,0.000941,0.000520,0.000704,0.000523,0.000551,0.000545,0.000246,0.000356,0.000738,0.000477,0.000394,0.000444,0.000485,-159.66,82.34,-159.92,-32.76,26.07,-136.56,18.46,133.22,-116.59,34.75,163.69,-85.35,20.45,169.30,-21.46,223.5657,5.0828,5.2822,3.6185,5.6225,1.6647,1.1278,0.3067,2.1480,0.3175,2.3889,0.3561,0.9671,0.2790,2.4439
2026-08-05 21:29:51.850,11.950000,108,27,0.007086,-1.5071,163.95,0,0,0,62.4800,223.673,0.04893,1,0,0,0,0,0.006993,0.000119,0.000454,0.000057,0.000803,0.000067,0.000191,0.000052,0.000251,0.000080,0.000360,0.000037,0.000130,0.000091,0.000292,-163.95,-153.82,-163.10,-104.43,-18.72,-147.67,69.22,174.33,86.77,147.93,167.19,8.21,-94.60,110.97,64.83,223.5657,5.0828,5.2822,3.6185,5.6225,1.6647,1.1278,0.3067,2.1480,0.3175,2.3889,0.3561,0.9671,0.2790,2.4439
2026-08-05 21:29:51.850,11.966667,108,28,0.007110,-1.5077,163.54,0,0,0,62.4800,223.673,0.04893,1,0,0,0,0,0.007014,0.000090,0.000532,0.000100,0.000784,0.000017,0.000157,0.000077,0.000225,0.000132,0.000352,0.000006,0.000128,0.000021,0.000357,-163.54,-171.38,-159.59,-105.97,-16.18,-110.68,56.89,-176.40,76.92,166.40,179.44,29.47,-61.67,51.76,57.97,223.5657,5.0828,5.2822,3.6185,5.6225,1.6647,1.1278,0.3067,2.1480,0.3175,2.3889,0.3561,0.9671,0.2790,2.4439
2026-08-05 21:29:51.850,11.983333,108,29,0.007032,-1.4954,164.05,0,0,0,62.4800,223.673,0.04893,1,0,0,0,0,0.006934,0.000127,0.000504,0.000071,0.000761,0.000041,0.000238,0.000092,0.000234,0.000110,0.000348,0.000032,0.000150,0.000054,0.000291,-164.05,148.82,-166.72,-78.56,-13.90,-117.45,79.64,142.65,90.79,147.58,-177.22,-151.06,-63.54,136.00,44.23,223.5657,5.0828,5.2822,3.6185,5.6225,1.6647,1.1278,0.3067,2.1480,0.3175,2.3889,0.3561,0.9671,0.2790,2.4439
2026-08-05 21:29:52.115,12.000000,109,0,0.007046,-1.4975,163.98,0,0,0,62.4800,223.731,0.04905,1,0,0,0,0,0.006950,0.000105,0.000524,0.000109,0.000778,0.000051,0.000147,0.000074,0.000282,0.000115,0.000314,0.000037,0.000101,0.000102,0.000241,-163.98,-139.17,-165.71,-111.93,-13.45,-137.15,80.61,177.24,77.22,168.68,177.10,52.93,-87.28,107.01,52.57,223.6228,5.0906,5.3053,3.6130,5.6136,1.6673,1.1750,0.2974,2.1734,0.3379,2.4598,0.3906,1.0273,0.3058,2.3873
2026-08-05 21:29:52.115,12.016667,109,1,0.007070,-1.5020,163.91,0,0,0,62.4800,223.731,0.04905,1,0,0,0,0,0.006972,0.000073,0.000502,0.000111,0.000814,0.000059,0.000139,0.000067,0.000216,0.000170,0.000325,0.000021,0.000131,0.000056,0.000306,-163.91,165.93,-165.92,-119.81,-16.74,169.31,71.63,158.33,82.01,167.19,-179.44,1.27,-45.22,123.16,47.52,223.6228,5.0906,5.3053,3.6130,5.6136,1.6673,1.1750,0.2974,2.1734,0.3379,2.4598,0.3906,1.0273,0.3058,2.3873
2026-08-05 21:29:52.115,12.033333,109,2,0.007143,-1.5118,163.02,0,0,0,62.4800,223.731,0.04905,1,0,0,0,0,0.007048,0.000114,0.000512,0.000078,0.000775,0.000059,0.000208,0.000034,0.000252,0.000139,0.000341,0.000051,0.000135,0.000109,0.000302,-163.02,-174.21,-167.66,-114.07,-14.38,-166.03,62.42,-161.17,82.09,141.55,178.20,45.90,-77.22,89.30,43.30,223.6228,5.0906,5.3053,3.6130,5.6136,1.6673,1.1750,0.2974,2.1734,0.3379,2.4598,0.3906,1.0273,0.3058,2.3873
2026-08-05 21:29:52.115,12.050000,109,3,0.006973,-1.4312,162.70,0,0,0,62.4800,223.731,0.04905,1,0,0,0,0,0.006691,0.000160,0.000596,0.000394,0.000769,0.000124,0.000252,0.000492,0.000272,0.000508,0.000361,0.000149,0.000155,0.000167,0.000379,-162.70,-164.77,175.08,-78.45,2.49,-148.12,-10.15,114.77,-56.56,116.61,-136.13,158.85,-30.14,-146.09,65.28,223.6228,5.0906,5.3053,3.6130,5.6136,1.6673,1.1750,0.2974,2.1734,0.3379,2.4598,0.3906,1.0273,0.3058,2.3873
2026-08-05 21:29:52.115,12.066667,109,4,0.007083,-1.5070,163.94,0,0,0,62.4800,223.731,0.04905,1,0,0,0,0,0.006996,0.000094,0.000507,0.000031,0.000744,0.000029,0.000150,0.000043,0.000243,0.000098,0.000286,0.000014,0.000118,0.000051,0.000290,-163.94,-178.55,-163.65,-137.82,-16.00,-126.18,51.90,160.81,78.64,142.81,176.40,29.57,-75.31,68.74,69.44,223.6228,5.0906,5.3053,3.6130,5.6136,1.6673,1.1750,0.2974,2.1734,0.3379,2.4598,0.3906,1.0273,0.3058,2.3873
2026-08-05 21:29:52.115,12.083333,109,5,0.007112,-1.5087,164.03,0,0,0,62.4800,223.731,0.04905,1,0,0,0,0,0.007001,0.000101,0.000521,0.000202,0.000781,0.000036,0.000153,0.000057,0.000282,0.000120,0.000294,0.000026,0.000154,0.000073,0.000400,-164.03,69.37,-157.96,-133.47,-13.36,26.47,55.48,156.92,90.88,138.52,168.62,-134.34,-94.64,142.86,44.61,223.6228,5.0906,5.3053,3.6130,5.6136,1.6673,1.1750,0.2974,2.1734,0.3379,2.4598,0.3906,1.0273,0.3058,2.3873
2026-08-05 21:29:52.115,12.100000,109,6,0.005488,-0.3573,137.02,0,0,0,62.4800,223.731,0.04905,1,0,0,0,0,0.002086,0.002949,0.000732,0.001742,0.001826,0.000626,0.000506,0.000598,0.000595,0.000655,0.000706,0.001048,0.000792,0.001200,0.000500,-137.02,-155.67,-11.03,93.02,-75.17,141.33,37.99,-54.81,106.71,164.00,14.40,-143.73,113.09,-39.09,-179.25,223.6228,5.0906,5.3053,3.6130,5.6136,1.6673,1.1750,0.2974,2.1734,0.3379,2.4598,0.3906,1.0273,0.3058,2.3873
2026-08-05 21:29:52.115,12.116667,109,7,0.008279,-1.3737,-164.26,0,0,0,62.4800,223.731,0.04905,1,0,0,0,0,0.006438,0.003158,0.002948,0.001664,0.001464,0.000252,0.000542,0.000556,0.000631,0.000579,0.000251,0.000375,0.000204,0.000196,0.000295,164.26,-18.74,-124.44,147.28,12.90,-111.19,48.37,-69.38,165.58,88.49,-96.75,-170.16,30.94,-69.10,88.90,223.6228,5.0906,5.3053,3.6130,5.6136,1.6673,1.1750,0.2974,2.1734,0.3379,2.4598,0.3906,1.0273,0.3058,2.3873
2026-08-05 21:29:52.115,12.133333,109,8,0.007157,-1.5206,163.50,0,0,0,62.4800,223.731,0.04905,1,0,0,0,0,0.007070,0.000153,0.000461,0.000116,0.000747,0.000070,0.000176,0.000059,0.000251,0.000137,0.000290,0.000017,0.000135,0.000020,0.000286,-163.50,175.13,-167.72,-101.68,-16.89,167.86,53.78,-147.37,80.38,135.21,-176.53,120.93,-75.98,49.00,57.65,223.6228,5.0906,5.3053,3.6130,5.6136,1.6673,1.1750,0.2974,2.1734,0.3379,2.4598,0.3906,1.0273,0.3058,2.3873
2026-08-05 21:29:52.115,12.150000,109,9,0.007094,-1.5033,163.28,0,0,0,62.4800,223.731,0.04905,1,0,0,0,0,0.007002,0.000103,0.000466,0.000090,0.000762,0.000070,0.000187,0.000087,0.000228,0.000155,0.000361,0.000033,0.000180,0.000070,0.000306,-163.28,167.16,-162.94,-117.09,-13.06,-141.37,62.17,164.19,89.76,170.49,177.62,23.71,-72.68,94.20,51.58,223.6228,5.0906,5.3053,3.6130,5.6136,1.6673,1.1750,0.2974,2.1734,0.3379,2.4598,0.3906,1.0273,0.3058,2.3873
2026-08-05 21:29:52.115,12.166667,109,10,0.007222,-1.1093,146.97,0,0,0,62.4800,223.731,0.04905,1,0,0,0,0,0.005895,0.002046,0.002187,0.001479,0.000696,0.001240,0.001155,0.000791,0.000839,0.000343,0.000365,0.000259,0.000258,0.000485,0.000687,-146.97,114.33,-116.95,36.10,-160.61,-38.54,100.71,-108.06,61.02,-164.62,150.95,-82.87,71.95,-138.92,27.59,223.6228,5.0906,5.3053,3.6130,5.6136,1.6673,1.1750,0.2974,2.1734,0.3379,2.4598,0.3906,1.0273,0.3058,2.3873
2026-08-05 21:29:52.115,12.183333,109,11,0.007061,-1.5001,163.96,0,0,0,62.4800,223.731,0.04905,1,0,0,0,0,0.006961,0.000110,0.000541,0.000100,0.000783,0.000061,0.000197,0.000124,0.000263,0.000089,0.000377,0.000070,0.000167,0.000048,0.000277,-163.96,172.52,-157.05,-116.55,-12.08,-110.75,50.25,147.00,95.82,164.28,174.23,-178.53,-91.40,64.42,43.97,223.6228,5.0906,5.3053,3.6130,5.6136,1.6673,1.1750,0.2974,2.1734,0.3379,2.4598,0.3906,1.0273,0.3058,2.3873
2026-08-05 21:29:52.115,12.200000,109,12,0.007079,-1.5079,164.28,0,0,0,62.4800,223.731,0.04905,1,0,0,0,0,0.006986,0.000068,0.000516,0.000100,0.000761,0.000059,0.000173,0.000110,0.000197,0.000128,0.000329,0.000037,0.000221,0.000085,0.000310,-164.28,155.84,-162.34,-137.14,-14.57,-135.24,62.08,150.71,91.47,173.25,-173.98,168.60,-85.85,107.75,43.08,223.6228,5.0906,5.3053,3.6130,5.6136,1.6673,1.1750,0.2974,2.1734,0.3379,2.4598,0.3906,1.0273,0.3058,2.3873
2026-08-05 21:29:52.115,12.216667,109,13,0.007266,-1.4022,172.24,0,0,0,62.4800,223.731,0.04905,1,0,0,0,0,0.006318,0.001113,0.001660,0.000976,0.001733,0.000900,0.000985,0.000695,0.000642,0.000853,0.000407,0.000706,0.000474,0.000546,0.000336,-172.24,-48.41,-160.22,89.48,-23.73,-148.81,87.54,-27.47,-159.68,109.76,-26.65,-130.46,125.08,19.56,-65.53,223.6228,5.0906,5.3053,3.6130,5.6136,1.6673,1.1750,0.2974,2.1734,0.3379,2.4598,0.3906,1.0273,0.3058,2.3873
2026-08-05 21:29:52.115,12.233333,109,14,0.007108,-1.5098,163.82,0,0,0,62.4800,223.731,0.04905,1,0,0,0,0,0.007012,0.000104,0.000487,0.000110,0.000830,0.000044,0.000193,0.000121,0.000226,0.000117,0.000303,0.000040,0.000134,0.000060,0.000265,-163.82,173.87,-164.57,-137.78,-12.09,178.47,65.90,-179.88,95.36,166.49,-178.88,-87.37,-87.36,118.61,48.38,223.6228,5.0906,5.3053,3.6130,5.6136,1.6673,1.1750,0.2974,2.1734,0.3379,2.4598,0.3906,1.0273,0.3058,2.3873
2026-08-05 21:29:52.115,12.250000,109,15,0.007150,-1.5143,163.25,0,0,0,62.4800,223.731,0.04905,1,0,0,0,0,0.007052,0.000073,0.000524,0.000094,0.000815,0.000084,0.000173,0.000059,0.000233,0.000196,0.000297,0.000036,0.000158,0.000104,0.000311,-163.25,176.70,-171.08,-123.85,-17.77,-176.05,63.47,-157.06,86.04,151.30,-173.84,136.30,-73.38,107.67,47.90,223.6228,5.0906,5.3053,3.6130,5.6136,1.6673,1.1750,0.2974,2.1734,0.3379,2.4598,0.3906,1.0273,0.3058,2.3873
2026-08-05 21:29:52.115,12.266667,109,16,0.009570,-1.8819,172.60,0,0,0,62.4800,223.731,0.04905,1,0,0,0,0,0.008506,0.001656,0.001790,0.001423,0.001766,0.001541,0.000870,0.000442,0.001062,0.000723,0.000517,0.000269,0.000343,0.000979,0.000596,-172.60,89.34,62.48,26.07,-34.11,-85.36,-87.14,158.57,128.97,165.28,-138.22,-28.56,102.01,125.77,98.43,223.6228,5.0906,5.3053,3.6130,5.6136,1.6673,1.1750,0.2974,2.1734,0.3379,2.4598,0.3906,1.0273,0.3058,2.3873
2026-08-05 21:29:52.115,12.283333,109,17,0.007593,-1.5845,163.97,0,0,0,62.4800,223.731,0.04905,1,0,0,0,0,0.007334,0.000407,0.000808,0.000420,0.000813,0.000342,0.000199,0.000288,0.000226,0.000212,0.000177,0.000296,0.000377,0.000326,0.000651,-163.97,-153.24,-153.39,-121.09,-37.47,-104.94,-57.51,-80.43,0.25,-51.23,-112.60,-9.62,-20.45,18.82,39.20,223.6228,5.0906,5.3053,3.6130,5.6136,1.6673,1.1750,0.2974,2.1734,0.3379,2.4598,0.3906,1.0273,0.3058,2.3873
2026-08-05 21:29:52.115,12.300000,109,18,0.007182,-1.5203,163.33,0,0,0,62.4800,223.731,0.04905,1,0,0,0,0,0.007075,0.000122,0.000529,0.000116,0.000853,0.000094,0.000160,0.000035,0.000257,0.000124,0.000319,0.000066,0.000148,0.000092,0.000311,-163.33,-172.79,-159.76,-103.43,-15.88,-144.20,56.69,129.69,79.21,150.80,176.58,-16.11,-76.78,104.66,48.46,223.6228,5.0906,5.3053,3.6130,5.6136,1.6673,1.1750,0.2974,2.1734,0.3379,2.4598,0.3906,1.0273,0.3058,2.3873
2026-08-05 21:29:52.115,12.316667,109,19,0.007863,-1.5704,166.39,0,0,0,62.4800,223.731,0.04905,1,0,0,0,0,0.007216,0.000481,0.001191,0.000311,0.001377,0.000697,0.000125,0.000588,0.000715,0.000236,0.000770,0.000641,0.000351,0.000527,0.000792,-166.39,-80.58,-131.37,-150.56,-6.96,-51.58,133.33,77.17,30.53,-118.61,144.65,66.99,-49.53,173.21,101.62,223.6228,5.0906,5.3053,3.6130,5.6136,1.6673,1.1750,0.2974,2.1734,0.3379,2.4598,0.3906,1.0273,0.3058,2.3873
2026-08-05 21:29:52.115,12.333333,109,20,0.007183,-1.5241,164.16,0,0,0,62.4800,223.731,0.04905,1,0,0,0,0,0.007069,0.000183,0.000567,0.000042,0.000776,0.000092,0.000273,0.000073,0.000224,0.000025,0.000277,0.000099,0.000266,0.000102,0.000284,-164.16,164.42,-179.88,128.28,-7.69,63.07,52.31,70.75,60.62,112.48,-165.05,-74.66,-74.47,-125.33,35.30,223.6228,5.0906,5.3053,3.6130,5.6136,1.6673,1.1750,0.2974,2.1734,0.3379,2.4598,0.3906,1.0273,0.3058,2.3873
2026-08-05 21:29:52.115,12.350000,109,21,0.007118,-1.5148,164.15,0,0,0,62.4800,223.731,0.04905,1,0,0,0,0,0.007024,0.000081,0.000497,0.000128,0.000811,0.000094,0.000221,0.000059,0.000240,0.000110,0.000326,0.000022,0.000164,0.000100,0.000269,-164.15,178.73,-162.18,-115.38,-14.63,-130.93,69.92,172.76,81.82,157.58,-177.01,91.45,-75.89,113.54,52.77,223.6228,5.0906,5.3053,3.6130,5.6136,1.6673,1.1750,0.2974,2.1734,0.3379,2.4598,0.3906,1.0273,0.3058,2.3873
2026-08-05 21:29:52.115,12.366667,109,22,0.008019,-1.6337,172.93,0,0,0,62.4800,223.731,0.04905,1,0,0,0,0,0.007371,0.001130,0.000741,0.001198,0.001151,0.001033,0.001004,0.000773,0.000744,0.000606,0.000778,0.000464,0.000210,0.000295,0.000373,-172.93,64.05,-12.45,-64.19,-79.00,-178.64,110.82,64.24,16.54,-71.10,-141.89,-179.92,126.36,67.61,32.55,223.6228,5.0906,5.3053,3.6130,5.6136,1.6673,1.1750,0.2974,2.1734,0.3379,2.4598,0.3906,1.0273,0.3058,2.3873
2026-08-05 21:29:52.115,12.383333,109,23,0.007118,-1.5129,163.97,0,0,0,62.4800,223.731,0.04905,1,0,0,0,0,0.007021,0.000106,0.000527,0.000078,0.000785,0.000075,0.000179,0.000079,0.000233,0.000113,0.000319,0.000029,0.000186,0.000118,0.000288,-163.97,-139.86,-160.11,-67.00,-17.64,-157.00,53.57,143.24,86.15,154.88,179.22,-179.81,-70.34,130.56,49.48,223.6228,5.0906,5.3053,3.6130,5.6136,1.6673,1.1750,0.2974,2.1734,0.3379,2.4598,0.3906,1.0273,0.3058,2.3873
2026-08-05 21:29:52.115,12.400000,109,24,0.007038,-1.4949,163.87,0,0,0,62.4800,223.731,0.04905,1,0,0,0,0,0.006939,0.000047,0.000528,0.000108,0.000805,0.000069,0.000166,0.000080,0.000249,0.000150,0.000314,0.000011,0.000118,0.000084,0.000298,-163.87,162.32,-161.45,-111.51,-18.77,-166.48,64.32,122.73,82.84,178.84,-177.54,-10.17,-77.67,122.57,54.84,223.6228,5.0906,5.3053,3.6130,5.6136,1.6673,1.1750,0.2974,2.1734,0.3379,2.4598,0.3906,1.0273,0.3058,2.3873
2026-08-05 21:29:52.115,12.416667,109,25,0.006614,-1.3207,166.87,0,0,0,62.4800,223.731,0.04905,1,0,0,0,0,0.006058,0.000856,0.000941,0.000810,0.000076,0.000610,0.000490,0.000629,0.000383,0.000750,0.000394,0.000738,0.000688,0.000637,0.000788,-166.87,-118.99,131.19,-58.10,6.84,5.50,-155.17,69.10,-90.80,125.99,-48.74,-177.44,24.20,-110.18,93.45,223.6228,5.0906,5.3053,3.6130,5.6136,1.6673,1.1750,0.2974,2.1734,0.3379,2.4598,0.3906,1.0273,0.3058,2.3873
2026-08-05 21:29:52.115,12.433333,109,26,0.007063,-1.5040,164.19,0,0,0,62.4800,223.731,0.04905,1,0,0,0,0,0.006972,0.000148,0.000494,0.000114,0.000736,0.000113,0.000231,0.000075,0.000242,0.000077,0.000290,0.000038,0.000182,0.000029,0.000316,-164.19,-178.70,-162.72,-82.81,-14.09,-121.18,66.80,123.76,90.92,178.59,-175.86,169.23,-82.97,99.82,47.85,223.6228,5.0906,5.3053,3.6130,5.6136,1.6673,1.1750,0.2974,2.1734,0.3379,2.4598,0.3906,1.0273,0.3058,2.3873
2026-08-05 21:29:52.115,12.450000,109,27,0.007122,-1.5134,163.88,0,0,0,62.4800,223.731,0.04905,1,0,0,0,0,0.007025,0.000094,0.000508,0.000115,0.000796,0.000040,0.000155,0.000091,0.000263,0.000144,0.000278,0.000021,0.000192,0.000092,0.000326,-163.88,-165.35,-167.39,-118.25,-16.06,142.64,68.77,140.95,87.03,166.83,-178.46,-160.58,-60.67,153.11,53.58,223.6228,5.0906,5.3053,3.6130,5.6136,1.6673,1.1750,0.2974,2.1734,0.3379,2.4598,0.3906,1.0273,0.3058,2.3873
2026-08-05 21:29:52.115,12.466667,109,28,0.007834,-1.5734,175.85,0,0,0,62.4800,223.731,0.04905,1,0,0,0,0,0.007089,0.001342,0.001238,0.001325,0.000344,0.001007,0.001000,0.000872,0.000830,0.000905,0.000480,0.000582,0.000591,0.000359,0.000418,-175.85,26.42,-74.78,-131.47,120.55,68.40,-6.97,-99.39,165.90,112.02,58.47,-43.56,-103.41,-179.98,76.68,223.6228,5.0906,5.3053,3.6130,5.6136,1.6673,1.1750,0.2974,2.1734,0.3379,2.4598,0.3906,1.0273,0.3058,2.3873
2026-08-05 21:29:52.115,12.483333,109,29,0.007125,-1.5085,163.28,0,0,0,62.4800,223.731,0.04905,1,0,0,0,0,0.007033,0.000107,0.000558,0.000117,0.000724,0.000025,0.000180,0.000068,0.000248,0.000150,0.000289,0.000065,0.000143,0.000049,0.000295,-163.28,168.97,-157.07,-109.06,-15.88,155.77,48.19,127.40,80.41,163.17,175.31,-103.45,-58.76,139.67,53.86,223.6228,5.0906,5.3053,3.6130,5.6136,1.6673,1.1750,0.2974,2.1734,0.3379,2.4598,0.3906,1.0273,0.3058,2.3873
2026-08-05 21:29:52.366,12.500000,110,0,0.007092,-1.5054,164.14,0,0,0,62.4800,223.451,0.04885,1,0,0,0,0,0.006992,0.000088,0.000512,0.000101,0.000784,0.000047,0.000162,0.000099,0.000275,0.000093,0.000335,0.000023,0.000144,0.000033,0.000334,-164.14,-163.74,-158.87,-137.38,-14.17,-131.05,67.89,135.76,81.38,172.15,-175.68,-147.64,-58.26,26.20,54.64,223.3448,5.0445,5.2515,3.5887,5.6125,1.6740,1.1851,0.3090,2.1530,0.3194,2.4429,0.3615,0.9792,0.2976,2.4289
2026-08-05 21:29:52.366,12.516667,110,1,0.006887,-1.2989,159.39,0,0,0,62.4800,223.451,0.04885,1,0,0,0,0,0.006170,0.000994,0.000738,0.000806,0.001433,0.000708,0.000491,0.000633,0.000444,0.000534,0.000958,0.000662,0.000576,0.000592,0.000768,-159.39,155.40,-76.01,131.49,-41.86,99.73,-99.91,69.68,-156.10,36.33,-174.89,-11.41,168.78,-31.91,112.00,223.3448,5.0445,5.2515,3.5887,5.6125,1.6740,1.1851,0.3090,2.1530,0.3194,2.4429,0.3615,0.9792,0.2976,2.4289
2026-08-05 21:29:52.366,12.533333,110,2,0.007076,-1.4990,163.66,0,0,0,62.4800,223.451,0.04885,1,0,0,0,0,0.006976,0.000086,0.000545,0.000110,0.000775,0.000054,0.000203,0.000038,0.000301,0.000096,0.000352,0.000083,0.000147,0.000090,0.000273,-163.66,157.16,-161.97,-135.40,-14.50,-100.70,69.01,-170.21,78.17,170.45,-179.29,4.94,-76.95,107.27,49.77,223.3448,5.0445,5.2515,3.5887,5.6125,1.6740,1.1851,0.3090,2.1530,0.3194,2.4429,0.3615,0.9792,0.2976,2.4289
2026-08-05 21:29:52.366,12.550000,110,3,0.007027,-1.4909,163.98,0,0,0,62.4800,223.451,0.04885,1,0,0,0,0,0.006929,0.000078,0.000559,0.000040,0.000771,0.000035,0.000181,0.000116,0.000258,0.000148,0.000340,0.000020,0.000149,0.000054,0.000304,-163.98,154.94,-161.35,-135.16,-13.46,-163.12,69.24,166.53,83.05,177.65,173.67,157.42,-76.89,117.33,46.42,223.3448,5.0445,5.2515,3.5887,5.6125,1.6740,1.1851,0.3090,2.1530,0.3194,2.4429,0.3615,0.9792,0.2976,2.4289
2026-08-05 21:29:52.366,12.566667,110,4,0.008205,-1.5334,155.57,0,0,0,62.4800,223.451,0.04885,1,0,0,0,0,0.007508,0.000692,0.000995,0.001044,0.001518,0.000694,0.000678,0.000698,0.000713,0.000848,0.000970,0.000693,0.000882,0.000767,0.000716,-155.57,-0.64,144.46,-153.59,-51.79,-2.61,87.28,-161.54,-60.51,14.99,121.66,-145.32,-48.69,50.90,102.77,223.3448,5.0445,5.2515,3.5887,5.6125,1.6740,1.1851,0.3090,2.1530,0.3194,2.4429,0.3615,0.9792,0.2976,2.4289
2026-08-05 21:29:52.366,12.583333,110,5,0.007037,-1.4891,163.47,0,0,0,62.4800,223.451,0.04885,1,0,0,0,0,0.006934,0.000135,0.000596,0.000105,0.000760,0.000003,0.000151,0.000021,0.000294,0.000147,0.000355,0.000046,0.000181,0.000072,0.000245,-163.47,-156.09,-167.99,-131.21,-14.26,43.51,70.20,-169.45,78.68,156.56,177.75,-22.88,-64.99,-156.59,47.88,223.3448,5.0445,5.2515,3.5887,5.6125,1.6740,1.1851,0.3090,2.1530,0.3194,2.4429,0.3615,0.9792,0.2976,2.4289
2026-08-05 21:29:52.366,12.600000,110,6,0.008738,-1.7486,164.01,0,0,0,62.4800,223.451,0.04885,1,0,0,0,0,0.008065,0.001200,0.001596,0.001103,0.001065,0.000924,0.000638,0.000726,0.000498,0.000521,0.000225,0.000411,0.000370,0.000247,0.000484,-164.01,-157.13,-150.81,-130.40,-73.14,-107.17,-86.79,-83.56,-43.81,-53.47,-69.63,-12.54,-12.18,43.40,68.42,223.3448,5.0445,5.2515,3.5887,5.6125,1.6740,1.1851,0.3090,2.1530,0.3194,2.4429,0.3615,0.9792,0.2976,2.4289
2026-08-05 21:29:52.366,12.616667,110,7,0.012632,-2.2020,149.66,0,0,0,62.4800,223.451,0.04885,1,0,0,0,0,0.011525,0.001777,0.001219,0.001023,0.002115,0.002213,0.000933,0.001010,0.001784,0.001134,0.000950,0.000500,0.000528,0.000883,0.000023,-149.66,-63.24,89.82,82.90,47.36,95.89,122.51,42.29,77.14,159.89,-107.61,-47.06,-155.55,-131.70,-131.04,223.3448,5.0445,5.2515,3.5887,5.6125,1.6740,1.1851,0.3090,2.1530,0.3194,2.4429,0.3615,0.9792,0.2976,2.4289
2026-08-05 21:29:52.366,12.633333,110,8,0.007063,-1.4993,163.96,0,0,0,62.4800,223.451,0.04885,1,0,0,0,0,0.006966,0.000143,0.000495,0.000083,0.000796,0.000064,0.000230,0.000055,0.000231,0.000060,0.000382,0.000015,0.000200,0.000095,0.000274,-163.96,-155.43,-153.69,-92.58,-14.80,-157.58,71.93,157.13,91.75,159.26,170.83,-158.57,-83.72,120.10,48.83,223.3448,5.0445,5.2515,3.5887,5.6125,1.6740,1.1851,0.3090,2.1530,0.3194,2.4429,0.3615,0.9792,0.2976,2.4289
2026-08-05 21:29:52.366,12.650000,110,9,0.007113,-1.5090,163.91,0,0,0,62.4800,223.451,0.04885,1,0,0,0,0,0.007016,0.000108,0.000527,0.000080,0.000809,0.000038,0.000184,0.000057,0.000269,0.000114,0.000360,0.000006,0.000127,0.000029,0.000304,-163.91,-137.87,-159.86,-94.41,-16.56,-127.17,69.00,142.19,79.00,149.64,170.10,-118.14,-53.65,44.80,54.47,223.3448,5.0445,5.2515,3.5887,5.6125,1.6740,1.1851,0.3090,2.1530,0.3194,2.4429,0.3615,0.9792,0.2976,2.4289
2026-08-05 21:29:52.366,12.666667,110,10,0.007102,-1.5068,163.99,0,0,0,62.4800,223.451,0.04885,1,0,0,0,0,0.007005,0.000046,0.000498,0.000110,0.000801,0.000052,0.000192,0.000098,0.000238,0.000118,0.000293,0.000043,0.000179,0.000017,0.000246,-163.99,168.52,-166.50,-126.41,-13.53,167.60,64.17,144.53,89.34,151.50,177.84,-130.91,-56.65,-166.62,52.23,223.3448,5.0445,5.2515,3.5887,5.6125,1.6740,1.1851,0.3090,2.1530,0.3194,2.4429,0.3615,0.9792,0.2976,2.4289
2026-08-05 21:29:52.366,12.683333,110,11,0.007123,-1.3111,173.32,0,0,0,62.4800,223.451,0.04885,1,0,0,0,0,0.005839,0.001463,0.001772,0.001179,0.001279,0.001128,0.001211,0.001126,0.001276,0.000807,0.001051,0.000527,0.000483,0.000137,0.000243,-173.32,-81.24,162.49,17.43,-75.69,115.45,-8.41,-149.22,88.00,-38.78,-167.37,81.78,-56.76,158.78,43.02,223.3448,5.0445,5.2515,3.5887,5.6125,1.6740,1.1851,0.3090,2.1530,0.3194,2.4429,0.3615,0.9792,0.2976,2.4289
2026-08-05 21:29:52.366,12.700000,110,12,0.007085,-1.5031,163.56,0,0,0,62.4800,223.451,0.04885,1,0,0,0,0,0.007002,0.000097,0.000437,0.000095,0.000726,0.000040,0.000188,0.000040,0.000242,0.000145,0.000337,0.000048,0.000128,0.000080,0.000281,-163.56,-150.92,-159.29,-107.93,-16.20,-144.02,77.95,133.19,79.18,146.11,177.06,-150.50,-86.76,118.36,46.31,223.3448,5.0445,5.2515,3.5887,5.6125,1.6740,1.1851,0.3090,2.1530,0.3194,2.4429,0.3615,0.9792,0.2976,2.4289
2026-08-05 21:29:52.366,12.716667,110,13,0.007130,-1.5146,163.93,0,0,0,62.4800,223.451,0.04885,1,0,0,0,0,0.007042,0.000125,0.000438,0.000152,0.000767,0.000077,0.000185,0.000053,0.000265,0.000126,0.000307,0.000040,0.000130,0.000109,0.000294,-163.93,179.97,-161.00,-89.69,-17.13,-118.99,63.93,-179.67,85.74,138.84,-175.19,-179.92,-64.64,90.18,51.68,223.3448,5.0445,5.2515,3.5887,5.6125,1.6740,1.1851,0.3090,2.1530,0.3194,2.4429,0.3615,0.9792,0.2976,2.4289
2026-08-05 21:29:52.366,12.733333,110,14,0.007131,-1.5096,163.53,0,0,0,62.4800,223.451,0.04885,1,0,0,0,0,0.007031,0.000161,0.000525,0.000100,0.000812,0.000006,0.000161,0.000062,0.000244,0.000185,0.000321,0.000006,0.000163,0.000055,0.000294,-163.53,-143.50,-159.62,-107.72,-16.43,15.56,63.46,166.17,90.96,155.61,171.96,162.16,-87.64,153.15,47.80,223.3448,5.0445,5.2515,3.5887,5.6125,1.6740,1.1851,0.3090,2.1530,0.3194,2.4429,0.3615,0.9792,0.2976,2.4289
2026-08-05 21:29:52.366,12.750000,110,15,0.007765,-1.4965,176.73,0,0,0,62.4800,223.451,0.04885,1,0,0,0,0,0.006747,0.001356,0.001636,0.001284,0.001380,0.001071,0.000875,0.001093,0.001169,0.000811,0.000910,0.000581,0.000310,0.000272,0.000262,-176.73,1.62,-108.63,178.89,46.86,-16.94,-105.01,160.33,73.72,-19.43,-127.27,167.96,74.08,19.46,27.18,223.3448,5.0445,5.2515,3.5887,5.6125,1.6740,1.1851,0.3090,2.1530,0.3194,2.4429,0.3615,0.9792,0.2976,2.4289
2026-08-05 21:29:52.366,12.766667,110,16,0.007095,-1.5048,163.90,0,0,0,62.4800,223.451,0.04885,1,0,0,0,0,0.006996,0.000099,0.000538,0.000091,0.000800,0.000041,0.000168,0.000054,0.000265,0.000135,0.000340,0.000018,0.000185,0.000033,0.000273,-163.90,165.36,-167.45,-143.59,-12.27,-127.02,73.10,149.44,79.87,147.82,-179.18,39.64,-51.26,171.79,55.83,223.3448,5.0445,5.2515,3.5887,5.6125,1.6740,1.1851,0.3090,2.1530,0.3194,2.4429,0.3615,0.9792,0.2976,2.4289
2026-08-05 21:29:52.366,12.783333,110,17,0.007108,-1.5061,163.61,0,0,0,62.4800,223.451,0.04885,1,0,0,0,0,0.007010,0.000066,0.000545,0.000157,0.000773,0.000045,0.000187,0.000103,0.000235,0.000093,0.000336,0.000005,0.000190,0.000158,0.000272,-163.61,-175.21,-168.89,-139.80,-16.49,-177.42,53.99,136.99,84.75,149.97,-172.69,157.85,-67.41,134.48,54.13,223.3448,5.0445,5.2515,3.5887,5.6125,1.6740,1.1851,0.3090,2.1530,0.3194,2.4429,0.3615,0.9792,0.2976,2.4289
2026-08-05 21:29:52.366,12.800000,110,18,0.007043,-1.4935,163.71,0,0,0,62.4800,223.451,0.04885,1,0,0,0,0,0.006948,0.000102,0.000550,0.000078,0.000789,0.000083,0.000164,0.000081,0.000246,0.000109,0.000296,0.000092,0.000159,0.000085,0.000242,-163.71,-143.67,-157.55,-138.85,-16.07,-97.51,56.64,-157.07,87.06,174.78,-177.51,-113.17,-86.55,113.89,53.97,223.3448,5.0445,5.2515,3.5887,5.6125,1.6740,1.1851,0.3090,2.1530,0.3194,2.4429,0.3615,0.9792,0.2976,2.4289
2026-08-05 21:29:52.366,12.816667,110,19,0.008443,-1.6934,163.52,0,0,0,62.4800,223.451,0.04885,1,0,0,0,0,0.007852,0.000944,0.001291,0.000812,0.001109,0.000735,0.000485,0.000602,0.000455,0.000590,0.000467,0.000746,0.000756,0.000758,0.001028,-163.52,-149.30,-143.05,-114.85,-55.52,-90.35,-58.17,-74.48,-33.99,-37.92,-39.18,-5.31,-4.08,34.08,50.46,223.3448,5.0445,5.2515,3.5887,5.6125,1.6740,1.1851,0.3090,2.1530,0.3194,2.4429,0.3615,0.9792,0.2976,2.4289
2026-08-05 21:29:52.366,12.833333,110,20,0.007132,-1.5095,164.09,0,0,0,62.4800,223.451,0.04885,1,0,0,0,0,0.007010,0.000057,0.000410,0.000193,0.000784,0.000193,0.000246,0.000106,0.000285,0.000065,0.000435,0.000113,0.000081,0.000161,0.000407,-164.09,118.41,-163.30,-90.47,-21.54,-175.40,89.83,60.52,60.83,-143.23,-169.09,-169.47,-136.77,71.85,35.21,223.3448,5.0445,5.2515,3.5887,5.6125,1.6740,1.1851,0.3090,2.1530,0.3194,2.4429,0.3615,0.9792,0.2976,2.4289
2026-08-05 21:29:52.366,12.850000,110,21,0.007103,-1.5006,163.12,0,0,0,62.4800,223.451,0.04885,1,0,0,0,0,0.007004,0.000156,0.000492,0.000129,0.000795,0.000057,0.000197,0.000077,0.000294,0.000087,0.000339,0.000028,0.000080,0.000101,0.000338,-163.12,163.51,-157.84,-113.45,-16.37,176.78,59.31,-129.34,104.36,139.40,-173.30,-94.14,-78.55,61.52,50.24,223.3448,5.0445,5.2515,3.5887,5.6125,1.6740,1.1851,0.3090,2.1530,0.3194,2.4429,0.3615,0.9792,0.2976,2.4289
2026-08-05 21:29:52.366,12.866667,110,22,0.007644,-1.5804,168.35,0,0,0,62.4800,223.451,0.04885,1,0,0,0,0,0.007220,0.000589,0.000136,0.000545,0.001148,0.000619,0.000568,0.000665,0.000819,0.000499,0.000268,0.000528,0.000679,0.000530,0.000569,-168.35,84.40,61.23,-34.72,-40.16,-128.99,163.14,129.97,79.84,35.78,-58.42,-68.92,-107.41,-179.40,104.00,223.3448,5.0445,5.2515,3.5887,5.6125,1.6740,1.1851,0.3090,2.1530,0.3194,2.4429,0.3615,0.9792,0.2976,2.4289
2026-08-05 21:29:52.366,12.883333,110,23,0.007139,-1.5128,163.49,0,0,0,62.4800,223.451,0.04885,1,0,0,0,0,0.007038,0.000098,0.000503,0.000126,0.000800,0.000064,0.000223,0.000061,0.000261,0.000156,0.000354,0.000040,0.000206,0.000068,0.000287,-163.49,-147.70,-162.76,-106.33,-17.56,-146.03,52.19,140.90,90.86,163.26,-174.39,176.36,-80.36,128.70,52.35,223.3448,5.0445,5.2515,3.5887,5.6125,1.6740,1.1851,0.3090,2.1530,0.3194,2.4429,0.3615,0.9792,0.2976,2.4289
2026-08-05 21:29:52.366,12.900000,110,24,0.007090,-1.5049,163.79,0,0,0,62.4800,223.451,0.04885,1,0,0,0,0,0.006989,0.000083,0.000535,0.000104,0.000803,0.000045,0.000198,0.000085,0.000237,0.000155,0.000344,0.000043,0.000177,0.000100,0.000329,-163.79,-168.30,-163.54,-125.10,-15.55,-146.52,56.23,163.70,84.43,160.27,-176.33,166.37,-69.04,141.88,50.96,223.3448,5.0445,5.2515,3.5887,5.6125,1.6740,1.1851,0.3090,2.1530,0.3194,2.4429,0.3615,0.9792,0.2976,2.4289
2026-08-05 21:29:52.366,12.916667,110,25,0.007173,-1.5210,163.66,0,0,0,62.4800,223.451,0.04885,1,0,0,0,0,0.007071,0.000130,0.000516,0.000097,0.000863,0.000062,0.000195,0.000103,0.000232,0.000157,0.000364,0.000033,0.000129,0.000042,0.000286,-163.66,-128.99,-160.17,-123.68,-13.72,-149.09,45.78,144.86,84.81,151.52,168.70,-98.54,-83.71,135.94,55.89,223.3448,5.0445,5.2515,3.5887,5.6125,1.6740,1.1851,0.3090,2.1530,0.3194,2.4429,0.3615,0.9792,0.2976,2.4289
2026-08-05 21:29:52.366,12.933333,110,26,0.008472,-1.7202,170.78,0,0,0,62.4800,223.451,0.04885,1,0,0,0,0,0.007782,0.001064,0.000804,0.000889,0.001689,0.000832,0.000648,0.000843,0.000834,0.000904,0.000864,0.000762,0.000694,0.000583,0.000520,-170.78,110.14,93.64,23.56,-14.78,-63.02,-95.21,-150.48,160.97,139.54,120.41,63.74,14.72,4.44,-6.36,223.3448,5.0445,5.2515,3.5887,5.6125,1.6740,1.1851,0.3090,2.1530,0.3194,2.4429,0.3615,0.9792,0.2976,2.4289
2026-08-05 21:29:52.366,12.950000,110,27,0.007072,-1.4980,163.40,0,0,0,62.4800,223.451,0.04885,1,0,0,0,0,0.006969,0.000121,0.000554,0.000131,0.000808,0.000031,0.000192,0.000044,0.000307,0.000115,0.000342,0.000034,0.000097,0.000102,0.000255,-163.40,175.37,-159.75,-129.00,-15.69,-65.34,70.37,127.00,85.64,-178.39,175.57,40.81,-72.16,113.34,48.79,223.3448,5.0445,5.2515,3.5887,5.6125,1.6740,1.1851,0.3090,2.1530,0.3194,2.4429,0.3615,0.9792,0.2976,2.4289
2026-08-05 21:29:52.366,12.966667,110,28,0.008158,-1.6194,161.83,0,0,0,62.4800,223.451,0.04885,1,0,0,0,0,0.007621,0.000721,0.000738,0.000570,0.001290,0.000441,0.000666,0.000525,0.000667,0.000638,0.000875,0.000642,0.000758,0.000544,0.000791,-161.83,-107.92,-108.68,-35.24,-7.89,39.00,65.84,99.87,113.15,159.79,-173.80,-130.08,-88.39,-52.43,3.96,223.3448,5.0445,5.2515,3.5887,5.6125,1.6740,1.1851,0.3090,2.1530,0.3194,2.4429,0.3615,0.9792,0.2976,2.4289
2026-08-05 21:29:52.366,12.983333,110,29,0.007079,-1.5026,163.69,0,0,0,62.4800,223.451,0.04885,1,0,0,0,0,0.006982,0.000110,0.000571,0.000148,0.000768,0.000050,0.000183,0.000111,0.000233,0.000080,0.000335,0.000032,0.000157,0.000084,0.000301,-163.69,-165.65,-158.62,-106.31,-17.10,-107.57,59.29,166.27,75.20,157.27,-173.28,24.87,-60.79,116.93,61.71,223.3448,5.0445,5.2515,3.5887,5.6125,1.6740,1.1851,0.3090,2.1530,0.3194,2.4429,0.3615,0.9792,0.2976,2.4289
2026-08-05 21:29:52.632,13.000000,111,0,0.007163,-1.5265,164.40,0,0,0,62.4760,223.676,0.04900,1,0,0,0,0,0.007071,0.000139,0.000481,0.000088,0.000787,0.000070,0.000222,0.000110,0.000170,0.000146,0.000313,0.000056,0.000234,0.000039,0.000294,-164.40,-159.49,-166.91,-136.58,-13.51,151.33,55.57,147.53,90.41,161.29,175.32,145.06,-66.56,136.21,57.92,223.5683,5.0965,5.3190,3.5982,5.5913,1.6639,1.2106,0.2899,2.1575,0.3180,2.4111,0.3610,0.9698,0.2950,2.4417
2026-08-05 21:29:52.632,13.016667,111,1,0.007114,-1.5077,163.41,0,0,0,62.4760,223.676,0.04900,1,0,0,0,0,0.007018,0.000092,0.000561,0.000085,0.000787,0.000066,0.000186,0.000098,0.000229,0.000164,0.000272,0.000019,0.000199,0.000098,0.000297,-163.41,-174.05,-159.57,-111.16,-15.95,-121.43,50.95,157.15,89.28,156.17,179.82,175.14,-82.86,157.46,64.65,223.5683,5.0965,5.3190,3.5982,5.5913,1.6639,1.2106,0.2899,2.1575,0.3180,2.4111,0.3610,0.9698,0.2950,2.4417
2026-08-05 21:29:52.632,13.033333,111,2,0.007570,-1.4893,173.17,0,0,0,62.4760,223.676,0.04900,1,0,0,0,0,0.006734,0.001043,0.001416,0.001044,0.001330,0.000864,0.000619,0.000867,0.000970,0.000742,0.001115,0.000732,0.000737,0.000571,0.000314,-173.17,-11.39,-120.07,169.17,27.62,-34.75,-134.62,129.48,45.44,-70.88,-164.80,107.18,8.16,-68.87,167.95,223.5683,5.0965,5.3190,3.5982,5.5913,1.6639,1.2106,0.2899,2.1575,0.3180,2.4111,0.3610,0.9698,0.2950,2.4417
2026-08-05 21:29:52.632,13.050000,111,3,0.007160,-1.5210,164.04,0,0,0,62.4760,223.676,0.04900,1,0,0,0,0,0.007055,0.000095,0.000500,0.000119,0.000860,0.000068,0.000220,0.000113,0.000241,0.000161,0.000316,0.000034,0.000111,0.000050,0.000300,-164.04,-168.71,-166.11,-114.69,-13.47,-154.07,70.86,135.67,82.61,148.65,-178.50,-46.96,-84.10,27.74,53.54,223.5683,5.0965,5.3190,3.5982,5.5913,1.6639,1.2106,0.2899,2.1575,0.3180,2.4111,0.3610,0.9698,0.2950,2.4417
2026-08-05 21:29:52.632,13.066667,111,4,0.007065,-1.5024,163.70,0,0,0,62.4760,223.676,0.04900,1,0,0,0,0,0.006982,0.000107,0.000470,0.000065,0.000758,0.000016,0.000084,0.000059,0.000272,0.000082,0.000295,0.000079,0.000136,0.000096,0.000243,-163.70,176.64,-160.91,-145.83,-17.78,114.63,53.31,133.45,90.22,160.25,168.52,-121.39,-64.70,115.02,53.11,223.5683,5.0965,5.3190,3.5982,5.5913,1.6639,1.2106,0.2899,2.1575,0.3180,2.4111,0.3610,0.9698,0.2950,2.4417
2026-08-05 21:29:52.632,13.083333,111,5,0.006941,-1.4310,163.16,0,0,0,62.4760,223.676,0.04900,1,0,0,0,0,0.006663,0.000323,0.000660,0.000456,0.000629,0.000040,0.000049,0.000212,0.000275,0.000066,0.000370,0.000312,0.000510,0.000237,0.000695,-163.16,-119.02,159.97,-72.23,-6.43,60.55,-176.78,42.47,123.86,136.31,-150.37,118.36,-62.71,148.70,43.83,223.5683,5.0965,5.3190,3.5982,5.5913,1.6639,1.2106,0.2899,2.1575,0.3180,2.4111,0.3610,0.9698,0.2950,2.4417
2026-08-05 21:29:52.632,13.100000,111,6,0.006965,-1.4024,159.47,0,0,0,62.4760,223.676,0.04900,1,0,0,0,0,0.006672,0.000504,0.000539,0.000214,0.000779,0.000236,0.000397,0.000220,0.000580,0.000458,0.000176,0.000320,0.000234,0.000072,0.000462,-159.47,130.67,-134.10,108.52,-31.80,-7.32,107.51,-89.15,87.74,-138.64,72.04,157.88,-64.27,-130.36,45.65,223.5683,5.0965,5.3190,3.5982,5.5913,1.6639,1.2106,0.2899,2.1575,0.3180,2.4111,0.3610,0.9698,0.2950,2.4417
2026-08-05 21:29:52.632,13.116667,111,7,0.007900,-1.5345,160.81,0,0,0,62.4760,223.676,0.04900,1,0,0,0,0,0.007236,0.000477,0.001502,0.000546,0.000584,0.000832,0.000632,0.000378,0.000650,0.000524,0.000315,0.000284,0.000429,0.000822,0.000335,-160.81,154.49,-133.49,-74.22,-43.12,-60.54,-7.73,-73.85,22.89,40.69,45.39,45.33,53.68,102.79,74.11,223.5683,5.0965,5.3190,3.5982,5.5913,1.6639,1.2106,0.2899,2.1575,0.3180,2.4111,0.3610,0.9698,0.2950,2.4417
2026-08-05 21:29:52.632,13.133333,111,8,0.007327,-1.3247,-176.51,0,0,0,62.4760,223.676,0.04900,1,0,0,0,0,0.005926,0.002155,0.002009,0.000972,0.001059,0.000194,0.000514,0.000669,0.000795,0.000188,0.000223,0.000259,0.000559,0.000656,0.000582,176.51,-39.17,-149.87,116.86,-6.34,-9.66,-41.95,-176.39,90.10,-44.03,-168.82,-72.12,-177.54,76.23,-29.28,223.5683,5.0965,5.3190,3.5982,5.5913,1.6639,1.2106,0.2899,2.1575,0.3180,2.4111,0.3610,0.9698,0.2950,2.4417
2026-08-05 21:29:52.632,13.150000,111,9,0.007131,-1.5152,164.04,0,0,0,62.4760,223.676,0.04900,1,0,0,0,0,0.007027,0.000131,0.000486,0.000153,0.000851,0.000074,0.000187,0.000088,0.000243,0.000136,0.000333,0.000044,0.000203,0.000038,0.000332,-164.04,177.17,-169.27,-106.71,-16.77,169.77,66.54,164.80,93.34,154.44,175.50,128.89,-90.29,110.01,39.54,223.5683,5.0965,5.3190,3.5982,5.5913,1.6639,1.2106,0.2899,2.1575,0.3180,2.4111,0.3610,0.9698,0.2950,2.4417
2026-08-05 21:29:52.632,13.166667,111,10,0.007245,-1.5327,163.56,0,0,0,62.4760,223.676,0.04900,1,0,0,0,0,0.007121,0.000178,0.000626,0.000220,0.000849,0.000135,0.000156,0.000075,0.000233,0.000036,0.000210,0.000114,0.000143,0.000178,0.000408,-163.56,-163.18,-157.92,-114.00,-23.06,-116.61,36.21,-103.02,58.92,-39.37,170.84,17.92,-34.04,70.37,59.61,223.5683,5.0965,5.3190,3.5982,5.5913,1.6639,1.2106,0.2899,2.1575,0.3180,2.4111,0.3610,0.9698,0.2950,2.4417
2026-08-05 21:29:52.632,13.183333,111,11,0.008103,-1.6775,166.24,0,0,0,62.4760,223.676,0.04900,1,0,0,0,0,0.007678,0.000787,0.001100,0.000669,0.000465,0.000593,0.000658,0.000538,0.000654,0.000470,0.000479,0.000445,0.000280,0.000444,0.000751,-166.24,159.57,169.11,146.32,35.04,119.19,98.32,106.17,87.21,102.91,129.86,84.78,61.92,80.77,61.36,223.5683,5.0965,5.3190,3.5982,5.5913,1.6639,1.2106,0.2899,2.1575,0.3180,2.4111,0.3610,0.9698,0.2950,2.4417
2026-08-05 21:29:52.632,13.200000,111,12,0.007129,-1.5125,163.60,0,0,0,62.4760,223.676,0.04900,1,0,0,0,0,0.007032,0.000075,0.000496,0.000171,0.000806,0.000069,0.000180,0.000089,0.000262,0.000135,0.000350,0.000036,0.000158,0.000047,0.000278,-163.60,-178.14,-163.77,-130.80,-12.15,-135.93,58.73,144.34,80.92,164.16,173.82,178.20,-92.99,112.64,51.84,223.5683,5.0965,5.3190,3.5982,5.5913,1.6639,1.2106,0.2899,2.1575,0.3180,2.4111,0.3610,0.9698,0.2950,2.4417
2026-08-05 21:29:52.632,13.216667,111,13,0.007084,-1.5030,163.73,0,0,0,62.4760,223.676,0.04900,1,0,0,0,0,0.006984,0.000128,0.000488,0.000145,0.000792,0.000022,0.000211,0.000065,0.000242,0.000133,0.000325,0.000011,0.000137,0.000093,0.000284,-163.73,-159.50,-169.56,-121.17,-14.24,-145.28,62.91,-157.20,98.27,149.54,179.57,-128.45,-76.50,104.25,53.07,223.5683,5.0965,5.3190,3.5982,5.5913,1.6639,1.2106,0.2899,2.1575,0.3180,2.4111,0.3610,0.9698,0.2950,2.4417
2026-08-05 21:29:52.632,13.233333,111,14,0.007151,-1.2981,155.32,0,0,0,62.4760,223.676,0.04900,1,0,0,0,0,0.006390,0.001141,0.001429,0.000904,0.000207,0.000771,0.000960,0.000780,0.000867,0.000879,0.000683,0.000746,0.000767,0.000575,0.000477,-155.32,115.41,-125.73,27.46,-124.53,-48.08,84.29,-134.65,26.51,153.26,-89.07,82.13,-126.02,22.07,135.69,223.5683,5.0965,5.3190,3.5982,5.5913,1.6639,1.2106,0.2899,2.1575,0.3180,2.4111,0.3610,0.9698,0.2950,2.4417
2026-08-05 21:29:52.632,13.250000,111,15,0.007156,-1.5174,163.67,0,0,0,62.4760,223.676,0.04900,1,0,0,0,0,0.007052,0.000110,0.000535,0.000115,0.000828,0.000077,0.000200,0.000007,0.000270,0.000139,0.000335,0.000010,0.000148,0.000086,0.000327,-163.67,-165.73,-166.57,-118.74,-15.80,-133.30,50.89,117.95,77.32,151.42,175.54,138.49,-69.54,99.85,52.15,223.5683,5.0965,5.3190,3.5982,5.5913,1.6639,1.2106,0.2899,2.1575,0.3180,2.4111,0.3610,0.9698,0.2950,2.4417
2026-08-05 21:29:52.632,13.266667,111,16,0.007098,-1.5082,164.01,0,0,0,62.4760,223.676,0.04900,1,0,0,0,0,0.007002,0.000117,0.000481,0.000087,0.000788,0.000035,0.000200,0.000072,0.000273,0.000104,0.000341,0.000022,0.000160,0.000054,0.000251,-164.01,-161.16,-162.64,-98.78,-11.45,-115.62,76.55,158.95,76.23,155.82,176.07,-22.43,-80.60,146.01,50.47,223.5683,5.0965,5.3190,3.5982,5.5913,1.6639,1.2106,0.2899,2.1575,0.3180,2.4111,0.3610,0.9698,0.2950,2.4417
2026-08-05 21:29:52.632,13.283333,111,17,0.006855,-1.2435,159.23,0,0,0,62.4760,223.676,0.04900,1,0,0,0,0,0.005921,0.001211,0.000646,0.000982,0.001697,0.000943,0.000838,0.000917,0.000698,0.001019,0.000751,0.000781,0.000859,0.000663,0.000383,-159.23,173.87,-35.58,166.06,-21.21,148.38,-33.66,131.31,-45.82,121.60,-81.74,116.24,-66.59,119.19,-28.84,223.5683,5.0965,5.3190,3.5982,5.5913,1.6639,1.2106,0.2899,2.1575,0.3180,2.4111,0.3610,0.9698,0.2950,2.4417
2026-08-05 21:29:52.632,13.300000,111,18,0.007052,-1.4972,163.97,0,0,0,62.4760,223.676,0.04900,1,0,0,0,0,0.006953,0.000065,0.000506,0.000069,0.000778,0.000096,0.000188,0.000085,0.000247,0.000102,0.000374,0.000046,0.000203,0.000080,0.000294,-163.97,-150.66,-161.15,179.60,-10.42,-136.48,73.76,153.81,92.31,179.22,173.10,-136.67,-68.71,92.20,48.22,223.5683,5.0965,5.3190,3.5982,5.5913,1.6639,1.2106,0.2899,2.1575,0.3180,2.4111,0.3610,0.9698,0.2950,2.4417
2026-08-05 21:29:52.632,13.316667,111,19,0.007074,-1.5017,163.65,0,0,0,62.4760,223.676,0.04900,1,0,0,0,0,0.006978,0.000130,0.000530,0.000129,0.000780,0.000085,0.000155,0.000084,0.000208,0.000114,0.000334,0.000048,0.000179,0.000089,0.000305,-163.65,162.63,-167.39,-133.62,-17.40,-129.13,57.84,150.16,79.82,142.04,172.79,172.49,-80.11,-176.87,54.09,223.5683,5.0965,5.3190,3.5982,5.5913,1.6639,1.2106,0.2899,2.1575,0.3180,2.4111,0.3610,0.9698,0.2950,2.4417
2026-08-05 21:29:52.632,13.333333,111,20,0.007177,-1.4634,160.34,0,0,0,62.4760,223.676,0.04900,1,0,0,0,0,0.006934,0.000248,0.000782,0.000272,0.000797,0.000189,0.000297,0.000209,0.000303,0.000222,0.000103,0.000336,0.000456,0.000297,0.000502,-160.34,68.86,-172.97,-85.91,-3.30,-134.59,14.34,118.95,136.63,-120.40,120.98,115.65,-118.85,-16.66,74.71,223.5683,5.0965,5.3190,3.5982,5.5913,1.6639,1.2106,0.2899,2.1575,0.3180,2.4111,0.3610,0.9698,0.2950,2.4417
2026-08-05 21:29:52.632,13.350000,111,21,0.007022,-1.4837,163.82,0,0,0,62.4760,223.676,0.04900,1,0,0,0,0,0.006887,0.000171,0.000567,0.000164,0.000777,0.000052,0.000181,0.000133,0.000269,0.000154,0.000346,0.000090,0.000184,0.000146,0.000238,-163.82,-125.41,-174.38,-73.20,-22.38,113.21,35.58,155.72,64.76,-169.64,167.43,-31.11,-108.32,91.32,39.89,223.5683,5.0965,5.3190,3.5982,5.5913,1.6639,1.2106,0.2899,2.1575,0.3180,2.4111,0.3610,0.9698,0.2950,2.4417
2026-08-05 21:29:52.632,13.366667,111,22,0.008090,-1.5025,154.94,0,0,0,62.4760,223.676,0.04900,1,0,0,0,0,0.007395,0.001078,0.001079,0.001124,0.001391,0.000930,0.001055,0.000844,0.000497,0.000439,0.000587,0.000374,0.000471,0.000193,0.000398,-154.94,-6.21,114.25,-178.78,-61.36,-8.74,80.53,171.13,-95.75,-10.68,119.88,173.83,-88.60,10.44,54.20,223.5683,5.0965,5.3190,3.5982,5.5913,1.6639,1.2106,0.2899,2.1575,0.3180,2.4111,0.3610,0.9698,0.2950,2.4417
2026-08-05 21:29:52.632,13.383333,111,23,0.007136,-1.5150,163.70,0,0,0,62.4760,223.676,0.04900,1,0,0,0,0,0.007039,0.000141,0.000558,0.000092,0.000790,0.000030,0.000205,0.000084,0.000253,0.000132,0.000310,0.000017,0.000138,0.000072,0.000262,-163.70,178.75,-160.10,-121.40,-15.95,66.13,64.48,155.58,84.87,144.11,176.43,99.37,-72.36,116.64,38.96,223.5683,5.0965,5.3190,3.5982,5.5913,1.6639,1.2106,0.2899,2.1575,0.3180,2.4111,0.3610,0.9698,0.2950,2.4417
2026-08-05 21:29:52.632,13.400000,111,24,0.007102,-1.5028,163.37,0,0,0,62.4760,223.676,0.04900,1,0,0,0,0,0.006998,0.000116,0.000532,0.000134,0.000832,0.000024,0.000177,0.000092,0.000240,0.000125,0.000317,0.000049,0.000169,0.000064,0.000325,-163.37,-166.68,-164.64,-130.53,-16.30,-115.96,70.71,-171.85,90.59,174.61,-178.21,19.49,-64.66,111.85,61.92,223.5683,5.0965,5.3190,3.5982,5.5913,1.6639,1.2106,0.2899,2.1575,0.3180,2.4111,0.3610,0.9698,0.2950,2.4417
2026-08-05 21:29:52.632,13.416667,111,25,0.007127,-1.5073,163.09,0,0,0,62.4760,223.676,0.04900,1,0,0,0,0,0.007029,0.000087,0.000514,0.000143,0.000780,0.000028,0.000190,0.000045,0.000249,0.000195,0.000352,0.000035,0.000149,0.000087,0.000253,-163.09,-167.28,-167.49,-116.17,-15.93,-168.07,60.64,132.73,76.88,154.06,-176.01,-75.82,-61.00,157.92,58.13,223.5683,5.0965,5.3190,3.5982,5.5913,1.6639,1.2106,0.2899,2.1575,0.3180,2.4111,0.3610,0.9698,0.2950,2.4417
2026-08-05 21:29:52.632,13.433333,111,26,0.008014,-1.6071,161.73,0,0,0,62.4760,223.676,0.04900,1,0,0,0,0,0.007594,0.000699,0.000612,0.000488,0.001164,0.000428,0.000570,0.000557,0.000599,0.000633,0.000703,0.000518,0.000703,0.000582,0.000810,-161.73,-98.53,-96.49,-12.22,3.52,74.43,89.27,136.87,147.73,-151.79,-129.69,-62.09,-23.99,40.28,73.24,223.5683,5.0965,5.3190,3.5982,5.5913,1.6639,1.2106,0.2899,2.1575,0.3180,2.4111,0.3610,0.9698,0.2950,2.4417
2026-08-05 21:29:52.632,13.450000,111,27,0.007116,-1.5100,163.52,0,0,0,62.4760,223.676,0.04900,1,0,0,0,0,0.007022,0.000137,0.000504,0.000058,0.000776,0.000125,0.000213,0.000043,0.000173,0.000132,0.000287,0.000064,0.000170,0.000104,0.000314,-163.52,-177.27,-166.65,-145.53,-18.23,-156.28,57.60,170.12,91.43,164.65,170.65,140.34,-68.40,107.20,53.17,223.5683,5.0965,5.3190,3.5982,5.5913,1.6639,1.2106,0.2899,2.1575,0.3180,2.4111,0.3610,0.9698,0.2950,2.4417
2026-08-05 21:29:52.632,13.466667,111,28,0.007080,-1.4981,163.02,0,0,0,62.4760,223.676,0.04900,1,0,0,0,0,0.006986,0.000138,0.000526,0.000111,0.000753,0.000064,0.000208,0.000063,0.000167,0.000153,0.000339,0.000049,0.000156,0.000110,0.000304,-163.02,-151.80,-161.48,-126.40,-17.13,177.15,55.44,147.35,81.89,-176.17,-178.46,-175.14,-80.18,138.00,55.87,223.5683,5.0965,5.3190,3.5982,5.5913,1.6639,1.2106,0.2899,2.1575,0.3180,2.4111,0.3610,0.9698,0.2950,2.4417
2026-08-05 21:29:52.632,13.483333,111,29,0.007414,-1.5224,161.25,0,0,0,62.4760,223.676,0.04900,1,0,0,0,0,0.007178,0.000237,0.000204,0.000447,0.000458,0.000265,0.000267,0.000361,0.000702,0.000469,0.000425,0.000296,0.000494,0.000501,0.000179,-161.25,-54.10,-156.73,112.62,-34.45,-101.07,-20.57,23.77,100.77,-167.47,-158.01,-70.99,1.49,123.52,129.79,223.5683,5.0965,5.3190,3.5982,5.5913,1.6639,1.2106,0.2899,2.1575,0.3180,2.4111,0.3610,0.9698,0.2950,2.4417
2026-08-05 21:29:52.876,13.500000,112,0,0.007141,-1.5119,163.20,0,0,0,62.4800,223.698,0.04898,1,0,0,0,0,0.007046,0.000116,0.000524,0.000100,0.000818,0.000055,0.000143,0.000057,0.000235,0.000153,0.000269,0.000047,0.000138,0.000079,0.000298,-163.20,-150.45,-158.15,-130.38,-15.41,-160.22,54.81,151.75,90.03,157.86,178.81,-70.53,-91.25,125.16,61.43,223.5904,5.0863,5.3094,3.5956,5.5919,1.6523,1.1988,0.2884,2.1658,0.3293,2.4165,0.3700,0.9773,0.2890,2.4600
2026-08-05 21:29:52.876,13.516667,112,1,0.007123,-1.5094,163.58,0,0,0,62.4800,223.698,0.04898,1,0,0,0,0,0.007018,0.000067,0.000557,0.000109,0.000845,0.000057,0.000155,0.000068,0.000243,0.000176,0.000326,0.000020,0.000170,0.000111,0.000299,-163.58,146.12,-163.56,-158.21,-15.97,-133.19,71.30,129.66,88.65,162.61,171.69,-154.16,-81.05,121.38,38.24,223.5904,5.0863,5.3094,3.5956,5.5919,1.6523,1.1988,0.2884,2.1658,0.3293,2.4165,0.3700,0.9773,0.2890,2.4600
2026-08-05 21:29:52.876,13.533333,112,2,0.008167,-1.6831,164.28,0,0,0,62.4800,223.698,0.04898,1,0,0,0,0,0.007759,0.000833,0.001084,0.000710,0.000742,0.000569,0.000311,0.000435,0.000282,0.000493,0.000654,0.000572,0.000757,0.000485,0.000552,-164.28,-158.19,-156.64,-135.03,-58.64,-129.08,-121.27,-129.26,-134.68,-122.22,-129.25,-97.21,-82.78,-69.55,-31.83,223.5904,5.0863,5.3094,3.5956,5.5919,1.6523,1.1988,0.2884,2.1658,0.3293,2.4165,0.3700,0.9773,0.2890,2.4600
2026-08-05 21:29:52.876,13.550000,112,3,0.007157,-1.5211,164.09,0,0,0,62.4800,223.698,0.04898,1,0,0,0,0,0.007058,0.000121,0.000524,0.000134,0.000809,0.000068,0.000157,0.000132,0.000237,0.000132,0.000328,0.000039,0.000136,0.000087,0.000270,-164.09,-157.52,-164.50,-133.41,-12.83,-139.98,61.13,156.45,84.54,161.38,-178.71,89.25,-89.03,146.62,66.23,223.5904,5.0863,5.3094,3.5956,5.5919,1.6523,1.1988,0.2884,2.1658,0.3293,2.4165,0.3700,0.9773,0.2890,2.4600
2026-08-05 21:29:52.876,13.566667,112,4,0.007103,-1.5098,163.85,0,0,0,62.4800,223.698,0.04898,1,0,0,0,0,0.007014,0.000136,0.000514,0.000061,0.000754,0.000095,0.000199,0.000103,0.000187,0.000151,0.000253,0.000047,0.000172,0.000078,0.000316,-163.85,-179.01,-166.62,-92.26,-12.88,-153.75,52.47,171.91,100.07,144.86,-179.03,-154.93,-71.14,98.29,54.77,223.5904,5.0863,5.3094,3.5956,5.5919,1.6523,1.1988,0.2884,2.1658,0.3293,2.4165,0.3700,0.9773,0.2890,2.4600
2026-08-05 21:29:52.876,13.583333,112,5,0.007131,-1.5121,163.46,0,0,0,62.4800,223.698,0.04898,1,0,0,0,0,0.007034,0.000079,0.000531,0.000139,0.000829,0.000058,0.000175,0.000101,0.000242,0.000180,0.000271,0.000063,0.000173,0.000063,0.000251,-163.46,-168.86,-173.20,-123.71,-15.23,160.30,59.99,163.82,90.18,158.87,-173.25,-157.78,-79.61,91.60,54.77,223.5904,5.0863,5.3094,3.5956,5.5919,1.6523,1.1988,0.2884,2.1658,0.3293,2.4165,0.3700,0.9773,0.2890,2.4600
2026-08-05 21:29:52.876,13.600000,112,6,0.007282,-1.5291,165.32,0,0,0,62.4800,223.698,0.04898,1,0,0,0,0,0.007048,0.000127,0.000718,0.000078,0.000856,0.000132,0.000104,0.000167,0.000353,0.000345,0.000556,0.000182,0.000169,0.000356,0.000526,-165.32,-140.37,178.18,77.69,-7.84,17.69,-13.01,137.37,35.90,-147.56,158.69,41.86,-129.50,113.84,57.55,223.5904,5.0863,5.3094,3.5956,5.5919,1.6523,1.1988,0.2884,2.1658,0.3293,2.4165,0.3700,0.9773,0.2890,2.4600
2026-08-05 21:29:52.876,13.616667,112,7,0.007082,-1.5046,163.86,0,0,0,62.4800,223.698,0.04898,1,0,0,0,0,0.006989,0.000107,0.000509,0.000082,0.000770,0.000077,0.000162,0.000071,0.000268,0.000076,0.000316,0.000022,0.000153,0.000092,0.000322,-163.86,-160.05,-158.01,-142.56,-14.35,-128.27,68.65,133.82,88.50,138.09,174.70,-122.69,-80.72,91.92,55.53,223.5904,5.0863,5.3094,3.5956,5.5919,1.6523,1.1988,0.2884,2.1658,0.3293,2.4165,0.3700,0.9773,0.2890,2.4600
2026-08-05 21:29:52.876,13.633333,112,8,0.006781,-1.3348,166.93,0,0,0,62.4800,223.698,0.04898,1,0,0,0,0,0.006113,0.000802,0.000390,0.000976,0.000786,0.000538,0.000490,0.000129,0.000597,0.000442,0.000572,0.000026,0.000839,0.000783,0.000670,-166.93,-122.40,129.42,-110.88,60.57,-7.15,-140.56,-131.32,129.88,24.61,-140.07,-159.43,-170.29,35.44,-83.03,223.5904,5.0863,5.3094,3.5956,5.5919,1.6523,1.1988,0.2884,2.1658,0.3293,2.4165,0.3700,0.9773,0.2890,2.4600
2026-08-05 21:29:52.876,13.650000,112,9,0.006946,-1.4130,166.32,0,0,0,62.4800,223.698,0.04898,1,0,0,0,0,0.006458,0.000760,0.000977,0.000583,0.000500,0.000604,0.000483,0.000758,0.000649,0.000711,0.000736,0.000514,0.000572,0.000491,0.000256,-166.32,-110.43,155.09,-29.56,-76.50,78.23,-59.64,152.85,36.16,-141.76,124.72,-52.21,-166.53,49.06,-94.00,223.5904,5.0863,5.3094,3.5956,5.5919,1.6523,1.1988,0.2884,2.1658,0.3293,2.4165,0.3700,0.9773,0.2890,2.4600
2026-08-05 21:29:52.876,13.666667,112,10,0.007135,-1.5165,163.99,0,0,0,62.4800,223.698,0.04898,1,0,0,0,0,0.007039,0.000111,0.000502,0.000112,0.000804,0.000058,0.000177,0.000108,0.000237,0.000122,0.000320,0.000020,0.000178,0.000088,0.000303,-163.99,-168.65,-162.19,-174.74,-13.36,-174.56,48.24,-179.81,98.51,177.14,173.29,-83.37,-68.75,60.62,50.64,223.5904,5.0863,5.3094,3.5956,5.5919,1.6523,1.1988,0.2884,2.1658,0.3293,2.4165,0.3700,0.9773,0.2890,2.4600
2026-08-05 21:29:52.876,13.683333,112,11,0.006985,-1.4063,163.14,0,0,0,62.4800,223.698,0.04898,1,0,0,0,0,0.006550,0.000581,0.000120,0.000564,0.001217,0.000523,0.000618,0.000545,0.000495,0.000575,0.000158,0.000471,0.000490,0.000439,0.000701,-163.14,-177.10,-102.57,-174.03,-8.75,-176.95,19.82,179.91,27.09,-178.55,16.37,-172.49,-13.42,177.42,27.19,223.5904,5.0863,5.3094,3.5956,5.5919,1.6523,1.1988,0.2884,2.1658,0.3293,2.4165,0.3700,0.9773,0.2890,2.4600
2026-08-05 21:29:52.876,13.700000,112,12,0.006860,-1.3419,159.60,0,0,0,62.4800,223.698,0.04898,1,0,0,0,0,0.006363,0.000816,0.000752,0.000532,0.000994,0.000500,0.000425,0.000462,0.000686,0.000500,0.000772,0.000579,0.000476,0.000619,0.000814,-159.60,147.09,-101.95,109.93,-49.46,51.86,-172.70,-1.05,135.59,-59.41,131.89,-93.08,58.45,-138.45,37.79,223.5904,5.0863,5.3094,3.5956,5.5919,1.6523,1.1988,0.2884,2.1658,0.3293,2.4165,0.3700,0.9773,0.2890,2.4600
2026-08-05 21:29:52.876,13.716667,112,13,0.007135,-1.5157,163.85,0,0,0,62.4800,223.698,0.04898,1,0,0,0,0,0.007038,0.000137,0.000502,0.000088,0.000802,0.000027,0.000190,0.000090,0.000229,0.000120,0.000351,0.000063,0.000183,0.000074,0.000310,-163.85,-161.56,-162.07,-132.64,-16.74,-170.82,34.73,173.50,94.25,-176.40,177.97,138.00,-76.39,109.95,58.69,223.5904,5.0863,5.3094,3.5956,5.5919,1.6523,1.1988,0.2884,2.1658,0.3293,2.4165,0.3700,0.9773,0.2890,2.4600
2026-08-05 21:29:52.876,13.733333,112,14,0.007186,-1.5217,163.22,0,0,0,62.4800,223.698,0.04898,1,0,0,0,0,0.007090,0.000123,0.000481,0.000093,0.000821,0.000114,0.000205,0.000089,0.000231,0.000116,0.000308,0.000005,0.000194,0.000036,0.000299,-163.22,-166.72,-161.06,-105.76,-18.79,159.01,63.17,162.52,86.58,150.60,178.48,-53.13,-73.19,146.11,52.89,223.5904,5.0863,5.3094,3.5956,5.5919,1.6523,1.1988,0.2884,2.1658,0.3293,2.4165,0.3700,0.9773,0.2890,2.4600
2026-08-05 21:29:52.876,13.750000,112,15,0.007173,-1.4231,161.65,0,0,0,62.4800,223.698,0.04898,1,0,0,0,0,0.006682,0.000667,0.000457,0.000418,0.001381,0.000428,0.000521,0.000603,0.000174,0.000681,0.000534,0.000494,0.000712,0.000368,0.000352,-161.65,176.85,-83.93,170.07,-22.11,137.42,-10.41,119.40,-22.58,117.77,-134.52,111.67,-98.68,93.22,-75.77,223.5904,5.0863,5.3094,3.5956,5.5919,1.6523,1.1988,0.2884,2.1658,0.3293,2.4165,0.3700,0.9773,0.2890,2.4600
2026-08-05 21:29:52.876,13.766667,112,16,0.007473,-1.5340,160.86,0,0,0,62.4800,223.698,0.04898,1,0,0,0,0,0.007255,0.000427,0.000124,0.000418,0.000376,0.000531,0.000373,0.000338,0.000634,0.000503,0.000613,0.000325,0.000360,0.000326,0.000437,-160.86,-46.61,145.93,115.44,-12.07,-123.23,-21.69,28.93,92.69,160.62,-154.24,-62.42,-26.01,78.62,89.54,223.5904,5.0863,5.3094,3.5956,5.5919,1.6523,1.1988,0.2884,2.1658,0.3293,2.4165,0.3700,0.9773,0.2890,2.4600
2026-08-05 21:29:52.876,13.783333,112,17,0.007115,-1.5124,163.85,0,0,0,62.4800,223.698,0.04898,1,0,0,0,0,0.007024,0.000080,0.000479,0.000080,0.000740,0.000052,0.000165,0.000135,0.000197,0.000164,0.000319,0.000046,0.000177,0.000095,0.000302,-163.85,166.10,-164.89,-116.36,-15.44,-173.48,65.27,146.59,88.89,146.74,179.01,-137.78,-71.09,94.45,42.81,223.5904,5.0863,5.3094,3.5956,5.5919,1.6523,1.1988,0.2884,2.1658,0.3293,2.4165,0.3700,0.9773,0.2890,2.4600
2026-08-05 21:29:52.876,13.800000,112,18,0.007119,-1.5128,163.86,0,0,0,62.4800,223.698,0.04898,1,0,0,0,0,0.007026,0.000125,0.000518,0.000082,0.000758,0.000062,0.000198,0.000107,0.000247,0.000106,0.000317,0.000052,0.000181,0.000077,0.000304,-163.86,-167.37,-156.59,-116.75,-15.45,-128.09,58.06,161.88,83.51,161.71,175.53,164.44,-78.46,111.91,54.04,223.5904,5.0863,5.3094,3.5956,5.5919,1.6523,1.1988,0.2884,2.1658,0.3293,2.4165,0.3700,0.9773,0.2890,2.4600
2026-08-05 21:29:52.876,13.816667,112,19,0.007085,-1.5068,163.81,0,0,0,62.4800,223.698,0.04898,1,0,0,0,0,0.006997,0.000126,0.000463,0.000124,0.000757,0.000111,0.000208,0.000074,0.000219,0.000115,0.000340,0.000024,0.000154,0.000063,0.000260,-163.81,-172.32,-166.36,-131.04,-13.64,-137.39,61.29,160.28,79.99,168.41,173.59,-130.23,-81.83,123.35,61.17,223.5904,5.0863,5.3094,3.5956,5.5919,1.6523,1.1988,0.2884,2.1658,0.3293,2.4165,0.3700,0.9773,0.2890,2.4600
2026-08-05 21:29:52.876,13.833333,112,20,0.007077,-1.5047,163.88,0,0,0,62.4800,223.698,0.04898,1,0,0,0,0,0.006983,0.000112,0.000517,0.000095,0.000764,0.000093,0.000224,0.000091,0.000216,0.000099,0.000362,0.000020,0.000151,0.000094,0.000320,-163.88,-156.57,-166.00,-135.14,-15.51,-165.89,56.93,159.30,90.27,173.99,177.39,158.55,-77.49,105.97,46.60,223.5904,5.0863,5.3094,3.5956,5.5919,1.6523,1.1988,0.2884,2.1658,0.3293,2.4165,0.3700,0.9773,0.2890,2.4600
2026-08-05 21:29:52.876,13.850000,112,21,0.006811,-1.3342,163.34,0,0,0,62.4800,223.698,0.04898,1,0,0,0,0,0.006200,0.000801,0.000587,0.000884,0.000851,0.000601,0.000558,0.000417,0.000722,0.000635,0.001040,0.000543,0.000810,0.000850,0.000692,-163.34,-135.01,121.69,-88.40,39.96,-69.78,113.66,-15.81,157.82,12.62,-165.90,51.45,-88.24,113.63,-37.43,223.5904,5.0863,5.3094,3.5956,5.5919,1.6523,1.1988,0.2884,2.1658,0.3293,2.4165,0.3700,0.9773,0.2890,2.4600
2026-08-05 21:29:52.876,13.866667,112,22,0.007158,-1.5241,164.26,0,0,0,62.4800,223.698,0.04898,1,0,0,0,0,0.007066,0.000109,0.000493,0.000064,0.000780,0.000055,0.000225,0.000142,0.000242,0.000115,0.000323,0.000058,0.000218,0.000030,0.000269,-164.26,173.68,-161.33,-131.56,-8.90,-136.31,57.73,150.73,91.22,145.45,178.48,140.10,-73.11,-171.74,54.36,223.5904,5.0863,5.3094,3.5956,5.5919,1.6523,1.1988,0.2884,2.1658,0.3293,2.4165,0.3700,0.9773,0.2890,2.4600
2026-08-05 21:29:52.876,13.883333,112,23,0.007587,-1.5297,164.56,0,0,0,62.4800,223.698,0.04898,1,0,0,0,0,0.007084,0.000726,0.000359,0.000836,0.000713,0.000849,0.000401,0.000809,0.000300,0.000666,0.000582,0.000693,0.000306,0.000688,0.000760,-164.56,82.30,-159.99,-44.60,-28.51,-145.69,78.62,114.50,22.61,13.93,-149.34,-98.04,138.73,152.52,35.38,223.5904,5.0863,5.3094,3.5956,5.5919,1.6523,1.1988,0.2884,2.1658,0.3293,2.4165,0.3700,0.9773,0.2890,2.4600
2026-08-05 21:29:52.876,13.900000,112,24,0.006934,-1.4226,164.47,0,0,0,62.4800,223.698,0.04898,1,0,0,0,0,0.006589,0.000600,0.000467,0.000549,0.000485,0.000426,0.000427,0.000408,0.000250,0.000470,0.000431,0.000428,0.000513,0.000410,0.000735,-164.47,-135.81,138.37,-83.70,17.37,-26.53,164.25,29.67,-144.31,94.87,-110.65,140.54,-30.33,176.19,41.40,223.5904,5.0863,5.3094,3.5956,5.5919,1.6523,1.1988,0.2884,2.1658,0.3293,2.4165,0.3700,0.9773,0.2890,2.4600
2026-08-05 21:29:52.876,13.916667,112,25,0.007105,-1.5094,163.56,0,0,0,62.4800,223.698,0.04898,1,0,0,0,0,0.007018,0.000098,0.000473,0.000138,0.000748,0.000066,0.000203,0.000039,0.000245,0.000115,0.000346,0.000021,0.000136,0.000048,0.000268,-163.56,161.54,-164.07,-118.88,-14.44,-135.23,62.86,153.48,62.86,171.45,177.79,110.80,-106.44,42.02,55.86,223.5904,5.0863,5.3094,3.5956,5.5919,1.6523,1.1988,0.2884,2.1658,0.3293,2.4165,0.3700,0.9773,0.2890,2.4600
2026-08-05 21:29:52.876,13.933333,112,26,0.007137,-1.5143,163.46,0,0,0,62.4800,223.698,0.04898,1,0,0,0,0,0.007045,0.000075,0.000513,0.000119,0.000754,0.000042,0.000161,0.000069,0.000271,0.000103,0.000343,0.000039,0.000105,0.000057,0.000306,-163.46,-168.73,-161.91,-100.63,-17.22,-165.90,58.51,140.16,75.41,126.58,-168.84,48.87,-50.21,138.02,47.26,223.5904,5.0863,5.3094,3.5956,5.5919,1.6523,1.1988,0.2884,2.1658,0.3293,2.4165,0.3700,0.9773,0.2890,2.4600
2026-08-05 21:29:52.876,13.950000,112,27,0.006866,-1.3738,161.72,0,0,0,62.4800,223.698,0.04898,1,0,0,0,0,0.006441,0.000683,0.000314,0.000494,0.001204,0.000448,0.000336,0.000467,0.000154,0.000401,0.000671,0.000487,0.000540,0.000565,0.000285,-161.72,173.21,-86.31,158.46,-23.74,136.97,-40.52,104.85,-103.79,87.26,-150.05,49.16,-126.00,29.85,175.41,223.5904,5.0863,5.3094,3.5956,5.5919,1.6523,1.1988,0.2884,2.1658,0.3293,2.4165,0.3700,0.9773,0.2890,2.4600
2026-08-05 21:29:52.876,13.966667,112,28,0.007111,-1.5128,164.18,0,0,0,62.4800,223.698,0.04898,1,0,0,0,0,0.007010,0.000123,0.000545,0.000112,0.000789,0.000025,0.000212,0.000078,0.000236,0.000138,0.000310,0.000007,0.000198,0.000095,0.000322,-164.18,-178.01,-166.88,-140.38,-14.48,-38.45,62.86,116.12,87.17,156.58,-169.50,-31.90,-71.04,90.56,49.78,223.5904,5.0863,5.3094,3.5956,5.5919,1.6523,1.1988,0.2884,2.1658,0.3293,2.4165,0.3700,0.9773,0.2890,2.4600
2026-08-05 21:29:52.876,13.983333,112,29,0.007066,-1.5008,163.96,0,0,0,62.4800,223.698,0.04898,1,0,0,0,0,0.006960,0.000101,0.000570,0.000136,0.000797,0.000078,0.000238,0.000033,0.000264,0.000143,0.000335,0.000036,0.000135,0.000033,0.000277,-163.96,-160.57,-169.31,-137.96,-14.14,-173.85,55.14,130.49,91.81,156.21,175.07,-7.31,-76.60,107.75,51.01,223.5904,5.0863,5.3094,3.5956,5.5919,1.6523,1.1988,0.2884,2.1658,0.3293,2.4165,0.3700,0.9773,0.2890,2.4600
