host_time,t_s,seq,cycle,irms,p_w,phase_deg,range,over_count,over_range,freq_hz,vrms,thd_v,pll_locked,cal_applied,win_range,win_over_range_count,win_clip_volt_count,ih1,ih2,ih3,ih4,ih5,ih6,ih7,ih8,ih9,ih10,ih11,ih12,ih13,ih14,ih15,ihdeg1,ihdeg2,ihdeg3,ihdeg4,ihdeg5,ihdeg6,ihdeg7,ihdeg8,ihdeg9,ihdeg10,ihdeg11,ihdeg12,ihdeg13,ihdeg14,ihdeg15,vh1,vh2,vh3,vh4,vh5,vh6,vh7,vh8,vh9,vh10,vh11,vh12,vh13,vh14,vh15
2026-08-05 08:29:23.691,0.000000,77,0,0.252904,0.0067,-76.77,0,0,0,63.0122,0.223,2.16886,0,0,0,0,0,0.132222,0.028571,0.120188,0.028764,0.106182,0.028228,0.090975,0.026997,0.071854,0.024640,0.051593,0.020819,0.031355,0.016115,0.012025,76.77,-19.40,-143.02,138.20,1.48,-65.43,144.74,90.14,-71.92,-115.85,71.49,38.83,-147.37,-164.62,-20.64,0.0102,0.0061,0.0133,0.0032,0.0063,0.0043,0.0032,0.0049,0.0051,0.0080,0.0021,0.0020,0.0073,0.0040,0.0031
2026-08-05 08:29:23.691,0.016667,77,1,0.232982,0.0073,44.82,0,0,0,63.0122,0.223,2.16886,0,0,0,0,0,0.121533,0.023881,0.110374,0.024365,0.097731,0.024875,0.084309,0.024442,0.067333,0.022896,0.049224,0.019877,0.031092,0.015688,0.014344,-44.82,99.24,-148.45,14.87,112.29,-71.80,11.70,-159.94,-88.90,110.45,170.27,20.38,66.76,-68.81,-52.96,0.0102,0.0061,0.0133,0.0032,0.0063,0.0043,0.0032,0.0049,0.0051,0.0080,0.0021,0.0020,0.0073,0.0040,0.0031
2026-08-05 08:29:23.691,0.033333,77,2,0.229356,0.0013,-68.01,0,0,0,63.0122,0.223,2.16886,0,0,0,0,0,0.116581,0.032900,0.105663,0.032499,0.093534,0.031411,0.081373,0.029570,0.065654,0.026789,0.048835,0.022556,0.032048,0.017459,0.017368,68.01,-39.33,-170.55,98.35,-44.51,-124.62,80.06,12.21,-155.83,147.87,-32.17,-76.96,87.72,59.20,-168.09,0.0102,0.0061,0.0133,0.0032,0.0063,0.0043,0.0032,0.0049,0.0051,0.0080,0.0021,0.0020,0.0073,0.0040,0.0031
2026-08-05 08:29:23.691,0.050000,77,3,0.241330,0.0027,-85.94,0,0,0,63.0122,0.223,2.16886,0,0,0,0,0,0.121924,0.040449,0.110504,0.039383,0.097562,0.036903,0.084375,0.033368,0.067585,0.029201,0.049620,0.023933,0.031750,0.017758,0.016066,85.94,-6.07,-116.57,166.00,45.45,-22.68,-153.84,149.36,6.38,-38.80,166.09,132.67,-37.67,-54.49,102.18,0.0102,0.0061,0.0133,0.0032,0.0063,0.0043,0.0032,0.0049,0.0051,0.0080,0.0021,0.0020,0.0073,0.0040,0.0031
2026-08-05 08:29:23.691,0.066667,77,4,0.237951,-0.0062,-163.25,0,0,0,63.0122,0.223,2.16886,0,0,0,0,0,0.121611,0.036146,0.110078,0.035986,0.097111,0.035038,0.083143,0.032903,0.065930,0.029652,0.047635,0.025237,0.029145,0.019624,0.012141,163.25,151.58,115.64,120.80,72.42,88.93,28.01,56.76,-16.41,24.21,-61.11,-8.46,-108.23,-39.74,-171.24,0.0102,0.0061,0.0133,0.0032,0.0063,0.0043,0.0032,0.0049,0.0051,0.0080,0.0021,0.0020,0.0073,0.0040,0.0031
2026-08-05 08:29:23.691,0.083333,77,5,0.264910,-0.0028,-82.30,0,0,0,63.0122,0.223,2.16886,0,0,0,0,0,0.138801,0.025549,0.126725,0.026426,0.112270,0.027116,0.096063,0.026937,0.075956,0.025389,0.054732,0.022332,0.033311,0.017814,0.012507,82.30,-4.59,-125.54,167.28,30.46,-23.44,-174.52,144.14,-19.19,-49.32,136.69,116.93,-68.27,-74.44,80.56,0.0102,0.0061,0.0133,0.0032,0.0063,0.0043,0.0032,0.0049,0.0051,0.0080,0.0021,0.0020,0.0073,0.0040,0.0031
2026-08-05 08:29:23.691,0.100000,77,6,0.307644,0.0145,6.68,0,0,0,63.0122,0.223,2.16886,0,0,0,0,0,0.163757,0.026558,0.149910,0.027486,0.132137,0.027850,0.111504,0.027217,0.086281,0.024955,0.059897,0.020833,0.033925,0.015142,0.010240,-6.68,177.28,-31.37,171.24,-52.33,162.05,-74.08,150.96,-94.90,139.11,-114.38,127.23,-131.29,118.15,-130.36,0.0102,0.0061,0.0133,0.0032,0.0063,0.0043,0.0032,0.0049,0.0051,0.0080,0.0021,0.0020,0.0073,0.0040,0.0031
2026-08-05 08:29:23.691,0.116667,77,7,0.287775,0.0012,-139.29,0,0,0,63.0122,0.223,2.16886,0,0,0,0,0,0.149103,0.039210,0.135907,0.040047,0.119161,0.040036,0.100498,0.038592,0.077763,0.035479,0.053903,0.030474,0.030346,0.023876,0.007913,139.29,106.82,45.35,30.87,-44.57,-47.27,-135.46,-126.41,134.16,154.07,44.16,74.18,-46.16,-3.58,-141.07,0.0102,0.0061,0.0133,0.0032,0.0063,0.0043,0.0032,0.0049,0.0051,0.0080,0.0021,0.0020,0.0073,0.0040,0.0031
2026-08-05 08:29:23.691,0.133333,77,8,0.286224,-0.0020,112.37,0,0,0,63.0122,0.223,2.16886,0,0,0,0,0,0.148627,0.040528,0.135293,0.040587,0.118803,0.039836,0.100071,0.037519,0.077367,0.033493,0.053528,0.027896,0.030097,0.021197,0.008216,-112.37,-37.63,10.38,102.40,137.09,-119.04,-97.17,18.51,28.71,155.98,154.76,-66.06,-80.69,74.67,28.57,0.0102,0.0061,0.0133,0.0032,0.0063,0.0043,0.0032,0.0049,0.0051,0.0080,0.0021,0.0020,0.0073,0.0040,0.0031
2026-08-05 08:29:23.691,0.150000,77,9,0.300181,-0.0228,-123.79,0,0,0,63.0122,0.223,2.16886,0,0,0,0,0,0.160175,0.011049,0.146911,0.015901,0.130193,0.020182,0.110950,0.022361,0.086656,0.022561,0.061518,0.019766,0.035962,0.015115,0.012197,123.79,108.13,0.49,7.17,-119.31,-104.27,120.05,141.59,0.11,24.86,-118.99,-90.50,123.90,154.50,10.79,0.0102,0.0061,0.0133,0.0032,0.0063,0.0043,0.0032,0.0049,0.0051,0.0080,0.0021,0.0020,0.0073,0.0040,0.0031
2026-08-05 08:29:23.691,0.166667,77,10,0.328430,0.0083,63.52,0,0,0,63.0122,0.223,2.16886,0,0,0,0,0,0.174865,0.026929,0.160405,0.028213,0.141484,0.029003,0.119191,0.028505,0.092043,0.026210,0.063886,0.022081,0.036161,0.016758,0.010787,-63.52,65.27,158.32,-53.50,23.68,-175.22,-111.56,61.63,113.91,-62.67,-19.28,173.98,-150.19,55.45,93.95,0.0102,0.0061,0.0133,0.0032,0.0063,0.0043,0.0032,0.0049,0.0051,0.0080,0.0021,0.0020,0.0073,0.0040,0.0031
2026-08-05 08:29:23.691,0.183333,77,11,0.284260,0.0097,86.01,0,0,0,63.0122,0.223,2.16886,0,0,0,0,0,0.150213,0.020308,0.137671,0.021388,0.122292,0.022415,0.104932,0.022438,0.083201,0.021188,0.060293,0.018238,0.037231,0.013966,0.014736,-86.01,20.89,90.02,-142.91,-90.25,49.88,88.66,-119.46,-92.06,69.30,87.83,-101.93,-92.32,90.02,84.85,0.0102,0.0061,0.0133,0.0032,0.0063,0.0043,0.0032,0.0049,0.0051,0.0080,0.0021,0.0020,0.0073,0.0040,0.0031
2026-08-05 08:29:23.691,0.200000,77,12,0.269718,-0.0057,-130.41,0,0,0,63.0122,0.223,2.16886,0,0,0,0,0,0.143073,0.014260,0.131205,0.014912,0.116838,0.015542,0.100636,0.015569,0.080503,0.014542,0.059044,0.012281,0.037330,0.008764,0.015957,130.41,92.38,19.06,-0.83,-88.43,-97.71,163.13,163.17,55.06,60.86,-52.54,-42.88,-160.85,-147.65,85.77,0.0102,0.0061,0.0133,0.0032,0.0063,0.0043,0.0032,0.0049,0.0051,0.0080,0.0021,0.0020,0.0073,0.0040,0.0031
2026-08-05 08:29:23.691,0.216667,77,13,0.228468,-0.0010,-173.32,0,0,0,63.0122,0.223,2.16886,0,0,0,0,0,0.119716,0.012106,0.109265,0.013007,0.097624,0.013829,0.085374,0.013952,0.069795,0.013079,0.052944,0.011208,0.035594,0.008329,0.019036,173.32,178.61,146.42,171.50,123.66,159.32,99.75,144.50,75.90,126.99,52.22,107.17,26.20,85.37,-9.52,0.0102,0.0061,0.0133,0.0032,0.0063,0.0043,0.0032,0.0049,0.0051,0.0080,0.0021,0.0020,0.0073,0.0040,0.0031
2026-08-05 08:29:23.691,0.233333,77,14,0.212841,-0.0079,-147.01,0,0,0,63.0122,0.223,2.16886,0,0,0,0,0,0.109098,0.021323,0.099170,0.021717,0.088498,0.021859,0.077775,0.021400,0.063996,0.020068,0.049083,0.017498,0.033654,0.014016,0.019235,147.01,120.56,65.90,58.90,-10.54,-5.02,-88.33,-70.56,-166.20,-137.13,115.76,155.95,35.23,89.77,-56.12,0.0102,0.0061,0.0133,0.0032,0.0063,0.0043,0.0032,0.0049,0.0051,0.0080,0.0021,0.0020,0.0073,0.0040,0.0031
2026-08-05 08:29:23.691,0.250000,77,15,0.208753,-0.0001,106.84,0,0,0,63.0122,0.223,2.16886,0,0,0,0,0,0.106903,0.005296,0.097632,0.006880,0.088081,0.008286,0.078970,0.009283,0.066763,0.009688,0.053294,0.008954,0.038915,0.007449,0.024867,-106.84,-5.24,25.09,151.01,161.51,-63.71,-63.32,78.89,71.98,-141.36,-152.58,-3.38,-19.42,132.49,106.64,0.0102,0.0061,0.0133,0.0032,0.0063,0.0043,0.0032,0.0049,0.0051,0.0080,0.0021,0.0020,0.0073,0.0040,0.0031
2026-08-05 08:29:23.691,0.266667,77,16,0.226963,-0.0090,-173.92,0,0,0,63.0122,0.223,2.16886,0,0,0,0,0,0.116341,0.006407,0.106681,0.006861,0.096316,0.007466,0.085990,0.007789,0.072452,0.007882,0.057377,0.007273,0.041537,0.005964,0.026088,173.92,-178.69,147.95,176.97,126.21,166.30,103.21,152.40,80.19,135.58,57.02,115.59,31.64,92.21,-1.28,0.0102,0.0061,0.0133,0.0032,0.0063,0.0043,0.0032,0.0049,0.0051,0.0080,0.0021,0.0020,0.0073,0.0040,0.0031
2026-08-05 08:29:23.691,0.283333,77,17,0.268314,-0.0000,140.82,0,0,0,63.0122,0.223,2.16886,0,0,0,0,0,0.136648,0.042013,0.124611,0.039390,0.110373,0.035486,0.094368,0.031008,0.074565,0.026719,0.053604,0.022877,0.032363,0.019861,0.012790,-140.82,-101.13,-76.52,-22.28,-8.01,57.69,59.25,139.74,126.46,-135.85,-166.83,-49.54,-103.11,38.89,-57.91,0.0102,0.0061,0.0133,0.0032,0.0063,0.0043,0.0032,0.0049,0.0051,0.0080,0.0021,0.0020,0.0073,0.0040,0.0031
2026-08-05 08:29:23.691,0.300000,77,18,0.231630,-0.0020,-172.75,0,0,0,63.0122,0.223,2.16886,0,0,0,0,0,0.116039,0.037127,0.105778,0.033928,0.094757,0.029493,0.083616,0.024121,0.068993,0.018678,0.053354,0.013980,0.036967,0.011180,0.020409,172.75,161.39,143.09,142.36,118.20,124.16,91.85,108.52,65.67,96.69,39.62,91.98,11.72,95.38,-23.45,0.0102,0.0061,0.0133,0.0032,0.0063,0.0043,0.0032,0.0049,0.0051,0.0080,0.0021,0.0020,0.0073,0.0040,0.0031
2026-08-05 08:29:23.691,0.316667,77,19,0.196860,-0.0006,150.18,0,0,0,63.0122,0.223,2.16886,0,0,0,0,0,0.098497,0.023824,0.089524,0.021727,0.080842,0.018713,0.072612,0.014852,0.061784,0.010767,0.049793,0.007019,0.036916,0.004319,0.023952,-150.18,-126.27,-106.60,-73.61,-58.04,-20.16,-10.98,34.63,36.24,93.02,83.48,158.95,128.52,-116.95,166.05,0.0102,0.0061,0.0133,0.0032,0.0063,0.0043,0.0032,0.0049,0.0051,0.0080,0.0021,0.0020,0.0073,0.0040,0.0031
2026-08-05 08:29:23.691,0.333333,77,20,0.188676,0.0032,84.84,0,0,0,63.0122,0.223,2.16886,0,0,0,0,0,0.091270,0.030586,0.082648,0.028208,0.074508,0.024799,0.067285,0.020573,0.057635,0.016174,0.047138,0.012392,0.035991,0.009964,0.025251,-84.84,5.84,88.20,-168.95,-93.51,17.18,83.10,-154.62,-100.35,37.49,75.78,-124.68,-110.66,81.54,54.73,0.0102,0.0061,0.0133,0.0032,0.0063,0.0043,0.0032,0.0049,0.0051,0.0080,0.0021,0.0020,0.0073,0.0040,0.0031
2026-08-05 08:29:23.691,0.350000,77,21,0.182913,-0.0032,121.35,0,0,0,63.0122,0.223,2.16886,0,0,0,0,0,0.087998,0.024394,0.079945,0.022251,0.072679,0.018984,0.066700,0.014976,0.058425,0.010825,0.049085,0.006948,0.039124,0.005256,0.028889,-121.35,-68.80,-21.46,41.74,83.84,152.58,-172.48,-93.76,-68.61,24.30,35.27,153.41,137.10,-53.92,-126.79,0.0102,0.0061,0.0133,0.0032,0.0063,0.0043,0.0032,0.0049,0.0051,0.0080,0.0021,0.0020,0.0073,0.0040,0.0031
2026-08-05 08:29:23.691,0.366667,77,22,0.178348,0.0032,-121.86,0,0,0,63.0122,0.223,2.16886,0,0,0,0,0,0.086334,0.017211,0.078575,0.015495,0.071703,0.013116,0.066372,0.010084,0.058658,0.006618,0.049959,0.003369,0.040342,0.001692,0.030246,121.86,56.35,-11.67,-67.93,-139.67,167.36,90.89,44.14,-38.42,-75.94,-167.40,174.87,62.08,130.49,-73.19,0.0102,0.0061,0.0133,0.0032,0.0063,0.0043,0.0032,0.0049,0.0051,0.0080,0.0021,0.0020,0.0073,0.0040,0.0031
2026-08-05 08:29:23.691,0.383333,77,23,0.200891,-0.0004,132.65,0,0,0,63.0122,0.223,2.16886,0,0,0,0,0,0.099100,0.022401,0.090439,0.020152,0.082331,0.016861,0.074772,0.012919,0.064643,0.008669,0.053526,0.004751,0.041348,0.003552,0.028714,-132.65,-90.67,-53.87,-2.28,29.86,86.46,112.09,177.73,-165.33,-86.95,-82.64,23.58,-1.66,171.45,74.53,0.0102,0.0061,0.0133,0.0032,0.0063,0.0043,0.0032,0.0049,0.0051,0.0080,0.0021,0.0020,0.0073,0.0040,0.0031
2026-08-05 08:29:23.691,0.400000,77,24,0.189486,-0.0008,-170.84,0,0,0,63.0122,0.223,2.16886,0,0,0,0,0,0.093800,0.016276,0.085360,0.014663,0.077603,0.012252,0.070888,0.009498,0.061426,0.006752,0.050999,0.004824,0.039609,0.004998,0.027997,170.84,156.87,136.32,133.04,106.96,110.08,76.10,90.68,45.42,78.14,14.86,83.48,-17.55,97.10,-55.82,0.0102,0.0061,0.0133,0.0032,0.0063,0.0043,0.0032,0.0049,0.0051,0.0080,0.0021,0.0020,0.0073,0.0040,0.0031
2026-08-05 08:29:23.691,0.416667,77,25,0.241958,0.0080,109.96,0,0,0,63.0122,0.223,2.16886,0,0,0,0,0,0.124482,0.029246,0.113772,0.026267,0.102006,0.022069,0.089490,0.016729,0.073382,0.011266,0.056204,0.007052,0.038092,0.006300,0.020075,-109.96,-45.54,16.13,88.07,146.49,-136.93,-84.33,0.31,45.12,143.57,174.60,-56.78,-57.45,123.33,63.53,0.0102,0.0061,0.0133,0.0032,0.0063,0.0043,0.0032,0.0049,0.0051,0.0080,0.0021,0.0020,0.0073,0.0040,0.0031
2026-08-05 08:29:23.691,0.433333,77,26,0.196308,0.0021,153.57,0,0,0,63.0122,0.223,2.16886,0,0,0,0,0,0.098845,0.012808,0.090061,0.011617,0.081754,0.010061,0.074122,0.008040,0.063757,0.005786,0.052363,0.003343,0.039822,0.001160,0.026877,-153.57,-136.13,-116.02,-94.91,-73.53,-53.74,-32.54,-10.30,8.70,34.87,50.12,84.21,89.92,172.30,124.44,0.0102,0.0061,0.0133,0.0032,0.0063,0.0043,0.0032,0.0049,0.0051,0.0080,0.0021,0.0020,0.0073,0.0040,0.0031
2026-08-05 08:29:23.691,0.450000,77,27,0.199000,0.0015,75.56,0,0,0,63.0122,0.223,2.16886,0,0,0,0,0,0.100941,0.009359,0.091957,0.008803,0.083314,0.008069,0.075146,0.006901,0.064248,0.005588,0.052436,0.003925,0.039668,0.002096,0.026752,-75.56,13.69,118.37,-155.58,-42.91,34.92,154.23,-133.33,-8.48,59.11,-171.20,-110.95,24.04,66.45,-146.84,0.0102,0.0061,0.0133,0.0032,0.0063,0.0043,0.0032,0.0049,0.0051,0.0080,0.0021,0.0020,0.0073,0.0040,0.0031
2026-08-05 08:29:23.691,0.466667,77,28,0.192382,0.0066,74.84,0,0,0,63.0122,0.223,2.16886,0,0,0,0,0,0.095587,0.008125,0.087233,0.007942,0.079356,0.007997,0.072467,0.008021,0.063022,0.007686,0.052607,0.007032,0.041148,0.006434,0.029425,-74.84,7.30,119.85,-167.99,-40.61,18.21,157.58,-153.83,-4.13,34.83,-165.76,-138.24,30.89,47.53,-137.99,0.0102,0.0061,0.0133,0.0032,0.0063,0.0043,0.0032,0.0049,0.0051,0.0080,0.0021,0.0020,0.0073,0.0040,0.0031
2026-08-05 08:29:23.691,0.483333,77,29,0.225016,0.0056,-22.43,0,0,0,63.0122,0.223,2.16886,0,0,0,0,0,0.115798,0.015802,0.105756,0.014177,0.095433,0.011995,0.084895,0.009101,0.071174,0.005999,0.056358,0.003027,0.040570,0.001755,0.024656,22.43,-146.62,53.00,-114.90,88.09,-84.40,121.86,-54.17,155.74,-26.76,-170.34,-12.31,-137.80,-53.28,-111.61,0.0102,0.0061,0.0133,0.0032,0.0063,0.0043,0.0032,0.0049,0.0051,0.0080,0.0021,0.0020,0.0073,0.0040,0.0031
2026-08-05 08:29:24.202,0.500000,78,0,0.200288,-0.0003,-150.83,0,0,0,63.0122,0.342,0.27925,0,0,0,0,0,0.099669,0.014877,0.090885,0.012937,0.082575,0.010345,0.075044,0.007017,0.064904,0.003367,0.053766,0.000537,0.041749,0.003941,0.029736,150.83,113.18,76.68,45.38,7.47,-23.52,-63.18,-91.02,-133.89,-157.65,155.40,-64.37,82.66,-116.48,4.00,0.0842,0.0180,0.0041,0.0066,0.0049,0.0078,0.0024,0.0009,0.0035,0.0046,0.0022,0.0023,0.0023,0.0042,0.0033
2026-08-05 08:29:24.202,0.516667,78,1,0.204173,-0.0019,-179.02,0,0,0,63.0122,0.342,0.27925,0,0,0,0,0,0.103381,0.021291,0.094124,0.019021,0.084732,0.015879,0.075686,0.011869,0.063769,0.007686,0.050860,0.003885,0.037087,0.003155,0.023854,179.02,170.77,161.33,160.65,148.53,151.05,134.20,143.24,119.80,139.67,105.17,153.81,87.87,-143.56,61.86,0.0842,0.0180,0.0041,0.0066,0.0049,0.0078,0.0024,0.0009,0.0035,0.0046,0.0022,0.0023,0.0023,0.0042,0.0033
2026-08-05 08:29:24.202,0.533333,78,2,0.193253,0.0229,44.66,0,0,0,63.0122,0.342,0.27925,0,0,0,0,0,0.097386,0.017466,0.089067,0.016067,0.079545,0.013588,0.072042,0.010037,0.061169,0.007541,0.049106,0.004988,0.037029,0.005190,0.024712,-44.66,84.76,-150.84,-8.52,108.43,-106.21,6.43,164.89,-96.50,80.43,161.16,10.43,56.06,-45.34,-57.45,0.0842,0.0180,0.0041,0.0066,0.0049,0.0078,0.0024,0.0009,0.0035,0.0046,0.0022,0.0023,0.0023,0.0042,0.0033
2026-08-05 08:29:24.202,0.550000,78,3,0.189605,0.0027,-155.78,0,0,0,63.0122,0.342,0.27925,0,0,0,0,0,0.093448,0.017418,0.085324,0.015783,0.077590,0.013549,0.070847,0.010816,0.061635,0.007897,0.051371,0.005201,0.040073,0.003578,0.028568,155.78,125.19,90.92,69.24,31.30,13.27,-29.82,-40.23,-90.87,-89.91,-151.63,-129.03,145.81,-146.76,77.74,0.0842,0.0180,0.0041,0.0066,0.0049,0.0078,0.0024,0.0009,0.0035,0.0046,0.0022,0.0023,0.0023,0.0042,0.0033
2026-08-05 08:29:24.202,0.566667,78,4,0.185765,-0.0018,-158.17,0,0,0,63.0122,0.342,0.27925,0,0,0,0,0,0.092567,0.013568,0.084188,0.012254,0.076438,0.010403,0.069707,0.008017,0.060403,0.005360,0.050148,0.002717,0.039079,0.000726,0.027659,158.17,126.12,98.18,70.91,43.33,14.64,-13.01,-41.02,-69.24,-97.87,-125.47,-161.55,176.23,46.45,111.96,0.0842,0.0180,0.0041,0.0066,0.0049,0.0078,0.0024,0.0009,0.0035,0.0046,0.0022,0.0023,0.0023,0.0042,0.0033
2026-08-05 08:29:24.202,0.583333,78,5,0.190049,-0.0056,142.88,0,0,0,63.0122,0.342,0.27925,0,0,0,0,0,0.093229,0.017602,0.085044,0.016020,0.077461,0.013789,0.071007,0.010973,0.061964,0.007868,0.051900,0.004678,0.040921,0.001596,0.029792,-142.88,-116.04,-85.15,-53.77,-22.22,7.90,39.29,69.56,100.84,130.58,162.58,-172.10,-137.60,-136.87,-83.27,0.0842,0.0180,0.0041,0.0066,0.0049,0.0078,0.0024,0.0009,0.0035,0.0046,0.0022,0.0023,0.0023,0.0042,0.0033
2026-08-05 08:29:24.202,0.600000,78,6,0.222423,-0.0033,171.23,0,0,0,63.0122,0.342,0.27925,0,0,0,0,0,0.115189,0.010569,0.105021,0.009643,0.094477,0.008351,0.083985,0.006661,0.070084,0.004822,0.055037,0.002759,0.039432,0.001158,0.024255,-171.23,-176.61,-167.82,-174.75,-159.96,-173.72,-153.53,-172.80,-147.13,-173.55,-141.01,-178.60,-137.40,129.04,-141.36,0.0842,0.0180,0.0041,0.0066,0.0049,0.0078,0.0024,0.0009,0.0035,0.0046,0.0022,0.0023,0.0023,0.0042,0.0033
2026-08-05 08:29:24.202,0.616667,78,7,0.201260,-0.0022,-112.18,0,0,0,63.0122,0.342,0.27925,0,0,0,0,0,0.102756,0.011500,0.094216,0.011174,0.083911,0.009160,0.076104,0.006448,0.063942,0.004215,0.051220,0.001696,0.037551,0.001496,0.024772,112.18,36.32,-37.26,-115.00,177.14,103.24,30.14,-48.54,-116.40,166.55,96.53,21.67,-53.50,38.83,150.26,0.0842,0.0180,0.0041,0.0066,0.0049,0.0078,0.0024,0.0009,0.0035,0.0046,0.0022,0.0023,0.0023,0.0042,0.0033
2026-08-05 08:29:24.202,0.633333,78,8,0.208470,-0.0464,153.31,0,0,0,63.0122,0.342,0.27925,0,0,0,0,0,0.107309,0.015536,0.097630,0.013701,0.087902,0.010735,0.078473,0.007120,0.065629,0.003664,0.051708,0.001585,0.037267,0.004316,0.023011,-153.31,-134.37,-114.93,-89.09,-71.89,-43.74,-30.15,1.98,11.67,58.95,53.16,-174.95,92.33,-75.46,124.45,0.0842,0.0180,0.0041,0.0066,0.0049,0.0078,0.0024,0.0009,0.0035,0.0046,0.0022,0.0023,0.0023,0.0042,0.0033
2026-08-05 08:29:24.202,0.650000,78,9,0.239770,-0.0107,-161.96,0,0,0,63.0122,0.342,0.27925,0,0,0,0,0,0.127023,0.009302,0.115713,0.009252,0.103478,0.008790,0.090286,0.007991,0.073279,0.006957,0.054970,0.005037,0.036199,0.002698,0.017590,161.96,121.46,112.60,64.43,67.39,6.82,21.13,-49.45,-24.78,-103.34,-70.61,-154.96,-117.85,138.90,-170.64,0.0842,0.0180,0.0041,0.0066,0.0049,0.0078,0.0024,0.0009,0.0035,0.0046,0.0022,0.0023,0.0023,0.0042,0.0033
2026-08-05 08:29:24.202,0.666667,78,10,0.219876,-0.0067,-119.64,0,0,0,63.0122,0.342,0.27925,0,0,0,0,0,0.114498,0.004877,0.104671,0.005624,0.093649,0.003891,0.083449,0.003033,0.069408,0.001974,0.053902,0.001145,0.038351,0.002847,0.022657,119.64,42.69,-13.72,-95.68,-143.92,125.95,85.31,-22.63,-45.79,174.01,-176.51,-5.35,49.90,172.02,-90.53,0.0842,0.0180,0.0041,0.0066,0.0049,0.0078,0.0024,0.0009,0.0035,0.0046,0.0022,0.0023,0.0023,0.0042,0.0033
2026-08-05 08:29:24.202,0.683333,78,11,0.189618,-0.0333,152.95,0,0,0,63.0122,0.342,0.27925,0,0,0,0,0,0.094820,0.011758,0.086945,0.009922,0.078685,0.008563,0.071178,0.005997,0.061753,0.002976,0.050771,0.000899,0.039002,0.003062,0.027404,-152.95,-131.10,-114.58,-89.38,-70.72,-45.69,-29.04,4.90,12.83,54.95,55.26,159.00,94.96,-76.16,129.43,0.0842,0.0180,0.0041,0.0066,0.0049,0.0078,0.0024,0.0009,0.0035,0.0046,0.0022,0.0023,0.0023,0.0042,0.0033
2026-08-05 08:29:24.202,0.700000,78,12,0.205822,-0.0358,174.79,0,0,0,63.0122,0.342,0.27925,0,0,0,0,0,0.105893,0.005693,0.096353,0.006406,0.086726,0.006960,0.077762,0.007139,0.065613,0.006899,0.052122,0.005739,0.038318,0.004099,0.024809,-174.79,158.15,-179.30,142.23,-179.25,129.91,179.36,119.24,178.13,114.21,176.67,108.67,172.46,94.14,161.37,0.0842,0.0180,0.0041,0.0066,0.0049,0.0078,0.0024,0.0009,0.0035,0.0046,0.0022,0.0023,0.0023,0.0042,0.0033
2026-08-05 08:29:24.202,0.716667,78,13,0.243820,-0.0168,164.90,0,0,0,63.0122,0.342,0.27925,0,0,0,0,0,0.125881,0.032769,0.115312,0.029188,0.102644,0.025031,0.088764,0.019625,0.071591,0.014514,0.052958,0.011673,0.033769,0.011521,0.015932,-164.90,-152.68,-148.70,-126.74,-127.74,-99.18,-108.41,-66.92,-88.67,-29.18,-68.80,16.63,-51.70,69.23,-43.64,0.0842,0.0180,0.0041,0.0066,0.0049,0.0078,0.0024,0.0009,0.0035,0.0046,0.0022,0.0023,0.0023,0.0042,0.0033
2026-08-05 08:29:24.202,0.733333,78,14,0.250883,-0.0398,146.83,0,0,0,63.0122,0.342,0.27925,0,0,0,0,0,0.126691,0.041747,0.116776,0.036968,0.104243,0.031590,0.090041,0.025016,0.072603,0.018536,0.053518,0.014100,0.034603,0.012937,0.016559,-146.83,-115.97,-94.37,-53.91,-37.01,9.07,18.79,75.83,74.79,147.57,130.57,-130.42,-176.35,-38.80,-132.53,0.0842,0.0180,0.0041,0.0066,0.0049,0.0078,0.0024,0.0009,0.0035,0.0046,0.0022,0.0023,0.0023,0.0042,0.0033
2026-08-05 08:29:24.202,0.750000,78,15,0.183720,0.0021,-117.44,0,0,0,63.0122,0.342,0.27925,0,0,0,0,0,0.091753,0.018784,0.082985,0.016788,0.075242,0.013799,0.068247,0.010277,0.058703,0.006272,0.048001,0.003599,0.036662,0.004464,0.025818,117.44,48.42,-24.36,-83.54,-160.91,144.89,60.97,16.46,-77.08,-105.71,145.14,156.11,4.35,81.68,-142.64,0.0842,0.0180,0.0041,0.0066,0.0049,0.0078,0.0024,0.0009,0.0035,0.0046,0.0022,0.0023,0.0023,0.0042,0.0033
2026-08-05 08:29:24.202,0.766667,78,16,0.175053,0.0076,-115.50,0,0,0,63.0122,0.342,0.27925,0,0,0,0,0,0.086105,0.018678,0.077884,0.016978,0.070868,0.014527,0.064839,0.011413,0.056574,0.007980,0.047066,0.005108,0.036806,0.003741,0.026662,115.50,43.62,-30.89,-92.98,-171.91,130.06,45.73,-4.04,-96.44,-135.65,121.61,102.60,-22.90,12.54,-172.88,0.0842,0.0180,0.0041,0.0066,0.0049,0.0078,0.0024,0.0009,0.0035,0.0046,0.0022,0.0023,0.0023,0.0042,0.0033
2026-08-05 08:29:24.202,0.783333,78,17,0.180839,-0.0047,122.59,0,0,0,63.0122,0.342,0.27925,0,0,0,0,0,0.088681,0.020354,0.080439,0.018697,0.073133,0.016050,0.066964,0.012772,0.058384,0.009414,0.048552,0.006706,0.037867,0.005672,0.027257,-122.59,-71.22,-24.61,37.25,78.59,145.99,-179.58,-102.56,-77.53,12.85,24.90,137.66,124.96,-78.95,-139.71,0.0842,0.0180,0.0041,0.0066,0.0049,0.0078,0.0024,0.0009,0.0035,0.0046,0.0022,0.0023,0.0023,0.0042,0.0033
2026-08-05 08:29:24.202,0.800000,78,18,0.181416,-0.0078,176.56,0,0,0,63.0122,0.342,0.27925,0,0,0,0,0,0.089443,0.017283,0.081047,0.016041,0.073560,0.013872,0.067427,0.011433,0.058625,0.008935,0.048755,0.006995,0.037900,0.006312,0.027678,-176.56,-177.30,173.59,-175.07,168.89,-172.20,162.73,-166.89,156.74,-156.96,150.97,-140.91,142.39,-113.92,128.51,0.0842,0.0180,0.0041,0.0066,0.0049,0.0078,0.0024,0.0009,0.0035,0.0046,0.0022,0.0023,0.0023,0.0042,0.0033
2026-08-05 08:29:24.202,0.816667,78,19,0.183348,-0.0026,176.50,0,0,0,63.0122,0.342,0.27925,0,0,0,0,0,0.090611,0.016953,0.082193,0.015573,0.074629,0.013217,0.068352,0.010537,0.059431,0.007471,0.049401,0.004769,0.038464,0.002675,0.028189,-176.50,179.22,173.70,177.62,168.99,176.25,162.93,175.52,156.90,177.51,151.01,-174.25,142.33,-131.33,128.11,0.0842,0.0180,0.0041,0.0066,0.0049,0.0078,0.0024,0.0009,0.0035,0.0046,0.0022,0.0023,0.0023,0.0042,0.0033
2026-08-05 08:29:24.202,0.833333,78,20,0.213899,-0.0028,145.90,0,0,0,63.0122,0.342,0.27925,0,0,0,0,0,0.106545,0.032715,0.097421,0.030047,0.087178,0.026220,0.077633,0.021503,0.064438,0.016865,0.050514,0.012928,0.035524,0.011346,0.022016,-145.90,-114.66,-92.66,-51.16,-34.78,14.55,21.73,81.63,78.11,153.70,134.55,-129.15,-172.06,-42.97,-127.55,0.0842,0.0180,0.0041,0.0066,0.0049,0.0078,0.0024,0.0009,0.0035,0.0046,0.0022,0.0023,0.0023,0.0042,0.0033
2026-08-05 08:29:24.202,0.850000,78,21,0.212104,-0.0038,-94.36,0,0,0,63.0122,0.342,0.27925,0,0,0,0,0,0.108641,0.022419,0.098883,0.020247,0.088712,0.017220,0.078655,0.013613,0.065222,0.010472,0.050813,0.008361,0.035151,0.008751,0.020562,94.36,5.90,-91.70,-169.04,86.92,17.97,-95.79,-152.09,81.58,45.11,-100.97,-108.46,74.22,100.69,-118.95,0.0842,0.0180,0.0041,0.0066,0.0049,0.0078,0.0024,0.0009,0.0035,0.0046,0.0022,0.0023,0.0023,0.0042,0.0033
2026-08-05 08:29:24.202,0.866667,78,22,0.208534,-0.0111,-177.33,0,0,0,63.0122,0.342,0.27925,0,0,0,0,0,0.108222,0.007103,0.097972,0.006540,0.088503,0.006501,0.078885,0.005841,0.066310,0.005273,0.052620,0.004425,0.037665,0.002901,0.023461,177.33,150.03,157.03,123.94,141.47,94.39,124.46,64.49,107.89,36.30,91.16,5.06,72.69,-34.72,46.84,0.0842,0.0180,0.0041,0.0066,0.0049,0.0078,0.0024,0.0009,0.0035,0.0046,0.0022,0.0023,0.0023,0.0042,0.0033
2026-08-05 08:29:24.202,0.883333,78,23,0.175139,-0.0030,-173.62,0,0,0,63.0122,0.342,0.27925,0,0,0,0,0,0.086443,0.012011,0.078115,0.010651,0.071219,0.008907,0.065738,0.006423,0.057609,0.004075,0.048678,0.001442,0.038428,0.001188,0.028966,173.62,156.35,143.26,133.31,118.47,108.82,92.06,82.71,66.20,57.55,40.31,19.19,12.29,-172.24,-21.08,0.0842,0.0180,0.0041,0.0066,0.0049,0.0078,0.0024,0.0009,0.0035,0.0046,0.0022,0.0023,0.0023,0.0042,0.0033
2026-08-05 08:29:24.202,0.900000,78,24,0.189481,-0.0016,10.99,0,0,0,63.0122,0.342,0.27925,0,0,0,0,0,0.096065,0.012460,0.087102,0.010902,0.078825,0.008845,0.071387,0.006028,0.061067,0.003481,0.049835,0.001949,0.037253,0.003852,0.025383,-10.99,150.22,-49.03,120.28,-81.93,90.26,-116.43,64.06,-150.51,48.34,175.29,74.38,139.15,88.75,96.76,0.0842,0.0180,0.0041,0.0066,0.0049,0.0078,0.0024,0.0009,0.0035,0.0046,0.0022,0.0023,0.0023,0.0042,0.0033
2026-08-05 08:29:24.202,0.916667,78,25,0.197943,0.0051,-57.87,0,0,0,63.0122,0.342,0.27925,0,0,0,0,0,0.100891,0.007790,0.091441,0.006794,0.082939,0.005590,0.074840,0.003860,0.063840,0.002317,0.051808,0.000381,0.038733,0.001607,0.026620,57.87,-76.31,157.76,29.42,-97.31,130.04,5.99,-126.20,109.66,-24.85,-147.23,54.87,-46.16,-1.11,47.60,0.0842,0.0180,0.0041,0.0066,0.0049,0.0078,0.0024,0.0009,0.0035,0.0046,0.0022,0.0023,0.0023,0.0042,0.0033
2026-08-05 08:29:24.202,0.933333,78,26,0.188653,0.0119,103.49,0,0,0,63.0122,0.342,0.27925,0,0,0,0,0,0.096321,0.007456,0.087115,0.007025,0.078834,0.006655,0.071234,0.005909,0.060872,0.005261,0.049333,0.004316,0.036706,0.002967,0.025231,-103.49,-49.22,33.42,84.20,175.44,-146.31,-44.09,-16.88,96.67,114.77,-122.81,-118.63,15.80,1.47,146.95,0.0842,0.0180,0.0041,0.0066,0.0049,0.0078,0.0024,0.0009,0.0035,0.0046,0.0022,0.0023,0.0023,0.0042,0.0033
2026-08-05 08:29:24.202,0.950000,78,27,0.172064,-0.0002,-154.14,0,0,0,63.0122,0.342,0.27925,0,0,0,0,0,0.085100,0.007800,0.076870,0.007177,0.070013,0.006294,0.064738,0.005126,0.056858,0.004106,0.047923,0.003318,0.037932,0.002702,0.028793,154.14,110.58,84.86,41.72,21.26,-31.08,-43.98,-106.34,-108.89,176.22,-173.92,87.49,119.32,-9.60,46.71,0.0842,0.0180,0.0041,0.0066,0.0049,0.0078,0.0024,0.0009,0.0035,0.0046,0.0022,0.0023,0.0023,0.0042,0.0033
2026-08-05 08:29:24.202,0.966667,78,28,0.178685,0.0025,-167.35,0,0,0,63.0122,0.342,0.27925,0,0,0,0,0,0.089144,0.007310,0.080809,0.006884,0.073341,0.006361,0.067300,0.005673,0.058535,0.004710,0.048702,0.003593,0.038205,0.002044,0.028325,167.35,135.88,124.56,92.39,87.25,48.02,48.50,3.39,9.61,-41.07,-29.11,-83.45,-70.14,-135.05,-117.85,0.0842,0.0180,0.0041,0.0066,0.0049,0.0078,0.0024,0.0009,0.0035,0.0046,0.0022,0.0023,0.0023,0.0042,0.0033
2026-08-05 08:29:24.202,0.983333,78,29,0.181249,0.0055,36.44,0,0,0,63.0122,0.342,0.27925,0,0,0,0,0,0.090331,0.012965,0.082116,0.011891,0.074271,0.010099,0.067945,0.008230,0.058949,0.006128,0.048573,0.004108,0.037813,0.002652,0.027538,-36.44,93.48,-126.29,4.44,149.09,-84.11,63.09,-176.62,-23.06,87.20,-109.01,-13.39,162.77,-131.29,67.49,0.0842,0.0180,0.0041,0.0066,0.0049,0.0078,0.0024,0.0009,0.0035,0.0046,0.0022,0.0023,0.0023,0.0042,0.0033
2026-08-05 08:29:24.715,1.000000,79,0,0.181895,-0.0002,114.85,0,0,0,63.0122,0.583,1.63154,0,0,0,0,0,0.089559,0.016225,0.081460,0.014743,0.073944,0.012411,0.067891,0.009626,0.059116,0.006551,0.049226,0.003922,0.038693,0.003059,0.028636,-114.85,-56.64,-1.60,65.39,116.95,-170.95,-125.89,-46.86,-8.82,80.94,108.44,-136.84,-136.50,32.45,-27.99,0.0120,0.0116,0.0015,0.0055,0.0064,0.0024,0.0002,0.0062,0.0044,0.0025,0.0036,0.0026,0.0025,0.0063,0.0062
2026-08-05 08:29:24.715,1.016667,79,1,0.175361,0.0058,-91.94,0,0,0,63.0122,0.583,1.63154,0,0,0,0,0,0.086630,0.007594,0.078422,0.007162,0.071252,0.006749,0.065833,0.006414,0.057656,0.005974,0.048372,0.005119,0.038573,0.004507,0.029211,91.94,-18.36,-102.08,142.43,69.57,-56.76,-120.23,103.09,49.91,-99.61,-139.89,60.22,28.20,-146.04,-170.17,0.0120,0.0116,0.0015,0.0055,0.0064,0.0024,0.0002,0.0062,0.0044,0.0025,0.0036,0.0026,0.0025,0.0063,0.0062
2026-08-05 08:29:24.715,1.033333,79,2,0.194111,0.1819,38.85,0,0,0,63.0122,0.583,1.63154,0,0,0,0,0,0.098911,0.010556,0.089862,0.008038,0.081476,0.007214,0.073423,0.005144,0.062602,0.003562,0.050094,0.001832,0.037377,0.001076,0.025447,-38.85,90.33,-134.99,-3.81,133.37,-97.10,41.71,161.40,-50.64,60.71,-142.75,-48.36,122.41,124.10,19.08,0.0120,0.0116,0.0015,0.0055,0.0064,0.0024,0.0002,0.0062,0.0044,0.0025,0.0036,0.0026,0.0025,0.0063,0.0062
2026-08-05 08:29:24.715,1.050000,79,3,0.177930,-0.0254,-146.31,0,0,0,63.0122,0.583,1.63154,0,0,0,0,0,0.088439,0.015632,0.080379,0.014215,0.072746,0.011654,0.066485,0.008750,0.057563,0.005404,0.047527,0.002114,0.036658,0.000989,0.026551,146.31,103.02,61.81,24.28,-17.45,-53.98,-98.05,-133.44,-178.69,147.26,100.79,66.18,18.10,165.76,-71.93,0.0120,0.0116,0.0015,0.0055,0.0064,0.0024,0.0002,0.0062,0.0044,0.0025,0.0036,0.0026,0.0025,0.0063,0.0062
2026-08-05 08:29:24.715,1.066667,79,4,0.195559,-0.0296,-151.43,0,0,0,63.0122,0.583,1.63154,0,0,0,0,0,0.099519,0.011344,0.090672,0.010337,0.081767,0.008787,0.073878,0.006914,0.062965,0.004776,0.050760,0.002616,0.037839,0.000617,0.025151,151.43,109.76,78.22,37.46,10.10,-34.18,-59.40,-106.89,-128.89,177.70,161.84,101.62,90.46,-32.89,12.22,0.0120,0.0116,0.0015,0.0055,0.0064,0.0024,0.0002,0.0062,0.0044,0.0025,0.0036,0.0026,0.0025,0.0063,0.0062
2026-08-05 08:29:24.715,1.083333,79,5,0.183886,0.0378,-55.39,0,0,0,63.0122,0.583,1.63154,0,0,0,0,0,0.092167,0.011855,0.083324,0.011112,0.076142,0.009329,0.069071,0.006822,0.060063,0.005176,0.049831,0.002486,0.038243,0.000599,0.027643,55.39,-79.17,148.50,15.53,-112.73,116.87,-15.20,-147.80,81.67,-53.56,179.73,45.14,-85.10,100.93,4.29,0.0120,0.0116,0.0015,0.0055,0.0064,0.0024,0.0002,0.0062,0.0044,0.0025,0.0036,0.0026,0.0025,0.0063,0.0062
2026-08-05 08:29:24.715,1.100000,79,6,0.184942,-0.0378,-128.10,0,0,0,63.0122,0.583,1.63154,0,0,0,0,0,0.091532,0.015522,0.083332,0.014222,0.075720,0.011838,0.069347,0.009209,0.060269,0.006224,0.050171,0.003510,0.038992,0.002315,0.028050,128.10,68.72,7.61,-44.29,-107.73,-155.90,135.68,93.52,19.08,-15.21,-97.32,-111.58,144.31,-168.51,20.22,0.0120,0.0116,0.0015,0.0055,0.0064,0.0024,0.0002,0.0062,0.0044,0.0025,0.0036,0.0026,0.0025,0.0063,0.0062
2026-08-05 08:29:24.715,1.116667,79,7,0.176417,-0.0050,-137.87,0,0,0,63.0122,0.583,1.63154,0,0,0,0,0,0.086571,0.011562,0.078667,0.010498,0.071584,0.008804,0.066192,0.006876,0.058381,0.004682,0.049160,0.002489,0.039174,0.000658,0.029496,137.87,85.58,35.80,-10.82,-60.68,-106.21,-158.42,158.65,103.75,63.31,6.08,-25.88,-93.23,-36.02,161.60,0.0120,0.0116,0.0015,0.0055,0.0064,0.0024,0.0002,0.0062,0.0044,0.0025,0.0036,0.0026,0.0025,0.0063,0.0062
2026-08-05 08:29:24.715,1.133333,79,8,0.194337,0.0514,-21.24,0,0,0,63.0122,0.583,1.63154,0,0,0,0,0,0.097318,0.013791,0.088702,0.012431,0.080358,0.010176,0.073214,0.007832,0.063286,0.005159,0.052041,0.002376,0.039994,0.000241,0.028429,21.24,-146.64,47.53,-115.38,78.78,-83.59,108.79,-52.65,138.69,-23.30,168.83,4.03,-163.06,-113.74,-141.37,0.0120,0.0116,0.0015,0.0055,0.0064,0.0024,0.0002,0.0062,0.0044,0.0025,0.0036,0.0026,0.0025,0.0063,0.0062
2026-08-05 08:29:24.715,1.150000,79,9,0.178610,-0.0208,-105.25,0,0,0,63.0122,0.583,1.63154,0,0,0,0,0,0.088925,0.011686,0.080779,0.010508,0.073276,0.008461,0.067233,0.006301,0.058587,0.003803,0.048775,0.001207,0.038044,0.001403,0.027537,105.25,20.20,-61.46,-141.65,137.22,57.00,-25.43,-104.01,172.08,92.56,9.68,-63.93,-154.38,-64.11,35.56,0.0120,0.0116,0.0015,0.0055,0.0064,0.0024,0.0002,0.0062,0.0044,0.0025,0.0036,0.0026,0.0025,0.0063,0.0062
2026-08-05 08:29:24.715,1.166667,79,10,0.200774,0.0024,-82.38,0,0,0,63.0122,0.583,1.63154,0,0,0,0,0,0.100420,0.008364,0.091798,0.008186,0.083266,0.007676,0.075920,0.007306,0.065702,0.006680,0.054174,0.005772,0.041938,0.004616,0.029884,82.38,-36.60,-129.05,104.17,24.49,-114.60,176.87,26.84,-30.80,168.77,121.64,-48.60,-87.72,86.30,57.00,0.0120,0.0116,0.0015,0.0055,0.0064,0.0024,0.0002,0.0062,0.0044,0.0025,0.0036,0.0026,0.0025,0.0063,0.0062
2026-08-05 08:29:24.715,1.183333,79,11,0.229698,0.0054,69.35,0,0,0,63.0122,0.583,1.63154,0,0,0,0,0,0.119581,0.010745,0.109426,0.010356,0.098069,0.009525,0.086504,0.008472,0.071510,0.007336,0.055288,0.005813,0.038555,0.004215,0.022915,-69.35,21.74,137.79,-138.69,-10.75,60.68,-160.52,-100.16,49.61,97.61,-100.41,-66.99,107.06,121.05,-55.02,0.0120,0.0116,0.0015,0.0055,0.0064,0.0024,0.0002,0.0062,0.0044,0.0025,0.0036,0.0026,0.0025,0.0063,0.0062
2026-08-05 08:29:24.715,1.200000,79,12,0.208752,-0.0197,-110.41,0,0,0,63.0122,0.583,1.63154,0,0,0,0,0,0.106272,0.015447,0.096626,0.013999,0.087069,0.012440,0.078581,0.010868,0.066637,0.008883,0.053078,0.006594,0.039051,0.004820,0.026202,110.41,24.27,-43.50,-131.77,167.52,72.64,16.97,-86.95,-134.12,109.06,74.90,-58.13,-77.88,129.52,121.40,0.0120,0.0116,0.0015,0.0055,0.0064,0.0024,0.0002,0.0062,0.0044,0.0025,0.0036,0.0026,0.0025,0.0063,0.0062
2026-08-05 08:29:24.715,1.216667,79,13,0.260559,-0.0015,142.25,0,0,0,63.0122,0.583,1.63154,0,0,0,0,0,0.136671,0.026758,0.125002,0.024280,0.111201,0.020726,0.096063,0.016657,0.076763,0.012742,0.056152,0.010642,0.035035,0.010672,0.014251,-142.25,-106.16,-79.02,-32.76,-11.92,42.90,54.23,121.60,120.59,-153.24,-172.67,-59.93,-106.77,34.79,-47.77,0.0120,0.0116,0.0015,0.0055,0.0064,0.0024,0.0002,0.0062,0.0044,0.0025,0.0036,0.0026,0.0025,0.0063,0.0062
2026-08-05 08:29:24.715,1.233333,79,14,0.208843,-0.0048,-122.12,0,0,0,63.0122,0.583,1.63154,0,0,0,0,0,0.107152,0.019573,0.097644,0.017301,0.087629,0.013775,0.077928,0.009775,0.065231,0.005481,0.051375,0.003014,0.036672,0.004870,0.022800,122.12,58.17,-8.54,-64.99,-134.58,173.54,98.09,54.54,-29.34,-56.25,-156.59,-126.57,73.84,162.01,-64.21,0.0120,0.0116,0.0015,0.0055,0.0064,0.0024,0.0002,0.0062,0.0044,0.0025,0.0036,0.0026,0.0025,0.0063,0.0062
2026-08-05 08:29:24.715,1.250000,79,15,0.222861,-0.0204,-106.17,0,0,0,63.0122,0.583,1.63154,0,0,0,0,0,0.114988,0.018083,0.104730,0.015639,0.094151,0.012578,0.083809,0.009087,0.070160,0.004938,0.054872,0.000561,0.038597,0.003193,0.023307,106.17,23.03,-55.45,-134.15,147.64,69.97,-10.63,-87.83,-169.07,111.79,32.46,-33.88,-127.37,-34.25,65.69,0.0120,0.0116,0.0015,0.0055,0.0064,0.0024,0.0002,0.0062,0.0044,0.0025,0.0036,0.0026,0.0025,0.0063,0.0062
2026-08-05 08:29:24.715,1.266667,79,16,0.200657,0.0030,107.87,0,0,0,63.0122,0.583,1.63154,0,0,0,0,0,0.099077,0.019025,0.090581,0.017609,0.082183,0.015410,0.074981,0.012732,0.064855,0.010179,0.053473,0.008246,0.041398,0.007182,0.029360,-107.87,-38.67,20.46,101.42,153.61,-117.13,-74.42,26.31,57.59,173.80,-170.40,-32.99,-40.21,126.77,84.04,0.0120,0.0116,0.0015,0.0055,0.0064,0.0024,0.0002,0.0062,0.0044,0.0025,0.0036,0.0026,0.0025,0.0063,0.0062
2026-08-05 08:29:24.715,1.283333,79,17,0.213772,-0.0023,115.45,0,0,0,63.0122,0.583,1.63154,0,0,0,0,0,0.105062,0.030747,0.096075,0.028360,0.086754,0.024634,0.077774,0.020285,0.066035,0.015655,0.052905,0.011638,0.039232,0.009615,0.026298,-115.45,-53.39,-1.14,72.26,117.72,-160.47,-124.96,-31.62,-7.84,100.49,109.03,-119.62,-136.75,30.33,-30.95,0.0120,0.0116,0.0015,0.0055,0.0064,0.0024,0.0002,0.0062,0.0044,0.0025,0.0036,0.0026,0.0025,0.0063,0.0062
2026-08-05 08:29:24.715,1.300000,79,18,0.191279,0.0036,130.70,0,0,0,63.0122,0.583,1.63154,0,0,0,0,0,0.093290,0.018850,0.084914,0.018213,0.076969,0.016993,0.070124,0.015579,0.060552,0.013806,0.049901,0.011969,0.038250,0.010132,0.027201,-130.70,-80.35,-48.79,16.63,38.22,114.80,123.72,-147.24,-150.90,-48.49,-65.79,52.00,16.72,154.13,91.66,0.0120,0.0116,0.0015,0.0055,0.0064,0.0024,0.0002,0.0062,0.0044,0.0025,0.0036,0.0026,0.0025,0.0063,0.0062
2026-08-05 08:29:24.715,1.316667,79,19,0.183299,-0.0055,-121.28,0,0,0,63.0122,0.583,1.63154,0,0,0,0,0,0.089017,0.010996,0.080922,0.012009,0.073693,0.013008,0.067833,0.013822,0.059367,0.013972,0.049910,0.013551,0.039619,0.012332,0.029081,121.28,73.96,-13.79,-39.72,-143.46,-156.03,85.40,83.51,-45.64,-38.49,-176.68,-162.50,50.45,73.04,-88.36,0.0120,0.0116,0.0015,0.0055,0.0064,0.0024,0.0002,0.0062,0.0044,0.0025,0.0036,0.0026,0.0025,0.0063,0.0062
2026-08-05 08:29:24.715,1.333333,79,20,0.184797,0.0012,115.37,0,0,0,63.0122,0.583,1.63154,0,0,0,0,0,0.091181,0.002323,0.083073,0.003524,0.075743,0.004795,0.069618,0.005958,0.061026,0.006780,0.051329,0.007499,0.040652,0.008020,0.029433,-115.37,4.61,-3.91,124.72,112.94,-118.84,-131.68,-5.53,-15.95,106.79,100.04,-141.58,-145.69,-28.45,-36.76,0.0120,0.0116,0.0015,0.0055,0.0064,0.0024,0.0002,0.0062,0.0044,0.0025,0.0036,0.0026,0.0025,0.0063,0.0062
2026-08-05 08:29:24.715,1.350000,79,21,0.227190,0.0020,161.60,0,0,0,63.0122,0.583,1.63154,0,0,0,0,0,0.114539,0.006406,0.105025,0.009125,0.095495,0.011524,0.085833,0.013402,0.073063,0.014334,0.059124,0.014289,0.043836,0.013593,0.028093,-161.60,-108.44,-139.62,-65.83,-112.94,-30.45,-87.59,1.15,-61.86,29.69,-35.94,57.86,-11.10,85.32,9.39,0.0120,0.0116,0.0015,0.0055,0.0064,0.0024,0.0002,0.0062,0.0044,0.0025,0.0036,0.0026,0.0025,0.0063,0.0062
2026-08-05 08:29:24.715,1.366667,79,22,0.241022,0.0017,-79.38,0,0,0,63.0122,0.583,1.63154,0,0,0,0,0,0.124168,0.009545,0.113690,0.012006,0.102360,0.014574,0.090332,0.016528,0.074777,0.017383,0.057972,0.017248,0.040235,0.016048,0.021886,79.38,1.62,-135.74,166.21,13.56,-35.40,161.82,118.56,-49.47,-90.15,99.68,59.53,-111.35,-151.26,35.43,0.0120,0.0116,0.0015,0.0055,0.0064,0.0024,0.0002,0.0062,0.0044,0.0025,0.0036,0.0026,0.0025,0.0063,0.0062
2026-08-05 08:29:24.715,1.383333,79,23,0.293943,0.0038,107.85,0,0,0,63.0122,0.583,1.63154,0,0,0,0,0,0.155052,0.007634,0.142496,0.005797,0.127763,0.003218,0.110602,0.002111,0.089197,0.004987,0.066400,0.008083,0.042905,0.010447,0.019563,-107.85,137.49,23.74,-79.19,159.37,74.35,-65.77,-70.99,69.75,105.64,-153.93,-107.06,-16.54,33.37,124.15,0.0120,0.0116,0.0015,0.0055,0.0064,0.0024,0.0002,0.0062,0.0044,0.0025,0.0036,0.0026,0.0025,0.0063,0.0062
2026-08-05 08:29:24.715,1.400000,79,24,0.239510,-0.0048,-169.75,0,0,0,63.0122,0.583,1.63154,0,0,0,0,0,0.117773,0.020313,0.108375,0.020537,0.098669,0.020495,0.088912,0.020393,0.076027,0.019953,0.061711,0.019061,0.046043,0.017489,0.029439,169.75,161.03,135.36,139.59,105.39,117.56,74.36,94.26,43.77,70.12,13.60,45.27,-17.10,20.01,-50.61,0.0120,0.0116,0.0015,0.0055,0.0064,0.0024,0.0002,0.0062,0.0044,0.0025,0.0036,0.0026,0.0025,0.0063,0.0062
2026-08-05 08:29:24.715,1.416667,79,25,0.217994,-0.0032,-169.15,0,0,0,63.0122,0.583,1.63154,0,0,0,0,0,0.110594,0.012435,0.101126,0.013295,0.091145,0.014238,0.081187,0.014766,0.068127,0.014743,0.053662,0.013986,0.038138,0.012307,0.022162,169.15,168.43,132.46,150.71,100.55,131.42,67.33,108.31,34.36,84.22,1.67,58.18,-32.61,33.07,-73.56,0.0120,0.0116,0.0015,0.0055,0.0064,0.0024,0.0002,0.0062,0.0044,0.0025,0.0036,0.0026,0.0025,0.0063,0.0062
2026-08-05 08:29:24.715,1.433333,79,26,0.209033,-0.0007,-161.09,0,0,0,63.0122,0.583,1.63154,0,0,0,0,0,0.106894,0.014542,0.097270,0.015487,0.087468,0.016148,0.077470,0.016594,0.064629,0.015903,0.050563,0.014456,0.035860,0.012028,0.021263,161.09,152.35,108.46,119.60,60.52,84.76,11.05,46.67,-38.44,6.40,-88.11,-34.93,-140.16,-76.42,158.91,0.0120,0.0116,0.0015,0.0055,0.0064,0.0024,0.0002,0.0062,0.0044,0.0025,0.0036,0.0026,0.0025,0.0063,0.0062
2026-08-05 08:29:24.715,1.450000,79,27,0.195834,0.0032,-111.70,0,0,0,63.0122,0.583,1.63154,0,0,0,0,0,0.097811,0.026511,0.088407,0.026570,0.078783,0.026215,0.069391,0.025372,0.057286,0.023497,0.044536,0.020901,0.031312,0.017328,0.019045,111.70,48.02,-40.21,-85.89,172.79,139.57,23.88,3.22,-125.22,-134.07,84.96,87.54,-68.36,-51.28,126.30,0.0120,0.0116,0.0015,0.0055,0.0064,0.0024,0.0002,0.0062,0.0044,0.0025,0.0036,0.0026,0.0025,0.0063,0.0062
2026-08-05 08:29:24.715,1.466667,79,28,0.176150,0.0038,3.16,0,0,0,63.0122,0.583,1.63154,0,0,0,0,0,0.086674,0.020096,0.077993,0.020764,0.069798,0.021352,0.062463,0.021415,0.052832,0.020762,0.042405,0.019089,0.031843,0.016521,0.022398,-3.16,-179.36,-26.51,177.94,-44.55,174.01,-64.64,167.49,-85.13,159.38,-106.23,149.29,-131.05,139.35,-166.45,0.0120,0.0116,0.0015,0.0055,0.0064,0.0024,0.0002,0.0062,0.0044,0.0025,0.0036,0.0026,0.0025,0.0063,0.0062
2026-08-05 08:29:24.715,1.483333,79,29,0.180151,0.0025,-91.78,0,0,0,63.0122,0.583,1.63154,0,0,0,0,0,0.090180,0.017663,0.081432,0.018322,0.073047,0.018688,0.065400,0.018794,0.055080,0.018052,0.044017,0.016452,0.032389,0.014163,0.021107,91.78,9.60,-101.50,-165.05,70.57,18.98,-119.22,-159.51,50.90,19.55,-139.29,-162.89,27.24,13.06,-175.54,0.0120,0.0116,0.0015,0.0055,0.0064,0.0024,0.0002,0.0062,0.0044,0.0025,0.0036,0.0026,0.0025,0.0063,0.0062
2026-08-05 08:29:27.206,1.500000,80,0,0.194488,-0.0021,158.69,0,0,0,63.0122,0.432,1.25772,0,0,0,0,0,0.096080,0.021681,0.087157,0.021800,0.078412,0.021528,0.070359,0.020875,0.059805,0.019485,0.048451,0.017403,0.036701,0.014539,0.025476,-158.69,-132.46,-131.84,-87.54,-100.18,-43.36,-70.23,-1.40,-40.54,39.68,-11.39,79.31,14.82,118.08,32.95,0.0188,0.0024,0.0094,0.0148,0.0092,0.0044,0.0022,0.0065,0.0028,0.0026,0.0022,0.0072,0.0037,0.0010,0.0031
2026-08-05 08:29:27.206,1.516667,80,1,0.195174,-0.0056,-167.34,0,0,0,63.0122,0.432,1.25772,0,0,0,0,0,0.098329,0.014972,0.089207,0.015716,0.080388,0.016433,0.072024,0.016691,0.060924,0.016082,0.048930,0.014698,0.036381,0.012621,0.024045,167.34,163.47,125.82,141.87,89.41,118.40,51.32,91.67,13.13,63.00,-25.51,32.32,-66.63,0.35,-116.10,0.0188,0.0024,0.0094,0.0148,0.0092,0.0044,0.0022,0.0065,0.0028,0.0026,0.0022,0.0072,0.0037,0.0010,0.0031
2026-08-05 08:29:27.206,1.533333,80,2,0.240909,-0.0847,-175.71,0,0,0,63.0122,0.432,1.25772,0,0,0,0,0,0.123215,0.030105,0.111834,0.031782,0.099028,0.032264,0.084885,0.031435,0.067599,0.029332,0.049677,0.025673,0.032662,0.020295,0.017695,175.71,-177.43,155.38,-179.01,138.24,177.91,119.41,173.91,100.72,165.78,79.40,159.16,54.46,151.84,11.56,0.0188,0.0024,0.0094,0.0148,0.0092,0.0044,0.0022,0.0065,0.0028,0.0026,0.0022,0.0072,0.0037,0.0010,0.0031
2026-08-05 08:29:27.206,1.550000,80,3,0.250479,0.0282,58.14,0,0,0,63.0122,0.432,1.25772,0,0,0,0,0,0.129223,0.011293,0.118827,0.014810,0.106566,0.016266,0.093769,0.016993,0.077669,0.016778,0.059667,0.014639,0.041700,0.011365,0.024337,-58.14,83.61,169.78,-26.89,43.44,-139.19,-84.73,103.13,147.00,-17.20,18.75,-138.24,-112.22,98.11,109.56,0.0188,0.0024,0.0094,0.0148,0.0092,0.0044,0.0022,0.0065,0.0028,0.0026,0.0022,0.0072,0.0037,0.0010,0.0031
2026-08-05 08:29:27.206,1.566667,80,4,0.266568,0.0678,-66.84,0,0,0,63.0122,0.432,1.25772,0,0,0,0,0,0.139338,0.036119,0.126453,0.035890,0.110958,0.034978,0.093367,0.032991,0.071840,0.029603,0.049586,0.024917,0.027600,0.019294,0.007172,66.84,-38.66,-171.45,100.56,-45.91,-121.10,78.35,15.79,-157.22,152.51,-33.01,-70.32,89.37,69.33,-167.34,0.0188,0.0024,0.0094,0.0148,0.0092,0.0044,0.0022,0.0065,0.0028,0.0026,0.0022,0.0072,0.0037,0.0010,0.0031
2026-08-05 08:29:27.206,1.583333,80,5,0.267571,0.0184,-57.30,0,0,0,63.0122,0.432,1.25772,0,0,0,0,0,0.142830,0.009414,0.130705,0.011672,0.116291,0.013822,0.099651,0.014890,0.078767,0.014071,0.056919,0.012034,0.034686,0.008917,0.013100,57.30,-38.77,159.00,84.84,-95.02,-157.29,10.03,-43.06,115.50,70.01,-138.38,-177.82,-32.01,-63.83,75.39,0.0188,0.0024,0.0094,0.0148,0.0092,0.0044,0.0022,0.0065,0.0028,0.0026,0.0022,0.0072,0.0037,0.0010,0.0031
2026-08-05 08:29:27.206,1.600000,80,6,0.256236,-0.1101,127.81,0,0,0,63.0122,0.432,1.25772,0,0,0,0,0,0.135221,0.018696,0.123635,0.019795,0.110074,0.020869,0.094569,0.020889,0.074715,0.019710,0.054133,0.017196,0.033462,0.013161,0.013104,-127.81,-61.29,-36.14,50.81,59.77,159.47,154.66,-95.67,-110.05,7.25,-14.91,109.96,79.53,-146.66,169.48,0.0188,0.0024,0.0094,0.0148,0.0092,0.0044,0.0022,0.0065,0.0028,0.0026,0.0022,0.0072,0.0037,0.0010,0.0031
2026-08-05 08:29:27.206,1.616667,80,7,0.278772,0.0426,-27.47,0,0,0,63.0122,0.432,1.25772,0,0,0,0,0,0.149438,0.003147,0.137126,0.004771,0.122194,0.006361,0.104588,0.006997,0.082647,0.006492,0.059548,0.004880,0.036521,0.002803,0.013923,27.47,-18.71,69.72,12.29,116.20,54.84,161.87,100.30,-151.84,147.86,-104.76,-165.59,-56.67,-118.01,-3.09,0.0188,0.0024,0.0094,0.0148,0.0092,0.0044,0.0022,0.0065,0.0028,0.0026,0.0022,0.0072,0.0037,0.0010,0.0031
2026-08-05 08:29:27.206,1.633333,80,8,0.213811,0.0004,57.92,0,0,0,63.0122,0.432,1.25772,0,0,0,0,0,0.108765,0.030013,0.097724,0.030205,0.086304,0.030477,0.074548,0.030154,0.059451,0.028302,0.043430,0.024862,0.027378,0.020416,0.012905,-57.92,71.60,171.97,-39.67,46.31,-152.64,-81.07,92.26,151.74,-22.87,23.77,-138.71,-108.48,105.09,102.05,0.0188,0.0024,0.0094,0.0148,0.0092,0.0044,0.0022,0.0065,0.0028,0.0026,0.0022,0.0072,0.0037,0.0010,0.0031
2026-08-05 08:29:27.206,1.650000,80,9,0.178183,-0.0022,84.32,0,0,0,63.0122,0.432,1.25772,0,0,0,0,0,0.088827,0.013066,0.080507,0.013743,0.072563,0.014264,0.066163,0.014322,0.056931,0.014186,0.046446,0.012602,0.035983,0.010981,0.024982,-84.32,16.86,89.27,-148.92,-91.69,40.48,86.21,-129.51,-96.19,58.01,81.37,-118.66,-102.86,65.90,66.20,0.0188,0.0024,0.0094,0.0148,0.0092,0.0044,0.0022,0.0065,0.0028,0.0026,0.0022,0.0072,0.0037,0.0010,0.0031
2026-08-05 08:29:27.206,1.666667,80,10,0.195021,0.0080,-14.58,0,0,0,63.0122,0.432,1.25772,0,0,0,0,0,0.097040,0.011092,0.088405,0.011759,0.080306,0.012294,0.073129,0.012711,0.063088,0.012464,0.051922,0.011294,0.040279,0.009856,0.028375,14.58,-141.86,27.51,-109.54,45.48,-78.46,62.08,-50.30,78.76,-23.54,95.19,0.91,109.62,22.27,118.49,0.0188,0.0024,0.0094,0.0148,0.0092,0.0044,0.0022,0.0065,0.0028,0.0026,0.0022,0.0072,0.0037,0.0010,0.0031
2026-08-05 08:29:27.206,1.683333,80,11,0.186133,-0.0037,-175.25,0,0,0,63.0122,0.432,1.25772,0,0,0,0,0,0.092233,0.020944,0.083204,0.021084,0.074652,0.021037,0.067188,0.021018,0.056990,0.019955,0.045712,0.017845,0.034224,0.015109,0.023527,175.25,175.76,149.53,168.40,128.70,159.65,106.13,149.13,83.71,138.19,60.63,125.73,34.13,110.33,-0.20,0.0188,0.0024,0.0094,0.0148,0.0092,0.0044,0.0022,0.0065,0.0028,0.0026,0.0022,0.0072,0.0037,0.0010,0.0031
2026-08-05 08:29:27.206,1.700000,80,12,0.183319,0.0020,-83.80,0,0,0,63.0122,0.432,1.25772,0,0,0,0,0,0.090892,0.016105,0.082277,0.016162,0.074507,0.015977,0.067666,0.015671,0.058400,0.014896,0.047928,0.013129,0.036981,0.011104,0.026167,83.80,-8.37,-125.24,159.60,30.89,-32.36,-174.61,132.68,-19.97,-62.55,134.64,101.56,-73.56,-98.57,72.56,0.0188,0.0024,0.0094,0.0148,0.0092,0.0044,0.0022,0.0065,0.0028,0.0026,0.0022,0.0072,0.0037,0.0010,0.0031
2026-08-05 08:29:27.206,1.716667,80,13,0.184243,0.0298,-14.04,0,0,0,63.0122,0.432,1.25772,0,0,0,0,0,0.092514,0.011417,0.083394,0.011567,0.075339,0.012001,0.068914,0.012818,0.059403,0.012805,0.048196,0.011409,0.036974,0.009704,0.026016,14.04,-142.58,25.18,-112.82,41.04,-86.39,55.66,-61.88,70.89,-36.20,85.58,-13.37,97.34,3.13,103.50,0.0188,0.0024,0.0094,0.0148,0.0092,0.0044,0.0022,0.0065,0.0028,0.0026,0.0022,0.0072,0.0037,0.0010,0.0031
2026-08-05 08:29:27.206,1.733333,80,14,0.180080,-0.0069,-134.83,0,0,0,63.0122,0.432,1.25772,0,0,0,0,0,0.090278,0.016543,0.081363,0.016951,0.073135,0.017299,0.065782,0.017444,0.055894,0.016809,0.045054,0.015006,0.033774,0.012391,0.023397,134.83,97.45,27.73,10.93,-74.26,-77.25,-178.00,-167.87,78.20,100.64,-25.93,8.15,-133.49,-86.92,110.68,0.0188,0.0024,0.0094,0.0148,0.0092,0.0044,0.0022,0.0065,0.0028,0.0026,0.0022,0.0072,0.0037,0.0010,0.0031
2026-08-05 08:29:27.206,1.750000,80,15,0.201602,-0.0049,-147.67,0,0,0,63.0122,0.432,1.25772,0,0,0,0,0,0.101311,0.020789,0.091615,0.021399,0.082333,0.022199,0.073127,0.022343,0.061390,0.021544,0.048567,0.019465,0.035441,0.016278,0.023225,147.67,124.36,67.56,64.24,-7.74,2.89,-84.84,-61.83,-161.78,-127.26,120.61,165.95,39.61,97.76,-49.11,0.0188,0.0024,0.0094,0.0148,0.0092,0.0044,0.0022,0.0065,0.0028,0.0026,0.0022,0.0072,0.0037,0.0010,0.0031
2026-08-05 08:29:27.206,1.766667,80,16,0.230171,0.0166,-40.44,0,0,0,63.0122,0.432,1.25772,0,0,0,0,0,0.118669,0.026218,0.107308,0.026406,0.095563,0.026510,0.082636,0.025591,0.066753,0.023692,0.049960,0.020644,0.032872,0.015780,0.018584,40.44,-90.89,107.25,-6.27,178.25,77.95,-112.17,160.60,-43.09,-118.92,25.56,-37.75,89.49,41.86,139.29,0.0188,0.0024,0.0094,0.0148,0.0092,0.0044,0.0022,0.0065,0.0028,0.0026,0.0022,0.0072,0.0037,0.0010,0.0031
2026-08-05 08:29:27.206,1.783333,80,17,0.184649,0.0008,-139.55,0,0,0,63.0122,0.432,1.25772,0,0,0,0,0,0.092256,0.016191,0.083470,0.017147,0.075117,0.017997,0.067510,0.018438,0.057333,0.018069,0.046003,0.016484,0.034385,0.013900,0.023740,139.55,108.45,41.92,31.35,-50.48,-47.34,-144.63,-129.33,121.17,147.21,26.80,62.99,-71.30,-24.41,-176.90,0.0188,0.0024,0.0094,0.0148,0.0092,0.0044,0.0022,0.0065,0.0028,0.0026,0.0022,0.0072,0.0037,0.0010,0.0031
2026-08-05 08:29:27.206,1.800000,80,18,0.195574,-0.0048,153.13,0,0,0,63.0122,0.432,1.25772,0,0,0,0,0,0.100245,0.009655,0.091316,0.010752,0.082030,0.011584,0.073149,0.012144,0.061474,0.012013,0.048615,0.010950,0.035089,0.008844,0.022213,-153.13,-113.48,-115.18,-53.28,-72.23,2.74,-30.95,53.96,10.66,103.33,51.95,151.54,90.33,-163.63,120.57,0.0188,0.0024,0.0094,0.0148,0.0092,0.0044,0.0022,0.0065,0.0028,0.0026,0.0022,0.0072,0.0037,0.0010,0.0031
2026-08-05 08:29:27.206,1.816667,80,19,0.200594,-0.0014,-98.37,0,0,0,63.0122,0.432,1.25772,0,0,0,0,0,0.100614,0.009606,0.091748,0.011685,0.082976,0.013433,0.075010,0.014744,0.064159,0.015123,0.052143,0.014234,0.039495,0.012155,0.027058,98.37,35.42,-80.87,-120.49,105.09,78.79,-70.79,-88.38,113.74,103.40,-62.04,-67.40,120.36,120.28,-63.97,0.0188,0.0024,0.0094,0.0148,0.0092,0.0044,0.0022,0.0065,0.0028,0.0026,0.0022,0.0072,0.0037,0.0010,0.0031
2026-08-05 08:29:27.206,1.833333,80,20,0.234377,0.0033,49.60,0,0,0,63.0122,0.432,1.25772,0,0,0,0,0,0.119353,0.035207,0.107375,0.034431,0.095518,0.033794,0.082365,0.031939,0.066006,0.029018,0.048771,0.024862,0.031084,0.019344,0.015509,-49.60,86.60,-162.51,-10.55,88.69,-107.27,-21.27,154.78,-131.70,56.11,117.79,-42.05,3.26,-140.39,-124.77,0.0188,0.0024,0.0094,0.0148,0.0092,0.0044,0.0022,0.0065,0.0028,0.0026,0.0022,0.0072,0.0037,0.0010,0.0031
2026-08-05 08:29:27.206,1.850000,80,21,0.201062,0.0018,137.38,0,0,0,63.0122,0.432,1.25772,0,0,0,0,0,0.103306,0.007196,0.094534,0.008648,0.084545,0.009738,0.075561,0.010311,0.063411,0.010299,0.050083,0.009560,0.035945,0.007406,0.023293,-137.38,-79.37,-67.57,16.76,6.84,99.73,80.06,-177.21,153.00,-99.22,-134.12,-23.54,-64.03,49.07,-2.49,0.0188,0.0024,0.0094,0.0148,0.0092,0.0044,0.0022,0.0065,0.0028,0.0026,0.0022,0.0072,0.0037,0.0010,0.0031
2026-08-05 08:29:27.206,1.866667,80,22,0.193714,-0.0075,129.15,0,0,0,63.0122,0.432,1.25772,0,0,0,0,0,0.100302,0.004723,0.091858,0.004906,0.082135,0.004487,0.073394,0.004307,0.061171,0.003504,0.048295,0.003029,0.034061,0.001932,0.020814,-129.15,77.62,-42.87,150.75,48.29,-127.61,137.94,-52.10,-132.23,25.25,-42.32,96.44,45.32,145.68,125.06,0.0188,0.0024,0.0094,0.0148,0.0092,0.0044,0.0022,0.0065,0.0028,0.0026,0.0022,0.0072,0.0037,0.0010,0.0031
2026-08-05 08:29:27.206,1.883333,80,23,0.192182,0.0040,-97.49,0,0,0,63.0122,0.432,1.25772,0,0,0,0,0,0.099270,0.006741,0.090175,0.008333,0.080826,0.009552,0.072239,0.010545,0.060353,0.010358,0.047811,0.009736,0.034046,0.007548,0.021478,97.49,35.92,-83.36,-120.72,100.86,75.79,-76.72,-92.60,106.06,97.40,-71.37,-73.77,108.53,112.77,-80.26,0.0188,0.0024,0.0094,0.0148,0.0092,0.0044,0.0022,0.0065,0.0028,0.0026,0.0022,0.0072,0.0037,0.0010,0.0031
2026-08-05 08:29:27.206,1.900000,80,24,0.187071,0.0059,22.03,0,0,0,63.0122,0.432,1.25772,0,0,0,0,0,0.092309,0.014633,0.083725,0.014830,0.076051,0.014815,0.069659,0.014759,0.060293,0.013814,0.050212,0.012765,0.038812,0.010507,0.028319,-22.03,139.92,-82.83,95.59,-138.23,50.75,164.61,4.98,107.77,-43.25,50.97,-92.93,-7.96,-145.59,-72.55,0.0188,0.0024,0.0094,0.0148,0.0092,0.0044,0.0022,0.0065,0.0028,0.0026,0.0022,0.0072,0.0037,0.0010,0.0031
2026-08-05 08:29:27.206,1.916667,80,25,0.183830,-0.0034,160.51,0,0,0,63.0122,0.432,1.25772,0,0,0,0,0,0.090643,0.013938,0.082214,0.014287,0.074443,0.014437,0.068159,0.014564,0.059084,0.013762,0.049204,0.012708,0.038165,0.010546,0.028352,-160.51,-135.49,-138.58,-95.06,-111.20,-55.65,-85.57,-18.95,-59.80,16.19,-34.19,50.30,-10.72,80.17,6.39,0.0188,0.0024,0.0094,0.0148,0.0092,0.0044,0.0022,0.0065,0.0028,0.0026,0.0022,0.0072,0.0037,0.0010,0.0031
2026-08-05 08:29:27.206,1.933333,80,26,0.201296,0.0090,49.13,0,0,0,63.0122,0.432,1.25772,0,0,0,0,0,0.102305,0.030012,0.091293,0.029449,0.081113,0.028007,0.070342,0.026323,0.056801,0.023129,0.042798,0.019593,0.028678,0.014630,0.018044,-49.13,86.29,-163.02,-11.73,88.01,-107.91,-23.20,153.71,-134.49,56.09,112.33,-42.12,-5.81,-139.25,-141.03,0.0188,0.0024,0.0094,0.0148,0.0092,0.0044,0.0022,0.0065,0.0028,0.0026,0.0022,0.0072,0.0037,0.0010,0.0031
2026-08-05 08:29:27.206,1.950000,80,27,0.197969,-0.0037,108.16,0,0,0,63.0122,0.432,1.25772,0,0,0,0,0,0.100932,0.023913,0.090542,0.024046,0.080679,0.024016,0.070585,0.023535,0.057705,0.021986,0.044083,0.019557,0.030198,0.015824,0.018639,-108.16,-28.62,19.99,118.50,152.98,-94.24,-75.98,50.65,55.09,-164.48,-175.19,-20.88,-49.17,124.33,62.53,0.0188,0.0024,0.0094,0.0148,0.0092,0.0044,0.0022,0.0065,0.0028,0.0026,0.0022,0.0072,0.0037,0.0010,0.0031
2026-08-05 08:29:27.206,1.966667,80,28,0.182435,0.0036,-116.76,0,0,0,63.0122,0.432,1.25772,0,0,0,0,0,0.090549,0.016491,0.081816,0.016966,0.073666,0.017750,0.066387,0.018039,0.056632,0.017545,0.046018,0.016203,0.034887,0.013442,0.025424,116.76,62.26,-26.41,-59.41,-164.53,176.70,55.66,49.91,-84.28,-77.66,135.11,152.95,-8.54,22.98,-160.94,0.0188,0.0024,0.0094,0.0148,0.0092,0.0044,0.0022,0.0065,0.0028,0.0026,0.0022,0.0072,0.0037,0.0010,0.0031
2026-08-05 08:29:27.206,1.983333,80,29,0.211774,0.0049,-129.65,0,0,0,63.0122,0.432,1.25772,0,0,0,0,0,0.107362,0.022387,0.097245,0.023257,0.086929,0.023908,0.076731,0.024092,0.063332,0.023032,0.048977,0.020683,0.034368,0.017103,0.021163,129.65,88.55,13.80,-7.50,-97.34,-105.13,149.98,154.93,37.05,53.29,-76.39,-49.35,167.11,-151.91,39.13,0.0188,0.0024,0.0094,0.0148,0.0092,0.0044,0.0022,0.0065,0.0028,0.0026,0.0022,0.0072,0.0037,0.0010,0.0031
2026-08-05 08:29:28.192,4.500000,86,0,0.206779,0.0084,-64.63,0,0,0,63.0122,0.433,0.37951,0,0,0,0,0,0.105521,0.013575,0.096210,0.012224,0.086857,0.010471,0.077671,0.008398,0.065498,0.006514,0.052361,0.005684,0.038402,0.006018,0.024313,64.63,-53.53,178.85,71.69,-62.16,-160.79,55.39,-28.83,172.92,110.67,-69.72,-100.44,45.61,47.78,153.13,0.0653,0.0125,0.0026,0.0061,0.0069,0.0054,0.0086,0.0015,0.0027,0.0046,0.0063,0.0020,0.0058,0.0120,0.0032
2026-08-05 08:29:28.192,4.516667,86,1,0.196670,0.0005,-146.63,0,0,0,63.0122,0.433,0.37951,0,0,0,0,0,0.099220,0.017443,0.090310,0.015838,0.081597,0.013464,0.073354,0.010667,0.062459,0.007566,0.050492,0.004793,0.037817,0.003143,0.025313,146.63,107.63,64.08,33.65,-13.49,-39.85,-92.61,-111.05,-171.88,-178.72,108.72,123.57,26.92,89.03,-62.69,0.0653,0.0125,0.0026,0.0061,0.0069,0.0054,0.0086,0.0015,0.0027,0.0046,0.0063,0.0020,0.0058,0.0120,0.0032
2026-08-05 08:29:28.192,4.533333,86,2,0.219277,0.0630,-1.81,0,0,0,63.0122,0.433,0.37951,0,0,0,0,0,0.110964,0.028459,0.100811,0.026732,0.090667,0.022484,0.079778,0.017649,0.066124,0.013718,0.051520,0.010753,0.036378,0.010310,0.022603,1.81,-179.24,-11.24,179.71,-18.52,-178.26,-27.82,-172.69,-37.58,-163.14,-47.26,-140.59,-60.96,-115.51,-85.07,0.0653,0.0125,0.0026,0.0061,0.0069,0.0054,0.0086,0.0015,0.0027,0.0046,0.0063,0.0020,0.0058,0.0120,0.0032
2026-08-05 08:29:28.192,4.550000,86,3,0.227423,0.0267,-48.12,0,0,0,63.0122,0.433,0.37951,0,0,0,0,0,0.117449,0.024348,0.107001,0.021572,0.095697,0.017741,0.084118,0.013421,0.069351,0.008694,0.053686,0.004247,0.037556,0.001146,0.021792,48.12,-91.99,129.86,-5.65,-143.99,79.70,-59.39,163.88,24.93,-113.01,108.95,-36.10,-169.92,-32.50,-98.58,0.0653,0.0125,0.0026,0.0061,0.0069,0.0054,0.0086,0.0015,0.0027,0.0046,0.0063,0.0020,0.0058,0.0120,0.0032
2026-08-05 08:29:28.192,4.566667,86,4,0.239257,-0.0109,161.83,0,0,0,63.0122,0.433,0.37951,0,0,0,0,0,0.125836,0.011374,0.115030,0.010257,0.103027,0.008718,0.089986,0.006610,0.073537,0.004198,0.055891,0.002130,0.037781,0.002306,0.019919,-161.83,-156.86,-138.66,-136.85,-111.29,-117.22,-85.24,-99.13,-59.21,-84.39,-33.26,-93.96,-9.42,-142.47,5.59,0.0653,0.0125,0.0026,0.0061,0.0069,0.0054,0.0086,0.0015,0.0027,0.0046,0.0063,0.0020,0.0058,0.0120,0.0032
2026-08-05 08:29:28.192,4.583333,86,5,0.244481,0.0064,134.70,0,0,0,63.0122,0.433,0.37951,0,0,0,0,0,0.128652,0.013140,0.117560,0.011303,0.105274,0.008523,0.091708,0.005152,0.074558,0.001557,0.056320,0.002382,0.037773,0.005409,0.019638,-134.70,-97.14,-57.32,-16.32,24.30,65.09,104.55,148.97,-175.16,-111.35,-95.29,106.09,-17.80,-162.90,50.37,0.0653,0.0125,0.0026,0.0061,0.0069,0.0054,0.0086,0.0015,0.0027,0.0046,0.0063,0.0020,0.0058,0.0120,0.0032
2026-08-05 08:29:28.192,4.600000,86,6,0.231733,0.0026,-122.17,0,0,0,63.0122,0.433,0.37951,0,0,0,0,0,0.121090,0.011720,0.110560,0.010333,0.099125,0.008387,0.086958,0.006185,0.071467,0.004071,0.055002,0.003300,0.038215,0.004447,0.022353,122.17,59.30,-7.12,-62.90,-132.12,176.92,101.39,61.49,-25.34,-40.49,-152.61,-117.97,77.01,152.91,-63.46,0.0653,0.0125,0.0026,0.0061,0.0069,0.0054,0.0086,0.0015,0.0027,0.0046,0.0063,0.0020,0.0058,0.0120,0.0032
2026-08-05 08:29:28.192,4.616667,86,7,0.316112,0.0078,-26.56,0,0,0,63.0122,0.433,0.37951,0,0,0,0,0,0.166122,0.043763,0.152125,0.039422,0.134467,0.033531,0.112829,0.027053,0.086451,0.021648,0.058785,0.018657,0.031805,0.018219,0.006440,26.56,-127.83,67.29,-75.85,112.13,-21.93,156.21,35.64,-159.09,99.17,-113.66,168.74,-67.24,-121.28,-6.71,0.0653,0.0125,0.0026,0.0061,0.0069,0.0054,0.0086,0.0015,0.0027,0.0046,0.0063,0.0020,0.0058,0.0120,0.0032
2026-08-05 08:29:28.192,4.633333,86,8,0.208735,0.1454,7.70,0,0,0,63.0122,0.433,0.37951,0,0,0,0,0,0.107148,0.002761,0.098532,0.003430,0.087846,0.004813,0.078967,0.005056,0.066342,0.005167,0.052891,0.004554,0.038358,0.004438,0.024554,-7.70,44.53,-38.54,30.78,-64.67,2.32,-92.40,-31.97,-120.13,-62.82,-148.29,-97.29,-178.34,-136.28,143.34,0.0653,0.0125,0.0026,0.0061,0.0069,0.0054,0.0086,0.0015,0.0027,0.0046,0.0063,0.0020,0.0058,0.0120,0.0032
2026-08-05 08:29:28.192,4.650000,86,9,0.305016,0.0554,1.45,0,0,0,63.0122,0.433,0.37951,0,0,0,0,0,0.166684,0.014209,0.151313,0.016681,0.132884,0.019176,0.110266,0.020238,0.083535,0.019086,0.056092,0.015244,0.028586,0.010429,0.003393,-1.45,18.90,-16.21,34.28,-26.59,32.87,-38.58,30.52,-49.90,27.20,-60.47,24.21,-71.47,24.60,-81.48,0.0653,0.0125,0.0026,0.0061,0.0069,0.0054,0.0086,0.0015,0.0027,0.0046,0.0063,0.0020,0.0058,0.0120,0.0032
2026-08-05 08:29:28.192,4.666667,86,10,0.335131,-0.0299,118.85,0,0,0,63.0122,0.433,0.37951,0,0,0,0,0,0.183248,0.010380,0.167669,0.009871,0.147424,0.008834,0.122810,0.007186,0.093244,0.004963,0.062566,0.002184,0.032983,0.002256,0.009188,-118.85,-78.89,-7.36,22.31,107.64,123.77,-137.86,-135.26,-22.29,-33.66,94.96,54.80,-143.63,59.24,20.68,0.0653,0.0125,0.0026,0.0061,0.0069,0.0054,0.0086,0.0015,0.0027,0.0046,0.0063,0.0020,0.0058,0.0120,0.0032
2026-08-05 08:29:28.192,4.683333,86,11,0.341689,-0.0310,131.99,0,0,0,63.0122,0.433,0.37951,0,0,0,0,0,0.186365,0.019103,0.169954,0.019669,0.148955,0.020176,0.123918,0.019876,0.094005,0.018057,0.062741,0.014856,0.032880,0.011536,0.007210,-131.99,111.88,-45.99,-139.48,43.02,-35.24,131.43,67.07,-139.22,171.77,-48.65,-80.10,44.20,35.43,169.89,0.0653,0.0125,0.0026,0.0061,0.0069,0.0054,0.0086,0.0015,0.0027,0.0046,0.0063,0.0020,0.0058,0.0120,0.0032
2026-08-05 08:29:28.192,4.700000,86,12,0.273881,-0.0004,-94.67,0,0,0,63.0122,0.433,0.37951,0,0,0,0,0,0.147946,0.007167,0.134386,0.008712,0.118922,0.010077,0.101835,0.010437,0.080520,0.009260,0.057287,0.006804,0.034434,0.004065,0.013464,94.67,-148.00,-87.99,56.57,92.66,-108.53,-87.69,83.87,92.52,-83.73,-87.61,108.88,89.27,-52.43,-106.98,0.0653,0.0125,0.0026,0.0061,0.0069,0.0054,0.0086,0.0015,0.0027,0.0046,0.0063,0.0020,0.0058,0.0120,0.0032
2026-08-05 08:29:28.192,4.716667,86,13,0.331310,-0.0327,165.06,0,0,0,63.0122,0.433,0.37951,0,0,0,0,0,0.181482,0.003934,0.165994,0.005459,0.145687,0.006455,0.121084,0.006229,0.091483,0.005398,0.060744,0.004328,0.031160,0.004473,0.008507,-165.06,161.86,-146.05,171.04,-123.38,-171.48,-101.29,-147.61,-78.18,-115.36,-53.13,-64.73,-23.57,4.80,57.43,0.0653,0.0125,0.0026,0.0061,0.0069,0.0054,0.0086,0.0015,0.0027,0.0046,0.0063,0.0020,0.0058,0.0120,0.0032
2026-08-05 08:29:28.192,4.733333,86,14,0.329299,0.0003,-146.71,0,0,0,63.0122,0.433,0.37951,0,0,0,0,0,0.180801,0.003332,0.165182,0.003859,0.144919,0.004292,0.120135,0.004069,0.090616,0.004012,0.059925,0.004398,0.030034,0.005212,0.007156,146.71,85.58,69.38,-1.15,-4.46,-77.71,-78.85,-145.30,-152.29,153.91,136.16,104.81,68.54,57.31,58.50,0.0653,0.0125,0.0026,0.0061,0.0069,0.0054,0.0086,0.0015,0.0027,0.0046,0.0063,0.0020,0.0058,0.0120,0.0032
2026-08-05 08:29:28.192,4.750000,86,15,0.295553,0.0000,104.01,0,0,0,63.0122,0.433,0.37951,0,0,0,0,0,0.162051,0.009187,0.147418,0.011882,0.128982,0.014123,0.107237,0.014918,0.080727,0.014135,0.053238,0.011618,0.026135,0.008048,0.001889,-104.01,-176.50,36.81,-10.73,-178.92,145.49,-35.43,-62.43,108.78,91.23,-106.27,-112.08,39.16,49.82,-130.61,0.0653,0.0125,0.0026,0.0061,0.0069,0.0054,0.0086,0.0015,0.0027,0.0046,0.0063,0.0020,0.0058,0.0120,0.0032
2026-08-05 08:29:28.192,4.766667,86,16,0.269989,-0.0068,125.74,0,0,0,63.0122,0.433,0.37951,0,0,0,0,0,0.144672,0.020130,0.131251,0.021148,0.115830,0.022401,0.098121,0.022880,0.076157,0.021598,0.053013,0.018857,0.030198,0.014603,0.008216,-125.74,122.46,-28.95,-120.02,71.45,-6.68,170.96,104.43,-89.03,-145.34,11.36,-35.14,111.07,75.72,-153.60,0.0653,0.0125,0.0026,0.0061,0.0069,0.0054,0.0086,0.0015,0.0027,0.0046,0.0063,0.0020,0.0058,0.0120,0.0032
2026-08-05 08:29:28.192,4.783333,86,17,0.243877,0.0013,165.90,0,0,0,63.0122,0.433,0.37951,0,0,0,0,0,0.129857,0.018761,0.117609,0.019357,0.104085,0.020086,0.089063,0.020037,0.070064,0.018457,0.050222,0.015530,0.030148,0.011078,0.011474,-165.90,40.03,-150.38,75.08,-130.95,106.91,-112.66,137.47,-94.29,166.06,-75.98,-165.40,-60.41,-136.24,-59.42,0.0653,0.0125,0.0026,0.0061,0.0069,0.0054,0.0086,0.0015,0.0027,0.0046,0.0063,0.0020,0.0058,0.0120,0.0032
2026-08-05 08:29:28.192,4.800000,86,18,0.232204,0.0016,-161.19,0,0,0,63.0122,0.433,0.37951,0,0,0,0,0,0.123780,0.010511,0.112223,0.011652,0.099878,0.013060,0.085913,0.013515,0.068658,0.012982,0.050157,0.011149,0.031544,0.008141,0.014817,161.19,-18.44,110.25,-45.95,63.33,-78.14,15.20,-113.35,-33.15,-150.55,-81.70,174.07,-134.24,139.18,158.01,0.0653,0.0125,0.0026,0.0061,0.0069,0.0054,0.0086,0.0015,0.0027,0.0046,0.0063,0.0020,0.0058,0.0120,0.0032
2026-08-05 08:29:28.192,4.816667,86,19,0.245281,0.0085,-2.24,0,0,0,63.0122,0.433,0.37951,0,0,0,0,0,0.132586,0.005125,0.120842,0.005667,0.106877,0.006244,0.090884,0.005879,0.071301,0.005114,0.050254,0.003449,0.029187,0.001473,0.009475,2.24,149.90,-6.48,126.21,-10.84,108.20,-16.60,94.30,-22.00,79.32,-27.26,67.41,-34.95,11.82,-58.17,0.0653,0.0125,0.0026,0.0061,0.0069,0.0054,0.0086,0.0015,0.0027,0.0046,0.0063,0.0020,0.0058,0.0120,0.0032
2026-08-05 08:29:28.192,4.833333,86,20,0.232773,-0.0094,-143.17,0,0,0,63.0122,0.433,0.37951,0,0,0,0,0,0.124859,0.007256,0.113418,0.009195,0.100585,0.011040,0.086266,0.011788,0.068454,0.011304,0.049507,0.009404,0.030193,0.006226,0.012187,143.17,-46.40,56.04,-111.83,-26.84,175.73,-110.91,99.17,165.14,19.44,81.28,-60.58,-5.30,-146.07,-105.61,0.0653,0.0125,0.0026,0.0061,0.0069,0.0054,0.0086,0.0015,0.0027,0.0046,0.0063,0.0020,0.0058,0.0120,0.0032
2026-08-05 08:29:28.192,4.850000,86,21,0.311365,-0.0061,169.23,0,0,0,63.0122,0.433,0.37951,0,0,0,0,0,0.166959,0.026910,0.154008,0.023818,0.135367,0.019753,0.113978,0.014069,0.087650,0.008958,0.060239,0.005139,0.033221,0.006364,0.008787,-169.23,-166.00,-159.39,-155.39,-145.54,-141.25,-132.63,-125.80,-118.53,-101.49,-103.39,-51.64,-85.45,14.10,-44.85,0.0653,0.0125,0.0026,0.0061,0.0069,0.0054,0.0086,0.0015,0.0027,0.0046,0.0063,0.0020,0.0058,0.0120,0.0032
2026-08-05 08:29:28.192,4.866667,86,22,0.319632,-0.0054,-83.51,0,0,0,63.0122,0.433,0.37951,0,0,0,0,0,0.173238,0.005970,0.158450,0.010297,0.139773,0.013360,0.117222,0.014522,0.089965,0.013415,0.061970,0.010926,0.034183,0.006436,0.012178,83.51,-131.00,-120.38,40.55,39.31,-156.16,-161.46,6.55,-1.09,170.38,161.35,-22.51,-31.56,155.80,167.14,0.0653,0.0125,0.0026,0.0061,0.0069,0.0054,0.0086,0.0015,0.0027,0.0046,0.0063,0.0020,0.0058,0.0120,0.0032
2026-08-05 08:29:28.192,4.883333,86,23,0.296793,0.0038,62.72,0,0,0,63.0122,0.433,0.37951,0,0,0,0,0,0.160600,0.005669,0.147120,0.008596,0.129939,0.010620,0.109986,0.011177,0.085282,0.009944,0.059821,0.007618,0.033944,0.003375,0.010145,-62.72,-1.44,160.46,-151.63,27.19,67.96,-106.71,-69.35,119.99,156.73,-12.18,26.11,-143.36,-91.64,93.12,0.0653,0.0125,0.0026,0.0061,0.0069,0.0054,0.0086,0.0015,0.0027,0.0046,0.0063,0.0020,0.0058,0.0120,0.0032
2026-08-05 08:29:28.192,4.900000,86,24,0.303876,0.0078,-25.80,0,0,0,63.0122,0.433,0.37951,0,0,0,0,0,0.164920,0.006628,0.150570,0.010906,0.132812,0.014276,0.111529,0.015834,0.085532,0.015216,0.058676,0.013265,0.031786,0.009605,0.007412,25.80,107.88,66.01,167.50,109.90,-141.85,153.08,-92.35,-162.97,-41.68,-118.01,11.37,-70.96,72.89,-7.03,0.0653,0.0125,0.0026,0.0061,0.0069,0.0054,0.0086,0.0015,0.0027,0.0046,0.0063,0.0020,0.0058,0.0120,0.0032
2026-08-05 08:29:28.192,4.916667,86,25,0.302703,-0.0027,86.34,0,0,0,63.0122,0.433,0.37951,0,0,0,0,0,0.164255,0.008005,0.150538,0.009059,0.132634,0.009731,0.111618,0.009773,0.085777,0.008742,0.059241,0.007165,0.032651,0.004932,0.009143,-86.34,-21.87,89.61,140.83,-90.69,-48.88,88.31,124.35,-91.64,-55.18,89.72,128.51,-85.45,-27.05,124.23,0.0653,0.0125,0.0026,0.0061,0.0069,0.0054,0.0086,0.0015,0.0027,0.0046,0.0063,0.0020,0.0058,0.0120,0.0032
2026-08-05 08:29:28.192,4.933333,86,26,0.259906,0.0012,-176.00,0,0,0,63.0122,0.433,0.37951,0,0,0,0,0,0.138994,0.005837,0.126609,0.009673,0.112705,0.012912,0.096561,0.014613,0.076620,0.014576,0.055614,0.013172,0.033906,0.009814,0.013308,176.00,49.92,155.29,45.90,138.75,35.47,120.88,22.38,103.74,10.70,86.57,-1.27,68.76,-9.83,43.17,0.0653,0.0125,0.0026,0.0061,0.0069,0.0054,0.0086,0.0015,0.0027,0.0046,0.0063,0.0020,0.0058,0.0120,0.0032
2026-08-05 08:29:28.192,4.950000,86,27,0.231273,0.0030,104.17,0,0,0,63.0122,0.433,0.37951,0,0,0,0,0,0.122774,0.005961,0.111525,0.008719,0.099501,0.011102,0.086360,0.012704,0.069707,0.012552,0.052063,0.011327,0.033548,0.008329,0.016327,-104.17,-166.42,33.68,-7.27,176.04,144.88,-43.09,-67.45,98.21,80.50,-120.82,-132.64,18.19,17.51,146.20,0.0653,0.0125,0.0026,0.0061,0.0069,0.0054,0.0086,0.0015,0.0027,0.0046,0.0063,0.0020,0.0058,0.0120,0.0032
2026-08-05 08:29:28.192,4.966667,86,28,0.207165,-0.0071,170.33,0,0,0,63.0122,0.433,0.37951,0,0,0,0,0,0.108165,0.003253,0.098130,0.005769,0.088148,0.007930,0.077837,0.009176,0.064643,0.009371,0.050176,0.008681,0.034864,0.006781,0.020888,-170.33,103.31,-165.78,108.79,-156.48,116.42,-148.80,121.65,-140.82,129.05,-133.35,134.18,-127.94,135.15,-132.58,0.0653,0.0125,0.0026,0.0061,0.0069,0.0054,0.0086,0.0015,0.0027,0.0046,0.0063,0.0020,0.0058,0.0120,0.0032
2026-08-05 08:29:28.192,4.983333,86,29,0.209000,0.0035,-38.92,0,0,0,63.0122,0.433,0.37951,0,0,0,0,0,0.106744,0.008405,0.096956,0.009411,0.087852,0.010725,0.078825,0.011465,0.066838,0.011373,0.053776,0.010624,0.039471,0.008500,0.025803,38.92,93.72,101.84,176.59,169.46,-103.54,-124.32,-29.47,-57.70,44.91,8.56,115.08,73.50,-176.60,131.31,0.0653,0.0125,0.0026,0.0061,0.0069,0.0054,0.0086,0.0015,0.0027,0.0046,0.0063,0.0020,0.0058,0.0120,0.0032
2026-08-05 08:29:28.658,5.000000,87,0,0.186176,0.0000,-111.11,0,0,0,63.0122,0.965,0.41458,0,0,0,0,0,0.093424,0.005693,0.084742,0.006535,0.077013,0.007487,0.070171,0.008208,0.060674,0.008135,0.050167,0.007529,0.038549,0.005807,0.027801,111.11,-120.28,-42.99,108.00,167.97,-27.94,17.49,-169.36,-132.86,48.59,76.60,-97.19,-75.92,114.48,124.90,0.0756,0.0182,0.0185,0.0034,0.0087,0.0050,0.0047,0.0012,0.0030,0.0041,0.0079,0.0041,0.0033,0.0042,0.0065
2026-08-05 08:29:28.658,5.016667,87,1,0.214112,-0.0048,173.46,0,0,0,63.0122,0.965,0.41458,0,0,0,0,0,0.109840,0.003648,0.100371,0.006711,0.090564,0.009058,0.080973,0.010560,0.068261,0.011112,0.054032,0.010283,0.039229,0.008282,0.024777,-173.46,108.12,-175.10,104.76,-172.13,104.90,-170.36,106.47,-168.62,109.08,-166.89,111.26,-166.79,113.20,-174.12,0.0756,0.0182,0.0185,0.0034,0.0087,0.0050,0.0047,0.0012,0.0030,0.0041,0.0079,0.0041,0.0033,0.0042,0.0065
2026-08-05 08:29:28.658,5.033333,87,2,0.250252,-0.0038,88.44,0,0,0,63.0122,0.965,0.41458,0,0,0,0,0,0.132132,0.004474,0.121292,0.008004,0.108446,0.010066,0.094187,0.011662,0.076019,0.011979,0.056689,0.010374,0.037408,0.007324,0.018162,-88.44,-95.45,81.33,76.66,-104.92,-109.13,67.72,68.63,-119.26,-116.76,54.15,57.77,-134.23,-126.27,27.73,0.0756,0.0182,0.0185,0.0034,0.0087,0.0050,0.0047,0.0012,0.0030,0.0041,0.0079,0.0041,0.0033,0.0042,0.0065
2026-08-05 08:29:28.658,5.050000,87,3,0.255766,-0.0133,-122.28,0,0,0,63.0122,0.965,0.41458,0,0,0,0,0,0.135689,0.003528,0.124145,0.006249,0.110645,0.007963,0.096186,0.008974,0.077797,0.008900,0.057938,0.007466,0.037683,0.005049,0.018034,122.28,-53.49,-6.10,-168.21,-130.34,70.65,104.23,-50.14,-21.13,-171.02,-146.49,68.08,86.21,-51.87,-51.33,0.0756,0.0182,0.0185,0.0034,0.0087,0.0050,0.0047,0.0012,0.0030,0.0041,0.0079,0.0041,0.0033,0.0042,0.0065
2026-08-05 08:29:28.658,5.066667,87,4,0.267836,0.1455,40.12,0,0,0,63.0122,0.965,0.41458,0,0,0,0,0,0.141628,0.017876,0.130201,0.019844,0.114732,0.021548,0.098501,0.022534,0.077568,0.021820,0.055706,0.019089,0.034080,0.015062,0.012859,-40.12,-60.53,-134.18,-135.98,136.08,149.84,45.56,70.64,-45.12,-9.55,-134.79,-89.99,134.14,-168.08,36.46,0.0756,0.0182,0.0185,0.0034,0.0087,0.0050,0.0047,0.0012,0.0030,0.0041,0.0079,0.0041,0.0033,0.0042,0.0065
2026-08-05 08:29:28.658,5.083333,87,5,0.274994,-0.0783,-150.39,0,0,0,63.0122,0.965,0.41458,0,0,0,0,0,0.146406,0.019209,0.133531,0.020817,0.118068,0.021675,0.100866,0.021784,0.079471,0.020478,0.056818,0.017655,0.034344,0.013906,0.012492,150.39,-45.27,78.52,-95.46,10.88,-149.18,-57.88,155.73,-126.37,98.98,165.84,44.08,97.51,-7.28,23.46,0.0756,0.0182,0.0185,0.0034,0.0087,0.0050,0.0047,0.0012,0.0030,0.0041,0.0079,0.0041,0.0033,0.0042,0.0065
2026-08-05 08:29:28.658,5.100000,87,6,0.248698,-0.0139,-167.76,0,0,0,63.0122,0.965,0.41458,0,0,0,0,0,0.130969,0.007724,0.119766,0.011914,0.106846,0.015492,0.092640,0.017686,0.074684,0.017816,0.055566,0.016042,0.035933,0.012532,0.016688,167.76,19.33,130.18,2.80,96.78,-23.84,62.24,-53.20,28.02,-83.39,-5.94,-114.53,-41.43,-145.60,-84.82,0.0756,0.0182,0.0185,0.0034,0.0087,0.0050,0.0047,0.0012,0.0030,0.0041,0.0079,0.0041,0.0033,0.0042,0.0065
2026-08-05 08:29:28.658,5.116667,87,7,0.307877,0.0087,41.56,0,0,0,63.0122,0.965,0.41458,0,0,0,0,0,0.164888,0.009416,0.151623,0.011220,0.134849,0.012502,0.114900,0.012785,0.090559,0.011829,0.064704,0.009700,0.038888,0.006290,0.013940,-41.56,65.06,-135.83,-43.72,133.32,-147.55,41.77,114.08,-49.16,20.19,-139.25,-71.83,131.27,-160.55,44.13,0.0756,0.0182,0.0185,0.0034,0.0087,0.0050,0.0047,0.0012,0.0030,0.0041,0.0079,0.0041,0.0033,0.0042,0.0065
2026-08-05 08:29:28.658,5.133333,87,8,0.394488,-0.0021,95.93,0,0,0,63.0122,0.965,0.41458,0,0,0,0,0,0.203076,0.052399,0.189197,0.048925,0.167311,0.041221,0.140352,0.033462,0.108011,0.027394,0.075045,0.025144,0.043586,0.025684,0.021634,-95.93,-10.48,64.15,156.35,-133.36,-33.24,29.36,141.68,-166.41,-36.46,1.28,147.07,175.04,-28.80,19.63,0.0756,0.0182,0.0185,0.0034,0.0087,0.0050,0.0047,0.0012,0.0030,0.0041,0.0079,0.0041,0.0033,0.0042,0.0065
2026-08-05 08:29:28.658,5.150000,87,9,0.421519,0.0169,-70.66,0,0,0,63.0122,0.965,0.41458,0,0,0,0,0,0.225078,0.028469,0.207879,0.026648,0.183261,0.022121,0.152746,0.017510,0.116641,0.012287,0.080486,0.010239,0.047851,0.011520,0.028916,70.66,-46.97,-157.38,85.98,-22.17,-139.16,113.11,-1.38,-109.42,147.55,31.48,-51.64,-177.59,112.37,0.75,0.0756,0.0182,0.0185,0.0034,0.0087,0.0050,0.0047,0.0012,0.0030,0.0041,0.0079,0.0041,0.0033,0.0042,0.0065
2026-08-05 08:29:28.658,5.166667,87,10,0.464138,0.6680,42.95,0,0,0,63.0122,0.965,0.41458,0,0,0,0,0,0.244663,0.050184,0.226868,0.044885,0.199400,0.037400,0.165144,0.028878,0.125133,0.022297,0.085245,0.019838,0.050510,0.021155,0.032140,-42.95,90.77,-138.44,-0.29,129.49,-88.31,37.59,-171.04,-52.15,115.14,-137.58,48.27,147.61,-22.87,101.75,0.0756,0.0182,0.0185,0.0034,0.0087,0.0050,0.0047,0.0012,0.0030,0.0041,0.0079,0.0041,0.0033,0.0042,0.0065
2026-08-05 08:29:28.658,5.183333,87,11,0.416831,-0.3180,-132.21,0,0,0,63.0122,0.965,0.41458,0,0,0,0,0,0.226034,0.011509,0.207490,0.018275,0.181945,0.022460,0.150837,0.023967,0.114317,0.022413,0.077232,0.018230,0.043610,0.012696,0.023561,132.21,-51.34,26.31,-137.02,-75.99,127.37,-178.17,31.29,81.26,-64.97,-15.95,-157.62,-103.87,119.25,-158.07,0.0756,0.0182,0.0185,0.0034,0.0087,0.0050,0.0047,0.0012,0.0030,0.0041,0.0079,0.0041,0.0033,0.0042,0.0065
2026-08-05 08:29:28.658,5.200000,87,12,0.436375,-0.0120,-95.49,0,0,0,63.0122,0.965,0.41458,0,0,0,0,0,0.229871,0.040810,0.212726,0.038102,0.188636,0.033490,0.158613,0.028294,0.122756,0.023875,0.085933,0.021598,0.051668,0.021247,0.026906,95.49,9.77,-82.56,-160.88,102.49,30.59,-72.55,-135.07,113.97,63.93,-56.57,-93.73,139.95,108.06,1.06,0.0756,0.0182,0.0185,0.0034,0.0087,0.0050,0.0047,0.0012,0.0030,0.0041,0.0079,0.0041,0.0033,0.0042,0.0065
2026-08-05 08:29:28.658,5.216667,87,13,0.353147,-0.0161,-148.67,0,0,0,63.0122,0.965,0.41458,0,0,0,0,0,0.191854,0.017132,0.176303,0.015488,0.155408,0.012656,0.130280,0.009516,0.099866,0.006258,0.068058,0.003944,0.037079,0.004199,0.009455,148.67,108.54,75.25,35.58,5.33,-35.78,-65.11,-104.52,-134.85,-167.69,156.75,150.77,91.03,128.94,48.92,0.0756,0.0182,0.0185,0.0034,0.0087,0.0050,0.0047,0.0012,0.0030,0.0041,0.0079,0.0041,0.0033,0.0042,0.0065
2026-08-05 08:29:28.658,5.233333,87,14,0.338249,0.0111,-14.16,0,0,0,63.0122,0.965,0.41458,0,0,0,0,0,0.178387,0.046035,0.162263,0.046996,0.141001,0.046977,0.115733,0.044704,0.086235,0.040305,0.056154,0.034361,0.027566,0.027834,0.002209,14.16,36.64,29.57,72.24,48.96,105.11,67.68,137.42,86.79,170.01,106.15,-155.67,124.38,-117.78,98.83,0.0756,0.0182,0.0185,0.0034,0.0087,0.0050,0.0047,0.0012,0.0030,0.0041,0.0079,0.0041,0.0033,0.0042,0.0065
2026-08-05 08:29:28.658,5.250000,87,15,0.403676,-0.0145,-137.35,0,0,0,63.0122,0.965,0.41458,0,0,0,0,0,0.222504,0.017143,0.203644,0.020861,0.176805,0.023832,0.143706,0.024756,0.104966,0.023086,0.065866,0.019319,0.030077,0.015007,0.013843,137.35,-60.73,41.69,-131.25,-50.59,149.87,-143.10,68.44,125.71,-12.92,37.37,-91.15,-40.93,-161.90,-44.63,0.0756,0.0182,0.0185,0.0034,0.0087,0.0050,0.0047,0.0012,0.0030,0.0041,0.0079,0.0041,0.0033,0.0042,0.0065
2026-08-05 08:29:28.658,5.266667,87,16,0.388576,-0.0449,96.67,0,0,0,63.0122,0.965,0.41458,0,0,0,0,0,0.209806,0.024258,0.192549,0.029243,0.168409,0.033608,0.138898,0.035389,0.103810,0.033718,0.068097,0.029174,0.034353,0.022622,0.009835,-96.67,-171.53,59.23,8.40,-141.41,-179.95,17.61,-11.22,177.67,156.40,-20.14,-34.69,147.87,138.12,10.13,0.0756,0.0182,0.0185,0.0034,0.0087,0.0050,0.0047,0.0012,0.0030,0.0041,0.0079,0.0041,0.0033,0.0042,0.0065
2026-08-05 08:29:28.658,5.283333,87,17,0.414293,-0.0121,-150.77,0,0,0,63.0122,0.965,0.41458,0,0,0,0,0,0.223939,0.035933,0.205559,0.036578,0.179675,0.036362,0.147752,0.034084,0.110184,0.029461,0.072246,0.022929,0.037439,0.015978,0.015796,150.77,-49.32,81.83,-100.05,16.28,-153.63,-49.35,151.57,-113.61,96.88,-175.05,44.84,131.64,1.36,126.25,0.0756,0.0182,0.0185,0.0034,0.0087,0.0050,0.0047,0.0012,0.0030,0.0041,0.0079,0.0041,0.0033,0.0042,0.0065
2026-08-05 08:29:28.658,5.300000,87,18,0.427723,-0.0144,-120.49,0,0,0,63.0122,0.965,0.41458,0,0,0,0,0,0.232549,0.019926,0.213849,0.024123,0.187044,0.027550,0.153801,0.028641,0.114847,0.026811,0.075558,0.022361,0.039832,0.017038,0.019175,120.49,-94.85,-8.24,159.93,-133.73,46.79,100.77,-69.18,-23.18,174.48,-143.96,61.04,104.44,-44.94,37.24,0.0756,0.0182,0.0185,0.0034,0.0087,0.0050,0.0047,0.0012,0.0030,0.0041,0.0079,0.0041,0.0033,0.0042,0.0065
2026-08-05 08:29:28.658,5.316667,87,19,0.391193,-0.0357,-115.17,0,0,0,63.0122,0.965,0.41458,0,0,0,0,0,0.213240,0.009142,0.195789,0.013571,0.171454,0.016731,0.141564,0.017823,0.106182,0.016425,0.070410,0.012928,0.037767,0.008875,0.019889,115.17,-87.10,-24.21,155.09,-160.27,27.57,63.63,-102.09,-70.91,129.23,158.11,4.59,36.99,-105.89,-42.25,0.0756,0.0182,0.0185,0.0034,0.0087,0.0050,0.0047,0.0012,0.0030,0.0041,0.0079,0.0041,0.0033,0.0042,0.0065
2026-08-05 08:29:28.658,5.333333,87,20,0.402739,-0.0273,-103.61,0,0,0,63.0122,0.965,0.41458,0,0,0,0,0,0.217371,0.012530,0.200400,0.014050,0.176700,0.015389,0.147313,0.015761,0.112379,0.014596,0.076790,0.011964,0.043361,0.008878,0.021234,103.61,-133.14,-59.03,87.26,141.64,-58.65,-17.77,153.82,-175.69,5.24,29.36,-140.43,-117.71,83.52,129.68,0.0756,0.0182,0.0185,0.0034,0.0087,0.0050,0.0047,0.0012,0.0030,0.0041,0.0079,0.0041,0.0033,0.0042,0.0065
2026-08-05 08:29:28.658,5.350000,87,21,0.409643,-0.0501,-95.49,0,0,0,63.0122,0.965,0.41458,0,0,0,0,0,0.219269,0.020887,0.201943,0.019805,0.178222,0.019128,0.148849,0.019297,0.113720,0.020295,0.077376,0.021352,0.042766,0.021494,0.018247,95.49,-159.08,-83.66,43.65,100.47,-111.48,-75.59,94.61,109.68,-60.74,-62.57,140.71,131.96,-20.04,4.15,0.0756,0.0182,0.0185,0.0034,0.0087,0.0050,0.0047,0.0012,0.0030,0.0041,0.0079,0.0041,0.0033,0.0042,0.0065
2026-08-05 08:29:28.658,5.366667,87,22,0.368613,0.0187,13.62,0,0,0,63.0122,0.965,0.41458,0,0,0,0,0,0.196225,0.014591,0.180511,0.011912,0.161069,0.008273,0.136606,0.006626,0.106797,0.009031,0.076313,0.012769,0.046217,0.015354,0.020907,-13.62,-28.12,-51.58,-50.05,-85.97,-64.64,-120.45,-59.60,-153.91,-52.82,174.76,-66.75,148.28,-91.14,143.70,0.0756,0.0182,0.0185,0.0034,0.0087,0.0050,0.0047,0.0012,0.0030,0.0041,0.0079,0.0041,0.0033,0.0042,0.0065
2026-08-05 08:29:28.658,5.383333,87,23,0.393862,0.0082,-73.79,0,0,0,63.0122,0.965,0.41458,0,0,0,0,0,0.208535,0.012872,0.192725,0.010032,0.171886,0.006611,0.146186,0.005366,0.115248,0.008639,0.083357,0.012694,0.052609,0.015828,0.028350,73.79,146.61,-148.77,-63.00,-7.87,98.98,132.95,-65.25,-84.80,112.67,59.96,-91.83,-149.75,55.57,19.88,0.0756,0.0182,0.0185,0.0034,0.0087,0.0050,0.0047,0.0012,0.0030,0.0041,0.0079,0.0041,0.0033,0.0042,0.0065
2026-08-05 08:29:28.658,5.400000,87,24,0.380543,-0.0100,113.32,0,0,0,63.0122,0.965,0.41458,0,0,0,0,0,0.203308,0.015611,0.187512,0.012042,0.166417,0.006949,0.140619,0.002630,0.109660,0.006993,0.077565,0.012463,0.046751,0.016518,0.022195,-113.32,128.39,9.66,-101.98,136.14,33.15,-97.63,-133.25,29.94,60.99,159.84,-161.31,-64.76,-30.54,93.90,0.0756,0.0182,0.0185,0.0034,0.0087,0.0050,0.0047,0.0012,0.0030,0.0041,0.0079,0.0041,0.0033,0.0042,0.0065
2026-08-05 08:29:28.658,5.416667,87,25,0.362554,0.0107,91.04,0,0,0,63.0122,0.965,0.41458,0,0,0,0,0,0.193418,0.016948,0.178234,0.013606,0.158415,0.009470,0.134187,0.005843,0.104985,0.007330,0.074490,0.011553,0.044906,0.015091,0.020220,-91.04,174.92,76.11,-7.83,-113.13,176.25,57.32,25.41,-131.02,-109.24,42.76,83.99,-138.74,-96.56,61.83,0.0756,0.0182,0.0185,0.0034,0.0087,0.0050,0.0047,0.0012,0.0030,0.0041,0.0079,0.0041,0.0033,0.0042,0.0065
2026-08-05 08:29:28.658,5.433333,87,26,0.249041,0.0011,155.65,0,0,0,63.0122,0.965,0.41458,0,0,0,0,0,0.127150,0.001194,0.116966,0.001350,0.106008,0.003002,0.094258,0.005670,0.079147,0.008436,0.062972,0.011048,0.045777,0.013332,0.027927,-155.65,71.86,-120.21,-165.49,-80.56,-89.90,-42.07,-38.23,-3.31,8.29,35.71,53.50,73.76,97.59,108.35,0.0756,0.0182,0.0185,0.0034,0.0087,0.0050,0.0047,0.0012,0.0030,0.0041,0.0079,0.0041,0.0033,0.0042,0.0065
2026-08-05 08:29:28.658,5.450000,87,27,0.242858,-0.0079,108.60,0,0,0,63.0122,0.965,0.41458,0,0,0,0,0,0.124437,0.013302,0.114294,0.011273,0.103427,0.008586,0.091866,0.005245,0.076946,0.002905,0.060678,0.004847,0.043479,0.007643,0.025766,-108.60,130.51,20.17,-100.42,153.35,25.60,-74.65,143.75,57.70,-132.83,-169.91,-55.13,-38.63,62.18,87.67,0.0756,0.0182,0.0185,0.0034,0.0087,0.0050,0.0047,0.0012,0.0030,0.0041,0.0079,0.0041,0.0033,0.0042,0.0065
2026-08-05 08:29:28.658,5.466667,87,28,0.239230,0.0060,-102.99,0,0,0,63.0122,0.965,0.41458,0,0,0,0,0,0.123843,0.008384,0.113560,0.006743,0.102510,0.004517,0.090615,0.001892,0.075410,0.001752,0.058731,0.004433,0.041212,0.006617,0.022949,102.99,-164.83,-64.78,30.44,131.93,-139.38,-32.54,37.77,163.34,127.74,-0.44,-58.35,-165.22,135.43,25.81,0.0756,0.0182,0.0185,0.0034,0.0087,0.0050,0.0047,0.0012,0.0030,0.0041,0.0079,0.0041,0.0033,0.0042,0.0065
2026-08-05 08:29:28.658,5.483333,87,29,0.208480,-0.0036,117.91,0,0,0,63.0122,0.965,0.41458,0,0,0,0,0,0.108232,0.004445,0.098704,0.005494,0.088776,0.006596,0.078666,0.007178,0.065632,0.006983,0.051382,0.006440,0.036587,0.005444,0.021459,-117.91,83.28,-8.26,176.55,106.05,-81.58,-141.10,23.38,-28.24,131.35,84.66,-123.28,-164.59,-22.29,-62.00,0.0756,0.0182,0.0185,0.0034,0.0087,0.0050,0.0047,0.0012,0.0030,0.0041,0.0079,0.0041,0.0033,0.0042,0.0065
2026-08-05 08:29:29.169,5.500000,88,0,0.196870,-0.0013,-85.07,0,0,0,63.0122,0.282,0.92634,0,0,0,0,0,0.101191,0.009574,0.092131,0.008671,0.083023,0.007609,0.074096,0.005980,0.062500,0.004131,0.049866,0.002545,0.036533,0.002312,0.023127,85.07,154.20,-120.18,-51.50,39.34,100.18,-162.60,-108.00,-4.51,39.37,153.26,169.19,-51.29,-85.03,96.36,0.0337,0.0229,0.0072,0.0030,0.0053,0.0062,0.0032,0.0051,0.0044,0.0083,0.0031,0.0072,0.0039,0.0086,0.0068
2026-08-05 08:29:29.169,5.516667,88,1,0.204463,-0.0029,147.51,0,0,0,63.0122,0.282,0.92634,0,0,0,0,0,0.105098,0.015260,0.095654,0.013324,0.086092,0.010639,0.076557,0.007163,0.064036,0.003767,0.050385,0.003140,0.036171,0.005551,0.022140,-147.51,58.06,-97.89,116.62,-43.38,176.44,9.59,-118.97,62.55,-37.54,115.13,90.18,165.19,-179.13,-153.17,0.0337,0.0229,0.0072,0.0030,0.0053,0.0062,0.0032,0.0051,0.0044,0.0083,0.0031,0.0072,0.0039,0.0086,0.0068
2026-08-05 08:29:29.169,5.533333,88,2,0.213517,-0.0166,-135.09,0,0,0,63.0122,0.282,0.92634,0,0,0,0,0,0.111736,0.007425,0.101670,0.006391,0.091482,0.005413,0.080100,0.004358,0.066359,0.003189,0.051192,0.003371,0.035440,0.004989,0.020507,135.09,-107.51,31.36,139.33,-68.12,28.91,-168.99,-92.63,90.31,133.09,-11.16,-1.14,-114.44,-129.32,131.77,0.0337,0.0229,0.0072,0.0030,0.0053,0.0062,0.0032,0.0051,0.0044,0.0083,0.0031,0.0072,0.0039,0.0086,0.0068
2026-08-05 08:29:29.169,5.550000,88,3,0.227216,-0.0030,129.70,0,0,0,63.0122,0.282,0.92634,0,0,0,0,0,0.119045,0.022934,0.108292,0.020292,0.096470,0.016730,0.083628,0.012513,0.067355,0.009381,0.049980,0.008722,0.032167,0.010616,0.014378,-129.70,96.30,-43.51,-166.40,47.31,-67.31,136.81,38.51,-133.44,155.68,-43.58,-75.92,44.79,41.97,123.85,0.0337,0.0229,0.0072,0.0030,0.0053,0.0062,0.0032,0.0051,0.0044,0.0083,0.0031,0.0072,0.0039,0.0086,0.0068
2026-08-05 08:29:29.169,5.566667,88,4,0.237832,-0.0054,-128.76,0,0,0,63.0122,0.282,0.92634,0,0,0,0,0,0.125959,0.006954,0.114973,0.006267,0.102727,0.005658,0.089400,0.004438,0.072495,0.002778,0.054429,0.001226,0.035809,0.001677,0.017299,128.76,-120.75,13.02,117.38,-98.41,-3.20,148.78,-124.88,36.22,108.53,-76.36,-44.70,169.25,112.92,46.56,0.0337,0.0229,0.0072,0.0030,0.0053,0.0062,0.0032,0.0051,0.0044,0.0083,0.0031,0.0072,0.0039,0.0086,0.0068
2026-08-05 08:29:29.169,5.583333,88,5,0.269262,0.0063,-81.57,0,0,0,63.0122,0.282,0.92634,0,0,0,0,0,0.143147,0.006147,0.131195,0.005488,0.117358,0.004689,0.101556,0.003286,0.081710,0.001571,0.060768,0.000683,0.039246,0.002632,0.018114,81.57,146.26,-127.70,-67.52,27.09,79.75,-179.30,-133.87,-25.40,6.62,128.65,28.48,-78.59,153.14,68.39,0.0337,0.0229,0.0072,0.0030,0.0053,0.0062,0.0032,0.0051,0.0044,0.0083,0.0031,0.0072,0.0039,0.0086,0.0068
2026-08-05 08:29:29.169,5.600000,88,6,0.237295,0.0057,89.65,0,0,0,63.0122,0.282,0.92634,0,0,0,0,0,0.126715,0.003375,0.115517,0.006046,0.102707,0.008213,0.088707,0.009029,0.071194,0.008750,0.052577,0.007708,0.033638,0.005927,0.015045,-89.65,104.10,78.06,-94.08,-110.02,73.19,60.54,-117.60,-128.75,51.49,41.82,-140.10,-149.66,26.64,9.03,0.0337,0.0229,0.0072,0.0030,0.0053,0.0062,0.0032,0.0051,0.0044,0.0083,0.0031,0.0072,0.0039,0.0086,0.0068
2026-08-05 08:29:29.169,5.616667,88,7,0.215161,0.0037,-12.44,0,0,0,63.0122,0.282,0.92634,0,0,0,0,0,0.112858,0.003378,0.102471,0.003634,0.091957,0.003867,0.081223,0.004137,0.067046,0.004154,0.051559,0.004053,0.036031,0.004860,0.020664,12.44,-14.89,22.89,-18.45,37.89,-24.18,51.50,-28.84,65.22,-31.13,78.54,-39.99,89.00,-49.47,91.70,0.0337,0.0229,0.0072,0.0030,0.0053,0.0062,0.0032,0.0051,0.0044,0.0083,0.0031,0.0072,0.0039,0.0086,0.0068
2026-08-05 08:29:29.169,5.633333,88,8,0.221769,0.0204,-46.49,0,0,0,63.0122,0.282,0.92634,0,0,0,0,0,0.117417,0.005024,0.106757,0.007479,0.095281,0.009306,0.082884,0.010268,0.067374,0.010180,0.050873,0.009218,0.033764,0.007438,0.016930,46.49,-52.51,125.88,50.52,-150.40,143.14,-68.21,-130.12,14.16,-45.34,96.42,38.61,176.40,118.33,-113.75,0.0337,0.0229,0.0072,0.0030,0.0053,0.0062,0.0032,0.0051,0.0044,0.0083,0.0031,0.0072,0.0039,0.0086,0.0068
2026-08-05 08:29:29.169,5.650000,88,9,0.244005,0.0016,-153.66,0,0,0,63.0122,0.282,0.92634,0,0,0,0,0,0.129602,0.003403,0.118404,0.005775,0.105661,0.007752,0.091564,0.008741,0.073997,0.008707,0.055168,0.008085,0.035644,0.006746,0.016380,153.66,-126.60,87.90,156.41,26.36,89.00,-36.34,20.72,-98.70,-46.67,-160.97,-116.14,135.55,169.84,66.08,0.0337,0.0229,0.0072,0.0030,0.0053,0.0062,0.0032,0.0051,0.0044,0.0083,0.0031,0.0072,0.0039,0.0086,0.0068
2026-08-05 08:29:29.169,5.666667,88,10,0.224915,-0.0046,-142.18,0,0,0,63.0122,0.282,0.92634,0,0,0,0,0,0.117761,0.004696,0.107277,0.007381,0.096044,0.009726,0.084418,0.010968,0.069510,0.011169,0.053294,0.010131,0.036732,0.008570,0.020450,142.18,153.17,52.75,82.29,-32.32,1.15,-118.86,-83.56,154.76,-169.19,68.09,101.65,-21.01,8.73,-118.78,0.0337,0.0229,0.0072,0.0030,0.0053,0.0062,0.0032,0.0051,0.0044,0.0083,0.0031,0.0072,0.0039,0.0086,0.0068
2026-08-05 08:29:29.169,5.683333,88,11,0.207931,0.0025,-85.18,0,0,0,63.0122,0.282,0.92634,0,0,0,0,0,0.106700,0.006322,0.097004,0.008430,0.087424,0.010423,0.078147,0.012071,0.065711,0.012463,0.052126,0.011742,0.038208,0.010420,0.024454,85.18,20.53,-119.05,-159.81,41.06,9.01,-160.07,173.14,-1.01,-22.84,157.52,137.82,-46.43,-65.70,102.96,0.0337,0.0229,0.0072,0.0030,0.0053,0.0062,0.0032,0.0051,0.0044,0.0083,0.0031,0.0072,0.0039,0.0086,0.0068
2026-08-05 08:29:29.169,5.700000,88,12,0.190382,-0.0034,-93.82,0,0,0,63.0122,0.282,0.92634,0,0,0,0,0,0.096976,0.005954,0.088053,0.005702,0.079737,0.005214,0.071950,0.004647,0.061341,0.003970,0.049554,0.003111,0.037413,0.003114,0.025215,93.82,164.56,-94.72,-29.01,81.72,134.01,-103.18,-64.12,71.99,98.61,-113.30,-108.20,59.00,33.05,-135.21,0.0337,0.0229,0.0072,0.0030,0.0053,0.0062,0.0032,0.0051,0.0044,0.0083,0.0031,0.0072,0.0039,0.0086,0.0068
2026-08-05 08:29:29.169,5.716667,88,13,0.190912,0.0086,-74.89,0,0,0,63.0122,0.282,0.92634,0,0,0,0,0,0.098185,0.004334,0.089254,0.003982,0.080478,0.003558,0.072284,0.002722,0.061273,0.002119,0.048890,0.001678,0.035878,0.002522,0.022853,74.89,127.77,-151.06,-103.57,-12.01,22.16,125.52,143.95,-96.61,-103.41,41.21,-5.40,176.62,89.22,-54.42,0.0337,0.0229,0.0072,0.0030,0.0053,0.0062,0.0032,0.0051,0.0044,0.0083,0.0031,0.0072,0.0039,0.0086,0.0068
2026-08-05 08:29:29.169,5.733333,88,14,0.254675,-0.0453,166.60,0,0,0,63.0122,0.282,0.92634,0,0,0,0,0,0.130489,0.033101,0.120309,0.029403,0.107826,0.025124,0.093495,0.019575,0.075494,0.013838,0.056230,0.010750,0.036045,0.011164,0.017342,-166.60,23.27,-153.74,45.74,-135.96,69.39,-119.63,98.91,-103.04,135.18,-86.24,-177.54,-71.71,-124.08,-65.77,0.0337,0.0229,0.0072,0.0030,0.0053,0.0062,0.0032,0.0051,0.0044,0.0083,0.0031,0.0072,0.0039,0.0086,0.0068
2026-08-05 08:29:29.169,5.750000,88,15,0.253586,0.0182,-36.53,0,0,0,63.0122,0.282,0.92634,0,0,0,0,0,0.134700,0.015905,0.122173,0.017773,0.108445,0.019819,0.093323,0.021081,0.074429,0.020310,0.054127,0.017943,0.033811,0.014054,0.014322,36.53,-88.83,97.31,-5.90,161.84,70.62,-134.81,143.43,-70.93,-144.53,-7.16,-73.98,54.77,-4.82,109.69,0.0337,0.0229,0.0072,0.0030,0.0053,0.0062,0.0032,0.0051,0.0044,0.0083,0.0031,0.0072,0.0039,0.0086,0.0068
2026-08-05 08:29:29.169,5.766667,88,16,0.244573,-0.0126,158.58,0,0,0,63.0122,0.282,0.92634,0,0,0,0,0,0.128651,0.009334,0.117876,0.007704,0.105648,0.005626,0.092348,0.002822,0.075598,0.001340,0.057169,0.003558,0.038308,0.006179,0.019782,-158.58,35.14,-129.12,70.16,-95.20,106.14,-62.67,156.83,-29.84,-87.50,3.33,-11.92,34.51,29.86,59.97,0.0337,0.0229,0.0072,0.0030,0.0053,0.0062,0.0032,0.0051,0.0044,0.0083,0.0031,0.0072,0.0039,0.0086,0.0068
2026-08-05 08:29:29.169,5.783333,88,17,0.229220,0.0068,-7.01,0,0,0,63.0122,0.282,0.92634,0,0,0,0,0,0.121006,0.002402,0.110084,0.003568,0.098751,0.004586,0.086505,0.004966,0.070792,0.004493,0.053890,0.003423,0.036386,0.001686,0.019632,7.01,-114.71,7.42,-95.13,12.01,-84.95,15.36,-79.25,18.88,-72.03,22.31,-65.90,23.11,-82.68,15.52,0.0337,0.0229,0.0072,0.0030,0.0053,0.0062,0.0032,0.0051,0.0044,0.0083,0.0031,0.0072,0.0039,0.0086,0.0068
2026-08-05 08:29:29.169,5.800000,88,18,0.239608,-0.0032,124.72,0,0,0,63.0122,0.282,0.92634,0,0,0,0,0,0.124450,0.020460,0.112825,0.019863,0.101161,0.019642,0.088668,0.018508,0.072758,0.016739,0.055750,0.014107,0.038218,0.010401,0.022142,-124.72,-61.65,-27.45,51.68,73.69,165.57,173.71,-81.80,-86.54,29.11,12.99,140.69,109.43,-108.98,-163.74,0.0337,0.0229,0.0072,0.0030,0.0053,0.0062,0.0032,0.0051,0.0044,0.0083,0.0031,0.0072,0.0039,0.0086,0.0068
2026-08-05 08:29:29.169,5.816667,88,19,0.230984,0.0019,130.53,0,0,0,63.0122,0.282,0.92634,0,0,0,0,0,0.117774,0.031823,0.105832,0.030707,0.094767,0.030012,0.082475,0.028061,0.067058,0.025311,0.050960,0.021810,0.034126,0.017005,0.019157,-130.53,-75.19,-45.26,25.29,44.00,126.61,132.08,-132.53,-140.34,-32.73,-52.95,68.34,30.93,168.51,103.46,0.0337,0.0229,0.0072,0.0030,0.0053,0.0062,0.0032,0.0051,0.0044,0.0083,0.0031,0.0072,0.0039,0.0086,0.0068
2026-08-05 08:29:29.169,5.833333,88,20,0.225810,0.0101,-6.65,0,0,0,63.0122,0.282,0.92634,0,0,0,0,0,0.115848,0.025056,0.104441,0.025488,0.093322,0.026514,0.081316,0.026158,0.066221,0.024651,0.050314,0.021804,0.034078,0.017145,0.020009,6.65,-156.50,5.98,-138.74,9.44,-121.64,11.51,-106.78,13.10,-93.97,14.40,-80.89,11.33,-70.31,-3.16,0.0337,0.0229,0.0072,0.0030,0.0053,0.0062,0.0032,0.0051,0.0044,0.0083,0.0031,0.0072,0.0039,0.0086,0.0068
2026-08-05 08:29:29.169,5.850000,88,21,0.197356,-0.0117,-140.41,0,0,0,63.0122,0.282,0.92634,0,0,0,0,0,0.100925,0.016555,0.091068,0.017029,0.081848,0.017429,0.072567,0.017287,0.060682,0.016134,0.047630,0.014270,0.034416,0.010844,0.022291,140.41,109.25,45.94,33.30,-43.87,-43.61,-135.21,-122.48,133.16,156.03,41.21,74.21,-54.42,-11.58,-158.94,0.0337,0.0229,0.0072,0.0030,0.0053,0.0062,0.0032,0.0051,0.0044,0.0083,0.0031,0.0072,0.0039,0.0086,0.0068
2026-08-05 08:29:29.169,5.866667,88,22,0.197434,-0.0503,-168.22,0,0,0,63.0122,0.282,0.92634,0,0,0,0,0,0.099961,0.016225,0.091243,0.016732,0.081312,0.018001,0.072870,0.017924,0.061050,0.017153,0.048517,0.015438,0.034928,0.012590,0.023151,168.22,168.45,130.32,146.47,96.56,127.29,61.41,105.04,25.94,80.30,-9.24,54.46,-48.25,26.47,-95.16,0.0337,0.0229,0.0072,0.0030,0.0053,0.0062,0.0032,0.0051,0.0044,0.0083,0.0031,0.0072,0.0039,0.0086,0.0068
2026-08-05 08:29:29.169,5.883333,88,23,0.202192,0.0067,17.72,0,0,0,63.0122,0.282,0.92634,0,0,0,0,0,0.103620,0.017858,0.093749,0.018084,0.084071,0.018567,0.074411,0.018274,0.061787,0.017211,0.048377,0.015144,0.034084,0.011704,0.020988,-17.72,153.04,-68.21,121.83,-114.08,88.93,-161.40,53.83,151.11,17.06,103.56,-19.41,52.77,-58.03,-6.49,0.0337,0.0229,0.0072,0.0030,0.0053,0.0062,0.0032,0.0051,0.0044,0.0083,0.0031,0.0072,0.0039,0.0086,0.0068
2026-08-05 08:29:29.169,5.900000,88,24,0.200977,-0.0017,-159.56,0,0,0,63.0122,0.282,0.92634,0,0,0,0,0,0.100706,0.021050,0.090862,0.021695,0.081609,0.022241,0.072644,0.022356,0.060985,0.021372,0.048475,0.019325,0.035738,0.015588,0.024596,159.56,148.39,103.16,111.57,51.40,74.10,-2.04,33.92,-55.81,-7.85,-110.25,-50.53,-168.31,-94.58,125.02,0.0337,0.0229,0.0072,0.0030,0.0053,0.0062,0.0032,0.0051,0.0044,0.0083,0.0031,0.0072,0.0039,0.0086,0.0068
2026-08-05 08:29:29.169,5.916667,88,25,0.175115,0.0036,6.20,0,0,0,63.0122,0.282,0.92634,0,0,0,0,0,0.086276,0.007053,0.078391,0.008765,0.070941,0.010279,0.065206,0.011694,0.056601,0.011849,0.047378,0.011647,0.037140,0.009733,0.028090,-6.20,-172.33,-36.25,-175.95,-60.76,172.26,-86.99,155.86,-113.16,137.31,-139.43,117.71,-168.43,94.98,156.47,0.0337,0.0229,0.0072,0.0030,0.0053,0.0062,0.0032,0.0051,0.0044,0.0083,0.0031,0.0072,0.0039,0.0086,0.0068
2026-08-05 08:29:29.169,5.933333,88,26,0.202011,0.0051,-121.42,0,0,0,63.0122,0.282,0.92634,0,0,0,0,0,0.103138,0.012602,0.093701,0.014112,0.084144,0.015510,0.074997,0.016716,0.062589,0.016326,0.049661,0.015245,0.035605,0.012321,0.022842,121.42,77.87,-11.15,-32.09,-138.80,-146.03,91.80,95.67,-37.35,-24.31,-167.02,-145.81,60.71,91.60,-80.11,0.0337,0.0229,0.0072,0.0030,0.0053,0.0062,0.0032,0.0051,0.0044,0.0083,0.0031,0.0072,0.0039,0.0086,0.0068
2026-08-05 08:29:29.169,5.950000,88,27,0.198228,0.0051,-95.98,0,0,0,63.0122,0.282,0.92634,0,0,0,0,0,0.101425,0.008195,0.092307,0.009987,0.082884,0.011611,0.074050,0.012873,0.062258,0.012827,0.049452,0.012104,0.035893,0.009804,0.023500,95.98,31.54,-87.59,-128.04,93.68,64.94,-86.61,-106.37,93.07,79.49,-87.73,-96.23,88.76,85.65,-102.96,0.0337,0.0229,0.0072,0.0030,0.0053,0.0062,0.0032,0.0051,0.0044,0.0083,0.0031,0.0072,0.0039,0.0086,0.0068
2026-08-05 08:29:29.169,5.966667,88,28,0.202194,0.0026,179.67,0,0,0,63.0122,0.282,0.92634,0,0,0,0,0,0.104056,0.011412,0.094534,0.012309,0.084869,0.013155,0.075451,0.013614,0.063062,0.013118,0.049617,0.011988,0.035362,0.009337,0.022248,-179.67,-167.87,165.84,-162.31,156.14,-159.28,144.82,-161.10,133.61,-164.55,121.95,-170.36,108.11,-177.96,84.79,0.0337,0.0229,0.0072,0.0030,0.0053,0.0062,0.0032,0.0051,0.0044,0.0083,0.0031,0.0072,0.0039,0.0086,0.0068
2026-08-05 08:29:29.169,5.983333,88,29,0.202747,0.0006,69.62,0,0,0,63.0122,0.282,0.92634,0,0,0,0,0,0.103785,0.009079,0.094454,0.010586,0.085187,0.012299,0.075927,0.013339,0.063879,0.013584,0.050729,0.012963,0.036491,0.011086,0.022774,-69.62,56.96,136.04,-75.70,-13.60,145.18,-164.64,1.18,44.59,-144.79,-106.38,66.82,101.14,-84.35,-59.41,0.0337,0.0229,0.0072,0.0030,0.0053,0.0062,0.0032,0.0051,0.0044,0.0083,0.0031,0.0072,0.0039,0.0086,0.0068
2026-08-05 08:29:29.682,6.000000,89,0,0.191191,-0.0023,-117.95,0,0,0,63.0122,0.244,14.53300,0,0,0,0,0,0.097579,0.008532,0.088345,0.009514,0.079986,0.010465,0.071679,0.010901,0.060959,0.010427,0.048980,0.009614,0.036458,0.007212,0.024462,117.95,68.65,-21.48,-47.34,-156.20,-170.33,67.49,63.62,-68.53,-64.59,154.95,164.22,16.48,29.61,-130.43,0.0014,0.0109,0.0059,0.0031,0.0052,0.0067,0.0014,0.0070,0.0059,0.0010,0.0011,0.0029,0.0067,0.0035,0.0030
2026-08-05 08:29:29.682,6.016667,89,1,0.180047,-0.0010,-88.98,0,0,0,63.0122,0.244,14.53300,0,0,0,0,0,0.090147,0.011379,0.081551,0.011836,0.073666,0.012487,0.066914,0.012681,0.057527,0.012359,0.047047,0.011349,0.036015,0.009447,0.025655,88.98,5.46,-110.08,-173.70,56.21,4.32,-139.05,179.49,25.55,-7.24,-170.05,163.31,-7.99,-27.62,146.27,0.0014,0.0109,0.0059,0.0031,0.0052,0.0067,0.0014,0.0070,0.0059,0.0010,0.0011,0.0029,0.0067,0.0035,0.0030
2026-08-05 08:29:29.682,6.033333,89,2,0.424812,0.0247,-58.36,0,0,0,63.0122,0.244,14.53300,0,0,0,0,0,0.225039,0.045931,0.209289,0.043245,0.183661,0.036559,0.151806,0.030815,0.115118,0.025233,0.076938,0.022571,0.042654,0.021785,0.021367,58.36,117.70,166.18,-127.41,-83.41,-8.44,27.50,114.52,139.74,-118.61,-104.69,13.78,20.15,142.59,-178.21,0.0014,0.0109,0.0059,0.0031,0.0052,0.0067,0.0014,0.0070,0.0059,0.0010,0.0011,0.0029,0.0067,0.0035,0.0030
2026-08-05 08:29:29.682,6.050000,89,3,0.368045,0.0008,-143.62,0,0,0,63.0122,0.244,14.53300,0,0,0,0,0,0.199185,0.027798,0.181544,0.029441,0.159106,0.029559,0.132137,0.028964,0.099383,0.026110,0.066261,0.021814,0.035257,0.017177,0.013252,143.62,120.88,60.11,55.82,-19.57,-10.22,-99.85,-77.79,-178.79,-146.50,104.92,148.00,34.81,87.76,9.40,0.0014,0.0109,0.0059,0.0031,0.0052,0.0067,0.0014,0.0070,0.0059,0.0010,0.0011,0.0029,0.0067,0.0035,0.0030
2026-08-05 08:29:29.682,6.066667,89,4,0.374134,0.0090,-13.05,0,0,0,63.0122,0.244,14.53300,0,0,0,0,0,0.203444,0.004989,0.187011,0.009334,0.164487,0.011926,0.136893,0.012724,0.104134,0.011473,0.070501,0.008470,0.039278,0.004293,0.018397,13.05,-72.12,29.07,-53.04,48.49,-35.25,67.78,-17.36,88.53,1.47,112.27,22.57,143.84,53.83,-148.12,0.0014,0.0109,0.0059,0.0031,0.0052,0.0067,0.0014,0.0070,0.0059,0.0010,0.0011,0.0029,0.0067,0.0035,0.0030
2026-08-05 08:29:29.682,6.083333,89,5,0.328242,-0.0029,144.35,0,0,0,63.0122,0.244,14.53300,0,0,0,0,0,0.159729,0.075971,0.142524,0.075381,0.122909,0.070605,0.100711,0.065146,0.072885,0.058062,0.044979,0.048400,0.019779,0.039277,0.008726,-144.35,-105.02,-86.27,-33.03,-22.98,39.33,39.09,112.83,101.98,-174.44,168.25,-99.83,-117.71,-21.94,55.50,0.0014,0.0109,0.0059,0.0031,0.0052,0.0067,0.0014,0.0070,0.0059,0.0010,0.0011,0.0029,0.0067,0.0035,0.0030
2026-08-05 08:29:29.682,6.100000,89,6,0.270186,0.0009,80.54,0,0,0,63.0122,0.244,14.53300,0,0,0,0,0,0.137014,0.049865,0.123180,0.049693,0.107364,0.047398,0.090093,0.044005,0.068588,0.039467,0.046032,0.033063,0.024246,0.025936,0.003981,-80.54,23.53,104.64,-135.71,-65.34,64.57,123.33,-94.62,-47.98,105.47,141.34,-53.81,-30.53,150.17,132.24,0.0014,0.0109,0.0059,0.0031,0.0052,0.0067,0.0014,0.0070,0.0059,0.0010,0.0011,0.0029,0.0067,0.0035,0.0030
2026-08-05 08:29:29.682,6.116667,89,7,0.211848,0.0109,-22.68,0,0,0,63.0122,0.244,14.53300,0,0,0,0,0,0.107265,0.030534,0.096887,0.030765,0.085722,0.030123,0.074495,0.028589,0.060222,0.026087,0.044914,0.022337,0.029709,0.017250,0.016824,22.68,-130.00,52.63,-82.70,87.40,-36.67,120.59,8.90,153.36,53.20,-174.78,96.46,-147.11,140.39,-135.91,0.0014,0.0109,0.0059,0.0031,0.0052,0.0067,0.0014,0.0070,0.0059,0.0010,0.0011,0.0029,0.0067,0.0035,0.0030
2026-08-05 08:29:29.682,6.133333,89,8,0.190679,-0.0017,-170.60,0,0,0,63.0122,0.244,14.53300,0,0,0,0,0,0.094399,0.022174,0.085400,0.023018,0.076280,0.024066,0.067820,0.024164,0.056771,0.023377,0.044865,0.021410,0.032965,0.018096,0.022816,170.60,169.18,135.37,155.08,105.12,138.32,73.19,119.36,40.73,99.13,7.35,77.02,-29.69,54.03,-77.61,0.0014,0.0109,0.0059,0.0031,0.0052,0.0067,0.0014,0.0070,0.0059,0.0010,0.0011,0.0029,0.0067,0.0035,0.0030
2026-08-05 08:29:29.682,6.150000,89,9,0.203734,0.0102,74.82,0,0,0,63.0122,0.244,14.53300,0,0,0,0,0,0.105143,0.012696,0.095800,0.014084,0.085630,0.015866,0.075282,0.016488,0.062221,0.015916,0.048152,0.014366,0.033708,0.011315,0.020359,-74.82,44.97,120.66,-94.78,-39.48,118.13,159.03,-32.27,-2.47,176.21,-164.78,22.96,29.76,-131.62,-146.68,0.0014,0.0109,0.0059,0.0031,0.0052,0.0067,0.0014,0.0070,0.0059,0.0010,0.0011,0.0029,0.0067,0.0035,0.0030
2026-08-05 08:29:29.682,6.166667,89,10,0.244156,-0.0031,-153.92,0,0,0,63.0122,0.244,14.53300,0,0,0,0,0,0.125020,0.037472,0.113017,0.037993,0.099044,0.037696,0.083743,0.035918,0.065230,0.032808,0.045689,0.028022,0.026791,0.021600,0.011737,153.92,134.55,87.70,86.49,25.86,36.56,-37.35,-13.97,-101.03,-65.62,-165.94,-117.47,123.71,-168.92,24.97,0.0014,0.0109,0.0059,0.0031,0.0052,0.0067,0.0014,0.0070,0.0059,0.0010,0.0011,0.0029,0.0067,0.0035,0.0030
2026-08-05 08:29:29.682,6.183333,89,11,0.231843,-0.0014,-84.77,0,0,0,63.0122,0.244,14.53300,0,0,0,0,0,0.118584,0.030947,0.107673,0.031085,0.095136,0.030714,0.082013,0.029370,0.065460,0.027028,0.048108,0.023305,0.030954,0.018502,0.016228,84.77,-3.72,-120.01,169.85,39.63,-17.88,-162.20,153.71,-4.36,-35.37,152.40,135.09,-55.11,-53.31,79.50,0.0014,0.0109,0.0059,0.0031,0.0052,0.0067,0.0014,0.0070,0.0059,0.0010,0.0011,0.0029,0.0067,0.0035,0.0030
2026-08-05 08:29:29.682,6.200000,89,12,0.201520,0.0150,44.20,0,0,0,63.0122,0.244,14.53300,0,0,0,0,0,0.103012,0.015770,0.093836,0.017088,0.083589,0.017687,0.074207,0.018391,0.061506,0.017532,0.048038,0.016050,0.033976,0.012662,0.021585,-44.20,102.52,-147.86,20.02,113.37,-65.63,12.73,-154.15,-87.96,115.47,170.64,23.05,66.17,-70.25,-48.88,0.0014,0.0109,0.0059,0.0031,0.0052,0.0067,0.0014,0.0070,0.0059,0.0010,0.0011,0.0029,0.0067,0.0035,0.0030
2026-08-05 08:29:29.682,6.216667,89,13,0.210524,-0.0062,-148.73,0,0,0,63.0122,0.244,14.53300,0,0,0,0,0,0.108844,0.010423,0.099069,0.012126,0.088726,0.013855,0.078235,0.014830,0.064659,0.014617,0.049975,0.013021,0.035337,0.010115,0.022307,148.73,137.67,71.83,85.52,-0.77,26.52,-74.90,-36.47,-149.36,-101.77,135.42,-168.69,56.68,124.25,-33.50,0.0014,0.0109,0.0059,0.0031,0.0052,0.0067,0.0014,0.0070,0.0059,0.0010,0.0011,0.0029,0.0067,0.0035,0.0030
2026-08-05 08:29:29.682,6.233333,89,14,0.210563,-0.0025,137.54,0,0,0,63.0122,0.244,14.53300,0,0,0,0,0,0.108426,0.019243,0.098225,0.020684,0.087238,0.022105,0.075834,0.022540,0.061624,0.021899,0.046351,0.019398,0.031565,0.015589,0.019296,-137.54,-82.12,-67.54,10.85,6.93,100.16,79.77,-173.16,152.04,-88.32,-136.72,-4.23,-70.00,80.47,-18.43,0.0014,0.0109,0.0059,0.0031,0.0052,0.0067,0.0014,0.0070,0.0059,0.0010,0.0011,0.0029,0.0067,0.0035,0.0030
2026-08-05 08:29:29.682,6.250000,89,15,0.246909,-0.0191,-121.57,0,0,0,63.0122,0.244,14.53300,0,0,0,0,0,0.132171,0.003383,0.120617,0.005029,0.107257,0.006335,0.092330,0.006772,0.073589,0.006359,0.053336,0.005204,0.033311,0.003259,0.014928,121.57,105.01,-7.67,-3.37,-132.97,-124.02,100.35,112.58,-26.29,-14.27,-153.14,-146.67,76.94,69.28,-68.70,0.0014,0.0109,0.0059,0.0031,0.0052,0.0067,0.0014,0.0070,0.0059,0.0010,0.0011,0.0029,0.0067,0.0035,0.0030
2026-08-05 08:29:29.682,6.266667,89,16,0.237644,0.0131,72.65,0,0,0,63.0122,0.244,14.53300,0,0,0,0,0,0.121486,0.033342,0.110368,0.033208,0.097670,0.032312,0.083949,0.030597,0.067017,0.027646,0.049031,0.023457,0.031313,0.018049,0.015884,-72.65,39.35,127.33,-102.86,-28.26,113.65,174.76,-30.49,17.62,-175.33,-140.23,39.77,58.09,-103.25,-120.94,0.0014,0.0109,0.0059,0.0031,0.0052,0.0067,0.0014,0.0070,0.0059,0.0010,0.0011,0.0029,0.0067,0.0035,0.0030
2026-08-05 08:29:29.682,6.283333,89,17,0.228148,-0.0045,146.14,0,0,0,63.0122,0.244,14.53300,0,0,0,0,0,0.117072,0.031385,0.106094,0.031459,0.093574,0.031019,0.080361,0.029595,0.063878,0.027119,0.046485,0.023219,0.029499,0.018243,0.014847,-146.14,-106.61,-93.13,-34.98,-35.73,35.17,20.19,104.03,75.75,172.07,130.69,-119.80,-178.53,-50.59,-146.76,0.0014,0.0109,0.0059,0.0031,0.0052,0.0067,0.0014,0.0070,0.0059,0.0010,0.0011,0.0029,0.0067,0.0035,0.0030
2026-08-05 08:29:29.682,6.300000,89,18,0.206342,-0.0086,-111.91,0,0,0,63.0122,0.244,14.53300,0,0,0,0,0,0.104268,0.021801,0.094660,0.022694,0.084472,0.023439,0.074554,0.023522,0.061737,0.022304,0.047936,0.020004,0.034103,0.016322,0.021893,111.91,51.95,-39.64,-79.32,173.44,146.81,24.99,10.74,-123.91,-127.19,86.61,93.54,-66.57,-46.19,129.29,0.0014,0.0109,0.0059,0.0031,0.0052,0.0067,0.0014,0.0070,0.0059,0.0010,0.0011,0.0029,0.0067,0.0035,0.0030
2026-08-05 08:29:29.682,6.316667,89,19,0.200128,0.0090,75.22,0,0,0,63.0122,0.244,14.53300,0,0,0,0,0,0.100646,0.023630,0.090985,0.024485,0.080810,0.025345,0.070835,0.025453,0.058005,0.024419,0.044419,0.022025,0.031106,0.018057,0.020458,-75.22,37.54,118.49,-107.78,-43.09,104.01,153.54,-46.27,-10.50,161.52,-175.70,7.63,14.20,-146.93,-170.27,0.0014,0.0109,0.0059,0.0031,0.0052,0.0067,0.0014,0.0070,0.0059,0.0010,0.0011,0.0029,0.0067,0.0035,0.0030
2026-08-05 08:29:29.682,6.333333,89,20,0.205950,0.0054,-26.68,0,0,0,63.0122,0.244,14.53300,0,0,0,0,0,0.102567,0.030795,0.092969,0.029902,0.082809,0.028447,0.072809,0.026308,0.059881,0.023613,0.045901,0.020145,0.032078,0.016082,0.020015,26.68,-125.02,63.93,-71.25,106.10,-18.00,146.46,35.44,-173.60,88.62,-134.62,141.50,-99.73,-165.83,-78.72,0.0014,0.0109,0.0059,0.0031,0.0052,0.0067,0.0014,0.0070,0.0059,0.0010,0.0011,0.0029,0.0067,0.0035,0.0030
2026-08-05 08:29:29.682,6.350000,89,21,0.202541,-0.0012,150.62,0,0,0,63.0122,0.244,14.53300,0,0,0,0,0,0.101653,0.023311,0.092397,0.021563,0.082924,0.019342,0.073749,0.016661,0.061718,0.013941,0.048633,0.011964,0.035247,0.010510,0.022415,-150.62,-121.52,-107.37,-64.03,-59.43,-5.09,-13.10,56.23,33.02,120.57,78.43,-172.30,120.55,-103.25,152.13,0.0014,0.0109,0.0059,0.0031,0.0052,0.0067,0.0014,0.0070,0.0059,0.0010,0.0011,0.0029,0.0067,0.0035,0.0030
2026-08-05 08:29:29.682,6.366667,89,22,0.225490,0.0044,64.03,0,0,0,63.0122,0.244,14.53300,0,0,0,0,0,0.111861,0.042733,0.101457,0.039457,0.090452,0.034469,0.078663,0.028594,0.063924,0.022768,0.048240,0.017779,0.032471,0.014785,0.017515,-64.03,48.86,152.42,-82.58,13.60,147.06,-126.84,19.03,92.63,-105.21,-48.49,136.38,166.68,23.78,8.83,0.0014,0.0109,0.0059,0.0031,0.0052,0.0067,0.0014,0.0070,0.0059,0.0010,0.0011,0.0029,0.0067,0.0035,0.0030
2026-08-05 08:29:29.682,6.383333,89,23,0.190163,-0.0005,-91.47,0,0,0,63.0122,0.244,14.53300,0,0,0,0,0,0.095522,0.025305,0.086508,0.023120,0.077537,0.019982,0.069089,0.016083,0.057961,0.012367,0.045948,0.009844,0.033575,0.009111,0.021540,91.47,0.27,-101.86,179.74,70.00,0.89,-119.91,-174.74,50.03,15.99,-140.56,-145.78,26.09,57.90,-176.67,0.0014,0.0109,0.0059,0.0031,0.0052,0.0067,0.0014,0.0070,0.0059,0.0010,0.0011,0.0029,0.0067,0.0035,0.0030
2026-08-05 08:29:29.682,6.400000,89,24,0.179797,0.0010,80.72,0,0,0,63.0122,0.244,14.53300,0,0,0,0,0,0.090281,0.012260,0.081866,0.010709,0.074208,0.008504,0.067396,0.005663,0.058079,0.002481,0.047765,0.001270,0.036892,0.003894,0.025528,-80.72,9.94,101.81,-163.00,-70.56,23.29,115.51,-151.69,-58.35,23.70,127.77,106.72,-48.23,-101.43,129.46,0.0014,0.0109,0.0059,0.0031,0.0052,0.0067,0.0014,0.0070,0.0059,0.0010,0.0011,0.0029,0.0067,0.0035,0.0030
2026-08-05 08:29:29.682,6.416667,89,25,0.209685,0.0059,-118.63,0,0,0,63.0122,0.244,14.53300,0,0,0,0,0,0.108314,0.012039,0.098729,0.010410,0.088771,0.008401,0.078787,0.006064,0.065787,0.004319,0.051624,0.004621,0.036920,0.006314,0.022080,118.63,43.74,-18.57,-95.98,-151.16,120.86,74.80,-29.21,-59.05,166.04,166.96,-10.40,30.87,-169.79,-113.15,0.0014,0.0109,0.0059,0.0031,0.0052,0.0067,0.0014,0.0070,0.0059,0.0010,0.0011,0.0029,0.0067,0.0035,0.0030
2026-08-05 08:29:29.682,6.433333,89,26,0.212646,0.0040,-73.99,0,0,0,63.0122,0.244,14.53300,0,0,0,0,0,0.108438,0.014778,0.098870,0.013179,0.089071,0.011074,0.079312,0.009300,0.066488,0.009106,0.052570,0.010357,0.037951,0.012460,0.022782,73.99,-29.92,-152.75,120.31,-14.77,-85.09,121.75,77.85,-101.53,-113.35,35.27,52.77,170.33,-149.77,-60.81,0.0014,0.0109,0.0059,0.0031,0.0052,0.0067,0.0014,0.0070,0.0059,0.0010,0.0011,0.0029,0.0067,0.0035,0.0030
2026-08-05 08:29:29.682,6.450000,89,27,0.192264,-0.0051,-134.36,0,0,0,63.0122,0.244,14.53300,0,0,0,0,0,0.097370,0.006492,0.088707,0.005578,0.080534,0.004348,0.072945,0.002814,0.062726,0.001688,0.051213,0.002174,0.038939,0.003561,0.025679,134.36,76.99,27.74,-30.12,-73.85,-141.01,-176.96,103.23,80.31,-36.92,-22.26,163.15,-126.27,40.39,125.04,0.0014,0.0109,0.0059,0.0031,0.0052,0.0067,0.0014,0.0070,0.0059,0.0010,0.0011,0.0029,0.0067,0.0035,0.0030
2026-08-05 08:29:29.682,6.466667,89,28,0.221041,0.0167,-20.83,0,0,0,63.0122,0.244,14.53300,0,0,0,0,0,0.112983,0.017562,0.103296,0.016201,0.093433,0.014101,0.083132,0.011493,0.069831,0.008594,0.055220,0.005788,0.039761,0.003185,0.023580,20.83,-147.47,47.78,-115.62,79.53,-83.43,109.87,-50.22,140.49,-15.26,171.26,23.32,-159.44,74.33,-135.50,0.0014,0.0109,0.0059,0.0031,0.0052,0.0067,0.0014,0.0070,0.0059,0.0010,0.0011,0.0029,0.0067,0.0035,0.0030
2026-08-05 08:29:29.682,6.483333,89,29,0.251385,0.0012,94.18,0,0,0,63.0122,0.244,14.53300,0,0,0,0,0,0.131971,0.025331,0.120575,0.023006,0.107518,0.019578,0.092837,0.015324,0.074572,0.011018,0.054979,0.007141,0.035099,0.005207,0.015333,-94.18,-14.96,64.00,149.23,-133.53,-45.65,27.69,121.44,-170.98,-66.80,-9.51,114.89,150.13,-44.81,-59.68,0.0014,0.0109,0.0059,0.0031,0.0052,0.0067,0.0014,0.0070,0.0059,0.0010,0.0011,0.0029,0.0067,0.0035,0.0030
2026-08-05 08:29:30.138,6.500000,90,0,0.205131,0.0019,-124.41,0,0,0,63.0122,0.228,0.52959,0,0,0,0,0,0.107404,0.010884,0.097507,0.009946,0.087387,0.008757,0.076930,0.007335,0.063551,0.005495,0.049004,0.003496,0.034038,0.001551,0.019219,124.41,54.93,-1.31,-72.40,-122.26,161.13,115.11,34.16,-7.38,-93.13,-130.34,135.76,103.80,-15.69,-31.90,0.0283,0.0020,0.0035,0.0040,0.0025,0.0043,0.0021,0.0042,0.0051,0.0031,0.0032,0.0074,0.0026,0.0058,0.0021
2026-08-05 08:29:30.138,6.516667,90,1,0.178492,-0.0067,-122.94,0,0,0,63.0122,0.228,0.52959,0,0,0,0,0,0.092043,0.009582,0.083198,0.008756,0.074855,0.007681,0.066903,0.006513,0.056471,0.004878,0.044915,0.003606,0.032909,0.003191,0.020558,122.94,50.45,-7.21,-82.97,-132.24,142.76,101.10,7.89,-25.55,-131.36,-152.27,79.18,78.66,-83.40,-59.39,0.0283,0.0020,0.0035,0.0040,0.0025,0.0043,0.0021,0.0042,0.0051,0.0031,0.0032,0.0074,0.0026,0.0058,0.0021
2026-08-05 08:29:30.138,6.533333,90,2,0.187980,0.0078,67.45,0,0,0,63.0122,0.228,0.52959,0,0,0,0,0,0.096734,0.012766,0.087741,0.011344,0.078791,0.008909,0.070587,0.005867,0.059348,0.002695,0.047045,0.000847,0.034670,0.003905,0.021265,-67.45,35.21,141.56,-110.24,-4.17,101.62,-151.47,-43.50,61.01,172.87,-86.19,-151.54,124.33,59.26,-33.23,0.0283,0.0020,0.0035,0.0040,0.0025,0.0043,0.0021,0.0042,0.0051,0.0031,0.0032,0.0074,0.0026,0.0058,0.0021
2026-08-05 08:29:30.138,6.550000,90,3,0.240104,-0.0023,-143.71,0,0,0,63.0122,0.228,0.52959,0,0,0,0,0,0.123256,0.034398,0.112405,0.031091,0.100368,0.026072,0.087189,0.020284,0.070733,0.014704,0.052896,0.010872,0.034704,0.010338,0.016529,143.71,103.01,56.57,25.86,-25.97,-49.86,-109.82,-122.38,166.62,171.78,83.15,117.45,-2.28,71.64,-95.78,0.0283,0.0020,0.0035,0.0040,0.0025,0.0043,0.0021,0.0042,0.0051,0.0031,0.0032,0.0074,0.0026,0.0058,0.0021
2026-08-05 08:29:30.138,6.566667,90,4,0.262876,-0.0060,-163.99,0,0,0,63.0122,0.228,0.52959,0,0,0,0,0,0.135466,0.041189,0.123405,0.037816,0.109144,0.033043,0.092756,0.027682,0.072482,0.022860,0.050841,0.019669,0.029249,0.018646,0.008042,163.99,146.40,118.16,112.74,76.83,80.81,34.34,52.02,-7.64,27.69,-49.19,7.62,-91.74,-11.19,-141.95,0.0283,0.0020,0.0035,0.0040,0.0025,0.0043,0.0021,0.0042,0.0051,0.0031,0.0032,0.0074,0.0026,0.0058,0.0021
2026-08-05 08:29:30.138,6.583333,90,5,0.201255,-0.0008,-151.69,0,0,0,63.0122,0.228,0.52959,0,0,0,0,0,0.104462,0.014037,0.094748,0.012771,0.084969,0.010890,0.074989,0.008670,0.062187,0.006521,0.048240,0.004959,0.034133,0.004834,0.020229,151.69,119.13,80.33,57.17,13.69,-3.30,-54.56,-60.62,-122.97,-110.69,168.21,-150.09,96.46,178.38,14.29,0.0283,0.0020,0.0035,0.0040,0.0025,0.0043,0.0021,0.0042,0.0051,0.0031,0.0032,0.0074,0.0026,0.0058,0.0021
2026-08-05 08:29:30.138,6.600000,90,6,0.225733,-0.0037,-150.18,0,0,0,63.0122,0.228,0.52959,0,0,0,0,0,0.120297,0.011228,0.109656,0.010100,0.097304,0.008167,0.084243,0.005395,0.067621,0.003080,0.049776,0.000857,0.032020,0.003092,0.014050,150.18,109.89,77.48,35.46,8.96,-37.14,-61.05,-112.65,-130.64,166.40,159.24,19.38,86.79,-110.56,2.86,0.0283,0.0020,0.0035,0.0040,0.0025,0.0043,0.0021,0.0042,0.0051,0.0031,0.0032,0.0074,0.0026,0.0058,0.0021
2026-08-05 08:29:30.138,6.616667,90,7,0.188828,-0.0079,166.81,0,0,0,63.0122,0.228,0.52959,0,0,0,0,0,0.097258,0.004736,0.088143,0.004861,0.079374,0.004975,0.071074,0.004872,0.060174,0.004717,0.048180,0.004720,0.035767,0.005085,0.022816,-166.81,-179.12,-155.64,177.35,-139.59,177.83,-125.24,177.18,-110.75,174.79,-96.40,173.71,-84.28,170.21,-80.05,0.0283,0.0020,0.0035,0.0040,0.0025,0.0043,0.0021,0.0042,0.0051,0.0031,0.0032,0.0074,0.0026,0.0058,0.0021
2026-08-05 08:29:30.138,6.633333,90,8,0.171519,-0.0018,-122.54,0,0,0,63.0122,0.228,0.52959,0,0,0,0,0,0.086179,0.008364,0.077871,0.007352,0.070328,0.005800,0.064274,0.003950,0.055646,0.002013,0.046059,0.001537,0.036015,0.003235,0.025536,122.54,53.69,-9.23,-74.99,-135.66,154.69,96.14,20.21,-31.99,-124.62,-160.20,28.82,69.45,-132.72,-67.88,0.0283,0.0020,0.0035,0.0040,0.0025,0.0043,0.0021,0.0042,0.0051,0.0031,0.0032,0.0074,0.0026,0.0058,0.0021
2026-08-05 08:29:30.138,6.650000,90,9,0.165761,-0.0085,-176.01,0,0,0,63.0122,0.228,0.52959,0,0,0,0,0,0.084001,0.010044,0.075648,0.008980,0.068124,0.006948,0.061700,0.004651,0.052869,0.002071,0.043176,0.001088,0.032949,0.003509,0.023286,176.01,160.70,150.96,140.48,131.06,119.17,109.46,95.30,88.00,66.04,66.09,-72.32,41.17,-123.85,8.75,0.0283,0.0020,0.0035,0.0040,0.0025,0.0043,0.0021,0.0042,0.0051,0.0031,0.0032,0.0074,0.0026,0.0058,0.0021
2026-08-05 08:29:30.138,6.666667,90,10,0.202310,-0.0053,-119.93,0,0,0,63.0122,0.228,0.52959,0,0,0,0,0,0.105611,0.005150,0.095723,0.005792,0.085928,0.006159,0.076243,0.006197,0.063475,0.005814,0.049438,0.004606,0.035219,0.003034,0.021208,119.93,27.26,-15.05,-118.64,-145.33,99.18,82.77,-41.01,-48.93,-178.23,178.92,43.95,44.05,-104.78,-98.93,0.0283,0.0020,0.0035,0.0040,0.0025,0.0043,0.0021,0.0042,0.0051,0.0031,0.0032,0.0074,0.0026,0.0058,0.0021
2026-08-05 08:29:30.138,6.683333,90,11,0.205297,-0.0056,156.55,0,0,0,63.0122,0.228,0.52959,0,0,0,0,0,0.107997,0.010322,0.097824,0.009570,0.087341,0.008220,0.076813,0.006650,0.062868,0.005072,0.047741,0.003197,0.032740,0.001840,0.018221,-156.55,-146.04,-124.58,-110.76,-87.97,-76.84,-52.84,-41.81,-17.63,-3.19,16.83,50.78,48.08,138.59,68.33,0.0283,0.0020,0.0035,0.0040,0.0025,0.0043,0.0021,0.0042,0.0051,0.0031,0.0032,0.0074,0.0026,0.0058,0.0021
2026-08-05 08:29:30.138,6.700000,90,12,0.201781,0.0002,-173.14,0,0,0,63.0122,0.228,0.52959,0,0,0,0,0,0.105062,0.012011,0.095218,0.011095,0.085408,0.009777,0.075628,0.008163,0.062688,0.006583,0.048457,0.004332,0.034350,0.002652,0.020425,173.14,149.17,144.19,118.08,119.99,85.30,94.34,50.97,68.71,16.10,42.56,-21.83,13.33,-85.54,-24.91,0.0283,0.0020,0.0035,0.0040,0.0025,0.0043,0.0021,0.0042,0.0051,0.0031,0.0032,0.0074,0.0026,0.0058,0.0021
2026-08-05 08:29:30.138,6.716667,90,13,0.199948,-0.0154,145.29,0,0,0,63.0122,0.228,0.52959,0,0,0,0,0,0.102637,0.011051,0.093400,0.009983,0.084143,0.008589,0.075343,0.006644,0.063484,0.004866,0.050135,0.002811,0.036538,0.001144,0.023193,-145.29,-123.89,-91.34,-69.35,-32.47,-16.20,24.92,35.21,82.42,83.52,139.66,131.82,-165.97,118.56,-119.22,0.0283,0.0020,0.0035,0.0040,0.0025,0.0043,0.0021,0.0042,0.0051,0.0031,0.0032,0.0074,0.0026,0.0058,0.0021
2026-08-05 08:29:30.138,6.733333,90,14,0.179334,-0.0006,152.45,0,0,0,63.0122,0.228,0.52959,0,0,0,0,0,0.091397,0.009883,0.082570,0.008934,0.074366,0.007444,0.067184,0.005239,0.057281,0.003303,0.045997,0.001482,0.034844,0.001905,0.023973,-152.45,-137.19,-114.06,-96.38,-70.48,-55.70,-28.70,-17.32,13.38,14.53,54.87,34.27,93.09,-31.03,124.17,0.0283,0.0020,0.0035,0.0040,0.0025,0.0043,0.0021,0.0042,0.0051,0.0031,0.0032,0.0074,0.0026,0.0058,0.0021
2026-08-05 08:29:30.138,6.750000,90,15,0.173702,-0.0054,146.89,0,0,0,63.0122,0.228,0.52959,0,0,0,0,0,0.087877,0.012345,0.079353,0.011140,0.071542,0.009335,0.064693,0.006856,0.055455,0.004428,0.044753,0.001980,0.034053,0.001477,0.023865,-146.89,-125.73,-97.75,-73.08,-43.32,-20.19,9.33,30.40,62.20,78.50,114.67,122.37,163.89,45.66,-154.34,0.0283,0.0020,0.0035,0.0040,0.0025,0.0043,0.0021,0.0042,0.0051,0.0031,0.0032,0.0074,0.0026,0.0058,0.0021
2026-08-05 08:29:30.138,6.766667,90,16,0.181830,0.0087,-31.49,0,0,0,63.0122,0.228,0.52959,0,0,0,0,0,0.092073,0.013903,0.083342,0.012435,0.075333,0.010329,0.068267,0.007576,0.058499,0.004898,0.047336,0.002961,0.035735,0.003506,0.023973,31.49,-124.24,77.55,-69.27,129.06,-13.49,178.93,45.55,-130.95,109.04,-80.47,-161.64,-32.80,-49.94,9.20,0.0283,0.0020,0.0035,0.0040,0.0025,0.0043,0.0021,0.0042,0.0051,0.0031,0.0032,0.0074,0.0026,0.0058,0.0021
2026-08-05 08:29:30.138,6.783333,90,17,0.191433,-0.0035,163.62,0,0,0,63.0122,0.228,0.52959,0,0,0,0,0,0.097943,0.011661,0.088836,0.010592,0.080298,0.009024,0.072178,0.007045,0.061367,0.005013,0.049154,0.002946,0.036353,0.000394,0.023568,-163.62,-159.44,-146.84,-139.06,-124.85,-120.18,-104.50,-101.63,-83.93,-84.39,-63.14,-67.42,-44.81,-75.61,-32.67,0.0283,0.0020,0.0035,0.0040,0.0025,0.0043,0.0021,0.0042,0.0051,0.0031,0.0032,0.0074,0.0026,0.0058,0.0021
2026-08-05 08:29:30.138,6.800000,90,18,0.178894,-0.0040,138.52,0,0,0,63.0122,0.228,0.52959,0,0,0,0,0,0.090084,0.018092,0.081501,0.016186,0.073614,0.013623,0.066535,0.010101,0.056773,0.006356,0.045732,0.002868,0.034545,0.001659,0.023505,-138.52,-106.22,-72.84,-33.76,-1.57,38.27,67.87,111.59,137.62,-174.68,-152.78,-91.38,-86.42,98.72,-26.73,0.0283,0.0020,0.0035,0.0040,0.0025,0.0043,0.0021,0.0042,0.0051,0.0031,0.0032,0.0074,0.0026,0.0058,0.0021
2026-08-05 08:29:30.138,6.816667,90,19,0.176939,-0.0020,-161.68,0,0,0,63.0122,0.228,0.52959,0,0,0,0,0,0.090194,0.009668,0.081385,0.008537,0.073492,0.006939,0.066355,0.004952,0.056774,0.002779,0.045851,0.001129,0.034453,0.002335,0.023566,161.68,129.93,108.19,80.57,60.08,28.77,10.27,-24.51,-39.48,-87.36,-89.19,-178.71,-142.04,38.28,158.27,0.0283,0.0020,0.0035,0.0040,0.0025,0.0043,0.0021,0.0042,0.0051,0.0031,0.0032,0.0074,0.0026,0.0058,0.0021
2026-08-05 08:29:30.138,6.833333,90,20,0.171839,-0.0030,-142.73,0,0,0,63.0122,0.228,0.52959,0,0,0,0,0,0.086963,0.006213,0.078328,0.006205,0.071050,0.006211,0.064587,0.006068,0.055682,0.005744,0.045581,0.004916,0.034978,0.003697,0.024780,142.73,79.08,50.79,-18.43,-35.74,-119.36,-123.71,143.79,148.28,46.71,60.60,-48.52,-30.36,-156.59,-127.43,0.0283,0.0020,0.0035,0.0040,0.0025,0.0043,0.0021,0.0042,0.0051,0.0031,0.0032,0.0074,0.0026,0.0058,0.0021
2026-08-05 08:29:30.138,6.850000,90,21,0.171346,-0.0004,78.31,0,0,0,63.0122,0.228,0.52959,0,0,0,0,0,0.086126,0.006762,0.077826,0.006275,0.070561,0.005311,0.064634,0.004438,0.056170,0.003551,0.046516,0.003248,0.036184,0.003134,0.025971,-78.31,4.16,107.82,-171.63,-60.66,8.15,129.45,-176.30,-40.37,-4.98,150.35,163.35,-21.62,-41.48,160.98,0.0283,0.0020,0.0035,0.0040,0.0025,0.0043,0.0021,0.0042,0.0051,0.0031,0.0032,0.0074,0.0026,0.0058,0.0021
2026-08-05 08:29:30.138,6.866667,90,22,0.295833,0.0103,-105.18,0,0,0,63.0122,0.228,0.52959,0,0,0,0,0,0.150427,0.046563,0.139181,0.042740,0.122613,0.038095,0.104617,0.031929,0.081634,0.027411,0.057963,0.024049,0.033634,0.023629,0.010936,105.18,31.66,-56.65,-118.96,145.70,94.06,-13.04,-50.52,-170.71,169.12,32.49,32.51,-122.25,-104.92,91.10,0.0283,0.0020,0.0035,0.0040,0.0025,0.0043,0.0021,0.0042,0.0051,0.0031,0.0032,0.0074,0.0026,0.0058,0.0021
2026-08-05 08:29:30.138,6.883333,90,23,0.246846,-0.0083,170.85,0,0,0,63.0122,0.228,0.52959,0,0,0,0,0,0.131830,0.003569,0.119703,0.005567,0.107177,0.007502,0.092675,0.008323,0.074691,0.008200,0.055252,0.007021,0.035322,0.004835,0.015918,-170.85,119.34,-165.46,119.29,-155.88,120.00,-147.31,125.11,-138.43,128.65,-128.85,133.30,-120.60,126.31,-116.27,0.0283,0.0020,0.0035,0.0040,0.0025,0.0043,0.0021,0.0042,0.0051,0.0031,0.0032,0.0074,0.0026,0.0058,0.0021
2026-08-05 08:29:30.138,6.900000,90,24,0.234838,0.0072,-21.55,0,0,0,63.0122,0.228,0.52959,0,0,0,0,0,0.122676,0.018416,0.112143,0.016864,0.100461,0.014136,0.088079,0.010961,0.072050,0.007400,0.054864,0.003852,0.036775,0.001281,0.019855,21.55,-146.77,51.00,-114.59,84.78,-81.47,117.37,-49.25,150.01,-14.47,-177.38,21.77,-146.83,121.81,-125.02,0.0283,0.0020,0.0035,0.0040,0.0025,0.0043,0.0021,0.0042,0.0051,0.0031,0.0032,0.0074,0.0026,0.0058,0.0021
2026-08-05 08:29:30.138,6.916667,90,25,0.324430,0.0258,-0.80,0,0,0,63.0122,0.228,0.52959,0,0,0,0,0,0.173989,0.012637,0.159847,0.011657,0.141942,0.010239,0.120668,0.007840,0.094714,0.005689,0.067517,0.003873,0.040373,0.004768,0.016662,0.80,169.10,-8.91,158.35,-14.74,149.32,-21.18,141.53,-26.44,145.07,-30.18,164.36,-29.88,-157.63,-13.16,0.0283,0.0020,0.0035,0.0040,0.0025,0.0043,0.0021,0.0042,0.0051,0.0031,0.0032,0.0074,0.0026,0.0058,0.0021
2026-08-05 08:29:30.138,6.933333,90,26,0.263216,-0.0054,158.77,0,0,0,63.0122,0.228,0.52959,0,0,0,0,0,0.138006,0.026393,0.126721,0.023844,0.112807,0.019867,0.097803,0.014885,0.078406,0.010109,0.058086,0.005969,0.036656,0.005831,0.016300,-158.77,-143.13,-129.23,-108.56,-95.51,-71.47,-62.88,-32.91,-29.73,12.73,3.91,72.05,36.66,154.97,64.50,0.0283,0.0020,0.0035,0.0040,0.0025,0.0043,0.0021,0.0042,0.0051,0.0031,0.0032,0.0074,0.0026,0.0058,0.0021
2026-08-05 08:29:30.138,6.950000,90,27,0.325566,0.0086,-124.17,0,0,0,63.0122,0.228,0.52959,0,0,0,0,0,0.166344,0.054919,0.154136,0.050182,0.136203,0.042190,0.115892,0.033198,0.090526,0.024165,0.064083,0.017385,0.037506,0.015182,0.013075,124.17,65.42,1.30,-51.63,-118.03,-165.58,122.16,82.15,3.08,-23.81,-114.40,-120.48,130.31,153.08,28.30,0.0283,0.0020,0.0035,0.0040,0.0025,0.0043,0.0021,0.0042,0.0051,0.0031,0.0032,0.0074,0.0026,0.0058,0.0021
2026-08-05 08:29:30.138,6.966667,90,28,0.329873,-0.0059,81.31,0,0,0,63.0122,0.228,0.52959,0,0,0,0,0,0.178669,0.005628,0.162766,0.009449,0.144247,0.012773,0.121125,0.013801,0.093818,0.013139,0.065310,0.010544,0.037904,0.006721,0.016189,-81.31,-73.88,104.99,113.33,-64.84,-57.04,124.72,132.94,-44.07,-33.57,149.18,161.98,-11.43,9.91,-145.03,0.0283,0.0020,0.0035,0.0040,0.0025,0.0043,0.0021,0.0042,0.0051,0.0031,0.0032,0.0074,0.0026,0.0058,0.0021
2026-08-05 08:29:30.138,6.983333,90,29,0.290434,-0.0034,-126.32,0,0,0,63.0122,0.228,0.52959,0,0,0,0,0,0.152092,0.029825,0.139842,0.027433,0.124720,0.023176,0.106995,0.018673,0.085517,0.014371,0.062227,0.012117,0.038775,0.012216,0.016036,126.32,70.12,7.23,-40.69,-108.14,-149.05,135.85,106.45,20.58,7.21,-93.74,-82.67,153.49,-174.23,44.29,0.0283,0.0020,0.0035,0.0040,0.0025,0.0043,0.0021,0.0042,0.0051,0.0031,0.0032,0.0074,0.0026,0.0058,0.0021
2026-08-05 08:29:30.650,7.000000,91,0,0.269924,-0.0001,116.72,0,0,0,63.0122,0.244,0.82086,0,0,0,0,0,0.141431,0.027168,0.129558,0.024834,0.115725,0.020879,0.099833,0.016491,0.080157,0.012536,0.058987,0.010007,0.037300,0.010074,0.016123,-116.72,-56.81,-2.49,65.38,115.59,-170.30,-127.06,-42.33,-9.11,91.59,109.50,-123.59,-131.57,21.32,-13.55,0.0301,0.0065,0.0041,0.0042,0.0149,0.0021,0.0068,0.0040,0.0051,0.0021,0.0061,0.0085,0.0016,0.0044,0.0090
2026-08-05 08:29:30.650,7.016667,91,1,0.251529,-0.0032,-147.94,0,0,0,63.0122,0.244,0.82086,0,0,0,0,0,0.131093,0.028219,0.119988,0.025604,0.107025,0.021446,0.092824,0.016696,0.074814,0.012043,0.055318,0.009641,0.035682,0.009902,0.016057,147.94,112.32,70.64,43.39,-2.45,-22.66,-76.54,-85.93,-150.25,-141.13,136.56,175.55,62.37,132.96,-17.44,0.0301,0.0065,0.0041,0.0042,0.0149,0.0021,0.0068,0.0040,0.0051,0.0021,0.0061,0.0085,0.0016,0.0044,0.0090
2026-08-05 08:29:30.650,7.033333,91,2,0.207008,0.0172,64.61,0,0,0,63.0122,0.244,0.82086,0,0,0,0,0,0.108096,0.011986,0.098150,0.010390,0.087650,0.008546,0.077837,0.006282,0.064634,0.003825,0.049776,0.002847,0.034829,0.003299,0.020391,-64.61,41.61,150.62,-95.93,10.90,128.20,-130.26,-7.11,88.26,-129.68,-52.98,130.38,163.29,35.72,9.11,0.0301,0.0065,0.0041,0.0042,0.0149,0.0021,0.0068,0.0040,0.0051,0.0021,0.0061,0.0085,0.0016,0.0044,0.0090
2026-08-05 08:29:30.650,7.050000,91,3,0.197211,-0.0072,-143.77,0,0,0,63.0122,0.244,0.82086,0,0,0,0,0,0.101585,0.006976,0.092029,0.006730,0.082804,0.006654,0.074483,0.006647,0.062908,0.006068,0.050049,0.004930,0.036944,0.003623,0.024317,143.77,82.24,55.09,-15.08,-28.29,-108.69,-113.24,157.33,161.74,63.87,76.91,-25.31,-10.94,-118.47,-107.40,0.0301,0.0065,0.0041,0.0042,0.0149,0.0021,0.0068,0.0040,0.0051,0.0021,0.0061,0.0085,0.0016,0.0044,0.0090
2026-08-05 08:29:30.650,7.066667,91,4,0.195849,-0.0051,178.01,0,0,0,63.0122,0.244,0.82086,0,0,0,0,0,0.100098,0.010714,0.090922,0.009469,0.082138,0.008003,0.074212,0.006144,0.063146,0.003976,0.050807,0.002051,0.037927,0.001422,0.024684,-178.01,174.15,169.98,166.79,163.16,161.63,154.99,154.71,146.88,150.24,139.30,163.72,129.73,-132.88,113.52,0.0301,0.0065,0.0041,0.0042,0.0149,0.0021,0.0068,0.0040,0.0051,0.0021,0.0061,0.0085,0.0016,0.0044,0.0090
2026-08-05 08:29:30.650,7.083333,91,5,0.210671,0.0037,46.76,0,0,0,63.0122,0.244,0.82086,0,0,0,0,0,0.109780,0.013823,0.099802,0.012117,0.089584,0.009772,0.079304,0.007111,0.065844,0.004120,0.050984,0.001829,0.035721,0.002373,0.020653,-46.76,78.37,-155.30,-25.07,100.97,-126.57,-4.04,132.57,-108.97,34.16,146.34,-31.34,39.22,-56.54,-76.13,0.0301,0.0065,0.0041,0.0042,0.0149,0.0021,0.0068,0.0040,0.0051,0.0021,0.0061,0.0085,0.0016,0.0044,0.0090
2026-08-05 08:29:30.650,7.100000,91,6,0.194607,-0.0066,-172.29,0,0,0,63.0122,0.244,0.82086,0,0,0,0,0,0.099157,0.011244,0.090162,0.009740,0.081364,0.007702,0.073450,0.005327,0.062710,0.002512,0.050449,0.000397,0.037627,0.002898,0.025027,172.29,154.75,140.67,126.98,114.22,101.93,86.42,74.86,58.69,47.16,31.23,147.39,1.38,160.74,-35.10,0.0301,0.0065,0.0041,0.0042,0.0149,0.0021,0.0068,0.0040,0.0051,0.0021,0.0061,0.0085,0.0016,0.0044,0.0090
2026-08-05 08:29:30.650,7.116667,91,7,0.177385,0.0004,-73.55,0,0,0,63.0122,0.244,0.82086,0,0,0,0,0,0.089554,0.011996,0.081114,0.010847,0.073161,0.008964,0.066401,0.006900,0.057046,0.004471,0.046365,0.002082,0.035290,0.001489,0.025110,73.55,-42.58,-156.63,92.63,-21.47,-129.47,112.34,8.24,-114.05,147.34,19.50,-60.47,149.89,164.91,-87.34,0.0301,0.0065,0.0041,0.0042,0.0149,0.0021,0.0068,0.0040,0.0051,0.0021,0.0061,0.0085,0.0016,0.0044,0.0090
2026-08-05 08:29:30.650,7.133333,91,8,0.181946,-0.0116,-151.26,0,0,0,63.0122,0.244,0.82086,0,0,0,0,0,0.092106,0.014861,0.083430,0.013554,0.075337,0.011233,0.068018,0.009015,0.058460,0.006371,0.047056,0.004765,0.035436,0.004583,0.023754,151.26,116.47,77.33,52.87,8.44,-9.61,-61.63,-68.75,-131.80,-124.13,158.28,-162.64,86.40,163.15,6.19,0.0301,0.0065,0.0041,0.0042,0.0149,0.0021,0.0068,0.0040,0.0051,0.0021,0.0061,0.0085,0.0016,0.0044,0.0090
2026-08-05 08:29:30.650,7.150000,91,9,0.198406,-0.0010,-149.10,0,0,0,63.0122,0.244,0.82086,0,0,0,0,0,0.102119,0.010600,0.092841,0.009972,0.083473,0.008760,0.074704,0.007626,0.063125,0.006135,0.050102,0.004428,0.036580,0.002507,0.023521,149.10,101.06,71.38,19.02,-1.30,-62.42,-75.29,-143.73,-149.46,133.64,136.44,46.91,59.86,-51.39,-24.80,0.0301,0.0065,0.0041,0.0042,0.0149,0.0021,0.0068,0.0040,0.0051,0.0021,0.0061,0.0085,0.0016,0.0044,0.0090
2026-08-05 08:29:30.650,7.166667,91,10,0.180687,0.0213,-34.41,0,0,0,63.0122,0.244,0.82086,0,0,0,0,0,0.089233,0.018620,0.080981,0.016913,0.073340,0.014253,0.066977,0.011313,0.058241,0.008075,0.048185,0.005237,0.037725,0.003921,0.027509,34.41,-116.73,86.31,-54.96,143.35,8.08,-161.08,72.60,-105.50,139.95,-49.95,-140.45,3.25,-40.08,49.91,0.0301,0.0065,0.0041,0.0042,0.0149,0.0021,0.0068,0.0040,0.0051,0.0021,0.0061,0.0085,0.0016,0.0044,0.0090
2026-08-05 08:29:30.650,7.183333,91,11,0.174724,-0.0048,-105.10,0,0,0,63.0122,0.244,0.82086,0,0,0,0,0,0.087325,0.019579,0.078935,0.017761,0.071075,0.014822,0.064432,0.011590,0.055171,0.007824,0.044777,0.004668,0.033971,0.003784,0.024043,105.10,23.44,-61.97,-134.26,136.23,68.99,-27.01,-85.89,169.60,122.60,6.09,-13.78,-160.64,-121.83,24.50,0.0301,0.0065,0.0041,0.0042,0.0149,0.0021,0.0068,0.0040,0.0051,0.0021,0.0061,0.0085,0.0016,0.0044,0.0090
2026-08-05 08:29:30.650,7.200000,91,12,0.181395,0.0111,54.63,0,0,0,63.0122,0.244,0.82086,0,0,0,0,0,0.090765,0.018448,0.082350,0.016492,0.074284,0.013445,0.067223,0.009952,0.057595,0.006258,0.046813,0.003176,0.035664,0.003662,0.025329,-54.63,64.19,179.30,-53.08,58.24,-169.56,-64.25,76.18,173.38,-32.89,50.74,-114.98,-74.91,-170.32,151.64,0.0301,0.0065,0.0041,0.0042,0.0149,0.0021,0.0068,0.0040,0.0051,0.0021,0.0061,0.0085,0.0016,0.0044,0.0090
2026-08-05 08:29:30.650,7.216667,91,13,0.186517,-0.0087,-144.14,0,0,0,63.0122,0.244,0.82086,0,0,0,0,0,0.095348,0.013662,0.086541,0.012239,0.077824,0.010053,0.069920,0.007436,0.059283,0.004557,0.047369,0.001632,0.035017,0.001108,0.023068,144.14,97.83,55.82,12.60,-27.45,-71.45,-112.00,-156.00,163.45,116.89,79.00,28.68,-8.31,133.13,-103.96,0.0301,0.0065,0.0041,0.0042,0.0149,0.0021,0.0068,0.0040,0.0051,0.0021,0.0061,0.0085,0.0016,0.0044,0.0090
2026-08-05 08:29:30.650,7.233333,91,14,0.204292,-0.0030,-118.61,0,0,0,63.0122,0.244,0.82086,0,0,0,0,0,0.107320,0.006342,0.097472,0.005650,0.087351,0.004534,0.077150,0.003462,0.063817,0.002219,0.048878,0.001409,0.033709,0.001860,0.018957,118.61,41.59,-19.52,-101.32,-152.73,115.54,72.82,-30.85,-61.74,171.84,164.22,-17.01,28.10,152.62,-117.66,0.0301,0.0065,0.0041,0.0042,0.0149,0.0021,0.0068,0.0040,0.0051,0.0021,0.0061,0.0085,0.0016,0.0044,0.0090
2026-08-05 08:29:30.650,7.250000,91,15,0.179580,-0.0118,-161.52,0,0,0,63.0122,0.244,0.82086,0,0,0,0,0,0.090099,0.015930,0.081943,0.014589,0.073774,0.012148,0.067187,0.008839,0.057634,0.005823,0.046850,0.002283,0.035939,0.000922,0.024978,161.52,134.12,107.98,84.33,59.43,37.15,9.37,-12.35,-40.28,-61.89,-90.43,-107.51,-142.73,37.92,157.81,0.0301,0.0065,0.0041,0.0042,0.0149,0.0021,0.0068,0.0040,0.0051,0.0021,0.0061,0.0085,0.0016,0.0044,0.0090
2026-08-05 08:29:30.650,7.266667,91,16,0.268654,-0.0063,152.04,0,0,0,63.0122,0.244,0.82086,0,0,0,0,0,0.134319,0.048180,0.122920,0.044939,0.109206,0.039566,0.094313,0.033238,0.075617,0.027183,0.055082,0.022320,0.034559,0.019705,0.015285,-152.04,-124.64,-108.07,-69.18,-60.24,-12.69,-13.47,46.42,33.17,109.38,79.84,176.64,124.36,-111.97,156.01,0.0301,0.0065,0.0041,0.0042,0.0149,0.0021,0.0068,0.0040,0.0051,0.0021,0.0061,0.0085,0.0016,0.0044,0.0090
2026-08-05 08:29:30.650,7.283333,91,17,0.285691,0.0250,54.07,0,0,0,63.0122,0.244,0.82086,0,0,0,0,0,0.154591,0.007834,0.141124,0.010624,0.124656,0.012831,0.105414,0.013626,0.081963,0.012719,0.057537,0.009999,0.033382,0.006351,0.010725,-54.07,-82.53,-175.06,-177.29,68.09,75.77,-49.52,-33.78,-166.36,-143.92,78.32,108.57,-35.29,10.50,-135.90,0.0301,0.0065,0.0041,0.0042,0.0149,0.0021,0.0068,0.0040,0.0051,0.0021,0.0061,0.0085,0.0016,0.0044,0.0090
2026-08-05 08:29:30.650,7.300000,91,18,0.213425,-0.0060,-111.43,0,0,0,63.0122,0.244,0.82086,0,0,0,0,0,0.111522,0.011701,0.101767,0.010775,0.091211,0.008937,0.080450,0.006742,0.066409,0.004298,0.051036,0.001893,0.034978,0.000695,0.019272,111.43,30.92,-40.59,-121.41,172.06,87.03,23.51,-64.86,-124.87,142.78,87.10,-6.88,-63.00,15.08,139.04,0.0301,0.0065,0.0041,0.0042,0.0149,0.0021,0.0068,0.0040,0.0051,0.0021,0.0061,0.0085,0.0016,0.0044,0.0090
2026-08-05 08:29:30.650,7.316667,91,19,0.210539,-0.0001,-179.69,0,0,0,63.0122,0.244,0.82086,0,0,0,0,0,0.109827,0.009712,0.100025,0.009091,0.089810,0.007768,0.079393,0.006326,0.065782,0.004471,0.050592,0.002957,0.034882,0.002281,0.019354,179.69,170.52,163.98,158.05,152.99,147.79,140.74,138.17,128.54,132.83,116.54,139.32,102.18,170.98,78.57,0.0301,0.0065,0.0041,0.0042,0.0149,0.0021,0.0068,0.0040,0.0051,0.0021,0.0061,0.0085,0.0016,0.0044,0.0090
2026-08-05 08:29:30.650,7.333333,91,20,0.192503,0.0120,38.16,0,0,0,63.0122,0.244,0.82086,0,0,0,0,0,0.098329,0.003134,0.089459,0.003707,0.080733,0.003545,0.072578,0.003758,0.061385,0.003697,0.049219,0.003147,0.035920,0.002365,0.023320,-38.16,85.57,-131.32,-12.08,140.96,-112.76,51.47,159.90,-37.90,62.87,-127.51,-20.83,140.24,-111.80,39.42,0.0301,0.0065,0.0041,0.0042,0.0149,0.0021,0.0068,0.0040,0.0051,0.0021,0.0061,0.0085,0.0016,0.0044,0.0090
2026-08-05 08:29:30.650,7.350000,91,21,0.184043,0.0003,-75.87,0,0,0,63.0122,0.244,0.82086,0,0,0,0,0,0.090973,0.002194,0.082755,0.003144,0.075306,0.004165,0.069035,0.005228,0.060134,0.006196,0.050041,0.007090,0.039220,0.007634,0.027937,75.87,3.08,-150.06,147.68,-10.44,-70.33,127.74,64.00,-94.05,-161.96,44.32,-26.49,-179.42,109.21,-48.90,0.0301,0.0065,0.0041,0.0042,0.0149,0.0021,0.0068,0.0040,0.0051,0.0021,0.0061,0.0085,0.0016,0.0044,0.0090
2026-08-05 08:29:30.650,7.366667,91,22,0.177706,-0.0018,174.82,0,0,0,63.0122,0.244,0.82086,0,0,0,0,0,0.089678,0.000937,0.081305,0.000905,0.073742,0.001491,0.067144,0.002567,0.058009,0.003781,0.047621,0.005094,0.036456,0.006111,0.024734,-174.82,-53.00,177.81,-96.03,176.12,-130.77,172.89,-153.38,169.82,-163.28,167.08,-168.10,162.39,-171.11,151.93,0.0301,0.0065,0.0041,0.0042,0.0149,0.0021,0.0068,0.0040,0.0051,0.0021,0.0061,0.0085,0.0016,0.0044,0.0090
2026-08-05 08:29:30.650,7.383333,91,23,0.184824,-0.0013,-133.24,0,0,0,63.0122,0.244,0.82086,0,0,0,0,0,0.094083,0.002332,0.085403,0.003089,0.077415,0.003863,0.070083,0.004603,0.059956,0.005093,0.048712,0.005866,0.036564,0.006135,0.023768,133.24,106.89,22.70,5.40,-82.29,-94.87,171.21,159.00,64.94,48.22,-40.85,-61.75,-148.49,-171.35,98.55,0.0301,0.0065,0.0041,0.0042,0.0149,0.0021,0.0068,0.0040,0.0051,0.0021,0.0061,0.0085,0.0016,0.0044,0.0090
2026-08-05 08:29:30.650,7.400000,91,24,0.177910,0.0083,29.52,0,0,0,63.0122,0.244,0.82086,0,0,0,0,0,0.087120,0.009264,0.079080,0.009706,0.072185,0.010079,0.066538,0.010360,0.058473,0.010414,0.049161,0.010307,0.039088,0.009685,0.028571,-29.52,123.65,-106.37,63.03,-177.48,1.12,109.88,-64.11,37.45,-131.22,-34.68,159.99,-108.53,89.70,172.30,0.0301,0.0065,0.0041,0.0042,0.0149,0.0021,0.0068,0.0040,0.0051,0.0021,0.0061,0.0085,0.0016,0.0044,0.0090
2026-08-05 08:29:30.650,7.416667,91,25,0.166083,-0.0022,-112.76,0,0,0,63.0122,0.244,0.82086,0,0,0,0,0,0.080058,0.007078,0.072465,0.007697,0.066371,0.008582,0.061855,0.009486,0.055155,0.010067,0.047298,0.010512,0.038664,0.010729,0.029169,112.76,52.32,-40.58,-83.57,172.16,138.37,23.36,-3.84,-125.09,-147.85,87.03,66.58,-62.29,-79.96,144.08,0.0301,0.0065,0.0041,0.0042,0.0149,0.0021,0.0068,0.0040,0.0051,0.0021,0.0061,0.0085,0.0016,0.0044,0.0090
2026-08-05 08:29:30.650,7.433333,91,26,0.172366,-0.0047,-148.31,0,0,0,63.0122,0.244,0.82086,0,0,0,0,0,0.084144,0.009796,0.076305,0.010277,0.069705,0.010670,0.064385,0.011141,0.056715,0.011010,0.047921,0.010713,0.038247,0.010006,0.027849,148.31,121.87,67.05,58.60,-8.43,-5.13,-85.49,-72.52,-162.26,-141.86,121.51,148.21,43.34,76.59,-39.44,0.0301,0.0065,0.0041,0.0042,0.0149,0.0021,0.0068,0.0040,0.0051,0.0021,0.0061,0.0085,0.0016,0.0044,0.0090
2026-08-05 08:29:30.650,7.450000,91,27,0.173833,-0.0110,-161.61,0,0,0,63.0122,0.244,0.82086,0,0,0,0,0,0.086131,0.010325,0.077939,0.011231,0.070730,0.012106,0.064566,0.012826,0.055949,0.012931,0.046161,0.012612,0.035440,0.011570,0.023864,161.61,151.78,107.19,117.86,58.51,81.88,8.26,42.03,-41.73,0.14,-91.15,-42.68,-142.68,-85.89,160.42,0.0301,0.0065,0.0041,0.0042,0.0149,0.0021,0.0068,0.0040,0.0051,0.0021,0.0061,0.0085,0.0016,0.0044,0.0090
2026-08-05 08:29:30.650,7.466667,91,28,0.172856,-0.0037,-110.08,0,0,0,63.0122,0.244,0.82086,0,0,0,0,0,0.085889,0.014175,0.077472,0.015093,0.069933,0.016006,0.063333,0.016523,0.054274,0.016290,0.044165,0.015379,0.033675,0.013676,0.022957,110.08,47.81,-47.38,-88.80,160.84,132.24,7.32,-9.73,-146.16,-153.61,60.19,60.64,-96.14,-86.20,100.03,0.0301,0.0065,0.0041,0.0042,0.0149,0.0021,0.0068,0.0040,0.0051,0.0021,0.0061,0.0085,0.0016,0.0044,0.0090
2026-08-05 08:29:30.650,7.483333,91,29,0.180666,-0.0058,135.31,0,0,0,63.0122,0.244,0.82086,0,0,0,0,0,0.091271,0.014378,0.082441,0.014832,0.074226,0.015236,0.066667,0.015240,0.056471,0.014425,0.045415,0.013008,0.033900,0.010861,0.022357,-135.31,-83.80,-62.59,7.92,15.48,98.66,91.71,-173.99,167.92,-89.01,-115.94,-5.10,-42.81,76.48,22.44,0.0301,0.0065,0.0041,0.0042,0.0149,0.0021,0.0068,0.0040,0.0051,0.0021,0.0061,0.0085,0.0016,0.0044,0.0090
2026-08-05 08:29:31.161,7.500000,92,0,0.184061,0.0122,-13.16,0,0,0,63.0122,0.235,0.99845,0,0,0,0,0,0.093124,0.012958,0.084232,0.013714,0.075825,0.014458,0.068155,0.014660,0.057825,0.014041,0.046628,0.012725,0.035045,0.010483,0.023495,13.16,-143.62,22.82,-112.54,37.82,-83.23,51.05,-57.94,64.24,-34.50,77.09,-12.78,87.24,7.26,89.89,0.0192,0.0098,0.0044,0.0054,0.0025,0.0026,0.0055,0.0059,0.0030,0.0015,0.0040,0.0053,0.0059,0.0072,0.0018
2026-08-05 08:29:31.161,7.516667,92,1,0.186982,0.0029,-159.40,0,0,0,63.0122,0.235,0.99845,0,0,0,0,0,0.095818,0.011345,0.086696,0.012322,0.077859,0.013430,0.069439,0.013898,0.058271,0.013519,0.046165,0.012417,0.033486,0.010464,0.020783,159.40,151.14,101.92,116.01,49.68,78.02,-4.29,35.44,-58.20,-8.99,-112.36,-54.36,-169.31,-101.17,125.72,0.0192,0.0098,0.0044,0.0054,0.0025,0.0026,0.0055,0.0059,0.0030,0.0015,0.0040,0.0053,0.0059,0.0072,0.0018
2026-08-05 08:29:31.161,7.533333,92,2,0.181991,-0.0109,171.03,0,0,0,63.0122,0.235,0.99845,0,0,0,0,0,0.092238,0.011220,0.083623,0.012677,0.075269,0.013565,0.067539,0.014135,0.057475,0.013901,0.046226,0.012926,0.034259,0.011046,0.022370,-171.03,-150.23,-169.40,-126.41,-162.79,-105.92,-157.39,-90.26,-152.28,-75.74,-147.18,-63.94,-144.48,-52.51,-147.90,0.0192,0.0098,0.0044,0.0054,0.0025,0.0026,0.0055,0.0059,0.0030,0.0015,0.0040,0.0053,0.0059,0.0072,0.0018
2026-08-05 08:29:31.161,7.550000,92,3,0.163183,0.0046,-68.79,0,0,0,63.0122,0.235,0.99845,0,0,0,0,0,0.081731,0.009835,0.073507,0.011116,0.066104,0.012364,0.059929,0.013134,0.051432,0.013132,0.042038,0.012425,0.032350,0.010806,0.022769,68.79,-28.70,-171.84,114.15,-46.60,-106.30,76.55,29.23,-160.27,161.67,-37.29,-67.73,82.41,62.12,-165.94,0.0192,0.0098,0.0044,0.0054,0.0025,0.0026,0.0055,0.0059,0.0030,0.0015,0.0040,0.0053,0.0059,0.0072,0.0018
2026-08-05 08:29:31.161,7.566667,92,4,0.175093,0.0030,98.94,0,0,0,63.0122,0.235,0.99845,0,0,0,0,0,0.090021,0.006738,0.081329,0.008321,0.072934,0.009816,0.065192,0.010665,0.054742,0.010790,0.043404,0.010174,0.031594,0.009041,0.019911,-98.94,0.92,46.17,168.50,-163.23,-29.11,-14.46,128.27,134.34,-77.40,-76.98,74.18,68.47,-135.51,-155.42,0.0192,0.0098,0.0044,0.0054,0.0025,0.0026,0.0055,0.0059,0.0030,0.0015,0.0040,0.0053,0.0059,0.0072,0.0018
2026-08-05 08:29:31.161,7.583333,92,5,0.184448,-0.0004,-142.66,0,0,0,63.0122,0.235,0.99845,0,0,0,0,0,0.095308,0.003347,0.086315,0.004806,0.077605,0.006378,0.069410,0.007135,0.058124,0.007542,0.045963,0.007613,0.033282,0.007326,0.020467,142.66,135.51,51.48,61.10,-34.31,-18.43,-121.84,-103.27,150.86,168.49,63.45,76.14,-27.08,-17.88,-126.05,0.0192,0.0098,0.0044,0.0054,0.0025,0.0026,0.0055,0.0059,0.0030,0.0015,0.0040,0.0053,0.0059,0.0072,0.0018
2026-08-05 08:29:31.161,7.600000,92,6,0.226999,0.0002,-162.15,0,0,0,63.0122,0.235,0.99845,0,0,0,0,0,0.120158,0.004538,0.109543,0.004695,0.098206,0.005277,0.085749,0.005218,0.069738,0.004478,0.052615,0.003158,0.034755,0.001586,0.016801,162.15,-69.32,112.15,-134.95,66.98,165.26,20.51,109.84,-25.35,58.48,-70.95,2.08,-117.53,-79.06,-167.40,0.0192,0.0098,0.0044,0.0054,0.0025,0.0026,0.0055,0.0059,0.0030,0.0015,0.0040,0.0053,0.0059,0.0072,0.0018
2026-08-05 08:29:31.161,7.616667,92,7,0.193587,0.0033,-130.74,0,0,0,63.0122,0.235,0.99845,0,0,0,0,0,0.098027,0.021136,0.088607,0.020960,0.079492,0.020443,0.070545,0.019461,0.059106,0.017729,0.046620,0.015555,0.033660,0.012589,0.020949,130.74,86.13,17.16,-10.23,-91.68,-106.87,157.74,155.10,47.15,56.07,-63.60,-43.76,-177.42,-143.35,60.45,0.0192,0.0098,0.0044,0.0054,0.0025,0.0026,0.0055,0.0059,0.0030,0.0015,0.0040,0.0053,0.0059,0.0072,0.0018
2026-08-05 08:29:31.161,7.633333,92,8,0.190382,0.0051,54.32,0,0,0,63.0122,0.235,0.99845,0,0,0,0,0,0.095494,0.020639,0.086369,0.020935,0.077466,0.020873,0.069213,0.020637,0.058317,0.019371,0.046364,0.017522,0.033787,0.014833,0.021485,-54.32,76.28,-178.59,-29.70,62.18,-137.31,-58.82,113.55,-179.88,2.90,59.05,-108.70,-64.98,137.55,163.39,0.0192,0.0098,0.0044,0.0054,0.0025,0.0026,0.0055,0.0059,0.0030,0.0015,0.0040,0.0053,0.0059,0.0072,0.0018
2026-08-05 08:29:31.161,7.650000,92,9,0.174292,-0.0089,-161.91,0,0,0,63.0122,0.235,0.99845,0,0,0,0,0,0.087294,0.012593,0.078720,0.013735,0.070839,0.015027,0.064080,0.015865,0.054811,0.015841,0.044372,0.014786,0.033623,0.012853,0.022981,161.91,155.98,108.48,125.26,60.51,91.24,10.75,53.95,-38.85,14.62,-88.77,-26.69,-141.75,-69.29,158.28,0.0192,0.0098,0.0044,0.0054,0.0025,0.0026,0.0055,0.0059,0.0030,0.0015,0.0040,0.0053,0.0059,0.0072,0.0018
2026-08-05 08:29:31.161,7.666667,92,10,0.162321,0.0051,-27.29,0,0,0,63.0122,0.235,0.99845,0,0,0,0,0,0.081074,0.010415,0.072736,0.011327,0.065545,0.012355,0.059848,0.013059,0.051500,0.012808,0.042224,0.011706,0.032992,0.010052,0.023884,27.29,-113.74,63.57,-54.92,105.63,0.66,145.81,53.54,-173.92,104.41,-134.00,151.99,-97.31,-162.23,-67.27,0.0192,0.0098,0.0044,0.0054,0.0025,0.0026,0.0055,0.0059,0.0030,0.0015,0.0040,0.0053,0.0059,0.0072,0.0018
2026-08-05 08:29:31.161,7.683333,92,11,0.163630,0.0011,90.96,0,0,0,63.0122,0.235,0.99845,0,0,0,0,0,0.080978,0.013457,0.072678,0.014197,0.065667,0.015035,0.060128,0.015826,0.051856,0.015523,0.042668,0.014417,0.033085,0.012870,0.023320,-90.96,5.74,68.88,-174.16,-125.58,3.85,38.33,179.52,-157.42,-6.61,6.72,164.44,168.02,-26.33,-36.33,0.0192,0.0098,0.0044,0.0054,0.0025,0.0026,0.0055,0.0059,0.0030,0.0015,0.0040,0.0053,0.0059,0.0072,0.0018
2026-08-05 08:29:31.161,7.700000,92,12,0.176167,0.0103,-58.64,0,0,0,63.0122,0.235,0.99845,0,0,0,0,0,0.088603,0.015951,0.079596,0.016312,0.071463,0.016673,0.064374,0.016893,0.054667,0.016052,0.043752,0.014352,0.032920,0.011992,0.022407,58.64,-54.78,158.85,65.74,-95.71,-175.63,7.97,-58.89,111.69,56.85,-144.91,170.54,-45.31,-77.52,47.40,0.0192,0.0098,0.0044,0.0054,0.0025,0.0026,0.0055,0.0059,0.0030,0.0015,0.0040,0.0053,0.0059,0.0072,0.0018
2026-08-05 08:29:31.161,7.716667,92,13,0.177719,0.0031,51.66,0,0,0,63.0122,0.235,0.99845,0,0,0,0,0,0.088018,0.016961,0.079351,0.017585,0.071360,0.018012,0.064603,0.018326,0.055327,0.017781,0.044744,0.015966,0.034364,0.013416,0.024649,-51.66,84.08,-172.06,-15.80,72.88,-117.36,-44.10,138.15,-161.01,33.05,81.55,-73.78,-39.49,176.58,-167.46,0.0192,0.0098,0.0044,0.0054,0.0025,0.0026,0.0055,0.0059,0.0030,0.0015,0.0040,0.0053,0.0059,0.0072,0.0018
2026-08-05 08:29:31.161,7.733333,92,14,0.170067,-0.0118,137.96,0,0,0,63.0122,0.235,0.99845,0,0,0,0,0,0.084571,0.011569,0.076234,0.013305,0.068646,0.014892,0.062122,0.016237,0.053392,0.016648,0.043126,0.015606,0.033017,0.013781,0.023495,-137.96,-81.57,-71.84,8.72,0.08,94.31,69.95,174.81,139.96,-105.61,-150.24,-27.18,-84.50,47.00,-25.23,0.0192,0.0098,0.0044,0.0054,0.0025,0.0026,0.0055,0.0059,0.0030,0.0015,0.0040,0.0053,0.0059,0.0072,0.0018
2026-08-05 08:29:31.161,7.750000,92,15,0.185252,0.0060,-55.70,0,0,0,63.0122,0.235,0.99845,0,0,0,0,0,0.093991,0.009375,0.085247,0.010329,0.076969,0.010994,0.069477,0.011519,0.059455,0.011406,0.047762,0.010251,0.036001,0.008551,0.024128,55.70,-57.31,150.63,59.77,-109.13,173.13,-10.59,-78.46,88.20,28.82,-172.81,135.10,-76.78,-122.87,13.31,0.0192,0.0098,0.0044,0.0054,0.0025,0.0026,0.0055,0.0059,0.0030,0.0015,0.0040,0.0053,0.0059,0.0072,0.0018
2026-08-05 08:29:31.161,7.766667,92,16,0.178351,-0.0014,75.40,0,0,0,63.0122,0.235,0.99845,0,0,0,0,0,0.090004,0.004543,0.081759,0.006869,0.074003,0.008845,0.066966,0.010089,0.057551,0.010822,0.046665,0.010363,0.035397,0.009278,0.024268,-75.40,64.77,116.70,-82.09,-45.59,124.93,150.34,-34.13,-13.38,165.35,-176.85,4.37,16.42,-161.73,-155.58,0.0192,0.0098,0.0044,0.0054,0.0025,0.0026,0.0055,0.0059,0.0030,0.0015,0.0040,0.0053,0.0059,0.0072,0.0018
2026-08-05 08:29:31.161,7.783333,92,17,0.190506,0.0009,-74.68,0,0,0,63.0122,0.235,0.99845,0,0,0,0,0,0.097180,0.013803,0.087909,0.014869,0.079137,0.015953,0.070636,0.016518,0.059429,0.016194,0.046978,0.014800,0.033873,0.012361,0.020973,74.68,-20.40,-151.98,132.19,-13.48,-77.13,123.50,69.88,-99.41,-145.62,38.20,-2.49,172.83,137.04,-58.63,0.0192,0.0098,0.0044,0.0054,0.0025,0.0026,0.0055,0.0059,0.0030,0.0015,0.0040,0.0053,0.0059,0.0072,0.0018
2026-08-05 08:29:31.161,7.800000,92,18,0.219545,-0.0020,170.49,0,0,0,63.0122,0.235,0.99845,0,0,0,0,0,0.113947,0.013554,0.103602,0.014661,0.093030,0.015513,0.081861,0.015794,0.067726,0.015283,0.052198,0.013416,0.036164,0.010384,0.020779,-170.49,-148.65,-166.06,-124.22,-156.91,-101.64,-149.26,-82.66,-141.50,-65.92,-133.63,-49.32,-128.66,-35.86,-130.86,0.0192,0.0098,0.0044,0.0054,0.0025,0.0026,0.0055,0.0059,0.0030,0.0015,0.0040,0.0053,0.0059,0.0072,0.0018
2026-08-05 08:29:31.161,7.816667,92,19,0.237932,-0.0062,167.92,0,0,0,63.0122,0.235,0.99845,0,0,0,0,0,0.125291,0.023056,0.113339,0.023106,0.100643,0.023065,0.086437,0.022131,0.068735,0.020069,0.049892,0.017029,0.030840,0.012718,0.013798,-167.92,-146.85,-157.29,-118.15,-142.27,-89.18,-128.65,-62.04,-115.19,-35.76,-101.74,-8.15,-92.34,19.80,-97.11,0.0192,0.0098,0.0044,0.0054,0.0025,0.0026,0.0055,0.0059,0.0030,0.0015,0.0040,0.0053,0.0059,0.0072,0.0018
2026-08-05 08:29:31.161,7.833333,92,20,0.230156,0.0038,-95.56,0,0,0,63.0122,0.235,0.99845,0,0,0,0,0,0.121190,0.016662,0.110127,0.017282,0.098095,0.017570,0.084998,0.017535,0.068544,0.016142,0.051063,0.013913,0.033057,0.010044,0.016827,95.56,22.00,-87.10,-140.65,94.59,55.00,-85.17,-112.06,95.08,79.50,-84.83,-88.69,91.80,102.47,-103.09,0.0192,0.0098,0.0044,0.0054,0.0025,0.0026,0.0055,0.0059,0.0030,0.0015,0.0040,0.0053,0.0059,0.0072,0.0018
2026-08-05 08:29:31.161,7.850000,92,21,0.223430,0.0035,127.46,0,0,0,63.0122,0.235,0.99845,0,0,0,0,0,0.116962,0.024598,0.105551,0.024380,0.093436,0.024095,0.080197,0.023120,0.063719,0.021161,0.046431,0.018299,0.028803,0.014265,0.013938,-127.46,-66.51,-36.30,43.23,59.17,153.00,153.13,-98.36,-113.08,9.68,-19.58,118.93,68.80,-130.56,140.25,0.0192,0.0098,0.0044,0.0054,0.0025,0.0026,0.0055,0.0059,0.0030,0.0015,0.0040,0.0053,0.0059,0.0072,0.0018
2026-08-05 08:29:31.161,7.866667,92,22,0.253964,0.0149,-48.21,0,0,0,63.0122,0.235,0.99845,0,0,0,0,0,0.131766,0.031540,0.119076,0.032254,0.105363,0.033026,0.089560,0.032738,0.070156,0.030658,0.049843,0.027119,0.029017,0.021525,0.010238,48.21,-73.48,131.74,28.41,-140.61,128.90,-54.20,-132.34,32.32,-35.25,119.29,62.47,-156.70,160.36,-86.33,0.0192,0.0098,0.0044,0.0054,0.0025,0.0026,0.0055,0.0059,0.0030,0.0015,0.0040,0.0053,0.0059,0.0072,0.0018
2026-08-05 08:29:31.161,7.883333,92,23,0.246322,0.0083,-48.82,0,0,0,63.0122,0.235,0.99845,0,0,0,0,0,0.126244,0.036999,0.113813,0.036698,0.100762,0.035866,0.085809,0.034112,0.067591,0.030858,0.048237,0.026347,0.028792,0.020416,0.011613,48.82,-75.85,133.01,24.52,-138.48,125.31,-51.41,-135.13,35.75,-35.98,122.66,63.43,-154.16,164.18,-89.76,0.0192,0.0098,0.0044,0.0054,0.0025,0.0026,0.0055,0.0059,0.0030,0.0015,0.0040,0.0053,0.0059,0.0072,0.0018
2026-08-05 08:29:31.161,7.900000,92,24,0.221164,-0.0031,-141.73,0,0,0,63.0122,0.235,0.99845,0,0,0,0,0,0.110184,0.039079,0.098618,0.039088,0.087125,0.038363,0.074536,0.036862,0.058915,0.033664,0.042612,0.029317,0.026285,0.023137,0.013505,141.73,108.77,50.30,33.90,-36.24,-40.53,-124.80,-117.06,146.66,166.23,56.82,88.80,-38.39,12.01,-155.29,0.0192,0.0098,0.0044,0.0054,0.0025,0.0026,0.0055,0.0059,0.0030,0.0015,0.0040,0.0053,0.0059,0.0072,0.0018
2026-08-05 08:29:31.161,7.916667,92,25,0.205459,0.0126,12.05,0,0,0,63.0122,0.235,0.99845,0,0,0,0,0,0.101995,0.034927,0.091568,0.034396,0.081348,0.032834,0.070828,0.030978,0.057414,0.027741,0.043391,0.024070,0.029199,0.018843,0.017940,-12.05,159.28,-51.79,135.49,-86.45,112.47,-123.33,88.45,-160.19,64.62,161.52,40.15,118.52,16.66,60.34,0.0192,0.0098,0.0044,0.0054,0.0025,0.0026,0.0055,0.0059,0.0030,0.0015,0.0040,0.0053,0.0059,0.0072,0.0018
2026-08-05 08:29:31.161,7.933333,92,26,0.173099,-0.0049,-173.91,0,0,0,63.0122,0.235,0.99845,0,0,0,0,0,0.085653,0.019475,0.077442,0.019508,0.069373,0.019466,0.062522,0.019104,0.053098,0.017750,0.042738,0.015856,0.032067,0.012907,0.022882,173.91,171.74,144.27,161.02,120.06,149.06,94.06,135.79,67.96,121.22,41.31,105.52,10.66,87.67,-28.31,0.0192,0.0098,0.0044,0.0054,0.0025,0.0026,0.0055,0.0059,0.0030,0.0015,0.0040,0.0053,0.0059,0.0072,0.0018
2026-08-05 08:29:31.161,7.950000,92,27,0.210089,0.0074,-1.08,0,0,0,63.0122,0.235,0.99845,0,0,0,0,0,0.106807,0.011356,0.097666,0.014461,0.087335,0.017644,0.077176,0.019568,0.064175,0.019879,0.049917,0.018714,0.035595,0.015689,0.023398,1.08,-153.16,-11.56,-139.15,-19.83,-135.18,-29.51,-134.92,-39.50,-136.83,-50.37,-140.22,-65.01,-144.47,-90.18,0.0192,0.0098,0.0044,0.0054,0.0025,0.0026,0.0055,0.0059,0.0030,0.0015,0.0040,0.0053,0.0059,0.0072,0.0018
2026-08-05 08:29:31.161,7.966667,92,28,0.212843,-0.0055,-161.27,0,0,0,63.0122,0.235,0.99845,0,0,0,0,0,0.110380,0.025865,0.099403,0.026060,0.088028,0.026470,0.075375,0.025868,0.059994,0.024135,0.043407,0.021133,0.026681,0.016833,0.012081,161.27,150.84,109.54,117.77,62.18,84.06,13.46,48.30,-35.23,12.17,-84.52,-24.84,-137.41,-60.04,150.69,0.0192,0.0098,0.0044,0.0054,0.0025,0.0026,0.0055,0.0059,0.0030,0.0015,0.0040,0.0053,0.0059,0.0072,0.0018
2026-08-05 08:29:31.161,7.983333,92,29,0.203019,0.0060,-67.16,0,0,0,63.0122,0.235,0.99845,0,0,0,0,0,0.101905,0.030062,0.091620,0.030315,0.081502,0.030183,0.070929,0.029350,0.057639,0.027192,0.043263,0.024018,0.028742,0.019226,0.016360,67.16,-40.04,-174.02,95.88,-50.18,-128.00,71.76,6.08,-166.23,139.50,-45.17,-88.49,72.13,43.80,174.25,0.0192,0.0098,0.0044,0.0054,0.0025,0.0026,0.0055,0.0059,0.0030,0.0015,0.0040,0.0053,0.0059,0.0072,0.0018
2026-08-05 08:29:31.627,8.000000,93,0,0.188304,-0.0037,135.55,0,0,0,63.0122,0.495,0.30375,0,0,0,0,0,0.095034,0.020237,0.086132,0.020773,0.077000,0.021098,0.068422,0.020978,0.057148,0.019861,0.044707,0.017693,0.031966,0.014302,0.019950,-135.55,-85.04,-62.83,6.91,15.03,96.89,91.31,-174.85,167.58,-87.93,-116.30,-2.82,-43.25,81.91,20.43,0.0741,0.0143,0.0031,0.0012,0.0049,0.0033,0.0016,0.0044,0.0051,0.0032,0.0042,0.0020,0.0037,0.0099,0.0082
2026-08-05 08:29:31.627,8.016667,93,1,0.200267,-0.0058,158.62,0,0,0,63.0122,0.495,0.30375,0,0,0,0,0,0.103771,0.006060,0.094815,0.008184,0.084843,0.010206,0.075103,0.011240,0.062528,0.011422,0.048429,0.010276,0.034250,0.008309,0.020836,-158.62,-108.78,-130.49,-51.85,-98.11,-9.90,-66.81,30.72,-35.74,68.91,-4.73,105.09,23.38,143.75,41.24,0.0741,0.0143,0.0031,0.0012,0.0049,0.0033,0.0016,0.0044,0.0051,0.0032,0.0042,0.0020,0.0037,0.0099,0.0082
2026-08-05 08:29:31.627,8.033333,93,2,0.201171,0.0283,-41.84,0,0,0,63.0122,0.495,0.30375,0,0,0,0,0,0.104376,0.010350,0.094926,0.011606,0.084953,0.013102,0.074870,0.013776,0.061873,0.013690,0.047722,0.012359,0.033361,0.010094,0.019904,41.84,-80.22,110.66,12.55,-175.98,99.69,-104.01,-178.12,-32.13,-97.73,39.44,-18.84,107.65,58.91,164.31,0.0741,0.0143,0.0031,0.0012,0.0049,0.0033,0.0016,0.0044,0.0051,0.0032,0.0042,0.0020,0.0037,0.0099,0.0082
2026-08-05 08:29:31.627,8.050000,93,3,0.195456,-0.1528,160.06,0,0,0,63.0122,0.495,0.30375,0,0,0,0,0,0.099538,0.013983,0.092001,0.014272,0.082283,0.016134,0.072498,0.017420,0.059506,0.017125,0.045898,0.015269,0.031741,0.012694,0.018928,-160.06,-124.29,-134.88,-76.74,-104.84,-32.84,-77.02,7.23,-48.83,43.72,-20.63,80.34,3.85,115.55,15.95,0.0741,0.0143,0.0031,0.0012,0.0049,0.0033,0.0016,0.0044,0.0051,0.0032,0.0042,0.0020,0.0037,0.0099,0.0082
2026-08-05 08:29:31.627,8.066667,93,4,0.274541,0.0413,51.08,0,0,0,63.0122,0.495,0.30375,0,0,0,0,0,0.145939,0.019382,0.134458,0.017814,0.119576,0.013990,0.101897,0.009334,0.080487,0.005059,0.057802,0.003238,0.034568,0.006075,0.012138,-51.08,-108.87,-164.46,140.67,85.45,31.10,-25.25,-73.19,-135.04,-164.76,116.04,150.39,7.79,78.96,-96.01,0.0741,0.0143,0.0031,0.0012,0.0049,0.0033,0.0016,0.0044,0.0051,0.0032,0.0042,0.0020,0.0037,0.0099,0.0082
2026-08-05 08:29:31.627,8.083333,93,5,0.358680,0.0512,35.56,0,0,0,63.0122,0.495,0.30375,0,0,0,0,0,0.193056,0.009108,0.177698,0.012696,0.157083,0.015129,0.132023,0.016046,0.102132,0.014928,0.071239,0.011722,0.041761,0.007005,0.019602,-35.56,141.47,-117.06,80.35,164.98,9.62,86.78,-65.08,10.08,-141.11,-63.85,142.50,-131.73,66.87,-172.49,0.0741,0.0143,0.0031,0.0012,0.0049,0.0033,0.0016,0.0044,0.0051,0.0032,0.0042,0.0020,0.0037,0.0099,0.0082
2026-08-05 08:29:31.627,8.100000,93,6,0.407873,0.0364,61.74,0,0,0,63.0122,0.495,0.30375,0,0,0,0,0,0.216994,0.027294,0.199314,0.030267,0.175324,0.032120,0.146067,0.032337,0.111549,0.030101,0.076658,0.025579,0.045252,0.020278,0.026865,-61.74,73.09,164.72,-40.33,34.83,-158.03,-95.05,82.51,136.93,-37.72,12.72,-155.84,-102.23,92.55,171.12,0.0741,0.0143,0.0031,0.0012,0.0049,0.0033,0.0016,0.0044,0.0051,0.0032,0.0042,0.0020,0.0037,0.0099,0.0082
2026-08-05 08:29:31.627,8.116667,93,7,0.295192,0.0095,23.52,0,0,0,63.0122,0.495,0.30375,0,0,0,0,0,0.151542,0.047394,0.137419,0.047359,0.120515,0.045272,0.101472,0.041792,0.078321,0.037333,0.053630,0.031621,0.029418,0.025080,0.006692,-23.52,137.74,-83.82,93.31,-139.54,48.17,163.92,3.70,107.67,-40.53,52.11,-84.62,-2.72,-125.18,-51.05,0.0741,0.0143,0.0031,0.0012,0.0049,0.0033,0.0016,0.0044,0.0051,0.0032,0.0042,0.0020,0.0037,0.0099,0.0082
2026-08-05 08:29:31.627,8.133333,93,8,0.236735,-0.0004,-172.98,0,0,0,63.0122,0.495,0.30375,0,0,0,0,0,0.122232,0.029797,0.110879,0.031019,0.097665,0.031289,0.083618,0.030558,0.066233,0.028433,0.047685,0.024553,0.028973,0.019231,0.012025,172.98,174.22,144.49,165.01,120.69,153.37,95.59,140.69,70.55,127.00,45.25,112.62,16.68,99.68,-27.85,0.0741,0.0143,0.0031,0.0012,0.0049,0.0033,0.0016,0.0044,0.0051,0.0032,0.0042,0.0020,0.0037,0.0099,0.0082
2026-08-05 08:29:31.627,8.150000,93,9,0.199871,0.0082,42.49,0,0,0,63.0122,0.495,0.30375,0,0,0,0,0,0.101921,0.020359,0.092362,0.021283,0.082216,0.022017,0.072511,0.022020,0.059785,0.020907,0.045999,0.018447,0.032244,0.014866,0.019964,-42.49,103.63,-143.26,24.01,120.95,-58.62,23.56,-143.22,-74.09,130.48,-172.13,43.21,85.95,-44.00,-27.02,0.0741,0.0143,0.0031,0.0012,0.0049,0.0033,0.0016,0.0044,0.0051,0.0032,0.0042,0.0020,0.0037,0.0099,0.0082
2026-08-05 08:29:31.627,8.166667,93,10,0.189856,-0.0013,115.80,0,0,0,63.0122,0.495,0.30375,0,0,0,0,0,0.097325,0.013302,0.088227,0.014336,0.078998,0.015226,0.070241,0.015848,0.058705,0.015481,0.045873,0.013995,0.032638,0.011506,0.020142,-115.80,-41.02,-3.24,92.68,114.40,-137.24,-129.58,-9.66,-13.57,115.74,102.42,-121.01,-145.02,1.73,-42.01,0.0741,0.0143,0.0031,0.0012,0.0049,0.0033,0.0016,0.0044,0.0051,0.0032,0.0042,0.0020,0.0037,0.0099,0.0082
2026-08-05 08:29:31.627,8.183333,93,11,0.188356,0.0003,162.59,0,0,0,63.0122,0.495,0.30375,0,0,0,0,0,0.096316,0.009181,0.087496,0.010445,0.078729,0.011846,0.070442,0.012817,0.059366,0.013012,0.046899,0.011987,0.034077,0.009941,0.021818,-162.59,-129.60,-143.62,-87.56,-119.64,-51.88,-97.15,-19.84,-74.62,9.79,-52.13,36.78,-32.36,61.64,-21.43,0.0741,0.0143,0.0031,0.0012,0.0049,0.0033,0.0016,0.0044,0.0051,0.0032,0.0042,0.0020,0.0037,0.0099,0.0082
2026-08-05 08:29:31.627,8.200000,93,12,0.389785,-0.0274,-165.94,0,0,0,63.0122,0.495,0.30375,0,0,0,0,0,0.211311,0.005594,0.194417,0.008782,0.171049,0.010787,0.142138,0.011236,0.107763,0.009770,0.072767,0.006922,0.040821,0.005161,0.022381,165.94,-92.56,128.35,-138.55,94.07,-176.56,59.70,148.22,27.11,116.94,-1.76,98.12,-21.26,105.83,-5.19,0.0741,0.0143,0.0031,0.0012,0.0049,0.0033,0.0016,0.0044,0.0051,0.0032,0.0042,0.0020,0.0037,0.0099,0.0082
2026-08-05 08:29:31.627,8.216667,93,13,0.414891,0.0042,164.68,0,0,0,63.0122,0.495,0.30375,0,0,0,0,0,0.223767,0.006829,0.205998,0.011875,0.181379,0.015304,0.150830,0.016555,0.114709,0.015493,0.078404,0.012595,0.046121,0.009574,0.028573,-164.68,-82.43,-143.47,-48.43,-118.92,-19.81,-94.23,9.03,-67.54,39.18,-36.78,74.67,3.75,123.17,73.47,0.0741,0.0143,0.0031,0.0012,0.0049,0.0033,0.0016,0.0044,0.0051,0.0032,0.0042,0.0020,0.0037,0.0099,0.0082
2026-08-05 08:29:31.627,8.233333,93,14,0.291368,0.0010,105.26,0,0,0,63.0122,0.495,0.30375,0,0,0,0,0,0.156365,0.011962,0.143056,0.015055,0.126486,0.017632,0.107171,0.018689,0.083474,0.017892,0.058656,0.015159,0.034308,0.011143,0.012593,-105.26,-5.87,32.34,154.51,173.95,-52.63,-45.13,96.48,96.92,-115.06,-119.15,34.16,28.04,-172.36,-164.61,0.0741,0.0143,0.0031,0.0012,0.0049,0.0033,0.0016,0.0044,0.0051,0.0032,0.0042,0.0020,0.0037,0.0099,0.0082
2026-08-05 08:29:31.627,8.250000,93,15,0.238919,-0.0054,169.08,0,0,0,63.0122,0.495,0.30375,0,0,0,0,0,0.126658,0.016492,0.115386,0.017886,0.102151,0.018919,0.087662,0.019151,0.069548,0.018009,0.050275,0.015444,0.030626,0.011915,0.011756,-169.08,-146.40,-161.13,-116.71,-148.66,-91.07,-137.38,-67.86,-125.71,-46.13,-113.44,-23.98,-103.03,0.42,-101.02,0.0741,0.0143,0.0031,0.0012,0.0049,0.0033,0.0016,0.0044,0.0051,0.0032,0.0042,0.0020,0.0037,0.0099,0.0082
2026-08-05 08:29:31.627,8.266667,93,16,0.263375,0.0137,37.72,0,0,0,63.0122,0.495,0.30375,0,0,0,0,0,0.138630,0.030206,0.126349,0.030002,0.111444,0.029061,0.094501,0.027044,0.073772,0.023836,0.051820,0.019311,0.029956,0.014086,0.009288,-37.72,108.76,-126.84,36.75,148.31,-36.80,62.47,-111.20,-23.05,174.20,-108.19,100.12,164.79,29.16,64.93,0.0741,0.0143,0.0031,0.0012,0.0049,0.0033,0.0016,0.0044,0.0051,0.0032,0.0042,0.0020,0.0037,0.0099,0.0082
2026-08-05 08:29:31.627,8.283333,93,17,0.213448,0.0042,124.11,0,0,0,63.0122,0.495,0.30375,0,0,0,0,0,0.108380,0.033885,0.097581,0.034057,0.085710,0.033715,0.073126,0.032450,0.057335,0.029829,0.040747,0.025653,0.024470,0.020317,0.010718,-124.11,-64.13,-28.34,50.16,72.33,163.04,171.43,-85.19,-89.57,25.68,8.84,136.07,102.31,-112.45,170.13,0.0741,0.0143,0.0031,0.0012,0.0049,0.0033,0.0016,0.0044,0.0051,0.0032,0.0042,0.0020,0.0037,0.0099,0.0082
2026-08-05 08:29:31.627,8.300000,93,18,0.208022,-0.0122,-173.73,0,0,0,63.0122,0.495,0.30375,0,0,0,0,0,0.106379,0.031070,0.095978,0.030412,0.084713,0.029128,0.073131,0.027300,0.058362,0.024449,0.042629,0.020618,0.026889,0.016071,0.012677,173.73,169.89,145.37,158.59,121.83,146.50,96.71,134.05,71.62,121.03,46.14,108.36,16.28,96.80,-32.06,0.0741,0.0143,0.0031,0.0012,0.0049,0.0033,0.0016,0.0044,0.0051,0.0032,0.0042,0.0020,0.0037,0.0099,0.0082
2026-08-05 08:29:31.627,8.316667,93,19,0.197348,0.0013,-110.93,0,0,0,63.0122,0.495,0.30375,0,0,0,0,0,0.100742,0.021095,0.091283,0.020718,0.081567,0.020082,0.071911,0.019144,0.059284,0.017791,0.045473,0.015727,0.030793,0.013229,0.016352,110.93,45.76,-42.85,-90.11,168.37,133.49,18.05,-2.90,-131.99,-139.62,78.13,83.22,-74.59,-52.47,122.94,0.0741,0.0143,0.0031,0.0012,0.0049,0.0033,0.0016,0.0044,0.0051,0.0032,0.0042,0.0020,0.0037,0.0099,0.0082
2026-08-05 08:29:31.627,8.333333,93,20,0.232407,-0.0095,158.94,0,0,0,63.0122,0.495,0.30375,0,0,0,0,0,0.114676,0.040351,0.104353,0.037716,0.093275,0.033714,0.081488,0.029193,0.066518,0.024859,0.050376,0.021329,0.033741,0.019222,0.017442,-158.94,-139.58,-132.18,-99.34,-100.59,-57.76,-70.51,-13.87,-40.38,33.07,-10.36,83.21,16.43,135.30,32.76,0.0741,0.0143,0.0031,0.0012,0.0049,0.0033,0.0016,0.0044,0.0051,0.0032,0.0042,0.0020,0.0037,0.0099,0.0082
2026-08-05 08:29:31.627,8.350000,93,21,0.193462,-0.0004,-110.92,0,0,0,63.0122,0.495,0.30375,0,0,0,0,0,0.095007,0.033991,0.085835,0.031874,0.076871,0.028513,0.068299,0.024388,0.056979,0.020044,0.044665,0.015912,0.031947,0.012690,0.019327,110.92,37.90,-44.27,-104.75,165.95,113.40,14.40,-26.41,-137.06,-164.42,71.13,61.66,-83.84,-67.69,111.67,0.0741,0.0143,0.0031,0.0012,0.0049,0.0033,0.0016,0.0044,0.0051,0.0032,0.0042,0.0020,0.0037,0.0099,0.0082
2026-08-05 08:29:31.627,8.366667,93,22,0.162693,0.0012,91.34,0,0,0,63.0122,0.495,0.30375,0,0,0,0,0,0.079500,0.019236,0.071698,0.017531,0.065021,0.015185,0.059689,0.012014,0.052189,0.008653,0.043664,0.005446,0.034476,0.003718,0.025043,-91.34,-9.19,67.88,160.48,-127.13,-29.51,36.08,142.76,-160.40,-40.54,3.19,143.28,164.18,-5.79,-40.75,0.0741,0.0143,0.0031,0.0012,0.0049,0.0033,0.0016,0.0044,0.0051,0.0032,0.0042,0.0020,0.0037,0.0099,0.0082
2026-08-05 08:29:31.627,8.383333,93,23,0.183259,0.0006,-131.23,0,0,0,63.0122,0.495,0.30375,0,0,0,0,0,0.092808,0.017958,0.084187,0.016064,0.076122,0.013405,0.068541,0.009983,0.058483,0.006204,0.047152,0.002485,0.034868,0.001988,0.021980,131.23,74.50,17.48,-32.74,-90.97,-139.54,159.09,114.88,49.55,13.41,-59.42,-76.41,-170.51,-74.94,73.35,0.0741,0.0143,0.0031,0.0012,0.0049,0.0033,0.0016,0.0044,0.0051,0.0032,0.0042,0.0020,0.0037,0.0099,0.0082
2026-08-05 08:29:31.627,8.400000,93,24,0.227257,-0.0077,105.80,0,0,0,63.0122,0.495,0.30375,0,0,0,0,0,0.114400,0.035109,0.104077,0.032358,0.093132,0.028170,0.081616,0.023418,0.067030,0.018995,0.051320,0.016069,0.034932,0.015356,0.018532,-105.80,-33.77,27.49,112.60,165.66,-99.45,-57.59,51.77,79.38,-152.34,-143.47,10.00,-8.33,174.62,120.63,0.0741,0.0143,0.0031,0.0012,0.0049,0.0033,0.0016,0.0044,0.0051,0.0032,0.0042,0.0020,0.0037,0.0099,0.0082
2026-08-05 08:29:31.627,8.416667,93,25,0.261976,-0.0072,153.55,0,0,0,63.0122,0.495,0.30375,0,0,0,0,0,0.130201,0.050401,0.118643,0.046156,0.105648,0.039628,0.091118,0.032168,0.072850,0.025433,0.053664,0.021094,0.033908,0.020362,0.014258,-153.55,-130.43,-114.88,-80.67,-71.55,-29.11,-29.36,26.05,13.52,87.19,57.39,155.45,101.24,-133.53,148.09,0.0741,0.0143,0.0031,0.0012,0.0049,0.0033,0.0016,0.0044,0.0051,0.0032,0.0042,0.0020,0.0037,0.0099,0.0082
2026-08-05 08:29:31.627,8.433333,93,26,0.217475,0.0145,-33.62,0,0,0,63.0122,0.495,0.30375,0,0,0,0,0,0.111222,0.019836,0.101670,0.017982,0.091664,0.014840,0.081529,0.011231,0.068189,0.008023,0.053605,0.006072,0.038116,0.006691,0.021840,33.62,-115.99,86.49,-53.15,144.17,11.27,-159.48,80.16,-102.65,157.54,-45.55,-109.66,10.51,-13.69,62.57,0.0741,0.0143,0.0031,0.0012,0.0049,0.0033,0.0016,0.0044,0.0051,0.0032,0.0042,0.0020,0.0037,0.0099,0.0082
2026-08-05 08:29:31.627,8.450000,93,27,0.228757,-0.0079,134.32,0,0,0,63.0122,0.495,0.30375,0,0,0,0,0,0.119855,0.020075,0.109314,0.017840,0.097647,0.014638,0.085002,0.010976,0.068992,0.007950,0.051633,0.007028,0.033682,0.008482,0.015312,-134.32,-92.03,-56.55,-4.89,25.83,84.76,106.98,179.77,-171.33,-73.84,-88.87,45.01,-7.24,156.68,73.31,0.0741,0.0143,0.0031,0.0012,0.0049,0.0033,0.0016,0.0044,0.0051,0.0032,0.0042,0.0020,0.0037,0.0099,0.0082
2026-08-05 08:29:31.627,8.466667,93,28,0.229198,0.0069,-111.00,0,0,0,63.0122,0.495,0.30375,0,0,0,0,0,0.119105,0.023653,0.108772,0.021570,0.097420,0.018279,0.085129,0.014344,0.069583,0.010121,0.052901,0.006614,0.035458,0.005057,0.017425,111.00,35.22,-40.86,-110.62,171.84,104.25,23.30,-38.44,-124.71,-176.46,87.83,57.19,-60.87,-49.01,147.58,0.0741,0.0143,0.0031,0.0012,0.0049,0.0033,0.0016,0.0044,0.0051,0.0032,0.0042,0.0020,0.0037,0.0099,0.0082
2026-08-05 08:29:31.627,8.483333,93,29,0.227235,0.0027,39.93,0,0,0,63.0122,0.495,0.30375,0,0,0,0,0,0.118740,0.020027,0.108210,0.018231,0.096849,0.015620,0.084462,0.012515,0.068828,0.009857,0.051971,0.008384,0.034270,0.008758,0.016249,-39.93,97.51,-133.48,13.92,137.56,-67.27,47.28,-144.24,-42.44,145.45,-131.42,82.93,138.62,21.05,46.54,0.0741,0.0143,0.0031,0.0012,0.0049,0.0033,0.0016,0.0044,0.0051,0.0032,0.0042,0.0020,0.0037,0.0099,0.0082
2026-08-05 08:29:33.421,8.500000,94,0,0.229988,-0.0055,125.19,0,0,0,63.0122,0.274,0.62483,0,0,0,0,0,0.120881,0.017964,0.110332,0.016550,0.098529,0.014329,0.085788,0.011640,0.069705,0.008894,0.052383,0.006631,0.034283,0.005570,0.016005,-125.19,-76.64,-29.10,25.60,71.60,128.79,170.91,-124.83,-89.30,-13.98,11.10,105.37,110.22,-124.22,-153.64,0.0349,0.0111,0.0024,0.0083,0.0028,0.0027,0.0028,0.0028,0.0052,0.0043,0.0047,0.0022,0.0097,0.0066,0.0060
2026-08-05 08:29:33.421,8.516667,94,1,0.226724,0.0107,-36.55,0,0,0,63.0122,0.274,0.62483,0,0,0,0,0,0.119776,0.015468,0.109120,0.013633,0.097506,0.010969,0.084816,0.007549,0.068879,0.003749,0.051749,0.000059,0.033860,0.003604,0.015728,36.55,-117.07,96.01,-55.94,160.12,5.59,-137.19,66.92,-73.95,129.93,-10.11,50.46,52.50,72.31,111.72,0.0349,0.0111,0.0024,0.0083,0.0028,0.0027,0.0028,0.0028,0.0052,0.0043,0.0047,0.0022,0.0097,0.0066,0.0060
2026-08-05 08:29:33.421,8.533333,94,2,0.233123,0.0101,29.01,0,0,0,63.0122,0.274,0.62483,0,0,0,0,0,0.120409,0.027970,0.109683,0.026047,0.098062,0.022720,0.085252,0.019053,0.069189,0.015590,0.051727,0.012601,0.033630,0.011565,0.014976,-29.01,118.50,-101.25,56.87,-168.58,-3.73,122.69,-61.19,54.58,-114.98,-12.64,-163.05,-80.29,153.59,-149.15,0.0349,0.0111,0.0024,0.0083,0.0028,0.0027,0.0028,0.0028,0.0052,0.0043,0.0047,0.0022,0.0097,0.0066,0.0060
2026-08-05 08:29:33.421,8.550000,94,3,0.239583,0.0025,-114.62,0,0,0,63.0122,0.274,0.62483,0,0,0,0,0,0.123062,0.032735,0.112335,0.029834,0.100476,0.025216,0.087316,0.019985,0.070807,0.014962,0.053002,0.011431,0.034553,0.010818,0.015677,114.62,45.08,-30.34,-90.40,-170.55,135.58,48.01,5.12,-92.83,-119.78,126.90,125.85,-14.36,18.16,-157.83,0.0349,0.0111,0.0024,0.0083,0.0028,0.0027,0.0028,0.0028,0.0052,0.0043,0.0047,0.0022,0.0097,0.0066,0.0060
2026-08-05 08:29:33.421,8.566667,94,4,0.279620,-0.0076,-76.01,0,0,0,63.0122,0.274,0.62483,0,0,0,0,0,0.146295,0.039189,0.133675,0.035433,0.118424,0.029926,0.100671,0.023646,0.078763,0.017700,0.055840,0.013305,0.032704,0.011778,0.010514,76.01,-32.69,-144.72,114.21,-1.19,-97.53,141.56,53.82,-74.85,-149.25,69.84,16.51,-144.62,-170.47,10.26,0.0349,0.0111,0.0024,0.0083,0.0028,0.0027,0.0028,0.0028,0.0052,0.0043,0.0047,0.0022,0.0097,0.0066,0.0060
2026-08-05 08:29:33.421,8.583333,94,5,0.263405,-0.0083,173.96,0,0,0,63.0122,0.274,0.62483,0,0,0,0,0,0.140958,0.013475,0.128854,0.011952,0.114486,0.009662,0.097797,0.006912,0.077336,0.004537,0.055752,0.004171,0.033787,0.006058,0.012052,-173.96,-173.52,-174.02,-168.95,-170.00,-161.65,-166.92,-148.40,-163.17,-118.50,-158.33,-66.94,-152.77,-34.28,-139.97,0.0349,0.0111,0.0024,0.0083,0.0028,0.0027,0.0028,0.0028,0.0052,0.0043,0.0047,0.0022,0.0097,0.0066,0.0060
2026-08-05 08:29:33.421,8.600000,94,6,0.326219,0.0229,3.46,0,0,0,63.0122,0.274,0.62483,0,0,0,0,0,0.167161,0.053932,0.153380,0.049203,0.135826,0.042387,0.114510,0.035041,0.088352,0.028776,0.061339,0.024894,0.034644,0.023717,0.012171,-3.46,171.82,-22.61,163.45,-37.55,156.66,-53.03,153.17,-67.38,154.49,-79.90,160.91,-88.80,168.44,-69.24,0.0349,0.0111,0.0024,0.0083,0.0028,0.0027,0.0028,0.0028,0.0052,0.0043,0.0047,0.0022,0.0097,0.0066,0.0060
2026-08-05 08:29:33.421,8.616667,94,7,0.272675,0.0396,-23.81,0,0,0,63.0122,0.274,0.62483,0,0,0,0,0,0.143909,0.023132,0.131639,0.020778,0.117519,0.016969,0.101089,0.012211,0.080888,0.007749,0.059685,0.005175,0.037750,0.006361,0.017144,23.81,-139.22,59.25,-100.22,98.93,-59.10,137.71,-14.54,177.56,39.50,-140.94,117.36,-97.25,-156.85,-42.82,0.0349,0.0111,0.0024,0.0083,0.0028,0.0027,0.0028,0.0028,0.0052,0.0043,0.0047,0.0022,0.0097,0.0066,0.0060
2026-08-05 08:29:33.421,8.633333,94,8,0.287895,-0.0056,164.40,0,0,0,63.0122,0.274,0.62483,0,0,0,0,0,0.148277,0.042447,0.135845,0.038665,0.121174,0.032984,0.103678,0.026652,0.082110,0.020634,0.059257,0.016631,0.036155,0.015489,0.014203,-164.40,-151.79,-145.74,-124.22,-122.77,-94.65,-100.66,-62.63,-77.78,-23.98,-53.67,22.00,-28.35,72.45,6.13,0.0349,0.0111,0.0024,0.0083,0.0028,0.0027,0.0028,0.0028,0.0052,0.0043,0.0047,0.0022,0.0097,0.0066,0.0060
2026-08-05 08:29:33.421,8.650000,94,9,0.240074,-0.0035,108.43,0,0,0,63.0122,0.274,0.62483,0,0,0,0,0,0.125274,0.020042,0.114256,0.018738,0.102478,0.015873,0.089812,0.012523,0.073675,0.009606,0.055940,0.007789,0.037707,0.007687,0.019279,-108.43,-40.76,21.62,98.20,155.92,-121.03,-71.00,23.34,62.80,173.04,-162.89,-27.68,-30.00,137.47,101.14,0.0349,0.0111,0.0024,0.0083,0.0028,0.0027,0.0028,0.0028,0.0052,0.0043,0.0047,0.0022,0.0097,0.0066,0.0060
2026-08-05 08:29:33.421,8.666667,94,10,0.205852,-0.0027,-93.28,0,0,0,63.0122,0.274,0.62483,0,0,0,0,0,0.106138,0.019468,0.095950,0.018004,0.086262,0.015358,0.076804,0.012003,0.063874,0.009050,0.049654,0.007234,0.035175,0.006844,0.020455,93.28,1.08,-94.85,-177.18,81.68,6.16,-103.21,-169.04,72.34,21.97,-112.08,-135.29,60.91,75.19,-132.36,0.0349,0.0111,0.0024,0.0083,0.0028,0.0027,0.0028,0.0028,0.0052,0.0043,0.0047,0.0022,0.0097,0.0066,0.0060
2026-08-05 08:29:33.421,8.683333,94,11,0.206063,-0.0144,172.11,0,0,0,63.0122,0.274,0.62483,0,0,0,0,0,0.108172,0.013899,0.097852,0.012726,0.087502,0.010283,0.077198,0.007095,0.063626,0.004581,0.048547,0.003500,0.033195,0.004935,0.017859,-172.11,-170.74,-170.54,-162.11,-164.59,-150.73,-159.93,-136.46,-154.81,-111.65,-149.65,-61.13,-147.11,-11.66,-151.13,0.0349,0.0111,0.0024,0.0083,0.0028,0.0027,0.0028,0.0028,0.0052,0.0043,0.0047,0.0022,0.0097,0.0066,0.0060
2026-08-05 08:29:33.421,8.700000,94,12,0.202795,0.0031,-100.29,0,0,0,63.0122,0.274,0.62483,0,0,0,0,0,0.106813,0.009231,0.096640,0.008709,0.086453,0.007324,0.076355,0.005316,0.062989,0.003604,0.048117,0.001678,0.032986,0.000971,0.017807,100.29,7.84,-73.43,-164.83,117.31,24.01,-53.33,-148.90,136.61,37.86,-33.48,-125.64,153.63,-150.00,-25.58,0.0349,0.0111,0.0024,0.0083,0.0028,0.0027,0.0028,0.0028,0.0052,0.0043,0.0047,0.0022,0.0097,0.0066,0.0060
2026-08-05 08:29:33.421,8.716667,94,13,0.202565,0.0044,-67.71,0,0,0,63.0122,0.274,0.62483,0,0,0,0,0,0.106019,0.011207,0.096069,0.010770,0.086220,0.009405,0.076356,0.007540,0.063318,0.005842,0.048801,0.003901,0.033651,0.001670,0.018396,67.71,-58.36,-171.20,63.31,-45.53,-174.29,78.83,-52.46,-156.16,72.41,-30.78,-155.11,92.44,8.35,-147.55,0.0349,0.0111,0.0024,0.0083,0.0028,0.0027,0.0028,0.0028,0.0052,0.0043,0.0047,0.0022,0.0097,0.0066,0.0060
2026-08-05 08:29:33.421,8.733333,94,14,0.216661,-0.0146,150.98,0,0,0,63.0122,0.274,0.62483,0,0,0,0,0,0.112658,0.020271,0.102620,0.018124,0.091900,0.014861,0.080822,0.010814,0.066496,0.006949,0.050719,0.004879,0.034349,0.006405,0.018339,-150.98,-127.58,-107.36,-75.53,-59.05,-22.22,-12.23,35.63,35.19,101.60,83.07,-169.94,128.44,-76.62,168.95,0.0349,0.0111,0.0024,0.0083,0.0028,0.0027,0.0028,0.0028,0.0052,0.0043,0.0047,0.0022,0.0097,0.0066,0.0060
2026-08-05 08:29:33.421,8.750000,94,15,0.195877,0.0068,-60.58,0,0,0,63.0122,0.274,0.62483,0,0,0,0,0,0.101725,0.012855,0.091966,0.011769,0.082690,0.009761,0.073522,0.007412,0.061376,0.004816,0.048013,0.002805,0.034151,0.002922,0.020575,60.58,-67.44,166.41,44.90,-82.92,158.40,26.28,-87.36,135.78,32.12,-114.90,168.05,-8.69,-15.89,90.12,0.0349,0.0111,0.0024,0.0083,0.0028,0.0027,0.0028,0.0028,0.0052,0.0043,0.0047,0.0022,0.0097,0.0066,0.0060
2026-08-05 08:29:33.421,8.766667,94,16,0.186396,-0.0039,-94.45,0,0,0,63.0122,0.274,0.62483,0,0,0,0,0,0.095302,0.015846,0.086289,0.015472,0.077666,0.012637,0.069732,0.010356,0.058641,0.007534,0.046878,0.004839,0.033847,0.003779,0.021806,94.45,1.52,-91.41,-177.83,86.59,4.12,-95.85,-174.47,81.13,13.58,-101.35,-154.09,73.06,67.96,-119.90,0.0349,0.0111,0.0024,0.0083,0.0028,0.0027,0.0028,0.0028,0.0052,0.0043,0.0047,0.0022,0.0097,0.0066,0.0060
2026-08-05 08:29:33.421,8.783333,94,17,0.183753,-0.0334,-178.50,0,0,0,63.0122,0.274,0.62483,0,0,0,0,0,0.093031,0.020403,0.084215,0.018562,0.075934,0.016027,0.068195,0.012724,0.057887,0.009149,0.046284,0.005805,0.033979,0.003293,0.021777,178.50,168.21,158.96,155.73,144.85,142.97,129.08,131.77,113.73,122.15,98.65,119.20,80.29,148.84,56.41,0.0349,0.0111,0.0024,0.0083,0.0028,0.0027,0.0028,0.0028,0.0052,0.0043,0.0047,0.0022,0.0097,0.0066,0.0060
2026-08-05 08:29:33.421,8.800000,94,18,0.197423,-0.0066,-177.05,0,0,0,63.0122,0.274,0.62483,0,0,0,0,0,0.100676,0.018009,0.091575,0.016278,0.082696,0.013653,0.074217,0.010331,0.062853,0.006772,0.050266,0.003378,0.036700,0.001264,0.023294,177.05,164.36,155.47,148.35,139.04,131.52,121.20,115.72,103.68,100.46,86.75,92.75,67.16,173.67,43.43,0.0349,0.0111,0.0024,0.0083,0.0028,0.0027,0.0028,0.0028,0.0052,0.0043,0.0047,0.0022,0.0097,0.0066,0.0060
2026-08-05 08:29:33.421,8.816667,94,19,0.177004,-0.0070,-162.26,0,0,0,63.0122,0.274,0.62483,0,0,0,0,0,0.089018,0.021321,0.080436,0.019313,0.072562,0.016431,0.065468,0.012801,0.055841,0.008982,0.045032,0.005479,0.033333,0.003845,0.021882,162.26,137.09,109.88,92.82,62.88,49.55,14.33,7.29,-33.81,-30.99,-81.58,-59.75,-132.55,-55.54,170.89,0.0349,0.0111,0.0024,0.0083,0.0028,0.0027,0.0028,0.0028,0.0052,0.0043,0.0047,0.0022,0.0097,0.0066,0.0060
2026-08-05 08:29:33.421,8.833333,94,20,0.169116,0.0055,-69.95,0,0,0,63.0122,0.274,0.62483,0,0,0,0,0,0.085351,0.018458,0.076874,0.016912,0.069240,0.014223,0.062679,0.011107,0.053556,0.007856,0.043179,0.005153,0.031998,0.004847,0.021312,69.95,-46.53,-167.39,85.62,-39.23,-140.35,87.47,-5.17,-145.71,137.05,-18.28,-70.76,105.79,103.47,-136.21,0.0349,0.0111,0.0024,0.0083,0.0028,0.0027,0.0028,0.0028,0.0052,0.0043,0.0047,0.0022,0.0097,0.0066,0.0060
2026-08-05 08:29:33.421,8.850000,94,21,0.178904,0.0031,-157.14,0,0,0,63.0122,0.274,0.62483,0,0,0,0,0,0.091019,0.016409,0.082094,0.015005,0.074136,0.012504,0.066743,0.009718,0.056545,0.007003,0.045520,0.005071,0.033400,0.005791,0.021667,157.14,128.83,94.81,77.17,37.74,27.15,-20.73,-20.72,-79.12,-59.70,-137.02,-85.80,161.82,-104.46,94.71,0.0349,0.0111,0.0024,0.0083,0.0028,0.0027,0.0028,0.0028,0.0052,0.0043,0.0047,0.0022,0.0097,0.0066,0.0060
2026-08-05 08:29:33.421,8.866667,94,22,0.190692,-0.0007,-141.91,0,0,0,63.0122,0.274,0.62483,0,0,0,0,0,0.096159,0.024129,0.087453,0.022132,0.078592,0.018925,0.070419,0.014846,0.059281,0.010650,0.047282,0.006809,0.034268,0.004997,0.021908,141.91,97.70,49.76,13.69,-37.37,-68.85,-125.98,-150.47,145.60,132.21,57.41,62.31,-33.90,17.75,-131.79,0.0349,0.0111,0.0024,0.0083,0.0028,0.0027,0.0028,0.0028,0.0052,0.0043,0.0047,0.0022,0.0097,0.0066,0.0060
2026-08-05 08:29:33.421,8.883333,94,23,0.195839,0.0060,23.58,0,0,0,63.0122,0.274,0.62483,0,0,0,0,0,0.100900,0.015302,0.091463,0.013778,0.082357,0.011605,0.073444,0.008659,0.061529,0.005788,0.048625,0.002836,0.034861,0.001603,0.021972,-23.58,123.83,-86.35,67.36,-144.08,10.81,156.54,-45.22,97.48,-98.50,38.25,-146.87,-24.00,-127.47,-94.30,0.0349,0.0111,0.0024,0.0083,0.0028,0.0027,0.0028,0.0028,0.0052,0.0043,0.0047,0.0022,0.0097,0.0066,0.0060
2026-08-05 08:29:33.421,8.900000,94,24,0.193857,-0.0010,164.44,0,0,0,63.0122,0.274,0.62483,0,0,0,0,0,0.099644,0.010499,0.090266,0.009343,0.081623,0.007932,0.073184,0.006008,0.061897,0.004112,0.049481,0.002059,0.036072,0.001013,0.023296,-164.44,-163.12,-149.29,-145.58,-128.87,-130.50,-110.14,-117.46,-90.79,-104.68,-71.69,-110.10,-55.10,178.34,-45.37,0.0349,0.0111,0.0024,0.0083,0.0028,0.0027,0.0028,0.0028,0.0052,0.0043,0.0047,0.0022,0.0097,0.0066,0.0060
2026-08-05 08:29:33.421,8.916667,94,25,0.181960,-0.0041,-140.44,0,0,0,63.0122,0.274,0.62483,0,0,0,0,0,0.093024,0.012085,0.084145,0.010814,0.076055,0.009163,0.068547,0.006797,0.058389,0.004554,0.047150,0.002019,0.034823,0.001666,0.023084,140.44,90.58,44.75,1.28,-45.49,-87.79,-137.51,-177.46,131.08,97.85,39.65,22.90,-54.34,17.78,-154.92,0.0349,0.0111,0.0024,0.0083,0.0028,0.0027,0.0028,0.0028,0.0052,0.0043,0.0047,0.0022,0.0097,0.0066,0.0060
2026-08-05 08:29:33.421,8.933333,94,26,0.191979,-0.0060,167.72,0,0,0,63.0122,0.274,0.62483,0,0,0,0,0,0.099683,0.008442,0.090054,0.008078,0.081291,0.007645,0.072578,0.006657,0.061081,0.005828,0.048452,0.004497,0.034689,0.002622,0.021466,-167.72,-176.34,-158.84,-170.65,-144.81,-167.35,-132.41,-164.43,-119.36,-157.45,-106.39,-156.39,-95.08,-152.63,-90.40,0.0349,0.0111,0.0024,0.0083,0.0028,0.0027,0.0028,0.0028,0.0052,0.0043,0.0047,0.0022,0.0097,0.0066,0.0060
2026-08-05 08:29:33.421,8.950000,94,27,0.399149,0.0092,24.18,0,0,0,63.0122,0.274,0.62483,0,0,0,0,0,0.193481,0.078167,0.180659,0.073413,0.160063,0.064486,0.135762,0.055590,0.106575,0.046211,0.075940,0.039929,0.047123,0.036175,0.024598,-24.18,132.02,-82.19,81.76,-137.23,34.66,168.11,-10.57,114.52,-52.10,64.15,-89.76,19.52,-126.00,-2.60,0.0349,0.0111,0.0024,0.0083,0.0028,0.0027,0.0028,0.0028,0.0052,0.0043,0.0047,0.0022,0.0097,0.0066,0.0060
2026-08-05 08:29:33.421,8.966667,94,28,0.310024,-0.0065,157.69,0,0,0,63.0122,0.274,0.62483,0,0,0,0,0,0.166583,0.007553,0.152466,0.007430,0.135898,0.007278,0.116124,0.006303,0.091914,0.004824,0.066314,0.002591,0.040327,0.000527,0.016134,-157.69,-162.18,-124.55,-137.83,-87.53,-114.14,-51.43,-89.60,-14.30,-59.57,23.80,-36.83,63.47,-138.16,109.55,0.0349,0.0111,0.0024,0.0083,0.0028,0.0027,0.0028,0.0028,0.0052,0.0043,0.0047,0.0022,0.0097,0.0066,0.0060
2026-08-05 08:29:33.421,8.983333,94,29,0.487525,-0.0191,176.70,0,0,0,63.0122,0.274,0.62483,0,0,0,0,0,0.220881,0.006743,0.202989,0.014179,0.177053,0.020211,0.145249,0.024993,0.108374,0.028039,0.070995,0.028772,0.036288,0.027948,0.007440,-176.70,77.10,179.33,76.73,178.44,72.27,177.06,69.66,175.95,68.60,175.17,70.08,172.80,75.70,153.49,0.0349,0.0111,0.0024,0.0083,0.0028,0.0027,0.0028,0.0028,0.0052,0.0043,0.0047,0.0022,0.0097,0.0066,0.0060
2026-08-05 08:29:33.431,9.000000,95,0,0.524993,-0.0060,93.14,0,0,0,63.0122,0.275,0.53571,0,0,0,0,0,0.277900,0.004587,0.256134,0.007187,0.226640,0.009398,0.189504,0.011442,0.146425,0.013089,0.105157,0.016226,0.070778,0.019947,0.054356,-93.14,-112.74,71.67,67.68,-120.01,-105.09,48.72,78.99,-139.89,-92.71,36.41,95.58,-138.03,-80.65,62.58,0.0354,0.0059,0.0117,0.0036,0.0016,0.0034,0.0043,0.0010,0.0024,0.0015,0.0066,0.0033,0.0049,0.0072,0.0022
2026-08-05 08:29:33.431,9.016667,95,1,0.285529,0.0074,151.19,0,0,0,63.0122,0.275,0.53571,0,0,0,0,0,0.143042,0.050563,0.132002,0.047136,0.117702,0.040264,0.101274,0.032867,0.081473,0.025113,0.059757,0.019310,0.037766,0.016845,0.016167,-151.19,-124.53,-105.31,-70.96,-55.93,-15.30,-7.11,43.28,42.38,105.65,92.82,176.66,144.07,-107.21,-162.80,0.0354,0.0059,0.0117,0.0036,0.0016,0.0034,0.0043,0.0010,0.0024,0.0015,0.0066,0.0033,0.0049,0.0072,0.0022
2026-08-05 08:29:33.431,9.033333,95,2,0.278219,-0.0140,137.57,0,0,0,63.0122,0.275,0.53571,0,0,0,0,0,0.143379,0.034911,0.132000,0.031802,0.118325,0.026492,0.102937,0.020174,0.083605,0.013682,0.062710,0.008412,0.041356,0.006794,0.020043,-137.57,-100.56,-65.02,-22.52,11.50,56.93,87.24,138.62,163.60,-134.89,-118.96,-34.28,-41.37,88.65,36.94,0.0354,0.0059,0.0117,0.0036,0.0016,0.0034,0.0043,0.0010,0.0024,0.0015,0.0066,0.0033,0.0049,0.0072,0.0022
2026-08-05 08:29:33.431,9.050000,95,3,0.306457,-0.0053,169.10,0,0,0,63.0122,0.275,0.53571,0,0,0,0,0,0.157403,0.045658,0.144803,0.042327,0.128915,0.036487,0.110043,0.029916,0.087043,0.023396,0.062926,0.018730,0.038398,0.016671,0.015739,-169.10,-159.80,-158.65,-141.14,-144.44,-120.37,-130.91,-97.00,-116.28,-68.77,-100.10,-34.47,-81.46,4.07,-49.62,0.0354,0.0059,0.0117,0.0036,0.0016,0.0034,0.0043,0.0010,0.0024,0.0015,0.0066,0.0033,0.0049,0.0072,0.0022
2026-08-05 08:29:33.431,9.066667,95,4,0.322280,0.0026,127.89,0,0,0,63.0122,0.275,0.53571,0,0,0,0,0,0.169827,0.035668,0.155977,0.032521,0.138402,0.027273,0.117746,0.021206,0.092337,0.015497,0.065545,0.011876,0.039088,0.011523,0.015636,-127.89,-79.99,-34.93,18.55,61.85,119.55,158.06,-135.88,-104.62,-24.94,-5.29,96.68,97.45,-136.73,-141.01,0.0354,0.0059,0.0117,0.0036,0.0016,0.0034,0.0043,0.0010,0.0024,0.0015,0.0066,0.0033,0.0049,0.0072,0.0022
2026-08-05 08:29:33.431,9.083333,95,5,0.308780,0.0153,54.72,0,0,0,63.0122,0.275,0.53571,0,0,0,0,0,0.161016,0.038159,0.147995,0.035112,0.131599,0.029846,0.112403,0.023594,0.088833,0.017410,0.064034,0.012737,0.039324,0.011121,0.017230,-54.72,65.48,-175.64,-49.79,67.28,-163.44,-50.25,85.39,-166.55,-20.70,79.20,-116.61,-31.57,154.99,-124.62,0.0354,0.0059,0.0117,0.0036,0.0016,0.0034,0.0043,0.0010,0.0024,0.0015,0.0066,0.0033,0.0049,0.0072,0.0022
2026-08-05 08:29:33.431,9.100000,95,6,0.282537,0.0047,-129.80,0,0,0,63.0122,0.275,0.53571,0,0,0,0,0,0.150113,0.013665,0.137540,0.012140,0.122525,0.009962,0.105887,0.007781,0.085283,0.005022,0.063063,0.002579,0.040384,0.002281,0.018619,129.80,67.65,16.63,-45.96,-92.14,-156.61,158.44,93.33,49.81,-14.33,-57.27,-102.67,-162.43,-144.82,100.66,0.0354,0.0059,0.0117,0.0036,0.0016,0.0034,0.0043,0.0010,0.0024,0.0015,0.0066,0.0033,0.0049,0.0072,0.0022
2026-08-05 08:29:33.431,9.116667,95,7,0.277777,0.0092,-43.19,0,0,0,63.0122,0.275,0.53571,0,0,0,0,0,0.146132,0.019084,0.134253,0.017348,0.119929,0.014629,0.104226,0.011667,0.084502,0.008595,0.063042,0.006071,0.041053,0.005337,0.019280,43.19,-101.40,116.64,-24.49,-165.66,55.10,-88.73,136.37,-11.41,-138.17,66.60,-40.38,144.37,72.58,-138.74,0.0354,0.0059,0.0117,0.0036,0.0016,0.0034,0.0043,0.0010,0.0024,0.0015,0.0066,0.0033,0.0049,0.0072,0.0022
2026-08-05 08:29:33.431,9.133333,95,8,0.210904,-0.0116,119.73,0,0,0,63.0122,0.275,0.53571,0,0,0,0,0,0.108882,0.015312,0.099151,0.013690,0.089089,0.011162,0.079307,0.008562,0.066573,0.006044,0.052081,0.004284,0.037048,0.004756,0.022155,-119.73,-64.64,-14.72,48.65,95.27,165.05,-155.87,-74.52,-46.92,51.14,62.27,-164.77,169.03,-15.18,-90.83,0.0354,0.0059,0.0117,0.0036,0.0016,0.0034,0.0043,0.0010,0.0024,0.0015,0.0066,0.0033,0.0049,0.0072,0.0022
2026-08-05 08:29:33.431,9.150000,95,9,0.308285,0.0018,-98.71,0,0,0,63.0122,0.275,0.53571,0,0,0,0,0,0.157458,0.048572,0.144682,0.045115,0.128528,0.039487,0.109443,0.032676,0.085903,0.026057,0.061132,0.021696,0.036519,0.019814,0.014384,98.71,16.06,-74.91,-148.68,115.14,48.42,-55.42,-112.04,135.09,92.26,-32.38,-57.44,163.58,154.49,18.16,0.0354,0.0059,0.0117,0.0036,0.0016,0.0034,0.0043,0.0010,0.0024,0.0015,0.0066,0.0033,0.0049,0.0072,0.0022
2026-08-05 08:29:33.431,9.166667,95,10,0.316817,-0.0063,139.89,0,0,0,63.0122,0.275,0.53571,0,0,0,0,0,0.168372,0.024454,0.154814,0.021982,0.137420,0.018044,0.117113,0.013601,0.092357,0.009246,0.066132,0.007281,0.040192,0.008361,0.016783,-139.89,-106.16,-71.19,-33.56,1.38,41.56,73.49,120.74,146.73,-150.84,-138.06,-45.33,-59.55,59.43,35.81,0.0354,0.0059,0.0117,0.0036,0.0016,0.0034,0.0043,0.0010,0.0024,0.0015,0.0066,0.0033,0.0049,0.0072,0.0022
2026-08-05 08:29:33.431,9.183333,95,11,0.329459,0.0132,8.50,0,0,0,63.0122,0.275,0.53571,0,0,0,0,0,0.175357,0.022021,0.161351,0.020467,0.143431,0.017510,0.122317,0.013832,0.096669,0.009667,0.069611,0.005157,0.042793,0.001534,0.018468,-8.50,149.19,-36.93,116.11,-61.63,84.46,-86.70,53.34,-110.71,23.66,-132.84,0.91,-152.17,38.51,-156.93,0.0354,0.0059,0.0117,0.0036,0.0016,0.0034,0.0043,0.0010,0.0024,0.0015,0.0066,0.0033,0.0049,0.0072,0.0022
2026-08-05 08:29:33.431,9.200000,95,12,0.339851,-0.0136,145.47,0,0,0,63.0122,0.275,0.53571,0,0,0,0,0,0.180888,0.020219,0.166665,0.018051,0.148048,0.014601,0.126009,0.010719,0.099329,0.006939,0.071620,0.005155,0.044409,0.006381,0.021495,-145.47,-118.67,-87.44,-59.29,-25.73,2.66,35.73,68.25,98.51,143.99,163.79,-117.85,-126.56,-21.84,-38.36,0.0354,0.0059,0.0117,0.0036,0.0016,0.0034,0.0043,0.0010,0.0024,0.0015,0.0066,0.0033,0.0049,0.0072,0.0022
2026-08-05 08:29:33.431,9.216667,95,13,0.344932,0.0106,34.24,0,0,0,63.0122,0.275,0.53571,0,0,0,0,0,0.185037,0.017581,0.170044,0.016163,0.150802,0.013753,0.127497,0.010618,0.099121,0.008066,0.070028,0.007452,0.041310,0.008528,0.017021,-34.24,105.10,-113.91,27.16,170.08,-46.66,93.86,-115.12,18.74,-176.88,-54.21,132.59,-122.23,81.66,-167.30,0.0354,0.0059,0.0117,0.0036,0.0016,0.0034,0.0043,0.0010,0.0024,0.0015,0.0066,0.0033,0.0049,0.0072,0.0022
2026-08-05 08:29:33.431,9.233333,95,14,0.333364,0.0021,-100.45,0,0,0,63.0122,0.275,0.53571,0,0,0,0,0,0.179546,0.004236,0.165075,0.006144,0.146162,0.007051,0.123557,0.007180,0.096358,0.006271,0.067940,0.004408,0.040193,0.003232,0.016970,100.45,-22.16,-70.23,149.52,122.89,-27.38,-44.30,163.21,149.69,-1.32,-13.91,-152.69,-173.11,84.89,50.19,0.0354,0.0059,0.0117,0.0036,0.0016,0.0034,0.0043,0.0010,0.0024,0.0015,0.0066,0.0033,0.0049,0.0072,0.0022
2026-08-05 08:29:33.431,9.250000,95,15,0.293106,0.0263,63.62,0,0,0,63.0122,0.275,0.53571,0,0,0,0,0,0.150431,0.044860,0.138073,0.041492,0.122507,0.036007,0.104556,0.029746,0.082722,0.023809,0.059456,0.019602,0.035923,0.017771,0.013803,-63.62,50.50,157.65,-79.00,22.89,153.00,-112.68,27.76,112.61,-92.98,-20.30,152.19,-151.41,39.57,89.47,0.0354,0.0059,0.0117,0.0036,0.0016,0.0034,0.0043,0.0010,0.0024,0.0015,0.0066,0.0033,0.0049,0.0072,0.0022
2026-08-05 08:29:33.431,9.266667,95,16,0.320029,-0.0041,-102.72,0,0,0,63.0122,0.275,0.53571,0,0,0,0,0,0.169161,0.025892,0.155931,0.023538,0.138763,0.019293,0.118826,0.014673,0.094453,0.010537,0.068542,0.008372,0.042629,0.008773,0.018093,102.72,20.47,-63.25,-139.38,134.49,62.35,-28.23,-91.62,169.87,122.12,9.68,-10.92,-148.60,-142.74,62.73,0.0354,0.0059,0.0117,0.0036,0.0016,0.0034,0.0043,0.0010,0.0024,0.0015,0.0066,0.0033,0.0049,0.0072,0.0022
2026-08-05 08:29:33.431,9.283333,95,17,0.333686,0.0347,93.77,0,0,0,63.0122,0.275,0.53571,0,0,0,0,0,0.175901,0.030160,0.162558,0.027313,0.144387,0.023592,0.122476,0.019463,0.095947,0.015146,0.068339,0.012102,0.041032,0.011112,0.018736,-93.77,-11.42,67.74,155.90,-127.14,-33.75,37.47,139.85,-156.56,-42.99,12.39,139.77,-174.09,-32.03,21.56,0.0354,0.0059,0.0117,0.0036,0.0016,0.0034,0.0043,0.0010,0.0024,0.0015,0.0066,0.0033,0.0049,0.0072,0.0022
2026-08-05 08:29:33.431,9.300000,95,18,0.259169,-0.0008,-67.14,0,0,0,63.0122,0.275,0.53571,0,0,0,0,0,0.135406,0.019398,0.124391,0.017669,0.111387,0.014436,0.097193,0.010785,0.079025,0.006962,0.059174,0.004600,0.038637,0.005470,0.017852,67.14,-50.77,-171.86,75.96,-46.58,-154.68,77.76,-23.04,-157.40,117.05,-31.71,-80.48,93.73,91.82,-141.93,0.0354,0.0059,0.0117,0.0036,0.0016,0.0034,0.0043,0.0010,0.0024,0.0015,0.0066,0.0033,0.0049,0.0072,0.0022
2026-08-05 08:29:33.431,9.316667,95,19,0.252962,0.0045,-84.21,0,0,0,63.0122,0.275,0.53571,0,0,0,0,0,0.130790,0.001934,0.120248,0.002591,0.108678,0.002976,0.096139,0.003453,0.080002,0.003658,0.062348,0.003831,0.043573,0.003652,0.024209,84.21,24.46,-121.70,-175.02,36.88,-11.33,-165.54,146.31,-7.65,-55.54,150.65,104.06,-52.14,-94.25,101.52,0.0354,0.0059,0.0117,0.0036,0.0016,0.0034,0.0043,0.0010,0.0024,0.0015,0.0066,0.0033,0.0049,0.0072,0.0022
2026-08-05 08:29:33.431,9.333333,95,20,0.221398,-0.0036,-127.98,0,0,0,63.0122,0.275,0.53571,0,0,0,0,0,0.111028,0.010481,0.101864,0.011141,0.092772,0.011548,0.083780,0.011959,0.071822,0.011820,0.058330,0.011380,0.043868,0.010403,0.028444,127.98,80.68,8.68,-24.81,-105.67,-131.41,138.60,119.63,23.36,7.22,-91.35,-105.82,152.58,140.02,33.10,0.0354,0.0059,0.0117,0.0036,0.0016,0.0034,0.0043,0.0010,0.0024,0.0015,0.0066,0.0033,0.0049,0.0072,0.0022
2026-08-05 08:29:33.431,9.350000,95,21,0.221277,-0.0015,-132.71,0,0,0,63.0122,0.275,0.53571,0,0,0,0,0,0.112609,0.006083,0.103212,0.006566,0.093720,0.006904,0.084185,0.007245,0.071722,0.007404,0.057921,0.007404,0.042808,0.007020,0.026700,132.71,93.29,22.85,-3.28,-82.17,-99.90,171.59,158.93,65.91,55.69,-39.17,-47.52,-145.24,-151.75,105.84,0.0354,0.0059,0.0117,0.0036,0.0016,0.0034,0.0043,0.0010,0.0024,0.0015,0.0066,0.0033,0.0049,0.0072,0.0022
2026-08-05 08:29:33.431,9.366667,95,22,0.312826,0.0090,-130.55,0,0,0,63.0122,0.275,0.53571,0,0,0,0,0,0.163510,0.010260,0.150828,0.007996,0.135702,0.005260,0.117921,0.003034,0.096078,0.004910,0.072716,0.008408,0.048874,0.011257,0.026353,130.55,-116.19,19.18,129.55,-88.07,6.99,164.16,-152.16,57.36,39.22,-47.81,-85.90,-150.46,161.12,115.24,0.0354,0.0059,0.0117,0.0036,0.0016,0.0034,0.0043,0.0010,0.0024,0.0015,0.0066,0.0033,0.0049,0.0072,0.0022
2026-08-05 08:29:33.431,9.383333,95,23,0.276962,-0.0044,175.78,0,0,0,63.0122,0.275,0.53571,0,0,0,0,0,0.143452,0.007478,0.132068,0.009027,0.119259,0.010645,0.104680,0.012033,0.086282,0.012734,0.066522,0.012989,0.045626,0.012496,0.024597,-175.78,-155.61,179.82,-145.27,179.70,-138.16,178.71,-136.59,178.56,-137.62,179.47,-139.46,-178.72,-142.40,-173.25,0.0354,0.0059,0.0117,0.0036,0.0016,0.0034,0.0043,0.0010,0.0024,0.0015,0.0066,0.0033,0.0049,0.0072,0.0022
2026-08-05 08:29:33.431,9.400000,95,24,0.271850,-0.0048,82.31,0,0,0,63.0122,0.275,0.53571,0,0,0,0,0,0.137446,0.026047,0.126515,0.026392,0.114107,0.026477,0.100266,0.026032,0.082952,0.024700,0.064058,0.022460,0.044021,0.019187,0.023398,-82.31,19.99,100.56,-142.49,-72.47,54.07,113.57,-111.18,-59.79,82.67,127.64,-84.49,-44.86,108.60,142.34,0.0354,0.0059,0.0117,0.0036,0.0016,0.0034,0.0043,0.0010,0.0024,0.0015,0.0066,0.0033,0.0049,0.0072,0.0022
2026-08-05 08:29:33.431,9.416667,95,25,0.274520,-0.0000,-137.58,0,0,0,63.0122,0.275,0.53571,0,0,0,0,0,0.139958,0.016180,0.128901,0.017934,0.116337,0.019704,0.102532,0.020897,0.084847,0.020945,0.065755,0.020045,0.045468,0.017985,0.024670,137.58,106.77,39.71,26.86,-53.80,-55.89,-148.24,-142.05,118.01,129.72,25.33,40.23,-66.78,-49.37,-157.20,0.0354,0.0059,0.0117,0.0036,0.0016,0.0034,0.0043,0.0010,0.0024,0.0015,0.0066,0.0033,0.0049,0.0072,0.0022
2026-08-05 08:29:33.431,9.433333,95,26,0.271543,-0.0040,151.90,0,0,0,63.0122,0.275,0.53571,0,0,0,0,0,0.135086,0.033884,0.124111,0.033358,0.111813,0.032291,0.098193,0.030621,0.080793,0.028059,0.061945,0.024705,0.041831,0.020582,0.021134,-151.90,-120.78,-108.30,-63.52,-60.48,-6.08,-13.55,50.72,34.03,107.27,82.36,164.39,130.90,-137.20,-179.64,0.0354,0.0059,0.0117,0.0036,0.0016,0.0034,0.0043,0.0010,0.0024,0.0015,0.0066,0.0033,0.0049,0.0072,0.0022
2026-08-05 08:29:33.431,9.450000,95,27,0.276461,-0.0151,161.06,0,0,0,63.0122,0.275,0.53571,0,0,0,0,0,0.140876,0.031192,0.129127,0.031804,0.115318,0.031833,0.099563,0.031021,0.079810,0.029086,0.058811,0.025671,0.037043,0.021164,0.015390,-161.06,-134.56,-135.65,-91.93,-106.08,-49.88,-77.57,-9.43,-48.70,30.46,-19.37,70.48,9.07,112.25,33.96,0.0354,0.0059,0.0117,0.0036,0.0016,0.0034,0.0043,0.0010,0.0024,0.0015,0.0066,0.0033,0.0049,0.0072,0.0022
2026-08-05 08:29:33.431,9.466667,95,28,0.299167,0.0029,-162.30,0,0,0,63.0122,0.275,0.53571,0,0,0,0,0,0.160374,0.009712,0.147207,0.011462,0.130745,0.012732,0.111582,0.013061,0.088086,0.012102,0.063394,0.010096,0.038246,0.006928,0.014142,162.30,166.39,114.64,139.29,70.83,108.37,26.14,72.80,-18.21,35.74,-62.16,-2.38,-106.79,-39.49,-154.69,0.0354,0.0059,0.0117,0.0036,0.0016,0.0034,0.0043,0.0010,0.0024,0.0015,0.0066,0.0033,0.0049,0.0072,0.0022
2026-08-05 08:29:33.431,9.483333,95,29,0.277763,0.0012,-147.12,0,0,0,63.0122,0.275,0.53571,0,0,0,0,0,0.143407,0.045195,0.130132,0.044603,0.113983,0.042771,0.095226,0.039627,0.072475,0.034846,0.049136,0.028586,0.026243,0.021511,0.005937,147.12,120.24,69.73,58.87,-3.73,-2.67,-78.50,-65.17,-153.20,-128.04,131.89,169.95,54.18,110.64,-53.13,0.0354,0.0059,0.0117,0.0036,0.0016,0.0034,0.0043,0.0010,0.0024,0.0015,0.0066,0.0033,0.0049,0.0072,0.0022
2026-08-05 08:29:35.982,11.500000,100,0,0.224905,-0.0023,-101.66,0,0,0,63.0122,0.347,1.33071,0,0,0,0,0,0.111478,0.023620,0.101703,0.024441,0.091897,0.025098,0.081997,0.025192,0.069293,0.024083,0.055851,0.021955,0.041126,0.018749,0.027203,101.66,31.58,-69.11,-119.85,124.56,87.36,-43.26,-68.30,148.72,134.54,-19.39,-23.74,170.10,177.46,-6.86,0.0123,0.0024,0.0045,0.0015,0.0024,0.0079,0.0042,0.0031,0.0045,0.0061,0.0042,0.0058,0.0036,0.0034,0.0033
2026-08-05 08:29:35.982,11.516667,100,1,0.189417,0.0043,9.92,0,0,0,63.0122,0.347,1.33071,0,0,0,0,0,0.092041,0.008699,0.083880,0.010731,0.076541,0.012671,0.070434,0.014283,0.061952,0.014877,0.052405,0.014668,0.041582,0.013456,0.031068,-9.92,179.97,-46.80,167.40,-78.26,148.96,-111.22,126.11,-144.12,100.47,-176.71,73.03,148.56,45.12,109.06,0.0123,0.0024,0.0045,0.0015,0.0024,0.0079,0.0042,0.0031,0.0045,0.0061,0.0042,0.0058,0.0036,0.0034,0.0033
2026-08-05 08:29:35.982,11.533333,100,2,0.202290,-0.0140,159.29,0,0,0,63.0122,0.347,1.33071,0,0,0,0,0,0.100139,0.014790,0.091375,0.015600,0.083054,0.015954,0.075224,0.016190,0.064870,0.015835,0.053545,0.014642,0.040826,0.012740,0.028840,-159.29,-130.82,-133.35,-86.35,-102.42,-42.42,-73.12,-1.09,-43.83,37.09,-14.53,74.69,12.68,111.02,34.22,0.0123,0.0024,0.0045,0.0015,0.0024,0.0079,0.0042,0.0031,0.0045,0.0061,0.0042,0.0058,0.0036,0.0034,0.0033
2026-08-05 08:29:35.982,11.550000,100,3,0.190633,0.0019,-152.50,0,0,0,63.0122,0.347,1.33071,0,0,0,0,0,0.092370,0.018924,0.083939,0.019544,0.076206,0.020099,0.069401,0.020334,0.060073,0.019845,0.050206,0.018549,0.038858,0.016432,0.028219,152.50,131.16,81.11,79.29,14.97,25.87,-52.81,-29.96,-120.81,-87.76,171.42,-147.13,101.26,152.22,24.99,0.0123,0.0024,0.0045,0.0015,0.0024,0.0079,0.0042,0.0031,0.0045,0.0061,0.0042,0.0058,0.0036,0.0034,0.0033
2026-08-05 08:29:35.982,11.566667,100,4,0.190522,-0.0011,64.29,0,0,0,63.0122,0.347,1.33071,0,0,0,0,0,0.093768,0.008591,0.084292,0.010513,0.077649,0.011811,0.071530,0.012585,0.062159,0.012858,0.052322,0.012254,0.041323,0.010543,0.030805,-64.29,66.88,147.41,-64.87,6.15,164.86,-137.07,33.57,79.85,-100.08,-63.14,119.55,151.53,-20.27,1.30,0.0123,0.0024,0.0045,0.0015,0.0024,0.0079,0.0042,0.0031,0.0045,0.0061,0.0042,0.0058,0.0036,0.0034,0.0033
2026-08-05 08:29:35.982,11.583333,100,5,0.192945,0.0687,-50.87,0,0,0,63.0122,0.347,1.33071,0,0,0,0,0,0.094199,0.018307,0.085291,0.018543,0.077155,0.018820,0.070397,0.019070,0.061446,0.018811,0.051425,0.017771,0.039860,0.015764,0.028731,50.87,-71.43,136.18,32.17,-133.55,134.13,-45.17,-126.79,43.55,-29.34,132.67,66.85,-140.41,162.25,-59.08,0.0123,0.0024,0.0045,0.0015,0.0024,0.0079,0.0042,0.0031,0.0045,0.0061,0.0042,0.0058,0.0036,0.0034,0.0033
2026-08-05 08:29:35.982,11.600000,100,6,0.203220,0.0274,-57.42,0,0,0,63.0122,0.347,1.33071,0,0,0,0,0,0.100532,0.017038,0.091493,0.017459,0.082986,0.017671,0.074997,0.017621,0.064432,0.016696,0.053138,0.014982,0.040570,0.012496,0.029025,57.42,-57.98,156.54,60.46,-99.37,177.99,3.03,-67.27,105.34,46.20,-152.57,157.97,-53.03,-91.33,40.05,0.0123,0.0024,0.0045,0.0015,0.0024,0.0079,0.0042,0.0031,0.0045,0.0061,0.0042,0.0058,0.0036,0.0034,0.0033
2026-08-05 08:29:35.982,11.616667,100,7,0.209124,0.0412,-30.62,0,0,0,63.0122,0.347,1.33071,0,0,0,0,0,0.105009,0.017068,0.095670,0.017648,0.086296,0.017933,0.077310,0.017910,0.065489,0.016881,0.052640,0.015199,0.038681,0.012440,0.026227,30.62,-111.09,76.49,-45.78,127.14,18.34,176.34,80.11,-134.60,141.05,-85.98,-160.70,-40.05,-102.13,-1.84,0.0123,0.0024,0.0045,0.0015,0.0024,0.0079,0.0042,0.0031,0.0045,0.0061,0.0042,0.0058,0.0036,0.0034,0.0033
2026-08-05 08:29:35.982,11.633333,100,8,0.198290,0.0052,-55.29,0,0,0,63.0122,0.347,1.33071,0,0,0,0,0,0.097253,0.020837,0.088149,0.021345,0.079645,0.021847,0.071966,0.022160,0.061459,0.021305,0.050250,0.019438,0.038192,0.016706,0.027247,55.29,-62.21,149.79,51.68,-110.84,164.30,-12.93,-85.07,84.84,24.36,-177.79,132.03,-83.74,-121.80,3.72,0.0123,0.0024,0.0045,0.0015,0.0024,0.0079,0.0042,0.0031,0.0045,0.0061,0.0042,0.0058,0.0036,0.0034,0.0033
2026-08-05 08:29:35.982,11.650000,100,9,0.223723,-0.0030,133.18,0,0,0,63.0122,0.347,1.33071,0,0,0,0,0,0.112795,0.021521,0.102604,0.022654,0.092059,0.023887,0.081547,0.024695,0.067742,0.023827,0.053012,0.021532,0.037580,0.018172,0.024012,-133.18,-74.97,-54.16,25.36,29.30,122.88,111.33,-142.40,-166.71,-48.29,-85.43,44.30,-7.71,135.85,61.67,0.0123,0.0024,0.0045,0.0015,0.0024,0.0079,0.0042,0.0031,0.0045,0.0061,0.0042,0.0058,0.0036,0.0034,0.0033
2026-08-05 08:29:35.982,11.666667,100,10,0.206098,-0.0048,129.63,0,0,0,63.0122,0.347,1.33071,0,0,0,0,0,0.103090,0.011985,0.094019,0.014361,0.085298,0.016791,0.076401,0.018445,0.065210,0.019093,0.052380,0.017721,0.039044,0.015684,0.026025,-129.63,-60.85,-44.96,47.02,45.05,151.30,133.20,-110.94,-138.36,-13.86,-49.85,81.06,35.78,174.73,115.67,0.0123,0.0024,0.0045,0.0015,0.0024,0.0079,0.0042,0.0031,0.0045,0.0061,0.0042,0.0058,0.0036,0.0034,0.0033
2026-08-05 08:29:35.982,11.683333,100,11,0.186690,-0.0044,64.32,0,0,0,63.0122,0.347,1.33071,0,0,0,0,0,0.091188,0.012634,0.082947,0.014058,0.075441,0.015372,0.069098,0.016577,0.060226,0.016849,0.050072,0.015838,0.038943,0.014103,0.028566,-64.32,62.73,150.13,-61.20,9.97,171.31,-131.75,39.55,86.83,-93.69,-54.46,130.80,161.37,-8.04,12.65,0.0123,0.0024,0.0045,0.0015,0.0024,0.0079,0.0042,0.0031,0.0045,0.0061,0.0042,0.0058,0.0036,0.0034,0.0033
2026-08-05 08:29:35.982,11.700000,100,12,0.227523,0.0039,-118.89,0,0,0,63.0122,0.347,1.33071,0,0,0,0,0,0.113567,0.026112,0.103589,0.025769,0.093334,0.025135,0.083326,0.024325,0.070123,0.022553,0.055826,0.019786,0.040318,0.016494,0.025770,118.89,62.98,-17.42,-56.44,-149.51,-177.01,77.10,61.45,-56.09,-59.83,170.58,178.12,34.75,54.89,-107.01,0.0123,0.0024,0.0045,0.0015,0.0024,0.0079,0.0042,0.0031,0.0045,0.0061,0.0042,0.0058,0.0036,0.0034,0.0033
2026-08-05 08:29:35.982,11.716667,100,13,0.195710,-0.0091,-132.14,0,0,0,63.0122,0.347,1.33071,0,0,0,0,0,0.096365,0.017762,0.087660,0.017938,0.079578,0.017744,0.072407,0.017489,0.062558,0.016429,0.051612,0.014607,0.039677,0.012112,0.028220,132.14,88.44,20.49,-5.68,-86.24,-101.02,165.53,162.05,57.54,64.67,-50.32,-35.01,-161.48,-137.09,82.75,0.0123,0.0024,0.0045,0.0015,0.0024,0.0079,0.0042,0.0031,0.0045,0.0061,0.0042,0.0058,0.0036,0.0034,0.0033
2026-08-05 08:29:35.982,11.733333,100,14,0.169024,-0.0016,-116.34,0,0,0,63.0122,0.347,1.33071,0,0,0,0,0,0.082453,0.009569,0.074776,0.010647,0.067998,0.011438,0.062533,0.012257,0.054987,0.012616,0.046188,0.011891,0.036448,0.010602,0.027636,116.34,61.90,-29.31,-61.11,-168.91,172.71,49.49,41.87,-91.77,-89.73,127.28,136.22,-17.18,-0.85,-166.47,0.0123,0.0024,0.0045,0.0015,0.0024,0.0079,0.0042,0.0031,0.0045,0.0061,0.0042,0.0058,0.0036,0.0034,0.0033
2026-08-05 08:29:35.982,11.750000,100,15,0.192735,0.0068,-44.86,0,0,0,63.0122,0.347,1.33071,0,0,0,0,0,0.095567,0.006803,0.087300,0.008582,0.079480,0.009970,0.072532,0.011153,0.063159,0.011716,0.052403,0.011177,0.040265,0.009933,0.028950,44.86,-71.18,117.84,24.82,-163.64,116.31,-86.77,-158.96,-9.61,-75.14,67.92,6.99,142.86,84.66,-146.55,0.0123,0.0024,0.0045,0.0015,0.0024,0.0079,0.0042,0.0031,0.0045,0.0061,0.0042,0.0058,0.0036,0.0034,0.0033
2026-08-05 08:29:35.982,11.766667,100,16,0.184403,-0.0056,149.50,0,0,0,63.0122,0.347,1.33071,0,0,0,0,0,0.090543,0.016303,0.082052,0.016810,0.074317,0.017325,0.067628,0.017397,0.058711,0.016965,0.048453,0.015346,0.037222,0.012988,0.027207,-149.50,-112.18,-105.42,-48.73,-56.07,14.02,-8.24,74.18,39.52,133.16,87.38,-168.62,131.76,-113.89,171.07,0.0123,0.0024,0.0045,0.0015,0.0024,0.0079,0.0042,0.0031,0.0045,0.0061,0.0042,0.0058,0.0036,0.0034,0.0033
2026-08-05 08:29:35.982,11.783333,100,17,0.177148,0.0046,46.43,0,0,0,63.0122,0.347,1.33071,0,0,0,0,0,0.084947,0.015571,0.076877,0.016265,0.070234,0.016949,0.064779,0.017456,0.057222,0.017573,0.048368,0.016602,0.038286,0.014917,0.029038,-46.43,92.82,-157.00,0.75,98.14,-91.86,-8.37,172.48,-114.64,75.70,139.71,-22.68,30.89,-124.32,-81.65,0.0123,0.0024,0.0045,0.0015,0.0024,0.0079,0.0042,0.0031,0.0045,0.0061,0.0042,0.0058,0.0036,0.0034,0.0033
2026-08-05 08:29:35.982,11.800000,100,18,0.174992,0.0007,-100.71,0,0,0,63.0122,0.347,1.33071,0,0,0,0,0,0.084308,0.014464,0.076264,0.015478,0.069320,0.016363,0.063732,0.017123,0.055911,0.017091,0.047109,0.016049,0.037244,0.013974,0.028846,100.71,30.15,-75.70,-125.06,113.47,78.07,-59.00,-82.01,128.45,115.93,-43.90,-47.20,140.19,146.16,-40.26,0.0123,0.0024,0.0045,0.0015,0.0024,0.0079,0.0042,0.0031,0.0045,0.0061,0.0042,0.0058,0.0036,0.0034,0.0033
2026-08-05 08:29:35.982,11.816667,100,19,0.169691,-0.0062,-178.85,0,0,0,63.0122,0.347,1.33071,0,0,0,0,0,0.081823,0.009993,0.074102,0.011146,0.067422,0.012217,0.062589,0.013194,0.055376,0.013420,0.047118,0.012932,0.037656,0.011418,0.029692,178.85,-170.71,158.18,-167.50,143.27,-168.06,126.88,-171.86,110.45,-177.51,94.27,175.19,75.07,166.11,51.29,0.0123,0.0024,0.0045,0.0015,0.0024,0.0079,0.0042,0.0031,0.0045,0.0061,0.0042,0.0058,0.0036,0.0034,0.0033
2026-08-05 08:29:35.982,11.833333,100,20,0.184409,0.0079,0.80,0,0,0,63.0122,0.347,1.33071,0,0,0,0,0,0.090161,0.003757,0.082615,0.007023,0.075137,0.009377,0.069287,0.011495,0.060668,0.012358,0.051056,0.012539,0.039819,0.011462,0.029856,-0.80,-125.75,-19.36,-127.58,-32.62,-138.07,-47.14,-149.57,-61.64,-163.03,-75.34,-175.60,-92.06,167.26,-112.58,0.0123,0.0024,0.0045,0.0015,0.0024,0.0079,0.0042,0.0031,0.0045,0.0061,0.0042,0.0058,0.0036,0.0034,0.0033
2026-08-05 08:29:35.982,11.850000,100,21,0.376887,-0.0074,-175.50,0,0,0,63.0122,0.347,1.33071,0,0,0,0,0,0.201512,0.008024,0.186857,0.010747,0.165577,0.012151,0.140590,0.012553,0.109698,0.010832,0.078374,0.008118,0.046347,0.003339,0.019996,175.50,-50.60,156.24,-90.15,140.31,-116.05,124.09,-140.54,109.05,-161.34,95.79,178.11,86.94,160.77,95.21,0.0123,0.0024,0.0045,0.0015,0.0024,0.0079,0.0042,0.0031,0.0045,0.0061,0.0042,0.0058,0.0036,0.0034,0.0033
2026-08-05 08:29:35.982,11.866667,100,22,0.416188,-0.0047,-171.33,0,0,0,63.0122,0.347,1.33071,0,0,0,0,0,0.222498,0.017886,0.205222,0.022349,0.181595,0.026066,0.152439,0.027795,0.117662,0.026672,0.082042,0.023094,0.047112,0.017329,0.020198,171.33,-170.84,144.19,-175.89,120.32,171.95,96.23,155.76,73.39,138.93,52.82,122.86,38.15,111.87,48.13,0.0123,0.0024,0.0045,0.0015,0.0024,0.0079,0.0042,0.0031,0.0045,0.0061,0.0042,0.0058,0.0036,0.0034,0.0033
2026-08-05 08:29:35.982,11.883333,100,23,0.410891,0.0144,-116.47,0,0,0,63.0122,0.347,1.33071,0,0,0,0,0,0.221458,0.013912,0.204010,0.017358,0.179899,0.019738,0.150322,0.020599,0.114925,0.018875,0.078971,0.015436,0.043943,0.011093,0.019185,116.47,80.13,-20.40,-33.85,-153.94,-154.81,72.33,80.56,-59.98,-43.64,170.13,-165.27,47.53,85.69,-44.05,0.0123,0.0024,0.0045,0.0015,0.0024,0.0079,0.0042,0.0031,0.0045,0.0061,0.0042,0.0058,0.0036,0.0034,0.0033
2026-08-05 08:29:35.982,11.900000,100,24,0.362005,0.0091,-137.05,0,0,0,63.0122,0.347,1.33071,0,0,0,0,0,0.191134,0.037774,0.174663,0.036835,0.155216,0.034947,0.130987,0.032294,0.102057,0.028433,0.071963,0.023950,0.041761,0.018926,0.015682,137.05,101.79,40.40,19.56,-52.57,-60.72,-146.22,-142.18,121.25,138.25,29.99,59.49,-57.27,-13.79,-128.85,0.0123,0.0024,0.0045,0.0015,0.0024,0.0079,0.0042,0.0031,0.0045,0.0061,0.0042,0.0058,0.0036,0.0034,0.0033
2026-08-05 08:29:35.982,11.916667,100,25,0.217274,-0.0011,129.14,0,0,0,63.0122,0.347,1.33071,0,0,0,0,0,0.110003,0.023233,0.099682,0.024072,0.089330,0.024632,0.078764,0.024817,0.065155,0.023645,0.050590,0.021519,0.034798,0.017498,0.021218,-129.14,-69.30,-42.31,36.57,49.29,141.91,139.21,-115.52,-130.69,-13.48,-41.23,87.10,45.30,-171.97,122.06,0.0123,0.0024,0.0045,0.0015,0.0024,0.0079,0.0042,0.0031,0.0045,0.0061,0.0042,0.0058,0.0036,0.0034,0.0033
2026-08-05 08:29:35.982,11.933333,100,26,0.241371,-0.0162,-170.01,0,0,0,63.0122,0.347,1.33071,0,0,0,0,0,0.123794,0.016479,0.113099,0.018523,0.101684,0.020558,0.089506,0.021840,0.074165,0.021815,0.057532,0.020140,0.039394,0.016572,0.022847,170.01,175.89,136.50,164.25,107.12,148.11,76.64,128.02,46.36,106.40,16.09,82.94,-15.76,59.92,-54.77,0.0123,0.0024,0.0045,0.0015,0.0024,0.0079,0.0042,0.0031,0.0045,0.0061,0.0042,0.0058,0.0036,0.0034,0.0033
2026-08-05 08:29:35.982,11.950000,100,27,0.343054,0.0021,58.36,0,0,0,63.0122,0.347,1.33071,0,0,0,0,0,0.182960,0.010854,0.169627,0.011464,0.150649,0.010938,0.128242,0.009912,0.101134,0.008360,0.072353,0.005825,0.043090,0.003310,0.016100,-58.36,-141.17,174.38,77.20,50.24,-62.13,-74.09,162.80,162.03,24.24,39.43,-118.39,-81.21,81.99,164.96,0.0123,0.0024,0.0045,0.0015,0.0024,0.0079,0.0042,0.0031,0.0045,0.0061,0.0042,0.0058,0.0036,0.0034,0.0033
2026-08-05 08:29:35.982,11.966667,100,28,0.398505,0.0079,-90.64,0,0,0,63.0122,0.347,1.33071,0,0,0,0,0,0.215192,0.011228,0.198385,0.015175,0.174961,0.018001,0.146248,0.018715,0.112101,0.017125,0.076842,0.013153,0.042754,0.007767,0.016925,90.64,33.90,-97.98,-132.56,76.66,51.38,-108.86,-128.25,66.75,51.48,-115.19,-126.79,69.01,65.87,-76.27,0.0123,0.0024,0.0045,0.0015,0.0024,0.0079,0.0042,0.0031,0.0045,0.0061,0.0042,0.0058,0.0036,0.0034,0.0033
2026-08-05 08:29:35.982,11.983333,100,29,0.290501,-0.0116,-168.45,0,0,0,63.0122,0.347,1.33071,0,0,0,0,0,0.151432,0.036296,0.137203,0.037341,0.121018,0.036927,0.102597,0.036091,0.079451,0.033418,0.055636,0.028954,0.031342,0.023249,0.010027,168.45,166.30,132.68,148.56,101.22,130.21,68.39,110.88,35.62,90.29,3.14,70.87,-32.15,52.76,-87.75,0.0123,0.0024,0.0045,0.0015,0.0024,0.0079,0.0042,0.0031,0.0045,0.0061,0.0042,0.0058,0.0036,0.0034,0.0033
2026-08-05 08:29:35.996,12.000000,101,0,0.314190,0.0028,-178.51,0,0,0,63.0122,0.266,0.88330,0,0,0,0,0,0.161273,0.039690,0.147523,0.040269,0.131456,0.039045,0.113394,0.037216,0.090521,0.033657,0.066778,0.028150,0.042294,0.021624,0.019112,178.51,-175.88,163.23,-175.28,152.11,-175.20,139.92,-175.90,127.88,-177.80,116.49,-178.81,104.24,-178.42,87.42,0.0204,0.0085,0.0042,0.0068,0.0049,0.0048,0.0016,0.0012,0.0024,0.0028,0.0072,0.0051,0.0009,0.0050,0.0046
2026-08-05 08:29:35.996,12.016667,101,1,0.279639,0.0017,-168.24,0,0,0,63.0122,0.266,0.88330,0,0,0,0,0,0.143607,0.033043,0.130934,0.034356,0.116162,0.034507,0.100055,0.034297,0.079675,0.032455,0.058245,0.028600,0.036254,0.023744,0.016626,168.24,166.63,131.86,149.03,99.65,130.21,66.15,109.98,32.44,88.23,-1.06,66.83,-37.65,46.76,-87.41,0.0204,0.0085,0.0042,0.0068,0.0049,0.0048,0.0016,0.0012,0.0024,0.0028,0.0072,0.0051,0.0009,0.0050,0.0046
2026-08-05 08:29:35.996,12.033333,101,2,0.306147,0.0111,-75.59,0,0,0,63.0122,0.266,0.88330,0,0,0,0,0,0.157774,0.038232,0.144218,0.039496,0.127713,0.039608,0.109164,0.038783,0.085990,0.036021,0.061736,0.030963,0.036970,0.024397,0.013940,75.59,-19.98,-145.51,136.31,-2.58,-69.24,139.44,84.33,-78.40,-123.88,64.45,27.96,-153.23,-178.59,-16.43,0.0204,0.0085,0.0042,0.0068,0.0049,0.0048,0.0016,0.0012,0.0024,0.0028,0.0072,0.0051,0.0009,0.0050,0.0046
2026-08-05 08:29:35.996,12.050000,101,3,0.306766,-0.0009,-177.70,0,0,0,63.0122,0.266,0.88330,0,0,0,0,0,0.157587,0.043461,0.143519,0.044772,0.126085,0.044682,0.106473,0.043573,0.082226,0.040565,0.057106,0.035007,0.031840,0.027926,0.010271,177.70,-175.14,160.68,-174.04,147.67,-174.39,133.60,-175.68,119.27,-178.28,104.91,179.17,87.86,178.26,46.93,0.0204,0.0085,0.0042,0.0068,0.0049,0.0048,0.0016,0.0012,0.0024,0.0028,0.0072,0.0051,0.0009,0.0050,0.0046
2026-08-05 08:29:35.996,12.066667,101,4,0.311517,0.0107,-92.24,0,0,0,63.0122,0.266,0.88330,0,0,0,0,0,0.160760,0.042256,0.147026,0.042221,0.129924,0.041019,0.110497,0.038628,0.086544,0.034995,0.061401,0.029727,0.035856,0.023452,0.012547,92.24,11.45,-95.32,-159.46,81.09,28.71,-103.52,-143.21,72.00,44.32,-112.07,-127.55,62.95,63.06,-130.27,0.0204,0.0085,0.0042,0.0068,0.0049,0.0048,0.0016,0.0012,0.0024,0.0028,0.0072,0.0051,0.0009,0.0050,0.0046
2026-08-05 08:29:35.996,12.083333,101,5,0.264340,-0.0118,-117.67,0,0,0,63.0122,0.266,0.88330,0,0,0,0,0,0.132616,0.039588,0.121003,0.040171,0.107263,0.039695,0.092504,0.038237,0.074342,0.035559,0.054908,0.031356,0.034953,0.025381,0.017531,117.67,61.76,-20.47,-58.77,-154.36,179.24,70.62,56.75,-64.79,-66.45,159.65,169.49,21.04,46.23,-130.97,0.0204,0.0085,0.0042,0.0068,0.0049,0.0048,0.0016,0.0012,0.0024,0.0028,0.0072,0.0051,0.0009,0.0050,0.0046
2026-08-05 08:29:35.996,12.100000,101,6,0.235317,-0.0017,-84.63,0,0,0,63.0122,0.266,0.88330,0,0,0,0,0,0.117154,0.034521,0.106855,0.034256,0.095312,0.033118,0.083641,0.031246,0.068746,0.028518,0.052846,0.024638,0.035872,0.019650,0.021144,84.63,-6.96,-120.56,164.51,38.65,-25.24,-163.40,144.93,-5.73,-45.30,151.69,124.06,-54.44,-66.20,88.94,0.0204,0.0085,0.0042,0.0068,0.0049,0.0048,0.0016,0.0012,0.0024,0.0028,0.0072,0.0051,0.0009,0.0050,0.0046
2026-08-05 08:29:35.996,12.116667,101,7,0.221329,0.0093,5.95,0,0,0,63.0122,0.266,0.88330,0,0,0,0,0,0.110716,0.024662,0.101169,0.024988,0.090664,0.025091,0.080405,0.024674,0.067006,0.023412,0.052713,0.020827,0.037509,0.017233,0.024498,-5.95,175.34,-32.43,168.28,-54.44,159.29,-77.89,149.34,-101.75,138.31,-125.88,126.24,-153.89,113.83,169.16,0.0204,0.0085,0.0042,0.0068,0.0049,0.0048,0.0016,0.0012,0.0024,0.0028,0.0072,0.0051,0.0009,0.0050,0.0046
2026-08-05 08:29:35.996,12.133333,101,8,0.195591,0.0005,137.02,0,0,0,63.0122,0.266,0.88330,0,0,0,0,0,0.094110,0.022008,0.085638,0.022895,0.077307,0.023952,0.069931,0.024409,0.060052,0.024153,0.049099,0.022493,0.037366,0.019622,0.027788,-137.02,-86.24,-67.27,4.32,7.38,92.39,80.48,178.69,153.17,-96.83,-134.22,-13.60,-65.37,68.41,-3.82,0.0204,0.0085,0.0042,0.0068,0.0049,0.0048,0.0016,0.0012,0.0024,0.0028,0.0072,0.0051,0.0009,0.0050,0.0046
2026-08-05 08:29:35.996,12.150000,101,9,0.209030,-0.0043,135.24,0,0,0,63.0122,0.266,0.88330,0,0,0,0,0,0.103373,0.021998,0.094282,0.022896,0.084942,0.023512,0.076076,0.023696,0.064353,0.023109,0.051494,0.021036,0.037678,0.017772,0.025305,-135.24,-82.59,-60.94,11.33,17.99,102.94,95.62,-167.06,172.95,-78.91,-109.76,8.13,-35.61,94.45,31.00,0.0204,0.0085,0.0042,0.0068,0.0049,0.0048,0.0016,0.0012,0.0024,0.0028,0.0072,0.0051,0.0009,0.0050,0.0046
2026-08-05 08:29:35.996,12.166667,101,10,0.209502,0.0108,36.10,0,0,0,63.0122,0.266,0.88330,0,0,0,0,0,0.103221,0.018410,0.094329,0.019958,0.085350,0.021118,0.076860,0.021812,0.065888,0.021881,0.053488,0.020222,0.040207,0.017431,0.027907,-36.10,117.92,-123.87,50.84,153.22,-18.75,69.01,-91.10,-15.53,-165.48,-99.70,118.20,173.40,41.73,80.05,0.0204,0.0085,0.0042,0.0068,0.0049,0.0048,0.0016,0.0012,0.0024,0.0028,0.0072,0.0051,0.0009,0.0050,0.0046
2026-08-05 08:29:35.996,12.183333,101,11,0.231666,0.0618,-62.05,0,0,0,63.0122,0.266,0.88330,0,0,0,0,0,0.114015,0.036212,0.103082,0.036244,0.091964,0.036293,0.080517,0.035127,0.066489,0.033042,0.051394,0.029552,0.034913,0.024139,0.021260,62.05,-51.10,170.73,74.58,-76.33,-161.34,35.55,-38.00,146.93,83.27,-101.42,-155.07,6.70,-34.25,103.35,0.0204,0.0085,0.0042,0.0068,0.0049,0.0048,0.0016,0.0012,0.0024,0.0028,0.0072,0.0051,0.0009,0.0050,0.0046
2026-08-05 08:29:35.996,12.200000,101,12,0.199575,0.0030,100.26,0,0,0,63.0122,0.266,0.88330,0,0,0,0,0,0.098414,0.015002,0.089916,0.015584,0.081597,0.016066,0.074406,0.016344,0.064354,0.016153,0.052999,0.014812,0.040342,0.012601,0.028815,-100.26,-12.94,43.74,150.88,-167.45,-47.83,-19.89,111.54,127.40,-91.09,-84.88,64.83,60.34,-140.68,-159.89,0.0204,0.0085,0.0042,0.0068,0.0049,0.0048,0.0016,0.0012,0.0024,0.0028,0.0072,0.0051,0.0009,0.0050,0.0046
2026-08-05 08:29:35.996,12.216667,101,13,0.180857,-0.0027,170.60,0,0,0,63.0122,0.266,0.88330,0,0,0,0,0,0.086476,0.010082,0.079100,0.010558,0.072349,0.011086,0.067383,0.011411,0.060134,0.011360,0.051596,0.010633,0.041861,0.009402,0.033114,-170.60,-154.16,-168.54,-132.18,-161.18,-113.55,-155.21,-96.60,-149.13,-81.82,-142.62,-69.43,-138.44,-60.28,-138.39,0.0204,0.0085,0.0042,0.0068,0.0049,0.0048,0.0016,0.0012,0.0024,0.0028,0.0072,0.0051,0.0009,0.0050,0.0046
2026-08-05 08:29:35.996,12.233333,101,14,0.177774,-0.0068,-138.89,0,0,0,63.0122,0.266,0.88330,0,0,0,0,0,0.085920,0.011576,0.078381,0.011755,0.071392,0.011981,0.066112,0.012087,0.058551,0.011675,0.049738,0.010581,0.039803,0.008993,0.030798,138.89,103.83,39.58,23.84,-54.39,-58.25,-149.69,-141.36,115.03,134.24,20.23,47.94,-77.24,-39.48,-179.61,0.0204,0.0085,0.0042,0.0068,0.0049,0.0048,0.0016,0.0012,0.0024,0.0028,0.0072,0.0051,0.0009,0.0050,0.0046
2026-08-05 08:29:35.996,12.250000,101,15,0.212140,0.0042,-151.59,0,0,0,63.0122,0.266,0.88330,0,0,0,0,0,0.104064,0.014519,0.095494,0.015267,0.086828,0.016089,0.079178,0.016604,0.068756,0.016437,0.057183,0.015188,0.044301,0.013259,0.032246,151.59,132.70,79.58,81.57,12.14,27.12,-56.40,-29.66,-125.03,-88.10,166.85,-147.66,96.22,151.70,20.89,0.0204,0.0085,0.0042,0.0068,0.0049,0.0048,0.0016,0.0012,0.0024,0.0028,0.0072,0.0051,0.0009,0.0050,0.0046
2026-08-05 08:29:35.996,12.266667,101,16,0.214340,0.0024,-123.82,0,0,0,63.0122,0.266,0.88330,0,0,0,0,0,0.107260,0.015974,0.098119,0.016931,0.088591,0.017874,0.079544,0.018493,0.067615,0.018153,0.054599,0.016553,0.040384,0.014007,0.027680,123.82,78.25,-3.64,-27.04,-126.55,-136.30,109.31,112.56,-15.05,-0.23,-139.40,-114.09,93.24,131.13,-41.09,0.0204,0.0085,0.0042,0.0068,0.0049,0.0048,0.0016,0.0012,0.0024,0.0028,0.0072,0.0051,0.0009,0.0050,0.0046
2026-08-05 08:29:35.996,12.283333,101,17,0.203310,-0.0077,134.21,0,0,0,63.0122,0.266,0.88330,0,0,0,0,0,0.099249,0.004915,0.091170,0.006812,0.083219,0.008542,0.076506,0.010216,0.067264,0.011144,0.056597,0.011173,0.044474,0.010601,0.033274,-134.21,-57.58,-57.94,44.79,23.10,135.65,102.94,-136.36,-177.35,-50.04,-97.37,34.51,-19.83,117.38,52.47,0.0204,0.0085,0.0042,0.0068,0.0049,0.0048,0.0016,0.0012,0.0024,0.0028,0.0072,0.0051,0.0009,0.0050,0.0046
2026-08-05 08:29:35.996,12.300000,101,18,0.197525,0.0025,-168.70,0,0,0,63.0122,0.266,0.88330,0,0,0,0,0,0.095178,0.020000,0.086840,0.019451,0.078929,0.018394,0.072204,0.017168,0.062980,0.015940,0.052535,0.014327,0.040879,0.012469,0.030557,168.70,157.67,129.24,134.72,95.01,111.51,59.24,88.95,23.23,66.71,-12.74,44.08,-51.72,20.96,-96.79,0.0204,0.0085,0.0042,0.0068,0.0049,0.0048,0.0016,0.0012,0.0024,0.0028,0.0072,0.0051,0.0009,0.0050,0.0046
2026-08-05 08:29:35.996,12.316667,101,19,0.168672,0.0021,-90.07,0,0,0,63.0122,0.266,0.88330,0,0,0,0,0,0.080281,0.016395,0.072761,0.015135,0.066506,0.013279,0.062120,0.010948,0.055573,0.008304,0.048058,0.005628,0.039177,0.003496,0.030777,90.07,-6.83,-108.60,165.64,58.78,-21.62,-135.43,152.96,30.45,-29.33,-163.16,153.63,0.85,-10.73,160.17,0.0204,0.0085,0.0042,0.0068,0.0049,0.0048,0.0016,0.0012,0.0024,0.0028,0.0072,0.0051,0.0009,0.0050,0.0046
2026-08-05 08:29:35.996,12.333333,101,20,0.160312,-0.0012,118.96,0,0,0,63.0122,0.266,0.88330,0,0,0,0,0,0.074413,0.018358,0.067297,0.017322,0.061802,0.015598,0.058320,0.013465,0.052858,0.011112,0.046491,0.008535,0.038714,0.006368,0.031142,-118.96,-65.86,-16.67,48.04,91.93,161.77,-160.92,-83.11,-53.66,34.17,54.43,154.50,160.43,-80.28,-97.49,0.0204,0.0085,0.0042,0.0068,0.0049,0.0048,0.0016,0.0012,0.0024,0.0028,0.0072,0.0051,0.0009,0.0050,0.0046
2026-08-05 08:29:35.996,12.350000,101,21,0.166741,0.0069,-3.72,0,0,0,63.0122,0.266,0.88330,0,0,0,0,0,0.077041,0.019689,0.069928,0.018244,0.064179,0.016205,0.060558,0.013393,0.054899,0.010311,0.048326,0.007076,0.040420,0.004103,0.032792,3.72,178.65,-8.44,176.73,-14.34,175.01,-21.73,173.92,-29.04,175.75,-35.51,-179.20,-44.23,-162.76,-56.59,0.0204,0.0085,0.0042,0.0068,0.0049,0.0048,0.0016,0.0012,0.0024,0.0028,0.0072,0.0051,0.0009,0.0050,0.0046
2026-08-05 08:29:35.996,12.366667,101,22,0.318884,-0.0097,170.14,0,0,0,63.0122,0.266,0.88330,0,0,0,0,0,0.161171,0.007161,0.148840,0.014216,0.134147,0.020229,0.117072,0.024590,0.095823,0.027029,0.073278,0.027641,0.049553,0.026560,0.027707,-170.14,101.68,-161.44,110.79,-148.91,120.73,-136.80,131.00,-123.67,141.99,-108.53,153.21,-90.05,165.26,-61.99,0.0204,0.0085,0.0042,0.0068,0.0049,0.0048,0.0016,0.0012,0.0024,0.0028,0.0072,0.0051,0.0009,0.0050,0.0046
2026-08-05 08:29:35.996,12.383333,101,23,0.381405,0.0098,-82.84,0,0,0,63.0122,0.266,0.88330,0,0,0,0,0,0.198176,0.025410,0.183610,0.022643,0.164875,0.018908,0.142384,0.016389,0.114661,0.016857,0.085452,0.019828,0.055275,0.023065,0.027088,82.84,-11.61,-122.43,159.12,35.73,-25.50,-166.47,158.42,-8.10,-14.13,151.49,167.48,-47.07,-19.00,119.85,0.0204,0.0085,0.0042,0.0068,0.0049,0.0048,0.0016,0.0012,0.0024,0.0028,0.0072,0.0051,0.0009,0.0050,0.0046
2026-08-05 08:29:35.996,12.400000,101,24,0.266721,-0.0080,143.71,0,0,0,63.0122,0.266,0.88330,0,0,0,0,0,0.129866,0.001013,0.120389,0.001478,0.110474,0.003647,0.100426,0.006494,0.086963,0.009330,0.072259,0.012241,0.055232,0.014498,0.037762,-143.71,-156.73,-84.17,-169.38,-20.45,-129.04,42.50,-72.41,105.82,-11.36,170.07,52.10,-125.95,117.41,-62.99,0.0204,0.0085,0.0042,0.0068,0.0049,0.0048,0.0016,0.0012,0.0024,0.0028,0.0072,0.0051,0.0009,0.0050,0.0046
2026-08-05 08:29:35.996,12.416667,101,25,0.215910,-0.0017,-160.62,0,0,0,63.0122,0.266,0.88330,0,0,0,0,0,0.107975,0.018058,0.098888,0.016266,0.089958,0.013813,0.081303,0.010494,0.069780,0.007339,0.057182,0.005135,0.042791,0.005124,0.028530,160.62,135.59,106.42,91.65,57.09,48.16,6.56,8.44,-43.89,-24.02,-93.95,-40.45,-145.77,-46.82,157.74,0.0204,0.0085,0.0042,0.0068,0.0049,0.0048,0.0016,0.0012,0.0024,0.0028,0.0072,0.0051,0.0009,0.0050,0.0046
2026-08-05 08:29:35.996,12.433333,101,26,0.172951,0.0076,-115.29,0,0,0,63.0122,0.266,0.88330,0,0,0,0,0,0.083719,0.006283,0.076130,0.005868,0.069770,0.005547,0.065073,0.005045,0.058100,0.004549,0.050135,0.004331,0.040595,0.004577,0.031118,115.29,29.99,-31.65,-121.33,-172.86,84.73,44.50,-70.85,-97.96,130.90,120.26,-30.01,-23.32,168.88,-171.27,0.0204,0.0085,0.0042,0.0068,0.0049,0.0048,0.0016,0.0012,0.0024,0.0028,0.0072,0.0051,0.0009,0.0050,0.0046
2026-08-05 08:29:35.996,12.450000,101,27,0.176196,-0.0098,177.88,0,0,0,63.0122,0.266,0.88330,0,0,0,0,0,0.085030,0.010663,0.077384,0.009623,0.070880,0.008178,0.066057,0.006180,0.058982,0.004007,0.050941,0.002027,0.041302,0.001728,0.031855,-177.88,171.59,168.77,162.81,161.10,152.37,152.02,140.84,143.00,126.12,134.73,92.20,124.58,6.79,110.64,0.0204,0.0085,0.0042,0.0068,0.0049,0.0048,0.0016,0.0012,0.0024,0.0028,0.0072,0.0051,0.0009,0.0050,0.0046
2026-08-05 08:29:35.996,12.466667,101,28,0.191158,0.0026,-93.64,0,0,0,63.0122,0.266,0.88330,0,0,0,0,0,0.094011,0.014115,0.085789,0.013054,0.078291,0.011497,0.071976,0.009411,0.063162,0.007123,0.053276,0.004590,0.041768,0.002193,0.030340,93.64,-3.79,-95.79,171.96,80.22,-12.68,-105.23,162.93,69.47,-20.68,-115.29,155.06,58.06,-27.11,-132.83,0.0204,0.0085,0.0042,0.0068,0.0049,0.0048,0.0016,0.0012,0.0024,0.0028,0.0072,0.0051,0.0009,0.0050,0.0046
2026-08-05 08:29:35.996,12.483333,101,29,0.211800,-0.0063,132.25,0,0,0,63.0122,0.266,0.88330,0,0,0,0,0,0.104852,0.019230,0.096003,0.017303,0.087440,0.014503,0.079583,0.010988,0.068974,0.007397,0.057244,0.004352,0.043869,0.004232,0.030479,-132.25,-90.59,-52.60,-1.57,32.03,87.95,115.47,-179.69,-161.11,-80.77,-77.22,36.08,5.03,175.80,82.82,0.0204,0.0085,0.0042,0.0068,0.0049,0.0048,0.0016,0.0012,0.0024,0.0028,0.0072,0.0051,0.0009,0.0050,0.0046
2026-08-05 08:29:37.108,13.500000,104,0,0.176447,0.0043,12.76,0,0,0,63.0122,0.231,0.81631,0,0,0,0,0,0.085310,0.014455,0.077281,0.015342,0.070339,0.016145,0.064601,0.016822,0.056635,0.016709,0.047939,0.016072,0.037718,0.014543,0.027924,-12.76,162.48,-55.72,140.16,-93.13,116.20,-132.15,89.12,-171.21,60.03,150.16,29.41,108.89,-2.11,62.36,0.0243,0.0089,0.0080,0.0061,0.0045,0.0014,0.0049,0.0014,0.0057,0.0027,0.0041,0.0028,0.0031,0.0040,0.0085
2026-08-05 08:29:37.108,13.516667,104,1,0.185140,0.0025,81.86,0,0,0,63.0122,0.231,0.81631,0,0,0,0,0,0.088606,0.006380,0.080912,0.008318,0.074145,0.010379,0.068938,0.011887,0.061485,0.012893,0.052941,0.013300,0.042791,0.012804,0.032925,-81.86,39.10,96.51,-119.55,-79.45,75.23,103.35,-94.85,-73.79,92.31,109.72,-81.70,-68.82,103.07,108.56,0.0243,0.0089,0.0080,0.0061,0.0045,0.0014,0.0049,0.0014,0.0057,0.0027,0.0041,0.0028,0.0031,0.0040,0.0085
2026-08-05 08:29:37.108,13.533333,104,2,0.392374,0.0039,90.08,0,0,0,63.0122,0.231,0.81631,0,0,0,0,0,0.210677,0.012060,0.194413,0.011201,0.172445,0.010420,0.145502,0.008724,0.112905,0.005824,0.079726,0.002560,0.046394,0.002691,0.020998,-90.08,154.55,78.84,-49.69,-108.51,110.51,63.85,-91.63,-122.37,68.87,53.44,-148.80,-124.79,-97.00,80.51,0.0243,0.0089,0.0080,0.0061,0.0045,0.0014,0.0049,0.0014,0.0057,0.0027,0.0041,0.0028,0.0031,0.0040,0.0085
2026-08-05 08:29:37.108,13.550000,104,3,0.364385,0.0278,-24.60,0,0,0,63.0122,0.231,0.81631,0,0,0,0,0,0.188779,0.050401,0.173295,0.048636,0.153045,0.045720,0.128702,0.041695,0.099493,0.036619,0.069690,0.031199,0.039713,0.025853,0.013175,24.60,-124.61,64.15,-69.75,106.98,-14.69,149.09,40.42,-168.22,96.42,-124.21,154.09,-77.54,-144.86,-15.07,0.0243,0.0089,0.0080,0.0061,0.0045,0.0014,0.0049,0.0014,0.0057,0.0027,0.0041,0.0028,0.0031,0.0040,0.0085
2026-08-05 08:29:37.108,13.566667,104,4,0.230956,-0.0070,102.08,0,0,0,63.0122,0.231,0.81631,0,0,0,0,0,0.116486,0.026057,0.106335,0.026612,0.095244,0.027054,0.083698,0.026733,0.069227,0.025060,0.053862,0.022373,0.037148,0.018395,0.021507,-102.08,-16.80,40.06,143.69,-173.40,-57.35,-28.30,99.39,116.65,-105.60,-98.46,48.10,43.94,-158.42,178.27,0.0243,0.0089,0.0080,0.0061,0.0045,0.0014,0.0049,0.0014,0.0057,0.0027,0.0041,0.0028,0.0031,0.0040,0.0085
2026-08-05 08:29:37.108,13.583333,104,5,0.202198,-0.0101,-165.08,0,0,0,63.0122,0.231,0.81631,0,0,0,0,0,0.100744,0.008820,0.092107,0.010162,0.083791,0.011402,0.076080,0.012210,0.065677,0.012238,0.054339,0.011327,0.041308,0.009736,0.029089,165.08,166.13,119.33,142.09,78.67,115.72,36.61,85.27,-5.44,52.38,-47.36,16.82,-91.66,-19.14,-140.92,0.0243,0.0089,0.0080,0.0061,0.0045,0.0014,0.0049,0.0014,0.0057,0.0027,0.0041,0.0028,0.0031,0.0040,0.0085
2026-08-05 08:29:37.108,13.600000,104,6,0.189377,0.0026,159.63,0,0,0,63.0122,0.231,0.81631,0,0,0,0,0,0.091668,0.017556,0.083130,0.018435,0.075410,0.019239,0.068625,0.019830,0.059545,0.019401,0.049668,0.018287,0.038744,0.016155,0.029015,-159.63,-131.24,-135.58,-86.25,-106.30,-43.22,-78.68,-2.86,-51.46,35.63,-24.21,71.94,-0.02,107.89,17.81,0.0243,0.0089,0.0080,0.0061,0.0045,0.0014,0.0049,0.0014,0.0057,0.0027,0.0041,0.0028,0.0031,0.0040,0.0085
2026-08-05 08:29:37.108,13.616667,104,7,0.179481,0.0019,171.51,0,0,0,63.0122,0.231,0.81631,0,0,0,0,0,0.087434,0.016044,0.078990,0.017014,0.071547,0.018138,0.065219,0.018943,0.056491,0.018750,0.046918,0.017667,0.036188,0.015568,0.026611,-171.51,-154.54,-171.83,-133.85,-166.77,-115.37,-163.18,-99.76,-159.80,-86.33,-156.45,-74.53,-156.34,-64.23,-162.57,0.0243,0.0089,0.0080,0.0061,0.0045,0.0014,0.0049,0.0014,0.0057,0.0027,0.0041,0.0028,0.0031,0.0040,0.0085
2026-08-05 08:29:37.108,13.633333,104,8,0.176753,0.0016,-149.10,0,0,0,63.0122,0.231,0.81631,0,0,0,0,0,0.086583,0.016540,0.077878,0.017404,0.070442,0.018309,0.063970,0.018907,0.055034,0.018516,0.045466,0.017221,0.034694,0.015011,0.025291,149.10,126.52,69.71,67.65,-4.22,7.44,-79.79,-55.14,-155.56,-119.65,128.57,173.86,48.90,106.49,-37.76,0.0243,0.0089,0.0080,0.0061,0.0045,0.0014,0.0049,0.0014,0.0057,0.0027,0.0041,0.0028,0.0031,0.0040,0.0085
2026-08-05 08:29:37.108,13.650000,104,9,0.191863,-0.0010,127.40,0,0,0,63.0122,0.231,0.81631,0,0,0,0,0,0.094025,0.015947,0.085220,0.016807,0.077572,0.017862,0.070730,0.018718,0.061171,0.018332,0.050849,0.017097,0.039156,0.015190,0.027952,-127.40,-66.01,-38.67,42.59,55.13,149.54,147.69,-106.21,-119.72,-3.67,-27.10,97.04,62.93,-164.29,148.27,0.0243,0.0089,0.0080,0.0061,0.0045,0.0014,0.0049,0.0014,0.0057,0.0027,0.0041,0.0028,0.0031,0.0040,0.0085
2026-08-05 08:29:37.108,13.666667,104,10,0.206679,0.0047,-90.09,0,0,0,63.0122,0.231,0.81631,0,0,0,0,0,0.102636,0.018079,0.093383,0.018947,0.084393,0.020026,0.076083,0.020802,0.064792,0.020434,0.052561,0.018753,0.039079,0.016363,0.026486,90.09,9.62,-105.12,-165.21,64.32,17.23,-127.49,-162.84,40.70,15.67,-151.15,-167.82,14.15,7.33,173.80,0.0243,0.0089,0.0080,0.0061,0.0045,0.0014,0.0049,0.0014,0.0057,0.0027,0.0041,0.0028,0.0031,0.0040,0.0085
2026-08-05 08:29:37.108,13.683333,104,11,0.213322,-0.0053,134.87,0,0,0,63.0122,0.231,0.81631,0,0,0,0,0,0.105924,0.024599,0.096361,0.025018,0.086564,0.025330,0.077224,0.025396,0.064958,0.024088,0.051381,0.021573,0.037038,0.018034,0.024458,-134.87,-82.99,-59.44,11.05,20.49,103.22,98.85,-166.45,177.29,-76.98,-104.51,10.48,-30.32,95.94,37.01,0.0243,0.0089,0.0080,0.0061,0.0045,0.0014,0.0049,0.0014,0.0057,0.0027,0.0041,0.0028,0.0031,0.0040,0.0085
2026-08-05 08:29:37.108,13.700000,104,12,0.192198,0.0014,-155.85,0,0,0,63.0122,0.231,0.81631,0,0,0,0,0,0.093480,0.017985,0.085102,0.018541,0.077096,0.018790,0.070304,0.018944,0.060967,0.018281,0.050548,0.016542,0.039292,0.014259,0.029298,155.85,137.81,91.13,92.45,31.50,45.40,-29.77,-3.98,-91.03,-54.22,-152.38,-106.50,142.75,-161.99,72.80,0.0243,0.0089,0.0080,0.0061,0.0045,0.0014,0.0049,0.0014,0.0057,0.0027,0.0041,0.0028,0.0031,0.0040,0.0085
2026-08-05 08:29:37.108,13.716667,104,13,0.179450,-0.0027,-159.60,0,0,0,63.0122,0.231,0.81631,0,0,0,0,0,0.087381,0.011433,0.079451,0.012455,0.072342,0.013359,0.066484,0.014178,0.058446,0.014299,0.049127,0.013441,0.038719,0.011818,0.029131,159.60,148.55,101.42,112.64,48.81,73.45,-5.49,29.83,-59.47,-14.24,-113.18,-60.43,-170.15,-110.47,128.74,0.0243,0.0089,0.0080,0.0061,0.0045,0.0014,0.0049,0.0014,0.0057,0.0027,0.0041,0.0028,0.0031,0.0040,0.0085
2026-08-05 08:29:37.108,13.733333,104,14,0.173407,-0.0098,161.94,0,0,0,63.0122,0.231,0.81631,0,0,0,0,0,0.082219,0.006828,0.075167,0.007832,0.068972,0.008581,0.064668,0.009454,0.058336,0.009955,0.050491,0.009591,0.041688,0.008858,0.033357,-161.94,-132.23,-144.01,-91.75,-120.09,-54.89,-97.78,-21.57,-75.06,9.41,-51.66,38.56,-31.03,64.56,-13.13,0.0243,0.0089,0.0080,0.0061,0.0045,0.0014,0.0049,0.0014,0.0057,0.0027,0.0041,0.0028,0.0031,0.0040,0.0085
2026-08-05 08:29:37.108,13.750000,104,15,0.179189,0.0088,47.75,0,0,0,63.0122,0.231,0.81631,0,0,0,0,0,0.086050,0.008500,0.078455,0.009451,0.071773,0.010223,0.066688,0.011007,0.059402,0.011248,0.050818,0.010694,0.041171,0.009706,0.032308,-47.75,95.44,-160.96,4.06,91.48,-89.71,-17.52,171.29,-126.44,72.40,125.03,-28.98,13.54,-135.48,-101.35,0.0243,0.0089,0.0080,0.0061,0.0045,0.0014,0.0049,0.0014,0.0057,0.0027,0.0041,0.0028,0.0031,0.0040,0.0085
2026-08-05 08:29:37.108,13.766667,104,16,0.174923,0.0009,-69.48,0,0,0,63.0122,0.231,0.81631,0,0,0,0,0,0.085147,0.010071,0.077150,0.011543,0.070123,0.012978,0.064498,0.014071,0.056677,0.014649,0.047510,0.014019,0.037489,0.012405,0.028643,69.48,-27.49,-169.52,117.72,-42.81,-101.58,82.28,34.59,-152.64,169.23,-27.29,-57.69,94.40,72.04,-148.14,0.0243,0.0089,0.0080,0.0061,0.0045,0.0014,0.0049,0.0014,0.0057,0.0027,0.0041,0.0028,0.0031,0.0040,0.0085
2026-08-05 08:29:37.108,13.783333,104,17,0.171275,-0.0091,-150.67,0,0,0,63.0122,0.231,0.81631,0,0,0,0,0,0.082455,0.015011,0.074359,0.015479,0.067769,0.016213,0.062487,0.016397,0.055085,0.016196,0.046558,0.015251,0.036993,0.013399,0.028585,150.67,127.25,73.91,70.32,2.93,12.49,-69.75,-47.90,-142.45,-109.57,145.48,-172.08,69.65,121.96,-10.34,0.0243,0.0089,0.0080,0.0061,0.0045,0.0014,0.0049,0.0014,0.0057,0.0027,0.0041,0.0028,0.0031,0.0040,0.0085
2026-08-05 08:29:37.108,13.800000,104,18,0.181353,0.0007,-156.07,0,0,0,63.0122,0.231,0.81631,0,0,0,0,0,0.087245,0.014949,0.079069,0.016022,0.071897,0.017297,0.066084,0.018251,0.057958,0.018638,0.048645,0.017930,0.038206,0.016079,0.029141,156.07,141.82,90.76,98.72,30.92,53.14,-30.47,3.69,-91.87,-46.75,-152.94,-98.46,142.18,-152.95,73.36,0.0243,0.0089,0.0080,0.0061,0.0045,0.0014,0.0049,0.0014,0.0057,0.0027,0.0041,0.0028,0.0031,0.0040,0.0085
2026-08-05 08:29:37.108,13.816667,104,19,0.182178,0.0046,78.54,0,0,0,63.0122,0.231,0.81631,0,0,0,0,0,0.088077,0.011753,0.080175,0.012643,0.073096,0.013698,0.067533,0.014523,0.059503,0.014725,0.050531,0.014098,0.040011,0.012495,0.030591,-78.54,31.38,107.12,-122.36,-61.93,80.86,127.88,-78.77,-42.45,118.70,147.86,-44.72,-24.82,147.59,158.79,0.0243,0.0089,0.0080,0.0061,0.0045,0.0014,0.0049,0.0014,0.0057,0.0027,0.0041,0.0028,0.0031,0.0040,0.0085
2026-08-05 08:29:37.108,13.833333,104,20,0.182929,0.0034,-21.95,0,0,0,63.0122,0.231,0.81631,0,0,0,0,0,0.088064,0.017627,0.079627,0.018325,0.072386,0.019243,0.066395,0.019874,0.057906,0.019763,0.048608,0.018810,0.037738,0.016633,0.028344,21.95,-128.92,48.74,-82.66,80.81,-37.60,111.45,5.18,141.94,45.54,172.93,85.43,-159.72,122.27,-137.12,0.0243,0.0089,0.0080,0.0061,0.0045,0.0014,0.0049,0.0014,0.0057,0.0027,0.0041,0.0028,0.0031,0.0040,0.0085
2026-08-05 08:29:37.108,13.850000,104,21,0.310511,0.0073,-91.91,0,0,0,63.0122,0.231,0.81631,0,0,0,0,0,0.160827,0.031720,0.150179,0.028152,0.133243,0.023487,0.115382,0.017202,0.091955,0.012637,0.068211,0.010492,0.041972,0.013195,0.018484,91.91,-178.10,-96.02,-0.44,79.84,-176.25,-105.11,10.62,70.47,-149.74,-113.34,61.96,62.82,-93.48,-122.85,0.0243,0.0089,0.0080,0.0061,0.0045,0.0014,0.0049,0.0014,0.0057,0.0027,0.0041,0.0028,0.0031,0.0040,0.0085
2026-08-05 08:29:37.108,13.866667,104,22,0.414196,0.0034,-46.76,0,0,0,63.0122,0.231,0.81631,0,0,0,0,0,0.219186,0.031355,0.201396,0.031090,0.178639,0.030484,0.150144,0.028752,0.116528,0.025940,0.082175,0.022216,0.049182,0.018362,0.026250,46.76,-76.23,130.55,23.63,-142.28,124.14,-55.15,-136.91,33.53,-36.38,125.13,66.36,-135.77,174.55,-13.09,0.0243,0.0089,0.0080,0.0061,0.0045,0.0014,0.0049,0.0014,0.0057,0.0027,0.0041,0.0028,0.0031,0.0040,0.0085
2026-08-05 08:29:37.108,13.883333,104,23,0.236490,0.0124,-9.01,0,0,0,63.0122,0.231,0.81631,0,0,0,0,0,0.116940,0.029313,0.105890,0.030455,0.095174,0.031383,0.083952,0.031764,0.069816,0.030509,0.054673,0.027996,0.038688,0.023374,0.026333,9.01,-152.42,12.50,-130.08,20.54,-108.14,26.74,-89.53,32.87,-71.48,37.93,-55.53,38.66,-40.34,30.27,0.0243,0.0089,0.0080,0.0061,0.0045,0.0014,0.0049,0.0014,0.0057,0.0027,0.0041,0.0028,0.0031,0.0040,0.0085
2026-08-05 08:29:37.108,13.900000,104,24,0.286766,0.0083,-117.10,0,0,0,63.0122,0.231,0.81631,0,0,0,0,0,0.148881,0.030721,0.135761,0.030517,0.121224,0.029824,0.104331,0.028521,0.083473,0.026186,0.061756,0.022970,0.038740,0.018823,0.018582,117.10,63.18,-21.01,-57.42,-155.19,-177.09,69.39,61.62,-65.82,-58.68,158.66,-179.36,21.23,63.69,-126.31,0.0243,0.0089,0.0080,0.0061,0.0045,0.0014,0.0049,0.0014,0.0057,0.0027,0.0041,0.0028,0.0031,0.0040,0.0085
2026-08-05 08:29:37.108,13.916667,104,25,0.233719,-0.0018,-129.31,0,0,0,63.0122,0.231,0.81631,0,0,0,0,0,0.117582,0.022729,0.107241,0.023476,0.096534,0.024263,0.085591,0.024525,0.071424,0.023424,0.056270,0.021313,0.039831,0.017520,0.025960,129.31,88.23,13.67,-8.36,-97.51,-106.03,149.78,153.30,37.13,52.01,-76.04,-50.99,167.56,-154.64,42.71,0.0243,0.0089,0.0080,0.0061,0.0045,0.0014,0.0049,0.0014,0.0057,0.0027,0.0041,0.0028,0.0031,0.0040,0.0085
2026-08-05 08:29:37.108,13.933333,104,26,0.208845,0.0013,-166.83,0,0,0,63.0122,0.231,0.81631,0,0,0,0,0,0.105127,0.016452,0.095724,0.017256,0.086379,0.018168,0.077051,0.018382,0.065209,0.017719,0.052254,0.016170,0.037945,0.013047,0.025807,166.83,162.98,125.29,141.48,88.39,117.55,50.10,90.54,11.71,62.46,-27.08,31.88,-69.13,0.34,-119.14,0.0243,0.0089,0.0080,0.0061,0.0045,0.0014,0.0049,0.0014,0.0057,0.0027,0.0041,0.0028,0.0031,0.0040,0.0085
2026-08-05 08:29:37.108,13.950000,104,27,0.215379,0.0051,-58.07,0,0,0,63.0122,0.231,0.81631,0,0,0,0,0,0.109086,0.015742,0.099427,0.016930,0.089765,0.018258,0.079929,0.018887,0.067388,0.018619,0.053619,0.017072,0.038493,0.014002,0.024975,58.07,-51.61,159.50,70.96,-94.56,-169.31,10.13,-52.74,114.90,62.30,-140.45,175.37,-38.03,-71.02,56.85,0.0243,0.0089,0.0080,0.0061,0.0045,0.0014,0.0049,0.0014,0.0057,0.0027,0.0041,0.0028,0.0031,0.0040,0.0085
2026-08-05 08:29:37.108,13.966667,104,28,0.205982,-0.0082,172.12,0,0,0,63.0122,0.231,0.81631,0,0,0,0,0,0.101212,0.023555,0.091730,0.024545,0.082717,0.025226,0.074267,0.025564,0.062984,0.024776,0.050789,0.022896,0.037168,0.019566,0.025374,-172.12,-157.00,-172.20,-138.49,-167.25,-120.83,-163.85,-105.58,-160.49,-92.02,-157.11,-79.30,-156.91,-68.13,-164.26,0.0243,0.0089,0.0080,0.0061,0.0045,0.0014,0.0049,0.0014,0.0057,0.0027,0.0041,0.0028,0.0031,0.0040,0.0085
2026-08-05 08:29:37.108,13.983333,104,29,0.182971,-0.0011,-155.38,0,0,0,63.0122,0.231,0.81631,0,0,0,0,0,0.088055,0.010423,0.080472,0.011506,0.073460,0.012678,0.068017,0.013635,0.060389,0.014074,0.051397,0.013523,0.041101,0.012131,0.031648,155.38,140.59,89.10,97.32,28.03,48.40,-34.08,-2.85,-96.34,-56.72,-157.85,-112.96,138.43,-169.19,70.03,0.0243,0.0089,0.0080,0.0061,0.0045,0.0014,0.0049,0.0014,0.0057,0.0027,0.0041,0.0028,0.0031,0.0040,0.0085
2026-08-05 08:29:37.618,14.000000,105,0,0.191370,-0.0046,126.62,0,0,0,63.0122,0.268,1.02368,0,0,0,0,0,0.092459,0.009986,0.084605,0.010314,0.077366,0.010573,0.071668,0.010548,0.063433,0.010523,0.053992,0.009365,0.043408,0.007813,0.033708,-126.62,-67.87,-36.49,41.65,58.75,147.73,152.88,-107.01,-113.32,-3.90,-18.97,96.74,73.04,-164.95,160.15,0.0236,0.0150,0.0043,0.0105,0.0085,0.0043,0.0022,0.0052,0.0035,0.0036,0.0020,0.0037,0.0052,0.0049,0.0032
2026-08-05 08:29:37.618,14.016667,105,1,0.183632,-0.0027,160.28,0,0,0,63.0122,0.268,1.02368,0,0,0,0,0,0.088935,0.014120,0.080751,0.014924,0.073420,0.015726,0.067629,0.016359,0.059531,0.016445,0.050059,0.015334,0.039679,0.013496,0.030122,-160.28,-132.63,-138.11,-89.80,-110.52,-49.45,-84.39,-11.24,-58.34,24.50,-31.80,58.65,-7.94,91.56,10.59,0.0236,0.0150,0.0043,0.0105,0.0085,0.0043,0.0022,0.0052,0.0035,0.0036,0.0020,0.0037,0.0052,0.0049,0.0032
2026-08-05 08:29:37.618,14.033333,105,2,0.179445,0.0113,-55.41,0,0,0,63.0122,0.268,1.02368,0,0,0,0,0,0.087571,0.011764,0.079455,0.012723,0.072093,0.013601,0.066415,0.014341,0.058230,0.014524,0.049003,0.013460,0.038625,0.011830,0.029131,55.41,-58.76,149.05,57.26,-111.94,169.69,-14.51,-80.70,82.79,26.10,-179.32,131.54,-84.27,-124.30,5.47,0.0236,0.0150,0.0043,0.0105,0.0085,0.0043,0.0022,0.0052,0.0035,0.0036,0.0020,0.0037,0.0052,0.0049,0.0032
2026-08-05 08:29:37.618,14.050000,105,3,0.308323,0.0067,-62.15,0,0,0,63.0122,0.268,1.02368,0,0,0,0,0,0.159394,0.032136,0.147982,0.030165,0.132616,0.025129,0.114242,0.019142,0.091857,0.014093,0.068376,0.011036,0.043360,0.011728,0.019749,62.15,122.47,176.02,-116.51,-67.35,6.04,48.66,134.78,165.13,-89.16,-78.15,57.26,37.65,-151.19,148.73,0.0236,0.0150,0.0043,0.0105,0.0085,0.0043,0.0022,0.0052,0.0035,0.0036,0.0020,0.0037,0.0052,0.0049,0.0032
2026-08-05 08:29:37.618,14.066667,105,4,0.374083,-0.0084,-178.86,0,0,0,63.0122,0.268,1.02368,0,0,0,0,0,0.199714,0.034233,0.182609,0.035593,0.160209,0.035351,0.133795,0.033754,0.101887,0.030584,0.069160,0.024995,0.037705,0.018436,0.015095,178.86,-171.97,165.77,-168.02,156.46,-166.13,146.88,-164.61,138.29,-164.57,132.40,-163.32,133.56,-156.30,171.01,0.0236,0.0150,0.0043,0.0105,0.0085,0.0043,0.0022,0.0052,0.0035,0.0036,0.0020,0.0037,0.0052,0.0049,0.0032
2026-08-05 08:29:37.618,14.083333,105,5,0.245322,-0.0060,178.57,0,0,0,63.0122,0.268,1.02368,0,0,0,0,0,0.125280,0.026124,0.114241,0.026842,0.102059,0.026749,0.089532,0.025913,0.073509,0.024354,0.056178,0.021508,0.037811,0.017389,0.020615,-178.57,-170.20,170.12,-162.96,163.36,-157.60,155.56,-152.68,147.53,-148.48,139.61,-144.95,129.75,-139.74,112.01,0.0236,0.0150,0.0043,0.0105,0.0085,0.0043,0.0022,0.0052,0.0035,0.0036,0.0020,0.0037,0.0052,0.0049,0.0032
2026-08-05 08:29:37.618,14.100000,105,6,0.224164,-0.0040,-92.56,0,0,0,63.0122,0.268,1.02368,0,0,0,0,0,0.111829,0.026643,0.101845,0.027305,0.091120,0.027157,0.080948,0.026211,0.067785,0.024574,0.053547,0.021545,0.038331,0.017347,0.025182,92.56,10.21,-97.81,-161.49,76.65,24.24,-110.14,-150.52,62.43,33.63,-125.39,-143.82,43.54,38.30,-156.58,0.0236,0.0150,0.0043,0.0105,0.0085,0.0043,0.0022,0.0052,0.0035,0.0036,0.0020,0.0037,0.0052,0.0049,0.0032
2026-08-05 08:29:37.618,14.116667,105,7,0.235457,0.0070,9.47,0,0,0,63.0122,0.268,1.02368,0,0,0,0,0,0.117596,0.030928,0.107271,0.031347,0.095570,0.030978,0.084044,0.029665,0.069600,0.027482,0.054038,0.024084,0.037752,0.019440,0.024379,-9.47,166.83,-43.32,151.72,-72.58,134.65,-103.19,117.26,-134.36,99.14,-166.19,80.09,158.00,61.48,111.91,0.0236,0.0150,0.0043,0.0105,0.0085,0.0043,0.0022,0.0052,0.0035,0.0036,0.0020,0.0037,0.0052,0.0049,0.0032
2026-08-05 08:29:37.618,14.133333,105,8,0.241387,-0.0026,-124.38,0,0,0,63.0122,0.268,1.02368,0,0,0,0,0,0.121613,0.028618,0.110935,0.029558,0.098810,0.030054,0.086503,0.029663,0.070958,0.028114,0.054232,0.025254,0.036829,0.020994,0.022274,124.38,76.83,-1.16,-28.87,-122.40,-137.17,115.12,113.43,-7.82,2.78,-131.39,-108.49,100.93,139.82,-38.43,0.0236,0.0150,0.0043,0.0105,0.0085,0.0043,0.0022,0.0052,0.0035,0.0036,0.0020,0.0037,0.0052,0.0049,0.0032
2026-08-05 08:29:37.618,14.150000,105,9,0.273503,0.0169,-68.30,0,0,0,63.0122,0.268,1.02368,0,0,0,0,0,0.140522,0.020617,0.129154,0.023250,0.115160,0.025847,0.100174,0.027082,0.081502,0.026580,0.061576,0.023965,0.041187,0.019316,0.023976,68.30,-25.52,-167.76,122.63,-40.16,-95.26,86.29,43.76,-147.71,-178.93,-22.25,-42.25,99.43,95.61,-151.16,0.0236,0.0150,0.0043,0.0105,0.0085,0.0043,0.0022,0.0052,0.0035,0.0036,0.0020,0.0037,0.0052,0.0049,0.0032
2026-08-05 08:29:37.618,14.166667,105,10,0.273999,0.0054,39.59,0,0,0,63.0122,0.268,1.02368,0,0,0,0,0,0.141780,0.026487,0.129696,0.029162,0.114859,0.031571,0.098382,0.032685,0.077867,0.031724,0.056303,0.028513,0.033988,0.023303,0.013472,-39.59,114.38,-131.59,43.64,140.43,-31.67,51.50,-109.98,-37.42,170.22,-126.00,89.87,143.60,9.85,41.18,0.0236,0.0150,0.0043,0.0105,0.0085,0.0043,0.0022,0.0052,0.0035,0.0036,0.0020,0.0037,0.0052,0.0049,0.0032
2026-08-05 08:29:37.618,14.183333,105,11,0.272914,-0.0010,-176.86,0,0,0,63.0122,0.268,1.02368,0,0,0,0,0,0.139104,0.034614,0.127426,0.035055,0.113174,0.035123,0.097679,0.033913,0.078521,0.031389,0.058340,0.027158,0.037253,0.021564,0.017985,176.86,-179.34,157.36,179.15,141.85,175.45,125.37,170.62,108.79,164.68,92.30,158.73,73.37,153.59,43.88,0.0236,0.0150,0.0043,0.0105,0.0085,0.0043,0.0022,0.0052,0.0035,0.0036,0.0020,0.0037,0.0052,0.0049,0.0032
2026-08-05 08:29:37.618,14.200000,105,12,0.228107,-0.0192,-163.77,0,0,0,63.0122,0.268,1.02368,0,0,0,0,0,0.113999,0.018500,0.104623,0.019881,0.094345,0.021260,0.084371,0.021867,0.071301,0.021448,0.057058,0.019448,0.041937,0.015938,0.028117,163.77,159.04,117.16,133.08,74.64,104.00,31.09,71.86,-12.74,37.36,-56.77,2.13,-103.23,-34.82,-157.22,0.0236,0.0150,0.0043,0.0105,0.0085,0.0043,0.0022,0.0052,0.0035,0.0036,0.0020,0.0037,0.0052,0.0049,0.0032
2026-08-05 08:29:37.618,14.216667,105,13,0.204973,0.0012,124.24,0,0,0,63.0122,0.268,1.02368,0,0,0,0,0,0.102121,0.008021,0.093601,0.008989,0.085032,0.009875,0.077254,0.010444,0.066733,0.010537,0.054936,0.009665,0.042011,0.008078,0.030098,-124.24,-54.80,-27.66,63.54,73.56,176.42,173.41,-73.44,-86.78,32.74,13.10,136.84,110.43,-122.22,-158.42,0.0236,0.0150,0.0043,0.0105,0.0085,0.0043,0.0022,0.0052,0.0035,0.0036,0.0020,0.0037,0.0052,0.0049,0.0032
2026-08-05 08:29:37.618,14.233333,105,14,0.209742,0.0028,-101.48,0,0,0,63.0122,0.268,1.02368,0,0,0,0,0,0.105462,0.003691,0.096846,0.005707,0.087846,0.007468,0.079462,0.008672,0.068352,0.009135,0.055854,0.008737,0.041947,0.007576,0.028867,101.48,68.63,-69.92,-83.10,123.11,114.18,-44.99,-49.79,146.86,143.84,-21.00,-24.57,168.76,164.68,-7.17,0.0236,0.0150,0.0043,0.0105,0.0085,0.0043,0.0022,0.0052,0.0035,0.0036,0.0020,0.0037,0.0052,0.0049,0.0032
2026-08-05 08:29:37.618,14.250000,105,15,0.205538,-0.0090,-151.86,0,0,0,63.0122,0.268,1.02368,0,0,0,0,0,0.101941,0.009191,0.093380,0.009970,0.084807,0.010704,0.077380,0.011061,0.067027,0.011034,0.055603,0.009858,0.042913,0.008161,0.031630,151.86,135.30,80.32,85.74,13.43,31.57,-54.59,-25.49,-122.98,-84.06,168.98,-144.46,98.39,153.26,22.18,0.0236,0.0150,0.0043,0.0105,0.0085,0.0043,0.0022,0.0052,0.0035,0.0036,0.0020,0.0037,0.0052,0.0049,0.0032
2026-08-05 08:29:37.618,14.266667,105,16,0.198521,-0.0024,130.86,0,0,0,63.0122,0.268,1.02368,0,0,0,0,0,0.098932,0.023359,0.089696,0.023675,0.080286,0.023704,0.071340,0.023355,0.059691,0.022017,0.047232,0.019729,0.033909,0.016385,0.022725,-130.86,-76.98,-49.19,24.68,37.46,124.14,122.59,-137.61,-152.66,-40.11,-68.32,56.72,12.06,152.77,82.18,0.0236,0.0150,0.0043,0.0105,0.0085,0.0043,0.0022,0.0052,0.0035,0.0036,0.0020,0.0037,0.0052,0.0049,0.0032
2026-08-05 08:29:37.618,14.283333,105,17,0.190994,-0.0004,117.48,0,0,0,63.0122,0.268,1.02368,0,0,0,0,0,0.092121,0.012125,0.084209,0.012941,0.076907,0.013874,0.071082,0.014711,0.062732,0.014974,0.053253,0.014426,0.042389,0.013174,0.031932,-117.48,-47.08,-9.27,82.78,104.07,-152.08,-143.76,-28.62,-31.67,92.72,80.91,-147.66,-168.58,-30.27,-62.87,0.0236,0.0150,0.0043,0.0105,0.0085,0.0043,0.0022,0.0052,0.0035,0.0036,0.0020,0.0037,0.0052,0.0049,0.0032
2026-08-05 08:29:37.618,14.300000,105,18,0.182061,0.0009,173.69,0,0,0,63.0122,0.268,1.02368,0,0,0,0,0,0.086019,0.016579,0.078251,0.016578,0.071397,0.016347,0.066138,0.016086,0.058503,0.015802,0.049860,0.014822,0.040200,0.013431,0.031346,-173.69,-164.77,-178.95,-150.79,-178.82,-137.89,179.89,-124.95,178.39,-112.69,176.84,-101.74,172.56,-91.99,162.60,0.0236,0.0150,0.0043,0.0105,0.0085,0.0043,0.0022,0.0052,0.0035,0.0036,0.0020,0.0037,0.0052,0.0049,0.0032
2026-08-05 08:29:37.618,14.316667,105,19,0.178620,-0.0040,-106.84,0,0,0,63.0122,0.268,1.02368,0,0,0,0,0,0.084509,0.018020,0.076837,0.016790,0.070294,0.014958,0.065393,0.012652,0.058363,0.010273,0.050218,0.007788,0.040965,0.005806,0.031991,106.84,27.96,-57.64,-124.56,143.48,83.30,-16.77,-66.88,-177.02,145.53,22.96,2.15,-139.53,-136.91,53.33,0.0236,0.0150,0.0043,0.0105,0.0085,0.0043,0.0022,0.0052,0.0035,0.0036,0.0020,0.0037,0.0052,0.0049,0.0032
2026-08-05 08:29:37.618,14.333333,105,20,0.170429,-0.0093,157.11,0,0,0,63.0122,0.268,1.02368,0,0,0,0,0,0.081084,0.020577,0.073486,0.019154,0.066812,0.017092,0.061929,0.014481,0.054875,0.011669,0.046789,0.009040,0.037520,0.007002,0.028821,-157.11,-139.85,-130.12,-99.95,-97.32,-59.81,-65.92,-17.37,-34.72,28.62,-3.29,78.65,25.64,134.83,49.10,0.0236,0.0150,0.0043,0.0105,0.0085,0.0043,0.0022,0.0052,0.0035,0.0036,0.0020,0.0037,0.0052,0.0049,0.0032
2026-08-05 08:29:37.618,14.350000,105,21,0.180633,-0.0161,-135.48,0,0,0,63.0122,0.268,1.02368,0,0,0,0,0,0.086031,0.015979,0.078709,0.014152,0.072379,0.012671,0.067203,0.010850,0.059668,0.008333,0.051072,0.006038,0.041435,0.004999,0.032193,135.48,88.33,28.88,-7.59,-71.70,-104.79,-173.73,164.95,84.16,76.18,-17.92,-7.32,-122.01,-82.02,129.60,0.0236,0.0150,0.0043,0.0105,0.0085,0.0043,0.0022,0.0052,0.0035,0.0036,0.0020,0.0037,0.0052,0.0049,0.0032
2026-08-05 08:29:37.618,14.366667,105,22,0.328397,-0.0135,113.44,0,0,0,63.0122,0.268,1.02368,0,0,0,0,0,0.164507,0.017144,0.151945,0.023070,0.136974,0.028928,0.119378,0.033213,0.097639,0.035350,0.074823,0.035181,0.051284,0.032905,0.029832,-113.44,157.93,9.37,-57.08,135.85,78.82,-98.07,-149.79,29.19,-20.05,158.39,108.86,-68.75,-122.25,74.09,0.0236,0.0150,0.0043,0.0105,0.0085,0.0043,0.0022,0.0052,0.0035,0.0036,0.0020,0.0037,0.0052,0.0049,0.0032
2026-08-05 08:29:37.618,14.383333,105,23,0.371080,-0.0064,138.77,0,0,0,63.0122,0.268,1.02368,0,0,0,0,0,0.192298,0.031836,0.178171,0.028450,0.160082,0.023586,0.138518,0.018759,0.111890,0.016030,0.083930,0.016609,0.054980,0.019254,0.027261,-138.77,-97.29,-67.68,-13.39,6.90,73.64,80.97,167.56,155.54,-89.43,-129.03,15.25,-52.48,112.03,27.02,0.0236,0.0150,0.0043,0.0105,0.0085,0.0043,0.0022,0.0052,0.0035,0.0036,0.0020,0.0037,0.0052,0.0049,0.0032
2026-08-05 08:29:37.618,14.400000,105,24,0.263720,0.0086,-2.63,0,0,0,63.0122,0.268,1.02368,0,0,0,0,0,0.132494,0.010299,0.122325,0.008214,0.111366,0.004994,0.099705,0.002164,0.084624,0.004699,0.068255,0.008869,0.050144,0.012417,0.031823,2.63,-178.49,-5.29,-174.42,-9.10,-165.17,-13.87,-109.21,-18.33,-40.55,-22.30,-27.14,-26.83,-23.32,-34.00,0.0236,0.0150,0.0043,0.0105,0.0085,0.0043,0.0022,0.0052,0.0035,0.0036,0.0020,0.0037,0.0052,0.0049,0.0032
2026-08-05 08:29:37.618,14.416667,105,25,0.232870,-0.0034,-88.87,0,0,0,63.0122,0.268,1.02368,0,0,0,0,0,0.117690,0.012605,0.108123,0.010903,0.098309,0.008524,0.088422,0.005433,0.075398,0.002509,0.060954,0.002470,0.044802,0.004855,0.028105,88.87,-13.08,-107.63,153.85,60.39,-41.44,-132.62,118.58,34.70,-100.96,-157.38,-20.20,9.89,124.53,174.35,0.0236,0.0150,0.0043,0.0105,0.0085,0.0043,0.0022,0.0052,0.0035,0.0036,0.0020,0.0037,0.0052,0.0049,0.0032
2026-08-05 08:29:37.618,14.433333,105,26,0.199657,-0.0051,-126.27,0,0,0,63.0122,0.268,1.02368,0,0,0,0,0,0.098824,0.003759,0.090377,0.005276,0.082475,0.006947,0.075473,0.008012,0.065714,0.008459,0.055131,0.008326,0.042999,0.007611,0.031004,126.27,23.09,3.28,-116.07,-114.79,115.91,125.83,-9.04,6.34,-132.57,-112.65,103.59,126.26,-20.93,0.08,0.0236,0.0150,0.0043,0.0105,0.0085,0.0043,0.0022,0.0052,0.0035,0.0036,0.0020,0.0037,0.0052,0.0049,0.0032
2026-08-05 08:29:37.618,14.450000,105,27,0.185571,0.0024,-57.02,0,0,0,63.0122,0.268,1.02368,0,0,0,0,0,0.091762,0.011064,0.083463,0.010061,0.076044,0.008626,0.069742,0.006789,0.060961,0.004791,0.051299,0.003212,0.040105,0.003126,0.029320,57.02,-80.23,154.17,18.83,-103.31,115.93,-2.29,-148.99,98.71,-59.18,-159.97,14.05,-60.73,75.18,32.95,0.0236,0.0150,0.0043,0.0105,0.0085,0.0043,0.0022,0.0052,0.0035,0.0036,0.0020,0.0037,0.0052,0.0049,0.0032
2026-08-05 08:29:37.618,14.466667,105,28,0.192756,0.0042,158.34,0,0,0,63.0122,0.268,1.02368,0,0,0,0,0,0.093919,0.022705,0.085502,0.020546,0.077891,0.017403,0.071294,0.013310,0.062153,0.008860,0.051981,0.004637,0.040491,0.003058,0.029285,-158.34,-144.32,-132.06,-108.93,-100.42,-73.46,-70.22,-36.47,-40.04,5.14,-9.53,59.94,18.84,161.58,41.50,0.0236,0.0150,0.0043,0.0105,0.0085,0.0043,0.0022,0.0052,0.0035,0.0036,0.0020,0.0037,0.0052,0.0049,0.0032
2026-08-05 08:29:37.618,14.483333,105,29,0.387530,0.0113,-38.87,0,0,0,63.0122,0.268,1.02368,0,0,0,0,0,0.207751,0.018329,0.191506,0.016651,0.169759,0.014205,0.142991,0.010949,0.110856,0.007415,0.077752,0.005037,0.045321,0.006228,0.019823,38.87,-114.84,106.17,-49.14,176.94,16.91,-112.50,87.83,-40.78,168.54,33.13,-86.52,112.70,27.93,-141.52,0.0236,0.0150,0.0043,0.0105,0.0085,0.0043,0.0022,0.0052,0.0035,0.0036,0.0020,0.0037,0.0052,0.0049,0.0032
2026-08-05 08:29:38.081,14.500000,106,0,0.319843,0.0013,152.39,0,0,0,63.0122,0.880,0.76547,0,0,0,0,0,0.168769,0.023138,0.155007,0.024410,0.137792,0.025637,0.117198,0.025840,0.092279,0.024390,0.066316,0.021662,0.039949,0.017877,0.015559,-152.39,67.86,-107.49,133.29,-59.06,-163.92,-11.37,-103.87,37.08,-44.60,86.51,15.17,138.26,76.64,-159.34,0.0454,0.0231,0.0107,0.0066,0.0062,0.0080,0.0081,0.0036,0.0043,0.0074,0.0059,0.0089,0.0119,0.0024,0.0011
2026-08-05 08:29:38.081,14.516667,106,1,0.217916,0.0020,143.24,0,0,0,63.0122,0.880,0.76547,0,0,0,0,0,0.106954,0.032832,0.097856,0.030001,0.088539,0.025895,0.079530,0.020841,0.067457,0.015641,0.054393,0.011328,0.039948,0.009145,0.025813,-143.24,-111.82,-86.04,-43.52,-23.74,25.55,37.26,96.86,98.30,172.54,159.33,-103.10,-141.69,-6.27,-89.36,0.0454,0.0231,0.0107,0.0066,0.0062,0.0080,0.0081,0.0036,0.0043,0.0074,0.0059,0.0089,0.0119,0.0024,0.0011
2026-08-05 08:29:38.081,14.533333,106,2,0.185958,0.0051,1.97,0,0,0,63.0122,0.880,0.76547,0,0,0,0,0,0.092417,0.011775,0.084102,0.010770,0.076418,0.008885,0.069968,0.006665,0.060910,0.004057,0.050905,0.001618,0.039596,0.001690,0.028222,-1.97,167.16,-22.79,154.40,-37.98,140.57,-54.91,129.48,-71.66,121.51,-88.35,134.26,-106.89,-134.45,-130.76,0.0454,0.0231,0.0107,0.0066,0.0062,0.0080,0.0081,0.0036,0.0043,0.0074,0.0059,0.0089,0.0119,0.0024,0.0011
2026-08-05 08:29:38.081,14.550000,106,3,0.184057,-0.0010,178.38,0,0,0,63.0122,0.880,0.76547,0,0,0,0,0,0.089982,0.015406,0.082001,0.014182,0.074780,0.011726,0.068571,0.009279,0.060242,0.005947,0.050533,0.003250,0.040209,0.001832,0.029544,-178.38,175.74,168.21,171.00,159.78,165.01,150.45,161.69,140.37,161.98,131.06,173.79,118.91,-112.24,101.74,0.0454,0.0231,0.0107,0.0066,0.0062,0.0080,0.0081,0.0036,0.0043,0.0074,0.0059,0.0089,0.0119,0.0024,0.0011
2026-08-05 08:29:38.081,14.566667,106,4,0.195451,0.1373,8.10,0,0,0,63.0122,0.880,0.76547,0,0,0,0,0,0.095429,0.021887,0.088062,0.020627,0.080046,0.017350,0.072419,0.013891,0.062816,0.010424,0.051779,0.007008,0.039705,0.005444,0.028068,-8.10,153.34,-44.24,130.54,-73.59,107.46,-104.93,84.34,-136.11,67.89,-167.10,61.72,159.29,69.23,120.52,0.0454,0.0231,0.0107,0.0066,0.0062,0.0080,0.0081,0.0036,0.0043,0.0074,0.0059,0.0089,0.0119,0.0024,0.0011
2026-08-05 08:29:38.081,14.583333,106,5,0.268812,-0.0445,134.85,0,0,0,63.0122,0.880,0.76547,0,0,0,0,0,0.134126,0.046063,0.123171,0.042084,0.110500,0.036155,0.096273,0.029535,0.078128,0.023275,0.058729,0.018303,0.038699,0.016128,0.019928,-134.85,-92.41,-58.61,-4.90,22.16,83.37,101.85,174.26,-178.52,-90.02,-99.18,12.86,-22.13,121.91,45.80,0.0454,0.0231,0.0107,0.0066,0.0062,0.0080,0.0081,0.0036,0.0043,0.0074,0.0059,0.0089,0.0119,0.0024,0.0011
2026-08-05 08:29:38.081,14.600000,106,6,0.391985,-0.0932,138.10,0,0,0,63.0122,0.880,0.76547,0,0,0,0,0,0.211970,0.009596,0.195185,0.010320,0.172624,0.010746,0.144663,0.010095,0.111264,0.008313,0.077058,0.005548,0.043684,0.002053,0.018113,-138.10,-123.79,-64.20,-64.30,13.06,-1.01,90.03,67.76,168.24,140.53,-111.29,-143.70,-25.05,-50.03,90.85,0.0454,0.0231,0.0107,0.0066,0.0062,0.0080,0.0081,0.0036,0.0043,0.0074,0.0059,0.0089,0.0119,0.0024,0.0011
2026-08-05 08:29:38.081,14.616667,106,7,0.254802,-0.0199,154.39,0,0,0,63.0122,0.880,0.76547,0,0,0,0,0,0.136187,0.003602,0.124257,0.006622,0.110424,0.008654,0.095136,0.009635,0.076156,0.009360,0.055819,0.007807,0.034442,0.005304,0.013845,-154.39,123.67,-115.32,171.34,-72.36,-144.88,-30.50,-103.57,11.85,-61.16,54.83,-19.44,97.11,17.50,135.43,0.0454,0.0231,0.0107,0.0066,0.0062,0.0080,0.0081,0.0036,0.0043,0.0074,0.0059,0.0089,0.0119,0.0024,0.0011
2026-08-05 08:29:38.081,14.633333,106,8,0.192582,-0.0050,105.25,0,0,0,63.0122,0.880,0.76547,0,0,0,0,0,0.096460,0.016235,0.087822,0.014498,0.079643,0.011953,0.072257,0.008755,0.061896,0.005615,0.050435,0.002674,0.038063,0.002612,0.026069,-105.25,-39.36,28.02,102.05,166.23,-116.31,-56.86,26.24,80.05,173.63,-143.02,-15.72,-9.00,-153.20,118.91,0.0454,0.0231,0.0107,0.0066,0.0062,0.0080,0.0081,0.0036,0.0043,0.0074,0.0059,0.0089,0.0119,0.0024,0.0011
2026-08-05 08:29:38.081,14.650000,106,9,0.220464,-0.0097,-120.72,0,0,0,63.0122,0.880,0.76547,0,0,0,0,0,0.109492,0.032167,0.099843,0.029019,0.090492,0.024665,0.080770,0.018794,0.067752,0.013451,0.054339,0.008196,0.039804,0.005488,0.025921,120.72,55.65,-13.15,-68.37,-142.26,166.53,87.13,43.34,-43.31,-74.39,-174.14,177.49,51.73,102.00,-89.52,0.0454,0.0231,0.0107,0.0066,0.0062,0.0080,0.0081,0.0036,0.0043,0.0074,0.0059,0.0089,0.0119,0.0024,0.0011
2026-08-05 08:29:38.081,14.666667,106,10,0.211214,0.1589,-58.78,0,0,0,63.0122,0.880,0.76547,0,0,0,0,0,0.106688,0.029454,0.094951,0.027421,0.086030,0.024094,0.077084,0.019383,0.065167,0.015027,0.051925,0.011525,0.037831,0.008977,0.024114,58.78,-65.14,162.66,47.01,-89.74,162.99,16.96,-81.31,124.04,38.03,-129.38,164.52,-24.96,-56.55,72.86,0.0454,0.0231,0.0107,0.0066,0.0062,0.0080,0.0081,0.0036,0.0043,0.0074,0.0059,0.0089,0.0119,0.0024,0.0011
2026-08-05 08:29:38.081,14.683333,106,11,0.185736,-0.1106,136.81,0,0,0,63.0122,0.880,0.76547,0,0,0,0,0,0.089634,0.022932,0.082525,0.020154,0.075235,0.017503,0.068597,0.013859,0.059929,0.009616,0.050138,0.006201,0.039092,0.004577,0.028339,-136.81,-97.69,-66.91,-18.93,8.92,60.23,82.93,142.59,156.89,-131.60,-128.56,-35.74,-56.80,88.75,10.00,0.0454,0.0231,0.0107,0.0066,0.0062,0.0080,0.0081,0.0036,0.0043,0.0074,0.0059,0.0089,0.0119,0.0024,0.0011
2026-08-05 08:29:38.081,14.700000,106,12,0.206849,-0.0221,156.52,0,0,0,63.0122,0.880,0.76547,0,0,0,0,0,0.102067,0.028988,0.093262,0.026361,0.084270,0.022852,0.075878,0.018106,0.064756,0.013352,0.052321,0.009424,0.038695,0.007518,0.025682,-156.52,-137.77,-125.26,-96.92,-88.93,-54.89,-54.19,-10.43,-19.09,37.07,16.16,94.24,48.84,168.88,76.23,0.0454,0.0231,0.0107,0.0066,0.0062,0.0080,0.0081,0.0036,0.0043,0.0074,0.0059,0.0089,0.0119,0.0024,0.0011
2026-08-05 08:29:38.081,14.716667,106,13,0.188366,-0.0196,154.00,0,0,0,63.0122,0.880,0.76547,0,0,0,0,0,0.092067,0.016996,0.083814,0.015602,0.076350,0.013157,0.070338,0.009934,0.061773,0.006583,0.051838,0.003230,0.041150,0.000528,0.030747,-154.00,-137.73,-118.43,-95.94,-77.81,-54.14,-38.55,-13.36,1.04,26.96,40.59,69.21,77.67,-62.57,110.25,0.0454,0.0231,0.0107,0.0066,0.0062,0.0080,0.0081,0.0036,0.0043,0.0074,0.0059,0.0089,0.0119,0.0024,0.0011
2026-08-05 08:29:38.081,14.733333,106,14,0.175190,-0.0271,144.56,0,0,0,63.0122,0.880,0.76547,0,0,0,0,0,0.086114,0.015234,0.077826,0.014114,0.070780,0.012062,0.065181,0.009478,0.056914,0.007272,0.047600,0.006006,0.037380,0.006171,0.027697,-144.56,-113.84,-91.00,-47.32,-32.17,20.60,25.37,91.28,83.02,168.64,140.83,-103.77,-164.25,-8.90,-114.50,0.0454,0.0231,0.0107,0.0066,0.0062,0.0080,0.0081,0.0036,0.0043,0.0074,0.0059,0.0089,0.0119,0.0024,0.0011
2026-08-05 08:29:38.081,14.750000,106,15,0.173606,-0.0115,-140.60,0,0,0,63.0122,0.880,0.76547,0,0,0,0,0,0.084448,0.018366,0.076509,0.017072,0.069769,0.015089,0.064349,0.012404,0.056688,0.009576,0.047758,0.006816,0.037939,0.004039,0.028252,140.60,92.77,44.28,4.68,-46.53,-83.19,-138.79,-170.08,129.30,103.85,37.84,22.47,-56.40,-42.41,-155.06,0.0454,0.0231,0.0107,0.0066,0.0062,0.0080,0.0081,0.0036,0.0043,0.0074,0.0059,0.0089,0.0119,0.0024,0.0011
2026-08-05 08:29:38.081,14.766667,106,16,0.202086,0.0152,2.88,0,0,0,63.0122,0.880,0.76547,0,0,0,0,0,0.102141,0.018057,0.092872,0.016445,0.084228,0.014112,0.075835,0.010955,0.064774,0.007626,0.052413,0.004645,0.038915,0.000978,0.025515,-2.88,162.67,-24.30,144.08,-40.75,125.08,-58.45,105.43,-76.03,83.24,-93.19,59.89,-112.54,1.05,-137.72,0.0454,0.0231,0.0107,0.0066,0.0062,0.0080,0.0081,0.0036,0.0043,0.0074,0.0059,0.0089,0.0119,0.0024,0.0011
2026-08-05 08:29:38.081,14.783333,106,17,0.240350,-0.0076,-151.87,0,0,0,63.0122,0.880,0.76547,0,0,0,0,0,0.124768,0.011979,0.114036,0.010598,0.102886,0.008535,0.091012,0.005855,0.075786,0.002802,0.059110,0.000684,0.041076,0.003210,0.023811,151.87,113.47,82.01,48.39,16.45,-18.51,-50.12,-84.01,-116.64,-145.91,177.41,-139.02,109.24,-133.95,36.34,0.0454,0.0231,0.0107,0.0066,0.0062,0.0080,0.0081,0.0036,0.0043,0.0074,0.0059,0.0089,0.0119,0.0024,0.0011
2026-08-05 08:29:38.081,14.800000,106,18,0.275326,0.0004,-47.54,0,0,0,63.0122,0.880,0.76547,0,0,0,0,0,0.138601,0.045221,0.128020,0.040600,0.113884,0.035098,0.098532,0.028006,0.079280,0.021734,0.058645,0.018017,0.037308,0.017852,0.017502,47.54,-86.26,129.36,5.60,-144.42,100.19,-59.63,-161.48,25.62,-57.94,110.75,54.08,-166.09,167.97,-92.38,0.0454,0.0231,0.0107,0.0066,0.0062,0.0080,0.0081,0.0036,0.0043,0.0074,0.0059,0.0089,0.0119,0.0024,0.0011
2026-08-05 08:29:38.081,14.816667,106,19,0.247351,-0.0015,41.81,0,0,0,63.0122,0.880,0.76547,0,0,0,0,0,0.129008,0.021984,0.117997,0.020057,0.105738,0.016901,0.092566,0.013206,0.075635,0.009425,0.057384,0.005978,0.037773,0.004797,0.019180,-41.81,89.88,-138.63,-0.49,128.77,-90.62,35.10,-179.15,-58.18,97.25,-150.91,22.84,115.06,-27.19,16.35,0.0454,0.0231,0.0107,0.0066,0.0062,0.0080,0.0081,0.0036,0.0043,0.0074,0.0059,0.0089,0.0119,0.0024,0.0011
2026-08-05 08:29:38.081,14.833333,106,20,0.223987,-0.0016,-148.24,0,0,0,63.0122,0.880,0.76547,0,0,0,0,0,0.116606,0.006451,0.105956,0.006413,0.095712,0.006343,0.084822,0.006024,0.070940,0.005151,0.055686,0.004150,0.039110,0.002321,0.023539,148.24,88.39,70.89,6.11,-2.26,-82.38,-76.36,-165.52,-150.61,109.59,135.80,26.13,59.45,-77.84,-22.40,0.0454,0.0231,0.0107,0.0066,0.0062,0.0080,0.0081,0.0036,0.0043,0.0074,0.0059,0.0089,0.0119,0.0024,0.0011
2026-08-05 08:29:38.081,14.850000,106,21,0.236668,0.0008,-88.04,0,0,0,63.0122,0.880,0.76547,0,0,0,0,0,0.121486,0.021281,0.111399,0.019415,0.100263,0.016118,0.088757,0.012258,0.073783,0.007973,0.057602,0.004246,0.040054,0.003352,0.023872,88.04,-10.81,-109.51,157.65,57.12,-33.14,-137.39,137.15,28.14,-47.70,-166.10,137.28,-2.89,12.82,153.64,0.0454,0.0231,0.0107,0.0066,0.0062,0.0080,0.0081,0.0036,0.0043,0.0074,0.0059,0.0089,0.0119,0.0024,0.0011
2026-08-05 08:29:38.081,14.866667,106,22,0.273565,-0.0029,-158.61,0,0,0,63.0122,0.880,0.76547,0,0,0,0,0,0.145547,0.009489,0.133123,0.008575,0.119079,0.006942,0.102995,0.004853,0.082911,0.002620,0.061485,0.000356,0.038918,0.002727,0.017508,158.61,121.20,103.63,65.07,52.55,5.67,0.61,-53.48,-50.69,-112.77,-101.32,139.46,-151.72,-38.61,156.78,0.0454,0.0231,0.0107,0.0066,0.0062,0.0080,0.0081,0.0036,0.0043,0.0074,0.0059,0.0089,0.0119,0.0024,0.0011
2026-08-05 08:29:38.081,14.883333,106,23,0.293570,-0.0032,-172.13,0,0,0,63.0122,0.880,0.76547,0,0,0,0,0,0.156176,0.019192,0.143366,0.017690,0.127620,0.015313,0.109559,0.011992,0.086960,0.008614,0.063218,0.004773,0.038422,0.002304,0.015355,172.13,152.20,144.43,122.58,120.60,94.42,95.97,66.49,72.01,41.71,48.95,20.83,26.82,55.26,6.97,0.0454,0.0231,0.0107,0.0066,0.0062,0.0080,0.0081,0.0036,0.0043,0.0074,0.0059,0.0089,0.0119,0.0024,0.0011
2026-08-05 08:29:38.081,14.900000,106,24,0.325394,-0.0050,174.84,0,0,0,63.0122,0.880,0.76547,0,0,0,0,0,0.174417,0.020010,0.160389,0.017834,0.142214,0.014647,0.120823,0.010265,0.094445,0.005852,0.067092,0.001286,0.038988,0.003572,0.013891,-174.84,178.46,-175.73,175.54,-172.91,173.17,-170.83,170.44,-167.78,170.94,-163.67,175.55,-157.21,-34.11,-140.73,0.0454,0.0231,0.0107,0.0066,0.0062,0.0080,0.0081,0.0036,0.0043,0.0074,0.0059,0.0089,0.0119,0.0024,0.0011
2026-08-05 08:29:38.081,14.916667,106,25,0.348888,0.0051,-93.03,0,0,0,63.0122,0.880,0.76547,0,0,0,0,0,0.188767,0.009379,0.172463,0.013666,0.152627,0.017387,0.128217,0.019005,0.099251,0.018145,0.068933,0.014995,0.038994,0.009758,0.013879,93.03,-132.09,-91.58,59.27,87.43,-114.71,-94.14,65.75,85.53,-113.45,-93.19,65.26,92.72,-115.75,-58.21,0.0454,0.0231,0.0107,0.0066,0.0062,0.0080,0.0081,0.0036,0.0043,0.0074,0.0059,0.0089,0.0119,0.0024,0.0011
2026-08-05 08:29:38.081,14.933333,106,26,0.282796,0.0031,61.47,0,0,0,63.0122,0.880,0.76547,0,0,0,0,0,0.147308,0.027362,0.135709,0.024933,0.121139,0.020961,0.104737,0.016900,0.084262,0.013559,0.062332,0.012365,0.039491,0.013198,0.017366,-61.47,56.17,163.55,-68.84,32.30,169.22,-99.62,51.96,128.83,-58.67,-1.87,-163.01,-132.31,88.44,95.45,0.0454,0.0231,0.0107,0.0066,0.0062,0.0080,0.0081,0.0036,0.0043,0.0074,0.0059,0.0089,0.0119,0.0024,0.0011
2026-08-05 08:29:38.081,14.950000,106,27,0.245367,-0.0013,-144.85,0,0,0,63.0122,0.880,0.76547,0,0,0,0,0,0.127288,0.026361,0.116574,0.023944,0.104379,0.019893,0.090899,0.015240,0.074073,0.010630,0.055697,0.007373,0.036535,0.007694,0.018239,144.85,104.93,61.47,28.81,-17.85,-45.69,-98.16,-116.51,-178.23,178.04,101.95,129.41,20.94,87.96,-68.35,0.0454,0.0231,0.0107,0.0066,0.0062,0.0080,0.0081,0.0036,0.0043,0.0074,0.0059,0.0089,0.0119,0.0024,0.0011
2026-08-05 08:29:38.081,14.966667,106,28,0.231510,0.0021,110.02,0,0,0,63.0122,0.880,0.76547,0,0,0,0,0,0.119300,0.014517,0.109135,0.013022,0.098587,0.010713,0.087587,0.007788,0.073341,0.005123,0.057797,0.003214,0.040852,0.004046,0.024539,-110.02,-46.93,15.96,86.50,146.41,-139.60,-84.41,-2.33,45.14,142.09,174.86,-50.28,-57.02,128.41,65.17,0.0454,0.0231,0.0107,0.0066,0.0062,0.0080,0.0081,0.0036,0.0043,0.0074,0.0059,0.0089,0.0119,0.0024,0.0011
2026-08-05 08:29:38.081,14.983333,106,29,0.196658,-0.0040,-170.21,0,0,0,63.0122,0.880,0.76547,0,0,0,0,0,0.098519,0.011198,0.089719,0.009912,0.081398,0.008209,0.074269,0.006032,0.064268,0.003648,0.052974,0.002460,0.040724,0.003562,0.029005,170.21,153.39,134.39,126.64,103.77,101.86,71.73,77.76,39.82,64.77,8.06,80.80,-25.98,94.80,-66.07,0.0454,0.0231,0.0107,0.0066,0.0062,0.0080,0.0081,0.0036,0.0043,0.0074,0.0059,0.0089,0.0119,0.0024,0.0011
2026-08-05 08:29:38.581,15.000000,107,0,0.249787,0.0062,117.87,0,0,0,63.0122,0.232,0.69141,0,0,0,0,0,0.123304,0.041746,0.113786,0.038817,0.102233,0.033313,0.090167,0.027398,0.075038,0.020736,0.058272,0.014960,0.040892,0.011152,0.024748,-117.87,-58.38,-6.86,61.09,107.89,-177.75,-138.20,-54.76,-24.58,70.53,88.94,-156.59,-159.77,-14.87,-57.44,0.0257,0.0042,0.0094,0.0046,0.0016,0.0013,0.0034,0.0066,0.0035,0.0056,0.0051,0.0054,0.0014,0.0043,0.0031
2026-08-05 08:29:38.581,15.016667,107,1,0.425375,0.0201,-7.29,0,0,0,63.0122,0.232,0.69141,0,0,0,0,0,0.229435,0.016559,0.211289,0.015377,0.186260,0.013302,0.155343,0.010377,0.118510,0.006828,0.081112,0.004358,0.046432,0.005859,0.024803,7.29,179.12,12.23,178.05,20.50,179.76,28.82,-175.79,38.79,-161.84,52.16,-118.22,74.24,-58.69,128.67,0.0257,0.0042,0.0094,0.0046,0.0016,0.0013,0.0034,0.0066,0.0035,0.0056,0.0051,0.0054,0.0014,0.0043,0.0031
2026-08-05 08:29:38.581,15.033333,107,2,0.301365,-0.0150,129.48,0,0,0,63.0122,0.232,0.69141,0,0,0,0,0,0.162498,0.013239,0.148028,0.015380,0.130874,0.016294,0.111280,0.016822,0.086682,0.015758,0.060992,0.012992,0.035197,0.009540,0.010521,-129.48,120.08,-40.73,-131.12,52.36,-24.99,144.44,79.12,-123.01,-179.47,-29.14,-75.22,65.42,33.76,165.19,0.0257,0.0042,0.0094,0.0046,0.0016,0.0013,0.0034,0.0066,0.0035,0.0056,0.0051,0.0054,0.0014,0.0043,0.0031
2026-08-05 08:29:38.581,15.050000,107,3,0.232899,-0.0017,100.07,0,0,0,63.0122,0.232,0.69141,0,0,0,0,0,0.122348,0.005248,0.111686,0.005463,0.100123,0.005743,0.088167,0.005996,0.072765,0.005921,0.055916,0.005189,0.038193,0.004202,0.020961,-100.07,-52.06,45.72,77.84,-163.78,-149.06,-14.47,-12.01,134.84,123.33,-75.28,-100.16,73.07,31.70,-145.51,0.0257,0.0042,0.0094,0.0046,0.0016,0.0013,0.0034,0.0066,0.0035,0.0056,0.0051,0.0054,0.0014,0.0043,0.0031
2026-08-05 08:29:38.581,15.066667,107,4,0.180902,0.0031,-104.07,0,0,0,63.0122,0.232,0.69141,0,0,0,0,0,0.089371,0.012504,0.081275,0.011207,0.073968,0.009047,0.068089,0.006655,0.059561,0.003873,0.049996,0.001202,0.039214,0.001632,0.028942,104.07,18.32,-64.98,-144.52,131.43,53.46,-33.54,-109.85,161.62,88.73,-2.85,-59.72,-169.34,-75.60,18.64,0.0257,0.0042,0.0094,0.0046,0.0016,0.0013,0.0034,0.0066,0.0035,0.0056,0.0051,0.0054,0.0014,0.0043,0.0031
2026-08-05 08:29:38.581,15.083333,107,5,0.195291,-0.0052,-160.57,0,0,0,63.0122,0.232,0.69141,0,0,0,0,0,0.097844,0.006130,0.089114,0.005037,0.080778,0.003112,0.073819,0.001091,0.064003,0.001266,0.052898,0.003445,0.040619,0.005512,0.029227,160.57,130.30,105.35,78.91,55.27,27.45,4.01,-31.52,-47.44,132.21,-98.74,68.73,-152.05,12.63,148.80,0.0257,0.0042,0.0094,0.0046,0.0016,0.0013,0.0034,0.0066,0.0035,0.0056,0.0051,0.0054,0.0014,0.0043,0.0031
2026-08-05 08:29:38.581,15.100000,107,6,0.240665,-0.0043,-167.54,0,0,0,63.0122,0.232,0.69141,0,0,0,0,0,0.120881,0.034520,0.111080,0.031941,0.099987,0.027162,0.088296,0.021376,0.073151,0.015305,0.056898,0.009872,0.039848,0.006190,0.024011,167.54,150.07,129.35,118.94,95.01,88.38,59.54,59.37,24.06,33.83,-11.55,15.52,-49.88,18.42,-97.34,0.0257,0.0042,0.0094,0.0046,0.0016,0.0013,0.0034,0.0066,0.0035,0.0056,0.0051,0.0054,0.0014,0.0043,0.0031
2026-08-05 08:29:38.581,15.116667,107,7,0.423582,0.0451,5.86,0,0,0,63.0122,0.232,0.69141,0,0,0,0,0,0.226620,0.020202,0.209316,0.018978,0.185153,0.016787,0.155410,0.014116,0.120039,0.011210,0.083828,0.009299,0.049676,0.009617,0.025736,-5.86,156.66,-27.12,132.68,-45.15,111.28,-63.16,93.25,-79.63,82.51,-93.04,83.32,-99.05,92.01,-78.28,0.0257,0.0042,0.0094,0.0046,0.0016,0.0013,0.0034,0.0066,0.0035,0.0056,0.0051,0.0054,0.0014,0.0043,0.0031
2026-08-05 08:29:38.581,15.133333,107,8,0.306122,-0.0061,-145.20,0,0,0,63.0122,0.232,0.69141,0,0,0,0,0,0.164879,0.008537,0.150848,0.011927,0.133243,0.014304,0.112928,0.015331,0.088274,0.015084,0.062137,0.013352,0.035728,0.010553,0.011542,145.20,-36.49,63.55,-93.32,-14.12,-159.81,-92.30,132.96,-169.94,64.60,113.55,-1.64,39.40,-62.21,-22.37,0.0257,0.0042,0.0094,0.0046,0.0016,0.0013,0.0034,0.0066,0.0035,0.0056,0.0051,0.0054,0.0014,0.0043,0.0031
2026-08-05 08:29:38.581,15.150000,107,9,0.264695,-0.0048,-138.53,0,0,0,63.0122,0.232,0.69141,0,0,0,0,0,0.134149,0.039460,0.123393,0.036357,0.110819,0.031068,0.096795,0.024440,0.079033,0.017395,0.059811,0.011672,0.039946,0.009147,0.020893,138.53,93.31,43.49,5.94,-47.83,-80.35,-140.13,-165.09,127.52,114.99,35.58,45.68,-57.92,-8.97,-159.00,0.0257,0.0042,0.0094,0.0046,0.0016,0.0013,0.0034,0.0066,0.0035,0.0056,0.0051,0.0054,0.0014,0.0043,0.0031
2026-08-05 08:29:38.581,15.166667,107,10,0.261245,-0.0045,-107.68,0,0,0,63.0122,0.232,0.69141,0,0,0,0,0,0.135348,0.031567,0.124038,0.029009,0.110384,0.024938,0.095294,0.020290,0.076248,0.016069,0.055753,0.013757,0.034621,0.013622,0.015216,107.68,34.43,-49.42,-111.38,157.24,104.71,2.84,-36.17,-151.48,-170.92,54.13,60.93,-102.89,-67.44,85.88,0.0257,0.0042,0.0094,0.0046,0.0016,0.0013,0.0034,0.0066,0.0035,0.0056,0.0051,0.0054,0.0014,0.0043,0.0031
2026-08-05 08:29:38.581,15.183333,107,11,0.247558,-0.0082,-140.91,0,0,0,63.0122,0.232,0.69141,0,0,0,0,0,0.127015,0.031539,0.116358,0.028748,0.104046,0.024305,0.090771,0.018934,0.073957,0.013901,0.055633,0.010817,0.036459,0.011012,0.018178,140.91,98.69,49.63,16.99,-37.47,-62.87,-125.76,-139.71,146.11,150.95,58.19,93.13,-31.63,38.90,-130.13,0.0257,0.0042,0.0094,0.0046,0.0016,0.0013,0.0034,0.0066,0.0035,0.0056,0.0051,0.0054,0.0014,0.0043,0.0031
2026-08-05 08:29:38.581,15.200000,107,12,0.194215,-0.0064,-166.03,0,0,0,63.0122,0.232,0.69141,0,0,0,0,0,0.097305,0.015316,0.088795,0.013920,0.080226,0.011290,0.072682,0.008390,0.062569,0.005129,0.051108,0.001996,0.038975,0.001174,0.027934,166.03,142.44,121.47,102.12,81.88,62.17,41.20,22.32,0.32,-19.65,-40.58,-61.65,-84.21,91.13,-134.65,0.0257,0.0042,0.0094,0.0046,0.0016,0.0013,0.0034,0.0066,0.0035,0.0056,0.0051,0.0054,0.0014,0.0043,0.0031
2026-08-05 08:29:38.581,15.216667,107,13,0.201176,-0.0005,179.03,0,0,0,63.0122,0.232,0.69141,0,0,0,0,0,0.100883,0.017258,0.092241,0.015420,0.083481,0.012746,0.075521,0.009438,0.064796,0.005903,0.052728,0.003272,0.039700,0.003536,0.027287,-179.03,175.86,166.78,169.44,157.44,165.09,146.97,162.45,136.53,165.72,126.27,-167.31,113.68,-116.16,94.27,0.0257,0.0042,0.0094,0.0046,0.0016,0.0013,0.0034,0.0066,0.0035,0.0056,0.0051,0.0054,0.0014,0.0043,0.0031
2026-08-05 08:29:38.581,15.233333,107,14,0.246169,-0.0006,114.82,0,0,0,63.0122,0.232,0.69141,0,0,0,0,0,0.125575,0.027611,0.115279,0.025286,0.103667,0.021768,0.091468,0.017454,0.075915,0.013179,0.058662,0.010169,0.040432,0.009083,0.022840,-114.82,-53.27,2.02,73.06,123.05,-159.13,-116.90,-29.24,3.19,105.82,123.50,-110.42,-117.85,39.51,-5.84,0.0257,0.0042,0.0094,0.0046,0.0016,0.0013,0.0034,0.0066,0.0035,0.0056,0.0051,0.0054,0.0014,0.0043,0.0031
2026-08-05 08:29:38.581,15.250000,107,15,0.201375,-0.0087,-113.14,0,0,0,63.0122,0.232,0.69141,0,0,0,0,0,0.102078,0.009572,0.093403,0.008861,0.084415,0.007428,0.076177,0.005986,0.065136,0.004254,0.052836,0.002531,0.039507,0.001485,0.026918,113.14,32.44,-36.96,-120.34,177.89,88.33,31.56,-65.11,-114.77,136.71,99.21,-27.77,-49.22,132.92,155.86,0.0257,0.0042,0.0094,0.0046,0.0016,0.0013,0.0034,0.0066,0.0035,0.0056,0.0051,0.0054,0.0014,0.0043,0.0031
2026-08-05 08:29:38.581,15.266667,107,16,0.229678,-0.0068,172.67,0,0,0,63.0122,0.232,0.69141,0,0,0,0,0,0.119595,0.011419,0.109582,0.010107,0.098302,0.008030,0.086552,0.005578,0.071521,0.002970,0.055160,0.001887,0.037800,0.003300,0.021526,-172.67,-171.98,-172.35,-167.02,-167.69,-159.21,-164.10,-149.73,-160.53,-130.31,-156.98,-63.25,-156.02,-12.16,-164.28,0.0257,0.0042,0.0094,0.0046,0.0016,0.0013,0.0034,0.0066,0.0035,0.0056,0.0051,0.0054,0.0014,0.0043,0.0031
2026-08-05 08:29:38.581,15.283333,107,17,0.185862,-0.0022,-101.50,0,0,0,63.0122,0.232,0.69141,0,0,0,0,0,0.092471,0.003436,0.084410,0.004051,0.076740,0.004359,0.070353,0.004847,0.061360,0.004940,0.051177,0.004686,0.039862,0.004082,0.029344,101.50,-6.34,-73.05,161.91,117.60,-25.36,-52.86,154.08,136.62,-26.95,-33.59,154.79,153.81,-31.39,-24.35,0.0257,0.0042,0.0094,0.0046,0.0016,0.0013,0.0034,0.0066,0.0035,0.0056,0.0051,0.0054,0.0014,0.0043,0.0031
2026-08-05 08:29:38.581,15.300000,107,18,0.181714,-0.0050,-122.37,0,0,0,63.0122,0.232,0.69141,0,0,0,0,0,0.089130,0.006958,0.081271,0.006548,0.074156,0.005557,0.068305,0.004764,0.060108,0.003677,0.050688,0.002494,0.040100,0.001283,0.030154,122.37,54.11,-10.72,-77.01,-138.35,151.94,92.66,20.14,-36.42,-116.19,-165.36,106.32,63.13,-54.47,-74.40,0.0257,0.0042,0.0094,0.0046,0.0016,0.0013,0.0034,0.0066,0.0035,0.0056,0.0051,0.0054,0.0014,0.0043,0.0031
2026-08-05 08:29:38.581,15.316667,107,19,0.471362,-0.0018,-119.16,0,0,0,63.0122,0.232,0.69141,0,0,0,0,0,0.164797,0.032490,0.151114,0.034119,0.133739,0.037395,0.114710,0.042640,0.093783,0.049404,0.076058,0.057197,0.064879,0.064909,0.061873,119.16,-113.07,-15.87,135.03,-147.90,22.50,77.59,-91.07,-59.71,153.38,158.95,36.04,12.74,-82.73,-134.20,0.0257,0.0042,0.0094,0.0046,0.0016,0.0013,0.0034,0.0066,0.0035,0.0056,0.0051,0.0054,0.0014,0.0043,0.0031
2026-08-05 08:29:38.581,15.333333,107,20,0.557397,0.0185,102.93,0,0,0,63.0122,0.232,0.69141,0,0,0,0,0,0.234293,0.062564,0.215441,0.060785,0.188724,0.059233,0.155976,0.059239,0.117832,0.061640,0.079829,0.065973,0.045974,0.070780,0.025400,-102.93,158.88,39.57,-40.68,-174.81,121.09,-30.21,-75.92,113.53,86.93,-105.08,-112.01,28.27,46.59,134.97,0.0257,0.0042,0.0094,0.0046,0.0016,0.0013,0.0034,0.0066,0.0035,0.0056,0.0051,0.0054,0.0014,0.0043,0.0031
2026-08-05 08:29:38.581,15.350000,107,21,0.563650,0.0139,154.23,0,0,0,63.0122,0.232,0.69141,0,0,0,0,0,0.199959,0.112437,0.180005,0.108527,0.151826,0.103451,0.117736,0.098959,0.079670,0.096729,0.047667,0.097044,0.040073,0.099184,0.058039,-154.23,52.03,-116.77,104.96,-76.12,158.96,-37.87,-145.56,-4.29,-89.35,14.84,-33.51,8.06,20.85,20.69,0.0257,0.0042,0.0094,0.0046,0.0016,0.0013,0.0034,0.0066,0.0035,0.0056,0.0051,0.0054,0.0014,0.0043,0.0031
2026-08-05 08:29:38.581,15.366667,107,22,0.525277,0.0026,174.06,0,0,0,63.0122,0.232,0.69141,0,0,0,0,0,0.238728,0.037105,0.219998,0.034848,0.193616,0.032360,0.160779,0.030901,0.121982,0.031528,0.082117,0.034308,0.043750,0.038114,0.009892,-174.06,13.35,-172.91,28.89,-168.47,46.88,-164.47,68.23,-159.93,90.77,-154.71,111.45,-148.85,128.03,-137.61,0.0257,0.0042,0.0094,0.0046,0.0016,0.0013,0.0034,0.0066,0.0035,0.0056,0.0051,0.0054,0.0014,0.0043,0.0031
2026-08-05 08:29:38.581,15.383333,107,23,0.412087,0.0198,86.45,0,0,0,63.0122,0.232,0.69141,0,0,0,0,0,0.215041,0.009074,0.199648,0.010486,0.179271,0.012143,0.154270,0.013810,0.123946,0.014974,0.092182,0.015668,0.060485,0.015298,0.033175,-86.45,14.62,90.56,-159.06,-89.06,24.79,91.14,-154.59,-87.40,24.65,96.10,-156.19,-76.11,23.93,124.87,0.0257,0.0042,0.0094,0.0046,0.0016,0.0013,0.0034,0.0066,0.0035,0.0056,0.0051,0.0054,0.0014,0.0043,0.0031
2026-08-05 08:29:38.581,15.400000,107,24,0.310329,-0.0037,179.06,0,0,0,63.0122,0.232,0.69141,0,0,0,0,0,0.160171,0.015402,0.148197,0.015558,0.133814,0.015632,0.117266,0.015674,0.096437,0.015362,0.074114,0.014964,0.050584,0.013983,0.027154,-179.06,178.54,171.12,174.63,164.97,171.68,158.19,167.65,151.84,162.84,146.26,158.98,141.18,154.96,136.65,0.0257,0.0042,0.0094,0.0046,0.0016,0.0013,0.0034,0.0066,0.0035,0.0056,0.0051,0.0054,0.0014,0.0043,0.0031
2026-08-05 08:29:38.581,15.416667,107,25,0.227184,0.0051,115.27,0,0,0,63.0122,0.232,0.69141,0,0,0,0,0,0.106725,0.032963,0.097830,0.033000,0.088757,0.032759,0.079927,0.032073,0.068301,0.030676,0.055245,0.028696,0.040657,0.025865,0.025238,-115.27,-48.04,0.00,82.58,119.92,-147.30,-121.30,-17.96,-2.14,110.88,117.46,-120.81,-123.78,7.84,-8.80,0.0257,0.0042,0.0094,0.0046,0.0016,0.0013,0.0034,0.0066,0.0035,0.0056,0.0051,0.0054,0.0014,0.0043,0.0031
2026-08-05 08:29:38.581,15.433333,107,26,0.221696,-0.0026,177.62,0,0,0,63.0122,0.232,0.69141,0,0,0,0,0,0.105575,0.033090,0.096344,0.033176,0.086894,0.032811,0.077429,0.031937,0.065036,0.030300,0.051237,0.027687,0.036119,0.024292,0.020589,-177.62,-172.39,172.62,-166.42,167.69,-160.79,161.38,-155.90,155.27,-151.75,149.60,-147.96,142.24,-143.79,128.51,0.0257,0.0042,0.0094,0.0046,0.0016,0.0013,0.0034,0.0066,0.0035,0.0056,0.0051,0.0054,0.0014,0.0043,0.0031
2026-08-05 08:29:38.581,15.450000,107,27,0.184045,0.0055,-33.80,0,0,0,63.0122,0.232,0.69141,0,0,0,0,0,0.090195,0.012341,0.081985,0.013606,0.074395,0.014776,0.067876,0.015688,0.059046,0.015763,0.049297,0.015103,0.038570,0.013603,0.028010,33.80,-100.28,83.77,-28.07,139.32,42.01,-166.74,107.60,-112.87,171.77,-59.02,-126.18,-7.50,-63.94,38.20,0.0257,0.0042,0.0094,0.0046,0.0016,0.0013,0.0034,0.0066,0.0035,0.0056,0.0051,0.0054,0.0014,0.0043,0.0031
2026-08-05 08:29:38.581,15.466667,107,28,0.199866,-0.0058,164.45,0,0,0,63.0122,0.232,0.69141,0,0,0,0,0,0.098609,0.021610,0.089595,0.022389,0.080809,0.022928,0.072428,0.022936,0.061454,0.022053,0.049583,0.020277,0.036790,0.017523,0.024763,-164.45,-142.26,-149.22,-107.87,-128.93,-74.73,-110.32,-44.56,-91.84,-16.21,-73.56,10.92,-58.14,37.02,-50.01,0.0257,0.0042,0.0094,0.0046,0.0016,0.0013,0.0034,0.0066,0.0035,0.0056,0.0051,0.0054,0.0014,0.0043,0.0031
2026-08-05 08:29:38.581,15.483333,107,29,0.237034,-0.0057,-126.24,0,0,0,63.0122,0.232,0.69141,0,0,0,0,0,0.120799,0.027485,0.109956,0.028129,0.097943,0.028632,0.085080,0.028180,0.068970,0.026365,0.051979,0.023371,0.034577,0.019312,0.018884,126.24,81.21,4.90,-20.86,-112.00,-124.11,129.50,130.66,10.77,24.03,-108.57,-83.17,128.47,170.19,-6.94,0.0257,0.0042,0.0094,0.0046,0.0016,0.0013,0.0034,0.0066,0.0035,0.0056,0.0051,0.0054,0.0014,0.0043,0.0031
2026-08-05 08:29:39.090,15.500000,108,0,0.279842,-0.0012,-162.99,0,0,0,63.0122,0.228,0.97051,0,0,0,0,0,0.146391,0.029486,0.133787,0.030512,0.118415,0.030894,0.100647,0.030216,0.078849,0.027751,0.056309,0.023852,0.033330,0.018637,0.011142,162.99,156.03,117.06,129.06,74.91,100.28,31.91,69.39,-10.86,37.53,-53.31,5.46,-96.12,-24.73,-141.42,0.0235,0.0092,0.0128,0.0058,0.0046,0.0009,0.0054,0.0043,0.0030,0.0041,0.0099,0.0049,0.0039,0.0011,0.0023
2026-08-05 08:29:39.090,15.516667,108,1,0.218803,-0.0023,-129.37,0,0,0,63.0122,0.228,0.97051,0,0,0,0,0,0.110112,0.026939,0.100113,0.026765,0.089640,0.026239,0.078952,0.025128,0.065268,0.023032,0.050827,0.020265,0.035860,0.016760,0.021819,129.37,84.45,13.57,-13.14,-97.69,-111.23,149.52,149.52,36.31,49.87,-77.44,-50.12,165.74,-149.90,39.38,0.0235,0.0092,0.0128,0.0058,0.0046,0.0009,0.0054,0.0043,0.0030,0.0041,0.0099,0.0049,0.0039,0.0011,0.0023
2026-08-05 08:29:39.090,15.533333,108,2,0.202154,-0.0129,-168.31,0,0,0,63.0122,0.228,0.97051,0,0,0,0,0,0.102772,0.009074,0.093754,0.010791,0.084466,0.012636,0.075754,0.013569,0.064111,0.013613,0.051462,0.012592,0.037576,0.010850,0.024266,168.31,177.32,129.06,161.47,94.77,141.36,59.05,116.77,23.36,90.01,-12.41,62.30,-50.55,34.06,-95.82,0.0235,0.0092,0.0128,0.0058,0.0046,0.0009,0.0054,0.0043,0.0030,0.0041,0.0099,0.0049,0.0039,0.0011,0.0023
2026-08-05 08:29:39.090,15.550000,108,3,0.198037,-0.0006,141.58,0,0,0,63.0122,0.228,0.97051,0,0,0,0,0,0.098969,0.010751,0.090351,0.012004,0.081894,0.013194,0.073930,0.014033,0.063327,0.013985,0.051904,0.013109,0.039380,0.011431,0.027184,-141.58,-89.35,-80.90,-6.92,-15.15,72.55,49.13,147.56,113.33,-139.32,177.53,-69.07,-120.83,0.17,-65.50,0.0235,0.0092,0.0128,0.0058,0.0046,0.0009,0.0054,0.0043,0.0030,0.0041,0.0099,0.0049,0.0039,0.0011,0.0023
2026-08-05 08:29:39.090,15.566667,108,4,0.185577,0.0002,-109.70,0,0,0,63.0122,0.228,0.97051,0,0,0,0,0,0.093540,0.004110,0.085049,0.006206,0.077032,0.008155,0.069791,0.009448,0.059820,0.009760,0.048839,0.009280,0.037054,0.008174,0.025703,109.70,76.54,-48.06,-61.22,159.69,156.09,5.92,8.49,-147.92,-140.91,58.03,66.83,-98.46,-87.47,98.01,0.0235,0.0092,0.0128,0.0058,0.0046,0.0009,0.0054,0.0043,0.0030,0.0041,0.0099,0.0049,0.0039,0.0011,0.0023
2026-08-05 08:29:39.090,15.583333,108,5,0.351648,-0.0100,150.95,0,0,0,63.0122,0.228,0.97051,0,0,0,0,0,0.187660,0.020601,0.173110,0.017674,0.154091,0.014054,0.130794,0.009914,0.102375,0.005996,0.072603,0.004149,0.043186,0.006466,0.017607,-150.95,48.19,-104.53,97.97,-54.18,147.37,-4.19,-159.53,46.85,-93.41,99.50,9.99,155.83,100.53,-129.39,0.0235,0.0092,0.0128,0.0058,0.0046,0.0009,0.0054,0.0043,0.0030,0.0041,0.0099,0.0049,0.0039,0.0011,0.0023
2026-08-05 08:29:39.090,15.600000,108,6,0.382256,0.0257,-34.73,0,0,0,63.0122,0.228,0.97051,0,0,0,0,0,0.204088,0.036068,0.186946,0.035950,0.163987,0.035143,0.135722,0.033182,0.102440,0.029804,0.068789,0.025255,0.036891,0.020199,0.017369,34.73,-101.22,94.64,-24.47,157.83,51.53,-139.31,126.23,-74.89,-158.92,-7.67,-82.41,68.24,-1.13,-173.43,0.0235,0.0092,0.0128,0.0058,0.0046,0.0009,0.0054,0.0043,0.0030,0.0041,0.0099,0.0049,0.0039,0.0011,0.0023
2026-08-05 08:29:39.090,15.616667,108,7,0.260864,0.0022,-152.53,0,0,0,63.0122,0.228,0.97051,0,0,0,0,0,0.134344,0.033046,0.122591,0.032196,0.108921,0.030877,0.093950,0.028811,0.075422,0.025677,0.055738,0.021540,0.035360,0.016602,0.016035,152.53,130.72,85.42,79.44,22.15,28.07,-42.44,-24.47,-106.85,-77.03,-171.21,-129.38,122.37,-179.96,46.40,0.0235,0.0092,0.0128,0.0058,0.0046,0.0009,0.0054,0.0043,0.0030,0.0041,0.0099,0.0049,0.0039,0.0011,0.0023
2026-08-05 08:29:39.090,15.633333,108,8,0.223332,0.0074,50.35,0,0,0,63.0122,0.228,0.97051,0,0,0,0,0,0.113338,0.032798,0.102134,0.032596,0.090189,0.032131,0.077653,0.031043,0.062020,0.028329,0.045676,0.024197,0.029537,0.018968,0.016930,-50.35,86.07,-165.01,-10.72,84.51,-108.55,-27.73,152.21,-140.47,52.03,105.42,-49.25,-14.68,-150.20,-153.47,0.0235,0.0092,0.0128,0.0058,0.0046,0.0009,0.0054,0.0043,0.0030,0.0041,0.0099,0.0049,0.0039,0.0011,0.0023
2026-08-05 08:29:39.090,15.650000,108,9,0.193372,0.0014,169.51,0,0,0,63.0122,0.228,0.97051,0,0,0,0,0,0.097573,0.020080,0.088060,0.021006,0.078661,0.021831,0.069760,0.022319,0.057942,0.021469,0.045264,0.019476,0.032265,0.016330,0.020497,-169.51,-149.76,-164.56,-124.33,-154.72,-101.05,-146.44,-80.62,-138.29,-60.77,-130.96,-43.13,-127.31,-26.69,-133.57,0.0235,0.0092,0.0128,0.0058,0.0046,0.0009,0.0054,0.0043,0.0030,0.0041,0.0099,0.0049,0.0039,0.0011,0.0023
2026-08-05 08:29:39.090,15.666667,108,10,0.203488,0.0055,102.45,0,0,0,63.0122,0.228,0.97051,0,0,0,0,0,0.104163,0.007839,0.094885,0.009798,0.085597,0.011811,0.076292,0.013025,0.064038,0.013215,0.050635,0.012163,0.036676,0.010722,0.023161,-102.45,-2.90,36.86,158.73,-178.88,-45.65,-35.96,105.60,106.95,-105.34,-110.39,40.51,29.48,-175.99,161.85,0.0235,0.0092,0.0128,0.0058,0.0046,0.0009,0.0054,0.0043,0.0030,0.0041,0.0099,0.0049,0.0039,0.0011,0.0023
2026-08-05 08:29:39.090,15.683333,108,11,0.247598,0.0114,-70.16,0,0,0,63.0122,0.228,0.97051,0,0,0,0,0,0.127076,0.032986,0.115289,0.032608,0.102292,0.031913,0.088352,0.030506,0.070855,0.027477,0.052343,0.023102,0.033565,0.017784,0.017053,70.16,-32.80,-162.49,111.67,-31.22,-104.87,98.64,37.41,-131.41,179.69,-2.22,-38.55,123.12,103.09,-123.79,0.0235,0.0092,0.0128,0.0058,0.0046,0.0009,0.0054,0.0043,0.0030,0.0041,0.0099,0.0049,0.0039,0.0011,0.0023
2026-08-05 08:29:39.090,15.700000,108,12,0.227619,0.0171,-29.40,0,0,0,63.0122,0.228,0.97051,0,0,0,0,0,0.114856,0.032155,0.103864,0.031636,0.092048,0.030932,0.080125,0.029827,0.065078,0.027657,0.048874,0.024023,0.032765,0.019516,0.019665,29.40,-114.44,74.25,-51.50,123.08,10.49,170.25,71.26,-142.81,132.29,-97.03,-167.19,-56.53,-106.83,-29.81,0.0235,0.0092,0.0128,0.0058,0.0046,0.0009,0.0054,0.0043,0.0030,0.0041,0.0099,0.0049,0.0039,0.0011,0.0023
2026-08-05 08:29:39.090,15.716667,108,13,0.200191,0.0059,-102.92,0,0,0,63.0122,0.228,0.97051,0,0,0,0,0,0.102028,0.008573,0.093177,0.011388,0.083626,0.013649,0.074263,0.015016,0.062451,0.015323,0.049194,0.014026,0.035461,0.011448,0.023371,102.92,50.72,-67.22,-93.97,127.85,115.22,-39.00,-42.05,154.26,160.01,-12.92,1.16,175.91,-160.72,-3.39,0.0235,0.0092,0.0128,0.0058,0.0046,0.0009,0.0054,0.0043,0.0030,0.0041,0.0099,0.0049,0.0039,0.0011,0.0023
2026-08-05 08:29:39.090,15.733333,108,14,0.287122,0.0093,133.28,0,0,0,63.0122,0.228,0.97051,0,0,0,0,0,0.151937,0.028982,0.138557,0.029165,0.122070,0.029003,0.102878,0.028025,0.079572,0.025849,0.055249,0.022481,0.030734,0.018165,0.008913,-133.28,-76.07,-51.68,25.16,33.58,125.06,117.82,-136.31,-157.75,-37.67,-73.48,62.50,7.96,164.98,71.05,0.0235,0.0092,0.0128,0.0058,0.0046,0.0009,0.0054,0.0043,0.0030,0.0041,0.0099,0.0049,0.0039,0.0011,0.0023
2026-08-05 08:29:39.090,15.750000,108,15,0.254249,-0.0163,-171.71,0,0,0,63.0122,0.228,0.97051,0,0,0,0,0,0.134032,0.016948,0.122406,0.019014,0.108792,0.020698,0.093401,0.021474,0.074550,0.020680,0.054321,0.018153,0.033304,0.013896,0.013577,171.71,178.58,142.07,170.02,116.74,157.71,90.12,140.73,63.90,122.42,38.08,103.78,10.47,82.62,-24.24,0.0235,0.0092,0.0128,0.0058,0.0046,0.0009,0.0054,0.0043,0.0030,0.0041,0.0099,0.0049,0.0039,0.0011,0.0023
2026-08-05 08:29:39.090,15.766667,108,16,0.300626,0.0141,-28.30,0,0,0,63.0122,0.228,0.97051,0,0,0,0,0,0.160313,0.014353,0.147217,0.017228,0.130397,0.019811,0.110629,0.020943,0.086806,0.020252,0.061332,0.017691,0.035517,0.013247,0.011466,28.30,-102.11,73.07,-35.57,121.76,25.06,169.56,80.81,-142.02,134.91,-92.55,-170.65,-42.80,-117.52,11.21,0.0235,0.0092,0.0128,0.0058,0.0046,0.0009,0.0054,0.0043,0.0030,0.0041,0.0099,0.0049,0.0039,0.0011,0.0023
2026-08-05 08:29:39.090,15.783333,108,17,0.352699,0.0020,22.39,0,0,0,63.0122,0.228,0.97051,0,0,0,0,0,0.190617,0.009821,0.176044,0.008488,0.155014,0.007555,0.129502,0.005044,0.099431,0.002456,0.067645,0.001450,0.036931,0.005105,0.014036,-22.39,-61.63,-78.13,-128.62,-129.91,171.44,177.58,113.78,126.47,60.73,77.75,123.20,34.69,95.82,28.01,0.0235,0.0092,0.0128,0.0058,0.0046,0.0009,0.0054,0.0043,0.0030,0.0041,0.0099,0.0049,0.0039,0.0011,0.0023
2026-08-05 08:29:39.090,15.800000,108,18,0.432477,0.0085,-71.81,0,0,0,63.0122,0.228,0.97051,0,0,0,0,0,0.234581,0.019553,0.216671,0.017191,0.189352,0.014677,0.155492,0.010202,0.116168,0.005989,0.076709,0.004164,0.042683,0.007683,0.029162,71.81,130.67,-154.45,-102.18,-16.99,29.82,120.40,165.77,-99.87,-46.53,44.35,146.72,-158.36,-37.71,32.71,0.0235,0.0092,0.0128,0.0058,0.0046,0.0009,0.0054,0.0043,0.0030,0.0041,0.0099,0.0049,0.0039,0.0011,0.0023
2026-08-05 08:29:39.090,15.816667,108,19,0.328298,0.0107,47.76,0,0,0,63.0122,0.228,0.97051,0,0,0,0,0,0.174089,0.040264,0.157539,0.038606,0.138674,0.037020,0.115338,0.033488,0.087543,0.029263,0.059091,0.024542,0.030811,0.019489,0.010714,-47.76,91.83,-153.94,0.18,103.28,-90.66,0.36,179.37,-101.76,89.73,158.69,3.97,64.82,-77.45,14.58,0.0235,0.0092,0.0128,0.0058,0.0046,0.0009,0.0054,0.0043,0.0030,0.0041,0.0099,0.0049,0.0039,0.0011,0.0023
2026-08-05 08:29:39.090,15.833333,108,20,0.312316,0.0039,-72.46,0,0,0,63.0122,0.228,0.97051,0,0,0,0,0,0.165784,0.023121,0.151899,0.022543,0.135189,0.021953,0.115435,0.020240,0.091302,0.017574,0.065871,0.013998,0.039492,0.009626,0.015208,72.46,-26.69,-153.98,123.66,-16.89,-86.62,119.56,62.81,-103.73,-148.36,33.86,3.04,171.11,160.93,-51.72,0.0235,0.0092,0.0128,0.0058,0.0046,0.0009,0.0054,0.0043,0.0030,0.0041,0.0099,0.0049,0.0039,0.0011,0.0023
2026-08-05 08:29:39.090,15.850000,108,21,0.249058,0.0089,-83.23,0,0,0,63.0122,0.228,0.97051,0,0,0,0,0,0.128024,0.032579,0.115935,0.031717,0.103340,0.030948,0.089197,0.029098,0.071670,0.026418,0.053123,0.022535,0.033725,0.017278,0.016732,83.23,-7.14,-123.30,162.04,34.06,-28.27,-169.70,140.51,-13.78,-51.52,142.12,117.14,-65.67,-74.54,74.58,0.0235,0.0092,0.0128,0.0058,0.0046,0.0009,0.0054,0.0043,0.0030,0.0041,0.0099,0.0049,0.0039,0.0011,0.0023
2026-08-05 08:29:39.090,15.866667,108,22,0.221129,0.0014,-165.84,0,0,0,63.0122,0.228,0.97051,0,0,0,0,0,0.114139,0.021412,0.103502,0.021855,0.092199,0.022443,0.080405,0.022466,0.065330,0.021191,0.049282,0.018854,0.032346,0.015029,0.017588,165.84,161.22,123.22,138.10,85.06,113.99,45.43,87.61,5.76,60.05,-34.18,32.12,-77.90,4.36,-134.29,0.0235,0.0092,0.0128,0.0058,0.0046,0.0009,0.0054,0.0043,0.0030,0.0041,0.0099,0.0049,0.0039,0.0011,0.0023
2026-08-05 08:29:39.090,15.883333,108,23,0.218212,0.0053,-55.53,0,0,0,63.0122,0.228,0.97051,0,0,0,0,0,0.113002,0.019563,0.102480,0.020650,0.091356,0.021556,0.079556,0.021898,0.064547,0.020588,0.048814,0.018266,0.032040,0.014110,0.017581,55.53,-57.81,152.16,59.17,-106.61,174.13,-6.94,-73.95,92.72,36.63,-167.98,146.36,-72.31,-103.68,10.63,0.0235,0.0092,0.0128,0.0058,0.0046,0.0009,0.0054,0.0043,0.0030,0.0041,0.0099,0.0049,0.0039,0.0011,0.0023
2026-08-05 08:29:39.090,15.900000,108,24,0.340911,-0.0037,-132.98,0,0,0,63.0122,0.228,0.97051,0,0,0,0,0,0.182909,0.008113,0.168595,0.013017,0.149023,0.016238,0.126032,0.018103,0.097794,0.017466,0.068808,0.015202,0.039466,0.010593,0.014981,132.98,131.12,28.04,46.71,-73.27,-47.51,-175.05,-145.28,84.21,117.27,-14.73,19.99,-109.30,-72.88,176.69,0.0235,0.0092,0.0128,0.0058,0.0046,0.0009,0.0054,0.0043,0.0030,0.0041,0.0099,0.0049,0.0039,0.0011,0.0023
2026-08-05 08:29:39.090,15.916667,108,25,0.419195,0.0205,-75.35,0,0,0,63.0122,0.228,0.97051,0,0,0,0,0,0.222124,0.030079,0.204520,0.030475,0.181224,0.030057,0.152218,0.028761,0.117893,0.025739,0.083028,0.021589,0.050528,0.016143,0.029172,75.35,-20.28,-143.53,135.51,0.97,-69.00,145.41,84.32,-68.25,-121.99,81.13,31.78,-121.09,-168.77,60.05,0.0235,0.0092,0.0128,0.0058,0.0046,0.0009,0.0054,0.0043,0.0030,0.0041,0.0099,0.0049,0.0039,0.0011,0.0023
2026-08-05 08:29:39.090,15.933333,108,26,0.230241,0.0040,-75.46,0,0,0,63.0122,0.228,0.97051,0,0,0,0,0,0.115632,0.035296,0.104077,0.035598,0.092658,0.035424,0.080080,0.034560,0.064347,0.031928,0.047873,0.027897,0.030722,0.022044,0.016530,75.46,-22.47,-148.03,130.82,-6.86,-75.70,132.51,75.39,-88.02,-133.82,50.57,15.52,-174.36,165.48,-54.91,0.0235,0.0092,0.0128,0.0058,0.0046,0.0009,0.0054,0.0043,0.0030,0.0041,0.0099,0.0049,0.0039,0.0011,0.0023
2026-08-05 08:29:39.090,15.950000,108,27,0.204294,-0.0044,-157.52,0,0,0,63.0122,0.228,0.97051,0,0,0,0,0,0.101563,0.024257,0.091854,0.024837,0.082415,0.025425,0.072849,0.025591,0.060827,0.024547,0.047924,0.022391,0.034272,0.018429,0.023018,157.52,143.23,97.04,102.26,41.34,60.57,-16.13,15.79,-73.66,-29.19,-132.20,-76.17,165.34,-123.00,92.53,0.0235,0.0092,0.0128,0.0058,0.0046,0.0009,0.0054,0.0043,0.0030,0.0041,0.0099,0.0049,0.0039,0.0011,0.0023
2026-08-05 08:29:39.090,15.966667,108,28,0.186356,-0.0062,177.35,0,0,0,63.0122,0.228,0.97051,0,0,0,0,0,0.093447,0.018590,0.084539,0.018555,0.076169,0.018496,0.068347,0.018062,0.058011,0.016839,0.046729,0.015045,0.034113,0.012172,0.023106,-177.35,-170.23,171.87,-163.77,166.08,-157.67,158.76,-154.29,151.60,-150.92,143.99,-149.42,133.69,-149.23,115.16,0.0235,0.0092,0.0128,0.0058,0.0046,0.0009,0.0054,0.0043,0.0030,0.0041,0.0099,0.0049,0.0039,0.0011,0.0023
2026-08-05 08:29:39.090,15.983333,108,29,0.174549,0.0023,-155.75,0,0,0,63.0122,0.228,0.97051,0,0,0,0,0,0.085311,0.006099,0.077883,0.007512,0.070879,0.009304,0.065123,0.010444,0.057396,0.011092,0.048291,0.010744,0.038186,0.009537,0.028962,155.75,152.11,90.20,115.34,29.72,66.58,-31.93,14.54,-93.57,-39.08,-155.06,-95.34,141.02,-151.35,71.20,0.0235,0.0092,0.0128,0.0058,0.0046,0.0009,0.0054,0.0043,0.0030,0.0041,0.0099,0.0049,0.0039,0.0011,0.0023
2026-08-05 08:29:39.561,16.000000,109,0,0.326087,0.0075,76.58,0,0,0,63.0122,0.230,0.85010,0,0,0,0,0,0.165304,0.054115,0.154457,0.050345,0.136719,0.041536,0.115885,0.032929,0.091405,0.023812,0.064392,0.018541,0.037537,0.018035,0.012308,-76.58,-154.03,120.09,48.77,-40.75,-104.99,158.60,105.45,-2.01,-38.93,-161.79,-169.97,39.72,59.87,-120.13,0.0214,0.0018,0.0015,0.0055,0.0052,0.0121,0.0047,0.0006,0.0021,0.0020,0.0028,0.0033,0.0010,0.0062,0.0057
2026-08-05 08:29:39.561,16.016667,109,1,0.399627,-0.0021,-152.97,0,0,0,63.0122,0.230,0.85010,0,0,0,0,0,0.211580,0.031390,0.193985,0.034498,0.171077,0.036247,0.143385,0.036845,0.109898,0.034623,0.075943,0.029913,0.044017,0.023682,0.021803,152.97,141.04,88.67,95.71,28.03,47.33,-32.87,-3.55,-92.21,-55.81,-148.46,-106.53,162.54,-154.73,143.82,0.0214,0.0018,0.0015,0.0055,0.0052,0.0121,0.0047,0.0006,0.0021,0.0020,0.0028,0.0033,0.0010,0.0062,0.0057
2026-08-05 08:29:39.561,16.033333,109,2,0.376748,0.0068,-118.60,0,0,0,63.0122,0.230,0.85010,0,0,0,0,0,0.202815,0.012440,0.186458,0.016608,0.164509,0.019696,0.137760,0.020928,0.105770,0.019667,0.072842,0.016289,0.041074,0.012042,0.016937,118.60,89.68,-14.50,-19.77,-144.14,-137.96,85.96,100.75,-42.74,-21.04,-168.89,-139.24,70.91,110.91,-18.49,0.0214,0.0018,0.0015,0.0055,0.0052,0.0121,0.0047,0.0006,0.0021,0.0020,0.0028,0.0033,0.0010,0.0062,0.0057
2026-08-05 08:29:39.561,16.050000,109,3,0.388330,-0.0048,-125.09,0,0,0,63.0122,0.230,0.85010,0,0,0,0,0,0.204280,0.036272,0.187243,0.039106,0.164835,0.040676,0.138189,0.041231,0.105676,0.039336,0.072541,0.034806,0.041094,0.028946,0.017393,125.09,84.12,4.74,-17.00,-111.86,-120.68,131.16,133.81,15.41,26.62,-97.57,-79.22,155.80,177.50,80.51,0.0214,0.0018,0.0015,0.0055,0.0052,0.0121,0.0047,0.0006,0.0021,0.0020,0.0028,0.0033,0.0010,0.0062,0.0057
2026-08-05 08:29:39.561,16.066667,109,4,0.414933,0.0113,-87.89,0,0,0,63.0122,0.230,0.85010,0,0,0,0,0,0.222719,0.019618,0.205136,0.022184,0.180975,0.024037,0.151266,0.024493,0.115837,0.023021,0.079637,0.019623,0.045406,0.015613,0.021309,87.89,15.20,-106.14,-156.97,63.16,25.70,-127.64,-153.86,42.97,25.82,-143.55,-151.93,37.13,36.97,-111.32,0.0214,0.0018,0.0015,0.0055,0.0052,0.0121,0.0047,0.0006,0.0021,0.0020,0.0028,0.0033,0.0010,0.0062,0.0057
2026-08-05 08:29:39.561,16.083333,109,5,0.373586,-0.0009,-108.76,0,0,0,63.0122,0.230,0.85010,0,0,0,0,0,0.194127,0.052644,0.177121,0.052711,0.155087,0.050474,0.129291,0.047063,0.097964,0.042380,0.065630,0.035798,0.034862,0.029058,0.012451,108.76,44.28,-44.91,-93.85,165.35,127.39,15.25,-10.67,-133.95,-148.98,79.42,74.14,-60.75,-58.50,-159.08,0.0214,0.0018,0.0015,0.0055,0.0052,0.0121,0.0047,0.0006,0.0021,0.0020,0.0028,0.0033,0.0010,0.0062,0.0057
2026-08-05 08:29:39.561,16.100000,109,6,0.256926,-0.0147,169.13,0,0,0,63.0122,0.230,0.85010,0,0,0,0,0,0.134720,0.016640,0.123228,0.018337,0.109785,0.020001,0.095050,0.020748,0.076432,0.020106,0.056565,0.017802,0.036004,0.013952,0.016704,-169.13,-143.03,-160.28,-112.23,-147.47,-86.75,-135.69,-64.15,-123.78,-43.92,-111.76,-24.15,-101.97,-4.24,-102.62,0.0214,0.0018,0.0015,0.0055,0.0052,0.0121,0.0047,0.0006,0.0021,0.0020,0.0028,0.0033,0.0010,0.0062,0.0057
2026-08-05 08:29:39.561,16.116667,109,7,0.352903,0.0068,101.97,0,0,0,63.0122,0.230,0.85010,0,0,0,0,0,0.189025,0.020174,0.173734,0.022342,0.153179,0.023917,0.128569,0.024161,0.099040,0.022261,0.068444,0.018360,0.038741,0.013055,0.015755,-101.97,-7.75,43.46,157.82,-167.58,-41.10,-18.90,116.92,131.03,-86.19,-76.66,71.56,81.71,-124.99,-89.88,0.0214,0.0018,0.0015,0.0055,0.0052,0.0121,0.0047,0.0006,0.0021,0.0020,0.0028,0.0033,0.0010,0.0062,0.0057
2026-08-05 08:29:39.561,16.133333,109,8,0.435310,-0.0098,-178.80,0,0,0,63.0122,0.230,0.85010,0,0,0,0,0,0.230680,0.024314,0.213239,0.024744,0.188816,0.024342,0.158698,0.023003,0.122984,0.020290,0.086909,0.016536,0.053669,0.013068,0.032369,178.80,-171.86,166.87,-166.49,158.29,-162.95,149.88,-160.02,143.22,-156.89,140.15,-150.05,145.33,-134.07,173.37,0.0214,0.0018,0.0015,0.0055,0.0052,0.0121,0.0047,0.0006,0.0021,0.0020,0.0028,0.0033,0.0010,0.0062,0.0057
2026-08-05 08:29:39.561,16.150000,109,9,0.258265,-0.0095,-133.22,0,0,0,63.0122,0.230,0.85010,0,0,0,0,0,0.131148,0.036675,0.119375,0.037521,0.105409,0.037516,0.090436,0.036360,0.072012,0.034031,0.052481,0.030015,0.032317,0.024432,0.013990,133.22,93.40,25.67,4.24,-77.40,-86.81,178.39,-178.75,74.17,88.72,-30.22,-4.25,-137.13,-96.51,103.00,0.0214,0.0018,0.0015,0.0055,0.0052,0.0121,0.0047,0.0006,0.0021,0.0020,0.0028,0.0033,0.0010,0.0062,0.0057
2026-08-05 08:29:39.561,16.166667,109,10,0.240696,0.0167,35.31,0,0,0,63.0122,0.230,0.85010,0,0,0,0,0,0.121405,0.031168,0.110611,0.032054,0.098351,0.032528,0.085594,0.031954,0.069590,0.030098,0.052377,0.026811,0.034349,0.022034,0.017875,-35.31,115.98,-120.38,49.74,159.10,-18.66,77.38,-88.72,-4.34,-159.61,-86.36,128.65,-171.08,57.09,92.67,0.0214,0.0018,0.0015,0.0055,0.0052,0.0121,0.0047,0.0006,0.0021,0.0020,0.0028,0.0033,0.0010,0.0062,0.0057
2026-08-05 08:29:39.561,16.183333,109,11,0.211822,0.0023,-103.27,0,0,0,63.0122,0.230,0.85010,0,0,0,0,0,0.107780,0.018452,0.098275,0.019438,0.087931,0.020406,0.077807,0.020777,0.064630,0.020021,0.050288,0.017958,0.035158,0.014772,0.021393,103.27,36.85,-65.01,-110.25,131.35,99.45,-33.73,-52.95,161.05,153.03,-4.24,-1.65,-172.76,-156.33,9.15,0.0214,0.0018,0.0015,0.0055,0.0052,0.0121,0.0047,0.0006,0.0021,0.0020,0.0028,0.0033,0.0010,0.0062,0.0057
2026-08-05 08:29:39.561,16.200000,109,12,0.221968,0.0027,98.25,0,0,0,63.0122,0.230,0.85010,0,0,0,0,0,0.114869,0.002809,0.105233,0.004326,0.094898,0.005544,0.084298,0.006393,0.070493,0.006918,0.055305,0.006451,0.038897,0.005478,0.023168,-98.25,27.04,51.57,-163.13,-154.37,-5.83,-1.40,147.49,151.56,-63.88,-55.33,83.06,95.97,-135.40,-119.73,0.0214,0.0018,0.0015,0.0055,0.0052,0.0121,0.0047,0.0006,0.0021,0.0020,0.0028,0.0033,0.0010,0.0062,0.0057
2026-08-05 08:29:39.561,16.216667,109,13,0.242062,0.0059,109.32,0,0,0,63.0122,0.230,0.85010,0,0,0,0,0,0.123492,0.026633,0.112901,0.027067,0.100941,0.027185,0.088094,0.026677,0.071992,0.024925,0.054772,0.021941,0.036577,0.017758,0.019180,-109.32,-32.23,17.91,113.59,149.51,-102.51,-80.05,39.96,50.73,-178.62,-178.29,-37.52,-49.02,104.37,72.58,0.0214,0.0018,0.0015,0.0055,0.0052,0.0121,0.0047,0.0006,0.0021,0.0020,0.0028,0.0033,0.0010,0.0062,0.0057
2026-08-05 08:29:39.561,16.233333,109,14,0.242941,-0.0032,-132.25,0,0,0,63.0122,0.230,0.85010,0,0,0,0,0,0.124635,0.029033,0.113775,0.028564,0.101268,0.027654,0.088023,0.025950,0.071592,0.023074,0.053808,0.019128,0.035608,0.014591,0.019340,132.25,89.27,22.60,-2.60,-82.79,-95.89,170.55,170.39,63.71,76.58,-43.36,-17.00,-153.63,-107.96,84.45,0.0214,0.0018,0.0015,0.0055,0.0052,0.0121,0.0047,0.0006,0.0021,0.0020,0.0028,0.0033,0.0010,0.0062,0.0057
2026-08-05 08:29:39.561,16.250000,109,15,0.263782,-0.0055,-142.77,0,0,0,63.0122,0.230,0.85010,0,0,0,0,0,0.139140,0.005341,0.127852,0.007740,0.114385,0.009642,0.099412,0.010640,0.080644,0.010566,0.060452,0.009184,0.039229,0.006662,0.018389,142.77,145.00,56.32,80.43,-26.25,6.51,-109.68,-71.36,167.36,-151.17,84.99,130.19,2.43,52.65,-83.07,0.0214,0.0018,0.0015,0.0055,0.0052,0.0121,0.0047,0.0006,0.0021,0.0020,0.0028,0.0033,0.0010,0.0062,0.0057
2026-08-05 08:29:39.561,16.266667,109,16,0.244061,-0.0018,-138.95,0,0,0,63.0122,0.230,0.85010,0,0,0,0,0,0.120446,0.040257,0.109611,0.040102,0.097446,0.039248,0.084506,0.037461,0.068171,0.034414,0.051144,0.030051,0.033509,0.024523,0.018333,138.95,101.34,41.76,21.79,-50.91,-58.94,-144.95,-140.38,120.82,137.62,26.21,55.78,-72.37,-25.07,175.12,0.0214,0.0018,0.0015,0.0055,0.0052,0.0121,0.0047,0.0006,0.0021,0.0020,0.0028,0.0033,0.0010,0.0062,0.0057
2026-08-05 08:29:39.561,16.283333,109,17,0.247760,-0.0060,112.74,0,0,0,63.0122,0.230,0.85010,0,0,0,0,0,0.125140,0.034031,0.114103,0.034002,0.101470,0.033673,0.088011,0.032454,0.071180,0.030123,0.053109,0.026552,0.034343,0.021800,0.017217,-112.74,-40.25,7.66,98.24,132.32,-124.76,-104.18,11.16,19.26,146.57,142.64,-77.98,-96.67,58.24,12.46,0.0214,0.0018,0.0015,0.0055,0.0052,0.0121,0.0047,0.0006,0.0021,0.0020,0.0028,0.0033,0.0010,0.0062,0.0057
2026-08-05 08:29:39.561,16.300000,109,18,0.244256,-0.0048,-163.53,0,0,0,63.0122,0.230,0.85010,0,0,0,0,0,0.122781,0.035521,0.111856,0.035536,0.099135,0.035300,0.085647,0.034142,0.068582,0.031858,0.050686,0.028138,0.032506,0.022977,0.017278,163.53,152.84,116.30,123.92,73.30,93.68,28.94,62.71,-15.94,30.49,-61.59,-2.48,-111.88,-34.90,-179.92,0.0214,0.0018,0.0015,0.0055,0.0052,0.0121,0.0047,0.0006,0.0021,0.0020,0.0028,0.0033,0.0010,0.0062,0.0057
2026-08-05 08:29:39.561,16.316667,109,19,0.386942,0.0185,-40.41,0,0,0,63.0122,0.230,0.85010,0,0,0,0,0,0.204505,0.012116,0.189399,0.011266,0.169177,0.009674,0.144412,0.007640,0.114362,0.004949,0.082531,0.002381,0.050700,0.001772,0.023263,40.41,69.99,112.18,143.56,-172.97,-142.20,-98.42,-67.64,-22.80,8.74,54.82,101.16,136.96,-102.64,-122.54,0.0214,0.0018,0.0015,0.0055,0.0052,0.0121,0.0047,0.0006,0.0021,0.0020,0.0028,0.0033,0.0010,0.0062,0.0057
2026-08-05 08:29:39.561,16.333333,109,20,0.399895,0.0126,29.02,0,0,0,63.0122,0.230,0.85010,0,0,0,0,0,0.201706,0.065730,0.185949,0.061018,0.165288,0.053943,0.140117,0.046207,0.109668,0.039005,0.077934,0.033988,0.046759,0.031292,0.020434,-29.02,122.05,-98.33,64.45,-164.05,8.37,129.98,-44.77,64.98,-94.26,2.06,-140.38,-56.35,174.66,-94.01,0.0214,0.0018,0.0015,0.0055,0.0052,0.0121,0.0047,0.0006,0.0021,0.0020,0.0028,0.0033,0.0010,0.0062,0.0057
2026-08-05 08:29:39.561,16.350000,109,21,0.295909,-0.0160,176.29,0,0,0,63.0122,0.230,0.85010,0,0,0,0,0,0.146303,0.059105,0.133805,0.054615,0.118790,0.048156,0.101511,0.040671,0.080086,0.033643,0.057732,0.028327,0.034630,0.025634,0.012280,-176.29,-174.52,177.44,-168.97,175.51,-161.90,172.61,-152.03,170.19,-138.26,168.28,-119.94,166.28,-99.53,162.50,0.0214,0.0018,0.0015,0.0055,0.0052,0.0121,0.0047,0.0006,0.0021,0.0020,0.0028,0.0033,0.0010,0.0062,0.0057
2026-08-05 08:29:39.561,16.366667,109,22,0.278876,-0.0009,-111.84,0,0,0,63.0122,0.230,0.85010,0,0,0,0,0,0.133822,0.061737,0.122279,0.057667,0.108751,0.051504,0.093862,0.044115,0.075299,0.036744,0.055688,0.030332,0.035506,0.025715,0.016838,111.84,41.29,-38.93,-97.45,174.71,124.78,27.08,-10.86,-120.55,-143.48,91.42,87.23,-59.49,-38.94,136.63,0.0214,0.0018,0.0015,0.0055,0.0052,0.0121,0.0047,0.0006,0.0021,0.0020,0.0028,0.0033,0.0010,0.0062,0.0057
2026-08-05 08:29:39.561,16.383333,109,23,0.248852,0.0038,88.83,0,0,0,63.0122,0.230,0.85010,0,0,0,0,0,0.123225,0.042335,0.112607,0.039342,0.100885,0.035022,0.088406,0.029884,0.072615,0.024866,0.055660,0.020902,0.037659,0.018666,0.020221,-88.83,1.37,79.42,-177.87,-107.81,4.24,63.58,-171.26,-124.94,16.87,46.65,-150.74,-143.60,44.58,18.69,0.0214,0.0018,0.0015,0.0055,0.0052,0.0121,0.0047,0.0006,0.0021,0.0020,0.0028,0.0033,0.0010,0.0062,0.0057
2026-08-05 08:29:39.561,16.400000,109,24,0.251530,0.0016,-79.38,0,0,0,63.0122,0.230,0.85010,0,0,0,0,0,0.128682,0.036037,0.117623,0.032319,0.105120,0.026774,0.091414,0.020106,0.074285,0.014195,0.055952,0.011314,0.036620,0.012695,0.017799,79.38,-24.33,-135.18,130.97,14.62,-71.93,163.16,90.07,-48.03,-98.54,101.10,88.01,-111.01,-86.51,31.19,0.0214,0.0018,0.0015,0.0055,0.0052,0.0121,0.0047,0.0006,0.0021,0.0020,0.0028,0.0033,0.0010,0.0062,0.0057
2026-08-05 08:29:39.561,16.416667,109,25,0.334432,-0.0001,-131.73,0,0,0,63.0122,0.230,0.85010,0,0,0,0,0,0.173966,0.031435,0.160164,0.028081,0.142720,0.023211,0.121726,0.017262,0.096041,0.011297,0.069190,0.005951,0.042394,0.003492,0.020435,131.73,76.55,24.28,-27.93,-79.34,-131.99,176.68,125.47,74.02,27.41,-26.25,-59.33,-120.99,-111.23,166.51,0.0214,0.0018,0.0015,0.0055,0.0052,0.0121,0.0047,0.0006,0.0021,0.0020,0.0028,0.0033,0.0010,0.0062,0.0057
2026-08-05 08:29:39.561,16.433333,109,26,0.403525,0.0004,143.76,0,0,0,63.0122,0.230,0.85010,0,0,0,0,0,0.211277,0.029915,0.195488,0.026809,0.174438,0.022442,0.148698,0.017892,0.117468,0.014732,0.085079,0.014139,0.053284,0.015401,0.027516,-143.76,-106.69,-81.26,-33.35,-15.41,42.57,50.35,124.69,117.39,-145.18,-173.13,-51.60,-98.21,36.29,-4.00,0.0214,0.0018,0.0015,0.0055,0.0052,0.0121,0.0047,0.0006,0.0021,0.0020,0.0028,0.0033,0.0010,0.0062,0.0057
2026-08-05 08:29:39.561,16.450000,109,27,0.351212,0.0007,163.88,0,0,0,63.0122,0.230,0.85010,0,0,0,0,0,0.181119,0.005842,0.167707,0.008307,0.150745,0.010805,0.130612,0.012599,0.105713,0.013342,0.079341,0.013044,0.052073,0.011492,0.027228,-163.88,53.98,-141.61,93.39,-115.86,124.64,-90.51,151.41,-63.91,176.85,-35.43,-159.04,-3.33,-133.70,41.25,0.0214,0.0018,0.0015,0.0055,0.0052,0.0121,0.0047,0.0006,0.0021,0.0020,0.0028,0.0033,0.0010,0.0062,0.0057
2026-08-05 08:29:39.561,16.466667,109,28,0.270102,-0.0018,85.41,0,0,0,63.0122,0.230,0.85010,0,0,0,0,0,0.140561,0.019971,0.129243,0.018360,0.116264,0.015923,0.101711,0.012997,0.083416,0.009650,0.063893,0.005976,0.043127,0.002461,0.022472,-85.41,-2.28,91.53,174.11,-87.55,-9.96,92.32,166.32,-87.45,-16.71,93.20,160.81,-86.64,-20.59,90.90,0.0214,0.0018,0.0015,0.0055,0.0052,0.0121,0.0047,0.0006,0.0021,0.0020,0.0028,0.0033,0.0010,0.0062,0.0057
2026-08-05 08:29:39.561,16.483333,109,29,0.402275,-0.0053,-144.44,0,0,0,63.0122,0.230,0.85010,0,0,0,0,0,0.215903,0.023269,0.199079,0.020292,0.176151,0.015732,0.147906,0.010204,0.114101,0.005125,0.079495,0.004352,0.046321,0.008237,0.022010,144.44,100.32,63.33,20.08,-14.37,-59.25,-92.22,-133.74,-168.71,170.38,117.32,165.84,50.12,115.35,10.81,0.0214,0.0018,0.0015,0.0055,0.0052,0.0121,0.0047,0.0006,0.0021,0.0020,0.0028,0.0033,0.0010,0.0062,0.0057
2026-08-05 08:29:40.071,16.500000,110,0,0.345659,-0.0085,148.67,0,0,0,63.0122,0.234,0.93794,0,0,0,0,0,0.185334,0.017801,0.170142,0.021835,0.149969,0.025591,0.125705,0.027073,0.096548,0.026082,0.066446,0.022642,0.036948,0.017588,0.011663,-148.67,86.06,-95.80,162.73,-39.53,-128.30,16.13,-62.99,72.69,1.42,130.76,66.46,-167.43,135.19,-79.53,0.0205,0.0055,0.0059,0.0081,0.0060,0.0066,0.0051,0.0066,0.0006,0.0031,0.0023,0.0047,0.0063,0.0011,0.0034
2026-08-05 08:29:40.071,16.516667,110,1,0.259019,-0.0001,-139.17,0,0,0,63.0122,0.234,0.93794,0,0,0,0,0,0.131929,0.036224,0.120886,0.032667,0.108495,0.027762,0.094823,0.022001,0.077609,0.016182,0.059312,0.011986,0.039619,0.010946,0.020188,139.17,93.95,43.81,7.83,-47.24,-76.87,-139.37,-158.95,128.81,125.07,37.42,60.17,-54.82,3.14,-151.11,0.0205,0.0055,0.0059,0.0081,0.0060,0.0066,0.0051,0.0066,0.0006,0.0031,0.0023,0.0047,0.0063,0.0011,0.0034
2026-08-05 08:29:40.071,16.533333,110,2,0.409945,0.0227,28.54,0,0,0,63.0122,0.234,0.93794,0,0,0,0,0,0.217929,0.030644,0.201101,0.028016,0.178472,0.024062,0.150495,0.019691,0.116901,0.015857,0.082329,0.013778,0.049026,0.014160,0.023040,-28.54,118.45,-95.74,56.75,-159.51,-2.85,136.55,-58.59,73.89,-107.78,13.63,-150.25,-40.73,167.51,-70.82,0.0205,0.0055,0.0059,0.0081,0.0060,0.0066,0.0051,0.0066,0.0006,0.0031,0.0023,0.0047,0.0063,0.0011,0.0034
2026-08-05 08:29:40.071,16.550000,110,3,0.381010,0.0150,-94.11,0,0,0,63.0122,0.234,0.93794,0,0,0,0,0,0.205621,0.004665,0.189453,0.006744,0.167996,0.008254,0.141680,0.008353,0.110001,0.007283,0.077173,0.004870,0.045151,0.001952,0.018091,94.11,-41.00,-87.51,120.39,94.19,-67.60,-84.48,109.85,97.81,-69.17,-78.09,113.62,110.23,-42.38,-40.07,0.0205,0.0055,0.0059,0.0081,0.0060,0.0066,0.0051,0.0066,0.0006,0.0031,0.0023,0.0047,0.0063,0.0011,0.0034
2026-08-05 08:29:40.071,16.566667,110,4,0.387544,-0.0093,130.81,0,0,0,63.0122,0.234,0.93794,0,0,0,0,0,0.207485,0.017052,0.191314,0.015923,0.169811,0.014143,0.143271,0.011751,0.111445,0.008935,0.078643,0.006904,0.046805,0.007012,0.021790,-130.81,-94.48,-42.55,-8.61,49.20,78.41,140.71,169.86,-126.56,-90.50,-31.55,23.34,69.17,149.51,-166.58,0.0205,0.0055,0.0059,0.0081,0.0060,0.0066,0.0051,0.0066,0.0006,0.0031,0.0023,0.0047,0.0063,0.0011,0.0034
2026-08-05 08:29:40.071,16.583333,110,5,0.385511,0.0076,13.11,0,0,0,63.0122,0.234,0.93794,0,0,0,0,0,0.205129,0.034869,0.189124,0.031576,0.167514,0.026637,0.140864,0.021123,0.108719,0.016052,0.075369,0.012463,0.043029,0.011744,0.017704,-13.11,149.66,-49.92,119.07,-83.16,89.76,-116.61,63.56,-148.94,43.48,-179.07,32.72,156.42,26.92,161.16,0.0205,0.0055,0.0059,0.0081,0.0060,0.0066,0.0051,0.0066,0.0006,0.0031,0.0023,0.0047,0.0063,0.0011,0.0034
2026-08-05 08:29:40.071,16.600000,110,6,0.421239,0.0215,-49.27,0,0,0,63.0122,0.234,0.93794,0,0,0,0,0,0.225818,0.020021,0.208332,0.017719,0.184485,0.014269,0.154864,0.010278,0.119493,0.006567,0.083554,0.005296,0.049936,0.007490,0.027074,49.27,-90.05,138.21,-0.62,-129.50,90.16,-37.18,-173.91,56.73,-65.40,153.55,72.05,-101.88,-163.19,28.52,0.0205,0.0055,0.0059,0.0081,0.0060,0.0066,0.0051,0.0066,0.0006,0.0031,0.0023,0.0047,0.0063,0.0011,0.0034
2026-08-05 08:29:40.071,16.616667,110,7,0.362076,0.0049,116.16,0,0,0,63.0122,0.234,0.93794,0,0,0,0,0,0.195528,0.014642,0.179930,0.013022,0.159170,0.010723,0.133860,0.007582,0.103433,0.004075,0.072042,0.000955,0.041162,0.003569,0.016224,-116.16,-64.75,1.28,49.01,122.15,163.27,-117.31,-81.10,4.27,38.46,127.88,-140.71,-103.65,63.73,51.76,0.0205,0.0055,0.0059,0.0081,0.0060,0.0066,0.0051,0.0066,0.0006,0.0031,0.0023,0.0047,0.0063,0.0011,0.0034
2026-08-05 08:29:40.071,16.633333,110,8,0.386677,0.0187,-67.22,0,0,0,63.0122,0.234,0.93794,0,0,0,0,0,0.208314,0.016740,0.191909,0.014947,0.169732,0.012079,0.142638,0.008224,0.110043,0.004119,0.076513,0.001705,0.044037,0.005664,0.019192,67.22,-58.22,-168.37,62.28,-40.58,-176.68,86.99,-53.03,-144.22,79.14,-13.00,-62.06,124.10,104.76,-70.79,0.0205,0.0055,0.0059,0.0081,0.0060,0.0066,0.0051,0.0066,0.0006,0.0031,0.0023,0.0047,0.0063,0.0011,0.0034
2026-08-05 08:29:40.071,16.650000,110,9,0.410761,-0.0013,-122.11,0,0,0,63.0122,0.234,0.93794,0,0,0,0,0,0.221727,0.008952,0.203850,0.010839,0.179617,0.011933,0.149900,0.011716,0.114568,0.009949,0.078763,0.006901,0.046223,0.004018,0.027399,122.11,27.38,-3.21,-113.65,-125.20,113.31,112.86,-15.24,-7.16,-137.52,-123.57,110.48,129.47,30.12,51.19,0.0205,0.0055,0.0059,0.0081,0.0060,0.0066,0.0051,0.0066,0.0006,0.0031,0.0023,0.0047,0.0063,0.0011,0.0034
2026-08-05 08:29:40.071,16.666667,110,10,0.426800,-0.0076,-136.94,0,0,0,63.0122,0.234,0.93794,0,0,0,0,0,0.229201,0.015219,0.211373,0.014045,0.187112,0.011860,0.157087,0.009268,0.121269,0.007320,0.084493,0.007159,0.049769,0.009282,0.026012,136.94,82.82,41.27,-13.29,-51.19,-106.88,-143.64,164.57,125.54,87.46,37.60,25.01,-43.10,-42.55,-97.40,0.0205,0.0055,0.0059,0.0081,0.0060,0.0066,0.0051,0.0066,0.0006,0.0031,0.0023,0.0047,0.0063,0.0011,0.0034
2026-08-05 08:29:40.071,16.683333,110,11,0.367135,0.0007,-174.98,0,0,0,63.0122,0.234,0.93794,0,0,0,0,0,0.196293,0.018202,0.180664,0.016906,0.160482,0.014897,0.135828,0.012641,0.105893,0.010856,0.074831,0.010117,0.044369,0.010233,0.020076,174.98,165.61,154.46,151.18,137.38,138.70,120.11,129.11,104.12,123.60,90.25,123.49,81.66,124.03,96.41,0.0205,0.0055,0.0059,0.0081,0.0060,0.0066,0.0051,0.0066,0.0006,0.0031,0.0023,0.0047,0.0063,0.0011,0.0034
2026-08-05 08:29:40.071,16.700000,110,12,0.267579,-0.0027,92.21,0,0,0,63.0122,0.234,0.93794,0,0,0,0,0,0.139183,0.023455,0.127937,0.021098,0.114936,0.017433,0.100334,0.012979,0.082288,0.008407,0.062468,0.004773,0.041654,0.004714,0.021449,-92.21,-11.25,70.62,156.68,-122.48,-34.61,43.50,137.03,-150.02,-47.48,17.01,148.92,-176.68,15.22,-12.44,0.0205,0.0055,0.0059,0.0081,0.0060,0.0066,0.0051,0.0066,0.0006,0.0031,0.0023,0.0047,0.0063,0.0011,0.0034
2026-08-05 08:29:40.071,16.716667,110,13,0.263993,0.0007,-99.21,0,0,0,63.0122,0.234,0.93794,0,0,0,0,0,0.138123,0.024112,0.126756,0.021883,0.113271,0.018666,0.098241,0.014580,0.079446,0.010760,0.059194,0.008187,0.037735,0.007845,0.017481,99.21,14.02,-75.11,-153.05,114.70,41.98,-56.59,-120.03,132.61,83.27,-37.67,-63.68,150.80,160.02,-24.58,0.0205,0.0055,0.0059,0.0081,0.0060,0.0066,0.0051,0.0066,0.0006,0.0031,0.0023,0.0047,0.0063,0.0011,0.0034
2026-08-05 08:29:40.071,16.733333,110,14,0.291846,-0.0242,167.03,0,0,0,63.0122,0.234,0.93794,0,0,0,0,0,0.147601,0.045163,0.136453,0.040520,0.122180,0.034528,0.105953,0.027027,0.086322,0.019455,0.064668,0.014049,0.042127,0.012651,0.021582,-167.03,-157.04,-153.83,-135.28,-136.42,-112.34,-120.28,-85.48,-103.83,-53.86,-87.17,-11.86,-72.92,42.00,-65.30,0.0205,0.0055,0.0059,0.0081,0.0060,0.0066,0.0051,0.0066,0.0006,0.0031,0.0023,0.0047,0.0063,0.0011,0.0034
2026-08-05 08:29:40.071,16.750000,110,15,0.238991,-0.0041,-122.76,0,0,0,63.0122,0.234,0.93794,0,0,0,0,0,0.125927,0.006833,0.114550,0.008102,0.102556,0.008997,0.090042,0.009663,0.073595,0.009500,0.056105,0.008181,0.037816,0.006121,0.020587,122.76,27.31,-4.70,-112.12,-128.42,111.54,106.91,-21.79,-17.67,-151.49,-142.49,78.65,90.10,-54.99,-46.15,0.0205,0.0055,0.0059,0.0081,0.0060,0.0066,0.0051,0.0066,0.0006,0.0031,0.0023,0.0047,0.0063,0.0011,0.0034
2026-08-05 08:29:40.071,16.766667,110,16,0.204251,-0.0040,-150.13,0,0,0,63.0122,0.234,0.93794,0,0,0,0,0,0.102893,0.018324,0.093731,0.016762,0.085050,0.014372,0.076719,0.011110,0.065530,0.007823,0.053135,0.005001,0.039418,0.003505,0.026176,150.13,112.97,75.11,45.88,4.78,-21.17,-66.70,-86.24,-137.99,-148.52,151.00,160.44,77.44,142.46,-1.33,0.0205,0.0055,0.0059,0.0081,0.0060,0.0066,0.0051,0.0066,0.0006,0.0031,0.0023,0.0047,0.0063,0.0011,0.0034
2026-08-05 08:29:40.071,16.783333,110,17,0.182009,0.0104,-33.02,0,0,0,63.0122,0.234,0.93794,0,0,0,0,0,0.088994,0.016145,0.080671,0.014799,0.073576,0.012533,0.068032,0.009698,0.059925,0.006519,0.050545,0.003520,0.040023,0.001084,0.030047,33.02,-123.63,82.35,-66.58,136.83,-10.91,-169.87,45.58,-116.45,102.84,-62.64,164.53,-11.18,-57.72,35.93,0.0205,0.0055,0.0059,0.0081,0.0060,0.0066,0.0051,0.0066,0.0006,0.0031,0.0023,0.0047,0.0063,0.0011,0.0034
2026-08-05 08:29:40.071,16.800000,110,18,0.177627,-0.0024,-132.46,0,0,0,63.0122,0.234,0.93794,0,0,0,0,0,0.087319,0.007063,0.078856,0.006596,0.072278,0.005956,0.066762,0.005550,0.059079,0.005281,0.050030,0.005406,0.039936,0.005511,0.030438,132.46,61.51,20.29,-53.05,-86.58,-175.84,165.40,61.98,57.31,-65.58,-49.98,172.74,-160.04,43.01,85.89,0.0205,0.0055,0.0059,0.0081,0.0060,0.0066,0.0051,0.0066,0.0006,0.0031,0.0023,0.0047,0.0063,0.0011,0.0034
2026-08-05 08:29:40.071,16.816667,110,19,0.172703,-0.0031,179.95,0,0,0,63.0122,0.234,0.93794,0,0,0,0,0,0.085742,0.014014,0.077404,0.012621,0.070375,0.010479,0.064261,0.007874,0.055981,0.004900,0.046574,0.002117,0.036198,0.001373,0.026761,-179.95,168.88,162.70,158.06,150.81,145.31,137.36,132.69,124.07,116.95,111.08,96.56,94.19,-58.72,72.38,0.0205,0.0055,0.0059,0.0081,0.0060,0.0066,0.0051,0.0066,0.0006,0.0031,0.0023,0.0047,0.0063,0.0011,0.0034
2026-08-05 08:29:40.071,16.833333,110,20,0.234902,-0.0019,136.09,0,0,0,63.0122,0.234,0.93794,0,0,0,0,0,0.115582,0.038606,0.106389,0.035107,0.095499,0.030266,0.085093,0.024036,0.071280,0.017989,0.056145,0.012734,0.039914,0.010650,0.025074,-136.09,-95.47,-62.73,-12.94,15.24,71.69,91.68,158.26,168.38,-110.75,-115.12,-10.79,-41.27,102.54,25.56,0.0205,0.0055,0.0059,0.0081,0.0060,0.0066,0.0051,0.0066,0.0006,0.0031,0.0023,0.0047,0.0063,0.0011,0.0034
2026-08-05 08:29:40.071,16.850000,110,21,0.391257,-0.0028,142.30,0,0,0,63.0122,0.234,0.93794,0,0,0,0,0,0.211296,0.015294,0.194440,0.014430,0.171706,0.012618,0.143753,0.010369,0.110195,0.007598,0.075838,0.005375,0.042174,0.005973,0.017880,-142.30,-118.75,-76.90,-57.82,-8.15,5.97,60.43,72.23,130.26,146.84,-157.35,-122.36,-78.20,-11.73,32.72,0.0205,0.0055,0.0059,0.0081,0.0060,0.0066,0.0051,0.0066,0.0006,0.0031,0.0023,0.0047,0.0063,0.0011,0.0034
2026-08-05 08:29:40.071,16.866667,110,22,0.232230,-0.0125,174.17,0,0,0,63.0122,0.234,0.93794,0,0,0,0,0,0.121788,0.007033,0.110216,0.007508,0.099543,0.008762,0.087576,0.008829,0.072640,0.008282,0.056533,0.006633,0.039139,0.003994,0.022762,-174.17,33.35,-176.05,50.89,-173.83,66.75,-172.62,80.40,-171.46,91.11,-169.97,103.40,-171.05,113.29,-178.36,0.0205,0.0055,0.0059,0.0081,0.0060,0.0066,0.0051,0.0066,0.0006,0.0031,0.0023,0.0047,0.0063,0.0011,0.0034
2026-08-05 08:29:40.071,16.883333,110,23,0.181026,0.0042,-83.87,0,0,0,63.0122,0.234,0.93794,0,0,0,0,0,0.089156,0.011468,0.080838,0.010684,0.073729,0.009287,0.067816,0.007678,0.059468,0.005886,0.049971,0.003994,0.039380,0.002156,0.029629,83.87,-27.28,-125.14,126.28,31.03,-82.56,-174.20,67.60,-19.37,-144.67,135.88,-1.87,-71.93,115.76,75.09,0.0205,0.0055,0.0059,0.0081,0.0060,0.0066,0.0051,0.0066,0.0006,0.0031,0.0023,0.0047,0.0063,0.0011,0.0034
2026-08-05 08:29:40.071,16.900000,110,24,0.209010,-0.0007,-66.33,0,0,0,63.0122,0.234,0.93794,0,0,0,0,0,0.108277,0.002833,0.097968,0.004254,0.088631,0.005821,0.079025,0.006547,0.066382,0.006579,0.052730,0.005809,0.037706,0.003886,0.024113,66.33,-169.19,-176.11,-36.03,-53.69,95.08,67.20,-137.29,-171.70,-8.09,-50.75,120.09,67.65,-104.62,178.50,0.0205,0.0055,0.0059,0.0081,0.0060,0.0066,0.0051,0.0066,0.0006,0.0031,0.0023,0.0047,0.0063,0.0011,0.0034
2026-08-05 08:29:40.071,16.916667,110,25,0.236173,-0.0095,-165.05,0,0,0,63.0122,0.234,0.93794,0,0,0,0,0,0.121701,0.015914,0.111724,0.014589,0.100738,0.012908,0.089388,0.010488,0.074466,0.008016,0.058581,0.005321,0.041013,0.002202,0.024482,165.05,137.26,121.26,92.13,81.88,48.26,41.34,1.96,1.12,-43.20,-38.99,-91.53,-80.63,-139.42,-127.81,0.0205,0.0055,0.0059,0.0081,0.0060,0.0066,0.0051,0.0066,0.0006,0.0031,0.0023,0.0047,0.0063,0.0011,0.0034
2026-08-05 08:29:40.071,16.933333,110,26,0.284298,0.0051,72.08,0,0,0,63.0122,0.234,0.93794,0,0,0,0,0,0.150107,0.005730,0.137688,0.009110,0.123459,0.012071,0.107132,0.013712,0.086668,0.013491,0.065278,0.012017,0.042424,0.008436,0.021480,-72.08,-29.16,131.59,163.21,-20.84,5.58,-174.43,-151.10,32.52,55.96,-120.57,-98.24,85.41,107.78,-74.02,0.0205,0.0055,0.0059,0.0081,0.0060,0.0066,0.0051,0.0066,0.0006,0.0031,0.0023,0.0047,0.0063,0.0011,0.0034
2026-08-05 08:29:40.071,16.950000,110,27,0.364845,0.0016,-107.44,0,0,0,63.0122,0.234,0.93794,0,0,0,0,0,0.196095,0.020893,0.180873,0.019250,0.159870,0.016135,0.134655,0.012560,0.104090,0.008458,0.072275,0.004290,0.040900,0.001564,0.015229,107.44,22.80,-47.99,-136.24,159.89,65.28,7.54,-92.25,-143.78,111.44,66.91,-38.26,-77.45,-119.18,164.17,0.0205,0.0055,0.0059,0.0081,0.0060,0.0066,0.0051,0.0066,0.0006,0.0031,0.0023,0.0047,0.0063,0.0011,0.0034
2026-08-05 08:29:40.071,16.966667,110,28,0.349222,0.0001,150.49,0,0,0,63.0122,0.234,0.93794,0,0,0,0,0,0.185565,0.031240,0.168522,0.034308,0.148966,0.037104,0.124382,0.038000,0.095463,0.035798,0.065644,0.030976,0.036039,0.023766,0.011127,-150.49,75.97,-102.36,142.93,-50.51,-151.62,0.48,-90.50,52.80,-29.33,106.25,31.40,164.05,96.07,-114.98,0.0205,0.0055,0.0059,0.0081,0.0060,0.0066,0.0051,0.0066,0.0006,0.0031,0.0023,0.0047,0.0063,0.0011,0.0034
2026-08-05 08:29:40.071,16.983333,110,29,0.223766,0.0050,34.12,0,0,0,63.0122,0.234,0.93794,0,0,0,0,0,0.114898,0.005150,0.105067,0.006878,0.095038,0.008651,0.084795,0.009549,0.071655,0.009629,0.057053,0.008622,0.041084,0.006323,0.026262,-34.12,64.52,-116.38,-30.73,165.76,-118.42,86.67,158.46,7.83,78.64,-71.01,-2.08,-151.27,-79.78,121.80,0.0205,0.0055,0.0059,0.0081,0.0060,0.0066,0.0051,0.0066,0.0006,0.0031,0.0023,0.0047,0.0063,0.0011,0.0034
2026-08-05 08:29:40.583,17.000000,111,0,0.193970,0.0016,-109.22,0,0,0,63.0122,0.257,1.33652,0,0,0,0,0,0.096301,0.005826,0.087862,0.006473,0.080187,0.007190,0.073515,0.007762,0.064204,0.008073,0.053640,0.007718,0.041683,0.006672,0.030252,109.22,5.51,-48.38,-164.73,159.11,27.48,5.33,-135.23,-148.22,63.23,58.77,-97.17,-96.15,101.55,104.10,0.0148,0.0116,0.0022,0.0038,0.0036,0.0028,0.0043,0.0064,0.0044,0.0041,0.0074,0.0043,0.0028,0.0009,0.0064
2026-08-05 08:29:40.583,17.016667,111,1,0.181170,0.0034,-104.36,0,0,0,63.0122,0.257,1.33652,0,0,0,0,0,0.088895,0.006222,0.080982,0.005871,0.073863,0.005151,0.068336,0.004564,0.060309,0.003949,0.051057,0.003272,0.040646,0.002936,0.030894,104.36,9.76,-64.07,-161.81,132.78,24.87,-31.48,-151.30,164.22,27.80,0.35,-155.25,-165.97,15.47,22.39,0.0148,0.0116,0.0022,0.0038,0.0036,0.0028,0.0043,0.0064,0.0044,0.0041,0.0074,0.0043,0.0028,0.0009,0.0064
2026-08-05 08:29:40.583,17.033333,111,2,0.176109,-0.0046,86.70,0,0,0,63.0122,0.257,1.33652,0,0,0,0,0,0.085153,0.005879,0.077679,0.005495,0.070854,0.004356,0.066360,0.003387,0.059258,0.002299,0.050932,0.001145,0.041454,0.001285,0.032610,-86.70,-8.41,81.93,162.93,-103.71,-27.30,69.33,139.80,-117.57,-65.34,56.21,74.69,-132.26,-172.87,34.66,0.0148,0.0116,0.0022,0.0038,0.0036,0.0028,0.0043,0.0064,0.0044,0.0041,0.0074,0.0043,0.0028,0.0009,0.0064
2026-08-05 08:29:40.583,17.050000,111,3,0.340601,0.0148,-81.96,0,0,0,63.0122,0.257,1.33652,0,0,0,0,0,0.179313,0.033709,0.165953,0.031165,0.147565,0.026040,0.125423,0.020200,0.098588,0.014587,0.070321,0.010143,0.041486,0.009092,0.015070,81.96,-19.73,-124.55,138.67,32.09,-61.17,-171.63,102.17,-14.57,-89.63,143.71,90.13,-55.63,-77.58,115.63,0.0148,0.0116,0.0022,0.0038,0.0036,0.0028,0.0043,0.0064,0.0044,0.0041,0.0074,0.0043,0.0028,0.0009,0.0064
2026-08-05 08:29:40.583,17.066667,111,4,0.312956,0.0002,173.62,0,0,0,63.0122,0.257,1.33652,0,0,0,0,0,0.166339,0.021093,0.151772,0.024745,0.134043,0.027227,0.113894,0.028747,0.088733,0.027858,0.062462,0.024475,0.036188,0.019807,0.011415,-173.62,32.39,-172.94,54.71,-168.13,72.73,-164.25,88.39,-160.04,101.72,-154.74,116.57,-149.01,133.59,-142.45,0.0148,0.0116,0.0022,0.0038,0.0036,0.0028,0.0043,0.0064,0.0044,0.0041,0.0074,0.0043,0.0028,0.0009,0.0064
2026-08-05 08:29:40.583,17.083333,111,5,0.220397,0.0612,7.47,0,0,0,63.0122,0.257,1.33652,0,0,0,0,0,0.111070,0.024717,0.101530,0.022491,0.091564,0.019073,0.081974,0.015167,0.069581,0.011282,0.055760,0.007975,0.040520,0.006067,0.025667,-7.47,161.39,-36.56,140.36,-61.78,119.42,-88.27,100.67,-114.34,86.51,-140.06,80.30,-167.97,90.82,157.83,0.0148,0.0116,0.0022,0.0038,0.0036,0.0028,0.0043,0.0064,0.0044,0.0041,0.0074,0.0043,0.0028,0.0009,0.0064
2026-08-05 08:29:40.583,17.100000,111,6,0.195361,-0.0017,-105.29,0,0,0,63.0122,0.257,1.33652,0,0,0,0,0,0.094464,0.014796,0.086484,0.013429,0.079280,0.011074,0.073533,0.008315,0.065105,0.005195,0.055359,0.002181,0.044482,0.000865,0.034060,105.29,21.46,-60.60,-138.56,138.60,61.32,-23.28,-99.03,174.90,98.80,13.57,-64.83,-149.54,-34.16,42.96,0.0148,0.0116,0.0022,0.0038,0.0036,0.0028,0.0043,0.0064,0.0044,0.0041,0.0074,0.0043,0.0028,0.0009,0.0064
2026-08-05 08:29:40.583,17.116667,111,7,0.179906,0.0031,-31.59,0,0,0,63.0122,0.257,1.33652,0,0,0,0,0,0.088475,0.005769,0.080484,0.005429,0.073264,0.004654,0.067758,0.004172,0.059759,0.003777,0.050563,0.003187,0.040256,0.002617,0.030576,31.59,-136.61,77.02,-95.17,128.05,-55.74,177.85,-15.56,-132.45,20.62,-82.52,54.01,-34.78,77.46,7.55,0.0148,0.0116,0.0022,0.0038,0.0036,0.0028,0.0043,0.0064,0.0044,0.0041,0.0074,0.0043,0.0028,0.0009,0.0064
2026-08-05 08:29:40.583,17.133333,111,8,0.175964,0.0115,-23.24,0,0,0,63.0122,0.257,1.33652,0,0,0,0,0,0.086711,0.007057,0.078735,0.006938,0.071644,0.006699,0.066229,0.006423,0.058448,0.006217,0.049351,0.005389,0.039067,0.004147,0.029290,23.24,-155.55,51.81,-134.79,86.02,-111.55,119.03,-87.40,152.02,-62.99,-174.58,-37.04,-143.34,-17.79,-117.50,0.0148,0.0116,0.0022,0.0038,0.0036,0.0028,0.0043,0.0064,0.0044,0.0041,0.0074,0.0043,0.0028,0.0009,0.0064
2026-08-05 08:29:40.583,17.150000,111,9,0.285160,-0.0035,-132.17,0,0,0,63.0122,0.257,1.33652,0,0,0,0,0,0.143318,0.049666,0.132089,0.045732,0.118315,0.038739,0.102406,0.029938,0.082325,0.021074,0.061094,0.014683,0.039176,0.012740,0.018844,132.17,81.75,25.35,-17.29,-78.17,-115.33,177.19,149.22,72.76,60.07,-31.34,-17.48,-137.27,-83.17,107.01,0.0148,0.0116,0.0022,0.0038,0.0036,0.0028,0.0043,0.0064,0.0044,0.0041,0.0074,0.0043,0.0028,0.0009,0.0064
2026-08-05 08:29:40.583,17.166667,111,10,0.386458,-0.0004,-170.53,0,0,0,63.0122,0.257,1.33652,0,0,0,0,0,0.207976,0.008920,0.191672,0.009303,0.169633,0.009085,0.142756,0.008272,0.110529,0.006404,0.077316,0.003611,0.045208,0.001571,0.021372,170.53,132.87,141.32,87.17,115.61,45.06,89.79,6.64,65.32,-32.19,43.51,-75.60,28.30,169.94,39.58,0.0148,0.0116,0.0022,0.0038,0.0036,0.0028,0.0043,0.0064,0.0044,0.0041,0.0074,0.0043,0.0028,0.0009,0.0064
2026-08-05 08:29:40.583,17.183333,111,11,0.249320,-0.0136,-170.62,0,0,0,63.0122,0.257,1.33652,0,0,0,0,0,0.127619,0.026382,0.117196,0.024021,0.105505,0.020300,0.092966,0.015846,0.077040,0.011163,0.059489,0.007590,0.040876,0.006749,0.022897,170.62,156.18,138.87,130.89,111.16,107.34,82.40,86.18,53.78,69.82,25.67,66.74,-3.90,79.45,-39.64,0.0148,0.0116,0.0022,0.0038,0.0036,0.0028,0.0043,0.0064,0.0044,0.0041,0.0074,0.0043,0.0028,0.0009,0.0064
2026-08-05 08:29:40.583,17.200000,111,12,0.258934,-0.0091,-131.49,0,0,0,63.0122,0.257,1.33652,0,0,0,0,0,0.135002,0.020076,0.123882,0.018109,0.111221,0.015150,0.097323,0.011492,0.079688,0.007472,0.060612,0.003384,0.040554,0.001016,0.021160,131.49,72.79,21.61,-36.17,-84.31,-144.39,168.81,107.43,62.20,-0.89,-43.91,-101.80,-151.25,-104.79,94.62,0.0148,0.0116,0.0022,0.0038,0.0036,0.0028,0.0043,0.0064,0.0044,0.0041,0.0074,0.0043,0.0028,0.0009,0.0064
2026-08-05 08:29:40.583,17.216667,111,13,0.265233,-0.0061,151.90,0,0,0,63.0122,0.257,1.33652,0,0,0,0,0,0.139301,0.009211,0.127947,0.010757,0.114449,0.011952,0.099807,0.012510,0.081428,0.012028,0.061671,0.010350,0.040866,0.007588,0.020900,-151.90,-155.05,-108.78,-127.38,-61.69,-92.59,-15.48,-52.44,30.87,-9.66,77.63,35.61,122.84,81.21,161.80,0.0148,0.0116,0.0022,0.0038,0.0036,0.0028,0.0043,0.0064,0.0044,0.0041,0.0074,0.0043,0.0028,0.0009,0.0064
2026-08-05 08:29:40.583,17.233333,111,14,0.470877,0.0185,-76.10,0,0,0,63.0122,0.257,1.33652,0,0,0,0,0,0.253929,0.009489,0.234647,0.012557,0.206832,0.014772,0.172267,0.015444,0.131548,0.014388,0.090324,0.012133,0.052522,0.010039,0.028851,76.10,-67.53,-141.12,59.29,4.86,-162.94,151.02,-19.08,-61.17,130.36,90.08,-71.67,-109.93,98.42,78.93,0.0148,0.0116,0.0022,0.0038,0.0036,0.0028,0.0043,0.0064,0.0044,0.0041,0.0074,0.0043,0.0028,0.0009,0.0064
2026-08-05 08:29:40.583,17.250000,111,15,0.356086,0.0048,-105.09,0,0,0,63.0122,0.257,1.33652,0,0,0,0,0,0.190659,0.023969,0.174839,0.029134,0.153385,0.033544,0.127764,0.035246,0.097308,0.033703,0.066046,0.029086,0.035186,0.022466,0.007691,105.09,-128.92,-56.26,93.93,145.93,-51.47,-12.38,160.15,-170.05,10.64,33.39,-137.99,-121.52,76.50,98.47,0.0148,0.0116,0.0022,0.0038,0.0036,0.0028,0.0043,0.0064,0.0044,0.0041,0.0074,0.0043,0.0028,0.0009,0.0064
2026-08-05 08:29:40.583,17.266667,111,16,0.411297,0.0210,-107.15,0,0,0,63.0122,0.257,1.33652,0,0,0,0,0,0.216534,0.043067,0.199740,0.039387,0.176467,0.034080,0.148063,0.027986,0.114134,0.022557,0.079079,0.019533,0.046120,0.019155,0.023928,107.15,31.67,-47.58,-116.14,160.91,98.03,9.34,-44.53,-140.75,178.19,72.39,46.81,-66.37,-84.34,-175.81,0.0148,0.0116,0.0022,0.0038,0.0036,0.0028,0.0043,0.0064,0.0044,0.0041,0.0074,0.0043,0.0028,0.0009,0.0064
2026-08-05 08:29:40.583,17.283333,111,17,0.417544,0.0156,-66.59,0,0,0,63.0122,0.257,1.33652,0,0,0,0,0,0.221986,0.027196,0.205129,0.024684,0.181818,0.020647,0.153218,0.016254,0.119073,0.012413,0.084038,0.010725,0.050611,0.011698,0.026132,66.59,-52.43,-169.68,74.74,-42.68,-155.53,84.27,-21.13,-147.26,121.20,-15.80,-87.53,122.45,62.75,-75.28,0.0148,0.0116,0.0022,0.0038,0.0036,0.0028,0.0043,0.0064,0.0044,0.0041,0.0074,0.0043,0.0028,0.0009,0.0064
2026-08-05 08:29:40.583,17.300000,111,18,0.434085,0.0104,-149.40,0,0,0,63.0122,0.257,1.33652,0,0,0,0,0,0.232011,0.027479,0.214210,0.025293,0.189085,0.021550,0.157933,0.017117,0.121026,0.012517,0.083650,0.009412,0.048876,0.009578,0.027251,149.40,109.47,78.85,38.15,11.54,-31.19,-55.66,-97.44,-121.15,-156.32,176.83,158.99,123.77,122.11,99.97,0.0148,0.0116,0.0022,0.0038,0.0036,0.0028,0.0043,0.0064,0.0044,0.0041,0.0074,0.0043,0.0028,0.0009,0.0064
2026-08-05 08:29:40.583,17.316667,111,19,0.441276,0.0102,-142.15,0,0,0,63.0122,0.257,1.33652,0,0,0,0,0,0.235055,0.023514,0.217249,0.021299,0.192272,0.017634,0.161421,0.013308,0.124679,0.008771,0.087215,0.006448,0.052774,0.008418,0.031195,142.15,94.81,57.06,9.08,-24.76,-74.73,-106.44,-155.16,173.64,134.46,97.28,89.08,29.69,43.68,-12.91,0.0148,0.0116,0.0022,0.0038,0.0036,0.0028,0.0043,0.0064,0.0044,0.0041,0.0074,0.0043,0.0028,0.0009,0.0064
2026-08-05 08:29:40.583,17.333333,111,20,0.461566,0.0175,-46.22,0,0,0,63.0122,0.257,1.33652,0,0,0,0,0,0.243050,0.031385,0.225016,0.029809,0.199721,0.026897,0.168176,0.023420,0.130403,0.019778,0.091432,0.016747,0.054688,0.015152,0.030294,46.22,-91.04,129.56,-3.17,-143.95,86.43,-57.43,177.75,30.65,-87.57,121.91,11.65,-138.74,116.07,-12.36,0.0148,0.0116,0.0022,0.0038,0.0036,0.0028,0.0043,0.0064,0.0044,0.0041,0.0074,0.0043,0.0028,0.0009,0.0064
2026-08-05 08:29:40.583,17.350000,111,21,0.396815,-0.0230,-125.82,0,0,0,63.0122,0.257,1.33652,0,0,0,0,0,0.209461,0.014010,0.193848,0.012271,0.173359,0.010728,0.148051,0.009906,0.117412,0.010967,0.085309,0.013011,0.052641,0.014360,0.023893,125.82,-105.15,6.59,154.92,-109.23,60.19,134.69,-28.16,19.68,-115.03,-93.86,148.93,156.27,47.21,60.91,0.0148,0.0116,0.0022,0.0038,0.0036,0.0028,0.0043,0.0064,0.0044,0.0041,0.0074,0.0043,0.0028,0.0009,0.0064
2026-08-05 08:29:40.583,17.366667,111,22,0.247983,0.0065,54.79,0,0,0,63.0122,0.257,1.33652,0,0,0,0,0,0.126090,0.013299,0.116116,0.013681,0.105021,0.013360,0.093785,0.013439,0.078722,0.012417,0.062796,0.011941,0.044687,0.010151,0.026858,-54.79,73.58,-178.37,-36.08,62.64,-145.63,-57.64,103.51,-177.38,-9.05,63.00,-121.82,-57.53,125.52,177.91,0.0148,0.0116,0.0022,0.0038,0.0036,0.0028,0.0043,0.0064,0.0044,0.0041,0.0074,0.0043,0.0028,0.0009,0.0064
2026-08-05 08:29:40.583,17.383333,111,23,0.397321,0.0181,-28.88,0,0,0,63.0122,0.257,1.33652,0,0,0,0,0,0.205138,0.007469,0.190643,0.011636,0.171875,0.015629,0.149104,0.018700,0.121370,0.020739,0.092248,0.021649,0.062849,0.021177,0.036519,28.88,-85.21,76.17,-26.53,126.93,24.83,177.53,72.44,-130.78,118.93,-77.09,164.78,-19.87,-148.88,47.11,0.0148,0.0116,0.0022,0.0038,0.0036,0.0028,0.0043,0.0064,0.0044,0.0041,0.0074,0.0043,0.0028,0.0009,0.0064
2026-08-05 08:29:40.583,17.400000,111,24,0.481290,0.0105,-148.51,0,0,0,63.0122,0.257,1.33652,0,0,0,0,0,0.144272,0.072650,0.131420,0.069171,0.116241,0.065174,0.101255,0.062191,0.086240,0.062758,0.075895,0.067669,0.071254,0.075993,0.071395,148.51,-61.33,69.12,-120.78,-6.93,-178.03,-85.92,128.20,-167.80,76.70,107.91,24.84,22.74,-29.58,-59.35,0.0148,0.0116,0.0022,0.0038,0.0036,0.0028,0.0043,0.0064,0.0044,0.0041,0.0074,0.0043,0.0028,0.0009,0.0064
2026-08-05 08:29:40.583,17.416667,111,25,0.549269,0.0005,-119.81,0,0,0,63.0122,0.257,1.33652,0,0,0,0,0,0.213784,0.090787,0.193983,0.088212,0.166094,0.085218,0.131601,0.082612,0.091928,0.081373,0.053823,0.081544,0.028461,0.082736,0.038397,119.81,-119.16,-13.69,122.69,-143.85,5.27,84.45,-111.22,-49.40,132.58,169.40,16.03,-2.99,-101.96,172.16,0.0148,0.0116,0.0022,0.0038,0.0036,0.0028,0.0043,0.0064,0.0044,0.0041,0.0074,0.0043,0.0028,0.0009,0.0064
2026-08-05 08:29:40.583,17.433333,111,26,0.555771,0.0227,136.21,0,0,0,63.0122,0.257,1.33652,0,0,0,0,0,0.203908,0.103560,0.186487,0.098805,0.162722,0.093167,0.134865,0.088652,0.103963,0.087386,0.076145,0.089895,0.056114,0.094530,0.048169,-136.21,90.53,-62.46,-177.56,14.48,-83.93,89.49,12.08,162.19,109.36,-129.54,-153.82,-69.23,-58.98,-13.96,0.0148,0.0116,0.0022,0.0038,0.0036,0.0028,0.0043,0.0064,0.0044,0.0041,0.0074,0.0043,0.0028,0.0009,0.0064
2026-08-05 08:29:40.583,17.450000,111,27,0.467853,-0.0155,-172.49,0,0,0,63.0122,0.257,1.33652,0,0,0,0,0,0.208191,0.030911,0.192506,0.030641,0.171460,0.031176,0.146097,0.032792,0.115475,0.035483,0.083947,0.039194,0.052717,0.042821,0.025007,172.49,-8.52,145.95,-14.65,122.75,-21.06,98.83,-26.63,75.00,-33.84,50.79,-43.21,24.80,-54.82,-9.83,0.0148,0.0116,0.0022,0.0038,0.0036,0.0028,0.0043,0.0064,0.0044,0.0041,0.0074,0.0043,0.0028,0.0009,0.0064
2026-08-05 08:29:40.583,17.466667,111,28,0.421720,0.0078,-141.13,0,0,0,63.0122,0.257,1.33652,0,0,0,0,0,0.219215,0.011317,0.203303,0.012052,0.182017,0.012870,0.155678,0.013155,0.123623,0.012838,0.090240,0.011958,0.057225,0.010440,0.031020,141.13,111.65,53.35,37.28,-31.02,-37.91,-115.47,-115.88,161.57,165.85,81.18,87.67,6.59,13.20,-48.80,0.0148,0.0116,0.0022,0.0038,0.0036,0.0028,0.0043,0.0064,0.0044,0.0041,0.0074,0.0043,0.0028,0.0009,0.0064
2026-08-05 08:29:40.583,17.483333,111,29,0.388797,0.0131,-97.08,0,0,0,63.0122,0.257,1.33652,0,0,0,0,0,0.201787,0.033416,0.185766,0.035727,0.164471,0.037751,0.138212,0.038345,0.106556,0.036578,0.074153,0.032590,0.042806,0.026938,0.021021,97.08,26.76,-78.73,-130.76,108.99,69.01,-63.52,-93.61,125.55,102.79,-42.56,-60.61,156.98,138.95,28.62,0.0148,0.0116,0.0022,0.0038,0.0036,0.0028,0.0043,0.0064,0.0044,0.0041,0.0074,0.0043,0.0028,0.0009,0.0064
2026-08-05 08:29:41.046,17.500000,112,0,0.537230,0.0036,73.23,0,0,0,63.0122,0.291,0.61076,0,0,0,0,0,0.249467,0.021965,0.229680,0.020286,0.201543,0.018591,0.166485,0.017816,0.125876,0.019611,0.085478,0.024416,0.047810,0.030522,0.017032,-73.23,-150.48,129.95,63.86,-23.77,-77.20,-177.84,149.50,28.71,20.11,-123.78,-113.06,85.94,108.07,-51.74,0.0347,0.0115,0.0071,0.0046,0.0026,0.0070,0.0045,0.0037,0.0042,0.0007,0.0008,0.0014,0.0030,0.0051,0.0100
2026-08-05 08:29:41.046,17.516667,112,1,0.477109,0.0037,-68.92,0,0,0,63.0122,0.291,0.61076,0,0,0,0,0,0.249761,0.045199,0.230235,0.045901,0.202899,0.045655,0.168480,0.043742,0.128228,0.039780,0.088195,0.034089,0.053416,0.027896,0.036266,68.92,-32.50,-161.88,112.79,-29.49,-102.81,103.21,40.26,-121.98,-176.52,17.02,-31.95,166.96,117.02,-18.09,0.0347,0.0115,0.0071,0.0046,0.0026,0.0070,0.0045,0.0037,0.0042,0.0007,0.0008,0.0014,0.0030,0.0051,0.0100
2026-08-05 08:29:41.046,17.533333,112,2,0.403232,-0.0301,-154.70,0,0,0,63.0122,0.291,0.61076,0,0,0,0,0,0.217506,0.007940,0.200255,0.013343,0.176725,0.017352,0.147519,0.018755,0.112741,0.017520,0.077581,0.013817,0.044191,0.008814,0.022295,154.70,-165.76,93.87,142.95,36.46,88.32,-20.95,31.66,-76.91,-24.59,-129.88,-79.96,-174.77,-131.53,172.05,0.0347,0.0115,0.0071,0.0046,0.0026,0.0070,0.0045,0.0037,0.0042,0.0007,0.0008,0.0014,0.0030,0.0051,0.0100
2026-08-05 08:29:41.046,17.550000,112,3,0.393656,0.0092,112.03,0,0,0,63.0122,0.291,0.61076,0,0,0,0,0,0.208809,0.019812,0.192652,0.022823,0.171176,0.025575,0.144669,0.026637,0.112769,0.025391,0.080021,0.022000,0.048202,0.017211,0.023070,-112.03,-23.91,13.79,123.78,143.08,-93.47,-87.91,45.22,42.27,-177.06,174.66,-39.19,-47.36,102.61,112.46,0.0347,0.0115,0.0071,0.0046,0.0026,0.0070,0.0045,0.0037,0.0042,0.0007,0.0008,0.0014,0.0030,0.0051,0.0100
2026-08-05 08:29:41.046,17.566667,112,4,0.304032,0.0340,-56.74,0,0,0,63.0122,0.291,0.61076,0,0,0,0,0,0.155526,0.048310,0.141819,0.047548,0.124704,0.045767,0.104487,0.042689,0.080246,0.038221,0.055434,0.032604,0.030516,0.026445,0.007754,56.74,-59.51,159.39,59.63,-94.38,178.53,10.69,-63.17,115.87,55.10,-139.12,174.24,-35.86,-63.99,50.38,0.0347,0.0115,0.0071,0.0046,0.0026,0.0070,0.0045,0.0037,0.0042,0.0007,0.0008,0.0014,0.0030,0.0051,0.0100
2026-08-05 08:29:41.046,17.583333,112,5,0.422562,-0.0062,126.60,0,0,0,63.0122,0.291,0.61076,0,0,0,0,0,0.226180,0.014086,0.208572,0.018473,0.184410,0.022044,0.154123,0.023410,0.118209,0.021997,0.082060,0.018152,0.048604,0.012677,0.027876,-126.60,-43.63,-29.73,73.37,70.58,-176.61,170.96,-70.74,-86.88,34.44,18.63,139.98,132.86,-110.24,-85.28,0.0347,0.0115,0.0071,0.0046,0.0026,0.0070,0.0045,0.0037,0.0042,0.0007,0.0008,0.0014,0.0030,0.0051,0.0100
2026-08-05 08:29:41.046,17.600000,112,6,0.346255,0.0104,-76.71,0,0,0,63.0122,0.291,0.61076,0,0,0,0,0,0.176294,0.055224,0.161621,0.053948,0.142542,0.051365,0.119875,0.047575,0.092856,0.042571,0.065197,0.036423,0.037354,0.029786,0.012049,76.71,-20.31,-139.86,138.11,6.88,-63.35,152.81,94.51,-60.64,-107.18,86.85,51.89,-123.59,-146.38,39.06,0.0347,0.0115,0.0071,0.0046,0.0026,0.0070,0.0045,0.0037,0.0042,0.0007,0.0008,0.0014,0.0030,0.0051,0.0100
2026-08-05 08:29:41.046,17.616667,112,7,0.267955,0.0034,150.85,0,0,0,63.0122,0.291,0.61076,0,0,0,0,0,0.138351,0.033479,0.126461,0.032949,0.112347,0.031682,0.096526,0.029487,0.076966,0.026107,0.056433,0.021959,0.035163,0.016959,0.014815,-150.85,-116.34,-104.94,-54.49,-55.07,7.10,-6.41,67.79,42.38,128.18,91.07,-171.30,138.04,-109.00,175.86,0.0347,0.0115,0.0071,0.0046,0.0026,0.0070,0.0045,0.0037,0.0042,0.0007,0.0008,0.0014,0.0030,0.0051,0.0100
2026-08-05 08:29:41.046,17.633333,112,8,0.332691,-0.0131,-109.63,0,0,0,63.0122,0.291,0.61076,0,0,0,0,0,0.174760,0.034931,0.161154,0.030781,0.144152,0.025131,0.123020,0.019131,0.096560,0.013318,0.069085,0.009375,0.041218,0.009320,0.015602,109.63,-146.86,-43.79,66.82,167.05,-79.36,17.53,137.04,-131.22,1.42,81.04,-115.89,-64.56,133.96,161.57,0.0347,0.0115,0.0071,0.0046,0.0026,0.0070,0.0045,0.0037,0.0042,0.0007,0.0008,0.0014,0.0030,0.0051,0.0100
2026-08-05 08:29:41.046,17.650000,112,9,0.443222,0.0045,96.67,0,0,0,63.0122,0.291,0.61076,0,0,0,0,0,0.238223,0.015053,0.219472,0.017181,0.193125,0.018774,0.160051,0.018842,0.121335,0.017102,0.082696,0.013956,0.048991,0.010245,0.033316,-96.67,6.56,60.60,-175.73,-138.75,-2.32,22.16,167.90,-174.78,-21.79,-7.47,150.77,171.32,-28.58,17.46,0.0347,0.0115,0.0071,0.0046,0.0026,0.0070,0.0045,0.0037,0.0042,0.0007,0.0008,0.0014,0.0030,0.0051,0.0100
2026-08-05 08:29:41.046,17.666667,112,10,0.371614,-0.1344,-156.11,0,0,0,63.0122,0.291,0.61076,0,0,0,0,0,0.199337,0.020083,0.182267,0.020076,0.162530,0.019325,0.137239,0.017360,0.106812,0.014454,0.075151,0.011178,0.044182,0.008450,0.019383,156.11,139.38,98.87,101.70,44.98,58.27,-9.59,16.84,-62.73,-23.35,-114.00,-57.34,-159.87,-85.11,176.58,0.0347,0.0115,0.0071,0.0046,0.0026,0.0070,0.0045,0.0037,0.0042,0.0007,0.0008,0.0014,0.0030,0.0051,0.0100
2026-08-05 08:29:41.046,17.683333,112,11,0.411427,0.0324,-18.73,0,0,0,63.0122,0.291,0.61076,0,0,0,0,0,0.208107,0.064765,0.190036,0.065057,0.166193,0.065029,0.137497,0.063548,0.103657,0.059341,0.069024,0.052402,0.036657,0.043711,0.017929,18.73,-132.78,47.04,-87.82,78.36,-44.62,109.46,-2.65,142.32,39.28,178.19,82.02,-137.13,126.49,-50.51,0.0347,0.0115,0.0071,0.0046,0.0026,0.0070,0.0045,0.0037,0.0042,0.0007,0.0008,0.0014,0.0030,0.0051,0.0100
2026-08-05 08:29:41.046,17.700000,112,12,0.496920,0.0096,0.07,0,0,0,63.0122,0.291,0.61076,0,0,0,0,0,0.262707,0.030294,0.242565,0.033623,0.214370,0.036440,0.178706,0.036975,0.136907,0.034521,0.095551,0.029415,0.059445,0.022551,0.040726,-0.07,-163.76,-9.20,-154.28,-15.10,-148.77,-20.63,-146.50,-23.96,-144.95,-23.19,-142.68,-12.36,-137.24,20.27,0.0347,0.0115,0.0071,0.0046,0.0026,0.0070,0.0045,0.0037,0.0042,0.0007,0.0008,0.0014,0.0030,0.0051,0.0100
2026-08-05 08:29:41.046,17.716667,112,13,0.368875,0.0097,-81.93,0,0,0,63.0122,0.291,0.61076,0,0,0,0,0,0.190880,0.053084,0.174478,0.051996,0.153383,0.050083,0.128411,0.047374,0.098266,0.042887,0.066890,0.036499,0.036392,0.029575,0.011492,81.93,-8.28,-124.14,161.53,32.90,-29.38,-170.56,139.27,-12.81,-51.15,146.38,119.43,-50.94,-67.70,140.61,0.0347,0.0115,0.0071,0.0046,0.0026,0.0070,0.0045,0.0037,0.0042,0.0007,0.0008,0.0014,0.0030,0.0051,0.0100
2026-08-05 08:29:41.046,17.733333,112,14,0.305717,0.0110,-23.51,0,0,0,63.0122,0.291,0.61076,0,0,0,0,0,0.158515,0.041576,0.144268,0.042215,0.126561,0.042221,0.106212,0.041240,0.081435,0.038095,0.055542,0.032770,0.029859,0.026044,0.006449,23.51,-123.04,59.23,-69.07,98.52,-16.91,136.87,33.97,175.83,84.69,-144.50,136.15,-105.06,-170.57,-64.88,0.0347,0.0115,0.0071,0.0046,0.0026,0.0070,0.0045,0.0037,0.0042,0.0007,0.0008,0.0014,0.0030,0.0051,0.0100
2026-08-05 08:29:41.046,17.750000,112,15,0.412225,0.0093,-127.11,0,0,0,63.0122,0.291,0.61076,0,0,0,0,0,0.222446,0.005903,0.205526,0.010972,0.181203,0.014636,0.150601,0.015458,0.114895,0.014390,0.078587,0.011891,0.044210,0.008337,0.022897,127.11,161.74,10.94,44.56,-101.45,-64.18,145.95,-173.39,34.84,78.18,-72.73,-22.64,-172.07,-110.51,121.21,0.0347,0.0115,0.0071,0.0046,0.0026,0.0070,0.0045,0.0037,0.0042,0.0007,0.0008,0.0014,0.0030,0.0051,0.0100
2026-08-05 08:29:41.046,17.766667,112,16,0.431589,0.0255,-13.09,0,0,0,63.0122,0.291,0.61076,0,0,0,0,0,0.176968,0.041401,0.160429,0.037417,0.141239,0.032883,0.119815,0.026956,0.094212,0.019158,0.069645,0.010975,0.047482,0.005703,0.030442,13.09,-148.25,27.91,-120.42,45.41,-93.30,61.72,-66.18,77.39,-41.32,91.15,-25.96,101.36,-50.83,105.03,0.0347,0.0115,0.0071,0.0046,0.0026,0.0070,0.0045,0.0037,0.0042,0.0007,0.0008,0.0014,0.0030,0.0051,0.0100
2026-08-05 08:29:41.046,17.783333,112,17,0.312714,0.0091,85.45,0,0,0,63.0122,0.291,0.61076,0,0,0,0,0,0.158424,0.048718,0.144152,0.049195,0.126874,0.049710,0.106824,0.048728,0.082263,0.045426,0.056998,0.040027,0.031552,0.032637,0.010204,-85.45,18.59,92.10,-146.02,-86.88,47.97,93.10,-119.46,-86.96,72.41,92.63,-95.95,-91.43,96.50,59.23,0.0347,0.0115,0.0071,0.0046,0.0026,0.0070,0.0045,0.0037,0.0042,0.0007,0.0008,0.0014,0.0030,0.0051,0.0100
2026-08-05 08:29:41.046,17.800000,112,18,0.294082,-0.0027,164.97,0,0,0,63.0122,0.291,0.61076,0,0,0,0,0,0.149474,0.048372,0.136064,0.047115,0.120540,0.045196,0.102513,0.041822,0.080270,0.037054,0.057192,0.030743,0.033458,0.023085,0.011821,-164.97,-145.00,-146.83,-112.49,-124.94,-80.07,-103.94,-48.15,-82.66,-16.40,-60.86,15.88,-39.93,50.07,-23.50,0.0347,0.0115,0.0071,0.0046,0.0026,0.0070,0.0045,0.0037,0.0042,0.0007,0.0008,0.0014,0.0030,0.0051,0.0100
2026-08-05 08:29:41.046,17.816667,112,19,0.320924,-0.0100,-153.54,0,0,0,63.0122,0.291,0.61076,0,0,0,0,0,0.167253,0.032068,0.156520,0.027309,0.139217,0.023324,0.119044,0.016683,0.095164,0.010677,0.068726,0.007357,0.042307,0.008616,0.017340,153.54,-57.34,88.36,-118.95,27.81,-177.36,-34.29,129.68,-95.22,81.51,-155.27,57.45,145.00,44.64,89.89,0.0347,0.0115,0.0071,0.0046,0.0026,0.0070,0.0045,0.0037,0.0042,0.0007,0.0008,0.0014,0.0030,0.0051,0.0100
2026-08-05 08:29:41.046,17.833333,112,20,0.391372,0.0098,121.38,0,0,0,63.0122,0.291,0.61076,0,0,0,0,0,0.210962,0.006272,0.195047,0.011031,0.172207,0.013889,0.144262,0.014783,0.111106,0.013974,0.076482,0.011173,0.042929,0.007545,0.016912,-121.38,-5.98,-14.48,116.48,95.97,-124.72,-154.03,-9.75,-42.75,106.78,70.72,-131.73,-170.48,1.51,-22.44,0.0347,0.0115,0.0071,0.0046,0.0026,0.0070,0.0045,0.0037,0.0042,0.0007,0.0008,0.0014,0.0030,0.0051,0.0100
2026-08-05 08:29:41.046,17.850000,112,21,0.300136,0.0219,7.53,0,0,0,63.0122,0.291,0.61076,0,0,0,0,0,0.156307,0.034323,0.142092,0.035134,0.126001,0.036241,0.106970,0.035832,0.083621,0.033751,0.059597,0.029962,0.034512,0.024348,0.012110,-7.53,175.99,-34.26,167.64,-57.29,158.12,-81.08,146.52,-104.42,134.04,-126.70,122.31,-148.41,111.84,-165.82,0.0347,0.0115,0.0071,0.0046,0.0026,0.0070,0.0045,0.0037,0.0042,0.0007,0.0008,0.0014,0.0030,0.0051,0.0100
2026-08-05 08:29:41.046,17.866667,112,22,0.405465,0.0004,-121.31,0,0,0,63.0122,0.291,0.61076,0,0,0,0,0,0.217181,0.006281,0.201542,0.009150,0.178315,0.010837,0.150887,0.011169,0.117272,0.009805,0.082592,0.007219,0.048597,0.003262,0.021645,121.31,-162.43,-6.10,48.30,-129.99,-84.20,105.70,143.00,-17.27,15.51,-138.19,-111.17,106.62,129.68,13.39,0.0347,0.0115,0.0071,0.0046,0.0026,0.0070,0.0045,0.0037,0.0042,0.0007,0.0008,0.0014,0.0030,0.0051,0.0100
2026-08-05 08:29:41.046,17.883333,112,23,0.377407,0.0063,-11.09,0,0,0,63.0122,0.291,0.61076,0,0,0,0,0,0.197556,0.053251,0.179764,0.051576,0.158631,0.049636,0.132067,0.045590,0.100556,0.039964,0.068267,0.032654,0.036166,0.024214,0.010809,11.09,-151.18,23.14,-125.79,38.34,-99.74,53.32,-74.18,68.95,-49.15,86.67,-21.94,108.39,7.67,164.72,0.0347,0.0115,0.0071,0.0046,0.0026,0.0070,0.0045,0.0037,0.0042,0.0007,0.0008,0.0014,0.0030,0.0051,0.0100
2026-08-05 08:29:41.046,17.900000,112,24,0.337623,0.0076,76.83,0,0,0,63.0122,0.291,0.61076,0,0,0,0,0,0.181374,0.007110,0.167510,0.012311,0.147835,0.015382,0.125056,0.017091,0.096708,0.015894,0.067748,0.013093,0.038168,0.008129,0.012736,-76.83,79.59,118.66,-67.21,-42.28,137.15,156.22,-21.01,-4.38,-178.54,-163.54,24.78,40.50,-124.02,-98.92,0.0347,0.0115,0.0071,0.0046,0.0026,0.0070,0.0045,0.0037,0.0042,0.0007,0.0008,0.0014,0.0030,0.0051,0.0100
2026-08-05 08:29:41.046,17.916667,112,25,0.424778,0.0162,-84.63,0,0,0,63.0122,0.291,0.61076,0,0,0,0,0,0.227161,0.025748,0.209176,0.027979,0.184267,0.029555,0.153638,0.029572,0.117137,0.027203,0.080439,0.022960,0.045967,0.017098,0.024185,84.63,5.36,-115.76,-175.28,47.19,0.66,-149.93,173.70,14.68,-13.62,-177.66,160.71,-1.16,-18.33,-154.69,0.0347,0.0115,0.0071,0.0046,0.0026,0.0070,0.0045,0.0037,0.0042,0.0007,0.0008,0.0014,0.0030,0.0051,0.0100
2026-08-05 08:29:41.046,17.933333,112,26,0.448537,0.0368,-24.44,0,0,0,63.0122,0.291,0.61076,0,0,0,0,0,0.238194,0.038484,0.218718,0.039374,0.192452,0.039751,0.159125,0.038739,0.120114,0.035703,0.080967,0.031157,0.045164,0.025793,0.025700,24.44,-118.89,63.98,-61.86,106.81,-5.50,149.61,48.92,-165.66,103.92,-117.52,160.00,-58.54,-138.96,34.77,0.0347,0.0115,0.0071,0.0046,0.0026,0.0070,0.0045,0.0037,0.0042,0.0007,0.0008,0.0014,0.0030,0.0051,0.0100
2026-08-05 08:29:41.046,17.950000,112,27,0.309825,0.0047,167.19,0,0,0,63.0122,0.291,0.61076,0,0,0,0,0,0.151858,0.065805,0.135701,0.065169,0.118862,0.063347,0.097713,0.060139,0.073019,0.054666,0.047562,0.047635,0.022186,0.038208,0.005153,-167.19,-148.06,-153.94,-120.11,-136.50,-90.93,-120.69,-63.52,-104.31,-35.56,-89.14,-8.47,-77.23,20.43,-150.00,0.0347,0.0115,0.0071,0.0046,0.0026,0.0070,0.0045,0.0037,0.0042,0.0007,0.0008,0.0014,0.0030,0.0051,0.0100
2026-08-05 08:29:41.046,17.966667,112,28,0.381567,0.0021,-48.69,0,0,0,63.0122,0.291,0.61076,0,0,0,0,0,0.206090,0.004846,0.190827,0.009849,0.168055,0.012275,0.140953,0.013227,0.108083,0.011904,0.074225,0.008954,0.040801,0.004561,0.013707,48.69,1.51,136.12,93.76,-133.31,-176.94,-42.97,-84.41,48.27,8.13,141.55,104.42,-120.68,-145.98,6.15,0.0347,0.0115,0.0071,0.0046,0.0026,0.0070,0.0045,0.0037,0.0042,0.0007,0.0008,0.0014,0.0030,0.0051,0.0100
2026-08-05 08:29:41.046,17.983333,112,29,0.419303,-0.0067,160.62,0,0,0,63.0122,0.291,0.61076,0,0,0,0,0,0.224936,0.006581,0.208180,0.011157,0.183549,0.014051,0.153444,0.015030,0.117715,0.014176,0.081428,0.011175,0.048071,0.007671,0.027417,-160.62,-88.10,-131.23,-39.33,-98.70,-2.91,-65.92,34.08,-31.52,70.78,6.55,111.91,53.65,166.35,128.45,0.0347,0.0115,0.0071,0.0046,0.0026,0.0070,0.0045,0.0037,0.0042,0.0007,0.0008,0.0014,0.0030,0.0051,0.0100
2026-08-05 08:29:41.562,18.000000,113,0,0.414904,0.0061,51.94,0,0,0,63.0122,0.565,0.36889,0,0,0,0,0,0.223311,0.013153,0.206089,0.018066,0.181684,0.021987,0.151575,0.023379,0.116016,0.022277,0.079537,0.018377,0.045038,0.012986,0.020893,-51.94,110.64,-165.41,20.11,84.24,-80.93,-26.07,175.34,-135.03,70.70,118.70,-32.94,20.05,-128.22,-47.83,0.0744,0.0128,0.0053,0.0113,0.0044,0.0068,0.0041,0.0076,0.0056,0.0106,0.0072,0.0075,0.0016,0.0028,0.0055
2026-08-05 08:29:41.562,18.016667,113,1,0.425225,0.0153,-76.15,0,0,0,63.0122,0.565,0.36889,0,0,0,0,0,0.228707,0.008698,0.211371,0.014897,0.186479,0.019160,0.155697,0.020580,0.119468,0.019571,0.082375,0.015807,0.047684,0.010780,0.023898,76.15,28.54,-140.99,-171.89,4.96,-22.41,151.07,126.65,-61.42,-83.68,89.15,67.77,-112.31,-130.77,74.78,0.0744,0.0128,0.0053,0.0113,0.0044,0.0068,0.0041,0.0076,0.0056,0.0106,0.0072,0.0075,0.0016,0.0028,0.0055
2026-08-05 08:29:41.562,18.033333,113,2,0.295525,-0.0016,-137.64,0,0,0,63.0122,0.565,0.36889,0,0,0,0,0,0.147524,0.057959,0.132644,0.057170,0.116698,0.053722,0.098404,0.050067,0.075244,0.044155,0.051942,0.037204,0.028253,0.029655,0.007821,137.64,99.68,39.81,16.09,-53.31,-66.40,-148.20,-149.06,117.17,127.99,22.56,46.69,-75.71,-33.57,156.73,0.0744,0.0128,0.0053,0.0113,0.0044,0.0068,0.0041,0.0076,0.0056,0.0106,0.0072,0.0075,0.0016,0.0028,0.0055
2026-08-05 08:29:41.562,18.050000,113,3,0.396405,0.0103,-11.95,0,0,0,63.0122,0.565,0.36889,0,0,0,0,0,0.212684,0.005885,0.196881,0.009641,0.174094,0.012117,0.146510,0.012689,0.113503,0.011842,0.079462,0.008605,0.046983,0.004441,0.022773,11.95,-108.10,26.07,-73.22,43.38,-53.17,60.77,-33.38,79.38,-15.02,100.76,4.25,128.82,34.07,-177.98,0.0744,0.0128,0.0053,0.0113,0.0044,0.0068,0.0041,0.0076,0.0056,0.0106,0.0072,0.0075,0.0016,0.0028,0.0055
2026-08-05 08:29:41.562,18.066667,113,4,0.387890,-0.4238,174.39,0,0,0,63.0122,0.565,0.36889,0,0,0,0,0,0.206608,0.022655,0.191576,0.024593,0.168419,0.026635,0.141295,0.027392,0.108464,0.025702,0.074778,0.021991,0.042286,0.016473,0.017165,-174.39,-148.22,-172.37,-128.43,-167.15,-109.06,-162.08,-94.07,-155.88,-80.27,-147.22,-64.74,-132.47,-45.38,-86.90,0.0744,0.0128,0.0053,0.0113,0.0044,0.0068,0.0041,0.0076,0.0056,0.0106,0.0072,0.0075,0.0016,0.0028,0.0055
2026-08-05 08:29:41.562,18.083333,113,5,0.362210,0.0843,34.57,0,0,0,63.0122,0.565,0.36889,0,0,0,0,0,0.193296,0.019238,0.178090,0.020930,0.157978,0.022267,0.133818,0.022471,0.104451,0.020861,0.073916,0.017311,0.043505,0.012688,0.016554,-34.57,126.81,-114.29,66.88,169.46,3.24,92.81,-63.10,16.89,-131.03,-57.23,162.18,-127.94,98.97,177.31,0.0744,0.0128,0.0053,0.0113,0.0044,0.0068,0.0041,0.0076,0.0056,0.0106,0.0072,0.0075,0.0016,0.0028,0.0055
2026-08-05 08:29:41.562,18.100000,113,6,0.326199,0.0359,25.35,0,0,0,63.0122,0.565,0.36889,0,0,0,0,0,0.162224,0.072436,0.145569,0.071076,0.125743,0.065799,0.103478,0.059445,0.075909,0.051748,0.047775,0.042038,0.020837,0.032218,0.003815,-25.35,132.75,-89.06,82.89,-148.02,33.31,151.78,-15.07,91.55,-63.83,32.41,-110.94,-26.78,-154.24,103.65,0.0744,0.0128,0.0053,0.0113,0.0044,0.0068,0.0041,0.0076,0.0056,0.0106,0.0072,0.0075,0.0016,0.0028,0.0055
2026-08-05 08:29:41.562,18.116667,113,7,0.270828,0.0208,62.36,0,0,0,63.0122,0.565,0.36889,0,0,0,0,0,0.134218,0.056199,0.120942,0.055360,0.105305,0.051920,0.088630,0.047545,0.067699,0.042082,0.045912,0.034951,0.024520,0.027216,0.008071,-62.36,58.51,158.94,-65.13,25.03,170.87,-110.41,47.84,113.78,-75.21,-22.45,162.25,-163.64,42.49,13.19,0.0744,0.0128,0.0053,0.0113,0.0044,0.0068,0.0041,0.0076,0.0056,0.0106,0.0072,0.0075,0.0016,0.0028,0.0055
2026-08-05 08:29:41.562,18.133333,113,8,0.323029,0.0087,32.91,0,0,0,63.0122,0.565,0.36889,0,0,0,0,0,0.172657,0.010854,0.159159,0.014579,0.141223,0.018107,0.119548,0.019606,0.093362,0.019079,0.065983,0.016390,0.038042,0.012138,0.011916,-32.91,146.94,-109.44,94.94,177.31,32.34,103.32,-35.51,30.12,-103.14,-42.24,-170.81,-113.66,123.58,179.17,0.0744,0.0128,0.0053,0.0113,0.0044,0.0068,0.0041,0.0076,0.0056,0.0106,0.0072,0.0075,0.0016,0.0028,0.0055
2026-08-05 08:29:41.562,18.150000,113,9,0.388137,0.0032,-86.50,0,0,0,63.0122,0.565,0.36889,0,0,0,0,0,0.209123,0.005314,0.193215,0.008819,0.170921,0.011437,0.143285,0.012091,0.110242,0.010842,0.076495,0.008104,0.043626,0.004477,0.018714,86.50,50.21,-110.02,-127.49,56.51,42.91,-137.11,-148.58,30.62,21.46,-159.13,-164.48,17.23,22.18,-137.20,0.0744,0.0128,0.0053,0.0113,0.0044,0.0068,0.0041,0.0076,0.0056,0.0106,0.0072,0.0075,0.0016,0.0028,0.0055
2026-08-05 08:29:41.562,18.166667,113,10,0.404632,0.0020,-164.27,0,0,0,63.0122,0.565,0.36889,0,0,0,0,0,0.218535,0.015001,0.201581,0.018090,0.177614,0.020795,0.148053,0.021598,0.112691,0.020025,0.076807,0.016097,0.042298,0.010726,0.017317,164.27,172.18,123.16,153.12,85.17,126.52,47.04,95.39,10.20,62.90,-24.06,31.83,-51.38,4.45,-44.13,0.0744,0.0128,0.0053,0.0113,0.0044,0.0068,0.0041,0.0076,0.0056,0.0106,0.0072,0.0075,0.0016,0.0028,0.0055
2026-08-05 08:29:41.562,18.183333,113,11,0.285869,0.0003,97.34,0,0,0,63.0122,0.565,0.36889,0,0,0,0,0,0.143507,0.049317,0.130009,0.050866,0.113183,0.051238,0.094597,0.049654,0.072328,0.046027,0.049231,0.040007,0.026356,0.031753,0.009751,-97.34,-7.00,54.31,163.18,-149.77,-28.89,5.09,137.86,159.35,-56.25,-47.35,109.13,100.11,-85.22,-154.09,0.0744,0.0128,0.0053,0.0113,0.0044,0.0068,0.0041,0.0076,0.0056,0.0106,0.0072,0.0075,0.0016,0.0028,0.0055
2026-08-05 08:29:41.562,18.200000,113,12,0.411225,-0.0048,-138.43,0,0,0,63.0122,0.565,0.36889,0,0,0,0,0,0.221423,0.009275,0.204473,0.012405,0.180810,0.014894,0.151500,0.015917,0.116241,0.014852,0.080193,0.012002,0.045741,0.008152,0.020902,138.43,131.54,45.99,62.10,-43.40,-16.98,-132.92,-99.34,138.91,177.02,53.59,96.98,-24.94,25.94,-73.58,0.0744,0.0128,0.0053,0.0113,0.0044,0.0068,0.0041,0.0076,0.0056,0.0106,0.0072,0.0075,0.0016,0.0028,0.0055
2026-08-05 08:29:41.562,18.216667,113,13,0.428065,0.0139,106.71,0,0,0,63.0122,0.565,0.36889,0,0,0,0,0,0.231696,0.006833,0.213866,0.012102,0.188550,0.015660,0.156874,0.016757,0.119163,0.014976,0.080867,0.010872,0.044704,0.006044,0.020589,-106.71,60.62,30.77,-162.19,171.25,-23.16,-48.34,116.82,93.49,-101.79,-121.75,45.03,30.97,-148.67,-140.83,0.0744,0.0128,0.0053,0.0113,0.0044,0.0068,0.0041,0.0076,0.0056,0.0106,0.0072,0.0075,0.0016,0.0028,0.0055
2026-08-05 08:29:41.562,18.233333,113,14,0.448849,0.0097,124.54,0,0,0,63.0122,0.565,0.36889,0,0,0,0,0,0.242150,0.015684,0.223233,0.020782,0.195971,0.024910,0.162115,0.026754,0.122177,0.025743,0.081761,0.021881,0.045096,0.016473,0.025358,-124.54,-38.07,-22.74,85.71,82.17,-159.53,-172.78,-48.07,-66.07,62.11,44.31,173.88,165.26,-69.31,-36.97,0.0744,0.0128,0.0053,0.0113,0.0044,0.0068,0.0041,0.0076,0.0056,0.0106,0.0072,0.0075,0.0016,0.0028,0.0055
2026-08-05 08:29:41.562,18.250000,113,15,0.456714,0.0313,-25.71,0,0,0,63.0122,0.565,0.36889,0,0,0,0,0,0.246765,0.015093,0.227323,0.018439,0.199456,0.021036,0.164807,0.021687,0.124044,0.019853,0.083083,0.015902,0.046693,0.011202,0.028975,25.71,-103.29,68.03,-38.83,113.49,17.93,159.19,71.44,-153.25,124.30,-101.48,-179.44,-38.19,-112.97,58.47,0.0744,0.0128,0.0053,0.0113,0.0044,0.0068,0.0041,0.0076,0.0056,0.0106,0.0072,0.0075,0.0016,0.0028,0.0055
2026-08-05 08:29:41.562,18.266667,113,16,0.458704,0.0054,162.71,0,0,0,63.0122,0.565,0.36889,0,0,0,0,0,0.244560,0.028549,0.225467,0.031252,0.198086,0.033388,0.164048,0.033402,0.124190,0.031030,0.084339,0.026543,0.048710,0.021390,0.030377,-162.71,-129.33,-137.51,-83.60,-109.06,-42.54,-80.33,-3.56,-49.65,34.96,-14.92,75.93,30.67,122.77,106.10,0.0744,0.0128,0.0053,0.0113,0.0044,0.0068,0.0041,0.0076,0.0056,0.0106,0.0072,0.0075,0.0016,0.0028,0.0055
2026-08-05 08:29:41.562,18.283333,113,17,0.410786,0.0030,-138.89,0,0,0,63.0122,0.565,0.36889,0,0,0,0,0,0.219892,0.021411,0.202599,0.025734,0.178403,0.029240,0.148814,0.030722,0.113503,0.029553,0.077381,0.025587,0.042798,0.020116,0.018180,138.89,120.23,46.71,50.65,-42.18,-25.90,-131.15,-105.89,141.13,173.01,56.02,93.25,-22.05,17.49,-65.61,0.0744,0.0128,0.0053,0.0113,0.0044,0.0068,0.0041,0.0076,0.0056,0.0106,0.0072,0.0075,0.0016,0.0028,0.0055
2026-08-05 08:29:41.562,18.300000,113,18,0.415428,0.0162,67.85,0,0,0,63.0122,0.565,0.36889,0,0,0,0,0,0.221391,0.031606,0.203806,0.033348,0.179363,0.034464,0.149387,0.034018,0.113800,0.031414,0.077575,0.026736,0.043333,0.021039,0.020466,-67.85,56.82,146.30,-69.87,3.87,160.31,-138.62,28.67,80.31,-103.65,-57.79,125.63,171.87,-0.65,74.99,0.0744,0.0128,0.0053,0.0113,0.0044,0.0068,0.0041,0.0076,0.0056,0.0106,0.0072,0.0075,0.0016,0.0028,0.0055
2026-08-05 08:29:41.562,18.316667,113,19,0.406353,-0.0065,153.75,0,0,0,63.0122,0.565,0.36889,0,0,0,0,0,0.218478,0.021858,0.201226,0.023307,0.177200,0.024167,0.147876,0.023839,0.112895,0.021892,0.077146,0.018320,0.043085,0.014197,0.019655,-153.75,-113.12,-111.21,-50.45,-65.35,8.57,-19.58,65.73,27.59,122.38,77.52,-178.78,135.12,-114.20,-134.07,0.0744,0.0128,0.0053,0.0113,0.0044,0.0068,0.0041,0.0076,0.0056,0.0106,0.0072,0.0075,0.0016,0.0028,0.0055
2026-08-05 08:29:41.562,18.333333,113,20,0.364009,0.0014,-170.73,0,0,0,63.0122,0.565,0.36889,0,0,0,0,0,0.194025,0.022220,0.178737,0.023509,0.158359,0.024366,0.133995,0.024187,0.104280,0.022458,0.073567,0.019015,0.042833,0.014380,0.016682,170.73,174.20,141.47,164.88,115.68,152.13,89.52,137.11,64.26,120.71,40.90,104.97,21.55,92.76,21.58,0.0744,0.0128,0.0053,0.0113,0.0044,0.0068,0.0041,0.0076,0.0056,0.0106,0.0072,0.0075,0.0016,0.0028,0.0055
2026-08-05 08:29:41.562,18.350000,113,21,0.362536,0.0247,-12.11,0,0,0,63.0122,0.565,0.36889,0,0,0,0,0,0.188904,0.040104,0.173727,0.040345,0.153622,0.040168,0.129375,0.039074,0.100005,0.036385,0.069529,0.032265,0.039032,0.026923,0.013167,12.11,-147.53,24.96,-116.65,41.45,-86.82,57.46,-57.84,74.32,-29.58,92.80,-0.93,115.29,29.82,161.44,0.0744,0.0128,0.0053,0.0113,0.0044,0.0068,0.0041,0.0076,0.0056,0.0106,0.0072,0.0075,0.0016,0.0028,0.0055
2026-08-05 08:29:41.562,18.366667,113,22,0.311588,-0.1083,-172.03,0,0,0,63.0122,0.565,0.36889,0,0,0,0,0,0.159669,0.037818,0.147742,0.034585,0.132158,0.031198,0.113658,0.027491,0.091037,0.023814,0.067206,0.021031,0.041805,0.019268,0.017725,172.03,166.77,143.87,152.45,119.85,139.37,94.78,129.50,69.97,122.42,45.95,117.31,21.55,112.51,-5.10,0.0744,0.0128,0.0053,0.0113,0.0044,0.0068,0.0041,0.0076,0.0056,0.0106,0.0072,0.0075,0.0016,0.0028,0.0055
2026-08-05 08:29:41.562,18.383333,113,23,0.273263,0.0194,96.92,0,0,0,63.0122,0.565,0.36889,0,0,0,0,0,0.138666,0.025593,0.127827,0.023340,0.115328,0.020228,0.101866,0.016849,0.084496,0.014774,0.066020,0.014334,0.045904,0.015293,0.026218,-96.92,-13.21,56.35,153.69,-146.34,-36.88,9.94,137.38,166.30,-42.44,-37.09,139.99,118.13,-41.79,-91.56,0.0744,0.0128,0.0053,0.0113,0.0044,0.0068,0.0041,0.0076,0.0056,0.0106,0.0072,0.0075,0.0016,0.0028,0.0055
2026-08-05 08:29:41.562,18.400000,113,24,0.401771,-0.0027,109.94,0,0,0,63.0122,0.565,0.36889,0,0,0,0,0,0.208634,0.029643,0.193575,0.026004,0.173868,0.020764,0.149767,0.014823,0.120649,0.010349,0.090217,0.009964,0.059486,0.012599,0.032812,-109.94,-42.36,20.01,95.17,153.33,-124.71,-73.56,22.20,60.77,-176.34,-162.89,-2.54,-22.49,157.24,130.27,0.0744,0.0128,0.0053,0.0113,0.0044,0.0068,0.0041,0.0076,0.0056,0.0106,0.0072,0.0075,0.0016,0.0028,0.0055
2026-08-05 08:29:41.562,18.416667,113,25,0.270186,-0.0077,-141.51,0,0,0,63.0122,0.565,0.36889,0,0,0,0,0,0.131387,0.044061,0.120287,0.042290,0.107336,0.039625,0.093307,0.036610,0.075839,0.033761,0.057477,0.031179,0.038425,0.028767,0.022401,141.51,105.08,50.01,30.26,-37.18,-43.69,-125.80,-116.52,145.04,171.73,54.90,100.68,-39.61,29.71,-148.81,0.0744,0.0128,0.0053,0.0113,0.0044,0.0068,0.0041,0.0076,0.0056,0.0106,0.0072,0.0075,0.0016,0.0028,0.0055
2026-08-05 08:29:41.562,18.433333,113,26,0.351406,-0.0073,144.97,0,0,0,63.0122,0.565,0.36889,0,0,0,0,0,0.180967,0.028933,0.167335,0.025772,0.150207,0.021157,0.129848,0.015960,0.104843,0.011524,0.078795,0.010022,0.052402,0.011348,0.029689,-144.97,-122.69,-85.81,-67.36,-22.91,-14.31,39.71,34.07,103.58,73.32,169.77,101.71,-119.58,134.86,-35.84,0.0744,0.0128,0.0053,0.0113,0.0044,0.0068,0.0041,0.0076,0.0056,0.0106,0.0072,0.0075,0.0016,0.0028,0.0055
2026-08-05 08:29:41.562,18.450000,113,27,0.409363,-0.0017,166.27,0,0,0,63.0122,0.565,0.36889,0,0,0,0,0,0.215402,0.025331,0.199395,0.022208,0.178072,0.017703,0.151895,0.013452,0.120129,0.011501,0.087208,0.012680,0.054123,0.015118,0.026311,-166.27,-152.30,-148.78,-124.13,-128.04,-91.72,-107.40,-50.77,-85.72,1.57,-61.92,53.06,-33.62,93.07,11.91,0.0744,0.0128,0.0053,0.0113,0.0044,0.0068,0.0041,0.0076,0.0056,0.0106,0.0072,0.0075,0.0016,0.0028,0.0055
2026-08-05 08:29:41.562,18.466667,113,28,0.326516,0.0004,152.49,0,0,0,63.0122,0.565,0.36889,0,0,0,0,0,0.169921,0.001649,0.157337,0.003713,0.141750,0.005887,0.123723,0.007620,0.101055,0.008914,0.077036,0.009768,0.051619,0.010079,0.027234,-152.49,125.52,-108.06,162.28,-60.04,-157.95,-12.60,-118.79,35.64,-78.28,85.25,-36.48,136.96,6.52,-165.51,0.0744,0.0128,0.0053,0.0113,0.0044,0.0068,0.0041,0.0076,0.0056,0.0106,0.0072,0.0075,0.0016,0.0028,0.0055
2026-08-05 08:29:41.562,18.483333,113,29,0.413681,0.0094,138.17,0,0,0,63.0122,0.565,0.36889,0,0,0,0,0,0.217428,0.027882,0.201238,0.024179,0.179706,0.018768,0.153011,0.012651,0.120844,0.007859,0.087597,0.007941,0.054579,0.010986,0.028011,-138.17,-101.01,-64.69,-21.84,12.21,59.60,89.01,147.59,167.12,-104.58,-112.37,21.28,-26.33,122.86,78.76,0.0744,0.0128,0.0053,0.0113,0.0044,0.0068,0.0041,0.0076,0.0056,0.0106,0.0072,0.0075,0.0016,0.0028,0.0055
2026-08-05 08:29:42.120,18.500000,114,0,0.384901,-0.0099,139.84,0,0,0,63.0122,0.232,0.74130,0,0,0,0,0,0.200816,0.012640,0.185859,0.013581,0.166140,0.014460,0.142007,0.014697,0.112552,0.014135,0.081738,0.012479,0.050705,0.010311,0.025086,-139.84,89.17,-69.23,175.36,4.84,-99.89,78.67,-17.57,153.78,63.21,-128.83,145.25,-46.14,-128.46,56.13,0.0315,0.0108,0.0085,0.0063,0.0022,0.0057,0.0091,0.0025,0.0049,0.0045,0.0043,0.0047,0.0016,0.0039,0.0094
2026-08-05 08:29:42.120,18.516667,114,1,0.260541,-0.0039,156.52,0,0,0,63.0122,0.232,0.74130,0,0,0,0,0,0.136721,0.015365,0.125444,0.013602,0.112509,0.010903,0.098179,0.007681,0.079982,0.004165,0.060664,0.001508,0.039890,0.003573,0.019605,-156.52,-141.95,-122.53,-103.58,-84.35,-65.59,-47.21,-25.82,-9.83,21.48,27.89,124.25,64.74,-128.39,96.88,0.0315,0.0108,0.0085,0.0063,0.0022,0.0057,0.0091,0.0025,0.0049,0.0045,0.0043,0.0047,0.0016,0.0039,0.0094
2026-08-05 08:29:42.120,18.533333,114,2,0.236556,-0.0013,119.47,0,0,0,63.0122,0.232,0.74130,0,0,0,0,0,0.121584,0.008593,0.111664,0.007599,0.101044,0.006273,0.090089,0.004398,0.075831,0.002612,0.060546,0.001792,0.043610,0.002938,0.026519,-119.47,-73.31,-11.97,31.81,99.97,134.80,-149.23,-125.31,-38.27,-33.24,73.18,15.02,-176.30,79.14,-69.39,0.0315,0.0108,0.0085,0.0063,0.0022,0.0057,0.0091,0.0025,0.0049,0.0045,0.0043,0.0047,0.0016,0.0039,0.0094
2026-08-05 08:29:42.120,18.550000,114,3,0.309107,-0.0060,153.17,0,0,0,63.0122,0.232,0.74130,0,0,0,0,0,0.152469,0.062667,0.139912,0.057427,0.124960,0.049489,0.107662,0.040195,0.086351,0.030963,0.063928,0.024014,0.040342,0.020763,0.018392,-153.17,-129.54,-113.20,-78.95,-69.10,-26.96,-25.97,27.62,17.20,87.05,60.45,153.79,101.90,-134.16,134.99,0.0315,0.0108,0.0085,0.0063,0.0022,0.0057,0.0091,0.0025,0.0049,0.0045,0.0043,0.0047,0.0016,0.0039,0.0094
2026-08-05 08:29:42.120,18.566667,114,4,0.426981,0.0056,124.58,0,0,0,63.0122,0.232,0.74130,0,0,0,0,0,0.229922,0.013662,0.212141,0.012875,0.187806,0.011432,0.157487,0.009296,0.121334,0.006688,0.084266,0.004332,0.048677,0.004569,0.022579,-124.58,-83.81,-23.27,11.35,81.28,108.96,-174.29,-149.32,-68.57,-39.92,39.63,91.51,154.62,-116.53,-61.90,0.0315,0.0108,0.0085,0.0063,0.0022,0.0057,0.0091,0.0025,0.0049,0.0045,0.0043,0.0047,0.0016,0.0039,0.0094
2026-08-05 08:29:42.120,18.583333,114,5,0.411120,0.0242,-47.02,0,0,0,63.0122,0.232,0.74130,0,0,0,0,0,0.222095,0.005462,0.204578,0.007885,0.180678,0.009594,0.151153,0.009485,0.115987,0.007452,0.080333,0.004177,0.046455,0.001518,0.023092,47.02,-136.90,131.53,-73.01,-140.66,3.20,-52.94,83.31,36.18,163.65,128.07,-123.61,-132.57,-124.31,-3.83,0.0315,0.0108,0.0085,0.0063,0.0022,0.0057,0.0091,0.0025,0.0049,0.0045,0.0043,0.0047,0.0016,0.0039,0.0094
2026-08-05 08:29:42.120,18.600000,114,6,0.243338,-0.0027,166.97,0,0,0,63.0122,0.232,0.74130,0,0,0,0,0,0.125561,0.016371,0.115277,0.014779,0.103894,0.012518,0.091749,0.009905,0.076162,0.007302,0.059515,0.005611,0.041243,0.005829,0.023541,-166.97,-158.52,-154.20,-137.25,-137.26,-115.21,-121.50,-89.30,-105.51,-54.87,-89.52,-7.36,-75.14,45.20,-66.98,0.0315,0.0108,0.0085,0.0063,0.0022,0.0057,0.0091,0.0025,0.0049,0.0045,0.0043,0.0047,0.0016,0.0039,0.0094
2026-08-05 08:29:42.120,18.616667,114,7,0.389544,0.0077,-43.43,0,0,0,63.0122,0.232,0.74130,0,0,0,0,0,0.208403,0.017930,0.192419,0.016737,0.170880,0.015071,0.144330,0.012699,0.112561,0.010136,0.079627,0.007673,0.047122,0.006344,0.020869,43.43,-104.12,120.23,-28.52,-159.61,47.47,-79.66,126.81,1.40,-148.52,84.58,-54.96,172.97,51.48,-76.32,0.0315,0.0108,0.0085,0.0063,0.0022,0.0057,0.0091,0.0025,0.0049,0.0045,0.0043,0.0047,0.0016,0.0039,0.0094
2026-08-05 08:29:42.120,18.633333,114,8,0.346864,0.0369,-26.05,0,0,0,63.0122,0.232,0.74130,0,0,0,0,0,0.184923,0.024174,0.169850,0.025324,0.150319,0.026197,0.126829,0.025925,0.098773,0.023850,0.070021,0.019993,0.040466,0.015359,0.014204,26.05,65.00,68.28,127.71,113.82,-172.95,158.69,-116.45,-155.86,-60.78,-109.13,-5.29,-59.88,54.48,2.28,0.0315,0.0108,0.0085,0.0063,0.0022,0.0057,0.0091,0.0025,0.0049,0.0045,0.0043,0.0047,0.0016,0.0039,0.0094
2026-08-05 08:29:42.120,18.650000,114,9,0.249663,-0.0056,-122.41,0,0,0,63.0122,0.232,0.74130,0,0,0,0,0,0.126790,0.028476,0.116467,0.026078,0.105055,0.022638,0.092478,0.018757,0.076453,0.015352,0.059242,0.012794,0.040584,0.011844,0.022761,122.41,63.51,-6.89,-52.85,-131.62,-168.05,102.60,79.32,-23.24,-28.36,-149.06,-130.34,83.28,131.21,-50.58,0.0315,0.0108,0.0085,0.0063,0.0022,0.0057,0.0091,0.0025,0.0049,0.0045,0.0043,0.0047,0.0016,0.0039,0.0094
2026-08-05 08:29:42.120,18.666667,114,10,0.217472,-0.0111,140.96,0,0,0,63.0122,0.232,0.74130,0,0,0,0,0,0.109901,0.018761,0.100466,0.016990,0.090705,0.014636,0.080864,0.012053,0.068137,0.010139,0.054314,0.009439,0.039278,0.010172,0.025411,-140.96,-102.74,-77.75,-25.26,-9.90,54.03,56.59,138.38,122.87,-130.88,-170.96,-35.31,-107.89,57.77,-52.89,0.0315,0.0108,0.0085,0.0063,0.0022,0.0057,0.0091,0.0025,0.0049,0.0045,0.0043,0.0047,0.0016,0.0039,0.0094
2026-08-05 08:29:42.120,18.683333,114,11,0.294995,-0.0024,-77.29,0,0,0,63.0122,0.232,0.74130,0,0,0,0,0,0.146192,0.054753,0.134637,0.049695,0.120798,0.042714,0.104572,0.035074,0.084047,0.027869,0.062663,0.022405,0.040336,0.020089,0.018798,77.29,-27.89,-141.76,123.89,3.64,-83.28,148.24,72.44,-67.03,-127.03,77.88,41.03,-137.86,-147.02,2.18,0.0315,0.0108,0.0085,0.0063,0.0022,0.0057,0.0091,0.0025,0.0049,0.0045,0.0043,0.0047,0.0016,0.0039,0.0094
2026-08-05 08:29:42.120,18.700000,114,12,0.453626,0.0209,77.64,0,0,0,63.0122,0.232,0.74130,0,0,0,0,0,0.242623,0.009527,0.224252,0.010683,0.198932,0.011265,0.167590,0.010893,0.130387,0.009704,0.092365,0.008139,0.056279,0.008076,0.031041,-77.64,-2.85,117.92,-179.13,-43.44,11.63,155.28,-152.25,-4.35,53.17,-161.20,-87.09,49.01,143.95,-79.08,0.0315,0.0108,0.0085,0.0063,0.0022,0.0057,0.0091,0.0025,0.0049,0.0045,0.0043,0.0047,0.0016,0.0039,0.0094
2026-08-05 08:29:42.120,18.716667,114,13,0.259832,0.0035,-110.09,0,0,0,63.0122,0.232,0.74130,0,0,0,0,0,0.131494,0.033040,0.120973,0.029971,0.109184,0.025332,0.096524,0.019828,0.080176,0.014378,0.062589,0.009679,0.043615,0.007810,0.024974,110.09,35.16,-43.16,-110.07,167.67,105.59,17.77,-36.97,-131.97,-174.73,78.57,59.72,-72.14,-49.35,133.71,0.0315,0.0108,0.0085,0.0063,0.0022,0.0057,0.0091,0.0025,0.0049,0.0045,0.0043,0.0047,0.0016,0.0039,0.0094
2026-08-05 08:29:42.120,18.733333,114,14,0.419525,0.0105,-3.11,0,0,0,63.0122,0.232,0.74130,0,0,0,0,0,0.224705,0.007390,0.207265,0.009276,0.184185,0.010324,0.155823,0.010134,0.121553,0.008792,0.086304,0.006113,0.051790,0.003589,0.025522,3.11,147.87,-0.23,130.27,-0.41,120.22,-0.71,113.96,0.42,115.84,3.84,127.62,12.94,175.60,43.59,0.0315,0.0108,0.0085,0.0063,0.0022,0.0057,0.0091,0.0025,0.0049,0.0045,0.0043,0.0047,0.0016,0.0039,0.0094
2026-08-05 08:29:42.120,18.750000,114,15,0.327678,-0.0437,148.15,0,0,0,63.0122,0.232,0.74130,0,0,0,0,0,0.171193,0.022678,0.158275,0.020674,0.142066,0.017892,0.123084,0.014423,0.099825,0.011115,0.074764,0.008784,0.048469,0.008106,0.023989,-148.15,-121.75,-95.70,-64.63,-39.59,-6.41,15.91,55.04,72.11,120.96,129.47,-163.88,-172.08,-79.37,-109.40,0.0315,0.0108,0.0085,0.0063,0.0022,0.0057,0.0091,0.0025,0.0049,0.0045,0.0043,0.0047,0.0016,0.0039,0.0094
2026-08-05 08:29:42.120,18.766667,114,16,0.341427,0.0009,-165.57,0,0,0,63.0122,0.232,0.74130,0,0,0,0,0,0.181095,0.024246,0.167246,0.021510,0.148996,0.017508,0.127495,0.012330,0.101134,0.006929,0.073016,0.001948,0.044076,0.003799,0.017503,165.57,141.78,125.63,102.17,89.29,63.52,52.33,25.57,15.90,-11.18,-19.47,-22.82,-54.09,58.80,-85.40,0.0315,0.0108,0.0085,0.0063,0.0022,0.0057,0.0091,0.0025,0.0049,0.0045,0.0043,0.0047,0.0016,0.0039,0.0094
2026-08-05 08:29:42.120,18.783333,114,17,0.272218,0.0050,-76.36,0,0,0,63.0122,0.232,0.74130,0,0,0,0,0,0.142105,0.010693,0.130586,0.010772,0.117377,0.010123,0.103281,0.009106,0.085167,0.007773,0.065446,0.005530,0.044396,0.002473,0.024406,76.36,-48.28,-143.16,85.68,1.02,-138.85,144.33,-3.63,-71.94,135.12,72.15,-81.25,-144.84,66.31,-5.39,0.0315,0.0108,0.0085,0.0063,0.0022,0.0057,0.0091,0.0025,0.0049,0.0045,0.0043,0.0047,0.0016,0.0039,0.0094
2026-08-05 08:29:42.120,18.800000,114,18,0.333869,-0.0102,177.60,0,0,0,63.0122,0.232,0.74130,0,0,0,0,0,0.171563,0.044801,0.158895,0.040229,0.141922,0.034377,0.121732,0.027362,0.097378,0.020607,0.071303,0.016786,0.043918,0.016493,0.018789,-177.60,-177.11,175.48,-175.27,172.58,-171.75,168.76,-163.89,165.65,-150.59,163.71,-128.59,162.36,-102.73,164.80,0.0315,0.0108,0.0085,0.0063,0.0022,0.0057,0.0091,0.0025,0.0049,0.0045,0.0043,0.0047,0.0016,0.0039,0.0094
2026-08-05 08:29:42.120,18.816667,114,19,0.408526,-0.0074,-153.90,0,0,0,63.0122,0.232,0.74130,0,0,0,0,0,0.215123,0.025292,0.199284,0.022738,0.177969,0.018824,0.151995,0.014492,0.120686,0.011018,0.087945,0.010163,0.055206,0.012000,0.028116,153.90,123.61,91.70,67.12,32.86,12.79,-26.17,-35.69,-84.03,-74.90,-139.66,-105.75,169.28,-140.82,133.26,0.0315,0.0108,0.0085,0.0063,0.0022,0.0057,0.0091,0.0025,0.0049,0.0045,0.0043,0.0047,0.0016,0.0039,0.0094
2026-08-05 08:29:42.120,18.833333,114,20,0.327040,0.0014,-139.02,0,0,0,63.0122,0.232,0.74130,0,0,0,0,0,0.173721,0.015345,0.159767,0.014371,0.142910,0.012633,0.122784,0.010442,0.098179,0.007739,0.072432,0.004653,0.045045,0.000925,0.020116,139.02,80.66,46.09,-18.01,-43.38,-117.90,-133.39,143.14,137.23,44.13,49.05,-56.48,-37.90,-177.45,-120.05,0.0315,0.0108,0.0085,0.0063,0.0022,0.0057,0.0091,0.0025,0.0049,0.0045,0.0043,0.0047,0.0016,0.0039,0.0094
2026-08-05 08:29:42.120,18.850000,114,21,0.411848,0.0170,8.84,0,0,0,63.0122,0.232,0.74130,0,0,0,0,0,0.220002,0.009069,0.202953,0.010046,0.180820,0.010530,0.153341,0.010090,0.120419,0.008042,0.086507,0.004899,0.052649,0.001605,0.025936,-8.84,129.64,-36.34,88.58,-60.59,50.01,-84.90,17.81,-108.04,-10.69,-128.82,-30.71,-144.44,13.27,-142.02,0.0315,0.0108,0.0085,0.0063,0.0022,0.0057,0.0091,0.0025,0.0049,0.0045,0.0043,0.0047,0.0016,0.0039,0.0094
2026-08-05 08:29:42.120,18.866667,114,22,0.363080,-0.0125,-176.50,0,0,0,63.0122,0.232,0.74130,0,0,0,0,0,0.195351,0.001242,0.179450,0.001478,0.159922,0.001741,0.135613,0.001355,0.106471,0.000533,0.076158,0.000853,0.044976,0.003118,0.018664,176.50,87.08,159.14,80.31,145.10,48.17,130.82,30.74,117.33,-11.51,105.75,179.19,97.67,170.84,105.84,0.0315,0.0108,0.0085,0.0063,0.0022,0.0057,0.0091,0.0025,0.0049,0.0045,0.0043,0.0047,0.0016,0.0039,0.0094
2026-08-05 08:29:42.120,18.883333,114,23,0.326239,0.0116,57.52,0,0,0,63.0122,0.232,0.74130,0,0,0,0,0,0.156161,0.071463,0.145429,0.065598,0.128985,0.058460,0.111179,0.048715,0.088640,0.040173,0.065071,0.033143,0.040299,0.029524,0.017046,-57.52,64.47,175.19,-53.31,52.07,-168.40,-72.32,78.82,164.24,-30.68,41.09,-134.93,-81.70,123.45,152.88,0.0315,0.0108,0.0085,0.0063,0.0022,0.0057,0.0091,0.0025,0.0049,0.0045,0.0043,0.0047,0.0016,0.0039,0.0094
2026-08-05 08:29:42.120,18.900000,114,24,0.403458,-0.0095,-152.58,0,0,0,63.0122,0.232,0.74130,0,0,0,0,0,0.215125,0.015894,0.198584,0.014590,0.177010,0.012314,0.150386,0.009559,0.118390,0.006547,0.085306,0.004666,0.051548,0.005977,0.023774,152.58,113.28,87.88,47.90,26.34,-17.50,-35.33,-79.01,-96.01,-131.37,-154.58,-165.15,150.98,178.82,113.08,0.0315,0.0108,0.0085,0.0063,0.0022,0.0057,0.0091,0.0025,0.0049,0.0045,0.0043,0.0047,0.0016,0.0039,0.0094
2026-08-05 08:29:42.120,18.916667,114,25,0.414317,0.0036,-134.83,0,0,0,63.0122,0.232,0.74130,0,0,0,0,0,0.221276,0.012555,0.204034,0.012318,0.181604,0.011256,0.153609,0.009941,0.120186,0.008013,0.085911,0.006641,0.051970,0.006953,0.026490,134.83,73.01,34.83,-31.02,-61.99,-134.42,-158.78,127.65,105.71,36.70,12.77,-41.64,-74.11,-104.33,-140.55,0.0315,0.0108,0.0085,0.0063,0.0022,0.0057,0.0091,0.0025,0.0049,0.0045,0.0043,0.0047,0.0016,0.0039,0.0094
2026-08-05 08:29:42.120,18.933333,114,26,0.279774,-0.0008,-118.46,0,0,0,63.0122,0.232,0.74130,0,0,0,0,0,0.146786,0.004901,0.134250,0.007755,0.121114,0.010707,0.105861,0.012151,0.087101,0.012417,0.066825,0.011224,0.044941,0.008579,0.024439,118.46,-22.49,-16.92,-162.92,-148.34,60.62,79.29,-73.63,-52.66,153.32,175.96,20.74,44.01,-113.84,-90.95,0.0315,0.0108,0.0085,0.0063,0.0022,0.0057,0.0091,0.0025,0.0049,0.0045,0.0043,0.0047,0.0016,0.0039,0.0094
2026-08-05 08:29:42.120,18.950000,114,27,0.283582,-0.0149,-145.35,0,0,0,63.0122,0.232,0.74130,0,0,0,0,0,0.149822,0.004319,0.137253,0.004547,0.123454,0.005070,0.107375,0.004620,0.087560,0.003763,0.066272,0.002017,0.043279,0.001128,0.021878,145.35,73.57,63.95,-17.08,-13.54,-107.15,-91.97,167.52,-169.92,91.69,112.59,13.31,35.02,62.63,-45.64,0.0315,0.0108,0.0085,0.0063,0.0022,0.0057,0.0091,0.0025,0.0049,0.0045,0.0043,0.0047,0.0016,0.0039,0.0094
2026-08-05 08:29:42.120,18.966667,114,28,0.389430,0.0057,102.61,0,0,0,63.0122,0.232,0.74130,0,0,0,0,0,0.207252,0.025085,0.191539,0.023021,0.169909,0.019923,0.143781,0.016036,0.112060,0.012433,0.079402,0.009730,0.046310,0.009723,0.019990,-102.61,-31.34,42.05,115.97,-169.91,-94.27,-22.14,57.57,126.85,-143.54,-82.04,23.14,74.28,-162.14,-107.96,0.0315,0.0108,0.0085,0.0063,0.0022,0.0057,0.0091,0.0025,0.0049,0.0045,0.0043,0.0047,0.0016,0.0039,0.0094
2026-08-05 08:29:42.120,18.983333,114,29,0.393182,-0.0016,132.99,0,0,0,63.0122,0.232,0.74130,0,0,0,0,0,0.209862,0.007853,0.193184,0.009979,0.172306,0.012115,0.146428,0.012757,0.115447,0.012381,0.083150,0.010852,0.050840,0.009193,0.023862,-132.99,128.66,-49.20,-126.10,38.09,-24.70,125.02,71.82,-146.78,172.23,-56.68,-85.97,38.22,27.79,148.78,0.0315,0.0108,0.0085,0.0063,0.0022,0.0057,0.0091,0.0025,0.0049,0.0045,0.0043,0.0047,0.0016,0.0039,0.0094
2026-08-05 08:29:42.538,19.000000,115,0,0.280363,0.0114,-44.35,0,0,0,63.0122,0.240,0.95813,0,0,0,0,0,0.143089,0.031927,0.132488,0.029258,0.119147,0.024498,0.104691,0.018819,0.086383,0.012764,0.066641,0.007317,0.045193,0.004772,0.025264,44.35,-96.71,120.73,-15.52,-159.23,67.31,-79.89,151.51,-0.56,-121.10,79.28,-22.45,157.48,107.58,-129.69,0.0204,0.0001,0.0091,0.0112,0.0014,0.0001,0.0042,0.0023,0.0046,0.0050,0.0058,0.0028,0.0037,0.0058,0.0031
2026-08-05 08:29:42.538,19.016667,115,1,0.306463,-0.0142,-169.12,0,0,0,63.0122,0.240,0.95813,0,0,0,0,0,0.150765,0.059123,0.140003,0.054839,0.124854,0.046709,0.107922,0.037990,0.087318,0.028784,0.064908,0.022210,0.041652,0.019428,0.020053,169.12,157.08,135.83,131.85,105.72,109.30,75.21,89.33,44.54,73.83,14.36,66.57,-17.19,65.68,-55.99,0.0204,0.0001,0.0091,0.0112,0.0014,0.0001,0.0042,0.0023,0.0046,0.0050,0.0058,0.0028,0.0037,0.0058,0.0031
2026-08-05 08:29:42.538,19.033333,115,2,0.449389,-0.0113,131.28,0,0,0,63.0122,0.240,0.95813,0,0,0,0,0,0.240225,0.015895,0.221426,0.014178,0.196111,0.011511,0.164469,0.008078,0.126945,0.005009,0.089174,0.004908,0.054257,0.008372,0.032942,-131.28,-95.21,-43.22,-9.13,48.16,77.81,139.67,171.80,-126.88,-77.59,-29.87,63.48,76.35,176.52,-153.93,0.0204,0.0001,0.0091,0.0112,0.0014,0.0001,0.0042,0.0023,0.0046,0.0050,0.0058,0.0028,0.0037,0.0058,0.0031
2026-08-05 08:29:42.538,19.050000,115,3,0.290025,0.0082,-62.89,0,0,0,63.0122,0.240,0.95813,0,0,0,0,0,0.147559,0.039482,0.136273,0.035961,0.122292,0.029875,0.106782,0.023044,0.087532,0.015886,0.066444,0.010861,0.044136,0.010342,0.022686,62.89,-58.33,176.69,61.98,-65.90,-175.78,50.90,-50.83,168.02,80.35,-74.02,-133.13,43.69,23.45,158.51,0.0204,0.0001,0.0091,0.0112,0.0014,0.0001,0.0042,0.0023,0.0046,0.0050,0.0058,0.0028,0.0037,0.0058,0.0031
2026-08-05 08:29:42.538,19.066667,115,4,0.437475,0.0011,-73.36,0,0,0,63.0122,0.240,0.95813,0,0,0,0,0,0.232140,0.011633,0.214465,0.011298,0.191109,0.010916,0.162434,0.009833,0.127746,0.007901,0.092403,0.006514,0.058353,0.006456,0.032705,73.36,-53.49,-149.67,75.39,-9.27,-151.24,131.09,-14.86,-87.08,129.56,57.72,-70.49,-151.27,103.13,18.25,0.0204,0.0001,0.0091,0.0112,0.0014,0.0001,0.0042,0.0023,0.0046,0.0050,0.0058,0.0028,0.0037,0.0058,0.0031
2026-08-05 08:29:42.538,19.083333,115,5,0.315865,-0.0034,-170.09,0,0,0,63.0122,0.240,0.95813,0,0,0,0,0,0.167862,0.004511,0.153983,0.007232,0.137728,0.009196,0.119073,0.010698,0.095577,0.010412,0.070947,0.008617,0.045123,0.006079,0.020485,170.09,86.11,138.55,43.63,110.98,14.14,82.65,-15.37,54.82,-44.29,28.44,-69.46,2.84,-92.31,-19.52,0.0204,0.0001,0.0091,0.0112,0.0014,0.0001,0.0042,0.0023,0.0046,0.0050,0.0058,0.0028,0.0037,0.0058,0.0031
2026-08-05 08:29:42.538,19.100000,115,6,0.380617,0.0257,63.35,0,0,0,63.0122,0.240,0.95813,0,0,0,0,0,0.202320,0.020511,0.187207,0.018246,0.166483,0.014659,0.142015,0.010154,0.111935,0.006194,0.080423,0.004690,0.048590,0.006942,0.020631,-63.35,46.37,159.48,-87.58,25.67,139.69,-108.32,11.49,118.45,-103.43,-12.80,169.33,-140.53,71.41,106.47,0.0204,0.0001,0.0091,0.0112,0.0014,0.0001,0.0042,0.0023,0.0046,0.0050,0.0058,0.0028,0.0037,0.0058,0.0031
2026-08-05 08:29:42.538,19.116667,115,7,0.348167,-0.0049,-127.43,0,0,0,63.0122,0.240,0.95813,0,0,0,0,0,0.184595,0.025424,0.169061,0.026148,0.150426,0.024851,0.129211,0.023386,0.102472,0.020572,0.074399,0.015924,0.046140,0.011409,0.019795,127.43,-96.80,10.58,161.30,-102.15,59.11,144.44,-42.46,31.48,-145.66,-79.74,113.90,170.78,18.43,67.82,0.0204,0.0001,0.0091,0.0112,0.0014,0.0001,0.0042,0.0023,0.0046,0.0050,0.0058,0.0028,0.0037,0.0058,0.0031
2026-08-05 08:29:42.538,19.133333,115,8,0.329747,-0.0100,-150.12,0,0,0,63.0122,0.240,0.95813,0,0,0,0,0,0.162999,0.055935,0.151259,0.052539,0.135789,0.045670,0.117128,0.038154,0.094290,0.031948,0.070309,0.027553,0.044820,0.026407,0.020661,150.12,121.13,79.73,61.17,12.41,2.89,-55.51,-51.28,-122.90,-101.47,170.41,-147.66,103.44,168.45,34.95,0.0204,0.0001,0.0091,0.0112,0.0014,0.0001,0.0042,0.0023,0.0046,0.0050,0.0058,0.0028,0.0037,0.0058,0.0031
2026-08-05 08:29:42.538,19.150000,115,9,0.413637,0.0030,92.04,0,0,0,63.0122,0.240,0.95813,0,0,0,0,0,0.219958,0.019530,0.203550,0.017944,0.181097,0.015366,0.153678,0.012125,0.120699,0.008671,0.086508,0.006276,0.052692,0.006731,0.025347,-92.04,-15.27,73.98,148.14,-116.72,-46.03,52.53,122.41,-137.10,-61.18,35.67,133.46,-146.36,-19.95,50.26,0.0204,0.0001,0.0091,0.0112,0.0014,0.0001,0.0042,0.0023,0.0046,0.0050,0.0058,0.0028,0.0037,0.0058,0.0031
2026-08-05 08:29:42.538,19.166667,115,10,0.584194,0.0289,-144.39,0,0,0,63.0122,0.240,0.95813,0,0,0,0,0,0.192103,0.114561,0.172586,0.118953,0.144761,0.124133,0.112782,0.127896,0.080254,0.129028,0.059623,0.126793,0.061710,0.121757,0.077767,144.39,-64.59,58.37,-130.11,-24.88,162.43,-111.79,93.57,154.13,23.70,46.86,-46.53,-66.31,-116.61,-163.94,0.0204,0.0001,0.0091,0.0112,0.0014,0.0001,0.0042,0.0023,0.0046,0.0050,0.0058,0.0028,0.0037,0.0058,0.0031
2026-08-05 08:29:42.538,19.183333,115,11,0.573803,0.0187,156.98,0,0,0,63.0122,0.240,0.95813,0,0,0,0,0,0.228739,0.075276,0.209332,0.080120,0.181642,0.085443,0.148951,0.089559,0.112613,0.091691,0.079589,0.091186,0.055596,0.089054,0.047620,-156.98,57.82,-123.07,113.86,-86.32,167.30,-51.23,-140.84,-18.59,-89.89,9.27,-38.84,27.29,12.91,38.47,0.0204,0.0001,0.0091,0.0112,0.0014,0.0001,0.0042,0.0023,0.0046,0.0050,0.0058,0.0028,0.0037,0.0058,0.0031
2026-08-05 08:29:42.538,19.200000,115,12,0.443673,0.0114,-86.18,0,0,0,63.0122,0.240,0.95813,0,0,0,0,0,0.239499,0.022998,0.219934,0.026559,0.192671,0.028692,0.159785,0.028789,0.121075,0.026834,0.081778,0.022591,0.045183,0.017516,0.024106,86.18,-168.38,-111.68,15.49,54.01,-166.42,-140.10,10.93,27.19,-171.85,-162.28,7.41,17.92,-165.31,-127.82,0.0204,0.0001,0.0091,0.0112,0.0014,0.0001,0.0042,0.0023,0.0046,0.0050,0.0058,0.0028,0.0037,0.0058,0.0031
2026-08-05 08:29:42.538,19.216667,115,13,0.381244,0.0040,-115.57,0,0,0,63.0122,0.240,0.95813,0,0,0,0,0,0.203384,0.008505,0.187729,0.013003,0.166935,0.016357,0.141977,0.017817,0.111951,0.017435,0.080552,0.015174,0.048683,0.011437,0.020988,115.57,-87.55,-23.93,154.41,-160.00,26.25,63.75,-102.79,-71.71,127.42,154.52,-0.76,24.06,-124.52,-92.83,0.0204,0.0001,0.0091,0.0112,0.0014,0.0001,0.0042,0.0023,0.0046,0.0050,0.0058,0.0028,0.0037,0.0058,0.0031
2026-08-05 08:29:42.538,19.233333,115,14,0.357754,-0.0112,-97.02,0,0,0,63.0122,0.240,0.95813,0,0,0,0,0,0.189663,0.021292,0.175377,0.019271,0.156432,0.015885,0.133900,0.012019,0.106046,0.007906,0.076750,0.005404,0.046694,0.005990,0.019170,97.02,7.75,-79.39,-165.59,107.56,22.84,-65.95,-146.50,121.13,52.19,-50.24,-90.24,140.50,136.44,-20.40,0.0204,0.0001,0.0091,0.0112,0.0014,0.0001,0.0042,0.0023,0.0046,0.0050,0.0058,0.0028,0.0037,0.0058,0.0031
2026-08-05 08:29:42.538,19.250000,115,15,0.496442,0.0026,119.80,0,0,0,63.0122,0.240,0.95813,0,0,0,0,0,0.184132,0.035684,0.168368,0.041976,0.147182,0.050173,0.123052,0.057911,0.096211,0.064040,0.073117,0.067646,0.058263,0.069305,0.055130,-119.80,136.17,-12.02,-92.03,98.45,34.27,-153.35,157.33,-48.26,-80.93,52.22,41.15,145.64,164.66,-121.88,0.0204,0.0001,0.0091,0.0112,0.0014,0.0001,0.0042,0.0023,0.0046,0.0050,0.0058,0.0028,0.0037,0.0058,0.0031
2026-08-05 08:29:42.538,19.266667,115,16,0.422917,-0.0019,106.50,0,0,0,63.0122,0.240,0.95813,0,0,0,0,0,0.226659,0.024868,0.208641,0.028967,0.183588,0.032272,0.153045,0.033223,0.117027,0.031401,0.080361,0.027361,0.044603,0.022186,0.016630,-106.50,166.31,29.84,-33.59,169.58,119.51,-50.73,-89.61,90.02,61.06,-127.02,-145.98,21.05,11.51,-162.10,0.0204,0.0001,0.0091,0.0112,0.0014,0.0001,0.0042,0.0023,0.0046,0.0050,0.0058,0.0028,0.0037,0.0058,0.0031
2026-08-05 08:29:42.538,19.283333,115,17,0.356292,0.0033,167.04,0,0,0,63.0122,0.240,0.95813,0,0,0,0,0,0.190000,0.005218,0.175353,0.009026,0.156117,0.011697,0.133249,0.012994,0.105317,0.012576,0.076408,0.010523,0.046635,0.007477,0.020148,-167.04,139.97,-152.01,143.65,-133.46,156.15,-115.27,173.11,-96.25,-168.08,-75.49,-145.10,-51.78,-115.90,-16.18,0.0204,0.0001,0.0091,0.0112,0.0014,0.0001,0.0042,0.0023,0.0046,0.0050,0.0058,0.0028,0.0037,0.0058,0.0031
2026-08-05 08:29:42.538,19.300000,115,18,0.419976,0.0416,15.23,0,0,0,63.0122,0.240,0.95813,0,0,0,0,0,0.220538,0.036832,0.204156,0.033707,0.181842,0.028962,0.154605,0.023662,0.121432,0.018965,0.086914,0.016601,0.052799,0.016813,0.024999,-15.23,147.51,-54.98,114.82,-91.67,84.60,-128.45,57.94,-164.10,37.10,162.49,22.45,134.07,7.14,124.44,0.0204,0.0001,0.0091,0.0112,0.0014,0.0001,0.0042,0.0023,0.0046,0.0050,0.0058,0.0028,0.0037,0.0058,0.0031
2026-08-05 08:29:42.538,19.316667,115,19,0.356531,-0.0255,-122.92,0,0,0,63.0122,0.240,0.95813,0,0,0,0,0,0.191125,0.005060,0.176219,0.008178,0.156489,0.010196,0.132767,0.010703,0.104101,0.009668,0.074272,0.006761,0.044123,0.002938,0.018015,122.92,-72.70,-2.40,-179.01,-124.10,63.01,113.96,-57.69,-7.12,179.68,-126.21,56.40,118.24,-75.56,18.68,0.0204,0.0001,0.0091,0.0112,0.0014,0.0001,0.0042,0.0023,0.0046,0.0050,0.0058,0.0028,0.0037,0.0058,0.0031
2026-08-05 08:29:42.538,19.333333,115,20,0.249893,-0.0039,-145.42,0,0,0,63.0122,0.240,0.95813,0,0,0,0,0,0.124015,0.043876,0.113462,0.040590,0.101516,0.035418,0.088895,0.029393,0.072712,0.023373,0.055440,0.018833,0.036720,0.016617,0.019534,145.42,109.18,63.77,38.20,-13.87,-30.92,-92.57,-97.80,-171.36,-160.61,110.28,142.43,29.63,89.97,-59.82,0.0204,0.0001,0.0091,0.0112,0.0014,0.0001,0.0042,0.0023,0.0046,0.0050,0.0058,0.0028,0.0037,0.0058,0.0031
2026-08-05 08:29:42.538,19.350000,115,21,0.293237,0.0057,80.68,0,0,0,63.0122,0.240,0.95813,0,0,0,0,0,0.140379,0.065239,0.128834,0.060359,0.115194,0.052775,0.100066,0.043833,0.081109,0.034775,0.060800,0.027737,0.039134,0.024011,0.018770,-80.68,16.88,106.92,-146.15,-61.85,52.20,128.51,-107.17,-40.92,97.24,150.38,-52.24,-19.25,163.43,166.53,0.0204,0.0001,0.0091,0.0112,0.0014,0.0001,0.0042,0.0023,0.0046,0.0050,0.0058,0.0028,0.0037,0.0058,0.0031
2026-08-05 08:29:42.538,19.366667,115,22,0.404997,-0.0066,-90.39,0,0,0,63.0122,0.240,0.95813,0,0,0,0,0,0.215475,0.022526,0.199358,0.021134,0.177287,0.018619,0.150344,0.015417,0.117748,0.011853,0.083853,0.008968,0.049646,0.007939,0.021105,90.39,-8.44,-98.93,161.56,74.96,-26.82,-111.37,147.17,63.27,-33.16,-120.03,157.54,60.85,2.16,-99.09,0.0204,0.0001,0.0091,0.0112,0.0014,0.0001,0.0042,0.0023,0.0046,0.0050,0.0058,0.0028,0.0037,0.0058,0.0031
2026-08-05 08:29:42.538,19.383333,115,23,0.347742,-0.0157,149.43,0,0,0,63.0122,0.240,0.95813,0,0,0,0,0,0.183686,0.021181,0.169528,0.019842,0.151308,0.018310,0.129649,0.016225,0.102741,0.014277,0.074638,0.012444,0.045359,0.010922,0.018269,-149.43,63.46,-100.52,130.47,-47.86,-162.74,4.25,-93.19,56.96,-22.14,110.96,52.78,166.30,130.04,-131.21,0.0204,0.0001,0.0091,0.0112,0.0014,0.0001,0.0042,0.0023,0.0046,0.0050,0.0058,0.0028,0.0037,0.0058,0.0031
2026-08-05 08:29:42.538,19.400000,115,24,0.369539,-0.0016,-102.41,0,0,0,63.0122,0.240,0.95813,0,0,0,0,0,0.191838,0.003327,0.178148,0.001484,0.160815,0.001056,0.140021,0.004302,0.114318,0.007353,0.086710,0.010097,0.057483,0.011690,0.029490,102.41,-171.02,-63.92,22.22,133.29,56.31,-30.03,-118.58,167.31,75.70,5.68,-87.49,-154.54,108.55,49.17,0.0204,0.0001,0.0091,0.0112,0.0014,0.0001,0.0042,0.0023,0.0046,0.0050,0.0058,0.0028,0.0037,0.0058,0.0031
2026-08-05 08:29:42.538,19.416667,115,25,0.305105,0.0036,144.51,0,0,0,63.0122,0.240,0.95813,0,0,0,0,0,0.156307,0.034034,0.144341,0.030685,0.129737,0.025623,0.113055,0.019840,0.092451,0.015045,0.070433,0.012732,0.046592,0.013546,0.023733,-144.51,66.98,-86.97,136.06,-25.25,-153.05,35.57,-78.15,96.72,5.72,158.68,101.22,-139.76,-165.51,-80.64,0.0204,0.0001,0.0091,0.0112,0.0014,0.0001,0.0042,0.0023,0.0046,0.0050,0.0058,0.0028,0.0037,0.0058,0.0031
2026-08-05 08:29:42.538,19.433333,115,26,0.289214,0.0117,-57.91,0,0,0,63.0122,0.240,0.95813,0,0,0,0,0,0.143762,0.024778,0.132865,0.026484,0.120609,0.028166,0.107152,0.029287,0.089906,0.029057,0.071477,0.027603,0.050988,0.024753,0.030761,57.91,-56.04,161.84,64.37,-90.23,-177.55,16.87,-62.82,124.52,49.66,-126.71,161.03,-17.54,-88.70,92.67,0.0204,0.0001,0.0091,0.0112,0.0014,0.0001,0.0042,0.0023,0.0046,0.0050,0.0058,0.0028,0.0037,0.0058,0.0031
2026-08-05 08:29:42.538,19.450000,115,27,0.369016,0.0062,-77.73,0,0,0,63.0122,0.240,0.95813,0,0,0,0,0,0.192141,0.015817,0.178276,0.013414,0.160679,0.010232,0.139576,0.007018,0.113552,0.006266,0.086187,0.008353,0.057190,0.010892,0.030191,77.73,151.81,-138.16,-52.71,9.52,106.33,156.87,-80.94,-55.01,111.05,94.44,-66.53,-113.97,96.29,44.12,0.0204,0.0001,0.0091,0.0112,0.0014,0.0001,0.0042,0.0023,0.0046,0.0050,0.0058,0.0028,0.0037,0.0058,0.0031
2026-08-05 08:29:42.538,19.466667,115,28,0.245046,-0.0032,113.34,0,0,0,63.0122,0.240,0.95813,0,0,0,0,0,0.120881,0.017867,0.111506,0.018529,0.101811,0.018863,0.092024,0.019044,0.079247,0.018618,0.065253,0.017564,0.049271,0.015916,0.033049,-113.34,-43.08,6.27,91.69,130.33,-135.07,-106.69,-3.95,16.58,125.35,140.46,-106.96,-96.68,19.67,23.58,0.0204,0.0001,0.0091,0.0112,0.0014,0.0001,0.0042,0.0023,0.0046,0.0050,0.0058,0.0028,0.0037,0.0058,0.0031
2026-08-05 08:29:42.538,19.483333,115,29,0.240516,0.0088,-91.11,0,0,0,63.0122,0.240,0.95813,0,0,0,0,0,0.119056,0.024651,0.108976,0.025334,0.098589,0.025835,0.087798,0.026146,0.073738,0.025289,0.058650,0.023693,0.041494,0.020928,0.024683,91.11,9.16,-100.34,-164.28,72.68,21.32,-115.55,-155.42,56.39,27.05,-131.25,-151.24,39.75,30.56,-154.02,0.0204,0.0001,0.0091,0.0112,0.0014,0.0001,0.0042,0.0023,0.0046,0.0050,0.0058,0.0028,0.0037,0.0058,0.0031
2026-08-05 08:29:43.041,19.500000,116,0,0.367924,-0.0033,-143.06,0,0,0,63.0122,0.336,2.00527,0,0,0,0,0,0.192946,0.020064,0.178605,0.017190,0.160243,0.013140,0.138101,0.008367,0.110991,0.004764,0.082419,0.005416,0.052617,0.008355,0.025638,143.06,-80.96,57.54,-159.42,-24.27,123.47,-106.43,54.52,172.28,10.71,92.65,-10.66,15.92,-69.23,-50.57,0.0131,0.0063,0.0181,0.0110,0.0033,0.0043,0.0065,0.0058,0.0043,0.0022,0.0016,0.0056,0.0029,0.0037,0.0049
2026-08-05 08:29:43.041,19.516667,116,1,0.384353,-0.0015,-126.56,0,0,0,63.0122,0.336,2.00527,0,0,0,0,0,0.200826,0.003549,0.186258,0.006196,0.167225,0.008511,0.144159,0.010300,0.115842,0.011248,0.086015,0.011387,0.054905,0.010503,0.026835,126.56,134.93,9.00,19.32,-105.09,-96.23,140.57,145.14,27.13,26.86,-84.61,-90.99,166.82,153.56,69.31,0.0131,0.0063,0.0181,0.0110,0.0033,0.0043,0.0065,0.0058,0.0043,0.0022,0.0016,0.0056,0.0029,0.0037,0.0049
2026-08-05 08:29:43.041,19.533333,116,2,0.341482,-0.0739,169.70,0,0,0,63.0122,0.336,2.00527,0,0,0,0,0,0.177130,0.026636,0.163806,0.029005,0.145751,0.031906,0.123988,0.033547,0.097966,0.032438,0.070953,0.028993,0.042587,0.023831,0.016795,-169.70,-143.47,-159.36,-114.06,-145.36,-88.43,-132.05,-65.24,-118.12,-43.12,-102.39,-22.16,-83.52,0.34,-51.48,0.0131,0.0063,0.0181,0.0110,0.0033,0.0043,0.0065,0.0058,0.0043,0.0022,0.0016,0.0056,0.0029,0.0037,0.0049
2026-08-05 08:29:43.041,19.550000,116,3,0.236535,0.0070,-32.73,0,0,0,63.0122,0.336,2.00527,0,0,0,0,0,0.114876,0.038038,0.104676,0.038011,0.093732,0.037385,0.082540,0.036058,0.068240,0.033498,0.053275,0.029844,0.037503,0.025046,0.023454,32.73,-109.71,84.83,-40.89,141.28,27.29,-163.93,94.18,-109.57,159.83,-55.55,-135.20,-4.93,-70.51,36.36,0.0131,0.0063,0.0181,0.0110,0.0033,0.0043,0.0065,0.0058,0.0043,0.0022,0.0016,0.0056,0.0029,0.0037,0.0049
2026-08-05 08:29:43.041,19.566667,116,4,0.365366,-0.0013,-178.30,0,0,0,63.0122,0.336,2.00527,0,0,0,0,0,0.196016,0.008143,0.180592,0.012241,0.160292,0.015331,0.135686,0.016512,0.105921,0.015466,0.075006,0.012608,0.044002,0.008432,0.016885,178.30,-139.17,164.05,-135.02,153.33,-138.14,142.18,-145.14,131.78,-152.50,123.07,-160.19,117.66,-164.58,128.85,0.0131,0.0063,0.0181,0.0110,0.0033,0.0043,0.0065,0.0058,0.0043,0.0022,0.0016,0.0056,0.0029,0.0037,0.0049
2026-08-05 08:29:43.041,19.583333,116,5,0.305040,-0.0073,139.17,0,0,0,63.0122,0.336,2.00527,0,0,0,0,0,0.155144,0.050034,0.141945,0.048452,0.125595,0.045453,0.106603,0.041424,0.083481,0.035986,0.059804,0.029754,0.035299,0.023178,0.013223,-139.17,-93.77,-68.37,-8.37,6.02,77.32,79.24,162.60,152.43,-111.68,-134.41,-25.12,-63.26,64.07,-3.46,0.0131,0.0063,0.0181,0.0110,0.0033,0.0043,0.0065,0.0058,0.0043,0.0022,0.0016,0.0056,0.0029,0.0037,0.0049
2026-08-05 08:29:43.041,19.600000,116,6,0.263900,0.0045,-169.78,0,0,0,63.0122,0.336,2.00527,0,0,0,0,0,0.131653,0.037947,0.120475,0.037687,0.107617,0.037024,0.093696,0.035329,0.076460,0.032257,0.058580,0.028197,0.039795,0.022947,0.023145,169.78,165.76,136.70,149.71,107.56,133.10,77.04,115.00,45.99,96.05,14.49,76.35,-20.39,57.09,-65.41,0.0131,0.0063,0.0181,0.0110,0.0033,0.0043,0.0065,0.0058,0.0043,0.0022,0.0016,0.0056,0.0029,0.0037,0.0049
2026-08-05 08:29:43.041,19.616667,116,7,0.324781,-0.0042,153.90,0,0,0,63.0122,0.336,2.00527,0,0,0,0,0,0.169340,0.029927,0.156480,0.027049,0.140536,0.022802,0.121672,0.017752,0.098067,0.012479,0.073050,0.007827,0.046504,0.005406,0.021238,-153.90,43.90,-114.57,89.63,-71.21,135.05,-28.40,-177.65,14.96,-126.72,59.15,-65.73,104.12,16.42,151.31,0.0131,0.0063,0.0181,0.0110,0.0033,0.0043,0.0065,0.0058,0.0043,0.0022,0.0016,0.0056,0.0029,0.0037,0.0049
2026-08-05 08:29:43.041,19.633333,116,8,0.390408,0.0080,129.35,0,0,0,63.0122,0.336,2.00527,0,0,0,0,0,0.209203,0.009831,0.193044,0.015052,0.171276,0.019205,0.144482,0.020866,0.112273,0.019929,0.079073,0.016693,0.045989,0.011767,0.018488,-129.35,-32.69,-38.43,77.30,55.91,179.52,150.00,-81.53,-115.01,17.72,-18.14,117.82,82.96,-138.15,-155.59,0.0131,0.0063,0.0181,0.0110,0.0033,0.0043,0.0065,0.0058,0.0043,0.0022,0.0016,0.0056,0.0029,0.0037,0.0049
2026-08-05 08:29:43.041,19.650000,116,9,0.379946,0.0089,-61.05,0,0,0,63.0122,0.336,2.00527,0,0,0,0,0,0.203228,0.022047,0.186981,0.025428,0.165267,0.028456,0.138639,0.029235,0.106727,0.027256,0.074151,0.022854,0.041686,0.016578,0.015043,61.05,-38.24,173.03,94.73,-71.64,-137.48,43.30,-13.61,159.17,108.70,-83.24,-129.38,38.60,-3.94,-174.77,0.0131,0.0063,0.0181,0.0110,0.0033,0.0043,0.0065,0.0058,0.0043,0.0022,0.0016,0.0056,0.0029,0.0037,0.0049
2026-08-05 08:29:43.041,19.666667,116,10,0.424084,-0.0191,112.31,0,0,0,63.0122,0.336,2.00527,0,0,0,0,0,0.227671,0.006596,0.210300,0.011274,0.186395,0.014915,0.156386,0.016116,0.120588,0.015082,0.083959,0.011817,0.049187,0.007763,0.024729,-112.31,55.72,12.99,173.85,141.78,-59.26,-89.43,68.52,40.78,-160.91,173.74,-27.70,-45.99,114.14,121.01,0.0131,0.0063,0.0181,0.0110,0.0033,0.0043,0.0065,0.0058,0.0043,0.0022,0.0016,0.0056,0.0029,0.0037,0.0049
2026-08-05 08:29:43.041,19.683333,116,11,0.387431,0.0193,-43.66,0,0,0,63.0122,0.336,2.00527,0,0,0,0,0,0.201740,0.046242,0.185542,0.045242,0.164148,0.043180,0.138162,0.040169,0.107292,0.035778,0.075786,0.030336,0.044307,0.024276,0.019444,43.66,-85.93,121.55,6.89,-157.38,99.21,-76.68,-169.09,5.11,-77.00,89.11,16.21,178.52,113.58,-68.52,0.0131,0.0063,0.0181,0.0110,0.0033,0.0043,0.0065,0.0058,0.0043,0.0022,0.0016,0.0056,0.0029,0.0037,0.0049
2026-08-05 08:29:43.041,19.700000,116,12,0.287041,-0.0034,149.21,0,0,0,63.0122,0.336,2.00527,0,0,0,0,0,0.151931,0.009645,0.139640,0.011624,0.124918,0.013275,0.107749,0.013857,0.086680,0.012802,0.064519,0.010401,0.041095,0.007066,0.018975,-149.21,-96.33,-99.73,-23.43,-46.33,42.82,6.14,105.48,58.88,166.60,111.92,-133.56,164.36,-69.82,-146.36,0.0131,0.0063,0.0181,0.0110,0.0033,0.0043,0.0065,0.0058,0.0043,0.0022,0.0016,0.0056,0.0029,0.0037,0.0049
2026-08-05 08:29:43.041,19.716667,116,13,0.273973,0.0016,140.72,0,0,0,63.0122,0.336,2.00527,0,0,0,0,0,0.138769,0.034297,0.126991,0.033661,0.113855,0.032696,0.099580,0.031207,0.081590,0.028575,0.062388,0.024747,0.041940,0.019945,0.023067,-140.72,-95.58,-74.20,-12.89,-3.93,68.78,65.06,149.91,134.24,-129.55,-156.54,-49.53,-89.47,31.05,-28.77,0.0131,0.0063,0.0181,0.0110,0.0033,0.0043,0.0065,0.0058,0.0043,0.0022,0.0016,0.0056,0.0029,0.0037,0.0049
2026-08-05 08:29:43.041,19.733333,116,14,0.318510,0.0311,-52.79,0,0,0,63.0122,0.336,2.00527,0,0,0,0,0,0.168391,0.021573,0.155468,0.019066,0.139192,0.016149,0.119283,0.012734,0.094580,0.008811,0.069081,0.004301,0.042244,0.001051,0.017365,52.79,93.36,145.92,-173.16,-116.78,-81.09,-20.07,11.97,77.15,108.09,175.27,-149.84,-85.50,27.59,19.00,0.0131,0.0063,0.0181,0.0110,0.0033,0.0043,0.0065,0.0058,0.0043,0.0022,0.0016,0.0056,0.0029,0.0037,0.0049
2026-08-05 08:29:43.041,19.750000,116,15,0.416883,0.0329,-29.45,0,0,0,63.0122,0.336,2.00527,0,0,0,0,0,0.222846,0.013216,0.205763,0.017430,0.182553,0.021054,0.153958,0.022584,0.119631,0.021491,0.084261,0.017946,0.049745,0.012935,0.022848,29.45,-89.47,78.48,-18.60,130.73,43.80,-177.08,102.48,-123.64,161.23,-68.06,-139.13,-7.18,-75.39,76.04,0.0131,0.0063,0.0181,0.0110,0.0033,0.0043,0.0065,0.0058,0.0043,0.0022,0.0016,0.0056,0.0029,0.0037,0.0049
2026-08-05 08:29:43.041,19.766667,116,16,0.381636,0.0203,20.32,0,0,0,63.0122,0.336,2.00527,0,0,0,0,0,0.204190,0.020685,0.187811,0.023424,0.166084,0.025950,0.139875,0.026916,0.108308,0.025579,0.075461,0.021954,0.042762,0.016527,0.015914,-20.32,159.15,-71.06,130.26,-118.50,95.67,-166.30,57.75,146.86,19.10,101.88,-18.95,60.72,-54.39,41.64,0.0131,0.0063,0.0181,0.0110,0.0033,0.0043,0.0065,0.0058,0.0043,0.0022,0.0016,0.0056,0.0029,0.0037,0.0049
2026-08-05 08:29:43.041,19.783333,116,17,0.390308,0.0154,74.16,0,0,0,63.0122,0.336,2.00527,0,0,0,0,0,0.208974,0.009972,0.192812,0.013639,0.171333,0.016366,0.144730,0.017390,0.112948,0.016715,0.080109,0.014027,0.047058,0.009903,0.020039,-74.16,65.36,127.38,-70.36,-27.71,145.68,176.89,-2.43,22.56,-151.13,-129.75,62.08,82.30,-78.53,-45.85,0.0131,0.0063,0.0181,0.0110,0.0033,0.0043,0.0065,0.0058,0.0043,0.0022,0.0016,0.0056,0.0029,0.0037,0.0049
2026-08-05 08:29:43.041,19.800000,116,18,0.390552,0.0043,107.27,0,0,0,63.0122,0.336,2.00527,0,0,0,0,0,0.207084,0.028989,0.190302,0.029626,0.168862,0.030134,0.142537,0.029273,0.110928,0.027049,0.078508,0.023544,0.045743,0.018529,0.019764,-107.27,-22.41,28.14,130.83,166.79,-77.14,-54.67,73.43,84.79,-136.87,-133.52,15.03,12.93,170.59,-179.56,0.0131,0.0063,0.0181,0.0110,0.0033,0.0043,0.0065,0.0058,0.0043,0.0022,0.0016,0.0056,0.0029,0.0037,0.0049
2026-08-05 08:29:43.041,19.816667,116,19,0.313162,-0.0069,101.34,0,0,0,63.0122,0.336,2.00527,0,0,0,0,0,0.163689,0.016290,0.151409,0.021314,0.134710,0.026269,0.115166,0.028510,0.091945,0.028858,0.067022,0.026365,0.040782,0.020980,0.017218,-101.34,2.64,43.99,175.20,-167.31,-24.60,-19.03,132.00,129.51,-71.77,-81.92,82.84,66.04,-121.44,-149.66,0.0131,0.0063,0.0181,0.0110,0.0033,0.0043,0.0065,0.0058,0.0043,0.0022,0.0016,0.0056,0.0029,0.0037,0.0049
2026-08-05 08:29:43.041,19.833333,116,20,0.382314,0.1098,-20.96,0,0,0,63.0122,0.336,2.00527,0,0,0,0,0,0.201662,0.032538,0.185241,0.033712,0.164237,0.034803,0.138843,0.034733,0.107927,0.032557,0.076020,0.028200,0.044024,0.022326,0.017570,20.96,-125.80,52.85,-75.98,87.93,-28.49,122.79,16.71,158.60,61.01,-163.80,105.40,-121.93,151.74,-59.56,0.0131,0.0063,0.0181,0.0110,0.0033,0.0043,0.0065,0.0058,0.0043,0.0022,0.0016,0.0056,0.0029,0.0037,0.0049
2026-08-05 08:29:43.041,19.850000,116,21,0.395483,0.0037,-167.39,0,0,0,63.0122,0.336,2.00527,0,0,0,0,0,0.211591,0.006619,0.195818,0.011488,0.173917,0.014836,0.147160,0.015911,0.115189,0.015117,0.081863,0.011901,0.048352,0.006864,0.020716,167.39,-145.10,131.84,-169.69,99.80,162.90,67.36,131.71,35.96,100.71,6.56,71.08,-19.01,43.27,-26.85,0.0131,0.0063,0.0181,0.0110,0.0033,0.0043,0.0065,0.0058,0.0043,0.0022,0.0016,0.0056,0.0029,0.0037,0.0049
2026-08-05 08:29:43.041,19.866667,116,22,0.399496,-0.0127,163.83,0,0,0,63.0122,0.336,2.00527,0,0,0,0,0,0.214479,0.014325,0.197816,0.017790,0.175020,0.020571,0.146924,0.021304,0.113563,0.019982,0.079158,0.016381,0.045190,0.010778,0.019694,-163.83,-122.54,-141.56,-79.44,-115.90,-42.98,-90.44,-10.89,-63.83,19.73,-34.73,51.32,0.08,84.20,60.93,0.0131,0.0063,0.0181,0.0110,0.0033,0.0043,0.0065,0.0058,0.0043,0.0022,0.0016,0.0056,0.0029,0.0037,0.0049
2026-08-05 08:29:43.041,19.883333,116,23,0.493215,0.0204,-56.09,0,0,0,63.0122,0.336,2.00527,0,0,0,0,0,0.239737,0.023635,0.220469,0.024654,0.194871,0.025331,0.162811,0.023474,0.125150,0.019278,0.087432,0.012970,0.050687,0.005947,0.022243,56.09,-50.42,158.75,71.11,-95.61,-169.88,9.95,-53.41,116.42,62.08,-135.05,-176.56,-22.16,-26.96,108.35,0.0131,0.0063,0.0181,0.0110,0.0033,0.0043,0.0065,0.0058,0.0043,0.0022,0.0016,0.0056,0.0029,0.0037,0.0049
2026-08-05 08:29:43.041,19.900000,116,24,0.273383,-0.0025,153.83,0,0,0,63.0122,0.336,2.00527,0,0,0,0,0,0.141744,0.022580,0.129459,0.024534,0.115641,0.026567,0.100007,0.027438,0.080661,0.026635,0.060300,0.023920,0.038777,0.019247,0.020088,-153.83,-112.34,-114.08,-50.79,-70.43,7.39,-27.91,62.49,14.39,115.79,56.73,169.02,95.52,-137.57,124.32,0.0131,0.0063,0.0181,0.0110,0.0033,0.0043,0.0065,0.0058,0.0043,0.0022,0.0016,0.0056,0.0029,0.0037,0.0049
2026-08-05 08:29:43.041,19.916667,116,25,0.394106,-0.0073,122.86,0,0,0,63.0122,0.336,2.00527,0,0,0,0,0,0.211337,0.009721,0.195421,0.013317,0.173038,0.015895,0.146144,0.017170,0.113481,0.016131,0.080048,0.013814,0.046427,0.010165,0.019178,-122.86,-31.79,-18.74,96.55,88.76,-143.98,-164.07,-28.23,-55.83,88.48,54.32,-153.11,169.15,-24.48,-56.52,0.0131,0.0063,0.0181,0.0110,0.0033,0.0043,0.0065,0.0058,0.0043,0.0022,0.0016,0.0056,0.0029,0.0037,0.0049
2026-08-05 08:29:43.041,19.933333,116,26,0.286710,0.0009,-159.29,0,0,0,63.0122,0.336,2.00527,0,0,0,0,0,0.144227,0.051562,0.129474,0.050422,0.114402,0.049520,0.096054,0.046707,0.074087,0.042884,0.051489,0.037186,0.028434,0.030057,0.010690,159.29,145.79,105.63,107.53,55.52,70.37,4.50,32.37,-47.19,-6.29,-99.06,-44.07,-156.96,-81.34,115.82,0.0131,0.0063,0.0181,0.0110,0.0033,0.0043,0.0065,0.0058,0.0043,0.0022,0.0016,0.0056,0.0029,0.0037,0.0049
2026-08-05 08:29:43.041,19.950000,116,27,0.345038,0.0049,-93.41,0,0,0,63.0122,0.336,2.00527,0,0,0,0,0,0.183883,0.010450,0.170828,0.009837,0.151252,0.008122,0.129161,0.006018,0.101295,0.003048,0.072734,0.001096,0.042455,0.003798,0.015873,93.41,172.25,-90.63,-23.94,88.79,149.33,-92.33,-45.67,87.30,124.22,-91.83,-137.71,91.08,-46.88,-77.80,0.0131,0.0063,0.0181,0.0110,0.0033,0.0043,0.0065,0.0058,0.0043,0.0022,0.0016,0.0056,0.0029,0.0037,0.0049
2026-08-05 08:29:43.041,19.966667,116,28,0.424399,0.0187,74.35,0,0,0,63.0122,0.336,2.00527,0,0,0,0,0,0.226187,0.025766,0.208165,0.029032,0.183328,0.031923,0.152688,0.033092,0.116361,0.031561,0.079636,0.027760,0.044726,0.022339,0.023014,-74.35,50.07,127.27,-87.52,-27.80,130.40,177.14,-15.10,23.62,-161.11,-126.71,53.76,91.99,-86.44,-17.39,0.0131,0.0063,0.0181,0.0110,0.0033,0.0043,0.0065,0.0058,0.0043,0.0022,0.0016,0.0056,0.0029,0.0037,0.0049
2026-08-05 08:29:43.041,19.983333,116,29,0.401797,0.0094,174.88,0,0,0,63.0122,0.336,2.00527,0,0,0,0,0,0.211839,0.030128,0.194993,0.031770,0.173238,0.033088,0.146415,0.032898,0.114277,0.030459,0.081254,0.026014,0.048572,0.019609,0.023311,-174.88,-156.73,-174.64,-139.04,-171.00,-123.22,-167.62,-110.58,-162.84,-98.34,-155.81,-86.12,-142.69,-69.67,-109.43,0.0131,0.0063,0.0181,0.0110,0.0033,0.0043,0.0065,0.0058,0.0043,0.0022,0.0016,0.0056,0.0029,0.0037,0.0049
2026-08-05 08:29:43.556,20.000000,117,0,0.248240,-0.0059,152.35,0,0,0,63.0122,0.240,1.48695,0,0,0,0,0,0.122562,0.046442,0.110178,0.045191,0.098407,0.042667,0.084975,0.039581,0.068536,0.034906,0.051437,0.029668,0.032994,0.022825,0.017987,-152.35,-121.60,-111.08,-66.81,-65.25,-10.12,-21.18,45.19,23.04,101.35,66.34,157.22,106.08,-145.89,131.59,0.0148,0.0097,0.0134,0.0009,0.0046,0.0092,0.0044,0.0036,0.0034,0.0020,0.0035,0.0032,0.0049,0.0027,0.0018
2026-08-05 08:29:43.556,20.016667,117,1,0.392010,0.0285,-26.11,0,0,0,63.0122,0.240,1.48695,0,0,0,0,0,0.207980,0.020406,0.192283,0.022707,0.170723,0.024645,0.144619,0.025267,0.113176,0.023854,0.080733,0.020554,0.048164,0.015543,0.021581,26.11,-111.02,68.31,-48.23,113.82,9.60,159.05,64.57,-154.61,118.18,-106.10,172.40,-52.97,-129.24,18.25,0.0148,0.0097,0.0134,0.0009,0.0046,0.0092,0.0044,0.0036,0.0034,0.0020,0.0035,0.0032,0.0049,0.0027,0.0018
2026-08-05 08:29:43.556,20.033333,117,2,0.327345,0.0234,-53.72,0,0,0,63.0122,0.240,1.48695,0,0,0,0,0,0.166873,0.055625,0.151200,0.054210,0.133669,0.051307,0.112365,0.047454,0.086969,0.041974,0.060652,0.035527,0.033530,0.028092,0.010013,53.72,-66.59,149.46,43.44,-110.98,155.15,-12.59,-94.29,86.28,17.69,-175.08,130.11,-77.20,-113.85,7.03,0.0148,0.0097,0.0134,0.0009,0.0046,0.0092,0.0044,0.0036,0.0034,0.0020,0.0035,0.0032,0.0049,0.0027,0.0018
2026-08-05 08:29:43.556,20.050000,117,3,0.268427,-0.0016,141.82,0,0,0,63.0122,0.240,1.48695,0,0,0,0,0,0.139354,0.027751,0.127491,0.027447,0.113627,0.026863,0.098193,0.025379,0.079063,0.022936,0.058763,0.019148,0.037188,0.014042,0.018389,-141.82,-96.69,-78.07,-16.12,-10.52,63.98,56.02,142.54,122.57,-138.69,-171.16,-61.01,-107.35,19.19,-54.86,0.0148,0.0097,0.0134,0.0009,0.0046,0.0092,0.0044,0.0036,0.0034,0.0020,0.0035,0.0032,0.0049,0.0027,0.0018
2026-08-05 08:29:43.556,20.066667,117,4,0.328069,-0.0104,104.46,0,0,0,63.0122,0.240,1.48695,0,0,0,0,0,0.171343,0.020547,0.160019,0.020079,0.143070,0.017167,0.123447,0.014347,0.099610,0.010860,0.073619,0.006753,0.046921,0.003287,0.021653,-104.46,140.25,36.20,-84.22,179.80,53.80,-36.67,-166.30,107.08,-28.34,-107.85,115.90,38.63,-87.74,-172.81,0.0148,0.0097,0.0134,0.0009,0.0046,0.0092,0.0044,0.0036,0.0034,0.0020,0.0035,0.0032,0.0049,0.0027,0.0018
2026-08-05 08:29:43.556,20.083333,117,5,0.392501,-0.0401,-174.12,0,0,0,63.0122,0.240,1.48695,0,0,0,0,0,0.207723,0.027106,0.191538,0.028387,0.169874,0.028896,0.143657,0.028289,0.111902,0.025901,0.079261,0.021565,0.047258,0.015828,0.022223,174.12,-179.71,152.27,175.71,133.86,168.77,115.25,159.77,97.92,149.17,83.12,139.93,73.89,134.48,87.40,0.0148,0.0097,0.0134,0.0009,0.0046,0.0092,0.0044,0.0036,0.0034,0.0020,0.0035,0.0032,0.0049,0.0027,0.0018
2026-08-05 08:29:43.556,20.100000,117,6,0.261810,0.0066,40.85,0,0,0,63.0122,0.240,1.48695,0,0,0,0,0,0.135362,0.023521,0.123846,0.024532,0.110642,0.024992,0.096578,0.024894,0.078439,0.023589,0.059161,0.020524,0.038840,0.016416,0.019638,-40.85,107.91,-135.67,32.08,133.71,-46.12,42.11,-125.90,-49.55,152.77,-140.43,70.70,126.73,-9.84,26.81,0.0148,0.0097,0.0134,0.0009,0.0046,0.0092,0.0044,0.0036,0.0034,0.0020,0.0035,0.0032,0.0049,0.0027,0.0018
2026-08-05 08:29:43.556,20.116667,117,7,0.264614,-0.0077,-98.59,0,0,0,63.0122,0.240,1.48695,0,0,0,0,0,0.137336,0.006985,0.126630,0.011512,0.113703,0.015131,0.099467,0.017342,0.081722,0.017828,0.062487,0.016357,0.041567,0.013306,0.021712,98.59,65.89,-76.73,-87.95,111.75,106.53,-60.48,-60.86,127.50,130.58,-43.69,-37.99,144.08,154.58,-31.49,0.0148,0.0097,0.0134,0.0009,0.0046,0.0092,0.0044,0.0036,0.0034,0.0020,0.0035,0.0032,0.0049,0.0027,0.0018
2026-08-05 08:29:43.556,20.133333,117,8,0.394694,-0.0232,-115.91,0,0,0,63.0122,0.240,1.48695,0,0,0,0,0,0.210302,0.014750,0.194235,0.017149,0.172571,0.019211,0.146285,0.019803,0.114355,0.018666,0.081576,0.015541,0.048815,0.011212,0.021937,115.91,72.43,-22.32,-43.63,-157.18,-166.40,67.76,67.12,-66.27,-60.47,162.02,173.40,35.06,52.99,-72.13,0.0148,0.0097,0.0134,0.0009,0.0046,0.0092,0.0044,0.0036,0.0034,0.0020,0.0035,0.0032,0.0049,0.0027,0.0018
2026-08-05 08:29:43.556,20.150000,117,9,0.247779,0.0106,-13.82,0,0,0,63.0122,0.240,1.48695,0,0,0,0,0,0.124042,0.039848,0.112572,0.039341,0.100006,0.036885,0.087444,0.033840,0.071259,0.030074,0.053663,0.024840,0.035575,0.019099,0.019916,13.82,-150.09,26.77,-122.40,44.58,-95.11,60.97,-66.89,76.89,-39.50,92.79,-12.20,105.15,16.96,105.28,0.0148,0.0097,0.0134,0.0009,0.0046,0.0092,0.0044,0.0036,0.0034,0.0020,0.0035,0.0032,0.0049,0.0027,0.0018
2026-08-05 08:29:43.556,20.166667,117,10,0.293680,-0.0059,-124.64,0,0,0,63.0122,0.240,1.48695,0,0,0,0,0,0.150433,0.039043,0.137660,0.038534,0.122457,0.036502,0.105993,0.033716,0.085159,0.029944,0.063161,0.024777,0.040207,0.019030,0.019238,124.64,74.08,1.15,-33.87,-118.21,-142.62,121.39,109.45,0.77,1.00,-119.46,-107.16,118.30,147.52,-12.38,0.0148,0.0097,0.0134,0.0009,0.0046,0.0092,0.0044,0.0036,0.0034,0.0020,0.0035,0.0032,0.0049,0.0027,0.0018
2026-08-05 08:29:43.556,20.183333,117,11,0.381545,0.0145,-48.69,0,0,0,63.0122,0.240,1.48695,0,0,0,0,0,0.203196,0.008974,0.188043,0.011576,0.167347,0.013851,0.142122,0.014467,0.111658,0.013331,0.080260,0.010392,0.048600,0.006500,0.022072,48.69,-52.39,136.18,59.06,-133.21,159.64,-42.80,-103.99,48.82,-7.71,142.60,91.90,-119.41,-160.19,-3.88,0.0148,0.0097,0.0134,0.0009,0.0046,0.0092,0.0044,0.0036,0.0034,0.0020,0.0035,0.0032,0.0049,0.0027,0.0018
2026-08-05 08:29:43.556,20.200000,117,12,0.344086,0.0111,-157.69,0,0,0,63.0122,0.240,1.48695,0,0,0,0,0,0.174040,0.058598,0.158875,0.057526,0.139908,0.054259,0.118372,0.049418,0.092183,0.044090,0.064751,0.037468,0.036643,0.030263,0.011246,157.69,139.86,100.90,97.98,48.18,55.88,-5.19,14.65,-58.43,-25.64,-110.68,-65.10,-162.20,-101.40,149.25,0.0148,0.0097,0.0134,0.0009,0.0046,0.0092,0.0044,0.0036,0.0034,0.0020,0.0035,0.0032,0.0049,0.0027,0.0018
2026-08-05 08:29:43.556,20.216667,117,13,0.329779,0.0004,128.85,0,0,0,63.0122,0.240,1.48695,0,0,0,0,0,0.174051,0.005254,0.161190,0.009610,0.144303,0.012805,0.124143,0.014517,0.099158,0.014323,0.073023,0.012309,0.045849,0.009102,0.020655,-128.85,23.11,-36.95,110.96,58.24,-158.23,152.89,-66.72,-111.62,26.33,-14.49,121.03,84.44,-142.78,-169.51,0.0148,0.0097,0.0134,0.0009,0.0046,0.0092,0.0044,0.0036,0.0034,0.0020,0.0035,0.0032,0.0049,0.0027,0.0018
2026-08-05 08:29:43.556,20.233333,117,14,0.444750,-0.0093,-149.94,0,0,0,63.0122,0.240,1.48695,0,0,0,0,0,0.235782,0.012550,0.218416,0.016717,0.194210,0.020252,0.164041,0.022124,0.127818,0.021837,0.091100,0.019286,0.055704,0.015512,0.030321,149.94,151.87,80.79,105.69,14.62,50.54,-51.46,-8.85,-116.06,-68.49,-177.53,-126.79,127.79,179.56,94.63,0.0148,0.0097,0.0134,0.0009,0.0046,0.0092,0.0044,0.0036,0.0034,0.0020,0.0035,0.0032,0.0049,0.0027,0.0018
2026-08-05 08:29:43.556,20.250000,117,15,0.266707,0.0166,114.00,0,0,0,63.0122,0.240,1.48695,0,0,0,0,0,0.134017,0.029988,0.122769,0.033037,0.109302,0.035449,0.095017,0.036675,0.077281,0.035795,0.058508,0.032525,0.038838,0.027001,0.021796,-114.00,-35.52,4.33,104.45,126.81,-120.23,-111.70,12.52,9.51,143.45,130.43,-86.58,-112.07,42.96,-5.34,0.0148,0.0097,0.0134,0.0009,0.0046,0.0092,0.0044,0.0036,0.0034,0.0020,0.0035,0.0032,0.0049,0.0027,0.0018
2026-08-05 08:29:43.556,20.266667,117,16,0.264206,0.0120,16.09,0,0,0,63.0122,0.240,1.48695,0,0,0,0,0,0.135430,0.021898,0.124225,0.024483,0.110990,0.027038,0.096655,0.028392,0.078799,0.027899,0.059656,0.025444,0.039329,0.021014,0.020752,-16.09,163.59,-61.39,140.91,-102.60,113.30,-144.82,82.61,172.86,50.28,130.98,17.39,86.58,-14.93,34.25,0.0148,0.0097,0.0134,0.0009,0.0046,0.0092,0.0044,0.0036,0.0034,0.0020,0.0035,0.0032,0.0049,0.0027,0.0018
2026-08-05 08:29:43.556,20.283333,117,17,0.231223,0.0096,54.42,0,0,0,63.0122,0.240,1.48695,0,0,0,0,0,0.116326,0.012004,0.106926,0.014382,0.096847,0.016858,0.086708,0.018546,0.073401,0.019128,0.058877,0.017829,0.042942,0.015119,0.028186,-54.42,91.48,-177.39,-6.57,63.96,-112.40,-55.79,137.80,-175.58,25.46,65.09,-87.60,-56.68,158.77,175.87,0.0148,0.0097,0.0134,0.0009,0.0046,0.0092,0.0044,0.0036,0.0034,0.0020,0.0035,0.0032,0.0049,0.0027,0.0018
2026-08-05 08:29:43.556,20.300000,117,18,0.420954,0.0500,-57.74,0,0,0,63.0122,0.240,1.48695,0,0,0,0,0,0.224496,0.008465,0.208071,0.010072,0.185281,0.011204,0.157154,0.011272,0.123176,0.009898,0.087891,0.007056,0.052989,0.003389,0.024707,57.74,76.84,164.02,166.33,-86.66,-97.25,22.50,1.41,132.78,100.10,-114.62,-160.63,2.95,-71.69,139.51,0.0148,0.0097,0.0134,0.0009,0.0046,0.0092,0.0044,0.0036,0.0034,0.0020,0.0035,0.0032,0.0049,0.0027,0.0018
2026-08-05 08:29:43.556,20.316667,117,19,0.310198,-0.0047,-176.51,0,0,0,63.0122,0.240,1.48695,0,0,0,0,0,0.155700,0.053279,0.142095,0.053308,0.124927,0.052247,0.105245,0.049691,0.081512,0.045134,0.056965,0.038691,0.031987,0.031147,0.010046,176.51,178.03,156.12,174.76,139.73,170.23,122.62,164.91,105.55,159.28,88.79,154.28,69.74,151.13,34.46,0.0148,0.0097,0.0134,0.0009,0.0046,0.0092,0.0044,0.0036,0.0034,0.0020,0.0035,0.0032,0.0049,0.0027,0.0018
2026-08-05 08:29:43.556,20.333333,117,20,0.440540,0.0260,80.19,0,0,0,63.0122,0.240,1.48695,0,0,0,0,0,0.236154,0.005328,0.218445,0.008123,0.193335,0.010000,0.162539,0.010077,0.125731,0.008613,0.088398,0.005598,0.053157,0.001335,0.029377,-80.19,130.84,110.58,-50.73,-55.62,134.79,138.28,-36.60,-26.10,149.43,172.70,-22.54,19.28,146.10,-109.50,0.0148,0.0097,0.0134,0.0009,0.0046,0.0092,0.0044,0.0036,0.0034,0.0020,0.0035,0.0032,0.0049,0.0027,0.0018
2026-08-05 08:29:43.556,20.350000,117,21,0.348007,-0.0011,157.14,0,0,0,63.0122,0.240,1.48695,0,0,0,0,0,0.180964,0.038569,0.166428,0.038630,0.147769,0.037966,0.125654,0.036148,0.098878,0.032789,0.071111,0.028036,0.042642,0.022662,0.016837,-157.14,-127.25,-123.17,-75.72,-85.48,-25.55,-48.27,24.12,-10.48,73.60,28.76,124.35,69.78,178.72,119.03,0.0148,0.0097,0.0134,0.0009,0.0046,0.0092,0.0044,0.0036,0.0034,0.0020,0.0035,0.0032,0.0049,0.0027,0.0018
2026-08-05 08:29:43.556,20.366667,117,22,0.292680,0.0003,-113.80,0,0,0,63.0122,0.240,1.48695,0,0,0,0,0,0.154328,0.004100,0.142216,0.006249,0.127427,0.007724,0.110779,0.008470,0.089909,0.008094,0.067595,0.006644,0.043856,0.004318,0.021383,113.80,91.83,-30.07,-31.57,-170.36,-165.63,48.74,58.25,-91.94,-79.55,128.35,142.62,-11.95,7.24,-154.57,0.0148,0.0097,0.0134,0.0009,0.0046,0.0092,0.0044,0.0036,0.0034,0.0020,0.0035,0.0032,0.0049,0.0027,0.0018
2026-08-05 08:29:43.556,20.383333,117,23,0.280085,0.0043,113.39,0,0,0,63.0122,0.240,1.48695,0,0,0,0,0,0.142771,0.030948,0.131259,0.031290,0.117457,0.031187,0.102166,0.030277,0.082977,0.028390,0.062703,0.025088,0.041025,0.020624,0.021188,-113.39,-40.30,6.61,98.24,130.63,-125.04,-106.30,10.80,16.69,145.43,139.97,-79.67,-98.93,55.84,14.80,0.0148,0.0097,0.0134,0.0009,0.0046,0.0092,0.0044,0.0036,0.0034,0.0020,0.0035,0.0032,0.0049,0.0027,0.0018
2026-08-05 08:29:43.556,20.400000,117,24,0.335135,-0.0099,137.98,0,0,0,63.0122,0.240,1.48695,0,0,0,0,0,0.177658,0.008479,0.164126,0.010352,0.146522,0.011652,0.125850,0.012188,0.100251,0.011505,0.073002,0.009469,0.044331,0.006372,0.017576,-137.98,46.20,-64.20,105.11,12.79,170.78,89.17,-120.15,165.91,-50.61,-116.33,19.16,-38.03,85.80,42.06,0.0148,0.0097,0.0134,0.0009,0.0046,0.0092,0.0044,0.0036,0.0034,0.0020,0.0035,0.0032,0.0049,0.0027,0.0018
2026-08-05 08:29:43.556,20.416667,117,25,0.458689,0.0646,-32.66,0,0,0,63.0122,0.240,1.48695,0,0,0,0,0,0.237913,0.033355,0.220724,0.032571,0.197122,0.031450,0.167745,0.030455,0.132242,0.029440,0.095451,0.028272,0.059242,0.026506,0.031505,32.66,-106.71,88.43,-33.97,147.33,39.56,-153.70,113.46,-93.50,-172.81,-30.74,-99.22,38.04,-26.10,126.82,0.0148,0.0097,0.0134,0.0009,0.0046,0.0092,0.0044,0.0036,0.0034,0.0020,0.0035,0.0032,0.0049,0.0027,0.0018
2026-08-05 08:29:43.556,20.433333,117,26,0.290620,-0.0008,-116.99,0,0,0,63.0122,0.240,1.48695,0,0,0,0,0,0.141910,0.051102,0.130144,0.048372,0.116931,0.043648,0.102136,0.039032,0.083817,0.033741,0.063721,0.029454,0.042729,0.025730,0.022791,116.99,53.47,-23.01,-73.19,-159.18,161.03,63.99,37.29,-72.97,-83.94,150.36,157.36,10.99,40.07,-135.90,0.0148,0.0097,0.0134,0.0009,0.0046,0.0092,0.0044,0.0036,0.0034,0.0020,0.0035,0.0032,0.0049,0.0027,0.0018
2026-08-05 08:29:43.556,20.450000,117,27,0.296079,-0.0074,110.19,0,0,0,63.0122,0.240,1.48695,0,0,0,0,0,0.146272,0.052811,0.134476,0.049347,0.120606,0.043950,0.104881,0.037515,0.085403,0.031073,0.064776,0.025350,0.042537,0.021227,0.021505,-110.19,-42.31,15.68,95.54,145.70,-125.70,-85.28,15.04,43.90,158.72,173.32,-53.79,-58.82,97.74,63.43,0.0148,0.0097,0.0134,0.0009,0.0046,0.0092,0.0044,0.0036,0.0034,0.0020,0.0035,0.0032,0.0049,0.0027,0.0018
2026-08-05 08:29:43.556,20.466667,117,28,0.289482,0.0031,141.71,0,0,0,63.0122,0.240,1.48695,0,0,0,0,0,0.139324,0.062041,0.127512,0.057783,0.113839,0.051371,0.098433,0.043750,0.079297,0.036179,0.059309,0.029852,0.037879,0.026101,0.018167,-141.71,-105.86,-79.40,-31.81,-12.74,43.47,52.75,121.22,118.21,-157.72,-176.43,-72.37,-113.46,16.05,-60.82,0.0148,0.0097,0.0134,0.0009,0.0046,0.0092,0.0044,0.0036,0.0034,0.0020,0.0035,0.0032,0.0049,0.0027,0.0018
2026-08-05 08:29:43.556,20.483333,117,29,0.232865,-0.0074,160.11,0,0,0,63.0122,0.240,1.48695,0,0,0,0,0,0.113178,0.028606,0.103873,0.026465,0.094478,0.023447,0.085289,0.019827,0.073227,0.016748,0.060254,0.014600,0.045811,0.014121,0.032331,-160.11,-140.38,-134.82,-101.32,-105.12,-60.70,-76.72,-16.50,-48.45,31.81,-20.16,85.26,5.43,139.73,25.75,0.0148,0.0097,0.0134,0.0009,0.0046,0.0092,0.0044,0.0036,0.0034,0.0020,0.0035,0.0032,0.0049,0.0027,0.0018
2026-08-05 08:29:44.071,20.500000,118,0,0.319163,-0.0046,179.18,0,0,0,63.0122,0.885,2.18199,0,0,0,0,0,0.163492,0.023692,0.150653,0.022354,0.135116,0.020510,0.116865,0.018344,0.094253,0.016072,0.070339,0.013906,0.044973,0.012033,0.022304,-179.18,166.06,171.23,150.20,165.52,133.34,159.31,116.20,154.17,99.00,151.11,82.16,151.74,67.21,165.60,0.0131,0.0144,0.0148,0.0007,0.0110,0.0039,0.0046,0.0067,0.0050,0.0048,0.0035,0.0054,0.0050,0.0082,0.0029
2026-08-05 08:29:44.071,20.516667,118,1,0.405392,0.0109,147.12,0,0,0,63.0122,0.885,2.18199,0,0,0,0,0,0.211368,0.023884,0.196328,0.021020,0.176369,0.016842,0.152081,0.012660,0.122515,0.010190,0.091486,0.010610,0.059462,0.012528,0.030496,-147.12,-114.16,-91.31,-48.56,-32.25,20.28,26.53,96.71,86.22,-174.34,147.61,-81.90,-147.94,-1.59,-73.59,0.0131,0.0144,0.0148,0.0007,0.0110,0.0039,0.0046,0.0067,0.0050,0.0048,0.0035,0.0054,0.0050,0.0082,0.0029
2026-08-05 08:29:44.071,20.533333,118,2,0.406374,0.0323,-52.68,0,0,0,63.0122,0.885,2.18199,0,0,0,0,0,0.212632,0.022664,0.197100,0.019428,0.176397,0.014731,0.151095,0.009649,0.120417,0.006921,0.088321,0.008640,0.055821,0.011786,0.028761,52.68,-76.86,148.02,25.66,-113.28,131.91,-14.79,-111.43,84.98,27.47,-173.06,168.68,-66.44,-73.41,56.22,0.0131,0.0144,0.0148,0.0007,0.0110,0.0039,0.0046,0.0067,0.0050,0.0048,0.0035,0.0054,0.0050,0.0082,0.0029
2026-08-05 08:29:44.071,20.550000,118,3,0.373192,0.1053,-3.07,0,0,0,63.0122,0.885,2.18199,0,0,0,0,0,0.192174,0.015339,0.178347,0.017098,0.160369,0.018604,0.139043,0.019358,0.113041,0.018972,0.085074,0.017311,0.055174,0.015093,0.027573,3.07,15.99,-0.68,28.66,-1.33,40.22,-2.35,49.26,-2.57,56.16,-1.47,64.39,2.09,75.37,14.31,0.0131,0.0144,0.0148,0.0007,0.0110,0.0039,0.0046,0.0067,0.0050,0.0048,0.0035,0.0054,0.0050,0.0082,0.0029
2026-08-05 08:29:44.071,20.566667,118,4,0.277938,0.0032,103.18,0,0,0,63.0122,0.885,2.18199,0,0,0,0,0,0.142795,0.027125,0.131350,0.024886,0.118229,0.021761,0.103472,0.018332,0.084940,0.015472,0.065228,0.013976,0.043786,0.013925,0.023273,-103.18,-26.92,37.63,126.51,-177.52,-78.57,-33.64,80.29,110.50,-115.20,-104.94,53.18,38.68,-139.82,179.02,0.0131,0.0144,0.0148,0.0007,0.0110,0.0039,0.0046,0.0067,0.0050,0.0048,0.0035,0.0054,0.0050,0.0082,0.0029
2026-08-05 08:29:44.071,20.583333,118,5,0.240950,-0.0080,-154.09,0,0,0,63.0122,0.885,2.18199,0,0,0,0,0,0.122406,0.011724,0.112675,0.010241,0.102312,0.008128,0.091674,0.005604,0.077827,0.003122,0.063025,0.002287,0.046219,0.004175,0.029639,154.09,121.68,88.78,62.43,27.69,4.06,-34.36,-50.39,-96.36,-89.71,-157.92,-80.86,138.91,-104.88,71.69,0.0131,0.0144,0.0148,0.0007,0.0110,0.0039,0.0046,0.0067,0.0050,0.0048,0.0035,0.0054,0.0050,0.0082,0.0029
2026-08-05 08:29:44.071,20.600000,118,6,0.274312,-0.0009,-169.44,0,0,0,63.0122,0.885,2.18199,0,0,0,0,0,0.134658,0.050601,0.123534,0.046538,0.110986,0.040417,0.097326,0.033218,0.079958,0.026342,0.061569,0.020846,0.041339,0.018372,0.022009,169.44,155.58,134.20,131.04,103.33,107.93,71.45,87.38,39.76,71.50,8.51,62.16,-24.13,57.94,-61.57,0.0131,0.0144,0.0148,0.0007,0.0110,0.0039,0.0046,0.0067,0.0050,0.0048,0.0035,0.0054,0.0050,0.0082,0.0029
2026-08-05 08:29:44.071,20.616667,118,7,0.418986,0.0214,-99.49,0,0,0,63.0122,0.885,2.18199,0,0,0,0,0,0.224625,0.009514,0.207525,0.010354,0.184137,0.011007,0.155105,0.010783,0.120490,0.009416,0.085069,0.007256,0.050502,0.005557,0.024369,99.49,-5.18,-71.00,170.66,121.73,-6.75,-45.63,-178.55,148.25,16.12,-15.38,-141.75,-172.74,76.61,53.95,0.0131,0.0144,0.0148,0.0007,0.0110,0.0039,0.0046,0.0067,0.0050,0.0048,0.0035,0.0054,0.0050,0.0082,0.0029
2026-08-05 08:29:44.071,20.633333,118,8,0.426101,0.0128,86.08,0,0,0,63.0122,0.885,2.18199,0,0,0,0,0,0.225270,0.024506,0.208582,0.022007,0.185822,0.018411,0.157608,0.014165,0.123763,0.010229,0.089269,0.008540,0.055708,0.010064,0.030283,-86.08,-0.25,91.95,179.33,-86.66,0.91,94.68,-172.39,-82.55,24.23,102.85,-123.89,-65.40,86.53,145.18,0.0131,0.0144,0.0148,0.0007,0.0110,0.0039,0.0046,0.0067,0.0050,0.0048,0.0035,0.0054,0.0050,0.0082,0.0029
2026-08-05 08:29:44.071,20.650000,118,9,0.337556,0.3358,-69.63,0,0,0,63.0122,0.885,2.18199,0,0,0,0,0,0.179900,0.022292,0.164657,0.020863,0.146670,0.019502,0.125546,0.016180,0.099631,0.012420,0.072760,0.008498,0.044574,0.004483,0.018703,69.63,-53.02,-161.25,70.61,-28.99,-163.64,102.95,-35.92,-124.80,95.54,8.48,-128.32,144.01,21.41,-72.44,0.0131,0.0144,0.0148,0.0007,0.0110,0.0039,0.0046,0.0067,0.0050,0.0048,0.0035,0.0054,0.0050,0.0082,0.0029
2026-08-05 08:29:44.071,20.666667,118,10,0.245445,-0.1391,117.51,0,0,0,63.0122,0.885,2.18199,0,0,0,0,0,0.123912,0.022168,0.114194,0.019847,0.103733,0.016647,0.092682,0.013222,0.078035,0.009956,0.062209,0.007942,0.044622,0.007858,0.027800,-117.51,-56.50,-6.14,65.72,109.72,-170.81,-135.43,-44.15,-20.54,89.08,94.50,-127.25,-152.32,19.55,-44.28,0.0131,0.0144,0.0148,0.0007,0.0110,0.0039,0.0046,0.0067,0.0050,0.0048,0.0035,0.0054,0.0050,0.0082,0.0029
2026-08-05 08:29:44.071,20.683333,118,11,0.359200,-0.0290,148.02,0,0,0,63.0122,0.885,2.18199,0,0,0,0,0,0.177982,0.066066,0.164252,0.061034,0.146895,0.053783,0.125716,0.045712,0.099516,0.038096,0.072218,0.032380,0.043737,0.029148,0.017841,-148.02,-117.15,-96.04,-54.33,-40.19,9.70,15.24,75.92,71.48,145.58,128.95,-140.49,-171.65,-64.24,-102.49,0.0131,0.0144,0.0148,0.0007,0.0110,0.0039,0.0046,0.0067,0.0050,0.0048,0.0035,0.0054,0.0050,0.0082,0.0029
2026-08-05 08:29:44.071,20.700000,118,12,0.445316,-0.0303,126.00,0,0,0,63.0122,0.885,2.18199,0,0,0,0,0,0.238092,0.018665,0.220191,0.017687,0.195420,0.016047,0.164347,0.013436,0.127536,0.010394,0.090147,0.007477,0.053828,0.006557,0.027284,-126.00,-85.99,-27.22,7.64,74.70,102.91,176.59,-157.84,-80.13,-51.82,25.74,67.43,138.37,-154.91,-85.35,0.0131,0.0144,0.0148,0.0007,0.0110,0.0039,0.0046,0.0067,0.0050,0.0048,0.0035,0.0054,0.0050,0.0082,0.0029
2026-08-05 08:29:44.071,20.716667,118,13,0.398098,-0.0527,119.98,0,0,0,63.0122,0.885,2.18199,0,0,0,0,0,0.213392,0.018792,0.196720,0.017497,0.174419,0.015357,0.146841,0.012460,0.113903,0.009164,0.080150,0.006130,0.046787,0.005521,0.021318,-119.98,-71.74,-9.80,35.92,103.69,144.79,-143.01,-103.37,-28.45,15.23,88.54,148.22,-148.47,-57.98,0.26,0.0131,0.0144,0.0148,0.0007,0.0110,0.0039,0.0046,0.0067,0.0050,0.0048,0.0035,0.0054,0.0050,0.0082,0.0029
2026-08-05 08:29:44.071,20.733333,118,14,0.249476,-0.0128,-166.62,0,0,0,63.0122,0.885,2.18199,0,0,0,0,0,0.130090,0.006667,0.119021,0.008494,0.106859,0.009976,0.094221,0.010882,0.078323,0.010933,0.061216,0.009684,0.042079,0.007378,0.023936,166.62,-1.18,127.92,-13.65,92.84,-38.25,56.67,-67.53,20.81,-97.59,-14.47,-129.05,-51.46,-160.79,-92.88,0.0131,0.0144,0.0148,0.0007,0.0110,0.0039,0.0046,0.0067,0.0050,0.0048,0.0035,0.0054,0.0050,0.0082,0.0029
2026-08-05 08:29:44.071,20.750000,118,15,0.376333,0.0372,-59.76,0,0,0,63.0122,0.885,2.18199,0,0,0,0,0,0.198248,0.021189,0.183289,0.019083,0.164149,0.015849,0.141162,0.012120,0.112907,0.008674,0.083139,0.006372,0.052608,0.006873,0.025595,59.76,-67.33,168.77,44.93,-78.78,158.36,33.40,-84.42,146.49,40.72,-98.83,-178.75,18.81,-29.87,147.54,0.0131,0.0144,0.0148,0.0007,0.0110,0.0039,0.0046,0.0067,0.0050,0.0048,0.0035,0.0054,0.0050,0.0082,0.0029
2026-08-05 08:29:44.071,20.766667,118,16,0.349554,-0.0213,148.96,0,0,0,63.0122,0.885,2.18199,0,0,0,0,0,0.185838,0.027659,0.170321,0.026818,0.150850,0.025925,0.128446,0.024804,0.100842,0.022474,0.071731,0.018819,0.042056,0.014564,0.015799,-148.96,71.12,-96.72,140.45,-41.47,-151.92,13.18,-85.00,68.90,-16.78,125.77,52.56,-175.25,124.71,-104.23,0.0131,0.0144,0.0148,0.0007,0.0110,0.0039,0.0046,0.0067,0.0050,0.0048,0.0035,0.0054,0.0050,0.0082,0.0029
2026-08-05 08:29:44.071,20.783333,118,17,0.306339,0.0148,64.96,0,0,0,63.0122,0.885,2.18199,0,0,0,0,0,0.153534,0.053270,0.141798,0.048030,0.127159,0.040645,0.109768,0.032499,0.088177,0.024566,0.065650,0.018850,0.041673,0.017330,0.019169,-64.96,47.11,151.96,-86.24,13.21,141.35,-126.34,12.34,94.11,-110.62,-44.90,136.13,175.13,28.37,31.38,0.0131,0.0144,0.0148,0.0007,0.0110,0.0039,0.0046,0.0067,0.0050,0.0048,0.0035,0.0054,0.0050,0.0082,0.0029
2026-08-05 08:29:44.071,20.800000,118,18,0.398257,0.0067,100.13,0,0,0,63.0122,0.885,2.18199,0,0,0,0,0,0.214448,0.014997,0.196853,0.018819,0.173765,0.022262,0.145982,0.023874,0.112573,0.022976,0.077999,0.019309,0.043836,0.013784,0.018032,-100.13,-171.38,50.14,2.47,-156.60,166.17,-3.52,-33.61,150.83,127.20,-52.66,-70.78,109.08,94.55,-61.90,0.0131,0.0144,0.0148,0.0007,0.0110,0.0039,0.0046,0.0067,0.0050,0.0048,0.0035,0.0054,0.0050,0.0082,0.0029
2026-08-05 08:29:44.071,20.816667,118,19,0.288901,0.0010,-78.30,0,0,0,63.0122,0.885,2.18199,0,0,0,0,0,0.152278,0.009741,0.140061,0.009458,0.125580,0.008616,0.109263,0.007358,0.088837,0.005870,0.066896,0.003768,0.043512,0.001103,0.021551,78.30,-42.53,-136.90,96.34,11.70,-124.35,159.59,14.71,-51.79,155.94,97.98,-57.54,-111.70,97.71,41.67,0.0131,0.0144,0.0148,0.0007,0.0110,0.0039,0.0046,0.0067,0.0050,0.0048,0.0035,0.0054,0.0050,0.0082,0.0029
2026-08-05 08:29:44.071,20.833333,118,20,0.396710,-0.0081,-167.13,0,0,0,63.0122,0.885,2.18199,0,0,0,0,0,0.209589,0.018586,0.194079,0.016806,0.173349,0.014236,0.147912,0.010844,0.117505,0.007321,0.085702,0.004677,0.053568,0.005216,0.027564,167.13,142.73,131.16,105.01,98.67,67.87,65.93,34.08,34.48,6.92,5.31,1.50,-19.47,19.61,-28.43,0.0131,0.0144,0.0148,0.0007,0.0110,0.0039,0.0046,0.0067,0.0050,0.0048,0.0035,0.0054,0.0050,0.0082,0.0029
2026-08-05 08:29:44.071,20.850000,118,21,0.412204,0.0196,14.26,0,0,0,63.0122,0.885,2.18199,0,0,0,0,0,0.220956,0.012574,0.204003,0.013903,0.180984,0.015069,0.152543,0.014847,0.118623,0.013481,0.083525,0.010848,0.048698,0.007705,0.021832,-14.26,123.83,-52.62,72.32,-87.72,27.41,-122.99,-13.07,-157.05,-48.19,171.23,-75.14,144.78,-89.01,141.34,0.0131,0.0144,0.0148,0.0007,0.0110,0.0039,0.0046,0.0067,0.0050,0.0048,0.0035,0.0054,0.0050,0.0082,0.0029
2026-08-05 08:29:44.071,20.866667,118,22,0.406102,0.0028,137.57,0,0,0,63.0122,0.885,2.18199,0,0,0,0,0,0.216024,0.007814,0.199751,0.009600,0.178167,0.011010,0.151721,0.011349,0.119982,0.010603,0.086750,0.008366,0.053164,0.004880,0.025672,-137.57,-133.44,-62.60,-74.03,15.62,-8.33,93.68,62.31,172.85,138.52,-105.85,-141.64,-20.31,-51.73,81.45,0.0131,0.0144,0.0148,0.0007,0.0110,0.0039,0.0046,0.0067,0.0050,0.0048,0.0035,0.0054,0.0050,0.0082,0.0029
2026-08-05 08:29:44.071,20.883333,118,23,0.407383,0.0046,126.51,0,0,0,63.0122,0.885,2.18199,0,0,0,0,0,0.217230,0.010653,0.200708,0.010576,0.178709,0.010012,0.151675,0.008760,0.119141,0.006764,0.085727,0.004556,0.052079,0.004297,0.025868,-126.51,-93.87,-29.46,-5.47,70.92,84.94,171.17,-178.59,-87.35,-76.12,16.50,43.67,125.42,-160.57,-106.98,0.0131,0.0144,0.0148,0.0007,0.0110,0.0039,0.0046,0.0067,0.0050,0.0048,0.0035,0.0054,0.0050,0.0082,0.0029
2026-08-05 08:29:44.071,20.900000,118,24,0.410299,0.0141,-149.93,0,0,0,63.0122,0.885,2.18199,0,0,0,0,0,0.218056,0.013219,0.201671,0.013063,0.179890,0.012482,0.152920,0.011079,0.120650,0.008996,0.087161,0.006666,0.053577,0.004779,0.026931,149.93,100.29,79.81,21.71,13.02,-54.60,-53.87,-126.35,-119.57,167.29,177.11,111.85,118.54,85.83,76.93,0.0131,0.0144,0.0148,0.0007,0.0110,0.0039,0.0046,0.0067,0.0050,0.0048,0.0035,0.0054,0.0050,0.0082,0.0029
2026-08-05 08:29:44.071,20.916667,118,25,0.417329,-0.0111,-124.32,0,0,0,63.0122,0.885,2.18199,0,0,0,0,0,0.221926,0.016026,0.205371,0.014749,0.182980,0.012930,0.155459,0.010233,0.122366,0.007412,0.088144,0.004521,0.053703,0.003576,0.026603,124.32,55.21,3.08,-70.13,-114.81,165.29,127.12,43.66,10.28,-74.62,-104.19,-179.02,146.34,119.41,54.92,0.0131,0.0144,0.0148,0.0007,0.0110,0.0039,0.0046,0.0067,0.0050,0.0048,0.0035,0.0054,0.0050,0.0082,0.0029
2026-08-05 08:29:44.071,20.933333,118,26,0.384018,0.0050,-67.85,0,0,0,63.0122,0.885,2.18199,0,0,0,0,0,0.204597,0.019495,0.189077,0.018193,0.168153,0.016040,0.142781,0.013078,0.112083,0.009575,0.080335,0.005498,0.048123,0.000953,0.021990,67.85,-60.88,-166.68,56.47,-37.78,175.06,90.87,-66.91,-139.35,51.67,-7.37,169.84,129.08,-97.34,-76.60,0.0131,0.0144,0.0148,0.0007,0.0110,0.0039,0.0046,0.0067,0.0050,0.0048,0.0035,0.0054,0.0050,0.0082,0.0029
2026-08-05 08:29:44.071,20.950000,118,27,0.582670,0.0291,-43.15,0,0,0,63.0122,0.885,2.18199,0,0,0,0,0,0.213896,0.095072,0.192966,0.098866,0.162937,0.103397,0.126746,0.107071,0.087339,0.108429,0.055780,0.107422,0.047738,0.104053,0.063243,43.15,93.62,116.49,-173.93,-167.38,-83.27,-93.88,5.90,-25.34,94.15,30.12,-177.89,65.37,-89.80,117.19,0.0131,0.0144,0.0148,0.0007,0.0110,0.0039,0.0046,0.0067,0.0050,0.0048,0.0035,0.0054,0.0050,0.0082,0.0029
2026-08-05 08:29:44.071,20.966667,118,28,0.568577,0.0036,-163.31,0,0,0,63.0122,0.885,2.18199,0,0,0,0,0,0.225646,0.081429,0.205076,0.086966,0.176269,0.093511,0.141413,0.097972,0.102428,0.098990,0.067104,0.096716,0.041823,0.091332,0.038668,163.31,-21.76,118.04,-46.08,75.60,-73.27,31.52,-102.53,-14.93,-132.89,-66.95,-163.07,-135.46,167.61,145.71,0.0131,0.0144,0.0148,0.0007,0.0110,0.0039,0.0046,0.0067,0.0050,0.0048,0.0035,0.0054,0.0050,0.0082,0.0029
2026-08-05 08:29:44.071,20.983333,118,29,0.542725,0.0294,-33.25,0,0,0,63.0122,0.885,2.18199,0,0,0,0,0,0.287391,0.015183,0.265448,0.019814,0.236301,0.024389,0.198908,0.025879,0.155653,0.024777,0.112343,0.021599,0.072542,0.018260,0.046828,33.25,104.42,91.28,-176.28,152.21,-104.19,-146.45,-34.06,-83.30,36.89,-16.62,113.28,57.50,-161.27,147.63,0.0131,0.0144,0.0148,0.0007,0.0110,0.0039,0.0046,0.0067,0.0050,0.0048,0.0035,0.0054,0.0050,0.0082,0.0029
2026-08-05 08:29:44.578,21.000000,119,0,0.508239,-0.0074,170.39,0,0,0,63.0122,0.238,0.63099,0,0,0,0,0,0.272011,0.033542,0.249657,0.033242,0.220999,0.033085,0.183418,0.030873,0.140383,0.027659,0.096877,0.023441,0.057341,0.020185,0.033909,-170.39,32.60,-160.08,59.66,-146.68,87.88,-133.04,115.02,-117.63,144.35,-98.75,177.45,-70.64,-142.33,-17.32,0.0418,0.0214,0.0106,0.0051,0.0015,0.0012,0.0039,0.0065,0.0013,0.0027,0.0017,0.0034,0.0019,0.0022,0.0024
2026-08-05 08:29:44.578,21.016667,119,1,0.374065,-0.0009,-1.51,0,0,0,63.0122,0.238,0.63099,0,0,0,0,0,0.197259,0.020217,0.183262,0.018567,0.163509,0.015922,0.140396,0.012440,0.111524,0.009011,0.081988,0.006105,0.050974,0.006165,0.024177,1.51,174.42,-5.93,165.63,-9.89,160.93,-14.35,155.95,-17.72,159.65,-19.50,173.89,-18.27,-150.15,-6.43,0.0418,0.0214,0.0106,0.0051,0.0015,0.0012,0.0039,0.0065,0.0013,0.0027,0.0017,0.0034,0.0019,0.0022,0.0024
2026-08-05 08:29:44.578,21.033333,119,2,0.292821,0.0004,112.99,0,0,0,63.0122,0.238,0.63099,0,0,0,0,0,0.153603,0.004944,0.141148,0.008086,0.127070,0.010953,0.110708,0.012471,0.090309,0.012637,0.068730,0.011607,0.044974,0.009233,0.023208,-112.99,-162.97,8.97,-26.79,134.73,106.15,-100.37,-124.49,25.05,7.60,151.03,139.98,-83.28,-82.03,40.35,0.0418,0.0214,0.0106,0.0051,0.0015,0.0012,0.0039,0.0065,0.0013,0.0027,0.0017,0.0034,0.0019,0.0022,0.0024
2026-08-05 08:29:44.578,21.050000,119,3,0.365508,-0.0009,-149.34,0,0,0,63.0122,0.238,0.63099,0,0,0,0,0,0.182405,0.058333,0.170619,0.054295,0.152041,0.047031,0.131429,0.039146,0.105552,0.030897,0.078378,0.024920,0.050026,0.022006,0.024802,149.34,117.60,77.61,52.34,9.01,-9.35,-59.56,-69.63,-127.61,-125.03,166.38,-175.30,102.95,139.45,48.96,0.0418,0.0214,0.0106,0.0051,0.0015,0.0012,0.0039,0.0065,0.0013,0.0027,0.0017,0.0034,0.0019,0.0022,0.0024
2026-08-05 08:29:44.578,21.066667,119,4,0.406321,-0.0676,142.93,0,0,0,63.0122,0.238,0.63099,0,0,0,0,0,0.217654,0.005860,0.200820,0.009366,0.178728,0.012539,0.150821,0.013716,0.117451,0.013076,0.083040,0.010066,0.049239,0.005885,0.023357,-142.93,-169.46,-78.73,-120.34,-11.03,-59.82,56.58,5.45,125.48,74.36,-163.32,145.58,-86.28,-131.90,12.33,0.0418,0.0214,0.0106,0.0051,0.0015,0.0012,0.0039,0.0065,0.0013,0.0027,0.0017,0.0034,0.0019,0.0022,0.0024
2026-08-05 08:29:44.578,21.083333,119,5,0.321282,0.0118,-53.91,0,0,0,63.0122,0.238,0.63099,0,0,0,0,0,0.167353,0.019704,0.154794,0.018457,0.139313,0.016184,0.121335,0.013128,0.099002,0.009844,0.075117,0.006094,0.049654,0.002402,0.025725,53.91,-86.57,150.49,5.90,-109.38,97.76,-9.68,-169.80,90.59,-79.13,-167.83,10.36,-64.93,89.68,40.77,0.0418,0.0214,0.0106,0.0051,0.0015,0.0012,0.0039,0.0065,0.0013,0.0027,0.0017,0.0034,0.0019,0.0022,0.0024
2026-08-05 08:29:44.578,21.100000,119,6,0.259123,0.0099,-124.56,0,0,0,63.0122,0.238,0.63099,0,0,0,0,0,0.133395,0.018550,0.122630,0.016786,0.110753,0.014183,0.097993,0.011035,0.081771,0.007859,0.063914,0.005069,0.044185,0.004601,0.025529,124.56,62.44,0.71,-56.26,-119.10,-174.34,120.15,70.47,-0.28,-40.63,-120.01,-136.18,119.07,148.42,-5.63,0.0418,0.0214,0.0106,0.0051,0.0015,0.0012,0.0039,0.0065,0.0013,0.0027,0.0017,0.0034,0.0019,0.0022,0.0024
2026-08-05 08:29:44.578,21.116667,119,7,0.243799,-0.0110,-152.50,0,0,0,63.0122,0.238,0.63099,0,0,0,0,0,0.124590,0.023375,0.114501,0.021309,0.103201,0.018041,0.091366,0.014361,0.076153,0.010570,0.059612,0.008311,0.041299,0.008098,0.023670,152.50,121.10,84.01,61.05,19.76,3.35,-45.38,-51.72,-110.30,-100.70,-174.36,-138.12,120.10,-171.24,50.65,0.0418,0.0214,0.0106,0.0051,0.0015,0.0012,0.0039,0.0065,0.0013,0.0027,0.0017,0.0034,0.0019,0.0022,0.0024
2026-08-05 08:29:44.578,21.133333,119,8,0.247164,-0.0031,-109.62,0,0,0,63.0122,0.238,0.63099,0,0,0,0,0,0.125515,0.018091,0.115672,0.016375,0.104830,0.013611,0.093918,0.010512,0.079537,0.006787,0.063741,0.003445,0.046036,0.002046,0.028899,109.62,30.91,-44.80,-119.35,165.14,91.77,14.21,-57.11,-136.55,156.09,73.70,24.60,-77.55,-55.54,128.51,0.0418,0.0214,0.0106,0.0051,0.0015,0.0012,0.0039,0.0065,0.0013,0.0027,0.0017,0.0034,0.0019,0.0022,0.0024
2026-08-05 08:29:44.578,21.150000,119,9,0.201112,-0.0007,-167.27,0,0,0,63.0122,0.238,0.63099,0,0,0,0,0,0.100331,0.011961,0.091497,0.010637,0.083344,0.008842,0.076307,0.006739,0.066340,0.004123,0.055046,0.001815,0.042283,0.001167,0.030074,167.27,143.85,125.82,108.07,89.53,73.40,52.04,35.96,14.55,-0.33,-22.01,-19.03,-61.30,66.26,-104.74,0.0418,0.0214,0.0106,0.0051,0.0015,0.0012,0.0039,0.0065,0.0013,0.0027,0.0017,0.0034,0.0019,0.0022,0.0024
2026-08-05 08:29:44.578,21.166667,119,10,0.237365,-0.0110,132.44,0,0,0,63.0122,0.238,0.63099,0,0,0,0,0,0.118940,0.028269,0.109345,0.025804,0.099035,0.021790,0.088310,0.016847,0.074528,0.011873,0.059276,0.008440,0.042351,0.007909,0.026484,-132.44,-88.92,-50.99,0.82,34.62,92.45,119.25,-173.24,-155.93,-73.23,-70.54,40.64,12.35,166.86,90.18,0.0418,0.0214,0.0106,0.0051,0.0015,0.0012,0.0039,0.0065,0.0013,0.0027,0.0017,0.0034,0.0019,0.0022,0.0024
2026-08-05 08:29:44.578,21.183333,119,11,0.410541,0.0007,141.46,0,0,0,63.0122,0.238,0.63099,0,0,0,0,0,0.217259,0.014209,0.200913,0.013409,0.179011,0.012200,0.152338,0.010576,0.120030,0.008853,0.086875,0.008506,0.053938,0.009850,0.028370,-141.46,-115.32,-74.33,-50.56,-3.80,18.28,66.65,90.79,138.43,172.58,-147.07,-94.53,-67.07,-1.48,31.76,0.0418,0.0214,0.0106,0.0051,0.0015,0.0012,0.0039,0.0065,0.0013,0.0027,0.0017,0.0034,0.0019,0.0022,0.0024
2026-08-05 08:29:44.578,21.200000,119,12,0.340889,0.0055,154.37,0,0,0,63.0122,0.238,0.63099,0,0,0,0,0,0.179500,0.023020,0.164771,0.023898,0.146759,0.023254,0.126496,0.022357,0.100984,0.021026,0.073931,0.018274,0.046232,0.015732,0.021034,-154.37,61.37,-114.87,118.67,-71.25,175.05,-28.18,-126.59,15.36,-69.84,60.82,-11.18,108.29,51.89,163.99,0.0418,0.0214,0.0106,0.0051,0.0015,0.0012,0.0039,0.0065,0.0013,0.0027,0.0017,0.0034,0.0019,0.0022,0.0024
2026-08-05 08:29:44.578,21.216667,119,13,0.254264,-0.0074,149.41,0,0,0,63.0122,0.238,0.63099,0,0,0,0,0,0.130521,0.007670,0.120475,0.007949,0.108959,0.008116,0.097036,0.008210,0.081658,0.007928,0.064633,0.006734,0.046035,0.005051,0.027950,-149.41,-143.92,-101.56,-109.80,-49.41,-70.18,1.87,-28.65,53.30,14.69,105.45,60.20,156.24,102.42,-155.28,0.0418,0.0214,0.0106,0.0051,0.0015,0.0012,0.0039,0.0065,0.0013,0.0027,0.0017,0.0034,0.0019,0.0022,0.0024
2026-08-05 08:29:44.578,21.233333,119,14,0.237350,0.0037,-138.90,0,0,0,63.0122,0.238,0.63099,0,0,0,0,0,0.121319,0.003238,0.111427,0.005393,0.101049,0.007033,0.090344,0.008102,0.076750,0.008356,0.061644,0.007358,0.044797,0.005425,0.028798,138.90,27.37,42.53,-80.92,-49.41,-178.93,-142.20,88.66,124.92,-6.00,32.62,-100.73,-61.67,163.17,-160.23,0.0418,0.0214,0.0106,0.0051,0.0015,0.0012,0.0039,0.0065,0.0013,0.0027,0.0017,0.0034,0.0019,0.0022,0.0024
2026-08-05 08:29:44.578,21.250000,119,15,0.313627,0.0120,-115.32,0,0,0,63.0122,0.238,0.63099,0,0,0,0,0,0.157133,0.052403,0.145330,0.048906,0.130295,0.042510,0.112522,0.034440,0.090173,0.026711,0.066619,0.021284,0.041828,0.018577,0.018475,115.32,49.70,-24.64,-81.27,-161.45,148.79,60.94,21.47,-76.22,-100.24,147.59,144.26,10.44,33.56,-129.58,0.0418,0.0214,0.0106,0.0051,0.0015,0.0012,0.0039,0.0065,0.0013,0.0027,0.0017,0.0034,0.0019,0.0022,0.0024
2026-08-05 08:29:44.578,21.266667,119,16,0.401653,0.0318,-13.86,0,0,0,63.0122,0.238,0.63099,0,0,0,0,0,0.215313,0.013521,0.198317,0.016712,0.175275,0.018942,0.147708,0.019250,0.114792,0.017993,0.080911,0.014686,0.047568,0.009921,0.023008,13.86,49.03,30.96,87.70,51.67,118.19,72.41,147.11,94.35,175.22,119.04,-155.74,149.89,-119.99,-154.55,0.0418,0.0214,0.0106,0.0051,0.0015,0.0012,0.0039,0.0065,0.0013,0.0027,0.0017,0.0034,0.0019,0.0022,0.0024
2026-08-05 08:29:44.578,21.283333,119,17,0.303653,0.0051,-124.11,0,0,0,63.0122,0.238,0.63099,0,0,0,0,0,0.150506,0.053149,0.139013,0.049366,0.125041,0.042745,0.108972,0.034484,0.088512,0.026158,0.066763,0.020211,0.043633,0.017718,0.021662,124.11,66.15,1.32,-48.18,-117.98,-161.49,121.83,87.58,1.89,-17.97,-116.86,-115.15,124.20,153.50,4.07,0.0418,0.0214,0.0106,0.0051,0.0015,0.0012,0.0039,0.0065,0.0013,0.0027,0.0017,0.0034,0.0019,0.0022,0.0024
2026-08-05 08:29:44.578,21.300000,119,18,0.410351,-0.0082,-157.94,0,0,0,63.0122,0.238,0.63099,0,0,0,0,0,0.217742,0.017437,0.201613,0.016213,0.179708,0.013741,0.152921,0.010701,0.120598,0.007007,0.087057,0.003586,0.053534,0.003775,0.025835,157.94,121.77,103.82,62.07,52.97,4.17,2.07,-51.71,-47.76,-102.84,-95.25,-130.33,-138.18,-106.54,-164.01,0.0418,0.0214,0.0106,0.0051,0.0015,0.0012,0.0039,0.0065,0.0013,0.0027,0.0017,0.0034,0.0019,0.0022,0.0024
2026-08-05 08:29:44.578,21.316667,119,19,0.247045,-0.0050,178.84,0,0,0,63.0122,0.238,0.63099,0,0,0,0,0,0.127716,0.016647,0.117221,0.014778,0.105688,0.011803,0.093362,0.008435,0.077714,0.004929,0.060753,0.003303,0.042147,0.004576,0.024578,-178.84,176.47,169.78,171.44,162.64,168.79,154.55,169.15,146.63,178.41,139.27,-138.61,129.79,-98.62,115.06,0.0418,0.0214,0.0106,0.0051,0.0015,0.0012,0.0039,0.0065,0.0013,0.0027,0.0017,0.0034,0.0019,0.0022,0.0024
2026-08-05 08:29:44.578,21.333333,119,20,0.227217,0.0044,113.65,0,0,0,63.0122,0.238,0.63099,0,0,0,0,0,0.114772,0.018484,0.105446,0.016987,0.095545,0.014377,0.085716,0.011464,0.072876,0.008511,0.058650,0.006776,0.042750,0.006651,0.027379,-113.65,-51.66,4.38,75.45,126.92,-155.52,-111.43,-23.48,10.41,114.38,132.95,-96.25,-106.57,57.88,9.82,0.0418,0.0214,0.0106,0.0051,0.0015,0.0012,0.0039,0.0065,0.0013,0.0027,0.0017,0.0034,0.0019,0.0022,0.0024
2026-08-05 08:29:44.578,21.350000,119,21,0.238269,0.0079,-82.13,0,0,0,63.0122,0.238,0.63099,0,0,0,0,0,0.118036,0.033130,0.108310,0.030980,0.097843,0.027597,0.087228,0.023485,0.073288,0.019304,0.057897,0.016151,0.040961,0.014345,0.024903,82.13,-17.65,-127.25,144.35,27.71,-52.56,-178.47,112.39,-24.60,-78.96,129.82,94.59,-78.13,-88.39,68.43,0.0418,0.0214,0.0106,0.0051,0.0015,0.0012,0.0039,0.0065,0.0013,0.0027,0.0017,0.0034,0.0019,0.0022,0.0024
2026-08-05 08:29:44.578,21.366667,119,22,0.235898,-0.0011,-111.12,0,0,0,63.0122,0.238,0.63099,0,0,0,0,0,0.120790,0.010088,0.111116,0.009011,0.100504,0.007266,0.089826,0.005337,0.075915,0.003325,0.060661,0.001720,0.043718,0.001992,0.027495,111.12,35.06,-41.28,-113.92,170.77,99.09,21.88,-45.97,-126.85,172.36,85.16,59.90,-64.82,-22.83,140.92,0.0418,0.0214,0.0106,0.0051,0.0015,0.0012,0.0039,0.0065,0.0013,0.0027,0.0017,0.0034,0.0019,0.0022,0.0024
2026-08-05 08:29:44.578,21.383333,119,23,0.430442,0.0059,151.33,0,0,0,63.0122,0.238,0.63099,0,0,0,0,0,0.218879,0.056197,0.202983,0.052463,0.181379,0.046748,0.155001,0.040397,0.122997,0.034778,0.089652,0.031048,0.056420,0.029379,0.029150,-151.33,-121.96,-103.03,-64.00,-51.62,-4.09,-0.30,58.36,52.16,123.86,107.13,-167.92,166.79,-99.17,-117.35,0.0418,0.0214,0.0106,0.0051,0.0015,0.0012,0.0039,0.0065,0.0013,0.0027,0.0017,0.0034,0.0019,0.0022,0.0024
2026-08-05 08:29:44.578,21.400000,119,24,0.396785,0.0089,-31.85,0,0,0,63.0122,0.238,0.63099,0,0,0,0,0,0.212218,0.015818,0.195813,0.017861,0.173474,0.019751,0.146144,0.020045,0.113473,0.018604,0.079863,0.015421,0.046839,0.011824,0.021242,31.85,79.86,84.47,156.41,140.64,-134.38,-163.22,-67.08,-105.90,-0.72,-46.02,69.54,19.19,146.54,108.16,0.0418,0.0214,0.0106,0.0051,0.0015,0.0012,0.0039,0.0065,0.0013,0.0027,0.0017,0.0034,0.0019,0.0022,0.0024
2026-08-05 08:29:44.578,21.416667,119,25,0.287851,0.0073,-39.06,0,0,0,63.0122,0.238,0.63099,0,0,0,0,0,0.149142,0.026188,0.137501,0.023841,0.123545,0.020004,0.107894,0.015672,0.088311,0.010798,0.067054,0.006974,0.044232,0.005531,0.022272,39.06,-107.48,105.20,-36.11,175.12,36.75,-115.69,111.46,-46.10,-169.85,24.66,-77.92,94.99,34.86,164.60,0.0418,0.0214,0.0106,0.0051,0.0015,0.0012,0.0039,0.0065,0.0013,0.0027,0.0017,0.0034,0.0019,0.0022,0.0024
2026-08-05 08:29:44.578,21.433333,119,26,0.271119,-0.0055,-168.06,0,0,0,63.0122,0.238,0.63099,0,0,0,0,0,0.136718,0.033221,0.126017,0.030443,0.113809,0.026129,0.100729,0.020868,0.083897,0.015201,0.065550,0.010381,0.045171,0.008056,0.025557,168.06,152.13,131.69,123.18,99.15,95.81,65.83,69.76,32.59,47.57,0.08,35.71,-33.96,40.15,-72.14,0.0418,0.0214,0.0106,0.0051,0.0015,0.0012,0.0039,0.0065,0.0013,0.0027,0.0017,0.0034,0.0019,0.0022,0.0024
2026-08-05 08:29:44.578,21.450000,119,27,0.436358,-0.0025,159.12,0,0,0,63.0122,0.238,0.63099,0,0,0,0,0,0.227828,0.002010,0.211963,0.004588,0.190480,0.007098,0.163876,0.009699,0.131475,0.011717,0.097489,0.013014,0.062753,0.013062,0.032848,-159.12,117.65,-127.63,175.44,-92.87,-138.66,-58.19,-95.20,-22.51,-53.58,15.11,-11.74,56.69,30.03,111.68,0.0418,0.0214,0.0106,0.0051,0.0015,0.0012,0.0039,0.0065,0.0013,0.0027,0.0017,0.0034,0.0019,0.0022,0.0024
2026-08-05 08:29:44.578,21.466667,119,28,0.288983,0.0005,-157.15,0,0,0,63.0122,0.238,0.63099,0,0,0,0,0,0.148002,0.006170,0.136825,0.006922,0.124151,0.007649,0.110225,0.008319,0.092229,0.008544,0.072899,0.008571,0.051358,0.007995,0.029960,157.15,144.18,98.62,100.10,44.19,52.93,-11.12,2.80,-66.01,-50.20,-120.11,-103.90,-174.57,-157.00,130.00,0.0418,0.0214,0.0106,0.0051,0.0015,0.0012,0.0039,0.0065,0.0013,0.0027,0.0017,0.0034,0.0019,0.0022,0.0024
2026-08-05 08:29:44.578,21.483333,119,29,0.224757,-0.0025,-177.11,0,0,0,63.0122,0.238,0.63099,0,0,0,0,0,0.112255,0.003089,0.103304,0.004038,0.094298,0.005065,0.085604,0.005988,0.074086,0.006495,0.061255,0.007048,0.046549,0.007052,0.031709,177.11,-161.16,155.94,-166.61,139.60,-176.52,122.14,167.09,104.86,148.95,88.20,130.12,69.66,111.15,47.70,0.0418,0.0214,0.0106,0.0051,0.0015,0.0012,0.0039,0.0065,0.0013,0.0027,0.0017,0.0034,0.0019,0.0022,0.0024
2026-08-05 08:29:45.034,21.500000,120,0,0.377116,0.0033,-137.03,0,0,0,63.0122,0.282,1.13990,0,0,0,0,0,0.191448,0.010952,0.178111,0.014120,0.161555,0.017425,0.141746,0.020155,0.117328,0.022015,0.091595,0.022827,0.064557,0.022378,0.039883,137.03,114.52,40.37,32.95,-52.71,-54.61,-146.02,-146.80,121.73,119.12,31.36,23.78,-56.20,-71.44,-136.56,0.0350,0.0260,0.0126,0.0098,0.0041,0.0076,0.0040,0.0062,0.0070,0.0071,0.0053,0.0067,0.0048,0.0034,0.0180
2026-08-05 08:29:45.034,21.516667,120,1,0.339658,0.0034,-90.83,0,0,0,63.0122,0.282,1.13990,0,0,0,0,0,0.175253,0.016998,0.162571,0.014477,0.146974,0.010842,0.128974,0.007083,0.106338,0.006349,0.082257,0.009287,0.056426,0.012734,0.031436,90.83,177.15,-99.76,-2.12,73.40,-177.28,-113.98,21.87,59.03,-114.67,-126.89,93.17,47.45,-78.06,-137.17,0.0350,0.0260,0.0126,0.0098,0.0041,0.0076,0.0040,0.0062,0.0070,0.0071,0.0053,0.0067,0.0048,0.0034,0.0180
2026-08-05 08:29:45.034,21.533333,120,2,0.255162,0.0015,-163.50,0,0,0,63.0122,0.282,1.13990,0,0,0,0,0,0.125676,0.020798,0.115921,0.021656,0.105879,0.022453,0.095179,0.022863,0.081322,0.022458,0.066309,0.021414,0.049223,0.019089,0.031772,163.50,154.39,117.18,126.16,75.21,96.22,32.43,64.07,-10.31,30.62,-52.17,-3.89,-94.92,-38.04,-139.30,0.0350,0.0260,0.0126,0.0098,0.0041,0.0076,0.0040,0.0062,0.0070,0.0071,0.0053,0.0067,0.0048,0.0034,0.0180
2026-08-05 08:29:45.034,21.550000,120,3,0.259950,-0.0022,-130.85,0,0,0,63.0122,0.282,1.13990,0,0,0,0,0,0.129001,0.011873,0.119072,0.014754,0.108513,0.017777,0.097489,0.020214,0.083085,0.021624,0.067161,0.021640,0.049337,0.020420,0.031124,130.85,102.27,18.97,11.10,-88.58,-86.38,163.09,171.79,54.97,67.23,-52.04,-38.19,-159.94,-144.16,90.66,0.0350,0.0260,0.0126,0.0098,0.0041,0.0076,0.0040,0.0062,0.0070,0.0071,0.0053,0.0067,0.0048,0.0034,0.0180
2026-08-05 08:29:45.034,21.566667,120,4,0.257420,-0.0131,-145.78,0,0,0,63.0122,0.282,1.13990,0,0,0,0,0,0.129844,0.024595,0.119001,0.026829,0.106823,0.028917,0.093527,0.030169,0.076802,0.029553,0.059141,0.027303,0.039703,0.023159,0.021095,145.78,124.02,64.19,62.72,-13.18,-1.56,-91.67,-69.34,-170.09,-139.10,111.93,150.28,31.96,79.59,-54.03,0.0350,0.0260,0.0126,0.0098,0.0041,0.0076,0.0040,0.0062,0.0070,0.0071,0.0053,0.0067,0.0048,0.0034,0.0180
2026-08-05 08:29:45.034,21.583333,120,5,0.404654,-0.0004,85.57,0,0,0,63.0122,0.282,1.13990,0,0,0,0,0,0.210236,0.006762,0.195055,0.009912,0.175136,0.012486,0.150644,0.014256,0.120704,0.014563,0.089390,0.013752,0.057623,0.011410,0.031212,-85.57,43.71,92.62,-123.31,-85.62,63.56,96.14,-112.82,-80.93,68.95,104.37,-109.44,-65.32,75.79,140.17,0.0350,0.0260,0.0126,0.0098,0.0041,0.0076,0.0040,0.0062,0.0070,0.0071,0.0053,0.0067,0.0048,0.0034,0.0180
2026-08-05 08:29:45.034,21.600000,120,6,0.291843,0.0196,-86.77,0,0,0,63.0122,0.282,1.13990,0,0,0,0,0,0.143381,0.055400,0.130812,0.054143,0.115905,0.051872,0.098750,0.048259,0.077699,0.043214,0.055969,0.037164,0.033190,0.030133,0.012352,86.77,-2.07,-110.90,174.82,55.24,-8.15,-139.87,168.40,25.09,-14.97,-169.81,161.97,-6.94,-19.46,144.96,0.0350,0.0260,0.0126,0.0098,0.0041,0.0076,0.0040,0.0062,0.0070,0.0071,0.0053,0.0067,0.0048,0.0034,0.0180
2026-08-05 08:29:45.034,21.616667,120,7,0.378643,-0.0051,-146.04,0,0,0,63.0122,0.282,1.13990,0,0,0,0,0,0.202139,0.007870,0.186641,0.009376,0.166280,0.010591,0.141400,0.010348,0.111262,0.008519,0.080217,0.005472,0.048881,0.001511,0.022198,146.04,-111.57,67.04,154.22,-8.36,67.42,-84.04,-16.34,-158.73,-97.41,128.59,179.98,59.85,91.60,8.04,0.0350,0.0260,0.0126,0.0098,0.0041,0.0076,0.0040,0.0062,0.0070,0.0071,0.0053,0.0067,0.0048,0.0034,0.0180
2026-08-05 08:29:45.034,21.633333,120,8,0.350990,-0.0088,109.17,0,0,0,63.0122,0.282,1.13990,0,0,0,0,0,0.182140,0.038048,0.167800,0.038084,0.149322,0.037616,0.127169,0.036167,0.100173,0.033190,0.072540,0.029138,0.043944,0.024146,0.017815,-109.17,-29.45,22.14,119.66,156.83,-91.78,-69.15,55.64,65.42,-157.30,-159.11,-9.63,-22.47,140.66,120.76,0.0350,0.0260,0.0126,0.0098,0.0041,0.0076,0.0040,0.0062,0.0070,0.0071,0.0053,0.0067,0.0048,0.0034,0.0180
2026-08-05 08:29:45.034,21.650000,120,9,0.259099,0.0098,-92.55,0,0,0,63.0122,0.282,1.13990,0,0,0,0,0,0.134409,0.021156,0.122979,0.022090,0.109995,0.022871,0.095632,0.022883,0.077592,0.021621,0.058576,0.019259,0.038111,0.015744,0.018509,92.55,15.38,-95.37,-152.86,80.91,36.87,-103.95,-136.09,71.36,49.71,-112.94,-125.20,61.21,61.16,-129.70,0.0350,0.0260,0.0126,0.0098,0.0041,0.0076,0.0040,0.0062,0.0070,0.0071,0.0053,0.0067,0.0048,0.0034,0.0180
2026-08-05 08:29:45.034,21.666667,120,10,0.268165,-0.0008,158.67,0,0,0,63.0122,0.282,1.13990,0,0,0,0,0,0.137810,0.023061,0.127017,0.020803,0.114770,0.017697,0.101301,0.013730,0.083950,0.009443,0.065283,0.005081,0.044687,0.001683,0.024711,-158.67,28.37,-130.42,58.17,-97.65,86.85,-65.66,114.54,-33.36,141.77,-0.17,162.52,32.26,148.57,62.47,0.0350,0.0260,0.0126,0.0098,0.0041,0.0076,0.0040,0.0062,0.0070,0.0071,0.0053,0.0067,0.0048,0.0034,0.0180
2026-08-05 08:29:45.034,21.683333,120,11,0.362519,-0.0006,-115.24,0,0,0,63.0122,0.282,1.13990,0,0,0,0,0,0.193060,0.025618,0.177733,0.026735,0.157373,0.027312,0.132771,0.026541,0.103253,0.023971,0.072718,0.019835,0.041841,0.014572,0.015073,115.24,62.73,-24.43,-58.26,-160.79,178.68,62.38,52.96,-73.77,-73.51,151.55,159.72,19.53,38.13,-95.17,0.0350,0.0260,0.0126,0.0098,0.0041,0.0076,0.0040,0.0062,0.0070,0.0071,0.0053,0.0067,0.0048,0.0034,0.0180
2026-08-05 08:29:45.034,21.700000,120,12,0.246029,0.0025,-114.04,0,0,0,63.0122,0.282,1.13990,0,0,0,0,0,0.124985,0.022292,0.114196,0.024702,0.102309,0.026806,0.089491,0.028115,0.073274,0.027694,0.056382,0.025560,0.038269,0.021831,0.021644,114.04,61.87,-31.26,-61.07,-172.28,171.96,45.38,41.84,-97.24,-90.53,120.17,136.08,-25.22,2.83,-178.56,0.0350,0.0260,0.0126,0.0098,0.0041,0.0076,0.0040,0.0062,0.0070,0.0071,0.0053,0.0067,0.0048,0.0034,0.0180
2026-08-05 08:29:45.034,21.716667,120,13,0.277623,-0.0022,-72.47,0,0,0,63.0122,0.282,1.13990,0,0,0,0,0,0.145147,0.005689,0.133497,0.009283,0.120213,0.012566,0.105061,0.014428,0.085735,0.014348,0.065396,0.012746,0.043528,0.009940,0.022564,72.47,75.82,-155.54,-164.09,-19.32,-32.91,116.04,100.32,-108.34,-124.71,27.95,9.60,163.63,143.75,-62.71,0.0350,0.0260,0.0126,0.0098,0.0041,0.0076,0.0040,0.0062,0.0070,0.0071,0.0053,0.0067,0.0048,0.0034,0.0180
2026-08-05 08:29:45.034,21.733333,120,14,0.405028,0.0324,-48.95,0,0,0,63.0122,0.282,1.13990,0,0,0,0,0,0.216387,0.006396,0.199973,0.011163,0.177956,0.014706,0.150520,0.016254,0.117521,0.015581,0.083577,0.013051,0.050041,0.009446,0.023479,48.95,-17.03,136.62,82.17,-132.26,177.37,-41.28,-88.02,50.84,7.40,145.18,103.78,-115.42,-152.91,4.72,0.0350,0.0260,0.0126,0.0098,0.0041,0.0076,0.0040,0.0062,0.0070,0.0071,0.0053,0.0067,0.0048,0.0034,0.0180
2026-08-05 08:29:45.034,21.750000,120,15,0.356419,0.0158,-65.52,0,0,0,63.0122,0.282,1.13990,0,0,0,0,0,0.177583,0.057670,0.163058,0.057012,0.144783,0.055519,0.123505,0.053060,0.097868,0.049038,0.071205,0.043317,0.043681,0.036220,0.018440,65.52,-42.08,-173.22,94.37,-48.80,-130.11,74.86,4.52,-160.82,138.74,-35.09,-86.81,92.42,49.20,-131.54,0.0350,0.0260,0.0126,0.0098,0.0041,0.0076,0.0040,0.0062,0.0070,0.0071,0.0053,0.0067,0.0048,0.0034,0.0180
2026-08-05 08:29:45.034,21.766667,120,16,0.278979,0.0541,-51.07,0,0,0,63.0122,0.282,1.13990,0,0,0,0,0,0.139065,0.043253,0.126904,0.043244,0.112831,0.042572,0.097589,0.041444,0.078709,0.038489,0.058839,0.033922,0.037674,0.027911,0.017913,51.07,-71.01,141.44,35.64,-124.56,141.13,-31.78,-114.99,61.23,-11.52,154.73,91.45,-113.72,-165.20,-27.80,0.0350,0.0260,0.0126,0.0098,0.0041,0.0076,0.0040,0.0062,0.0070,0.0071,0.0053,0.0067,0.0048,0.0034,0.0180
2026-08-05 08:29:45.034,21.783333,120,17,0.406165,-0.0076,-120.54,0,0,0,63.0122,0.282,1.13990,0,0,0,0,0,0.214679,0.032038,0.199098,0.027918,0.177552,0.022956,0.150221,0.017873,0.116949,0.013484,0.082924,0.011748,0.049299,0.013080,0.022143,120.54,-124.47,-9.61,112.26,-135.89,-10.61,97.75,-128.24,-27.57,124.42,-150.97,28.19,90.65,-71.71,-6.19,0.0350,0.0260,0.0126,0.0098,0.0041,0.0076,0.0040,0.0062,0.0070,0.0071,0.0053,0.0067,0.0048,0.0034,0.0180
2026-08-05 08:29:45.034,21.800000,120,18,0.409670,0.0890,-9.95,0,0,0,63.0122,0.282,1.13990,0,0,0,0,0,0.213808,0.046921,0.196234,0.045971,0.173214,0.044424,0.145479,0.042249,0.112242,0.038477,0.077970,0.033289,0.044797,0.027714,0.021349,9.95,-151.66,20.51,-125.16,34.11,-99.50,47.54,-73.93,62.49,-47.54,80.11,-19.79,103.98,10.83,155.66,0.0350,0.0260,0.0126,0.0098,0.0041,0.0076,0.0040,0.0062,0.0070,0.0071,0.0053,0.0067,0.0048,0.0034,0.0180
2026-08-05 08:29:45.034,21.816667,120,19,0.284621,0.0087,-80.49,0,0,0,63.0122,0.282,1.13990,0,0,0,0,0,0.149205,0.010035,0.137280,0.011809,0.123429,0.013279,0.107535,0.014096,0.087559,0.013505,0.066317,0.011572,0.043659,0.008715,0.022248,80.49,1.06,-130.91,171.51,21.62,-23.36,173.33,138.47,-34.58,-61.03,118.11,97.68,-90.06,-102.48,60.57,0.0350,0.0260,0.0126,0.0098,0.0041,0.0076,0.0040,0.0062,0.0070,0.0071,0.0053,0.0067,0.0048,0.0034,0.0180
2026-08-05 08:29:45.034,21.833333,120,20,0.297182,0.0097,-90.23,0,0,0,63.0122,0.282,1.13990,0,0,0,0,0,0.154227,0.028647,0.141192,0.029542,0.125913,0.030262,0.108418,0.030289,0.086769,0.028705,0.063889,0.025186,0.039864,0.020375,0.017739,90.23,11.61,-100.90,-160.45,71.58,25.36,-116.76,-150.85,55.47,32.32,-131.68,-144.40,40.65,39.55,-146.60,0.0350,0.0260,0.0126,0.0098,0.0041,0.0076,0.0040,0.0062,0.0070,0.0071,0.0053,0.0067,0.0048,0.0034,0.0180
2026-08-05 08:29:45.034,21.850000,120,21,0.294083,0.0016,120.52,0,0,0,63.0122,0.282,1.13990,0,0,0,0,0,0.153382,0.012819,0.142150,0.011608,0.128047,0.011091,0.111373,0.009518,0.091283,0.007598,0.069471,0.005570,0.045835,0.003297,0.023945,-120.52,100.02,-14.32,-162.81,96.26,-64.43,-154.22,34.96,-44.37,130.60,66.36,-136.65,175.96,-62.32,-76.42,0.0350,0.0260,0.0126,0.0098,0.0041,0.0076,0.0040,0.0062,0.0070,0.0071,0.0053,0.0067,0.0048,0.0034,0.0180
2026-08-05 08:29:45.034,21.866667,120,22,0.460178,0.0294,-65.90,0,0,0,63.0122,0.282,1.13990,0,0,0,0,0,0.244433,0.008712,0.226658,0.013946,0.201478,0.017622,0.169772,0.018966,0.132555,0.018232,0.094428,0.015149,0.057784,0.010500,0.032776,65.90,-1.71,-171.74,137.64,-46.07,-89.67,79.63,38.56,-153.03,167.34,-22.58,-61.27,114.95,75.86,-86.42,0.0350,0.0260,0.0126,0.0098,0.0041,0.0076,0.0040,0.0062,0.0070,0.0071,0.0053,0.0067,0.0048,0.0034,0.0180
2026-08-05 08:29:45.034,21.883333,120,23,0.288534,0.0177,57.68,0,0,0,63.0122,0.282,1.13990,0,0,0,0,0,0.150495,0.021735,0.137791,0.022951,0.123254,0.024295,0.106896,0.024625,0.086322,0.023603,0.064571,0.020668,0.041602,0.016368,0.020256,-57.68,78.34,175.17,-28.31,51.70,-138.24,-72.58,108.79,163.53,-4.68,40.24,-118.41,-83.69,128.55,151.21,0.0350,0.0260,0.0126,0.0098,0.0041,0.0076,0.0040,0.0062,0.0070,0.0071,0.0053,0.0067,0.0048,0.0034,0.0180
2026-08-05 08:29:45.034,21.900000,120,24,0.320802,-0.0140,-127.73,0,0,0,63.0122,0.282,1.13990,0,0,0,0,0,0.168218,0.027851,0.154023,0.029192,0.136973,0.030563,0.116884,0.030907,0.092347,0.029339,0.066679,0.025871,0.039894,0.020780,0.015659,127.73,88.59,12.20,-7.59,-99.93,-106.53,147.43,152.43,35.32,50.51,-75.58,-51.56,174.46,-151.62,70.31,0.0350,0.0260,0.0126,0.0098,0.0041,0.0076,0.0040,0.0062,0.0070,0.0071,0.0053,0.0067,0.0048,0.0034,0.0180
2026-08-05 08:29:45.034,21.916667,120,25,0.281092,0.0057,-109.06,0,0,0,63.0122,0.282,1.13990,0,0,0,0,0,0.144494,0.024381,0.132399,0.025645,0.118781,0.026910,0.103648,0.027519,0.084419,0.026540,0.064264,0.024018,0.042282,0.019837,0.021928,109.06,50.14,-45.07,-84.80,164.65,138.34,13.50,-1.16,-137.37,-142.07,72.54,77.02,-78.63,-63.71,127.87,0.0350,0.0260,0.0126,0.0098,0.0041,0.0076,0.0040,0.0062,0.0070,0.0071,0.0053,0.0067,0.0048,0.0034,0.0180
2026-08-05 08:29:45.034,21.933333,120,26,0.288645,0.0009,-148.57,0,0,0,63.0122,0.282,1.13990,0,0,0,0,0,0.149978,0.022362,0.137440,0.024457,0.122968,0.026596,0.106318,0.027434,0.085806,0.026617,0.064156,0.023720,0.040936,0.018762,0.019609,148.57,131.95,73.61,77.29,2.39,19.13,-69.53,-42.31,-141.22,-105.96,147.83,-169.67,75.91,126.40,1.97,0.0350,0.0260,0.0126,0.0098,0.0041,0.0076,0.0040,0.0062,0.0070,0.0071,0.0053,0.0067,0.0048,0.0034,0.0180
2026-08-05 08:29:45.034,21.950000,120,27,0.281741,-0.0012,88.89,0,0,0,63.0122,0.282,1.13990,0,0,0,0,0,0.145099,0.017696,0.133399,0.020629,0.119895,0.023492,0.104754,0.025144,0.085773,0.025118,0.065577,0.023025,0.043767,0.018753,0.023661,-88.89,21.60,80.83,-146.04,-105.48,40.94,67.22,-136.18,-119.88,44.81,53.68,-134.37,-134.56,45.52,33.83,0.0350,0.0260,0.0126,0.0098,0.0041,0.0076,0.0040,0.0062,0.0070,0.0071,0.0053,0.0067,0.0048,0.0034,0.0180
2026-08-05 08:29:45.034,21.966667,120,28,0.285613,0.0110,-17.19,0,0,0,63.0122,0.282,1.13990,0,0,0,0,0,0.147310,0.025349,0.134974,0.026429,0.121069,0.027517,0.105285,0.027519,0.085608,0.026189,0.064733,0.022936,0.042108,0.018057,0.021502,17.19,-134.91,39.28,-94.35,65.15,-55.93,90.21,-19.88,115.39,14.28,141.41,48.49,165.68,82.64,-173.17,0.0350,0.0260,0.0126,0.0098,0.0041,0.0076,0.0040,0.0062,0.0070,0.0071,0.0053,0.0067,0.0048,0.0034,0.0180
2026-08-05 08:29:45.034,21.983333,120,29,0.251346,0.0005,-142.33,0,0,0,63.0122,0.282,1.13990,0,0,0,0,0,0.125249,0.031585,0.114121,0.030971,0.103194,0.030429,0.091447,0.028918,0.076607,0.026652,0.060492,0.023246,0.042930,0.018664,0.027280,142.33,109.59,53.50,35.67,-31.31,-37.96,-117.16,-112.53,156.77,171.86,71.05,95.93,-18.20,18.72,-112.90,0.0350,0.0260,0.0126,0.0098,0.0041,0.0076,0.0040,0.0062,0.0070,0.0071,0.0053,0.0067,0.0048,0.0034,0.0180
2026-08-05 08:29:45.547,22.000000,121,0,0.394380,0.0157,91.04,0,0,0,63.0122,0.308,0.94781,0,0,0,0,0,0.209268,0.018614,0.195174,0.016292,0.172947,0.013385,0.147296,0.009171,0.115333,0.006133,0.082761,0.005347,0.049105,0.008008,0.021219,-91.04,172.92,76.68,-19.57,-112.22,156.59,58.47,-25.74,-129.64,170.23,43.95,25.82,-138.11,-139.04,55.96,0.0323,0.0051,0.0105,0.0084,0.0139,0.0078,0.0063,0.0111,0.0066,0.0031,0.0047,0.0080,0.0074,0.0094,0.0057
2026-08-05 08:29:45.547,22.016667,121,1,0.441792,-0.0084,159.10,0,0,0,63.0122,0.308,0.94781,0,0,0,0,0,0.235758,0.019266,0.217538,0.020793,0.192347,0.022102,0.160869,0.022290,0.123503,0.020679,0.085704,0.018154,0.049552,0.015123,0.026922,-159.10,-120.71,-126.67,-67.18,-91.04,-17.04,-55.32,30.68,-18.06,79.06,22.53,129.61,71.79,-172.46,149.32,0.0323,0.0051,0.0105,0.0084,0.0139,0.0078,0.0063,0.0111,0.0066,0.0031,0.0047,0.0080,0.0074,0.0094,0.0057
2026-08-05 08:29:45.547,22.033333,121,2,0.255972,-0.0093,152.31,0,0,0,63.0122,0.308,0.94781,0,0,0,0,0,0.131735,0.027019,0.119710,0.026895,0.107561,0.026715,0.093705,0.025728,0.076544,0.023900,0.058073,0.020898,0.038253,0.016671,0.019967,-152.31,-117.13,-110.13,-57.94,-63.62,1.52,-18.37,59.27,27.05,116.77,72.72,173.57,116.47,-127.93,153.60,0.0323,0.0051,0.0105,0.0084,0.0139,0.0078,0.0063,0.0111,0.0066,0.0031,0.0047,0.0080,0.0074,0.0094,0.0057
2026-08-05 08:29:45.547,22.050000,121,3,0.255093,-0.0021,-69.52,0,0,0,63.0122,0.308,0.94781,0,0,0,0,0,0.130185,0.022460,0.118672,0.024753,0.106399,0.027279,0.093011,0.028919,0.075981,0.028612,0.058086,0.026776,0.038413,0.022508,0.020915,69.52,-26.18,-164.75,121.23,-34.66,-94.79,94.11,45.17,-136.94,-175.84,-7.88,-38.17,119.02,99.49,-121.04,0.0323,0.0051,0.0105,0.0084,0.0139,0.0078,0.0063,0.0111,0.0066,0.0031,0.0047,0.0080,0.0074,0.0094,0.0057
2026-08-05 08:29:45.547,22.066667,121,4,0.233386,0.0067,11.54,0,0,0,63.0122,0.308,0.94781,0,0,0,0,0,0.117889,0.020507,0.107249,0.021851,0.096996,0.023393,0.085856,0.024104,0.071636,0.023447,0.056885,0.021846,0.039797,0.017838,0.025211,-11.54,168.95,-48.99,151.15,-81.90,132.46,-116.01,110.60,-150.44,86.30,175.47,61.10,138.51,36.38,94.77,0.0323,0.0051,0.0105,0.0084,0.0139,0.0078,0.0063,0.0111,0.0066,0.0031,0.0047,0.0080,0.0074,0.0094,0.0057
2026-08-05 08:29:45.547,22.083333,121,5,0.212512,0.0054,142.21,0,0,0,63.0122,0.308,0.94781,0,0,0,0,0,0.106704,0.006657,0.098062,0.008959,0.088749,0.010755,0.080471,0.012053,0.069155,0.012747,0.056262,0.011852,0.042370,0.010121,0.029291,-142.21,-81.47,-81.80,5.71,-16.66,79.93,47.51,152.73,111.41,-138.94,176.02,-71.56,-121.70,-5.63,-64.52,0.0323,0.0051,0.0105,0.0084,0.0139,0.0078,0.0063,0.0111,0.0066,0.0031,0.0047,0.0080,0.0074,0.0094,0.0057
2026-08-05 08:29:45.547,22.100000,121,6,0.291330,0.0056,-18.64,0,0,0,63.0122,0.308,0.94781,0,0,0,0,0,0.150094,0.026858,0.139994,0.025047,0.125065,0.020756,0.109340,0.016261,0.089580,0.010436,0.067769,0.005135,0.045178,0.001848,0.022644,18.64,29.85,44.45,56.47,73.59,83.67,102.37,112.66,131.32,141.44,160.54,178.38,-170.89,-88.97,-146.34,0.0323,0.0051,0.0105,0.0084,0.0139,0.0078,0.0063,0.0111,0.0066,0.0031,0.0047,0.0080,0.0074,0.0094,0.0057
2026-08-05 08:29:45.547,22.116667,121,7,0.425112,0.0037,-123.23,0,0,0,63.0122,0.308,0.94781,0,0,0,0,0,0.222571,0.031100,0.204836,0.033985,0.182075,0.036739,0.153640,0.037716,0.119846,0.036167,0.085265,0.032227,0.051745,0.026280,0.027590,123.23,82.48,-0.06,-21.99,-119.93,-129.27,120.08,119.76,1.68,8.43,-113.94,-102.82,137.44,149.06,50.32,0.0323,0.0051,0.0105,0.0084,0.0139,0.0078,0.0063,0.0111,0.0066,0.0031,0.0047,0.0080,0.0074,0.0094,0.0057
2026-08-05 08:29:45.547,22.133333,121,8,0.277275,-0.0173,-148.31,0,0,0,63.0122,0.308,0.94781,0,0,0,0,0,0.142739,0.014038,0.131361,0.017721,0.118056,0.021234,0.103530,0.023508,0.085338,0.023811,0.065571,0.022180,0.044512,0.018206,0.024441,148.31,142.26,72.43,89.32,0.46,29.34,-72.39,-35.07,-145.15,-100.69,142.75,-167.16,69.08,126.42,-8.99,0.0323,0.0051,0.0105,0.0084,0.0139,0.0078,0.0063,0.0111,0.0066,0.0031,0.0047,0.0080,0.0074,0.0094,0.0057
2026-08-05 08:29:45.547,22.150000,121,9,0.239759,-0.0093,-145.40,0,0,0,63.0122,0.308,0.94781,0,0,0,0,0,0.120851,0.026054,0.109992,0.027272,0.098732,0.027954,0.087217,0.028171,0.072139,0.027103,0.056005,0.024381,0.038688,0.020360,0.022919,145.40,119.32,61.82,54.31,-17.02,-12.24,-97.21,-80.72,-177.53,-150.94,102.50,138.25,19.49,66.72,-70.72,0.0323,0.0051,0.0105,0.0084,0.0139,0.0078,0.0063,0.0111,0.0066,0.0031,0.0047,0.0080,0.0074,0.0094,0.0057
2026-08-05 08:29:45.547,22.166667,121,10,0.250042,0.0064,-36.10,0,0,0,63.0122,0.308,0.94781,0,0,0,0,0,0.127187,0.029179,0.115543,0.030510,0.102992,0.030946,0.089855,0.031021,0.072862,0.029637,0.054959,0.026324,0.036255,0.021893,0.019313,36.10,-98.39,94.31,-20.86,157.16,55.03,-141.42,129.70,-80.33,-157.83,-18.94,-85.07,38.95,-11.74,86.16,0.0323,0.0051,0.0105,0.0084,0.0139,0.0078,0.0063,0.0111,0.0066,0.0031,0.0047,0.0080,0.0074,0.0094,0.0057
2026-08-05 08:29:45.547,22.183333,121,11,0.197580,0.0026,70.51,0,0,0,63.0122,0.308,0.94781,0,0,0,0,0,0.096003,0.023351,0.087075,0.023363,0.078921,0.022631,0.071888,0.021733,0.062181,0.020238,0.051278,0.017637,0.039534,0.014761,0.028699,-70.51,40.89,131.76,-100.96,-20.58,116.76,-174.42,-25.83,31.48,-169.37,-122.10,45.93,80.72,-99.17,-82.00,0.0323,0.0051,0.0105,0.0084,0.0139,0.0078,0.0063,0.0111,0.0066,0.0031,0.0047,0.0080,0.0074,0.0094,0.0057
2026-08-05 08:29:45.547,22.200000,121,12,0.241096,0.0224,-47.56,0,0,0,63.0122,0.308,0.94781,0,0,0,0,0,0.121526,0.034487,0.110044,0.034340,0.097950,0.033041,0.085622,0.031431,0.069765,0.028981,0.052897,0.025004,0.035121,0.020323,0.019129,47.56,-80.19,128.16,16.79,-146.50,113.43,-62.58,-149.85,21.11,-54.40,105.17,41.26,-174.71,138.18,-105.49,0.0323,0.0051,0.0105,0.0084,0.0139,0.0078,0.0063,0.0111,0.0066,0.0031,0.0047,0.0080,0.0074,0.0094,0.0057
2026-08-05 08:29:45.547,22.216667,121,13,0.415407,0.0084,-119.41,0,0,0,63.0122,0.308,0.94781,0,0,0,0,0,0.221373,0.009338,0.205084,0.013736,0.182261,0.017416,0.153874,0.018763,0.120139,0.017754,0.085551,0.014708,0.051446,0.009914,0.025279,119.41,99.95,-11.19,-9.21,-138.76,-129.90,93.65,106.41,-32.63,-17.91,-156.24,-140.54,85.71,101.80,-11.03,0.0323,0.0051,0.0105,0.0084,0.0139,0.0078,0.0063,0.0111,0.0066,0.0031,0.0047,0.0080,0.0074,0.0094,0.0057
2026-08-05 08:29:45.547,22.233333,121,14,0.326066,-0.0118,-82.04,0,0,0,63.0122,0.308,0.94781,0,0,0,0,0,0.158004,0.074623,0.142044,0.073032,0.123328,0.068114,0.102795,0.061998,0.077592,0.055030,0.051154,0.046120,0.024633,0.037183,0.000723,82.04,-13.33,-127.00,151.45,28.82,-43.62,-176.41,122.59,-21.75,-71.26,134.01,96.02,-70.31,-93.41,62.11,0.0323,0.0051,0.0105,0.0084,0.0139,0.0078,0.0063,0.0111,0.0066,0.0031,0.0047,0.0080,0.0074,0.0094,0.0057
2026-08-05 08:29:45.547,22.250000,121,15,0.293917,0.0141,28.88,0,0,0,63.0122,0.308,0.94781,0,0,0,0,0,0.142912,0.065600,0.129164,0.064046,0.113009,0.059595,0.095503,0.053562,0.073801,0.046964,0.051116,0.038924,0.027825,0.030542,0.007424,-28.88,123.83,-100.44,65.83,-167.23,7.82,124.82,-49.01,56.50,-105.47,-11.12,-160.92,-80.97,146.24,-171.11,0.0323,0.0051,0.0105,0.0084,0.0139,0.0078,0.0063,0.0111,0.0066,0.0031,0.0047,0.0080,0.0074,0.0094,0.0057
2026-08-05 08:29:45.547,22.266667,121,16,0.251146,0.0041,-171.32,0,0,0,63.0122,0.308,0.94781,0,0,0,0,0,0.122092,0.049474,0.110500,0.048932,0.097170,0.047202,0.083133,0.044357,0.065559,0.040535,0.047241,0.035266,0.028280,0.028639,0.013781,171.32,166.09,139.49,150.44,112.26,134.05,83.71,117.74,54.46,101.33,24.47,84.72,-11.72,68.65,-69.97,0.0323,0.0051,0.0105,0.0084,0.0139,0.0078,0.0063,0.0111,0.0066,0.0031,0.0047,0.0080,0.0074,0.0094,0.0057
2026-08-05 08:29:45.547,22.283333,121,17,0.331241,-0.0089,-70.33,0,0,0,63.0122,0.308,0.94781,0,0,0,0,0,0.172993,0.022753,0.160752,0.021183,0.144702,0.017472,0.124771,0.012024,0.099903,0.006590,0.074168,0.003990,0.047159,0.006019,0.021503,70.33,134.81,-158.53,-89.65,-24.49,44.47,108.79,-178.43,-117.10,-28.85,18.54,158.46,154.73,-17.55,-65.66,0.0323,0.0051,0.0105,0.0084,0.0139,0.0078,0.0063,0.0111,0.0066,0.0031,0.0047,0.0080,0.0074,0.0094,0.0057
2026-08-05 08:29:45.547,22.300000,121,18,0.369941,0.0205,3.68,0,0,0,63.0122,0.308,0.94781,0,0,0,0,0,0.196344,0.027761,0.180668,0.028599,0.159772,0.029070,0.134538,0.028063,0.104126,0.025624,0.072845,0.021641,0.041763,0.017121,0.017457,-3.68,-175.35,-21.39,-174.12,-35.68,-175.29,-50.18,-177.68,-63.64,179.98,-74.68,179.48,-80.57,-175.54,-61.04,0.0323,0.0051,0.0105,0.0084,0.0139,0.0078,0.0063,0.0111,0.0066,0.0031,0.0047,0.0080,0.0074,0.0094,0.0057
2026-08-05 08:29:45.547,22.316667,121,19,0.266029,0.0051,-55.32,0,0,0,63.0122,0.308,0.94781,0,0,0,0,0,0.136864,0.026063,0.125440,0.027537,0.111815,0.028786,0.096918,0.029043,0.078231,0.027969,0.058384,0.025042,0.037270,0.020498,0.017319,55.32,-59.03,153.13,57.97,-105.00,171.81,-3.96,-76.44,97.31,33.69,-160.71,143.21,-59.64,-107.31,37.69,0.0323,0.0051,0.0105,0.0084,0.0139,0.0078,0.0063,0.0111,0.0066,0.0031,0.0047,0.0080,0.0074,0.0094,0.0057
2026-08-05 08:29:45.547,22.333333,121,20,0.272857,0.0166,-34.51,0,0,0,63.0122,0.308,0.94781,0,0,0,0,0,0.141619,0.015528,0.130282,0.018015,0.116756,0.020725,0.101680,0.022116,0.082769,0.021947,0.062465,0.019837,0.041017,0.016047,0.020677,34.51,-91.08,91.26,-10.96,151.76,62.95,-148.59,133.20,-88.77,-158.37,-28.29,-90.15,30.78,-20.93,85.40,0.0323,0.0051,0.0105,0.0084,0.0139,0.0078,0.0063,0.0111,0.0066,0.0031,0.0047,0.0080,0.0074,0.0094,0.0057
2026-08-05 08:29:45.547,22.350000,121,21,0.288259,-0.0110,-111.69,0,0,0,63.0122,0.308,0.94781,0,0,0,0,0,0.149132,0.026804,0.136896,0.027091,0.122643,0.026566,0.106160,0.025503,0.086295,0.023705,0.065151,0.020338,0.042065,0.016778,0.020762,111.69,50.82,-37.01,-79.96,177.91,146.78,32.08,13.61,-113.14,-121.04,102.22,106.56,-42.41,-24.25,172.07,0.0323,0.0051,0.0105,0.0084,0.0139,0.0078,0.0063,0.0111,0.0066,0.0031,0.0047,0.0080,0.0074,0.0094,0.0057
2026-08-05 08:29:45.547,22.366667,121,22,0.300165,0.0018,-107.18,0,0,0,63.0122,0.308,0.94781,0,0,0,0,0,0.156814,0.025519,0.144112,0.026852,0.128307,0.027856,0.110142,0.027819,0.087730,0.026485,0.064175,0.023013,0.039551,0.018181,0.016365,107.18,45.03,-50.39,-93.33,155.72,125.52,1.20,-17.92,-153.06,-162.98,53.62,52.34,-100.04,-91.78,105.02,0.0323,0.0051,0.0105,0.0084,0.0139,0.0078,0.0063,0.0111,0.0066,0.0031,0.0047,0.0080,0.0074,0.0094,0.0057
2026-08-05 08:29:45.547,22.383333,121,23,0.306609,0.0211,-2.49,0,0,0,63.0122,0.308,0.94781,0,0,0,0,0,0.162339,0.005347,0.149734,0.008166,0.133856,0.010241,0.115524,0.011286,0.092688,0.011004,0.068372,0.009158,0.042886,0.006142,0.019004,2.49,-55.70,-3.28,-73.15,-5.50,-82.71,-8.40,-89.42,-10.65,-95.52,-11.56,-99.62,-11.29,-102.16,-6.04,0.0323,0.0051,0.0105,0.0084,0.0139,0.0078,0.0063,0.0111,0.0066,0.0031,0.0047,0.0080,0.0074,0.0094,0.0057
2026-08-05 08:29:45.547,22.400000,121,24,0.405325,-0.0086,-126.74,0,0,0,63.0122,0.308,0.94781,0,0,0,0,0,0.215931,0.009458,0.199930,0.011677,0.177948,0.013316,0.151307,0.013606,0.118922,0.012314,0.085360,0.009194,0.051925,0.004963,0.024566,126.74,-147.72,10.87,80.97,-101.88,-42.84,145.24,-163.27,33.40,78.31,-76.14,-37.54,178.96,-148.86,91.81,0.0323,0.0051,0.0105,0.0084,0.0139,0.0078,0.0063,0.0111,0.0066,0.0031,0.0047,0.0080,0.0074,0.0094,0.0057
2026-08-05 08:29:45.547,22.416667,121,25,0.338785,-0.0009,174.26,0,0,0,63.0122,0.308,0.94781,0,0,0,0,0,0.169135,0.060517,0.155149,0.058595,0.137427,0.055250,0.116722,0.050499,0.091482,0.044470,0.065362,0.037170,0.038652,0.029877,0.014093,-174.26,-166.06,-175.77,-152.71,-173.34,-139.53,-171.57,-126.09,-169.56,-111.94,-166.75,-96.19,-164.57,-77.31,-166.01,0.0323,0.0051,0.0105,0.0084,0.0139,0.0078,0.0063,0.0111,0.0066,0.0031,0.0047,0.0080,0.0074,0.0094,0.0057
2026-08-05 08:29:45.547,22.433333,121,26,0.311872,0.0044,-53.09,0,0,0,63.0122,0.308,0.94781,0,0,0,0,0,0.156856,0.052320,0.143478,0.052148,0.126369,0.051256,0.106740,0.048758,0.082950,0.044422,0.058418,0.037959,0.033234,0.030187,0.010326,53.09,-68.74,146.28,40.99,-116.65,149.59,-20.33,-102.64,76.23,4.41,173.47,112.09,-90.71,-138.81,-2.77,0.0323,0.0051,0.0105,0.0084,0.0139,0.0078,0.0063,0.0111,0.0066,0.0031,0.0047,0.0080,0.0074,0.0094,0.0057
2026-08-05 08:29:45.547,22.450000,121,27,0.280596,0.0007,-56.15,0,0,0,63.0122,0.308,0.94781,0,0,0,0,0,0.142895,0.034244,0.131020,0.034720,0.116973,0.034873,0.100905,0.034021,0.081456,0.031838,0.060606,0.028064,0.038785,0.022973,0.018704,56.15,-60.04,155.64,57.84,-100.98,173.77,1.46,-70.93,103.89,43.17,-153.37,156.84,-52.98,-87.92,39.95,0.0323,0.0051,0.0105,0.0084,0.0139,0.0078,0.0063,0.0111,0.0066,0.0031,0.0047,0.0080,0.0074,0.0094,0.0057
2026-08-05 08:29:45.547,22.466667,121,28,0.262955,-0.0038,25.94,0,0,0,63.0122,0.308,0.94781,0,0,0,0,0,0.132475,0.032579,0.121444,0.032576,0.108715,0.032310,0.095144,0.031121,0.077999,0.029091,0.059545,0.025732,0.039755,0.021179,0.021692,-25.94,133.93,-91.23,86.40,-152.43,37.34,145.26,-12.33,82.81,-63.06,20.61,-114.07,-44.40,-164.63,-117.47,0.0323,0.0051,0.0105,0.0084,0.0139,0.0078,0.0063,0.0111,0.0066,0.0031,0.0047,0.0080,0.0074,0.0094,0.0057
2026-08-05 08:29:45.547,22.483333,121,29,0.293798,-0.0020,172.29,0,0,0,63.0122,0.308,0.94781,0,0,0,0,0,0.147981,0.032768,0.136538,0.031470,0.122945,0.029599,0.107820,0.027403,0.089004,0.025309,0.068626,0.022963,0.046563,0.020396,0.025534,-172.29,-160.58,-169.49,-141.85,-162.82,-122.51,-157.21,-102.17,-151.62,-81.07,-145.77,-59.67,-142.07,-38.36,-144.48,0.0323,0.0051,0.0105,0.0084,0.0139,0.0078,0.0063,0.0111,0.0066,0.0031,0.0047,0.0080,0.0074,0.0094,0.0057
2026-08-05 08:29:46.013,22.500000,122,0,0.277819,-0.0033,-156.73,0,0,0,63.0122,0.317,0.85850,0,0,0,0,0,0.137794,0.038896,0.126943,0.036286,0.114814,0.032478,0.101558,0.027919,0.084889,0.023592,0.066881,0.019605,0.046936,0.017129,0.027507,156.73,132.69,97.01,85.03,41.40,38.19,-15.16,-6.19,-71.60,-47.35,-127.52,-85.45,175.32,-120.34,115.11,0.0371,0.0225,0.0053,0.0080,0.0056,0.0096,0.0038,0.0095,0.0044,0.0042,0.0059,0.0054,0.0012,0.0068,0.0062
2026-08-05 08:29:46.013,22.516667,122,1,0.271890,-0.0023,-122.08,0,0,0,63.0122,0.317,0.85850,0,0,0,0,0,0.133310,0.046611,0.122493,0.043322,0.110361,0.038237,0.097395,0.032061,0.080805,0.025881,0.063020,0.020500,0.043670,0.017239,0.025206,122.08,61.76,-7.57,-56.78,-132.99,-174.20,100.54,70.75,-26.00,-40.63,-152.22,-146.77,79.33,112.14,-54.82,0.0371,0.0225,0.0053,0.0080,0.0056,0.0096,0.0038,0.0095,0.0044,0.0042,0.0059,0.0054,0.0012,0.0068,0.0062
2026-08-05 08:29:46.013,22.533333,122,2,0.243014,0.0096,47.18,0,0,0,63.0122,0.317,0.85850,0,0,0,0,0,0.121217,0.031503,0.111205,0.028703,0.100758,0.024724,0.089822,0.019440,0.075649,0.014509,0.060581,0.010584,0.043501,0.009363,0.027020,-47.18,82.25,-155.60,-16.24,100.41,-113.15,-4.70,152.67,-109.84,63.93,145.51,-13.78,38.61,-82.30,-73.17,0.0371,0.0225,0.0053,0.0080,0.0056,0.0096,0.0038,0.0095,0.0044,0.0042,0.0059,0.0054,0.0012,0.0068,0.0062
2026-08-05 08:29:46.013,22.550000,122,3,0.256248,-0.0015,123.36,0,0,0,63.0122,0.317,0.85850,0,0,0,0,0,0.129301,0.025483,0.119181,0.023048,0.107989,0.019310,0.096249,0.014693,0.081392,0.009912,0.065143,0.005863,0.047014,0.005170,0.029091,-123.36,-70.31,-23.22,38.34,81.12,147.57,-175.55,-100.54,-72.09,17.69,32.14,151.77,135.03,-48.35,-124.69,0.0371,0.0225,0.0053,0.0080,0.0056,0.0096,0.0038,0.0095,0.0044,0.0042,0.0059,0.0054,0.0012,0.0068,0.0062
2026-08-05 08:29:46.013,22.566667,122,4,0.265256,0.0158,-167.07,0,0,0,63.0122,0.317,0.85850,0,0,0,0,0,0.132167,0.023568,0.122147,0.021369,0.111424,0.018225,0.100115,0.014456,0.085552,0.011154,0.069633,0.009161,0.051840,0.009285,0.034007,167.07,152.60,128.27,125.06,93.60,98.80,57.94,76.54,22.55,61.35,-12.18,56.71,-47.82,52.87,-85.51,0.0371,0.0225,0.0053,0.0080,0.0056,0.0096,0.0038,0.0095,0.0044,0.0042,0.0059,0.0054,0.0012,0.0068,0.0062
2026-08-05 08:29:46.013,22.583333,122,5,0.281574,0.0103,152.20,0,0,0,63.0122,0.317,0.85850,0,0,0,0,0,0.146149,0.012542,0.134710,0.011191,0.121476,0.009444,0.106607,0.007493,0.087824,0.006066,0.067707,0.005387,0.045622,0.005838,0.023957,-152.20,-139.18,-108.39,-102.17,-60.77,-67.89,-13.96,-37.81,33.23,-13.56,81.11,1.98,128.57,22.08,174.66,0.0371,0.0225,0.0053,0.0080,0.0056,0.0096,0.0038,0.0095,0.0044,0.0042,0.0059,0.0054,0.0012,0.0068,0.0062
2026-08-05 08:29:46.013,22.600000,122,6,0.342421,0.0048,148.51,0,0,0,63.0122,0.317,0.85850,0,0,0,0,0,0.177229,0.014609,0.164169,0.012422,0.148249,0.008979,0.129379,0.005297,0.105949,0.003469,0.081081,0.005544,0.054415,0.008307,0.029398,-148.51,-120.23,-96.44,-61.47,-40.77,0.52,14.47,73.65,70.55,-175.83,128.09,-70.20,-172.33,0.20,-105.84,0.0371,0.0225,0.0053,0.0080,0.0056,0.0096,0.0038,0.0095,0.0044,0.0042,0.0059,0.0054,0.0012,0.0068,0.0062
2026-08-05 08:29:46.013,22.616667,122,7,0.337944,-0.0115,126.28,0,0,0,63.0122,0.317,0.85850,0,0,0,0,0,0.174325,0.005071,0.161500,0.008709,0.145703,0.011885,0.127150,0.013882,0.103960,0.014596,0.079190,0.013942,0.052539,0.012081,0.026980,-126.28,155.28,-29.41,-93.04,71.03,10.96,170.97,112.47,-88.33,-146.93,13.74,-46.16,117.46,56.22,-133.04,0.0371,0.0225,0.0053,0.0080,0.0056,0.0096,0.0038,0.0095,0.0044,0.0042,0.0059,0.0054,0.0012,0.0068,0.0062
2026-08-05 08:29:46.013,22.633333,122,8,0.277975,-0.0071,-172.73,0,0,0,63.0122,0.317,0.85850,0,0,0,0,0,0.144097,0.017457,0.132724,0.016203,0.119550,0.014392,0.104764,0.012418,0.086174,0.010866,0.066260,0.009848,0.044448,0.009717,0.023253,172.73,163.81,145.63,148.27,122.62,133.22,98.66,122.26,74.98,114.91,52.07,111.81,28.56,108.46,3.21,0.0371,0.0225,0.0053,0.0080,0.0056,0.0096,0.0038,0.0095,0.0044,0.0042,0.0059,0.0054,0.0012,0.0068,0.0062
2026-08-05 08:29:46.013,22.650000,122,9,0.263207,0.0057,-169.30,0,0,0,63.0122,0.317,0.85850,0,0,0,0,0,0.131970,0.033744,0.121308,0.031084,0.109747,0.027426,0.097112,0.023090,0.081068,0.018833,0.063820,0.015605,0.044650,0.014155,0.025792,169.30,156.14,134.06,132.18,103.17,109.50,71.38,89.53,39.76,73.69,9.05,63.87,-22.50,56.83,-55.92,0.0371,0.0225,0.0053,0.0080,0.0056,0.0096,0.0038,0.0095,0.0044,0.0042,0.0059,0.0054,0.0012,0.0068,0.0062
2026-08-05 08:29:46.013,22.666667,122,10,0.256277,0.0223,-1.04,0,0,0,63.0122,0.317,0.85850,0,0,0,0,0,0.129428,0.026622,0.118983,0.024672,0.107640,0.021731,0.095650,0.018361,0.080149,0.015084,0.063586,0.012481,0.045144,0.011294,0.027008,1.04,-179.75,-10.58,-179.86,-17.94,-179.20,-26.32,-175.44,-34.50,-168.44,-42.38,-156.17,-51.61,-140.76,-64.74,0.0371,0.0225,0.0053,0.0080,0.0056,0.0096,0.0038,0.0095,0.0044,0.0042,0.0059,0.0054,0.0012,0.0068,0.0062
2026-08-05 08:29:46.013,22.683333,122,11,0.239393,-0.0033,-172.84,0,0,0,63.0122,0.317,0.85850,0,0,0,0,0,0.122430,0.021340,0.112394,0.019229,0.101422,0.016033,0.089863,0.012094,0.075215,0.008227,0.059221,0.005311,0.041453,0.005720,0.023874,172.84,160.00,144.82,139.56,121.17,120.28,96.46,103.89,71.97,96.17,48.15,108.19,22.93,130.77,-5.89,0.0371,0.0225,0.0053,0.0080,0.0056,0.0096,0.0038,0.0095,0.0044,0.0042,0.0059,0.0054,0.0012,0.0068,0.0062
2026-08-05 08:29:46.013,22.700000,122,12,0.299969,0.0094,120.32,0,0,0,63.0122,0.317,0.85850,0,0,0,0,0,0.152167,0.042665,0.139964,0.039175,0.125573,0.034118,0.109079,0.028250,0.088479,0.022799,0.066630,0.018935,0.043018,0.017468,0.020375,-120.32,-62.55,-13.72,54.91,96.88,173.79,-153.32,-64.15,-43.16,62.45,67.81,-164.87,178.30,-29.48,-72.80,0.0371,0.0225,0.0053,0.0080,0.0056,0.0096,0.0038,0.0095,0.0044,0.0042,0.0059,0.0054,0.0012,0.0068,0.0062
2026-08-05 08:29:46.013,22.716667,122,13,0.413841,0.0086,104.28,0,0,0,63.0122,0.317,0.85850,0,0,0,0,0,0.221440,0.012803,0.204567,0.013523,0.181651,0.013938,0.153121,0.013384,0.119041,0.011404,0.084281,0.008046,0.050186,0.004043,0.024695,-104.28,-54.94,37.48,72.08,-177.50,-155.87,-32.59,-19.47,113.65,120.74,-97.65,-96.52,57.15,57.72,-124.13,0.0371,0.0225,0.0053,0.0080,0.0056,0.0096,0.0038,0.0095,0.0044,0.0042,0.0059,0.0054,0.0012,0.0068,0.0062
2026-08-05 08:29:46.013,22.733333,122,14,0.270360,-0.0055,133.22,0,0,0,63.0122,0.317,0.85850,0,0,0,0,0,0.138641,0.018759,0.127883,0.017214,0.115741,0.015017,0.102429,0.012173,0.085533,0.009214,0.067163,0.006311,0.047046,0.004663,0.027157,-133.22,-93.29,-52.17,-8.32,32.96,77.97,117.22,165.66,-158.10,-101.89,-72.47,-0.51,12.73,115.33,97.69,0.0371,0.0225,0.0053,0.0080,0.0056,0.0096,0.0038,0.0095,0.0044,0.0042,0.0059,0.0054,0.0012,0.0068,0.0062
2026-08-05 08:29:46.013,22.750000,122,15,0.265786,0.0008,110.50,0,0,0,63.0122,0.317,0.85850,0,0,0,0,0,0.136139,0.030233,0.125269,0.027277,0.112886,0.022672,0.099120,0.017257,0.081728,0.011574,0.063176,0.006409,0.042850,0.004875,0.023139,-110.50,-47.49,15.47,84.38,145.69,-143.36,-85.02,-9.28,44.49,129.79,174.71,-75.88,-55.94,113.68,71.59,0.0371,0.0225,0.0053,0.0080,0.0056,0.0096,0.0038,0.0095,0.0044,0.0042,0.0059,0.0054,0.0012,0.0068,0.0062
2026-08-05 08:29:46.013,22.766667,122,16,0.368589,0.0091,103.29,0,0,0,63.0122,0.317,0.85850,0,0,0,0,0,0.195466,0.017788,0.180516,0.016313,0.161256,0.013666,0.137879,0.010701,0.109366,0.007299,0.079834,0.003464,0.049673,0.001272,0.023799,-103.29,-38.53,39.73,101.57,-173.75,-118.20,-27.56,23.48,119.65,167.44,-91.24,-39.49,61.60,-177.24,-130.90,0.0371,0.0225,0.0053,0.0080,0.0056,0.0096,0.0038,0.0095,0.0044,0.0042,0.0059,0.0054,0.0012,0.0068,0.0062
2026-08-05 08:29:46.013,22.783333,122,17,0.343562,0.0302,-0.04,0,0,0,63.0122,0.317,0.85850,0,0,0,0,0,0.182096,0.012584,0.167902,0.013822,0.149919,0.015233,0.128556,0.015497,0.102851,0.014650,0.075744,0.012513,0.047453,0.009376,0.021596,0.04,16.38,-9.99,27.81,-16.68,33.23,-24.02,34.76,-30.61,34.78,-35.90,34.87,-39.01,36.99,-34.25,0.0371,0.0225,0.0053,0.0080,0.0056,0.0096,0.0038,0.0095,0.0044,0.0042,0.0059,0.0054,0.0012,0.0068,0.0062
2026-08-05 08:29:46.013,22.800000,122,18,0.288776,0.0062,-98.42,0,0,0,63.0122,0.317,0.85850,0,0,0,0,0,0.149780,0.016421,0.138151,0.014735,0.124624,0.012382,0.109387,0.009504,0.090045,0.007391,0.069643,0.006360,0.047263,0.007230,0.025477,98.42,12.57,-76.96,-155.41,111.62,38.61,-60.58,-122.67,127.57,84.73,-43.47,-56.98,145.35,160.44,-25.81,0.0371,0.0225,0.0053,0.0080,0.0056,0.0096,0.0038,0.0095,0.0044,0.0042,0.0059,0.0054,0.0012,0.0068,0.0062
2026-08-05 08:29:46.013,22.816667,122,19,0.254667,0.0140,55.39,0,0,0,63.0122,0.317,0.85850,0,0,0,0,0,0.127952,0.032787,0.118245,0.030579,0.106211,0.026924,0.093761,0.022876,0.077676,0.018468,0.060524,0.015572,0.041278,0.013523,0.023283,-55.39,67.81,179.91,-46.24,60.20,-157.89,-61.38,92.95,177.89,-13.64,57.36,-113.44,-64.78,149.65,169.16,0.0371,0.0225,0.0053,0.0080,0.0056,0.0096,0.0038,0.0095,0.0044,0.0042,0.0059,0.0054,0.0012,0.0068,0.0062
2026-08-05 08:29:46.013,22.833333,122,20,0.278401,-0.0500,140.27,0,0,0,63.0122,0.317,0.85850,0,0,0,0,0,0.144018,0.018323,0.132924,0.016355,0.120021,0.013942,0.105364,0.011163,0.086855,0.008077,0.067495,0.005348,0.046198,0.004681,0.025268,-140.27,-106.55,-73.13,-33.68,-1.76,38.80,68.62,113.94,139.35,-162.10,-149.10,-64.81,-77.41,45.94,-5.85,0.0371,0.0225,0.0053,0.0080,0.0056,0.0096,0.0038,0.0095,0.0044,0.0042,0.0059,0.0054,0.0012,0.0068,0.0062
2026-08-05 08:29:46.013,22.850000,122,21,0.351018,0.0008,-155.41,0,0,0,63.0122,0.317,0.85850,0,0,0,0,0,0.179515,0.047530,0.165991,0.043186,0.149074,0.037074,0.128549,0.029882,0.103067,0.022740,0.076726,0.016400,0.049162,0.012992,0.024213,155.41,125.83,94.60,71.12,37.69,17.04,-19.59,-34.81,-76.04,-82.34,-130.89,-121.88,176.66,-150.67,134.69,0.0371,0.0225,0.0053,0.0080,0.0056,0.0096,0.0038,0.0095,0.0044,0.0042,0.0059,0.0054,0.0012,0.0068,0.0062
2026-08-05 08:29:46.013,22.866667,122,22,0.418818,0.0286,-59.08,0,0,0,63.0122,0.317,0.85850,0,0,0,0,0,0.223357,0.010655,0.206378,0.011485,0.183689,0.011423,0.156107,0.010946,0.122760,0.009869,0.088141,0.007884,0.053750,0.005876,0.026358,59.08,-85.18,167.63,13.33,-80.67,115.83,30.84,-137.90,143.68,-26.25,-101.31,95.15,18.40,-128.67,156.71,0.0371,0.0225,0.0053,0.0080,0.0056,0.0096,0.0038,0.0095,0.0044,0.0042,0.0059,0.0054,0.0012,0.0068,0.0062
2026-08-05 08:29:46.013,22.883333,122,23,0.406181,-0.0014,170.00,0,0,0,63.0122,0.317,0.85850,0,0,0,0,0,0.215662,0.020220,0.199595,0.018724,0.177810,0.016325,0.151201,0.012951,0.119317,0.009200,0.086034,0.004894,0.053101,0.000153,0.026956,-170.00,-175.54,-159.96,-172.77,-146.58,-169.11,-133.35,-165.67,-118.83,-161.36,-101.99,-154.70,-80.29,70.07,-41.26,0.0371,0.0225,0.0053,0.0080,0.0056,0.0096,0.0038,0.0095,0.0044,0.0042,0.0059,0.0054,0.0012,0.0068,0.0062
2026-08-05 08:29:46.013,22.900000,122,24,0.352681,0.0052,92.64,0,0,0,63.0122,0.317,0.85850,0,0,0,0,0,0.186504,0.021134,0.172193,0.018892,0.153778,0.015458,0.131713,0.011329,0.104975,0.007993,0.076601,0.006775,0.047322,0.008619,0.021666,-92.64,-10.26,71.28,158.33,-121.26,-30.48,45.80,146.47,-146.27,-26.82,23.54,175.61,-164.08,13.11,20.28,0.0371,0.0225,0.0053,0.0080,0.0056,0.0096,0.0038,0.0095,0.0044,0.0042,0.0059,0.0054,0.0012,0.0068,0.0062
2026-08-05 08:29:46.013,22.916667,122,25,0.282246,-0.0039,-141.79,0,0,0,63.0122,0.317,0.85850,0,0,0,0,0,0.143722,0.037893,0.132384,0.034631,0.118730,0.030406,0.103180,0.025159,0.084024,0.019920,0.063247,0.016401,0.040858,0.014940,0.019744,141.79,101.51,52.63,22.06,-32.16,-55.82,-118.02,-130.28,156.67,159.00,72.45,94.01,-12.40,34.64,-97.09,0.0371,0.0225,0.0053,0.0080,0.0056,0.0096,0.0038,0.0095,0.0044,0.0042,0.0059,0.0054,0.0012,0.0068,0.0062
2026-08-05 08:29:46.013,22.933333,122,26,0.275755,-0.0071,-103.41,0,0,0,63.0122,0.317,0.85850,0,0,0,0,0,0.137097,0.042630,0.126635,0.038868,0.114158,0.033677,0.100451,0.027164,0.083421,0.020783,0.064853,0.016296,0.044554,0.014653,0.025385,103.41,23.98,-63.03,-133.09,134.94,71.24,-28.18,-80.76,169.06,131.32,7.13,-8.70,-156.27,-140.55,38.10,0.0371,0.0225,0.0053,0.0080,0.0056,0.0096,0.0038,0.0095,0.0044,0.0042,0.0059,0.0054,0.0012,0.0068,0.0062
2026-08-05 08:29:46.013,22.950000,122,27,0.265061,0.0124,-88.93,0,0,0,63.0122,0.317,0.85850,0,0,0,0,0,0.133131,0.038123,0.122345,0.034994,0.110234,0.030627,0.096988,0.025014,0.080446,0.019481,0.062346,0.015308,0.042610,0.013267,0.024076,88.93,-4.37,-106.38,170.33,62.50,-13.74,-129.75,164.85,38.29,-12.90,-153.02,175.75,13.58,12.40,176.54,0.0371,0.0225,0.0053,0.0080,0.0056,0.0096,0.0038,0.0095,0.0044,0.0042,0.0059,0.0054,0.0012,0.0068,0.0062
2026-08-05 08:29:46.013,22.966667,122,28,0.386084,-0.0080,-175.66,0,0,0,63.0122,0.317,0.85850,0,0,0,0,0,0.203868,0.022801,0.188347,0.020923,0.168469,0.017778,0.143979,0.014298,0.114518,0.010939,0.083606,0.008968,0.051877,0.009441,0.024650,175.66,165.22,156.80,150.51,141.23,137.04,125.41,127.58,110.61,124.83,97.78,130.64,88.23,141.85,91.89,0.0371,0.0225,0.0053,0.0080,0.0056,0.0096,0.0038,0.0095,0.0044,0.0042,0.0059,0.0054,0.0012,0.0068,0.0062
2026-08-05 08:29:46.013,22.983333,122,29,0.327887,0.0074,-177.98,0,0,0,63.0122,0.317,0.85850,0,0,0,0,0,0.174322,0.005635,0.159617,0.008308,0.143002,0.011222,0.122908,0.012608,0.098307,0.012402,0.072724,0.011084,0.045274,0.008110,0.021157,177.98,53.03,163.14,56.95,151.59,49.43,139.88,44.32,128.75,37.59,119.45,34.56,112.06,37.96,113.88,0.0371,0.0225,0.0053,0.0080,0.0056,0.0096,0.0038,0.0095,0.0044,0.0042,0.0059,0.0054,0.0012,0.0068,0.0062
2026-08-05 08:29:46.522,23.000000,123,0,0.248403,-0.0113,-125.92,0,0,0,63.0122,0.297,0.70252,0,0,0,0,0,0.127951,0.016048,0.117166,0.014679,0.106008,0.012168,0.094095,0.009332,0.078868,0.005977,0.062292,0.002874,0.043800,0.001379,0.026669,125.92,61.59,4.61,-56.32,-112.69,-175.43,129.14,67.06,10.98,-49.68,-106.48,-162.43,133.88,-169.40,10.23,0.0401,0.0114,0.0090,0.0039,0.0070,0.0027,0.0106,0.0099,0.0056,0.0084,0.0031,0.0077,0.0088,0.0056,0.0049
2026-08-05 08:29:46.522,23.016667,123,1,0.383005,-0.0203,-175.08,0,0,0,63.0122,0.297,0.70252,0,0,0,0,0,0.204205,0.024947,0.188759,0.022295,0.167773,0.018201,0.142342,0.013243,0.111494,0.008456,0.079471,0.005289,0.046716,0.006308,0.018866,175.08,163.70,154.95,145.81,138.16,130.29,121.05,117.17,104.89,112.22,90.43,129.14,79.33,157.95,83.89,0.0401,0.0114,0.0090,0.0039,0.0070,0.0027,0.0106,0.0099,0.0056,0.0084,0.0031,0.0077,0.0088,0.0056,0.0049
2026-08-05 08:29:46.522,23.033333,123,2,0.384026,-0.0148,170.26,0,0,0,63.0122,0.297,0.70252,0,0,0,0,0,0.205271,0.006843,0.188638,0.009080,0.168455,0.011535,0.143244,0.012245,0.113052,0.011295,0.081674,0.008767,0.049641,0.004743,0.023283,-170.26,60.01,-160.85,88.21,-148.22,107.59,-135.68,125.17,-122.22,141.98,-106.51,161.78,-86.78,-169.10,-50.81,0.0401,0.0114,0.0090,0.0039,0.0070,0.0027,0.0106,0.0099,0.0056,0.0084,0.0031,0.0077,0.0088,0.0056,0.0049
2026-08-05 08:29:46.522,23.050000,123,3,0.281970,-0.0014,-74.70,0,0,0,63.0122,0.297,0.70252,0,0,0,0,0,0.143609,0.035957,0.132774,0.032676,0.118931,0.027975,0.103924,0.022108,0.084708,0.016779,0.064461,0.013129,0.042038,0.013139,0.021338,74.70,-33.10,-148.33,111.75,-7.39,-99.99,132.73,50.44,-86.79,-152.04,54.83,14.28,-164.28,-174.52,-24.15,0.0401,0.0114,0.0090,0.0039,0.0070,0.0027,0.0106,0.0099,0.0056,0.0084,0.0031,0.0077,0.0088,0.0056,0.0049
2026-08-05 08:29:46.522,23.066667,123,4,0.273628,-0.0018,-116.75,0,0,0,63.0122,0.297,0.70252,0,0,0,0,0,0.139519,0.028951,0.128823,0.026447,0.116153,0.022575,0.102500,0.017840,0.084951,0.013214,0.066362,0.009339,0.045520,0.008178,0.025911,116.75,48.98,-22.38,-82.76,-157.42,147.42,66.67,19.03,-68.81,-103.18,156.57,142.66,21.03,41.70,-116.18,0.0401,0.0114,0.0090,0.0039,0.0070,0.0027,0.0106,0.0099,0.0056,0.0084,0.0031,0.0077,0.0088,0.0056,0.0049
2026-08-05 08:29:46.522,23.083333,123,5,0.338469,0.0009,-129.18,0,0,0,63.0122,0.297,0.70252,0,0,0,0,0,0.169046,0.061777,0.157054,0.056318,0.139225,0.048186,0.119689,0.038337,0.094598,0.029699,0.069096,0.023636,0.041491,0.023215,0.017027,129.18,77.11,16.19,-27.77,-93.20,-129.30,156.71,131.54,47.13,39.42,-61.44,-45.50,-169.83,-126.80,83.09,0.0401,0.0114,0.0090,0.0039,0.0070,0.0027,0.0106,0.0099,0.0056,0.0084,0.0031,0.0077,0.0088,0.0056,0.0049
2026-08-05 08:29:46.522,23.100000,123,6,0.430999,0.0189,7.90,0,0,0,63.0122,0.297,0.70252,0,0,0,0,0,0.228281,0.028958,0.211005,0.026756,0.187647,0.023736,0.158855,0.019586,0.124320,0.015848,0.088923,0.012799,0.053779,0.012470,0.027106,-7.90,156.08,-33.36,131.84,-55.54,109.00,-77.88,88.98,-98.74,74.23,-117.17,67.53,-129.64,68.12,-122.62,0.0401,0.0114,0.0090,0.0039,0.0070,0.0027,0.0106,0.0099,0.0056,0.0084,0.0031,0.0077,0.0088,0.0056,0.0049
2026-08-05 08:29:46.522,23.116667,123,7,0.336300,-0.0021,131.03,0,0,0,63.0122,0.297,0.70252,0,0,0,0,0,0.177709,0.023139,0.163688,0.020858,0.146440,0.017571,0.125935,0.013337,0.100913,0.009239,0.074396,0.005639,0.046401,0.005266,0.020717,-131.03,-90.01,-44.07,-0.23,46.36,89.95,136.19,-177.07,-133.29,-79.37,-41.87,33.58,50.70,169.21,146.03,0.0401,0.0114,0.0090,0.0039,0.0070,0.0027,0.0106,0.0099,0.0056,0.0084,0.0031,0.0077,0.0088,0.0056,0.0049
2026-08-05 08:29:46.522,23.133333,123,8,0.311247,-0.0077,-149.75,0,0,0,63.0122,0.297,0.70252,0,0,0,0,0,0.163408,0.019792,0.150371,0.018270,0.134898,0.015743,0.116775,0.012495,0.094601,0.009573,0.070685,0.007109,0.045461,0.006939,0.021763,149.75,112.86,77.96,46.12,9.81,-20.58,-59.06,-82.95,-126.99,-142.07,166.22,169.88,101.21,128.66,39.96,0.0401,0.0114,0.0090,0.0039,0.0070,0.0027,0.0106,0.0099,0.0056,0.0084,0.0031,0.0077,0.0088,0.0056,0.0049
2026-08-05 08:29:46.522,23.150000,123,9,0.300229,-0.0056,-114.18,0,0,0,63.0122,0.297,0.70252,0,0,0,0,0,0.153614,0.040770,0.141640,0.037655,0.126758,0.032440,0.109669,0.026389,0.088693,0.020198,0.065916,0.015716,0.041968,0.013806,0.019241,114.18,45.93,-29.21,-89.59,-168.97,136.82,50.62,5.96,-89.34,-120.91,131.65,120.55,-7.22,7.60,-146.98,0.0401,0.0114,0.0090,0.0039,0.0070,0.0027,0.0106,0.0099,0.0056,0.0084,0.0031,0.0077,0.0088,0.0056,0.0049
2026-08-05 08:29:46.522,23.166667,123,10,0.377438,-0.0030,-129.83,0,0,0,63.0122,0.297,0.70252,0,0,0,0,0,0.197900,0.039262,0.182977,0.035535,0.162905,0.029628,0.138597,0.022979,0.109288,0.016702,0.078509,0.013135,0.047174,0.013390,0.020211,129.83,76.63,19.20,-27.69,-88.11,-129.79,164.38,131.81,57.79,40.01,-46.92,-39.30,-147.92,-117.82,126.40,0.0401,0.0114,0.0090,0.0039,0.0070,0.0027,0.0106,0.0099,0.0056,0.0084,0.0031,0.0077,0.0088,0.0056,0.0049
2026-08-05 08:29:46.522,23.183333,123,11,0.405973,0.0302,74.14,0,0,0,63.0122,0.297,0.70252,0,0,0,0,0,0.217057,0.004636,0.199774,0.007429,0.178064,0.009485,0.151603,0.010496,0.119273,0.009597,0.086341,0.007590,0.053009,0.004912,0.026405,-74.14,-83.30,127.22,125.89,-27.72,-22.93,176.91,-175.40,22.96,32.95,-128.81,-111.17,84.37,111.82,-45.34,0.0401,0.0114,0.0090,0.0039,0.0070,0.0027,0.0106,0.0099,0.0056,0.0084,0.0031,0.0077,0.0088,0.0056,0.0049
2026-08-05 08:29:46.522,23.200000,123,12,0.280922,-0.0080,-135.25,0,0,0,63.0122,0.297,0.70252,0,0,0,0,0,0.144131,0.030162,0.132797,0.027458,0.119511,0.023092,0.104926,0.018070,0.086419,0.012923,0.066320,0.009828,0.044874,0.009249,0.024261,135.25,86.63,33.21,-8.26,-64.83,-100.40,-163.65,169.75,97.84,86.74,0.36,15.18,-97.77,-48.68,162.26,0.0401,0.0114,0.0090,0.0039,0.0070,0.0027,0.0106,0.0099,0.0056,0.0084,0.0031,0.0077,0.0088,0.0056,0.0049
2026-08-05 08:29:46.522,23.216667,123,13,0.323895,-0.0223,-132.15,0,0,0,63.0122,0.297,0.70252,0,0,0,0,0,0.168827,0.038960,0.155662,0.035623,0.138535,0.029910,0.118501,0.023524,0.094039,0.017406,0.068063,0.013603,0.041012,0.013196,0.015786,132.15,81.48,25.29,-18.29,-78.13,-115.63,177.97,150.11,74.56,62.22,-27.63,-15.22,-129.09,-89.48,133.01,0.0401,0.0114,0.0090,0.0039,0.0070,0.0027,0.0106,0.0099,0.0056,0.0084,0.0031,0.0077,0.0088,0.0056,0.0049
2026-08-05 08:29:46.522,23.233333,123,14,0.453699,-0.0250,173.40,0,0,0,63.0122,0.297,0.70252,0,0,0,0,0,0.240110,0.012630,0.221912,0.012824,0.197436,0.013080,0.167557,0.012434,0.131571,0.010798,0.095169,0.009372,0.060632,0.009039,0.036831,-173.40,170.44,-169.77,163.34,-162.66,163.53,-155.57,167.15,-146.72,178.28,-134.40,-157.83,-115.22,-124.33,-77.55,0.0401,0.0114,0.0090,0.0039,0.0070,0.0027,0.0106,0.0099,0.0056,0.0084,0.0031,0.0077,0.0088,0.0056,0.0049
2026-08-05 08:29:46.522,23.250000,123,15,0.366028,-0.0181,-128.15,0,0,0,63.0122,0.297,0.70252,0,0,0,0,0,0.195235,0.008523,0.179371,0.012344,0.159739,0.014806,0.136700,0.016456,0.108172,0.016162,0.078371,0.013808,0.048312,0.010521,0.021738,128.15,-66.35,13.41,-162.76,-97.49,95.48,151.13,-8.62,40.49,-114.87,-67.98,141.28,-173.38,40.92,94.36,0.0401,0.0114,0.0090,0.0039,0.0070,0.0027,0.0106,0.0099,0.0056,0.0084,0.0031,0.0077,0.0088,0.0056,0.0049
2026-08-05 08:29:46.522,23.266667,123,16,0.259820,0.0070,-80.21,0,0,0,63.0122,0.297,0.70252,0,0,0,0,0,0.135313,0.015469,0.124269,0.013867,0.111766,0.011446,0.098453,0.008692,0.081162,0.005292,0.062596,0.002457,0.042341,0.002320,0.022966,80.21,-29.41,-132.46,120.13,19.10,-87.96,169.76,62.83,-39.33,-142.48,112.49,34.94,-96.79,-95.19,50.92,0.0401,0.0114,0.0090,0.0039,0.0070,0.0027,0.0106,0.0099,0.0056,0.0084,0.0031,0.0077,0.0088,0.0056,0.0049
2026-08-05 08:29:46.522,23.283333,123,17,0.216642,-0.0003,43.23,0,0,0,63.0122,0.297,0.70252,0,0,0,0,0,0.110110,0.013979,0.100712,0.012367,0.091156,0.009898,0.082011,0.007095,0.070005,0.003987,0.056515,0.000915,0.041398,0.002430,0.027065,-43.23,83.03,-144.68,-15.82,118.55,-113.24,20.79,148.15,-76.99,42.11,-174.06,-89.33,86.55,50.02,-17.79,0.0401,0.0114,0.0090,0.0039,0.0070,0.0027,0.0106,0.0099,0.0056,0.0084,0.0031,0.0077,0.0088,0.0056,0.0049
2026-08-05 08:29:46.522,23.300000,123,18,0.357731,-0.0029,-177.38,0,0,0,63.0122,0.297,0.70252,0,0,0,0,0,0.184102,0.042312,0.170471,0.039294,0.152591,0.034082,0.130898,0.028071,0.104337,0.022888,0.076609,0.019714,0.047830,0.018800,0.021869,177.38,173.68,161.81,166.46,149.51,160.96,136.87,159.19,125.14,162.22,115.31,169.91,107.92,179.59,111.76,0.0401,0.0114,0.0090,0.0039,0.0070,0.0027,0.0106,0.0099,0.0056,0.0084,0.0031,0.0077,0.0088,0.0056,0.0049
2026-08-05 08:29:46.522,23.316667,123,19,0.372146,0.0053,-177.26,0,0,0,63.0122,0.297,0.70252,0,0,0,0,0,0.197671,0.026325,0.181602,0.027809,0.160639,0.027687,0.136517,0.026357,0.107168,0.024326,0.076299,0.020902,0.044835,0.016305,0.018112,177.26,4.48,160.20,5.81,147.08,4.12,133.76,3.31,121.02,2.22,109.92,1.56,102.57,4.89,111.23,0.0401,0.0114,0.0090,0.0039,0.0070,0.0027,0.0106,0.0099,0.0056,0.0084,0.0031,0.0077,0.0088,0.0056,0.0049
2026-08-05 08:29:46.522,23.333333,123,20,0.284575,0.0098,-149.15,0,0,0,63.0122,0.297,0.70252,0,0,0,0,0,0.138557,0.056487,0.127588,0.052837,0.114608,0.046147,0.099867,0.037845,0.080893,0.029663,0.061006,0.023661,0.039829,0.020519,0.019799,149.15,116.74,75.96,52.82,6.21,-10.15,-64.58,-70.53,-135.02,-126.18,155.51,-175.64,84.65,139.82,8.94,0.0401,0.0114,0.0090,0.0039,0.0070,0.0027,0.0106,0.0099,0.0056,0.0084,0.0031,0.0077,0.0088,0.0056,0.0049
2026-08-05 08:29:46.522,23.350000,123,21,0.401616,0.0009,-174.74,0,0,0,63.0122,0.297,0.70252,0,0,0,0,0,0.214083,0.013273,0.197996,0.013856,0.176209,0.013787,0.149760,0.013326,0.117875,0.011703,0.084656,0.009279,0.051296,0.006990,0.023093,174.74,147.28,153.93,115.20,136.50,88.85,118.91,66.93,102.25,49.45,87.58,40.55,76.79,46.51,82.09,0.0401,0.0114,0.0090,0.0039,0.0070,0.0027,0.0106,0.0099,0.0056,0.0084,0.0031,0.0077,0.0088,0.0056,0.0049
2026-08-05 08:29:46.522,23.366667,123,22,0.240791,-0.0131,-138.65,0,0,0,63.0122,0.297,0.70252,0,0,0,0,0,0.124049,0.017062,0.113889,0.015508,0.102646,0.013017,0.091014,0.010275,0.076139,0.007146,0.059685,0.004292,0.041768,0.002337,0.024525,138.65,89.46,42.12,-3.02,-50.08,-93.17,-143.15,176.89,123.97,87.90,31.69,9.53,-62.41,-40.24,-160.91,0.0401,0.0114,0.0090,0.0039,0.0070,0.0027,0.0106,0.0099,0.0056,0.0084,0.0031,0.0077,0.0088,0.0056,0.0049
2026-08-05 08:29:46.522,23.383333,123,23,0.206874,0.0108,-16.67,0,0,0,63.0122,0.297,0.70252,0,0,0,0,0,0.103363,0.015258,0.094628,0.014108,0.086002,0.011987,0.078149,0.009751,0.067535,0.007137,0.055572,0.004551,0.042188,0.001789,0.029400,16.67,-157.23,34.03,-137.11,56.30,-116.34,77.54,-95.09,98.86,-75.77,120.79,-55.49,139.95,-36.65,154.32,0.0401,0.0114,0.0090,0.0039,0.0070,0.0027,0.0106,0.0099,0.0056,0.0084,0.0031,0.0077,0.0088,0.0056,0.0049
2026-08-05 08:29:46.522,23.400000,123,24,0.186515,0.0009,-65.18,0,0,0,63.0122,0.297,0.70252,0,0,0,0,0,0.091676,0.011403,0.083660,0.010605,0.076236,0.009158,0.070298,0.007647,0.062073,0.006108,0.052235,0.004458,0.041296,0.002953,0.030846,65.18,-63.78,178.14,48.68,-63.53,161.33,53.70,-87.13,171.07,21.44,-70.68,128.81,44.92,-135.91,156.62,0.0401,0.0114,0.0090,0.0039,0.0070,0.0027,0.0106,0.0099,0.0056,0.0084,0.0031,0.0077,0.0088,0.0056,0.0049
2026-08-05 08:29:46.522,23.416667,123,25,0.391609,-0.0057,119.73,0,0,0,63.0122,0.297,0.70252,0,0,0,0,0,0.207352,0.029307,0.191830,0.026372,0.170599,0.021460,0.144844,0.015800,0.113550,0.010202,0.080986,0.007505,0.048332,0.009273,0.021339,-119.73,-65.26,-9.04,48.69,104.88,164.58,-141.37,-75.94,-26.56,53.84,90.50,-154.32,-148.03,-4.15,-7.27,0.0401,0.0114,0.0090,0.0039,0.0070,0.0027,0.0106,0.0099,0.0056,0.0084,0.0031,0.0077,0.0088,0.0056,0.0049
2026-08-05 08:29:46.522,23.433333,123,26,0.340033,0.0035,83.76,0,0,0,63.0122,0.297,0.70252,0,0,0,0,0,0.180012,0.019818,0.165745,0.021901,0.147260,0.023619,0.125565,0.023752,0.099119,0.022067,0.071781,0.018264,0.043855,0.013535,0.018849,-83.76,-154.01,96.65,48.42,-79.06,-114.91,104.87,79.67,-70.36,-87.08,116.23,108.36,-54.62,-51.64,145.79,0.0401,0.0114,0.0090,0.0039,0.0070,0.0027,0.0106,0.0099,0.0056,0.0084,0.0031,0.0077,0.0088,0.0056,0.0049
2026-08-05 08:29:46.522,23.450000,123,27,0.249341,0.0006,-87.11,0,0,0,63.0122,0.297,0.70252,0,0,0,0,0,0.129196,0.007560,0.118686,0.007246,0.107207,0.006619,0.094823,0.005824,0.079104,0.004857,0.062031,0.003860,0.043269,0.003034,0.025283,87.11,-18.57,-112.29,140.71,52.61,-58.47,-143.48,104.32,20.64,-88.67,-174.57,88.01,-11.46,-84.42,147.64,0.0401,0.0114,0.0090,0.0039,0.0070,0.0027,0.0106,0.0099,0.0056,0.0084,0.0031,0.0077,0.0088,0.0056,0.0049
2026-08-05 08:29:46.522,23.466667,123,28,0.444246,0.0076,126.46,0,0,0,63.0122,0.297,0.70252,0,0,0,0,0,0.224449,0.063159,0.208217,0.058619,0.185892,0.051871,0.158366,0.044422,0.125298,0.037463,0.090951,0.033018,0.056548,0.031068,0.029215,-126.46,-73.25,-28.04,33.84,73.42,142.73,174.87,-105.92,-82.48,9.30,22.69,128.22,133.00,-111.92,-98.53,0.0401,0.0114,0.0090,0.0039,0.0070,0.0027,0.0106,0.0099,0.0056,0.0084,0.0031,0.0077,0.0088,0.0056,0.0049
2026-08-05 08:29:46.522,23.483333,123,29,0.498926,0.0258,-140.98,0,0,0,63.0122,0.297,0.70252,0,0,0,0,0,0.263520,0.026650,0.244162,0.025097,0.216294,0.022371,0.181568,0.019342,0.140715,0.016335,0.099775,0.015168,0.062683,0.015794,0.041293,140.98,94.32,54.04,8.44,-29.75,-74.91,-113.11,-154.67,165.42,131.34,88.04,63.59,19.70,-2.07,-27.99,0.0401,0.0114,0.0090,0.0039,0.0070,0.0027,0.0106,0.0099,0.0056,0.0084,0.0031,0.0077,0.0088,0.0056,0.0049
2026-08-05 08:29:47.036,23.500000,124,0,0.433962,0.0118,-0.22,0,0,0,63.0122,0.299,1.76711,0,0,0,0,0,0.231238,0.017462,0.213495,0.021268,0.188681,0.024813,0.157967,0.026580,0.121637,0.026197,0.084589,0.023470,0.049436,0.019493,0.026997,0.22,22.64,-9.75,37.77,-16.31,44.87,-22.74,48.48,-27.59,51.47,-29.07,56.22,-22.44,65.03,11.94,0.0182,0.0125,0.0024,0.0061,0.0052,0.0114,0.0116,0.0065,0.0035,0.0064,0.0080,0.0097,0.0064,0.0084,0.0134
2026-08-05 08:29:47.036,23.516667,124,1,0.374036,-0.0058,164.37,0,0,0,63.0122,0.299,1.76711,0,0,0,0,0,0.196666,0.007550,0.182181,0.008616,0.163254,0.009787,0.140450,0.010664,0.112429,0.010919,0.082908,0.010333,0.052201,0.009072,0.025035,-164.37,48.51,-144.14,96.11,-120.40,136.86,-96.90,174.61,-72.48,-149.61,-46.16,-113.25,-16.63,-75.30,25.65,0.0182,0.0125,0.0024,0.0061,0.0052,0.0114,0.0116,0.0065,0.0035,0.0064,0.0080,0.0097,0.0064,0.0084,0.0134
2026-08-05 08:29:47.036,23.533333,124,2,0.353636,-0.0239,178.80,0,0,0,63.0122,0.299,1.76711,0,0,0,0,0,0.182631,0.005743,0.169706,0.006391,0.153376,0.007718,0.134408,0.008682,0.110356,0.009173,0.084726,0.009619,0.057356,0.009400,0.030885,-178.80,-168.54,172.66,-171.05,167.52,-172.21,161.99,-175.77,157.18,176.88,153.41,168.61,151.08,163.86,153.21,0.0182,0.0125,0.0024,0.0061,0.0052,0.0114,0.0116,0.0065,0.0035,0.0064,0.0080,0.0097,0.0064,0.0084,0.0134
2026-08-05 08:29:47.036,23.550000,124,3,0.351193,0.0037,-84.68,0,0,0,63.0122,0.299,1.76711,0,0,0,0,0,0.180362,0.009968,0.167532,0.011118,0.151567,0.012220,0.132876,0.013589,0.109720,0.014321,0.084841,0.014766,0.058212,0.014257,0.032692,84.68,-7.42,-116.85,159.84,45.12,-35.36,-153.34,125.93,8.97,-75.06,172.69,83.61,-21.99,-118.16,148.62,0.0182,0.0125,0.0024,0.0061,0.0052,0.0114,0.0116,0.0065,0.0035,0.0064,0.0080,0.0097,0.0064,0.0084,0.0134
2026-08-05 08:29:47.036,23.566667,124,4,0.536422,0.0113,-91.86,0,0,0,63.0122,0.299,1.76711,0,0,0,0,0,0.221133,0.070900,0.203361,0.066563,0.178538,0.061074,0.148251,0.056230,0.112499,0.054569,0.076580,0.056512,0.042652,0.061539,0.021173,91.86,-176.23,-96.51,9.16,78.48,-163.46,-107.43,27.53,65.99,-139.06,-122.29,53.96,41.77,-116.18,173.56,0.0182,0.0125,0.0024,0.0061,0.0052,0.0114,0.0116,0.0065,0.0035,0.0064,0.0080,0.0097,0.0064,0.0084,0.0134
2026-08-05 08:29:47.036,23.583333,124,5,0.444294,0.0309,-85.04,0,0,0,63.0122,0.299,1.76711,0,0,0,0,0,0.228652,0.008071,0.213022,0.009487,0.192256,0.011397,0.166812,0.013663,0.135831,0.015754,0.103595,0.017591,0.070886,0.018144,0.043142,85.04,-18.71,-114.64,141.78,48.95,-56.11,-147.48,106.34,17.32,-90.01,-175.70,74.95,-4.62,-119.30,176.84,0.0182,0.0125,0.0024,0.0061,0.0052,0.0114,0.0116,0.0065,0.0035,0.0064,0.0080,0.0097,0.0064,0.0084,0.0134
2026-08-05 08:29:47.036,23.600000,124,6,0.483781,0.0289,-82.63,0,0,0,63.0122,0.299,1.76711,0,0,0,0,0,0.248906,0.004965,0.231873,0.005070,0.208745,0.007080,0.179894,0.010632,0.145277,0.014408,0.109963,0.017763,0.075536,0.019780,0.049227,82.63,124.41,-121.72,-118.63,37.17,2.13,-163.67,137.68,-2.96,-76.62,160.59,74.69,-30.41,-129.64,151.13,0.0182,0.0125,0.0024,0.0061,0.0052,0.0114,0.0116,0.0065,0.0035,0.0064,0.0080,0.0097,0.0064,0.0084,0.0134
2026-08-05 08:29:47.036,23.616667,124,7,0.456071,0.0183,120.39,0,0,0,63.0122,0.299,1.76711,0,0,0,0,0,0.235062,0.003692,0.218718,0.005633,0.196835,0.007768,0.169814,0.009991,0.137032,0.011799,0.103348,0.012959,0.070051,0.013023,0.043844,-120.39,-36.26,-10.90,79.90,101.90,-170.14,-145.13,-61.91,-30.69,46.30,86.39,155.52,-151.11,-92.79,-15.42,0.0182,0.0125,0.0024,0.0061,0.0052,0.0114,0.0116,0.0065,0.0035,0.0064,0.0080,0.0097,0.0064,0.0084,0.0134
2026-08-05 08:29:47.036,23.633333,124,8,0.439225,0.0067,-42.93,0,0,0,63.0122,0.299,1.76711,0,0,0,0,0,0.225275,0.019247,0.209112,0.023160,0.187500,0.026889,0.160893,0.029453,0.128695,0.029956,0.095439,0.028369,0.062488,0.024870,0.037202,42.93,-75.58,119.16,18.60,-161.32,106.94,-81.70,-168.71,-0.57,-85.99,83.39,-3.62,173.18,80.30,-80.89,0.0182,0.0125,0.0024,0.0061,0.0052,0.0114,0.0116,0.0065,0.0035,0.0064,0.0080,0.0097,0.0064,0.0084,0.0134
2026-08-05 08:29:47.036,23.650000,124,9,0.441040,0.0254,-84.61,0,0,0,63.0122,0.299,1.76711,0,0,0,0,0,0.169465,0.031648,0.158179,0.030284,0.145235,0.029481,0.131399,0.030791,0.114317,0.035075,0.096529,0.041255,0.077731,0.047760,0.059773,84.61,177.52,-119.36,-1.35,40.42,-177.54,-160.56,8.54,-1.44,-166.78,158.30,14.03,-42.11,-168.98,117.86,0.0182,0.0125,0.0024,0.0061,0.0052,0.0114,0.0116,0.0065,0.0035,0.0064,0.0080,0.0097,0.0064,0.0084,0.0134
2026-08-05 08:29:47.036,23.666667,124,10,0.494166,0.0165,26.57,0,0,0,63.0122,0.299,1.76711,0,0,0,0,0,0.254008,0.019625,0.235534,0.022909,0.209707,0.026228,0.177414,0.028095,0.139190,0.028035,0.101203,0.026072,0.067458,0.022611,0.049713,-26.57,144.74,-88.87,100.59,-147.81,51.44,153.77,-0.95,97.69,-54.49,45.98,-107.49,3.90,-157.05,-21.35,0.0182,0.0125,0.0024,0.0061,0.0052,0.0114,0.0116,0.0065,0.0035,0.0064,0.0080,0.0097,0.0064,0.0084,0.0134
2026-08-05 08:29:47.036,23.683333,124,11,0.470523,-0.0006,140.66,0,0,0,63.0122,0.299,1.76711,0,0,0,0,0,0.244890,0.041478,0.226098,0.043812,0.199703,0.045526,0.166780,0.045566,0.127851,0.043141,0.088954,0.038274,0.053593,0.032542,0.033820,-140.66,-88.54,-70.84,-0.38,2.19,85.61,75.46,169.53,150.60,-107.14,-130.38,-22.82,-41.67,65.11,72.34,0.0182,0.0125,0.0024,0.0061,0.0052,0.0114,0.0116,0.0065,0.0035,0.0064,0.0080,0.0097,0.0064,0.0084,0.0134
2026-08-05 08:29:47.036,23.700000,124,12,0.428898,-0.0035,110.88,0,0,0,63.0122,0.299,1.76711,0,0,0,0,0,0.224989,0.025846,0.208096,0.028261,0.185065,0.030348,0.156508,0.031100,0.122408,0.029632,0.087816,0.026328,0.054563,0.021629,0.031192,-110.88,-26.33,17.76,121.48,149.76,-93.86,-78.22,47.59,55.34,-171.65,-168.14,-30.89,-24.67,112.79,139.94,0.0182,0.0125,0.0024,0.0061,0.0052,0.0114,0.0116,0.0065,0.0035,0.0064,0.0080,0.0097,0.0064,0.0084,0.0134
2026-08-05 08:29:47.036,23.716667,124,13,0.381976,0.0160,5.80,0,0,0,63.0122,0.299,1.76711,0,0,0,0,0,0.202788,0.010282,0.187307,0.013624,0.167041,0.016540,0.142235,0.017811,0.112431,0.017381,0.081549,0.015293,0.050229,0.012343,0.023590,-5.80,-158.12,-27.95,-157.10,-46.58,-162.85,-65.56,-172.28,-83.53,177.87,-99.65,169.14,-111.95,165.89,-108.89,0.0182,0.0125,0.0024,0.0061,0.0052,0.0114,0.0116,0.0065,0.0035,0.0064,0.0080,0.0097,0.0064,0.0084,0.0134
2026-08-05 08:29:47.036,23.733333,124,14,0.490027,0.0270,-13.22,0,0,0,63.0122,0.299,1.76711,0,0,0,0,0,0.260554,0.016213,0.240880,0.020117,0.212978,0.023322,0.177865,0.024452,0.136829,0.023230,0.096127,0.019940,0.059582,0.015377,0.040089,13.22,-127.90,30.48,-89.97,51.02,-58.48,71.93,-30.81,94.89,-3.81,121.89,24.32,158.89,58.06,-142.03,0.0182,0.0125,0.0024,0.0061,0.0052,0.0114,0.0116,0.0065,0.0035,0.0064,0.0080,0.0097,0.0064,0.0084,0.0134
2026-08-05 08:29:47.036,23.750000,124,15,0.518862,0.0232,-78.76,0,0,0,63.0122,0.299,1.76711,0,0,0,0,0,0.273982,0.011482,0.253726,0.016725,0.225185,0.020953,0.189046,0.022706,0.146728,0.022011,0.104977,0.019009,0.068038,0.014788,0.048184,78.76,15.61,-132.67,-177.01,19.15,-18.43,171.44,137.03,-34.04,-67.46,124.67,88.46,-67.21,-110.46,118.94,0.0182,0.0125,0.0024,0.0061,0.0052,0.0114,0.0116,0.0065,0.0035,0.0064,0.0080,0.0097,0.0064,0.0084,0.0134
2026-08-05 08:29:47.036,23.766667,124,16,0.542005,0.0723,-28.77,0,0,0,63.0122,0.299,1.76711,0,0,0,0,0,0.285463,0.015223,0.264980,0.015857,0.235788,0.016576,0.198608,0.016250,0.155250,0.014633,0.112436,0.011664,0.074740,0.007844,0.053598,28.77,27.68,77.13,59.57,128.74,95.06,-179.02,134.20,-124.56,176.49,-66.04,-138.43,1.32,-88.56,84.37,0.0182,0.0125,0.0024,0.0061,0.0052,0.0114,0.0116,0.0065,0.0035,0.0064,0.0080,0.0097,0.0064,0.0084,0.0134
2026-08-05 08:29:47.036,23.783333,124,17,0.582773,0.0099,34.57,0,0,0,63.0122,0.299,1.76711,0,0,0,0,0,0.234293,0.079719,0.214885,0.076512,0.187665,0.072831,0.154510,0.070265,0.117113,0.070861,0.082299,0.074978,0.054528,0.081859,0.041547,-34.57,-68.04,-115.70,-134.58,166.17,160.85,86.59,99.03,5.26,39.08,-79.78,-20.72,-173.75,-82.45,81.95,0.0182,0.0125,0.0024,0.0061,0.0052,0.0114,0.0116,0.0065,0.0035,0.0064,0.0080,0.0097,0.0064,0.0084,0.0134
2026-08-05 08:29:47.036,23.800000,124,18,0.575762,0.0229,-14.89,0,0,0,63.0122,0.299,1.76711,0,0,0,0,0,0.208173,0.092948,0.191269,0.089743,0.168960,0.086286,0.143619,0.084387,0.116379,0.086257,0.092911,0.091818,0.074685,0.099557,0.062668,14.89,33.64,31.43,68.73,50.93,105.90,68.56,145.51,84.28,-173.41,97.97,-132.59,109.09,-93.69,121.08,0.0182,0.0125,0.0024,0.0061,0.0052,0.0114,0.0116,0.0065,0.0035,0.0064,0.0080,0.0097,0.0064,0.0084,0.0134
2026-08-05 08:29:47.036,23.816667,124,19,0.498279,0.0127,-129.19,0,0,0,63.0122,0.299,1.76711,0,0,0,0,0,0.182404,0.026282,0.166702,0.028135,0.146805,0.031602,0.125049,0.036728,0.102023,0.044010,0.082330,0.052696,0.067434,0.062201,0.059032,129.19,-96.66,15.15,169.20,-96.21,76.70,150.17,-15.11,34.41,-107.69,-83.70,158.26,154.83,62.78,33.61,0.0182,0.0125,0.0024,0.0061,0.0052,0.0114,0.0116,0.0065,0.0035,0.0064,0.0080,0.0097,0.0064,0.0084,0.0134
2026-08-05 08:29:47.036,23.833333,124,20,0.475013,0.0073,108.15,0,0,0,63.0122,0.299,1.76711,0,0,0,0,0,0.248826,0.026600,0.230132,0.030685,0.204109,0.034238,0.171382,0.035906,0.132875,0.035060,0.094378,0.031857,0.058468,0.027286,0.036645,-108.15,-16.80,26.56,139.04,164.44,-70.25,-57.41,77.24,82.56,-136.13,-133.90,11.22,18.30,161.77,-167.59,0.0182,0.0125,0.0024,0.0061,0.0052,0.0114,0.0116,0.0065,0.0035,0.0064,0.0080,0.0097,0.0064,0.0084,0.0134
2026-08-05 08:29:47.036,23.850000,124,21,0.464848,0.0118,152.63,0,0,0,63.0122,0.299,1.76711,0,0,0,0,0,0.242472,0.036009,0.224374,0.038412,0.199634,0.040609,0.168897,0.041099,0.132357,0.038966,0.095200,0.034258,0.059177,0.027688,0.032972,-152.63,-111.77,-106.93,-47.81,-58.15,12.74,-9.33,70.45,40.95,127.33,94.05,-175.83,153.43,-117.04,-128.11,0.0182,0.0125,0.0024,0.0061,0.0052,0.0114,0.0116,0.0065,0.0035,0.0064,0.0080,0.0097,0.0064,0.0084,0.0134
2026-08-05 08:29:47.036,23.866667,124,22,0.509114,0.0218,-22.26,0,0,0,63.0122,0.299,1.76711,0,0,0,0,0,0.233307,0.010617,0.214304,0.011966,0.187987,0.011899,0.155663,0.009453,0.118004,0.007000,0.080422,0.011154,0.044749,0.020524,0.016221,22.26,10.19,56.40,36.96,93.54,73.30,130.01,121.73,166.59,-158.96,-157.22,-66.53,-123.38,-6.95,-101.11,0.0182,0.0125,0.0024,0.0061,0.0052,0.0114,0.0116,0.0065,0.0035,0.0064,0.0080,0.0097,0.0064,0.0084,0.0134
2026-08-05 08:29:47.036,23.883333,124,23,0.525946,0.0058,-117.70,0,0,0,63.0122,0.299,1.76711,0,0,0,0,0,0.198887,0.044148,0.181735,0.044495,0.159577,0.045411,0.134616,0.047653,0.106744,0.052595,0.081713,0.060161,0.062735,0.069041,0.051806,117.70,-123.26,-19.52,116.77,-153.94,-1.21,69.84,-117.23,-68.18,127.28,150.91,11.43,5.29,-105.85,-141.39,0.0182,0.0125,0.0024,0.0061,0.0052,0.0114,0.0116,0.0065,0.0035,0.0064,0.0080,0.0097,0.0064,0.0084,0.0134
2026-08-05 08:29:47.036,23.900000,124,24,0.513746,0.0482,-81.99,0,0,0,63.0122,0.299,1.76711,0,0,0,0,0,0.270287,0.028861,0.250109,0.032925,0.221518,0.036450,0.185419,0.037779,0.143078,0.036061,0.101064,0.031412,0.063078,0.025091,0.041823,81.99,2.54,-122.86,177.21,35.40,-13.07,-165.92,153.49,-5.18,-40.69,159.43,125.87,-26.62,-63.89,168.20,0.0182,0.0125,0.0024,0.0061,0.0052,0.0114,0.0116,0.0065,0.0035,0.0064,0.0080,0.0097,0.0064,0.0084,0.0134
2026-08-05 08:29:47.036,23.916667,124,25,0.403836,0.0156,-170.40,0,0,0,63.0122,0.299,1.76711,0,0,0,0,0,0.215796,0.011759,0.199250,0.015756,0.176718,0.018946,0.148858,0.020024,0.115815,0.018998,0.081865,0.015598,0.048537,0.011050,0.023743,170.40,-166.71,141.16,-174.03,115.33,171.61,89.40,152.46,64.80,133.45,42.81,116.85,26.79,107.45,33.69,0.0182,0.0125,0.0024,0.0061,0.0052,0.0114,0.0116,0.0065,0.0035,0.0064,0.0080,0.0097,0.0064,0.0084,0.0134
2026-08-05 08:29:47.036,23.933333,124,26,0.413593,0.0119,-116.48,0,0,0,63.0122,0.299,1.76711,0,0,0,0,0,0.219605,0.021051,0.202783,0.023280,0.180080,0.025211,0.152305,0.026004,0.118970,0.025034,0.084327,0.021959,0.050207,0.017628,0.023212,116.48,70.90,-20.34,-44.87,-153.87,-164.70,72.36,72.21,-60.21,-51.24,169.58,-173.73,44.19,66.84,-60.54,0.0182,0.0125,0.0024,0.0061,0.0052,0.0114,0.0116,0.0065,0.0035,0.0064,0.0080,0.0097,0.0064,0.0084,0.0134
2026-08-05 08:29:47.036,23.950000,124,27,0.456236,0.0251,-41.87,0,0,0,63.0122,0.299,1.76711,0,0,0,0,0,0.243418,0.008262,0.225417,0.013285,0.199745,0.016902,0.167496,0.018224,0.129675,0.017456,0.091357,0.014427,0.055035,0.009325,0.032549,41.87,-49.82,116.07,40.18,-166.35,123.38,-88.66,-158.17,-9.23,-79.21,73.71,0.91,164.81,82.81,-80.48,0.0182,0.0125,0.0024,0.0061,0.0052,0.0114,0.0116,0.0065,0.0035,0.0064,0.0080,0.0097,0.0064,0.0084,0.0134
2026-08-05 08:29:47.036,23.966667,124,28,0.332991,-0.0035,-144.87,0,0,0,63.0122,0.299,1.76711,0,0,0,0,0,0.174961,0.036549,0.159867,0.036028,0.141527,0.035215,0.120139,0.033491,0.093693,0.029971,0.066435,0.024992,0.038382,0.018979,0.014055,144.87,118.27,63.93,53.46,-13.73,-12.18,-91.77,-78.54,-169.08,-144.72,114.98,149.64,41.24,87.61,-18.79,0.0182,0.0125,0.0024,0.0061,0.0052,0.0114,0.0116,0.0065,0.0035,0.0064,0.0080,0.0097,0.0064,0.0084,0.0134
2026-08-05 08:29:47.036,23.983333,124,29,0.303302,-0.0014,-171.50,0,0,0,63.0122,0.299,1.76711,0,0,0,0,0,0.159670,0.024728,0.145989,0.025752,0.129884,0.026823,0.110970,0.026933,0.087656,0.025545,0.063234,0.022546,0.037610,0.018186,0.014372,171.50,175.55,142.97,166.63,118.11,155.20,92.57,141.99,67.51,127.85,43.58,114.01,20.10,101.97,0.04,0.0182,0.0125,0.0024,0.0061,0.0052,0.0114,0.0116,0.0065,0.0035,0.0064,0.0080,0.0097,0.0064,0.0084,0.0134
2026-08-05 08:29:47.964,24.000000,125,0,0.334766,-0.0045,-140.88,0,0,0,63.0122,0.338,0.69992,0,0,0,0,0,0.176174,0.030257,0.161430,0.030907,0.143481,0.031611,0.121961,0.031154,0.095835,0.029051,0.068698,0.025401,0.040394,0.020199,0.015270,140.88,113.53,51.67,42.81,-34.11,-29.14,-120.44,-102.96,153.67,-177.46,69.02,108.80,-14.79,37.49,-93.34,0.0437,0.0201,0.0105,0.0069,0.0091,0.0071,0.0075,0.0017,0.0057,0.0053,0.0038,0.0027,0.0059,0.0044,0.0066
2026-08-05 08:29:47.964,24.016667,125,1,0.316220,0.0036,-83.40,0,0,0,63.0122,0.338,0.69992,0,0,0,0,0,0.164204,0.041973,0.149317,0.041239,0.132254,0.040572,0.111693,0.038464,0.086818,0.034880,0.061282,0.030205,0.034411,0.024115,0.010695,83.40,-4.81,-121.08,167.03,37.84,-20.91,-163.84,150.36,-5.33,-38.89,154.14,133.62,-46.79,-51.72,111.61,0.0437,0.0201,0.0105,0.0069,0.0091,0.0071,0.0075,0.0017,0.0057,0.0053,0.0038,0.0027,0.0059,0.0044,0.0066
2026-08-05 08:29:47.964,24.033333,125,2,0.483293,-0.0787,-135.86,0,0,0,63.0122,0.338,0.69992,0,0,0,0,0,0.256960,0.004867,0.238724,0.010215,0.211723,0.013026,0.177887,0.013862,0.137811,0.013537,0.097806,0.011023,0.060590,0.006740,0.037774,135.86,164.44,38.56,68.06,-55.44,-24.51,-149.40,-122.05,118.54,145.20,30.50,47.92,-49.68,-41.42,-107.85,0.0437,0.0201,0.0105,0.0069,0.0091,0.0071,0.0075,0.0017,0.0057,0.0053,0.0038,0.0027,0.0059,0.0044,0.0066
2026-08-05 08:29:47.964,24.050000,125,3,0.504375,-0.0171,111.67,0,0,0,63.0122,0.338,0.69992,0,0,0,0,0,0.266245,0.021784,0.246574,0.027179,0.217959,0.030462,0.181929,0.031955,0.140204,0.030225,0.099140,0.025627,0.062880,0.018877,0.045068,-111.67,-21.26,15.73,125.11,146.80,-92.96,-82.08,42.96,51.67,179.48,-170.35,-43.74,-22.18,97.22,145.14,0.0437,0.0201,0.0105,0.0069,0.0091,0.0071,0.0075,0.0017,0.0057,0.0053,0.0038,0.0027,0.0059,0.0044,0.0066
2026-08-05 08:29:47.964,24.066667,125,4,0.513074,0.1381,-74.64,0,0,0,63.0122,0.338,0.69992,0,0,0,0,0,0.269359,0.026274,0.248230,0.028021,0.221331,0.030631,0.186759,0.030865,0.146448,0.029300,0.106277,0.025565,0.069324,0.019622,0.047197,74.64,-13.96,-145.35,142.28,-2.28,-64.27,141.40,86.92,-73.09,-123.98,76.45,26.97,-125.88,-179.65,47.90,0.0437,0.0201,0.0105,0.0069,0.0091,0.0071,0.0075,0.0017,0.0057,0.0053,0.0038,0.0027,0.0059,0.0044,0.0066
2026-08-05 08:29:47.964,24.083333,125,5,0.352247,0.0134,73.09,0,0,0,63.0122,0.338,0.69992,0,0,0,0,0,0.183526,0.048571,0.166792,0.047674,0.147279,0.046750,0.122750,0.043844,0.093697,0.039469,0.063814,0.033342,0.033113,0.025911,0.007690,-73.09,42.28,130.09,-99.41,-23.38,119.50,-177.26,-22.36,29.34,-164.59,-122.35,55.01,88.13,-82.61,-34.36,0.0437,0.0201,0.0105,0.0069,0.0091,0.0071,0.0075,0.0017,0.0057,0.0053,0.0038,0.0027,0.0059,0.0044,0.0066
2026-08-05 08:29:47.964,24.100000,125,6,0.377862,0.0004,120.71,0,0,0,63.0122,0.338,0.69992,0,0,0,0,0,0.192641,0.058194,0.175441,0.057291,0.155229,0.056003,0.129691,0.052643,0.099816,0.048082,0.069094,0.041451,0.038759,0.034193,0.015752,-120.71,-54.02,-12.47,68.63,99.14,-167.92,-149.44,-45.55,-36.95,77.36,78.05,-158.64,-161.40,-31.92,-11.94,0.0437,0.0201,0.0105,0.0069,0.0091,0.0071,0.0075,0.0017,0.0057,0.0053,0.0038,0.0027,0.0059,0.0044,0.0066
2026-08-05 08:29:47.964,24.116667,125,7,0.335377,0.0136,-38.36,0,0,0,63.0122,0.338,0.69992,0,0,0,0,0,0.172244,0.045622,0.156661,0.047813,0.137944,0.049744,0.115247,0.049589,0.088154,0.046881,0.060159,0.041191,0.031700,0.032937,0.006921,38.36,-91.48,103.73,-7.94,172.76,74.06,-118.91,153.43,-49.86,-128.09,20.33,-49.65,92.32,30.61,-179.33,0.0437,0.0201,0.0105,0.0069,0.0091,0.0071,0.0075,0.0017,0.0057,0.0053,0.0038,0.0027,0.0059,0.0044,0.0066
2026-08-05 08:29:47.964,24.133333,125,8,0.325890,-0.0126,-156.97,0,0,0,63.0122,0.338,0.69992,0,0,0,0,0,0.169552,0.034539,0.155452,0.035623,0.137873,0.036244,0.117164,0.035831,0.091842,0.033228,0.065690,0.029190,0.038397,0.023306,0.014469,156.97,144.28,99.54,104.99,45.88,64.14,-8.48,21.29,-62.01,-21.62,-114.29,-64.82,-164.09,-104.90,155.77,0.0437,0.0201,0.0105,0.0069,0.0091,0.0071,0.0075,0.0017,0.0057,0.0053,0.0038,0.0027,0.0059,0.0044,0.0066
2026-08-05 08:29:47.964,24.150000,125,9,0.453090,0.0235,52.32,0,0,0,63.0122,0.338,0.69992,0,0,0,0,0,0.239479,0.015273,0.223816,0.015406,0.197959,0.013698,0.167746,0.012064,0.130653,0.008738,0.093801,0.005343,0.058370,0.000944,0.035132,-52.32,-122.66,-166.22,107.55,82.99,-13.94,-27.47,-135.82,-136.31,105.42,118.33,-9.62,20.50,-78.85,-57.23,0.0437,0.0201,0.0105,0.0069,0.0091,0.0071,0.0075,0.0017,0.0057,0.0053,0.0038,0.0027,0.0059,0.0044,0.0066
2026-08-05 08:29:47.964,24.166667,125,10,0.446130,0.0272,-23.13,0,0,0,63.0122,0.338,0.69992,0,0,0,0,0,0.236130,0.015507,0.218937,0.018977,0.194437,0.021690,0.164419,0.022561,0.128590,0.021150,0.092166,0.017500,0.057378,0.012283,0.032761,23.13,-110.59,60.02,-51.78,100.05,-1.44,140.28,45.73,-177.97,91.70,-133.12,139.26,-81.28,-166.22,-9.83,0.0437,0.0201,0.0105,0.0069,0.0091,0.0071,0.0075,0.0017,0.0057,0.0053,0.0038,0.0027,0.0059,0.0044,0.0066
2026-08-05 08:29:47.964,24.183333,125,11,0.356384,0.0083,111.88,0,0,0,63.0122,0.338,0.69992,0,0,0,0,0,0.184341,0.048055,0.168138,0.047552,0.149097,0.045966,0.125633,0.043522,0.097407,0.039341,0.068336,0.033949,0.038718,0.027595,0.013170,-111.88,-35.79,13.35,104.34,142.28,-113.90,-89.50,26.36,39.74,167.63,170.13,-50.73,-56.28,95.01,92.31,0.0437,0.0201,0.0105,0.0069,0.0091,0.0071,0.0075,0.0017,0.0057,0.0053,0.0038,0.0027,0.0059,0.0044,0.0066
2026-08-05 08:29:47.964,24.200000,125,12,0.372609,-0.0172,-151.78,0,0,0,63.0122,0.338,0.69992,0,0,0,0,0,0.197351,0.017248,0.182267,0.020013,0.162340,0.022482,0.137938,0.023487,0.108678,0.023031,0.078308,0.020185,0.047212,0.016389,0.021002,151.78,144.21,85.17,100.52,21.70,50.77,-41.91,-2.77,-104.63,-56.62,-165.47,-110.54,137.20,-159.48,94.48,0.0437,0.0201,0.0105,0.0069,0.0091,0.0071,0.0075,0.0017,0.0057,0.0053,0.0038,0.0027,0.0059,0.0044,0.0066
2026-08-05 08:29:47.964,24.216667,125,13,0.362523,-0.0128,-171.64,0,0,0,63.0122,0.338,0.69992,0,0,0,0,0,0.193263,0.011827,0.178424,0.015818,0.158465,0.019134,0.134491,0.020522,0.105552,0.019931,0.075234,0.016801,0.044627,0.011847,0.018126,171.64,-166.84,144.52,-171.23,120.68,174.54,96.58,156.41,73.30,136.74,51.83,117.34,33.83,100.83,30.64,0.0437,0.0201,0.0105,0.0069,0.0091,0.0071,0.0075,0.0017,0.0057,0.0053,0.0038,0.0027,0.0059,0.0044,0.0066
2026-08-05 08:29:47.964,24.233333,125,14,0.322497,-0.0057,164.24,0,0,0,63.0122,0.338,0.69992,0,0,0,0,0,0.169532,0.004098,0.157104,0.006537,0.140818,0.008246,0.121900,0.009129,0.098679,0.009230,0.073635,0.007946,0.047413,0.006498,0.022763,-164.24,-106.30,-143.77,-58.99,-119.92,-26.36,-96.39,5.54,-72.42,36.44,-47.04,71.04,-20.68,111.82,9.25,0.0437,0.0201,0.0105,0.0069,0.0091,0.0071,0.0075,0.0017,0.0057,0.0053,0.0038,0.0027,0.0059,0.0044,0.0066
2026-08-05 08:29:47.964,24.250000,125,15,0.320775,0.0066,-85.56,0,0,0,63.0122,0.338,0.69992,0,0,0,0,0,0.166203,0.031083,0.152450,0.033209,0.135806,0.034419,0.116875,0.034714,0.093207,0.033047,0.068425,0.028756,0.042621,0.022849,0.018487,85.56,2.60,-115.10,179.92,48.16,-5.46,-149.38,167.02,13.51,-22.78,177.79,147.18,-17.70,-42.41,149.29,0.0437,0.0201,0.0105,0.0069,0.0091,0.0071,0.0075,0.0017,0.0057,0.0053,0.0038,0.0027,0.0059,0.0044,0.0066
2026-08-05 08:29:47.964,24.266667,125,16,0.436533,0.0299,-33.85,0,0,0,63.0122,0.338,0.69992,0,0,0,0,0,0.231669,0.020753,0.214257,0.022828,0.190146,0.024289,0.160395,0.024354,0.124976,0.022431,0.088682,0.018159,0.053826,0.012965,0.028711,33.85,-96.30,92.01,-19.11,153.40,53.92,-145.16,123.72,-82.28,-167.28,-16.37,-96.81,56.06,-20.95,151.11,0.0437,0.0201,0.0105,0.0069,0.0091,0.0071,0.0075,0.0017,0.0057,0.0053,0.0038,0.0027,0.0059,0.0044,0.0066
2026-08-05 08:29:47.964,24.283333,125,17,0.405394,0.0112,-116.61,0,0,0,63.0122,0.338,0.69992,0,0,0,0,0,0.215044,0.012276,0.199078,0.015581,0.177372,0.018434,0.150689,0.019609,0.118767,0.018576,0.085719,0.015657,0.052859,0.011703,0.026377,116.61,81.35,-19.99,-32.42,-153.34,-154.92,73.18,79.44,-59.09,-47.39,170.96,-172.33,45.79,68.66,-62.46,0.0437,0.0201,0.0105,0.0069,0.0091,0.0071,0.0075,0.0017,0.0057,0.0053,0.0038,0.0027,0.0059,0.0044,0.0066
2026-08-05 08:29:47.964,24.300000,125,18,0.418694,0.0119,-5.09,0,0,0,63.0122,0.338,0.69992,0,0,0,0,0,0.222044,0.015214,0.205540,0.018620,0.182943,0.021659,0.155163,0.022926,0.121724,0.021971,0.087261,0.019002,0.052921,0.014700,0.024985,5.09,-144.68,5.44,-121.43,9.06,-105.87,12.48,-93.50,17.06,-82.21,23.98,-68.98,35.46,-51.56,65.21,0.0437,0.0201,0.0105,0.0069,0.0091,0.0071,0.0075,0.0017,0.0057,0.0053,0.0038,0.0027,0.0059,0.0044,0.0066
2026-08-05 08:29:47.964,24.316667,125,19,0.483132,-0.0017,170.29,0,0,0,63.0122,0.338,0.69992,0,0,0,0,0,0.197581,0.008348,0.180624,0.009196,0.158878,0.012610,0.134401,0.017515,0.106285,0.023847,0.079397,0.032115,0.056343,0.040748,0.040668,-170.29,15.36,-163.73,46.78,-153.67,78.45,-145.11,105.65,-138.01,132.35,-132.69,156.94,-131.69,179.80,-136.29,0.0437,0.0201,0.0105,0.0069,0.0091,0.0071,0.0075,0.0017,0.0057,0.0053,0.0038,0.0027,0.0059,0.0044,0.0066
2026-08-05 08:29:47.964,24.333333,125,20,0.411241,0.0227,-91.44,0,0,0,63.0122,0.338,0.69992,0,0,0,0,0,0.217949,0.017558,0.201522,0.021085,0.178847,0.024221,0.150975,0.025778,0.117601,0.025228,0.083256,0.022547,0.049390,0.018610,0.023428,91.44,25.62,-95.43,-137.92,80.93,50.99,-102.77,-123.11,74.74,61.73,-105.06,-112.20,80.90,77.51,-69.89,0.0437,0.0201,0.0105,0.0069,0.0091,0.0071,0.0075,0.0017,0.0057,0.0053,0.0038,0.0027,0.0059,0.0044,0.0066
2026-08-05 08:29:47.964,24.350000,125,21,0.468583,0.0248,53.97,0,0,0,63.0122,0.338,0.69992,0,0,0,0,0,0.239053,0.058927,0.220357,0.059948,0.194806,0.059245,0.163752,0.057003,0.126890,0.053219,0.089555,0.047345,0.054420,0.040253,0.031679,-53.97,80.57,-171.61,-21.28,74.23,-124.39,-39.80,132.43,-152.32,28.87,98.53,-73.98,-2.59,-174.41,-81.05,0.0437,0.0201,0.0105,0.0069,0.0091,0.0071,0.0075,0.0017,0.0057,0.0053,0.0038,0.0027,0.0059,0.0044,0.0066
2026-08-05 08:29:47.964,24.366667,125,22,0.404589,0.0155,-65.16,0,0,0,63.0122,0.338,0.69992,0,0,0,0,0,0.213130,0.030851,0.196656,0.032678,0.174238,0.034045,0.146943,0.034071,0.114391,0.032118,0.081100,0.028052,0.047988,0.022698,0.022535,65.16,-36.09,-174.56,103.35,-50.94,-120.39,72.52,13.84,-162.77,147.34,-35.56,-78.21,97.03,59.37,-107.75,0.0437,0.0201,0.0105,0.0069,0.0091,0.0071,0.0075,0.0017,0.0057,0.0053,0.0038,0.0027,0.0059,0.0044,0.0066
2026-08-05 08:29:47.964,24.383333,125,23,0.441164,0.0144,16.68,0,0,0,63.0122,0.338,0.69992,0,0,0,0,0,0.235252,0.009619,0.217975,0.013937,0.193437,0.017281,0.162656,0.018561,0.125886,0.017153,0.088659,0.013629,0.053320,0.008786,0.029070,-16.68,-84.81,-58.86,-142.38,-98.10,168.40,-137.28,122.62,-174.84,79.77,150.96,39.96,124.10,6.70,121.35,0.0437,0.0201,0.0105,0.0069,0.0091,0.0071,0.0075,0.0017,0.0057,0.0053,0.0038,0.0027,0.0059,0.0044,0.0066
2026-08-05 08:29:47.964,24.400000,125,24,0.475552,0.0030,-28.90,0,0,0,63.0122,0.338,0.69992,0,0,0,0,0,0.211028,0.008500,0.193657,0.010924,0.170005,0.011098,0.141830,0.008695,0.108991,0.004210,0.076282,0.005557,0.045141,0.014552,0.020748,28.90,-84.30,75.20,-14.28,124.81,49.09,173.64,113.65,-137.89,-164.59,-90.04,-1.56,-45.78,74.71,-14.54,0.0437,0.0201,0.0105,0.0069,0.0091,0.0071,0.0075,0.0017,0.0057,0.0053,0.0038,0.0027,0.0059,0.0044,0.0066
2026-08-05 08:29:47.964,24.416667,125,25,0.400242,0.0132,31.33,0,0,0,63.0122,0.338,0.69992,0,0,0,0,0,0.212647,0.009616,0.196667,0.013897,0.175027,0.017218,0.148525,0.018804,0.116576,0.018050,0.083708,0.015112,0.051276,0.010996,0.025663,-31.33,157.10,-103.69,105.88,-172.81,46.14,117.94,-17.25,49.94,-81.46,-15.49,-142.86,-75.68,163.36,-116.85,0.0437,0.0201,0.0105,0.0069,0.0091,0.0071,0.0075,0.0017,0.0057,0.0053,0.0038,0.0027,0.0059,0.0044,0.0066
2026-08-05 08:29:47.964,24.433333,125,26,0.400657,0.0207,-2.78,0,0,0,63.0122,0.338,0.69992,0,0,0,0,0,0.214052,0.005581,0.198013,0.009881,0.176073,0.012666,0.149190,0.013807,0.116775,0.012893,0.083193,0.009868,0.049914,0.005795,0.023417,2.78,-76.37,-1.27,-83.89,-2.13,-87.17,-3.12,-89.23,-3.05,-90.73,-0.56,-89.02,6.93,-77.89,34.18,0.0437,0.0201,0.0105,0.0069,0.0091,0.0071,0.0075,0.0017,0.0057,0.0053,0.0038,0.0027,0.0059,0.0044,0.0066
2026-08-05 08:29:47.964,24.450000,125,27,0.428769,-0.0097,-144.25,0,0,0,63.0122,0.338,0.69992,0,0,0,0,0,0.229001,0.015382,0.211650,0.017627,0.187530,0.019562,0.157793,0.020027,0.122309,0.018910,0.086197,0.015887,0.051354,0.012138,0.026489,144.25,128.47,63.12,69.61,-14.75,3.96,-92.60,-64.40,-169.04,-134.05,117.60,158.80,50.93,97.54,8.36,0.0437,0.0201,0.0105,0.0069,0.0091,0.0071,0.0075,0.0017,0.0057,0.0053,0.0038,0.0027,0.0059,0.0044,0.0066
2026-08-05 08:29:47.964,24.466667,125,28,0.410335,0.0139,140.64,0,0,0,63.0122,0.338,0.69992,0,0,0,0,0,0.212124,0.048544,0.195302,0.048986,0.172637,0.048480,0.145027,0.046224,0.112077,0.041944,0.078750,0.036071,0.046284,0.029546,0.022707,-140.64,-94.03,-72.62,-9.56,-1.01,73.55,70.55,155.54,143.52,-122.19,-140.72,-38.36,-58.36,48.67,49.17,0.0437,0.0201,0.0105,0.0069,0.0091,0.0071,0.0075,0.0017,0.0057,0.0053,0.0038,0.0027,0.0059,0.0044,0.0066
2026-08-05 08:29:47.964,24.483333,125,29,0.300730,0.0066,-132.91,0,0,0,63.0122,0.338,0.69992,0,0,0,0,0,0.151709,0.048437,0.138546,0.048304,0.122300,0.047187,0.103712,0.044731,0.080922,0.040647,0.057402,0.034804,0.033114,0.028317,0.010852,132.91,90.46,25.35,-0.21,-78.11,-91.90,177.73,175.77,73.85,83.34,-29.12,-8.22,-132.73,-97.58,119.14,0.0437,0.0201,0.0105,0.0069,0.0091,0.0071,0.0075,0.0017,0.0057,0.0053,0.0038,0.0027,0.0059,0.0044,0.0066
2026-08-05 08:29:48.998,25.500000,128,0,0.331874,0.0045,-91.20,0,0,0,63.0122,0.239,0.84776,0,0,0,0,0,0.169040,0.048172,0.156046,0.044303,0.139672,0.038148,0.120382,0.031051,0.096475,0.024299,0.071045,0.020206,0.044320,0.019584,0.019472,91.20,1.31,-97.09,-177.73,78.02,5.22,-107.54,-168.97,67.33,22.50,-116.76,-138.64,59.68,62.18,-122.62,0.0247,0.0076,0.0095,0.0068,0.0056,0.0022,0.0057,0.0030,0.0029,0.0031,0.0025,0.0066,0.0075,0.0047,0.0047
2026-08-05 08:29:48.998,25.516667,128,1,0.435958,-0.0113,-169.46,0,0,0,63.0122,0.239,0.84776,0,0,0,0,0,0.233390,0.013878,0.215797,0.013806,0.191208,0.013096,0.160836,0.011754,0.124591,0.009864,0.087506,0.008253,0.051558,0.008182,0.024773,169.46,142.45,138.54,103.91,110.87,69.56,83.20,39.91,56.87,18.23,33.37,8.53,16.17,9.66,23.99,0.0247,0.0076,0.0095,0.0068,0.0056,0.0022,0.0057,0.0030,0.0029,0.0031,0.0025,0.0066,0.0075,0.0047,0.0047
2026-08-05 08:29:48.998,25.533333,128,2,0.320812,-0.0029,157.36,0,0,0,63.0122,0.239,0.84776,0,0,0,0,0,0.168972,0.015841,0.156051,0.014411,0.139673,0.012108,0.120922,0.009240,0.097531,0.006357,0.072765,0.003986,0.046805,0.003702,0.022384,-157.36,-144.38,-123.69,-110.41,-86.30,-75.13,-49.48,-36.91,-12.02,4.38,26.95,65.16,67.00,150.58,111.14,0.0247,0.0076,0.0095,0.0068,0.0056,0.0022,0.0057,0.0030,0.0029,0.0031,0.0025,0.0066,0.0075,0.0047,0.0047
2026-08-05 08:29:48.998,25.550000,128,3,0.227158,0.0007,108.13,0,0,0,63.0122,0.239,0.84776,0,0,0,0,0,0.113796,0.022173,0.104555,0.020624,0.094531,0.017982,0.084924,0.014971,0.072313,0.011884,0.058189,0.009393,0.042726,0.007867,0.028391,-108.13,-39.63,20.75,99.32,154.01,-120.21,-73.61,22.09,58.65,168.21,-168.85,-40.79,-39.08,117.51,84.45,0.0247,0.0076,0.0095,0.0068,0.0056,0.0022,0.0057,0.0030,0.0029,0.0031,0.0025,0.0066,0.0075,0.0047,0.0047
2026-08-05 08:29:48.998,25.566667,128,4,0.204579,-0.0036,-123.60,0,0,0,63.0122,0.239,0.84776,0,0,0,0,0,0.102013,0.012668,0.093537,0.011514,0.085062,0.009427,0.077517,0.007108,0.067257,0.004595,0.055552,0.002392,0.042486,0.001954,0.029973,123.60,55.61,-5.48,-72.33,-129.63,158.95,105.17,28.72,-19.78,-107.03,-144.16,102.85,89.26,-96.00,-41.83,0.0247,0.0076,0.0095,0.0068,0.0056,0.0022,0.0057,0.0030,0.0029,0.0031,0.0025,0.0066,0.0075,0.0047,0.0047
2026-08-05 08:29:48.998,25.583333,128,5,0.191952,-0.0021,-173.99,0,0,0,63.0122,0.239,0.84776,0,0,0,0,0,0.093257,0.006568,0.085435,0.006048,0.078300,0.005184,0.072490,0.004378,0.064339,0.003845,0.054785,0.003318,0.044063,0.003327,0.034068,173.99,152.61,144.27,118.83,119.81,83.25,94.36,44.55,68.85,0.83,43.94,-45.33,16.49,-99.17,-15.08,0.0247,0.0076,0.0095,0.0068,0.0056,0.0022,0.0057,0.0030,0.0029,0.0031,0.0025,0.0066,0.0075,0.0047,0.0047
2026-08-05 08:29:48.998,25.600000,128,6,0.292558,0.0177,64.66,0,0,0,63.0122,0.239,0.84776,0,0,0,0,0,0.142439,0.055723,0.131320,0.052355,0.117721,0.046382,0.103008,0.039526,0.084162,0.031851,0.064110,0.025147,0.042288,0.020045,0.022002,-64.66,49.64,154.50,-80.94,17.37,149.38,-120.86,21.24,100.90,-104.50,-37.29,134.27,-177.87,18.80,33.29,0.0247,0.0076,0.0095,0.0068,0.0056,0.0022,0.0057,0.0030,0.0029,0.0031,0.0025,0.0066,0.0075,0.0047,0.0047
2026-08-05 08:29:48.998,25.616667,128,7,0.404459,-0.0126,-97.95,0,0,0,63.0122,0.239,0.84776,0,0,0,0,0,0.212592,0.006936,0.197199,0.007918,0.176775,0.009011,0.151718,0.010077,0.120963,0.010693,0.088509,0.010725,0.055037,0.009954,0.024756,97.95,3.01,-76.63,-178.01,112.08,6.03,-59.49,-166.53,129.71,21.89,-39.50,-145.95,154.32,48.03,0.68,0.0247,0.0076,0.0095,0.0068,0.0056,0.0022,0.0057,0.0030,0.0029,0.0031,0.0025,0.0066,0.0075,0.0047,0.0047
2026-08-05 08:29:48.998,25.633333,128,8,0.322729,0.0044,170.88,0,0,0,63.0122,0.239,0.84776,0,0,0,0,0,0.166714,0.009129,0.154501,0.007738,0.139764,0.006483,0.122775,0.005499,0.101436,0.006145,0.078582,0.007752,0.053706,0.009280,0.029247,-170.88,17.37,-165.10,42.67,-155.56,71.22,-146.61,111.58,-137.24,156.22,-127.04,-170.11,-116.74,-145.72,-106.17,0.0247,0.0076,0.0095,0.0068,0.0056,0.0022,0.0057,0.0030,0.0029,0.0031,0.0025,0.0066,0.0075,0.0047,0.0047
2026-08-05 08:29:48.998,25.650000,128,9,0.244022,-0.0049,171.92,0,0,0,63.0122,0.239,0.84776,0,0,0,0,0,0.121550,0.012336,0.112188,0.013024,0.102360,0.013761,0.092359,0.014172,0.079424,0.013844,0.065148,0.013119,0.048811,0.011480,0.032467,-171.92,-154.53,-169.88,-134.02,-163.47,-115.73,-158.09,-100.88,-152.54,-87.63,-146.35,-75.98,-141.77,-65.22,-140.56,0.0247,0.0076,0.0095,0.0068,0.0056,0.0022,0.0057,0.0030,0.0029,0.0031,0.0025,0.0066,0.0075,0.0047,0.0047
2026-08-05 08:29:48.998,25.666667,128,10,0.214818,-0.0075,-112.23,0,0,0,63.0122,0.239,0.84776,0,0,0,0,0,0.105600,0.001817,0.096928,0.002683,0.088732,0.003552,0.081476,0.004219,0.071561,0.004494,0.060233,0.004861,0.047277,0.004989,0.034625,112.23,90.09,-39.46,-47.75,173.84,168.98,25.93,18.88,-121.94,-131.76,90.61,78.55,-58.68,-71.67,147.81,0.0247,0.0076,0.0095,0.0068,0.0056,0.0022,0.0057,0.0030,0.0029,0.0031,0.0025,0.0066,0.0075,0.0047,0.0047
2026-08-05 08:29:48.998,25.683333,128,11,0.220511,-0.0111,140.23,0,0,0,63.0122,0.239,0.84776,0,0,0,0,0,0.109568,0.014519,0.100417,0.015313,0.091336,0.016147,0.082469,0.016635,0.070718,0.016488,0.057847,0.015955,0.042961,0.014521,0.028292,-140.23,-92.46,-75.79,-9.83,-6.64,71.57,61.36,149.60,129.50,-133.99,-161.77,-58.30,-95.12,16.30,-32.68,0.0247,0.0076,0.0095,0.0068,0.0056,0.0022,0.0057,0.0030,0.0029,0.0031,0.0025,0.0066,0.0075,0.0047,0.0047
2026-08-05 08:29:48.998,25.700000,128,12,0.236810,0.0068,67.84,0,0,0,63.0122,0.239,0.84776,0,0,0,0,0,0.118375,0.018058,0.108467,0.018924,0.098331,0.019967,0.087973,0.020571,0.074370,0.020231,0.059662,0.019267,0.042947,0.017320,0.026225,-67.84,53.26,142.26,-79.03,-3.25,147.54,-149.69,11.39,64.01,-126.47,-81.75,94.10,131.00,-44.85,-20.43,0.0247,0.0076,0.0095,0.0068,0.0056,0.0022,0.0057,0.0030,0.0029,0.0031,0.0025,0.0066,0.0075,0.0047,0.0047
2026-08-05 08:29:48.998,25.716667,128,13,0.308382,0.0071,-95.70,0,0,0,63.0122,0.239,0.84776,0,0,0,0,0,0.161403,0.003823,0.148896,0.004029,0.134021,0.004715,0.116596,0.005234,0.094993,0.005743,0.071973,0.006382,0.047087,0.006542,0.023214,95.70,145.95,-85.25,-55.88,97.70,105.27,-79.95,-92.61,103.07,71.63,-72.79,-122.30,112.68,48.03,-57.74,0.0247,0.0076,0.0095,0.0068,0.0056,0.0022,0.0057,0.0030,0.0029,0.0031,0.0025,0.0066,0.0075,0.0047,0.0047
2026-08-05 08:29:48.998,25.733333,128,14,0.314300,0.0040,35.80,0,0,0,63.0122,0.239,0.84776,0,0,0,0,0,0.161679,0.007200,0.149647,0.008231,0.135190,0.009373,0.118516,0.010519,0.097450,0.011082,0.074818,0.011503,0.050227,0.011024,0.026007,-35.80,118.27,-119.46,47.77,160.73,-24.86,80.30,-100.73,0.47,-178.45,-78.17,102.92,-155.91,25.83,129.15,0.0247,0.0076,0.0095,0.0068,0.0056,0.0022,0.0057,0.0030,0.0029,0.0031,0.0025,0.0066,0.0075,0.0047,0.0047
2026-08-05 08:29:48.998,25.750000,128,15,0.285722,0.0120,69.42,0,0,0,63.0122,0.239,0.84776,0,0,0,0,0,0.144878,0.022559,0.133556,0.023754,0.120564,0.024721,0.105965,0.025145,0.087418,0.024234,0.067503,0.022271,0.045712,0.018998,0.024160,-69.42,50.30,139.43,-82.43,-7.76,142.35,-155.75,5.09,56.72,-133.81,-90.04,86.94,122.81,-51.15,-25.59,0.0247,0.0076,0.0095,0.0068,0.0056,0.0022,0.0057,0.0030,0.0029,0.0031,0.0025,0.0066,0.0075,0.0047,0.0047
2026-08-05 08:29:48.998,25.766667,128,16,0.268165,0.0182,-41.22,0,0,0,63.0122,0.239,0.84776,0,0,0,0,0,0.136275,0.032803,0.124530,0.034270,0.110544,0.035536,0.095093,0.035651,0.075893,0.033841,0.055782,0.030086,0.034902,0.024682,0.016838,41.22,-87.20,111.20,2.30,-174.85,89.70,-102.30,174.54,-29.95,-101.93,41.92,-19.68,110.05,63.62,162.87,0.0247,0.0076,0.0095,0.0068,0.0056,0.0022,0.0057,0.0030,0.0029,0.0031,0.0025,0.0066,0.0075,0.0047,0.0047
2026-08-05 08:29:48.998,25.783333,128,17,0.220543,-0.0101,144.75,0,0,0,63.0122,0.239,0.84776,0,0,0,0,0,0.111239,0.019667,0.101548,0.020287,0.091337,0.020741,0.081112,0.020694,0.068073,0.019640,0.054157,0.017683,0.039023,0.014842,0.025373,-144.75,-100.34,-89.05,-24.68,-28.83,49.63,29.90,121.65,88.39,-168.00,146.82,-99.01,-158.05,-29.57,-111.07,0.0247,0.0076,0.0095,0.0068,0.0056,0.0022,0.0057,0.0030,0.0029,0.0031,0.0025,0.0066,0.0075,0.0047,0.0047
2026-08-05 08:29:48.998,25.800000,128,18,0.385708,-0.0078,-153.41,0,0,0,63.0122,0.239,0.84776,0,0,0,0,0,0.206350,0.018169,0.190401,0.015761,0.169248,0.012313,0.143101,0.007916,0.111823,0.003436,0.079381,0.003478,0.047224,0.006893,0.020954,153.41,-69.35,88.97,-136.90,28.18,153.88,-32.81,80.45,-92.68,-10.94,-150.47,-168.35,156.88,101.54,126.22,0.0247,0.0076,0.0095,0.0068,0.0056,0.0022,0.0057,0.0030,0.0029,0.0031,0.0025,0.0066,0.0075,0.0047,0.0047
2026-08-05 08:29:48.998,25.816667,128,19,0.420855,0.0243,-49.51,0,0,0,63.0122,0.239,0.84776,0,0,0,0,0,0.224660,0.013335,0.207590,0.017189,0.184195,0.020124,0.155215,0.020988,0.120563,0.019322,0.085153,0.015497,0.050682,0.010270,0.024582,49.51,-51.87,138.63,58.25,-128.90,161.37,-36.55,-99.64,57.09,-1.36,153.15,98.09,-104.81,-155.32,20.71,0.0247,0.0076,0.0095,0.0068,0.0056,0.0022,0.0057,0.0030,0.0029,0.0031,0.0025,0.0066,0.0075,0.0047,0.0047
2026-08-05 08:29:48.998,25.833333,128,20,0.393319,-0.0115,131.87,0,0,0,63.0122,0.239,0.84776,0,0,0,0,0,0.210270,0.022989,0.193754,0.022969,0.171596,0.022435,0.144080,0.020925,0.111114,0.018204,0.077427,0.014699,0.044538,0.010834,0.020206,-131.87,-74.69,-45.36,27.71,44.49,129.99,134.11,-129.49,-134.98,-28.48,-41.73,73.51,58.02,-178.11,-173.95,0.0247,0.0076,0.0095,0.0068,0.0056,0.0022,0.0057,0.0030,0.0029,0.0031,0.0025,0.0066,0.0075,0.0047,0.0047
2026-08-05 08:29:48.998,25.850000,128,21,0.228721,-0.0046,175.39,0,0,0,63.0122,0.239,0.84776,0,0,0,0,0,0.114071,0.025252,0.104077,0.026160,0.093683,0.026960,0.082987,0.026964,0.069226,0.025873,0.054837,0.023613,0.039003,0.020024,0.023959,-175.39,-163.01,-179.95,-148.70,179.89,-136.20,178.26,-126.35,176.53,-118.19,174.73,-111.65,170.44,-105.41,159.43,0.0247,0.0076,0.0095,0.0068,0.0056,0.0022,0.0057,0.0030,0.0029,0.0031,0.0025,0.0066,0.0075,0.0047,0.0047
2026-08-05 08:29:48.998,25.866667,128,22,0.206581,-0.0064,167.16,0,0,0,63.0122,0.239,0.84776,0,0,0,0,0,0.103651,0.014231,0.094567,0.015100,0.085550,0.015880,0.076945,0.016189,0.065571,0.015539,0.053344,0.014120,0.039745,0.011743,0.026776,-167.16,-144.26,-156.82,-112.46,-141.58,-83.33,-127.85,-57.02,-114.27,-32.74,-100.63,-10.04,-89.43,12.66,-84.34,0.0247,0.0076,0.0095,0.0068,0.0056,0.0022,0.0057,0.0030,0.0029,0.0031,0.0025,0.0066,0.0075,0.0047,0.0047
2026-08-05 08:29:48.998,25.883333,128,23,0.191722,-0.0050,163.47,0,0,0,63.0122,0.239,0.84776,0,0,0,0,0,0.095001,0.011147,0.086533,0.011912,0.078668,0.012593,0.071551,0.012944,0.061926,0.012496,0.051508,0.011521,0.039565,0.010089,0.028309,-163.47,-138.50,-146.70,-101.81,-124.77,-66.64,-104.31,-35.44,-84.01,-6.23,-63.46,20.27,-45.47,45.62,-32.87,0.0247,0.0076,0.0095,0.0068,0.0056,0.0022,0.0057,0.0030,0.0029,0.0031,0.0025,0.0066,0.0075,0.0047,0.0047
2026-08-05 08:29:48.998,25.900000,128,24,0.196628,0.0032,-63.30,0,0,0,63.0122,0.239,0.84776,0,0,0,0,0,0.097872,0.002848,0.089606,0.002706,0.081737,0.003084,0.074672,0.003308,0.064779,0.003253,0.053929,0.003371,0.041743,0.003621,0.029913,63.30,91.30,173.27,-171.97,-71.47,-79.09,42.49,21.89,156.40,122.47,-89.50,-144.83,22.18,-45.97,128.87,0.0247,0.0076,0.0095,0.0068,0.0056,0.0022,0.0057,0.0030,0.0029,0.0031,0.0025,0.0066,0.0075,0.0047,0.0047
2026-08-05 08:29:48.998,25.916667,128,25,0.197379,0.0008,108.92,0,0,0,63.0122,0.239,0.84776,0,0,0,0,0,0.098154,0.013184,0.089265,0.013890,0.081092,0.014424,0.073536,0.014517,0.063448,0.013911,0.052494,0.012722,0.040131,0.010860,0.028339,-108.92,-30.09,17.52,115.79,148.95,-100.02,-81.14,41.08,48.64,179.94,178.64,-43.33,-53.89,92.17,67.82,0.0247,0.0076,0.0095,0.0068,0.0056,0.0022,0.0057,0.0030,0.0029,0.0031,0.0025,0.0066,0.0075,0.0047,0.0047
2026-08-05 08:29:48.998,25.933333,128,26,0.347110,0.0136,-91.00,0,0,0,63.0122,0.239,0.84776,0,0,0,0,0,0.182682,0.029286,0.168990,0.026028,0.151331,0.021953,0.129461,0.017401,0.102328,0.013197,0.074347,0.009679,0.045534,0.008426,0.018415,91.00,177.22,-99.00,-5.21,74.97,172.59,-111.51,-6.97,62.50,179.77,-122.56,16.33,53.91,-137.08,-122.46,0.0247,0.0076,0.0095,0.0068,0.0056,0.0022,0.0057,0.0030,0.0029,0.0031,0.0025,0.0066,0.0075,0.0047,0.0047
2026-08-05 08:29:48.998,25.950000,128,27,0.405733,-0.0228,-116.27,0,0,0,63.0122,0.239,0.84776,0,0,0,0,0,0.213534,0.036140,0.196079,0.036516,0.173845,0.036554,0.146620,0.035393,0.114301,0.032742,0.081149,0.027452,0.048037,0.022041,0.023207,116.27,62.57,-20.31,-56.18,-153.77,-177.64,72.41,59.75,-59.85,-63.31,169.98,174.85,45.41,58.41,-55.26,0.0247,0.0076,0.0095,0.0068,0.0056,0.0022,0.0057,0.0030,0.0029,0.0031,0.0025,0.0066,0.0075,0.0047,0.0047
2026-08-05 08:29:48.998,25.966667,128,28,0.332558,0.0132,-35.82,0,0,0,63.0122,0.239,0.84776,0,0,0,0,0,0.176669,0.012548,0.162436,0.017123,0.144578,0.020894,0.123432,0.023031,0.097460,0.022591,0.070110,0.019724,0.042250,0.014914,0.016445,35.82,-75.84,96.31,6.27,160.33,80.09,-136.23,149.61,-72.16,-141.54,-7.26,-73.83,58.71,-5.94,130.27,0.0247,0.0076,0.0095,0.0068,0.0056,0.0022,0.0057,0.0030,0.0029,0.0031,0.0025,0.0066,0.0075,0.0047,0.0047
2026-08-05 08:29:48.998,25.983333,128,29,0.367448,0.0062,-135.74,0,0,0,63.0122,0.239,0.84776,0,0,0,0,0,0.196558,0.020261,0.180625,0.022622,0.159997,0.024812,0.135192,0.025430,0.104992,0.023479,0.073642,0.019243,0.042318,0.013215,0.015388,135.74,110.23,36.99,32.23,-58.54,-51.27,-154.46,-138.35,110.57,134.35,16.95,46.39,-73.68,-39.07,-146.59,0.0247,0.0076,0.0095,0.0068,0.0056,0.0022,0.0057,0.0030,0.0029,0.0031,0.0025,0.0066,0.0075,0.0047,0.0047
2026-08-05 08:29:49.494,26.000000,129,0,0.372768,0.0294,-43.79,0,0,0,63.0122,0.231,1.40354,0,0,0,0,0,0.199687,0.016248,0.183750,0.019380,0.162671,0.021969,0.137136,0.022961,0.106365,0.021761,0.074317,0.018321,0.042332,0.013318,0.015469,43.79,-69.31,121.04,30.24,-158.39,123.15,-78.12,-147.79,3.07,-59.15,85.97,30.47,172.64,123.79,-79.15,0.0122,0.0060,0.0054,0.0063,0.0030,0.0022,0.0068,0.0031,0.0042,0.0015,0.0050,0.0033,0.0051,0.0049,0.0036
2026-08-05 08:29:49.494,26.016667,129,1,0.379671,-0.0216,161.36,0,0,0,63.0122,0.231,1.40354,0,0,0,0,0,0.203146,0.017632,0.187219,0.019672,0.166106,0.021148,0.140544,0.021269,0.109747,0.019547,0.077524,0.015570,0.045329,0.010355,0.017429,-161.36,-124.06,-134.26,-76.07,-103.87,-32.70,-73.94,7.23,-43.09,46.38,-10.71,86.99,24.41,133.63,75.01,0.0122,0.0060,0.0054,0.0063,0.0030,0.0022,0.0068,0.0031,0.0042,0.0015,0.0050,0.0033,0.0051,0.0049,0.0036
2026-08-05 08:29:49.494,26.033333,129,2,0.319643,0.0148,-68.77,0,0,0,63.0122,0.231,1.40354,0,0,0,0,0,0.165729,0.044882,0.150763,0.044608,0.132343,0.044128,0.111200,0.042770,0.085280,0.039194,0.058345,0.033457,0.031473,0.026545,0.008203,68.77,-32.89,-164.59,111.40,-34.75,-105.70,94.14,36.21,-136.65,178.08,-7.84,-39.78,118.14,103.95,-139.58,0.0122,0.0060,0.0054,0.0063,0.0030,0.0022,0.0068,0.0031,0.0042,0.0015,0.0050,0.0033,0.0051,0.0049,0.0036
2026-08-05 08:29:49.494,26.050000,129,3,0.515967,0.0153,-74.91,0,0,0,63.0122,0.231,1.40354,0,0,0,0,0,0.276956,0.006151,0.256900,0.010622,0.226509,0.013945,0.187749,0.014517,0.143219,0.013482,0.098570,0.010487,0.058937,0.005618,0.039071,74.91,78.83,-144.41,-158.96,-0.34,-21.04,143.97,116.68,-69.64,-104.91,81.15,35.73,-117.45,173.70,68.48,0.0122,0.0060,0.0054,0.0063,0.0030,0.0022,0.0068,0.0031,0.0042,0.0015,0.0050,0.0033,0.0051,0.0049,0.0036
2026-08-05 08:29:49.494,26.066667,129,4,0.464935,0.0216,72.56,0,0,0,63.0122,0.231,1.40354,0,0,0,0,0,0.241431,0.061775,0.221216,0.059544,0.194360,0.056707,0.161185,0.052608,0.121874,0.046425,0.082649,0.039293,0.047568,0.032175,0.029705,-72.56,42.06,133.63,-97.89,-17.28,122.06,-167.88,-17.45,43.46,-156.18,-101.40,67.10,124.70,-65.47,21.34,0.0122,0.0060,0.0054,0.0063,0.0030,0.0022,0.0068,0.0031,0.0042,0.0015,0.0050,0.0033,0.0051,0.0049,0.0036
2026-08-05 08:29:49.494,26.083333,129,5,0.328344,-0.0067,-166.90,0,0,0,63.0122,0.231,1.40354,0,0,0,0,0,0.173434,0.022356,0.159533,0.023182,0.142267,0.023710,0.121688,0.023196,0.096358,0.021264,0.069838,0.017658,0.042567,0.012751,0.017503,166.90,165.45,129.52,146.29,95.71,125.32,61.24,101.83,27.39,77.51,-5.33,54.47,-37.02,33.70,-63.64,0.0122,0.0060,0.0054,0.0063,0.0030,0.0022,0.0068,0.0031,0.0042,0.0015,0.0050,0.0033,0.0051,0.0049,0.0036
2026-08-05 08:29:49.494,26.100000,129,6,0.349779,-0.0087,170.34,0,0,0,63.0122,0.231,1.40354,0,0,0,0,0,0.186022,0.026378,0.170720,0.026849,0.151340,0.027402,0.127861,0.026723,0.099569,0.024578,0.070042,0.021121,0.040085,0.016127,0.014039,-170.34,-148.92,-161.77,-121.96,-149.79,-96.42,-138.26,-72.83,-125.97,-49.87,-112.22,-25.19,-95.96,2.62,-63.68,0.0122,0.0060,0.0054,0.0063,0.0030,0.0022,0.0068,0.0031,0.0042,0.0015,0.0050,0.0033,0.0051,0.0049,0.0036
2026-08-05 08:29:49.494,26.116667,129,7,0.308612,-0.0103,125.28,0,0,0,63.0122,0.231,1.40354,0,0,0,0,0,0.162937,0.005931,0.150665,0.010384,0.134605,0.013519,0.116053,0.014999,0.093336,0.014937,0.068947,0.012786,0.043641,0.008984,0.020101,-125.28,-12.96,-27.69,99.89,73.77,-152.43,174.19,-48.90,-85.02,54.42,16.20,158.82,116.49,-97.16,-146.90,0.0122,0.0060,0.0054,0.0063,0.0030,0.0022,0.0068,0.0031,0.0042,0.0015,0.0050,0.0033,0.0051,0.0049,0.0036
2026-08-05 08:29:49.494,26.133333,129,8,0.275674,0.0095,-47.59,0,0,0,63.0122,0.231,1.40354,0,0,0,0,0,0.142574,0.031989,0.129630,0.032368,0.115487,0.032832,0.098967,0.032053,0.078698,0.029954,0.057489,0.026062,0.035070,0.020490,0.014945,47.59,-75.84,130.32,24.03,-143.12,123.13,-57.57,-139.75,27.99,-44.09,113.84,51.67,-162.82,146.93,-89.85,0.0122,0.0060,0.0054,0.0063,0.0030,0.0022,0.0068,0.0031,0.0042,0.0015,0.0050,0.0033,0.0051,0.0049,0.0036
2026-08-05 08:29:49.494,26.150000,129,9,0.398405,0.0138,127.63,0,0,0,63.0122,0.231,1.40354,0,0,0,0,0,0.213847,0.011522,0.198459,0.010410,0.175080,0.008959,0.147232,0.006354,0.113573,0.003807,0.079028,0.003421,0.045509,0.005715,0.020962,-127.63,86.32,-33.11,165.15,65.03,-109.30,162.77,-32.61,-97.87,35.16,3.90,62.85,112.71,112.61,-111.60,0.0122,0.0060,0.0054,0.0063,0.0030,0.0022,0.0068,0.0031,0.0042,0.0015,0.0050,0.0033,0.0051,0.0049,0.0036
2026-08-05 08:29:49.494,26.166667,129,10,0.349354,0.0013,-103.34,0,0,0,63.0122,0.231,1.40354,0,0,0,0,0,0.181597,0.051112,0.164926,0.048860,0.145965,0.046584,0.122367,0.042344,0.094212,0.037149,0.065180,0.031121,0.035491,0.024596,0.009660,103.34,33.08,-60.60,-116.88,138.75,94.42,-22.32,-54.22,176.96,157.50,17.69,12.22,-140.00,-130.25,76.02,0.0122,0.0060,0.0054,0.0063,0.0030,0.0022,0.0068,0.0031,0.0042,0.0015,0.0050,0.0033,0.0051,0.0049,0.0036
2026-08-05 08:29:49.494,26.183333,129,11,0.281713,0.0117,45.43,0,0,0,63.0122,0.231,1.40354,0,0,0,0,0,0.146710,0.011093,0.135446,0.012178,0.121718,0.012945,0.106642,0.013345,0.087418,0.012447,0.067004,0.010716,0.044769,0.007415,0.023981,-45.43,103.63,-148.52,21.94,112.21,-65.27,12.10,-155.63,-87.76,111.77,172.98,18.94,72.80,-75.14,-30.76,0.0122,0.0060,0.0054,0.0063,0.0030,0.0022,0.0068,0.0031,0.0042,0.0015,0.0050,0.0033,0.0051,0.0049,0.0036
2026-08-05 08:29:49.494,26.200000,129,12,0.227390,0.0036,-20.05,0,0,0,63.0122,0.231,1.40354,0,0,0,0,0,0.114125,0.035420,0.102595,0.034706,0.091554,0.033568,0.079584,0.031469,0.064876,0.028457,0.049232,0.024466,0.032902,0.019283,0.019719,20.05,-135.02,45.79,-93.50,75.93,-51.23,104.40,-10.37,132.55,30.48,159.90,71.12,-177.38,112.17,-168.29,0.0122,0.0060,0.0054,0.0063,0.0030,0.0022,0.0068,0.0031,0.0042,0.0015,0.0050,0.0033,0.0051,0.0049,0.0036
2026-08-05 08:29:49.494,26.216667,129,13,0.186214,-0.0063,-173.72,0,0,0,63.0122,0.231,1.40354,0,0,0,0,0,0.091571,0.016600,0.083181,0.017183,0.075220,0.017490,0.068470,0.017778,0.058883,0.017026,0.048597,0.015885,0.036910,0.013224,0.026811,173.72,173.59,144.52,163.58,120.61,152.22,95.00,138.70,69.52,123.55,43.93,107.24,15.22,88.64,-19.73,0.0122,0.0060,0.0054,0.0063,0.0030,0.0022,0.0068,0.0031,0.0042,0.0015,0.0050,0.0033,0.0051,0.0049,0.0036
2026-08-05 08:29:49.494,26.233333,129,14,0.180585,-0.0114,-171.81,0,0,0,63.0122,0.231,1.40354,0,0,0,0,0,0.088359,0.008080,0.080642,0.009384,0.073142,0.010329,0.067503,0.011304,0.058880,0.011452,0.049780,0.010827,0.039111,0.009266,0.029611,171.81,175.96,138.18,168.11,109.94,151.98,80.15,133.78,50.43,111.71,21.04,89.34,-11.76,62.47,-48.97,0.0122,0.0060,0.0054,0.0063,0.0030,0.0022,0.0068,0.0031,0.0042,0.0015,0.0050,0.0033,0.0051,0.0049,0.0036
2026-08-05 08:29:49.494,26.250000,129,15,0.333787,0.0018,7.93,0,0,0,63.0122,0.231,1.40354,0,0,0,0,0,0.175858,0.024269,0.163757,0.021838,0.145204,0.017679,0.124469,0.013268,0.098411,0.009647,0.071166,0.008982,0.042859,0.011113,0.016653,-7.93,-17.22,-34.65,-39.02,-58.08,-53.34,-81.88,-64.92,-105.29,-61.33,-127.40,-50.26,-148.67,-47.90,-164.84,0.0122,0.0060,0.0054,0.0063,0.0030,0.0022,0.0068,0.0031,0.0042,0.0015,0.0050,0.0033,0.0051,0.0049,0.0036
2026-08-05 08:29:49.494,26.266667,129,16,0.401750,-0.0022,-165.57,0,0,0,63.0122,0.231,1.40354,0,0,0,0,0,0.210275,0.051033,0.191728,0.049739,0.169539,0.047138,0.141170,0.043480,0.107906,0.038256,0.073749,0.032181,0.041578,0.025864,0.019808,165.57,157.77,126.59,132.12,91.15,108.32,55.37,83.46,21.30,60.21,-10.18,38.17,-33.05,21.17,-23.89,0.0122,0.0060,0.0054,0.0063,0.0030,0.0022,0.0068,0.0031,0.0042,0.0015,0.0050,0.0033,0.0051,0.0049,0.0036
2026-08-05 08:29:49.494,26.283333,129,17,0.261733,0.0119,-19.92,0,0,0,63.0122,0.231,1.40354,0,0,0,0,0,0.131910,0.041305,0.118924,0.041807,0.105265,0.041622,0.089549,0.040536,0.070342,0.037508,0.050416,0.033216,0.029814,0.026726,0.013497,19.92,-132.26,46.25,-88.94,77.04,-45.10,106.08,-3.64,135.38,37.91,163.46,78.39,-172.49,120.13,-171.98,0.0122,0.0060,0.0054,0.0063,0.0030,0.0022,0.0068,0.0031,0.0042,0.0015,0.0050,0.0033,0.0051,0.0049,0.0036
2026-08-05 08:29:49.494,26.300000,129,18,0.253502,-0.0024,-141.74,0,0,0,63.0122,0.231,1.40354,0,0,0,0,0,0.128435,0.036841,0.116210,0.037022,0.103278,0.036696,0.088689,0.035557,0.070607,0.032806,0.051642,0.028840,0.032131,0.023047,0.015938,141.74,111.00,51.78,38.08,-33.94,-34.45,-121.27,-109.12,151.50,176.21,63.38,100.71,-28.75,26.44,-138.85,0.0122,0.0060,0.0054,0.0063,0.0030,0.0022,0.0068,0.0031,0.0042,0.0015,0.0050,0.0033,0.0051,0.0049,0.0036
2026-08-05 08:29:49.494,26.316667,129,19,0.254007,0.0005,-115.68,0,0,0,63.0122,0.231,1.40354,0,0,0,0,0,0.132097,0.005855,0.121952,0.008459,0.109375,0.010798,0.095936,0.011742,0.079123,0.011876,0.060361,0.010188,0.041064,0.007505,0.022821,115.68,86.98,-25.68,-26.42,-163.35,-156.14,58.23,73.21,-80.36,-59.60,141.21,166.05,0.99,35.09,-147.58,0.0122,0.0060,0.0054,0.0063,0.0030,0.0022,0.0068,0.0031,0.0042,0.0015,0.0050,0.0033,0.0051,0.0049,0.0036
2026-08-05 08:29:49.494,26.333333,129,20,0.371490,-0.0059,-130.38,0,0,0,63.0122,0.231,1.40354,0,0,0,0,0,0.199579,0.025372,0.183367,0.027186,0.161145,0.028339,0.134506,0.028406,0.102376,0.026612,0.069245,0.022541,0.036790,0.017338,0.010127,130.38,94.90,20.70,5.24,-85.61,-88.44,167.71,176.16,61.86,78.86,-42.01,-17.41,-141.86,-110.68,156.02,0.0122,0.0060,0.0054,0.0063,0.0030,0.0022,0.0068,0.0031,0.0042,0.0015,0.0050,0.0033,0.0051,0.0049,0.0036
2026-08-05 08:29:49.494,26.350000,129,21,0.373909,0.0082,53.66,0,0,0,63.0122,0.231,1.40354,0,0,0,0,0,0.201049,0.009936,0.185548,0.014029,0.163948,0.017234,0.137859,0.018445,0.106407,0.017856,0.073668,0.014943,0.041876,0.010799,0.015640,-53.66,108.76,-170.99,15.63,74.85,-88.98,-39.49,163.93,-152.88,55.78,95.87,-50.35,-10.48,-149.19,-90.80,0.0122,0.0060,0.0054,0.0063,0.0030,0.0022,0.0068,0.0031,0.0042,0.0015,0.0050,0.0033,0.0051,0.0049,0.0036
2026-08-05 08:29:49.494,26.366667,129,22,0.484972,0.0245,67.20,0,0,0,63.0122,0.231,1.40354,0,0,0,0,0,0.258470,0.018842,0.238886,0.021931,0.210422,0.024587,0.174603,0.025459,0.133038,0.023975,0.091853,0.020445,0.056735,0.016006,0.040572,-67.20,66.26,149.68,-55.47,9.63,175.87,-129.89,44.40,92.89,-87.98,-39.67,141.58,-160.89,17.50,100.55,0.0122,0.0060,0.0054,0.0063,0.0030,0.0022,0.0068,0.0031,0.0042,0.0015,0.0050,0.0033,0.0051,0.0049,0.0036
2026-08-05 08:29:49.494,26.383333,129,23,0.352374,0.0072,-46.13,0,0,0,63.0122,0.231,1.40354,0,0,0,0,0,0.182821,0.046836,0.166647,0.048113,0.146507,0.047576,0.122813,0.046047,0.093586,0.042513,0.063795,0.036472,0.034874,0.029656,0.010980,46.13,-78.72,126.96,18.89,-148.12,115.45,-63.89,-148.40,21.21,-53.61,108.49,42.34,-160.05,141.05,-35.97,0.0122,0.0060,0.0054,0.0063,0.0030,0.0022,0.0068,0.0031,0.0042,0.0015,0.0050,0.0033,0.0051,0.0049,0.0036
2026-08-05 08:29:49.494,26.400000,129,24,0.289694,0.0031,-43.69,0,0,0,63.0122,0.231,1.40354,0,0,0,0,0,0.152214,0.025130,0.139266,0.026656,0.123521,0.027699,0.105618,0.027844,0.083541,0.026404,0.060022,0.023063,0.036113,0.018221,0.013642,43.69,-81.00,118.97,13.66,-161.90,105.52,-83.74,-164.96,-5.31,-77.20,73.56,10.10,151.48,98.24,-137.64,0.0122,0.0060,0.0054,0.0063,0.0030,0.0022,0.0068,0.0031,0.0042,0.0015,0.0050,0.0033,0.0051,0.0049,0.0036
2026-08-05 08:29:49.494,26.416667,129,25,0.275713,0.0056,130.22,0,0,0,63.0122,0.231,1.40354,0,0,0,0,0,0.146272,0.018181,0.133965,0.019243,0.118807,0.019828,0.101883,0.019646,0.080847,0.018084,0.058349,0.014844,0.035515,0.010405,0.014383,-130.22,-68.67,-43.05,38.04,47.98,141.25,138.02,-117.84,-131.78,-18.99,-41.41,79.14,47.12,178.65,124.88,0.0122,0.0060,0.0054,0.0063,0.0030,0.0022,0.0068,0.0031,0.0042,0.0015,0.0050,0.0033,0.0051,0.0049,0.0036
2026-08-05 08:29:49.494,26.433333,129,26,0.266576,-0.0092,-148.19,0,0,0,63.0122,0.231,1.40354,0,0,0,0,0,0.139900,0.019939,0.128178,0.020645,0.114020,0.021159,0.098575,0.020800,0.079123,0.019511,0.058564,0.016907,0.037230,0.013062,0.017406,148.19,127.09,71.84,70.84,-0.61,11.62,-74.07,-49.57,-147.56,-111.73,139.06,-174.43,63.23,124.38,-23.18,0.0122,0.0060,0.0054,0.0063,0.0030,0.0022,0.0068,0.0031,0.0042,0.0015,0.0050,0.0033,0.0051,0.0049,0.0036
2026-08-05 08:29:49.494,26.450000,129,27,0.250568,-0.0029,120.48,0,0,0,63.0122,0.231,1.40354,0,0,0,0,0,0.131876,0.017481,0.120418,0.018863,0.107066,0.020093,0.092491,0.020242,0.074206,0.019224,0.054752,0.016481,0.034481,0.012440,0.015306,-120.48,-48.64,-14.54,77.67,95.48,-160.40,-155.54,-41.05,-46.33,76.41,63.08,-167.87,170.81,-51.30,-90.83,0.0122,0.0060,0.0054,0.0063,0.0030,0.0022,0.0068,0.0031,0.0042,0.0015,0.0050,0.0033,0.0051,0.0049,0.0036
2026-08-05 08:29:49.494,26.466667,129,28,0.420259,0.0021,-141.88,0,0,0,63.0122,0.231,1.40354,0,0,0,0,0,0.223299,0.036240,0.207054,0.033546,0.183729,0.028160,0.153976,0.021093,0.118281,0.014995,0.082015,0.011925,0.047425,0.011837,0.021506,141.88,-79.47,57.14,-159.12,-24.93,122.17,-107.18,47.67,172.14,-16.74,94.29,-70.93,22.76,-124.09,-20.13,0.0122,0.0060,0.0054,0.0063,0.0030,0.0022,0.0068,0.0031,0.0042,0.0015,0.0050,0.0033,0.0051,0.0049,0.0036
2026-08-05 08:29:49.494,26.483333,129,29,0.552038,0.0282,31.36,0,0,0,63.0122,0.231,1.40354,0,0,0,0,0,0.260052,0.030591,0.238950,0.028177,0.208026,0.024410,0.169567,0.020708,0.124983,0.020301,0.080979,0.025345,0.040596,0.033386,0.009054,-31.36,-69.59,-103.81,-136.48,-173.32,161.80,116.88,109.48,47.77,68.11,-20.05,24.22,-85.02,-28.94,-122.46,0.0122,0.0060,0.0054,0.0063,0.0030,0.0022,0.0068,0.0031,0.0042,0.0015,0.0050,0.0033,0.0051,0.0049,0.0036
2026-08-05 08:29:50.006,26.500000,130,0,0.579285,0.0057,-172.18,0,0,0,63.0122,0.249,14.24700,0,0,0,0,0,0.211547,0.053599,0.193092,0.050696,0.167376,0.046966,0.138098,0.044324,0.107558,0.045157,0.083054,0.049702,0.068825,0.056264,0.063752,172.18,-13.95,143.54,-26.04,117.46,-34.67,88.93,-39.05,57.24,-40.50,21.10,-43.24,-18.96,-49.34,-56.39,0.0021,0.0095,0.0127,0.0083,0.0081,0.0094,0.0084,0.0066,0.0053,0.0031,0.0113,0.0081,0.0033,0.0062,0.0035
2026-08-05 08:29:50.006,26.516667,130,1,0.575548,-0.0007,171.70,0,0,0,63.0122,0.249,14.24700,0,0,0,0,0,0.230181,0.068381,0.210861,0.066834,0.183596,0.065286,0.151346,0.065250,0.115500,0.068071,0.082593,0.073679,0.056526,0.080867,0.040879,-171.70,19.39,-167.05,40.23,-159.56,63.40,-153.52,88.76,-149.11,115.36,-147.70,141.58,-152.14,166.44,-162.70,0.0021,0.0095,0.0127,0.0083,0.0081,0.0094,0.0084,0.0066,0.0053,0.0031,0.0113,0.0081,0.0033,0.0062,0.0035
2026-08-05 08:29:50.006,26.533333,130,2,0.561971,0.0379,-44.22,0,0,0,63.0122,0.249,14.24700,0,0,0,0,0,0.226288,0.068482,0.207389,0.066460,0.181133,0.064159,0.150260,0.063150,0.115991,0.065040,0.084665,0.070082,0.059615,0.076930,0.043248,44.22,91.25,120.58,-175.99,-160.26,-80.65,-82.57,17.18,-6.40,116.59,67.11,-144.36,135.94,-46.84,-159.53,0.0021,0.0095,0.0127,0.0083,0.0081,0.0094,0.0084,0.0066,0.0053,0.0031,0.0113,0.0081,0.0033,0.0062,0.0035
2026-08-05 08:29:50.006,26.550000,130,3,0.554201,0.0257,38.93,0,0,0,63.0122,0.249,14.24700,0,0,0,0,0,0.220737,0.072285,0.202867,0.070358,0.177925,0.068092,0.148748,0.067158,0.116100,0.068604,0.085684,0.072998,0.060102,0.078846,0.041840,-38.93,-73.21,-128.97,-145.17,143.92,144.88,55.47,76.98,-34.14,10.32,-125.65,-56.73,139.33,-125.26,40.70,0.0021,0.0095,0.0127,0.0083,0.0081,0.0094,0.0084,0.0066,0.0053,0.0031,0.0113,0.0081,0.0033,0.0062,0.0035
2026-08-05 08:29:50.006,26.566667,130,4,0.597970,0.0192,20.99,0,0,0,63.0122,0.249,14.24700,0,0,0,0,0,0.189185,0.032800,0.173246,0.030038,0.152594,0.026611,0.131325,0.024563,0.111498,0.025899,0.098489,0.030608,0.092666,0.036276,0.090412,-20.99,-37.36,-77.75,-71.89,-131.94,-101.53,171.01,-124.48,111.11,-144.24,49.68,-168.30,-10.45,162.19,-65.49,0.0021,0.0095,0.0127,0.0083,0.0081,0.0094,0.0084,0.0066,0.0053,0.0031,0.0113,0.0081,0.0033,0.0062,0.0035
2026-08-05 08:29:50.006,26.583333,130,5,0.542300,-0.0210,-147.72,0,0,0,63.0122,0.249,14.24700,0,0,0,0,0,0.233974,0.050103,0.215501,0.046212,0.189714,0.041465,0.158678,0.038641,0.123103,0.040572,0.088320,0.047179,0.056815,0.055615,0.030478,147.72,-62.01,71.96,-122.01,-0.78,-176.97,-74.30,134.08,-148.03,87.94,138.14,38.23,63.64,-16.37,-11.35,0.0021,0.0095,0.0127,0.0083,0.0081,0.0094,0.0084,0.0066,0.0053,0.0031,0.0113,0.0081,0.0033,0.0062,0.0035
2026-08-05 08:29:50.006,26.600000,130,6,0.525048,0.0184,-165.43,0,0,0,63.0122,0.249,14.24700,0,0,0,0,0,0.205991,0.062244,0.189488,0.060955,0.167280,0.060163,0.141674,0.061424,0.113005,0.065223,0.086031,0.071321,0.062795,0.077850,0.044620,165.43,-22.79,123.28,-44.36,84.32,-63.84,44.06,-81.77,2.84,-99.54,-39.58,-118.91,-83.97,-140.09,-129.78,0.0021,0.0095,0.0127,0.0083,0.0081,0.0094,0.0084,0.0066,0.0053,0.0031,0.0113,0.0081,0.0033,0.0062,0.0035
2026-08-05 08:29:50.006,26.616667,130,7,0.403652,0.0180,-46.34,0,0,0,63.0122,0.249,14.24700,0,0,0,0,0,0.214106,0.039892,0.196456,0.041535,0.172043,0.042286,0.142169,0.041270,0.106778,0.037715,0.071036,0.031951,0.038177,0.025000,0.018986,46.34,-76.93,128.26,24.07,-146.26,122.05,-60.84,-141.67,26.12,-45.80,116.41,51.49,-144.03,153.58,-3.17,0.0021,0.0095,0.0127,0.0083,0.0081,0.0094,0.0084,0.0066,0.0053,0.0031,0.0113,0.0081,0.0033,0.0062,0.0035
2026-08-05 08:29:50.006,26.633333,130,8,0.459295,-0.0132,-103.59,0,0,0,63.0122,0.249,14.24700,0,0,0,0,0,0.246702,0.014952,0.227298,0.020451,0.199819,0.024799,0.165663,0.026739,0.125130,0.025955,0.084689,0.022231,0.048466,0.016953,0.030556,103.59,59.23,-58.41,-79.81,142.88,130.62,-15.74,-21.88,-172.33,-175.10,35.15,33.19,-106.52,-111.96,144.16,0.0021,0.0095,0.0127,0.0083,0.0081,0.0094,0.0084,0.0066,0.0053,0.0031,0.0113,0.0081,0.0033,0.0062,0.0035
2026-08-05 08:29:50.006,26.650000,130,9,0.538993,0.0261,94.80,0,0,0,63.0122,0.249,14.24700,0,0,0,0,0,0.234197,0.041575,0.214687,0.040841,0.186819,0.040159,0.152782,0.040266,0.113828,0.042175,0.075855,0.046802,0.042733,0.053636,0.021788,-94.80,170.64,64.56,-17.12,-133.20,157.81,27.98,-24.35,-171.73,156.01,-13.72,-23.40,136.98,155.42,-95.75,0.0021,0.0095,0.0127,0.0083,0.0081,0.0094,0.0084,0.0066,0.0053,0.0031,0.0113,0.0081,0.0033,0.0062,0.0035
2026-08-05 08:29:50.006,26.666667,130,10,0.491965,0.0077,-160.74,0,0,0,63.0122,0.249,14.24700,0,0,0,0,0,0.204918,0.020606,0.187937,0.023403,0.165029,0.027344,0.137755,0.031827,0.106409,0.036323,0.076178,0.040757,0.050136,0.045157,0.032943,160.74,-32.43,109.62,-65.77,61.72,-100.42,12.44,-135.79,-38.16,-171.19,-91.28,154.75,-150.79,122.03,138.29,0.0021,0.0095,0.0127,0.0083,0.0081,0.0094,0.0084,0.0066,0.0053,0.0031,0.0113,0.0081,0.0033,0.0062,0.0035
2026-08-05 08:29:50.006,26.683333,130,11,0.538293,0.0134,-23.90,0,0,0,63.0122,0.249,14.24700,0,0,0,0,0,0.263729,0.001262,0.244178,0.003533,0.216257,0.008288,0.181280,0.013314,0.139986,0.017906,0.098319,0.020719,0.059321,0.021401,0.031693,23.90,161.87,62.37,123.23,103.96,148.51,145.66,-175.91,-171.14,-136.59,-125.22,-95.63,-72.68,-50.72,2.19,0.0021,0.0095,0.0127,0.0083,0.0081,0.0094,0.0084,0.0066,0.0053,0.0031,0.0113,0.0081,0.0033,0.0062,0.0035
2026-08-05 08:29:50.006,26.700000,130,12,0.555602,0.0222,64.65,0,0,0,63.0122,0.249,14.24700,0,0,0,0,0,0.191032,0.079894,0.175621,0.084373,0.155760,0.090084,0.133757,0.095518,0.109978,0.099122,0.089238,0.100760,0.073413,0.100704,0.062976,-64.65,-121.23,151.61,116.56,11.13,-7.11,-131.27,-132.05,84.51,102.59,-61.93,-22.33,149.55,-146.19,1.35,0.0021,0.0095,0.0127,0.0083,0.0081,0.0094,0.0084,0.0066,0.0053,0.0031,0.0113,0.0081,0.0033,0.0062,0.0035
2026-08-05 08:29:50.006,26.716667,130,13,0.482316,0.0112,25.12,0,0,0,63.0122,0.249,14.24700,0,0,0,0,0,0.253651,0.026218,0.235221,0.022816,0.209276,0.018084,0.176975,0.014562,0.138530,0.014669,0.099503,0.017650,0.063281,0.020925,0.038773,-25.12,131.44,-84.64,84.74,-140.94,43.40,162.95,13.35,108.63,-10.34,57.55,-42.31,13.87,-84.21,-9.95,0.0021,0.0095,0.0127,0.0083,0.0081,0.0094,0.0084,0.0066,0.0053,0.0031,0.0113,0.0081,0.0033,0.0062,0.0035
2026-08-05 08:29:50.006,26.733333,130,14,0.522159,0.0094,-159.98,0,0,0,63.0122,0.249,14.24700,0,0,0,0,0,0.190281,0.045877,0.176467,0.051469,0.158823,0.058394,0.139386,0.064574,0.117201,0.068944,0.096016,0.071323,0.076405,0.072098,0.059090,159.98,-25.94,105.93,-54.59,55.32,-87.11,3.56,-121.79,-48.73,-157.06,-101.27,168.39,-154.19,135.47,154.16,0.0021,0.0095,0.0127,0.0083,0.0081,0.0094,0.0084,0.0066,0.0053,0.0031,0.0113,0.0081,0.0033,0.0062,0.0035
2026-08-05 08:29:50.006,26.750000,130,15,0.431352,-0.0120,135.67,0,0,0,63.0122,0.249,14.24700,0,0,0,0,0,0.227383,0.020161,0.210572,0.016884,0.187747,0.012134,0.159300,0.007379,0.125384,0.006268,0.090406,0.009567,0.056802,0.012992,0.031812,-135.67,-94.59,-56.70,-8.18,25.54,82.16,107.84,-171.66,-168.27,-36.48,-81.57,79.14,11.56,173.11,125.44,0.0021,0.0095,0.0127,0.0083,0.0081,0.0094,0.0084,0.0066,0.0053,0.0031,0.0113,0.0081,0.0033,0.0062,0.0035
2026-08-05 08:29:50.006,26.766667,130,16,0.423593,0.0128,28.01,0,0,0,63.0122,0.249,14.24700,0,0,0,0,0,0.221416,0.036059,0.204683,0.032898,0.182082,0.028526,0.154140,0.024866,0.120672,0.023137,0.086215,0.023643,0.053153,0.025259,0.028418,-28.01,126.85,-94.19,75.00,-156.96,26.06,140.23,-17.58,78.85,-57.49,20.22,-98.04,-32.06,-143.29,-62.83,0.0021,0.0095,0.0127,0.0083,0.0081,0.0094,0.0084,0.0066,0.0053,0.0031,0.0113,0.0081,0.0033,0.0062,0.0035
2026-08-05 08:29:50.006,26.783333,130,17,0.477128,0.0163,39.76,0,0,0,63.0122,0.249,14.24700,0,0,0,0,0,0.250653,0.049502,0.231269,0.044235,0.203859,0.036441,0.169449,0.027682,0.129191,0.020209,0.088963,0.016689,0.054110,0.017655,0.038201,-39.76,95.27,-128.87,11.08,145.44,-71.26,60.13,-149.00,-22.93,141.77,-101.45,83.51,-168.45,22.77,149.50,0.0021,0.0095,0.0127,0.0083,0.0081,0.0094,0.0084,0.0066,0.0053,0.0031,0.0113,0.0081,0.0033,0.0062,0.0035
2026-08-05 08:29:50.006,26.800000,130,18,0.530482,0.0083,-100.92,0,0,0,63.0122,0.249,14.24700,0,0,0,0,0,0.277989,0.020885,0.257500,0.017850,0.228299,0.013307,0.191126,0.008114,0.147937,0.004164,0.105396,0.004956,0.069847,0.007983,0.053789,100.92,14.04,-65.76,-152.02,130.77,43.16,-32.12,-114.98,167.55,114.28,11.99,8.97,-132.95,-139.51,99.12,0.0021,0.0095,0.0127,0.0083,0.0081,0.0094,0.0084,0.0066,0.0053,0.0031,0.0113,0.0081,0.0033,0.0062,0.0035
2026-08-05 08:29:50.006,26.816667,130,19,0.546402,-0.0046,170.83,0,0,0,63.0122,0.249,14.24700,0,0,0,0,0,0.232947,0.055069,0.213466,0.058760,0.186035,0.062953,0.152113,0.066242,0.112771,0.067798,0.073944,0.067576,0.039156,0.066325,0.016690,-170.83,29.33,-163.39,56.95,-152.87,82.33,-143.31,105.91,-134.15,129.05,-126.75,152.81,-126.41,177.91,-160.02,0.0021,0.0095,0.0127,0.0083,0.0081,0.0094,0.0084,0.0066,0.0053,0.0031,0.0113,0.0081,0.0033,0.0062,0.0035
2026-08-05 08:29:50.006,26.833333,130,20,0.471882,0.0045,17.42,0,0,0,63.0122,0.249,14.24700,0,0,0,0,0,0.253111,0.024186,0.233057,0.021965,0.204521,0.018403,0.168535,0.014172,0.126903,0.010530,0.085981,0.009506,0.051892,0.012242,0.039609,-17.42,134.32,-61.41,89.61,-102.02,46.84,-142.21,10.41,-179.93,-14.04,147.33,-22.83,127.60,-37.92,132.22,0.0021,0.0095,0.0127,0.0083,0.0081,0.0094,0.0084,0.0066,0.0053,0.0031,0.0113,0.0081,0.0033,0.0062,0.0035
2026-08-05 08:29:50.006,26.850000,130,21,0.419113,0.0187,-43.80,0,0,0,63.0122,0.249,14.24700,0,0,0,0,0,0.223543,0.028220,0.205968,0.026293,0.181865,0.023402,0.151822,0.019913,0.116316,0.016799,0.080377,0.014725,0.047178,0.014300,0.027410,43.80,-98.89,121.51,-17.42,-157.33,65.46,-76.13,151.87,6.88,-116.99,93.37,-20.05,-171.14,79.16,-45.95,0.0021,0.0095,0.0127,0.0083,0.0081,0.0094,0.0084,0.0066,0.0053,0.0031,0.0113,0.0081,0.0033,0.0062,0.0035
2026-08-05 08:29:50.006,26.866667,130,22,0.425964,0.0013,91.64,0,0,0,63.0122,0.249,14.24700,0,0,0,0,0,0.228238,0.029837,0.210099,0.027189,0.184987,0.023121,0.153579,0.018713,0.116502,0.014808,0.079231,0.013083,0.045535,0.014005,0.027647,-91.64,-9.69,75.31,160.94,-114.31,-26.54,56.18,150.65,-131.49,-24.70,44.61,168.33,-128.92,0.49,89.55,0.0021,0.0095,0.0127,0.0083,0.0081,0.0094,0.0084,0.0066,0.0053,0.0031,0.0113,0.0081,0.0033,0.0062,0.0035
2026-08-05 08:29:50.006,26.883333,130,23,0.453769,0.0080,-96.79,0,0,0,63.0122,0.249,14.24700,0,0,0,0,0,0.245338,0.018293,0.225802,0.017658,0.198007,0.016216,0.163131,0.014024,0.122554,0.011229,0.082467,0.009069,0.047890,0.009421,0.033546,96.79,-1.91,-78.70,176.76,109.12,-1.67,-62.82,-175.26,127.46,19.41,-37.75,-132.05,169.34,85.64,45.49,0.0021,0.0095,0.0127,0.0083,0.0081,0.0094,0.0084,0.0066,0.0053,0.0031,0.0113,0.0081,0.0033,0.0062,0.0035
2026-08-05 08:29:50.006,26.900000,130,24,0.516650,-0.0109,138.00,0,0,0,63.0122,0.249,14.24700,0,0,0,0,0,0.256576,0.007028,0.236396,0.013010,0.207320,0.017435,0.170738,0.019600,0.128496,0.019329,0.086524,0.017115,0.049097,0.014002,0.027234,-138.00,-178.76,-63.42,-110.62,14.39,-37.17,92.29,38.83,171.93,117.43,-105.10,-159.76,-13.18,-70.00,108.71,0.0021,0.0095,0.0127,0.0083,0.0081,0.0094,0.0084,0.0066,0.0053,0.0031,0.0113,0.0081,0.0033,0.0062,0.0035
2026-08-05 08:29:50.006,26.916667,130,25,0.518563,0.0016,138.72,0,0,0,63.0122,0.249,14.24700,0,0,0,0,0,0.224565,0.043983,0.204159,0.049378,0.175053,0.055299,0.138999,0.059669,0.097833,0.061391,0.057755,0.060831,0.024875,0.058346,0.022123,-138.72,96.02,-67.45,-171.78,7.02,-83.96,80.33,0.94,152.63,84.72,-138.87,168.52,-90.61,-106.77,-94.03,0.0021,0.0095,0.0127,0.0083,0.0081,0.0094,0.0084,0.0066,0.0053,0.0031,0.0113,0.0081,0.0033,0.0062,0.0035
2026-08-05 08:29:50.006,26.933333,130,26,0.424330,0.0267,34.00,0,0,0,63.0122,0.249,14.24700,0,0,0,0,0,0.226605,0.024540,0.209196,0.022190,0.185289,0.018597,0.155379,0.014172,0.119898,0.009557,0.083889,0.006148,0.050619,0.006432,0.029227,-34.00,101.92,-111.65,23.30,174.09,-54.12,99.90,-128.56,27.49,164.02,-41.71,118.09,-102.84,88.15,-138.22,0.0021,0.0095,0.0127,0.0083,0.0081,0.0094,0.0084,0.0066,0.0053,0.0031,0.0113,0.0081,0.0033,0.0062,0.0035
2026-08-05 08:29:50.006,26.950000,130,27,0.455117,0.0042,-166.58,0,0,0,63.0122,0.249,14.24700,0,0,0,0,0,0.246193,0.020459,0.226557,0.019257,0.198571,0.017152,0.163364,0.013734,0.122461,0.009101,0.082120,0.004377,0.047756,0.005414,0.034312,166.58,134.99,130.61,89.90,97.95,46.64,65.64,6.85,35.60,-25.60,10.21,-31.48,-2.49,12.18,13.40,0.0021,0.0095,0.0127,0.0083,0.0081,0.0094,0.0084,0.0066,0.0053,0.0031,0.0113,0.0081,0.0033,0.0062,0.0035
2026-08-05 08:29:50.006,26.966667,130,28,0.459768,0.0184,125.91,0,0,0,63.0122,0.249,14.24700,0,0,0,0,0,0.247311,0.006705,0.227998,0.009767,0.200782,0.011792,0.166867,0.012035,0.127278,0.010738,0.087909,0.009115,0.053420,0.008923,0.035762,-125.91,-119.41,-26.60,-33.41,75.94,63.43,178.69,167.46,-76.43,-81.33,32.63,40.37,152.06,175.67,-63.93,0.0021,0.0095,0.0127,0.0083,0.0081,0.0094,0.0084,0.0066,0.0053,0.0031,0.0113,0.0081,0.0033,0.0062,0.0035
2026-08-05 08:29:50.006,26.983333,130,29,0.406273,-0.0055,166.68,0,0,0,63.0122,0.249,14.24700,0,0,0,0,0,0.219481,0.015897,0.201859,0.014816,0.177772,0.012952,0.147690,0.010390,0.112260,0.007360,0.076483,0.005256,0.043845,0.006481,0.025712,-166.68,-167.88,-149.73,-156.02,-129.36,-141.78,-108.93,-123.56,-86.64,-95.76,-60.80,-43.93,-25.23,18.50,42.98,0.0021,0.0095,0.0127,0.0083,0.0081,0.0094,0.0084,0.0066,0.0053,0.0031,0.0113,0.0081,0.0033,0.0062,0.0035
2026-08-05 08:29:52.604,27.000000,131,0,0.524086,-0.0114,-136.22,0,0,0,63.0122,0.245,1.83404,0,0,0,0,0,0.221564,0.034010,0.202347,0.038803,0.175252,0.044535,0.141975,0.049023,0.103939,0.051579,0.067354,0.052345,0.037943,0.051852,0.026737,136.22,-73.54,37.00,-151.16,-59.16,126.76,-156.62,41.82,104.64,-43.80,1.85,-129.13,-113.98,146.73,104.41,0.0130,0.0098,0.0084,0.0086,0.0027,0.0051,0.0066,0.0046,0.0047,0.0030,0.0048,0.0057,0.0119,0.0008,0.0010
2026-08-05 08:29:52.604,27.016667,131,1,0.552431,0.0139,72.58,0,0,0,63.0122,0.245,1.83404,0,0,0,0,0,0.297671,0.007231,0.273926,0.012521,0.239561,0.015747,0.196691,0.016913,0.147686,0.016557,0.100569,0.016114,0.064013,0.017137,0.053028,-72.58,-73.94,134.24,149.09,-15.95,6.51,-165.46,-135.41,48.01,88.91,-92.79,-39.15,139.45,-162.46,28.68,0.0130,0.0098,0.0084,0.0086,0.0027,0.0051,0.0066,0.0046,0.0047,0.0030,0.0048,0.0057,0.0119,0.0008,0.0010
2026-08-05 08:29:52.604,27.033333,131,2,0.473599,0.0103,5.66,0,0,0,63.0122,0.245,1.83404,0,0,0,0,0,0.197354,0.019568,0.179714,0.028197,0.155558,0.036853,0.125864,0.043416,0.092315,0.047458,0.061040,0.048768,0.037591,0.048377,0.029879,-5.66,17.20,-30.00,17.82,-50.82,8.83,-73.30,-3.30,-97.75,-15.90,-127.11,-27.56,-169.46,-37.10,131.40,0.0130,0.0098,0.0084,0.0086,0.0027,0.0051,0.0066,0.0046,0.0047,0.0030,0.0048,0.0057,0.0119,0.0008,0.0010
2026-08-05 08:29:52.604,27.050000,131,3,0.570039,0.0249,61.59,0,0,0,63.0122,0.245,1.83404,0,0,0,0,0,0.182828,0.081923,0.164413,0.085073,0.140060,0.088872,0.114724,0.091019,0.090896,0.090341,0.077511,0.086417,0.076921,0.080287,0.080793,-61.59,-111.92,160.12,134.43,24.16,18.59,-115.73,-99.20,99.24,142.40,-50.92,23.73,159.92,-94.51,19.20,0.0130,0.0098,0.0084,0.0086,0.0027,0.0051,0.0066,0.0046,0.0047,0.0030,0.0048,0.0057,0.0119,0.0008,0.0010
2026-08-05 08:29:52.604,27.066667,131,4,0.544462,0.0149,157.87,0,0,0,63.0122,0.245,1.83404,0,0,0,0,0,0.238769,0.059279,0.217095,0.063166,0.186255,0.067592,0.148395,0.071027,0.105136,0.072367,0.062828,0.071322,0.026997,0.068629,0.017370,-157.87,56.71,-124.27,111.11,-87.76,162.53,-52.23,-148.11,-17.21,-99.48,15.12,-50.69,32.47,-1.56,-11.83,0.0130,0.0098,0.0084,0.0086,0.0027,0.0051,0.0066,0.0046,0.0047,0.0030,0.0048,0.0057,0.0119,0.0008,0.0010
2026-08-05 08:29:52.604,27.083333,131,5,0.494650,0.0210,47.36,0,0,0,63.0122,0.245,1.83404,0,0,0,0,0,0.264529,0.018157,0.243790,0.016739,0.214197,0.014351,0.176929,0.010791,0.134053,0.006974,0.092234,0.005731,0.058386,0.009510,0.046754,-47.36,69.36,-150.86,-40.70,108.95,-148.01,9.34,110.55,-87.52,21.67,-178.99,-33.71,102.19,-99.73,42.17,0.0130,0.0098,0.0084,0.0086,0.0027,0.0051,0.0066,0.0046,0.0047,0.0030,0.0048,0.0057,0.0119,0.0008,0.0010
2026-08-05 08:29:52.604,27.100000,131,6,0.499360,0.0200,-43.02,0,0,0,63.0122,0.245,1.83404,0,0,0,0,0,0.210253,0.037087,0.192396,0.043470,0.167448,0.050155,0.137123,0.055289,0.102728,0.058028,0.069274,0.058096,0.041143,0.056284,0.025807,43.02,102.68,117.09,-159.46,-165.55,-67.10,-89.62,21.83,-14.70,109.98,57.38,-161.14,120.06,-70.85,163.98,0.0130,0.0098,0.0084,0.0086,0.0027,0.0051,0.0066,0.0046,0.0047,0.0030,0.0048,0.0057,0.0119,0.0008,0.0010
2026-08-05 08:29:52.604,27.116667,131,7,0.488907,0.0028,-150.12,0,0,0,63.0122,0.245,1.83404,0,0,0,0,0,0.243033,0.011470,0.223173,0.012005,0.194703,0.012725,0.158883,0.012510,0.117521,0.011504,0.076052,0.009201,0.038706,0.005515,0.020446,150.12,90.86,80.54,0.41,14.36,-83.85,-51.87,-164.70,-116.37,117.11,-177.28,44.64,132.29,-22.78,127.15,0.0130,0.0098,0.0084,0.0086,0.0027,0.0051,0.0066,0.0046,0.0047,0.0030,0.0048,0.0057,0.0119,0.0008,0.0010
2026-08-05 08:29:52.604,27.133333,131,8,0.445573,0.0310,38.72,0,0,0,63.0122,0.245,1.83404,0,0,0,0,0,0.236600,0.026728,0.218452,0.024910,0.193086,0.022199,0.161343,0.019002,0.124136,0.016086,0.086732,0.014679,0.053259,0.015022,0.034941,-38.72,95.07,-125.53,10.19,151.09,-72.99,67.85,-152.20,-13.23,133.81,-90.26,65.15,-157.63,-0.48,158.45,0.0130,0.0098,0.0084,0.0086,0.0027,0.0051,0.0066,0.0046,0.0047,0.0030,0.0048,0.0057,0.0119,0.0008,0.0010
2026-08-05 08:29:52.604,27.150000,131,9,0.439235,0.0174,1.08,0,0,0,63.0122,0.245,1.83404,0,0,0,0,0,0.235354,0.021179,0.216656,0.019569,0.190906,0.017108,0.158338,0.013875,0.120457,0.011128,0.082360,0.010556,0.048505,0.012469,0.032341,-1.08,168.23,-12.59,156.57,-20.77,147.41,-28.69,144.13,-34.51,149.42,-36.00,164.18,-26.40,179.96,10.73,0.0130,0.0098,0.0084,0.0086,0.0027,0.0051,0.0066,0.0046,0.0047,0.0030,0.0048,0.0057,0.0119,0.0008,0.0010
2026-08-05 08:29:52.604,27.166667,131,10,0.433369,0.0005,-177.14,0,0,0,63.0122,0.245,1.83404,0,0,0,0,0,0.233219,0.015981,0.214829,0.014847,0.189514,0.012930,0.157727,0.010416,0.120560,0.007962,0.082989,0.006858,0.048493,0.008308,0.029445,177.14,161.94,162.03,144.61,150.20,128.68,138.53,118.45,128.73,116.67,122.73,129.68,126.40,148.26,158.49,0.0130,0.0098,0.0084,0.0086,0.0027,0.0051,0.0066,0.0046,0.0047,0.0030,0.0048,0.0057,0.0119,0.0008,0.0010
2026-08-05 08:29:52.604,27.183333,131,11,0.427774,0.0130,68.83,0,0,0,63.0122,0.245,1.83404,0,0,0,0,0,0.231076,0.009910,0.212490,0.009747,0.187397,0.009076,0.155886,0.007739,0.118772,0.005348,0.081383,0.002864,0.047248,0.003711,0.028529,-68.83,18.89,144.02,-138.14,0.15,65.81,-143.50,-84.97,74.68,130.74,-63.30,12.14,168.59,-55.93,70.02,0.0130,0.0098,0.0084,0.0086,0.0027,0.0051,0.0066,0.0046,0.0047,0.0030,0.0048,0.0057,0.0119,0.0008,0.0010
2026-08-05 08:29:52.604,27.200000,131,12,0.426402,-0.0263,137.69,0,0,0,63.0122,0.245,1.83404,0,0,0,0,0,0.231277,0.011165,0.212574,0.010902,0.186668,0.009929,0.154351,0.008374,0.116303,0.006367,0.078073,0.006137,0.043218,0.009072,0.025666,-137.69,-113.74,-62.42,-45.07,16.07,27.31,94.72,107.19,175.19,-158.19,-100.41,-47.28,-5.09,62.09,125.86,0.0130,0.0098,0.0084,0.0086,0.0027,0.0051,0.0066,0.0046,0.0047,0.0030,0.0048,0.0057,0.0119,0.0008,0.0010
2026-08-05 08:29:52.604,27.216667,131,13,0.509135,0.0408,23.55,0,0,0,63.0122,0.245,1.83404,0,0,0,0,0,0.271038,0.025105,0.250115,0.023894,0.219589,0.021284,0.181514,0.018089,0.137358,0.014794,0.095196,0.012655,0.061465,0.013678,0.050093,-23.55,120.34,-79.27,60.51,-131.73,3.56,176.47,-49.34,127.52,-93.62,84.15,-128.58,53.50,-156.53,39.48,0.0130,0.0098,0.0084,0.0086,0.0027,0.0051,0.0066,0.0046,0.0047,0.0030,0.0048,0.0057,0.0119,0.0008,0.0010
2026-08-05 08:29:52.604,27.233333,131,14,0.445658,-0.0003,177.74,0,0,0,63.0122,0.245,1.83404,0,0,0,0,0,0.239023,0.017085,0.220258,0.015995,0.193870,0.013782,0.161072,0.010951,0.122388,0.007825,0.084087,0.005892,0.050254,0.007523,0.034539,-177.74,170.50,177.54,161.60,176.13,154.38,175.05,151.22,176.19,159.20,-178.30,-173.41,-161.25,-138.20,-118.31,0.0130,0.0098,0.0084,0.0086,0.0027,0.0051,0.0066,0.0046,0.0047,0.0030,0.0048,0.0057,0.0119,0.0008,0.0010
2026-08-05 08:29:52.604,27.250000,131,15,0.459905,0.0316,-45.54,0,0,0,63.0122,0.245,1.83404,0,0,0,0,0,0.245596,0.019421,0.226673,0.017495,0.200114,0.014639,0.166954,0.010942,0.128063,0.007878,0.089527,0.007495,0.055391,0.010686,0.037515,45.54,-100.33,127.55,-20.04,-147.14,62.87,-61.59,150.90,26.29,-105.47,118.27,14.41,-139.58,123.74,-14.82,0.0130,0.0098,0.0084,0.0086,0.0027,0.0051,0.0066,0.0046,0.0047,0.0030,0.0048,0.0057,0.0119,0.0008,0.0010
2026-08-05 08:29:52.604,27.266667,131,16,0.461552,-0.0146,-151.05,0,0,0,63.0122,0.245,1.83404,0,0,0,0,0,0.249592,0.008627,0.229212,0.011084,0.201272,0.012874,0.165920,0.012513,0.125005,0.010348,0.084418,0.007666,0.050059,0.008115,0.035558,151.05,77.85,84.04,-3.89,20.35,-75.72,-43.05,-141.43,-104.03,162.51,-160.40,121.66,155.87,104.31,138.44,0.0130,0.0098,0.0084,0.0086,0.0027,0.0051,0.0066,0.0046,0.0047,0.0030,0.0048,0.0057,0.0119,0.0008,0.0010
2026-08-05 08:29:52.604,27.283333,131,17,0.473950,0.0129,-128.68,0,0,0,63.0122,0.245,1.83404,0,0,0,0,0,0.254284,0.016997,0.234251,0.016388,0.205832,0.015393,0.170293,0.013212,0.129002,0.010984,0.088485,0.009782,0.054614,0.012039,0.040626,128.68,60.23,16.99,-58.39,-91.31,-172.60,160.73,78.74,55.40,-18.12,-45.25,-103.02,-133.50,175.93,159.95,0.0130,0.0098,0.0084,0.0086,0.0027,0.0051,0.0066,0.0046,0.0047,0.0030,0.0048,0.0057,0.0119,0.0008,0.0010
2026-08-05 08:29:52.604,27.300000,131,18,0.474393,0.0194,63.83,0,0,0,63.0122,0.245,1.83404,0,0,0,0,0,0.251022,0.029700,0.232141,0.027632,0.204745,0.024256,0.170677,0.020407,0.130821,0.017175,0.091554,0.015481,0.058135,0.016324,0.042086,-63.83,45.48,159.56,-89.74,26.22,137.70,-106.69,8.81,122.85,-113.99,-3.11,129.48,-118.09,13.68,147.07,0.0130,0.0098,0.0084,0.0086,0.0027,0.0051,0.0066,0.0046,0.0047,0.0030,0.0048,0.0057,0.0119,0.0008,0.0010
2026-08-05 08:29:52.604,27.316667,131,19,0.484461,0.0085,-160.72,0,0,0,63.0122,0.245,1.83404,0,0,0,0,0,0.238536,0.017951,0.219441,0.016879,0.191259,0.014642,0.156395,0.012454,0.115857,0.010258,0.075243,0.008000,0.039403,0.005954,0.022022,160.72,124.94,112.60,66.13,67.67,7.56,22.94,-51.51,-20.03,-111.22,-59.17,-167.56,-86.93,144.00,-71.91,0.0130,0.0098,0.0084,0.0086,0.0027,0.0051,0.0066,0.0046,0.0047,0.0030,0.0048,0.0057,0.0119,0.0008,0.0010
2026-08-05 08:29:52.604,27.333333,131,20,0.488873,0.0209,59.59,0,0,0,63.0122,0.245,1.83404,0,0,0,0,0,0.259364,0.023025,0.239091,0.021302,0.210455,0.018604,0.174001,0.015779,0.132195,0.013796,0.091464,0.013873,0.059324,0.016290,0.047993,-59.59,52.35,172.50,-74.89,47.91,159.97,-75.99,41.06,162.90,-69.09,47.14,-172.16,-56.11,79.36,-141.67,0.0130,0.0098,0.0084,0.0086,0.0027,0.0051,0.0066,0.0046,0.0047,0.0030,0.0048,0.0057,0.0119,0.0008,0.0010
2026-08-05 08:29:52.604,27.350000,131,21,0.449694,0.0200,88.85,0,0,0,63.0122,0.245,1.83404,0,0,0,0,0,0.238349,0.026062,0.220206,0.024114,0.194753,0.020930,0.162518,0.017428,0.125205,0.014195,0.087820,0.012754,0.055142,0.014527,0.037096,-88.85,-6.16,84.20,168.48,-99.52,-14.47,77.11,166.98,-103.91,-5.57,79.20,-167.46,-87.95,28.21,127.06,0.0130,0.0098,0.0084,0.0086,0.0027,0.0051,0.0066,0.0046,0.0047,0.0030,0.0048,0.0057,0.0119,0.0008,0.0010
2026-08-05 08:29:52.604,27.366667,131,22,0.443052,0.0174,-27.68,0,0,0,63.0122,0.245,1.83404,0,0,0,0,0,0.233946,0.036433,0.215976,0.033579,0.190844,0.029127,0.159459,0.023929,0.122233,0.020078,0.085130,0.018722,0.051791,0.019229,0.032930,27.68,-128.05,73.96,-76.27,123.45,-22.28,173.10,35.98,-135.10,100.92,-79.22,168.50,-14.05,-124.49,77.40,0.0130,0.0098,0.0084,0.0086,0.0027,0.0051,0.0066,0.0046,0.0047,0.0030,0.0048,0.0057,0.0119,0.0008,0.0010
2026-08-05 08:29:52.604,27.383333,131,23,0.429717,-0.0002,-136.72,0,0,0,63.0122,0.245,1.83404,0,0,0,0,0,0.232406,0.015174,0.213655,0.013894,0.187629,0.012113,0.155666,0.009643,0.117691,0.006699,0.079630,0.005435,0.046069,0.006955,0.029174,136.72,78.66,40.51,-22.38,-52.23,-119.86,-144.83,145.34,124.56,62.12,38.22,3.50,-37.25,-56.03,-81.12,0.0130,0.0098,0.0084,0.0086,0.0027,0.0051,0.0066,0.0046,0.0047,0.0030,0.0048,0.0057,0.0119,0.0008,0.0010
2026-08-05 08:29:52.604,27.400000,131,24,0.431582,0.0026,134.41,0,0,0,63.0122,0.245,1.83404,0,0,0,0,0,0.233665,0.011460,0.214590,0.010745,0.188459,0.009441,0.156048,0.007489,0.117782,0.004449,0.079525,0.003006,0.046168,0.005862,0.030476,-134.41,-109.46,-52.85,-37.42,32.23,39.11,117.44,117.76,-155.21,-148.94,-63.41,-7.35,39.85,122.89,173.77,0.0130,0.0098,0.0084,0.0086,0.0027,0.0051,0.0066,0.0046,0.0047,0.0030,0.0048,0.0057,0.0119,0.0008,0.0010
2026-08-05 08:29:52.604,27.416667,131,25,0.492468,0.0350,14.48,0,0,0,63.0122,0.245,1.83404,0,0,0,0,0,0.259350,0.030444,0.239815,0.028027,0.211763,0.024111,0.176648,0.019786,0.135891,0.016094,0.096099,0.014723,0.063071,0.015847,0.048144,-14.48,144.10,-52.26,108.08,-86.74,74.74,-120.67,45.40,-152.01,23.29,-178.34,8.00,165.92,-8.76,167.85,0.0130,0.0098,0.0084,0.0086,0.0027,0.0051,0.0066,0.0046,0.0047,0.0030,0.0048,0.0057,0.0119,0.0008,0.0010
2026-08-05 08:29:52.604,27.433333,131,26,0.475441,0.0106,-179.10,0,0,0,63.0122,0.245,1.83404,0,0,0,0,0,0.253717,0.017707,0.234191,0.016321,0.206418,0.014076,0.172058,0.011293,0.131818,0.008492,0.091987,0.008481,0.057879,0.011468,0.041010,179.10,164.20,168.19,149.31,160.63,138.11,153.47,132.34,148.65,140.90,148.40,165.96,158.43,-178.61,-170.06,0.0130,0.0098,0.0084,0.0086,0.0027,0.0051,0.0066,0.0046,0.0047,0.0030,0.0048,0.0057,0.0119,0.0008,0.0010
2026-08-05 08:29:52.604,27.450000,131,27,0.440516,0.0156,-37.59,0,0,0,63.0122,0.245,1.83404,0,0,0,0,0,0.238148,0.010786,0.218945,0.012674,0.192143,0.013801,0.159145,0.013595,0.120368,0.011266,0.081845,0.008134,0.048658,0.007571,0.032683,37.59,-140.01,103.22,-91.12,172.34,-30.98,-118.28,34.29,-46.76,106.72,29.31,-164.74,116.42,-53.37,-129.07,0.0130,0.0098,0.0084,0.0086,0.0027,0.0051,0.0066,0.0046,0.0047,0.0030,0.0048,0.0057,0.0119,0.0008,0.0010
2026-08-05 08:29:52.604,27.466667,131,28,0.438215,-0.0068,147.32,0,0,0,63.0122,0.245,1.83404,0,0,0,0,0,0.237460,0.013169,0.218550,0.014260,0.191599,0.014602,0.158592,0.013726,0.119655,0.011300,0.080692,0.007708,0.046120,0.005595,0.028855,-147.32,-142.75,-91.48,-101.85,-32.26,-53.85,27.14,-0.18,88.52,58.97,154.10,130.93,-129.40,-125.92,-21.07,0.0130,0.0098,0.0084,0.0086,0.0027,0.0051,0.0066,0.0046,0.0047,0.0030,0.0048,0.0057,0.0119,0.0008,0.0010
2026-08-05 08:29:52.604,27.483333,131,29,0.446759,-0.0078,-112.69,0,0,0,63.0122,0.245,1.83404,0,0,0,0,0,0.241793,0.010227,0.222223,0.011895,0.194529,0.013009,0.160343,0.012973,0.120405,0.011475,0.080666,0.009298,0.047184,0.008759,0.034114,112.69,12.89,-31.37,-146.51,-172.01,64.80,47.67,-77.80,-90.32,146.86,136.53,23.90,16.33,-83.35,-75.64,0.0130,0.0098,0.0084,0.0086,0.0027,0.0051,0.0066,0.0046,0.0047,0.0030,0.0048,0.0057,0.0119,0.0008,0.0010
2026-08-05 08:29:53.442,30.000000,137,0,0.538525,0.0024,170.95,0,0,0,63.0122,0.324,0.90387,0,0,0,0,0,0.251179,0.026186,0.231109,0.024801,0.202398,0.023186,0.166658,0.021997,0.125357,0.022998,0.084266,0.026535,0.046440,0.032019,0.015669,-170.95,13.64,-162.79,30.34,-151.58,51.15,-140.79,78.40,-129.37,110.58,-117.01,142.62,-102.77,170.83,-75.56,0.0390,0.0077,0.0115,0.0118,0.0051,0.0129,0.0043,0.0074,0.0093,0.0084,0.0051,0.0009,0.0104,0.0083,0.0169
2026-08-05 08:29:53.442,30.016667,137,1,0.561925,0.0278,-69.86,0,0,0,63.0122,0.324,0.90387,0,0,0,0,0,0.203810,0.088232,0.185202,0.086077,0.160029,0.083949,0.130978,0.083469,0.100449,0.086145,0.075524,0.091973,0.060202,0.099827,0.053934,69.86,142.54,-163.64,-73.54,-34.30,72.23,92.58,-139.66,-143.61,9.61,-24.76,158.65,89.04,-53.68,-155.73,0.0390,0.0077,0.0115,0.0118,0.0051,0.0129,0.0043,0.0074,0.0093,0.0084,0.0051,0.0009,0.0104,0.0083,0.0169
2026-08-05 08:29:53.442,30.033333,137,2,0.565232,0.0039,-135.40,0,0,0,63.0122,0.324,0.90387,0,0,0,0,0,0.226807,0.080920,0.207334,0.076754,0.180442,0.072463,0.148008,0.069268,0.112207,0.069800,0.079386,0.074135,0.052461,0.080797,0.034279,135.40,-86.32,34.13,-171.18,-64.23,106.80,-163.90,27.74,95.10,-49.07,-8.49,-126.36,-116.87,154.47,129.77,0.0390,0.0077,0.0115,0.0118,0.0051,0.0129,0.0043,0.0074,0.0093,0.0084,0.0051,0.0009,0.0104,0.0083,0.0169
2026-08-05 08:29:53.442,30.050000,137,3,0.522874,-0.0636,-171.92,0,0,0,63.0122,0.324,0.90387,0,0,0,0,0,0.178970,0.072828,0.164791,0.071134,0.145722,0.069722,0.126984,0.070896,0.106254,0.074233,0.089617,0.080469,0.076734,0.088709,0.066020,171.92,-10.53,142.25,-18.62,115.33,-26.00,86.29,-30.64,55.82,-34.22,23.78,-39.10,-7.75,-45.20,-37.30,0.0390,0.0077,0.0115,0.0118,0.0051,0.0129,0.0043,0.0074,0.0093,0.0084,0.0051,0.0009,0.0104,0.0083,0.0169
2026-08-05 08:29:53.442,30.066667,137,4,0.564200,0.0064,101.49,0,0,0,63.0122,0.324,0.90387,0,0,0,0,0,0.285500,0.026067,0.262688,0.022846,0.229332,0.018316,0.186836,0.012955,0.137994,0.008838,0.090171,0.010562,0.050183,0.016171,0.034254,-101.49,145.37,46.04,-67.60,-163.11,81.57,-11.82,-120.49,141.70,59.18,-60.25,-105.89,110.47,64.47,-47.80,0.0390,0.0077,0.0115,0.0118,0.0051,0.0129,0.0043,0.0074,0.0093,0.0084,0.0051,0.0009,0.0104,0.0083,0.0169
2026-08-05 08:29:53.442,30.083333,137,5,0.553676,0.0183,-133.80,0,0,0,63.0122,0.324,0.90387,0,0,0,0,0,0.199459,0.093064,0.182537,0.089831,0.160009,0.086332,0.134448,0.084736,0.107170,0.087102,0.083586,0.092889,0.065919,0.100548,0.053902,133.80,-88.05,27.92,-174.56,-74.95,100.95,-179.84,18.94,73.35,-61.99,-36.00,-143.64,-148.03,132.86,100.69,0.0390,0.0077,0.0115,0.0118,0.0051,0.0129,0.0043,0.0074,0.0093,0.0084,0.0051,0.0009,0.0104,0.0083,0.0169
2026-08-05 08:29:53.442,30.100000,137,6,0.516138,-0.0041,-100.73,0,0,0,63.0122,0.324,0.90387,0,0,0,0,0,0.222207,0.037608,0.203426,0.036168,0.177693,0.035175,0.146558,0.035362,0.111433,0.039328,0.077304,0.045847,0.047519,0.053772,0.024964,100.73,-156.93,-68.83,48.71,124.59,-102.19,-42.99,111.38,148.62,-34.19,-21.22,177.91,164.84,26.64,-18.70,0.0390,0.0077,0.0115,0.0118,0.0051,0.0129,0.0043,0.0074,0.0093,0.0084,0.0051,0.0009,0.0104,0.0083,0.0169
2026-08-05 08:29:53.442,30.116667,137,7,0.556311,-0.0151,156.17,0,0,0,63.0122,0.324,0.90387,0,0,0,0,0,0.242507,0.053020,0.222417,0.051145,0.193787,0.049231,0.158548,0.048809,0.118329,0.051109,0.079103,0.056107,0.044401,0.062260,0.018401,-156.17,49.55,-119.46,100.98,-79.68,154.75,-40.71,-148.54,-1.96,-90.73,35.76,-33.80,69.75,21.13,89.65,0.0390,0.0077,0.0115,0.0118,0.0051,0.0129,0.0043,0.0074,0.0093,0.0084,0.0051,0.0009,0.0104,0.0083,0.0169
2026-08-05 08:29:53.442,30.133333,137,8,0.559570,-0.0008,-71.96,0,0,0,63.0122,0.324,0.90387,0,0,0,0,0,0.243878,0.053286,0.223674,0.052104,0.195160,0.051166,0.159733,0.051234,0.119408,0.053658,0.079992,0.057949,0.044970,0.063457,0.018435,71.96,146.32,-154.96,-65.64,-18.83,83.92,116.56,-124.35,-108.18,28.20,26.16,-179.72,157.12,-28.83,-83.98,0.0390,0.0077,0.0115,0.0118,0.0051,0.0129,0.0043,0.0074,0.0093,0.0084,0.0051,0.0009,0.0104,0.0083,0.0169
2026-08-05 08:29:53.442,30.150000,137,9,0.513452,0.0306,-68.41,0,0,0,63.0122,0.324,0.90387,0,0,0,0,0,0.273843,0.028299,0.252186,0.030018,0.221342,0.031380,0.182773,0.031468,0.138175,0.029535,0.094349,0.025821,0.058034,0.021609,0.044094,68.41,-27.81,-163.19,120.35,-31.74,-94.93,100.25,47.40,-125.16,-169.76,14.40,-24.54,166.13,125.32,-20.06,0.0390,0.0077,0.0115,0.0118,0.0051,0.0129,0.0043,0.0074,0.0093,0.0084,0.0051,0.0009,0.0104,0.0083,0.0169
2026-08-05 08:29:53.442,30.166667,137,10,0.555733,0.0244,-43.73,0,0,0,63.0122,0.324,0.90387,0,0,0,0,0,0.271262,0.010925,0.249701,0.017416,0.218101,0.023423,0.177661,0.027558,0.130770,0.029649,0.084447,0.029940,0.044285,0.029001,0.026602,43.73,-55.67,121.33,37.68,-157.67,124.23,-76.37,-152.47,6.80,-69.40,93.85,14.74,-167.06,101.55,-27.50,0.0390,0.0077,0.0115,0.0118,0.0051,0.0129,0.0043,0.0074,0.0093,0.0084,0.0051,0.0009,0.0104,0.0083,0.0169
2026-08-05 08:29:53.442,30.183333,137,11,0.545906,0.0217,-49.87,0,0,0,63.0122,0.324,0.90387,0,0,0,0,0,0.217399,0.067327,0.198123,0.065200,0.171632,0.062621,0.140566,0.061019,0.106107,0.062641,0.074904,0.067694,0.051916,0.075349,0.040205,49.87,101.10,137.61,-156.05,-131.87,-50.55,-43.20,58.13,43.66,168.49,126.40,-81.30,-158.67,27.47,-89.05,0.0390,0.0077,0.0115,0.0118,0.0051,0.0129,0.0043,0.0074,0.0093,0.0084,0.0051,0.0009,0.0104,0.0083,0.0169
2026-08-05 08:29:53.442,30.200000,137,12,0.490038,-0.0437,153.31,0,0,0,63.0122,0.324,0.90387,0,0,0,0,0,0.265137,0.016920,0.244783,0.014777,0.214631,0.012551,0.176228,0.008889,0.131975,0.004697,0.088513,0.000799,0.051964,0.003888,0.038968,-153.31,37.78,-109.19,74.32,-61.61,111.23,-13.65,151.99,36.70,-167.96,92.25,-83.04,161.22,67.18,-103.88,0.0390,0.0077,0.0115,0.0118,0.0051,0.0129,0.0043,0.0074,0.0093,0.0084,0.0051,0.0009,0.0104,0.0083,0.0169
2026-08-05 08:29:53.442,30.216667,137,13,0.536347,-0.0020,-74.27,0,0,0,63.0122,0.324,0.90387,0,0,0,0,0,0.214104,0.067610,0.195921,0.066100,0.171616,0.064466,0.143373,0.063952,0.111579,0.066002,0.081919,0.070706,0.058074,0.077119,0.042177,74.27,152.44,-149.26,-53.63,-9.84,102.28,127.94,-99.70,-95.62,59.15,38.26,-142.42,167.42,14.83,-67.74,0.0390,0.0077,0.0115,0.0118,0.0051,0.0129,0.0043,0.0074,0.0093,0.0084,0.0051,0.0009,0.0104,0.0083,0.0169
2026-08-05 08:29:53.442,30.233333,137,14,0.540954,0.0075,-65.30,0,0,0,63.0122,0.324,0.90387,0,0,0,0,0,0.270691,0.015658,0.249280,0.014054,0.218468,0.011890,0.179648,0.009356,0.134896,0.008818,0.090756,0.011746,0.052303,0.016377,0.033267,65.30,120.83,-173.33,-116.26,-48.71,12.46,76.08,154.06,-157.07,-50.29,-26.12,101.13,115.29,-119.86,-75.85,0.0390,0.0077,0.0115,0.0118,0.0051,0.0129,0.0043,0.0074,0.0093,0.0084,0.0051,0.0009,0.0104,0.0083,0.0169
2026-08-05 08:29:53.442,30.250000,137,15,0.543173,0.0297,-88.46,0,0,0,63.0122,0.324,0.90387,0,0,0,0,0,0.215859,0.074710,0.198248,0.072750,0.174539,0.070782,0.146849,0.070031,0.115401,0.071409,0.085989,0.075386,0.060588,0.080818,0.042074,88.46,-178.09,-106.81,5.11,60.90,-170.13,-132.74,16.54,32.64,-155.91,-163.76,31.20,-3.66,-142.94,153.37,0.0390,0.0077,0.0115,0.0118,0.0051,0.0129,0.0043,0.0074,0.0093,0.0084,0.0051,0.0009,0.0104,0.0083,0.0169
2026-08-05 08:29:53.442,30.266667,137,16,0.582752,0.0150,5.35,0,0,0,63.0122,0.324,0.90387,0,0,0,0,0,0.232718,0.075158,0.212571,0.072574,0.184730,0.069982,0.151305,0.068836,0.114291,0.070892,0.080345,0.076456,0.053250,0.084130,0.037051,-5.35,-7.43,-27.87,-13.01,-47.48,-16.51,-68.62,-17.38,-91.16,-16.99,-116.62,-17.48,-148.34,-19.65,173.67,0.0390,0.0077,0.0115,0.0118,0.0051,0.0129,0.0043,0.0074,0.0093,0.0084,0.0051,0.0009,0.0104,0.0083,0.0169
2026-08-05 08:29:53.442,30.283333,137,17,0.561317,0.0223,154.08,0,0,0,63.0122,0.324,0.90387,0,0,0,0,0,0.223590,0.077694,0.204880,0.074969,0.179657,0.071961,0.149513,0.070735,0.115877,0.072500,0.084237,0.077427,0.057596,0.084196,0.038803,-154.08,56.90,-114.32,115.35,-71.51,175.81,-30.08,-121.36,10.26,-57.52,48.86,5.15,83.56,65.93,114.70,0.0390,0.0077,0.0115,0.0118,0.0051,0.0129,0.0043,0.0074,0.0093,0.0084,0.0051,0.0009,0.0104,0.0083,0.0169
2026-08-05 08:29:53.442,30.300000,137,18,0.570968,0.0108,-95.02,0,0,0,63.0122,0.324,0.90387,0,0,0,0,0,0.225645,0.063212,0.205926,0.061914,0.180045,0.060601,0.149026,0.061606,0.114895,0.065921,0.083687,0.072979,0.058128,0.082077,0.041050,95.02,-166.08,-86.85,30.52,94.07,-130.92,-86.40,70.12,91.68,-88.09,-92.39,111.96,79.29,-49.66,-111.69,0.0390,0.0077,0.0115,0.0118,0.0051,0.0129,0.0043,0.0074,0.0093,0.0084,0.0051,0.0009,0.0104,0.0083,0.0169
2026-08-05 08:29:53.442,30.316667,137,19,0.522139,0.0093,-141.11,0,0,0,63.0122,0.324,0.90387,0,0,0,0,0,0.199882,0.061824,0.183705,0.059646,0.163974,0.057077,0.141221,0.056634,0.115659,0.059412,0.091398,0.065150,0.069394,0.073037,0.051493,141.11,-72.87,50.62,-143.12,-36.77,148.94,-125.31,83.86,145.42,19.78,55.81,-45.91,-34.70,-114.02,-124.03,0.0390,0.0077,0.0115,0.0118,0.0051,0.0129,0.0043,0.0074,0.0093,0.0084,0.0051,0.0009,0.0104,0.0083,0.0169
2026-08-05 08:29:53.442,30.333333,137,20,0.528626,0.0063,-75.32,0,0,0,63.0122,0.324,0.90387,0,0,0,0,0,0.222689,0.034523,0.203550,0.034071,0.178045,0.033470,0.147020,0.034501,0.111764,0.038101,0.077738,0.043858,0.047513,0.051724,0.026277,75.32,150.63,-145.25,-54.74,-2.91,102.45,138.49,-97.04,-80.91,64.88,58.36,-134.91,-167.16,23.13,-43.15,0.0390,0.0077,0.0115,0.0118,0.0051,0.0129,0.0043,0.0074,0.0093,0.0084,0.0051,0.0009,0.0104,0.0083,0.0169
2026-08-05 08:29:53.442,30.350000,137,21,0.522405,0.0032,158.57,0,0,0,63.0122,0.324,0.90387,0,0,0,0,0,0.227129,0.047263,0.208208,0.045210,0.181213,0.042594,0.148774,0.041310,0.111682,0.043404,0.076032,0.048359,0.044196,0.055769,0.022318,-158.57,43.43,-126.78,88.93,-92.04,138.08,-58.32,-169.01,-25.18,-113.67,6.41,-59.57,32.77,-8.67,44.52,0.0390,0.0077,0.0115,0.0118,0.0051,0.0129,0.0043,0.0074,0.0093,0.0084,0.0051,0.0009,0.0104,0.0083,0.0169
2026-08-05 08:29:53.442,30.366667,137,22,0.556192,-0.0018,160.91,0,0,0,63.0122,0.324,0.90387,0,0,0,0,0,0.242164,0.052499,0.221914,0.050524,0.192135,0.048382,0.156070,0.047225,0.114634,0.048925,0.074852,0.053058,0.039440,0.059596,0.015176,-160.91,39.98,-133.51,81.33,-103.17,125.72,-73.66,172.92,-44.47,-137.87,-16.59,-89.33,6.38,-43.17,6.01,0.0390,0.0077,0.0115,0.0118,0.0051,0.0129,0.0043,0.0074,0.0093,0.0084,0.0051,0.0009,0.0104,0.0083,0.0169
2026-08-05 08:29:53.442,30.383333,137,23,0.509683,0.0210,-161.35,0,0,0,63.0122,0.324,0.90387,0,0,0,0,0,0.254193,0.006666,0.233374,0.011074,0.203949,0.013480,0.167111,0.012995,0.124299,0.009775,0.082009,0.004460,0.044495,0.004090,0.024923,161.35,-118.22,114.68,-168.64,71.21,146.31,27.85,102.10,-13.65,62.76,-51.71,35.17,-79.07,106.36,-71.32,0.0390,0.0077,0.0115,0.0118,0.0051,0.0129,0.0043,0.0074,0.0093,0.0084,0.0051,0.0009,0.0104,0.0083,0.0169
2026-08-05 08:29:53.442,30.400000,137,24,0.520526,0.0169,-179.76,0,0,0,63.0122,0.324,0.90387,0,0,0,0,0,0.205214,0.052971,0.186399,0.051836,0.161751,0.051352,0.132596,0.052637,0.100695,0.057337,0.072293,0.064847,0.050890,0.074203,0.040295,179.76,1.20,166.57,5.69,156.40,12.00,144.31,21.43,130.32,31.31,112.22,40.07,87.40,46.22,57.86,0.0390,0.0077,0.0115,0.0118,0.0051,0.0129,0.0043,0.0074,0.0093,0.0084,0.0051,0.0009,0.0104,0.0083,0.0169
2026-08-05 08:29:53.442,30.416667,137,25,0.540743,0.0125,152.95,0,0,0,63.0122,0.324,0.90387,0,0,0,0,0,0.213357,0.076678,0.195288,0.073443,0.169584,0.069737,0.139464,0.067162,0.105557,0.068103,0.074260,0.072368,0.049003,0.079515,0.035245,-152.95,55.85,-111.10,112.96,-66.22,172.67,-22.88,-124.65,19.00,-60.18,57.72,4.01,89.28,66.08,111.89,0.0390,0.0077,0.0115,0.0118,0.0051,0.0129,0.0043,0.0074,0.0093,0.0084,0.0051,0.0009,0.0104,0.0083,0.0169
2026-08-05 08:29:53.442,30.433333,137,26,0.541032,0.0037,152.55,0,0,0,63.0122,0.324,0.90387,0,0,0,0,0,0.232443,0.050525,0.213757,0.047837,0.187340,0.044955,0.155371,0.043760,0.118762,0.046350,0.083149,0.052243,0.050857,0.059667,0.025104,-152.55,57.98,-108.69,118.06,-61.78,-178.24,-15.64,-110.55,30.47,-41.75,76.12,25.02,120.60,87.99,161.97,0.0390,0.0077,0.0115,0.0118,0.0051,0.0129,0.0043,0.0074,0.0093,0.0084,0.0051,0.0009,0.0104,0.0083,0.0169
2026-08-05 08:29:53.442,30.450000,137,27,0.534310,0.0289,-29.97,0,0,0,63.0122,0.324,0.90387,0,0,0,0,0,0.230001,0.051594,0.211521,0.049487,0.185948,0.046902,0.154893,0.045969,0.119438,0.047695,0.084552,0.052414,0.052909,0.058422,0.027280,29.97,62.97,78.91,127.86,130.84,-164.37,-178.01,-93.33,-126.89,-20.92,-76.13,50.62,-26.27,119.05,21.32,0.0390,0.0077,0.0115,0.0118,0.0051,0.0129,0.0043,0.0074,0.0093,0.0084,0.0051,0.0009,0.0104,0.0083,0.0169
2026-08-05 08:29:53.442,30.466667,137,28,0.554261,0.0483,16.71,0,0,0,63.0122,0.324,0.90387,0,0,0,0,0,0.195600,0.089087,0.180451,0.087282,0.162139,0.085749,0.141808,0.085970,0.119329,0.088644,0.098331,0.093517,0.078905,0.099035,0.061793,-16.71,-25.56,-64.05,-49.38,-108.03,-72.14,-153.37,-93.37,160.99,-114.51,115.17,-136.14,70.04,-159.37,27.37,0.0390,0.0077,0.0115,0.0118,0.0051,0.0129,0.0043,0.0074,0.0093,0.0084,0.0051,0.0009,0.0104,0.0083,0.0169
2026-08-05 08:29:53.442,30.483333,137,29,0.535421,-0.0065,-168.93,0,0,0,63.0122,0.324,0.90387,0,0,0,0,0,0.228962,0.047536,0.210232,0.045505,0.184279,0.043624,0.152805,0.043283,0.117154,0.046075,0.082168,0.051660,0.050641,0.058163,0.025099,168.93,-18.58,135.62,-35.03,105.42,-48.38,74.55,-58.25,43.83,-67.59,13.26,-78.43,-17.00,-92.59,-45.34,0.0390,0.0077,0.0115,0.0118,0.0051,0.0129,0.0043,0.0074,0.0093,0.0084,0.0051,0.0009,0.0104,0.0083,0.0169
2026-08-05 08:29:54.000,30.500000,138,0,0.509752,0.0361,45.24,0,0,0,63.0122,0.399,0.63484,0,0,0,0,0,0.272138,0.012392,0.251318,0.016719,0.220949,0.019979,0.182968,0.021517,0.139052,0.020766,0.096576,0.018047,0.062300,0.015057,0.048744,-45.24,121.61,-144.35,45.45,119.71,-40.65,24.49,-128.88,-68.14,142.46,-155.46,56.96,128.94,-21.16,71.55,0.0503,0.0234,0.0037,0.0052,0.0020,0.0088,0.0036,0.0032,0.0091,0.0028,0.0008,0.0008,0.0084,0.0084,0.0097
2026-08-05 08:29:54.000,30.516667,138,1,0.487812,0.0122,-72.71,0,0,0,63.0122,0.399,0.63484,0,0,0,0,0,0.224327,0.011496,0.205257,0.010858,0.179371,0.009872,0.148168,0.008686,0.111569,0.010284,0.075294,0.016550,0.042077,0.024298,0.013771,72.71,125.54,-152.86,-98.58,-15.06,48.64,121.97,-149.18,-100.77,30.13,36.88,-166.08,174.05,-13.53,-50.63,0.0503,0.0234,0.0037,0.0052,0.0020,0.0088,0.0036,0.0032,0.0091,0.0028,0.0008,0.0008,0.0084,0.0084,0.0097
2026-08-05 08:29:54.000,30.533333,138,2,0.485987,0.0614,-64.42,0,0,0,63.0122,0.399,0.63484,0,0,0,0,0,0.260875,0.018252,0.240135,0.021518,0.210295,0.023885,0.173153,0.024450,0.129863,0.022489,0.087822,0.018571,0.053619,0.014246,0.042077,64.42,-29.66,-175.65,110.94,-52.41,-114.38,71.35,17.06,-162.35,148.42,-30.48,-77.11,114.65,66.16,-77.21,0.0503,0.0234,0.0037,0.0052,0.0020,0.0088,0.0036,0.0032,0.0091,0.0028,0.0008,0.0008,0.0084,0.0084,0.0097
2026-08-05 08:29:54.000,30.550000,138,3,0.483116,0.0159,42.83,0,0,0,63.0122,0.399,0.63484,0,0,0,0,0,0.254708,0.044742,0.233993,0.045707,0.204434,0.045212,0.168137,0.043116,0.125991,0.039217,0.085032,0.033937,0.051651,0.028919,0.040566,-42.83,104.07,-137.92,26.00,130.53,-53.94,39.53,-134.14,-48.94,145.94,-131.94,68.52,158.41,-4.84,112.23,0.0503,0.0234,0.0037,0.0052,0.0020,0.0088,0.0036,0.0032,0.0091,0.0028,0.0008,0.0008,0.0084,0.0084,0.0097
2026-08-05 08:29:54.000,30.566667,138,4,0.498246,0.2100,-46.23,0,0,0,63.0122,0.399,0.63484,0,0,0,0,0,0.269686,0.009907,0.247553,0.014702,0.216770,0.017456,0.178672,0.018851,0.133840,0.017497,0.090112,0.013887,0.054050,0.009940,0.040740,46.23,-40.90,128.70,55.77,-145.15,147.99,-58.64,-121.51,30.29,-32.59,124.66,61.84,-128.01,166.46,4.51,0.0503,0.0234,0.0037,0.0052,0.0020,0.0088,0.0036,0.0032,0.0091,0.0028,0.0008,0.0008,0.0084,0.0084,0.0097
2026-08-05 08:29:54.000,30.583333,138,5,0.532889,0.0248,61.23,0,0,0,63.0122,0.399,0.63484,0,0,0,0,0,0.286904,0.013145,0.265245,0.014712,0.232040,0.015133,0.189892,0.013732,0.142111,0.011132,0.096492,0.007363,0.061203,0.003067,0.052000,-61.23,-151.86,168.13,59.91,40.46,-84.56,-86.35,135.72,149.89,0.69,32.07,-129.81,-71.64,122.22,-157.81,0.0503,0.0234,0.0037,0.0052,0.0020,0.0088,0.0036,0.0032,0.0091,0.0028,0.0008,0.0008,0.0084,0.0084,0.0097
2026-08-05 08:29:54.000,30.600000,138,6,0.496156,0.0830,30.54,0,0,0,63.0122,0.399,0.63484,0,0,0,0,0,0.229103,0.009894,0.209238,0.010179,0.181667,0.010439,0.148367,0.011452,0.109484,0.014248,0.070602,0.019991,0.034617,0.027448,0.004761,-30.54,-80.08,-102.41,-150.09,-170.93,153.58,120.01,106.05,51.19,63.22,-17.08,15.75,-85.35,-38.61,-156.89,0.0503,0.0234,0.0037,0.0052,0.0020,0.0088,0.0036,0.0032,0.0091,0.0028,0.0008,0.0008,0.0084,0.0084,0.0097
2026-08-05 08:29:54.000,30.616667,138,7,0.540409,0.0828,32.26,0,0,0,63.0122,0.399,0.63484,0,0,0,0,0,0.287698,0.007493,0.266093,0.012357,0.234100,0.015735,0.193566,0.016778,0.147430,0.015539,0.103056,0.012243,0.068301,0.008482,0.056237,-32.26,166.08,-105.04,108.83,-174.70,42.20,116.42,-26.93,50.51,-94.26,-9.91,-158.44,-58.20,149.44,-91.11,0.0503,0.0234,0.0037,0.0052,0.0020,0.0088,0.0036,0.0032,0.0091,0.0028,0.0008,0.0008,0.0084,0.0084,0.0097
2026-08-05 08:29:54.000,30.633333,138,8,0.528708,0.0262,84.20,0,0,0,63.0122,0.399,0.63484,0,0,0,0,0,0.223891,0.042355,0.206095,0.040301,0.181333,0.038401,0.152010,0.037730,0.118468,0.039773,0.085514,0.044831,0.055749,0.051536,0.031735,-84.20,-166.59,95.81,29.16,-81.05,-131.36,101.20,71.35,-76.95,-83.89,104.21,119.58,-76.57,-39.89,98.98,0.0503,0.0234,0.0037,0.0052,0.0020,0.0088,0.0036,0.0032,0.0091,0.0028,0.0008,0.0008,0.0084,0.0084,0.0097
2026-08-05 08:29:54.000,30.650000,138,9,0.523076,0.0073,-110.63,0,0,0,63.0122,0.399,0.63484,0,0,0,0,0,0.282591,0.009954,0.260909,0.011045,0.228778,0.011392,0.188074,0.010196,0.140883,0.007246,0.095368,0.003269,0.058460,0.002169,0.045755,110.63,-170.56,-36.40,25.21,179.55,-133.07,36.12,72.55,-104.64,-78.69,119.99,143.30,-2.11,115.55,-102.24,0.0503,0.0234,0.0037,0.0052,0.0020,0.0088,0.0036,0.0032,0.0091,0.0028,0.0008,0.0008,0.0084,0.0084,0.0097
2026-08-05 08:29:54.000,30.666667,138,10,0.555623,0.0208,146.26,0,0,0,63.0122,0.399,0.63484,0,0,0,0,0,0.192605,0.085719,0.178307,0.083481,0.160269,0.081582,0.141261,0.081794,0.120305,0.084611,0.100754,0.090013,0.082587,0.096572,0.065747,-146.26,74.85,-93.41,151.15,-37.05,-130.57,18.12,-50.92,72.89,29.17,127.77,108.50,-176.57,-173.60,-118.07,0.0503,0.0234,0.0037,0.0052,0.0020,0.0088,0.0036,0.0032,0.0091,0.0028,0.0008,0.0008,0.0084,0.0084,0.0097
2026-08-05 08:29:54.000,30.683333,138,11,0.542166,0.0126,108.73,0,0,0,63.0122,0.399,0.63484,0,0,0,0,0,0.253587,0.035949,0.232934,0.034183,0.203001,0.031934,0.165724,0.030480,0.122551,0.031483,0.079776,0.035569,0.040831,0.040985,0.013833,-108.73,141.39,23.95,-75.64,159.74,71.14,-64.63,-137.50,72.12,16.70,-148.97,169.41,-4.23,-41.26,179.31,0.0503,0.0234,0.0037,0.0052,0.0020,0.0088,0.0036,0.0032,0.0091,0.0028,0.0008,0.0008,0.0084,0.0084,0.0097
2026-08-05 08:29:54.000,30.700000,138,12,0.513215,0.0253,57.28,0,0,0,63.0122,0.399,0.63484,0,0,0,0,0,0.236384,0.013184,0.216620,0.012994,0.188645,0.012681,0.154467,0.012970,0.115095,0.015592,0.076287,0.020844,0.040625,0.027693,0.011770,-57.28,-127.04,177.33,111.44,55.21,0.08,-67.29,-100.80,170.81,162.41,49.86,61.09,-69.17,-46.04,-174.52,0.0503,0.0234,0.0037,0.0052,0.0020,0.0088,0.0036,0.0032,0.0091,0.0028,0.0008,0.0008,0.0084,0.0084,0.0097
2026-08-05 08:29:54.000,30.716667,138,13,0.564795,-0.0029,-117.87,0,0,0,63.0122,0.399,0.63484,0,0,0,0,0,0.301967,0.007031,0.279499,0.010789,0.245987,0.013378,0.203664,0.014276,0.155181,0.013080,0.108443,0.010242,0.071290,0.006947,0.057022,117.87,176.45,-14.28,28.28,-143.49,-110.96,88.06,114.12,-37.60,-19.48,-157.93,-147.16,93.26,98.05,0.29,0.0503,0.0234,0.0037,0.0052,0.0020,0.0088,0.0036,0.0032,0.0091,0.0028,0.0008,0.0008,0.0084,0.0084,0.0097
2026-08-05 08:29:54.000,30.733333,138,14,0.536165,0.0285,-65.51,0,0,0,63.0122,0.399,0.63484,0,0,0,0,0,0.210691,0.070655,0.193772,0.068500,0.170514,0.066229,0.143414,0.065315,0.113083,0.067289,0.084614,0.071996,0.060008,0.077892,0.041004,65.51,135.90,-176.07,-86.99,-54.53,52.39,65.72,-165.99,-174.88,-23.49,-56.73,118.16,59.06,-101.82,173.14,0.0503,0.0234,0.0037,0.0052,0.0020,0.0088,0.0036,0.0032,0.0091,0.0028,0.0008,0.0008,0.0084,0.0084,0.0097
2026-08-05 08:29:54.000,30.750000,138,15,0.533017,0.0169,96.93,0,0,0,63.0122,0.399,0.63484,0,0,0,0,0,0.247100,0.022684,0.227369,0.021289,0.198753,0.019916,0.163628,0.020080,0.123022,0.023201,0.082840,0.028774,0.045895,0.035208,0.016877,-96.93,165.09,58.87,-27.24,-142.21,146.85,16.43,-33.25,175.94,147.88,-23.12,-36.16,141.09,135.33,-36.49,0.0503,0.0234,0.0037,0.0052,0.0020,0.0088,0.0036,0.0032,0.0091,0.0028,0.0008,0.0008,0.0084,0.0084,0.0097
2026-08-05 08:29:54.000,30.766667,138,16,0.521858,-0.0039,-150.99,0,0,0,63.0122,0.399,0.63484,0,0,0,0,0,0.243001,0.027362,0.223119,0.025007,0.194545,0.022132,0.159472,0.020369,0.118997,0.021953,0.079062,0.027314,0.042877,0.033964,0.015410,150.99,-61.16,82.64,-119.99,17.45,-172.28,-47.99,143.64,-112.47,104.31,-175.23,60.03,126.35,9.18,92.76,0.0503,0.0234,0.0037,0.0052,0.0020,0.0088,0.0036,0.0032,0.0091,0.0028,0.0008,0.0008,0.0084,0.0084,0.0097
2026-08-05 08:29:54.000,30.783333,138,17,0.549198,0.0245,81.15,0,0,0,63.0122,0.399,0.63484,0,0,0,0,0,0.217478,0.073695,0.200191,0.071564,0.176502,0.069555,0.148813,0.069234,0.117725,0.071701,0.088061,0.076754,0.061986,0.082314,0.041005,-81.15,-155.89,104.27,49.43,-67.21,-103.17,120.23,106.07,-52.98,-44.09,133.06,164.45,-42.44,11.32,141.55,0.0503,0.0234,0.0037,0.0052,0.0020,0.0088,0.0036,0.0032,0.0091,0.0028,0.0008,0.0008,0.0084,0.0084,0.0097
2026-08-05 08:29:54.000,30.800000,138,18,0.538231,0.0069,142.14,0,0,0,63.0122,0.399,0.63484,0,0,0,0,0,0.231949,0.048865,0.212787,0.047851,0.185715,0.046866,0.152902,0.047128,0.115286,0.049554,0.078697,0.054094,0.045934,0.059781,0.020749,-142.14,78.66,-77.64,158.75,-10.01,-119.04,56.72,-34.46,123.25,50.85,-171.13,135.43,-108.54,-141.73,-57.06,0.0503,0.0234,0.0037,0.0052,0.0020,0.0088,0.0036,0.0032,0.0091,0.0028,0.0008,0.0008,0.0084,0.0084,0.0097
2026-08-05 08:29:54.000,30.816667,138,19,0.492243,0.0147,16.60,0,0,0,63.0122,0.399,0.63484,0,0,0,0,0,0.261678,0.026948,0.241694,0.028550,0.212974,0.029806,0.176888,0.029512,0.134717,0.027278,0.092754,0.023140,0.056550,0.018167,0.039582,-16.60,159.62,-59.00,136.46,-98.18,109.75,-136.93,81.02,-173.49,51.32,154.45,23.82,133.58,1.77,137.19,0.0503,0.0234,0.0037,0.0052,0.0020,0.0088,0.0036,0.0032,0.0091,0.0028,0.0008,0.0008,0.0084,0.0084,0.0097
2026-08-05 08:29:54.000,30.833333,138,20,0.499397,0.0480,-67.49,0,0,0,63.0122,0.399,0.63484,0,0,0,0,0,0.263998,0.022092,0.244425,0.021713,0.216231,0.021215,0.180782,0.020896,0.138719,0.020556,0.096673,0.019826,0.059259,0.018465,0.040508,67.49,-35.30,-166.56,109.66,-37.43,-105.15,92.05,39.89,-136.43,-175.76,-0.68,-32.06,145.51,111.97,-43.63,0.0503,0.0234,0.0037,0.0052,0.0020,0.0088,0.0036,0.0032,0.0091,0.0028,0.0008,0.0008,0.0084,0.0084,0.0097
2026-08-05 08:29:54.000,30.850000,138,21,0.529087,0.0086,-150.14,0,0,0,63.0122,0.399,0.63484,0,0,0,0,0,0.202483,0.053458,0.185869,0.058332,0.163609,0.064640,0.137520,0.070573,0.108006,0.075009,0.080644,0.077297,0.059068,0.077982,0.047010,150.14,-51.53,77.22,-105.10,7.42,-160.96,-64.14,141.47,-137.45,83.49,145.75,26.12,62.51,-29.66,-26.99,0.0503,0.0234,0.0037,0.0052,0.0020,0.0088,0.0036,0.0032,0.0091,0.0028,0.0008,0.0008,0.0084,0.0084,0.0097
2026-08-05 08:29:54.000,30.866667,138,22,0.503514,0.0165,117.87,0,0,0,63.0122,0.399,0.63484,0,0,0,0,0,0.205170,0.027468,0.189014,0.032474,0.167368,0.038706,0.141864,0.044364,0.112297,0.048439,0.083168,0.050755,0.056743,0.051525,0.035218,-117.87,137.64,-6.17,-89.67,108.89,38.43,-137.15,163.77,-23.73,-71.16,88.56,55.13,-161.88,-176.52,-57.51,0.0503,0.0234,0.0037,0.0052,0.0020,0.0088,0.0036,0.0032,0.0091,0.0028,0.0008,0.0008,0.0084,0.0084,0.0097
2026-08-05 08:29:54.000,30.883333,138,23,0.480408,0.0101,164.93,0,0,0,63.0122,0.399,0.63484,0,0,0,0,0,0.248901,0.032189,0.231102,0.027754,0.206296,0.021618,0.175326,0.016271,0.138717,0.015433,0.101600,0.018772,0.067654,0.023185,0.045193,-164.93,-150.80,-144.21,-120.29,-120.16,-84.83,-95.79,-37.38,-69.50,21.02,-39.64,71.89,-2.43,110.34,51.36,0.0503,0.0234,0.0037,0.0052,0.0020,0.0088,0.0036,0.0032,0.0091,0.0028,0.0008,0.0008,0.0084,0.0084,0.0097
2026-08-05 08:29:54.000,30.900000,138,24,0.485977,0.0255,-42.81,0,0,0,63.0122,0.399,0.63484,0,0,0,0,0,0.253773,0.010590,0.235725,0.008106,0.210600,0.004668,0.179280,0.002231,0.142156,0.004868,0.104801,0.008334,0.070656,0.010835,0.048410,42.81,-106.99,119.52,-35.65,-160.55,25.48,-80.32,32.61,1.95,50.01,87.76,113.02,-179.06,-175.57,-70.37,0.0503,0.0234,0.0037,0.0052,0.0020,0.0088,0.0036,0.0032,0.0091,0.0028,0.0008,0.0008,0.0084,0.0084,0.0097
2026-08-05 08:29:54.000,30.916667,138,25,0.512458,0.0052,177.94,0,0,0,63.0122,0.399,0.63484,0,0,0,0,0,0.187563,0.056241,0.172939,0.060827,0.154294,0.066699,0.133088,0.072256,0.108758,0.076293,0.085695,0.078650,0.065422,0.079338,0.049738,-177.94,14.41,172.37,27.02,166.10,37.29,158.41,45.64,149.71,53.32,139.45,61.25,126.49,70.22,110.91,0.0503,0.0234,0.0037,0.0052,0.0020,0.0088,0.0036,0.0032,0.0091,0.0028,0.0008,0.0008,0.0084,0.0084,0.0097
2026-08-05 08:29:54.000,30.933333,138,26,0.476236,0.0083,-157.71,0,0,0,63.0122,0.399,0.63484,0,0,0,0,0,0.247805,0.031322,0.229873,0.028743,0.205036,0.025419,0.174018,0.022725,0.137020,0.021930,0.099271,0.022736,0.064015,0.024143,0.039782,157.71,138.68,103.67,98.89,52.86,62.07,2.27,29.65,-46.52,-0.35,-92.12,-31.98,-130.48,-68.03,-149.49,0.0503,0.0234,0.0037,0.0052,0.0020,0.0088,0.0036,0.0032,0.0091,0.0028,0.0008,0.0008,0.0084,0.0084,0.0097
2026-08-05 08:29:54.000,30.950000,138,27,0.489904,-0.0108,135.75,0,0,0,63.0122,0.399,0.63484,0,0,0,0,0,0.199651,0.016563,0.182538,0.023979,0.159114,0.032164,0.130971,0.039517,0.098302,0.045423,0.066447,0.049755,0.038997,0.052500,0.024614,-135.75,115.32,-60.14,-146.60,18.91,-57.74,96.63,28.06,173.26,114.02,-113.10,-158.88,-49.31,-69.84,-9.96,0.0503,0.0234,0.0037,0.0052,0.0020,0.0088,0.0036,0.0032,0.0091,0.0028,0.0008,0.0008,0.0084,0.0084,0.0097
2026-08-05 08:29:54.000,30.966667,138,28,0.517757,0.0052,-145.41,0,0,0,63.0122,0.399,0.63484,0,0,0,0,0,0.214895,0.034815,0.196869,0.040071,0.171807,0.046634,0.141224,0.052684,0.105529,0.057091,0.070202,0.059715,0.037737,0.060623,0.016192,145.41,-57.94,64.35,-119.91,-13.39,174.04,-92.07,105.31,-171.15,36.13,108.09,-32.40,20.55,-99.30,-100.52,0.0503,0.0234,0.0037,0.0052,0.0020,0.0088,0.0036,0.0032,0.0091,0.0028,0.0008,0.0008,0.0084,0.0084,0.0097
2026-08-05 08:29:54.000,30.983333,138,29,0.516684,0.0258,-46.57,0,0,0,63.0122,0.399,0.63484,0,0,0,0,0,0.270883,0.007147,0.250797,0.010718,0.222221,0.013654,0.186104,0.014768,0.143869,0.013811,0.102283,0.011454,0.067179,0.008958,0.050787,46.57,-142.17,131.19,-75.12,-140.97,3.78,-52.51,87.67,38.41,176.90,134.08,-87.19,-119.77,24.18,4.41,0.0503,0.0234,0.0037,0.0052,0.0020,0.0088,0.0036,0.0032,0.0091,0.0028,0.0008,0.0008,0.0084,0.0084,0.0097
2026-08-05 08:29:54.467,31.000000,139,0,0.521699,0.0154,-159.84,0,0,0,63.0122,0.321,1.48052,0,0,0,0,0,0.239612,0.021612,0.219878,0.027972,0.191850,0.034455,0.156963,0.039023,0.116416,0.041371,0.076044,0.041621,0.038325,0.040609,0.006863,159.84,-14.70,109.03,-41.63,61.43,-76.69,13.33,-115.08,-34.18,-154.05,-81.03,167.69,-126.96,131.36,-158.19,0.0191,0.0149,0.0002,0.0053,0.0055,0.0101,0.0151,0.0049,0.0107,0.0023,0.0021,0.0046,0.0037,0.0020,0.0008
2026-08-05 08:29:54.467,31.016667,139,1,0.524698,0.0178,-56.02,0,0,0,63.0122,0.321,1.48052,0,0,0,0,0,0.224239,0.047478,0.204112,0.052857,0.175690,0.058793,0.140495,0.062906,0.100048,0.064370,0.060799,0.063358,0.027194,0.060582,0.017429,56.02,125.14,156.77,-113.46,-99.32,3.89,3.56,118.53,105.78,-127.86,-154.93,-13.88,-69.95,101.53,-43.85,0.0191,0.0149,0.0002,0.0053,0.0055,0.0101,0.0151,0.0049,0.0107,0.0023,0.0021,0.0046,0.0037,0.0020,0.0008
2026-08-05 08:29:54.467,31.033333,139,2,0.530655,0.0127,117.08,0,0,0,63.0122,0.321,1.48052,0,0,0,0,0,0.228636,0.052664,0.208583,0.057356,0.180154,0.062788,0.145059,0.066442,0.104803,0.067727,0.065793,0.066716,0.032352,0.064184,0.018679,-117.08,138.59,-2.33,-85.69,115.50,46.61,-127.75,176.35,-11.86,-54.69,101.19,74.25,-158.07,-155.58,-103.17,0.0191,0.0149,0.0002,0.0053,0.0055,0.0101,0.0151,0.0049,0.0107,0.0023,0.0021,0.0046,0.0037,0.0020,0.0008
2026-08-05 08:29:54.467,31.050000,139,3,0.486155,0.0292,-61.84,0,0,0,63.0122,0.321,1.48052,0,0,0,0,0,0.260940,0.011195,0.240796,0.011951,0.212179,0.012175,0.176258,0.010865,0.134387,0.007910,0.093028,0.004340,0.057842,0.004932,0.040995,61.84,-85.66,176.71,14.08,-65.16,119.83,53.34,-128.07,174.13,-8.37,-60.66,136.05,75.36,-36.02,-126.57,0.0191,0.0149,0.0002,0.0053,0.0055,0.0101,0.0151,0.0049,0.0107,0.0023,0.0021,0.0046,0.0037,0.0020,0.0008
2026-08-05 08:29:54.467,31.066667,139,4,0.468642,0.0347,-24.91,0,0,0,63.0122,0.321,1.48052,0,0,0,0,0,0.251245,0.018144,0.231584,0.017260,0.203704,0.015842,0.168573,0.013746,0.127616,0.011898,0.087109,0.011402,0.052287,0.012970,0.037130,24.91,-143.40,65.63,-105.67,109.63,-64.92,153.99,-17.77,-159.38,38.33,-108.23,103.22,-45.22,168.99,43.91,0.0191,0.0149,0.0002,0.0053,0.0055,0.0101,0.0151,0.0049,0.0107,0.0023,0.0021,0.0046,0.0037,0.0020,0.0008
2026-08-05 08:29:54.467,31.083333,139,5,0.513911,-0.0068,142.49,0,0,0,63.0122,0.321,1.48052,0,0,0,0,0,0.194989,0.056375,0.177154,0.061313,0.152723,0.067334,0.123710,0.072344,0.091633,0.075147,0.063628,0.076053,0.046699,0.075248,0.045195,-142.49,86.10,-80.91,169.82,-16.16,-109.28,46.38,-30.75,105.97,46.95,158.83,124.70,-160.43,-156.77,-122.66,0.0191,0.0149,0.0002,0.0053,0.0055,0.0101,0.0151,0.0049,0.0107,0.0023,0.0021,0.0046,0.0037,0.0020,0.0008
2026-08-05 08:29:54.467,31.100000,139,6,0.545314,0.0115,-118.70,0,0,0,63.0122,0.321,1.48052,0,0,0,0,0,0.213120,0.075425,0.193701,0.079140,0.166328,0.083723,0.133152,0.087488,0.096003,0.089648,0.062142,0.089959,0.039619,0.088830,0.038009,118.70,-112.73,-16.14,133.24,-147.93,17.43,78.42,-100.01,-57.62,141.52,159.69,22.71,-0.05,-96.00,-170.10,0.0191,0.0149,0.0002,0.0053,0.0055,0.0101,0.0151,0.0049,0.0107,0.0023,0.0021,0.0046,0.0037,0.0020,0.0008
2026-08-05 08:29:54.467,31.116667,139,7,0.521713,0.0069,155.77,0,0,0,63.0122,0.321,1.48052,0,0,0,0,0,0.278156,0.021601,0.257187,0.021271,0.226860,0.020211,0.188331,0.017975,0.143905,0.014541,0.100353,0.011161,0.063853,0.010627,0.047421,-155.77,-150.65,-115.96,-120.07,-72.97,-86.39,-29.39,-47.09,16.62,-0.16,67.20,60.59,128.59,136.62,-150.52,0.0191,0.0149,0.0002,0.0053,0.0055,0.0101,0.0151,0.0049,0.0107,0.0023,0.0021,0.0046,0.0037,0.0020,0.0008
2026-08-05 08:29:54.467,31.133333,139,8,0.516999,0.0287,96.32,0,0,0,63.0122,0.321,1.48052,0,0,0,0,0,0.279235,0.006348,0.257442,0.011098,0.225456,0.013939,0.185317,0.013856,0.139163,0.011620,0.094108,0.008821,0.057098,0.009369,0.043312,-96.32,-93.85,62.61,63.27,-135.31,-135.16,27.25,30.12,-167.77,-156.68,2.27,32.43,-174.88,-118.29,31.13,0.0191,0.0149,0.0002,0.0053,0.0055,0.0101,0.0151,0.0049,0.0107,0.0023,0.0021,0.0046,0.0037,0.0020,0.0008
2026-08-05 08:29:54.467,31.150000,139,9,0.506002,0.0183,38.93,0,0,0,63.0122,0.321,1.48052,0,0,0,0,0,0.271379,0.004935,0.250214,0.008276,0.220021,0.010222,0.181861,0.010123,0.137875,0.008783,0.095061,0.007398,0.059702,0.008840,0.046220,-38.93,31.56,-125.27,-60.02,151.54,-144.70,68.87,136.11,-11.18,66.28,-86.21,12.30,-149.11,-32.36,168.18,0.0191,0.0149,0.0002,0.0053,0.0055,0.0101,0.0151,0.0049,0.0107,0.0023,0.0021,0.0046,0.0037,0.0020,0.0008
2026-08-05 08:29:54.467,31.166667,139,10,0.494901,0.0122,121.96,0,0,0,63.0122,0.321,1.48052,0,0,0,0,0,0.245389,0.010165,0.225606,0.012533,0.197481,0.014821,0.162024,0.015756,0.120535,0.014975,0.079077,0.012643,0.041394,0.009541,0.020862,-121.96,-103.00,-15.71,-16.18,93.85,79.79,-156.50,-178.14,-45.17,-71.56,69.26,39.21,-166.53,156.71,1.04,0.0191,0.0149,0.0002,0.0053,0.0055,0.0101,0.0151,0.0049,0.0107,0.0023,0.0021,0.0046,0.0037,0.0020,0.0008
2026-08-05 08:29:54.467,31.183333,139,11,0.520920,0.0114,-76.05,0,0,0,63.0122,0.321,1.48052,0,0,0,0,0,0.223170,0.047336,0.204142,0.052352,0.176653,0.057487,0.143292,0.061618,0.105076,0.063881,0.067093,0.063798,0.034240,0.061557,0.020652,76.05,164.61,-142.95,-33.30,1.20,124.85,144.02,-80.05,-73.79,74.40,65.59,-131.08,-167.30,23.98,-80.58,0.0191,0.0149,0.0002,0.0053,0.0055,0.0101,0.0151,0.0049,0.0107,0.0023,0.0021,0.0046,0.0037,0.0020,0.0008
2026-08-05 08:29:54.467,31.200000,139,12,0.559650,-0.1186,160.42,0,0,0,63.0122,0.321,1.48052,0,0,0,0,0,0.225001,0.080222,0.204252,0.084052,0.174821,0.088482,0.139227,0.091773,0.099740,0.092922,0.064148,0.091791,0.040828,0.089260,0.038352,-160.42,49.91,-133.20,98.28,-103.03,144.73,-74.80,-170.42,-49.00,-126.34,-29.77,-82.23,-27.20,-37.60,-33.66,0.0191,0.0149,0.0002,0.0053,0.0055,0.0101,0.0151,0.0049,0.0107,0.0023,0.0021,0.0046,0.0037,0.0020,0.0008
2026-08-05 08:29:54.467,31.216667,139,13,0.500037,0.0060,-122.74,0,0,0,63.0122,0.321,1.48052,0,0,0,0,0,0.269025,0.009478,0.247910,0.011122,0.217842,0.011895,0.180164,0.011236,0.136525,0.009701,0.093585,0.008668,0.057959,0.010486,0.043599,122.74,31.66,-0.40,-103.74,-120.45,128.29,120.06,7.84,3.11,-100.92,-108.91,167.15,150.87,81.54,72.01,0.0191,0.0149,0.0002,0.0053,0.0055,0.0101,0.0151,0.0049,0.0107,0.0023,0.0021,0.0046,0.0037,0.0020,0.0008
2026-08-05 08:29:54.467,31.233333,139,14,0.490973,-0.0052,-173.89,0,0,0,63.0122,0.321,1.48052,0,0,0,0,0,0.205416,0.021180,0.187847,0.030602,0.162485,0.039961,0.131515,0.047063,0.096353,0.051803,0.062644,0.054079,0.035537,0.053858,0.026537,173.89,15.76,149.31,14.81,128.21,5.19,105.51,-8.52,81.28,-22.83,53.16,-36.05,11.09,-47.70,-55.08,0.0191,0.0149,0.0002,0.0053,0.0055,0.0101,0.0151,0.0049,0.0107,0.0023,0.0021,0.0046,0.0037,0.0020,0.0008
2026-08-05 08:29:54.467,31.250000,139,15,0.554507,-0.0112,177.61,0,0,0,63.0122,0.321,1.48052,0,0,0,0,0,0.241152,0.060247,0.219167,0.065413,0.187691,0.071034,0.149113,0.074690,0.104854,0.075093,0.061609,0.072098,0.024811,0.067240,0.016608,-177.61,18.00,176.54,32.70,173.64,43.55,169.87,52.02,165.69,59.73,159.26,67.95,138.05,77.33,43.01,0.0191,0.0149,0.0002,0.0053,0.0055,0.0101,0.0151,0.0049,0.0107,0.0023,0.0021,0.0046,0.0037,0.0020,0.0008
2026-08-05 08:29:54.467,31.266667,139,16,0.516915,0.0178,-142.39,0,0,0,63.0122,0.321,1.48052,0,0,0,0,0,0.274860,0.019367,0.253719,0.018671,0.223465,0.017118,0.185335,0.014531,0.141466,0.011678,0.098693,0.010444,0.063979,0.012298,0.050517,142.39,88.17,58.60,-1.66,-21.95,-88.29,-101.89,-169.22,-179.15,119.42,108.86,62.28,48.50,9.98,5.37,0.0191,0.0149,0.0002,0.0053,0.0055,0.0101,0.0151,0.0049,0.0107,0.0023,0.0021,0.0046,0.0037,0.0020,0.0008
2026-08-05 08:29:54.467,31.283333,139,17,0.510459,0.0233,77.10,0,0,0,63.0122,0.321,1.48052,0,0,0,0,0,0.270876,0.026376,0.250532,0.024562,0.220792,0.021872,0.183313,0.017802,0.140572,0.013601,0.098551,0.011462,0.063432,0.013421,0.048316,-77.10,12.02,119.86,-155.65,-39.87,39.42,160.96,-120.91,4.33,88.44,-147.36,-46.63,71.86,-176.06,-51.17,0.0191,0.0149,0.0002,0.0053,0.0055,0.0101,0.0151,0.0049,0.0107,0.0023,0.0021,0.0046,0.0037,0.0020,0.0008
2026-08-05 08:29:54.467,31.300000,139,18,0.554546,0.0116,127.06,0,0,0,63.0122,0.321,1.48052,0,0,0,0,0,0.197993,0.099376,0.179735,0.102000,0.155275,0.105226,0.126936,0.107444,0.096959,0.107965,0.072524,0.106719,0.058898,0.103941,0.056292,-127.06,115.10,-34.91,-130.65,60.17,-17.42,152.69,94.80,-118.18,-153.44,-34.76,-41.40,41.89,71.06,120.63,0.0191,0.0149,0.0002,0.0053,0.0055,0.0101,0.0151,0.0049,0.0107,0.0023,0.0021,0.0046,0.0037,0.0020,0.0008
2026-08-05 08:29:54.467,31.316667,139,19,0.494358,-0.0126,173.50,0,0,0,63.0122,0.321,1.48052,0,0,0,0,0,0.228009,0.023581,0.208685,0.028691,0.181380,0.033945,0.147398,0.037181,0.108084,0.038198,0.068480,0.036865,0.030967,0.033788,0.001644,-173.50,32.94,-171.21,57.24,-165.65,74.78,-160.62,88.55,-155.19,101.51,-149.37,115.56,-144.58,131.61,134.09,0.0191,0.0149,0.0002,0.0053,0.0055,0.0101,0.0151,0.0049,0.0107,0.0023,0.0021,0.0046,0.0037,0.0020,0.0008
2026-08-05 08:29:54.467,31.333333,139,20,0.495344,-0.0005,-89.05,0,0,0,63.0122,0.321,1.48052,0,0,0,0,0,0.209279,0.024240,0.190990,0.030962,0.164351,0.037793,0.132000,0.043393,0.095057,0.047364,0.059524,0.049221,0.032551,0.049238,0.029312,89.05,-162.68,-104.87,27.34,64.55,-150.16,-127.75,27.91,38.40,-154.45,-160.40,23.44,-18.53,-157.99,99.03,0.0191,0.0149,0.0002,0.0053,0.0055,0.0101,0.0151,0.0049,0.0107,0.0023,0.0021,0.0046,0.0037,0.0020,0.0008
2026-08-05 08:29:54.467,31.350000,139,21,0.507210,0.0359,23.70,0,0,0,63.0122,0.321,1.48052,0,0,0,0,0,0.270693,0.008300,0.249074,0.014206,0.219806,0.018741,0.182630,0.020713,0.139726,0.020142,0.097896,0.018771,0.062559,0.017324,0.046717,-23.70,37.15,-79.64,-11.48,-132.54,-62.73,175.25,-110.09,125.41,-154.18,80.38,167.47,46.32,138.12,30.33,0.0191,0.0149,0.0002,0.0053,0.0055,0.0101,0.0151,0.0049,0.0107,0.0023,0.0021,0.0046,0.0037,0.0020,0.0008
2026-08-05 08:29:54.467,31.366667,139,22,0.491443,0.0098,-86.55,0,0,0,63.0122,0.321,1.48052,0,0,0,0,0,0.262324,0.023232,0.242394,0.022448,0.213650,0.020493,0.177787,0.017889,0.135653,0.015055,0.094066,0.013067,0.057681,0.013625,0.039720,86.55,-20.34,-109.21,139.63,58.22,-57.57,-133.99,109.53,36.06,-75.78,-149.57,107.72,35.51,-60.72,-116.65,0.0191,0.0149,0.0002,0.0053,0.0055,0.0101,0.0151,0.0049,0.0107,0.0023,0.0021,0.0046,0.0037,0.0020,0.0008
2026-08-05 08:29:54.467,31.383333,139,23,0.449494,0.0182,-11.42,0,0,0,63.0122,0.321,1.48052,0,0,0,0,0,0.242250,0.012371,0.223192,0.012399,0.196467,0.011666,0.163288,0.010147,0.124106,0.007598,0.085259,0.005102,0.050196,0.005632,0.032478,11.42,-179.52,25.02,-175.84,41.88,-169.31,59.00,-157.85,78.20,-137.38,101.48,-98.85,135.52,-28.02,-163.45,0.0191,0.0149,0.0002,0.0053,0.0055,0.0101,0.0151,0.0049,0.0107,0.0023,0.0021,0.0046,0.0037,0.0020,0.0008
2026-08-05 08:29:54.467,31.400000,139,24,0.435012,0.0024,161.42,0,0,0,63.0122,0.321,1.48052,0,0,0,0,0,0.234583,0.010841,0.215999,0.010658,0.190533,0.009912,0.158708,0.008646,0.120985,0.006655,0.082964,0.004900,0.048069,0.005215,0.028405,-161.42,-162.61,-133.63,-142.95,-102.62,-121.03,-71.39,-94.26,-38.35,-58.39,-1.61,-7.03,44.94,67.74,121.57,0.0191,0.0149,0.0002,0.0053,0.0055,0.0101,0.0151,0.0049,0.0107,0.0023,0.0021,0.0046,0.0037,0.0020,0.0008
2026-08-05 08:29:54.467,31.416667,139,25,0.505594,-0.0000,135.34,0,0,0,63.0122,0.321,1.48052,0,0,0,0,0,0.270292,0.022135,0.249702,0.020680,0.220049,0.018186,0.182798,0.014979,0.139347,0.011855,0.096423,0.010495,0.059554,0.013029,0.041768,-135.34,-103.43,-54.85,-26.27,28.87,53.85,112.97,138.83,-160.56,-125.20,-69.74,-16.65,32.37,91.49,156.14,0.0191,0.0149,0.0002,0.0053,0.0055,0.0101,0.0151,0.0049,0.0107,0.0023,0.0021,0.0046,0.0037,0.0020,0.0008
2026-08-05 08:29:54.467,31.433333,139,26,0.524423,0.0075,110.66,0,0,0,63.0122,0.321,1.48052,0,0,0,0,0,0.226676,0.042571,0.206876,0.047946,0.178336,0.053615,0.143548,0.058003,0.103425,0.059693,0.065034,0.059367,0.033145,0.056869,0.024491,-110.66,152.33,16.76,-58.91,147.20,85.35,-83.61,-133.23,44.54,7.47,168.61,148.27,-82.25,-69.20,-9.45,0.0191,0.0149,0.0002,0.0053,0.0055,0.0101,0.0151,0.0049,0.0107,0.0023,0.0021,0.0046,0.0037,0.0020,0.0008
2026-08-05 08:29:54.467,31.450000,139,27,0.506717,0.0048,163.18,0,0,0,63.0122,0.321,1.48052,0,0,0,0,0,0.216788,0.042161,0.197315,0.046965,0.169423,0.052141,0.135319,0.056283,0.096121,0.057832,0.058328,0.057515,0.027119,0.055287,0.021440,-163.18,46.28,-141.04,89.42,-115.68,128.31,-91.59,164.39,-68.44,-160.13,-49.12,-124.49,-47.18,-86.98,-90.37,0.0191,0.0149,0.0002,0.0053,0.0055,0.0101,0.0151,0.0049,0.0107,0.0023,0.0021,0.0046,0.0037,0.0020,0.0008
2026-08-05 08:29:54.467,31.466667,139,28,0.500233,0.0189,23.48,0,0,0,63.0122,0.321,1.48052,0,0,0,0,0,0.266393,0.016867,0.245884,0.017635,0.216967,0.017996,0.180569,0.017329,0.138414,0.016478,0.096867,0.015607,0.061744,0.016629,0.044925,-23.48,112.73,-79.23,49.62,-131.76,-9.54,176.19,-62.12,126.61,-107.55,81.51,-146.32,47.29,-179.76,32.08,0.0191,0.0149,0.0002,0.0053,0.0055,0.0101,0.0151,0.0049,0.0107,0.0023,0.0021,0.0046,0.0037,0.0020,0.0008
2026-08-05 08:29:54.467,31.483333,139,29,0.457778,0.0353,19.11,0,0,0,63.0122,0.321,1.48052,0,0,0,0,0,0.245544,0.009091,0.226209,0.009540,0.200107,0.009807,0.166986,0.008606,0.128292,0.006820,0.089210,0.004872,0.054298,0.006363,0.034484,-19.11,112.84,-66.55,54.61,-110.70,-0.57,-154.65,-48.42,163.50,-85.15,125.42,-101.02,97.29,-98.34,93.23,0.0191,0.0149,0.0002,0.0053,0.0055,0.0101,0.0151,0.0049,0.0107,0.0023,0.0021,0.0046,0.0037,0.0020,0.0008
2026-08-05 08:29:54.976,31.500000,140,0,0.493669,-0.0000,-146.30,0,0,0,63.0122,0.350,0.87425,0,0,0,0,0,0.264867,0.020475,0.244409,0.019270,0.215072,0.017096,0.177890,0.014842,0.134757,0.013060,0.091564,0.012883,0.054596,0.014953,0.037626,146.30,104.60,70.13,29.83,-2.92,-42.31,-75.56,-108.70,-145.96,-169.12,148.06,137.23,94.02,79.96,66.10,0.0335,0.0142,0.0086,0.0083,0.0035,0.0126,0.0112,0.0050,0.0037,0.0021,0.0022,0.0044,0.0074,0.0056,0.0079
2026-08-05 08:29:54.976,31.516667,140,1,0.473191,0.0254,99.89,0,0,0,63.0122,0.350,0.87425,0,0,0,0,0,0.252881,0.024544,0.233385,0.022416,0.205326,0.018628,0.170056,0.014406,0.129149,0.010523,0.088403,0.009288,0.053890,0.011569,0.038694,-99.89,-28.94,51.44,121.75,-154.08,-85.26,0.95,73.61,158.24,-117.63,-39.66,67.76,134.38,-112.84,-27.39,0.0335,0.0142,0.0086,0.0083,0.0035,0.0126,0.0112,0.0050,0.0037,0.0021,0.0022,0.0044,0.0074,0.0056,0.0079
2026-08-05 08:29:54.976,31.533333,140,2,0.465426,-0.0296,147.89,0,0,0,63.0122,0.350,0.87425,0,0,0,0,0,0.208517,0.007239,0.191590,0.013723,0.167206,0.018973,0.137765,0.022597,0.103354,0.025011,0.068451,0.025635,0.036179,0.025764,0.011314,-147.89,117.17,-94.60,-168.96,-38.22,-108.34,17.48,-46.99,72.98,15.09,127.95,79.68,179.09,147.68,-161.10,0.0335,0.0142,0.0086,0.0083,0.0035,0.0126,0.0112,0.0050,0.0037,0.0021,0.0022,0.0044,0.0074,0.0056,0.0079
2026-08-05 08:29:54.976,31.550000,140,3,0.444274,0.0323,-7.72,0,0,0,63.0122,0.350,0.87425,0,0,0,0,0,0.236792,0.026262,0.218545,0.023901,0.192615,0.020171,0.160618,0.015862,0.122777,0.011332,0.084838,0.009000,0.051629,0.009779,0.034262,7.72,-174.11,13.85,-169.52,23.32,-161.70,33.11,-151.21,44.96,-132.04,61.26,-96.83,88.03,-58.70,140.41,0.0335,0.0142,0.0086,0.0083,0.0035,0.0126,0.0112,0.0050,0.0037,0.0021,0.0022,0.0044,0.0074,0.0056,0.0079
2026-08-05 08:29:54.976,31.566667,140,4,0.440149,0.0192,-85.97,0,0,0,63.0122,0.350,0.87425,0,0,0,0,0,0.234192,0.020784,0.216222,0.019263,0.191428,0.016991,0.160709,0.014024,0.124173,0.010620,0.087402,0.008515,0.054015,0.008793,0.033520,85.97,-19.97,-111.55,139.97,54.33,-57.91,-139.66,107.70,28.27,-79.39,-159.99,107.22,20.50,-59.36,-135.26,0.0335,0.0142,0.0086,0.0083,0.0035,0.0126,0.0112,0.0050,0.0037,0.0021,0.0022,0.0044,0.0074,0.0056,0.0079
2026-08-05 08:29:54.976,31.583333,140,5,0.488058,0.0248,-53.56,0,0,0,63.0122,0.350,0.87425,0,0,0,0,0,0.219926,0.008710,0.202016,0.015073,0.175750,0.020841,0.143466,0.025119,0.106140,0.027922,0.068748,0.028418,0.033994,0.027077,0.006418,53.56,-133.48,150.22,-57.11,-110.12,30.01,-11.02,123.19,88.24,-139.67,-172.58,-38.97,-75.60,66.85,-12.22,0.0335,0.0142,0.0086,0.0083,0.0035,0.0126,0.0112,0.0050,0.0037,0.0021,0.0022,0.0044,0.0074,0.0056,0.0079
2026-08-05 08:29:54.976,31.600000,140,6,0.532293,-0.0208,-135.96,0,0,0,63.0122,0.350,0.87425,0,0,0,0,0,0.230604,0.060309,0.209532,0.065219,0.180008,0.069640,0.144246,0.072899,0.102417,0.072975,0.061457,0.069912,0.026397,0.065617,0.019055,135.96,-76.43,36.37,-156.30,-59.78,120.86,-157.03,36.17,105.00,-49.98,4.46,-135.63,-111.60,139.78,67.99,0.0335,0.0142,0.0086,0.0083,0.0035,0.0126,0.0112,0.0050,0.0037,0.0021,0.0022,0.0044,0.0074,0.0056,0.0079
2026-08-05 08:29:54.976,31.616667,140,7,0.469860,0.0323,-78.43,0,0,0,63.0122,0.350,0.87425,0,0,0,0,0,0.253477,0.010696,0.233259,0.011975,0.204703,0.012522,0.169545,0.011821,0.128169,0.009188,0.087239,0.006351,0.052326,0.007473,0.036664,78.43,-55.74,-134.01,76.31,16.99,-142.02,168.29,6.07,-38.19,161.77,120.10,-18.03,-69.96,-177.91,125.62,0.0335,0.0142,0.0086,0.0083,0.0035,0.0126,0.0112,0.0050,0.0037,0.0021,0.0022,0.0044,0.0074,0.0056,0.0079
2026-08-05 08:29:54.976,31.633333,140,8,0.449663,0.0381,-34.21,0,0,0,63.0122,0.350,0.87425,0,0,0,0,0,0.241961,0.008439,0.222929,0.009882,0.196025,0.010766,0.163151,0.011012,0.124213,0.010238,0.085325,0.010019,0.050676,0.011723,0.031998,34.21,-143.38,93.14,-97.84,155.46,-40.09,-141.95,24.62,-77.46,98.62,-8.78,-176.47,70.05,-88.51,176.40,0.0335,0.0142,0.0086,0.0083,0.0035,0.0126,0.0112,0.0050,0.0037,0.0021,0.0022,0.0044,0.0074,0.0056,0.0079
2026-08-05 08:29:54.976,31.650000,140,9,0.461372,-0.0088,-142.43,0,0,0,63.0122,0.350,0.87425,0,0,0,0,0,0.247245,0.019409,0.228058,0.019702,0.200251,0.018732,0.165675,0.017116,0.125347,0.014751,0.085194,0.012325,0.050661,0.011640,0.035598,142.43,86.78,58.11,-5.69,-22.92,-93.92,-103.57,-177.56,178.06,105.74,104.26,40.39,42.69,-15.01,7.91,0.0335,0.0142,0.0086,0.0083,0.0035,0.0126,0.0112,0.0050,0.0037,0.0021,0.0022,0.0044,0.0074,0.0056,0.0079
2026-08-05 08:29:54.976,31.666667,140,10,0.465879,0.0063,-84.82,0,0,0,63.0122,0.350,0.87425,0,0,0,0,0,0.248665,0.017973,0.229623,0.016744,0.202408,0.014418,0.168732,0.011548,0.129342,0.008509,0.090025,0.007468,0.055799,0.009577,0.038596,84.82,-23.84,-114.74,132.21,48.99,-68.55,-146.81,95.59,19.49,-89.11,-169.72,104.40,11.55,-62.17,-144.38,0.0335,0.0142,0.0086,0.0083,0.0035,0.0126,0.0112,0.0050,0.0037,0.0021,0.0022,0.0044,0.0074,0.0056,0.0079
2026-08-05 08:29:54.976,31.683333,140,11,0.548099,0.0500,-55.69,0,0,0,63.0122,0.350,0.87425,0,0,0,0,0,0.168733,0.104511,0.153308,0.109312,0.132295,0.115049,0.110649,0.119481,0.090722,0.121469,0.078367,0.120348,0.075997,0.116572,0.079025,55.69,121.77,151.33,-117.14,-110.31,1.92,-15.77,119.25,74.50,-124.10,161.14,-7.10,-112.20,110.35,-19.44,0.0335,0.0142,0.0086,0.0083,0.0035,0.0126,0.0112,0.0050,0.0037,0.0021,0.0022,0.0044,0.0074,0.0056,0.0079
2026-08-05 08:29:54.976,31.700000,140,12,0.548675,-0.1101,-140.69,0,0,0,63.0122,0.350,0.87425,0,0,0,0,0,0.234218,0.062804,0.213644,0.066709,0.183906,0.070324,0.148061,0.072367,0.107144,0.072174,0.067282,0.070118,0.032625,0.066677,0.015937,140.69,-67.61,50.58,-137.08,-36.28,150.65,-124.07,76.87,147.61,2.78,57.02,-70.75,-43.80,-143.32,167.94,0.0335,0.0142,0.0086,0.0083,0.0035,0.0126,0.0112,0.0050,0.0037,0.0021,0.0022,0.0044,0.0074,0.0056,0.0079
2026-08-05 08:29:54.976,31.716667,140,13,0.538347,0.0129,26.41,0,0,0,63.0122,0.350,0.87425,0,0,0,0,0,0.207977,0.064520,0.188921,0.069200,0.161682,0.075026,0.129074,0.079927,0.092719,0.082963,0.059958,0.083814,0.039519,0.083361,0.039874,-26.41,-41.69,-91.65,-85.05,-153.92,-131.31,141.93,-179.59,74.97,131.05,1.01,81.67,-90.20,32.83,171.91,0.0335,0.0142,0.0086,0.0083,0.0035,0.0126,0.0112,0.0050,0.0037,0.0021,0.0022,0.0044,0.0074,0.0056,0.0079
2026-08-05 08:29:54.976,31.733333,140,14,0.479763,0.0266,-55.25,0,0,0,63.0122,0.350,0.87425,0,0,0,0,0,0.258150,0.009403,0.237904,0.011885,0.208713,0.013229,0.172456,0.013175,0.130532,0.011534,0.089401,0.009695,0.055107,0.009771,0.041139,55.25,-107.08,156.53,-21.72,-98.85,74.45,6.32,178.71,113.92,-69.74,-133.48,55.66,-8.77,-166.50,138.06,0.0335,0.0142,0.0086,0.0083,0.0035,0.0126,0.0112,0.0050,0.0037,0.0021,0.0022,0.0044,0.0074,0.0056,0.0079
2026-08-05 08:29:54.976,31.750000,140,15,0.525895,0.0333,65.80,0,0,0,63.0122,0.350,0.87425,0,0,0,0,0,0.199934,0.044410,0.181632,0.051955,0.155057,0.061866,0.124436,0.069861,0.090336,0.075425,0.061495,0.077459,0.045731,0.077317,0.045928,-65.80,-114.22,150.12,126.07,8.99,0.54,-134.62,-128.43,78.25,101.90,-76.05,-27.75,116.27,-155.31,-50.97,0.0335,0.0142,0.0086,0.0083,0.0035,0.0126,0.0112,0.0050,0.0037,0.0021,0.0022,0.0044,0.0074,0.0056,0.0079
2026-08-05 08:29:54.976,31.766667,140,16,0.545217,0.0108,-91.79,0,0,0,63.0122,0.350,0.87425,0,0,0,0,0,0.212658,0.075899,0.192862,0.081077,0.164503,0.087017,0.130790,0.091170,0.093209,0.092316,0.059206,0.090480,0.036866,0.086997,0.034938,91.79,-165.45,-97.29,27.29,76.69,-142.95,-111.05,44.90,58.73,-128.01,-137.81,59.45,8.60,-111.95,144.81,0.0335,0.0142,0.0086,0.0083,0.0035,0.0126,0.0112,0.0050,0.0037,0.0021,0.0022,0.0044,0.0074,0.0056,0.0079
2026-08-05 08:29:54.976,31.783333,140,17,0.575793,0.0224,-92.80,0,0,0,63.0122,0.350,0.87425,0,0,0,0,0,0.185338,0.076137,0.166455,0.079776,0.140282,0.083882,0.111635,0.086467,0.084437,0.086695,0.069491,0.084177,0.071079,0.079783,0.080485,92.80,-165.71,-97.11,27.29,75.55,-142.11,-115.82,46.74,46.17,-125.57,-159.91,62.01,-5.88,-110.02,158.82,0.0335,0.0142,0.0086,0.0083,0.0035,0.0126,0.0112,0.0050,0.0037,0.0021,0.0022,0.0044,0.0074,0.0056,0.0079
2026-08-05 08:29:54.976,31.800000,140,18,0.547157,0.0064,-125.07,0,0,0,63.0122,0.350,0.87425,0,0,0,0,0,0.255982,0.040691,0.234852,0.045169,0.203858,0.049544,0.165551,0.051875,0.121326,0.051281,0.077366,0.048080,0.037219,0.043840,0.006647,125.07,-95.58,4.77,165.06,-112.37,61.02,130.32,-45.38,13.80,-152.36,-101.28,101.86,147.02,-1.18,82.10,0.0335,0.0142,0.0086,0.0083,0.0035,0.0126,0.0112,0.0050,0.0037,0.0021,0.0022,0.0044,0.0074,0.0056,0.0079
2026-08-05 08:29:54.976,31.816667,140,19,0.504898,-0.0112,178.34,0,0,0,63.0122,0.350,0.87425,0,0,0,0,0,0.216626,0.041033,0.197161,0.046079,0.169220,0.051802,0.135364,0.056221,0.096289,0.058442,0.058216,0.058403,0.027004,0.056611,0.021734,-178.34,16.39,173.53,29.21,168.55,37.23,162.44,42.72,155.17,47.02,144.35,51.70,115.69,57.73,40.26,0.0335,0.0142,0.0086,0.0083,0.0035,0.0126,0.0112,0.0050,0.0037,0.0021,0.0022,0.0044,0.0074,0.0056,0.0079
2026-08-05 08:29:54.976,31.833333,140,20,0.537181,0.0124,99.97,0,0,0,63.0122,0.350,0.87425,0,0,0,0,0,0.205733,0.063580,0.187965,0.069437,0.163195,0.076396,0.134392,0.081771,0.102640,0.084593,0.074226,0.084741,0.053764,0.083256,0.044469,-99.97,174.47,47.57,-13.46,-162.01,154.95,-13.50,-38.86,132.78,126.48,-85.12,-67.78,49.58,99.07,180.00,0.0335,0.0142,0.0086,0.0083,0.0035,0.0126,0.0112,0.0050,0.0037,0.0021,0.0022,0.0044,0.0074,0.0056,0.0079
2026-08-05 08:29:54.976,31.850000,140,21,0.584341,0.0134,-117.92,0,0,0,63.0122,0.350,0.87425,0,0,0,0,0,0.187467,0.081481,0.169351,0.084511,0.144793,0.087839,0.118457,0.090028,0.093983,0.089903,0.080148,0.086971,0.078852,0.082056,0.083299,117.92,-113.95,-22.06,131.04,-159.46,14.01,59.30,-104.48,-87.29,135.81,120.95,15.69,-29.97,-104.21,-172.99,0.0335,0.0142,0.0086,0.0083,0.0035,0.0126,0.0112,0.0050,0.0037,0.0021,0.0022,0.0044,0.0074,0.0056,0.0079
2026-08-05 08:29:54.976,31.866667,140,22,0.563289,0.0250,19.73,0,0,0,63.0122,0.350,0.87425,0,0,0,0,0,0.197907,0.106829,0.179841,0.108100,0.154858,0.109884,0.125739,0.111676,0.094299,0.112942,0.068596,0.112864,0.055643,0.111303,0.056756,-19.73,-32.34,-73.28,-64.81,-123.83,-97.89,-177.01,-131.54,126.03,-165.97,61.82,159.12,-11.75,123.83,-83.41,0.0335,0.0142,0.0086,0.0083,0.0035,0.0126,0.0112,0.0050,0.0037,0.0021,0.0022,0.0044,0.0074,0.0056,0.0079
2026-08-05 08:29:54.976,31.883333,140,23,0.543306,0.0096,168.53,0,0,0,63.0122,0.350,0.87425,0,0,0,0,0,0.208335,0.077365,0.189585,0.074824,0.163064,0.072395,0.130892,0.071211,0.094041,0.072683,0.059785,0.076384,0.037792,0.081447,0.041928,-168.53,25.12,-158.25,51.43,-144.87,79.18,-133.35,108.54,-124.39,138.20,-122.84,166.73,-142.56,-166.78,-171.73,0.0335,0.0142,0.0086,0.0083,0.0035,0.0126,0.0112,0.0050,0.0037,0.0021,0.0022,0.0044,0.0074,0.0056,0.0079
2026-08-05 08:29:54.976,31.900000,140,24,0.480974,0.0102,-117.84,0,0,0,63.0122,0.350,0.87425,0,0,0,0,0,0.253530,0.037447,0.234427,0.034182,0.207550,0.030119,0.173906,0.026801,0.134161,0.025416,0.094172,0.026270,0.057937,0.027452,0.035440,117.84,-120.75,-16.66,120.83,-147.76,5.41,81.36,-105.08,-47.65,147.37,-173.22,38.49,69.67,-74.73,-23.86,0.0335,0.0142,0.0086,0.0083,0.0035,0.0126,0.0112,0.0050,0.0037,0.0021,0.0022,0.0044,0.0074,0.0056,0.0079
2026-08-05 08:29:54.976,31.916667,140,25,0.453764,0.0230,-157.29,0,0,0,63.0122,0.350,0.87425,0,0,0,0,0,0.235743,0.006736,0.218868,0.010340,0.195785,0.014361,0.167309,0.018177,0.133292,0.021204,0.098585,0.023388,0.065904,0.024040,0.042593,157.29,158.34,102.41,112.22,50.86,58.43,-0.57,1.26,-50.12,-55.93,-96.54,-112.16,-136.51,-167.61,-160.72,0.0335,0.0142,0.0086,0.0083,0.0035,0.0126,0.0112,0.0050,0.0037,0.0021,0.0022,0.0044,0.0074,0.0056,0.0079
2026-08-05 08:29:54.976,31.933333,140,26,0.502668,0.0189,-42.92,0,0,0,63.0122,0.350,0.87425,0,0,0,0,0,0.242711,0.020312,0.224538,0.015920,0.199287,0.010130,0.167825,0.007009,0.130459,0.012208,0.092553,0.019354,0.056654,0.025391,0.029010,42.92,81.95,118.75,167.18,-162.14,-97.11,-83.04,38.09,-2.60,161.84,80.27,-105.16,168.51,-20.91,-84.17,0.0335,0.0142,0.0086,0.0083,0.0035,0.0126,0.0112,0.0050,0.0037,0.0021,0.0022,0.0044,0.0074,0.0056,0.0079
2026-08-05 08:29:54.976,31.950000,140,27,0.535580,0.0128,44.83,0,0,0,63.0122,0.350,0.87425,0,0,0,0,0,0.201550,0.098530,0.182711,0.094666,0.156682,0.089927,0.125083,0.085435,0.088671,0.082931,0.054323,0.082823,0.030489,0.084558,0.033558,-44.83,-88.86,-147.84,-176.83,112.62,96.45,11.41,11.39,-91.97,-72.52,158.03,-156.52,24.43,118.23,-125.95,0.0335,0.0142,0.0086,0.0083,0.0035,0.0126,0.0112,0.0050,0.0037,0.0021,0.0022,0.0044,0.0074,0.0056,0.0079
2026-08-05 08:29:54.976,31.966667,140,28,0.518697,0.0145,171.17,0,0,0,63.0122,0.350,0.87425,0,0,0,0,0,0.211551,0.070338,0.193795,0.067508,0.169188,0.064285,0.139359,0.062110,0.104809,0.062269,0.071148,0.064705,0.041845,0.068580,0.025380,-171.17,20.81,-165.72,42.73,-157.03,66.38,-149.58,92.11,-143.09,118.67,-139.43,144.43,-144.97,168.12,-174.34,0.0335,0.0142,0.0086,0.0083,0.0035,0.0126,0.0112,0.0050,0.0037,0.0021,0.0022,0.0044,0.0074,0.0056,0.0079
2026-08-05 08:29:54.976,31.983333,140,29,0.566498,0.0119,-73.28,0,0,0,63.0122,0.350,0.87425,0,0,0,0,0,0.233179,0.037415,0.213942,0.033240,0.186829,0.028384,0.153825,0.025399,0.115882,0.026659,0.079204,0.030778,0.047483,0.034831,0.027551,73.28,149.95,-152.40,-56.96,-14.85,101.13,121.57,-92.96,-102.91,74.34,30.27,-124.59,156.01,29.89,-96.67,0.0335,0.0142,0.0086,0.0083,0.0035,0.0126,0.0112,0.0050,0.0037,0.0021,0.0022,0.0044,0.0074,0.0056,0.0079
2026-08-05 08:29:55.535,32.000000,141,0,0.539094,0.0277,37.20,0,0,0,63.0122,0.303,1.25692,0,0,0,0,0,0.225300,0.075162,0.207948,0.071569,0.184419,0.067661,0.155982,0.065306,0.122817,0.066100,0.089781,0.069654,0.058739,0.074160,0.032144,-37.20,-68.13,-123.55,-134.63,153.44,160.85,69.61,98.87,-14.21,37.64,-98.23,-25.09,176.85,-90.22,90.75,0.0225,0.0032,0.0155,0.0016,0.0073,0.0022,0.0034,0.0041,0.0094,0.0032,0.0043,0.0058,0.0065,0.0138,0.0089
2026-08-05 08:29:55.535,32.016667,141,1,0.558355,0.0297,-66.22,0,0,0,63.0122,0.303,1.25692,0,0,0,0,0,0.218925,0.089532,0.202961,0.086428,0.181800,0.083078,0.156818,0.081082,0.127587,0.081520,0.098349,0.083892,0.070496,0.086777,0.045645,66.22,140.41,-173.89,-77.99,-50.58,65.04,71.89,-150.34,-165.58,-5.29,-42.93,138.92,79.68,-78.44,-156.34,0.0225,0.0032,0.0155,0.0016,0.0073,0.0022,0.0034,0.0041,0.0094,0.0032,0.0043,0.0058,0.0065,0.0138,0.0089
2026-08-05 08:29:55.535,32.033333,141,2,0.507004,0.0174,-132.89,0,0,0,63.0122,0.303,1.25692,0,0,0,0,0,0.270030,0.022087,0.248813,0.026232,0.218340,0.029663,0.179522,0.031001,0.134819,0.029574,0.091603,0.026039,0.056805,0.021139,0.046272,132.89,107.12,30.33,25.36,-69.12,-62.02,-167.93,-153.37,95.99,115.43,5.34,25.42,-71.64,-59.47,-127.62,0.0225,0.0032,0.0155,0.0016,0.0073,0.0022,0.0034,0.0041,0.0094,0.0032,0.0043,0.0058,0.0065,0.0138,0.0089
2026-08-05 08:29:55.535,32.050000,141,3,0.438856,0.0157,-84.01,0,0,0,63.0122,0.303,1.25692,0,0,0,0,0,0.234861,0.025302,0.216175,0.027763,0.190019,0.029780,0.157189,0.030072,0.118759,0.028184,0.080220,0.024514,0.045799,0.019734,0.028443,84.01,4.02,-116.87,-176.51,45.44,-0.98,-152.13,171.51,12.24,-16.35,-179.55,156.84,-0.53,-25.98,-148.63,0.0225,0.0032,0.0155,0.0016,0.0073,0.0022,0.0034,0.0041,0.0094,0.0032,0.0043,0.0058,0.0065,0.0138,0.0089
2026-08-05 08:29:55.535,32.066667,141,4,0.443769,0.0109,-80.88,0,0,0,63.0122,0.303,1.25692,0,0,0,0,0,0.240415,0.021007,0.220848,0.023971,0.193124,0.026424,0.158455,0.026536,0.117815,0.024062,0.077419,0.019399,0.041890,0.013821,0.027380,80.88,1.34,-126.44,174.86,29.50,-17.20,-174.45,147.28,-16.45,-48.52,145.70,117.68,-39.54,-68.45,173.94,0.0225,0.0032,0.0155,0.0016,0.0073,0.0022,0.0034,0.0041,0.0094,0.0032,0.0043,0.0058,0.0065,0.0138,0.0089
2026-08-05 08:29:55.535,32.083333,141,5,0.500829,-0.0249,131.33,0,0,0,63.0122,0.303,1.25692,0,0,0,0,0,0.247394,0.009940,0.227543,0.013313,0.199171,0.015242,0.163620,0.014449,0.122454,0.010912,0.081504,0.005154,0.044677,0.001979,0.023616,-131.33,-47.65,-43.33,61.08,47.87,161.42,139.08,-102.57,-128.12,-8.46,-32.22,81.56,72.82,13.10,-147.35,0.0225,0.0032,0.0155,0.0016,0.0073,0.0022,0.0034,0.0041,0.0094,0.0032,0.0043,0.0058,0.0065,0.0138,0.0089
2026-08-05 08:29:55.535,32.100000,141,6,0.484803,0.0285,27.90,0,0,0,63.0122,0.303,1.25692,0,0,0,0,0,0.260727,0.009475,0.240153,0.015562,0.210777,0.019921,0.173498,0.021325,0.130533,0.019632,0.088578,0.015447,0.054120,0.009486,0.042087,-27.90,176.41,-92.76,124.68,-154.27,66.26,144.75,5.02,86.32,-55.78,32.99,-116.69,-7.06,-170.89,-24.18,0.0225,0.0032,0.0155,0.0016,0.0073,0.0022,0.0034,0.0041,0.0094,0.0032,0.0043,0.0058,0.0065,0.0138,0.0089
2026-08-05 08:29:55.535,32.116667,141,7,0.489255,0.0270,-89.09,0,0,0,63.0122,0.303,1.25692,0,0,0,0,0,0.259933,0.033017,0.239283,0.034952,0.209668,0.036212,0.172420,0.035491,0.129419,0.032373,0.087841,0.027511,0.053908,0.022699,0.042291,89.09,12.17,-101.29,-159.49,71.60,26.19,-115.05,-150.10,60.88,33.86,-117.99,-139.53,76.21,53.21,-67.28,0.0225,0.0032,0.0155,0.0016,0.0073,0.0022,0.0034,0.0041,0.0094,0.0032,0.0043,0.0058,0.0065,0.0138,0.0089
2026-08-05 08:29:55.535,32.133333,141,8,0.459743,0.0269,-64.22,0,0,0,63.0122,0.303,1.25692,0,0,0,0,0,0.245068,0.028884,0.225436,0.030942,0.197993,0.032444,0.163330,0.032234,0.122959,0.030092,0.083125,0.026204,0.048697,0.022012,0.034154,64.22,-36.34,-176.21,103.10,-53.38,-120.55,69.71,13.63,-165.03,147.94,-35.30,-75.98,106.56,64.94,-83.22,0.0225,0.0032,0.0155,0.0016,0.0073,0.0022,0.0034,0.0041,0.0094,0.0032,0.0043,0.0058,0.0065,0.0138,0.0089
2026-08-05 08:29:55.535,32.150000,141,9,0.489275,0.0093,97.06,0,0,0,63.0122,0.303,1.25692,0,0,0,0,0,0.261306,0.023074,0.240765,0.026935,0.211333,0.030218,0.174153,0.031018,0.131153,0.029014,0.088971,0.024390,0.054033,0.018429,0.041487,-97.06,5.96,59.96,-176.77,-139.75,-5.42,21.00,162.57,-175.70,-30.04,-7.49,138.62,173.75,-46.75,18.42,0.0225,0.0032,0.0155,0.0016,0.0073,0.0022,0.0034,0.0041,0.0094,0.0032,0.0043,0.0058,0.0065,0.0138,0.0089
2026-08-05 08:29:55.535,32.166667,141,10,0.505620,0.0081,136.33,0,0,0,63.0122,0.303,1.25692,0,0,0,0,0,0.232689,0.014476,0.213266,0.013783,0.185978,0.012188,0.152368,0.009911,0.113849,0.010663,0.075765,0.016643,0.040627,0.024933,0.012275,-136.33,70.50,-59.28,147.39,20.90,-126.98,100.48,-25.07,-179.43,97.21,-98.77,-151.98,-16.82,-56.12,75.81,0.0225,0.0032,0.0155,0.0016,0.0073,0.0022,0.0034,0.0041,0.0094,0.0032,0.0043,0.0058,0.0065,0.0138,0.0089
2026-08-05 08:29:55.535,32.183333,141,11,0.432176,0.0203,64.38,0,0,0,63.0122,0.303,1.25692,0,0,0,0,0,0.231077,0.030630,0.212288,0.033310,0.185984,0.035460,0.153169,0.035520,0.114835,0.032801,0.076560,0.027621,0.042728,0.021039,0.027702,-64.38,67.02,157.67,-51.83,22.96,-174.52,-111.62,59.84,115.89,-66.25,-12.55,168.63,-128.93,48.34,149.08,0.0225,0.0032,0.0155,0.0016,0.0073,0.0022,0.0034,0.0041,0.0094,0.0032,0.0043,0.0058,0.0065,0.0138,0.0089
2026-08-05 08:29:55.535,32.200000,141,12,0.433965,0.0137,-164.54,0,0,0,63.0122,0.303,1.25692,0,0,0,0,0,0.234967,0.011602,0.215992,0.015209,0.189438,0.017810,0.156279,0.018530,0.117343,0.016978,0.078499,0.013724,0.044544,0.010473,0.029588,164.54,-178.99,124.09,162.74,87.03,137.32,50.19,108.78,15.48,81.52,-15.07,59.12,-33.58,48.13,-20.24,0.0225,0.0032,0.0155,0.0016,0.0073,0.0022,0.0034,0.0041,0.0094,0.0032,0.0043,0.0058,0.0065,0.0138,0.0089
2026-08-05 08:29:55.535,32.216667,141,13,0.461161,0.0554,-62.09,0,0,0,63.0122,0.303,1.25692,0,0,0,0,0,0.245943,0.024018,0.226481,0.026822,0.199354,0.029243,0.165665,0.030223,0.126063,0.028982,0.086483,0.025799,0.051905,0.021589,0.034436,62.09,-36.79,177.18,99.48,-64.50,-128.71,54.07,0.02,174.80,128.88,-60.34,-100.75,74.99,33.46,-123.98,0.0225,0.0032,0.0155,0.0016,0.0073,0.0022,0.0034,0.0041,0.0094,0.0032,0.0043,0.0058,0.0065,0.0138,0.0089
2026-08-05 08:29:55.535,32.233333,141,14,0.459283,0.0052,-111.23,0,0,0,63.0122,0.303,1.25692,0,0,0,0,0,0.246245,0.022626,0.226386,0.025028,0.198539,0.027262,0.163841,0.027913,0.123095,0.026585,0.082515,0.023173,0.047805,0.018938,0.034226,111.23,60.74,-35.51,-65.33,-178.95,164.27,37.91,31.01,-102.91,-102.06,120.94,126.15,-2.53,-1.54,-97.29,0.0225,0.0032,0.0155,0.0016,0.0073,0.0022,0.0034,0.0041,0.0094,0.0032,0.0043,0.0058,0.0065,0.0138,0.0089
2026-08-05 08:29:55.535,32.250000,141,15,0.454974,0.0007,-171.95,0,0,0,63.0122,0.303,1.25692,0,0,0,0,0,0.242965,0.021988,0.223543,0.026434,0.196314,0.030283,0.162313,0.031946,0.122547,0.030898,0.082796,0.026980,0.048442,0.021471,0.033506,171.95,-173.11,146.62,-176.92,124.62,172.70,102.86,158.69,83.39,144.21,68.43,131.15,65.44,121.84,90.55,0.0225,0.0032,0.0155,0.0016,0.0073,0.0022,0.0034,0.0041,0.0094,0.0032,0.0043,0.0058,0.0065,0.0138,0.0089
2026-08-05 08:29:55.535,32.266667,141,16,0.500882,0.0212,-146.36,0,0,0,63.0122,0.303,1.25692,0,0,0,0,0,0.266815,0.028133,0.245779,0.031844,0.215181,0.034862,0.177039,0.035268,0.133023,0.032891,0.089989,0.027747,0.055305,0.021246,0.044054,146.36,131.27,70.43,75.18,-2.27,14.07,-74.47,-50.47,-143.96,-114.96,152.06,-177.09,101.47,126.70,71.74,0.0225,0.0032,0.0155,0.0016,0.0073,0.0022,0.0034,0.0041,0.0094,0.0032,0.0043,0.0058,0.0065,0.0138,0.0089
2026-08-05 08:29:55.535,32.283333,141,17,0.460345,0.0235,-141.21,0,0,0,63.0122,0.303,1.25692,0,0,0,0,0,0.245978,0.025061,0.226278,0.028353,0.198538,0.031071,0.163732,0.031919,0.123496,0.030310,0.083509,0.026442,0.049275,0.020925,0.035486,141.21,121.35,54.55,55.46,-28.79,-15.32,-111.84,-89.79,167.46,-164.29,91.57,123.05,27.99,54.37,-9.23,0.0225,0.0032,0.0155,0.0016,0.0073,0.0022,0.0034,0.0041,0.0094,0.0032,0.0043,0.0058,0.0065,0.0138,0.0089
2026-08-05 08:29:55.535,32.300000,141,18,0.454455,0.0166,-108.94,0,0,0,63.0122,0.303,1.25692,0,0,0,0,0,0.243317,0.027881,0.223960,0.029217,0.196990,0.030138,0.163523,0.029465,0.124284,0.026507,0.084838,0.021617,0.049849,0.015373,0.031768,108.94,50.59,-42.27,-83.40,169.73,139.59,21.95,-0.14,-123.79,-140.10,94.53,81.30,-36.72,-52.75,-140.00,0.0225,0.0032,0.0155,0.0016,0.0073,0.0022,0.0034,0.0041,0.0094,0.0032,0.0043,0.0058,0.0065,0.0138,0.0089
2026-08-05 08:29:55.535,32.316667,141,19,0.413432,0.0326,-59.27,0,0,0,63.0122,0.303,1.25692,0,0,0,0,0,0.222014,0.021173,0.203777,0.024090,0.178811,0.026354,0.147795,0.026889,0.111504,0.025110,0.074862,0.021426,0.042013,0.016781,0.026658,59.27,-41.20,168.23,89.02,-79.43,-145.45,32.99,-23.20,147.41,99.37,-93.96,-135.73,35.85,-3.81,-160.86,0.0225,0.0032,0.0155,0.0016,0.0073,0.0022,0.0034,0.0041,0.0094,0.0032,0.0043,0.0058,0.0065,0.0138,0.0089
2026-08-05 08:29:55.535,32.333333,141,20,0.474191,0.0386,-60.53,0,0,0,63.0122,0.303,1.25692,0,0,0,0,0,0.250784,0.036503,0.230649,0.038675,0.202773,0.040670,0.167735,0.040532,0.126944,0.037771,0.086561,0.032674,0.051630,0.025943,0.036352,60.53,-44.85,172.66,85.43,-72.02,-147.13,43.72,-22.22,161.65,102.19,-75.75,-131.85,58.59,-2.17,-141.64,0.0225,0.0032,0.0155,0.0016,0.0073,0.0022,0.0034,0.0041,0.0094,0.0032,0.0043,0.0058,0.0065,0.0138,0.0089
2026-08-05 08:29:55.535,32.350000,141,21,0.440027,0.0058,-83.44,0,0,0,63.0122,0.303,1.25692,0,0,0,0,0,0.235336,0.025729,0.216167,0.028402,0.189753,0.030864,0.156524,0.031236,0.117749,0.029500,0.079071,0.025799,0.044991,0.020792,0.030357,83.44,4.51,-119.10,-177.83,41.72,-3.81,-157.23,167.07,5.93,-22.42,173.51,150.35,-6.72,-32.03,-156.05,0.0225,0.0032,0.0155,0.0016,0.0073,0.0022,0.0034,0.0041,0.0094,0.0032,0.0043,0.0058,0.0065,0.0138,0.0089
2026-08-05 08:29:55.535,32.366667,141,22,0.445572,0.0070,-165.39,0,0,0,63.0122,0.303,1.25692,0,0,0,0,0,0.236640,0.041689,0.216959,0.042658,0.190742,0.043256,0.157652,0.041856,0.118801,0.037983,0.080092,0.031990,0.044759,0.024674,0.026455,165.39,162.59,126.99,140.91,91.71,117.67,56.65,93.31,23.30,67.91,-6.19,44.62,-25.28,25.91,-11.31,0.0225,0.0032,0.0155,0.0016,0.0073,0.0022,0.0034,0.0041,0.0094,0.0032,0.0043,0.0058,0.0065,0.0138,0.0089
2026-08-05 08:29:55.535,32.383333,141,23,0.524635,0.0263,-5.25,0,0,0,63.0122,0.303,1.25692,0,0,0,0,0,0.281088,0.010188,0.259877,0.016410,0.227354,0.020268,0.186479,0.021493,0.139822,0.019856,0.094966,0.015973,0.060190,0.011053,0.050828,5.25,-124.20,7.06,-105.14,12.24,-93.78,18.01,-86.21,26.84,-76.55,41.48,-63.59,70.33,-38.69,116.85,0.0225,0.0032,0.0155,0.0016,0.0073,0.0022,0.0034,0.0041,0.0094,0.0032,0.0043,0.0058,0.0065,0.0138,0.0089
2026-08-05 08:29:55.535,32.400000,141,24,0.449372,0.0157,-149.64,0,0,0,63.0122,0.303,1.25692,0,0,0,0,0,0.240577,0.026603,0.221302,0.028556,0.194191,0.030094,0.160512,0.029912,0.120854,0.027322,0.081338,0.023181,0.046097,0.017497,0.030084,149.64,134.91,79.72,84.10,13.02,29.90,-53.42,-26.54,-117.88,-83.38,-178.02,-138.22,133.80,173.58,117.16,0.0225,0.0032,0.0155,0.0016,0.0073,0.0022,0.0034,0.0041,0.0094,0.0032,0.0043,0.0058,0.0065,0.0138,0.0089
2026-08-05 08:29:55.535,32.416667,141,25,0.518727,-0.0131,-144.00,0,0,0,63.0122,0.303,1.25692,0,0,0,0,0,0.222565,0.042209,0.204648,0.041446,0.179378,0.040726,0.149392,0.040768,0.114541,0.042950,0.081249,0.046773,0.050816,0.052781,0.028156,144.00,-71.67,60.70,-141.49,-19.56,151.34,-100.79,86.94,177.48,24.62,94.64,-37.88,8.39,-101.66,-85.15,0.0225,0.0032,0.0155,0.0016,0.0073,0.0022,0.0034,0.0041,0.0094,0.0032,0.0043,0.0058,0.0065,0.0138,0.0089
2026-08-05 08:29:55.535,32.433333,141,26,0.512583,0.0215,-26.45,0,0,0,63.0122,0.303,1.25692,0,0,0,0,0,0.255569,0.004178,0.235517,0.007092,0.206433,0.008517,0.170408,0.008332,0.128135,0.007075,0.086204,0.006733,0.047877,0.009747,0.024633,26.45,-34.92,69.93,15.61,116.59,69.01,163.29,126.25,-148.34,-163.72,-96.95,-78.39,-36.61,7.04,54.69,0.0225,0.0032,0.0155,0.0016,0.0073,0.0022,0.0034,0.0041,0.0094,0.0032,0.0043,0.0058,0.0065,0.0138,0.0089
2026-08-05 08:29:55.535,32.450000,141,27,0.430430,0.0019,-120.89,0,0,0,63.0122,0.303,1.25692,0,0,0,0,0,0.232948,0.012567,0.214368,0.017718,0.187772,0.021372,0.154922,0.022833,0.116355,0.021415,0.077662,0.017978,0.042763,0.012873,0.026171,120.89,97.27,-6.83,-8.42,-131.21,-123.17,104.49,118.49,-17.74,0.57,-136.16,-115.24,117.25,138.35,46.05,0.0225,0.0032,0.0155,0.0016,0.0073,0.0022,0.0034,0.0041,0.0094,0.0032,0.0043,0.0058,0.0065,0.0138,0.0089
2026-08-05 08:29:55.535,32.466667,141,28,0.468257,0.0289,11.82,0,0,0,63.0122,0.303,1.25692,0,0,0,0,0,0.251074,0.012117,0.231759,0.015928,0.203807,0.018597,0.169106,0.019923,0.128349,0.018775,0.088091,0.016304,0.053041,0.012916,0.036765,-11.82,-173.72,-44.53,175.95,-73.93,157.84,-103.10,136.01,-129.82,115.20,-152.24,96.62,-162.86,87.38,-149.06,0.0225,0.0032,0.0155,0.0016,0.0073,0.0022,0.0034,0.0041,0.0094,0.0032,0.0043,0.0058,0.0065,0.0138,0.0089
2026-08-05 08:29:55.535,32.483333,141,29,0.451315,0.0031,-139.79,0,0,0,63.0122,0.303,1.25692,0,0,0,0,0,0.242545,0.013230,0.223273,0.018753,0.195593,0.022687,0.161165,0.024186,0.120951,0.022840,0.081532,0.019183,0.047953,0.013959,0.035415,139.79,134.91,50.16,66.31,-36.12,-11.45,-122.07,-92.90,154.52,-173.44,75.76,107.75,10.84,38.98,-28.10,0.0225,0.0032,0.0155,0.0016,0.0073,0.0022,0.0034,0.0041,0.0094,0.0032,0.0043,0.0058,0.0065,0.0138,0.0089
2026-08-05 08:29:55.946,32.500000,142,0,0.450747,0.0134,-133.03,0,0,0,63.0122,0.929,0.49993,0,0,0,0,0,0.241713,0.013014,0.222916,0.017405,0.196219,0.020887,0.163013,0.022287,0.124187,0.021182,0.085440,0.017888,0.051332,0.012829,0.033984,133.03,116.89,29.86,34.74,-70.00,-56.49,-169.62,-151.45,92.98,113.42,-0.28,18.99,-82.50,-68.72,-139.28,0.0711,0.0186,0.0081,0.0132,0.0125,0.0042,0.0035,0.0058,0.0127,0.0038,0.0049,0.0062,0.0027,0.0104,0.0102
2026-08-05 08:29:55.946,32.516667,142,1,0.473890,0.0148,-79.88,0,0,0,63.0122,0.929,0.49993,0,0,0,0,0,0.254695,0.007314,0.235049,0.012299,0.206300,0.015540,0.170308,0.016749,0.128775,0.015611,0.087878,0.012329,0.053977,0.007921,0.040767,79.88,31.19,-129.27,-162.39,24.79,-6.40,179.42,148.57,-23.45,-56.32,138.69,100.30,-46.37,-92.07,151.15,0.0711,0.0186,0.0081,0.0132,0.0125,0.0042,0.0035,0.0058,0.0127,0.0038,0.0049,0.0062,0.0027,0.0104,0.0102
2026-08-05 08:29:55.946,32.533333,142,2,0.452220,0.0515,-12.94,0,0,0,63.0122,0.929,0.49993,0,0,0,0,0,0.242991,0.018854,0.223457,0.021841,0.196669,0.024405,0.162817,0.024804,0.123331,0.023197,0.083608,0.019422,0.048719,0.014909,0.031120,12.94,-132.46,29.59,-94.91,49.47,-62.47,69.62,-34.03,91.86,-4.93,118.02,25.74,155.78,65.96,-137.36,0.0711,0.0186,0.0081,0.0132,0.0125,0.0042,0.0035,0.0058,0.0127,0.0038,0.0049,0.0062,0.0027,0.0104,0.0102
2026-08-05 08:29:55.946,32.550000,142,3,0.458550,0.0115,-108.08,0,0,0,63.0122,0.929,0.49993,0,0,0,0,0,0.245611,0.018039,0.225993,0.022160,0.198698,0.025432,0.164455,0.026411,0.124658,0.024572,0.085017,0.020040,0.051449,0.013455,0.036528,108.08,58.83,-44.92,-74.94,165.41,143.96,16.10,-1.35,-130.87,-147.97,86.86,65.67,-43.31,-76.38,-148.61,0.0711,0.0186,0.0081,0.0132,0.0125,0.0042,0.0035,0.0058,0.0127,0.0038,0.0049,0.0062,0.0027,0.0104,0.0102
2026-08-05 08:29:55.946,32.566667,142,4,0.475646,0.0099,-76.50,0,0,0,63.0122,0.929,0.49993,0,0,0,0,0,0.254545,0.022441,0.234209,0.026447,0.205361,0.029251,0.169531,0.029952,0.127773,0.027439,0.086922,0.022366,0.052783,0.016812,0.038920,76.50,-5.39,-139.56,158.83,7.74,-42.69,155.44,112.76,-54.44,-92.18,100.73,66.00,-91.72,-126.76,99.89,0.0711,0.0186,0.0081,0.0132,0.0125,0.0042,0.0035,0.0058,0.0127,0.0038,0.0049,0.0062,0.0027,0.0104,0.0102
2026-08-05 08:29:55.946,32.583333,142,5,0.480436,0.0319,-6.12,0,0,0,63.0122,0.929,0.49993,0,0,0,0,0,0.256980,0.015695,0.236888,0.020277,0.207859,0.023809,0.171719,0.025073,0.129837,0.023788,0.088627,0.019819,0.054919,0.015236,0.041717,6.12,-139.69,9.41,-115.09,16.00,-98.84,23.12,-85.63,32.71,-73.01,47.67,-57.24,74.87,-34.63,124.72,0.0711,0.0186,0.0081,0.0132,0.0125,0.0042,0.0035,0.0058,0.0127,0.0038,0.0049,0.0062,0.0027,0.0104,0.0102
2026-08-05 08:29:55.946,32.600000,142,6,0.463006,0.0226,95.33,0,0,0,63.0122,0.929,0.49993,0,0,0,0,0,0.248464,0.018454,0.228724,0.021118,0.200828,0.022900,0.166163,0.023258,0.125493,0.021415,0.085273,0.018147,0.050343,0.015327,0.034407,-95.33,10.30,64.81,-167.87,-131.72,8.83,32.04,-176.58,-162.01,-1.94,8.48,177.75,-169.38,5.58,40.81,0.0711,0.0186,0.0081,0.0132,0.0125,0.0042,0.0035,0.0058,0.0127,0.0038,0.0049,0.0062,0.0027,0.0104,0.0102
2026-08-05 08:29:55.946,32.616667,142,7,0.445136,-0.0085,153.36,0,0,0,63.0122,0.929,0.49993,0,0,0,0,0,0.238590,0.016573,0.219537,0.020339,0.192837,0.023366,0.159671,0.024597,0.120641,0.023434,0.082013,0.020334,0.048467,0.016595,0.033389,-153.36,-101.04,-109.45,-34.26,-62.20,25.16,-14.65,81.70,35.10,138.09,89.43,-162.69,155.58,-96.55,-110.50,0.0711,0.0186,0.0081,0.0132,0.0125,0.0042,0.0035,0.0058,0.0127,0.0038,0.0049,0.0062,0.0027,0.0104,0.0102
2026-08-05 08:29:55.946,32.633333,142,8,0.470361,0.0316,54.96,0,0,0,63.0122,0.929,0.49993,0,0,0,0,0,0.252363,0.014488,0.232578,0.018985,0.204268,0.022606,0.168865,0.024061,0.127438,0.022934,0.086625,0.019687,0.051439,0.015666,0.036135,-54.96,100.62,-173.90,4.31,70.42,-100.72,-44.91,151.14,-157.96,42.91,93.70,-62.16,-2.67,-159.66,-72.09,0.0711,0.0186,0.0081,0.0132,0.0125,0.0042,0.0035,0.0058,0.0127,0.0038,0.0049,0.0062,0.0027,0.0104,0.0102
2026-08-05 08:29:55.946,32.650000,142,9,0.462747,-0.0074,-151.93,0,0,0,63.0122,0.929,0.49993,0,0,0,0,0,0.247041,0.014741,0.227763,0.018455,0.200286,0.021470,0.166156,0.022706,0.126069,0.021604,0.086548,0.018506,0.053016,0.014005,0.038643,151.93,148.36,86.63,104.11,24.67,51.93,-36.86,-4.01,-96.05,-61.11,-150.30,-115.93,167.47,-165.50,149.15,0.0711,0.0186,0.0081,0.0132,0.0125,0.0042,0.0035,0.0058,0.0127,0.0038,0.0049,0.0062,0.0027,0.0104,0.0102
2026-08-05 08:29:55.946,32.666667,142,10,0.442067,-0.0057,163.39,0,0,0,63.0122,0.929,0.49993,0,0,0,0,0,0.238644,0.008961,0.220027,0.013710,0.193593,0.016990,0.160766,0.018036,0.121990,0.016641,0.083067,0.013036,0.047625,0.008703,0.027873,-163.39,-103.09,-139.47,-59.13,-112.33,-25.62,-85.03,6.05,-55.92,37.59,-23.12,73.06,19.61,119.81,94.01,0.0711,0.0186,0.0081,0.0132,0.0125,0.0042,0.0035,0.0058,0.0127,0.0038,0.0049,0.0062,0.0027,0.0104,0.0102
2026-08-05 08:29:55.946,32.683333,142,11,0.475791,0.0135,144.08,0,0,0,63.0122,0.929,0.49993,0,0,0,0,0,0.257629,0.008072,0.237517,0.011614,0.207974,0.013904,0.170813,0.014152,0.127590,0.012335,0.085217,0.008688,0.049804,0.003887,0.037303,-144.08,18.72,-81.06,61.74,-14.93,113.85,51.70,169.27,120.80,-134.34,-165.05,-78.39,-77.16,-32.17,38.22,0.0711,0.0186,0.0081,0.0132,0.0125,0.0042,0.0035,0.0058,0.0127,0.0038,0.0049,0.0062,0.0027,0.0104,0.0102
2026-08-05 08:29:55.946,32.700000,142,12,0.511864,0.0405,22.07,0,0,0,63.0122,0.929,0.49993,0,0,0,0,0,0.239274,0.023818,0.219187,0.022235,0.190438,0.021159,0.155437,0.021368,0.114779,0.024047,0.074380,0.029387,0.037363,0.035744,0.008648,-22.07,-45.91,-76.68,-88.52,-128.01,-125.65,-179.75,-157.42,129.25,172.04,79.42,137.52,32.69,99.08,18.41,0.0711,0.0186,0.0081,0.0132,0.0125,0.0042,0.0035,0.0058,0.0127,0.0038,0.0049,0.0062,0.0027,0.0104,0.0102
2026-08-05 08:29:55.946,32.716667,142,13,0.532713,-0.0461,160.22,0,0,0,63.0122,0.929,0.49993,0,0,0,0,0,0.265366,0.017386,0.244703,0.016893,0.214454,0.014815,0.176484,0.010960,0.132563,0.006123,0.089711,0.006294,0.053244,0.012146,0.034746,-160.22,19.02,-129.74,41.21,-96.12,68.66,-62.06,102.97,-25.98,157.91,14.44,-101.73,65.43,-41.66,141.02,0.0711,0.0186,0.0081,0.0132,0.0125,0.0042,0.0035,0.0058,0.0127,0.0038,0.0049,0.0062,0.0027,0.0104,0.0102
2026-08-05 08:29:55.946,32.733333,142,14,0.504486,-0.7577,-138.58,0,0,0,63.0122,0.929,0.49993,0,0,0,0,0,0.232414,0.020039,0.213096,0.019548,0.186359,0.017593,0.153951,0.015557,0.115989,0.016465,0.078292,0.021558,0.043545,0.028043,0.014359,138.58,-88.31,46.60,-173.03,-42.82,108.97,-132.84,39.96,137.72,-20.26,49.07,-85.49,-38.29,-158.40,-116.93,0.0711,0.0186,0.0081,0.0132,0.0125,0.0042,0.0035,0.0058,0.0127,0.0038,0.0049,0.0062,0.0027,0.0104,0.0102
2026-08-05 08:29:55.946,32.750000,142,15,0.511281,0.1587,69.66,0,0,0,63.0122,0.929,0.49993,0,0,0,0,0,0.255193,0.006234,0.234952,0.011418,0.204894,0.013859,0.167156,0.012804,0.124222,0.009286,0.081909,0.005065,0.044120,0.006553,0.025054,-69.66,110.98,141.38,-25.69,-4.49,-169.41,-150.00,49.18,66.45,-84.97,-73.66,164.68,156.84,101.96,64.83,0.0711,0.0186,0.0081,0.0132,0.0125,0.0042,0.0035,0.0058,0.0127,0.0038,0.0049,0.0062,0.0027,0.0104,0.0102
2026-08-05 08:29:55.946,32.766667,142,16,0.490843,0.1031,54.04,0,0,0,63.0122,0.929,0.49993,0,0,0,0,0,0.263848,0.023444,0.242705,0.027083,0.211809,0.029775,0.173445,0.030484,0.129011,0.028635,0.085911,0.024689,0.051283,0.019921,0.041403,-54.04,91.20,-171.17,-4.60,74.99,-106.66,-38.23,148.58,-148.84,43.98,106.16,-58.45,15.76,-155.09,-50.57,0.0711,0.0186,0.0081,0.0132,0.0125,0.0042,0.0035,0.0058,0.0127,0.0038,0.0049,0.0062,0.0027,0.0104,0.0102
2026-08-05 08:29:55.946,32.783333,142,17,0.475103,0.0390,73.96,0,0,0,63.0122,0.929,0.49993,0,0,0,0,0,0.255877,0.018055,0.235457,0.021608,0.205777,0.024463,0.168933,0.024844,0.126113,0.022843,0.084298,0.019025,0.050036,0.015109,0.038622,-73.96,55.16,128.98,-79.08,-24.77,138.76,-178.01,-5.67,31.24,-150.07,-114.21,69.96,114.24,-60.44,8.41,0.0711,0.0186,0.0081,0.0132,0.0125,0.0042,0.0035,0.0058,0.0127,0.0038,0.0049,0.0062,0.0027,0.0104,0.0102
2026-08-05 08:29:55.946,32.800000,142,18,0.481638,0.0343,29.38,0,0,0,63.0122,0.929,0.49993,0,0,0,0,0,0.254528,0.038317,0.234324,0.040708,0.205292,0.042210,0.169139,0.041816,0.127381,0.038867,0.086332,0.033646,0.051924,0.027554,0.038594,-29.38,133.74,-97.53,84.42,-162.33,31.48,133.37,-23.13,71.50,-78.10,14.61,-131.18,-29.58,-179.69,-49.06,0.0711,0.0186,0.0081,0.0132,0.0125,0.0042,0.0035,0.0058,0.0127,0.0038,0.0049,0.0062,0.0027,0.0104,0.0102
2026-08-05 08:29:55.946,32.816667,142,19,0.403806,0.0079,-102.49,0,0,0,63.0122,0.929,0.49993,0,0,0,0,0,0.218968,0.015017,0.201230,0.018466,0.176358,0.021018,0.145788,0.021589,0.109754,0.019650,0.073325,0.015504,0.039966,0.010548,0.021481,102.49,49.64,-62.48,-92.59,135.92,116.93,-25.60,-36.50,174.49,169.24,18.24,18.21,-128.01,-121.28,124.82,0.0711,0.0186,0.0081,0.0132,0.0125,0.0042,0.0035,0.0058,0.0127,0.0038,0.0049,0.0062,0.0027,0.0104,0.0102
2026-08-05 08:29:55.946,32.833333,142,20,0.498927,0.0176,38.69,0,0,0,63.0122,0.929,0.49993,0,0,0,0,0,0.211559,0.035877,0.194290,0.034297,0.170649,0.032760,0.142763,0.032913,0.110917,0.035851,0.079812,0.041788,0.052333,0.048990,0.030583,-38.69,-75.82,-128.13,-148.74,145.60,142.20,58.29,77.13,-29.56,13.32,-118.53,-53.05,149.79,-122.53,52.94,0.0711,0.0186,0.0081,0.0132,0.0125,0.0042,0.0035,0.0058,0.0127,0.0038,0.0049,0.0062,0.0027,0.0104,0.0102
2026-08-05 08:29:55.946,32.850000,142,21,0.484207,0.0253,61.52,0,0,0,63.0122,0.929,0.49993,0,0,0,0,0,0.259885,0.016724,0.239613,0.021614,0.210134,0.025413,0.173262,0.026522,0.130487,0.024733,0.088366,0.020134,0.053160,0.013921,0.039237,-61.52,83.65,166.61,-27.57,37.95,-148.14,-90.25,87.96,144.00,-37.08,23.29,-160.44,-84.77,81.58,-167.86,0.0711,0.0186,0.0081,0.0132,0.0125,0.0042,0.0035,0.0058,0.0127,0.0038,0.0049,0.0062,0.0027,0.0104,0.0102
2026-08-05 08:29:55.946,32.866667,142,22,0.468779,0.0220,75.59,0,0,0,63.0122,0.929,0.49993,0,0,0,0,0,0.252104,0.011159,0.232627,0.014176,0.204713,0.016425,0.169911,0.017083,0.129018,0.015752,0.088087,0.012699,0.052071,0.009329,0.034425,-75.59,57.00,124.24,-80.80,-32.77,132.40,170.57,-16.98,15.96,-166.76,-134.39,47.17,86.39,-87.63,-25.20,0.0711,0.0186,0.0081,0.0132,0.0125,0.0042,0.0035,0.0058,0.0127,0.0038,0.0049,0.0062,0.0027,0.0104,0.0102
2026-08-05 08:29:55.946,32.883333,142,23,0.489134,0.0175,123.69,0,0,0,63.0122,0.929,0.49993,0,0,0,0,0,0.262031,0.015977,0.241711,0.019353,0.212280,0.022005,0.175405,0.023110,0.132236,0.021880,0.089269,0.018495,0.052951,0.013694,0.039089,-123.69,-44.89,-19.96,80.71,86.96,-161.49,-165.71,-47.20,-56.09,65.83,58.45,-179.54,-173.95,-59.50,-19.69,0.0711,0.0186,0.0081,0.0132,0.0125,0.0042,0.0035,0.0058,0.0127,0.0038,0.0049,0.0062,0.0027,0.0104,0.0102
2026-08-05 08:29:55.946,32.900000,142,24,0.472920,-0.0014,-168.47,0,0,0,63.0122,0.929,0.49993,0,0,0,0,0,0.250748,0.021030,0.231698,0.019631,0.204549,0.018063,0.170449,0.017278,0.130176,0.017498,0.089768,0.017970,0.053997,0.018152,0.036831,168.47,164.74,136.13,150.93,107.04,139.60,78.25,131.40,51.59,122.73,29.16,111.75,17.88,98.48,33.41,0.0711,0.0186,0.0081,0.0132,0.0125,0.0042,0.0035,0.0058,0.0127,0.0038,0.0049,0.0062,0.0027,0.0104,0.0102
2026-08-05 08:29:55.946,32.916667,142,25,0.483102,-0.0043,169.01,0,0,0,63.0122,0.929,0.49993,0,0,0,0,0,0.254301,0.009604,0.235842,0.006968,0.209750,0.004765,0.176952,0.007297,0.138289,0.011940,0.099089,0.016101,0.063411,0.018886,0.041300,-169.01,-155.38,-156.05,-123.68,-139.91,-64.38,-123.47,2.68,-105.08,34.98,-83.04,57.36,-52.59,75.98,-1.78,0.0711,0.0186,0.0081,0.0132,0.0125,0.0042,0.0035,0.0058,0.0127,0.0038,0.0049,0.0062,0.0027,0.0104,0.0102
2026-08-05 08:29:55.946,32.933333,142,26,0.489642,0.0206,-109.20,0,0,0,63.0122,0.929,0.49993,0,0,0,0,0,0.255148,0.028286,0.236598,0.024296,0.210883,0.019182,0.178563,0.014809,0.140268,0.014455,0.101899,0.017676,0.067219,0.021581,0.045453,109.20,37.68,-41.69,-102.68,170.74,122.23,23.48,-1.59,-121.74,-115.91,96.69,121.25,-36.77,-13.48,-152.34,0.0711,0.0186,0.0081,0.0132,0.0125,0.0042,0.0035,0.0058,0.0127,0.0038,0.0049,0.0062,0.0027,0.0104,0.0102
2026-08-05 08:29:55.946,32.950000,142,27,0.483140,0.0174,-70.00,0,0,0,63.0122,0.929,0.49993,0,0,0,0,0,0.251067,0.024059,0.233106,0.020399,0.208217,0.015734,0.177024,0.012442,0.140173,0.013739,0.102884,0.018019,0.068768,0.022098,0.046145,70.00,-40.09,-159.32,102.65,-25.38,-107.97,108.89,55.84,-114.89,-134.92,24.80,20.28,171.90,164.85,-24.54,0.0711,0.0186,0.0081,0.0132,0.0125,0.0042,0.0035,0.0058,0.0127,0.0038,0.0049,0.0062,0.0027,0.0104,0.0102
2026-08-05 08:29:55.946,32.966667,142,28,0.459870,0.0035,20.41,0,0,0,63.0122,0.929,0.49993,0,0,0,0,0,0.242087,0.025345,0.224144,0.021685,0.199414,0.016681,0.168361,0.012130,0.131592,0.011174,0.094339,0.013976,0.060106,0.017319,0.037948,-20.41,137.64,-70.82,96.99,-117.91,61.12,-164.75,37.82,150.25,27.86,108.67,9.08,75.10,-24.01,62.16,0.0711,0.0186,0.0081,0.0132,0.0125,0.0042,0.0035,0.0058,0.0127,0.0038,0.0049,0.0062,0.0027,0.0104,0.0102
2026-08-05 08:29:55.946,32.983333,142,29,0.469613,0.0047,-93.41,0,0,0,63.0122,0.929,0.49993,0,0,0,0,0,0.243851,0.035564,0.225935,0.031423,0.201129,0.025750,0.170256,0.019997,0.133646,0.016644,0.096665,0.017152,0.063036,0.019565,0.042437,93.41,5.39,-89.43,-167.69,91.13,22.50,-88.00,-140.44,94.91,66.53,-78.53,-84.60,116.36,115.27,-29.72,0.0711,0.0186,0.0081,0.0132,0.0125,0.0042,0.0035,0.0058,0.0127,0.0038,0.0049,0.0062,0.0027,0.0104,0.0102
2026-08-05 08:29:56.458,33.000000,143,0,0.491517,-0.0009,95.74,0,0,0,63.0122,0.286,0.62184,0,0,0,0,0,0.201402,0.025958,0.184922,0.031728,0.162804,0.038549,0.136394,0.044725,0.105803,0.049328,0.075785,0.052037,0.048858,0.053072,0.028878,-95.74,-175.56,60.14,2.04,-140.57,174.00,17.48,-16.84,174.76,151.70,-29.70,-38.57,120.86,133.26,-99.81,0.0378,0.0153,0.0053,0.0073,0.0048,0.0093,0.0043,0.0044,0.0032,0.0044,0.0046,0.0032,0.0028,0.0031,0.0032
2026-08-05 08:29:56.458,33.016667,143,1,0.499908,-0.0021,-137.29,0,0,0,63.0122,0.286,0.62184,0,0,0,0,0,0.241089,0.019142,0.222769,0.014936,0.197318,0.008873,0.165717,0.001999,0.128237,0.004535,0.090313,0.009621,0.054694,0.012352,0.028507,137.29,88.32,41.73,-3.38,-50.51,-96.47,-142.73,163.37,126.42,-93.05,38.26,177.32,-43.82,89.38,-104.48,0.0378,0.0153,0.0053,0.0073,0.0048,0.0093,0.0043,0.0044,0.0032,0.0044,0.0046,0.0032,0.0028,0.0031,0.0032
2026-08-05 08:29:56.458,33.033333,143,2,0.501033,0.0116,-108.08,0,0,0,63.0122,0.286,0.62184,0,0,0,0,0,0.260605,0.029693,0.241127,0.026844,0.214097,0.020933,0.179983,0.015886,0.139822,0.011806,0.100326,0.011633,0.066027,0.013804,0.049735,108.08,32.09,-44.42,-115.56,165.96,100.00,17.31,-38.56,-129.24,-163.38,89.16,74.23,-42.61,-56.33,-156.31,0.0378,0.0153,0.0053,0.0073,0.0048,0.0093,0.0043,0.0044,0.0032,0.0044,0.0046,0.0032,0.0028,0.0031,0.0032
2026-08-05 08:29:56.458,33.050000,143,3,0.502022,-0.0506,139.09,0,0,0,63.0122,0.286,0.62184,0,0,0,0,0,0.263926,0.024820,0.244424,0.023634,0.216603,0.021875,0.181435,0.019644,0.140420,0.017551,0.099726,0.016048,0.064437,0.016181,0.046400,-139.09,-109.84,-66.13,-38.76,10.07,33.85,86.74,110.22,165.76,-167.90,-110.89,-80.17,-17.59,11.48,94.95,0.0378,0.0153,0.0053,0.0073,0.0048,0.0093,0.0043,0.0044,0.0032,0.0044,0.0046,0.0032,0.0028,0.0031,0.0032
2026-08-05 08:29:56.458,33.066667,143,4,0.503713,0.0092,-79.88,0,0,0,63.0122,0.286,0.62184,0,0,0,0,0,0.230237,0.013507,0.211225,0.021482,0.184743,0.028847,0.151830,0.033823,0.113426,0.036294,0.074931,0.036452,0.038725,0.035202,0.008353,79.88,-158.33,-131.11,11.02,21.17,170.62,172.84,-32.20,-35.29,125.03,116.77,-76.45,-92.35,84.73,46.14,0.0378,0.0153,0.0053,0.0073,0.0048,0.0093,0.0043,0.0044,0.0032,0.0044,0.0046,0.0032,0.0028,0.0031,0.0032
2026-08-05 08:29:56.458,33.083333,143,5,0.461567,0.0211,-93.66,0,0,0,63.0122,0.286,0.62184,0,0,0,0,0,0.248579,0.013894,0.229182,0.014073,0.201524,0.013778,0.166668,0.012379,0.126099,0.009752,0.086063,0.006692,0.051423,0.006032,0.036232,93.66,-15.48,-87.99,150.80,93.66,-38.70,-84.35,137.00,99.89,-39.46,-71.39,161.04,129.09,25.97,-4.33,0.0378,0.0153,0.0053,0.0073,0.0048,0.0093,0.0043,0.0044,0.0032,0.0044,0.0046,0.0032,0.0028,0.0031,0.0032
2026-08-05 08:29:56.458,33.100000,143,6,0.469660,-0.0052,126.95,0,0,0,63.0122,0.286,0.62184,0,0,0,0,0,0.250766,0.021317,0.231647,0.019856,0.204507,0.017750,0.170349,0.014850,0.130469,0.011775,0.090865,0.010067,0.055674,0.011170,0.037008,-126.95,-86.82,-29.92,7.30,70.34,103.56,170.92,-155.37,-86.42,-45.33,20.29,77.74,136.96,-154.98,-82.32,0.0378,0.0153,0.0053,0.0073,0.0048,0.0093,0.0043,0.0044,0.0032,0.0044,0.0046,0.0032,0.0028,0.0031,0.0032
2026-08-05 08:29:56.458,33.116667,143,7,0.454100,0.0027,105.20,0,0,0,63.0122,0.286,0.62184,0,0,0,0,0,0.244862,0.013079,0.225495,0.016467,0.198076,0.019217,0.163683,0.019698,0.123515,0.017594,0.083733,0.013620,0.049176,0.008909,0.033686,-105.20,175.76,35.72,-20.73,179.88,134.47,-35.76,-73.79,110.74,77.59,-98.46,-127.95,64.10,37.23,-105.29,0.0378,0.0153,0.0053,0.0073,0.0048,0.0093,0.0043,0.0044,0.0032,0.0044,0.0046,0.0032,0.0028,0.0031,0.0032
2026-08-05 08:29:56.458,33.133333,143,8,0.394819,-0.0038,-132.87,0,0,0,63.0122,0.286,0.62184,0,0,0,0,0,0.212762,0.021846,0.195748,0.022664,0.172306,0.023305,0.143284,0.022450,0.108982,0.020306,0.074176,0.016897,0.041203,0.013507,0.018930,132.87,-81.55,29.54,-164.70,-70.63,109.45,-170.97,22.05,89.84,-66.01,-6.45,-151.55,-95.47,129.01,-148.56,0.0378,0.0153,0.0053,0.0073,0.0048,0.0093,0.0043,0.0044,0.0032,0.0044,0.0046,0.0032,0.0028,0.0031,0.0032
2026-08-05 08:29:56.458,33.150000,143,9,0.316294,-0.0271,96.24,0,0,0,63.0122,0.286,0.62184,0,0,0,0,0,0.170095,0.006119,0.156246,0.008641,0.138667,0.010839,0.117607,0.011702,0.091817,0.010647,0.064803,0.008255,0.037533,0.004596,0.012349,-96.24,-64.09,60.14,74.77,-139.79,-134.27,19.64,19.94,179.78,176.76,-18.90,-25.07,144.38,131.14,-39.35,0.0378,0.0153,0.0053,0.0073,0.0048,0.0093,0.0043,0.0044,0.0032,0.0044,0.0046,0.0032,0.0028,0.0031,0.0032
2026-08-05 08:29:56.458,33.166667,143,10,0.413381,-0.0161,167.43,0,0,0,63.0122,0.286,0.62184,0,0,0,0,0,0.221000,0.022873,0.203898,0.020653,0.180415,0.017704,0.151095,0.014197,0.116091,0.010841,0.080519,0.008867,0.047371,0.009365,0.026162,-167.43,-163.98,-152.31,-148.20,-133.72,-130.88,-115.06,-109.96,-94.75,-81.09,-71.23,-39.26,-39.43,7.06,21.49,0.0378,0.0153,0.0053,0.0073,0.0048,0.0093,0.0043,0.0044,0.0032,0.0044,0.0046,0.0032,0.0028,0.0031,0.0032
2026-08-05 08:29:56.458,33.183333,143,11,0.469064,0.0065,-122.88,0,0,0,63.0122,0.286,0.62184,0,0,0,0,0,0.250853,0.011399,0.231597,0.013325,0.204456,0.014864,0.170192,0.014767,0.130276,0.012937,0.090474,0.010237,0.055910,0.009074,0.038223,122.88,32.55,-0.49,-105.95,-120.50,124.20,119.78,1.59,2.19,-114.02,-111.17,141.26,145.76,53.41,65.85,0.0378,0.0153,0.0053,0.0073,0.0048,0.0093,0.0043,0.0044,0.0032,0.0044,0.0046,0.0032,0.0028,0.0031,0.0032
2026-08-05 08:29:56.458,33.200000,143,12,0.448126,-0.0151,169.10,0,0,0,63.0122,0.286,0.62184,0,0,0,0,0,0.238859,0.017662,0.220862,0.017000,0.195789,0.015879,0.164365,0.013962,0.127201,0.011211,0.089668,0.008475,0.054993,0.008223,0.032651,-169.10,-175.97,-156.73,-170.81,-141.08,-163.36,-125.30,-151.23,-107.68,-130.30,-86.82,-95.45,-57.95,-43.24,-5.56,0.0378,0.0153,0.0053,0.0073,0.0048,0.0093,0.0043,0.0044,0.0032,0.0044,0.0046,0.0032,0.0028,0.0031,0.0032
2026-08-05 08:29:56.458,33.216667,143,13,0.484480,-0.0091,173.40,0,0,0,63.0122,0.286,0.62184,0,0,0,0,0,0.257299,0.018878,0.237822,0.018359,0.210295,0.017449,0.175683,0.016115,0.135035,0.014542,0.094493,0.013591,0.059052,0.014321,0.040556,-173.40,179.16,-169.18,179.78,-161.73,-177.15,-153.93,-168.85,-143.92,-153.18,-129.82,-129.72,-105.76,-102.67,-59.32,0.0378,0.0153,0.0053,0.0073,0.0048,0.0093,0.0043,0.0044,0.0032,0.0044,0.0046,0.0032,0.0028,0.0031,0.0032
2026-08-05 08:29:56.458,33.233333,143,14,0.453444,0.0454,-32.25,0,0,0,63.0122,0.286,0.62184,0,0,0,0,0,0.242660,0.022662,0.224082,0.021029,0.197937,0.018637,0.165175,0.015307,0.126434,0.011630,0.087416,0.008512,0.052016,0.008412,0.031486,32.25,-129.43,87.31,-78.74,145.66,-26.47,-155.77,29.63,-95.29,93.23,-31.18,172.27,42.03,-92.55,142.74,0.0378,0.0153,0.0053,0.0073,0.0048,0.0093,0.0043,0.0044,0.0032,0.0044,0.0046,0.0032,0.0028,0.0031,0.0032
2026-08-05 08:29:56.458,33.250000,143,15,0.483456,-0.0337,137.81,0,0,0,63.0122,0.286,0.62184,0,0,0,0,0,0.219388,0.012391,0.201262,0.019694,0.175968,0.026528,0.144556,0.031346,0.107764,0.033847,0.070943,0.034109,0.036325,0.033249,0.007478,-137.81,124.50,-64.51,-141.44,12.20,-56.75,88.35,25.62,164.83,108.53,-118.53,-167.09,-42.83,-80.37,26.12,0.0378,0.0153,0.0053,0.0073,0.0048,0.0093,0.0043,0.0044,0.0032,0.0044,0.0046,0.0032,0.0028,0.0031,0.0032
2026-08-05 08:29:56.458,33.266667,143,16,0.464068,-0.0065,-164.97,0,0,0,63.0122,0.286,0.62184,0,0,0,0,0,0.247330,0.023299,0.228313,0.021834,0.201849,0.019416,0.168644,0.015976,0.129562,0.011989,0.090544,0.008658,0.056066,0.008690,0.037281,164.97,134.37,125.71,89.72,89.73,46.42,54.06,6.54,20.56,-25.43,-8.90,-39.94,-28.77,-37.10,-25.98,0.0378,0.0153,0.0053,0.0073,0.0048,0.0093,0.0043,0.0044,0.0032,0.0044,0.0046,0.0032,0.0028,0.0031,0.0032
2026-08-05 08:29:56.458,33.283333,143,17,0.465209,-0.0030,173.64,0,0,0,63.0122,0.286,0.62184,0,0,0,0,0,0.244701,0.032922,0.226290,0.029518,0.200210,0.024950,0.167505,0.020145,0.129285,0.016750,0.091012,0.016698,0.057174,0.019214,0.039690,-173.64,-170.79,-170.22,-161.39,-163.37,-149.40,-156.24,-130.94,-146.83,-104.96,-133.13,-75.23,-109.46,-51.21,-64.25,0.0378,0.0153,0.0053,0.0073,0.0048,0.0093,0.0043,0.0044,0.0032,0.0044,0.0046,0.0032,0.0028,0.0031,0.0032
2026-08-05 08:29:56.458,33.300000,143,18,0.463033,0.0225,-97.77,0,0,0,63.0122,0.286,0.62184,0,0,0,0,0,0.245752,0.020748,0.226950,0.019854,0.200521,0.018329,0.167513,0.016035,0.129094,0.013995,0.090476,0.013424,0.056252,0.014614,0.038618,97.77,3.41,-75.74,-172.18,114.00,15.01,-55.97,-153.14,136.35,45.41,-27.12,-107.44,179.31,102.10,47.80,0.0378,0.0153,0.0053,0.0073,0.0048,0.0093,0.0043,0.0044,0.0032,0.0044,0.0046,0.0032,0.0028,0.0031,0.0032
2026-08-05 08:29:56.458,33.316667,143,19,0.484650,0.0249,-27.06,0,0,0,63.0122,0.286,0.62184,0,0,0,0,0,0.256627,0.021114,0.237416,0.019864,0.210183,0.017824,0.176260,0.015316,0.136401,0.013699,0.096297,0.013609,0.060551,0.015379,0.040826,27.06,-133.88,72.28,-87.06,120.68,-37.68,169.40,16.87,-139.73,76.73,-84.73,142.22,-20.54,-152.35,64.73,0.0378,0.0153,0.0053,0.0073,0.0048,0.0093,0.0043,0.0044,0.0032,0.0044,0.0046,0.0032,0.0028,0.0031,0.0032
2026-08-05 08:29:56.458,33.333333,143,20,0.454741,-0.0143,-176.18,0,0,0,63.0122,0.286,0.62184,0,0,0,0,0,0.243882,0.009867,0.224828,0.011578,0.198220,0.012520,0.165285,0.012305,0.126448,0.010923,0.087534,0.008996,0.052860,0.008301,0.034895,176.18,140.26,159.44,110.85,145.90,88.52,132.63,71.94,121.52,63.79,114.43,67.37,117.63,86.64,145.79,0.0378,0.0153,0.0053,0.0073,0.0048,0.0093,0.0043,0.0044,0.0032,0.0044,0.0046,0.0032,0.0028,0.0031,0.0032
2026-08-05 08:29:56.458,33.350000,143,21,0.435971,0.0084,-108.74,0,0,0,63.0122,0.286,0.62184,0,0,0,0,0,0.234947,0.009660,0.216333,0.011973,0.190774,0.013445,0.158986,0.013266,0.121561,0.011340,0.083761,0.008079,0.049292,0.004766,0.030011,108.74,-2.07,-43.09,-169.53,168.26,30.55,19.80,-123.33,-126.70,88.23,90.60,-49.90,-42.65,-158.91,-148.74,0.0378,0.0153,0.0053,0.0073,0.0048,0.0093,0.0043,0.0044,0.0032,0.0044,0.0046,0.0032,0.0028,0.0031,0.0032
2026-08-05 08:29:56.458,33.366667,143,22,0.472990,-0.0131,168.14,0,0,0,63.0122,0.286,0.62184,0,0,0,0,0,0.251498,0.024233,0.232045,0.022671,0.204635,0.020430,0.169989,0.017360,0.129796,0.014749,0.089863,0.013801,0.055150,0.015577,0.039276,-168.14,-167.43,-153.53,-154.56,-135.58,-139.43,-117.27,-118.63,-96.64,-90.26,-71.39,-54.30,-34.92,-14.44,24.39,0.0378,0.0153,0.0053,0.0073,0.0048,0.0093,0.0043,0.0044,0.0032,0.0044,0.0046,0.0032,0.0028,0.0031,0.0032
2026-08-05 08:29:56.458,33.383333,143,23,0.485734,-0.0055,-100.03,0,0,0,63.0122,0.286,0.62184,0,0,0,0,0,0.256915,0.020487,0.237216,0.020553,0.209745,0.020040,0.175095,0.018682,0.134807,0.016794,0.095048,0.015495,0.060478,0.015936,0.043808,100.03,2.87,-68.88,-172.20,125.51,15.96,-39.70,-150.04,157.47,50.60,-0.81,-101.06,-148.72,115.40,82.71,0.0378,0.0153,0.0053,0.0073,0.0048,0.0093,0.0043,0.0044,0.0032,0.0044,0.0046,0.0032,0.0028,0.0031,0.0032
2026-08-05 08:29:56.458,33.400000,143,24,0.483416,0.0079,154.95,0,0,0,63.0122,0.286,0.62184,0,0,0,0,0,0.257777,0.016533,0.237882,0.017370,0.209864,0.017539,0.174660,0.016343,0.133759,0.013910,0.093341,0.011273,0.058298,0.010199,0.041924,-154.95,-154.25,-113.80,-124.21,-69.39,-90.04,-24.55,-49.44,22.64,-1.86,74.38,57.26,136.94,134.11,-139.74,0.0378,0.0153,0.0053,0.0073,0.0048,0.0093,0.0043,0.0044,0.0032,0.0044,0.0046,0.0032,0.0028,0.0031,0.0032
2026-08-05 08:29:56.458,33.416667,143,25,0.465201,0.0040,121.75,0,0,0,63.0122,0.286,0.62184,0,0,0,0,0,0.250391,0.010847,0.230018,0.016106,0.202709,0.020501,0.168224,0.022185,0.127821,0.020955,0.087959,0.018160,0.052403,0.014236,0.034462,-121.75,164.57,-14.26,-67.52,96.33,50.50,-152.67,168.26,-39.71,-73.50,77.57,49.95,-154.76,-175.54,-1.52,0.0378,0.0153,0.0053,0.0073,0.0048,0.0093,0.0043,0.0044,0.0032,0.0044,0.0046,0.0032,0.0028,0.0031,0.0032
2026-08-05 08:29:56.458,33.433333,143,26,0.457102,0.0287,14.22,0,0,0,63.0122,0.286,0.62184,0,0,0,0,0,0.243045,0.029841,0.224536,0.027014,0.197412,0.022827,0.164088,0.018107,0.124478,0.014479,0.085623,0.013172,0.051598,0.015475,0.036631,-14.22,145.86,-51.87,110.60,-86.18,79.31,-120.18,51.58,-151.74,34.08,-178.92,23.49,166.04,8.70,175.55,0.0378,0.0153,0.0053,0.0073,0.0048,0.0093,0.0043,0.0044,0.0032,0.0044,0.0046,0.0032,0.0028,0.0031,0.0032
2026-08-05 08:29:56.458,33.450000,143,27,0.461242,-0.0023,151.82,0,0,0,63.0122,0.286,0.62184,0,0,0,0,0,0.245725,0.018492,0.226941,0.017817,0.200342,0.016088,0.167511,0.013501,0.128819,0.009999,0.090558,0.007177,0.056887,0.007789,0.039339,-151.82,-141.12,-104.60,-101.93,-54.08,-59.56,-3.21,-13.73,49.94,41.89,107.35,113.79,174.99,-152.98,-96.97,0.0378,0.0153,0.0053,0.0073,0.0048,0.0093,0.0043,0.0044,0.0032,0.0044,0.0046,0.0032,0.0028,0.0031,0.0032
2026-08-05 08:29:56.458,33.466667,143,28,0.462509,0.0084,-170.54,0,0,0,63.0122,0.286,0.62184,0,0,0,0,0,0.244761,0.030438,0.226281,0.027584,0.199548,0.023332,0.166586,0.018547,0.127603,0.015128,0.089036,0.014250,0.055050,0.016797,0.038025,170.54,155.38,142.52,129.76,117.81,108.15,93.39,90.71,71.33,83.25,53.52,81.35,46.59,74.80,62.16,0.0378,0.0153,0.0053,0.0073,0.0048,0.0093,0.0043,0.0044,0.0032,0.0044,0.0046,0.0032,0.0028,0.0031,0.0032
2026-08-05 08:29:56.458,33.483333,143,29,0.444418,0.0132,91.02,0,0,0,63.0122,0.286,0.62184,0,0,0,0,0,0.237005,0.019866,0.218724,0.018792,0.193457,0.016924,0.162078,0.014238,0.124909,0.011496,0.087739,0.009494,0.053979,0.010717,0.033952,-91.02,-16.02,77.65,148.26,-110.35,-44.47,61.81,125.97,-123.92,-54.16,53.91,136.55,-118.73,-24.52,91.13,0.0378,0.0153,0.0053,0.0073,0.0048,0.0093,0.0043,0.0044,0.0032,0.0044,0.0046,0.0032,0.0028,0.0031,0.0032
2026-08-05 08:29:56.996,33.500000,144,0,0.434305,-0.0151,-164.56,0,0,0,63.0122,0.247,2.07909,0,0,0,0,0,0.231872,0.018940,0.213970,0.017355,0.189354,0.015258,0.158833,0.012251,0.122614,0.009623,0.085964,0.008008,0.052213,0.009348,0.031272,164.56,138.74,124.21,97.91,87.22,59.12,50.26,24.02,15.36,-2.33,-16.21,-16.53,-38.79,-27.78,-37.03,0.0104,0.0097,0.0083,0.0050,0.0030,0.0044,0.0037,0.0030,0.0081,0.0056,0.0063,0.0019,0.0088,0.0024,0.0008
2026-08-05 08:29:56.996,33.516667,144,1,0.440480,0.0305,-17.80,0,0,0,63.0122,0.247,2.07909,0,0,0,0,0,0.234888,0.019116,0.216844,0.017456,0.192008,0.015059,0.161191,0.011971,0.124635,0.009704,0.087614,0.009164,0.053546,0.011771,0.031891,17.80,-153.90,44.01,-127.49,73.53,-98.18,103.13,-63.76,134.68,-18.56,169.60,36.77,-146.80,87.91,-80.19,0.0104,0.0097,0.0083,0.0050,0.0030,0.0044,0.0037,0.0030,0.0081,0.0056,0.0063,0.0019,0.0088,0.0024,0.0008
2026-08-05 08:29:56.996,33.533333,144,2,0.411709,0.0127,104.43,0,0,0,63.0122,0.247,2.07909,0,0,0,0,0,0.221794,0.015338,0.204141,0.014910,0.180072,0.014005,0.150106,0.012334,0.114691,0.010102,0.078526,0.007436,0.045359,0.006692,0.025133,-104.43,-46.82,37.01,87.81,-178.23,-135.55,-33.41,5.45,113.32,151.98,-96.62,-49.47,62.90,128.10,-106.90,0.0104,0.0097,0.0083,0.0050,0.0030,0.0044,0.0037,0.0030,0.0081,0.0056,0.0063,0.0019,0.0088,0.0024,0.0008
2026-08-05 08:29:56.996,33.550000,144,3,0.442685,0.0862,-21.08,0,0,0,63.0122,0.247,2.07909,0,0,0,0,0,0.237770,0.017433,0.218575,0.016318,0.192594,0.014933,0.160408,0.012853,0.123111,0.010677,0.084717,0.008627,0.050160,0.009763,0.030642,21.08,-151.64,53.85,-124.36,89.74,-96.09,125.79,-60.65,163.93,-15.49,-153.95,45.29,-101.52,109.86,-21.96,0.0104,0.0097,0.0083,0.0050,0.0030,0.0044,0.0037,0.0030,0.0081,0.0056,0.0063,0.0019,0.0088,0.0024,0.0008
2026-08-05 08:29:56.996,33.566667,144,4,0.411777,-0.0093,-141.98,0,0,0,63.0122,0.247,2.07909,0,0,0,0,0,0.222213,0.008683,0.204436,0.011537,0.180832,0.013844,0.151386,0.014611,0.116485,0.013744,0.080745,0.011096,0.047029,0.007688,0.023287,141.98,59.52,56.18,-41.20,-26.26,-133.69,-108.83,139.01,170.18,56.77,92.00,-21.25,21.34,-85.71,-21.03,0.0104,0.0097,0.0083,0.0050,0.0030,0.0044,0.0037,0.0030,0.0081,0.0056,0.0063,0.0019,0.0088,0.0024,0.0008
2026-08-05 08:29:56.996,33.583333,144,5,0.435198,-0.0002,-178.54,0,0,0,63.0122,0.247,2.07909,0,0,0,0,0,0.232329,0.026062,0.214520,0.023937,0.189180,0.020110,0.157866,0.015746,0.120833,0.011024,0.083393,0.008072,0.049907,0.008827,0.030962,178.54,167.17,166.24,153.24,157.23,141.50,148.45,133.04,141.62,132.19,138.78,149.21,145.83,173.23,179.97,0.0104,0.0097,0.0083,0.0050,0.0030,0.0044,0.0037,0.0030,0.0081,0.0056,0.0063,0.0019,0.0088,0.0024,0.0008
2026-08-05 08:29:56.996,33.600000,144,6,0.496464,0.0237,43.62,0,0,0,63.0122,0.247,2.07909,0,0,0,0,0,0.262956,0.034463,0.243162,0.031292,0.214024,0.026047,0.177996,0.020347,0.135750,0.014910,0.094246,0.013486,0.059551,0.015451,0.043847,-43.62,85.51,-139.57,-9.59,127.66,-101.72,35.44,170.48,-54.44,93.05,-139.31,27.41,146.99,-42.76,94.29,0.0104,0.0097,0.0083,0.0050,0.0030,0.0044,0.0037,0.0030,0.0081,0.0056,0.0063,0.0019,0.0088,0.0024,0.0008
2026-08-05 08:29:56.996,33.616667,144,7,0.524802,-0.0100,-139.72,0,0,0,63.0122,0.247,2.07909,0,0,0,0,0,0.222875,0.042475,0.203509,0.049326,0.175842,0.056874,0.142170,0.062010,0.103914,0.064292,0.066483,0.062810,0.035290,0.059535,0.021193,139.72,-64.20,47.88,-133.66,-41.00,150.99,-130.93,72.72,138.07,-6.53,44.24,-84.89,-60.61,-161.09,160.07,0.0104,0.0097,0.0083,0.0050,0.0030,0.0044,0.0037,0.0030,0.0081,0.0056,0.0063,0.0019,0.0088,0.0024,0.0008
2026-08-05 08:29:56.996,33.633333,144,8,0.533455,0.0174,-16.08,0,0,0,63.0122,0.247,2.07909,0,0,0,0,0,0.250783,0.039675,0.228807,0.042974,0.197705,0.045615,0.159238,0.047381,0.114135,0.046761,0.069434,0.044336,0.028145,0.041333,0.009231,16.08,45.00,37.88,86.13,63.13,124.45,87.92,160.79,113.64,-164.14,141.15,-127.96,173.49,-90.65,-26.06,0.0104,0.0097,0.0083,0.0050,0.0030,0.0044,0.0037,0.0030,0.0081,0.0056,0.0063,0.0019,0.0088,0.0024,0.0008
2026-08-05 08:29:56.996,33.650000,144,9,0.538815,0.0287,-74.10,0,0,0,63.0122,0.247,2.07909,0,0,0,0,0,0.214047,0.071848,0.194516,0.077745,0.166916,0.084067,0.134102,0.088742,0.097226,0.090306,0.063979,0.088709,0.041719,0.085121,0.039275,74.10,160.22,-150.04,-42.13,-11.15,112.44,125.84,-95.10,-99.66,56.29,28.75,-152.00,141.88,0.68,-114.75,0.0104,0.0097,0.0083,0.0050,0.0030,0.0044,0.0037,0.0030,0.0081,0.0056,0.0063,0.0019,0.0088,0.0024,0.0008
2026-08-05 08:29:56.996,33.666667,144,10,0.424445,0.0070,-157.97,0,0,0,63.0122,0.247,2.07909,0,0,0,0,0,0.226651,0.020073,0.209220,0.019133,0.185023,0.017460,0.155114,0.015621,0.119439,0.013976,0.083125,0.013618,0.049169,0.014545,0.026566,157.97,127.58,104.32,74.47,53.99,24.48,3.67,-21.51,-45.00,-62.01,-90.40,-97.03,-128.01,-131.07,-137.60,0.0104,0.0097,0.0083,0.0050,0.0030,0.0044,0.0037,0.0030,0.0081,0.0056,0.0063,0.0019,0.0088,0.0024,0.0008
2026-08-05 08:29:56.996,33.683333,144,11,0.436355,0.0317,-12.61,0,0,0,63.0122,0.247,2.07909,0,0,0,0,0,0.233680,0.027217,0.215472,0.025102,0.189581,0.021449,0.157437,0.017253,0.119514,0.013272,0.081564,0.011213,0.047700,0.011800,0.030311,12.61,-162.28,28.60,-145.05,47.83,-125.45,67.30,-102.51,88.76,-72.05,114.46,-31.20,150.85,11.72,-142.99,0.0104,0.0097,0.0083,0.0050,0.0030,0.0044,0.0037,0.0030,0.0081,0.0056,0.0063,0.0019,0.0088,0.0024,0.0008
2026-08-05 08:29:56.996,33.700000,144,12,0.456517,0.0325,6.85,0,0,0,63.0122,0.247,2.07909,0,0,0,0,0,0.245098,0.017024,0.225987,0.017556,0.198854,0.017257,0.165393,0.015991,0.125920,0.013618,0.086465,0.011011,0.051977,0.009857,0.034249,-6.85,144.39,-29.98,110.64,-49.73,81.86,-69.15,58.46,-86.49,40.95,-99.68,36.25,-102.04,46.39,-78.51,0.0104,0.0097,0.0083,0.0050,0.0030,0.0044,0.0037,0.0030,0.0081,0.0056,0.0063,0.0019,0.0088,0.0024,0.0008
2026-08-05 08:29:56.996,33.716667,144,13,0.456281,-0.0049,-5.42,0,0,0,63.0122,0.247,2.07909,0,0,0,0,0,0.244404,0.023269,0.225580,0.020968,0.198493,0.017094,0.165055,0.012597,0.125677,0.008283,0.086448,0.006937,0.051953,0.009809,0.034673,5.42,-179.33,7.00,-179.35,11.90,-176.78,17.14,-169.62,24.46,-149.28,36.24,-105.92,58.73,-71.22,107.17,0.0104,0.0097,0.0083,0.0050,0.0030,0.0044,0.0037,0.0030,0.0081,0.0056,0.0063,0.0019,0.0088,0.0024,0.0008
2026-08-05 08:29:56.996,33.733333,144,14,0.484100,0.0040,-94.60,0,0,0,63.0122,0.247,2.07909,0,0,0,0,0,0.261588,0.014513,0.240423,0.017553,0.210164,0.018841,0.173046,0.018733,0.130259,0.017422,0.088092,0.015487,0.053006,0.015240,0.039500,94.60,-146.17,-85.76,57.15,97.42,-105.88,-78.87,92.19,107.16,-68.13,-61.93,137.88,141.82,-7.96,9.66,0.0104,0.0097,0.0083,0.0050,0.0030,0.0044,0.0037,0.0030,0.0081,0.0056,0.0063,0.0019,0.0088,0.0024,0.0008
2026-08-05 08:29:56.996,33.750000,144,15,0.432930,0.0088,-107.51,0,0,0,63.0122,0.247,2.07909,0,0,0,0,0,0.231660,0.018064,0.213564,0.017017,0.188173,0.014963,0.157030,0.012558,0.120181,0.010110,0.083198,0.008628,0.050687,0.009220,0.033600,107.51,23.35,-46.86,-133.81,162.15,71.89,11.43,-78.24,-137.22,139.48,78.41,8.15,-55.54,-117.89,-164.27,0.0104,0.0097,0.0083,0.0050,0.0030,0.0044,0.0037,0.0030,0.0081,0.0056,0.0063,0.0019,0.0088,0.0024,0.0008
2026-08-05 08:29:56.996,33.766667,144,16,0.449847,0.0086,-145.33,0,0,0,63.0122,0.247,2.07909,0,0,0,0,0,0.242774,0.009906,0.223529,0.014266,0.196100,0.017188,0.162403,0.017950,0.123153,0.016832,0.083930,0.014335,0.049651,0.011852,0.032696,145.33,-31.72,66.27,-87.13,-9.36,-152.81,-84.61,140.93,-157.86,75.70,133.20,16.74,75.04,-32.27,44.94,0.0104,0.0097,0.0083,0.0050,0.0030,0.0044,0.0037,0.0030,0.0081,0.0056,0.0063,0.0019,0.0088,0.0024,0.0008
2026-08-05 08:29:56.996,33.783333,144,17,0.396229,-0.0028,-121.09,0,0,0,63.0122,0.247,2.07909,0,0,0,0,0,0.215326,0.012272,0.197901,0.012996,0.173592,0.013041,0.143801,0.012252,0.108379,0.009948,0.072564,0.006469,0.039829,0.003335,0.021990,121.09,35.99,-6.62,-106.06,-130.95,117.31,104.78,-15.02,-17.73,-142.85,-136.65,98.47,114.61,14.72,44.70,0.0104,0.0097,0.0083,0.0050,0.0030,0.0044,0.0037,0.0030,0.0081,0.0056,0.0063,0.0019,0.0088,0.0024,0.0008
2026-08-05 08:29:56.996,33.800000,144,18,0.443604,0.0248,49.72,0,0,0,63.0122,0.247,2.07909,0,0,0,0,0,0.239818,0.007412,0.220978,0.010331,0.194029,0.012165,0.160729,0.012265,0.121578,0.010438,0.082689,0.006624,0.048698,0.002483,0.032174,-49.72,31.71,-158.59,-96.61,95.83,147.37,-9.42,35.62,-112.52,-72.97,148.64,-174.37,61.00,120.92,1.94,0.0104,0.0097,0.0083,0.0050,0.0030,0.0044,0.0037,0.0030,0.0081,0.0056,0.0063,0.0019,0.0088,0.0024,0.0008
2026-08-05 08:29:56.996,33.816667,144,19,0.399901,0.0052,-173.24,0,0,0,63.0122,0.247,2.07909,0,0,0,0,0,0.215352,0.014602,0.198405,0.014574,0.175049,0.013934,0.146496,0.012342,0.112361,0.009612,0.077670,0.006093,0.045647,0.003855,0.024789,173.24,144.35,149.94,109.93,130.00,78.96,110.11,51.33,91.83,28.48,77.01,18.51,70.50,49.17,92.64,0.0104,0.0097,0.0083,0.0050,0.0030,0.0044,0.0037,0.0030,0.0081,0.0056,0.0063,0.0019,0.0088,0.0024,0.0008
2026-08-05 08:29:56.996,33.833333,144,20,0.450607,-0.0001,44.66,0,0,0,63.0122,0.247,2.07909,0,0,0,0,0,0.238554,0.022919,0.220368,0.021115,0.194784,0.018166,0.162906,0.015503,0.125394,0.014035,0.088000,0.014790,0.055217,0.017109,0.037819,-44.66,85.76,-143.13,-8.26,121.70,-98.42,26.88,176.56,-65.74,98.67,-154.15,22.45,127.59,-59.84,71.50,0.0104,0.0097,0.0083,0.0050,0.0030,0.0044,0.0037,0.0030,0.0081,0.0056,0.0063,0.0019,0.0088,0.0024,0.0008
2026-08-05 08:29:56.996,33.850000,144,21,0.463067,0.0014,144.12,0,0,0,63.0122,0.247,2.07909,0,0,0,0,0,0.248498,0.013194,0.229240,0.014433,0.201287,0.014738,0.166972,0.013796,0.126815,0.011084,0.087240,0.008139,0.053711,0.008143,0.038504,-144.12,-135.98,-81.63,-87.17,-15.76,-31.60,50.53,30.46,119.15,100.61,-167.53,-171.71,-82.72,-64.31,25.09,0.0104,0.0097,0.0083,0.0050,0.0030,0.0044,0.0037,0.0030,0.0081,0.0056,0.0063,0.0019,0.0088,0.0024,0.0008
2026-08-05 08:29:56.996,33.866667,144,22,0.468248,-0.0094,-160.27,0,0,0,63.0122,0.247,2.07909,0,0,0,0,0,0.249690,0.026830,0.230455,0.024864,0.203022,0.021915,0.168810,0.018542,0.128805,0.015518,0.089020,0.014658,0.054247,0.015960,0.036492,160.27,132.23,111.97,85.07,66.82,40.49,22.05,-0.06,-20.57,-32.91,-58.80,-59.59,-86.61,-87.01,-89.60,0.0104,0.0097,0.0083,0.0050,0.0030,0.0044,0.0037,0.0030,0.0081,0.0056,0.0063,0.0019,0.0088,0.0024,0.0008
2026-08-05 08:29:56.996,33.883333,144,23,0.454998,0.0062,-111.34,0,0,0,63.0122,0.247,2.07909,0,0,0,0,0,0.243834,0.019146,0.224811,0.019157,0.197554,0.018294,0.163665,0.016776,0.123918,0.014244,0.084468,0.011959,0.050718,0.011541,0.035961,111.34,25.10,-35.18,-129.52,-178.39,80.16,38.76,-65.82,-101.81,155.18,122.26,27.02,-1.63,-90.18,-99.71,0.0104,0.0097,0.0083,0.0050,0.0030,0.0044,0.0037,0.0030,0.0081,0.0056,0.0063,0.0019,0.0088,0.0024,0.0008
2026-08-05 08:29:56.996,33.900000,144,24,0.472866,0.0061,134.13,0,0,0,63.0122,0.247,2.07909,0,0,0,0,0,0.252374,0.010426,0.233364,0.012786,0.205926,0.014446,0.171747,0.015106,0.131735,0.014123,0.091633,0.012434,0.056671,0.011266,0.038539,-134.13,-119.38,-51.66,-50.51,34.10,27.33,120.17,111.53,-151.61,-158.04,-59.16,-58.99,43.60,51.60,169.54,0.0104,0.0097,0.0083,0.0050,0.0030,0.0044,0.0037,0.0030,0.0081,0.0056,0.0063,0.0019,0.0088,0.0024,0.0008
2026-08-05 08:29:56.996,33.916667,144,25,0.462497,0.0190,-81.45,0,0,0,63.0122,0.247,2.07909,0,0,0,0,0,0.243163,0.019350,0.225064,0.019717,0.199548,0.019849,0.167648,0.019795,0.129745,0.019288,0.091268,0.018294,0.056488,0.016709,0.037173,81.45,-21.34,-124.85,135.77,32.13,-66.56,-170.69,91.67,-11.52,-109.21,151.62,51.78,-35.71,-143.80,161.17,0.0104,0.0097,0.0083,0.0050,0.0030,0.0044,0.0037,0.0030,0.0081,0.0056,0.0063,0.0019,0.0088,0.0024,0.0008
2026-08-05 08:29:56.996,33.933333,144,26,0.443315,0.0148,-80.39,0,0,0,63.0122,0.247,2.07909,0,0,0,0,0,0.231099,0.009962,0.214540,0.011282,0.192214,0.012950,0.164379,0.014744,0.130925,0.015986,0.096231,0.016649,0.062952,0.016149,0.037299,80.39,-18.18,-128.50,138.05,25.92,-66.66,-179.60,86.23,-23.51,-120.73,135.26,32.31,-60.14,-172.96,121.48,0.0104,0.0097,0.0083,0.0050,0.0030,0.0044,0.0037,0.0030,0.0081,0.0056,0.0063,0.0019,0.0088,0.0024,0.0008
2026-08-05 08:29:56.996,33.950000,144,27,0.440065,0.0068,-81.12,0,0,0,63.0122,0.247,2.07909,0,0,0,0,0,0.230376,0.004646,0.213519,0.007248,0.190746,0.010214,0.162349,0.013248,0.128493,0.015686,0.093643,0.017479,0.060663,0.017959,0.037104,81.12,8.13,-126.49,165.93,29.31,-40.96,-174.78,109.51,-17.12,-99.54,143.59,52.68,-49.08,-153.58,136.91,0.0104,0.0097,0.0083,0.0050,0.0030,0.0044,0.0037,0.0030,0.0081,0.0056,0.0063,0.0019,0.0088,0.0024,0.0008
2026-08-05 08:29:56.996,33.966667,144,28,0.444361,0.0064,92.55,0,0,0,63.0122,0.247,2.07909,0,0,0,0,0,0.233042,0.002946,0.216088,0.005018,0.192935,0.007440,0.164160,0.010146,0.129794,0.012555,0.094665,0.014250,0.061679,0.014864,0.038563,-92.55,29.06,72.51,-166.20,-119.02,-3.01,49.57,158.93,-140.01,-38.08,33.62,126.54,-145.94,-66.23,52.70,0.0104,0.0097,0.0083,0.0050,0.0030,0.0044,0.0037,0.0030,0.0081,0.0056,0.0063,0.0019,0.0088,0.0024,0.0008
2026-08-05 08:29:56.996,33.983333,144,29,0.429038,-0.0037,-104.34,0,0,0,63.0122,0.247,2.07909,0,0,0,0,0,0.225459,0.001811,0.208626,0.002798,0.185925,0.005623,0.157738,0.009195,0.124034,0.012748,0.089741,0.015619,0.057924,0.017262,0.036433,104.34,145.25,-57.00,-76.23,145.20,99.44,-12.53,-72.06,-168.35,123.56,39.21,-37.70,-105.79,162.96,128.91,0.0104,0.0097,0.0083,0.0050,0.0030,0.0044,0.0037,0.0030,0.0081,0.0056,0.0063,0.0019,0.0088,0.0024,0.0008
2026-08-05 08:29:57.436,34.000000,145,0,0.458886,0.0067,153.72,0,0,0,63.0122,0.594,1.64790,0,0,0,0,0,0.218519,0.016576,0.201381,0.013843,0.177958,0.010211,0.148954,0.005722,0.114471,0.002550,0.079469,0.005126,0.046756,0.008797,0.025768,-153.72,41.93,-111.64,85.98,-65.98,131.48,-20.30,-175.64,27.13,-73.35,77.78,33.21,136.64,87.24,-135.39,0.0202,0.0281,0.0019,0.0036,0.0061,0.0037,0.0043,0.0053,0.0058,0.0024,0.0047,0.0007,0.0071,0.0081,0.0055
2026-08-05 08:29:57.436,34.016667,145,1,0.471364,0.0005,136.49,0,0,0,63.0122,0.594,1.64790,0,0,0,0,0,0.206610,0.052496,0.189667,0.049387,0.166739,0.045515,0.138637,0.041976,0.105344,0.040478,0.071465,0.041487,0.038944,0.044094,0.010503,-136.49,87.26,-61.36,176.25,17.34,-92.65,95.38,1.61,173.70,98.10,-107.77,-165.16,-30.31,-71.24,38.41,0.0202,0.0281,0.0019,0.0036,0.0061,0.0037,0.0043,0.0053,0.0058,0.0024,0.0047,0.0007,0.0071,0.0081,0.0055
2026-08-05 08:29:57.436,34.033333,145,2,0.419809,-0.0119,167.30,0,0,0,63.0122,0.594,1.64790,0,0,0,0,0,0.197050,0.005453,0.182845,0.005407,0.164252,0.007731,0.141900,0.012548,0.114793,0.018043,0.086438,0.023265,0.057955,0.027275,0.031721,-167.30,42.58,-152.78,107.13,-134.78,167.01,-117.16,-152.58,-98.57,-122.28,-78.57,-95.62,-56.08,-70.71,-25.75,0.0202,0.0281,0.0019,0.0036,0.0061,0.0037,0.0043,0.0053,0.0058,0.0024,0.0047,0.0007,0.0071,0.0081,0.0055
2026-08-05 08:29:57.436,34.050000,145,3,0.395627,0.0039,-158.70,0,0,0,63.0122,0.594,1.64790,0,0,0,0,0,0.211072,0.002821,0.194745,0.004757,0.172538,0.006464,0.145090,0.007550,0.112239,0.007898,0.078472,0.007675,0.046446,0.006548,0.025123,158.70,-135.33,105.77,158.75,56.39,100.10,6.97,40.07,-40.71,-18.81,-85.24,-78.65,-121.93,-137.15,-129.18,0.0202,0.0281,0.0019,0.0036,0.0061,0.0037,0.0043,0.0053,0.0058,0.0024,0.0047,0.0007,0.0071,0.0081,0.0055
2026-08-05 08:29:57.436,34.066667,145,4,0.477833,-0.0574,75.91,0,0,0,63.0122,0.594,1.64790,0,0,0,0,0,0.255016,0.009046,0.236081,0.013551,0.208195,0.017276,0.171705,0.018416,0.129733,0.016993,0.088775,0.013647,0.053566,0.009730,0.039310,-75.91,63.86,121.56,-81.30,-36.98,127.23,164.85,-26.75,8.87,178.81,-142.13,26.32,79.56,-117.52,-33.12,0.0202,0.0281,0.0019,0.0036,0.0061,0.0037,0.0043,0.0053,0.0058,0.0024,0.0047,0.0007,0.0071,0.0081,0.0055
2026-08-05 08:29:57.436,34.083333,145,5,0.475809,0.1446,-68.96,0,0,0,63.0122,0.594,1.64790,0,0,0,0,0,0.251951,0.030794,0.232108,0.033955,0.203601,0.036654,0.167790,0.037029,0.126448,0.034655,0.086191,0.029793,0.052893,0.023970,0.041118,68.96,-25.67,-161.82,123.26,-29.33,-92.13,103.66,49.79,-120.81,-168.94,19.81,-26.02,173.25,121.92,-10.87,0.0202,0.0281,0.0019,0.0036,0.0061,0.0037,0.0043,0.0053,0.0058,0.0024,0.0047,0.0007,0.0071,0.0081,0.0055
2026-08-05 08:29:57.436,34.100000,145,6,0.444954,0.0662,-68.46,0,0,0,63.0122,0.594,1.64790,0,0,0,0,0,0.239286,0.017670,0.220099,0.020926,0.193007,0.023454,0.159019,0.024056,0.119488,0.022364,0.080496,0.018925,0.047242,0.015357,0.034010,68.46,-20.12,-163.93,129.69,-32.93,-86.44,98.36,54.54,-128.02,-164.32,10.30,-20.14,161.11,131.58,-20.28,0.0202,0.0281,0.0019,0.0036,0.0061,0.0037,0.0043,0.0053,0.0058,0.0024,0.0047,0.0007,0.0071,0.0081,0.0055
2026-08-05 08:29:57.436,34.116667,145,7,0.442834,0.1341,-58.48,0,0,0,63.0122,0.594,1.64790,0,0,0,0,0,0.236112,0.027534,0.217156,0.030587,0.190625,0.033129,0.157454,0.033755,0.118784,0.031985,0.080302,0.027928,0.046837,0.022639,0.031689,58.48,-45.94,166.34,81.88,-82.48,-154.34,28.90,-33.60,142.41,86.36,-99.77,-152.60,29.71,-27.51,-171.44,0.0202,0.0281,0.0019,0.0036,0.0061,0.0037,0.0043,0.0053,0.0058,0.0024,0.0047,0.0007,0.0071,0.0081,0.0055
2026-08-05 08:29:57.436,34.133333,145,8,0.451342,-0.1571,-146.63,0,0,0,63.0122,0.594,1.64790,0,0,0,0,0,0.243129,0.022236,0.222310,0.026053,0.194599,0.030059,0.160146,0.030494,0.119475,0.028177,0.079723,0.023571,0.046560,0.017471,0.035317,146.63,132.99,71.01,81.24,-0.96,20.26,-72.93,-44.53,-142.55,-108.62,153.03,-171.69,101.98,132.39,78.74,0.0202,0.0281,0.0019,0.0036,0.0061,0.0037,0.0043,0.0053,0.0058,0.0024,0.0047,0.0007,0.0071,0.0081,0.0055
2026-08-05 08:29:57.436,34.150000,145,9,0.446042,0.0875,-40.71,0,0,0,63.0122,0.594,1.64790,0,0,0,0,0,0.238188,0.025379,0.219190,0.027552,0.192579,0.029241,0.159240,0.029019,0.120243,0.026568,0.081820,0.022471,0.048906,0.017328,0.035048,40.71,-83.22,113.00,8.11,-171.34,96.16,-95.39,-178.90,-17.14,-93.68,65.66,-7.42,160.36,84.80,-78.95,0.0202,0.0281,0.0019,0.0036,0.0061,0.0037,0.0043,0.0053,0.0058,0.0024,0.0047,0.0007,0.0071,0.0081,0.0055
2026-08-05 08:29:57.436,34.166667,145,10,0.457849,-0.0081,100.60,0,0,0,63.0122,0.594,1.64790,0,0,0,0,0,0.245602,0.022968,0.225815,0.026844,0.197723,0.030019,0.162304,0.030705,0.121414,0.028490,0.081316,0.024019,0.047710,0.018093,0.036279,-100.60,-0.62,49.05,169.80,-157.92,-25.59,-4.51,135.78,151.36,-63.18,-47.86,99.31,126.43,-92.30,-32.38,0.0202,0.0281,0.0019,0.0036,0.0061,0.0037,0.0043,0.0053,0.0058,0.0024,0.0047,0.0007,0.0071,0.0081,0.0055
2026-08-05 08:29:57.436,34.183333,145,11,0.489710,0.0144,104.55,0,0,0,63.0122,0.594,1.64790,0,0,0,0,0,0.261584,0.022726,0.240923,0.027891,0.211143,0.032530,0.173258,0.034130,0.129536,0.032104,0.087224,0.027273,0.053103,0.021161,0.042259,-104.55,-4.56,37.42,158.84,-177.30,-44.75,-31.52,107.80,116.93,-100.09,-89.20,54.47,78.22,-145.24,-91.92,0.0202,0.0281,0.0019,0.0036,0.0061,0.0037,0.0043,0.0053,0.0058,0.0024,0.0047,0.0007,0.0071,0.0081,0.0055
2026-08-05 08:29:57.436,34.200000,145,12,0.455555,0.0104,-18.16,0,0,0,63.0122,0.594,1.64790,0,0,0,0,0,0.246258,0.007013,0.226747,0.012369,0.198983,0.016204,0.163878,0.017491,0.122903,0.016339,0.082369,0.012909,0.047886,0.009230,0.034473,18.16,-52.14,44.91,-27.55,75.16,1.74,105.75,33.16,138.65,67.51,176.17,106.70,-133.50,159.68,-54.78,0.0202,0.0281,0.0019,0.0036,0.0061,0.0037,0.0043,0.0053,0.0058,0.0024,0.0047,0.0007,0.0071,0.0081,0.0055
2026-08-05 08:29:57.436,34.216667,145,13,0.518442,0.0279,-45.50,0,0,0,63.0122,0.594,1.64790,0,0,0,0,0,0.200202,0.059355,0.183622,0.057659,0.161643,0.056027,0.136317,0.055824,0.108247,0.058511,0.082560,0.064052,0.061255,0.071105,0.044898,45.50,94.18,123.86,-169.56,-154.69,-71.06,-74.83,30.30,3.83,132.91,80.78,-125.06,155.32,-24.82,-130.79,0.0202,0.0281,0.0019,0.0036,0.0061,0.0037,0.0043,0.0053,0.0058,0.0024,0.0047,0.0007,0.0071,0.0081,0.0055
2026-08-05 08:29:57.436,34.233333,145,14,0.527501,0.0214,63.44,0,0,0,63.0122,0.594,1.64790,0,0,0,0,0,0.281619,0.010710,0.259745,0.017481,0.228071,0.022417,0.187716,0.024360,0.141621,0.022919,0.097616,0.018930,0.064140,0.013603,0.054601,-63.44,104.04,160.89,-17.80,28.59,-146.00,-102.90,83.60,128.63,-46.03,6.05,-173.09,-103.70,66.75,162.10,0.0202,0.0281,0.0019,0.0036,0.0061,0.0037,0.0043,0.0053,0.0058,0.0024,0.0047,0.0007,0.0071,0.0081,0.0055
2026-08-05 08:29:57.436,34.250000,145,15,0.535628,-0.0167,148.81,0,0,0,63.0122,0.594,1.64790,0,0,0,0,0,0.228544,0.049308,0.209286,0.047793,0.182433,0.046316,0.149617,0.045968,0.111953,0.047977,0.075173,0.052678,0.042603,0.058729,0.017934,-148.81,63.62,-97.68,129.37,-43.40,-162.60,10.05,-91.97,63.40,-20.05,115.74,51.63,164.57,121.40,-158.45,0.0202,0.0281,0.0019,0.0036,0.0061,0.0037,0.0043,0.0053,0.0058,0.0024,0.0047,0.0007,0.0071,0.0081,0.0055
2026-08-05 08:29:57.436,34.266667,145,16,0.561790,0.0193,-85.50,0,0,0,63.0122,0.594,1.64790,0,0,0,0,0,0.206885,0.096824,0.189739,0.093283,0.166896,0.089247,0.140858,0.087001,0.112349,0.088734,0.087134,0.094182,0.067641,0.101395,0.053312,85.50,175.95,-117.02,-6.51,43.54,172.98,-157.64,-5.19,-0.43,177.61,154.60,-0.26,-52.68,-179.83,100.80,0.0202,0.0281,0.0019,0.0036,0.0061,0.0037,0.0043,0.0053,0.0058,0.0024,0.0047,0.0007,0.0071,0.0081,0.0055
2026-08-05 08:29:57.436,34.283333,145,17,0.587117,0.0310,50.19,0,0,0,63.0122,0.594,1.64790,0,0,0,0,0,0.208101,0.094814,0.190471,0.091966,0.166899,0.089362,0.140926,0.088619,0.112863,0.091897,0.088557,0.098598,0.070189,0.106822,0.056578,-50.19,-94.77,-164.13,172.02,84.91,80.87,-27.90,-8.26,-142.34,-96.78,101.10,173.72,-16.96,82.53,-132.66,0.0202,0.0281,0.0019,0.0036,0.0061,0.0037,0.0043,0.0053,0.0058,0.0024,0.0047,0.0007,0.0071,0.0081,0.0055
2026-08-05 08:29:57.436,34.300000,145,18,0.548510,0.0303,-23.85,0,0,0,63.0122,0.594,1.64790,0,0,0,0,0,0.219787,0.071467,0.200451,0.069647,0.173158,0.067957,0.140665,0.067451,0.104712,0.069423,0.071389,0.074104,0.046044,0.080739,0.033045,23.85,49.68,59.43,100.82,97.99,153.92,134.90,-150.52,170.25,-93.84,-158.25,-37.30,-135.67,18.26,-122.79,0.0202,0.0281,0.0019,0.0036,0.0061,0.0037,0.0043,0.0053,0.0058,0.0024,0.0047,0.0007,0.0071,0.0081,0.0055
2026-08-05 08:29:57.436,34.316667,145,19,0.531082,0.0129,-47.82,0,0,0,63.0122,0.594,1.64790,0,0,0,0,0,0.204130,0.060004,0.186424,0.058055,0.162809,0.055699,0.135539,0.054600,0.105538,0.056863,0.078222,0.063241,0.057055,0.072072,0.043079,47.82,96.49,130.92,-164.59,-143.06,-62.62,-58.84,42.92,23.89,150.41,103.98,-102.61,179.53,2.37,-106.58,0.0202,0.0281,0.0019,0.0036,0.0061,0.0037,0.0043,0.0053,0.0058,0.0024,0.0047,0.0007,0.0071,0.0081,0.0055
2026-08-05 08:29:57.436,34.333333,145,20,0.523415,0.0070,141.02,0,0,0,63.0122,0.594,1.64790,0,0,0,0,0,0.203677,0.070407,0.186913,0.067379,0.164494,0.063725,0.138567,0.061062,0.109737,0.061165,0.082728,0.065185,0.060354,0.071927,0.043706,-141.02,80.32,-75.79,162.42,-7.40,-113.04,59.36,-25.14,125.06,64.91,-171.15,155.00,-110.45,-116.60,-51.13,0.0202,0.0281,0.0019,0.0036,0.0061,0.0037,0.0043,0.0053,0.0058,0.0024,0.0047,0.0007,0.0071,0.0081,0.0055
2026-08-05 08:29:57.436,34.350000,145,21,0.532998,-0.0004,-164.63,0,0,0,63.0122,0.594,1.64790,0,0,0,0,0,0.185945,0.075229,0.168807,0.074358,0.146778,0.073534,0.123069,0.074078,0.098128,0.077536,0.078466,0.083312,0.066415,0.091011,0.059732,164.63,-27.54,119.82,-52.98,77.73,-76.61,33.12,-98.78,-14.23,-119.73,-64.88,-140.95,-118.02,-163.19,-167.98,0.0202,0.0281,0.0019,0.0036,0.0061,0.0037,0.0043,0.0053,0.0058,0.0024,0.0047,0.0007,0.0071,0.0081,0.0055
2026-08-05 08:29:57.436,34.366667,145,22,0.553301,-0.0238,-105.81,0,0,0,63.0122,0.594,1.64790,0,0,0,0,0,0.222012,0.079367,0.203296,0.076463,0.178222,0.072825,0.149080,0.071423,0.116159,0.073033,0.084899,0.078012,0.058020,0.085178,0.037011,105.81,-142.65,-54.65,75.04,148.34,-64.59,-10.29,159.05,-169.66,23.10,30.18,-113.78,-133.05,106.95,61.71,0.0202,0.0281,0.0019,0.0036,0.0061,0.0037,0.0043,0.0053,0.0058,0.0024,0.0047,0.0007,0.0071,0.0081,0.0055
2026-08-05 08:29:57.436,34.383333,145,23,0.571018,0.0296,13.45,0,0,0,63.0122,0.594,1.64790,0,0,0,0,0,0.177004,0.072066,0.161189,0.069512,0.141205,0.066979,0.120611,0.065824,0.101146,0.067435,0.087703,0.071778,0.080804,0.077920,0.076502,-13.45,-22.10,-56.37,-42.50,-96.26,-60.85,-139.15,-76.62,175.29,-91.20,128.06,-106.48,81.82,-123.37,41.06,0.0202,0.0281,0.0019,0.0036,0.0061,0.0037,0.0043,0.0053,0.0058,0.0024,0.0047,0.0007,0.0071,0.0081,0.0055
2026-08-05 08:29:57.436,34.400000,145,24,0.540508,0.0241,6.19,0,0,0,63.0122,0.594,1.64790,0,0,0,0,0,0.214509,0.074731,0.196216,0.071833,0.170558,0.068786,0.139835,0.067250,0.105623,0.068570,0.073486,0.073276,0.047778,0.080624,0.033272,-6.19,-10.35,-30.82,-19.19,-52.33,-25.98,-75.39,-29.87,-99.78,-32.33,-127.26,-35.39,-162.50,-40.13,152.60,0.0202,0.0281,0.0019,0.0036,0.0061,0.0037,0.0043,0.0053,0.0058,0.0024,0.0047,0.0007,0.0071,0.0081,0.0055
2026-08-05 08:29:57.436,34.416667,145,25,0.482251,-0.0046,-166.51,0,0,0,63.0122,0.594,1.64790,0,0,0,0,0,0.257788,0.010154,0.237725,0.015670,0.208844,0.019504,0.172485,0.020945,0.130572,0.019789,0.089925,0.016476,0.056724,0.012226,0.044962,166.51,-162.83,130.61,179.79,98.11,154.11,66.08,125.50,36.83,97.53,12.85,73.83,1.50,59.73,9.68,0.0202,0.0281,0.0019,0.0036,0.0061,0.0037,0.0043,0.0053,0.0058,0.0024,0.0047,0.0007,0.0071,0.0081,0.0055
2026-08-05 08:29:57.436,34.433333,145,26,0.509939,0.0489,-10.31,0,0,0,63.0122,0.594,1.64790,0,0,0,0,0,0.271078,0.019516,0.249949,0.024062,0.219687,0.027909,0.181687,0.029183,0.137856,0.027561,0.095728,0.024011,0.061701,0.019250,0.049154,10.31,-133.49,22.41,-99.65,37.68,-73.29,53.64,-49.87,72.33,-26.60,96.32,-0.16,132.51,33.94,-174.14,0.0202,0.0281,0.0019,0.0036,0.0061,0.0037,0.0043,0.0053,0.0058,0.0024,0.0047,0.0007,0.0071,0.0081,0.0055
2026-08-05 08:29:57.436,34.450000,145,27,0.529287,0.0051,110.16,0,0,0,63.0122,0.594,1.64790,0,0,0,0,0,0.223966,0.047844,0.205939,0.045514,0.181220,0.042630,0.151670,0.041236,0.117504,0.043155,0.084538,0.048139,0.053969,0.055355,0.029634,-110.16,141.42,18.26,-74.63,149.81,72.61,-79.42,-136.16,51.41,17.35,-177.77,169.30,-47.44,-42.12,83.69,0.0202,0.0281,0.0019,0.0036,0.0061,0.0037,0.0043,0.0053,0.0058,0.0024,0.0047,0.0007,0.0071,0.0081,0.0055
2026-08-05 08:29:57.436,34.466667,145,28,0.495755,0.0139,37.03,0,0,0,63.0122,0.594,1.64790,0,0,0,0,0,0.262386,0.026220,0.241507,0.030299,0.212467,0.033996,0.175749,0.035226,0.133412,0.033434,0.092551,0.029568,0.058934,0.024078,0.046035,-37.03,126.71,-119.78,64.74,160.63,-3.04,81.72,-73.84,5.44,-144.87,-65.68,146.17,-124.58,82.77,-165.15,0.0202,0.0281,0.0019,0.0036,0.0061,0.0037,0.0043,0.0053,0.0058,0.0024,0.0047,0.0007,0.0071,0.0081,0.0055
2026-08-05 08:29:57.436,34.483333,145,29,0.487332,0.0292,-13.63,0,0,0,63.0122,0.594,1.64790,0,0,0,0,0,0.259918,0.017133,0.239381,0.021283,0.210227,0.024788,0.173616,0.026190,0.131221,0.024974,0.090048,0.021925,0.056636,0.017690,0.044570,13.63,-126.64,32.06,-85.74,53.82,-52.86,76.07,-23.36,101.09,6.69,131.31,38.55,174.50,78.01,-122.60,0.0202,0.0281,0.0019,0.0036,0.0061,0.0037,0.0043,0.0053,0.0058,0.0024,0.0047,0.0007,0.0071,0.0081,0.0055
2026-08-05 08:29:58.002,34.500000,146,0,0.533434,0.0160,-113.50,0,0,0,63.0122,0.257,0.90753,0,0,0,0,0,0.284391,0.006598,0.263467,0.010330,0.231135,0.012256,0.191358,0.012972,0.145147,0.011501,0.101345,0.009342,0.067059,0.007026,0.055296,113.50,176.38,-28.01,14.42,-166.22,-131.59,56.23,84.37,-78.21,-52.30,152.76,174.33,36.34,63.18,-65.40,0.0181,0.0080,0.0036,0.0030,0.0057,0.0066,0.0036,0.0026,0.0030,0.0008,0.0053,0.0045,0.0015,0.0045,0.0026
2026-08-05 08:29:58.002,34.516667,146,1,0.536464,0.0160,-37.59,0,0,0,63.0122,0.257,0.90753,0,0,0,0,0,0.187713,0.090893,0.172075,0.088073,0.152843,0.085128,0.131546,0.083254,0.108493,0.084527,0.088102,0.088539,0.070879,0.094643,0.057319,37.59,80.39,98.53,162.45,162.79,-114.01,-134.80,-28.09,-73.35,58.64,-13.14,145.29,46.51,-129.79,107.75,0.0181,0.0080,0.0036,0.0030,0.0057,0.0066,0.0036,0.0026,0.0030,0.0008,0.0053,0.0045,0.0015,0.0045,0.0026
2026-08-05 08:29:58.002,34.533333,146,2,0.546982,0.0193,-140.03,0,0,0,63.0122,0.257,0.90753,0,0,0,0,0,0.192997,0.086523,0.177677,0.084666,0.159086,0.083194,0.138467,0.083389,0.115859,0.086511,0.095232,0.091833,0.076600,0.098136,0.060894,140.03,-72.55,46.13,-143.32,-44.43,147.09,-136.56,79.26,130.85,11.46,37.70,-57.05,-55.04,-127.29,-145.44,0.0181,0.0080,0.0036,0.0030,0.0057,0.0066,0.0036,0.0026,0.0030,0.0008,0.0053,0.0045,0.0015,0.0045,0.0026
2026-08-05 08:29:58.002,34.550000,146,3,0.541031,-0.0113,-154.88,0,0,0,63.0122,0.257,0.90753,0,0,0,0,0,0.212627,0.064990,0.193840,0.062266,0.168324,0.060104,0.137927,0.059162,0.104443,0.062049,0.073937,0.068788,0.050317,0.077208,0.036783,154.88,-48.06,92.55,-93.63,33.00,-137.07,-28.00,-176.77,-90.81,144.26,-156.71,104.98,130.63,62.36,52.01,0.0181,0.0080,0.0036,0.0030,0.0057,0.0066,0.0036,0.0026,0.0030,0.0008,0.0053,0.0045,0.0015,0.0045,0.0026
2026-08-05 08:29:58.002,34.566667,146,4,0.581529,0.0217,-10.45,0,0,0,63.0122,0.257,0.90753,0,0,0,0,0,0.178605,0.030638,0.163217,0.027272,0.143083,0.022840,0.122418,0.021294,0.103294,0.024673,0.090801,0.032139,0.085655,0.039388,0.084484,10.45,23.91,16.05,50.23,24.23,84.77,29.53,129.94,31.92,175.23,32.46,-148.49,34.41,-119.46,41.51,0.0181,0.0080,0.0036,0.0030,0.0057,0.0066,0.0036,0.0026,0.0030,0.0008,0.0053,0.0045,0.0015,0.0045,0.0026
2026-08-05 08:29:58.002,34.583333,146,5,0.546651,0.0124,-121.30,0,0,0,63.0122,0.257,0.90753,0,0,0,0,0,0.217647,0.078743,0.200002,0.075363,0.175226,0.071313,0.146092,0.068995,0.113619,0.069905,0.082888,0.074720,0.056915,0.081396,0.038273,121.30,-113.63,-8.10,134.02,-134.55,24.37,97.73,-82.48,-30.96,172.20,-161.57,66.26,64.64,-42.10,-73.42,0.0181,0.0080,0.0036,0.0030,0.0057,0.0066,0.0036,0.0026,0.0030,0.0008,0.0053,0.0045,0.0015,0.0045,0.0026
2026-08-05 08:29:58.002,34.600000,146,6,0.486822,0.0259,32.59,0,0,0,63.0122,0.257,0.90753,0,0,0,0,0,0.260388,0.017487,0.239893,0.021843,0.210812,0.024772,0.174644,0.025519,0.132422,0.023199,0.091284,0.018412,0.057228,0.012204,0.043091,-32.59,138.98,-106.80,84.12,-177.60,22.54,112.01,-43.15,44.23,-109.36,-18.50,-173.81,-69.52,129.96,-99.41,0.0181,0.0080,0.0036,0.0030,0.0057,0.0066,0.0036,0.0026,0.0030,0.0008,0.0053,0.0045,0.0015,0.0045,0.0026
2026-08-05 08:29:58.002,34.616667,146,7,0.492132,-0.0187,158.58,0,0,0,63.0122,0.257,0.90753,0,0,0,0,0,0.263684,0.017782,0.242615,0.021753,0.212494,0.024679,0.174972,0.025623,0.131492,0.023954,0.089631,0.020265,0.056357,0.016613,0.045343,-158.58,-112.46,-124.66,-56.86,-87.35,-8.34,-49.48,37.62,-8.88,83.08,37.47,132.93,96.74,-169.75,176.23,0.0181,0.0080,0.0036,0.0030,0.0057,0.0066,0.0036,0.0026,0.0030,0.0008,0.0053,0.0045,0.0015,0.0045,0.0026
2026-08-05 08:29:58.002,34.633333,146,8,0.458959,0.0091,128.53,0,0,0,63.0122,0.257,0.90753,0,0,0,0,0,0.245855,0.012090,0.226642,0.015769,0.199509,0.018508,0.165677,0.019641,0.125945,0.018582,0.086831,0.015831,0.053381,0.012837,0.037814,-128.53,-46.53,-34.73,69.90,62.43,177.31,159.92,-77.86,-100.22,26.66,4.33,135.45,120.01,-109.82,-100.47,0.0181,0.0080,0.0036,0.0030,0.0057,0.0066,0.0036,0.0026,0.0030,0.0008,0.0053,0.0045,0.0015,0.0045,0.0026
2026-08-05 08:29:58.002,34.650000,146,9,0.449211,0.0308,15.38,0,0,0,63.0122,0.257,0.90753,0,0,0,0,0,0.242428,0.007187,0.223691,0.010896,0.196816,0.013433,0.163149,0.014324,0.123777,0.013585,0.084321,0.011721,0.049266,0.010183,0.030948,-15.38,-82.82,-55.32,-135.15,-92.04,-177.63,-128.58,145.22,-163.05,112.84,166.56,87.66,146.53,72.59,156.25,0.0181,0.0080,0.0036,0.0030,0.0057,0.0066,0.0036,0.0026,0.0030,0.0008,0.0053,0.0045,0.0015,0.0045,0.0026
2026-08-05 08:29:58.002,34.666667,146,10,0.493353,0.0192,-73.38,0,0,0,63.0122,0.257,0.90753,0,0,0,0,0,0.263069,0.013853,0.242591,0.017473,0.213453,0.020083,0.176957,0.020927,0.134697,0.019464,0.093625,0.015999,0.060211,0.012001,0.047008,73.38,-7.18,-148.72,151.46,-7.50,-58.06,134.29,89.69,-81.28,-122.98,68.46,27.60,-130.11,-173.26,50.09,0.0181,0.0080,0.0036,0.0030,0.0057,0.0066,0.0036,0.0026,0.0030,0.0008,0.0053,0.0045,0.0015,0.0045,0.0026
2026-08-05 08:29:58.002,34.683333,146,11,0.490489,-0.0073,150.15,0,0,0,63.0122,0.257,0.90753,0,0,0,0,0,0.261185,0.019884,0.240645,0.023676,0.211374,0.026539,0.175031,0.027718,0.132673,0.026457,0.091439,0.023366,0.057697,0.019809,0.044261,-150.15,-97.42,-99.46,-24.67,-45.37,41.17,9.23,104.78,66.39,168.21,128.74,-125.39,-156.91,-53.58,-62.08,0.0181,0.0080,0.0036,0.0030,0.0057,0.0066,0.0036,0.0026,0.0030,0.0008,0.0053,0.0045,0.0015,0.0045,0.0026
2026-08-05 08:29:58.002,34.700000,146,12,0.448118,-0.0186,-158.39,0,0,0,63.0122,0.257,0.90753,0,0,0,0,0,0.241175,0.010909,0.222099,0.014066,0.195215,0.016192,0.161841,0.016875,0.122677,0.015742,0.083607,0.013077,0.049595,0.010402,0.033773,158.39,165.75,105.83,135.92,56.66,97.82,7.72,57.52,-39.00,17.10,-81.26,-18.88,-112.19,-43.56,-115.48,0.0181,0.0080,0.0036,0.0030,0.0057,0.0066,0.0036,0.0026,0.0030,0.0008,0.0053,0.0045,0.0015,0.0045,0.0026
2026-08-05 08:29:58.002,34.716667,146,13,0.477384,0.0066,125.24,0,0,0,63.0122,0.257,0.90753,0,0,0,0,0,0.256361,0.007589,0.236540,0.013901,0.207882,0.018064,0.171888,0.019545,0.130080,0.018515,0.088916,0.015093,0.054089,0.010453,0.039796,-125.24,-2.16,-24.66,107.28,79.14,-148.75,-176.60,-44.96,-69.86,59.90,41.76,167.83,165.39,-75.94,-47.13,0.0181,0.0080,0.0036,0.0030,0.0057,0.0066,0.0036,0.0026,0.0030,0.0008,0.0053,0.0045,0.0015,0.0045,0.0026
2026-08-05 08:29:58.002,34.733333,146,14,0.467380,0.0420,35.72,0,0,0,63.0122,0.257,0.90753,0,0,0,0,0,0.251657,0.013973,0.231764,0.019278,0.203371,0.022979,0.168081,0.024213,0.127005,0.022540,0.086297,0.018257,0.051697,0.012432,0.036550,-35.72,140.96,-116.31,80.84,166.40,11.29,89.49,-60.98,14.89,-134.31,-55.01,154.33,-113.22,90.21,-145.55,0.0181,0.0080,0.0036,0.0030,0.0057,0.0066,0.0036,0.0026,0.0030,0.0008,0.0053,0.0045,0.0015,0.0045,0.0026
2026-08-05 08:29:58.002,34.750000,146,15,0.483104,0.0107,-58.88,0,0,0,63.0122,0.257,0.90753,0,0,0,0,0,0.218976,0.012506,0.200434,0.011212,0.175027,0.009849,0.144448,0.010261,0.109441,0.013375,0.074528,0.019163,0.042648,0.025788,0.017924,58.88,108.63,165.37,-135.61,-84.69,-7.53,24.98,131.94,135.38,-89.16,-112.72,39.41,2.63,162.09,136.18,0.0181,0.0080,0.0036,0.0030,0.0057,0.0066,0.0036,0.0026,0.0030,0.0008,0.0053,0.0045,0.0015,0.0045,0.0026
2026-08-05 08:29:58.002,34.766667,146,16,0.507386,0.0087,-88.27,0,0,0,63.0122,0.257,0.90753,0,0,0,0,0,0.232768,0.014056,0.213089,0.012998,0.184986,0.011346,0.150745,0.010741,0.111260,0.013837,0.072136,0.020735,0.036311,0.029140,0.008898,88.27,163.42,-105.84,-27.90,63.36,153.03,-127.72,-10.94,41.97,-170.24,-146.93,19.96,27.50,-159.25,-125.37,0.0181,0.0080,0.0036,0.0030,0.0057,0.0066,0.0036,0.0026,0.0030,0.0008,0.0053,0.0045,0.0015,0.0045,0.0026
2026-08-05 08:29:58.002,34.783333,146,17,0.496121,-0.0225,-136.74,0,0,0,63.0122,0.257,0.90753,0,0,0,0,0,0.201874,0.017748,0.184478,0.017204,0.161111,0.018023,0.134263,0.021531,0.103987,0.027867,0.075154,0.035881,0.049851,0.044510,0.029648,136.74,-86.47,37.33,-167.13,-58.64,119.80,-155.64,48.15,106.81,-26.95,8.32,-106.15,-92.20,172.50,165.55,0.0181,0.0080,0.0036,0.0030,0.0057,0.0066,0.0036,0.0026,0.0030,0.0008,0.0053,0.0045,0.0015,0.0045,0.0026
2026-08-05 08:29:58.002,34.800000,146,18,0.386314,0.0193,26.40,0,0,0,63.0122,0.257,0.90753,0,0,0,0,0,0.207340,0.018872,0.190413,0.024468,0.167182,0.029125,0.138793,0.031343,0.105179,0.030687,0.070954,0.027219,0.038932,0.022074,0.018065,-26.40,155.48,-89.39,116.30,-148.97,68.24,151.41,16.98,93.26,-35.14,38.14,-85.74,-9.03,-132.13,-18.06,0.0181,0.0080,0.0036,0.0030,0.0057,0.0066,0.0036,0.0026,0.0030,0.0008,0.0053,0.0045,0.0015,0.0045,0.0026
2026-08-05 08:29:58.002,34.816667,146,19,0.420496,0.0054,139.08,0,0,0,63.0122,0.257,0.90753,0,0,0,0,0,0.225540,0.027435,0.206939,0.031401,0.180746,0.034622,0.148383,0.035493,0.110550,0.033214,0.072776,0.028253,0.039930,0.021924,0.026095,-139.08,-79.26,-67.09,14.26,8.33,101.68,83.93,-173.84,161.61,-89.79,-116.32,-4.03,-21.75,87.33,110.07,0.0181,0.0080,0.0036,0.0030,0.0057,0.0066,0.0036,0.0026,0.0030,0.0008,0.0053,0.0045,0.0015,0.0045,0.0026
2026-08-05 08:29:58.002,34.833333,146,20,0.450246,0.0123,-104.64,0,0,0,63.0122,0.257,0.90753,0,0,0,0,0,0.241840,0.014792,0.222715,0.017892,0.195434,0.020073,0.161517,0.020366,0.122065,0.018172,0.083339,0.014112,0.050808,0.009841,0.037588,104.64,53.41,-55.18,-84.88,148.31,129.30,-7.78,-19.18,-161.41,-168.17,49.86,47.71,-86.64,-82.73,160.58,0.0181,0.0080,0.0036,0.0030,0.0057,0.0066,0.0036,0.0026,0.0030,0.0008,0.0053,0.0045,0.0015,0.0045,0.0026
2026-08-05 08:29:58.002,34.850000,146,21,0.408357,-0.0065,161.91,0,0,0,63.0122,0.257,0.90753,0,0,0,0,0,0.221590,0.006784,0.203886,0.010466,0.178827,0.013027,0.147949,0.013686,0.111486,0.012520,0.074714,0.009887,0.041505,0.006943,0.024776,-161.91,-24.21,-135.09,-8.91,-104.95,16.10,-74.74,45.09,-42.65,77.52,-6.57,116.02,40.30,170.46,123.43,0.0181,0.0080,0.0036,0.0030,0.0057,0.0066,0.0036,0.0026,0.0030,0.0008,0.0053,0.0045,0.0015,0.0045,0.0026
2026-08-05 08:29:58.002,34.866667,146,22,0.383624,0.0128,-85.56,0,0,0,63.0122,0.257,0.90753,0,0,0,0,0,0.208051,0.011327,0.190994,0.015038,0.167630,0.017458,0.139213,0.018181,0.105274,0.016645,0.071156,0.013178,0.039656,0.009213,0.021087,85.56,21.36,-113.51,-154.73,50.91,19.83,-144.66,-168.15,21.34,3.56,-169.07,179.02,9.75,6.27,-135.19,0.0181,0.0080,0.0036,0.0030,0.0057,0.0066,0.0036,0.0026,0.0030,0.0008,0.0053,0.0045,0.0015,0.0045,0.0026
2026-08-05 08:29:58.002,34.883333,146,23,0.392560,0.0267,-30.87,0,0,0,63.0122,0.257,0.90753,0,0,0,0,0,0.212696,0.010220,0.195655,0.014508,0.172204,0.017749,0.143379,0.019118,0.109138,0.018353,0.074063,0.015331,0.040987,0.011076,0.017910,30.87,-81.72,82.65,-6.07,137.76,58.96,-167.24,121.07,-110.91,-177.65,-51.83,-114.26,14.33,-43.79,116.54,0.0181,0.0080,0.0036,0.0030,0.0057,0.0066,0.0036,0.0026,0.0030,0.0008,0.0053,0.0045,0.0015,0.0045,0.0026
2026-08-05 08:29:58.002,34.900000,146,24,0.382955,0.0854,11.74,0,0,0,63.0122,0.257,0.90753,0,0,0,0,0,0.207923,0.014478,0.190310,0.017734,0.167895,0.020699,0.138623,0.020994,0.104670,0.019732,0.069909,0.016441,0.036846,0.010693,0.016628,-11.74,-179.23,-46.14,165.05,-76.65,147.66,-107.44,124.56,-137.03,98.60,-163.45,73.91,179.14,55.02,-154.16,0.0181,0.0080,0.0036,0.0030,0.0057,0.0066,0.0036,0.0026,0.0030,0.0008,0.0053,0.0045,0.0015,0.0045,0.0026
2026-08-05 08:29:58.002,34.916667,146,25,0.413231,0.0235,81.14,0,0,0,63.0122,0.257,0.90753,0,0,0,0,0,0.221655,0.014682,0.204423,0.015261,0.180422,0.015637,0.150757,0.015442,0.115322,0.014482,0.078825,0.012212,0.044802,0.009253,0.023804,-81.14,31.22,106.70,-120.20,-62.11,85.34,128.99,-70.50,-38.28,132.14,157.73,-23.62,2.33,-174.98,-118.54,0.0181,0.0080,0.0036,0.0030,0.0057,0.0066,0.0036,0.0026,0.0030,0.0008,0.0053,0.0045,0.0015,0.0045,0.0026
2026-08-05 08:29:58.002,34.933333,146,26,0.418177,0.0176,54.94,0,0,0,63.0122,0.257,0.90753,0,0,0,0,0,0.218700,0.026174,0.202339,0.023597,0.180211,0.020102,0.152858,0.017342,0.120190,0.016567,0.086590,0.017669,0.054927,0.019308,0.032661,-54.94,72.97,-174.86,-32.86,68.68,-134.65,-47.77,130.02,-162.47,38.71,85.98,-55.14,-18.59,-154.63,-102.30,0.0181,0.0080,0.0036,0.0030,0.0057,0.0066,0.0036,0.0026,0.0030,0.0008,0.0053,0.0045,0.0015,0.0045,0.0026
2026-08-05 08:29:58.002,34.950000,146,27,0.376904,-0.0084,-99.53,0,0,0,63.0122,0.257,0.90753,0,0,0,0,0,0.197618,0.024278,0.182728,0.020856,0.163408,0.016190,0.139646,0.012180,0.111074,0.011627,0.081405,0.014564,0.051880,0.018168,0.026649,99.53,18.76,-72.06,-140.49,119.89,65.17,-48.41,-76.32,144.57,152.84,-20.41,13.73,178.84,-138.54,34.23,0.0181,0.0080,0.0036,0.0030,0.0057,0.0066,0.0036,0.0026,0.0030,0.0008,0.0053,0.0045,0.0015,0.0045,0.0026
2026-08-05 08:29:58.002,34.966667,146,28,0.383691,0.0107,-92.22,0,0,0,63.0122,0.257,0.90753,0,0,0,0,0,0.202103,0.029884,0.186640,0.025552,0.166006,0.019272,0.140987,0.012730,0.110705,0.009882,0.079641,0.012687,0.049524,0.017130,0.026320,92.22,1.22,-93.95,-176.70,83.49,9.26,-99.24,-153.75,79.54,66.59,-99.06,-77.56,88.13,116.85,-63.87,0.0181,0.0080,0.0036,0.0030,0.0057,0.0066,0.0036,0.0026,0.0030,0.0008,0.0053,0.0045,0.0015,0.0045,0.0026
2026-08-05 08:29:58.002,34.983333,146,29,0.366710,-0.0012,173.13,0,0,0,63.0122,0.257,0.90753,0,0,0,0,0,0.192507,0.023936,0.177747,0.021149,0.158834,0.017339,0.135731,0.013835,0.107767,0.012243,0.078589,0.013310,0.049639,0.015317,0.025279,-173.13,-165.34,-170.14,-150.01,-163.52,-130.55,-157.22,-103.20,-149.54,-67.26,-139.75,-32.25,-125.49,-6.86,-93.68,0.0181,0.0080,0.0036,0.0030,0.0057,0.0066,0.0036,0.0026,0.0030,0.0008,0.0053,0.0045,0.0015,0.0045,0.0026
2026-08-05 08:29:58.513,35.000000,147,0,0.394911,0.0150,95.97,0,0,0,63.0122,0.309,1.98614,0,0,0,0,0,0.206592,0.034449,0.190550,0.030426,0.169041,0.024906,0.142341,0.019696,0.110623,0.017625,0.078172,0.019209,0.047495,0.022306,0.027341,-95.97,-11.58,61.60,157.99,-137.21,-28.46,23.95,153.62,-173.09,-16.01,-6.92,172.93,167.17,-7.31,7.33,0.0123,0.0086,0.0086,0.0061,0.0124,0.0080,0.0067,0.0007,0.0034,0.0004,0.0063,0.0042,0.0055,0.0052,0.0052
2026-08-05 08:29:58.513,35.016667,147,1,0.367844,0.0028,59.94,0,0,0,63.0122,0.309,1.98614,0,0,0,0,0,0.193750,0.017824,0.178892,0.015233,0.159695,0.011504,0.136423,0.007871,0.108133,0.006537,0.078627,0.008261,0.049677,0.010651,0.025983,-59.94,57.77,169.69,-63.32,42.91,179.05,-84.10,73.45,150.28,-13.16,27.16,-106.01,-90.87,143.03,170.18,0.0123,0.0086,0.0086,0.0061,0.0124,0.0080,0.0067,0.0007,0.0034,0.0004,0.0063,0.0042,0.0055,0.0052,0.0052
2026-08-05 08:29:58.513,35.033333,147,2,0.385554,0.0292,-46.21,0,0,0,63.0122,0.309,1.98614,0,0,0,0,0,0.205262,0.013931,0.189483,0.011600,0.168647,0.008228,0.142871,0.004839,0.111896,0.003895,0.079885,0.006117,0.048424,0.008461,0.023489,46.21,-91.55,128.36,-2.72,-145.98,90.27,-60.58,-162.16,26.30,-19.92,115.47,99.46,-149.74,-163.90,-31.88,0.0123,0.0086,0.0086,0.0061,0.0124,0.0080,0.0067,0.0007,0.0034,0.0004,0.0063,0.0042,0.0055,0.0052,0.0052
2026-08-05 08:29:58.513,35.050000,147,3,0.430517,0.0143,75.52,0,0,0,63.0122,0.309,1.98614,0,0,0,0,0,0.227796,0.018025,0.210283,0.015039,0.186205,0.010830,0.156244,0.006021,0.120700,0.003220,0.084867,0.005542,0.052719,0.008366,0.035351,-75.52,22.13,123.67,-135.29,-33.63,69.54,169.31,-76.03,14.42,-177.68,-136.44,76.33,82.44,-71.40,-34.29,0.0123,0.0086,0.0086,0.0061,0.0124,0.0080,0.0067,0.0007,0.0034,0.0004,0.0063,0.0042,0.0055,0.0052,0.0052
2026-08-05 08:29:58.513,35.066667,147,4,0.499885,0.0154,166.51,0,0,0,63.0122,0.309,1.98614,0,0,0,0,0,0.261354,0.025923,0.241788,0.023486,0.214039,0.020014,0.178891,0.016204,0.138278,0.013096,0.098508,0.011804,0.065601,0.012687,0.051834,-166.51,-160.83,-148.43,-141.24,-127.01,-120.14,-104.95,-94.33,-80.20,-61.52,-50.47,-22.67,-10.00,15.60,47.26,0.0123,0.0086,0.0086,0.0061,0.0124,0.0080,0.0067,0.0007,0.0034,0.0004,0.0063,0.0042,0.0055,0.0052,0.0052
2026-08-05 08:29:58.513,35.083333,147,5,0.420053,0.0174,7.97,0,0,0,63.0122,0.309,1.98614,0,0,0,0,0,0.227054,0.006102,0.208386,0.011235,0.182590,0.014758,0.150185,0.015954,0.112649,0.014972,0.075714,0.012691,0.044723,0.011211,0.033803,-7.97,68.77,-33.20,48.19,-54.95,28.64,-76.46,11.09,-95.45,-1.93,-109.66,-8.04,-110.65,-2.35,-84.78,0.0123,0.0086,0.0086,0.0061,0.0124,0.0080,0.0067,0.0007,0.0034,0.0004,0.0063,0.0042,0.0055,0.0052,0.0052
2026-08-05 08:29:58.513,35.100000,147,6,0.378967,0.0032,81.20,0,0,0,63.0122,0.309,1.98614,0,0,0,0,0,0.205372,0.011278,0.188581,0.012708,0.166015,0.013929,0.138195,0.013668,0.105175,0.011793,0.071861,0.008625,0.041201,0.004513,0.022808,-81.20,-14.57,106.27,156.75,-62.68,-25.74,128.24,157.30,-39.06,-15.09,156.95,175.65,2.02,18.70,-120.08,0.0123,0.0086,0.0086,0.0061,0.0124,0.0080,0.0067,0.0007,0.0034,0.0004,0.0063,0.0042,0.0055,0.0052,0.0052
2026-08-05 08:29:58.513,35.116667,147,7,0.446774,0.0748,1.00,0,0,0,63.0122,0.309,1.98614,0,0,0,0,0,0.240266,0.015481,0.221201,0.015689,0.194864,0.015277,0.161861,0.013603,0.123079,0.010948,0.084607,0.007855,0.050866,0.007272,0.034649,-1.00,156.49,-12.44,134.77,-20.48,116.73,-28.23,104.25,-33.92,99.92,-35.29,108.68,-26.14,137.43,8.90,0.0123,0.0086,0.0086,0.0061,0.0124,0.0080,0.0067,0.0007,0.0034,0.0004,0.0063,0.0042,0.0055,0.0052,0.0052
2026-08-05 08:29:58.513,35.133333,147,8,0.418928,0.0033,106.92,0,0,0,63.0122,0.309,1.98614,0,0,0,0,0,0.222561,0.026946,0.205171,0.024506,0.181606,0.021003,0.152211,0.016996,0.117541,0.013527,0.082261,0.011971,0.050272,0.013051,0.030981,-106.92,-41.62,29.34,97.19,169.10,-122.06,-51.08,23.41,90.71,176.25,-123.92,-21.88,30.14,139.57,-150.33,0.0123,0.0086,0.0086,0.0061,0.0124,0.0080,0.0067,0.0007,0.0034,0.0004,0.0063,0.0042,0.0055,0.0052,0.0052
2026-08-05 08:29:58.513,35.150000,147,9,0.427607,0.0272,-57.75,0,0,0,63.0122,0.309,1.98614,0,0,0,0,0,0.230978,0.011215,0.212356,0.011501,0.186477,0.011262,0.154029,0.010035,0.116086,0.007801,0.078326,0.005703,0.045408,0.006330,0.031499,57.75,-87.55,163.82,7.21,-86.67,106.60,23.02,-146.77,134.91,-30.77,-108.73,104.37,19.66,-103.54,178.30,0.0123,0.0086,0.0086,0.0061,0.0124,0.0080,0.0067,0.0007,0.0034,0.0004,0.0063,0.0042,0.0055,0.0052,0.0052
2026-08-05 08:29:58.513,35.166667,147,10,0.414261,-0.0014,-33.96,0,0,0,63.0122,0.309,1.98614,0,0,0,0,0,0.219935,0.025515,0.202621,0.022891,0.178905,0.019015,0.149430,0.014808,0.114791,0.011700,0.080228,0.011269,0.049825,0.013478,0.034435,33.96,-119.47,92.06,-58.39,153.76,4.57,-144.31,73.77,-80.10,153.85,-11.69,-118.02,66.93,-36.02,168.78,0.0123,0.0086,0.0086,0.0061,0.0124,0.0080,0.0067,0.0007,0.0034,0.0004,0.0063,0.0042,0.0055,0.0052,0.0052
2026-08-05 08:29:58.513,35.183333,147,11,0.432007,0.0096,-176.19,0,0,0,63.0122,0.309,1.98614,0,0,0,0,0,0.231925,0.006776,0.213708,0.010382,0.188491,0.013032,0.156926,0.013639,0.120080,0.012423,0.083496,0.009780,0.051150,0.007473,0.034433,176.19,116.77,159.42,86.07,145.97,66.60,132.77,52.26,121.73,43.06,114.76,42.22,117.75,58.24,145.00,0.0123,0.0086,0.0086,0.0061,0.0124,0.0080,0.0067,0.0007,0.0034,0.0004,0.0063,0.0042,0.0055,0.0052,0.0052
2026-08-05 08:29:58.513,35.200000,147,12,0.442599,0.0200,66.85,0,0,0,63.0122,0.309,1.98614,0,0,0,0,0,0.234589,0.025167,0.216743,0.022641,0.191778,0.019129,0.160393,0.014898,0.123782,0.010822,0.086912,0.008974,0.054130,0.010574,0.036522,-66.85,36.38,149.86,-106.62,9.98,111.54,-129.53,-25.84,93.13,-152.89,-40.46,96.09,-164.30,-14.94,94.81,0.0123,0.0086,0.0086,0.0061,0.0124,0.0080,0.0067,0.0007,0.0034,0.0004,0.0063,0.0042,0.0055,0.0052,0.0052
2026-08-05 08:29:58.513,35.216667,147,13,0.434750,-0.0223,-90.32,0,0,0,63.0122,0.309,1.98614,0,0,0,0,0,0.234298,0.017468,0.214923,0.015413,0.189174,0.013580,0.157474,0.011438,0.119817,0.008547,0.082254,0.007347,0.049432,0.009176,0.032297,90.32,-15.75,-98.12,153.20,77.05,-34.80,-107.77,140.55,69.47,-32.67,-108.97,173.02,82.70,17.59,-58.95,0.0123,0.0086,0.0086,0.0061,0.0124,0.0080,0.0067,0.0007,0.0034,0.0004,0.0063,0.0042,0.0055,0.0052,0.0052
2026-08-05 08:29:58.513,35.233333,147,14,0.386971,-0.0931,160.82,0,0,0,63.0122,0.309,1.98614,0,0,0,0,0,0.209432,0.010145,0.192281,0.014476,0.169103,0.017739,0.140626,0.019001,0.107004,0.018044,0.072690,0.014926,0.040428,0.011112,0.019653,-160.82,76.97,-131.96,128.85,-99.84,170.89,-67.95,-149.77,-34.36,-110.06,2.13,-66.55,46.58,-13.50,127.58,0.0123,0.0086,0.0086,0.0061,0.0124,0.0080,0.0067,0.0007,0.0034,0.0004,0.0063,0.0042,0.0055,0.0052,0.0052
2026-08-05 08:29:58.513,35.250000,147,15,0.383877,0.0020,-141.41,0,0,0,63.0122,0.309,1.98614,0,0,0,0,0,0.207921,0.006451,0.190874,0.011665,0.167950,0.015331,0.139899,0.017083,0.106678,0.016763,0.072403,0.014772,0.040311,0.011830,0.019477,141.41,4.07,54.33,-74.74,-29.39,-155.53,-113.29,124.57,164.46,48.04,85.08,-23.94,13.35,-88.02,-22.75,0.0123,0.0086,0.0086,0.0061,0.0124,0.0080,0.0067,0.0007,0.0034,0.0004,0.0063,0.0042,0.0055,0.0052,0.0052
2026-08-05 08:29:58.513,35.266667,147,16,0.456245,0.0030,140.72,0,0,0,63.0122,0.309,1.98614,0,0,0,0,0,0.242917,0.022189,0.224140,0.022093,0.198252,0.021379,0.165662,0.019613,0.127389,0.016358,0.089268,0.012000,0.055929,0.008407,0.038047,-140.72,-122.98,-71.49,-63.92,1.07,-2.38,73.99,63.18,149.16,134.34,-131.71,-143.84,-43.04,-42.80,67.49,0.0123,0.0086,0.0086,0.0061,0.0124,0.0080,0.0067,0.0007,0.0034,0.0004,0.0063,0.0042,0.0055,0.0052,0.0052
2026-08-05 08:29:58.513,35.283333,147,17,0.498703,0.0253,-23.43,0,0,0,63.0122,0.309,1.98614,0,0,0,0,0,0.266956,0.009221,0.246229,0.011772,0.216770,0.013247,0.179699,0.012920,0.136899,0.011301,0.094725,0.008873,0.059552,0.008767,0.044895,23.43,-173.63,61.64,-149.22,103.00,-116.57,144.87,-77.14,-170.66,-28.96,-121.39,35.29,-60.80,117.08,20.18,0.0123,0.0086,0.0086,0.0061,0.0124,0.0080,0.0067,0.0007,0.0034,0.0004,0.0063,0.0042,0.0055,0.0052,0.0052
2026-08-05 08:29:58.513,35.300000,147,18,0.506700,-0.0068,161.46,0,0,0,63.0122,0.309,1.98614,0,0,0,0,0,0.232664,0.022241,0.213362,0.030551,0.185669,0.038145,0.151307,0.042573,0.111823,0.043698,0.072294,0.041626,0.035909,0.037441,0.006778,-161.46,66.13,-134.96,115.54,-105.15,156.16,-75.87,-166.78,-45.97,-129.91,-15.11,-91.03,16.81,-48.79,66.72,0.0123,0.0086,0.0086,0.0061,0.0124,0.0080,0.0067,0.0007,0.0034,0.0004,0.0063,0.0042,0.0055,0.0052,0.0052
2026-08-05 08:29:58.513,35.316667,147,19,0.558744,0.0481,-20.54,0,0,0,63.0122,0.309,1.98614,0,0,0,0,0,0.192185,0.097075,0.174493,0.102170,0.150257,0.107807,0.122334,0.112004,0.092887,0.113658,0.069264,0.112243,0.056851,0.108609,0.055244,20.54,51.53,47.32,101.81,77.28,149.98,104.44,-163.55,128.22,-117.71,145.87,-71.65,156.73,-25.01,170.47,0.0123,0.0086,0.0086,0.0061,0.0124,0.0080,0.0067,0.0007,0.0034,0.0004,0.0063,0.0042,0.0055,0.0052,0.0052
2026-08-05 08:29:58.513,35.333333,147,20,0.484032,0.0023,166.54,0,0,0,63.0122,0.309,1.98614,0,0,0,0,0,0.259335,0.019068,0.238244,0.021685,0.209250,0.023759,0.173345,0.023898,0.131860,0.021395,0.091224,0.017217,0.057823,0.014337,0.043737,-166.54,50.58,-148.05,91.33,-126.57,125.30,-104.54,157.16,-79.82,-168.32,-50.32,-127.12,-9.76,-72.85,50.04,0.0123,0.0086,0.0086,0.0061,0.0124,0.0080,0.0067,0.0007,0.0034,0.0004,0.0063,0.0042,0.0055,0.0052,0.0052
2026-08-05 08:29:58.513,35.350000,147,21,0.488918,0.0092,-135.64,0,0,0,63.0122,0.309,1.98614,0,0,0,0,0,0.258094,0.038488,0.239286,0.035010,0.211786,0.030579,0.176809,0.024887,0.136468,0.019315,0.095897,0.015709,0.060065,0.015262,0.040492,135.64,82.84,37.75,-15.10,-56.75,-111.31,-151.00,156.54,116.94,69.26,29.05,-9.07,-49.59,-79.52,-107.33,0.0123,0.0086,0.0086,0.0061,0.0124,0.0080,0.0067,0.0007,0.0034,0.0004,0.0063,0.0042,0.0055,0.0052,0.0052
2026-08-05 08:29:58.513,35.366667,147,22,0.528914,-0.0019,167.61,0,0,0,63.0122,0.309,1.98614,0,0,0,0,0,0.245049,0.033238,0.223884,0.039101,0.193690,0.044990,0.155958,0.048433,0.112582,0.048832,0.069604,0.046630,0.030221,0.042478,0.007261,-167.61,43.88,-152.91,80.38,-135.01,110.84,-117.37,137.99,-98.77,164.45,-78.30,-168.07,-52.64,-138.36,64.57,0.0123,0.0086,0.0086,0.0061,0.0124,0.0080,0.0067,0.0007,0.0034,0.0004,0.0063,0.0042,0.0055,0.0052,0.0052
2026-08-05 08:29:58.513,35.383333,147,23,0.517898,-0.0099,173.14,0,0,0,63.0122,0.309,1.98614,0,0,0,0,0,0.256900,0.010139,0.236063,0.017146,0.206700,0.022678,0.169501,0.025421,0.126455,0.025662,0.083957,0.023797,0.046481,0.020476,0.028238,-173.14,69.52,-168.79,90.24,-161.15,103.27,-153.31,115.44,-143.43,128.12,-129.56,144.06,-104.62,164.52,-46.93,0.0123,0.0086,0.0086,0.0061,0.0124,0.0080,0.0067,0.0007,0.0034,0.0004,0.0063,0.0042,0.0055,0.0052,0.0052
2026-08-05 08:29:58.513,35.400000,147,24,0.465547,0.0089,-13.50,0,0,0,63.0122,0.309,1.98614,0,0,0,0,0,0.242149,0.044706,0.224497,0.040909,0.198548,0.036053,0.166131,0.030193,0.128487,0.025159,0.090821,0.022393,0.057973,0.022241,0.041426,13.50,-156.54,31.12,-133.77,52.32,-109.04,73.71,-80.30,97.53,-47.36,125.81,-9.81,163.85,29.57,-138.22,0.0123,0.0086,0.0086,0.0061,0.0124,0.0080,0.0067,0.0007,0.0034,0.0004,0.0063,0.0042,0.0055,0.0052,0.0052
2026-08-05 08:29:58.513,35.416667,147,25,0.460923,0.0109,155.61,0,0,0,63.0122,0.309,1.98614,0,0,0,0,0,0.243659,0.028599,0.225301,0.026209,0.199149,0.022658,0.166514,0.018075,0.128504,0.013930,0.090740,0.012063,0.057659,0.013786,0.040503,-155.61,-141.23,-116.06,-102.92,-73.10,-62.20,-29.83,-16.67,15.80,37.10,65.73,102.61,125.50,170.81,-155.17,0.0123,0.0086,0.0086,0.0061,0.0124,0.0080,0.0067,0.0007,0.0034,0.0004,0.0063,0.0042,0.0055,0.0052,0.0052
2026-08-05 08:29:58.513,35.433333,147,26,0.429594,-0.0103,161.03,0,0,0,63.0122,0.309,1.98614,0,0,0,0,0,0.223174,0.041983,0.207051,0.038424,0.183722,0.033432,0.155312,0.027728,0.121223,0.023343,0.086828,0.020996,0.054820,0.021594,0.033943,-161.03,-144.00,-132.75,-109.09,-100.94,-71.12,-69.18,-29.65,-35.31,17.38,1.79,68.17,46.93,118.14,112.48,0.0123,0.0086,0.0086,0.0061,0.0124,0.0080,0.0067,0.0007,0.0034,0.0004,0.0063,0.0042,0.0055,0.0052,0.0052
2026-08-05 08:29:58.513,35.450000,147,27,0.456385,-0.0123,-147.19,0,0,0,63.0122,0.309,1.98614,0,0,0,0,0,0.237507,0.049360,0.219825,0.045246,0.193719,0.039247,0.161836,0.032368,0.124009,0.027413,0.086803,0.024779,0.054037,0.025842,0.037756,147.19,111.92,72.35,42.85,0.94,-22.95,-70.26,-85.20,-139.01,-141.68,156.45,165.55,102.75,111.10,70.61,0.0123,0.0086,0.0086,0.0061,0.0124,0.0080,0.0067,0.0007,0.0034,0.0004,0.0063,0.0042,0.0055,0.0052,0.0052
2026-08-05 08:29:58.513,35.466667,147,28,0.438110,-0.0096,-170.76,0,0,0,63.0122,0.309,1.98614,0,0,0,0,0,0.234821,0.017715,0.215858,0.016963,0.190131,0.015209,0.158004,0.013042,0.120440,0.010917,0.083231,0.009804,0.050705,0.010956,0.035825,170.76,148.26,143.00,118.14,118.58,89.65,94.49,66.56,72.73,51.34,55.52,44.89,49.65,44.57,67.05,0.0123,0.0086,0.0086,0.0061,0.0124,0.0080,0.0067,0.0007,0.0034,0.0004,0.0063,0.0042,0.0055,0.0052,0.0052
2026-08-05 08:29:58.513,35.483333,147,29,0.479603,0.0348,35.90,0,0,0,63.0122,0.309,1.98614,0,0,0,0,0,0.253344,0.029642,0.234014,0.027748,0.206896,0.024514,0.172919,0.020865,0.133036,0.017932,0.093622,0.016363,0.059272,0.017475,0.041522,-35.90,100.11,-116.64,20.63,165.89,-56.89,88.76,-130.23,14.02,162.54,-56.47,101.17,-116.64,41.03,-156.54,0.0123,0.0086,0.0086,0.0061,0.0124,0.0080,0.0067,0.0007,0.0034,0.0004,0.0063,0.0042,0.0055,0.0052,0.0052
2026-08-05 08:29:58.919,35.500000,148,0,0.489253,-0.0155,-151.94,0,0,0,63.0122,0.307,2.53322,0,0,0,0,0,0.260877,0.024875,0.240639,0.023251,0.212190,0.020737,0.176269,0.017051,0.134612,0.013539,0.093504,0.010930,0.058857,0.011729,0.042847,151.94,111.61,86.94,44.08,25.22,-21.57,-36.07,-83.51,-94.82,-137.90,-149.10,179.56,168.04,144.15,145.74,0.0109,0.0163,0.0049,0.0084,0.0062,0.0072,0.0052,0.0060,0.0113,0.0012,0.0069,0.0022,0.0068,0.0032,0.0018
2026-08-05 08:29:58.919,35.516667,148,1,0.467467,0.0286,-7.56,0,0,0,63.0122,0.307,2.53322,0,0,0,0,0,0.250339,0.009977,0.230207,0.012964,0.203335,0.015475,0.169125,0.015669,0.129481,0.014194,0.090273,0.010872,0.056968,0.008609,0.040723,7.56,149.35,13.60,140.63,23.00,140.71,32.73,145.97,45.01,157.92,61.63,177.25,89.20,-141.68,137.13,0.0109,0.0163,0.0049,0.0084,0.0062,0.0072,0.0052,0.0060,0.0113,0.0012,0.0069,0.0022,0.0068,0.0032,0.0018
2026-08-05 08:29:58.919,35.533333,148,2,0.467646,-0.0012,-111.07,0,0,0,63.0122,0.307,2.53322,0,0,0,0,0,0.250706,0.010342,0.230649,0.010950,0.203421,0.011247,0.168821,0.009855,0.128773,0.007400,0.089244,0.004571,0.055660,0.006846,0.040291,111.07,11.93,-35.85,-147.95,-179.40,57.56,37.35,-91.11,-103.34,132.27,120.45,22.30,-4.20,-67.26,-107.65,0.0109,0.0163,0.0049,0.0084,0.0062,0.0072,0.0052,0.0060,0.0113,0.0012,0.0069,0.0022,0.0068,0.0032,0.0018
2026-08-05 08:29:58.919,35.550000,148,3,0.457116,-0.0129,175.67,0,0,0,63.0122,0.307,2.53322,0,0,0,0,0,0.246417,0.012562,0.226480,0.013156,0.198924,0.013176,0.164179,0.011572,0.124140,0.009345,0.084332,0.007339,0.050978,0.009479,0.036910,-175.67,162.37,-176.12,151.38,-173.25,144.03,-170.00,145.13,-164.24,156.83,-153.77,-170.06,-130.90,-130.54,-83.66,0.0109,0.0163,0.0049,0.0084,0.0062,0.0072,0.0052,0.0060,0.0113,0.0012,0.0069,0.0022,0.0068,0.0032,0.0018
2026-08-05 08:29:58.919,35.566667,148,4,0.460225,0.0247,38.69,0,0,0,63.0122,0.307,2.53322,0,0,0,0,0,0.246405,0.025841,0.227205,0.023807,0.199467,0.020317,0.164741,0.016097,0.124591,0.012316,0.084588,0.010385,0.051112,0.011984,0.037167,-38.69,92.85,-125.03,5.83,151.87,-79.42,69.19,-159.38,-11.09,128.13,-86.47,70.96,-149.30,12.28,172.65,0.0109,0.0163,0.0049,0.0084,0.0062,0.0072,0.0052,0.0060,0.0113,0.0012,0.0069,0.0022,0.0068,0.0032,0.0018
2026-08-05 08:29:58.919,35.583333,148,5,0.492362,0.0079,154.75,0,0,0,63.0122,0.307,2.53322,0,0,0,0,0,0.155036,0.064192,0.141474,0.068988,0.122842,0.075946,0.103320,0.081693,0.084338,0.086276,0.071136,0.088217,0.066321,0.088692,0.067722,-154.75,60.69,-119.99,121.34,-82.46,178.15,-47.85,-126.65,-17.18,-72.47,9.33,-18.41,34.91,36.83,64.54,0.0109,0.0163,0.0049,0.0084,0.0062,0.0072,0.0052,0.0060,0.0113,0.0012,0.0069,0.0022,0.0068,0.0032,0.0018
2026-08-05 08:29:58.919,35.600000,148,6,0.503662,0.0316,-59.30,0,0,0,63.0122,0.307,2.53322,0,0,0,0,0,0.265176,0.030631,0.245367,0.028767,0.217083,0.025859,0.181757,0.022376,0.140516,0.018941,0.100064,0.017148,0.065790,0.017392,0.048113,59.30,-70.54,169.14,39.00,-77.76,151.12,35.86,-93.57,151.88,27.48,-87.58,155.57,42.48,-74.46,-169.84,0.0109,0.0163,0.0049,0.0084,0.0062,0.0072,0.0052,0.0060,0.0113,0.0012,0.0069,0.0022,0.0068,0.0032,0.0018
2026-08-05 08:29:58.919,35.616667,148,7,0.466918,0.0086,120.48,0,0,0,63.0122,0.307,2.53322,0,0,0,0,0,0.207409,0.007335,0.190866,0.013833,0.167202,0.018876,0.138807,0.022781,0.105710,0.025055,0.072269,0.025598,0.041717,0.025709,0.016225,-120.48,-126.18,-12.39,-31.24,98.77,73.72,-150.71,-175.19,-40.34,-61.44,69.88,56.91,177.70,179.73,-85.45,0.0109,0.0163,0.0049,0.0084,0.0062,0.0072,0.0052,0.0060,0.0113,0.0012,0.0069,0.0022,0.0068,0.0032,0.0018
2026-08-05 08:29:58.919,35.633333,148,8,0.469077,-0.0496,172.52,0,0,0,63.0122,0.307,2.53322,0,0,0,0,0,0.250015,0.022314,0.230185,0.020781,0.202548,0.018186,0.168282,0.015390,0.127990,0.013255,0.088970,0.013066,0.056153,0.014826,0.042515,-172.52,-174.89,-166.68,-168.58,-157.43,-159.62,-147.73,-146.30,-135.44,-123.27,-118.08,-96.24,-89.26,-69.65,-39.83,0.0109,0.0163,0.0049,0.0084,0.0062,0.0072,0.0052,0.0060,0.0113,0.0012,0.0069,0.0022,0.0068,0.0032,0.0018
2026-08-05 08:29:58.919,35.650000,148,9,0.475920,-0.0068,133.00,0,0,0,63.0122,0.307,2.53322,0,0,0,0,0,0.248764,0.045787,0.230107,0.042735,0.203057,0.037681,0.169172,0.032464,0.129578,0.028303,0.090174,0.026281,0.055789,0.026141,0.038841,-133.00,-87.43,-47.82,4.51,40.51,98.86,129.22,-163.28,-139.75,-61.87,-44.27,42.30,61.78,145.36,-168.70,0.0109,0.0163,0.0049,0.0084,0.0062,0.0072,0.0052,0.0060,0.0113,0.0012,0.0069,0.0022,0.0068,0.0032,0.0018
2026-08-05 08:29:58.919,35.666667,148,10,0.441361,-0.0048,-158.03,0,0,0,63.0122,0.307,2.53322,0,0,0,0,0,0.234297,0.027888,0.216137,0.025619,0.190935,0.022392,0.159764,0.019165,0.122882,0.016800,0.085881,0.016293,0.052822,0.016779,0.034142,158.03,134.52,104.64,89.15,54.65,46.48,4.87,7.55,-42.79,-26.69,-86.41,-59.78,-120.57,-94.97,-130.16,0.0109,0.0163,0.0049,0.0084,0.0062,0.0072,0.0052,0.0060,0.0113,0.0012,0.0069,0.0022,0.0068,0.0032,0.0018
2026-08-05 08:29:58.919,35.683333,148,11,0.498917,0.0162,19.86,0,0,0,63.0122,0.307,2.53322,0,0,0,0,0,0.181183,0.034342,0.166231,0.041005,0.146142,0.049491,0.123435,0.057127,0.098715,0.062814,0.077608,0.066721,0.062887,0.068957,0.054910,-19.86,-22.16,-72.79,-47.61,-122.92,-80.03,-175.20,-115.58,130.37,-151.94,72.76,172.25,11.24,137.85,-50.80,0.0109,0.0163,0.0049,0.0084,0.0062,0.0072,0.0052,0.0060,0.0113,0.0012,0.0069,0.0022,0.0068,0.0032,0.0018
2026-08-05 08:29:58.919,35.700000,148,12,0.509652,-0.0460,169.79,0,0,0,63.0122,0.307,2.53322,0,0,0,0,0,0.219876,0.042796,0.199539,0.048006,0.170252,0.053176,0.134588,0.057066,0.093824,0.059095,0.053596,0.058168,0.020981,0.056209,0.021337,-169.79,32.39,-161.04,61.45,-148.92,86.30,-137.85,108.76,-127.63,130.13,-120.97,151.40,-135.88,174.45,147.86,0.0109,0.0163,0.0049,0.0084,0.0062,0.0072,0.0052,0.0060,0.0113,0.0012,0.0069,0.0022,0.0068,0.0032,0.0018
2026-08-05 08:29:58.919,35.716667,148,13,0.488995,-0.0004,-129.88,0,0,0,63.0122,0.307,2.53322,0,0,0,0,0,0.259300,0.026466,0.239258,0.024959,0.210561,0.022243,0.174923,0.018721,0.133824,0.014476,0.093852,0.011101,0.061202,0.011406,0.047732,129.88,64.91,20.58,-50.80,-85.30,-163.00,169.43,89.02,66.79,-12.18,-30.63,-98.34,-116.84,-173.72,174.80,0.0109,0.0163,0.0049,0.0084,0.0062,0.0072,0.0052,0.0060,0.0113,0.0012,0.0069,0.0022,0.0068,0.0032,0.0018
2026-08-05 08:29:58.919,35.733333,148,14,0.464314,0.1811,33.81,0,0,0,63.0122,0.307,2.53322,0,0,0,0,0,0.245217,0.030910,0.226755,0.029780,0.199314,0.025094,0.166377,0.021162,0.127526,0.017715,0.089061,0.016030,0.057308,0.017230,0.042529,-33.81,105.35,-111.56,32.11,174.86,-40.69,101.28,-108.18,30.35,-169.34,-35.68,133.47,-90.97,77.76,-126.00,0.0109,0.0163,0.0049,0.0084,0.0062,0.0072,0.0052,0.0060,0.0113,0.0012,0.0069,0.0022,0.0068,0.0032,0.0018
2026-08-05 08:29:58.919,35.750000,148,15,0.461313,-0.0359,-117.06,0,0,0,63.0122,0.307,2.53322,0,0,0,0,0,0.243858,0.034785,0.224921,0.031147,0.197756,0.025649,0.164193,0.019869,0.125254,0.015304,0.087182,0.015040,0.055805,0.018134,0.042776,117.06,47.64,-18.00,-84.75,-149.65,145.99,79.25,22.85,-49.22,-89.53,-172.61,166.01,75.52,53.11,-16.48,0.0109,0.0163,0.0049,0.0084,0.0062,0.0072,0.0052,0.0060,0.0113,0.0012,0.0069,0.0022,0.0068,0.0032,0.0018
2026-08-05 08:29:58.919,35.766667,148,16,0.490351,0.0318,5.74,0,0,0,63.0122,0.307,2.53322,0,0,0,0,0,0.261040,0.027792,0.240704,0.025785,0.211267,0.022421,0.174717,0.018864,0.132566,0.015793,0.091561,0.014499,0.058306,0.015602,0.046354,-5.74,159.91,-26.18,139.31,-43.26,121.85,-59.75,108.91,-73.54,103.14,-81.90,104.34,-78.02,106.83,-55.01,0.0109,0.0163,0.0049,0.0084,0.0062,0.0072,0.0052,0.0060,0.0113,0.0012,0.0069,0.0022,0.0068,0.0032,0.0018
2026-08-05 08:29:58.919,35.783333,148,17,0.507546,-0.0059,149.39,0,0,0,63.0122,0.307,2.53322,0,0,0,0,0,0.196283,0.065362,0.177854,0.070295,0.152239,0.075819,0.122022,0.079984,0.088506,0.081885,0.058674,0.081276,0.039217,0.079512,0.035814,-149.39,72.26,-101.36,142.97,-50.18,-149.52,-0.89,-83.83,45.85,-18.90,86.44,46.49,113.31,113.03,132.53,0.0109,0.0163,0.0049,0.0084,0.0062,0.0072,0.0052,0.0060,0.0113,0.0012,0.0069,0.0022,0.0068,0.0032,0.0018
2026-08-05 08:29:58.919,35.800000,148,18,0.471141,-0.0053,-104.88,0,0,0,63.0122,0.307,2.53322,0,0,0,0,0,0.212730,0.012866,0.194760,0.019847,0.169545,0.025975,0.138860,0.030218,0.103161,0.032298,0.067461,0.032354,0.034359,0.031511,0.006471,104.88,-113.51,-56.31,109.32,145.78,-39.38,-12.71,169.82,-170.69,19.05,31.91,-129.21,-125.44,85.37,78.73,0.0109,0.0163,0.0049,0.0084,0.0062,0.0072,0.0052,0.0060,0.0113,0.0012,0.0069,0.0022,0.0068,0.0032,0.0018
2026-08-05 08:29:58.919,35.816667,148,19,0.505665,0.0042,-170.03,0,0,0,63.0122,0.307,2.53322,0,0,0,0,0,0.187250,0.055826,0.171106,0.062029,0.149446,0.069503,0.124703,0.075405,0.097163,0.078839,0.072206,0.079587,0.053620,0.078733,0.042752,170.03,-5.32,136.92,-13.18,106.94,-25.48,75.07,-40.20,41.40,-55.69,4.54,-70.61,-37.48,-84.14,-83.02,0.0109,0.0163,0.0049,0.0084,0.0062,0.0072,0.0052,0.0060,0.0113,0.0012,0.0069,0.0022,0.0068,0.0032,0.0018
2026-08-05 08:29:58.919,35.833333,148,20,0.458119,-0.0014,173.23,0,0,0,63.0122,0.307,2.53322,0,0,0,0,0,0.188175,0.023880,0.171606,0.029770,0.148757,0.036385,0.121740,0.041931,0.090764,0.045773,0.061344,0.047588,0.037258,0.048554,0.024898,-173.23,33.30,-172.01,60.34,-167.58,78.97,-164.63,94.95,-162.96,109.91,-164.54,125.70,-175.90,143.47,153.70,0.0109,0.0163,0.0049,0.0084,0.0062,0.0072,0.0052,0.0060,0.0113,0.0012,0.0069,0.0022,0.0068,0.0032,0.0018
2026-08-05 08:29:58.919,35.850000,148,21,0.432461,0.0308,47.16,0,0,0,63.0122,0.307,2.53322,0,0,0,0,0,0.229471,0.030165,0.211461,0.028050,0.186309,0.024494,0.155185,0.020324,0.118774,0.016288,0.082711,0.013936,0.051561,0.014047,0.036571,-47.16,76.88,-150.98,-27.00,108.64,-128.11,8.61,133.57,-89.04,41.78,177.95,-41.32,95.53,-121.16,35.82,0.0109,0.0163,0.0049,0.0084,0.0062,0.0072,0.0052,0.0060,0.0113,0.0012,0.0069,0.0022,0.0068,0.0032,0.0018
2026-08-05 08:29:58.919,35.866667,148,22,0.445473,0.0092,-112.99,0,0,0,63.0122,0.307,2.53322,0,0,0,0,0,0.236073,0.040480,0.217408,0.036393,0.190881,0.030244,0.158068,0.023299,0.119699,0.017495,0.081697,0.015417,0.049210,0.017268,0.035654,112.99,41.32,-30.18,-97.76,-170.03,125.93,50.50,-5.60,-86.57,-127.90,141.24,119.57,21.23,2.76,-73.00,0.0109,0.0163,0.0049,0.0084,0.0062,0.0072,0.0052,0.0060,0.0113,0.0012,0.0069,0.0022,0.0068,0.0032,0.0018
2026-08-05 08:29:58.919,35.883333,148,23,0.491614,0.0083,95.63,0,0,0,63.0122,0.307,2.53322,0,0,0,0,0,0.183529,0.049481,0.167063,0.056432,0.145013,0.064465,0.119676,0.071244,0.091632,0.075555,0.066903,0.076980,0.049839,0.076446,0.042700,-95.63,-176.03,59.69,4.55,-141.92,-179.92,14.44,-7.03,168.47,164.73,-41.97,-23.28,100.30,150.22,-121.10,0.0109,0.0163,0.0049,0.0084,0.0062,0.0072,0.0052,0.0060,0.0113,0.0012,0.0069,0.0022,0.0068,0.0032,0.0018
2026-08-05 08:29:58.919,35.900000,148,24,0.464198,0.0065,145.32,0,0,0,63.0122,0.307,2.53322,0,0,0,0,0,0.250279,0.014140,0.230493,0.016672,0.202177,0.018685,0.166876,0.019103,0.125652,0.017458,0.084939,0.014455,0.050524,0.011830,0.036538,-145.32,89.29,-86.02,174.80,-23.27,-108.39,39.83,-34.00,105.27,41.15,175.56,122.13,-101.91,-145.93,6.72,0.0109,0.0163,0.0049,0.0084,0.0062,0.0072,0.0052,0.0060,0.0113,0.0012,0.0069,0.0022,0.0068,0.0032,0.0018
2026-08-05 08:29:58.919,35.916667,148,25,0.450483,0.0050,143.61,0,0,0,63.0122,0.307,2.53322,0,0,0,0,0,0.238400,0.011435,0.220312,0.012564,0.195112,0.013569,0.163381,0.014340,0.125886,0.014420,0.087846,0.013903,0.053726,0.013224,0.035623,-143.61,-122.63,-80.48,-65.82,-14.03,-3.18,52.67,62.56,121.43,132.48,-165.83,-152.59,-83.14,-72.46,25.33,0.0109,0.0163,0.0049,0.0084,0.0062,0.0072,0.0052,0.0060,0.0113,0.0012,0.0069,0.0022,0.0068,0.0032,0.0018
2026-08-05 08:29:58.919,35.933333,148,26,0.467030,-0.0022,-179.80,0,0,0,63.0122,0.307,2.53322,0,0,0,0,0,0.245457,0.001055,0.227428,0.002421,0.202278,0.006430,0.170741,0.011185,0.133462,0.015595,0.095708,0.018932,0.061629,0.020388,0.040620,179.80,-54.71,169.67,-177.00,162.95,162.43,156.47,149.60,152.01,139.76,151.21,131.29,158.74,124.57,-173.92,0.0109,0.0163,0.0049,0.0084,0.0062,0.0072,0.0052,0.0060,0.0113,0.0012,0.0069,0.0022,0.0068,0.0032,0.0018
2026-08-05 08:29:58.919,35.950000,148,27,0.468901,0.0138,7.28,0,0,0,63.0122,0.307,2.53322,0,0,0,0,0,0.245020,0.003111,0.227159,0.006107,0.202552,0.009681,0.171709,0.013480,0.135279,0.016773,0.098452,0.019419,0.065069,0.020395,0.043925,-7.28,-142.30,-31.47,-175.86,-52.27,153.44,-72.74,123.04,-91.22,95.76,-105.98,70.69,-113.10,47.79,-102.64,0.0109,0.0163,0.0049,0.0084,0.0062,0.0072,0.0052,0.0060,0.0113,0.0012,0.0069,0.0022,0.0068,0.0032,0.0018
2026-08-05 08:29:58.919,35.966667,148,28,0.471745,0.0109,-40.93,0,0,0,63.0122,0.307,2.53322,0,0,0,0,0,0.246276,0.007570,0.228483,0.004083,0.203765,0.001057,0.172899,0.007040,0.136757,0.012938,0.100604,0.017819,0.068171,0.021028,0.047703,40.93,72.10,113.01,149.48,-171.43,14.66,-95.52,108.55,-17.45,-175.52,64.31,-99.69,153.51,-23.42,-102.01,0.0109,0.0163,0.0049,0.0084,0.0062,0.0072,0.0052,0.0060,0.0113,0.0012,0.0069,0.0022,0.0068,0.0032,0.0018
2026-08-05 08:29:58.919,35.983333,148,29,0.482148,0.0119,98.61,0,0,0,63.0122,0.307,2.53322,0,0,0,0,0,0.250618,0.003088,0.232648,0.003319,0.207621,0.006581,0.176264,0.011155,0.139472,0.015637,0.102860,0.019486,0.070308,0.021607,0.050401,-98.61,116.30,54.76,-149.85,-148.51,-31.99,8.63,107.98,168.00,-103.27,-28.87,48.99,141.95,-155.92,-32.41,0.0109,0.0163,0.0049,0.0084,0.0062,0.0072,0.0052,0.0060,0.0113,0.0012,0.0069,0.0022,0.0068,0.0032,0.0018
2026-08-05 08:29:59.433,36.000000,149,0,0.451907,-0.0005,-111.74,0,0,0,63.0122,0.237,2.19372,0,0,0,0,0,0.235770,0.002589,0.218256,0.004761,0.194058,0.008459,0.163923,0.012905,0.128405,0.017187,0.092653,0.020563,0.060869,0.022067,0.042471,111.74,146.48,-34.51,-44.35,-177.26,150.04,40.30,-6.11,-99.96,-156.85,123.76,55.30,-3.88,-89.72,-112.82,0.0090,0.0073,0.0096,0.0046,0.0052,0.0025,0.0027,0.0015,0.0035,0.0065,0.0047,0.0037,0.0030,0.0082,0.0038
2026-08-05 08:29:59.433,36.016667,149,1,0.459362,-0.0204,-176.20,0,0,0,63.0122,0.237,2.19372,0,0,0,0,0,0.170277,0.055423,0.155741,0.053249,0.137343,0.050966,0.116074,0.050064,0.091823,0.051934,0.068729,0.056457,0.049475,0.062453,0.036798,176.20,-3.99,154.97,-6.16,137.32,-6.26,117.90,-3.80,97.15,-0.41,73.74,1.57,44.87,0.95,9.17,0.0090,0.0073,0.0096,0.0046,0.0052,0.0025,0.0027,0.0015,0.0035,0.0065,0.0047,0.0037,0.0030,0.0082,0.0038
2026-08-05 08:29:59.433,36.033333,149,2,0.456036,-0.0280,-164.73,0,0,0,63.0122,0.237,2.19372,0,0,0,0,0,0.206950,0.030020,0.190312,0.028771,0.167042,0.028118,0.139039,0.029246,0.105819,0.032525,0.072066,0.036851,0.039776,0.041030,0.011477,164.73,-25.30,122.82,-46.54,84.34,-66.69,45.20,-84.94,6.56,-105.06,-31.53,-128.34,-69.94,-155.40,-106.66,0.0090,0.0073,0.0096,0.0046,0.0052,0.0025,0.0027,0.0015,0.0035,0.0065,0.0047,0.0037,0.0030,0.0082,0.0038
2026-08-05 08:29:59.433,36.050000,149,3,0.441340,-0.0040,-114.95,0,0,0,63.0122,0.237,2.19372,0,0,0,0,0,0.188976,0.012710,0.174433,0.011219,0.156153,0.010268,0.134406,0.011800,0.108291,0.016239,0.081332,0.021700,0.054619,0.026447,0.030186,114.95,-125.57,-26.72,116.76,-164.68,7.04,56.86,-96.90,-80.74,148.02,142.78,24.23,8.15,-104.54,-119.93,0.0090,0.0073,0.0096,0.0046,0.0052,0.0025,0.0027,0.0015,0.0035,0.0065,0.0047,0.0037,0.0030,0.0082,0.0038
2026-08-05 08:29:59.433,36.066667,149,4,0.463649,0.0008,-127.46,0,0,0,63.0122,0.237,2.19372,0,0,0,0,0,0.246341,0.007131,0.227385,0.011587,0.200743,0.014967,0.167194,0.016409,0.128108,0.015995,0.089456,0.014062,0.056452,0.011112,0.042067,127.46,128.34,12.84,27.34,-98.29,-79.22,151.04,172.12,42.81,64.29,-60.62,-40.83,-152.95,-139.42,136.37,0.0090,0.0073,0.0096,0.0046,0.0052,0.0025,0.0027,0.0015,0.0035,0.0065,0.0047,0.0037,0.0030,0.0082,0.0038
2026-08-05 08:29:59.433,36.083333,149,5,0.485999,0.0107,71.34,0,0,0,63.0122,0.237,2.19372,0,0,0,0,0,0.258404,0.025979,0.238006,0.029609,0.208687,0.032626,0.171771,0.033063,0.129375,0.030868,0.088504,0.026153,0.055883,0.020764,0.045366,-71.34,56.26,137.10,-75.13,-11.12,148.43,-158.76,8.91,56.38,-130.66,-83.03,91.89,150.51,-39.05,43.11,0.0090,0.0073,0.0096,0.0046,0.0052,0.0025,0.0027,0.0015,0.0035,0.0065,0.0047,0.0037,0.0030,0.0082,0.0038
2026-08-05 08:29:59.433,36.100000,149,6,0.500993,-0.0048,-123.14,0,0,0,63.0122,0.237,2.19372,0,0,0,0,0,0.266573,0.022933,0.245551,0.027062,0.215070,0.030434,0.176759,0.031504,0.132760,0.029605,0.090340,0.025573,0.057142,0.020865,0.047782,123.14,88.00,0.61,-14.10,-118.57,-121.51,122.88,127.58,7.18,16.80,-102.78,-91.96,160.97,165.24,83.34,0.0090,0.0073,0.0096,0.0046,0.0052,0.0025,0.0027,0.0015,0.0035,0.0065,0.0047,0.0037,0.0030,0.0082,0.0038
2026-08-05 08:29:59.433,36.116667,149,7,0.513573,0.0064,-125.93,0,0,0,63.0122,0.237,2.19372,0,0,0,0,0,0.254829,0.006409,0.234273,0.009470,0.204915,0.011015,0.167962,0.009897,0.125580,0.006316,0.084132,0.002954,0.048686,0.007586,0.032126,125.93,-173.18,8.29,58.97,-106.03,-59.35,139.95,-172.98,28.06,83.16,-79.63,33.70,-176.31,-15.41,114.49,0.0090,0.0073,0.0096,0.0046,0.0052,0.0025,0.0027,0.0015,0.0035,0.0065,0.0047,0.0037,0.0030,0.0082,0.0038
2026-08-05 08:29:59.433,36.133333,149,8,0.490082,0.0080,86.99,0,0,0,63.0122,0.237,2.19372,0,0,0,0,0,0.262421,0.013686,0.242010,0.018156,0.212283,0.021728,0.174905,0.022687,0.132143,0.021269,0.090589,0.017765,0.057137,0.013296,0.045953,-86.99,37.27,90.02,-124.25,-89.66,65.49,91.30,-107.92,-84.98,79.31,104.05,-90.95,-54.18,107.00,166.99,0.0090,0.0073,0.0096,0.0046,0.0052,0.0025,0.0027,0.0015,0.0035,0.0065,0.0047,0.0037,0.0030,0.0082,0.0038
2026-08-05 08:29:59.433,36.150000,149,9,0.486366,-0.0051,175.39,0,0,0,63.0122,0.237,2.19372,0,0,0,0,0,0.202176,0.039975,0.185924,0.037182,0.164377,0.033817,0.138835,0.031788,0.109485,0.033288,0.080982,0.038765,0.055220,0.046449,0.033680,-175.39,8.94,-178.04,20.81,-177.40,36.72,-177.85,58.77,-178.59,84.79,-179.84,108.69,177.54,127.84,174.42,0.0090,0.0073,0.0096,0.0046,0.0052,0.0025,0.0027,0.0015,0.0035,0.0065,0.0047,0.0037,0.0030,0.0082,0.0038
2026-08-05 08:29:59.433,36.166667,149,10,0.495793,0.0181,47.77,0,0,0,63.0122,0.237,2.19372,0,0,0,0,0,0.264714,0.027326,0.243648,0.030258,0.213224,0.032683,0.174715,0.032747,0.130488,0.030162,0.087669,0.025432,0.053492,0.020319,0.043995,-47.77,101.95,-151.95,17.60,107.14,-70.99,6.76,-162.17,-90.87,106.63,177.12,17.63,99.17,-65.00,43.03,0.0090,0.0073,0.0096,0.0046,0.0052,0.0025,0.0027,0.0015,0.0035,0.0065,0.0047,0.0037,0.0030,0.0082,0.0038
2026-08-05 08:29:59.433,36.183333,149,11,0.488687,-0.0054,147.26,0,0,0,63.0122,0.237,2.19372,0,0,0,0,0,0.260598,0.017619,0.240270,0.022295,0.211260,0.026121,0.174457,0.027380,0.132190,0.025731,0.090850,0.021557,0.057284,0.016407,0.044717,-147.26,-88.02,-90.68,-11.17,-30.76,58.74,29.70,125.07,92.82,-168.85,161.08,-100.67,-118.46,-25.68,-18.10,0.0090,0.0073,0.0096,0.0046,0.0052,0.0025,0.0027,0.0015,0.0035,0.0065,0.0047,0.0037,0.0030,0.0082,0.0038
2026-08-05 08:29:59.433,36.200000,149,12,0.481313,0.0159,-60.95,0,0,0,63.0122,0.237,2.19372,0,0,0,0,0,0.259282,0.010512,0.238510,0.016752,0.208761,0.021211,0.171087,0.022791,0.127628,0.021271,0.085608,0.017271,0.052017,0.012647,0.042731,60.95,-8.67,173.73,121.05,-70.06,-117.06,46.72,3.48,166.18,124.88,-68.65,-109.90,70.57,25.10,-127.78,0.0090,0.0073,0.0096,0.0046,0.0052,0.0025,0.0027,0.0015,0.0035,0.0065,0.0047,0.0037,0.0030,0.0082,0.0038
2026-08-05 08:29:59.433,36.216667,149,13,0.509015,-0.0083,124.40,0,0,0,63.0122,0.237,2.19372,0,0,0,0,0,0.271106,0.005791,0.250207,0.010384,0.220123,0.013553,0.181890,0.014753,0.138190,0.013598,0.096437,0.010980,0.064314,0.008381,0.054452,-124.40,10.97,-22.11,114.64,83.62,-138.86,-169.87,-32.31,-60.32,77.91,54.93,-166.71,-177.69,-39.25,-35.44,0.0090,0.0073,0.0096,0.0046,0.0052,0.0025,0.0027,0.0015,0.0035,0.0065,0.0047,0.0037,0.0030,0.0082,0.0038
2026-08-05 08:29:59.433,36.233333,149,14,0.463150,0.0295,38.09,0,0,0,63.0122,0.237,2.19372,0,0,0,0,0,0.247847,0.015600,0.228187,0.019739,0.200997,0.023230,0.166558,0.024445,0.126404,0.022837,0.087073,0.019349,0.053029,0.014078,0.038103,-38.09,131.55,-123.42,67.05,154.57,-4.63,72.97,-79.62,-6.31,-155.53,-81.01,131.07,-144.29,64.62,176.12,0.0090,0.0073,0.0096,0.0046,0.0052,0.0025,0.0027,0.0015,0.0035,0.0065,0.0047,0.0037,0.0030,0.0082,0.0038
2026-08-05 08:29:59.433,36.250000,149,15,0.475167,0.0499,-30.37,0,0,0,63.0122,0.237,2.19372,0,0,0,0,0,0.254637,0.016647,0.234226,0.020049,0.205406,0.022780,0.169459,0.023516,0.127857,0.021534,0.087049,0.017211,0.053990,0.011820,0.042921,30.37,-95.85,82.18,-24.25,137.27,40.00,-167.11,100.78,-108.63,162.08,-44.99,-134.39,31.50,-62.54,129.20,0.0090,0.0073,0.0096,0.0046,0.0052,0.0025,0.0027,0.0015,0.0035,0.0065,0.0047,0.0037,0.0030,0.0082,0.0038
2026-08-05 08:29:59.433,36.266667,149,16,0.459401,0.0126,147.24,0,0,0,63.0122,0.237,2.19372,0,0,0,0,0,0.247498,0.012601,0.227677,0.016759,0.199749,0.019971,0.164795,0.021025,0.124242,0.019416,0.084111,0.015508,0.050569,0.011128,0.037518,-147.24,-81.44,-90.88,-3.69,-31.23,65.24,28.83,131.25,91.45,-161.61,158.85,-90.76,-121.59,-10.07,-17.10,0.0090,0.0073,0.0096,0.0046,0.0052,0.0025,0.0027,0.0015,0.0035,0.0065,0.0047,0.0037,0.0030,0.0082,0.0038
2026-08-05 08:29:59.433,36.283333,149,17,0.470493,0.0030,-163.60,0,0,0,63.0122,0.237,2.19372,0,0,0,0,0,0.252590,0.017121,0.232006,0.022257,0.202624,0.026054,0.166008,0.027013,0.124033,0.024977,0.083663,0.020111,0.052202,0.014461,0.044367,163.60,176.69,121.91,156.54,83.52,127.44,45.79,95.09,11.07,63.57,-17.75,36.19,-32.38,18.91,-28.10,0.0090,0.0073,0.0096,0.0046,0.0052,0.0025,0.0027,0.0015,0.0035,0.0065,0.0047,0.0037,0.0030,0.0082,0.0038
2026-08-05 08:29:59.433,36.300000,149,18,0.457166,0.0135,108.12,0,0,0,63.0122,0.237,2.19372,0,0,0,0,0,0.244862,0.011951,0.225735,0.016698,0.198587,0.020365,0.164566,0.021743,0.125223,0.020893,0.086098,0.017682,0.052579,0.013448,0.037672,-108.12,-1.31,26.49,154.79,164.46,-58.04,-57.28,85.55,83.39,-130.55,-131.22,16.53,25.28,170.82,-154.60,0.0090,0.0073,0.0096,0.0046,0.0052,0.0025,0.0027,0.0015,0.0035,0.0065,0.0047,0.0037,0.0030,0.0082,0.0038
2026-08-05 08:29:59.433,36.316667,149,19,0.452619,0.0259,-32.86,0,0,0,63.0122,0.237,2.19372,0,0,0,0,0,0.241433,0.022009,0.221957,0.026840,0.194802,0.030874,0.161030,0.032535,0.121820,0.031032,0.082813,0.026493,0.049778,0.020062,0.036461,32.86,-90.33,89.54,-12.70,149.50,57.79,-150.22,124.32,-87.43,-169.52,-19.84,-101.55,59.81,-29.31,164.32,0.0090,0.0073,0.0096,0.0046,0.0052,0.0025,0.0027,0.0015,0.0035,0.0065,0.0047,0.0037,0.0030,0.0082,0.0038
2026-08-05 08:29:59.433,36.333333,149,20,0.428400,0.0295,20.88,0,0,0,63.0122,0.237,2.19372,0,0,0,0,0,0.230272,0.019794,0.211724,0.022712,0.186283,0.025150,0.154699,0.025529,0.117561,0.023559,0.080372,0.019239,0.046887,0.013557,0.029211,-20.88,158.74,-72.00,128.36,-119.86,92.08,-167.60,52.09,146.76,11.92,104.88,-25.88,72.92,-56.97,69.68,0.0090,0.0073,0.0096,0.0046,0.0052,0.0025,0.0027,0.0015,0.0035,0.0065,0.0047,0.0037,0.0030,0.0082,0.0038
2026-08-05 08:29:59.433,36.350000,149,21,0.482779,0.0118,32.58,0,0,0,63.0122,0.237,2.19372,0,0,0,0,0,0.257766,0.016002,0.237406,0.021576,0.208218,0.025961,0.171348,0.027478,0.129298,0.026046,0.088536,0.021608,0.055559,0.015468,0.045198,-32.58,146.24,-106.66,92.55,-177.34,30.20,112.50,-35.85,45.16,-102.18,-16.51,-165.77,-65.14,137.70,-94.65,0.0090,0.0073,0.0096,0.0046,0.0052,0.0025,0.0027,0.0015,0.0035,0.0065,0.0047,0.0037,0.0030,0.0082,0.0038
2026-08-05 08:29:59.433,36.366667,149,22,0.498058,-0.0090,-173.98,0,0,0,63.0122,0.237,2.19372,0,0,0,0,0,0.208144,0.034532,0.190728,0.032454,0.168217,0.030343,0.141341,0.030043,0.110648,0.033714,0.080818,0.040481,0.053691,0.048757,0.031491,173.98,-10.72,150.32,-16.66,129.75,-18.40,108.26,-15.03,86.55,-10.38,64.60,-9.91,41.71,-13.68,19.75,0.0090,0.0073,0.0096,0.0046,0.0052,0.0025,0.0027,0.0015,0.0035,0.0065,0.0047,0.0037,0.0030,0.0082,0.0038
2026-08-05 08:29:59.433,36.383333,149,23,0.486359,0.0069,115.48,0,0,0,63.0122,0.237,2.19372,0,0,0,0,0,0.259128,0.019507,0.238586,0.023832,0.209492,0.027277,0.172740,0.027936,0.130646,0.025909,0.089983,0.021373,0.057031,0.015540,0.046051,-115.48,-26.58,4.65,113.98,128.16,-112.13,-107.77,18.24,19.09,148.38,151.56,-77.85,-63.30,65.23,99.97,0.0090,0.0073,0.0096,0.0046,0.0052,0.0025,0.0027,0.0015,0.0035,0.0065,0.0047,0.0037,0.0030,0.0082,0.0038
2026-08-05 08:29:59.433,36.400000,149,24,0.432301,0.0210,86.09,0,0,0,63.0122,0.237,2.19372,0,0,0,0,0,0.234739,0.011208,0.215662,0.015276,0.188952,0.018334,0.155464,0.019128,0.116552,0.017726,0.077645,0.014416,0.042941,0.010173,0.027744,-86.09,42.77,92.37,-116.63,-85.87,75.41,96.04,-95.32,-80.00,94.14,108.21,-72.11,-51.70,133.96,-177.13,0.0090,0.0073,0.0096,0.0046,0.0052,0.0025,0.0027,0.0015,0.0035,0.0065,0.0047,0.0037,0.0030,0.0082,0.0038
2026-08-05 08:29:59.433,36.416667,149,25,0.438701,0.0132,73.16,0,0,0,63.0122,0.237,2.19372,0,0,0,0,0,0.236248,0.006086,0.217588,0.011026,0.190977,0.014020,0.157935,0.014858,0.119392,0.013474,0.081503,0.010288,0.049744,0.005580,0.037013,-73.16,99.90,131.14,-47.58,-21.08,162.27,-172.98,9.24,37.63,-141.71,-106.76,69.89,121.16,-66.15,12.50,0.0090,0.0073,0.0096,0.0046,0.0052,0.0025,0.0027,0.0015,0.0035,0.0065,0.0047,0.0037,0.0030,0.0082,0.0038
2026-08-05 08:29:59.433,36.433333,149,26,0.411522,-0.0027,176.03,0,0,0,63.0122,0.237,2.19372,0,0,0,0,0,0.223145,0.010680,0.204835,0.014528,0.179378,0.017365,0.148046,0.018076,0.110943,0.016244,0.074394,0.012892,0.042018,0.008747,0.027944,-176.03,-137.19,-177.67,-116.26,-175.89,-105.17,-173.93,-96.41,-169.85,-87.41,-161.36,-73.39,-140.69,-42.01,-88.15,0.0090,0.0073,0.0096,0.0046,0.0052,0.0025,0.0027,0.0015,0.0035,0.0065,0.0047,0.0037,0.0030,0.0082,0.0038
2026-08-05 08:29:59.433,36.450000,149,27,0.462051,0.0278,-1.13,0,0,0,63.0122,0.237,2.19372,0,0,0,0,0,0.245707,0.029021,0.225125,0.033552,0.196790,0.037704,0.161308,0.038838,0.120232,0.036583,0.080707,0.031488,0.048911,0.024529,0.040167,1.13,-156.85,-5.54,-142.98,-8.91,-134.93,-11.68,-129.86,-11.76,-125.38,-6.07,-118.82,14.21,-105.74,56.09,0.0090,0.0073,0.0096,0.0046,0.0052,0.0025,0.0027,0.0015,0.0035,0.0065,0.0047,0.0037,0.0030,0.0082,0.0038
2026-08-05 08:29:59.433,36.466667,149,28,0.417689,0.0148,-78.11,0,0,0,63.0122,0.237,2.19372,0,0,0,0,0,0.219277,0.044539,0.199952,0.046314,0.175433,0.048391,0.144260,0.047976,0.108132,0.045023,0.072024,0.039217,0.040010,0.031608,0.026072,78.11,-10.54,-135.17,153.46,14.90,-44.15,165.11,115.93,-42.60,-84.63,114.06,76.05,-77.35,-120.03,125.91,0.0090,0.0073,0.0096,0.0046,0.0052,0.0025,0.0027,0.0015,0.0035,0.0065,0.0047,0.0037,0.0030,0.0082,0.0038
2026-08-05 08:29:59.433,36.483333,149,29,0.309176,-0.0015,138.40,0,0,0,63.0122,0.237,2.19372,0,0,0,0,0,0.166786,0.017368,0.152436,0.019058,0.134587,0.020338,0.113462,0.020487,0.087448,0.018731,0.060715,0.015583,0.033543,0.010322,0.008749,-138.40,-80.99,-66.54,10.91,8.99,99.10,83.66,-176.89,159.03,-94.00,-125.14,-11.96,-48.65,72.72,28.94,0.0090,0.0073,0.0096,0.0046,0.0052,0.0025,0.0027,0.0015,0.0035,0.0065,0.0047,0.0037,0.0030,0.0082,0.0038
2026-08-05 08:30:00.363,36.500000,150,0,0.344862,-0.0026,176.70,0,0,0,63.0122,0.246,1.79908,0,0,0,0,0,0.186472,0.007373,0.171819,0.009481,0.150753,0.010276,0.126115,0.010235,0.096030,0.008212,0.065727,0.005426,0.036723,0.001434,0.018188,-176.70,-32.50,179.33,-58.54,179.06,-71.62,178.53,-83.06,179.77,-92.38,-175.97,-105.65,-163.30,-161.22,-116.07,0.0118,0.0066,0.0080,0.0055,0.0077,0.0010,0.0063,0.0042,0.0074,0.0027,0.0040,0.0032,0.0085,0.0044,0.0037
2026-08-05 08:30:00.363,36.516667,150,1,0.377953,-0.0134,-151.24,0,0,0,63.0122,0.246,1.79908,0,0,0,0,0,0.204842,0.016043,0.187498,0.020342,0.164307,0.023938,0.135585,0.025220,0.101664,0.023803,0.067433,0.019936,0.035883,0.014173,0.019277,151.24,150.67,83.59,105.11,19.53,52.18,-44.75,-5.03,-107.14,-62.07,-166.23,-118.54,145.44,-167.80,139.86,0.0118,0.0066,0.0080,0.0055,0.0077,0.0010,0.0063,0.0042,0.0074,0.0027,0.0040,0.0032,0.0085,0.0044,0.0037
2026-08-05 08:30:00.363,36.533333,150,2,0.383921,0.0122,-84.16,0,0,0,63.0122,0.246,1.79908,0,0,0,0,0,0.206500,0.017689,0.189449,0.020250,0.166705,0.022529,0.138802,0.022683,0.105987,0.020670,0.072724,0.016370,0.042683,0.010346,0.025238,84.16,8.11,-117.44,-173.96,44.49,-0.99,-153.62,167.56,10.32,-24.29,177.84,143.42,-4.92,-40.36,-159.23,0.0118,0.0066,0.0080,0.0055,0.0077,0.0010,0.0063,0.0042,0.0074,0.0027,0.0040,0.0032,0.0085,0.0044,0.0037
2026-08-05 08:30:00.363,36.550000,150,3,0.368028,-0.0243,-139.63,0,0,0,63.0122,0.246,1.79908,0,0,0,0,0,0.200026,0.012281,0.183135,0.015908,0.161208,0.017672,0.133135,0.018762,0.101257,0.017036,0.067460,0.014209,0.036393,0.010771,0.015494,139.63,128.14,49.25,59.41,-38.27,-13.22,-125.49,-91.59,148.29,-167.42,65.19,118.48,-10.43,58.96,-43.93,0.0118,0.0066,0.0080,0.0055,0.0077,0.0010,0.0063,0.0042,0.0074,0.0027,0.0040,0.0032,0.0085,0.0044,0.0037
2026-08-05 08:30:00.363,36.566667,150,4,0.361933,0.0069,47.09,0,0,0,63.0122,0.246,1.79908,0,0,0,0,0,0.197369,0.010011,0.180733,0.014173,0.158353,0.017327,0.130689,0.017940,0.098287,0.016073,0.065052,0.011810,0.034036,0.005572,0.015464,-47.09,123.59,-151.54,39.71,107.44,-54.18,6.25,-152.64,-93.36,109.67,169.99,10.35,82.49,-81.04,42.19,0.0118,0.0066,0.0080,0.0055,0.0077,0.0010,0.0063,0.0042,0.0074,0.0027,0.0040,0.0032,0.0085,0.0044,0.0037
2026-08-05 08:30:00.363,36.583333,150,5,0.375832,-0.0076,-175.35,0,0,0,63.0122,0.246,1.79908,0,0,0,0,0,0.203464,0.010846,0.186797,0.014709,0.164096,0.017648,0.136423,0.018623,0.103394,0.017558,0.069953,0.014651,0.038946,0.011327,0.019788,175.35,-155.11,155.88,-150.38,139.91,-154.87,123.85,-162.56,109.47,-169.62,98.35,-172.77,96.04,-165.82,129.98,0.0118,0.0066,0.0080,0.0055,0.0077,0.0010,0.0063,0.0042,0.0074,0.0027,0.0040,0.0032,0.0085,0.0044,0.0037
2026-08-05 08:30:00.363,36.600000,150,6,0.374618,-0.0185,166.88,0,0,0,63.0122,0.246,1.79908,0,0,0,0,0,0.203077,0.008258,0.186483,0.013271,0.163715,0.016496,0.136117,0.017587,0.103100,0.016221,0.069485,0.012490,0.038778,0.007710,0.020109,-166.88,-104.80,-150.81,-70.34,-131.23,-45.33,-111.70,-21.81,-90.54,1.11,-65.78,27.44,-32.02,65.92,38.58,0.0118,0.0066,0.0080,0.0055,0.0077,0.0010,0.0063,0.0042,0.0074,0.0027,0.0040,0.0032,0.0085,0.0044,0.0037
2026-08-05 08:30:00.363,36.616667,150,7,0.386154,0.0170,24.36,0,0,0,63.0122,0.246,1.79908,0,0,0,0,0,0.210085,0.006390,0.193085,0.011831,0.169219,0.015205,0.139986,0.016593,0.105330,0.015677,0.070072,0.012614,0.037928,0.008730,0.019813,-24.36,-152.59,-83.00,155.74,-138.29,102.02,166.43,48.60,112.78,-4.23,62.68,-52.93,22.28,-92.24,24.20,0.0118,0.0066,0.0080,0.0055,0.0077,0.0010,0.0063,0.0042,0.0074,0.0027,0.0040,0.0032,0.0085,0.0044,0.0037
2026-08-05 08:30:00.363,36.633333,150,8,0.416933,0.0174,-28.75,0,0,0,63.0122,0.246,1.79908,0,0,0,0,0,0.225452,0.004902,0.207861,0.008747,0.182871,0.010903,0.151988,0.011314,0.115654,0.009752,0.078868,0.006420,0.045846,0.001919,0.027178,28.75,-24.34,76.73,16.14,127.98,60.85,179.40,107.49,-127.29,153.46,-70.18,-161.13,-3.35,-126.99,94.25,0.0118,0.0066,0.0080,0.0055,0.0077,0.0010,0.0063,0.0042,0.0074,0.0027,0.0040,0.0032,0.0085,0.0044,0.0037
2026-08-05 08:30:00.363,36.650000,150,9,0.428601,0.0129,83.87,0,0,0,63.0122,0.246,1.79908,0,0,0,0,0,0.230949,0.016531,0.212039,0.021048,0.185675,0.024582,0.153137,0.026184,0.114869,0.025133,0.076749,0.021455,0.043814,0.016987,0.029648,-83.87,40.23,98.84,-114.92,-74.98,82.23,111.34,-83.44,-60.17,109.71,132.94,-54.31,-21.85,147.81,-143.91,0.0118,0.0066,0.0080,0.0055,0.0077,0.0010,0.0063,0.0042,0.0074,0.0027,0.0040,0.0032,0.0085,0.0044,0.0037
2026-08-05 08:30:00.363,36.666667,150,10,0.404144,0.0032,-114.37,0,0,0,63.0122,0.246,1.79908,0,0,0,0,0,0.219279,0.008633,0.201022,0.015535,0.176126,0.019750,0.145045,0.021348,0.108633,0.019850,0.072213,0.015698,0.040457,0.010134,0.026653,114.37,111.83,-26.49,-17.52,-163.95,-153.31,58.70,70.51,-76.53,-65.63,152.70,161.47,34.24,35.75,-50.18,0.0118,0.0066,0.0080,0.0055,0.0077,0.0010,0.0063,0.0042,0.0074,0.0027,0.0040,0.0032,0.0085,0.0044,0.0037
2026-08-05 08:30:00.363,36.683333,150,11,0.375029,0.0144,-4.41,0,0,0,63.0122,0.246,1.79908,0,0,0,0,0,0.204292,0.010885,0.187205,0.016634,0.163706,0.020509,0.135410,0.021844,0.101595,0.020341,0.067287,0.016101,0.035478,0.010076,0.017132,4.41,-128.68,2.95,-110.54,5.03,-101.83,6.91,-95.27,10.38,-89.87,17.11,-82.90,33.08,-68.43,94.51,0.0118,0.0066,0.0080,0.0055,0.0077,0.0010,0.0063,0.0042,0.0074,0.0027,0.0040,0.0032,0.0085,0.0044,0.0037
2026-08-05 08:30:00.363,36.700000,150,12,0.499808,0.0037,104.48,0,0,0,63.0122,0.246,1.79908,0,0,0,0,0,0.268830,0.013065,0.247678,0.017791,0.216504,0.021136,0.177548,0.022024,0.132958,0.020263,0.089986,0.016415,0.056233,0.012335,0.046504,-104.48,3.43,37.86,167.44,-176.55,-38.28,-30.25,113.40,118.88,-94.43,-86.17,62.24,82.62,-129.49,-88.83,0.0118,0.0066,0.0080,0.0055,0.0077,0.0010,0.0063,0.0042,0.0074,0.0027,0.0040,0.0032,0.0085,0.0044,0.0037
2026-08-05 08:30:00.363,36.716667,150,13,0.426389,-0.0156,-136.75,0,0,0,63.0122,0.246,1.79908,0,0,0,0,0,0.230048,0.016578,0.211244,0.021034,0.184755,0.024432,0.152156,0.025508,0.113971,0.024010,0.075904,0.020205,0.043106,0.015275,0.029834,136.75,120.66,40.62,47.06,-52.06,-34.95,-144.48,-119.74,125.27,155.16,39.59,72.33,-33.35,-2.99,-73.99,0.0118,0.0066,0.0080,0.0055,0.0077,0.0010,0.0063,0.0042,0.0074,0.0027,0.0040,0.0032,0.0085,0.0044,0.0037
2026-08-05 08:30:00.363,36.733333,150,14,0.422352,0.0092,53.58,0,0,0,63.0122,0.246,1.79908,0,0,0,0,0,0.227284,0.020519,0.208558,0.025403,0.182321,0.028849,0.150129,0.030025,0.112343,0.028236,0.074793,0.023346,0.042468,0.016804,0.029452,-53.58,96.55,-170.52,1.02,76.07,-102.33,-37.07,151.61,-148.04,44.23,105.55,-61.63,12.01,-161.02,-49.29,0.0118,0.0066,0.0080,0.0055,0.0077,0.0010,0.0063,0.0042,0.0074,0.0027,0.0040,0.0032,0.0085,0.0044,0.0037
2026-08-05 08:30:00.363,36.750000,150,15,0.484887,-0.0371,-174.96,0,0,0,63.0122,0.246,1.79908,0,0,0,0,0,0.201577,0.037466,0.184970,0.035098,0.162484,0.032701,0.136038,0.031874,0.105944,0.034353,0.076494,0.040326,0.050047,0.048082,0.028335,174.96,-9.85,152.60,-16.74,133.63,-18.93,113.72,-16.15,93.52,-11.35,72.70,-9.05,50.05,-11.05,25.05,0.0118,0.0066,0.0080,0.0055,0.0077,0.0010,0.0063,0.0042,0.0074,0.0027,0.0040,0.0032,0.0085,0.0044,0.0037
2026-08-05 08:30:00.363,36.766667,150,16,0.482337,0.0441,33.26,0,0,0,63.0122,0.246,1.79908,0,0,0,0,0,0.236630,0.009564,0.217557,0.015445,0.190290,0.018731,0.156974,0.019063,0.118427,0.016461,0.080385,0.011175,0.046629,0.005078,0.026558,-33.26,165.43,-109.76,103.34,177.15,33.44,104.14,-39.41,32.93,-114.31,-34.92,165.35,-93.98,65.93,-126.16,0.0118,0.0066,0.0080,0.0055,0.0077,0.0010,0.0063,0.0042,0.0074,0.0027,0.0040,0.0032,0.0085,0.0044,0.0037
2026-08-05 08:30:00.363,36.783333,150,17,0.433634,-0.0016,177.48,0,0,0,63.0122,0.246,1.79908,0,0,0,0,0,0.233269,0.027658,0.214111,0.030604,0.186932,0.032465,0.153424,0.031891,0.114541,0.028209,0.076193,0.021758,0.043570,0.014058,0.031268,-177.48,-159.80,177.88,-145.53,176.69,-136.55,175.85,-130.47,177.36,-125.20,-176.29,-117.86,-156.84,-102.44,-106.76,0.0118,0.0066,0.0080,0.0055,0.0077,0.0010,0.0063,0.0042,0.0074,0.0027,0.0040,0.0032,0.0085,0.0044,0.0037
2026-08-05 08:30:00.363,36.800000,150,18,0.400917,0.0059,-106.94,0,0,0,63.0122,0.246,1.79908,0,0,0,0,0,0.216778,0.007696,0.199481,0.013203,0.175216,0.016738,0.145466,0.017835,0.110213,0.016123,0.074695,0.012029,0.042848,0.006351,0.025630,106.94,94.07,-48.88,-49.15,158.68,161.10,6.35,9.55,-144.14,-141.74,69.40,69.12,-66.83,-69.33,-171.29,0.0118,0.0066,0.0080,0.0055,0.0077,0.0010,0.0063,0.0042,0.0074,0.0027,0.0040,0.0032,0.0085,0.0044,0.0037
2026-08-05 08:30:00.363,36.816667,150,19,0.398110,0.0189,-1.73,0,0,0,63.0122,0.246,1.79908,0,0,0,0,0,0.216767,0.010105,0.198949,0.015069,0.173903,0.018457,0.143084,0.019457,0.106869,0.017641,0.070479,0.013624,0.037919,0.009479,0.022468,1.73,-133.79,-4.64,-118.49,-7.62,-113.21,-10.56,-110.13,-11.62,-106.22,-8.76,-96.83,5.36,-71.61,60.67,0.0118,0.0066,0.0080,0.0055,0.0077,0.0010,0.0063,0.0042,0.0074,0.0027,0.0040,0.0032,0.0085,0.0044,0.0037
2026-08-05 08:30:00.363,36.833333,150,20,0.443723,0.0117,-115.64,0,0,0,63.0122,0.246,1.79908,0,0,0,0,0,0.237017,0.015482,0.218242,0.018957,0.191507,0.021909,0.158429,0.023186,0.120006,0.022523,0.082276,0.020087,0.050968,0.017366,0.038584,115.64,76.98,-22.41,-37.50,-157.00,-159.72,68.80,75.66,-62.85,-49.34,170.63,-171.77,56.26,71.77,-35.66,0.0118,0.0066,0.0080,0.0055,0.0077,0.0010,0.0063,0.0042,0.0074,0.0027,0.0040,0.0032,0.0085,0.0044,0.0037
2026-08-05 08:30:00.363,36.850000,150,21,0.413836,0.0021,82.15,0,0,0,63.0122,0.246,1.79908,0,0,0,0,0,0.221340,0.020776,0.203567,0.025126,0.178817,0.028694,0.148326,0.030081,0.112559,0.028739,0.076661,0.024712,0.044822,0.019408,0.027658,-82.15,38.87,103.64,-112.57,-67.09,88.71,122.31,-73.23,-46.28,124.20,149.18,-36.36,-5.15,168.94,-129.88,0.0118,0.0066,0.0080,0.0055,0.0077,0.0010,0.0063,0.0042,0.0074,0.0027,0.0040,0.0032,0.0085,0.0044,0.0037
2026-08-05 08:30:00.363,36.866667,150,22,0.374566,-0.0228,-157.95,0,0,0,63.0122,0.246,1.79908,0,0,0,0,0,0.202684,0.010435,0.186072,0.015691,0.163375,0.019313,0.135533,0.020829,0.102624,0.019865,0.069250,0.016567,0.038371,0.012057,0.020008,157.95,176.67,103.64,144.29,52.80,101.23,1.93,55.77,-47.26,10.14,-93.06,-32.84,-129.61,-68.57,-128.43,0.0118,0.0066,0.0080,0.0055,0.0077,0.0010,0.0063,0.0042,0.0074,0.0027,0.0040,0.0032,0.0085,0.0044,0.0037
2026-08-05 08:30:00.363,36.883333,150,23,0.355813,0.0021,120.84,0,0,0,63.0122,0.246,1.79908,0,0,0,0,0,0.191720,0.008642,0.176331,0.013526,0.155573,0.017158,0.130523,0.019000,0.100345,0.018475,0.069047,0.015680,0.038893,0.011092,0.015924,-120.84,-17.60,-13.05,109.13,98.24,-134.59,-150.73,-21.08,-38.39,90.72,76.41,-157.88,-162.91,-45.82,-9.50,0.0118,0.0066,0.0080,0.0055,0.0077,0.0010,0.0063,0.0042,0.0074,0.0027,0.0040,0.0032,0.0085,0.0044,0.0037
2026-08-05 08:30:00.363,36.900000,150,24,0.389051,0.0020,170.89,0,0,0,63.0122,0.246,1.79908,0,0,0,0,0,0.208973,0.017276,0.192436,0.015749,0.169735,0.013119,0.141870,0.009731,0.108445,0.006060,0.074005,0.004349,0.041760,0.006986,0.022196,-170.89,7.41,-162.14,15.38,-150.04,26.07,-138.10,40.47,-124.49,66.12,-107.53,124.61,-81.82,174.52,-19.98,0.0118,0.0066,0.0080,0.0055,0.0077,0.0010,0.0063,0.0042,0.0074,0.0027,0.0040,0.0032,0.0085,0.0044,0.0037
2026-08-05 08:30:00.363,36.916667,150,25,0.400204,0.0006,107.64,0,0,0,63.0122,0.246,1.79908,0,0,0,0,0,0.213114,0.002767,0.196860,0.001742,0.174915,0.002366,0.147908,0.004721,0.115289,0.006993,0.081573,0.008628,0.049249,0.009422,0.025520,-107.64,-28.26,27.10,150.69,165.26,-2.79,-56.75,159.87,82.78,-53.84,-134.84,89.67,14.12,-128.12,-171.07,0.0118,0.0066,0.0080,0.0055,0.0077,0.0010,0.0063,0.0042,0.0074,0.0027,0.0040,0.0032,0.0085,0.0044,0.0037
2026-08-05 08:30:00.363,36.933333,150,26,0.500063,0.0291,95.46,0,0,0,63.0122,0.246,1.79908,0,0,0,0,0,0.258581,0.033029,0.240266,0.029658,0.214536,0.025266,0.182136,0.022156,0.143833,0.021825,0.105166,0.023914,0.069686,0.026302,0.046575,-95.46,-9.29,64.36,163.34,-132.60,-19.72,30.75,163.66,-163.85,-10.13,4.95,172.32,-178.72,-12.03,14.71,0.0118,0.0066,0.0080,0.0055,0.0077,0.0010,0.0063,0.0042,0.0074,0.0027,0.0040,0.0032,0.0085,0.0044,0.0037
2026-08-05 08:30:00.363,36.950000,150,27,0.521644,-0.0122,-115.23,0,0,0,63.0122,0.246,1.79908,0,0,0,0,0,0.210313,0.030952,0.194017,0.036484,0.172297,0.043153,0.146361,0.049251,0.116096,0.053428,0.086247,0.055481,0.058859,0.055648,0.036174,115.23,-116.56,-26.56,121.83,-165.03,-4.46,55.52,-133.41,-84.25,97.29,135.18,-31.03,-7.65,-157.07,-154.48,0.0118,0.0066,0.0080,0.0055,0.0077,0.0010,0.0063,0.0042,0.0074,0.0027,0.0040,0.0032,0.0085,0.0044,0.0037
2026-08-05 08:30:00.363,36.966667,150,28,0.525095,0.0188,-70.88,0,0,0,63.0122,0.246,1.79908,0,0,0,0,0,0.195431,0.057490,0.179514,0.061339,0.158128,0.066556,0.133185,0.071658,0.104850,0.075868,0.078241,0.078952,0.056149,0.080626,0.041177,70.88,148.64,-160.78,-63.91,-29.01,82.07,101.16,-133.24,-129.85,11.03,-3.35,155.78,118.23,-58.45,-125.96,0.0118,0.0066,0.0080,0.0055,0.0077,0.0010,0.0063,0.0042,0.0074,0.0027,0.0040,0.0032,0.0085,0.0044,0.0037
2026-08-05 08:30:00.363,36.983333,150,29,0.530506,0.0052,107.84,0,0,0,63.0122,0.246,1.79908,0,0,0,0,0,0.194984,0.057624,0.179432,0.063675,0.158934,0.071242,0.135144,0.078083,0.107984,0.082809,0.082168,0.085150,0.059839,0.085270,0.042936,-107.84,154.69,22.97,-53.18,157.26,95.92,-69.89,-117.23,62.05,28.97,-167.68,175.53,-40.83,-36.53,82.46,0.0118,0.0066,0.0080,0.0055,0.0077,0.0010,0.0063,0.0042,0.0074,0.0027,0.0040,0.0032,0.0085,0.0044,0.0037
2026-08-05 08:30:01.424,38.000000,153,0,0.260991,0.0125,-55.13,0,0,0,63.0122,0.322,0.82690,0,0,0,0,0,0.136401,0.006014,0.125361,0.004941,0.112602,0.004030,0.098651,0.003897,0.080955,0.004957,0.061737,0.006721,0.041563,0.008096,0.021161,55.13,87.44,152.27,172.13,-106.45,-111.04,-6.21,-46.15,94.45,21.66,-164.54,104.39,-64.35,-163.67,31.96,0.0393,0.0206,0.0090,0.0068,0.0088,0.0017,0.0043,0.0092,0.0024,0.0055,0.0057,0.0063,0.0088,0.0108,0.0045
2026-08-05 08:30:01.424,38.016667,153,1,0.274452,-0.0179,157.58,0,0,0,63.0122,0.322,0.82690,0,0,0,0,0,0.143667,0.009223,0.132226,0.007807,0.118663,0.005988,0.103351,0.003939,0.084010,0.003187,0.063319,0.004457,0.041492,0.005813,0.019380,-157.58,28.19,-125.53,56.34,-89.36,80.33,-54.08,92.51,-18.15,80.68,18.46,78.62,55.17,98.89,92.80,0.0393,0.0206,0.0090,0.0068,0.0088,0.0017,0.0043,0.0092,0.0024,0.0055,0.0057,0.0063,0.0088,0.0108,0.0045
2026-08-05 08:30:01.424,38.033333,153,2,0.279792,0.0109,56.92,0,0,0,63.0122,0.322,0.82690,0,0,0,0,0,0.148744,0.003307,0.136600,0.003620,0.121847,0.004120,0.104829,0.004212,0.083643,0.003917,0.061146,0.003359,0.037739,0.002519,0.014504,-56.92,-153.20,176.99,63.07,54.88,-76.52,-68.09,146.28,169.64,12.70,48.25,-125.06,-72.55,92.62,169.66,0.0393,0.0206,0.0090,0.0068,0.0088,0.0017,0.0043,0.0092,0.0024,0.0055,0.0057,0.0063,0.0088,0.0108,0.0045
2026-08-05 08:30:01.424,38.050000,153,3,0.276200,-0.0004,62.12,0,0,0,63.0122,0.322,0.82690,0,0,0,0,0,0.148536,0.004976,0.135923,0.008661,0.120406,0.011440,0.102327,0.012546,0.079984,0.011959,0.056713,0.009979,0.032953,0.006875,0.009897,-62.12,118.06,161.66,-4.63,29.38,-132.86,-103.86,96.93,123.44,-33.42,-8.70,-165.03,-140.76,65.30,88.10,0.0393,0.0206,0.0090,0.0068,0.0088,0.0017,0.0043,0.0092,0.0024,0.0055,0.0057,0.0063,0.0088,0.0108,0.0045
2026-08-05 08:30:01.424,38.066667,153,4,0.277009,-0.0016,-155.25,0,0,0,63.0122,0.322,0.82690,0,0,0,0,0,0.147957,0.010444,0.135440,0.013066,0.120252,0.015373,0.102610,0.016371,0.080984,0.015876,0.058193,0.013711,0.034936,0.010432,0.012273,155.25,155.61,93.86,117.35,36.36,72.31,-22.23,23.04,-80.43,-28.18,-138.21,-80.70,163.35,-131.90,101.12,0.0393,0.0206,0.0090,0.0068,0.0088,0.0017,0.0043,0.0092,0.0024,0.0055,0.0057,0.0063,0.0088,0.0108,0.0045
2026-08-05 08:30:01.424,38.083333,153,5,0.288365,0.0035,-26.28,0,0,0,63.0122,0.322,0.82690,0,0,0,0,0,0.154602,0.014559,0.141407,0.017322,0.124956,0.019552,0.105540,0.020489,0.081930,0.019501,0.057291,0.016636,0.032467,0.012368,0.008751,26.28,-106.22,67.39,-42.62,112.28,15.46,156.18,69.26,-159.27,121.45,-114.09,173.64,-68.40,-131.67,-17.66,0.0393,0.0206,0.0090,0.0068,0.0088,0.0017,0.0043,0.0092,0.0024,0.0055,0.0057,0.0063,0.0088,0.0108,0.0045
2026-08-05 08:30:01.424,38.100000,153,6,0.261802,-0.0136,97.92,0,0,0,63.0122,0.322,0.82690,0,0,0,0,0,0.138374,0.011477,0.126520,0.015068,0.112507,0.017967,0.096985,0.019806,0.077270,0.019377,0.056907,0.017550,0.035981,0.013977,0.016314,-97.92,12.30,53.45,-171.89,-151.17,-3.94,3.04,160.40,157.34,-36.89,-48.83,124.36,102.35,-74.27,-115.88,0.0393,0.0206,0.0090,0.0068,0.0088,0.0017,0.0043,0.0092,0.0024,0.0055,0.0057,0.0063,0.0088,0.0108,0.0045
2026-08-05 08:30:01.424,38.116667,153,7,0.268127,0.0237,-52.22,0,0,0,63.0122,0.322,0.82690,0,0,0,0,0,0.143661,0.012059,0.131241,0.014484,0.116222,0.016385,0.099055,0.017019,0.077893,0.016202,0.055888,0.013800,0.033280,0.010224,0.011603,52.22,-55.15,144.62,59.41,-119.03,167.88,-23.84,-88.74,71.76,12.92,167.71,112.37,-97.14,-148.73,-6.16,0.0393,0.0206,0.0090,0.0068,0.0088,0.0017,0.0043,0.0092,0.0024,0.0055,0.0057,0.0063,0.0088,0.0108,0.0045
2026-08-05 08:30:01.424,38.133333,153,8,0.252686,0.0107,-76.75,0,0,0,63.0122,0.322,0.82690,0,0,0,0,0,0.133986,0.007427,0.122502,0.011200,0.109106,0.014438,0.094064,0.015887,0.075238,0.015814,0.055705,0.013972,0.035257,0.010903,0.015579,76.75,14.71,-142.63,175.66,2.09,-30.84,145.65,117.61,-70.55,-94.75,73.26,51.31,-144.63,-163.92,-10.47,0.0393,0.0206,0.0090,0.0068,0.0088,0.0017,0.0043,0.0092,0.0024,0.0055,0.0057,0.0063,0.0088,0.0108,0.0045
2026-08-05 08:30:01.424,38.150000,153,9,0.255386,-0.0011,-96.24,0,0,0,63.0122,0.322,0.82690,0,0,0,0,0,0.135506,0.007294,0.123912,0.010692,0.110425,0.013556,0.095147,0.014865,0.076048,0.014502,0.056098,0.012608,0.035507,0.009461,0.015729,96.24,51.16,-84.09,-106.69,99.64,87.15,-77.80,-82.52,104.85,105.83,-72.54,-66.15,108.03,121.64,-81.12,0.0393,0.0206,0.0090,0.0068,0.0088,0.0017,0.0043,0.0092,0.0024,0.0055,0.0057,0.0063,0.0088,0.0108,0.0045
2026-08-05 08:30:01.424,38.166667,153,10,0.255424,-0.0030,-88.24,0,0,0,63.0122,0.322,0.82690,0,0,0,0,0,0.136008,0.008287,0.124371,0.011235,0.110635,0.013695,0.095072,0.014779,0.075801,0.014214,0.055458,0.012147,0.034641,0.008907,0.014345,88.24,26.90,-107.98,-146.10,59.90,32.29,-133.41,-154.06,33.53,18.10,-159.31,-171.56,6.18,-2.83,164.65,0.0393,0.0206,0.0090,0.0068,0.0088,0.0017,0.0043,0.0092,0.0024,0.0055,0.0057,0.0063,0.0088,0.0108,0.0045
2026-08-05 08:30:01.424,38.183333,153,11,0.257956,0.0266,-54.59,0,0,0,63.0122,0.322,0.82690,0,0,0,0,0,0.137639,0.005267,0.125884,0.009058,0.112031,0.011888,0.096118,0.013367,0.076314,0.013292,0.055670,0.011715,0.034442,0.008961,0.014010,54.59,-11.11,150.97,100.26,-108.53,-152.01,-9.22,-47.37,90.29,56.98,-170.24,161.33,-72.69,-93.15,15.31,0.0393,0.0206,0.0090,0.0068,0.0088,0.0017,0.0043,0.0092,0.0024,0.0055,0.0057,0.0063,0.0088,0.0108,0.0045
2026-08-05 08:30:01.424,38.200000,153,12,0.260040,-0.0693,160.27,0,0,0,63.0122,0.322,0.82690,0,0,0,0,0,0.137550,0.004511,0.126191,0.007102,0.112891,0.009131,0.097885,0.010149,0.079234,0.009815,0.059326,0.008223,0.038619,0.005852,0.018270,-160.27,-89.94,-133.55,-42.94,-102.60,-3.31,-72.75,33.01,-42.67,68.52,-12.44,102.63,16.79,136.10,40.96,0.0393,0.0206,0.0090,0.0068,0.0088,0.0017,0.0043,0.0092,0.0024,0.0055,0.0057,0.0063,0.0088,0.0108,0.0045
2026-08-05 08:30:01.424,38.216667,153,13,0.254124,0.0417,-50.93,0,0,0,63.0122,0.322,0.82690,0,0,0,0,0,0.136376,0.005863,0.124275,0.009500,0.110190,0.012247,0.094123,0.013616,0.074270,0.013242,0.053217,0.011197,0.032034,0.007928,0.012361,50.93,-26.10,140.02,80.01,-126.81,178.99,-34.94,-85.27,57.15,9.63,149.00,102.77,-122.00,-166.70,-48.19,0.0393,0.0206,0.0090,0.0068,0.0088,0.0017,0.0043,0.0092,0.0024,0.0055,0.0057,0.0063,0.0088,0.0108,0.0045
2026-08-05 08:30:01.424,38.233333,153,14,0.266146,0.0463,-43.11,0,0,0,63.0122,0.322,0.82690,0,0,0,0,0,0.141822,0.003682,0.129997,0.004953,0.116069,0.006062,0.100235,0.006407,0.080118,0.005897,0.058891,0.004307,0.037185,0.002314,0.015847,43.11,32.87,116.62,92.27,-165.89,161.31,-89.32,-127.85,-12.36,-52.93,64.84,18.09,140.75,75.55,-148.42,0.0393,0.0206,0.0090,0.0068,0.0088,0.0017,0.0043,0.0092,0.0024,0.0055,0.0057,0.0063,0.0088,0.0108,0.0045
2026-08-05 08:30:01.424,38.250000,153,15,0.271359,-0.0077,-123.95,0,0,0,63.0122,0.322,0.82690,0,0,0,0,0,0.145882,0.005647,0.133441,0.007905,0.118365,0.009874,0.101343,0.010568,0.079601,0.010302,0.056998,0.008293,0.034041,0.005517,0.012039,123.95,-166.59,-0.49,52.14,-121.04,-78.42,117.51,154.31,-3.47,29.67,-124.03,-99.94,114.11,125.35,-11.14,0.0393,0.0206,0.0090,0.0068,0.0088,0.0017,0.0043,0.0092,0.0024,0.0055,0.0057,0.0063,0.0088,0.0108,0.0045
2026-08-05 08:30:01.424,38.266667,153,16,0.273192,0.0019,-106.24,0,0,0,63.0122,0.322,0.82690,0,0,0,0,0,0.145068,0.004289,0.133087,0.007451,0.118818,0.009715,0.102776,0.010978,0.082740,0.010834,0.061201,0.009092,0.039166,0.006401,0.017989,106.24,99.38,-53.58,-49.77,150.49,157.65,-6.52,2.39,-163.04,-152.44,40.59,51.10,-117.31,-107.83,79.78,0.0393,0.0206,0.0090,0.0068,0.0088,0.0017,0.0043,0.0092,0.0024,0.0055,0.0057,0.0063,0.0088,0.0108,0.0045
2026-08-05 08:30:01.424,38.283333,153,17,0.275023,0.0088,-104.08,0,0,0,63.0122,0.322,0.82690,0,0,0,0,0,0.147754,0.003998,0.135433,0.006337,0.120102,0.008110,0.102483,0.008866,0.080958,0.008863,0.058018,0.007715,0.034646,0.006516,0.012562,104.08,143.02,-59.94,-39.03,139.94,152.29,-21.27,-18.56,178.14,172.06,17.85,-0.01,-143.86,175.75,49.14,0.0393,0.0206,0.0090,0.0068,0.0088,0.0017,0.0043,0.0092,0.0024,0.0055,0.0057,0.0063,0.0088,0.0108,0.0045
2026-08-05 08:30:01.424,38.300000,153,18,0.279299,-0.0080,176.36,0,0,0,63.0122,0.322,0.82690,0,0,0,0,0,0.149907,0.012362,0.136894,0.014259,0.121170,0.015955,0.103355,0.016571,0.081234,0.015701,0.057837,0.012988,0.034242,0.008930,0.011815,-176.36,-152.29,179.12,-134.44,178.30,-123.16,176.49,-116.12,175.26,-110.18,174.41,-105.18,172.55,-101.17,167.15,0.0393,0.0206,0.0090,0.0068,0.0088,0.0017,0.0043,0.0092,0.0024,0.0055,0.0057,0.0063,0.0088,0.0108,0.0045
2026-08-05 08:30:01.424,38.316667,153,19,0.291512,0.0091,-66.15,0,0,0,63.0122,0.322,0.82690,0,0,0,0,0,0.157227,0.006110,0.143882,0.010078,0.127302,0.013037,0.107767,0.014183,0.084144,0.013483,0.059160,0.010821,0.033984,0.006402,0.010438,66.15,9.19,-173.23,145.07,-48.80,-85.40,74.74,41.02,-160.98,167.79,-35.68,-64.40,90.12,62.59,-137.39,0.0393,0.0206,0.0090,0.0068,0.0088,0.0017,0.0043,0.0092,0.0024,0.0055,0.0057,0.0063,0.0088,0.0108,0.0045
2026-08-05 08:30:01.424,38.333333,153,20,0.303951,0.0073,-174.05,0,0,0,63.0122,0.322,0.82690,0,0,0,0,0,0.164269,0.005624,0.150487,0.008237,0.133229,0.010226,0.112687,0.010698,0.087776,0.010034,0.061698,0.007663,0.035389,0.004242,0.011545,174.05,-147.81,150.66,-150.61,131.09,-160.91,110.69,-174.70,91.23,171.74,72.96,161.37,56.53,161.55,54.03,0.0393,0.0206,0.0090,0.0068,0.0088,0.0017,0.0043,0.0092,0.0024,0.0055,0.0057,0.0063,0.0088,0.0108,0.0045
2026-08-05 08:30:01.424,38.350000,153,21,0.287315,0.0009,-105.76,0,0,0,63.0122,0.322,0.82690,0,0,0,0,0,0.153321,0.010586,0.140243,0.013435,0.124850,0.016058,0.106966,0.017297,0.084942,0.016753,0.061761,0.014592,0.037873,0.010565,0.015448,105.76,60.15,-54.64,-77.61,148.75,137.22,-8.76,-11.55,-165.82,-162.17,37.77,47.46,-119.23,-102.18,82.20,0.0393,0.0206,0.0090,0.0068,0.0088,0.0017,0.0043,0.0092,0.0024,0.0055,0.0057,0.0063,0.0088,0.0108,0.0045
2026-08-05 08:30:01.424,38.366667,153,22,0.313156,0.0158,-42.10,0,0,0,63.0122,0.322,0.82690,0,0,0,0,0,0.169862,0.004957,0.155635,0.008981,0.137442,0.011804,0.115571,0.012421,0.089229,0.011461,0.061624,0.008606,0.033825,0.004071,0.008894,42.10,-13.60,114.91,61.24,-168.54,138.33,-92.76,-146.07,-16.31,-69.92,61.36,7.62,140.07,81.87,-128.31,0.0393,0.0206,0.0090,0.0068,0.0088,0.0017,0.0043,0.0092,0.0024,0.0055,0.0057,0.0063,0.0088,0.0108,0.0045
2026-08-05 08:30:01.424,38.383333,153,23,0.337822,-0.0048,147.84,0,0,0,63.0122,0.322,0.82690,0,0,0,0,0,0.183197,0.006530,0.167933,0.011372,0.148120,0.014844,0.124012,0.016006,0.094927,0.015181,0.064801,0.012331,0.034966,0.007347,0.010345,-147.84,-50.27,-94.33,13.41,-37.20,72.92,19.33,130.02,76.85,-172.79,136.26,-115.09,-160.58,-57.18,-65.68,0.0393,0.0206,0.0090,0.0068,0.0088,0.0017,0.0043,0.0092,0.0024,0.0055,0.0057,0.0063,0.0088,0.0108,0.0045
2026-08-05 08:30:01.424,38.400000,153,24,0.324664,0.0039,-149.18,0,0,0,63.0122,0.322,0.82690,0,0,0,0,0,0.176675,0.008980,0.161496,0.011901,0.142158,0.014270,0.118757,0.014968,0.090446,0.013778,0.061340,0.010982,0.032283,0.006297,0.009146,149.18,150.36,76.56,99.27,7.58,39.22,-61.97,-24.46,-130.49,-89.47,162.94,-153.93,100.57,144.25,76.84,0.0393,0.0206,0.0090,0.0068,0.0088,0.0017,0.0043,0.0092,0.0024,0.0055,0.0057,0.0063,0.0088,0.0108,0.0045
2026-08-05 08:30:01.424,38.416667,153,25,0.312830,0.0045,-102.17,0,0,0,63.0122,0.322,0.82690,0,0,0,0,0,0.168397,0.005538,0.154545,0.009419,0.136932,0.012018,0.116280,0.013250,0.090730,0.012519,0.064425,0.010378,0.037465,0.006512,0.013499,102.17,82.84,-64.71,-68.34,132.02,132.96,-31.85,-26.51,165.17,173.39,3.56,15.19,-155.65,-134.32,58.30,0.0393,0.0206,0.0090,0.0068,0.0088,0.0017,0.0043,0.0092,0.0024,0.0055,0.0057,0.0063,0.0088,0.0108,0.0045
2026-08-05 08:30:01.424,38.433333,153,26,0.284161,-0.0125,-124.39,0,0,0,63.0122,0.322,0.82690,0,0,0,0,0,0.152482,0.004717,0.139727,0.008443,0.124000,0.011043,0.106024,0.012363,0.083453,0.012007,0.060076,0.010551,0.035605,0.007019,0.012899,124.39,138.63,1.34,25.24,-118.02,-93.14,121.84,147.58,2.10,27.65,-117.04,-91.88,123.44,145.94,0.62,0.0393,0.0206,0.0090,0.0068,0.0088,0.0017,0.0043,0.0092,0.0024,0.0055,0.0057,0.0063,0.0088,0.0108,0.0045
2026-08-05 08:30:01.424,38.450000,153,27,0.285142,-0.0030,-101.87,0,0,0,63.0122,0.322,0.82690,0,0,0,0,0,0.153086,0.005402,0.140559,0.007017,0.124656,0.008109,0.106444,0.008736,0.083801,0.008264,0.060205,0.007523,0.035586,0.005992,0.012695,101.87,158.61,-66.20,-29.66,129.46,151.08,-35.73,-26.25,159.72,156.92,-4.16,-22.46,-168.14,148.24,27.08,0.0393,0.0206,0.0090,0.0068,0.0088,0.0017,0.0043,0.0092,0.0024,0.0055,0.0057,0.0063,0.0088,0.0108,0.0045
2026-08-05 08:30:01.424,38.466667,153,28,0.291690,-0.0040,174.64,0,0,0,63.0122,0.322,0.82690,0,0,0,0,0,0.157505,0.003951,0.144340,0.005700,0.127757,0.006676,0.108556,0.006878,0.084590,0.005563,0.059854,0.003507,0.034356,0.000490,0.010609,-174.64,-42.58,-175.56,-58.07,-172.71,-62.28,-170.73,-65.56,-167.99,-63.50,-164.45,-63.25,-159.92,6.49,-150.85,0.0393,0.0206,0.0090,0.0068,0.0088,0.0017,0.0043,0.0092,0.0024,0.0055,0.0057,0.0063,0.0088,0.0108,0.0045
2026-08-05 08:30:01.424,38.483333,153,29,0.294649,0.0250,28.77,0,0,0,63.0122,0.322,0.82690,0,0,0,0,0,0.158938,0.004143,0.145594,0.006911,0.129014,0.008842,0.109586,0.009445,0.085575,0.008449,0.060712,0.006506,0.035089,0.002750,0.011656,-28.77,-132.57,-97.95,149.04,-163.26,79.84,130.53,9.13,65.38,-58.64,1.08,-129.76,-61.17,152.68,-114.85,0.0393,0.0206,0.0090,0.0068,0.0088,0.0017,0.0043,0.0092,0.0024,0.0055,0.0057,0.0063,0.0088,0.0108,0.0045
2026-08-05 08:30:01.888,38.500000,154,0,0.296297,0.0048,-82.67,0,0,0,63.0122,0.315,1.23311,0,0,0,0,0,0.160473,0.003412,0.146872,0.005412,0.129874,0.006688,0.109876,0.007041,0.085411,0.006118,0.059806,0.004720,0.033702,0.002850,0.009585,82.67,98.49,-123.47,-122.12,34.14,26.92,-169.08,175.30,-11.52,-35.06,146.82,105.20,-53.11,-139.46,114.13,0.0206,0.0088,0.0122,0.0043,0.0049,0.0037,0.0094,0.0077,0.0018,0.0061,0.0076,0.0027,0.0015,0.0101,0.0018
2026-08-05 08:30:01.888,38.516667,154,1,0.293747,0.0161,-38.65,0,0,0,63.0122,0.315,1.23311,0,0,0,0,0,0.158573,0.008663,0.144801,0.010963,0.128351,0.012952,0.108683,0.013328,0.085064,0.012201,0.060101,0.009356,0.034765,0.005338,0.011174,38.65,-72.51,104.40,15.23,173.88,96.46,-117.52,172.90,-48.15,-110.33,21.91,-34.16,93.19,54.49,167.68,0.0206,0.0088,0.0122,0.0043,0.0049,0.0037,0.0094,0.0077,0.0018,0.0061,0.0076,0.0027,0.0015,0.0101,0.0018
2026-08-05 08:30:01.888,38.533333,154,2,0.290613,0.0124,-61.07,0,0,0,63.0122,0.315,1.23311,0,0,0,0,0,0.156740,0.005397,0.143342,0.007373,0.127144,0.009252,0.107982,0.009684,0.084595,0.008923,0.059901,0.006897,0.034547,0.003821,0.010588,61.07,-19.73,171.59,114.11,-74.22,-121.10,39.12,-2.36,153.00,118.16,-92.87,-123.01,21.63,9.72,131.82,0.0206,0.0088,0.0122,0.0043,0.0049,0.0037,0.0094,0.0077,0.0018,0.0061,0.0076,0.0027,0.0015,0.0101,0.0018
2026-08-05 08:30:01.888,38.550000,154,3,0.283151,-0.0095,-160.33,0,0,0,63.0122,0.315,1.23311,0,0,0,0,0,0.152091,0.006459,0.139021,0.010274,0.123313,0.013299,0.104865,0.014538,0.082349,0.014210,0.058517,0.011939,0.034174,0.008300,0.011159,160.33,-168.01,109.17,159.81,61.81,120.08,13.60,77.26,-33.89,34.99,-80.57,-7.05,-126.16,-41.20,-169.37,0.0206,0.0088,0.0122,0.0043,0.0049,0.0037,0.0094,0.0077,0.0018,0.0061,0.0076,0.0027,0.0015,0.0101,0.0018
2026-08-05 08:30:01.888,38.566667,154,4,0.288918,0.0146,-16.98,0,0,0,63.0122,0.315,1.23311,0,0,0,0,0,0.155804,0.003574,0.142824,0.006319,0.126512,0.007994,0.107629,0.008811,0.084409,0.008485,0.059825,0.006726,0.034926,0.004364,0.011110,16.98,-43.08,39.19,-26.58,65.17,-3.14,90.30,22.48,116.01,48.76,142.69,75.81,169.70,111.82,-161.91,0.0206,0.0088,0.0122,0.0043,0.0049,0.0037,0.0094,0.0077,0.0018,0.0061,0.0076,0.0027,0.0015,0.0101,0.0018
2026-08-05 08:30:01.888,38.583333,154,5,0.292581,0.0069,108.09,0,0,0,63.0122,0.315,1.23311,0,0,0,0,0,0.156935,0.007422,0.143826,0.011612,0.127422,0.014478,0.108803,0.015963,0.085618,0.015664,0.061093,0.013079,0.036494,0.009258,0.012987,-108.09,8.72,23.83,160.54,159.57,-56.65,-65.58,83.96,69.55,-137.79,-154.75,0.74,-19.75,140.62,108.35,0.0206,0.0088,0.0122,0.0043,0.0049,0.0037,0.0094,0.0077,0.0018,0.0061,0.0076,0.0027,0.0015,0.0101,0.0018
2026-08-05 08:30:01.888,38.600000,154,6,0.290564,-0.0024,-79.94,0,0,0,63.0122,0.315,1.23311,0,0,0,0,0,0.156381,0.006311,0.143139,0.011709,0.126352,0.015380,0.107206,0.017296,0.083431,0.017186,0.058295,0.014829,0.033180,0.010841,0.009460,79.94,51.62,-131.96,-152.59,19.89,0.42,170.82,153.05,-37.92,-55.55,113.80,95.64,-95.48,-113.18,43.61,0.0206,0.0088,0.0122,0.0043,0.0049,0.0037,0.0094,0.0077,0.0018,0.0061,0.0076,0.0027,0.0015,0.0101,0.0018
2026-08-05 08:30:01.888,38.616667,154,7,0.298922,0.0065,-66.43,0,0,0,63.0122,0.315,1.23311,0,0,0,0,0,0.161504,0.007947,0.148189,0.008899,0.130888,0.009251,0.110550,0.008886,0.085893,0.007358,0.060003,0.004856,0.034111,0.002613,0.009822,66.43,100.90,-171.99,-153.14,-46.79,-42.68,77.80,69.84,-156.80,-177.97,-30.05,-70.54,98.44,4.82,-121.17,0.0206,0.0088,0.0122,0.0043,0.0049,0.0037,0.0094,0.0077,0.0018,0.0061,0.0076,0.0027,0.0015,0.0101,0.0018
2026-08-05 08:30:01.888,38.633333,154,8,0.292603,0.0041,-145.83,0,0,0,63.0122,0.315,1.23311,0,0,0,0,0,0.157401,0.005197,0.144173,0.009542,0.127656,0.012398,0.108615,0.013808,0.085099,0.013389,0.060285,0.011091,0.035231,0.007583,0.011087,145.83,-163.19,65.73,119.17,-10.57,43.01,-87.68,-32.60,-164.29,-108.51,120.08,177.43,44.90,106.45,-29.23,0.0206,0.0088,0.0122,0.0043,0.0049,0.0037,0.0094,0.0077,0.0018,0.0061,0.0076,0.0027,0.0015,0.0101,0.0018
2026-08-05 08:30:01.888,38.650000,154,9,0.296005,0.0203,-34.88,0,0,0,63.0122,0.315,1.23311,0,0,0,0,0,0.159009,0.008736,0.146091,0.008906,0.129645,0.008421,0.110423,0.007261,0.086811,0.005313,0.061887,0.002835,0.036728,0.000334,0.012383,34.88,46.65,93.15,94.36,155.07,144.49,-143.72,-163.45,-81.82,-109.97,-18.89,-57.58,45.00,-109.79,112.84,0.0206,0.0088,0.0122,0.0043,0.0049,0.0037,0.0094,0.0077,0.0018,0.0061,0.0076,0.0027,0.0015,0.0101,0.0018
2026-08-05 08:30:01.888,38.666667,154,10,0.297203,-0.0365,-165.29,0,0,0,63.0122,0.315,1.23311,0,0,0,0,0,0.159058,0.009254,0.146401,0.009647,0.129865,0.009614,0.110895,0.009191,0.087678,0.007866,0.062984,0.005333,0.037416,0.002714,0.013590,165.29,-55.86,124.56,-107.35,87.46,-156.87,49.58,156.20,12.39,113.39,-23.47,72.51,-58.51,32.82,-89.03,0.0206,0.0088,0.0122,0.0043,0.0049,0.0037,0.0094,0.0077,0.0018,0.0061,0.0076,0.0027,0.0015,0.0101,0.0018
2026-08-05 08:30:01.888,38.683333,154,11,0.300542,0.0033,-21.14,0,0,0,63.0122,0.315,1.23311,0,0,0,0,0,0.161399,0.005151,0.148283,0.007994,0.131455,0.009949,0.112197,0.010504,0.088502,0.009615,0.063449,0.007323,0.037915,0.003958,0.013854,21.14,-14.69,51.75,3.09,86.03,30.91,119.51,62.90,153.29,96.51,-172.51,132.71,-139.06,175.52,-111.61,0.0206,0.0088,0.0122,0.0043,0.0049,0.0037,0.0094,0.0077,0.0018,0.0061,0.0076,0.0027,0.0015,0.0101,0.0018
2026-08-05 08:30:01.888,38.700000,154,12,0.308299,-0.0068,-159.20,0,0,0,63.0122,0.315,1.23311,0,0,0,0,0,0.166519,0.012238,0.152756,0.011307,0.134919,0.009289,0.113796,0.006655,0.088070,0.003477,0.061105,0.001754,0.034173,0.004075,0.010365,159.20,-55.14,106.53,-110.97,57.49,-165.34,7.87,143.48,-40.80,101.02,-87.69,118.22,-131.40,119.22,-151.23,0.0206,0.0088,0.0122,0.0043,0.0049,0.0037,0.0094,0.0077,0.0018,0.0061,0.0076,0.0027,0.0015,0.0101,0.0018
2026-08-05 08:30:01.888,38.716667,154,13,0.304406,-0.0033,-103.46,0,0,0,63.0122,0.315,1.23311,0,0,0,0,0,0.162653,0.008463,0.149462,0.008598,0.133240,0.008019,0.114103,0.007127,0.090535,0.005541,0.065521,0.003443,0.039761,0.001416,0.015396,103.46,-173.93,-61.12,10.91,138.01,-158.88,-23.71,33.00,175.38,-131.95,15.29,69.67,-144.02,-57.25,59.92,0.0206,0.0088,0.0122,0.0043,0.0049,0.0037,0.0094,0.0077,0.0018,0.0061,0.0076,0.0027,0.0015,0.0101,0.0018
2026-08-05 08:30:01.888,38.733333,154,14,0.294882,0.0103,32.95,0,0,0,63.0122,0.315,1.23311,0,0,0,0,0,0.158291,0.003632,0.145252,0.006733,0.128957,0.008622,0.110326,0.009340,0.087294,0.009015,0.062961,0.007362,0.038201,0.004735,0.014451,-32.95,-159.99,-110.91,119.70,175.00,43.37,100.24,-33.13,26.13,-110.73,-46.94,170.59,-118.87,87.30,173.13,0.0206,0.0088,0.0122,0.0043,0.0049,0.0037,0.0094,0.0077,0.0018,0.0061,0.0076,0.0027,0.0015,0.0101,0.0018
2026-08-05 08:30:01.888,38.750000,154,15,0.341817,-0.0140,-141.46,0,0,0,63.0122,0.315,1.23311,0,0,0,0,0,0.184183,0.010536,0.169144,0.015140,0.149181,0.018668,0.125560,0.020131,0.097098,0.019701,0.067480,0.017309,0.038077,0.013356,0.012047,141.46,138.47,53.32,74.47,-31.28,-0.45,-116.28,-77.80,159.62,-155.59,77.08,127.66,-2.31,55.23,-60.03,0.0206,0.0088,0.0122,0.0043,0.0049,0.0037,0.0094,0.0077,0.0018,0.0061,0.0076,0.0027,0.0015,0.0101,0.0018
2026-08-05 08:30:01.888,38.766667,154,16,0.437375,0.0167,-66.30,0,0,0,63.0122,0.315,1.23311,0,0,0,0,0,0.236705,0.007841,0.217914,0.013775,0.191178,0.017511,0.158264,0.018433,0.119433,0.016463,0.080927,0.011872,0.046850,0.006177,0.030247,66.30,55.58,-170.39,170.22,-43.85,-68.49,83.00,54.61,-148.12,-179.79,-14.95,-51.74,129.41,90.77,-56.63,0.0206,0.0088,0.0122,0.0043,0.0049,0.0037,0.0094,0.0077,0.0018,0.0061,0.0076,0.0027,0.0015,0.0101,0.0018
2026-08-05 08:30:01.888,38.783333,154,17,0.468680,-0.0143,-135.42,0,0,0,63.0122,0.315,1.23311,0,0,0,0,0,0.249668,0.025159,0.229932,0.029107,0.201790,0.031987,0.166468,0.032730,0.125888,0.030674,0.085672,0.026441,0.051838,0.021232,0.037652,135.42,109.14,36.92,31.88,-58.26,-51.67,-153.01,-137.57,114.67,135.85,27.23,51.78,-47.89,-27.10,-98.45,0.0206,0.0088,0.0122,0.0043,0.0049,0.0037,0.0094,0.0077,0.0018,0.0061,0.0076,0.0027,0.0015,0.0101,0.0018
2026-08-05 08:30:01.888,38.800000,154,18,0.442983,0.0189,82.67,0,0,0,63.0122,0.315,1.23311,0,0,0,0,0,0.237163,0.021640,0.217889,0.027442,0.190275,0.032047,0.156315,0.033463,0.116840,0.031264,0.078263,0.026136,0.046751,0.019591,0.035934,-82.67,40.17,102.38,-112.76,-69.10,85.94,119.85,-78.71,-48.61,116.15,148.24,-46.08,-1.23,158.80,-125.72,0.0206,0.0088,0.0122,0.0043,0.0049,0.0037,0.0094,0.0077,0.0018,0.0061,0.0076,0.0027,0.0015,0.0101,0.0018
2026-08-05 08:30:01.888,38.816667,154,19,0.418721,0.0181,-136.94,0,0,0,63.0122,0.315,1.23311,0,0,0,0,0,0.225938,0.013210,0.208119,0.017318,0.182998,0.020569,0.151998,0.021620,0.115378,0.019931,0.078487,0.016171,0.044858,0.011343,0.025101,136.94,123.08,40.97,50.22,-51.63,-33.17,-144.13,-119.29,125.15,153.74,38.02,69.60,-39.70,-6.61,-84.97,0.0206,0.0088,0.0122,0.0043,0.0049,0.0037,0.0094,0.0077,0.0018,0.0061,0.0076,0.0027,0.0015,0.0101,0.0018
2026-08-05 08:30:01.888,38.833333,154,20,0.394149,0.0973,58.73,0,0,0,63.0122,0.315,1.23311,0,0,0,0,0,0.212946,0.008610,0.196643,0.013875,0.172705,0.017987,0.142813,0.018821,0.108126,0.017314,0.073133,0.013846,0.040362,0.008524,0.021724,-58.73,104.02,173.55,0.66,49.02,-119.69,-75.34,118.16,162.26,-2.21,42.98,-121.64,-66.87,124.69,-138.57,0.0206,0.0088,0.0122,0.0043,0.0049,0.0037,0.0094,0.0077,0.0018,0.0061,0.0076,0.0027,0.0015,0.0101,0.0018
2026-08-05 08:30:01.888,38.850000,154,21,0.376723,0.0146,-22.04,0,0,0,63.0122,0.315,1.23311,0,0,0,0,0,0.202755,0.020439,0.186251,0.024615,0.163548,0.028177,0.135990,0.029257,0.103162,0.027626,0.069549,0.023222,0.037850,0.017064,0.015766,22.04,-114.28,55.43,-57.75,92.32,-9.02,129.04,36.20,167.10,80.41,-152.20,125.67,-104.31,175.68,-17.55,0.0206,0.0088,0.0122,0.0043,0.0049,0.0037,0.0094,0.0077,0.0018,0.0061,0.0076,0.0027,0.0015,0.0101,0.0018
2026-08-05 08:30:01.888,38.866667,154,22,0.349327,0.0051,-118.38,0,0,0,63.0122,0.315,1.23311,0,0,0,0,0,0.188878,0.003877,0.173806,0.006314,0.153563,0.007599,0.129168,0.007761,0.099780,0.006633,0.069056,0.003965,0.038768,0.001142,0.014016,118.38,166.87,-15.33,22.18,-145.57,-115.19,83.78,109.61,-45.75,-26.85,-173.19,-167.24,64.05,0.92,-29.81,0.0206,0.0088,0.0122,0.0043,0.0049,0.0037,0.0094,0.0077,0.0018,0.0061,0.0076,0.0027,0.0015,0.0101,0.0018
2026-08-05 08:30:01.888,38.883333,154,23,0.310373,-0.0069,94.15,0,0,0,63.0122,0.315,1.23311,0,0,0,0,0,0.165488,0.004301,0.152340,0.006120,0.135464,0.007480,0.115694,0.008455,0.091309,0.008599,0.065615,0.007651,0.039345,0.006301,0.014827,-94.15,30.79,66.07,-140.45,-130.01,36.91,33.28,-146.85,-162.61,26.33,2.90,-156.45,170.82,26.48,-8.22,0.0206,0.0088,0.0122,0.0043,0.0049,0.0037,0.0094,0.0077,0.0018,0.0061,0.0076,0.0027,0.0015,0.0101,0.0018
2026-08-05 08:30:01.888,38.900000,154,24,0.336042,0.0147,1.16,0,0,0,63.0122,0.315,1.23311,0,0,0,0,0,0.175767,0.006529,0.162539,0.007669,0.145988,0.008953,0.126276,0.009985,0.101937,0.010318,0.075892,0.009993,0.048848,0.008944,0.022866,-1.16,6.11,-14.22,5.16,-23.74,1.26,-33.83,-7.98,-43.14,-19.59,-51.14,-31.02,-57.19,-43.21,-55.12,0.0206,0.0088,0.0122,0.0043,0.0049,0.0037,0.0094,0.0077,0.0018,0.0061,0.0076,0.0027,0.0015,0.0101,0.0018
2026-08-05 08:30:01.888,38.916667,154,25,0.347422,0.0002,-87.86,0,0,0,63.0122,0.315,1.23311,0,0,0,0,0,0.182193,0.001793,0.168644,0.003372,0.151413,0.005405,0.130662,0.007616,0.105376,0.009571,0.078581,0.011021,0.051011,0.011705,0.025359,87.86,-162.27,-107.09,4.61,61.45,169.65,-130.44,-27.75,38.74,137.01,-150.56,-57.87,22.93,108.23,-152.93,0.0206,0.0088,0.0122,0.0043,0.0049,0.0037,0.0094,0.0077,0.0018,0.0061,0.0076,0.0027,0.0015,0.0101,0.0018
2026-08-05 08:30:01.888,38.933333,154,26,0.294315,-0.0010,166.42,0,0,0,63.0122,0.315,1.23311,0,0,0,0,0,0.155341,0.003834,0.142975,0.002221,0.128043,0.001072,0.110773,0.003030,0.089241,0.005491,0.066321,0.007865,0.042577,0.009382,0.019218,-166.42,-169.40,-151.27,-163.32,-132.21,137.89,-113.91,96.53,-94.87,102.04,-74.77,115.60,-53.38,130.51,-26.89,0.0206,0.0088,0.0122,0.0043,0.0049,0.0037,0.0094,0.0077,0.0018,0.0061,0.0076,0.0027,0.0015,0.0101,0.0018
2026-08-05 08:30:01.888,38.950000,154,27,0.303221,-0.0024,-106.80,0,0,0,63.0122,0.315,1.23311,0,0,0,0,0,0.159266,0.004658,0.146765,0.002960,0.131746,0.001317,0.114168,0.003246,0.092517,0.006178,0.069484,0.009050,0.045530,0.011037,0.022434,106.80,17.25,-51.48,-149.18,154.19,-9.44,-0.90,128.23,-154.94,-40.93,52.30,157.67,-98.52,0.35,118.25,0.0206,0.0088,0.0122,0.0043,0.0049,0.0037,0.0094,0.0077,0.0018,0.0061,0.0076,0.0027,0.0015,0.0101,0.0018
2026-08-05 08:30:01.888,38.966667,154,28,0.313831,-0.0074,-172.98,0,0,0,63.0122,0.315,1.23311,0,0,0,0,0,0.164579,0.014392,0.151847,0.012234,0.136192,0.009555,0.117977,0.007543,0.095466,0.007892,0.071366,0.010306,0.046388,0.012989,0.021886,172.98,165.15,146.80,153.79,124.42,147.86,101.38,155.29,78.99,170.59,57.49,173.37,36.88,164.49,19.65,0.0206,0.0088,0.0122,0.0043,0.0049,0.0037,0.0094,0.0077,0.0018,0.0061,0.0076,0.0027,0.0015,0.0101,0.0018
2026-08-05 08:30:01.888,38.983333,154,29,0.281173,0.0171,55.51,0,0,0,63.0122,0.315,1.23311,0,0,0,0,0,0.145967,0.014714,0.134493,0.012763,0.121216,0.009893,0.106244,0.007101,0.087417,0.005835,0.067249,0.006957,0.045973,0.009084,0.024323,-55.51,66.86,-179.47,-44.58,60.62,-152.39,-60.13,109.67,179.69,28.15,60.21,-53.73,-59.18,-152.86,-178.64,0.0206,0.0088,0.0122,0.0043,0.0049,0.0037,0.0094,0.0077,0.0018,0.0061,0.0076,0.0027,0.0015,0.0101,0.0018
2026-08-05 08:30:02.400,39.000000,155,0,0.271746,-0.0101,-115.00,0,0,0,63.0122,0.290,6.09832,0,0,0,0,0,0.142986,0.010260,0.131321,0.008403,0.117602,0.005699,0.102044,0.002878,0.082429,0.002975,0.061551,0.005648,0.039497,0.007966,0.017317,115.00,44.77,-27.84,-88.26,-166.47,141.99,53.92,33.95,-85.06,-31.81,136.84,-140.31,-0.86,89.90,-137.21,0.0045,0.0164,0.0045,0.0043,0.0100,0.0032,0.0075,0.0042,0.0098,0.0043,0.0039,0.0065,0.0009,0.0098,0.0028
2026-08-05 08:30:02.400,39.016667,155,1,0.287779,-0.0019,63.69,0,0,0,63.0122,0.290,6.09832,0,0,0,0,0,0.152208,0.010732,0.139938,0.009295,0.125084,0.007331,0.107836,0.004920,0.086493,0.002911,0.063717,0.002014,0.039908,0.002855,0.016421,-63.69,38.59,156.67,-103.31,21.02,111.62,-115.42,-36.85,108.94,160.17,-25.72,-30.22,-159.31,144.97,72.46,0.0045,0.0164,0.0045,0.0043,0.0100,0.0032,0.0075,0.0042,0.0098,0.0043,0.0039,0.0065,0.0009,0.0098,0.0028
2026-08-05 08:30:02.400,39.033333,155,2,0.279021,0.0020,91.63,0,0,0,63.0122,0.290,6.09832,0,0,0,0,0,0.149549,0.005255,0.137100,0.006418,0.121839,0.007416,0.104419,0.007486,0.082557,0.006566,0.059865,0.004780,0.036299,0.002298,0.013538,-91.63,-41.63,72.85,107.59,-118.57,-97.75,48.94,64.19,-142.80,-131.98,25.96,34.00,-164.54,-161.96,7.69,0.0045,0.0164,0.0045,0.0043,0.0100,0.0032,0.0075,0.0042,0.0098,0.0043,0.0039,0.0065,0.0009,0.0098,0.0028
2026-08-05 08:30:02.400,39.050000,155,3,0.288924,0.0073,-99.84,0,0,0,63.0122,0.290,6.09832,0,0,0,0,0,0.155097,0.008678,0.142187,0.008694,0.126392,0.008526,0.107940,0.007690,0.085310,0.005856,0.061545,0.003358,0.037379,0.000424,0.014009,99.84,-6.39,-72.47,170.14,119.13,-11.40,-50.14,170.53,141.12,-5.90,-26.93,178.55,165.45,-58.00,0.05,0.0045,0.0164,0.0045,0.0043,0.0100,0.0032,0.0075,0.0042,0.0098,0.0043,0.0039,0.0065,0.0009,0.0098,0.0028
2026-08-05 08:30:02.400,39.066667,155,4,0.264296,-0.0115,171.83,0,0,0,63.0122,0.290,6.09832,0,0,0,0,0,0.140405,0.008331,0.128796,0.007431,0.115019,0.006217,0.099313,0.004336,0.079939,0.002255,0.059361,0.001290,0.037703,0.003260,0.016505,-171.83,179.81,-168.13,178.45,-160.29,174.94,-153.49,170.83,-146.16,157.52,-138.24,78.94,-130.53,36.66,-123.49,0.0045,0.0164,0.0045,0.0043,0.0100,0.0032,0.0075,0.0042,0.0098,0.0043,0.0039,0.0065,0.0009,0.0098,0.0028
2026-08-05 08:30:02.400,39.083333,155,5,0.273113,0.0110,95.54,0,0,0,63.0122,0.290,6.09832,0,0,0,0,0,0.145090,0.008968,0.133198,0.008539,0.118999,0.007731,0.102789,0.006485,0.082774,0.004913,0.061557,0.003335,0.039478,0.002367,0.018068,-95.54,-25.94,60.91,128.92,-138.72,-76.53,20.63,81.29,-179.76,-114.28,-20.06,61.56,138.61,-100.98,-68.01,0.0045,0.0164,0.0045,0.0043,0.0100,0.0032,0.0075,0.0042,0.0098,0.0043,0.0039,0.0065,0.0009,0.0098,0.0028
2026-08-05 08:30:02.400,39.100000,155,6,0.271880,0.0057,31.47,0,0,0,63.0122,0.290,6.09832,0,0,0,0,0,0.146060,0.003625,0.133666,0.006007,0.118663,0.007877,0.101468,0.008397,0.080253,0.007565,0.057913,0.005740,0.035190,0.003217,0.013241,-31.47,48.06,-106.55,-36.79,-177.77,-114.61,109.95,170.31,37.92,96.49,-33.98,21.30,-107.23,-62.51,171.43,0.0045,0.0164,0.0045,0.0043,0.0100,0.0032,0.0075,0.0042,0.0098,0.0043,0.0039,0.0065,0.0009,0.0098,0.0028
2026-08-05 08:30:02.400,39.116667,155,7,0.283363,0.0104,-10.48,0,0,0,63.0122,0.290,6.09832,0,0,0,0,0,0.152335,0.010306,0.139508,0.010317,0.123740,0.010265,0.105413,0.009431,0.082880,0.007874,0.059130,0.005858,0.034969,0.003688,0.011809,10.48,-179.71,19.37,-177.76,32.13,-173.83,43.91,-165.61,56.03,-152.42,68.70,-131.40,80.68,-91.82,88.54,0.0045,0.0164,0.0045,0.0043,0.0100,0.0032,0.0075,0.0042,0.0098,0.0043,0.0039,0.0065,0.0009,0.0098,0.0028
2026-08-05 08:30:02.400,39.133333,155,8,0.276677,0.0196,28.49,0,0,0,63.0122,0.290,6.09832,0,0,0,0,0,0.148944,0.004259,0.136119,0.008068,0.120817,0.010816,0.102852,0.011943,0.080600,0.011800,0.057858,0.009909,0.034113,0.007187,0.011416,-28.49,7.84,-97.67,-47.38,-162.75,-109.22,131.20,-173.97,65.43,123.33,0.34,60.17,-64.69,-3.99,-130.42,0.0045,0.0164,0.0045,0.0043,0.0100,0.0032,0.0075,0.0042,0.0098,0.0043,0.0039,0.0065,0.0009,0.0098,0.0028
2026-08-05 08:30:02.400,39.150000,155,9,0.280405,-0.0068,-167.47,0,0,0,63.0122,0.290,6.09832,0,0,0,0,0,0.149822,0.004572,0.137413,0.007568,0.122412,0.010119,0.104886,0.011166,0.083269,0.010669,0.060579,0.008909,0.037238,0.006057,0.014489,167.47,88.53,130.49,40.69,97.45,2.73,63.45,-31.73,29.96,-63.73,-2.86,-94.44,-35.68,-122.61,-67.79,0.0045,0.0164,0.0045,0.0043,0.0100,0.0032,0.0075,0.0042,0.0098,0.0043,0.0039,0.0065,0.0009,0.0098,0.0028
2026-08-05 08:30:02.400,39.166667,155,10,0.283243,-0.0003,-147.92,0,0,0,63.0122,0.290,6.09832,0,0,0,0,0,0.151546,0.013890,0.138585,0.016404,0.122719,0.018725,0.104433,0.019613,0.082159,0.018655,0.058816,0.015954,0.035076,0.011841,0.012372,147.92,-44.78,72.31,-98.67,0.47,-159.02,-72.54,135.72,-145.14,67.77,142.59,-1.50,69.47,-73.08,-8.05,0.0045,0.0164,0.0045,0.0043,0.0100,0.0032,0.0075,0.0042,0.0098,0.0043,0.0039,0.0065,0.0009,0.0098,0.0028
2026-08-05 08:30:02.400,39.183333,155,11,0.300055,-0.0009,-82.55,0,0,0,63.0122,0.290,6.09832,0,0,0,0,0,0.161581,0.006540,0.148243,0.010290,0.131211,0.013304,0.111191,0.014455,0.086755,0.013634,0.061271,0.011064,0.035604,0.007168,0.011391,82.55,-73.77,-124.12,64.45,32.95,-146.23,-170.86,6.76,-14.35,161.90,142.38,-42.97,-61.91,109.67,86.37,0.0045,0.0164,0.0045,0.0043,0.0100,0.0032,0.0075,0.0042,0.0098,0.0043,0.0039,0.0065,0.0009,0.0098,0.0028
2026-08-05 08:30:02.400,39.200000,155,12,0.312946,-0.0035,-81.73,0,0,0,63.0122,0.290,6.09832,0,0,0,0,0,0.170029,0.003004,0.155608,0.005402,0.137328,0.007132,0.115484,0.007572,0.088986,0.006842,0.061307,0.004806,0.033724,0.002192,0.009248,81.73,-122.33,-125.90,36.95,30.13,-166.06,-174.51,-8.80,-18.19,150.50,139.54,-48.11,-59.95,126.01,127.21,0.0045,0.0164,0.0045,0.0043,0.0100,0.0032,0.0075,0.0042,0.0098,0.0043,0.0039,0.0065,0.0009,0.0098,0.0028
2026-08-05 08:30:02.400,39.216667,155,13,0.314324,0.0106,-44.82,0,0,0,63.0122,0.290,6.09832,0,0,0,0,0,0.167420,0.022929,0.153845,0.020212,0.136877,0.016540,0.116288,0.012357,0.091018,0.008718,0.064653,0.007079,0.038316,0.008539,0.014452,44.82,-97.73,122.49,-14.91,-155.81,67.94,-74.64,155.18,7.36,-106.43,90.84,8.98,177.05,124.66,-79.53,0.0045,0.0164,0.0045,0.0043,0.0100,0.0032,0.0075,0.0042,0.0098,0.0043,0.0039,0.0065,0.0009,0.0098,0.0028
2026-08-05 08:30:02.400,39.233333,155,14,0.307576,0.0392,6.25,0,0,0,63.0122,0.290,6.09832,0,0,0,0,0,0.165322,0.009829,0.151540,0.009495,0.134719,0.009007,0.114939,0.007908,0.090323,0.006493,0.064393,0.004188,0.038141,0.002094,0.013403,-6.25,147.12,-30.36,116.29,-50.77,86.27,-71.90,58.42,-92.32,36.40,-112.03,26.59,-131.10,48.21,-144.59,0.0045,0.0164,0.0045,0.0043,0.0100,0.0032,0.0075,0.0042,0.0098,0.0043,0.0039,0.0065,0.0009,0.0098,0.0028
2026-08-05 08:30:02.400,39.250000,155,15,0.347201,0.0056,88.09,0,0,0,63.0122,0.290,6.09832,0,0,0,0,0,0.184595,0.030048,0.170083,0.026815,0.150988,0.022431,0.127341,0.017422,0.098950,0.012767,0.069311,0.010109,0.040035,0.010433,0.015655,-88.09,-2.08,84.45,175.64,-99.11,-5.83,76.87,177.06,-106.05,7.65,72.95,-149.44,-103.60,56.41,104.28,0.0045,0.0164,0.0045,0.0043,0.0100,0.0032,0.0075,0.0042,0.0098,0.0043,0.0039,0.0065,0.0009,0.0098,0.0028
2026-08-05 08:30:02.400,39.266667,155,16,0.409840,0.0162,-85.13,0,0,0,63.0122,0.290,6.09832,0,0,0,0,0,0.218185,0.033777,0.201314,0.030201,0.177489,0.025705,0.147633,0.020423,0.112732,0.015717,0.077428,0.013436,0.044501,0.014156,0.025930,85.13,-14.20,-114.79,150.98,48.98,-42.29,-147.27,129.55,18.37,-51.93,-172.37,134.22,6.41,-37.57,-143.39,0.0045,0.0164,0.0045,0.0043,0.0100,0.0032,0.0075,0.0042,0.0098,0.0043,0.0039,0.0065,0.0009,0.0098,0.0028
2026-08-05 08:30:02.400,39.283333,155,17,0.310509,0.0057,-17.12,0,0,0,63.0122,0.290,6.09832,0,0,0,0,0,0.168105,0.018425,0.153163,0.016891,0.135120,0.015397,0.114519,0.013629,0.088819,0.010497,0.061582,0.006843,0.034641,0.003658,0.009797,17.12,40.28,40.89,78.37,67.79,115.40,94.04,153.84,121.14,-164.72,148.88,-118.84,177.38,-55.38,-145.33,0.0045,0.0164,0.0045,0.0043,0.0100,0.0032,0.0075,0.0042,0.0098,0.0043,0.0039,0.0065,0.0009,0.0098,0.0028
2026-08-05 08:30:02.400,39.300000,155,18,0.274375,-0.0125,-133.30,0,0,0,63.0122,0.290,6.09832,0,0,0,0,0,0.147500,0.005211,0.134889,0.006131,0.119826,0.006929,0.102510,0.007016,0.081061,0.006404,0.058253,0.004598,0.034862,0.001943,0.012582,133.30,49.82,27.78,-69.66,-73.80,177.05,-176.43,66.53,81.52,-40.03,-20.00,-142.30,-122.21,106.88,132.85,0.0045,0.0164,0.0045,0.0043,0.0100,0.0032,0.0075,0.0042,0.0098,0.0043,0.0039,0.0065,0.0009,0.0098,0.0028
2026-08-05 08:30:02.400,39.316667,155,19,0.282284,-0.0196,-133.75,0,0,0,63.0122,0.290,6.09832,0,0,0,0,0,0.151128,0.008691,0.138503,0.008359,0.123311,0.007665,0.105757,0.006269,0.084154,0.004585,0.061030,0.002391,0.037334,0.001776,0.014973,133.75,65.75,29.16,-47.27,-71.48,-161.26,-173.07,85.55,86.00,-29.37,-14.10,-148.24,-114.35,0.31,146.59,0.0045,0.0164,0.0045,0.0043,0.0100,0.0032,0.0075,0.0042,0.0098,0.0043,0.0039,0.0065,0.0009,0.0098,0.0028
2026-08-05 08:30:02.400,39.333333,155,20,0.281447,0.0011,-177.87,0,0,0,63.0122,0.290,6.09832,0,0,0,0,0,0.151853,0.004627,0.138437,0.006658,0.122869,0.008566,0.104812,0.009294,0.082357,0.008611,0.058840,0.007004,0.034724,0.004476,0.012195,177.87,43.65,161.68,49.75,149.18,46.54,135.82,42.13,122.78,37.87,110.28,38.31,96.60,53.23,77.12,0.0045,0.0164,0.0045,0.0043,0.0100,0.0032,0.0075,0.0042,0.0098,0.0043,0.0039,0.0065,0.0009,0.0098,0.0028
2026-08-05 08:30:02.400,39.350000,155,21,0.280351,-0.0192,172.02,0,0,0,63.0122,0.290,6.09832,0,0,0,0,0,0.150054,0.005569,0.137066,0.009277,0.122094,0.012473,0.104659,0.013832,0.083171,0.013521,0.060552,0.011572,0.037180,0.007733,0.015922,-172.02,78.11,-168.10,97.49,-160.44,109.58,-153.72,121.57,-146.83,133.03,-139.65,146.98,-134.61,162.68,-137.65,0.0045,0.0164,0.0045,0.0043,0.0100,0.0032,0.0075,0.0042,0.0098,0.0043,0.0039,0.0065,0.0009,0.0098,0.0028
2026-08-05 08:30:02.400,39.366667,155,22,0.275020,0.0151,23.63,0,0,0,63.0122,0.290,6.09832,0,0,0,0,0,0.148632,0.005500,0.135325,0.008485,0.119843,0.011221,0.101630,0.012246,0.079332,0.011646,0.055844,0.009549,0.031537,0.005505,0.009133,-23.63,2.98,-82.86,-37.59,-138.23,-88.17,165.53,-140.77,109.79,166.08,55.12,114.77,-0.10,61.33,-53.18,0.0045,0.0164,0.0045,0.0043,0.0100,0.0032,0.0075,0.0042,0.0098,0.0043,0.0039,0.0065,0.0009,0.0098,0.0028
2026-08-05 08:30:02.400,39.383333,155,23,0.279430,-0.0066,-102.56,0,0,0,63.0122,0.290,6.09832,0,0,0,0,0,0.149091,0.006080,0.136425,0.009642,0.121528,0.012812,0.104366,0.014343,0.083113,0.014128,0.060712,0.012542,0.037222,0.008950,0.015328,102.56,-104.59,-64.35,107.11,132.57,-50.44,-31.35,149.89,165.22,-10.19,2.65,-168.78,-160.12,33.03,36.60,0.0045,0.0164,0.0045,0.0043,0.0100,0.0032,0.0075,0.0042,0.0098,0.0043,0.0039,0.0065,0.0009,0.0098,0.0028
2026-08-05 08:30:02.400,39.400000,155,24,0.283960,-0.0164,-142.36,0,0,0,63.0122,0.290,6.09832,0,0,0,0,0,0.152591,0.003874,0.139916,0.006177,0.124196,0.007831,0.106105,0.008522,0.083656,0.007852,0.060236,0.006225,0.035765,0.003058,0.012905,142.36,40.80,55.13,-59.18,-28.23,-151.74,-112.45,119.89,163.90,32.61,81.11,-54.16,-1.55,-148.27,-84.03,0.0045,0.0164,0.0045,0.0043,0.0100,0.0032,0.0075,0.0042,0.0098,0.0043,0.0039,0.0065,0.0009,0.0098,0.0028
2026-08-05 08:30:02.400,39.416667,155,25,0.278230,-0.0019,165.27,0,0,0,63.0122,0.290,6.09832,0,0,0,0,0,0.149216,0.004864,0.136865,0.006788,0.121442,0.008281,0.103953,0.008948,0.082046,0.008211,0.059182,0.006863,0.035162,0.003969,0.012888,-165.27,160.46,-147.71,161.15,-126.38,170.02,-105.81,-177.15,-84.78,-162.56,-62.84,-146.72,-40.79,-141.08,-18.16,0.0045,0.0164,0.0045,0.0043,0.0100,0.0032,0.0075,0.0042,0.0098,0.0043,0.0039,0.0065,0.0009,0.0098,0.0028
2026-08-05 08:30:02.400,39.433333,155,26,0.272053,0.0011,-112.57,0,0,0,63.0122,0.290,6.09832,0,0,0,0,0,0.144703,0.002926,0.132597,0.004718,0.118492,0.005923,0.102432,0.006412,0.082279,0.005547,0.061022,0.004177,0.038523,0.001518,0.017264,112.57,-21.11,-34.53,-179.77,-177.76,27.54,38.20,-122.11,-105.20,90.25,112.13,-58.70,-30.39,122.25,-172.68,0.0045,0.0164,0.0045,0.0043,0.0100,0.0032,0.0075,0.0042,0.0098,0.0043,0.0039,0.0065,0.0009,0.0098,0.0028
2026-08-05 08:30:02.400,39.450000,155,27,0.280214,0.0075,20.52,0,0,0,63.0122,0.290,6.09832,0,0,0,0,0,0.149529,0.005551,0.137283,0.006215,0.122270,0.006696,0.105346,0.006549,0.083898,0.005569,0.061559,0.004080,0.037941,0.002145,0.015915,-20.52,108.85,-73.69,42.63,-122.93,-16.00,-173.18,-72.66,137.11,-119.11,87.76,-163.45,38.03,-167.00,-15.24,0.0045,0.0164,0.0045,0.0043,0.0100,0.0032,0.0075,0.0042,0.0098,0.0043,0.0039,0.0065,0.0009,0.0098,0.0028
2026-08-05 08:30:02.400,39.466667,155,28,0.278006,0.0203,-59.39,0,0,0,63.0122,0.290,6.09832,0,0,0,0,0,0.148956,0.003429,0.136498,0.005553,0.121356,0.007183,0.104106,0.008042,0.082541,0.007480,0.059860,0.006294,0.036034,0.003715,0.014023,59.39,-130.81,165.95,-37.49,-83.53,66.30,25.98,168.59,136.09,-84.69,-113.40,17.54,-2.93,111.23,103.62,0.0045,0.0164,0.0045,0.0043,0.0100,0.0032,0.0075,0.0042,0.0098,0.0043,0.0039,0.0065,0.0009,0.0098,0.0028
2026-08-05 08:30:02.400,39.483333,155,29,0.281891,0.0006,-132.76,0,0,0,63.0122,0.290,6.09832,0,0,0,0,0,0.150562,0.002804,0.138020,0.004939,0.123049,0.006558,0.105948,0.007170,0.084638,0.006688,0.062103,0.005436,0.038640,0.003300,0.016782,132.76,-20.00,26.16,-116.09,-76.59,146.15,179.64,46.58,76.36,-47.30,-26.76,-139.34,-130.69,147.92,118.79,0.0045,0.0164,0.0045,0.0043,0.0100,0.0032,0.0075,0.0042,0.0098,0.0043,0.0039,0.0065,0.0009,0.0098,0.0028
2026-08-05 08:30:02.916,39.500000,156,0,0.280469,0.0025,-140.05,0,0,0,63.0122,0.297,1.85754,0,0,0,0,0,0.150543,0.004370,0.137864,0.006906,0.122501,0.008866,0.104590,0.009676,0.082710,0.009325,0.059434,0.007661,0.035300,0.004745,0.012686,140.05,37.66,48.17,-63.69,-39.90,-157.59,-128.87,111.77,142.93,25.29,55.16,-60.22,-32.11,-135.98,-120.74,0.0143,0.0041,0.0084,0.0020,0.0075,0.0012,0.0085,0.0092,0.0084,0.0020,0.0052,0.0064,0.0102,0.0106,0.0063
2026-08-05 08:30:02.916,39.516667,156,1,0.278229,0.0104,43.21,0,0,0,63.0122,0.297,1.85754,0,0,0,0,0,0.147422,0.005372,0.135455,0.006671,0.121209,0.007739,0.104963,0.007954,0.084851,0.007685,0.063074,0.006338,0.040539,0.004152,0.018844,-43.21,57.19,-141.64,-54.24,123.72,-161.36,28.14,98.38,-66.95,1.67,-161.59,-93.46,103.48,-178.86,4.66,0.0143,0.0041,0.0084,0.0020,0.0075,0.0012,0.0085,0.0092,0.0084,0.0020,0.0052,0.0064,0.0102,0.0106,0.0063
2026-08-05 08:30:02.916,39.533333,156,2,0.288210,-0.0104,119.04,0,0,0,63.0122,0.297,1.85754,0,0,0,0,0,0.153973,0.004486,0.141193,0.007649,0.125854,0.010423,0.107885,0.011551,0.085989,0.011478,0.062553,0.009908,0.038404,0.006752,0.015556,-119.04,-135.17,-8.91,-31.80,104.97,76.41,-141.95,-173.22,-28.18,-60.96,86.27,50.96,-158.67,163.55,-43.38,0.0143,0.0041,0.0084,0.0020,0.0075,0.0012,0.0085,0.0092,0.0084,0.0020,0.0052,0.0064,0.0102,0.0106,0.0063
2026-08-05 08:30:02.916,39.550000,156,3,0.281870,0.0056,-133.12,0,0,0,63.0122,0.297,1.85754,0,0,0,0,0,0.150280,0.005683,0.137750,0.009690,0.122537,0.012507,0.105590,0.014272,0.084139,0.013805,0.061672,0.011930,0.038414,0.008300,0.016317,133.12,-36.91,27.28,-127.07,-74.75,135.29,-177.65,36.56,79.71,-63.39,-22.34,-161.98,-125.27,100.46,126.31,0.0143,0.0041,0.0084,0.0020,0.0075,0.0012,0.0085,0.0092,0.0084,0.0020,0.0052,0.0064,0.0102,0.0106,0.0063
2026-08-05 08:30:02.916,39.566667,156,4,0.280047,0.0119,15.60,0,0,0,63.0122,0.297,1.85754,0,0,0,0,0,0.149361,0.003718,0.137039,0.006551,0.121951,0.008425,0.105144,0.009502,0.084108,0.009321,0.061552,0.007644,0.038511,0.005204,0.016063,-15.60,28.61,-58.93,-4.34,-98.34,-44.03,-138.59,-83.98,-178.33,-126.97,142.87,-172.60,104.17,134.93,64.15,0.0143,0.0041,0.0084,0.0020,0.0075,0.0012,0.0085,0.0092,0.0084,0.0020,0.0052,0.0064,0.0102,0.0106,0.0063
2026-08-05 08:30:02.916,39.583333,156,5,0.367080,0.0120,-67.87,0,0,0,63.0122,0.297,1.85754,0,0,0,0,0,0.197340,0.010880,0.182007,0.010157,0.160943,0.008473,0.135396,0.006456,0.104789,0.004242,0.072979,0.003911,0.042468,0.006378,0.019093,67.87,-58.11,-166.54,62.84,-37.60,-173.33,91.21,-42.46,-138.68,100.95,-5.83,-83.37,133.14,73.86,-59.89,0.0143,0.0041,0.0084,0.0020,0.0075,0.0012,0.0085,0.0092,0.0084,0.0020,0.0052,0.0064,0.0102,0.0106,0.0063
2026-08-05 08:30:02.916,39.600000,156,6,0.472264,0.0437,-42.46,0,0,0,63.0122,0.297,1.85754,0,0,0,0,0,0.252086,0.012705,0.233250,0.013588,0.206285,0.013506,0.172730,0.012605,0.133161,0.010849,0.093338,0.009284,0.057508,0.009996,0.035591,42.46,-118.31,118.34,-53.79,-162.64,16.91,-83.33,94.25,-2.08,-179.00,82.93,-78.36,176.74,31.47,-66.14,0.0143,0.0041,0.0084,0.0020,0.0075,0.0012,0.0085,0.0092,0.0084,0.0020,0.0052,0.0064,0.0102,0.0106,0.0063
2026-08-05 08:30:02.916,39.616667,156,7,0.490731,0.0206,-112.48,0,0,0,63.0122,0.297,1.85754,0,0,0,0,0,0.261505,0.006996,0.241602,0.010441,0.213280,0.012746,0.177980,0.013722,0.136688,0.013461,0.095859,0.013339,0.060739,0.014426,0.042665,112.48,-3.46,-31.48,-158.51,-172.21,58.07,47.48,-78.50,-90.55,151.98,135.84,30.43,12.16,-87.60,-90.92,0.0143,0.0041,0.0084,0.0020,0.0075,0.0012,0.0085,0.0092,0.0084,0.0020,0.0052,0.0064,0.0102,0.0106,0.0063
2026-08-05 08:30:02.916,39.633333,156,8,0.311563,-0.0016,-126.87,0,0,0,63.0122,0.297,1.85754,0,0,0,0,0,0.166697,0.006136,0.153107,0.009947,0.135902,0.012740,0.116227,0.014180,0.091851,0.013875,0.065988,0.011695,0.040046,0.008075,0.015605,126.87,-56.71,9.01,-156.94,-104.98,94.12,140.37,-15.87,26.36,-127.31,-86.18,122.84,163.22,14.98,60.80,0.0143,0.0041,0.0084,0.0020,0.0075,0.0012,0.0085,0.0092,0.0084,0.0020,0.0052,0.0064,0.0102,0.0106,0.0063
2026-08-05 08:30:02.916,39.650000,156,9,0.310037,-0.0402,134.33,0,0,0,63.0122,0.297,1.85754,0,0,0,0,0,0.165361,0.011060,0.152420,0.010572,0.135739,0.009327,0.116301,0.007655,0.092139,0.005477,0.066672,0.003273,0.040752,0.002362,0.015766,-134.33,-103.48,-54.30,-28.10,29.34,47.88,112.27,126.09,-164.21,-149.50,-79.76,-49.01,5.26,99.34,92.17,0.0143,0.0041,0.0084,0.0020,0.0075,0.0012,0.0085,0.0092,0.0084,0.0020,0.0052,0.0064,0.0102,0.0106,0.0063
2026-08-05 08:30:02.916,39.666667,156,10,0.282078,-0.0088,-129.50,0,0,0,63.0122,0.297,1.85754,0,0,0,0,0,0.151856,0.004894,0.138987,0.009113,0.122797,0.011926,0.104584,0.013367,0.081993,0.013353,0.058051,0.011493,0.033556,0.008243,0.010500,129.50,-33.91,16.26,-136.41,-93.12,117.45,156.72,10.62,46.95,-96.02,-62.21,157.80,-171.90,53.82,73.68,0.0143,0.0041,0.0084,0.0020,0.0075,0.0012,0.0085,0.0092,0.0084,0.0020,0.0052,0.0064,0.0102,0.0106,0.0063
2026-08-05 08:30:02.916,39.683333,156,11,0.290979,0.0179,13.09,0,0,0,63.0122,0.297,1.85754,0,0,0,0,0,0.154830,0.008095,0.142457,0.008554,0.127091,0.008586,0.109383,0.008192,0.087554,0.007115,0.064278,0.005121,0.040386,0.002431,0.017273,-13.09,126.63,-51.08,75.04,-85.27,26.41,-120.19,-19.22,-154.52,-63.67,172.33,-107.09,139.87,-163.26,109.61,0.0143,0.0041,0.0084,0.0020,0.0075,0.0012,0.0085,0.0092,0.0084,0.0020,0.0052,0.0064,0.0102,0.0106,0.0063
2026-08-05 08:30:02.916,39.700000,156,12,0.280420,0.0082,92.97,0,0,0,63.0122,0.297,1.85754,0,0,0,0,0,0.150084,0.003892,0.137789,0.006743,0.122442,0.008693,0.104920,0.009613,0.083532,0.009188,0.060809,0.007402,0.037061,0.004660,0.014810,-92.97,-78.13,68.84,75.50,-125.56,-122.41,39.23,42.45,-155.65,-151.52,9.71,18.49,173.86,-166.15,-28.67,0.0143,0.0041,0.0084,0.0020,0.0075,0.0012,0.0085,0.0092,0.0084,0.0020,0.0052,0.0064,0.0102,0.0106,0.0063
2026-08-05 08:30:02.916,39.716667,156,13,0.296390,0.0096,-48.17,0,0,0,63.0122,0.297,1.85754,0,0,0,0,0,0.157687,0.005014,0.144963,0.008985,0.129102,0.011796,0.111054,0.013139,0.088691,0.012947,0.064824,0.011070,0.040388,0.007716,0.016771,48.17,154.76,132.45,-107.23,-139.38,-16.99,-51.92,72.65,36.15,161.81,125.12,-108.51,-145.36,-20.27,-54.20,0.0143,0.0041,0.0084,0.0020,0.0075,0.0012,0.0085,0.0092,0.0084,0.0020,0.0052,0.0064,0.0102,0.0106,0.0063
2026-08-05 08:30:02.916,39.733333,156,14,0.312254,-0.0053,109.08,0,0,0,63.0122,0.297,1.85754,0,0,0,0,0,0.166811,0.029919,0.152294,0.031334,0.133301,0.032022,0.111222,0.030867,0.084872,0.027963,0.057557,0.023290,0.030264,0.017319,0.005571,-109.08,151.39,20.56,-59.70,154.16,85.86,-72.85,-129.72,60.90,14.17,-164.30,159.02,-27.99,-53.37,131.74,0.0143,0.0041,0.0084,0.0020,0.0075,0.0012,0.0085,0.0092,0.0084,0.0020,0.0052,0.0064,0.0102,0.0106,0.0063
2026-08-05 08:30:02.916,39.750000,156,15,0.297210,-0.0001,130.21,0,0,0,63.0122,0.297,1.85754,0,0,0,0,0,0.159284,0.010482,0.146400,0.010261,0.130035,0.009390,0.111005,0.008181,0.087477,0.006196,0.062495,0.003878,0.037056,0.002589,0.013102,-130.21,-99.14,-41.93,-17.47,49.98,66.49,141.21,151.05,-126.95,-117.64,-34.14,-13.05,59.86,128.54,159.00,0.0143,0.0041,0.0084,0.0020,0.0075,0.0012,0.0085,0.0092,0.0084,0.0020,0.0052,0.0064,0.0102,0.0106,0.0063
2026-08-05 08:30:02.916,39.766667,156,16,0.302823,0.0178,-34.26,0,0,0,63.0122,0.297,1.85754,0,0,0,0,0,0.162337,0.004373,0.149336,0.005889,0.132726,0.007000,0.113395,0.007518,0.089514,0.006882,0.064361,0.005135,0.038509,0.002843,0.013926,34.26,-159.65,91.39,-119.49,152.09,-72.31,-147.89,-20.53,-87.27,31.46,-25.69,83.06,36.58,121.86,101.28,0.0143,0.0041,0.0084,0.0020,0.0075,0.0012,0.0085,0.0092,0.0084,0.0020,0.0052,0.0064,0.0102,0.0106,0.0063
2026-08-05 08:30:02.916,39.783333,156,17,0.300786,-0.0179,-147.86,0,0,0,63.0122,0.297,1.85754,0,0,0,0,0,0.161205,0.004616,0.148118,0.008658,0.131514,0.011449,0.112181,0.012813,0.088398,0.012514,0.063349,0.010345,0.037689,0.006711,0.013336,147.86,22.64,71.87,-52.15,-0.47,-126.46,-73.56,161.17,-146.23,88.61,141.92,17.07,69.90,-52.22,-4.28,0.0143,0.0041,0.0084,0.0020,0.0075,0.0012,0.0085,0.0092,0.0084,0.0020,0.0052,0.0064,0.0102,0.0106,0.0063
2026-08-05 08:30:02.916,39.800000,156,18,0.348338,0.0124,-94.15,0,0,0,63.0122,0.297,1.85754,0,0,0,0,0,0.188275,0.005256,0.173052,0.008741,0.152673,0.011033,0.128181,0.012038,0.098644,0.011108,0.068038,0.008475,0.038316,0.004498,0.014599,94.15,-59.23,-88.18,104.88,93.05,-82.56,-86.08,93.04,96.02,-89.73,-79.46,87.99,110.63,-96.52,-27.89,0.0143,0.0041,0.0084,0.0020,0.0075,0.0012,0.0085,0.0092,0.0084,0.0020,0.0052,0.0064,0.0102,0.0106,0.0063
2026-08-05 08:30:02.916,39.816667,156,19,0.322617,0.0145,-158.21,0,0,0,63.0122,0.297,1.85754,0,0,0,0,0,0.174900,0.003936,0.160582,0.006980,0.141562,0.008885,0.119129,0.009465,0.091972,0.008447,0.063578,0.005804,0.035357,0.002164,0.010073,158.21,18.45,103.46,-23.59,52.32,-73.11,0.69,-123.77,-50.09,-174.12,-99.29,136.36,-145.59,93.24,-170.12,0.0143,0.0041,0.0084,0.0020,0.0075,0.0012,0.0085,0.0092,0.0084,0.0020,0.0052,0.0064,0.0102,0.0106,0.0063
2026-08-05 08:30:02.916,39.833333,156,20,0.346524,0.0179,-82.80,0,0,0,63.0122,0.297,1.85754,0,0,0,0,0,0.184927,0.016474,0.170542,0.014654,0.151485,0.011626,0.128614,0.008050,0.101001,0.004357,0.072155,0.002820,0.043569,0.005169,0.019309,82.80,-24.36,-121.89,130.85,36.90,-72.18,-164.62,87.95,-4.95,-100.87,157.04,117.78,-36.54,-44.20,150.13,0.0143,0.0041,0.0084,0.0020,0.0075,0.0012,0.0085,0.0092,0.0084,0.0020,0.0052,0.0064,0.0102,0.0106,0.0063
2026-08-05 08:30:02.916,39.850000,156,21,0.330145,0.0224,-36.74,0,0,0,63.0122,0.297,1.85754,0,0,0,0,0,0.176752,0.012435,0.162801,0.011461,0.144665,0.009535,0.123001,0.006974,0.096574,0.004233,0.068644,0.002508,0.040266,0.004729,0.013833,36.74,-118.65,99.29,-58.25,165.37,4.51,-129.17,69.64,-62.99,146.22,4.46,-97.06,73.78,18.96,153.74,0.0143,0.0041,0.0084,0.0020,0.0075,0.0012,0.0085,0.0092,0.0084,0.0020,0.0052,0.0064,0.0102,0.0106,0.0063
2026-08-05 08:30:02.916,39.866667,156,22,0.384517,-0.0067,-121.86,0,0,0,63.0122,0.297,1.85754,0,0,0,0,0,0.201663,0.029596,0.186473,0.028322,0.166013,0.026223,0.141050,0.023389,0.110600,0.020398,0.078489,0.017803,0.046459,0.015984,0.019358,121.86,63.41,-4.18,-53.23,-126.89,-168.84,110.04,76.52,-11.98,-35.97,-131.94,-146.05,112.64,107.14,20.02,0.0143,0.0041,0.0084,0.0020,0.0075,0.0012,0.0085,0.0092,0.0084,0.0020,0.0052,0.0064,0.0102,0.0106,0.0063
2026-08-05 08:30:02.916,39.883333,156,23,0.295606,0.0106,178.50,0,0,0,63.0122,0.297,1.85754,0,0,0,0,0,0.154441,0.005036,0.142390,0.003301,0.128069,0.000749,0.111537,0.002531,0.090771,0.005756,0.068602,0.008662,0.045183,0.010746,0.021952,-178.50,-7.90,171.95,-9.91,166.30,-9.35,159.81,151.25,153.48,149.64,147.62,146.61,140.81,143.08,130.23,0.0143,0.0041,0.0084,0.0020,0.0075,0.0012,0.0085,0.0092,0.0084,0.0020,0.0052,0.0064,0.0102,0.0106,0.0063
2026-08-05 08:30:02.916,39.900000,156,24,0.287423,0.0066,85.47,0,0,0,63.0122,0.297,1.85754,0,0,0,0,0,0.149398,0.005438,0.137872,0.005467,0.124371,0.006197,0.108892,0.007101,0.089553,0.008504,0.068741,0.009999,0.046574,0.010899,0.024368,-85.47,152.14,90.88,-51.37,-88.71,104.12,90.83,-98.62,-89.16,64.20,91.46,-127.98,-88.01,43.83,91.45,0.0143,0.0041,0.0084,0.0020,0.0075,0.0012,0.0085,0.0092,0.0084,0.0020,0.0052,0.0064,0.0102,0.0106,0.0063
2026-08-05 08:30:02.916,39.916667,156,25,0.345474,0.0088,-90.51,0,0,0,63.0122,0.297,1.85754,0,0,0,0,0,0.177818,0.017370,0.164547,0.020523,0.148210,0.023834,0.128634,0.026070,0.104579,0.026811,0.079084,0.025953,0.052900,0.023523,0.028412,90.51,16.23,-99.29,-155.76,74.58,26.33,-112.02,-155.91,62.41,19.93,-121.57,-165.84,57.07,7.69,-115.50,0.0143,0.0041,0.0084,0.0020,0.0075,0.0012,0.0085,0.0092,0.0084,0.0020,0.0052,0.0064,0.0102,0.0106,0.0063
2026-08-05 08:30:02.916,39.933333,156,26,0.529423,0.0141,144.81,0,0,0,63.0122,0.297,1.85754,0,0,0,0,0,0.193248,0.082970,0.176206,0.079023,0.153007,0.073989,0.125132,0.069596,0.093309,0.068080,0.063540,0.070125,0.041861,0.075033,0.037322,-144.81,70.38,-87.80,142.13,-27.41,-144.33,31.16,-68.15,87.64,10.17,138.84,88.56,176.31,165.18,-158.78,0.0143,0.0041,0.0084,0.0020,0.0075,0.0012,0.0085,0.0092,0.0084,0.0020,0.0052,0.0064,0.0102,0.0106,0.0063
2026-08-05 08:30:02.916,39.950000,156,27,0.546723,0.0286,-60.27,0,0,0,63.0122,0.297,1.85754,0,0,0,0,0,0.183904,0.116887,0.164824,0.112693,0.138023,0.107286,0.105857,0.102188,0.070666,0.099120,0.043548,0.098727,0.042084,0.100620,0.060277,60.27,119.94,165.93,-119.24,-85.07,2.72,20.99,126.29,121.44,-109.02,-155.18,15.76,-92.08,139.46,-5.25,0.0143,0.0041,0.0084,0.0020,0.0075,0.0012,0.0085,0.0092,0.0084,0.0020,0.0052,0.0064,0.0102,0.0106,0.0063
2026-08-05 08:30:02.916,39.966667,156,28,0.554505,0.0199,-80.05,0,0,0,63.0122,0.297,1.85754,0,0,0,0,0,0.198638,0.058123,0.181537,0.055141,0.158438,0.051748,0.131623,0.049164,0.102014,0.048484,0.075990,0.049608,0.058078,0.051391,0.050781,80.05,164.86,-133.93,-28.63,15.31,139.54,162.52,-49.91,-52.70,121.38,87.68,-68.37,-138.62,99.65,-7.56,0.0143,0.0041,0.0084,0.0020,0.0075,0.0012,0.0085,0.0092,0.0084,0.0020,0.0052,0.0064,0.0102,0.0106,0.0063
2026-08-05 08:30:02.916,39.983333,156,29,0.515482,-0.0074,122.65,0,0,0,63.0122,0.297,1.85754,0,0,0,0,0,0.238187,0.045055,0.219213,0.042570,0.192324,0.039616,0.158692,0.037322,0.119169,0.037297,0.079161,0.039112,0.040920,0.042241,0.009671,-122.65,116.14,-18.72,-125.82,88.53,-5.75,-164.49,117.46,-56.65,-118.14,52.50,5.36,164.75,125.76,-52.12,0.0143,0.0041,0.0084,0.0020,0.0075,0.0012,0.0085,0.0092,0.0084,0.0020,0.0052,0.0064,0.0102,0.0106,0.0063
2026-08-05 08:30:03.424,40.000000,157,0,0.508191,0.0118,-158.52,0,0,0,63.0122,0.751,0.27290,0,0,0,0,0,0.188764,0.083665,0.176210,0.082301,0.161111,0.081091,0.144143,0.080969,0.123590,0.082319,0.102166,0.084731,0.080287,0.087222,0.058986,158.52,-32.96,101.95,-64.95,49.11,-96.28,-4.36,-126.95,-57.44,-157.60,-109.91,171.04,-161.63,138.47,148.46,0.1063,0.0110,0.0148,0.0098,0.0032,0.0104,0.0037,0.0076,0.0036,0.0085,0.0048,0.0044,0.0052,0.0065,0.0044
2026-08-05 08:30:03.424,40.016667,157,1,0.361037,-0.0080,-153.20,0,0,0,63.0122,0.751,0.27290,0,0,0,0,0,0.193168,0.011916,0.177527,0.018860,0.156690,0.024527,0.131364,0.027370,0.100967,0.027097,0.069638,0.023821,0.039189,0.018669,0.015859,153.20,173.11,89.20,128.26,28.73,74.42,-32.07,18.11,-91.58,-38.49,-148.91,-94.65,159.42,-147.25,139.79,0.1063,0.0110,0.0148,0.0098,0.0032,0.0104,0.0037,0.0076,0.0036,0.0085,0.0048,0.0044,0.0052,0.0065,0.0044
2026-08-05 08:30:03.424,40.033333,157,2,0.319610,-0.0184,-131.30,0,0,0,63.0122,0.751,0.27290,0,0,0,0,0,0.171364,0.013169,0.157377,0.015776,0.139500,0.017768,0.118069,0.018321,0.092055,0.016907,0.064993,0.013917,0.037646,0.009709,0.012812,131.30,105.03,23.05,19.09,-81.64,-72.51,173.04,-169.03,68.32,94.23,-35.02,-3.01,-136.70,-93.96,134.69,0.1063,0.0110,0.0148,0.0098,0.0032,0.0104,0.0037,0.0076,0.0036,0.0085,0.0048,0.0044,0.0052,0.0065,0.0044
2026-08-05 08:30:03.424,40.050000,157,3,0.299227,0.0235,31.06,0,0,0,63.0122,0.751,0.27290,0,0,0,0,0,0.160438,0.010711,0.146972,0.014516,0.130198,0.017614,0.110524,0.019085,0.086317,0.018380,0.061167,0.015709,0.035656,0.011572,0.011837,-31.06,149.90,-104.58,99.12,-174.33,40.23,115.13,-23.33,45.15,-87.62,-23.86,-152.52,-91.63,144.34,-150.94,0.1063,0.0110,0.0148,0.0098,0.0032,0.0104,0.0037,0.0076,0.0036,0.0085,0.0048,0.0044,0.0052,0.0065,0.0044
2026-08-05 08:30:03.424,40.066667,157,4,0.264466,-0.3453,140.03,0,0,0,63.0122,0.751,0.27290,0,0,0,0,0,0.140119,0.006440,0.129035,0.009246,0.114899,0.011433,0.099025,0.012586,0.079580,0.012045,0.058797,0.010191,0.037497,0.007247,0.017003,-140.03,-55.08,-70.78,30.58,1.79,114.38,73.39,-167.80,144.94,-91.33,-143.69,-15.88,-74.81,61.74,-15.47,0.1063,0.0110,0.0148,0.0098,0.0032,0.0104,0.0037,0.0076,0.0036,0.0085,0.0048,0.0044,0.0052,0.0065,0.0044
2026-08-05 08:30:03.424,40.083333,157,5,0.258096,0.0367,-43.15,0,0,0,63.0122,0.751,0.27290,0,0,0,0,0,0.137351,0.005628,0.125761,0.008569,0.112036,0.010774,0.096498,0.011777,0.077221,0.011294,0.056927,0.009568,0.035856,0.006732,0.015227,43.15,-51.25,116.74,42.32,-165.57,128.05,-88.98,-150.49,-12.20,-70.67,64.90,7.05,140.41,83.99,-150.73,0.1063,0.0110,0.0148,0.0098,0.0032,0.0104,0.0037,0.0076,0.0036,0.0085,0.0048,0.0044,0.0052,0.0065,0.0044
2026-08-05 08:30:03.424,40.100000,157,6,0.262013,0.0170,-53.17,0,0,0,63.0122,0.751,0.27290,0,0,0,0,0,0.138250,0.005754,0.126772,0.009783,0.113373,0.012787,0.098256,0.014337,0.079402,0.014352,0.059412,0.012817,0.038586,0.010046,0.018397,53.17,-20.72,146.83,88.99,-115.43,-167.39,-18.82,-67.80,78.05,30.27,175.05,126.44,-89.50,-139.36,0.17,0.1063,0.0110,0.0148,0.0098,0.0032,0.0104,0.0037,0.0076,0.0036,0.0085,0.0048,0.0044,0.0052,0.0065,0.0044
2026-08-05 08:30:03.424,40.116667,157,7,0.271372,-0.0095,178.71,0,0,0,63.0122,0.751,0.27290,0,0,0,0,0,0.144872,0.009058,0.132613,0.012296,0.117843,0.014820,0.100839,0.015972,0.079840,0.015363,0.057870,0.012947,0.035319,0.009138,0.013759,-178.71,-147.22,171.64,-135.02,166.00,-130.51,159.23,-130.07,152.84,-131.81,146.73,-136.12,139.40,-140.56,127.09,0.1063,0.0110,0.0148,0.0098,0.0032,0.0104,0.0037,0.0076,0.0036,0.0085,0.0048,0.0044,0.0052,0.0065,0.0044
2026-08-05 08:30:03.424,40.133333,157,8,0.269715,-0.0168,-115.26,0,0,0,63.0122,0.751,0.27290,0,0,0,0,0,0.143718,0.007656,0.131814,0.007079,0.117498,0.006718,0.101146,0.005922,0.080614,0.004346,0.058921,0.002611,0.036759,0.002480,0.015693,115.26,-152.32,-27.05,55.24,-165.14,-96.73,55.72,111.09,-83.39,-40.36,137.52,148.37,-3.79,-57.60,-155.29,0.1063,0.0110,0.0148,0.0098,0.0032,0.0104,0.0037,0.0076,0.0036,0.0085,0.0048,0.0044,0.0052,0.0065,0.0044
2026-08-05 08:30:03.424,40.150000,157,9,0.370779,-0.0068,176.69,0,0,0,63.0122,0.751,0.27290,0,0,0,0,0,0.200629,0.006766,0.184498,0.010605,0.162972,0.013272,0.136473,0.013775,0.104564,0.012059,0.071872,0.008771,0.039897,0.005674,0.014857,-176.69,-123.53,179.59,-107.92,179.33,-100.11,178.69,-93.82,179.25,-85.74,-178.26,-70.95,-170.81,-33.72,-132.62,0.1063,0.0110,0.0148,0.0098,0.0032,0.0104,0.0037,0.0076,0.0036,0.0085,0.0048,0.0044,0.0052,0.0065,0.0044
2026-08-05 08:30:03.424,40.166667,157,10,0.293261,0.0035,51.38,0,0,0,63.0122,0.751,0.27290,0,0,0,0,0,0.157520,0.003843,0.143546,0.005446,0.128716,0.007778,0.109855,0.008718,0.086492,0.008332,0.062206,0.006846,0.037383,0.004573,0.013823,-51.38,173.98,-167.00,52.54,81.86,-57.65,-30.13,-164.52,-141.52,90.91,107.80,-11.43,-2.53,-108.52,-107.24,0.1063,0.0110,0.0148,0.0098,0.0032,0.0104,0.0037,0.0076,0.0036,0.0085,0.0048,0.0044,0.0052,0.0065,0.0044
2026-08-05 08:30:03.424,40.183333,157,11,0.289447,-0.3397,177.44,0,0,0,63.0122,0.751,0.27290,0,0,0,0,0,0.154299,0.006750,0.141369,0.008313,0.126069,0.009083,0.108701,0.009195,0.087178,0.008583,0.064038,0.006682,0.040214,0.004323,0.017223,-177.44,-35.22,177.51,-52.90,175.73,-66.28,173.00,-79.14,170.81,-88.51,169.10,-98.78,166.38,-117.57,161.19,0.1063,0.0110,0.0148,0.0098,0.0032,0.0104,0.0037,0.0076,0.0036,0.0085,0.0048,0.0044,0.0052,0.0065,0.0044
2026-08-05 08:30:03.424,40.200000,157,12,0.283141,0.1334,-21.99,0,0,0,63.0122,0.751,0.27290,0,0,0,0,0,0.150810,0.003469,0.138393,0.005724,0.123607,0.007423,0.106644,0.008210,0.085205,0.007628,0.062581,0.005637,0.039331,0.002957,0.016987,21.99,-74.19,53.80,-28.99,89.44,9.82,124.17,46.84,159.43,85.44,-165.28,121.66,-131.21,148.40,-100.67,0.1063,0.0110,0.0148,0.0098,0.0032,0.0104,0.0037,0.0076,0.0036,0.0085,0.0048,0.0044,0.0052,0.0065,0.0044
2026-08-05 08:30:03.424,40.216667,157,13,0.282315,0.0514,-31.18,0,0,0,63.0122,0.751,0.27290,0,0,0,0,0,0.151019,0.004937,0.138247,0.008201,0.123123,0.010912,0.105712,0.012247,0.083897,0.011956,0.060637,0.009967,0.037167,0.007143,0.014826,31.18,-60.18,81.44,3.95,135.51,59.78,-171.35,114.12,-117.70,168.98,-64.00,-139.75,-11.68,-94.84,35.28,0.1063,0.0110,0.0148,0.0098,0.0032,0.0104,0.0037,0.0076,0.0036,0.0085,0.0048,0.0044,0.0052,0.0065,0.0044
2026-08-05 08:30:03.424,40.233333,157,14,0.274195,0.0325,-57.03,0,0,0,63.0122,0.751,0.27290,0,0,0,0,0,0.146534,0.005317,0.134175,0.007920,0.119461,0.009947,0.102624,0.010965,0.081581,0.010489,0.059236,0.008460,0.036203,0.005489,0.014210,57.03,-24.27,158.75,96.48,-95.57,-151.50,9.15,-43.36,114.47,64.27,-139.74,169.00,-34.99,-93.32,67.05,0.1063,0.0110,0.0148,0.0098,0.0032,0.0104,0.0037,0.0076,0.0036,0.0085,0.0048,0.0044,0.0052,0.0065,0.0044
2026-08-05 08:30:03.424,40.250000,157,15,0.276888,0.0198,-13.11,0,0,0,63.0122,0.751,0.27290,0,0,0,0,0,0.147445,0.008494,0.135051,0.011740,0.120133,0.014388,0.103175,0.015725,0.082142,0.015511,0.059607,0.013240,0.036573,0.009383,0.015109,13.11,-119.12,27.16,-81.51,45.06,-52.93,61.88,-28.40,79.22,-4.25,96.57,19.95,112.00,44.43,120.58,0.1063,0.0110,0.0148,0.0098,0.0032,0.0104,0.0037,0.0076,0.0036,0.0085,0.0048,0.0044,0.0052,0.0065,0.0044
2026-08-05 08:30:03.424,40.266667,157,16,0.255166,-0.0334,157.80,0,0,0,63.0122,0.751,0.27290,0,0,0,0,0,0.134284,0.005260,0.123203,0.009185,0.110168,0.012229,0.095796,0.014076,0.077689,0.014401,0.057958,0.012970,0.037583,0.010325,0.018435,-157.80,-73.26,-126.29,-30.74,-90.57,8.26,-56.07,43.13,-21.12,78.83,14.24,112.27,47.21,142.70,74.55,0.1063,0.0110,0.0148,0.0098,0.0032,0.0104,0.0037,0.0076,0.0036,0.0085,0.0048,0.0044,0.0052,0.0065,0.0044
2026-08-05 08:30:03.424,40.283333,157,17,0.303591,0.0207,-35.63,0,0,0,63.0122,0.751,0.27290,0,0,0,0,0,0.164372,0.009585,0.150303,0.013774,0.132431,0.016891,0.111214,0.018381,0.085346,0.017685,0.058403,0.014573,0.031222,0.009670,0.006688,35.63,-71.89,95.36,9.08,158.85,81.09,-138.48,149.30,-75.01,-143.26,-10.49,-76.19,54.84,-8.05,134.76,0.1063,0.0110,0.0148,0.0098,0.0032,0.0104,0.0037,0.0076,0.0036,0.0085,0.0048,0.0044,0.0052,0.0065,0.0044
2026-08-05 08:30:03.424,40.300000,157,18,0.288937,0.0028,-104.10,0,0,0,63.0122,0.751,0.27290,0,0,0,0,0,0.153723,0.005905,0.141157,0.008770,0.126053,0.011130,0.108528,0.012000,0.086893,0.011532,0.063800,0.009484,0.039932,0.005994,0.017358,104.10,69.25,-59.68,-75.27,140.44,131.86,-20.26,-24.41,179.61,177.79,20.32,19.70,-139.23,-142.49,61.41,0.1063,0.0110,0.0148,0.0098,0.0032,0.0104,0.0037,0.0076,0.0036,0.0085,0.0048,0.0044,0.0052,0.0065,0.0044
2026-08-05 08:30:03.424,40.316667,157,19,0.289860,0.0038,-170.56,0,0,0,63.0122,0.751,0.27290,0,0,0,0,0,0.154932,0.007528,0.142056,0.010980,0.126400,0.013961,0.108010,0.015158,0.085421,0.014713,0.061627,0.012309,0.036983,0.008119,0.014064,170.56,-158.36,139.68,-169.32,112.71,171.84,84.78,149.30,57.45,125.34,30.71,100.97,3.25,74.49,-26.19,0.1063,0.0110,0.0148,0.0098,0.0032,0.0104,0.0037,0.0076,0.0036,0.0085,0.0048,0.0044,0.0052,0.0065,0.0044
2026-08-05 08:30:03.424,40.333333,157,20,0.293212,0.0096,0.87,0,0,0,63.0122,0.751,0.27290,0,0,0,0,0,0.156204,0.004106,0.143568,0.006960,0.128251,0.009133,0.110174,0.010006,0.088027,0.009563,0.064385,0.007663,0.039825,0.004468,0.016860,-0.87,-118.31,-14.61,-120.54,-24.41,-125.62,-35.16,-133.03,-45.33,-140.87,-54.79,-146.22,-64.74,-150.84,-75.32,0.1063,0.0110,0.0148,0.0098,0.0032,0.0104,0.0037,0.0076,0.0036,0.0085,0.0048,0.0044,0.0052,0.0065,0.0044
2026-08-05 08:30:03.424,40.350000,157,21,0.280828,-0.0138,159.38,0,0,0,63.0122,0.751,0.27290,0,0,0,0,0,0.149983,0.005046,0.137544,0.008927,0.122508,0.011896,0.104957,0.013247,0.083301,0.013017,0.060337,0.011046,0.036627,0.007548,0.014638,-159.38,-71.40,-130.39,-33.70,-97.41,1.11,-65.43,33.82,-33.02,65.88,-0.16,97.81,31.35,124.17,58.01,0.1063,0.0110,0.0148,0.0098,0.0032,0.0104,0.0037,0.0076,0.0036,0.0085,0.0048,0.0044,0.0052,0.0065,0.0044
2026-08-05 08:30:03.424,40.366667,157,22,0.261676,0.0105,-39.82,0,0,0,63.0122,0.751,0.27290,0,0,0,0,0,0.138100,0.003964,0.126888,0.005998,0.113567,0.007545,0.098839,0.008190,0.080183,0.007544,0.060367,0.005938,0.039316,0.003103,0.019793,39.82,20.15,106.78,73.19,177.80,136.58,-112.27,-157.58,-41.99,-90.82,28.40,-25.17,97.01,28.52,159.73,0.1063,0.0110,0.0148,0.0098,0.0032,0.0104,0.0037,0.0076,0.0036,0.0085,0.0048,0.0044,0.0052,0.0065,0.0044
2026-08-05 08:30:03.424,40.383333,157,23,0.262622,0.0057,-63.38,0,0,0,63.0122,0.751,0.27290,0,0,0,0,0,0.139591,0.003073,0.128025,0.005617,0.114222,0.007296,0.098935,0.008194,0.079389,0.007650,0.058940,0.006419,0.037024,0.003869,0.016749,63.38,39.59,177.61,151.40,-64.15,-95.08,53.17,19.68,170.87,134.72,-70.82,-111.43,46.43,-7.81,159.99,0.1063,0.0110,0.0148,0.0098,0.0032,0.0104,0.0037,0.0076,0.0036,0.0085,0.0048,0.0044,0.0052,0.0065,0.0044
2026-08-05 08:30:03.424,40.400000,157,24,0.270254,0.0163,-24.99,0,0,0,63.0122,0.751,0.27290,0,0,0,0,0,0.143728,0.005970,0.131738,0.007786,0.117583,0.009396,0.101543,0.010053,0.081464,0.009393,0.060243,0.007710,0.037798,0.004414,0.016790,24.99,-99.18,62.71,-38.18,104.32,12.89,145.06,60.96,-173.85,106.55,-132.19,152.60,-91.47,-164.13,-54.66,0.1063,0.0110,0.0148,0.0098,0.0032,0.0104,0.0037,0.0076,0.0036,0.0085,0.0048,0.0044,0.0052,0.0065,0.0044
2026-08-05 08:30:03.424,40.416667,157,25,0.289598,-0.0031,123.30,0,0,0,63.0122,0.751,0.27290,0,0,0,0,0,0.153506,0.007681,0.140924,0.011352,0.125994,0.014287,0.108649,0.015752,0.087016,0.015337,0.064406,0.013287,0.040601,0.009227,0.018583,-123.30,-25.99,-21.80,97.31,83.52,-147.94,-172.08,-36.79,-67.27,73.99,38.05,-175.81,142.72,-62.14,-115.87,0.1063,0.0110,0.0148,0.0098,0.0032,0.0104,0.0037,0.0076,0.0036,0.0085,0.0048,0.0044,0.0052,0.0065,0.0044
2026-08-05 08:30:03.424,40.433333,157,26,0.271714,-0.0082,-172.14,0,0,0,63.0122,0.751,0.27290,0,0,0,0,0,0.144272,0.003446,0.132571,0.005282,0.118426,0.006616,0.102449,0.007444,0.082212,0.007130,0.060942,0.006099,0.038278,0.003760,0.017160,172.14,-76.24,144.03,-120.31,119.98,-151.85,94.83,177.75,70.20,150.26,45.79,119.09,20.39,85.22,-10.83,0.1063,0.0110,0.0148,0.0098,0.0032,0.0104,0.0037,0.0076,0.0036,0.0085,0.0048,0.0044,0.0052,0.0065,0.0044
2026-08-05 08:30:03.424,40.450000,157,27,0.265514,0.0019,22.53,0,0,0,63.0122,0.751,0.27290,0,0,0,0,0,0.140426,0.004064,0.128955,0.007194,0.115271,0.009465,0.100090,0.010586,0.080772,0.010234,0.060516,0.008922,0.038958,0.005937,0.019407,-22.53,-123.27,-80.20,172.01,-133.85,114.49,171.35,56.73,116.96,1.04,62.42,-57.58,6.08,-119.62,-58.03,0.1063,0.0110,0.0148,0.0098,0.0032,0.0104,0.0037,0.0076,0.0036,0.0085,0.0048,0.0044,0.0052,0.0065,0.0044
2026-08-05 08:30:03.424,40.466667,157,28,0.258449,-0.0038,145.05,0,0,0,63.0122,0.751,0.27290,0,0,0,0,0,0.137348,0.006746,0.125542,0.010740,0.111807,0.013911,0.096446,0.015606,0.077177,0.015496,0.056678,0.013628,0.035203,0.009852,0.015480,-145.05,-62.34,-87.88,13.48,-26.52,82.07,33.69,146.58,94.36,-149.13,155.28,-85.85,-144.82,-21.68,-91.85,0.1063,0.0110,0.0148,0.0098,0.0032,0.0104,0.0037,0.0076,0.0036,0.0085,0.0048,0.0044,0.0052,0.0065,0.0044
2026-08-05 08:30:03.424,40.483333,157,29,0.255294,0.0053,-24.74,0,0,0,63.0122,0.751,0.27290,0,0,0,0,0,0.133949,0.003929,0.122871,0.007124,0.110352,0.009619,0.096417,0.011006,0.078829,0.011333,0.059732,0.010401,0.039582,0.008220,0.020535,24.74,-38.40,61.36,-4.56,102.06,31.88,141.77,68.68,-178.26,107.27,-138.16,143.10,-99.24,178.16,-67.43,0.1063,0.0110,0.0148,0.0098,0.0032,0.0104,0.0037,0.0076,0.0036,0.0085,0.0048,0.0044,0.0052,0.0065,0.0044
2026-08-05 08:30:03.883,40.500000,158,0,0.250879,0.0008,92.51,0,0,0,63.0122,0.503,0.35060,0,0,0,0,0,0.132587,0.006252,0.121165,0.007895,0.108534,0.009517,0.094381,0.010370,0.076506,0.010228,0.057367,0.009254,0.037045,0.007056,0.017914,-92.51,19.94,69.50,-159.45,-124.28,15.59,40.77,-176.10,-153.64,-9.40,11.98,152.55,176.75,-49.95,-25.69,0.0551,0.0100,0.0077,0.0070,0.0010,0.0059,0.0021,0.0058,0.0064,0.0033,0.0015,0.0005,0.0049,0.0027,0.0025
2026-08-05 08:30:03.883,40.516667,158,1,0.249192,-0.0080,-154.82,0,0,0,63.0122,0.503,0.35060,0,0,0,0,0,0.130871,0.003615,0.120030,0.005717,0.107721,0.007271,0.094251,0.007939,0.077243,0.007672,0.058784,0.006240,0.039531,0.003961,0.021590,154.82,-112.39,91.41,170.96,32.07,102.06,-28.31,37.48,-88.57,-26.95,-148.90,-94.97,148.91,-167.86,78.57,0.0551,0.0100,0.0077,0.0070,0.0010,0.0059,0.0021,0.0058,0.0064,0.0033,0.0015,0.0005,0.0049,0.0027,0.0025
2026-08-05 08:30:03.883,40.533333,158,2,0.263967,-0.0231,-120.94,0,0,0,63.0122,0.503,0.35060,0,0,0,0,0,0.140289,0.006011,0.128441,0.007734,0.114505,0.009040,0.099343,0.009718,0.080119,0.009055,0.059173,0.007371,0.037777,0.004902,0.017144,120.94,85.93,-9.70,-22.51,-136.16,-139.12,96.36,100.18,-30.91,-23.76,-157.65,-149.26,74.77,81.20,-58.53,0.0551,0.0100,0.0077,0.0070,0.0010,0.0059,0.0021,0.0058,0.0064,0.0033,0.0015,0.0005,0.0049,0.0027,0.0025
2026-08-05 08:30:03.883,40.550000,158,3,0.272225,0.0054,143.29,0,0,0,63.0122,0.503,0.35060,0,0,0,0,0,0.144171,0.005656,0.132808,0.006086,0.118618,0.005897,0.102847,0.005617,0.083009,0.004614,0.061647,0.002783,0.039563,0.000965,0.018135,-143.29,48.99,-82.26,97.35,-17.40,150.86,46.76,-150.22,111.20,-92.11,176.19,-27.55,-119.76,57.17,-60.81,0.0551,0.0100,0.0077,0.0070,0.0010,0.0059,0.0021,0.0058,0.0064,0.0033,0.0015,0.0005,0.0049,0.0027,0.0025
2026-08-05 08:30:03.883,40.566667,158,4,0.287146,0.0049,120.91,0,0,0,63.0122,0.503,0.35060,0,0,0,0,0,0.153135,0.005132,0.140907,0.009117,0.125034,0.012377,0.107398,0.013979,0.085388,0.013568,0.061706,0.011824,0.038005,0.008502,0.015167,-120.91,16.02,-14.53,125.50,95.63,-125.79,-155.26,-15.39,-45.45,91.77,64.74,-161.31,173.58,-55.91,-81.75,0.0551,0.0100,0.0077,0.0070,0.0010,0.0059,0.0021,0.0058,0.0064,0.0033,0.0015,0.0005,0.0049,0.0027,0.0025
2026-08-05 08:30:03.883,40.583333,158,5,0.287192,-0.1441,-116.08,0,0,0,63.0122,0.503,0.35060,0,0,0,0,0,0.156335,0.008724,0.140491,0.010647,0.124124,0.012504,0.106284,0.013386,0.083855,0.012879,0.060306,0.010261,0.036352,0.007305,0.014609,116.08,72.47,-22.87,-28.97,-157.77,-154.56,65.61,78.85,-70.57,-50.97,153.16,-178.90,14.57,53.77,-135.25,0.0551,0.0100,0.0077,0.0070,0.0010,0.0059,0.0021,0.0058,0.0064,0.0033,0.0015,0.0005,0.0049,0.0027,0.0025
2026-08-05 08:30:03.883,40.600000,158,6,0.280132,0.0511,34.32,0,0,0,63.0122,0.503,0.35060,0,0,0,0,0,0.149262,0.005144,0.137023,0.007702,0.122118,0.009496,0.105211,0.010518,0.083929,0.010261,0.061293,0.008597,0.038028,0.006077,0.015504,-34.32,149.03,-115.12,86.81,168.12,16.45,90.46,-56.93,13.32,-133.79,-62.94,147.84,-139.25,64.55,143.19,0.0551,0.0100,0.0077,0.0070,0.0010,0.0059,0.0021,0.0058,0.0064,0.0033,0.0015,0.0005,0.0049,0.0027,0.0025
2026-08-05 08:30:03.883,40.616667,158,7,0.280709,0.0710,30.51,0,0,0,63.0122,0.503,0.35060,0,0,0,0,0,0.149051,0.006078,0.136867,0.009438,0.122112,0.011777,0.105416,0.012959,0.084514,0.012562,0.062137,0.010365,0.039298,0.006756,0.017179,-30.51,162.29,-103.91,109.70,-173.25,47.01,116.53,-17.36,46.60,-83.31,-22.60,-149.30,-92.31,146.04,-165.99,0.0551,0.0100,0.0077,0.0070,0.0010,0.0059,0.0021,0.0058,0.0064,0.0033,0.0015,0.0005,0.0049,0.0027,0.0025
2026-08-05 08:30:03.883,40.633333,158,8,0.287125,0.0072,-4.19,0,0,0,63.0122,0.503,0.35060,0,0,0,0,0,0.152694,0.003713,0.140378,0.006690,0.125342,0.008580,0.108206,0.009508,0.086645,0.009005,0.063883,0.007131,0.040326,0.004303,0.017466,4.19,-87.65,0.58,-88.46,0.74,-88.75,0.19,-88.13,0.00,-86.49,0.55,-86.34,1.02,-82.69,-0.09,0.0551,0.0100,0.0077,0.0070,0.0010,0.0059,0.0021,0.0058,0.0064,0.0033,0.0015,0.0005,0.0049,0.0027,0.0025
2026-08-05 08:30:03.883,40.650000,158,9,0.280568,0.0009,-97.63,0,0,0,63.0122,0.503,0.35060,0,0,0,0,0,0.149326,0.004403,0.137243,0.008141,0.122263,0.010752,0.105207,0.012048,0.084080,0.012038,0.061629,0.010466,0.038411,0.007592,0.016388,97.63,83.23,-79.24,-82.83,107.70,105.70,-66.22,-65.89,120.15,121.24,-53.26,-52.11,131.93,133.26,-50.00,0.0551,0.0100,0.0077,0.0070,0.0010,0.0059,0.0021,0.0058,0.0064,0.0033,0.0015,0.0005,0.0049,0.0027,0.0025
2026-08-05 08:30:03.883,40.666667,158,10,0.279885,0.0022,-59.48,0,0,0,63.0122,0.503,0.35060,0,0,0,0,0,0.149569,0.004301,0.137388,0.007882,0.122086,0.010281,0.104754,0.011368,0.083286,0.011128,0.060500,0.009166,0.036987,0.006076,0.014809,59.48,6.27,166.23,122.76,-83.14,-125.34,26.65,-12.95,136.71,97.58,-112.84,-153.24,-3.48,-45.50,99.54,0.0551,0.0100,0.0077,0.0070,0.0010,0.0059,0.0021,0.0058,0.0064,0.0033,0.0015,0.0005,0.0049,0.0027,0.0025
2026-08-05 08:30:03.883,40.683333,158,11,0.279909,0.0121,-33.79,0,0,0,63.0122,0.503,0.35060,0,0,0,0,0,0.149353,0.008711,0.136914,0.012896,0.121410,0.016005,0.103779,0.017630,0.082093,0.017477,0.059038,0.015185,0.035398,0.011384,0.013429,33.79,-75.93,88.98,1.06,148.11,67.68,-153.63,131.61,-95.28,-166.40,-36.64,-105.91,20.36,-47.47,67.72,0.0551,0.0100,0.0077,0.0070,0.0010,0.0059,0.0021,0.0058,0.0064,0.0033,0.0015,0.0005,0.0049,0.0027,0.0025
2026-08-05 08:30:03.883,40.700000,158,12,0.275661,-0.0051,-131.41,0,0,0,63.0122,0.503,0.35060,0,0,0,0,0,0.146765,0.008918,0.134393,0.011943,0.119555,0.014444,0.102940,0.015509,0.081946,0.015274,0.059665,0.013587,0.037027,0.010220,0.015396,131.41,108.63,21.76,22.77,-83.81,-74.44,169.73,-175.17,63.47,82.88,-42.16,-21.68,-148.75,-129.25,97.73,0.0551,0.0100,0.0077,0.0070,0.0010,0.0059,0.0021,0.0058,0.0064,0.0033,0.0015,0.0005,0.0049,0.0027,0.0025
2026-08-05 08:30:03.883,40.716667,158,13,0.257442,-0.0088,-158.06,0,0,0,63.0122,0.503,0.35060,0,0,0,0,0,0.136225,0.008994,0.124877,0.010693,0.111340,0.012132,0.096337,0.012549,0.077552,0.011879,0.057581,0.009801,0.036765,0.006751,0.017223,158.06,155.16,101.14,121.77,48.24,80.29,-5.57,36.03,-59.31,-10.39,-112.92,-58.57,-168.81,-106.46,124.88,0.0551,0.0100,0.0077,0.0070,0.0010,0.0059,0.0021,0.0058,0.0064,0.0033,0.0015,0.0005,0.0049,0.0027,0.0025
2026-08-05 08:30:03.883,40.733333,158,14,0.261168,0.0003,144.93,0,0,0,63.0122,0.503,0.35060,0,0,0,0,0,0.136964,0.008119,0.125888,0.011068,0.112656,0.013444,0.098127,0.014802,0.079885,0.014740,0.060279,0.012972,0.039915,0.009882,0.020699,-144.93,-80.68,-87.79,0.12,-26.61,71.05,33.57,138.73,93.79,-155.90,154.15,-92.59,-147.52,-30.09,-97.30,0.0551,0.0100,0.0077,0.0070,0.0010,0.0059,0.0021,0.0058,0.0064,0.0033,0.0015,0.0005,0.0049,0.0027,0.0025
2026-08-05 08:30:03.883,40.750000,158,15,0.261226,0.0024,109.42,0,0,0,63.0122,0.503,0.35060,0,0,0,0,0,0.138002,0.007942,0.126738,0.009808,0.112994,0.011395,0.097966,0.012029,0.078968,0.011600,0.058894,0.009649,0.038324,0.006749,0.019979,-109.42,-15.79,18.74,136.60,150.82,-79.35,-78.19,61.53,52.65,-159.98,-176.86,-23.20,-49.61,113.53,65.37,0.0551,0.0100,0.0077,0.0070,0.0010,0.0059,0.0021,0.0058,0.0064,0.0033,0.0015,0.0005,0.0049,0.0027,0.0025
2026-08-05 08:30:03.883,40.766667,158,16,0.259323,0.0088,15.09,0,0,0,63.0122,0.503,0.35060,0,0,0,0,0,0.136509,0.008395,0.125270,0.011594,0.111767,0.014345,0.096889,0.015813,0.078259,0.015785,0.058412,0.013977,0.037838,0.010705,0.019056,-15.09,-178.69,-58.19,162.32,-97.37,133.18,-137.62,100.62,-177.84,65.85,141.84,29.93,98.90,-6.44,45.00,0.0551,0.0100,0.0077,0.0070,0.0010,0.0059,0.0021,0.0058,0.0064,0.0033,0.0015,0.0005,0.0049,0.0027,0.0025
2026-08-05 08:30:03.883,40.783333,158,17,0.183267,0.0040,-22.99,0,0,0,63.0122,0.503,0.35060,0,0,0,0,0,0.076136,0.066551,0.066926,0.061924,0.058340,0.054516,0.050130,0.045089,0.039767,0.034321,0.029078,0.023036,0.017493,0.012116,0.006144,22.99,-149.35,46.14,-119.04,76.70,-89.00,105.35,-58.76,135.08,-28.82,165.79,0.23,-164.85,26.34,-147.35,0.0551,0.0100,0.0077,0.0070,0.0010,0.0059,0.0021,0.0058,0.0064,0.0033,0.0015,0.0005,0.0049,0.0027,0.0025
2026-08-05 08:30:03.883,40.800000,158,18,0.207610,0.0046,-84.91,0,0,0,63.0122,0.503,0.35060,0,0,0,0,0,0.107117,0.021051,0.097894,0.019178,0.087654,0.016096,0.076854,0.012415,0.062925,0.008794,0.047879,0.006581,0.031876,0.006909,0.016233,84.91,164.43,-117.88,-30.13,43.58,136.93,-156.26,-52.43,4.07,125.59,164.61,-43.59,-37.15,154.11,111.23,0.0551,0.0100,0.0077,0.0070,0.0010,0.0059,0.0021,0.0058,0.0064,0.0033,0.0015,0.0005,0.0049,0.0027,0.0025
2026-08-05 08:30:03.883,40.816667,158,19,0.270027,0.0070,116.42,0,0,0,63.0122,0.503,0.35060,0,0,0,0,0,0.144135,0.006236,0.132162,0.010584,0.117359,0.013782,0.100095,0.015425,0.078781,0.015221,0.056410,0.013028,0.033348,0.009250,0.011760,-116.42,3.32,-1.00,133.53,118.36,-103.49,-122.98,17.68,-3.65,137.85,117.17,-101.52,-120.01,20.36,14.08,0.0551,0.0100,0.0077,0.0070,0.0010,0.0059,0.0021,0.0058,0.0064,0.0033,0.0015,0.0005,0.0049,0.0027,0.0025
2026-08-05 08:30:03.883,40.833333,158,20,0.295546,-0.0072,-176.42,0,0,0,63.0122,0.503,0.35060,0,0,0,0,0,0.158357,0.003100,0.145575,0.005598,0.128989,0.007126,0.109299,0.007778,0.085118,0.007175,0.060164,0.005703,0.035129,0.004053,0.015282,176.42,-105.46,158.18,-117.15,143.76,-128.69,128.93,-140.45,115.31,-148.85,104.16,-150.44,98.47,-135.49,120.27,0.0551,0.0100,0.0077,0.0070,0.0010,0.0059,0.0021,0.0058,0.0064,0.0033,0.0015,0.0005,0.0049,0.0027,0.0025
2026-08-05 08:30:03.883,40.850000,158,21,0.326756,0.0135,-55.49,0,0,0,63.0122,0.503,0.35060,0,0,0,0,0,0.172139,0.002789,0.158973,0.003318,0.141898,0.003834,0.121266,0.004271,0.096067,0.004351,0.069904,0.004206,0.043790,0.003891,0.023442,55.49,86.89,156.01,-178.58,-99.81,-78.38,4.07,27.53,109.42,137.13,-142.61,-108.86,-28.82,11.26,106.08,0.0551,0.0100,0.0077,0.0070,0.0010,0.0059,0.0021,0.0058,0.0064,0.0033,0.0015,0.0005,0.0049,0.0027,0.0025
2026-08-05 08:30:03.883,40.866667,158,22,0.334482,0.0038,-66.20,0,0,0,63.0122,0.503,0.35060,0,0,0,0,0,0.174400,0.016376,0.161153,0.013802,0.144282,0.010207,0.123812,0.007166,0.098961,0.007717,0.073369,0.010755,0.047848,0.013728,0.027859,66.20,-49.44,-172.46,83.42,-47.27,-138.19,77.66,18.55,-155.83,-171.73,-26.70,-21.25,107.89,115.68,-100.34,0.0551,0.0100,0.0077,0.0070,0.0010,0.0059,0.0021,0.0058,0.0064,0.0033,0.0015,0.0005,0.0049,0.0027,0.0025
2026-08-05 08:30:03.883,40.883333,158,23,0.287818,0.0003,-114.41,0,0,0,63.0122,0.503,0.35060,0,0,0,0,0,0.149389,0.001212,0.138028,0.002707,0.124495,0.004600,0.108732,0.006384,0.089040,0.008040,0.068100,0.009399,0.045999,0.010209,0.024829,114.41,-67.52,-28.41,139.14,-167.18,-10.59,53.37,-159.29,-85.12,53.97,137.93,-90.72,3.35,125.90,-123.08,0.0551,0.0100,0.0077,0.0070,0.0010,0.0059,0.0021,0.0058,0.0064,0.0033,0.0015,0.0005,0.0049,0.0027,0.0025
2026-08-05 08:30:03.883,40.900000,158,24,0.279582,0.0062,104.42,0,0,0,63.0122,0.503,0.35060,0,0,0,0,0,0.146927,0.007613,0.135370,0.007078,0.121222,0.006941,0.104880,0.007229,0.084470,0.008062,0.062956,0.009162,0.040149,0.009763,0.018021,-104.42,-54.63,34.62,67.96,177.67,-173.66,-40.01,-57.48,103.10,64.71,-112.62,-168.34,33.23,-36.53,-173.77,0.0551,0.0100,0.0077,0.0070,0.0010,0.0059,0.0021,0.0058,0.0064,0.0033,0.0015,0.0005,0.0049,0.0027,0.0025
2026-08-05 08:30:03.883,40.916667,158,25,0.308700,0.0136,-61.26,0,0,0,63.0122,0.503,0.35060,0,0,0,0,0,0.162696,0.019652,0.149755,0.016845,0.133421,0.012785,0.113772,0.008603,0.089727,0.006650,0.064648,0.008589,0.039062,0.011674,0.016546,61.26,-60.45,171.94,60.69,-73.51,-174.81,40.62,-38.71,155.81,119.93,-87.02,-85.10,34.22,49.19,175.96,0.0551,0.0100,0.0077,0.0070,0.0010,0.0059,0.0021,0.0058,0.0064,0.0033,0.0015,0.0005,0.0049,0.0027,0.0025
2026-08-05 08:30:03.883,40.933333,158,26,0.294593,-0.0040,57.50,0,0,0,63.0122,0.503,0.35060,0,0,0,0,0,0.154275,0.003743,0.141944,0.006334,0.126702,0.008848,0.108626,0.010628,0.086415,0.011511,0.063156,0.011746,0.039284,0.010924,0.019330,-57.50,-74.05,176.24,170.77,53.95,47.25,-68.83,-80.14,169.72,151.33,50.77,23.51,-63.22,-105.74,-156.44,0.0551,0.0100,0.0077,0.0070,0.0010,0.0059,0.0021,0.0058,0.0064,0.0033,0.0015,0.0005,0.0049,0.0027,0.0025
2026-08-05 08:30:03.883,40.950000,158,27,0.329032,-0.0063,121.54,0,0,0,63.0122,0.503,0.35060,0,0,0,0,0,0.172072,0.008349,0.159011,0.007163,0.142615,0.005495,0.122798,0.003542,0.098529,0.002392,0.073299,0.002782,0.047438,0.003796,0.025593,-121.54,-80.44,-15.75,18.82,93.84,113.98,-156.89,-160.35,-46.24,-96.60,66.68,-41.71,-175.72,37.12,-41.95,0.0551,0.0100,0.0077,0.0070,0.0010,0.0059,0.0021,0.0058,0.0064,0.0033,0.0015,0.0005,0.0049,0.0027,0.0025
2026-08-05 08:30:03.883,40.966667,158,28,0.336661,0.0054,-103.70,0,0,0,63.0122,0.503,0.35060,0,0,0,0,0,0.173591,0.002755,0.160654,0.004537,0.144303,0.006629,0.124612,0.008329,0.100335,0.009378,0.074680,0.009765,0.048237,0.009270,0.024938,103.70,-44.73,-59.88,130.90,140.30,-45.10,-19.85,145.14,-178.71,-22.17,24.50,171.93,-127.81,8.41,95.92,0.0551,0.0100,0.0077,0.0070,0.0010,0.0059,0.0021,0.0058,0.0064,0.0033,0.0015,0.0005,0.0049,0.0027,0.0025
2026-08-05 08:30:03.883,40.983333,158,29,0.328163,0.0069,84.47,0,0,0,63.0122,0.503,0.35060,0,0,0,0,0,0.175488,0.008115,0.161641,0.007354,0.143527,0.006336,0.121713,0.005181,0.094968,0.004071,0.067077,0.003373,0.038946,0.003082,0.015280,-84.47,-9.62,95.48,160.92,-80.83,-32.86,102.47,131.69,-73.23,-67.89,113.11,83.49,-56.09,-129.24,160.01,0.0551,0.0100,0.0077,0.0070,0.0010,0.0059,0.0021,0.0058,0.0064,0.0033,0.0015,0.0005,0.0049,0.0027,0.0025
2026-08-05 08:30:04.390,41.000000,159,0,0.275006,0.0045,-95.86,0,0,0,63.0122,0.234,1.08617,0,0,0,0,0,0.147195,0.004561,0.135018,0.008157,0.119984,0.010993,0.102497,0.012237,0.080811,0.011976,0.058382,0.010320,0.034976,0.007315,0.012550,95.86,-73.48,-84.44,103.74,99.19,-74.12,-78.09,109.05,105.16,-65.90,-71.10,119.07,112.89,-53.05,-62.71,0.0145,0.0030,0.0020,0.0071,0.0034,0.0036,0.0042,0.0039,0.0040,0.0030,0.0057,0.0049,0.0044,0.0028,0.0044
2026-08-05 08:30:04.390,41.016667,159,1,0.287283,0.0051,-105.92,0,0,0,63.0122,0.234,1.08617,0,0,0,0,0,0.154227,0.014175,0.141468,0.012642,0.125384,0.010414,0.106415,0.007401,0.083147,0.003984,0.058893,0.000965,0.034055,0.003566,0.010880,105.92,17.62,-54.42,-144.39,149.26,53.28,-7.83,-107.06,-164.17,97.92,40.63,4.64,-112.63,-73.99,107.73,0.0145,0.0030,0.0020,0.0071,0.0034,0.0036,0.0042,0.0039,0.0040,0.0030,0.0057,0.0049,0.0044,0.0028,0.0044
2026-08-05 08:30:04.390,41.033333,159,2,0.307413,0.0137,0.35,0,0,0,63.0122,0.234,1.08617,0,0,0,0,0,0.165115,0.004671,0.151645,0.008484,0.134516,0.011160,0.113860,0.012192,0.088797,0.011181,0.062958,0.008696,0.036626,0.005108,0.013864,-0.35,90.71,-12.40,78.44,-20.56,67.90,-29.32,59.36,-37.08,51.61,-43.30,46.26,-45.93,49.04,-27.97,0.0145,0.0030,0.0020,0.0071,0.0034,0.0036,0.0042,0.0039,0.0040,0.0030,0.0057,0.0049,0.0044,0.0028,0.0044
2026-08-05 08:30:04.390,41.050000,159,3,0.307373,-0.0038,89.27,0,0,0,63.0122,0.234,1.08617,0,0,0,0,0,0.164650,0.014830,0.151059,0.017474,0.133686,0.019927,0.112878,0.020751,0.087438,0.019803,0.061485,0.017047,0.035081,0.012953,0.011494,-89.27,-157.74,81.44,36.05,-104.18,-136.35,69.48,47.39,-116.07,-130.15,59.57,52.09,-122.16,-122.53,74.67,0.0145,0.0030,0.0020,0.0071,0.0034,0.0036,0.0042,0.0039,0.0040,0.0030,0.0057,0.0049,0.0044,0.0028,0.0044
2026-08-05 08:30:04.390,41.066667,159,4,0.283734,0.0068,14.33,0,0,0,63.0122,0.234,1.08617,0,0,0,0,0,0.151380,0.005983,0.139038,0.008292,0.123911,0.010196,0.106110,0.010919,0.084146,0.010197,0.061178,0.008244,0.037316,0.005458,0.014598,-14.33,5.49,-54.61,-11.21,-91.08,-36.42,-128.37,-66.57,-165.07,-96.90,159.03,-126.87,124.11,-153.63,94.05,0.0145,0.0030,0.0020,0.0071,0.0034,0.0036,0.0042,0.0039,0.0040,0.0030,0.0057,0.0049,0.0044,0.0028,0.0044
2026-08-05 08:30:04.390,41.083333,159,5,0.276338,0.0037,-109.89,0,0,0,63.0122,0.234,1.08617,0,0,0,0,0,0.146900,0.008100,0.134919,0.010808,0.120299,0.013149,0.103257,0.014192,0.082242,0.013587,0.060288,0.011698,0.037440,0.008693,0.015375,109.89,-109.96,-42.04,122.79,169.81,-12.90,20.69,-153.19,-128.13,65.00,83.37,-76.51,-65.81,143.24,142.05,0.0145,0.0030,0.0020,0.0071,0.0034,0.0036,0.0042,0.0039,0.0040,0.0030,0.0057,0.0049,0.0044,0.0028,0.0044
2026-08-05 08:30:04.390,41.100000,159,6,0.280238,-0.0158,144.47,0,0,0,63.0122,0.234,1.08617,0,0,0,0,0,0.149548,0.008194,0.137302,0.009370,0.122315,0.010386,0.104874,0.010465,0.083183,0.009523,0.060528,0.007467,0.037111,0.004616,0.014626,-144.47,89.88,-85.11,170.15,-21.85,-113.74,40.54,-42.00,103.46,28.57,167.12,97.00,-128.48,167.10,-61.01,0.0145,0.0030,0.0020,0.0071,0.0034,0.0036,0.0042,0.0039,0.0040,0.0030,0.0057,0.0049,0.0044,0.0028,0.0044
2026-08-05 08:30:04.390,41.116667,159,7,0.272980,0.0048,-71.15,0,0,0,63.0122,0.234,1.08617,0,0,0,0,0,0.145482,0.006800,0.133499,0.010106,0.118814,0.012751,0.101895,0.014084,0.080892,0.013715,0.058987,0.011865,0.036320,0.009113,0.014846,71.15,-177.12,-158.64,-23.69,-24.44,121.72,108.70,-95.90,-117.84,46.31,15.87,-170.91,148.73,-23.06,-82.87,0.0145,0.0030,0.0020,0.0071,0.0034,0.0036,0.0042,0.0039,0.0040,0.0030,0.0057,0.0049,0.0044,0.0028,0.0044
2026-08-05 08:30:04.390,41.133333,159,8,0.296125,0.0012,-80.37,0,0,0,63.0122,0.234,1.08617,0,0,0,0,0,0.158144,0.009196,0.145123,0.013566,0.128951,0.017107,0.109753,0.018804,0.086296,0.018422,0.061800,0.015878,0.036747,0.011818,0.013428,80.37,-158.90,-130.39,12.37,22.69,175.68,174.96,-24.17,-32.24,134.91,121.32,-65.82,-84.15,97.50,75.62,0.0145,0.0030,0.0020,0.0071,0.0034,0.0036,0.0042,0.0039,0.0040,0.0030,0.0057,0.0049,0.0044,0.0028,0.0044
2026-08-05 08:30:04.390,41.150000,159,9,0.280880,-0.0178,125.90,0,0,0,63.0122,0.234,1.08617,0,0,0,0,0,0.149646,0.005215,0.137478,0.007520,0.122799,0.009501,0.105649,0.010252,0.084195,0.009913,0.061857,0.008002,0.038621,0.005304,0.016441,-125.90,-124.71,-29.90,-44.75,70.13,46.22,169.34,141.24,-90.95,-121.01,9.25,-24.36,109.70,71.61,-149.10,0.0145,0.0030,0.0020,0.0071,0.0034,0.0036,0.0042,0.0039,0.0040,0.0030,0.0057,0.0049,0.0044,0.0028,0.0044
2026-08-05 08:30:04.390,41.166667,159,10,0.284924,-0.0032,-99.02,0,0,0,63.0122,0.234,1.08617,0,0,0,0,0,0.151732,0.004887,0.139376,0.007911,0.124421,0.010342,0.107108,0.011517,0.085592,0.011267,0.062872,0.009372,0.039448,0.006559,0.017158,99.02,-110.75,-74.88,92.34,115.09,-73.07,-55.67,119.73,134.31,-47.62,-34.99,143.87,156.43,-24.76,-8.79,0.0145,0.0030,0.0020,0.0071,0.0034,0.0036,0.0042,0.0039,0.0040,0.0030,0.0057,0.0049,0.0044,0.0028,0.0044
2026-08-05 08:30:04.390,41.183333,159,11,0.274142,-0.0067,103.14,0,0,0,63.0122,0.234,1.08617,0,0,0,0,0,0.146179,0.004448,0.133977,0.007264,0.119614,0.009490,0.103044,0.010614,0.082293,0.010172,0.060525,0.008151,0.038047,0.005327,0.016759,-103.14,-98.16,38.35,34.53,-176.20,172.81,-31.44,-46.39,114.17,97.92,-99.48,-119.79,47.84,19.14,-158.86,0.0145,0.0030,0.0020,0.0071,0.0034,0.0036,0.0042,0.0039,0.0040,0.0030,0.0057,0.0049,0.0044,0.0028,0.0044
2026-08-05 08:30:04.390,41.200000,159,12,0.284611,-0.0157,-171.23,0,0,0,63.0122,0.234,1.08617,0,0,0,0,0,0.151161,0.006671,0.138927,0.007778,0.124340,0.008939,0.107387,0.009179,0.086248,0.008553,0.064007,0.006488,0.041009,0.003815,0.019367,171.23,124.05,141.44,78.52,115.76,39.36,89.36,3.91,63.78,-27.72,39.17,-60.17,15.89,-95.77,-2.10,0.0145,0.0030,0.0020,0.0071,0.0034,0.0036,0.0042,0.0039,0.0040,0.0030,0.0057,0.0049,0.0044,0.0028,0.0044
2026-08-05 08:30:04.390,41.216667,159,13,0.292512,-0.0019,-134.38,0,0,0,63.0122,0.234,1.08617,0,0,0,0,0,0.155257,0.008497,0.143073,0.009113,0.127946,0.009659,0.110277,0.009266,0.088586,0.008472,0.065511,0.006504,0.041525,0.003531,0.019092,134.38,60.15,31.20,-56.45,-68.03,-168.62,-168.02,83.06,92.81,-22.33,-5.34,-122.73,-102.69,136.17,164.12,0.0145,0.0030,0.0020,0.0071,0.0034,0.0036,0.0042,0.0039,0.0040,0.0030,0.0057,0.0049,0.0044,0.0028,0.0044
2026-08-05 08:30:04.390,41.233333,159,14,0.389249,0.0049,141.41,0,0,0,63.0122,0.234,1.08617,0,0,0,0,0,0.203215,0.037889,0.188392,0.034013,0.167879,0.029452,0.142099,0.024065,0.111591,0.018861,0.080149,0.016201,0.049285,0.016813,0.026179,-141.41,-107.51,-74.95,-35.66,-4.52,37.55,65.59,115.96,137.16,-159.86,-148.38,-69.50,-67.98,23.51,32.16,0.0145,0.0030,0.0020,0.0071,0.0034,0.0036,0.0042,0.0039,0.0040,0.0030,0.0057,0.0049,0.0044,0.0028,0.0044
2026-08-05 08:30:04.390,41.250000,159,15,0.418002,0.0111,72.67,0,0,0,63.0122,0.234,1.08617,0,0,0,0,0,0.222503,0.036184,0.203608,0.037027,0.178700,0.038281,0.148520,0.038241,0.112359,0.036007,0.076424,0.031509,0.043601,0.026238,0.025803,-72.67,-131.29,132.87,93.52,-18.54,-44.67,-169.86,175.68,40.98,36.76,-104.88,-101.42,119.10,123.92,13.71,0.0145,0.0030,0.0020,0.0071,0.0034,0.0036,0.0042,0.0039,0.0040,0.0030,0.0057,0.0049,0.0044,0.0028,0.0044
2026-08-05 08:30:04.390,41.266667,159,16,0.317390,0.0005,110.29,0,0,0,63.0122,0.234,1.08617,0,0,0,0,0,0.169342,0.011950,0.155472,0.013137,0.138576,0.014472,0.118476,0.014950,0.093903,0.014183,0.068129,0.011996,0.041506,0.008754,0.017227,-110.29,158.44,18.09,-50.99,150.00,94.29,-78.69,-123.49,53.54,18.39,-173.10,161.56,-38.04,-52.02,105.85,0.0145,0.0030,0.0020,0.0071,0.0034,0.0036,0.0042,0.0039,0.0040,0.0030,0.0057,0.0049,0.0044,0.0028,0.0044
2026-08-05 08:30:04.390,41.283333,159,17,0.298548,0.0013,-118.41,0,0,0,63.0122,0.234,1.08617,0,0,0,0,0,0.158982,0.006578,0.146056,0.011090,0.130266,0.014707,0.111612,0.016509,0.088903,0.016357,0.064911,0.014223,0.039819,0.010162,0.016802,118.41,-64.68,-16.41,176.04,-147.51,49.94,80.57,-78.14,-50.82,153.84,178.48,26.45,47.42,-100.33,-83.90,0.0145,0.0030,0.0020,0.0071,0.0034,0.0036,0.0042,0.0039,0.0040,0.0030,0.0057,0.0049,0.0044,0.0028,0.0044
2026-08-05 08:30:04.390,41.300000,159,18,0.285186,0.0084,6.80,0,0,0,63.0122,0.234,1.08617,0,0,0,0,0,0.150997,0.016209,0.137958,0.017666,0.123267,0.019488,0.106037,0.020081,0.084559,0.019292,0.062311,0.017003,0.038659,0.012830,0.017157,-6.80,3.52,-32.32,-0.68,-54.12,-9.00,-76.74,-20.22,-99.19,-33.40,-121.16,-46.17,-144.45,-58.58,-173.12,0.0145,0.0030,0.0020,0.0071,0.0034,0.0036,0.0042,0.0039,0.0040,0.0030,0.0057,0.0049,0.0044,0.0028,0.0044
2026-08-05 08:30:04.390,41.316667,159,19,0.293010,-0.0060,-170.85,0,0,0,63.0122,0.234,1.08617,0,0,0,0,0,0.156839,0.007046,0.144382,0.007276,0.128373,0.007379,0.109558,0.006620,0.086517,0.005457,0.062063,0.003449,0.036654,0.001123,0.013142,170.85,134.12,140.53,89.97,114.27,50.09,87.11,12.86,60.57,-23.52,35.08,-59.99,9.89,-156.43,-11.95,0.0145,0.0030,0.0020,0.0071,0.0034,0.0036,0.0042,0.0039,0.0040,0.0030,0.0057,0.0049,0.0044,0.0028,0.0044
2026-08-05 08:30:04.390,41.333333,159,20,0.274043,0.0018,-25.80,0,0,0,63.0122,0.234,1.08617,0,0,0,0,0,0.144535,0.005000,0.132844,0.009247,0.118947,0.012284,0.103158,0.013864,0.083412,0.013693,0.062510,0.012003,0.040282,0.008303,0.019680,25.80,142.13,65.00,-177.43,108.18,-134.59,150.40,-91.72,-167.07,-47.02,-124.05,-0.96,-82.52,45.58,-45.00,0.0145,0.0030,0.0020,0.0071,0.0034,0.0036,0.0042,0.0039,0.0040,0.0030,0.0057,0.0049,0.0044,0.0028,0.0044
2026-08-05 08:30:04.390,41.350000,159,21,0.283748,-0.0138,170.98,0,0,0,63.0122,0.234,1.08617,0,0,0,0,0,0.150879,0.005756,0.138501,0.008487,0.123708,0.010890,0.106661,0.012008,0.085424,0.011617,0.063154,0.010097,0.039364,0.006645,0.017287,-170.98,60.05,-164.90,87.03,-154.99,104.10,-145.85,118.11,-136.30,131.25,-125.98,144.21,-115.92,157.05,-106.72,0.0145,0.0030,0.0020,0.0071,0.0034,0.0036,0.0042,0.0039,0.0040,0.0030,0.0057,0.0049,0.0044,0.0028,0.0044
2026-08-05 08:30:04.390,41.366667,159,22,0.272941,-0.0052,-134.94,0,0,0,63.0122,0.234,1.08617,0,0,0,0,0,0.144164,0.003670,0.132538,0.006608,0.118750,0.008498,0.103356,0.009525,0.083553,0.009169,0.063009,0.008015,0.040645,0.005135,0.020122,134.94,16.73,32.53,-93.06,-66.00,161.67,-165.39,59.65,95.47,-42.24,-3.04,-143.63,-102.80,110.51,153.61,0.0145,0.0030,0.0020,0.0071,0.0034,0.0036,0.0042,0.0039,0.0040,0.0030,0.0057,0.0049,0.0044,0.0028,0.0044
2026-08-05 08:30:04.390,41.383333,159,23,0.268519,-0.0025,-121.70,0,0,0,63.0122,0.234,1.08617,0,0,0,0,0,0.142038,0.004594,0.130611,0.005216,0.116786,0.005372,0.101599,0.005220,0.081920,0.004177,0.061544,0.002819,0.039430,0.001585,0.019261,121.70,33.88,-7.39,-106.78,-132.49,119.89,101.44,-10.86,-24.46,-135.49,-150.09,108.37,82.78,54.61,-50.94,0.0145,0.0030,0.0020,0.0071,0.0034,0.0036,0.0042,0.0039,0.0040,0.0030,0.0057,0.0049,0.0044,0.0028,0.0044
2026-08-05 08:30:04.390,41.400000,159,24,0.264619,-0.0166,-173.95,0,0,0,63.0122,0.234,1.08617,0,0,0,0,0,0.140340,0.003942,0.128734,0.005868,0.115086,0.007477,0.099673,0.008193,0.080283,0.007727,0.059955,0.006552,0.038065,0.003646,0.018297,173.95,109.77,149.21,72.42,128.50,44.79,106.72,19.08,85.17,-3.43,63.63,-27.02,40.22,-50.64,8.10,0.0145,0.0030,0.0020,0.0071,0.0034,0.0036,0.0042,0.0039,0.0040,0.0030,0.0057,0.0049,0.0044,0.0028,0.0044
2026-08-05 08:30:04.390,41.416667,159,25,0.268249,0.0002,74.83,0,0,0,63.0122,0.234,1.08617,0,0,0,0,0,0.142591,0.005120,0.130552,0.008158,0.116574,0.010736,0.100720,0.012145,0.080737,0.012120,0.059780,0.010784,0.037287,0.007872,0.016838,-74.83,-96.03,123.01,119.46,-35.15,-30.78,165.64,175.30,6.89,22.05,-151.72,-131.70,48.54,79.14,-118.43,0.0145,0.0030,0.0020,0.0071,0.0034,0.0036,0.0042,0.0039,0.0040,0.0030,0.0057,0.0049,0.0044,0.0028,0.0044
2026-08-05 08:30:04.390,41.433333,159,26,0.270407,-0.0073,147.60,0,0,0,63.0122,0.234,1.08617,0,0,0,0,0,0.142231,0.005169,0.130884,0.006468,0.117450,0.007423,0.102480,0.007862,0.083391,0.007216,0.063389,0.005947,0.041530,0.003022,0.021320,-147.60,-155.60,-95.34,-118.81,-39.04,-73.88,16.27,-26.52,71.94,25.33,127.81,77.17,-177.39,126.40,-127.52,0.0145,0.0030,0.0020,0.0071,0.0034,0.0036,0.0042,0.0039,0.0040,0.0030,0.0057,0.0049,0.0044,0.0028,0.0044
2026-08-05 08:30:04.390,41.450000,159,27,0.296853,0.0097,-50.39,0,0,0,63.0122,0.234,1.08617,0,0,0,0,0,0.157969,0.004686,0.145146,0.007002,0.129676,0.008986,0.111698,0.009847,0.089214,0.009583,0.065642,0.008271,0.040712,0.005759,0.017520,50.39,142.60,139.43,-111.00,-127.74,-14.30,-35.77,77.77,56.76,168.74,149.82,-104.93,-117.13,-26.56,-26.40,0.0145,0.0030,0.0020,0.0071,0.0034,0.0036,0.0042,0.0039,0.0040,0.0030,0.0057,0.0049,0.0044,0.0028,0.0044
2026-08-05 08:30:04.390,41.466667,159,28,0.290951,-0.0007,113.50,0,0,0,63.0122,0.234,1.08617,0,0,0,0,0,0.155212,0.004935,0.142661,0.006416,0.127380,0.007560,0.109378,0.007699,0.087228,0.007347,0.063797,0.005896,0.039277,0.003945,0.016267,-113.50,-91.39,7.72,11.85,132.65,121.46,-103.18,-124.71,21.47,-9.27,146.55,101.66,-88.25,-157.37,33.88,0.0145,0.0030,0.0020,0.0071,0.0034,0.0036,0.0042,0.0039,0.0040,0.0030,0.0057,0.0049,0.0044,0.0028,0.0044
2026-08-05 08:30:04.390,41.483333,159,29,0.283454,-0.0075,-151.96,0,0,0,63.0122,0.234,1.08617,0,0,0,0,0,0.150691,0.003468,0.138473,0.004233,0.123767,0.004732,0.106731,0.004388,0.085784,0.003919,0.063463,0.003269,0.039962,0.003697,0.018525,151.96,79.43,83.87,-5.20,19.45,-87.64,-45.82,-168.71,-110.75,108.57,-175.74,8.36,118.07,-104.97,43.67,0.0145,0.0030,0.0020,0.0071,0.0034,0.0036,0.0042,0.0039,0.0040,0.0030,0.0057,0.0049,0.0044,0.0028,0.0044
2026-08-05 08:30:04.854,41.500000,160,0,0.267591,0.0079,97.53,0,0,0,63.0122,0.232,1.17479,0,0,0,0,0,0.142526,0.003900,0.130558,0.006712,0.116321,0.008797,0.100415,0.009663,0.080382,0.009261,0.059250,0.007617,0.037200,0.005057,0.016719,-97.53,-128.37,54.93,37.98,-148.63,-159.54,6.78,1.44,162.28,163.29,-41.96,-30.70,112.06,145.50,-103.35,0.0134,0.0024,0.0070,0.0026,0.0038,0.0028,0.0039,0.0010,0.0022,0.0036,0.0058,0.0043,0.0074,0.0024,0.0040
2026-08-05 08:30:04.854,41.516667,160,1,0.277456,-0.0045,-161.49,0,0,0,63.0122,0.232,1.17479,0,0,0,0,0,0.146762,0.009194,0.135250,0.009394,0.120849,0.008959,0.104724,0.008148,0.084475,0.006746,0.062889,0.004489,0.040306,0.001761,0.018826,161.49,120.56,112.34,60.92,66.97,3.77,20.86,-51.43,-25.02,-105.35,-70.27,-155.66,-116.24,155.90,-166.83,0.0134,0.0024,0.0070,0.0026,0.0038,0.0028,0.0039,0.0010,0.0022,0.0036,0.0058,0.0043,0.0074,0.0024,0.0040
2026-08-05 08:30:04.854,41.533333,160,2,0.281290,0.0018,92.33,0,0,0,63.0122,0.232,1.17479,0,0,0,0,0,0.149720,0.004941,0.137531,0.007097,0.122514,0.008635,0.105716,0.009442,0.084575,0.009004,0.062128,0.007238,0.038852,0.004909,0.016937,-92.33,-53.83,70.65,95.68,-122.41,-104.69,43.59,60.20,-150.34,-132.32,16.26,41.29,-178.66,-135.57,-21.36,0.0134,0.0024,0.0070,0.0026,0.0038,0.0028,0.0039,0.0010,0.0022,0.0036,0.0058,0.0043,0.0074,0.0024,0.0040
2026-08-05 08:30:04.854,41.550000,160,3,0.416147,0.0099,62.97,0,0,0,63.0122,0.232,1.17479,0,0,0,0,0,0.223163,0.015493,0.206359,0.014424,0.182384,0.011992,0.152570,0.009247,0.117099,0.006359,0.081355,0.005182,0.047573,0.006576,0.025941,-62.97,43.74,161.62,-93.57,29.42,131.73,-102.67,1.31,126.85,-119.19,-0.19,139.69,-118.83,39.82,151.04,0.0134,0.0024,0.0070,0.0026,0.0038,0.0028,0.0039,0.0010,0.0022,0.0036,0.0058,0.0043,0.0074,0.0024,0.0040
2026-08-05 08:30:04.854,41.566667,160,4,0.301897,0.0066,137.11,0,0,0,63.0122,0.232,1.17479,0,0,0,0,0,0.163148,0.006427,0.149317,0.009957,0.131925,0.012351,0.111686,0.013728,0.086619,0.012946,0.060589,0.010620,0.033888,0.007348,0.009051,-137.11,131.13,-63.04,-134.48,14.85,-48.26,91.97,36.34,169.34,119.63,-112.29,-153.61,-34.24,-61.64,40.88,0.0134,0.0024,0.0070,0.0026,0.0038,0.0028,0.0039,0.0010,0.0022,0.0036,0.0058,0.0043,0.0074,0.0024,0.0040
2026-08-05 08:30:04.854,41.583333,160,5,0.263530,-0.0085,157.15,0,0,0,63.0122,0.232,1.17479,0,0,0,0,0,0.140151,0.005968,0.128380,0.007450,0.114479,0.008604,0.099159,0.009017,0.079767,0.008410,0.059087,0.006603,0.037313,0.003975,0.016743,-157.15,-174.94,-124.07,-159.39,-86.91,-135.33,-50.66,-107.41,-14.11,-78.74,23.28,-47.53,59.96,-25.27,92.60,0.0134,0.0024,0.0070,0.0026,0.0038,0.0028,0.0039,0.0010,0.0022,0.0036,0.0058,0.0043,0.0074,0.0024,0.0040
2026-08-05 08:30:04.854,41.600000,160,6,0.269260,0.0266,-40.46,0,0,0,63.0122,0.232,1.17479,0,0,0,0,0,0.141726,0.010546,0.130236,0.011068,0.116754,0.011210,0.101591,0.010957,0.082567,0.010037,0.062284,0.008307,0.040754,0.005569,0.020213,40.46,-121.93,109.07,-64.38,-178.47,-3.64,-106.92,60.58,-35.12,127.06,37.25,-162.37,108.40,-88.67,174.97,0.0134,0.0024,0.0070,0.0026,0.0038,0.0028,0.0039,0.0010,0.0022,0.0036,0.0058,0.0043,0.0074,0.0024,0.0040
2026-08-05 08:30:04.854,41.616667,160,7,0.261283,0.0010,-106.53,0,0,0,63.0122,0.232,1.17479,0,0,0,0,0,0.136993,0.006087,0.125948,0.006647,0.113054,0.006961,0.098979,0.007153,0.081246,0.007064,0.062028,0.006350,0.041534,0.005410,0.021918,106.53,1.45,-53.11,-176.93,151.18,9.40,-5.35,-162.04,-161.66,27.03,42.58,-144.64,-114.39,37.66,83.68,0.0134,0.0024,0.0070,0.0026,0.0038,0.0028,0.0039,0.0010,0.0022,0.0036,0.0058,0.0043,0.0074,0.0024,0.0040
2026-08-05 08:30:04.854,41.633333,160,8,0.255759,0.0086,-60.33,0,0,0,63.0122,0.232,1.17479,0,0,0,0,0,0.133872,0.005325,0.122984,0.006321,0.110356,0.006909,0.096733,0.007278,0.079530,0.006819,0.061117,0.005479,0.041418,0.003916,0.023256,60.33,-96.38,167.91,-5.97,-80.52,90.35,30.08,-168.18,140.60,-67.47,-108.76,31.53,-0.70,118.31,99.63,0.0134,0.0024,0.0070,0.0026,0.0038,0.0028,0.0039,0.0010,0.0022,0.0036,0.0058,0.0043,0.0074,0.0024,0.0040
2026-08-05 08:30:04.854,41.650000,160,9,0.301412,-0.0053,-172.79,0,0,0,63.0122,0.232,1.17479,0,0,0,0,0,0.160982,0.011726,0.148201,0.011228,0.131854,0.010150,0.112855,0.008689,0.089387,0.006735,0.064752,0.004330,0.039044,0.002045,0.014975,172.79,146.00,146.92,110.60,124.73,75.41,101.85,40.71,79.50,3.68,58.27,-36.29,37.73,-104.08,19.39,0.0134,0.0024,0.0070,0.0026,0.0038,0.0028,0.0039,0.0010,0.0022,0.0036,0.0058,0.0043,0.0074,0.0024,0.0040
2026-08-05 08:30:04.854,41.666667,160,10,0.318105,0.0057,128.99,0,0,0,63.0122,0.232,1.17479,0,0,0,0,0,0.170792,0.005706,0.156941,0.010374,0.139068,0.013514,0.118180,0.014891,0.092658,0.014202,0.065960,0.011419,0.038445,0.007106,0.013218,-128.99,-162.76,-38.35,-74.81,55.95,17.20,149.68,111.53,-116.01,-153.02,-20.45,-55.27,76.67,48.04,-178.86,0.0134,0.0024,0.0070,0.0026,0.0038,0.0028,0.0039,0.0010,0.0022,0.0036,0.0058,0.0043,0.0074,0.0024,0.0040
2026-08-05 08:30:04.854,41.683333,160,11,0.305564,-0.0065,-130.39,0,0,0,63.0122,0.232,1.17479,0,0,0,0,0,0.162223,0.005560,0.149268,0.010423,0.133123,0.013901,0.114429,0.015727,0.091512,0.015695,0.067330,0.013606,0.042157,0.010019,0.018351,130.39,-17.15,19.44,-123.99,-87.79,129.07,164.38,23.12,57.07,-82.21,-49.29,174.46,-154.85,73.38,101.76,0.0134,0.0024,0.0070,0.0026,0.0038,0.0028,0.0039,0.0010,0.0022,0.0036,0.0058,0.0043,0.0074,0.0024,0.0040
2026-08-05 08:30:04.854,41.700000,160,12,0.302404,0.0140,45.93,0,0,0,63.0122,0.232,1.17479,0,0,0,0,0,0.161327,0.004534,0.148414,0.008388,0.132072,0.011031,0.113325,0.012141,0.090147,0.011624,0.065741,0.009505,0.040453,0.006063,0.016545,-45.93,-28.45,-149.61,-119.20,110.42,142.73,9.76,44.19,-90.53,-54.39,170.01,-150.92,70.51,112.15,-30.77,0.0134,0.0024,0.0070,0.0026,0.0038,0.0028,0.0039,0.0010,0.0022,0.0036,0.0058,0.0043,0.0074,0.0024,0.0040
2026-08-05 08:30:04.854,41.716667,160,13,0.303757,-0.0145,-149.75,0,0,0,63.0122,0.232,1.17479,0,0,0,0,0,0.163213,0.007305,0.149854,0.010515,0.132709,0.012722,0.112906,0.013468,0.088616,0.012586,0.063336,0.009983,0.037105,0.006169,0.012547,149.75,-27.58,77.35,-76.53,8.76,-136.34,-60.49,161.99,-129.30,98.80,162.70,37.58,94.97,-18.62,28.25,0.0134,0.0024,0.0070,0.0026,0.0038,0.0028,0.0039,0.0010,0.0022,0.0036,0.0058,0.0043,0.0074,0.0024,0.0040
2026-08-05 08:30:04.854,41.733333,160,14,0.266247,0.0057,-109.53,0,0,0,63.0122,0.232,1.17479,0,0,0,0,0,0.135795,0.035419,0.124541,0.033253,0.111360,0.029598,0.096334,0.025324,0.077451,0.021382,0.057107,0.018944,0.035416,0.018169,0.014539,109.53,38.45,-42.84,-102.99,168.60,117.07,19.06,-20.54,-129.92,-154.18,82.15,76.29,-65.43,-52.53,148.08,0.0134,0.0024,0.0070,0.0026,0.0038,0.0028,0.0039,0.0010,0.0022,0.0036,0.0058,0.0043,0.0074,0.0024,0.0040
2026-08-05 08:30:04.854,41.750000,160,15,0.278470,0.0141,47.60,0,0,0,63.0122,0.232,1.17479,0,0,0,0,0,0.148301,0.011783,0.136036,0.011533,0.121265,0.010458,0.104165,0.009006,0.082947,0.007070,0.060560,0.004429,0.037015,0.001804,0.014904,-47.60,67.02,-154.86,-48.24,101.80,-160.09,-2.31,88.20,-105.84,-20.16,151.94,-120.56,50.36,166.86,-47.99,0.0134,0.0024,0.0070,0.0026,0.0038,0.0028,0.0039,0.0010,0.0022,0.0036,0.0058,0.0043,0.0074,0.0024,0.0040
2026-08-05 08:30:04.854,41.766667,160,16,0.299513,-0.0165,-141.29,0,0,0,63.0122,0.232,1.17479,0,0,0,0,0,0.159256,0.014187,0.145986,0.017632,0.129375,0.020777,0.110014,0.022357,0.086215,0.022013,0.061658,0.019570,0.036447,0.015936,0.013807,141.29,-55.79,51.45,-120.17,-34.32,166.21,-120.70,89.92,153.77,12.08,69.98,-64.49,-11.07,-137.89,-77.93,0.0134,0.0024,0.0070,0.0026,0.0038,0.0028,0.0039,0.0010,0.0022,0.0036,0.0058,0.0043,0.0074,0.0024,0.0040
2026-08-05 08:30:04.854,41.783333,160,17,0.264530,0.0146,64.72,0,0,0,63.0122,0.232,1.17479,0,0,0,0,0,0.140726,0.006995,0.129010,0.008723,0.115012,0.009993,0.099276,0.010429,0.079688,0.009936,0.058825,0.008086,0.037038,0.005247,0.016144,-64.72,12.71,153.30,-146.69,15.31,61.31,-123.58,-85.82,97.99,129.16,-39.53,-13.66,-177.43,-161.45,41.74,0.0134,0.0024,0.0070,0.0026,0.0038,0.0028,0.0039,0.0010,0.0022,0.0036,0.0058,0.0043,0.0074,0.0024,0.0040
2026-08-05 08:30:04.854,41.800000,160,18,0.260551,-0.0060,-153.29,0,0,0,63.0122,0.232,1.17479,0,0,0,0,0,0.138854,0.003448,0.127187,0.006698,0.113280,0.008963,0.097600,0.010001,0.078008,0.009894,0.057260,0.008160,0.035410,0.005466,0.015013,153.29,37.13,87.00,-29.50,24.70,-95.69,-38.70,-159.35,-101.88,136.23,-164.71,71.19,130.54,1.48,56.35,0.0134,0.0024,0.0070,0.0026,0.0038,0.0028,0.0039,0.0010,0.0022,0.0036,0.0058,0.0043,0.0074,0.0024,0.0040
2026-08-05 08:30:04.854,41.816667,160,19,0.280161,-0.0075,-104.93,0,0,0,63.0122,0.232,1.17479,0,0,0,0,0,0.148524,0.005564,0.136387,0.005826,0.121819,0.005985,0.105341,0.005947,0.084394,0.005177,0.061910,0.003675,0.038071,0.001684,0.015304,104.93,4.74,-57.21,-166.45,144.55,25.16,-14.67,-140.54,-173.52,54.21,28.41,-105.70,-129.86,103.39,69.59,0.0134,0.0024,0.0070,0.0026,0.0038,0.0028,0.0039,0.0010,0.0022,0.0036,0.0058,0.0043,0.0074,0.0024,0.0040
2026-08-05 08:30:04.854,41.833333,160,20,0.263931,-0.0002,-130.01,0,0,0,63.0122,0.232,1.17479,0,0,0,0,0,0.137246,0.008530,0.126339,0.007161,0.113626,0.005425,0.099659,0.003580,0.081762,0.002609,0.062515,0.003623,0.041544,0.004870,0.020824,130.01,-105.39,16.93,153.13,-92.05,54.76,158.00,-32.56,48.44,-93.22,-60.56,-157.12,-170.38,112.40,76.57,0.0134,0.0024,0.0070,0.0026,0.0038,0.0028,0.0039,0.0010,0.0022,0.0036,0.0058,0.0043,0.0074,0.0024,0.0040
2026-08-05 08:30:04.854,41.850000,160,21,0.269235,-0.0030,170.82,0,0,0,63.0122,0.232,1.17479,0,0,0,0,0,0.140189,0.004426,0.129036,0.003470,0.116251,0.003357,0.101792,0.004799,0.083566,0.007286,0.064184,0.009900,0.043043,0.011796,0.022113,-170.82,-8.78,-165.28,-24.45,-155.70,-58.21,-147.00,-87.84,-137.95,-97.78,-128.09,-97.54,-118.83,-92.43,-111.56,0.0134,0.0024,0.0070,0.0026,0.0038,0.0028,0.0039,0.0010,0.0022,0.0036,0.0058,0.0043,0.0074,0.0024,0.0040
2026-08-05 08:30:04.854,41.866667,160,22,0.270966,0.0025,87.43,0,0,0,63.0122,0.232,1.17479,0,0,0,0,0,0.140607,0.010849,0.129536,0.008650,0.116812,0.005703,0.102770,0.001932,0.084632,0.002598,0.065582,0.006640,0.044834,0.009812,0.024187,-87.43,175.07,84.60,-8.30,-99.18,169.08,76.25,-2.26,-107.78,-40.80,69.12,145.22,-113.56,-36.17,64.57,0.0134,0.0024,0.0070,0.0026,0.0038,0.0028,0.0039,0.0010,0.0022,0.0036,0.0058,0.0043,0.0074,0.0024,0.0040
2026-08-05 08:30:04.854,41.883333,160,23,0.295493,-0.0044,-117.32,0,0,0,63.0122,0.232,1.17479,0,0,0,0,0,0.153380,0.021698,0.141371,0.018852,0.127259,0.015105,0.110942,0.010829,0.090506,0.008389,0.068972,0.009408,0.045931,0.012162,0.023334,117.32,-128.78,-20.63,104.64,-154.57,-18.83,70.74,-134.07,-63.43,127.68,163.35,34.05,30.86,-77.51,-99.77,0.0134,0.0024,0.0070,0.0026,0.0038,0.0028,0.0039,0.0010,0.0022,0.0036,0.0058,0.0043,0.0074,0.0024,0.0040
2026-08-05 08:30:04.854,41.900000,160,24,0.272097,0.0241,-25.13,0,0,0,63.0122,0.232,1.17479,0,0,0,0,0,0.140835,0.012687,0.129733,0.010516,0.117147,0.007193,0.103113,0.003118,0.085172,0.002684,0.066211,0.006735,0.045508,0.010282,0.024850,25.13,42.41,62.45,87.07,103.86,132.76,144.37,-165.07,-174.73,-20.69,-133.16,51.09,-91.92,99.76,-52.41,0.0134,0.0024,0.0070,0.0026,0.0038,0.0028,0.0039,0.0010,0.0022,0.0036,0.0058,0.0043,0.0074,0.0024,0.0040
2026-08-05 08:30:04.854,41.916667,160,25,0.285688,0.0036,-115.43,0,0,0,63.0122,0.232,1.17479,0,0,0,0,0,0.148779,0.019612,0.136999,0.016919,0.123108,0.013220,0.107287,0.009079,0.087389,0.006842,0.066325,0.008528,0.043793,0.011772,0.021770,115.43,-132.56,-26.33,96.08,-164.11,-31.89,57.31,-149.31,-80.65,114.46,142.17,19.48,5.41,-97.96,-130.31,0.0134,0.0024,0.0070,0.0026,0.0038,0.0028,0.0039,0.0010,0.0022,0.0036,0.0058,0.0043,0.0074,0.0024,0.0040
2026-08-05 08:30:04.854,41.933333,160,26,0.327951,-0.0053,-153.31,0,0,0,63.0122,0.232,1.17479,0,0,0,0,0,0.169828,0.036151,0.156505,0.032538,0.139952,0.027638,0.120227,0.021940,0.096004,0.017604,0.070586,0.015977,0.044140,0.016890,0.019857,153.31,-55.76,87.67,-110.26,26.03,-162.66,-36.22,150.28,-97.51,110.93,-157.36,77.81,145.50,40.85,99.63,0.0134,0.0024,0.0070,0.0026,0.0038,0.0028,0.0039,0.0010,0.0022,0.0036,0.0058,0.0043,0.0074,0.0024,0.0040
2026-08-05 08:30:04.854,41.950000,160,27,0.300963,-0.0010,156.25,0,0,0,63.0122,0.232,1.17479,0,0,0,0,0,0.158348,0.002411,0.145850,0.002516,0.130659,0.003140,0.112929,0.004110,0.090720,0.005039,0.067336,0.006019,0.042473,0.006299,0.018843,-156.25,9.73,-120.19,11.88,-80.27,23.59,-40.99,38.16,-0.96,60.77,40.49,90.78,84.18,123.24,136.05,0.0134,0.0024,0.0070,0.0026,0.0038,0.0028,0.0039,0.0010,0.0022,0.0036,0.0058,0.0043,0.0074,0.0024,0.0040
2026-08-05 08:30:04.854,41.966667,160,28,0.279182,0.0086,35.38,0,0,0,63.0122,0.232,1.17479,0,0,0,0,0,0.147799,0.004515,0.135780,0.008379,0.121297,0.011160,0.104823,0.012082,0.084240,0.011334,0.062676,0.009192,0.039761,0.005711,0.017929,-35.38,-159.02,-117.96,118.30,163.25,39.52,83.56,-39.62,4.14,-116.73,-74.77,165.66,-154.29,91.58,122.83,0.0134,0.0024,0.0070,0.0026,0.0038,0.0028,0.0039,0.0010,0.0022,0.0036,0.0058,0.0043,0.0074,0.0024,0.0040
2026-08-05 08:30:04.854,41.983333,160,29,0.284422,-0.0014,102.17,0,0,0,63.0122,0.232,1.17479,0,0,0,0,0,0.148221,0.004543,0.136691,0.008456,0.123095,0.011404,0.107545,0.012969,0.088277,0.012765,0.067669,0.011411,0.045525,0.008751,0.023860,-102.17,60.07,41.55,-153.09,-170.93,-4.51,-24.27,143.64,122.76,-67.98,-89.54,79.98,57.68,-130.02,-156.58,0.0134,0.0024,0.0070,0.0026,0.0038,0.0028,0.0039,0.0010,0.0022,0.0036,0.0058,0.0043,0.0074,0.0024,0.0040
2026-08-05 08:30:05.367,42.000000,161,0,0.332005,-0.0067,167.02,0,0,0,63.0122,0.226,0.66812,0,0,0,0,0,0.175198,0.005641,0.161876,0.007281,0.145091,0.008737,0.125151,0.008961,0.100551,0.008171,0.074646,0.006542,0.047417,0.004179,0.021424,-167.02,-18.92,-152.15,-21.72,-133.74,-15.24,-115.83,-5.40,-97.23,6.00,-77.55,14.94,-56.25,17.21,-28.89,0.0298,0.0022,0.0107,0.0061,0.0071,0.0027,0.0077,0.0013,0.0040,0.0032,0.0044,0.0030,0.0028,0.0061,0.0047
2026-08-05 08:30:05.367,42.016667,161,1,0.325426,0.0025,-128.86,0,0,0,63.0122,0.226,0.66812,0,0,0,0,0,0.174701,0.011275,0.160456,0.014778,0.142163,0.017579,0.120131,0.018534,0.093396,0.017538,0.066008,0.014555,0.038212,0.010135,0.014123,128.86,105.13,16.06,14.58,-93.22,-84.19,156.95,172.27,48.04,67.47,-59.35,-38.47,-163.39,-142.21,112.25,0.0298,0.0022,0.0107,0.0061,0.0071,0.0027,0.0077,0.0013,0.0040,0.0032,0.0044,0.0030,0.0028,0.0061,0.0047
2026-08-05 08:30:05.367,42.033333,161,2,0.285689,-0.0084,-177.30,0,0,0,63.0122,0.226,0.66812,0,0,0,0,0,0.149078,0.004222,0.137426,0.007503,0.123799,0.009861,0.108146,0.011015,0.088694,0.010667,0.068058,0.009135,0.045790,0.006583,0.023882,177.30,-119.86,159.96,-127.73,146.46,-137.72,132.10,-150.65,118.18,-164.58,104.94,179.64,91.80,161.80,78.48,0.0298,0.0022,0.0107,0.0061,0.0071,0.0027,0.0077,0.0013,0.0040,0.0032,0.0044,0.0030,0.0028,0.0061,0.0047
2026-08-05 08:30:05.367,42.050000,161,3,0.288204,-0.0092,-163.35,0,0,0,63.0122,0.226,0.66812,0,0,0,0,0,0.151137,0.003132,0.139298,0.005630,0.125278,0.007626,0.109284,0.008788,0.089114,0.008969,0.067923,0.008467,0.045109,0.007450,0.022886,163.35,-145.30,118.19,173.82,76.78,133.11,34.55,88.16,-7.40,42.12,-48.80,-6.37,-90.39,-56.73,-134.49,0.0298,0.0022,0.0107,0.0061,0.0071,0.0027,0.0077,0.0013,0.0040,0.0032,0.0044,0.0030,0.0028,0.0061,0.0047
2026-08-05 08:30:05.367,42.066667,161,4,0.281450,-0.0082,137.95,0,0,0,63.0122,0.226,0.66812,0,0,0,0,0,0.151119,0.004422,0.138361,0.008130,0.122879,0.010878,0.104627,0.012143,0.082196,0.011827,0.058912,0.010157,0.034439,0.007555,0.011342,-137.95,-9.72,-65.74,61.27,10.30,135.45,85.51,-150.74,161.08,-77.59,-122.77,-6.57,-46.61,61.56,28.20,0.0298,0.0022,0.0107,0.0061,0.0071,0.0027,0.0077,0.0013,0.0040,0.0032,0.0044,0.0030,0.0028,0.0061,0.0047
2026-08-05 08:30:05.367,42.083333,161,5,0.428678,-0.0020,-130.45,0,0,0,63.0122,0.226,0.66812,0,0,0,0,0,0.228881,0.007180,0.211201,0.012671,0.186845,0.016596,0.156266,0.017965,0.120408,0.016889,0.084508,0.013601,0.051873,0.009520,0.033311,130.45,148.13,21.81,49.39,-83.40,-53.26,171.57,-156.23,68.57,102.25,-30.75,4.00,-120.60,-84.71,173.18,0.0298,0.0022,0.0107,0.0061,0.0071,0.0027,0.0077,0.0013,0.0040,0.0032,0.0044,0.0030,0.0028,0.0061,0.0047
2026-08-05 08:30:05.367,42.100000,161,6,0.337387,-0.0016,-159.10,0,0,0,63.0122,0.226,0.66812,0,0,0,0,0,0.178691,0.026088,0.164735,0.022922,0.146960,0.018856,0.125132,0.013942,0.098165,0.009395,0.070585,0.006701,0.042589,0.007807,0.018784,159.10,-49.19,105.85,-97.97,56.48,-145.75,6.77,169.70,-41.91,135.08,-88.70,121.05,-131.43,110.31,-155.52,0.0298,0.0022,0.0107,0.0061,0.0071,0.0027,0.0077,0.0013,0.0040,0.0032,0.0044,0.0030,0.0028,0.0061,0.0047
2026-08-05 08:30:05.367,42.116667,161,7,0.306718,-0.0027,116.80,0,0,0,63.0122,0.226,0.66812,0,0,0,0,0,0.163422,0.005372,0.150295,0.008748,0.134132,0.011404,0.115129,0.012502,0.091752,0.011883,0.067369,0.009910,0.041942,0.006968,0.018083,-116.80,58.38,-1.88,159.87,116.80,-88.29,-125.27,24.55,-6.70,137.73,112.80,-110.94,-126.59,-3.07,-2.23,0.0298,0.0022,0.0107,0.0061,0.0071,0.0027,0.0077,0.0013,0.0040,0.0032,0.0044,0.0030,0.0028,0.0061,0.0047
2026-08-05 08:30:05.367,42.133333,161,8,0.479050,0.0337,-50.18,0,0,0,63.0122,0.226,0.66812,0,0,0,0,0,0.251956,0.041976,0.231861,0.041743,0.203964,0.040787,0.169308,0.038570,0.129232,0.034517,0.089667,0.029285,0.055514,0.023979,0.040129,50.18,-70.05,142.23,38.26,-122.72,145.12,-27.32,-109.07,70.50,-2.20,172.85,107.18,-73.41,-138.20,61.95,0.0298,0.0022,0.0107,0.0061,0.0071,0.0027,0.0077,0.0013,0.0040,0.0032,0.0044,0.0030,0.0028,0.0061,0.0047
2026-08-05 08:30:05.367,42.150000,161,9,0.302077,-0.0054,117.86,0,0,0,63.0122,0.226,0.66812,0,0,0,0,0,0.162407,0.003511,0.148904,0.005905,0.132382,0.007519,0.112819,0.008109,0.088719,0.007318,0.063541,0.005200,0.037580,0.002626,0.013312,-117.86,37.91,-5.05,152.46,111.42,-91.53,-132.87,25.55,-16.47,147.99,100.67,-85.77,-141.40,59.73,-18.14,0.0298,0.0022,0.0107,0.0061,0.0071,0.0027,0.0077,0.0013,0.0040,0.0032,0.0044,0.0030,0.0028,0.0061,0.0047
2026-08-05 08:30:05.367,42.166667,161,10,0.282460,0.0000,-149.96,0,0,0,63.0122,0.226,0.66812,0,0,0,0,0,0.150353,0.003580,0.137927,0.006153,0.123294,0.008110,0.106448,0.009152,0.085104,0.008976,0.062795,0.007386,0.039381,0.005015,0.017128,149.96,-139.84,77.82,144.38,9.51,72.86,-59.48,3.65,-127.88,-64.09,164.41,-131.41,97.13,162.01,32.45,0.0298,0.0022,0.0107,0.0061,0.0071,0.0027,0.0077,0.0013,0.0040,0.0032,0.0044,0.0030,0.0028,0.0061,0.0047
2026-08-05 08:30:05.367,42.183333,161,11,0.281576,0.0056,-1.68,0,0,0,63.0122,0.226,0.66812,0,0,0,0,0,0.149196,0.005285,0.136858,0.008875,0.122407,0.011633,0.105906,0.013090,0.085244,0.013041,0.063381,0.011160,0.040365,0.008267,0.018489,1.68,-118.94,-6.93,-113.40,-11.74,-114.45,-17.42,-118.49,-22.54,-122.09,-26.99,-127.45,-31.78,-135.28,-36.74,0.0298,0.0022,0.0107,0.0061,0.0071,0.0027,0.0077,0.0013,0.0040,0.0032,0.0044,0.0030,0.0028,0.0061,0.0047
2026-08-05 08:30:05.367,42.200000,161,12,0.282768,0.0073,-48.46,0,0,0,63.0122,0.226,0.66812,0,0,0,0,0,0.150288,0.005536,0.137866,0.009422,0.122966,0.012493,0.105927,0.014114,0.084784,0.014233,0.062370,0.012664,0.038798,0.009770,0.016778,48.46,-23.82,133.39,73.68,-137.91,164.77,-50.14,-107.46,38.22,-19.68,126.99,66.85,-145.19,148.26,-59.80,0.0298,0.0022,0.0107,0.0061,0.0071,0.0027,0.0077,0.0013,0.0040,0.0032,0.0044,0.0030,0.0028,0.0061,0.0047
2026-08-05 08:30:05.367,42.216667,161,13,0.283668,0.0093,33.08,0,0,0,63.0122,0.226,0.66812,0,0,0,0,0,0.150850,0.004861,0.138425,0.008048,0.123521,0.010443,0.106488,0.011660,0.085368,0.011667,0.062927,0.010088,0.039223,0.007473,0.016975,-33.08,165.88,-111.19,102.31,174.55,31.72,99.32,-42.58,24.66,-118.21,-49.35,164.73,-124.18,82.96,158.93,0.0298,0.0022,0.0107,0.0061,0.0071,0.0027,0.0077,0.0013,0.0040,0.0032,0.0044,0.0030,0.0028,0.0061,0.0047
2026-08-05 08:30:05.367,42.233333,161,14,0.315595,-0.0024,131.77,0,0,0,63.0122,0.226,0.66812,0,0,0,0,0,0.168399,0.005470,0.154968,0.008974,0.138083,0.011320,0.118144,0.012363,0.093856,0.011831,0.068170,0.009532,0.041595,0.006353,0.017391,-131.77,-32.34,-46.49,67.03,42.45,158.58,130.70,-114.21,-140.21,-27.01,-49.87,56.20,41.69,129.08,140.81,0.0298,0.0022,0.0107,0.0061,0.0071,0.0027,0.0077,0.0013,0.0040,0.0032,0.0044,0.0030,0.0028,0.0061,0.0047
2026-08-05 08:30:05.367,42.250000,161,15,0.293442,0.0121,-20.01,0,0,0,63.0122,0.226,0.66812,0,0,0,0,0,0.155661,0.004509,0.143326,0.006978,0.128130,0.008825,0.110495,0.009335,0.088928,0.008749,0.066028,0.006778,0.041837,0.003595,0.019115,20.01,-21.01,48.34,-3.41,80.49,24.05,111.72,53.79,143.63,86.71,176.31,123.81,-151.10,170.28,-117.65,0.0298,0.0022,0.0107,0.0061,0.0071,0.0027,0.0077,0.0013,0.0040,0.0032,0.0044,0.0030,0.0028,0.0061,0.0047
2026-08-05 08:30:05.367,42.266667,161,16,0.288715,0.0106,80.80,0,0,0,63.0122,0.226,0.66812,0,0,0,0,0,0.153158,0.005072,0.140635,0.008868,0.125754,0.011906,0.108439,0.013225,0.087066,0.012959,0.064539,0.011064,0.040556,0.007566,0.018204,-80.80,88.09,105.69,-74.15,-64.00,119.64,125.43,-48.19,-44.63,144.18,145.96,-22.02,-23.80,173.38,165.54,0.0298,0.0022,0.0107,0.0061,0.0071,0.0027,0.0077,0.0013,0.0040,0.0032,0.0044,0.0030,0.0028,0.0061,0.0047
2026-08-05 08:30:05.367,42.283333,161,17,0.294029,-0.0138,176.66,0,0,0,63.0122,0.226,0.66812,0,0,0,0,0,0.155225,0.003973,0.142835,0.006901,0.128138,0.009202,0.111025,0.010182,0.089978,0.009924,0.067588,0.008398,0.043510,0.005481,0.021101,-176.66,-102.48,178.22,-100.01,176.79,-99.93,174.57,-101.54,172.72,-104.44,171.58,-106.73,169.56,-114.60,165.89,0.0298,0.0022,0.0107,0.0061,0.0071,0.0027,0.0077,0.0013,0.0040,0.0032,0.0044,0.0030,0.0028,0.0061,0.0047
2026-08-05 08:30:05.367,42.300000,161,18,0.289440,0.0016,-170.50,0,0,0,63.0122,0.226,0.66812,0,0,0,0,0,0.154975,0.004751,0.142252,0.006715,0.126550,0.008331,0.108251,0.008486,0.085846,0.007524,0.062248,0.005412,0.037501,0.002314,0.014723,170.50,-71.55,139.64,-115.04,112.57,-147.26,84.56,-177.31,56.86,156.44,29.76,137.74,1.45,143.30,-30.77,0.0298,0.0022,0.0107,0.0061,0.0071,0.0027,0.0077,0.0013,0.0040,0.0032,0.0044,0.0030,0.0028,0.0061,0.0047
2026-08-05 08:30:05.367,42.316667,161,19,0.288452,-0.0268,-174.36,0,0,0,63.0122,0.226,0.66812,0,0,0,0,0,0.153658,0.004413,0.141111,0.007556,0.126004,0.009729,0.108362,0.010753,0.086454,0.010533,0.063675,0.009201,0.039225,0.006333,0.016709,174.36,-81.82,151.29,-114.74,132.01,-140.04,111.90,-163.32,92.27,174.13,73.37,152.07,54.11,127.70,33.94,0.0298,0.0022,0.0107,0.0061,0.0071,0.0027,0.0077,0.0013,0.0040,0.0032,0.0044,0.0030,0.0028,0.0061,0.0047
2026-08-05 08:30:05.367,42.333333,161,20,0.375307,0.0038,-107.22,0,0,0,63.0122,0.226,0.66812,0,0,0,0,0,0.198622,0.028679,0.184313,0.025225,0.163236,0.021197,0.138060,0.015507,0.107732,0.010959,0.076506,0.008546,0.045757,0.010290,0.022426,107.22,-150.13,-48.57,56.88,159.20,-91.03,6.66,123.07,-144.24,-10.45,67.20,-129.50,-74.65,107.03,165.70,0.0298,0.0022,0.0107,0.0061,0.0071,0.0027,0.0077,0.0013,0.0040,0.0032,0.0044,0.0030,0.0028,0.0061,0.0047
2026-08-05 08:30:05.367,42.350000,161,21,0.352019,-0.0080,149.13,0,0,0,63.0122,0.226,0.66812,0,0,0,0,0,0.188896,0.006290,0.173906,0.008285,0.154475,0.009706,0.131269,0.009903,0.102573,0.008541,0.073324,0.006326,0.043455,0.002904,0.018812,-149.13,16.31,-97.95,52.42,-43.26,97.66,11.08,146.63,66.46,-160.93,123.88,-103.63,-174.35,-22.91,-95.04,0.0298,0.0022,0.0107,0.0061,0.0071,0.0027,0.0077,0.0013,0.0040,0.0032,0.0044,0.0030,0.0028,0.0061,0.0047
2026-08-05 08:30:05.367,42.366667,161,22,0.311787,-0.0036,178.75,0,0,0,63.0122,0.226,0.66812,0,0,0,0,0,0.166856,0.004371,0.153134,0.007005,0.136559,0.009049,0.116930,0.009895,0.092651,0.009485,0.067351,0.008100,0.040765,0.005348,0.016330,-178.75,-68.59,172.47,-88.22,167.33,-100.93,161.45,-112.90,156.25,-124.30,151.96,-137.41,148.74,-155.66,148.73,0.0298,0.0022,0.0107,0.0061,0.0071,0.0027,0.0077,0.0013,0.0040,0.0032,0.0044,0.0030,0.0028,0.0061,0.0047
2026-08-05 08:30:05.367,42.383333,161,23,0.342181,0.0107,-87.74,0,0,0,63.0122,0.226,0.66812,0,0,0,0,0,0.184936,0.004392,0.169772,0.007621,0.150260,0.009847,0.126616,0.010418,0.098068,0.009231,0.068779,0.006841,0.039011,0.003122,0.014850,87.74,80.61,-107.47,-113.07,60.89,55.76,-131.25,-136.51,37.88,34.09,-151.28,-154.29,24.43,38.76,-136.66,0.0298,0.0022,0.0107,0.0061,0.0071,0.0027,0.0077,0.0013,0.0040,0.0032,0.0044,0.0030,0.0028,0.0061,0.0047
2026-08-05 08:30:05.367,42.400000,161,24,0.388012,-0.0099,-153.52,0,0,0,63.0122,0.226,0.66812,0,0,0,0,0,0.209451,0.024746,0.191302,0.026148,0.168668,0.027264,0.139892,0.026802,0.106269,0.024389,0.071923,0.020171,0.038772,0.015336,0.016175,153.52,143.37,90.48,98.54,30.91,53.29,-29.07,4.15,-87.47,-43.38,-143.60,-90.59,168.21,-128.15,157.05,0.0298,0.0022,0.0107,0.0061,0.0071,0.0027,0.0077,0.0013,0.0040,0.0032,0.0044,0.0030,0.0028,0.0061,0.0047
2026-08-05 08:30:05.367,42.416667,161,25,0.294333,-0.0164,172.47,0,0,0,63.0122,0.226,0.66812,0,0,0,0,0,0.156851,0.010257,0.143656,0.013089,0.128033,0.015627,0.109583,0.016896,0.086949,0.016256,0.063301,0.014050,0.038178,0.009942,0.015088,-172.47,-136.76,-169.18,-112.49,-162.10,-94.48,-155.88,-82.05,-148.95,-70.32,-141.48,-60.79,-133.38,-50.26,-125.20,0.0298,0.0022,0.0107,0.0061,0.0071,0.0027,0.0077,0.0013,0.0040,0.0032,0.0044,0.0030,0.0028,0.0061,0.0047
2026-08-05 08:30:05.367,42.433333,161,26,0.280222,-0.0044,-168.15,0,0,0,63.0122,0.226,0.66812,0,0,0,0,0,0.149199,0.006040,0.136842,0.007802,0.122157,0.009288,0.105159,0.009807,0.084378,0.009343,0.062198,0.007723,0.038772,0.004824,0.017377,168.15,-173.84,132.44,170.51,100.52,148.54,67.58,120.80,34.93,91.72,2.38,57.65,-31.49,19.38,-73.54,0.0298,0.0022,0.0107,0.0061,0.0071,0.0027,0.0077,0.0013,0.0040,0.0032,0.0044,0.0030,0.0028,0.0061,0.0047
2026-08-05 08:30:05.367,42.450000,161,27,0.277715,0.0042,-77.83,0,0,0,63.0122,0.226,0.66812,0,0,0,0,0,0.148069,0.006697,0.135553,0.009207,0.120958,0.011298,0.103991,0.012229,0.083112,0.011669,0.061010,0.009553,0.037731,0.006055,0.016001,77.83,11.90,-138.56,176.08,8.87,-26.68,155.36,124.60,-57.70,-83.68,89.68,65.43,-123.09,-143.88,19.43,0.0298,0.0022,0.0107,0.0061,0.0071,0.0027,0.0077,0.0013,0.0040,0.0032,0.0044,0.0030,0.0028,0.0061,0.0047
2026-08-05 08:30:05.367,42.466667,161,28,0.263429,0.0044,65.17,0,0,0,63.0122,0.226,0.66812,0,0,0,0,0,0.138805,0.007444,0.127106,0.010318,0.113841,0.012717,0.098915,0.014083,0.080287,0.013986,0.060450,0.012451,0.039146,0.009333,0.019508,-65.17,83.65,151.82,-36.24,12.83,-164.97,-127.25,61.94,92.97,-72.50,-46.55,151.65,172.47,16.65,24.98,0.0298,0.0022,0.0107,0.0061,0.0071,0.0027,0.0077,0.0013,0.0040,0.0032,0.0044,0.0030,0.0028,0.0061,0.0047
2026-08-05 08:30:05.367,42.483333,161,29,0.284519,0.0010,-92.56,0,0,0,63.0122,0.226,0.66812,0,0,0,0,0,0.150825,0.010036,0.138291,0.013396,0.123324,0.016083,0.106239,0.017599,0.085044,0.017291,0.062696,0.015026,0.039215,0.011178,0.017155,92.56,34.46,-94.50,-130.90,82.33,55.46,-101.77,-121.74,74.47,58.12,-108.60,-122.88,67.64,55.15,-120.31,0.0298,0.0022,0.0107,0.0061,0.0071,0.0027,0.0077,0.0013,0.0040,0.0032,0.0044,0.0030,0.0028,0.0061,0.0047
2026-08-05 08:30:05.880,42.500000,162,0,0.291410,0.0036,56.20,0,0,0,63.0122,0.258,2.15517,0,0,0,0,0,0.155450,0.004507,0.143124,0.007799,0.127232,0.009877,0.109309,0.010949,0.087037,0.010746,0.063387,0.008730,0.038875,0.006063,0.015955,-56.20,177.61,179.59,42.45,59.01,-84.24,-62.34,152.15,176.45,27.27,55.99,-97.07,-65.65,137.54,165.94,0.0129,0.0207,0.0044,0.0027,0.0015,0.0074,0.0046,0.0062,0.0056,0.0016,0.0047,0.0048,0.0030,0.0070,0.0082
2026-08-05 08:30:05.880,42.516667,162,1,0.310459,-0.0060,172.24,0,0,0,63.0122,0.258,2.15517,0,0,0,0,0,0.167341,0.005587,0.153602,0.009550,0.135947,0.012262,0.115372,0.013442,0.089989,0.012724,0.063540,0.010067,0.036539,0.006089,0.011518,-172.24,-104.45,-168.02,-87.14,-160.20,-76.39,-153.01,-66.66,-145.33,-58.98,-136.41,-51.40,-126.51,-42.69,-112.05,0.0129,0.0207,0.0044,0.0027,0.0015,0.0074,0.0046,0.0062,0.0056,0.0016,0.0047,0.0048,0.0030,0.0070,0.0082
2026-08-05 08:30:05.880,42.533333,162,2,0.286487,0.0115,-76.58,0,0,0,63.0122,0.258,2.15517,0,0,0,0,0,0.152704,0.004617,0.140185,0.007721,0.124956,0.009779,0.107544,0.010906,0.085589,0.010646,0.062794,0.008653,0.038753,0.005898,0.015931,76.58,27.02,-142.12,-176.85,3.09,-28.18,147.46,119.02,-67.60,-96.67,78.57,47.28,-134.62,-169.18,14.62,0.0129,0.0207,0.0044,0.0027,0.0015,0.0074,0.0046,0.0062,0.0056,0.0016,0.0047,0.0048,0.0030,0.0070,0.0082
2026-08-05 08:30:05.880,42.550000,162,3,0.287874,0.0114,19.99,0,0,0,63.0122,0.258,2.15517,0,0,0,0,0,0.152447,0.011418,0.140496,0.011928,0.125385,0.011895,0.108165,0.011212,0.086711,0.009742,0.064086,0.007331,0.040169,0.004319,0.017451,-19.99,-65.55,-71.60,-129.93,-119.60,168.54,-168.20,109.24,143.66,50.43,96.54,-8.58,49.80,-74.03,3.30,0.0129,0.0207,0.0044,0.0027,0.0015,0.0074,0.0046,0.0062,0.0056,0.0016,0.0047,0.0048,0.0030,0.0070,0.0082
2026-08-05 08:30:05.880,42.566667,162,4,0.287020,-0.0015,-67.09,0,0,0,63.0122,0.258,2.15517,0,0,0,0,0,0.153455,0.005039,0.140676,0.008695,0.125163,0.011160,0.107328,0.012395,0.085203,0.012070,0.061950,0.010068,0.037624,0.006908,0.014618,67.09,9.64,-170.56,147.78,-44.36,-80.89,81.04,48.02,-153.14,175.96,-26.28,-54.46,100.82,76.08,-131.38,0.0129,0.0207,0.0044,0.0027,0.0015,0.0074,0.0046,0.0062,0.0056,0.0016,0.0047,0.0048,0.0030,0.0070,0.0082
2026-08-05 08:30:05.880,42.583333,162,5,0.308234,-0.0101,-152.45,0,0,0,63.0122,0.258,2.15517,0,0,0,0,0,0.162592,0.018522,0.150172,0.016688,0.134398,0.013277,0.115738,0.008876,0.092652,0.004319,0.068481,0.002132,0.043019,0.005405,0.018659,152.45,-66.57,86.43,-134.94,23.72,155.76,-39.49,84.45,-102.12,3.02,-163.68,-149.95,135.25,97.55,76.01,0.0129,0.0207,0.0044,0.0027,0.0015,0.0074,0.0046,0.0062,0.0056,0.0016,0.0047,0.0048,0.0030,0.0070,0.0082
2026-08-05 08:30:05.880,42.600000,162,6,0.243505,-0.0141,-166.63,0,0,0,63.0122,0.258,2.15517,0,0,0,0,0,0.127475,0.018989,0.116263,0.019373,0.103307,0.018710,0.090018,0.017088,0.073373,0.015155,0.055463,0.012205,0.036673,0.008389,0.020331,166.63,160.05,125.49,137.66,88.84,112.91,51.09,88.27,12.81,64.00,-25.76,39.84,-67.93,17.98,-122.21,0.0129,0.0207,0.0044,0.0027,0.0015,0.0074,0.0046,0.0062,0.0056,0.0016,0.0047,0.0048,0.0030,0.0070,0.0082
2026-08-05 08:30:05.880,42.616667,162,7,0.187943,0.0075,6.79,0,0,0,63.0122,0.258,2.15517,0,0,0,0,0,0.093925,0.003544,0.085627,0.005597,0.077558,0.007182,0.070824,0.008216,0.061597,0.008702,0.051077,0.008325,0.039296,0.007221,0.028418,-6.79,-154.81,-36.86,-161.22,-61.84,-179.80,-88.02,160.04,-114.14,138.09,-140.17,114.27,-168.92,87.27,156.94,0.0129,0.0207,0.0044,0.0027,0.0015,0.0074,0.0046,0.0062,0.0056,0.0016,0.0047,0.0048,0.0030,0.0070,0.0082
2026-08-05 08:30:05.880,42.633333,162,8,0.199313,0.0041,43.32,0,0,0,63.0122,0.258,2.15517,0,0,0,0,0,0.099460,0.012549,0.091136,0.011567,0.082832,0.009687,0.075254,0.007243,0.064977,0.004368,0.053482,0.001528,0.040728,0.001295,0.028945,-43.32,-96.94,-145.15,164.96,117.57,67.78,19.05,-30.96,-79.49,-132.08,-177.74,120.33,81.33,-125.11,-25.70,0.0129,0.0207,0.0044,0.0027,0.0015,0.0074,0.0046,0.0062,0.0056,0.0016,0.0047,0.0048,0.0030,0.0070,0.0082
2026-08-05 08:30:05.880,42.650000,162,9,0.479023,0.0213,-77.37,0,0,0,63.0122,0.258,2.15517,0,0,0,0,0,0.255077,0.021870,0.235276,0.025418,0.206966,0.027971,0.171828,0.028581,0.130852,0.026969,0.090510,0.022962,0.055778,0.017536,0.040000,77.37,-6.46,-137.08,159.21,11.81,-41.54,161.21,115.25,-47.10,-88.87,109.20,68.86,-82.89,-128.26,107.34,0.0129,0.0207,0.0044,0.0027,0.0015,0.0074,0.0046,0.0062,0.0056,0.0016,0.0047,0.0048,0.0030,0.0070,0.0082
2026-08-05 08:30:05.880,42.666667,162,10,0.346640,-0.0059,113.10,0,0,0,63.0122,0.258,2.15517,0,0,0,0,0,0.186348,0.005020,0.171837,0.008631,0.152295,0.010839,0.128906,0.011554,0.100502,0.010454,0.071115,0.007661,0.041285,0.003538,0.015142,-113.10,61.02,10.18,175.52,136.88,-63.47,-96.86,60.36,30.29,-175.41,159.14,-49.46,-68.85,79.94,80.68,0.0129,0.0207,0.0044,0.0027,0.0015,0.0074,0.0046,0.0062,0.0056,0.0016,0.0047,0.0048,0.0030,0.0070,0.0082
2026-08-05 08:30:05.880,42.683333,162,11,0.395074,-0.0103,-138.22,0,0,0,63.0122,0.258,2.15517,0,0,0,0,0,0.212953,0.005587,0.196238,0.008890,0.173160,0.010891,0.144985,0.011343,0.111344,0.009966,0.077318,0.006860,0.045241,0.002724,0.024479,138.22,142.30,44.69,66.96,-45.44,-20.25,-135.53,-108.43,136.04,161.03,50.94,72.60,-25.73,-6.81,-73.96,0.0129,0.0207,0.0044,0.0027,0.0015,0.0074,0.0046,0.0062,0.0056,0.0016,0.0047,0.0048,0.0030,0.0070,0.0082
2026-08-05 08:30:05.880,42.700000,162,12,0.265306,0.0216,10.01,0,0,0,63.0122,0.258,2.15517,0,0,0,0,0,0.137665,0.018569,0.126715,0.016818,0.114292,0.013965,0.100370,0.010562,0.082580,0.006558,0.063658,0.003205,0.043053,0.003119,0.023572,-10.01,-33.10,-42.43,-65.61,-70.89,-99.90,-100.18,-135.57,-129.60,-177.33,-158.29,120.40,171.54,13.18,136.52,0.0129,0.0207,0.0044,0.0027,0.0015,0.0074,0.0046,0.0062,0.0056,0.0016,0.0047,0.0048,0.0030,0.0070,0.0082
2026-08-05 08:30:05.880,42.716667,162,13,0.207863,-0.0042,-173.11,0,0,0,63.0122,0.258,2.15517,0,0,0,0,0,0.105278,0.013105,0.096467,0.012073,0.087353,0.010088,0.078543,0.007727,0.066876,0.005070,0.053953,0.002551,0.039882,0.001744,0.027156,173.11,-25.87,144.42,-53.68,120.38,-81.20,95.13,-110.33,69.72,-144.96,44.63,167.58,16.44,68.20,-18.31,0.0129,0.0207,0.0044,0.0027,0.0015,0.0074,0.0046,0.0062,0.0056,0.0016,0.0047,0.0048,0.0030,0.0070,0.0082
2026-08-05 08:30:05.880,42.733333,162,14,0.188208,0.0016,113.63,0,0,0,63.0122,0.258,2.15517,0,0,0,0,0,0.093237,0.004675,0.085308,0.005811,0.077660,0.006560,0.071009,0.007309,0.061910,0.007848,0.051639,0.007857,0.040190,0.007598,0.029580,-113.63,95.99,2.34,-165.03,123.47,-58.99,-116.64,49.68,3.49,159.85,124.06,-88.68,-118.38,22.91,-5.53,0.0129,0.0207,0.0044,0.0027,0.0015,0.0074,0.0046,0.0062,0.0056,0.0016,0.0047,0.0048,0.0030,0.0070,0.0082
2026-08-05 08:30:05.880,42.750000,162,15,0.200013,0.0007,-72.59,0,0,0,63.0122,0.258,2.15517,0,0,0,0,0,0.100343,0.007539,0.091740,0.009842,0.082986,0.012075,0.074935,0.013617,0.064186,0.014228,0.052264,0.013439,0.039105,0.011636,0.027280,72.59,-13.85,-158.71,141.16,-25.07,-74.15,107.32,66.30,-120.29,-155.48,12.44,-18.90,142.20,116.18,-94.36,0.0129,0.0207,0.0044,0.0027,0.0015,0.0074,0.0046,0.0062,0.0056,0.0016,0.0047,0.0048,0.0030,0.0070,0.0082
2026-08-05 08:30:05.880,42.766667,162,16,0.189057,-0.0035,-134.56,0,0,0,63.0122,0.258,2.15517,0,0,0,0,0,0.093156,0.004411,0.085205,0.004562,0.077865,0.004459,0.071688,0.004481,0.062926,0.004502,0.053107,0.004414,0.041848,0.004590,0.031205,134.56,-116.94,27.04,124.09,-75.33,4.16,-178.78,-114.37,77.87,125.99,-24.94,8.17,-130.17,-112.29,120.16,0.0129,0.0207,0.0044,0.0027,0.0015,0.0074,0.0046,0.0062,0.0056,0.0016,0.0047,0.0048,0.0030,0.0070,0.0082
2026-08-05 08:30:05.880,42.783333,162,17,0.196772,-0.0036,112.52,0,0,0,63.0122,0.258,2.15517,0,0,0,0,0,0.097635,0.007261,0.089485,0.006759,0.081621,0.005591,0.074628,0.004281,0.065014,0.002797,0.054250,0.001204,0.042024,0.000890,0.030511,-112.52,123.55,6.50,-115.89,130.45,7.30,-106.82,127.68,15.86,-115.75,138.89,-12.67,-100.82,2.80,14.13,0.0129,0.0207,0.0044,0.0027,0.0015,0.0074,0.0046,0.0062,0.0056,0.0016,0.0047,0.0048,0.0030,0.0070,0.0082
2026-08-05 08:30:05.880,42.800000,162,18,0.209266,-0.0099,-133.13,0,0,0,63.0122,0.258,2.15517,0,0,0,0,0,0.102097,0.006418,0.093946,0.006259,0.086180,0.005757,0.079230,0.005194,0.069638,0.004456,0.058719,0.003557,0.046224,0.002581,0.034125,133.13,-104.82,24.10,148.09,-80.26,43.20,174.23,-64.11,68.75,-173.88,-36.44,77.63,-144.11,-37.14,103.67,0.0129,0.0207,0.0044,0.0027,0.0015,0.0074,0.0046,0.0062,0.0056,0.0016,0.0047,0.0048,0.0030,0.0070,0.0082
2026-08-05 08:30:05.880,42.816667,162,19,0.230021,-0.0009,-107.05,0,0,0,63.0122,0.258,2.15517,0,0,0,0,0,0.115465,0.010676,0.105999,0.011342,0.096394,0.012025,0.086628,0.012201,0.073643,0.011784,0.059560,0.011105,0.043596,0.009660,0.027840,107.05,-140.15,-52.59,75.05,152.22,-70.78,-4.19,140.81,-160.34,-9.31,43.46,-161.70,-114.78,44.94,81.90,0.0129,0.0207,0.0044,0.0027,0.0015,0.0074,0.0046,0.0062,0.0056,0.0016,0.0047,0.0048,0.0030,0.0070,0.0082
2026-08-05 08:30:05.880,42.833333,162,20,0.233200,0.0012,44.00,0,0,0,63.0122,0.258,2.15517,0,0,0,0,0,0.117827,0.008535,0.108288,0.009364,0.098649,0.010002,0.088688,0.010433,0.075447,0.010550,0.061172,0.010230,0.044864,0.009347,0.028393,-44.00,-80.44,-145.95,-165.64,116.62,107.03,18.11,16.27,-80.20,-76.12,-178.03,-170.66,82.92,92.89,-19.89,0.0129,0.0207,0.0044,0.0027,0.0015,0.0074,0.0046,0.0062,0.0056,0.0016,0.0047,0.0048,0.0030,0.0070,0.0082
2026-08-05 08:30:05.880,42.850000,162,21,0.237762,0.0497,15.28,0,0,0,63.0122,0.258,2.15517,0,0,0,0,0,0.121441,0.006393,0.111356,0.007413,0.101451,0.006673,0.090352,0.007067,0.076543,0.006541,0.061036,0.006193,0.043747,0.005720,0.026658,-15.28,120.99,-61.38,65.77,-101.87,8.35,-144.23,-46.24,174.00,-98.49,132.97,-155.36,90.33,154.56,45.26,0.0129,0.0207,0.0044,0.0027,0.0015,0.0074,0.0046,0.0062,0.0056,0.0016,0.0047,0.0048,0.0030,0.0070,0.0082
2026-08-05 08:30:05.880,42.866667,162,22,0.236279,-0.0018,104.20,0,0,0,63.0122,0.258,2.15517,0,0,0,0,0,0.120588,0.006977,0.110967,0.006170,0.100708,0.005275,0.090161,0.004235,0.076281,0.003569,0.061244,0.003468,0.044379,0.003998,0.027330,-104.20,-47.68,33.07,86.06,174.90,-145.08,-44.35,-20.77,96.68,96.43,-121.68,-150.87,18.79,-31.99,155.83,0.0129,0.0207,0.0044,0.0027,0.0015,0.0074,0.0046,0.0062,0.0056,0.0016,0.0047,0.0048,0.0030,0.0070,0.0082
2026-08-05 08:30:05.880,42.883333,162,23,0.269572,0.0031,77.13,0,0,0,63.0122,0.258,2.15517,0,0,0,0,0,0.137812,0.024309,0.126987,0.022116,0.114828,0.019000,0.101243,0.015314,0.084010,0.011881,0.065592,0.009626,0.045318,0.009163,0.025176,-77.13,22.11,114.84,-134.39,-48.86,70.34,146.61,-81.90,-17.57,132.17,179.00,-5.51,15.26,-139.86,-149.25,0.0129,0.0207,0.0044,0.0027,0.0015,0.0074,0.0046,0.0062,0.0056,0.0016,0.0047,0.0048,0.0030,0.0070,0.0082
2026-08-05 08:30:05.880,42.900000,162,24,0.253328,0.0052,-93.89,0,0,0,63.0122,0.258,2.15517,0,0,0,0,0,0.128013,0.008522,0.118288,0.007229,0.107844,0.005449,0.096827,0.003599,0.082590,0.002395,0.067022,0.003451,0.049537,0.005055,0.031665,93.89,-5.33,-91.97,168.13,86.48,-22.98,-95.95,136.40,81.91,-90.68,-99.50,40.34,78.47,-157.60,-105.48,0.0129,0.0207,0.0044,0.0027,0.0015,0.0074,0.0046,0.0062,0.0056,0.0016,0.0047,0.0048,0.0030,0.0070,0.0082
2026-08-05 08:30:05.880,42.916667,162,25,0.247958,-0.0032,79.21,0,0,0,63.0122,0.258,2.15517,0,0,0,0,0,0.126168,0.001860,0.116227,0.003605,0.105740,0.005219,0.094571,0.006648,0.079906,0.007560,0.064067,0.008170,0.046226,0.008126,0.028067,-79.21,-76.54,108.91,104.95,-58.53,-69.64,133.11,117.04,-34.86,-55.33,157.93,132.39,-9.46,-39.30,-177.95,0.0129,0.0207,0.0044,0.0027,0.0015,0.0074,0.0046,0.0062,0.0056,0.0016,0.0047,0.0048,0.0030,0.0070,0.0082
2026-08-05 08:30:05.880,42.933333,162,26,0.258729,0.0028,-65.79,0,0,0,63.0122,0.258,2.15517,0,0,0,0,0,0.134929,0.011379,0.123978,0.010273,0.111660,0.008714,0.097897,0.006527,0.080487,0.004228,0.062049,0.001917,0.041771,0.001554,0.022106,65.79,-60.12,-175.92,60.79,-53.42,-179.60,68.07,-57.34,-170.31,69.27,-48.28,-147.94,72.61,58.18,-171.55,0.0129,0.0207,0.0044,0.0027,0.0015,0.0074,0.0046,0.0062,0.0056,0.0016,0.0047,0.0048,0.0030,0.0070,0.0082
2026-08-05 08:30:05.880,42.950000,162,27,0.256432,0.0044,106.86,0,0,0,63.0122,0.258,2.15517,0,0,0,0,0,0.135706,0.005034,0.124422,0.008406,0.111117,0.011149,0.096348,0.012504,0.077757,0.012019,0.058382,0.010255,0.037735,0.007212,0.017932,-106.86,-104.05,26.65,20.49,164.26,153.95,-59.15,-70.59,77.54,66.60,-145.45,-156.69,-9.62,-19.25,120.38,0.0129,0.0207,0.0044,0.0027,0.0015,0.0074,0.0046,0.0062,0.0056,0.0016,0.0047,0.0048,0.0030,0.0070,0.0082
2026-08-05 08:30:05.880,42.966667,162,28,0.237826,-0.0047,-147.33,0,0,0,63.0122,0.258,2.15517,0,0,0,0,0,0.123650,0.007641,0.113328,0.009607,0.101906,0.011697,0.089598,0.012757,0.074027,0.012734,0.057497,0.011632,0.039484,0.009549,0.022117,147.33,-41.34,68.74,-95.49,-5.53,-157.30,-81.05,136.20,-156.57,68.32,128.08,-1.35,50.98,-70.82,-32.12,0.0129,0.0207,0.0044,0.0027,0.0015,0.0074,0.0046,0.0062,0.0056,0.0016,0.0047,0.0048,0.0030,0.0070,0.0082
2026-08-05 08:30:05.880,42.983333,162,29,0.245112,0.0027,74.67,0,0,0,63.0122,0.258,2.15517,0,0,0,0,0,0.125919,0.009255,0.115709,0.012870,0.104333,0.016055,0.092050,0.018096,0.076410,0.018522,0.060019,0.017363,0.041853,0.014809,0.024153,-74.67,-119.31,123.04,103.09,-35.07,-43.64,165.75,165.16,6.62,12.37,-152.17,-141.26,47.73,65.29,-116.67,0.0129,0.0207,0.0044,0.0027,0.0015,0.0074,0.0046,0.0062,0.0056,0.0016,0.0047,0.0048,0.0030,0.0070,0.0082
