host_time,t_s,seq,cycle,irms,p_w,phase_deg,range,over_count,over_range,freq_hz,vrms,thd_v,pll_locked,cal_applied,win_range,win_over_range_count,win_clip_volt_count,ih1,ih2,ih3,ih4,ih5,ih6,ih7,ih8,ih9,ih10,ih11,ih12,ih13,ih14,ih15,ihdeg1,ihdeg2,ihdeg3,ihdeg4,ihdeg5,ihdeg6,ihdeg7,ihdeg8,ihdeg9,ihdeg10,ihdeg11,ihdeg12,ihdeg13,ihdeg14,ihdeg15,vh1,vh2,vh3,vh4,vh5,vh6,vh7,vh8,vh9,vh10,vh11,vh12,vh13,vh14,vh15
2026-08-05 09:30:06.641,0.000000,53,0,0.439683,0.0146,102.70,0,0,0,60.0000,0.232,1.73459,0,0,0,0,0,0.238798,0.028905,0.216380,0.051816,0.185113,0.064690,0.146074,0.067340,0.103383,0.058457,0.063910,0.041165,0.030365,0.020519,0.013451,-102.70,-106.77,42.40,33.47,-169.22,178.96,-21.26,-33.31,128.50,116.21,-79.13,-88.20,82.69,83.55,-79.16,0.0101,0.0038,0.0039,0.0025,0.0034,0.0026,0.0071,0.0045,0.0025,0.0059,0.0036,0.0064,0.0015,0.0052,0.0077
2026-08-05 09:30:06.641,0.016667,53,1,0.425012,0.0102,-54.51,0,0,0,60.0000,0.232,1.73459,0,0,0,0,0,0.229877,0.028947,0.208342,0.052351,0.178135,0.065868,0.139974,0.069361,0.098652,0.061475,0.060650,0.044305,0.027904,0.022918,0.011638,54.51,-158.85,153.86,-61.71,-103.55,39.27,-1.36,141.65,102.78,-115.01,-150.65,-6.65,-34.90,114.08,123.43,0.0101,0.0038,0.0039,0.0025,0.0034,0.0026,0.0071,0.0045,0.0025,0.0059,0.0036,0.0064,0.0015,0.0052,0.0077
2026-08-05 09:30:06.641,0.033333,53,2,0.408326,0.0169,148.42,0,0,0,60.0000,0.232,1.73459,0,0,0,0,0,0.220930,0.025985,0.200820,0.046597,0.172154,0.058692,0.136774,0.061930,0.097893,0.054546,0.061448,0.039246,0.029279,0.020049,0.009861,-148.42,155.56,-95.33,-153.08,-38.96,-97.82,17.00,-41.48,74.37,16.41,133.62,79.67,-160.82,156.88,-60.11,0.0101,0.0038,0.0039,0.0025,0.0034,0.0026,0.0071,0.0045,0.0025,0.0059,0.0036,0.0064,0.0015,0.0052,0.0077
2026-08-05 09:30:06.641,0.050000,53,3,0.382903,-0.0001,178.56,0,0,0,60.0000,0.232,1.73459,0,0,0,0,0,0.203867,0.042018,0.185283,0.047709,0.161328,0.050293,0.132284,0.048233,0.099227,0.040244,0.067107,0.027126,0.038482,0.009545,0.018220,-178.56,151.38,173.30,128.09,169.03,111.70,164.30,99.22,160.95,90.66,160.54,86.02,164.79,96.75,-170.66,0.0101,0.0038,0.0039,0.0025,0.0034,0.0026,0.0071,0.0045,0.0025,0.0059,0.0036,0.0064,0.0015,0.0052,0.0077
2026-08-05 09:30:06.641,0.066667,53,4,0.264575,-0.0066,140.93,0,0,0,60.0000,0.232,1.73459,0,0,0,0,0,0.134639,0.016745,0.123389,0.024960,0.109614,0.031726,0.094875,0.035942,0.076998,0.035737,0.057782,0.032638,0.039887,0.025156,0.022586,-140.93,-160.54,-76.48,-110.39,-7.55,-51.18,60.45,10.30,129.05,73.86,-160.68,137.49,-90.84,-165.62,-20.06,0.0101,0.0038,0.0039,0.0025,0.0034,0.0026,0.0071,0.0045,0.0025,0.0059,0.0036,0.0064,0.0015,0.0052,0.0077
2026-08-05 09:30:06.641,0.083333,53,5,0.353540,-0.0041,17.04,0,0,0,60.0000,0.232,1.73459,0,0,0,0,0,0.186816,0.033157,0.169899,0.052259,0.143575,0.066146,0.113145,0.070582,0.079261,0.064775,0.047795,0.050813,0.022024,0.029455,0.008808,-17.04,17.33,-62.78,-10.65,-104.84,-47.03,-148.28,-86.36,167.71,-125.91,122.56,-165.35,67.82,154.30,-38.44,0.0101,0.0038,0.0039,0.0025,0.0034,0.0026,0.0071,0.0045,0.0025,0.0059,0.0036,0.0064,0.0015,0.0052,0.0077
2026-08-05 09:30:06.641,0.100000,53,6,0.350921,0.0088,-49.42,0,0,0,60.0000,0.232,1.73459,0,0,0,0,0,0.187245,0.022709,0.170990,0.039631,0.147434,0.051407,0.120321,0.055429,0.089383,0.050981,0.059565,0.039696,0.032598,0.022464,0.011672,49.42,-165.58,137.17,-81.04,-131.66,7.91,-41.34,97.19,49.15,-171.88,140.75,-81.01,-129.30,7.44,-42.33,0.0101,0.0038,0.0039,0.0025,0.0034,0.0026,0.0071,0.0045,0.0025,0.0059,0.0036,0.0064,0.0015,0.0052,0.0077
2026-08-05 09:30:06.641,0.116667,53,7,0.367337,0.0095,38.40,0,0,0,60.0000,0.232,1.73459,0,0,0,0,0,0.197191,0.023969,0.179128,0.043484,0.153696,0.056736,0.124686,0.060260,0.091058,0.054492,0.058370,0.042119,0.030184,0.023483,0.009646,-38.40,9.70,-126.37,-77.57,148.81,-162.03,63.34,112.93,-21.71,28.25,-106.20,-56.49,165.62,-140.96,68.68,0.0101,0.0038,0.0039,0.0025,0.0034,0.0026,0.0071,0.0045,0.0025,0.0059,0.0036,0.0064,0.0015,0.0052,0.0077
2026-08-05 09:30:06.641,0.133333,53,8,0.382885,-0.0034,-130.16,0,0,0,60.0000,0.232,1.73459,0,0,0,0,0,0.206261,0.023865,0.187685,0.042624,0.161036,0.055057,0.130367,0.057587,0.094830,0.050646,0.060449,0.037330,0.030603,0.018429,0.008847,130.16,-7.26,19.71,-119.59,-87.55,132.80,164.82,25.45,58.03,-80.41,-47.17,175.51,-153.04,82.06,109.60,0.0101,0.0038,0.0039,0.0025,0.0034,0.0026,0.0071,0.0045,0.0025,0.0059,0.0036,0.0064,0.0015,0.0052,0.0077
2026-08-05 09:30:06.641,0.150000,53,9,0.419231,0.0096,-98.95,0,0,0,60.0000,0.232,1.73459,0,0,0,0,0,0.247540,0.035499,0.215758,0.014935,0.167502,0.019306,0.111546,0.045836,0.055492,0.064285,0.013677,0.069663,0.025686,0.058823,0.037663,98.95,5.43,-72.05,174.60,119.41,-107.60,-50.94,66.45,135.60,-104.37,-71.81,89.38,20.91,-73.21,-153.24,0.0101,0.0038,0.0039,0.0025,0.0034,0.0026,0.0071,0.0045,0.0025,0.0059,0.0036,0.0064,0.0015,0.0052,0.0077
2026-08-05 09:30:06.641,0.166667,53,10,0.399336,-0.0086,128.59,0,0,0,60.0000,0.232,1.73459,0,0,0,0,0,0.239335,0.047466,0.208722,0.025983,0.162403,0.010116,0.108798,0.034974,0.054727,0.054490,0.013053,0.061221,0.020929,0.052074,0.032979,-128.59,-79.45,-34.34,28.84,62.95,-136.37,159.97,7.10,-99.89,109.28,26.60,-151.76,-114.82,-56.03,-11.40,0.0101,0.0038,0.0039,0.0025,0.0034,0.0026,0.0071,0.0045,0.0025,0.0059,0.0036,0.0064,0.0015,0.0052,0.0077
2026-08-05 09:30:06.641,0.183333,53,11,0.365836,-0.0241,155.60,0,0,0,60.0000,0.232,1.73459,0,0,0,0,0,0.197570,0.020990,0.178398,0.039666,0.153332,0.050971,0.123357,0.055149,0.090668,0.049990,0.060337,0.036785,0.032351,0.018305,0.013187,-155.60,-45.49,-117.14,-4.01,-74.84,37.32,-33.04,79.01,10.54,120.77,55.75,165.97,105.40,-142.59,172.99,0.0101,0.0038,0.0039,0.0025,0.0034,0.0026,0.0071,0.0045,0.0025,0.0059,0.0036,0.0064,0.0015,0.0052,0.0077
2026-08-05 09:30:06.641,0.200000,53,12,0.376947,0.0055,-164.63,0,0,0,60.0000,0.232,1.73459,0,0,0,0,0,0.203840,0.022447,0.184697,0.041390,0.159474,0.051979,0.128335,0.054639,0.093519,0.048172,0.060839,0.034325,0.031154,0.016242,0.011311,164.63,-121.39,123.60,-162.43,86.02,158.41,47.61,120.57,10.53,83.71,-25.20,51.22,-56.69,28.76,-69.98,0.0101,0.0038,0.0039,0.0025,0.0034,0.0026,0.0071,0.0045,0.0025,0.0059,0.0036,0.0064,0.0015,0.0052,0.0077
2026-08-05 09:30:06.641,0.216667,53,13,0.388792,0.0020,137.12,0,0,0,60.0000,0.232,1.73459,0,0,0,0,0,0.210918,0.024579,0.191244,0.044860,0.164123,0.056177,0.130407,0.059069,0.093338,0.051970,0.058897,0.036170,0.027821,0.015428,0.008764,-137.12,-8.30,-61.52,67.88,17.33,145.61,95.51,-136.08,175.27,-57.93,-103.40,22.80,-16.80,106.06,105.27,0.0101,0.0038,0.0039,0.0025,0.0034,0.0026,0.0071,0.0045,0.0025,0.0059,0.0036,0.0064,0.0015,0.0052,0.0077
2026-08-05 09:30:06.641,0.233333,53,14,0.373286,-0.0040,-141.09,0,0,0,60.0000,0.232,1.73459,0,0,0,0,0,0.201540,0.023411,0.182842,0.042106,0.157225,0.052798,0.125735,0.055921,0.091090,0.049489,0.058529,0.035139,0.029619,0.016042,0.013297,141.09,-166.10,52.72,103.06,-32.11,15.79,-117.39,-70.55,159.29,-156.24,78.42,121.56,5.49,44.57,-36.97,0.0101,0.0038,0.0039,0.0025,0.0034,0.0026,0.0071,0.0045,0.0025,0.0059,0.0036,0.0064,0.0015,0.0052,0.0077
2026-08-05 09:30:06.641,0.250000,53,15,0.370722,0.0132,28.32,0,0,0,60.0000,0.232,1.73459,0,0,0,0,0,0.198457,0.023801,0.180908,0.042462,0.155460,0.054720,0.125839,0.058117,0.091944,0.052733,0.060366,0.039913,0.032193,0.020729,0.012966,-28.32,-154.22,-95.96,140.88,-159.91,76.20,135.73,11.00,72.40,-52.55,12.10,-115.18,-44.49,-173.30,-76.30,0.0101,0.0038,0.0039,0.0025,0.0034,0.0026,0.0071,0.0045,0.0025,0.0059,0.0036,0.0064,0.0015,0.0052,0.0077
2026-08-05 09:30:06.641,0.266667,53,16,0.360298,-0.0115,-132.25,0,0,0,60.0000,0.232,1.73459,0,0,0,0,0,0.192909,0.024432,0.175448,0.043251,0.150509,0.055428,0.121045,0.059118,0.088159,0.053173,0.056716,0.040558,0.030014,0.020882,0.009879,132.25,158.90,25.58,59.40,-77.34,-42.56,179.12,-145.49,76.43,112.92,-23.79,12.85,-121.71,-81.49,162.08,0.0101,0.0038,0.0039,0.0025,0.0034,0.0026,0.0071,0.0045,0.0025,0.0059,0.0036,0.0064,0.0015,0.0052,0.0077
2026-08-05 09:30:06.641,0.283333,53,17,0.404839,0.0237,57.31,0,0,0,60.0000,0.232,1.73459,0,0,0,0,0,0.218164,0.028510,0.198503,0.049869,0.168737,0.063745,0.133537,0.067197,0.094058,0.060259,0.057307,0.045509,0.026026,0.025189,0.007430,-57.31,136.37,177.74,20.71,56.20,-98.44,-65.74,141.50,173.34,23.11,55.09,-91.60,-57.22,165.52,-108.50,0.0101,0.0038,0.0039,0.0025,0.0034,0.0026,0.0071,0.0045,0.0025,0.0059,0.0036,0.0064,0.0015,0.0052,0.0077
2026-08-05 09:30:06.641,0.300000,53,18,0.369144,-0.0007,-126.98,0,0,0,60.0000,0.232,1.73459,0,0,0,0,0,0.198083,0.026005,0.180152,0.045921,0.153555,0.059127,0.122415,0.063142,0.087485,0.057318,0.054404,0.043879,0.025178,0.023933,0.004199,126.98,147.13,10.14,38.28,-103.13,-73.45,142.83,173.80,29.37,62.49,-81.83,-47.65,168.67,-152.77,97.42,0.0101,0.0038,0.0039,0.0025,0.0034,0.0026,0.0071,0.0045,0.0025,0.0059,0.0036,0.0064,0.0015,0.0052,0.0077
2026-08-05 09:30:06.641,0.316667,53,19,0.415912,0.0159,32.59,0,0,0,60.0000,0.232,1.73459,0,0,0,0,0,0.223306,0.038418,0.201439,0.061256,0.169240,0.076332,0.131420,0.078997,0.089308,0.069392,0.050389,0.051555,0.018785,0.028193,0.008423,-32.59,164.41,-108.42,106.07,179.08,39.73,106.42,-29.50,35.42,-98.39,-32.01,-165.04,-90.42,140.03,-62.19,0.0101,0.0038,0.0039,0.0025,0.0034,0.0026,0.0071,0.0045,0.0025,0.0059,0.0036,0.0064,0.0015,0.0052,0.0077
2026-08-05 09:30:06.641,0.333333,53,20,0.410522,-0.0001,176.21,0,0,0,60.0000,0.232,1.73459,0,0,0,0,0,0.221976,0.027410,0.201931,0.047011,0.172717,0.059795,0.138700,0.061829,0.099970,0.053754,0.063089,0.039054,0.031984,0.018557,0.013071,-176.21,-69.45,-178.62,-79.05,-177.85,-81.49,-177.16,-82.49,-174.87,-81.85,-169.59,-78.82,-159.45,-63.57,-120.28,0.0101,0.0038,0.0039,0.0025,0.0034,0.0026,0.0071,0.0045,0.0025,0.0059,0.0036,0.0064,0.0015,0.0052,0.0077
2026-08-05 09:30:06.641,0.350000,53,21,0.402197,0.0174,-46.06,0,0,0,60.0000,0.232,1.73459,0,0,0,0,0,0.235501,0.041604,0.206153,0.020781,0.161893,0.011986,0.111423,0.037188,0.061445,0.055329,0.024576,0.061225,0.019065,0.051179,0.024602,46.06,82.41,129.39,157.91,-145.02,129.77,-61.66,-174.10,18.09,-90.40,79.75,-0.94,92.86,92.62,160.37,0.0101,0.0038,0.0039,0.0025,0.0034,0.0026,0.0071,0.0045,0.0025,0.0059,0.0036,0.0064,0.0015,0.0052,0.0077
2026-08-05 09:30:06.641,0.366667,53,22,0.397385,0.0094,-34.77,0,0,0,60.0000,0.232,1.73459,0,0,0,0,0,0.238174,0.050911,0.207564,0.028652,0.161332,0.013397,0.108079,0.038431,0.054903,0.059280,0.012587,0.066894,0.016014,0.057929,0.026866,34.77,69.04,95.96,146.86,159.95,-60.78,-136.77,51.27,-72.03,122.81,2.10,-169.76,-133.77,-105.06,-67.44,0.0101,0.0038,0.0039,0.0025,0.0034,0.0026,0.0071,0.0045,0.0025,0.0059,0.0036,0.0064,0.0015,0.0052,0.0077
2026-08-05 09:30:06.641,0.383333,53,23,0.356254,0.0018,108.12,0,0,0,60.0000,0.232,1.73459,0,0,0,0,0,0.193379,0.020990,0.174079,0.039424,0.148770,0.051322,0.118733,0.056358,0.086416,0.051913,0.056889,0.038642,0.029755,0.019287,0.009869,-108.12,-139.17,25.34,2.94,162.62,141.11,-60.76,-81.50,77.27,54.91,-144.11,-167.16,-5.07,-30.62,136.98,0.0101,0.0038,0.0039,0.0025,0.0034,0.0026,0.0071,0.0045,0.0025,0.0059,0.0036,0.0064,0.0015,0.0052,0.0077
2026-08-05 09:30:06.641,0.400000,53,24,0.364348,0.0085,168.86,0,0,0,60.0000,0.232,1.73459,0,0,0,0,0,0.194523,0.023595,0.176240,0.043871,0.152385,0.056069,0.122866,0.060524,0.089939,0.055578,0.058718,0.043064,0.030067,0.025365,0.010828,-168.86,101.17,-156.99,117.89,-141.60,133.04,-127.10,148.81,-111.29,164.82,-94.14,-175.99,-73.32,-153.75,-34.61,0.0101,0.0038,0.0039,0.0025,0.0034,0.0026,0.0071,0.0045,0.0025,0.0059,0.0036,0.0064,0.0015,0.0052,0.0077
2026-08-05 09:30:06.641,0.416667,53,25,0.357276,-0.0028,38.94,0,0,0,60.0000,0.232,1.73459,0,0,0,0,0,0.190800,0.021911,0.173430,0.039932,0.150621,0.050682,0.122457,0.054790,0.090800,0.050427,0.061077,0.038516,0.033070,0.021936,0.013218,-38.94,14.71,-127.62,-76.10,147.25,-163.37,61.24,110.94,-23.42,25.37,-106.88,-56.89,172.27,-136.38,104.58,0.0101,0.0038,0.0039,0.0025,0.0034,0.0026,0.0071,0.0045,0.0025,0.0059,0.0036,0.0064,0.0015,0.0052,0.0077
2026-08-05 09:30:06.641,0.433333,53,26,0.394168,0.0081,-108.46,0,0,0,60.0000,0.232,1.73459,0,0,0,0,0,0.211722,0.030314,0.191841,0.052405,0.163415,0.065530,0.127880,0.069872,0.089664,0.062766,0.053954,0.047091,0.022575,0.027391,0.005097,108.46,-80.17,-44.60,138.96,165.47,-7.07,15.05,-154.11,-134.03,58.91,77.98,-83.36,-63.83,143.11,-144.04,0.0101,0.0038,0.0039,0.0025,0.0034,0.0026,0.0071,0.0045,0.0025,0.0059,0.0036,0.0064,0.0015,0.0052,0.0077
2026-08-05 09:30:06.641,0.450000,53,27,0.386068,0.0213,-20.91,0,0,0,60.0000,0.232,1.73459,0,0,0,0,0,0.209534,0.027754,0.189910,0.047024,0.161919,0.059315,0.128808,0.062000,0.091381,0.055272,0.056922,0.040178,0.026842,0.019005,0.008358,20.91,148.69,51.86,171.43,86.50,-159.08,120.57,-127.28,155.72,-93.48,-166.30,-58.04,-124.06,-17.23,-38.12,0.0101,0.0038,0.0039,0.0025,0.0034,0.0026,0.0071,0.0045,0.0025,0.0059,0.0036,0.0064,0.0015,0.0052,0.0077
2026-08-05 09:30:06.641,0.466667,53,28,0.372530,0.0115,-65.77,0,0,0,60.0000,0.232,1.73459,0,0,0,0,0,0.201114,0.025542,0.182596,0.044540,0.156346,0.056646,0.124987,0.060139,0.090063,0.053753,0.056576,0.040377,0.027907,0.019559,0.005589,65.77,-127.52,-173.60,-12.50,-49.50,108.49,73.94,-129.64,-162.22,-5.69,-36.53,119.32,89.26,-112.56,-125.65,0.0101,0.0038,0.0039,0.0025,0.0034,0.0026,0.0071,0.0045,0.0025,0.0059,0.0036,0.0064,0.0015,0.0052,0.0077
2026-08-05 09:30:06.641,0.483333,53,29,0.370380,0.0089,153.51,0,0,0,60.0000,0.232,1.73459,0,0,0,0,0,0.200632,0.024345,0.182537,0.043192,0.155689,0.055641,0.124598,0.058467,0.089007,0.052114,0.055747,0.038420,0.026784,0.017603,0.004279,-153.51,134.93,-111.27,-179.60,-65.69,-133.75,-20.75,-88.64,24.65,-42.45,71.23,5.29,118.14,54.65,175.38,0.0101,0.0038,0.0039,0.0025,0.0034,0.0026,0.0071,0.0045,0.0025,0.0059,0.0036,0.0064,0.0015,0.0052,0.0077
2026-08-05 09:30:06.905,0.500000,54,0,0.438775,0.0099,-55.99,0,0,0,60.0000,0.234,3.86320,0,0,0,0,0,0.239071,0.031215,0.217145,0.054863,0.183496,0.069331,0.143086,0.071958,0.098709,0.062434,0.058221,0.043942,0.024232,0.020777,0.006668,55.99,-172.67,157.96,-63.58,-96.73,43.22,8.19,149.46,113.97,-102.11,-137.34,10.01,-22.51,139.79,168.49,0.0047,0.0058,0.0021,0.0021,0.0044,0.0019,0.0053,0.0039,0.0056,0.0092,0.0036,0.0068,0.0040,0.0023,0.0045
2026-08-05 09:30:06.905,0.516667,54,1,0.488649,0.0051,131.12,0,0,0,60.0000,0.234,3.86320,0,0,0,0,0,0.266626,0.032396,0.242304,0.054295,0.205683,0.067989,0.162370,0.068388,0.114479,0.057027,0.070113,0.038678,0.033673,0.023313,0.012527,-131.12,-154.68,-42.72,-74.26,48.56,14.75,139.73,106.67,-127.66,-157.40,-32.15,-53.67,68.76,82.29,-157.57,0.0047,0.0058,0.0021,0.0021,0.0044,0.0019,0.0053,0.0039,0.0056,0.0092,0.0036,0.0068,0.0040,0.0023,0.0045
2026-08-05 09:30:06.905,0.533333,54,2,0.439645,0.0149,-72.32,0,0,0,60.0000,0.234,3.86320,0,0,0,0,0,0.239613,0.029204,0.217486,0.051644,0.184739,0.066108,0.146266,0.068357,0.102729,0.059244,0.061566,0.042508,0.026987,0.021490,0.007182,72.32,-119.34,-152.95,11.78,-15.16,148.37,122.44,-73.88,-98.58,65.97,43.12,-150.73,-170.70,9.93,32.77,0.0047,0.0058,0.0021,0.0021,0.0044,0.0019,0.0053,0.0039,0.0056,0.0092,0.0036,0.0068,0.0040,0.0023,0.0045
2026-08-05 09:30:06.905,0.550000,54,3,0.492666,0.0064,-152.94,0,0,0,60.0000,0.234,3.86320,0,0,0,0,0,0.291428,0.045916,0.255173,0.025988,0.199318,0.023892,0.134483,0.046261,0.070615,0.062100,0.021536,0.064073,0.017457,0.050390,0.027821,152.94,110.22,90.67,25.21,30.68,-112.08,-30.63,156.86,-93.67,91.10,-170.79,33.98,16.90,-13.59,-53.81,0.0047,0.0058,0.0021,0.0021,0.0044,0.0019,0.0053,0.0039,0.0056,0.0092,0.0036,0.0068,0.0040,0.0023,0.0045
2026-08-05 09:30:06.905,0.566667,54,4,0.564660,0.0094,-179.46,0,0,0,60.0000,0.234,3.86320,0,0,0,0,0,0.322045,0.048164,0.279592,0.021730,0.214179,0.025018,0.138793,0.055943,0.067961,0.073093,0.022433,0.071007,0.028629,0.049217,0.036007,179.46,-179.52,170.91,-159.35,165.33,-59.03,160.59,-45.23,162.01,-46.07,-160.73,-48.11,-89.51,-48.50,-86.53,0.0047,0.0058,0.0021,0.0021,0.0044,0.0019,0.0053,0.0039,0.0056,0.0092,0.0036,0.0068,0.0040,0.0023,0.0045
2026-08-05 09:30:06.905,0.583333,54,5,0.524966,0.0115,108.58,0,0,0,60.0000,0.234,3.86320,0,0,0,0,0,0.288838,0.035418,0.257796,0.063900,0.213626,0.083054,0.161410,0.089647,0.109939,0.079903,0.067097,0.056758,0.035696,0.030564,0.025615,-108.58,28.70,26.00,178.22,164.47,-39.82,-55.75,99.95,88.13,-120.14,-122.19,25.55,43.43,-166.37,-127.21,0.0047,0.0058,0.0021,0.0021,0.0044,0.0019,0.0053,0.0039,0.0056,0.0092,0.0036,0.0068,0.0040,0.0023,0.0045
2026-08-05 09:30:06.905,0.600000,54,6,0.419268,-0.0078,141.20,0,0,0,60.0000,0.234,3.86320,0,0,0,0,0,0.228753,0.025388,0.207293,0.046906,0.178028,0.058782,0.141615,0.061273,0.101470,0.053240,0.064166,0.036988,0.032109,0.016112,0.014916,-141.20,-20.78,-73.35,49.91,-2.11,120.00,68.62,-169.35,141.13,-98.42,-143.74,-24.18,-59.80,56.52,55.07,0.0047,0.0058,0.0021,0.0021,0.0044,0.0019,0.0053,0.0039,0.0056,0.0092,0.0036,0.0068,0.0040,0.0023,0.0045
2026-08-05 09:30:06.905,0.616667,54,7,0.417663,0.0146,-124.82,0,0,0,60.0000,0.234,3.86320,0,0,0,0,0,0.227530,0.028695,0.205941,0.049176,0.176157,0.060891,0.139256,0.063300,0.098793,0.055009,0.061326,0.038329,0.029022,0.017242,0.012388,124.82,176.94,4.43,47.65,-112.58,-74.02,130.01,166.85,14.42,49.33,-98.53,-63.52,157.59,-164.09,92.83,0.0047,0.0058,0.0021,0.0021,0.0044,0.0019,0.0053,0.0039,0.0056,0.0092,0.0036,0.0068,0.0040,0.0023,0.0045
2026-08-05 09:30:06.905,0.633333,54,8,0.436236,0.0182,18.34,0,0,0,60.0000,0.234,3.86320,0,0,0,0,0,0.235344,0.030437,0.213517,0.053904,0.182183,0.067426,0.142843,0.071218,0.100405,0.063104,0.061242,0.046713,0.027878,0.027826,0.012289,-18.34,-147.82,-64.58,175.44,-107.66,135.17,-150.91,94.46,167.79,54.69,129.04,20.99,101.31,1.32,118.24,0.0047,0.0058,0.0021,0.0021,0.0044,0.0019,0.0053,0.0039,0.0056,0.0092,0.0036,0.0068,0.0040,0.0023,0.0045
2026-08-05 09:30:06.905,0.650000,54,9,0.430931,0.0193,-45.24,0,0,0,60.0000,0.234,3.86320,0,0,0,0,0,0.233838,0.028111,0.212457,0.049831,0.180675,0.063270,0.142745,0.065233,0.100567,0.056920,0.062849,0.040321,0.031887,0.021774,0.018600,45.24,-12.63,125.64,73.49,-150.31,157.82,-66.29,-117.88,19.83,-30.91,110.67,61.08,-147.84,174.96,-14.34,0.0047,0.0058,0.0021,0.0021,0.0044,0.0019,0.0053,0.0039,0.0056,0.0092,0.0036,0.0068,0.0040,0.0023,0.0045
2026-08-05 09:30:06.905,0.666667,54,10,0.403013,-0.0121,-104.46,0,0,0,60.0000,0.234,3.86320,0,0,0,0,0,0.215637,0.037472,0.196352,0.055176,0.166338,0.067471,0.130965,0.069888,0.091706,0.061553,0.055190,0.045811,0.024453,0.025030,0.004217,104.46,72.55,-57.13,-69.35,144.85,139.88,-13.75,-13.94,-171.52,-166.96,32.80,42.91,-119.96,-93.28,149.47,0.0047,0.0058,0.0021,0.0021,0.0044,0.0019,0.0053,0.0039,0.0056,0.0092,0.0036,0.0068,0.0040,0.0023,0.0045
2026-08-05 09:30:06.905,0.683333,54,11,0.394423,-0.0042,155.73,0,0,0,60.0000,0.234,3.86320,0,0,0,0,0,0.210898,0.037232,0.191680,0.055286,0.162190,0.068069,0.127541,0.070867,0.088836,0.063279,0.053042,0.048116,0.022885,0.027139,0.002387,-155.73,-87.17,-117.78,-29.56,-76.32,19.09,-35.46,64.81,6.14,110.90,49.19,159.96,94.34,-140.13,-138.60,0.0047,0.0058,0.0021,0.0021,0.0044,0.0019,0.0053,0.0039,0.0056,0.0092,0.0036,0.0068,0.0040,0.0023,0.0045
2026-08-05 09:30:06.905,0.700000,54,12,0.421976,0.0047,-22.27,0,0,0,60.0000,0.234,3.86320,0,0,0,0,0,0.226920,0.040170,0.205461,0.060560,0.172985,0.074102,0.134013,0.076556,0.091497,0.067177,0.053058,0.049359,0.021282,0.027991,0.007114,22.27,-89.66,56.60,-36.23,94.44,8.39,131.96,50.14,170.52,93.21,-147.63,139.90,-97.70,-158.58,32.78,0.0047,0.0058,0.0021,0.0021,0.0044,0.0019,0.0053,0.0039,0.0056,0.0092,0.0036,0.0068,0.0040,0.0023,0.0045
2026-08-05 09:30:06.905,0.716667,54,13,0.417757,0.0284,-14.87,0,0,0,60.0000,0.234,3.86320,0,0,0,0,0,0.224901,0.032191,0.203837,0.053003,0.172959,0.066675,0.136807,0.069013,0.096130,0.060614,0.058125,0.045219,0.026363,0.026750,0.008877,14.87,-95.16,34.41,-60.03,57.21,-31.51,79.88,-5.07,104.13,22.73,131.58,54.35,165.37,102.84,-111.85,0.0047,0.0058,0.0021,0.0021,0.0044,0.0019,0.0053,0.0039,0.0056,0.0092,0.0036,0.0068,0.0040,0.0023,0.0045
2026-08-05 09:30:06.905,0.733333,54,14,0.418164,0.0163,-79.15,0,0,0,60.0000,0.234,3.86320,0,0,0,0,0,0.223230,0.032786,0.202492,0.055061,0.172234,0.070024,0.136597,0.073596,0.096369,0.066281,0.058491,0.051722,0.026855,0.032460,0.010318,79.15,36.04,-132.70,-161.45,18.75,-5.03,170.19,149.25,-36.62,-55.54,120.12,102.49,-76.10,-88.04,135.64,0.0047,0.0058,0.0021,0.0021,0.0044,0.0019,0.0053,0.0039,0.0056,0.0092,0.0036,0.0068,0.0040,0.0023,0.0045
2026-08-05 09:30:06.905,0.750000,54,15,0.438047,-0.0010,152.90,0,0,0,60.0000,0.234,3.86320,0,0,0,0,0,0.252380,0.015246,0.221712,0.026616,0.175608,0.044543,0.122054,0.059987,0.068032,0.066806,0.024269,0.063155,0.007228,0.048349,0.019084,-152.90,-16.72,-107.60,-14.36,-59.47,14.54,-12.19,53.29,35.19,98.71,80.22,149.97,-5.63,-148.72,25.36,0.0047,0.0058,0.0021,0.0021,0.0044,0.0019,0.0053,0.0039,0.0056,0.0092,0.0036,0.0068,0.0040,0.0023,0.0045
2026-08-05 09:30:06.905,0.766667,54,16,0.475133,0.0027,-148.59,0,0,0,60.0000,0.234,3.86320,0,0,0,0,0,0.285591,0.035693,0.250560,0.013124,0.196768,0.020075,0.134019,0.048817,0.072566,0.066953,0.029707,0.070395,0.027476,0.056736,0.036562,148.59,-65.45,78.22,-113.18,11.04,-47.99,-55.10,-105.91,-115.10,-171.31,-149.60,123.95,-144.49,61.16,167.47,0.0047,0.0058,0.0021,0.0021,0.0044,0.0019,0.0053,0.0039,0.0056,0.0092,0.0036,0.0068,0.0040,0.0023,0.0045
2026-08-05 09:30:06.905,0.783333,54,17,0.451031,-0.0097,-116.56,0,0,0,60.0000,0.234,3.86320,0,0,0,0,0,0.246095,0.023027,0.220925,0.044121,0.186396,0.059779,0.146661,0.067920,0.107533,0.064038,0.074441,0.048659,0.045900,0.025751,0.024281,116.56,-19.70,-19.00,-157.12,-150.50,69.64,78.96,-63.48,-48.55,163.59,-173.63,34.85,64.40,-80.60,-51.75,0.0047,0.0058,0.0021,0.0021,0.0044,0.0019,0.0053,0.0039,0.0056,0.0092,0.0036,0.0068,0.0040,0.0023,0.0045
2026-08-05 09:30:06.905,0.800000,54,18,0.442834,0.0012,-138.81,0,0,0,60.0000,0.234,3.86320,0,0,0,0,0,0.238703,0.028477,0.216691,0.052726,0.186222,0.066501,0.147911,0.069876,0.105764,0.062162,0.066650,0.046993,0.032896,0.029418,0.012194,138.81,-2.24,47.40,-88.72,-40.90,-176.05,-129.86,97.65,142.65,13.13,56.86,-65.11,-23.13,-130.31,-78.90,0.0047,0.0058,0.0021,0.0021,0.0044,0.0019,0.0053,0.0039,0.0056,0.0092,0.0036,0.0068,0.0040,0.0023,0.0045
2026-08-05 09:30:06.905,0.816667,54,19,0.468780,0.0050,100.57,0,0,0,60.0000,0.234,3.86320,0,0,0,0,0,0.252998,0.032798,0.229421,0.057501,0.195648,0.071350,0.152966,0.074070,0.107311,0.064563,0.066317,0.046752,0.033504,0.028632,0.019888,-100.57,-99.57,49.23,43.97,-157.79,-165.70,-4.86,-12.64,150.63,142.90,-50.09,-53.50,121.64,129.77,-39.22,0.0047,0.0058,0.0021,0.0021,0.0044,0.0019,0.0053,0.0039,0.0056,0.0092,0.0036,0.0068,0.0040,0.0023,0.0045
2026-08-05 09:30:06.905,0.833333,54,20,0.411199,-0.0011,-110.32,0,0,0,60.0000,0.234,3.86320,0,0,0,0,0,0.221056,0.031433,0.201207,0.045497,0.174442,0.053936,0.141034,0.055754,0.104057,0.048710,0.069608,0.034760,0.039236,0.016950,0.022655,110.32,-11.17,-39.15,-177.04,174.98,27.91,28.85,-122.89,-114.98,88.59,104.24,-54.29,-28.12,174.68,-139.83,0.0047,0.0058,0.0021,0.0021,0.0044,0.0019,0.0053,0.0039,0.0056,0.0092,0.0036,0.0068,0.0040,0.0023,0.0045
2026-08-05 09:30:06.905,0.850000,54,21,0.358748,0.0057,-112.54,0,0,0,60.0000,0.234,3.86320,0,0,0,0,0,0.191437,0.024968,0.174376,0.043505,0.149237,0.056389,0.120367,0.060106,0.086977,0.055267,0.056037,0.042456,0.028553,0.023429,0.011061,112.54,-39.05,-33.62,171.30,-175.92,25.66,41.32,-119.05,-100.40,98.11,121.05,-43.68,-12.99,177.74,-114.49,0.0047,0.0058,0.0021,0.0021,0.0044,0.0019,0.0053,0.0039,0.0056,0.0092,0.0036,0.0068,0.0040,0.0023,0.0045
2026-08-05 09:30:06.905,0.866667,54,22,0.347227,0.0069,-150.70,0,0,0,60.0000,0.234,3.86320,0,0,0,0,0,0.185002,0.023192,0.168446,0.041064,0.144796,0.053128,0.117093,0.057144,0.085557,0.052480,0.055217,0.041061,0.028747,0.022753,0.009420,150.70,33.92,80.79,-37.78,14.68,-105.99,-51.97,-173.78,-117.73,120.42,179.23,56.18,119.35,-3.50,87.36,0.0047,0.0058,0.0021,0.0021,0.0044,0.0019,0.0053,0.0039,0.0056,0.0092,0.0036,0.0068,0.0040,0.0023,0.0045
2026-08-05 09:30:06.905,0.883333,54,23,0.374090,0.0045,-37.69,0,0,0,60.0000,0.234,3.86320,0,0,0,0,0,0.198878,0.029467,0.181358,0.049138,0.154432,0.063173,0.123168,0.067396,0.087669,0.061884,0.054511,0.048683,0.026460,0.028323,0.008647,37.69,135.90,102.14,-146.54,170.37,-74.95,-121.95,-5.16,-52.95,65.15,18.75,137.83,96.39,-143.91,-141.75,0.0047,0.0058,0.0021,0.0021,0.0044,0.0019,0.0053,0.0039,0.0056,0.0092,0.0036,0.0068,0.0040,0.0023,0.0045
2026-08-05 09:30:06.905,0.900000,54,24,0.403778,0.0157,-52.68,0,0,0,60.0000,0.234,3.86320,0,0,0,0,0,0.219010,0.027623,0.199011,0.048836,0.169056,0.062227,0.133584,0.065053,0.093928,0.057263,0.057358,0.041095,0.026227,0.019622,0.007490,52.68,-165.51,147.70,-70.37,-113.86,27.14,-15.73,125.01,83.30,-134.77,-174.77,-31.26,-67.11,85.59,91.77,0.0047,0.0058,0.0021,0.0021,0.0044,0.0019,0.0053,0.0039,0.0056,0.0092,0.0036,0.0068,0.0040,0.0023,0.0045
2026-08-05 09:30:06.905,0.916667,54,25,0.399361,0.0099,-97.90,0,0,0,60.0000,0.234,3.86320,0,0,0,0,0,0.215128,0.028652,0.195826,0.045732,0.167875,0.058024,0.135311,0.060613,0.098042,0.053859,0.062199,0.040204,0.031215,0.020837,0.011945,97.90,-49.22,-76.56,123.93,112.21,-52.80,-59.18,133.16,130.90,-38.43,-35.83,152.62,162.50,-6.62,35.78,0.0047,0.0058,0.0021,0.0021,0.0044,0.0019,0.0053,0.0039,0.0056,0.0092,0.0036,0.0068,0.0040,0.0023,0.0045
2026-08-05 09:30:06.905,0.933333,54,26,0.396786,0.0128,-26.47,0,0,0,60.0000,0.234,3.86320,0,0,0,0,0,0.213142,0.026125,0.194058,0.045814,0.166441,0.059061,0.134373,0.061997,0.097498,0.055230,0.062331,0.041855,0.032425,0.022916,0.014050,26.47,150.94,68.85,-171.82,114.61,-128.32,160.38,-83.79,-152.29,-37.52,-101.64,11.11,-46.04,70.59,35.39,0.0047,0.0058,0.0021,0.0021,0.0044,0.0019,0.0053,0.0039,0.0056,0.0092,0.0036,0.0068,0.0040,0.0023,0.0045
2026-08-05 09:30:06.905,0.950000,54,27,0.404389,0.0011,-154.27,0,0,0,60.0000,0.234,3.86320,0,0,0,0,0,0.231504,0.033024,0.201612,0.014984,0.157012,0.022100,0.106824,0.046275,0.059187,0.062598,0.030395,0.066370,0.030489,0.055739,0.032919,154.27,114.55,93.29,26.80,34.30,-124.46,-28.12,160.99,-97.87,102.69,168.83,50.43,65.14,5.41,-2.07,0.0047,0.0058,0.0021,0.0021,0.0044,0.0019,0.0053,0.0039,0.0056,0.0092,0.0036,0.0068,0.0040,0.0023,0.0045
2026-08-05 09:30:06.905,0.966667,54,28,0.436887,0.0029,39.55,0,0,0,60.0000,0.234,3.86320,0,0,0,0,0,0.262293,0.053007,0.230699,0.030261,0.182277,0.003538,0.125552,0.030162,0.067635,0.051760,0.021312,0.060830,0.018222,0.054044,0.033239,-39.55,92.97,-126.98,5.04,148.58,-160.87,64.14,25.27,-17.23,-62.53,-81.56,-146.87,-45.76,129.78,-114.51,0.0047,0.0058,0.0021,0.0021,0.0044,0.0019,0.0053,0.0039,0.0056,0.0092,0.0036,0.0068,0.0040,0.0023,0.0045
2026-08-05 09:30:06.905,0.983333,54,29,0.367130,0.0329,-16.72,0,0,0,60.0000,0.234,3.86320,0,0,0,0,0,0.200992,0.019838,0.179194,0.037253,0.149960,0.051209,0.116717,0.060109,0.083224,0.059270,0.055890,0.047685,0.032583,0.026970,0.015282,16.72,-80.58,40.03,-36.96,67.77,-3.71,96.02,26.05,127.49,53.13,161.72,80.35,-161.48,106.81,-122.26,0.0047,0.0058,0.0021,0.0021,0.0044,0.0019,0.0053,0.0039,0.0056,0.0092,0.0036,0.0068,0.0040,0.0023,0.0045
2026-08-05 09:30:07.154,1.000000,55,0,0.414802,-0.0012,-89.30,0,0,0,60.0000,0.231,2.37849,0,0,0,0,0,0.219644,0.039684,0.198424,0.061038,0.169505,0.074550,0.133224,0.078758,0.093139,0.071852,0.055958,0.056693,0.023702,0.037515,0.006333,89.30,42.02,-101.47,-128.60,71.06,50.42,-117.19,-132.45,56.10,44.62,-129.00,-134.59,53.60,53.20,-63.97,0.0066,0.0106,0.0035,0.0046,0.0028,0.0022,0.0057,0.0054,0.0038,0.0020,0.0005,0.0020,0.0019,0.0010,0.0012
2026-08-05 09:30:07.154,1.016667,55,1,0.426530,0.0026,-71.68,0,0,0,60.0000,0.231,2.37849,0,0,0,0,0,0.229418,0.028127,0.208134,0.051679,0.178680,0.065418,0.142088,0.069780,0.101735,0.063232,0.064340,0.048599,0.031310,0.030443,0.010270,71.68,51.50,-155.11,-174.21,-18.46,-37.93,117.58,99.75,-104.75,-121.00,34.36,23.67,178.94,179.18,-9.69,0.0066,0.0106,0.0035,0.0046,0.0028,0.0022,0.0057,0.0054,0.0038,0.0020,0.0005,0.0020,0.0019,0.0010,0.0012
2026-08-05 09:30:07.154,1.033333,55,2,0.467108,-0.0016,141.68,0,0,0,60.0000,0.231,2.37849,0,0,0,0,0,0.252076,0.037391,0.228051,0.063605,0.192883,0.078773,0.148599,0.082416,0.101659,0.072386,0.059475,0.052698,0.027479,0.030288,0.021027,-141.68,-44.26,-74.28,36.18,-3.62,110.34,67.26,-176.66,141.00,-103.22,-140.50,-24.05,-41.76,69.37,88.49,0.0066,0.0106,0.0035,0.0046,0.0028,0.0022,0.0057,0.0054,0.0038,0.0020,0.0005,0.0020,0.0019,0.0010,0.0012
2026-08-05 09:30:07.154,1.050000,55,3,0.478479,0.0004,144.54,0,0,0,60.0000,0.231,2.37849,0,0,0,0,0,0.258468,0.031840,0.235516,0.056043,0.200819,0.071415,0.159354,0.074276,0.112709,0.066078,0.071180,0.048833,0.036534,0.028837,0.020712,-144.54,-37.98,-83.36,31.90,-18.66,98.14,46.08,163.91,112.79,-128.05,-176.20,-55.55,-95.14,33.42,16.74,0.0066,0.0106,0.0035,0.0046,0.0028,0.0022,0.0057,0.0054,0.0038,0.0020,0.0005,0.0020,0.0019,0.0010,0.0012
2026-08-05 09:30:07.154,1.066667,55,4,0.498397,0.0198,-4.21,0,0,0,60.0000,0.231,2.37849,0,0,0,0,0,0.270089,0.031032,0.245708,0.055902,0.209329,0.070646,0.164829,0.073212,0.116255,0.063820,0.072324,0.047224,0.038272,0.030422,0.025035,4.21,-88.79,3.26,-86.86,5.69,-84.24,8.54,-81.24,13.61,-74.37,24.14,-61.24,46.73,-25.88,97.78,0.0066,0.0106,0.0035,0.0046,0.0028,0.0022,0.0057,0.0054,0.0038,0.0020,0.0005,0.0020,0.0019,0.0010,0.0012
2026-08-05 09:30:07.154,1.083333,55,5,0.473508,0.0053,-120.32,0,0,0,60.0000,0.231,2.37849,0,0,0,0,0,0.256232,0.030277,0.233534,0.053889,0.198944,0.068873,0.157584,0.071610,0.111191,0.063422,0.068825,0.047859,0.033949,0.029911,0.015440,120.32,139.98,-8.66,16.00,-134.35,-108.17,99.99,127.63,-24.02,6.36,-144.49,-108.80,104.22,154.20,33.16,0.0066,0.0106,0.0035,0.0046,0.0028,0.0022,0.0057,0.0054,0.0038,0.0020,0.0005,0.0020,0.0019,0.0010,0.0012
2026-08-05 09:30:07.154,1.100000,55,6,0.440764,0.0100,-31.44,0,0,0,60.0000,0.231,2.37849,0,0,0,0,0,0.239307,0.029151,0.217819,0.049490,0.185863,0.062463,0.147934,0.064313,0.105355,0.056122,0.066288,0.040455,0.033793,0.022167,0.015279,31.44,-11.65,84.50,33.60,140.86,86.67,-162.78,141.82,-104.93,-159.39,-43.39,-94.85,26.19,-8.91,129.53,0.0066,0.0106,0.0035,0.0046,0.0028,0.0022,0.0057,0.0054,0.0038,0.0020,0.0005,0.0020,0.0019,0.0010,0.0012
2026-08-05 09:30:07.154,1.116667,55,7,0.440341,-0.0006,99.14,0,0,0,60.0000,0.231,2.37849,0,0,0,0,0,0.237763,0.028596,0.216374,0.050652,0.184812,0.064870,0.147454,0.067860,0.105277,0.060073,0.065758,0.044976,0.032805,0.025712,0.015368,-99.14,52.63,52.44,-147.63,-152.58,9.55,2.42,165.74,159.19,-36.21,-39.87,125.43,129.02,-57.45,-25.23,0.0066,0.0106,0.0035,0.0046,0.0028,0.0022,0.0057,0.0054,0.0038,0.0020,0.0005,0.0020,0.0019,0.0010,0.0012
2026-08-05 09:30:07.154,1.133333,55,8,0.421393,0.0168,-125.80,0,0,0,60.0000,0.231,2.37849,0,0,0,0,0,0.226479,0.027773,0.206242,0.050131,0.176579,0.064802,0.141866,0.068215,0.102364,0.061147,0.065012,0.046881,0.033853,0.026412,0.016367,125.80,148.81,7.04,34.49,-108.28,-80.07,136.39,164.57,23.00,50.13,-86.54,-62.40,170.53,-166.57,95.91,0.0066,0.0106,0.0035,0.0046,0.0028,0.0022,0.0057,0.0054,0.0038,0.0020,0.0005,0.0020,0.0019,0.0010,0.0012
2026-08-05 09:30:07.154,1.150000,55,9,0.433613,0.0228,72.70,0,0,0,60.0000,0.231,2.37849,0,0,0,0,0,0.249604,0.024938,0.218777,0.015785,0.172500,0.030949,0.120007,0.052064,0.069344,0.064544,0.034229,0.064883,0.024826,0.051840,0.024932,-72.70,-169.34,132.54,-17.13,-20.03,136.16,-175.36,-28.22,24.63,179.30,-150.83,33.32,10.35,-103.34,-158.00,0.0066,0.0106,0.0035,0.0046,0.0028,0.0022,0.0057,0.0054,0.0038,0.0020,0.0005,0.0020,0.0019,0.0010,0.0012
2026-08-05 09:30:07.154,1.166667,55,10,0.490446,0.0167,59.69,0,0,0,60.0000,0.231,2.37849,0,0,0,0,0,0.297525,0.051762,0.260231,0.025180,0.202580,0.009355,0.135187,0.042618,0.068528,0.064313,0.020114,0.070196,0.026754,0.058010,0.039579,-59.69,-126.13,173.15,108.38,49.04,168.99,-74.59,39.90,166.61,-84.61,78.78,153.19,53.64,33.99,-57.25,0.0066,0.0106,0.0035,0.0046,0.0028,0.0022,0.0057,0.0054,0.0038,0.0020,0.0005,0.0020,0.0019,0.0010,0.0012
2026-08-05 09:30:07.154,1.183333,55,11,0.416333,0.0156,-18.28,0,0,0,60.0000,0.231,2.37849,0,0,0,0,0,0.231476,0.019986,0.205346,0.039218,0.169102,0.056059,0.128481,0.067223,0.090234,0.066759,0.061651,0.053260,0.039664,0.028244,0.023289,18.28,107.94,45.50,156.25,77.33,-166.53,110.70,-133.98,148.86,-104.40,-168.70,-75.36,-123.12,-49.13,-77.69,0.0066,0.0106,0.0035,0.0046,0.0028,0.0022,0.0057,0.0054,0.0038,0.0020,0.0005,0.0020,0.0019,0.0010,0.0012
2026-08-05 09:30:07.154,1.200000,55,12,0.402074,0.0019,41.14,0,0,0,60.0000,0.231,2.37849,0,0,0,0,0,0.216778,0.025658,0.196647,0.046264,0.169701,0.058358,0.136384,0.061713,0.099429,0.054979,0.064824,0.040715,0.033989,0.022423,0.014258,-41.14,15.31,-133.62,-80.98,137.46,-172.51,47.79,97.91,-40.43,9.84,-127.07,-72.97,151.29,-146.06,87.65,0.0066,0.0106,0.0035,0.0046,0.0028,0.0022,0.0057,0.0054,0.0038,0.0020,0.0005,0.0020,0.0019,0.0010,0.0012
2026-08-05 09:30:07.154,1.216667,55,13,0.397139,-0.0103,-175.40,0,0,0,60.0000,0.231,2.37849,0,0,0,0,0,0.213464,0.025312,0.193789,0.046512,0.167155,0.058818,0.133479,0.063001,0.096311,0.057347,0.061622,0.043961,0.030203,0.027048,0.007836,175.40,72.83,156.01,57.73,139.91,42.81,122.88,28.99,106.99,15.99,91.63,8.31,77.44,11.31,69.73,0.0066,0.0106,0.0035,0.0046,0.0028,0.0022,0.0057,0.0054,0.0038,0.0020,0.0005,0.0020,0.0019,0.0010,0.0012
2026-08-05 09:30:07.154,1.233333,55,14,0.403299,0.0097,-12.50,0,0,0,60.0000,0.231,2.37849,0,0,0,0,0,0.219323,0.025295,0.199234,0.045327,0.171280,0.056485,0.136371,0.059314,0.098279,0.051611,0.062855,0.036176,0.031093,0.017540,0.009180,12.50,120.54,27.15,132.66,45.12,149.55,62.15,168.05,80.24,-172.41,98.38,-146.90,117.12,-106.26,140.34,0.0066,0.0106,0.0035,0.0046,0.0028,0.0022,0.0057,0.0054,0.0038,0.0020,0.0005,0.0020,0.0019,0.0010,0.0012
2026-08-05 09:30:07.154,1.250000,55,15,0.409629,0.0150,-25.81,0,0,0,60.0000,0.231,2.37849,0,0,0,0,0,0.221438,0.030813,0.201343,0.053003,0.170353,0.067682,0.134214,0.070547,0.093377,0.062610,0.056451,0.045454,0.025114,0.022923,0.007128,25.81,119.69,66.85,170.94,111.50,-142.10,155.67,-96.46,-159.17,-49.24,-111.20,0.25,-58.87,61.63,46.71,0.0066,0.0106,0.0035,0.0046,0.0028,0.0022,0.0057,0.0054,0.0038,0.0020,0.0005,0.0020,0.0019,0.0010,0.0012
2026-08-05 09:30:07.154,1.266667,55,16,0.404228,0.0187,-46.92,0,0,0,60.0000,0.231,2.37849,0,0,0,0,0,0.218318,0.025379,0.199031,0.045103,0.171002,0.057578,0.137341,0.060864,0.099655,0.054179,0.063942,0.040556,0.033282,0.020937,0.011685,46.92,-173.33,130.15,-91.84,-143.15,-6.33,-56.73,79.40,30.47,167.91,120.43,-100.86,-146.40,3.21,-25.71,0.0066,0.0106,0.0035,0.0046,0.0028,0.0022,0.0057,0.0054,0.0038,0.0020,0.0005,0.0020,0.0019,0.0010,0.0012
2026-08-05 09:30:07.154,1.283333,55,17,0.422368,0.0128,-70.91,0,0,0,60.0000,0.231,2.37849,0,0,0,0,0,0.227865,0.029921,0.207487,0.052356,0.176381,0.067022,0.139848,0.070246,0.098632,0.062661,0.060841,0.046771,0.029501,0.025005,0.010886,70.91,-145.95,-157.55,-6.38,-22.50,130.48,112.32,-93.48,-111.51,44.15,27.59,-174.31,173.83,-20.28,0.36,0.0066,0.0106,0.0035,0.0046,0.0028,0.0022,0.0057,0.0054,0.0038,0.0020,0.0005,0.0020,0.0019,0.0010,0.0012
2026-08-05 09:30:07.154,1.300000,55,18,0.384087,-0.0210,-177.27,0,0,0,60.0000,0.231,2.37849,0,0,0,0,0,0.206614,0.025053,0.188059,0.043601,0.161334,0.055762,0.129985,0.058499,0.094330,0.052368,0.061246,0.038861,0.032442,0.020067,0.012616,177.27,93.03,161.09,72.09,148.50,57.22,135.58,43.12,123.78,32.06,114.88,24.64,110.66,29.33,130.11,0.0066,0.0106,0.0035,0.0046,0.0028,0.0022,0.0057,0.0054,0.0038,0.0020,0.0005,0.0020,0.0019,0.0010,0.0012
2026-08-05 09:30:07.154,1.316667,55,19,0.407710,0.0133,173.81,0,0,0,60.0000,0.231,2.37849,0,0,0,0,0,0.220927,0.026801,0.200772,0.047206,0.171150,0.060475,0.136566,0.062946,0.097467,0.055206,0.061304,0.040261,0.031348,0.020357,0.015539,-173.81,107.20,-171.81,105.48,-166.29,108.85,-160.84,113.13,-153.54,119.73,-142.07,129.71,-122.68,154.79,-71.75,0.0066,0.0106,0.0035,0.0046,0.0028,0.0022,0.0057,0.0054,0.0038,0.0020,0.0005,0.0020,0.0019,0.0010,0.0012
2026-08-05 09:30:07.154,1.333333,55,20,0.391948,-0.0070,93.01,0,0,0,60.0000,0.231,2.37849,0,0,0,0,0,0.211313,0.025121,0.192161,0.045310,0.164624,0.058497,0.132717,0.061218,0.096039,0.054227,0.061221,0.040652,0.031660,0.021352,0.013071,-93.01,-108.42,70.11,59.12,-123.28,-133.24,43.21,33.56,-148.70,-158.69,22.66,10.97,-161.66,-169.55,39.69,0.0066,0.0106,0.0035,0.0046,0.0028,0.0022,0.0057,0.0054,0.0038,0.0020,0.0005,0.0020,0.0019,0.0010,0.0012
2026-08-05 09:30:07.154,1.350000,55,21,0.426301,0.0038,-39.92,0,0,0,60.0000,0.231,2.37849,0,0,0,0,0,0.242971,0.025978,0.212497,0.020920,0.166584,0.037183,0.115352,0.057707,0.066880,0.069378,0.035072,0.068436,0.027493,0.053705,0.026070,39.92,-130.37,110.14,-111.11,-177.58,-81.21,-108.44,-20.67,-44.99,51.26,2.90,129.78,35.64,-142.50,98.17,0.0066,0.0106,0.0035,0.0046,0.0028,0.0022,0.0057,0.0054,0.0038,0.0020,0.0005,0.0020,0.0019,0.0010,0.0012
2026-08-05 09:30:07.154,1.366667,55,22,0.463847,0.0079,-88.46,0,0,0,60.0000,0.231,2.37849,0,0,0,0,0,0.278278,0.060257,0.245018,0.035939,0.194044,0.003880,0.134186,0.028334,0.073552,0.051267,0.024758,0.060771,0.014251,0.053790,0.029174,88.46,-8.71,-102.60,164.04,69.25,-14.10,-119.03,-37.03,55.27,136.48,-118.71,-48.81,-179.76,128.05,12.46,0.0066,0.0106,0.0035,0.0046,0.0028,0.0022,0.0057,0.0054,0.0038,0.0020,0.0005,0.0020,0.0019,0.0010,0.0012
2026-08-05 09:30:07.154,1.383333,55,23,0.400808,0.0057,-95.50,0,0,0,60.0000,0.231,2.37849,0,0,0,0,0,0.223613,0.020813,0.197135,0.035249,0.160294,0.052282,0.119747,0.066197,0.082800,0.068883,0.057088,0.057708,0.038197,0.033631,0.022488,95.50,60.49,-82.72,-80.74,103.85,118.33,-67.72,-51.46,126.29,134.10,-35.28,-41.44,163.72,141.42,-4.83,0.0066,0.0106,0.0035,0.0046,0.0028,0.0022,0.0057,0.0054,0.0038,0.0020,0.0005,0.0020,0.0019,0.0010,0.0012
2026-08-05 09:30:07.154,1.400000,55,24,0.382529,0.0229,-21.14,0,0,0,60.0000,0.231,2.37849,0,0,0,0,0,0.208263,0.024222,0.188067,0.044774,0.160898,0.056093,0.127390,0.058580,0.090366,0.050765,0.055866,0.035258,0.025695,0.015952,0.009728,21.14,-58.00,53.07,-21.54,88.63,13.64,123.46,49.45,159.98,85.95,-161.40,127.28,-114.45,-178.58,-24.75,0.0066,0.0106,0.0035,0.0046,0.0028,0.0022,0.0057,0.0054,0.0038,0.0020,0.0005,0.0020,0.0019,0.0010,0.0012
2026-08-05 09:30:07.154,1.416667,55,25,0.401873,0.0155,-51.87,0,0,0,60.0000,0.231,2.37849,0,0,0,0,0,0.217598,0.027625,0.197048,0.049736,0.168768,0.061999,0.133351,0.065182,0.094211,0.057771,0.058374,0.041492,0.026864,0.020750,0.008412,51.87,-7.13,145.43,95.73,-117.58,-165.53,-21.32,-66.86,76.65,31.83,176.44,134.30,-77.59,-113.13,69.51,0.0066,0.0106,0.0035,0.0046,0.0028,0.0022,0.0057,0.0054,0.0038,0.0020,0.0005,0.0020,0.0019,0.0010,0.0012
2026-08-05 09:30:07.154,1.433333,55,26,0.398550,0.0037,-101.22,0,0,0,60.0000,0.231,2.37849,0,0,0,0,0,0.214903,0.025246,0.195383,0.046298,0.168387,0.058428,0.134442,0.062541,0.097093,0.056457,0.061981,0.042127,0.029856,0.023500,0.008414,101.22,101.58,-66.62,-61.62,128.84,134.57,-36.33,-28.87,159.95,167.71,-2.82,8.64,-161.57,-143.26,66.55,0.0066,0.0106,0.0035,0.0046,0.0028,0.0022,0.0057,0.0054,0.0038,0.0020,0.0005,0.0020,0.0019,0.0010,0.0012
2026-08-05 09:30:07.154,1.450000,55,27,0.441559,0.0191,42.43,0,0,0,60.0000,0.231,2.37849,0,0,0,0,0,0.236230,0.041399,0.214349,0.065066,0.179638,0.081216,0.138876,0.084448,0.093315,0.075248,0.052685,0.056059,0.019380,0.031981,0.011800,-42.43,145.61,-137.45,67.80,131.00,-18.03,39.24,-106.57,-51.16,166.00,-137.50,81.16,148.72,8.67,155.24,0.0066,0.0106,0.0035,0.0046,0.0028,0.0022,0.0057,0.0054,0.0038,0.0020,0.0005,0.0020,0.0019,0.0010,0.0012
2026-08-05 09:30:07.154,1.466667,55,28,0.465348,0.0212,-151.22,0,0,0,60.0000,0.231,2.37849,0,0,0,0,0,0.250523,0.033077,0.227408,0.058243,0.192357,0.073865,0.150123,0.077294,0.103604,0.068436,0.061962,0.051499,0.029966,0.032506,0.021866,151.22,-166.96,83.96,134.49,20.12,72.97,-43.30,10.62,-104.62,-48.74,-159.84,-103.27,160.21,-139.27,156.20,0.0066,0.0106,0.0035,0.0046,0.0028,0.0022,0.0057,0.0054,0.0038,0.0020,0.0005,0.0020,0.0019,0.0010,0.0012
2026-08-05 09:30:07.154,1.483333,55,29,0.450912,0.0108,-40.81,0,0,0,60.0000,0.231,2.37849,0,0,0,0,0,0.243809,0.031842,0.221485,0.055727,0.187453,0.070788,0.146916,0.073649,0.101653,0.064842,0.060730,0.047664,0.028573,0.025759,0.018658,40.81,-28.53,112.59,51.96,-172.22,129.17,-96.85,-154.52,-19.43,-76.42,62.98,6.35,160.06,106.25,-59.17,0.0066,0.0106,0.0035,0.0046,0.0028,0.0022,0.0057,0.0054,0.0038,0.0020,0.0005,0.0020,0.0019,0.0010,0.0012
2026-08-05 09:30:07.417,1.500000,56,0,0.433278,0.0268,37.00,0,0,0,60.0000,0.231,8.52299,0,0,0,0,0,0.234213,0.044479,0.213246,0.049316,0.183808,0.053159,0.149504,0.049336,0.109716,0.039296,0.072854,0.024161,0.042063,0.007406,0.023436,-37.00,-106.53,-120.54,152.70,158.94,60.45,78.84,-27.92,0.60,-112.00,-73.66,171.05,-139.86,144.13,176.43,0.0025,0.0034,0.0111,0.0096,0.0052,0.0046,0.0072,0.0063,0.0044,0.0045,0.0006,0.0044,0.0030,0.0030,0.0021
2026-08-05 09:30:07.417,1.516667,56,1,0.408936,0.0144,142.07,0,0,0,60.0000,0.231,8.52299,0,0,0,0,0,0.219683,0.025692,0.200316,0.045961,0.171967,0.059109,0.138604,0.062209,0.100755,0.055564,0.065292,0.041763,0.035163,0.023098,0.016624,-142.07,-16.38,-76.75,48.87,-7.89,116.95,60.91,-174.75,131.33,-104.16,-154.73,-30.27,-74.59,56.82,29.97,0.0025,0.0034,0.0111,0.0096,0.0052,0.0046,0.0072,0.0063,0.0044,0.0045,0.0006,0.0044,0.0030,0.0030,0.0021
2026-08-05 09:30:07.417,1.533333,56,2,0.418035,0.0009,-168.22,0,0,0,60.0000,0.231,8.52299,0,0,0,0,0,0.225211,0.025866,0.205175,0.046146,0.176123,0.059298,0.142149,0.061647,0.103345,0.054332,0.066407,0.040458,0.034993,0.023005,0.014479,168.22,-111.14,134.20,-147.00,103.53,-178.12,72.75,151.43,43.50,123.38,17.12,98.91,-5.41,91.80,-6.42,0.0025,0.0034,0.0111,0.0096,0.0052,0.0046,0.0072,0.0063,0.0044,0.0045,0.0006,0.0044,0.0030,0.0030,0.0021
2026-08-05 09:30:07.417,1.550000,56,3,0.433615,0.0112,108.24,0,0,0,60.0000,0.231,8.52299,0,0,0,0,0,0.247506,0.027606,0.218090,0.025877,0.174133,0.038306,0.124920,0.053218,0.077400,0.060527,0.042926,0.057034,0.026132,0.043168,0.019067,-108.24,109.82,25.65,-157.37,161.71,-55.58,-64.81,67.44,65.11,-157.51,-172.95,-14.28,-64.33,142.89,58.59,0.0025,0.0034,0.0111,0.0096,0.0052,0.0046,0.0072,0.0063,0.0044,0.0045,0.0006,0.0044,0.0030,0.0030,0.0021
2026-08-05 09:30:07.417,1.566667,56,4,0.473321,0.0120,24.34,0,0,0,60.0000,0.231,8.52299,0,0,0,0,0,0.285549,0.060860,0.250259,0.035349,0.195996,0.014789,0.132858,0.040649,0.070201,0.063129,0.020917,0.070651,0.013327,0.059988,0.025809,-24.34,-48.99,-80.91,-89.64,-134.70,-64.58,171.19,-60.96,119.04,-105.09,76.14,-153.06,169.40,159.04,127.24,0.0025,0.0034,0.0111,0.0096,0.0052,0.0046,0.0072,0.0063,0.0044,0.0045,0.0006,0.0044,0.0030,0.0030,0.0021
2026-08-05 09:30:07.417,1.583333,56,5,0.444060,0.0124,112.47,0,0,0,60.0000,0.231,8.52299,0,0,0,0,0,0.249269,0.021948,0.219920,0.037220,0.178120,0.056290,0.131600,0.072393,0.089461,0.076157,0.060619,0.064668,0.040843,0.038350,0.025190,-112.47,-175.46,13.69,-9.90,144.45,134.63,-82.77,-90.42,55.84,39.81,-160.32,168.95,-15.89,-63.35,119.60,0.0025,0.0034,0.0111,0.0096,0.0052,0.0046,0.0072,0.0063,0.0044,0.0045,0.0006,0.0044,0.0030,0.0030,0.0021
2026-08-05 09:30:07.417,1.600000,56,6,0.450701,-0.0006,145.36,0,0,0,60.0000,0.231,8.52299,0,0,0,0,0,0.241601,0.039674,0.219718,0.053949,0.189875,0.062756,0.152648,0.063948,0.111441,0.055383,0.072610,0.039759,0.038917,0.020955,0.020410,-145.36,-156.19,-86.24,-113.46,-23.48,-60.00,38.97,-1.97,103.42,59.40,170.89,127.93,-113.12,-147.28,-12.78,0.0025,0.0034,0.0111,0.0096,0.0052,0.0046,0.0072,0.0063,0.0044,0.0045,0.0006,0.0044,0.0030,0.0030,0.0021
2026-08-05 09:30:07.417,1.616667,56,7,0.318326,0.0150,-62.38,0,0,0,60.0000,0.231,8.52299,0,0,0,0,0,0.166539,0.029263,0.151899,0.035557,0.134152,0.039550,0.113234,0.040795,0.088652,0.036909,0.064347,0.028313,0.039896,0.016545,0.020463,62.38,-92.18,174.50,4.28,-69.09,108.51,46.25,-143.36,162.80,-33.72,-79.87,78.88,37.91,-174.78,160.28,0.0025,0.0034,0.0111,0.0096,0.0052,0.0046,0.0072,0.0063,0.0044,0.0045,0.0006,0.0044,0.0030,0.0030,0.0021
2026-08-05 09:30:07.417,1.633333,56,8,0.312939,0.0089,-5.65,0,0,0,60.0000,0.231,8.52299,0,0,0,0,0,0.158752,0.020215,0.145910,0.030583,0.130726,0.038286,0.112601,0.043715,0.090701,0.044465,0.068677,0.039698,0.045631,0.031903,0.026368,5.65,136.06,4.33,118.25,7.22,111.08,9.07,107.77,12.27,105.12,16.34,104.13,20.45,100.28,27.70,0.0025,0.0034,0.0111,0.0096,0.0052,0.0046,0.0072,0.0063,0.0044,0.0045,0.0006,0.0044,0.0030,0.0030,0.0021
2026-08-05 09:30:07.417,1.650000,56,9,0.368650,-0.0044,141.26,0,0,0,60.0000,0.231,8.52299,0,0,0,0,0,0.193333,0.033206,0.176714,0.052192,0.150341,0.066229,0.120669,0.070866,0.087010,0.065678,0.056224,0.052215,0.031780,0.032053,0.018055,-141.26,129.42,-75.18,-146.94,-5.94,-70.34,62.00,2.44,128.41,75.35,-166.93,147.43,-112.86,-140.75,-78.14,0.0025,0.0034,0.0111,0.0096,0.0052,0.0046,0.0072,0.0063,0.0044,0.0045,0.0006,0.0044,0.0030,0.0030,0.0021
2026-08-05 09:30:07.417,1.666667,56,10,0.386731,-0.0022,-16.40,0,0,0,60.0000,0.231,8.52299,0,0,0,0,0,0.208906,0.025976,0.190426,0.043103,0.164092,0.054303,0.132676,0.057250,0.097274,0.051039,0.062982,0.037992,0.033173,0.018048,0.009460,16.40,142.57,38.31,154.74,63.61,175.69,88.43,-162.42,113.42,-137.83,140.08,-113.18,166.14,-87.56,-158.90,0.0025,0.0034,0.0111,0.0096,0.0052,0.0046,0.0072,0.0063,0.0044,0.0045,0.0006,0.0044,0.0030,0.0030,0.0021
2026-08-05 09:30:07.417,1.683333,56,11,0.404964,0.0112,116.35,0,0,0,60.0000,0.231,8.52299,0,0,0,0,0,0.218812,0.027911,0.199401,0.046925,0.170617,0.059799,0.136703,0.062792,0.097860,0.056119,0.061234,0.041382,0.029467,0.019438,0.007030,-116.35,-126.71,0.38,-18.47,120.51,97.52,-119.66,-145.11,0.95,-25.70,123.86,95.68,-109.36,-139.55,58.94,0.0025,0.0034,0.0111,0.0096,0.0052,0.0046,0.0072,0.0063,0.0044,0.0045,0.0006,0.0044,0.0030,0.0030,0.0021
2026-08-05 09:30:07.417,1.700000,56,12,0.379749,0.0151,-28.19,0,0,0,60.0000,0.231,8.52299,0,0,0,0,0,0.202579,0.025388,0.184948,0.044333,0.159258,0.057235,0.129131,0.061152,0.094491,0.056305,0.062008,0.044023,0.033030,0.025384,0.011222,28.19,155.13,73.53,-164.01,122.50,-117.37,171.12,-69.96,-139.55,-19.83,-88.05,32.99,-34.02,92.20,36.04,0.0025,0.0034,0.0111,0.0096,0.0052,0.0046,0.0072,0.0063,0.0044,0.0045,0.0006,0.0044,0.0030,0.0030,0.0021
2026-08-05 09:30:07.417,1.716667,56,13,0.384053,0.0060,31.02,0,0,0,60.0000,0.231,8.52299,0,0,0,0,0,0.204137,0.025571,0.186152,0.046001,0.160142,0.059948,0.129679,0.064492,0.094738,0.059731,0.061461,0.047683,0.032036,0.029760,0.010323,-31.02,19.13,-104.13,-49.93,-173.65,-118.52,116.39,172.44,47.27,105.35,-19.78,40.49,-85.48,-17.26,-136.19,0.0025,0.0034,0.0111,0.0096,0.0052,0.0046,0.0072,0.0063,0.0044,0.0045,0.0006,0.0044,0.0030,0.0030,0.0021
2026-08-05 09:30:07.417,1.733333,56,14,0.338761,-0.0004,-108.86,0,0,0,60.0000,0.231,8.52299,0,0,0,0,0,0.179732,0.023359,0.163387,0.040380,0.140782,0.052589,0.115500,0.056299,0.085527,0.051800,0.056146,0.041429,0.030533,0.024722,0.011359,108.86,-39.00,-45.14,159.38,164.41,6.00,13.56,-146.45,-136.34,62.40,75.61,-87.86,-72.65,124.03,148.50,0.0025,0.0034,0.0111,0.0096,0.0052,0.0046,0.0072,0.0063,0.0044,0.0045,0.0006,0.0044,0.0030,0.0030,0.0021
2026-08-05 09:30:07.417,1.750000,56,15,0.337090,0.0285,-3.33,0,0,0,60.0000,0.231,8.52299,0,0,0,0,0,0.185669,0.015728,0.164460,0.027759,0.134378,0.042400,0.102528,0.053568,0.070563,0.057396,0.045842,0.052725,0.030356,0.037648,0.019721,3.33,113.78,-1.69,82.37,-4.20,69.23,-9.66,62.59,-18.04,61.46,-30.38,65.07,-48.23,76.40,-58.29,0.0025,0.0034,0.0111,0.0096,0.0052,0.0046,0.0072,0.0063,0.0044,0.0045,0.0006,0.0044,0.0030,0.0030,0.0021
2026-08-05 09:30:07.417,1.766667,56,16,0.464398,0.0033,97.56,0,0,0,60.0000,0.231,8.52299,0,0,0,0,0,0.280598,0.061569,0.244938,0.037717,0.189755,0.020859,0.125321,0.042909,0.061451,0.063928,0.014520,0.070428,0.026669,0.058815,0.038826,-97.56,-13.69,59.44,162.59,-140.53,29.46,19.70,-118.19,-175.82,53.32,24.20,-140.90,-67.96,23.57,101.95,0.0025,0.0034,0.0111,0.0096,0.0052,0.0046,0.0072,0.0063,0.0044,0.0045,0.0006,0.0044,0.0030,0.0030,0.0021
2026-08-05 09:30:07.417,1.783333,56,17,0.405255,0.0063,-141.85,0,0,0,60.0000,0.231,8.52299,0,0,0,0,0,0.230144,0.022398,0.201511,0.027240,0.160538,0.043210,0.115297,0.060055,0.075679,0.066433,0.052171,0.058245,0.039503,0.035842,0.028676,141.85,131.75,56.50,97.94,-23.96,41.85,-101.77,-32.08,-171.42,-113.78,127.55,161.48,66.62,69.47,-6.96,0.0025,0.0034,0.0111,0.0096,0.0052,0.0046,0.0072,0.0063,0.0044,0.0045,0.0006,0.0044,0.0030,0.0030,0.0021
2026-08-05 09:30:07.417,1.800000,56,18,0.406044,0.0264,49.09,0,0,0,60.0000,0.231,8.52299,0,0,0,0,0,0.216979,0.026730,0.197142,0.048562,0.170564,0.061492,0.137588,0.065687,0.100717,0.059675,0.066193,0.045493,0.035099,0.026595,0.014587,-49.09,150.22,-157.35,51.98,97.90,-51.08,-7.56,-154.52,-111.60,102.33,145.94,2.90,48.08,-90.81,-33.09,0.0025,0.0034,0.0111,0.0096,0.0052,0.0046,0.0072,0.0063,0.0044,0.0045,0.0006,0.0044,0.0030,0.0030,0.0021
2026-08-05 09:30:07.417,1.816667,56,19,0.350494,0.0093,-131.57,0,0,0,60.0000,0.231,8.52299,0,0,0,0,0,0.185113,0.022342,0.168211,0.041636,0.146533,0.053552,0.119923,0.058670,0.089593,0.055611,0.060764,0.044956,0.033568,0.029207,0.013537,131.57,170.58,23.40,63.38,-80.99,-42.33,173.53,-146.95,69.25,108.68,-34.29,6.74,-136.85,-94.21,125.92,0.0025,0.0034,0.0111,0.0096,0.0052,0.0046,0.0072,0.0063,0.0044,0.0045,0.0006,0.0044,0.0030,0.0030,0.0021
2026-08-05 09:30:07.417,1.833333,56,20,0.355622,0.0026,-84.02,0,0,0,60.0000,0.231,8.52299,0,0,0,0,0,0.188315,0.027849,0.171179,0.046478,0.147839,0.057875,0.118715,0.062615,0.086786,0.057976,0.056584,0.044970,0.028348,0.027409,0.008422,84.02,41.82,-118.77,-145.27,41.80,20.20,-158.54,-176.09,2.23,-13.83,162.90,150.64,-35.98,-43.52,128.31,0.0025,0.0034,0.0111,0.0096,0.0052,0.0046,0.0072,0.0063,0.0044,0.0045,0.0006,0.0044,0.0030,0.0030,0.0021
2026-08-05 09:30:07.417,1.850000,56,21,0.370022,0.0102,57.10,0,0,0,60.0000,0.231,8.52299,0,0,0,0,0,0.198136,0.024477,0.180474,0.043467,0.154908,0.056035,0.125155,0.059599,0.090956,0.054118,0.059101,0.040812,0.030386,0.021580,0.009944,-57.10,139.48,177.34,21.66,55.63,-99.33,-66.70,138.96,171.78,18.38,52.45,-101.03,-64.52,143.75,-159.48,0.0025,0.0034,0.0111,0.0096,0.0052,0.0046,0.0072,0.0063,0.0044,0.0045,0.0006,0.0044,0.0030,0.0030,0.0021
2026-08-05 09:30:07.417,1.866667,56,22,0.359409,0.0173,-84.70,0,0,0,60.0000,0.231,8.52299,0,0,0,0,0,0.192128,0.024459,0.175224,0.041628,0.150836,0.052931,0.122170,0.056417,0.089584,0.050985,0.058241,0.038977,0.030473,0.020227,0.008356,84.70,50.91,-117.20,-137.78,44.53,28.20,-154.38,-168.70,6.77,-4.06,169.60,161.09,-29.06,-27.61,136.38,0.0025,0.0034,0.0111,0.0096,0.0052,0.0046,0.0072,0.0063,0.0044,0.0045,0.0006,0.0044,0.0030,0.0030,0.0021
2026-08-05 09:30:07.417,1.883333,56,23,0.413332,0.0334,-16.41,0,0,0,60.0000,0.231,8.52299,0,0,0,0,0,0.222550,0.037945,0.202100,0.058137,0.170310,0.072015,0.132789,0.074892,0.090940,0.066182,0.052395,0.049219,0.020199,0.025289,0.006720,16.41,-99.45,38.58,-59.00,64.30,-26.98,89.48,2.08,115.61,31.44,143.96,62.98,178.13,104.17,-36.77,0.0025,0.0034,0.0111,0.0096,0.0052,0.0046,0.0072,0.0063,0.0044,0.0045,0.0006,0.0044,0.0030,0.0030,0.0021
2026-08-05 09:30:07.417,1.900000,56,24,0.400568,-0.0074,123.07,0,0,0,60.0000,0.231,8.52299,0,0,0,0,0,0.216382,0.029302,0.196176,0.050756,0.166478,0.064239,0.131198,0.067079,0.091699,0.059255,0.055704,0.043120,0.025302,0.022053,0.007376,-123.07,0.64,-19.90,114.56,86.83,-135.47,-166.65,-27.37,-59.23,82.87,51.14,-163.26,167.84,-34.90,-22.13,0.0025,0.0034,0.0111,0.0096,0.0052,0.0046,0.0072,0.0063,0.0044,0.0045,0.0006,0.0044,0.0030,0.0030,0.0021
2026-08-05 09:30:07.417,1.916667,56,25,0.398279,0.0123,-42.13,0,0,0,60.0000,0.231,8.52299,0,0,0,0,0,0.216367,0.027394,0.196385,0.048322,0.166609,0.061657,0.131777,0.064249,0.092700,0.056069,0.056244,0.039997,0.025368,0.018102,0.007313,42.13,-21.65,115.85,58.88,-166.95,137.57,-90.15,-144.74,-12.22,-65.57,68.67,15.70,154.58,108.78,-65.94,0.0025,0.0034,0.0111,0.0096,0.0052,0.0046,0.0072,0.0063,0.0044,0.0045,0.0006,0.0044,0.0030,0.0030,0.0021
2026-08-05 09:30:07.417,1.933333,56,26,0.391014,-0.0022,98.67,0,0,0,60.0000,0.231,8.52299,0,0,0,0,0,0.212708,0.025744,0.192681,0.046127,0.163508,0.059026,0.129744,0.060866,0.091353,0.052295,0.055312,0.036777,0.025341,0.015691,0.010025,-98.67,68.71,53.45,-138.79,-151.06,16.33,4.29,171.38,161.31,-32.11,-38.15,126.89,129.17,-58.84,-15.78,0.0025,0.0034,0.0111,0.0096,0.0052,0.0046,0.0072,0.0063,0.0044,0.0045,0.0006,0.0044,0.0030,0.0030,0.0021
2026-08-05 09:30:07.417,1.950000,56,27,0.386342,0.0218,46.32,0,0,0,60.0000,0.231,8.52299,0,0,0,0,0,0.216175,0.021878,0.192566,0.033360,0.158181,0.046288,0.120197,0.054456,0.081519,0.054038,0.049903,0.044941,0.027571,0.026729,0.013393,-46.32,-153.62,-149.29,77.28,110.21,-36.55,7.82,-143.52,-95.97,115.56,158.69,20.62,49.65,-59.00,-49.80,0.0025,0.0034,0.0111,0.0096,0.0052,0.0046,0.0072,0.0063,0.0044,0.0045,0.0006,0.0044,0.0030,0.0030,0.0021
2026-08-05 09:30:07.417,1.966667,56,28,0.421063,0.0179,-88.47,0,0,0,60.0000,0.231,8.52299,0,0,0,0,0,0.252612,0.048995,0.221879,0.027234,0.175093,0.007220,0.120523,0.033373,0.064622,0.054425,0.020125,0.062857,0.017667,0.055383,0.031334,88.47,172.99,-102.95,-8.25,68.75,-98.21,-119.52,126.92,55.42,-57.42,-111.48,116.15,179.34,-72.28,6.45,0.0025,0.0034,0.0111,0.0096,0.0052,0.0046,0.0072,0.0063,0.0044,0.0045,0.0006,0.0044,0.0030,0.0030,0.0021
2026-08-05 09:30:07.417,1.983333,56,29,0.362730,-0.0008,99.39,0,0,0,60.0000,0.231,8.52299,0,0,0,0,0,0.202757,0.017871,0.178080,0.020211,0.143052,0.035192,0.104313,0.052718,0.068226,0.062701,0.045486,0.060843,0.035069,0.046568,0.029914,-99.39,-174.19,52.19,36.51,-151.49,-138.27,6.58,25.36,171.95,-179.15,-12.32,-26.71,166.10,118.95,-29.76,0.0025,0.0034,0.0111,0.0096,0.0052,0.0046,0.0072,0.0063,0.0044,0.0045,0.0006,0.0044,0.0030,0.0030,0.0021
2026-08-05 09:30:07.666,2.000000,57,0,0.337025,-0.0050,65.08,0,0,0,60.0000,0.236,3.49033,0,0,0,0,0,0.179126,0.020637,0.162453,0.038256,0.141229,0.049015,0.115474,0.053182,0.086051,0.049119,0.057848,0.038026,0.031341,0.022426,0.012707,-65.08,-38.57,153.59,178.85,16.18,38.84,-122.28,-99.42,100.58,122.85,-35.37,-11.39,-168.76,-143.53,70.69,0.0051,0.0049,0.0083,0.0040,0.0071,0.0006,0.0050,0.0064,0.0044,0.0008,0.0045,0.0043,0.0039,0.0041,0.0011
2026-08-05 09:30:07.666,2.016667,57,1,0.345147,0.0118,-27.83,0,0,0,60.0000,0.236,3.49033,0,0,0,0,0,0.182987,0.022903,0.166206,0.040591,0.144586,0.051499,0.117949,0.056040,0.087632,0.052407,0.058885,0.041328,0.031802,0.025203,0.012463,27.83,158.91,72.27,-163.72,120.55,-119.56,167.78,-72.96,-143.58,-25.63,-93.74,24.70,-41.56,76.71,22.33,0.0051,0.0049,0.0083,0.0040,0.0071,0.0006,0.0050,0.0064,0.0044,0.0008,0.0045,0.0043,0.0039,0.0041,0.0011
2026-08-05 09:30:07.666,2.033333,57,2,0.314400,-0.0001,152.38,0,0,0,60.0000,0.236,3.49033,0,0,0,0,0,0.165599,0.019558,0.151002,0.033165,0.132535,0.041793,0.110211,0.045872,0.084644,0.043135,0.060007,0.034007,0.035827,0.020899,0.017435,-152.38,164.76,-109.19,-161.92,-62.04,-119.81,-15.94,-75.19,31.51,-30.36,79.63,17.89,128.80,65.38,-176.18,0.0051,0.0049,0.0083,0.0040,0.0071,0.0006,0.0050,0.0064,0.0044,0.0008,0.0045,0.0043,0.0039,0.0041,0.0011
2026-08-05 09:30:07.666,2.050000,57,3,0.363866,0.0147,13.11,0,0,0,60.0000,0.236,3.49033,0,0,0,0,0,0.191698,0.024746,0.175012,0.044318,0.150855,0.057926,0.122751,0.062842,0.090389,0.058992,0.059880,0.047418,0.032369,0.029792,0.011788,-13.11,60.06,-50.83,24.13,-84.72,-10.08,-119.22,-44.26,-153.03,-76.46,175.10,-106.52,144.09,-131.22,124.27,0.0051,0.0049,0.0083,0.0040,0.0071,0.0006,0.0050,0.0064,0.0044,0.0008,0.0045,0.0043,0.0039,0.0041,0.0011
2026-08-05 09:30:07.666,2.066667,57,4,0.421753,-0.0001,172.21,0,0,0,60.0000,0.236,3.49033,0,0,0,0,0,0.225844,0.029654,0.206538,0.051348,0.176446,0.066008,0.141064,0.069911,0.101066,0.063320,0.064080,0.048763,0.032371,0.028542,0.011559,-172.21,85.13,-166.98,99.72,-158.36,111.24,-149.89,121.15,-140.61,133.30,-128.25,147.70,-112.27,173.77,-64.48,0.0051,0.0049,0.0083,0.0040,0.0071,0.0006,0.0050,0.0064,0.0044,0.0008,0.0045,0.0043,0.0039,0.0041,0.0011
2026-08-05 09:30:07.666,2.083333,57,5,0.517461,0.0136,-169.17,0,0,0,60.0000,0.236,3.49033,0,0,0,0,0,0.276544,0.038641,0.253214,0.054625,0.218611,0.065249,0.176697,0.065443,0.130014,0.056660,0.087389,0.042601,0.052223,0.031721,0.030656,169.17,107.96,138.39,62.17,110.81,27.68,83.56,-2.06,58.08,-25.71,36.32,-39.89,21.11,-31.93,21.58,0.0051,0.0049,0.0083,0.0040,0.0071,0.0006,0.0050,0.0064,0.0044,0.0008,0.0045,0.0043,0.0039,0.0041,0.0011
2026-08-05 09:30:07.666,2.100000,57,6,0.511587,0.0166,33.89,0,0,0,60.0000,0.236,3.49033,0,0,0,0,0,0.276822,0.032674,0.252756,0.057284,0.215919,0.072148,0.171133,0.074404,0.121631,0.065543,0.077394,0.049183,0.040736,0.033504,0.019031,-33.89,27.20,-111.10,-51.55,174.93,-126.12,101.10,160.81,28.64,92.15,-40.40,30.80,-102.28,-11.16,-139.17,0.0051,0.0049,0.0083,0.0040,0.0071,0.0006,0.0050,0.0064,0.0044,0.0008,0.0045,0.0043,0.0039,0.0041,0.0011
2026-08-05 09:30:07.666,2.116667,57,7,0.534487,0.0082,143.84,0,0,0,60.0000,0.236,3.49033,0,0,0,0,0,0.286045,0.048301,0.261983,0.061830,0.225286,0.071233,0.181290,0.070543,0.132777,0.060392,0.088011,0.044715,0.050972,0.031997,0.029363,-143.84,-149.36,-80.28,-101.55,-13.67,-43.71,53.13,19.78,121.79,89.52,-165.64,168.04,-86.30,-91.77,10.19,0.0051,0.0049,0.0083,0.0040,0.0071,0.0006,0.0050,0.0064,0.0044,0.0008,0.0045,0.0043,0.0039,0.0041,0.0011
2026-08-05 09:30:07.666,2.133333,57,8,0.381494,0.0138,-13.27,0,0,0,60.0000,0.236,3.49033,0,0,0,0,0,0.202887,0.024759,0.185070,0.044220,0.159588,0.057746,0.130333,0.061570,0.096494,0.056262,0.063523,0.044573,0.034874,0.027514,0.013689,13.27,121.14,28.71,133.88,47.47,152.05,65.86,171.09,85.19,-168.22,106.11,-145.42,126.43,-114.17,152.40,0.0051,0.0049,0.0083,0.0040,0.0071,0.0006,0.0050,0.0064,0.0044,0.0008,0.0045,0.0043,0.0039,0.0041,0.0011
2026-08-05 09:30:07.666,2.150000,57,9,0.399289,0.0097,-40.54,0,0,0,60.0000,0.236,3.49033,0,0,0,0,0,0.221726,0.020901,0.196468,0.035219,0.159503,0.052209,0.119173,0.064295,0.079621,0.067243,0.049506,0.060357,0.030532,0.043904,0.018305,40.54,-167.42,111.01,-122.98,-176.28,-61.32,-106.29,7.54,-39.21,82.37,23.72,162.88,80.55,-105.39,145.68,0.0051,0.0049,0.0083,0.0040,0.0071,0.0006,0.0050,0.0064,0.0044,0.0008,0.0045,0.0043,0.0039,0.0041,0.0011
2026-08-05 09:30:07.666,2.166667,57,10,0.441553,0.0100,-85.35,0,0,0,60.0000,0.236,3.49033,0,0,0,0,0,0.263914,0.066900,0.232606,0.042992,0.184820,0.011961,0.128931,0.022024,0.071837,0.045379,0.025032,0.056274,0.009295,0.050956,0.024503,85.35,-13.70,-112.04,154.87,53.35,-23.27,-141.65,-74.31,24.93,98.84,-162.49,-91.73,152.28,77.74,-26.01,0.0051,0.0049,0.0083,0.0040,0.0071,0.0006,0.0050,0.0064,0.0044,0.0008,0.0045,0.0043,0.0039,0.0041,0.0011
2026-08-05 09:30:07.666,2.183333,57,11,0.411232,-0.0051,166.21,0,0,0,60.0000,0.236,3.49033,0,0,0,0,0,0.232156,0.023780,0.203527,0.028769,0.162481,0.045703,0.116804,0.064569,0.076176,0.073479,0.052063,0.067900,0.040530,0.047374,0.031470,-166.21,-124.11,-147.67,-53.97,-124.36,-5.19,-98.46,25.75,-64.57,49.22,-21.04,70.30,23.34,87.60,53.92,0.0051,0.0049,0.0083,0.0040,0.0071,0.0006,0.0050,0.0064,0.0044,0.0008,0.0045,0.0043,0.0039,0.0041,0.0011
2026-08-05 09:30:07.666,2.200000,57,12,0.400750,-0.0010,126.34,0,0,0,60.0000,0.236,3.49033,0,0,0,0,0,0.214012,0.025549,0.194420,0.047612,0.168219,0.060702,0.135760,0.065378,0.099420,0.060128,0.065199,0.046884,0.034493,0.029075,0.014850,-126.34,7.98,-29.30,109.08,71.38,-150.65,171.41,-49.62,-86.91,52.25,16.59,158.11,125.95,-90.51,-105.13,0.0051,0.0049,0.0083,0.0040,0.0071,0.0006,0.0050,0.0064,0.0044,0.0008,0.0045,0.0043,0.0039,0.0041,0.0011
2026-08-05 09:30:07.666,2.216667,57,13,0.413353,0.0074,-164.76,0,0,0,60.0000,0.236,3.49033,0,0,0,0,0,0.221244,0.033920,0.200415,0.056195,0.171499,0.069455,0.135147,0.073417,0.095057,0.066577,0.058032,0.050809,0.025495,0.030379,0.005652,164.76,-157.65,124.47,178.84,87.46,146.78,49.63,113.41,13.41,79.91,-21.39,49.78,-51.03,27.45,-30.93,0.0051,0.0049,0.0083,0.0040,0.0071,0.0006,0.0050,0.0064,0.0044,0.0008,0.0045,0.0043,0.0039,0.0041,0.0011
2026-08-05 09:30:07.666,2.233333,57,14,0.465326,0.0270,73.26,0,0,0,60.0000,0.236,3.49033,0,0,0,0,0,0.251281,0.029048,0.228599,0.053106,0.196435,0.066959,0.155876,0.070881,0.111882,0.062985,0.071208,0.046587,0.037078,0.026888,0.020980,-73.26,116.89,130.57,-37.47,-22.19,169.04,-174.92,16.38,34.73,-135.14,-112.20,79.29,112.21,-53.78,3.08,0.0051,0.0049,0.0083,0.0040,0.0071,0.0006,0.0050,0.0064,0.0044,0.0008,0.0045,0.0043,0.0039,0.0041,0.0011
2026-08-05 09:30:07.666,2.250000,57,15,0.415282,0.0174,69.51,0,0,0,60.0000,0.236,3.49033,0,0,0,0,0,0.225374,0.027664,0.204923,0.049108,0.174508,0.062270,0.138384,0.064711,0.097823,0.056447,0.060677,0.039650,0.028553,0.017566,0.009875,-69.51,117.05,140.92,-26.15,-5.09,-171.35,-151.49,42.78,63.33,-101.50,-79.02,117.03,144.24,-11.16,49.33,0.0051,0.0049,0.0083,0.0040,0.0071,0.0006,0.0050,0.0064,0.0044,0.0008,0.0045,0.0043,0.0039,0.0041,0.0011
2026-08-05 09:30:07.666,2.266667,57,16,0.368400,0.0077,85.36,0,0,0,60.0000,0.236,3.49033,0,0,0,0,0,0.196940,0.026876,0.178970,0.047237,0.152855,0.060606,0.122005,0.064997,0.087209,0.059350,0.054172,0.045912,0.025515,0.025127,0.004362,-85.36,77.52,92.72,-94.90,-85.62,89.32,95.60,-88.79,-82.93,94.43,100.92,-82.51,-74.83,103.46,148.62,0.0051,0.0049,0.0083,0.0040,0.0071,0.0006,0.0050,0.0064,0.0044,0.0008,0.0045,0.0043,0.0039,0.0041,0.0011
2026-08-05 09:30:07.666,2.283333,57,17,0.339965,-0.0066,149.49,0,0,0,60.0000,0.236,3.49033,0,0,0,0,0,0.179845,0.027539,0.163673,0.044793,0.140105,0.057217,0.112989,0.061828,0.081774,0.057560,0.051785,0.046361,0.025303,0.027985,0.003939,-149.49,-65.62,-100.26,-0.27,-47.24,57.59,4.94,112.30,57.30,166.70,110.69,-138.76,162.84,-86.44,-153.59,0.0051,0.0049,0.0083,0.0040,0.0071,0.0006,0.0050,0.0064,0.0044,0.0008,0.0045,0.0043,0.0039,0.0041,0.0011
2026-08-05 09:30:07.666,2.300000,57,18,0.390342,0.0087,-38.86,0,0,0,60.0000,0.236,3.49033,0,0,0,0,0,0.207471,0.032261,0.188833,0.052604,0.161117,0.066357,0.128229,0.070917,0.090962,0.065152,0.056334,0.050789,0.025944,0.029498,0.005544,38.86,-48.76,105.56,34.33,175.97,109.79,-114.09,-177.83,-43.45,-104.50,29.61,-29.85,106.92,48.82,-123.51,0.0051,0.0049,0.0083,0.0040,0.0071,0.0006,0.0050,0.0064,0.0044,0.0008,0.0045,0.0043,0.0039,0.0041,0.0011
2026-08-05 09:30:07.666,2.316667,57,19,0.404954,0.0257,-33.80,0,0,0,60.0000,0.236,3.49033,0,0,0,0,0,0.216675,0.027417,0.197461,0.048353,0.169063,0.062353,0.135625,0.066428,0.097911,0.060267,0.062438,0.046486,0.031759,0.026858,0.013093,33.80,-40.43,90.95,24.69,151.72,87.16,-147.85,148.64,-86.05,-148.20,-20.80,-82.94,50.55,-8.40,155.01,0.0051,0.0049,0.0083,0.0040,0.0071,0.0006,0.0050,0.0064,0.0044,0.0008,0.0045,0.0043,0.0039,0.0041,0.0011
2026-08-05 09:30:07.666,2.333333,57,20,0.384991,0.0189,-154.37,0,0,0,60.0000,0.236,3.49033,0,0,0,0,0,0.206617,0.033142,0.186774,0.054066,0.157873,0.068185,0.124491,0.071474,0.086448,0.063866,0.050518,0.048889,0.020077,0.027396,0.002528,154.37,-178.89,91.95,135.35,32.91,82.40,-26.57,26.53,-85.08,-29.37,-141.61,-84.17,162.18,-131.61,-134.48,0.0051,0.0049,0.0083,0.0040,0.0071,0.0006,0.0050,0.0064,0.0044,0.0008,0.0045,0.0043,0.0039,0.0041,0.0011
2026-08-05 09:30:07.666,2.350000,57,21,0.400983,0.0009,143.68,0,0,0,60.0000,0.236,3.49033,0,0,0,0,0,0.223534,0.018713,0.197868,0.036656,0.160161,0.054215,0.118789,0.065549,0.077994,0.066548,0.046112,0.057100,0.024612,0.038257,0.010229,-143.68,-22.78,-81.40,26.29,-16.80,85.41,45.36,148.56,105.28,-143.75,162.28,-70.56,-146.02,15.87,-81.59,0.0051,0.0049,0.0083,0.0040,0.0071,0.0006,0.0050,0.0064,0.0044,0.0008,0.0045,0.0043,0.0039,0.0041,0.0011
2026-08-05 09:30:07.666,2.366667,57,22,0.447327,0.0076,-14.14,0,0,0,60.0000,0.236,3.49033,0,0,0,0,0,0.271869,0.050922,0.238803,0.027680,0.187895,0.003005,0.128724,0.032110,0.068808,0.051941,0.020277,0.057945,0.012961,0.046984,0.027429,14.14,21.52,34.26,43.48,57.09,-79.24,79.13,-86.95,101.86,-65.30,126.57,-41.67,-31.57,-18.10,-9.26,0.0051,0.0049,0.0083,0.0040,0.0071,0.0006,0.0050,0.0064,0.0044,0.0008,0.0045,0.0043,0.0039,0.0041,0.0011
2026-08-05 09:30:07.666,2.383333,57,23,0.399185,0.0015,-52.32,0,0,0,60.0000,0.236,3.49033,0,0,0,0,0,0.227699,0.015512,0.199527,0.019625,0.158438,0.037665,0.112212,0.057231,0.068944,0.067987,0.042185,0.065912,0.033266,0.051186,0.030156,52.32,132.37,147.73,-63.93,-112.51,61.69,-10.84,166.64,98.58,-95.57,-137.36,-1.11,-7.10,85.74,103.51,0.0051,0.0049,0.0083,0.0040,0.0071,0.0006,0.0050,0.0064,0.0044,0.0008,0.0045,0.0043,0.0039,0.0041,0.0011
2026-08-05 09:30:07.666,2.400000,57,24,0.389513,0.0257,0.83,0,0,0,60.0000,0.236,3.49033,0,0,0,0,0,0.208654,0.028829,0.188643,0.052469,0.161610,0.066818,0.128407,0.071551,0.091585,0.065305,0.057454,0.050141,0.027627,0.029608,0.009758,-0.83,68.08,-12.65,66.78,-21.20,60.41,-31.23,53.56,-41.25,46.51,-52.83,41.32,-70.19,36.15,-114.14,0.0051,0.0049,0.0083,0.0040,0.0071,0.0006,0.0050,0.0064,0.0044,0.0008,0.0045,0.0043,0.0039,0.0041,0.0011
2026-08-05 09:30:07.666,2.416667,57,25,0.451303,0.0132,83.57,0,0,0,60.0000,0.236,3.49033,0,0,0,0,0,0.244691,0.030549,0.221753,0.055622,0.189133,0.069477,0.147736,0.072623,0.102729,0.064033,0.061862,0.047095,0.027963,0.028130,0.013392,-83.57,-91.25,99.92,98.73,-73.34,-73.26,113.01,115.71,-58.45,-53.96,133.14,142.79,-23.38,-4.04,-136.66,0.0051,0.0049,0.0083,0.0040,0.0071,0.0006,0.0050,0.0064,0.0044,0.0008,0.0045,0.0043,0.0039,0.0041,0.0011
2026-08-05 09:30:07.666,2.433333,57,26,0.483664,0.0156,-116.42,0,0,0,60.0000,0.236,3.49033,0,0,0,0,0,0.261041,0.034046,0.237359,0.054995,0.203534,0.066931,0.161088,0.069040,0.115482,0.059251,0.074090,0.042568,0.040575,0.027281,0.025200,116.42,-11.94,-20.16,-160.20,-153.37,61.58,73.52,-72.93,-57.04,156.11,175.97,34.79,60.04,-64.85,-36.37,0.0051,0.0049,0.0083,0.0040,0.0071,0.0006,0.0050,0.0064,0.0044,0.0008,0.0045,0.0043,0.0039,0.0041,0.0011
2026-08-05 09:30:07.666,2.450000,57,27,0.492875,0.0159,-10.35,0,0,0,60.0000,0.236,3.49033,0,0,0,0,0,0.264786,0.036074,0.241469,0.058374,0.206318,0.072364,0.163740,0.074527,0.116980,0.065840,0.074897,0.050008,0.040019,0.034954,0.020161,10.35,135.16,21.51,136.39,36.04,146.77,50.50,160.80,66.67,179.32,86.05,-154.43,112.26,-110.20,159.54,0.0051,0.0049,0.0083,0.0040,0.0071,0.0006,0.0050,0.0064,0.0044,0.0008,0.0045,0.0043,0.0039,0.0041,0.0011
2026-08-05 09:30:07.666,2.466667,57,28,0.455235,0.0021,153.96,0,0,0,60.0000,0.236,3.49033,0,0,0,0,0,0.245735,0.031254,0.224583,0.046770,0.193578,0.056619,0.156041,0.057099,0.114143,0.048308,0.074689,0.033141,0.041237,0.017782,0.019385,-153.96,175.12,-111.75,-156.47,-66.22,-116.85,-20.68,-74.42,25.92,-26.31,75.97,28.36,130.59,116.78,-151.63,0.0051,0.0049,0.0083,0.0040,0.0071,0.0006,0.0050,0.0064,0.0044,0.0008,0.0045,0.0043,0.0039,0.0041,0.0011
2026-08-05 09:30:07.666,2.483333,57,29,0.437032,0.0131,119.22,0,0,0,60.0000,0.236,3.49033,0,0,0,0,0,0.238847,0.028504,0.217504,0.050340,0.184792,0.063802,0.145813,0.065676,0.102341,0.056336,0.062014,0.038718,0.028176,0.014596,0.007941,-119.22,-148.68,-7.89,-37.79,106.82,75.70,-138.84,-170.40,-23.47,-54.61,94.33,64.25,-142.63,-161.02,36.27,0.0051,0.0049,0.0083,0.0040,0.0071,0.0006,0.0050,0.0064,0.0044,0.0008,0.0045,0.0043,0.0039,0.0041,0.0011
2026-08-05 09:30:07.924,2.500000,58,0,0.478062,0.0236,54.17,0,0,0,60.0000,0.230,5.05701,0,0,0,0,0,0.260009,0.033302,0.236126,0.057305,0.199845,0.071786,0.156084,0.073096,0.107849,0.062737,0.064953,0.043887,0.030817,0.025063,0.016785,-54.17,-7.00,-172.20,-130.40,73.15,112.70,-41.34,-2.53,-154.17,-113.56,97.39,142.84,1.09,65.72,-54.81,0.0036,0.0045,0.0061,0.0088,0.0095,0.0053,0.0047,0.0022,0.0018,0.0030,0.0033,0.0018,0.0038,0.0029,0.0022
2026-08-05 09:30:07.924,2.516667,58,1,0.435887,0.0086,-75.60,0,0,0,60.0000,0.230,5.05701,0,0,0,0,0,0.234777,0.029088,0.214421,0.050838,0.183429,0.064985,0.146294,0.068364,0.104563,0.061133,0.065733,0.045892,0.032321,0.025755,0.011051,75.60,-137.71,-143.60,12.40,0.71,159.11,144.73,-55.12,-70.23,92.73,77.68,-116.12,-129.29,48.33,58.47,0.0036,0.0045,0.0061,0.0088,0.0095,0.0053,0.0047,0.0022,0.0018,0.0030,0.0033,0.0018,0.0038,0.0029,0.0022
2026-08-05 09:30:07.924,2.533333,58,2,0.373482,-0.0115,-145.43,0,0,0,60.0000,0.230,5.05701,0,0,0,0,0,0.199623,0.023795,0.182147,0.040136,0.157398,0.051885,0.129251,0.054797,0.096144,0.049222,0.063628,0.037700,0.034970,0.020453,0.012847,145.43,38.26,65.37,-50.66,-11.41,-130.44,-88.70,151.51,-165.14,75.48,119.88,1.42,44.10,-64.33,-27.18,0.0036,0.0045,0.0061,0.0088,0.0095,0.0053,0.0047,0.0022,0.0018,0.0030,0.0033,0.0018,0.0038,0.0029,0.0022
2026-08-05 09:30:07.924,2.550000,58,3,0.385332,0.0030,-26.08,0,0,0,60.0000,0.230,5.05701,0,0,0,0,0,0.211735,0.022698,0.189614,0.038322,0.157622,0.053064,0.122528,0.060984,0.086041,0.059534,0.054782,0.048927,0.030576,0.028811,0.013700,26.08,160.85,67.47,-176.30,111.47,-140.61,153.80,-100.35,-164.52,-55.93,-122.87,-7.16,-82.03,52.04,-27.34,0.0036,0.0045,0.0061,0.0088,0.0095,0.0053,0.0047,0.0022,0.0018,0.0030,0.0033,0.0018,0.0038,0.0029,0.0022
2026-08-05 09:30:07.924,2.566667,58,4,0.430343,-0.0062,-153.11,0,0,0,60.0000,0.230,5.05701,0,0,0,0,0,0.258849,0.067527,0.226142,0.042807,0.176332,0.014121,0.118256,0.029263,0.059716,0.052237,0.012732,0.061982,0.019448,0.054535,0.032693,153.11,124.52,91.29,73.91,32.27,57.68,-27.47,96.12,-86.00,50.25,-138.47,-2.28,-26.54,-55.84,-82.95,0.0036,0.0045,0.0061,0.0088,0.0095,0.0053,0.0047,0.0022,0.0018,0.0030,0.0033,0.0018,0.0038,0.0029,0.0022
2026-08-05 09:30:07.924,2.583333,58,5,0.398402,0.0207,22.38,0,0,0,60.0000,0.230,5.05701,0,0,0,0,0,0.226409,0.028124,0.199258,0.022730,0.159870,0.032452,0.115261,0.050656,0.072825,0.062861,0.045897,0.063584,0.036222,0.051737,0.033570,-22.38,148.10,-76.36,140.47,-125.98,133.79,-173.73,98.83,146.02,51.06,119.29,-1.52,99.94,-60.89,63.97,0.0036,0.0045,0.0061,0.0088,0.0095,0.0053,0.0047,0.0022,0.0018,0.0030,0.0033,0.0018,0.0038,0.0029,0.0022
2026-08-05 09:30:07.924,2.600000,58,6,0.414642,0.0041,3.36,0,0,0,60.0000,0.230,5.05701,0,0,0,0,0,0.223333,0.038221,0.201161,0.061408,0.170392,0.075253,0.132725,0.078186,0.091820,0.068981,0.054827,0.050375,0.024409,0.027017,0.010532,-3.36,-137.34,-19.79,-134.36,-33.13,-141.41,-48.04,-150.48,-63.12,-159.98,-80.64,-166.86,-107.49,-168.05,-173.39,0.0036,0.0045,0.0061,0.0088,0.0095,0.0053,0.0047,0.0022,0.0018,0.0030,0.0033,0.0018,0.0038,0.0029,0.0022
2026-08-05 09:30:07.924,2.616667,58,7,0.384271,0.0230,-4.42,0,0,0,60.0000,0.230,5.05701,0,0,0,0,0,0.207971,0.023311,0.188937,0.042142,0.163408,0.053168,0.131909,0.056583,0.096645,0.050923,0.063336,0.037397,0.032542,0.019374,0.010931,4.42,-75.37,2.47,-81.24,4.14,-82.98,4.89,-83.43,6.76,-83.97,9.58,-83.16,14.76,-87.12,33.57,0.0036,0.0045,0.0061,0.0088,0.0095,0.0053,0.0047,0.0022,0.0018,0.0030,0.0033,0.0018,0.0038,0.0029,0.0022
2026-08-05 09:30:07.924,2.633333,58,8,0.369605,-0.0017,-149.71,0,0,0,60.0000,0.230,5.05701,0,0,0,0,0,0.198751,0.022004,0.180774,0.040465,0.156482,0.051119,0.126592,0.054578,0.093219,0.048842,0.061614,0.035354,0.032056,0.017118,0.011188,149.71,-158.85,78.21,132.95,10.24,64.75,-58.63,-3.37,-126.39,-71.79,166.26,-137.87,100.37,155.33,43.55,0.0036,0.0045,0.0061,0.0088,0.0095,0.0053,0.0047,0.0022,0.0018,0.0030,0.0033,0.0018,0.0038,0.0029,0.0022
2026-08-05 09:30:07.924,2.650000,58,9,0.475115,0.0020,128.63,0,0,0,60.0000,0.230,5.05701,0,0,0,0,0,0.257192,0.031122,0.234060,0.055542,0.199486,0.070369,0.157452,0.073303,0.110820,0.064564,0.068097,0.047566,0.031989,0.028833,0.012893,-128.63,-0.71,-35.63,99.03,60.76,-162.96,156.96,-65.00,-105.25,35.55,-4.43,141.96,104.82,-93.22,-103.81,0.0036,0.0045,0.0061,0.0088,0.0095,0.0053,0.0047,0.0022,0.0018,0.0030,0.0033,0.0018,0.0038,0.0029,0.0022
2026-08-05 09:30:07.924,2.666667,58,10,0.425035,-0.0022,116.35,0,0,0,60.0000,0.230,5.05701,0,0,0,0,0,0.228856,0.029704,0.208299,0.052433,0.177477,0.066928,0.140717,0.070669,0.099446,0.063143,0.061043,0.047521,0.028088,0.026298,0.006449,-116.35,19.27,0.62,144.78,120.91,-92.28,-119.05,29.24,1.62,153.20,124.96,-80.42,-109.23,59.60,66.62,0.0036,0.0045,0.0061,0.0088,0.0095,0.0053,0.0047,0.0022,0.0018,0.0030,0.0033,0.0018,0.0038,0.0029,0.0022
2026-08-05 09:30:07.924,2.683333,58,11,0.411779,-0.0065,-140.47,0,0,0,60.0000,0.230,5.05701,0,0,0,0,0,0.223134,0.025141,0.203390,0.044889,0.174436,0.057008,0.139887,0.059385,0.100959,0.051564,0.064234,0.036459,0.032681,0.015250,0.010090,140.47,-178.35,50.88,96.31,-35.21,10.62,-121.72,-75.70,152.60,-159.95,69.26,118.42,-10.89,50.74,-63.19,0.0036,0.0045,0.0061,0.0088,0.0095,0.0053,0.0047,0.0022,0.0018,0.0030,0.0033,0.0018,0.0038,0.0029,0.0022
2026-08-05 09:30:07.924,2.700000,58,12,0.499284,0.0016,-88.71,0,0,0,60.0000,0.230,5.05701,0,0,0,0,0,0.272005,0.035231,0.246340,0.061226,0.207322,0.076541,0.159793,0.077838,0.107971,0.066482,0.062564,0.046759,0.029343,0.028873,0.023799,88.71,66.65,-103.33,-115.94,68.09,58.10,-120.06,-128.70,54.20,47.94,-125.22,-127.56,75.51,83.25,-50.35,0.0036,0.0045,0.0061,0.0088,0.0095,0.0053,0.0047,0.0022,0.0018,0.0030,0.0033,0.0018,0.0038,0.0029,0.0022
2026-08-05 09:30:07.924,2.716667,58,13,0.476467,0.0037,161.44,0,0,0,60.0000,0.230,5.05701,0,0,0,0,0,0.261481,0.033705,0.237474,0.057553,0.200285,0.071470,0.155683,0.072238,0.107207,0.060196,0.063966,0.039707,0.029776,0.019066,0.015310,-161.44,-76.10,-134.00,-38.04,-103.19,-4.54,-72.37,27.94,-39.79,63.00,-2.77,104.01,45.55,177.55,134.30,0.0036,0.0045,0.0061,0.0088,0.0095,0.0053,0.0047,0.0022,0.0018,0.0030,0.0033,0.0018,0.0038,0.0029,0.0022
2026-08-05 09:30:07.924,2.733333,58,14,0.475806,0.0064,93.27,0,0,0,60.0000,0.230,5.05701,0,0,0,0,0,0.259442,0.030723,0.236353,0.055220,0.201555,0.070857,0.160533,0.073869,0.114193,0.064930,0.070623,0.048098,0.033965,0.024703,0.012106,-93.27,69.80,70.44,-121.39,-122.83,46.44,43.82,-146.75,-148.15,20.71,22.81,-170.76,-161.00,4.11,52.66,0.0036,0.0045,0.0061,0.0088,0.0095,0.0053,0.0047,0.0022,0.0018,0.0030,0.0033,0.0018,0.0038,0.0029,0.0022
2026-08-05 09:30:07.924,2.750000,58,15,0.413826,0.0042,0.92,0,0,0,60.0000,0.230,5.05701,0,0,0,0,0,0.229599,0.023433,0.205330,0.040861,0.169730,0.057214,0.131054,0.066339,0.092098,0.064864,0.059963,0.053070,0.035720,0.030943,0.017150,-0.92,-75.72,-13.12,-105.90,-23.17,-123.32,-35.41,-136.04,-49.28,-144.52,-64.18,-148.79,-80.84,-143.53,-88.28,0.0036,0.0045,0.0061,0.0088,0.0095,0.0053,0.0047,0.0022,0.0018,0.0030,0.0033,0.0018,0.0038,0.0029,0.0022
2026-08-05 09:30:07.924,2.766667,58,16,0.433110,0.0033,106.82,0,0,0,60.0000,0.230,5.05701,0,0,0,0,0,0.257732,0.044787,0.229096,0.027825,0.185203,0.014508,0.133837,0.028858,0.080012,0.045198,0.034010,0.052708,0.003693,0.047011,0.020009,-106.82,132.13,30.91,-102.66,171.47,-26.31,-48.47,52.17,92.82,178.21,-121.83,-46.53,112.86,89.46,-38.84,0.0036,0.0045,0.0061,0.0088,0.0095,0.0053,0.0047,0.0022,0.0018,0.0030,0.0033,0.0018,0.0038,0.0029,0.0022
2026-08-05 09:30:07.924,2.783333,58,17,0.439418,0.0136,-20.79,0,0,0,60.0000,0.230,5.05701,0,0,0,0,0,0.254390,0.021756,0.223068,0.019713,0.176338,0.037602,0.123355,0.059271,0.073381,0.070869,0.041824,0.068199,0.031968,0.050448,0.029742,20.79,60.10,53.70,158.62,90.59,-126.48,129.10,-80.95,174.96,-44.17,-123.27,-10.83,-51.27,15.26,-2.16,0.0036,0.0045,0.0061,0.0088,0.0095,0.0053,0.0047,0.0022,0.0018,0.0030,0.0033,0.0018,0.0038,0.0029,0.0022
2026-08-05 09:30:07.924,2.800000,58,18,0.412852,0.0104,107.78,0,0,0,60.0000,0.230,5.05701,0,0,0,0,0,0.222492,0.030929,0.203006,0.044907,0.176605,0.053653,0.144088,0.055975,0.107204,0.049893,0.071918,0.036987,0.039431,0.019557,0.016442,-107.78,-86.92,26.13,30.30,163.63,158.02,-59.59,-70.33,78.50,62.53,-142.12,-162.36,0.75,-31.51,157.81,0.0036,0.0045,0.0061,0.0088,0.0095,0.0053,0.0047,0.0022,0.0018,0.0030,0.0033,0.0018,0.0038,0.0029,0.0022
2026-08-05 09:30:07.924,2.816667,58,19,0.391749,-0.0078,-135.83,0,0,0,60.0000,0.230,5.05701,0,0,0,0,0,0.209288,0.026860,0.190176,0.049652,0.164173,0.063160,0.131906,0.067812,0.095838,0.062465,0.062413,0.048542,0.032510,0.028912,0.011559,135.83,-10.61,37.27,-103.73,-58.04,161.49,-154.55,67.07,109.69,-27.74,14.00,-121.01,-82.49,145.45,178.54,0.0036,0.0045,0.0061,0.0088,0.0095,0.0053,0.0047,0.0022,0.0018,0.0030,0.0033,0.0018,0.0038,0.0029,0.0022
2026-08-05 09:30:07.924,2.833333,58,20,0.372769,0.0070,-51.10,0,0,0,60.0000,0.230,5.05701,0,0,0,0,0,0.198795,0.027858,0.180632,0.049548,0.154940,0.062556,0.123262,0.067529,0.088639,0.062020,0.056885,0.047420,0.029018,0.027845,0.012423,51.10,170.60,142.64,-87.51,-122.86,10.46,-29.70,107.52,63.51,-156.75,154.66,-59.27,-121.36,37.11,-59.26,0.0036,0.0045,0.0061,0.0088,0.0095,0.0053,0.0047,0.0022,0.0018,0.0030,0.0033,0.0018,0.0038,0.0029,0.0022
2026-08-05 09:30:07.924,2.850000,58,21,0.398419,0.0046,-84.30,0,0,0,60.0000,0.230,5.05701,0,0,0,0,0,0.214674,0.025824,0.195858,0.046386,0.168312,0.059426,0.135578,0.063416,0.098657,0.057408,0.063912,0.043283,0.033127,0.023192,0.010399,84.30,-102.57,-117.86,55.58,43.30,-144.20,-156.40,16.21,4.29,177.29,165.28,-20.72,-35.13,140.50,121.50,0.0036,0.0045,0.0061,0.0088,0.0095,0.0053,0.0047,0.0022,0.0018,0.0030,0.0033,0.0018,0.0038,0.0029,0.0022
2026-08-05 09:30:07.924,2.866667,58,22,0.400848,0.0145,-23.41,0,0,0,60.0000,0.230,5.05701,0,0,0,0,0,0.214392,0.027877,0.195946,0.049108,0.168072,0.063398,0.135375,0.068017,0.098342,0.062324,0.063286,0.048618,0.033218,0.027542,0.010003,23.41,119.39,59.51,163.35,98.80,-154.87,137.45,-115.17,175.82,-74.37,-144.93,-34.02,-109.25,7.02,-80.98,0.0036,0.0045,0.0061,0.0088,0.0095,0.0053,0.0047,0.0022,0.0018,0.0030,0.0033,0.0018,0.0038,0.0029,0.0022
2026-08-05 09:30:07.924,2.883333,58,23,0.399852,0.0197,-2.12,0,0,0,60.0000,0.230,5.05701,0,0,0,0,0,0.212839,0.030711,0.194026,0.053497,0.165440,0.069083,0.131910,0.074303,0.094316,0.068496,0.058939,0.054492,0.029260,0.032459,0.008751,2.12,72.53,-4.60,76.88,-7.95,76.58,-12.34,74.85,-16.99,73.69,-22.07,73.23,-32.61,74.00,-74.22,0.0036,0.0045,0.0061,0.0088,0.0095,0.0053,0.0047,0.0022,0.0018,0.0030,0.0033,0.0018,0.0038,0.0029,0.0022
2026-08-05 09:30:07.924,2.900000,58,24,0.399360,0.0064,-115.49,0,0,0,60.0000,0.230,5.05701,0,0,0,0,0,0.214649,0.027405,0.195499,0.048955,0.167413,0.062938,0.134371,0.066808,0.096871,0.060738,0.062147,0.045981,0.031960,0.024378,0.010105,115.49,-35.69,-24.33,-177.01,-160.97,45.64,61.72,-91.88,-76.02,132.41,146.56,-2.09,5.92,-136.21,-154.08,0.0036,0.0045,0.0061,0.0088,0.0095,0.0053,0.0047,0.0022,0.0018,0.0030,0.0033,0.0018,0.0038,0.0029,0.0022
2026-08-05 09:30:07.924,2.916667,58,25,0.384037,0.0057,-38.86,0,0,0,60.0000,0.230,5.05701,0,0,0,0,0,0.206627,0.024941,0.188787,0.043278,0.162049,0.055642,0.130959,0.058914,0.095848,0.052519,0.062326,0.038703,0.032849,0.018695,0.010391,38.86,174.03,105.77,-121.94,176.07,-53.81,-114.45,15.39,-44.73,86.47,26.15,158.46,95.32,-126.57,160.20,0.0036,0.0045,0.0061,0.0088,0.0095,0.0053,0.0047,0.0022,0.0018,0.0030,0.0033,0.0018,0.0038,0.0029,0.0022
2026-08-05 09:30:07.924,2.933333,58,26,0.384343,0.0114,157.04,0,0,0,60.0000,0.230,5.05701,0,0,0,0,0,0.207207,0.024177,0.188613,0.042871,0.162032,0.055704,0.131662,0.058724,0.096206,0.052399,0.061606,0.039563,0.031436,0.020337,0.008878,-157.04,142.52,-121.99,173.43,-83.78,-149.68,-46.10,-112.19,-7.80,-73.54,31.71,-34.11,69.14,9.40,105.75,0.0036,0.0045,0.0061,0.0088,0.0095,0.0053,0.0047,0.0022,0.0018,0.0030,0.0033,0.0018,0.0038,0.0029,0.0022
2026-08-05 09:30:07.924,2.950000,58,27,0.382362,0.0011,133.01,0,0,0,60.0000,0.230,5.05701,0,0,0,0,0,0.210839,0.021002,0.188793,0.035884,0.157293,0.050094,0.123342,0.057879,0.088401,0.056085,0.058542,0.044732,0.034950,0.023847,0.016278,-133.01,-157.81,-49.96,-93.40,35.44,-15.39,118.81,67.17,-159.14,154.04,-77.42,-115.36,2.74,-15.38,90.60,0.0036,0.0045,0.0061,0.0088,0.0095,0.0053,0.0047,0.0022,0.0018,0.0030,0.0033,0.0018,0.0038,0.0029,0.0022
2026-08-05 09:30:07.924,2.966667,58,28,0.455792,-0.0012,99.76,0,0,0,60.0000,0.230,5.05701,0,0,0,0,0,0.274484,0.061351,0.242316,0.037842,0.192869,0.007327,0.135156,0.024007,0.076317,0.045714,0.027850,0.054378,0.006419,0.047059,0.022707,-99.76,-24.66,52.55,132.44,-152.52,-59.78,1.71,-107.70,156.62,49.73,-46.47,-153.78,-76.97,1.05,80.74,0.0036,0.0045,0.0061,0.0088,0.0095,0.0053,0.0047,0.0022,0.0018,0.0030,0.0033,0.0018,0.0038,0.0029,0.0022
2026-08-05 09:30:07.924,2.983333,58,29,0.431789,0.0106,-49.13,0,0,0,60.0000,0.230,5.05701,0,0,0,0,0,0.249587,0.020156,0.218547,0.017315,0.171827,0.036921,0.118631,0.060043,0.067834,0.073647,0.035727,0.073133,0.029646,0.057663,0.031537,49.13,-64.91,138.32,97.82,-128.57,-129.63,-34.05,-28.97,67.91,63.81,-169.65,153.53,-32.16,-123.06,74.17,0.0036,0.0045,0.0061,0.0088,0.0095,0.0053,0.0047,0.0022,0.0018,0.0030,0.0033,0.0018,0.0038,0.0029,0.0022
2026-08-05 09:30:08.178,3.000000,59,0,0.422165,0.0028,149.28,0,0,0,60.0000,0.241,20.32816,0,0,0,0,0,0.225803,0.041496,0.203032,0.065679,0.171258,0.080837,0.131668,0.084599,0.088347,0.075693,0.048553,0.056895,0.014527,0.032923,0.009287,-149.28,-71.80,-97.17,-0.63,-41.79,60.35,12.74,119.26,68.55,177.75,125.75,-120.75,-167.25,-52.94,28.83,0.0008,0.0036,0.0042,0.0062,0.0071,0.0049,0.0019,0.0022,0.0008,0.0056,0.0013,0.0079,0.0030,0.0030,0.0036
2026-08-05 09:30:08.178,3.016667,59,1,0.420599,0.0067,53.69,0,0,0,60.0000,0.241,20.32816,0,0,0,0,0,0.229282,0.030459,0.207405,0.054220,0.176864,0.067543,0.138736,0.070671,0.097046,0.062272,0.058733,0.044765,0.025494,0.022021,0.003534,-53.69,139.33,-170.99,32.91,74.92,-78.57,-40.10,169.26,-154.13,56.77,92.38,-52.84,-19.05,-157.42,-103.35,0.0008,0.0036,0.0042,0.0062,0.0071,0.0049,0.0019,0.0022,0.0008,0.0056,0.0013,0.0079,0.0030,0.0030,0.0036
2026-08-05 09:30:08.178,3.033333,59,2,0.421283,-0.0092,139.38,0,0,0,60.0000,0.241,20.32816,0,0,0,0,0,0.229356,0.032861,0.207104,0.058206,0.175143,0.072516,0.135464,0.076140,0.092926,0.066672,0.054432,0.047466,0.021313,0.023685,0.000358,-139.38,-29.81,-68.19,51.16,6.14,128.28,79.68,-155.37,154.31,-79.21,-131.45,0.93,-56.63,88.84,-12.63,0.0008,0.0036,0.0042,0.0062,0.0071,0.0049,0.0019,0.0022,0.0008,0.0056,0.0013,0.0079,0.0030,0.0030,0.0036
2026-08-05 09:30:08.178,3.050000,59,3,0.413390,0.0124,-3.30,0,0,0,60.0000,0.241,20.32816,0,0,0,0,0,0.224533,0.029410,0.203840,0.051410,0.173154,0.064796,0.136143,0.067731,0.095144,0.059401,0.057091,0.042321,0.024156,0.019641,0.003920,3.30,-106.04,-0.60,-99.26,-1.06,-96.99,-2.10,-95.95,-2.24,-94.26,-0.90,-89.58,4.13,-74.74,81.56,0.0008,0.0036,0.0042,0.0062,0.0071,0.0049,0.0019,0.0022,0.0008,0.0056,0.0013,0.0079,0.0030,0.0030,0.0036
2026-08-05 09:30:08.178,3.066667,59,4,0.524023,0.0041,-175.05,0,0,0,60.0000,0.241,20.32816,0,0,0,0,0,0.245540,0.029535,0.223382,0.049353,0.188268,0.059624,0.148408,0.056625,0.106033,0.042493,0.070258,0.022178,0.042729,0.010867,0.025441,175.05,-97.96,154.32,-118.82,136.47,-136.91,117.69,-156.44,98.26,-176.20,79.59,153.18,60.81,46.77,53.53,0.0008,0.0036,0.0042,0.0062,0.0071,0.0049,0.0019,0.0022,0.0008,0.0056,0.0013,0.0079,0.0030,0.0030,0.0036
2026-08-05 09:30:08.178,3.083333,59,5,0.562778,0.0316,-2.32,0,0,0,60.0000,0.241,20.32816,0,0,0,0,0,0.305371,0.041067,0.276865,0.070430,0.233241,0.087673,0.179872,0.089586,0.122727,0.076849,0.072981,0.056057,0.037867,0.038557,0.029994,2.32,-111.12,-1.85,-103.64,-2.72,-101.22,-2.92,-99.47,-0.29,-94.42,9.13,-81.86,35.52,-46.58,85.64,0.0008,0.0036,0.0042,0.0062,0.0071,0.0049,0.0019,0.0022,0.0008,0.0056,0.0013,0.0079,0.0030,0.0030,0.0036
2026-08-05 09:30:08.178,3.100000,59,6,0.574777,0.0043,-72.56,0,0,0,60.0000,0.241,20.32816,0,0,0,0,0,0.276463,0.041911,0.250846,0.054400,0.212429,0.059613,0.166988,0.052015,0.118518,0.034195,0.077228,0.009729,0.045309,0.019516,0.026149,72.56,99.28,-152.50,-140.35,-14.66,-9.32,122.80,125.13,-99.54,-95.81,39.53,59.11,-179.03,-16.64,-28.47,0.0008,0.0036,0.0042,0.0062,0.0071,0.0049,0.0019,0.0022,0.0008,0.0056,0.0013,0.0079,0.0030,0.0030,0.0036
2026-08-05 09:30:08.178,3.116667,59,7,0.556216,-0.0073,164.35,0,0,0,60.0000,0.241,20.32816,0,0,0,0,0,0.285191,0.032856,0.259395,0.056577,0.218926,0.069550,0.170501,0.068413,0.118600,0.054035,0.072808,0.031082,0.036730,0.009589,0.018473,-164.35,-55.07,-142.55,-35.30,-117.58,-11.98,-92.73,12.28,-66.49,39.59,-36.63,71.95,1.01,164.15,64.93,0.0008,0.0036,0.0042,0.0062,0.0071,0.0049,0.0019,0.0022,0.0008,0.0056,0.0013,0.0079,0.0030,0.0030,0.0036
2026-08-05 09:30:08.178,3.133333,59,8,0.559323,0.0056,52.42,0,0,0,60.0000,0.241,20.32816,0,0,0,0,0,0.253930,0.062563,0.231761,0.058041,0.199507,0.048844,0.163355,0.031272,0.124308,0.007873,0.089480,0.018710,0.062015,0.042307,0.045052,-52.42,-124.95,-168.44,112.73,78.40,-6.49,-35.42,-121.15,-148.71,143.64,99.89,-179.88,-8.69,73.04,-107.18,0.0008,0.0036,0.0042,0.0062,0.0071,0.0049,0.0019,0.0022,0.0008,0.0056,0.0013,0.0079,0.0030,0.0030,0.0036
2026-08-05 09:30:08.178,3.150000,59,9,0.561169,0.0008,109.79,0,0,0,60.0000,0.241,20.32816,0,0,0,0,0,0.264202,0.057348,0.230429,0.038139,0.181515,0.023071,0.133956,0.024094,0.099923,0.023322,0.084390,0.009980,0.076021,0.018634,0.067220,-109.79,128.33,19.38,-109.91,149.01,-15.04,-87.25,71.28,30.83,-172.41,151.06,-56.70,-77.85,-64.03,68.93,0.0008,0.0036,0.0042,0.0062,0.0071,0.0049,0.0019,0.0022,0.0008,0.0056,0.0013,0.0079,0.0030,0.0030,0.0036
2026-08-05 09:30:08.178,3.166667,59,10,0.641129,0.0227,-135.90,0,0,0,60.0000,0.241,20.32816,0,0,0,0,0,0.392338,0.069329,0.343436,0.035982,0.266121,0.007081,0.175864,0.044895,0.089832,0.066360,0.030135,0.067221,0.029283,0.049519,0.038452,135.90,-94.66,41.05,170.52,-51.04,-76.19,-142.14,171.55,132.26,79.94,73.60,-6.78,70.04,-81.56,-2.30,0.0008,0.0036,0.0042,0.0062,0.0071,0.0049,0.0019,0.0022,0.0008,0.0056,0.0013,0.0079,0.0030,0.0030,0.0036
2026-08-05 09:30:08.178,3.183333,59,11,0.585183,0.0202,73.75,0,0,0,60.0000,0.241,20.32816,0,0,0,0,0,0.309608,0.056125,0.264213,0.043091,0.194760,0.056850,0.117144,0.085080,0.049836,0.099840,0.021785,0.093313,0.026766,0.066247,0.015109,-73.75,-135.02,130.09,112.05,-22.17,6.28,-172.20,-128.65,50.37,82.64,-34.11,-71.58,-138.88,127.22,87.21,0.0008,0.0036,0.0042,0.0062,0.0071,0.0049,0.0019,0.0022,0.0008,0.0056,0.0013,0.0079,0.0030,0.0030,0.0036
2026-08-05 09:30:08.178,3.200000,59,12,0.535065,0.0312,-39.62,0,0,0,60.0000,0.241,20.32816,0,0,0,0,0,0.294719,0.039910,0.267108,0.060719,0.227130,0.071440,0.177234,0.070432,0.123470,0.056525,0.074914,0.036142,0.035832,0.022877,0.018588,39.62,-157.36,109.90,-100.93,-176.65,-33.51,-103.29,38.41,-27.96,115.03,50.65,-155.44,140.83,-28.45,-96.11,0.0008,0.0036,0.0042,0.0062,0.0071,0.0049,0.0019,0.0022,0.0008,0.0056,0.0013,0.0079,0.0030,0.0030,0.0036
2026-08-05 09:30:08.178,3.216667,59,13,0.557684,0.0080,156.26,0,0,0,60.0000,0.241,20.32816,0,0,0,0,0,0.251455,0.058260,0.222010,0.086502,0.178168,0.104456,0.123438,0.108634,0.065080,0.097928,0.013535,0.075876,0.031592,0.049283,0.059004,-156.26,85.61,-119.65,142.15,-79.69,-172.14,-40.94,-129.84,-2.55,-89.94,18.08,-51.27,-83.87,-18.06,-44.96,0.0008,0.0036,0.0042,0.0062,0.0071,0.0049,0.0019,0.0022,0.0008,0.0056,0.0013,0.0079,0.0030,0.0030,0.0036
2026-08-05 09:30:08.178,3.233333,59,14,0.502335,0.0071,81.24,0,0,0,60.0000,0.241,20.32816,0,0,0,0,0,0.274645,0.031024,0.250060,0.050244,0.214378,0.060067,0.169319,0.059747,0.121097,0.047671,0.077009,0.028794,0.041114,0.016418,0.024591,-81.24,-48.91,107.09,127.87,-61.36,-45.51,130.26,144.57,-35.76,-22.02,161.60,-175.54,10.06,78.71,-119.38,0.0008,0.0036,0.0042,0.0062,0.0071,0.0049,0.0019,0.0022,0.0008,0.0056,0.0013,0.0079,0.0030,0.0030,0.0036
2026-08-05 09:30:08.178,3.250000,59,15,0.531041,0.0003,-74.00,0,0,0,60.0000,0.241,20.32816,0,0,0,0,0,0.252632,0.040101,0.225635,0.068441,0.185084,0.085423,0.135360,0.088728,0.082007,0.077832,0.034100,0.056642,0.005751,0.029816,0.030654,74.00,-153.82,-148.69,-3.39,-7.84,139.82,132.55,-78.92,-85.70,61.85,58.56,-156.76,-4.03,-16.39,158.12,0.0008,0.0036,0.0042,0.0062,0.0071,0.0049,0.0019,0.0022,0.0008,0.0056,0.0013,0.0079,0.0030,0.0030,0.0036
2026-08-05 09:30:08.178,3.266667,59,16,0.530160,0.0152,19.59,0,0,0,60.0000,0.241,20.32816,0,0,0,0,0,0.268045,0.032986,0.242770,0.059071,0.204024,0.074458,0.157084,0.076397,0.105929,0.065677,0.059698,0.046196,0.022100,0.023962,0.010934,-19.59,43.83,-68.61,-2.61,-114.38,-48.13,-160.09,-93.69,155.38,-136.21,114.76,-174.70,83.83,168.38,142.67,0.0008,0.0036,0.0042,0.0062,0.0071,0.0049,0.0019,0.0022,0.0008,0.0056,0.0013,0.0079,0.0030,0.0030,0.0036
2026-08-05 09:30:08.178,3.283333,59,17,0.483816,0.0235,31.32,0,0,0,60.0000,0.241,20.32816,0,0,0,0,0,0.261011,0.036074,0.238439,0.050912,0.205375,0.060132,0.164961,0.059784,0.120099,0.049856,0.078489,0.033531,0.044124,0.018386,0.024768,-31.32,66.76,-103.53,-21.11,-172.41,-97.80,118.88,-170.64,51.88,122.12,-11.03,62.89,-66.62,40.37,-98.49,0.0008,0.0036,0.0042,0.0062,0.0071,0.0049,0.0019,0.0022,0.0008,0.0056,0.0013,0.0079,0.0030,0.0030,0.0036
2026-08-05 09:30:08.178,3.300000,59,18,0.471953,0.0124,-47.35,0,0,0,60.0000,0.241,20.32816,0,0,0,0,0,0.256735,0.032820,0.233213,0.057741,0.197114,0.072395,0.153823,0.073678,0.106472,0.062680,0.064567,0.043221,0.030754,0.024221,0.012832,47.35,-174.41,132.21,-89.67,-139.55,-1.91,-51.31,86.83,38.17,179.35,131.23,-80.81,-127.72,47.19,9.07,0.0008,0.0036,0.0042,0.0062,0.0071,0.0049,0.0019,0.0022,0.0008,0.0056,0.0013,0.0079,0.0030,0.0030,0.0036
2026-08-05 09:30:08.178,3.316667,59,19,0.506224,0.0238,51.23,0,0,0,60.0000,0.241,20.32816,0,0,0,0,0,0.278970,0.034515,0.253950,0.057410,0.214625,0.070816,0.167290,0.070703,0.115776,0.058039,0.069318,0.036921,0.031573,0.018198,0.013168,-51.23,3.50,-163.03,-115.49,88.33,132.63,-20.39,23.04,-127.77,-82.25,128.47,-179.69,33.54,123.21,-15.82,0.0008,0.0036,0.0042,0.0062,0.0071,0.0049,0.0019,0.0022,0.0008,0.0056,0.0013,0.0079,0.0030,0.0030,0.0036
2026-08-05 09:30:08.178,3.333333,59,20,0.528336,0.0085,-141.74,0,0,0,60.0000,0.241,20.32816,0,0,0,0,0,0.289475,0.033709,0.263072,0.057268,0.222576,0.071140,0.174424,0.070374,0.121628,0.057087,0.074010,0.037681,0.036748,0.026821,0.020768,141.74,27.72,55.93,-64.96,-26.82,-149.68,-109.31,128.52,170.36,51.61,94.74,-14.80,29.42,-45.79,-6.25,0.0008,0.0036,0.0042,0.0062,0.0071,0.0049,0.0019,0.0022,0.0008,0.0056,0.0013,0.0079,0.0030,0.0030,0.0036
2026-08-05 09:30:08.178,3.350000,59,21,0.525195,0.0097,-46.96,0,0,0,60.0000,0.241,20.32816,0,0,0,0,0,0.292364,0.039533,0.260487,0.044966,0.212921,0.057012,0.161132,0.064959,0.111798,0.062517,0.073842,0.050853,0.046937,0.041475,0.030839,46.96,-124.02,131.82,-67.35,-141.54,0.50,-56.91,80.64,26.58,171.61,110.65,-84.71,-161.34,43.40,-56.70,0.0008,0.0036,0.0042,0.0062,0.0071,0.0049,0.0019,0.0022,0.0008,0.0056,0.0013,0.0079,0.0030,0.0030,0.0036
2026-08-05 09:30:08.178,3.366667,59,22,0.598254,0.0238,105.77,0,0,0,60.0000,0.241,20.32816,0,0,0,0,0,0.362009,0.109017,0.315003,0.071819,0.240943,0.026768,0.155046,0.032975,0.072816,0.060589,0.011501,0.068274,0.026118,0.054053,0.035670,-105.77,-32.55,36.00,118.48,-179.76,-68.28,-35.62,-178.60,110.65,-14.45,-86.79,140.12,-145.80,-60.62,8.49,0.0008,0.0036,0.0042,0.0062,0.0071,0.0049,0.0019,0.0022,0.0008,0.0056,0.0013,0.0079,0.0030,0.0030,0.0036
2026-08-05 09:30:08.178,3.383333,59,23,0.524770,0.0034,134.52,0,0,0,60.0000,0.241,20.32816,0,0,0,0,0,0.270936,0.022326,0.234987,0.006243,0.180922,0.030125,0.120795,0.052542,0.066248,0.060689,0.034838,0.053175,0.034436,0.036632,0.044244,-134.52,-88.51,-52.59,89.31,32.81,-124.00,119.19,-37.16,-147.25,44.22,-30.97,120.12,95.13,177.55,-172.27,0.0008,0.0036,0.0042,0.0062,0.0071,0.0049,0.0019,0.0022,0.0008,0.0056,0.0013,0.0079,0.0030,0.0030,0.0036
2026-08-05 09:30:08.178,3.400000,59,24,0.535476,0.0224,11.53,0,0,0,60.0000,0.241,20.32816,0,0,0,0,0,0.256943,0.037085,0.232468,0.049347,0.198152,0.053538,0.156688,0.047947,0.112859,0.031749,0.074367,0.009479,0.042841,0.015428,0.023855,-11.53,-68.92,-45.07,-117.17,-75.48,-155.00,-106.98,170.53,-138.11,136.56,-169.25,98.53,161.68,-88.49,142.23,0.0008,0.0036,0.0042,0.0062,0.0071,0.0049,0.0019,0.0022,0.0008,0.0056,0.0013,0.0079,0.0030,0.0030,0.0036
2026-08-05 09:30:08.178,3.416667,59,25,0.532224,0.0096,-114.32,0,0,0,60.0000,0.241,20.32816,0,0,0,0,0,0.270920,0.032818,0.244306,0.059135,0.205795,0.072086,0.157799,0.071801,0.106865,0.057903,0.061681,0.034911,0.025837,0.011621,0.010036,114.32,131.05,-26.52,-6.17,-164.28,-143.52,57.41,79.94,-79.40,-55.49,145.75,175.83,20.47,86.04,-57.46,0.0008,0.0036,0.0042,0.0062,0.0071,0.0049,0.0019,0.0022,0.0008,0.0056,0.0013,0.0079,0.0030,0.0030,0.0036
2026-08-05 09:30:08.178,3.433333,59,26,0.465907,0.0159,-9.52,0,0,0,60.0000,0.241,20.32816,0,0,0,0,0,0.254644,0.031518,0.230097,0.057006,0.194811,0.071232,0.150744,0.074001,0.103161,0.063926,0.059856,0.044875,0.025096,0.024484,0.016824,9.52,-84.19,18.92,-68.85,31.71,-55.22,44.42,-41.09,59.52,-25.45,78.42,-2.82,115.53,39.92,-159.44,0.0008,0.0036,0.0042,0.0062,0.0071,0.0049,0.0019,0.0022,0.0008,0.0056,0.0013,0.0079,0.0030,0.0030,0.0036
2026-08-05 09:30:08.178,3.450000,59,27,0.475737,0.0216,71.22,0,0,0,60.0000,0.241,20.32816,0,0,0,0,0,0.258051,0.041863,0.233252,0.066819,0.195514,0.082130,0.149218,0.084720,0.099223,0.073517,0.053902,0.052861,0.019370,0.029001,0.018862,-71.22,89.04,136.82,-46.21,-11.83,170.62,-160.46,25.19,53.01,-119.22,-88.65,101.15,154.71,-21.81,92.73,0.0008,0.0036,0.0042,0.0062,0.0071,0.0049,0.0019,0.0022,0.0008,0.0056,0.0013,0.0079,0.0030,0.0030,0.0036
2026-08-05 09:30:08.178,3.466667,59,28,0.528204,0.0138,17.55,0,0,0,60.0000,0.241,20.32816,0,0,0,0,0,0.285787,0.046172,0.257740,0.075923,0.214124,0.093979,0.161228,0.096171,0.104613,0.083175,0.056361,0.060167,0.027108,0.037644,0.032644,-17.55,-158.92,-61.69,171.67,-102.41,135.34,-142.41,97.27,-179.29,61.75,153.54,31.78,157.79,22.95,171.98,0.0008,0.0036,0.0042,0.0062,0.0071,0.0049,0.0019,0.0022,0.0008,0.0056,0.0013,0.0079,0.0030,0.0030,0.0036
2026-08-05 09:30:08.178,3.483333,59,29,0.525122,0.0357,-25.08,0,0,0,60.0000,0.241,20.32816,0,0,0,0,0,0.284401,0.039692,0.256889,0.070429,0.215271,0.088430,0.164321,0.091473,0.109896,0.079390,0.062676,0.057986,0.031744,0.035424,0.031031,25.08,-58.79,66.14,-9.64,110.63,36.42,155.81,81.99,-155.98,130.50,-99.47,-175.49,-20.06,-100.33,78.55,0.0008,0.0036,0.0042,0.0062,0.0071,0.0049,0.0019,0.0022,0.0008,0.0056,0.0013,0.0079,0.0030,0.0030,0.0036
2026-08-05 09:30:08.436,3.500000,60,0,0.524823,-0.0110,-100.68,0,0,0,60.0000,0.239,6.58415,0,0,0,0,0,0.247826,0.032775,0.224582,0.049322,0.189424,0.057286,0.148336,0.052787,0.104505,0.037465,0.066905,0.014413,0.037751,0.012490,0.019247,100.68,139.51,-68.98,-40.30,124.46,149.06,-43.04,-19.84,148.86,173.66,-19.19,6.63,171.85,29.19,7.40,0.0037,0.0073,0.0099,0.0068,0.0079,0.0061,0.0031,0.0116,0.0011,0.0033,0.0068,0.0049,0.0050,0.0054,0.0025
2026-08-05 09:30:08.436,3.516667,60,1,0.549628,0.0219,-2.33,0,0,0,60.0000,0.239,6.58415,0,0,0,0,0,0.301524,0.036740,0.273446,0.064632,0.229428,0.080828,0.176431,0.081574,0.119589,0.067798,0.070189,0.045443,0.035858,0.028343,0.030337,2.33,-98.16,-1.67,-97.11,-2.40,-97.22,-2.57,-96.83,0.17,-92.74,10.34,-79.93,40.31,-35.23,92.03,0.0037,0.0073,0.0099,0.0068,0.0079,0.0061,0.0031,0.0116,0.0011,0.0033,0.0068,0.0049,0.0050,0.0054,0.0025
2026-08-05 09:30:08.436,3.533333,60,2,0.546037,0.0080,17.31,0,0,0,60.0000,0.239,6.58415,0,0,0,0,0,0.296247,0.039320,0.268115,0.069163,0.224878,0.087410,0.173391,0.089283,0.118059,0.076417,0.070188,0.055179,0.038551,0.035664,0.034487,-17.31,-145.03,-60.76,179.49,-100.92,141.40,-140.28,102.97,-175.99,67.29,156.55,38.04,148.45,31.26,153.96,0.0037,0.0073,0.0099,0.0068,0.0079,0.0061,0.0031,0.0116,0.0011,0.0033,0.0068,0.0049,0.0050,0.0054,0.0025
2026-08-05 09:30:08.436,3.550000,60,3,0.484553,0.0258,-88.21,0,0,0,60.0000,0.239,6.58415,0,0,0,0,0,0.267971,0.030870,0.242418,0.052766,0.203714,0.067282,0.158332,0.069240,0.109270,0.059171,0.065367,0.040802,0.030641,0.020422,0.015382,88.21,99.40,-104.76,-102.89,65.22,63.06,-124.99,-128.59,46.41,43.34,-138.50,-138.69,45.78,69.95,-90.19,0.0037,0.0073,0.0099,0.0068,0.0079,0.0061,0.0031,0.0116,0.0011,0.0033,0.0068,0.0049,0.0050,0.0054,0.0025
2026-08-05 09:30:08.436,3.566667,60,4,0.484381,0.0171,91.10,0,0,0,60.0000,0.239,6.58415,0,0,0,0,0,0.294897,0.051179,0.256653,0.026209,0.197384,0.016727,0.128142,0.045906,0.059863,0.066084,0.009874,0.070446,0.031283,0.056600,0.044313,-91.10,177.56,78.92,6.82,-108.12,-75.10,64.92,129.86,-118.18,-50.62,106.15,127.41,27.33,-52.62,-152.12,0.0037,0.0073,0.0099,0.0068,0.0079,0.0061,0.0031,0.0116,0.0011,0.0033,0.0068,0.0049,0.0050,0.0054,0.0025
2026-08-05 09:30:08.436,3.583333,60,5,0.431439,0.0045,79.64,0,0,0,60.0000,0.239,6.58415,0,0,0,0,0,0.250651,0.005205,0.220326,0.014363,0.174668,0.033583,0.122245,0.051315,0.072058,0.060162,0.042593,0.057536,0.041431,0.041586,0.046441,-79.64,140.16,111.99,-130.35,-52.19,48.09,145.86,-126.66,-7.01,60.59,-137.72,-111.52,99.13,71.51,-50.97,0.0037,0.0073,0.0099,0.0068,0.0079,0.0061,0.0031,0.0116,0.0011,0.0033,0.0068,0.0049,0.0050,0.0054,0.0025
2026-08-05 09:30:08.436,3.600000,60,6,0.358961,-0.0024,-119.56,0,0,0,60.0000,0.239,6.58415,0,0,0,0,0,0.191084,0.023228,0.174097,0.038080,0.152005,0.047507,0.125453,0.051086,0.094796,0.046992,0.065274,0.036017,0.037114,0.020889,0.016074,119.56,-4.84,-12.32,-149.66,-140.43,74.74,90.48,-57.81,-37.42,170.00,-164.37,39.35,70.55,-97.65,-45.44,0.0037,0.0073,0.0099,0.0068,0.0079,0.0061,0.0031,0.0116,0.0011,0.0033,0.0068,0.0049,0.0050,0.0054,0.0025
2026-08-05 09:30:08.436,3.616667,60,7,0.430628,0.0033,111.24,0,0,0,60.0000,0.239,6.58415,0,0,0,0,0,0.235555,0.026635,0.213436,0.048510,0.182519,0.060082,0.143682,0.061639,0.101214,0.052237,0.062225,0.034821,0.029392,0.014429,0.013644,-111.24,-130.95,16.70,-4.95,147.99,124.41,-81.22,-104.45,51.56,28.16,-172.73,167.03,-26.93,-30.07,156.00,0.0037,0.0073,0.0099,0.0068,0.0079,0.0061,0.0031,0.0116,0.0011,0.0033,0.0068,0.0049,0.0050,0.0054,0.0025
2026-08-05 09:30:08.436,3.633333,60,8,0.425190,-0.0006,-171.73,0,0,0,60.0000,0.239,6.58415,0,0,0,0,0,0.230572,0.025971,0.210214,0.040993,0.181893,0.048941,0.146318,0.049717,0.107192,0.040904,0.070582,0.025468,0.038117,0.009907,0.019126,171.73,101.10,145.26,61.56,122.15,32.42,98.76,6.79,77.30,-16.56,58.17,-30.73,46.16,-2.39,56.15,0.0037,0.0073,0.0099,0.0068,0.0079,0.0061,0.0031,0.0116,0.0011,0.0033,0.0068,0.0049,0.0050,0.0054,0.0025
2026-08-05 09:30:08.436,3.650000,60,9,0.461975,0.0226,-12.68,0,0,0,60.0000,0.239,6.58415,0,0,0,0,0,0.252231,0.029023,0.229653,0.051262,0.195414,0.063596,0.153405,0.064971,0.108096,0.054076,0.066505,0.036171,0.032262,0.019376,0.014422,12.68,114.26,28.45,130.10,47.40,148.99,66.32,168.75,86.88,-168.51,110.28,-136.90,142.48,-73.18,-152.72,0.0037,0.0073,0.0099,0.0068,0.0079,0.0061,0.0031,0.0116,0.0011,0.0033,0.0068,0.0049,0.0050,0.0054,0.0025
2026-08-05 09:30:08.436,3.666667,60,10,0.521237,0.0160,-123.24,0,0,0,60.0000,0.239,6.58415,0,0,0,0,0,0.283364,0.034679,0.258557,0.058377,0.219941,0.072685,0.173474,0.073575,0.122483,0.062634,0.076772,0.044529,0.039627,0.030540,0.019241,123.24,-8.69,0.55,-137.67,-118.99,100.51,121.63,-18.84,3.68,-133.11,-110.51,121.12,142.17,41.80,61.29,0.0037,0.0073,0.0099,0.0068,0.0079,0.0061,0.0031,0.0116,0.0011,0.0033,0.0068,0.0049,0.0050,0.0054,0.0025
2026-08-05 09:30:08.436,3.683333,60,11,0.543877,0.0260,-93.54,0,0,0,60.0000,0.239,6.58415,0,0,0,0,0,0.294312,0.033130,0.269137,0.057396,0.229313,0.071573,0.181020,0.072351,0.128668,0.061443,0.081239,0.045691,0.043398,0.037313,0.021409,93.54,-77.10,-88.54,99.82,92.63,-79.26,-86.25,104.29,96.47,-66.63,-77.51,132.85,114.75,-4.55,-30.63,0.0037,0.0073,0.0099,0.0068,0.0079,0.0061,0.0031,0.0116,0.0011,0.0033,0.0068,0.0049,0.0050,0.0054,0.0025
2026-08-05 09:30:08.436,3.700000,60,12,0.519566,0.0074,-168.81,0,0,0,60.0000,0.239,6.58415,0,0,0,0,0,0.243688,0.040255,0.218072,0.067268,0.179173,0.084268,0.132583,0.087488,0.081507,0.077662,0.036389,0.057932,0.007394,0.031512,0.028305,168.81,33.45,135.66,15.19,105.71,-10.18,75.11,-38.28,43.90,-66.04,9.73,-93.11,-108.95,-117.93,162.50,0.0037,0.0073,0.0099,0.0068,0.0079,0.0061,0.0031,0.0116,0.0011,0.0033,0.0068,0.0049,0.0050,0.0054,0.0025
2026-08-05 09:30:08.436,3.716667,60,13,0.428076,0.0136,140.40,0,0,0,60.0000,0.239,6.58415,0,0,0,0,0,0.229926,0.029401,0.210668,0.042932,0.181765,0.052312,0.147599,0.053199,0.109026,0.045486,0.072445,0.031320,0.040263,0.015667,0.018821,-140.40,-156.77,-71.09,-101.32,1.57,-35.77,74.05,33.53,147.86,108.02,-135.02,-171.48,-52.68,-62.35,49.83,0.0037,0.0073,0.0099,0.0068,0.0079,0.0061,0.0031,0.0116,0.0011,0.0033,0.0068,0.0049,0.0050,0.0054,0.0025
2026-08-05 09:30:08.436,3.733333,60,14,0.458449,0.0134,16.92,0,0,0,60.0000,0.239,6.58415,0,0,0,0,0,0.251377,0.035736,0.228414,0.051247,0.193810,0.061892,0.153345,0.061383,0.107596,0.050132,0.064678,0.031944,0.029141,0.011879,0.014405,-16.92,92.82,-60.39,33.43,-100.83,-14.52,-141.19,-58.36,-179.78,-98.65,145.84,-133.96,121.53,-131.54,147.64,0.0037,0.0073,0.0099,0.0068,0.0079,0.0061,0.0031,0.0116,0.0011,0.0033,0.0068,0.0049,0.0050,0.0054,0.0025
2026-08-05 09:30:08.436,3.750000,60,15,0.400391,-0.0014,40.34,0,0,0,60.0000,0.239,6.58415,0,0,0,0,0,0.218654,0.024499,0.196213,0.045640,0.163656,0.062604,0.127878,0.070117,0.090114,0.066408,0.056317,0.052755,0.028049,0.030050,0.006099,-40.34,9.99,-132.06,-88.01,138.80,-179.20,48.07,91.79,-43.16,5.60,-134.10,-77.40,133.14,-151.76,47.61,0.0037,0.0073,0.0099,0.0068,0.0079,0.0061,0.0031,0.0116,0.0011,0.0033,0.0068,0.0049,0.0050,0.0054,0.0025
2026-08-05 09:30:08.436,3.766667,60,16,0.598037,0.0200,-81.37,0,0,0,60.0000,0.239,6.58415,0,0,0,0,0,0.363684,0.074429,0.314216,0.039933,0.236344,0.025599,0.145943,0.063469,0.062604,0.089597,0.029130,0.093496,0.054100,0.074153,0.060904,81.37,-16.68,-122.84,158.57,36.23,50.43,-162.65,-115.33,10.68,50.91,-108.37,-144.54,94.77,23.94,-96.32,0.0037,0.0073,0.0099,0.0068,0.0079,0.0061,0.0031,0.0116,0.0011,0.0033,0.0068,0.0049,0.0050,0.0054,0.0025
2026-08-05 09:30:08.436,3.783333,60,17,0.555596,0.0269,-77.11,0,0,0,60.0000,0.239,6.58415,0,0,0,0,0,0.330632,0.059680,0.283855,0.035504,0.211746,0.043678,0.131042,0.076726,0.066136,0.095693,0.053211,0.091020,0.064352,0.061095,0.059381,77.11,-19.88,-135.83,163.82,15.61,21.14,171.81,-168.01,-12.14,-13.47,-168.76,137.73,7.15,-72.07,162.59,0.0037,0.0073,0.0099,0.0068,0.0079,0.0061,0.0031,0.0116,0.0011,0.0033,0.0068,0.0049,0.0050,0.0054,0.0025
2026-08-05 09:30:08.436,3.800000,60,18,0.515833,0.0260,93.20,0,0,0,60.0000,0.239,6.58415,0,0,0,0,0,0.282868,0.045694,0.254415,0.072037,0.213004,0.086921,0.161484,0.087679,0.107047,0.073094,0.058756,0.048880,0.023425,0.026589,0.019666,-93.20,42.06,71.85,-134.49,-119.85,39.33,48.49,-148.64,-140.67,24.39,35.05,-154.89,-124.77,52.39,115.78,0.0037,0.0073,0.0099,0.0068,0.0079,0.0061,0.0031,0.0116,0.0011,0.0033,0.0068,0.0049,0.0050,0.0054,0.0025
2026-08-05 09:30:08.436,3.816667,60,19,0.573202,-0.0027,-159.27,0,0,0,60.0000,0.239,6.58415,0,0,0,0,0,0.297832,0.032103,0.269542,0.055041,0.228273,0.065422,0.176944,0.063069,0.122710,0.047515,0.074875,0.024302,0.038795,0.010939,0.025248,159.27,-118.56,108.60,-176.15,61.13,132.74,13.62,84.01,-31.53,37.74,-72.71,2.33,-100.92,51.26,-107.55,0.0037,0.0073,0.0099,0.0068,0.0079,0.0061,0.0031,0.0116,0.0011,0.0033,0.0068,0.0049,0.0050,0.0054,0.0025
2026-08-05 09:30:08.436,3.833333,60,20,0.497228,0.0130,118.11,0,0,0,60.0000,0.239,6.58415,0,0,0,0,0,0.272653,0.039161,0.246452,0.065330,0.207618,0.079594,0.158782,0.081263,0.107083,0.068426,0.060857,0.045529,0.025590,0.021536,0.019587,-118.11,0.63,-3.38,129.49,114.48,-108.79,-127.55,11.78,-6.91,132.74,118.18,-100.08,-95.50,51.44,90.79,0.0037,0.0073,0.0099,0.0068,0.0079,0.0061,0.0031,0.0116,0.0011,0.0033,0.0068,0.0049,0.0050,0.0054,0.0025
2026-08-05 09:30:08.436,3.850000,60,21,0.424384,0.0046,-133.61,0,0,0,60.0000,0.239,6.58415,0,0,0,0,0,0.231306,0.027978,0.210052,0.050247,0.179685,0.063543,0.142492,0.066924,0.101378,0.059276,0.063144,0.042834,0.029769,0.020618,0.009252,133.61,162.04,30.54,65.14,-69.14,-33.99,-169.35,-133.82,91.76,126.30,-5.37,28.01,-96.79,-69.28,-151.52,0.0037,0.0073,0.0099,0.0068,0.0079,0.0061,0.0031,0.0116,0.0011,0.0033,0.0068,0.0049,0.0050,0.0054,0.0025
2026-08-05 09:30:08.436,3.866667,60,22,0.353091,0.0121,15.02,0,0,0,60.0000,0.239,6.58415,0,0,0,0,0,0.185353,0.026409,0.168765,0.045775,0.145395,0.059191,0.118398,0.064980,0.087373,0.061584,0.057677,0.050985,0.032006,0.033291,0.013129,-15.02,-147.17,-56.77,-175.49,-94.96,150.50,-134.21,113.97,-174.08,78.09,145.93,41.75,99.75,5.12,35.07,0.0037,0.0073,0.0099,0.0068,0.0079,0.0061,0.0031,0.0116,0.0011,0.0033,0.0068,0.0049,0.0050,0.0054,0.0025
2026-08-05 09:30:08.436,3.883333,60,23,0.356718,-0.0050,164.32,0,0,0,60.0000,0.239,6.58415,0,0,0,0,0,0.191207,0.026610,0.173762,0.044401,0.149063,0.056305,0.120016,0.060231,0.087349,0.054598,0.055997,0.042445,0.028979,0.022871,0.007484,-164.32,-91.44,-144.46,-56.76,-120.82,-29.34,-97.98,-4.60,-74.77,20.20,-49.95,44.69,-25.53,67.74,7.78,0.0037,0.0073,0.0099,0.0068,0.0079,0.0061,0.0031,0.0116,0.0011,0.0033,0.0068,0.0049,0.0050,0.0054,0.0025
2026-08-05 09:30:08.436,3.900000,60,24,0.388407,-0.0088,-100.99,0,0,0,60.0000,0.239,6.58415,0,0,0,0,0,0.208851,0.039165,0.188990,0.058612,0.158796,0.071785,0.123375,0.074476,0.084019,0.065702,0.048282,0.048113,0.018305,0.023552,0.004334,100.99,66.21,-68.09,-83.34,126.39,118.07,-40.00,-44.29,153.59,153.42,-12.45,-8.48,177.17,-167.65,-117.70,0.0037,0.0073,0.0099,0.0068,0.0079,0.0061,0.0031,0.0116,0.0011,0.0033,0.0068,0.0049,0.0050,0.0054,0.0025
2026-08-05 09:30:08.436,3.916667,60,25,0.401609,0.0090,47.55,0,0,0,60.0000,0.239,6.58415,0,0,0,0,0,0.211097,0.032132,0.193624,0.050523,0.167274,0.064157,0.136322,0.069593,0.100974,0.065239,0.066876,0.053305,0.035780,0.034504,0.012112,-47.55,133.53,-153.42,44.48,104.28,-52.88,1.40,-153.45,-100.74,105.80,159.40,4.46,61.32,-98.06,-23.14,0.0037,0.0073,0.0099,0.0068,0.0079,0.0061,0.0031,0.0116,0.0011,0.0033,0.0068,0.0049,0.0050,0.0054,0.0025
2026-08-05 09:30:08.436,3.933333,60,26,0.386530,0.0086,29.08,0,0,0,60.0000,0.239,6.58415,0,0,0,0,0,0.201510,0.028276,0.183948,0.049426,0.159021,0.064677,0.131088,0.070383,0.098426,0.066455,0.066327,0.055834,0.038163,0.038022,0.016824,-29.08,-175.65,-98.27,127.20,-164.34,65.48,129.00,1.18,62.86,-63.60,-2.36,-128.58,-69.91,166.33,-138.26,0.0037,0.0073,0.0099,0.0068,0.0079,0.0061,0.0031,0.0116,0.0011,0.0033,0.0068,0.0049,0.0050,0.0054,0.0025
2026-08-05 09:30:08.436,3.950000,60,27,0.406034,0.0053,-35.94,0,0,0,60.0000,0.239,6.58415,0,0,0,0,0,0.217419,0.023868,0.198237,0.042989,0.170647,0.057206,0.139558,0.062715,0.104282,0.058781,0.070594,0.047673,0.041291,0.028682,0.018964,35.94,-15.77,97.36,40.74,161.77,102.74,-134.44,165.27,-69.97,-130.88,-3.79,-66.28,63.55,-0.66,142.15,0.0037,0.0073,0.0099,0.0068,0.0079,0.0061,0.0031,0.0116,0.0011,0.0033,0.0068,0.0049,0.0050,0.0054,0.0025
2026-08-05 09:30:08.436,3.966667,60,28,0.490760,0.0093,51.04,0,0,0,60.0000,0.239,6.58415,0,0,0,0,0,0.295695,0.045134,0.258961,0.019506,0.201943,0.016872,0.135370,0.048669,0.068923,0.070126,0.016449,0.076194,0.021660,0.064288,0.035861,-51.04,-111.24,-161.13,130.28,91.21,-114.42,-17.62,122.22,-127.56,13.16,108.71,-92.29,-136.43,165.05,109.99,0.0037,0.0073,0.0099,0.0068,0.0079,0.0061,0.0031,0.0116,0.0011,0.0033,0.0068,0.0049,0.0050,0.0054,0.0025
2026-08-05 09:30:08.436,3.983333,60,29,0.456503,0.0007,-119.25,0,0,0,60.0000,0.239,6.58415,0,0,0,0,0,0.271340,0.021547,0.236973,0.003906,0.184547,0.030033,0.124203,0.056784,0.066308,0.072313,0.030698,0.072752,0.032095,0.056201,0.038094,119.25,-125.57,-10.71,-151.61,-137.05,142.41,98.05,15.40,-18.90,-113.85,-106.23,116.28,-176.41,-17.15,68.88,0.0037,0.0073,0.0099,0.0068,0.0079,0.0061,0.0031,0.0116,0.0011,0.0033,0.0068,0.0049,0.0050,0.0054,0.0025
2026-08-05 09:30:08.686,4.000000,61,0,0.440200,-0.0019,162.31,0,0,0,60.0000,0.230,1.58004,0,0,0,0,0,0.239093,0.035239,0.214959,0.062708,0.181000,0.078945,0.138960,0.082875,0.093589,0.073435,0.052172,0.054258,0.016911,0.030813,0.006448,-162.31,100.52,-136.00,139.46,-106.48,172.11,-77.74,-155.82,-47.92,-123.26,-17.50,-85.99,17.72,-37.75,-157.36,0.0127,0.0067,0.0073,0.0031,0.0026,0.0061,0.0049,0.0027,0.0033,0.0099,0.0062,0.0044,0.0051,0.0028,0.0047
2026-08-05 09:30:08.686,4.016667,61,1,0.421131,-0.0111,113.67,0,0,0,60.0000,0.230,1.58004,0,0,0,0,0,0.229261,0.029904,0.207151,0.054427,0.176203,0.068543,0.137844,0.071950,0.095720,0.063580,0.056840,0.046003,0.022991,0.023282,0.000564,-113.67,-134.13,9.02,-13.11,134.95,111.39,-100.06,-122.48,25.86,4.65,152.02,135.81,-81.09,-84.62,76.56,0.0127,0.0067,0.0073,0.0031,0.0026,0.0061,0.0049,0.0027,0.0033,0.0099,0.0062,0.0044,0.0051,0.0028,0.0047
2026-08-05 09:30:08.686,4.033333,61,2,0.407026,0.0107,-58.67,0,0,0,60.0000,0.230,1.58004,0,0,0,0,0,0.220063,0.029033,0.199547,0.050994,0.170910,0.064155,0.135278,0.068270,0.096157,0.061192,0.059737,0.045115,0.027025,0.023876,0.004550,58.67,-140.27,165.65,-39.31,-84.12,68.32,25.20,177.89,135.39,-71.66,-114.55,42.55,-5.08,162.15,100.40,0.0127,0.0067,0.0073,0.0031,0.0026,0.0061,0.0049,0.0027,0.0033,0.0099,0.0062,0.0044,0.0051,0.0028,0.0047
2026-08-05 09:30:08.686,4.050000,61,3,0.397075,0.0137,-83.93,0,0,0,60.0000,0.230,1.58004,0,0,0,0,0,0.213887,0.027371,0.194421,0.049468,0.166307,0.063084,0.131849,0.067627,0.093808,0.061154,0.057890,0.046127,0.025991,0.024982,0.003709,83.93,-106.01,-118.73,52.57,42.00,-146.96,-158.02,13.72,2.89,175.13,164.57,-20.73,-32.16,147.19,156.79,0.0127,0.0067,0.0073,0.0031,0.0026,0.0061,0.0049,0.0027,0.0033,0.0099,0.0062,0.0044,0.0051,0.0028,0.0047
2026-08-05 09:30:08.686,4.066667,61,4,0.387002,-0.0082,-177.36,0,0,0,60.0000,0.230,1.58004,0,0,0,0,0,0.204987,0.026944,0.187404,0.048299,0.161155,0.062957,0.130646,0.068207,0.095973,0.063664,0.063135,0.051256,0.034508,0.031591,0.012498,177.36,75.35,160.97,63.33,147.97,51.15,134.16,37.75,120.13,25.54,106.89,12.99,90.29,-0.08,68.35,0.0127,0.0067,0.0073,0.0031,0.0026,0.0061,0.0049,0.0027,0.0033,0.0099,0.0062,0.0044,0.0051,0.0028,0.0047
2026-08-05 09:30:08.686,4.083333,61,5,0.409627,0.0030,-73.92,0,0,0,60.0000,0.230,1.58004,0,0,0,0,0,0.215496,0.028803,0.197049,0.051248,0.170357,0.066343,0.138685,0.072183,0.103289,0.067202,0.069173,0.054742,0.040384,0.033931,0.017615,73.92,-115.31,-149.08,19.12,-8.79,158.00,130.60,-62.39,-90.14,78.80,49.33,-138.98,-174.02,4.87,-43.65,0.0127,0.0067,0.0073,0.0031,0.0026,0.0061,0.0049,0.0027,0.0033,0.0099,0.0062,0.0044,0.0051,0.0028,0.0047
2026-08-05 09:30:08.686,4.100000,61,6,0.385826,0.0022,-9.12,0,0,0,60.0000,0.230,1.58004,0,0,0,0,0,0.208681,0.025770,0.189888,0.045293,0.162142,0.058107,0.129337,0.061282,0.091869,0.055053,0.056719,0.040811,0.025806,0.019675,0.003395,9.12,114.60,16.59,118.62,27.44,127.53,37.93,136.92,48.86,148.43,61.62,162.09,76.59,-178.82,143.57,0.0127,0.0067,0.0073,0.0031,0.0026,0.0061,0.0049,0.0027,0.0033,0.0099,0.0062,0.0044,0.0051,0.0028,0.0047
2026-08-05 09:30:08.686,4.116667,61,7,0.385226,0.0225,-42.38,0,0,0,60.0000,0.230,1.58004,0,0,0,0,0,0.207301,0.026375,0.188995,0.044939,0.161605,0.057555,0.129692,0.060816,0.093571,0.054381,0.059321,0.040098,0.029215,0.019636,0.008312,42.38,-173.77,116.41,-105.68,-165.98,-31.70,-88.91,43.81,-10.93,121.69,69.79,-158.57,153.90,-72.41,-92.19,0.0127,0.0067,0.0073,0.0031,0.0026,0.0061,0.0049,0.0027,0.0033,0.0099,0.0062,0.0044,0.0051,0.0028,0.0047
2026-08-05 09:30:08.686,4.133333,61,8,0.422146,0.0058,63.39,0,0,0,60.0000,0.230,1.58004,0,0,0,0,0,0.229313,0.027181,0.208461,0.047203,0.177814,0.060433,0.142157,0.062441,0.101250,0.053743,0.062156,0.037977,0.028473,0.017184,0.006644,-63.39,-25.89,159.36,-169.19,25.29,54.72,-109.06,-79.94,117.78,147.59,-13.10,17.87,-141.12,-94.68,134.29,0.0127,0.0067,0.0073,0.0031,0.0026,0.0061,0.0049,0.0027,0.0033,0.0099,0.0062,0.0044,0.0051,0.0028,0.0047
2026-08-05 09:30:08.686,4.150000,61,9,0.394220,-0.0050,-107.29,0,0,0,60.0000,0.230,1.58004,0,0,0,0,0,0.213230,0.025747,0.193348,0.046725,0.164432,0.061120,0.131134,0.064948,0.092935,0.058577,0.056545,0.044584,0.025436,0.023280,0.006252,107.29,-58.17,-48.95,144.79,158.08,-8.97,4.77,-162.71,-147.54,44.71,62.59,-106.60,-83.73,107.34,-174.34,0.0127,0.0067,0.0073,0.0031,0.0026,0.0061,0.0049,0.0027,0.0033,0.0099,0.0062,0.0044,0.0051,0.0028,0.0047
2026-08-05 09:30:08.686,4.166667,61,10,0.470220,-0.0104,-159.45,0,0,0,60.0000,0.230,1.58004,0,0,0,0,0,0.281568,0.066432,0.242996,0.037243,0.183474,0.018672,0.114391,0.050579,0.047417,0.075947,0.006724,0.083659,0.035987,0.070768,0.044801,159.45,139.20,110.63,108.01,64.69,150.80,18.58,151.00,-24.03,113.94,53.01,73.80,53.14,34.91,12.58,0.0127,0.0067,0.0073,0.0031,0.0026,0.0061,0.0049,0.0027,0.0033,0.0099,0.0062,0.0044,0.0051,0.0028,0.0047
2026-08-05 09:30:08.686,4.183333,61,11,0.424608,0.0058,126.17,0,0,0,60.0000,0.230,1.58004,0,0,0,0,0,0.250599,0.049135,0.217532,0.025336,0.167206,0.018347,0.109372,0.047579,0.053178,0.068940,0.018311,0.074700,0.028577,0.061881,0.036135,-126.17,-72.81,-27.07,47.40,75.51,-110.87,178.81,21.04,-70.74,127.64,84.44,-129.21,-104.07,-29.59,4.24,0.0127,0.0067,0.0073,0.0031,0.0026,0.0061,0.0049,0.0027,0.0033,0.0099,0.0062,0.0044,0.0051,0.0028,0.0047
2026-08-05 09:30:08.686,4.200000,61,12,0.405109,0.0056,-141.49,0,0,0,60.0000,0.230,1.58004,0,0,0,0,0,0.220142,0.025583,0.199319,0.045633,0.171092,0.057158,0.136614,0.060026,0.098518,0.052297,0.062992,0.036669,0.031226,0.016840,0.010095,141.49,-155.31,54.05,111.99,-29.76,24.97,-114.24,-59.96,162.65,-143.57,80.72,138.04,3.16,72.69,-53.83,0.0127,0.0067,0.0073,0.0031,0.0026,0.0061,0.0049,0.0027,0.0033,0.0099,0.0062,0.0044,0.0051,0.0028,0.0047
2026-08-05 09:30:08.686,4.216667,61,13,0.389556,-0.0013,-69.30,0,0,0,60.0000,0.230,1.58004,0,0,0,0,0,0.211133,0.023211,0.191543,0.042817,0.164997,0.053713,0.132272,0.056532,0.095504,0.049695,0.060894,0.035215,0.029539,0.016368,0.008173,69.30,44.34,-162.56,174.43,-30.89,-54.62,99.88,77.41,-128.17,-149.80,4.91,-12.40,141.28,135.90,-60.64,0.0127,0.0067,0.0073,0.0031,0.0026,0.0061,0.0049,0.0027,0.0033,0.0099,0.0062,0.0044,0.0051,0.0028,0.0047
2026-08-05 09:30:08.686,4.233333,61,14,0.399945,-0.0079,-176.65,0,0,0,60.0000,0.230,1.58004,0,0,0,0,0,0.215312,0.034035,0.196078,0.042590,0.170742,0.047080,0.139630,0.046337,0.104437,0.038396,0.071020,0.025038,0.040224,0.008986,0.019847,176.65,-45.72,159.06,-79.83,145.33,-104.54,131.06,-124.85,118.55,-142.07,108.18,-151.84,103.28,-137.58,114.79,0.0127,0.0067,0.0073,0.0031,0.0026,0.0061,0.0049,0.0027,0.0033,0.0099,0.0062,0.0044,0.0051,0.0028,0.0047
2026-08-05 09:30:08.686,4.250000,61,15,0.326239,0.0094,50.25,0,0,0,60.0000,0.230,1.58004,0,0,0,0,0,0.173782,0.020537,0.158196,0.036892,0.136971,0.046861,0.111694,0.050640,0.083159,0.046157,0.055928,0.034760,0.030536,0.018643,0.011832,-50.25,152.63,-162.46,47.80,89.00,-59.07,-20.55,-167.15,-129.44,84.40,121.80,-22.43,11.95,-132.46,-99.92,0.0127,0.0067,0.0073,0.0031,0.0026,0.0061,0.0049,0.0027,0.0033,0.0099,0.0062,0.0044,0.0051,0.0028,0.0047
2026-08-05 09:30:08.686,4.266667,61,16,0.374321,0.0048,120.53,0,0,0,60.0000,0.230,1.58004,0,0,0,0,0,0.199174,0.029490,0.181702,0.048431,0.155211,0.061789,0.124416,0.065704,0.089219,0.059820,0.056199,0.046316,0.027177,0.025601,0.005203,-120.53,-4.30,-12.74,118.71,98.55,-124.88,-150.88,-11.48,-40.42,102.96,71.27,-142.40,179.57,-23.66,-85.23,0.0127,0.0067,0.0073,0.0031,0.0026,0.0061,0.0049,0.0027,0.0033,0.0099,0.0062,0.0044,0.0051,0.0028,0.0047
2026-08-05 09:30:08.686,4.283333,61,17,0.397671,0.0177,41.90,0,0,0,60.0000,0.230,1.58004,0,0,0,0,0,0.213552,0.025968,0.195034,0.045766,0.167471,0.058606,0.134596,0.062177,0.097614,0.055477,0.062081,0.041723,0.031390,0.020227,0.007887,-41.90,167.52,-136.63,81.44,132.32,-8.11,40.63,-98.78,-50.29,171.63,-139.29,83.44,133.54,0.96,71.86,0.0127,0.0067,0.0073,0.0031,0.0026,0.0061,0.0049,0.0027,0.0033,0.0099,0.0062,0.0044,0.0051,0.0028,0.0047
2026-08-05 09:30:08.686,4.300000,61,18,0.397510,0.0119,-12.55,0,0,0,60.0000,0.230,1.58004,0,0,0,0,0,0.214184,0.026693,0.195013,0.047290,0.166509,0.060517,0.132898,0.063530,0.094812,0.056417,0.059577,0.041288,0.029437,0.019501,0.010641,12.55,-80.32,26.97,-59.40,45.01,-40.40,62.77,-22.54,81.66,-3.13,103.71,18.63,132.13,48.37,-160.75,0.0127,0.0067,0.0073,0.0031,0.0026,0.0061,0.0049,0.0027,0.0033,0.0099,0.0062,0.0044,0.0051,0.0028,0.0047
2026-08-05 09:30:08.686,4.316667,61,19,0.388319,0.0026,103.33,0,0,0,60.0000,0.230,1.58004,0,0,0,0,0,0.208469,0.025045,0.190259,0.044367,0.162988,0.057090,0.130984,0.060686,0.094764,0.054291,0.060594,0.040546,0.030007,0.020890,0.008293,-103.33,52.14,39.30,-160.11,-174.51,-13.19,-28.88,133.25,117.56,-78.36,-93.32,72.18,58.55,-128.16,-121.50,0.0127,0.0067,0.0073,0.0031,0.0026,0.0061,0.0049,0.0027,0.0033,0.0099,0.0062,0.0044,0.0051,0.0028,0.0047
2026-08-05 09:30:08.686,4.333333,61,20,0.425650,0.0068,44.78,0,0,0,60.0000,0.230,1.58004,0,0,0,0,0,0.230541,0.029961,0.209065,0.052545,0.177407,0.066973,0.140479,0.069427,0.098816,0.060360,0.059888,0.043814,0.027485,0.022200,0.011533,-44.78,157.02,-144.80,67.04,118.51,-26.53,21.75,-121.57,-73.24,144.54,-164.50,53.20,112.35,-23.21,74.88,0.0127,0.0067,0.0073,0.0031,0.0026,0.0061,0.0049,0.0027,0.0033,0.0099,0.0062,0.0044,0.0051,0.0028,0.0047
2026-08-05 09:30:08.686,4.350000,61,21,0.380923,0.0062,135.09,0,0,0,60.0000,0.230,1.58004,0,0,0,0,0,0.205371,0.024300,0.186707,0.043922,0.159660,0.056923,0.128601,0.059845,0.092784,0.053155,0.058552,0.039926,0.029076,0.020121,0.008781,-135.09,-5.81,-56.15,74.47,26.18,156.74,108.09,-121.23,-168.80,-38.26,-83.63,46.21,3.30,138.22,115.32,0.0127,0.0067,0.0073,0.0031,0.0026,0.0061,0.0049,0.0027,0.0033,0.0099,0.0062,0.0044,0.0051,0.0028,0.0047
2026-08-05 09:30:08.686,4.366667,61,22,0.429118,0.0006,-94.51,0,0,0,60.0000,0.230,1.58004,0,0,0,0,0,0.253370,0.020952,0.223577,0.017872,0.178106,0.030276,0.124495,0.046948,0.068481,0.057834,0.021024,0.059314,0.015115,0.047743,0.033206,94.51,154.07,-85.58,-77.89,97.41,59.80,-80.05,-135.59,104.27,39.90,-63.39,-139.25,-85.17,45.62,107.07,0.0127,0.0067,0.0073,0.0031,0.0026,0.0061,0.0049,0.0027,0.0033,0.0099,0.0062,0.0044,0.0051,0.0028,0.0047
2026-08-05 09:30:08.686,4.383333,61,23,0.454661,0.0090,-2.02,0,0,0,60.0000,0.230,1.58004,0,0,0,0,0,0.269969,0.034511,0.234695,0.013821,0.180836,0.027822,0.118722,0.057442,0.059925,0.075952,0.027863,0.077996,0.036507,0.060779,0.043071,2.02,5.32,-2.07,44.29,-2.50,139.94,-1.29,150.52,9.59,151.41,59.84,150.79,111.70,148.59,119.20,0.0127,0.0067,0.0073,0.0031,0.0026,0.0061,0.0049,0.0027,0.0033,0.0099,0.0062,0.0044,0.0051,0.0028,0.0047
2026-08-05 09:30:08.686,4.400000,61,24,0.447923,0.0172,15.02,0,0,0,60.0000,0.230,1.58004,0,0,0,0,0,0.244308,0.034042,0.219856,0.059986,0.185401,0.075050,0.142842,0.078259,0.096994,0.068147,0.055152,0.048777,0.020158,0.026650,0.008504,-15.02,33.50,-54.09,7.83,-89.85,-24.50,-126.15,-57.59,-160.85,-89.79,166.27,-116.20,144.44,-125.89,-148.84,0.0127,0.0067,0.0073,0.0031,0.0026,0.0061,0.0049,0.0027,0.0033,0.0099,0.0062,0.0044,0.0051,0.0028,0.0047
2026-08-05 09:30:08.686,4.416667,61,25,0.450808,0.0106,-93.34,0,0,0,60.0000,0.230,1.58004,0,0,0,0,0,0.244490,0.033279,0.220746,0.059538,0.187193,0.074125,0.145206,0.076913,0.099653,0.067056,0.058676,0.048921,0.025557,0.029142,0.011425,93.34,-103.60,-89.21,83.51,91.51,-93.55,-88.32,89.83,93.90,-85.35,-80.99,106.12,116.17,-45.83,-1.35,0.0127,0.0067,0.0073,0.0031,0.0026,0.0061,0.0049,0.0027,0.0033,0.0099,0.0062,0.0044,0.0051,0.0028,0.0047
2026-08-05 09:30:08.686,4.433333,61,26,0.381953,0.0156,-17.74,0,0,0,60.0000,0.230,1.58004,0,0,0,0,0,0.203902,0.024713,0.185430,0.044501,0.160786,0.056385,0.130088,0.060739,0.096063,0.055563,0.064182,0.042609,0.034922,0.024607,0.015157,17.74,133.18,42.46,153.28,70.84,178.80,98.44,-153.94,127.67,-125.92,158.39,-94.12,-167.05,-57.94,-117.05,0.0127,0.0067,0.0073,0.0031,0.0026,0.0061,0.0049,0.0027,0.0033,0.0099,0.0062,0.0044,0.0051,0.0028,0.0047
2026-08-05 09:30:08.686,4.450000,61,27,0.419187,0.0184,40.13,0,0,0,60.0000,0.230,1.58004,0,0,0,0,0,0.225189,0.026963,0.205045,0.046673,0.177087,0.058695,0.142395,0.062311,0.104150,0.055733,0.067976,0.041736,0.036160,0.023843,0.016569,-40.13,23.88,-130.61,-73.68,142.39,-163.99,55.02,107.85,-30.68,21.83,-114.16,-58.53,168.97,-126.98,113.86,0.0127,0.0067,0.0073,0.0031,0.0026,0.0061,0.0049,0.0027,0.0033,0.0099,0.0062,0.0044,0.0051,0.0028,0.0047
2026-08-05 09:30:08.686,4.466667,61,28,0.413956,0.0128,-49.81,0,0,0,60.0000,0.230,1.58004,0,0,0,0,0,0.222173,0.030348,0.202430,0.047085,0.174504,0.058137,0.141219,0.060370,0.103369,0.053339,0.067697,0.038984,0.036561,0.019743,0.014905,49.81,-140.50,138.80,-64.18,-128.58,21.98,-36.31,111.38,57.00,-155.72,153.05,-58.86,-107.44,53.29,13.53,0.0127,0.0067,0.0073,0.0031,0.0026,0.0061,0.0049,0.0027,0.0033,0.0099,0.0062,0.0044,0.0051,0.0028,0.0047
2026-08-05 09:30:08.686,4.483333,61,29,0.448859,0.0093,153.02,0,0,0,60.0000,0.230,1.58004,0,0,0,0,0,0.243088,0.029444,0.221637,0.048463,0.189647,0.059767,0.151114,0.060550,0.108852,0.050763,0.069484,0.034662,0.037125,0.019187,0.016065,-153.02,164.02,-109.10,-160.53,-61.74,-116.92,-14.64,-70.58,33.74,-19.57,84.95,38.83,140.74,132.47,-139.50,0.0127,0.0067,0.0073,0.0031,0.0026,0.0061,0.0049,0.0027,0.0033,0.0099,0.0062,0.0044,0.0051,0.0028,0.0047
2026-08-05 09:30:08.952,4.500000,62,0,0.438939,0.0008,140.31,0,0,0,60.0000,0.236,3.82841,0,0,0,0,0,0.235902,0.032355,0.215353,0.049355,0.184978,0.060741,0.149246,0.061865,0.108552,0.053849,0.071045,0.038678,0.039018,0.020311,0.016603,-140.31,-159.47,-70.90,-103.24,1.72,-36.26,74.27,33.91,147.93,108.21,-135.89,-171.12,-55.23,-68.05,44.18,0.0059,0.0096,0.0042,0.0105,0.0084,0.0038,0.0091,0.0014,0.0018,0.0056,0.0008,0.0062,0.0011,0.0065,0.0016
2026-08-05 09:30:08.952,4.516667,62,1,0.400151,0.0088,-117.43,0,0,0,60.0000,0.236,3.82841,0,0,0,0,0,0.216288,0.028473,0.196725,0.050353,0.166796,0.064258,0.131333,0.067611,0.092107,0.059837,0.055985,0.043618,0.024723,0.022165,0.002609,117.43,-43.60,-18.38,-174.69,-150.68,53.85,76.37,-77.70,-56.30,153.05,172.84,26.73,42.69,-86.80,-61.61,0.0059,0.0096,0.0042,0.0105,0.0084,0.0038,0.0091,0.0014,0.0018,0.0056,0.0008,0.0062,0.0011,0.0065,0.0016
2026-08-05 09:30:08.952,4.533333,62,2,0.351299,0.0041,-89.70,0,0,0,60.0000,0.236,3.82841,0,0,0,0,0,0.187924,0.022026,0.170964,0.039155,0.147365,0.051038,0.120870,0.054096,0.089616,0.048588,0.059146,0.037208,0.032371,0.019644,0.012498,89.70,-84.60,-102.45,78.56,68.83,-112.00,-120.34,57.77,51.43,-131.69,-135.04,38.97,37.89,-149.88,-142.25,0.0059,0.0096,0.0042,0.0105,0.0084,0.0038,0.0091,0.0014,0.0018,0.0056,0.0008,0.0062,0.0011,0.0065,0.0016
2026-08-05 09:30:08.952,4.550000,62,3,0.450743,0.0144,-103.88,0,0,0,60.0000,0.236,3.82841,0,0,0,0,0,0.243630,0.029870,0.221828,0.050146,0.189391,0.063769,0.151620,0.066020,0.109458,0.057352,0.069968,0.041304,0.036812,0.021710,0.015997,103.88,-44.26,-58.36,143.88,142.47,-18.87,-16.85,-179.11,-174.85,23.79,30.00,-128.55,-120.78,100.35,110.63,0.0059,0.0096,0.0042,0.0105,0.0084,0.0038,0.0091,0.0014,0.0018,0.0056,0.0008,0.0062,0.0011,0.0065,0.0016
2026-08-05 09:30:08.952,4.566667,62,4,0.457580,0.0098,-163.69,0,0,0,60.0000,0.236,3.82841,0,0,0,0,0,0.272788,0.059709,0.239448,0.035082,0.188294,0.002878,0.128712,0.029288,0.068588,0.051538,0.020253,0.059871,0.014822,0.051724,0.028720,163.69,141.74,122.85,104.06,84.60,47.35,45.36,-148.52,5.77,174.60,-40.39,140.67,137.81,110.48,92.73,0.0059,0.0096,0.0042,0.0105,0.0084,0.0038,0.0091,0.0014,0.0018,0.0056,0.0008,0.0062,0.0011,0.0065,0.0016
2026-08-05 09:30:08.952,4.583333,62,5,0.449784,0.0107,-88.97,0,0,0,60.0000,0.236,3.82841,0,0,0,0,0,0.266608,0.051910,0.231741,0.029730,0.178537,0.024872,0.117154,0.051952,0.058635,0.072805,0.026288,0.078313,0.036122,0.065006,0.043381,88.97,0.31,-101.18,-163.66,72.27,87.30,-112.68,-67.58,71.95,112.05,-62.33,-72.65,166.42,99.89,-10.91,0.0059,0.0096,0.0042,0.0105,0.0084,0.0038,0.0091,0.0014,0.0018,0.0056,0.0008,0.0062,0.0011,0.0065,0.0016
2026-08-05 09:30:08.952,4.600000,62,6,0.402239,0.0099,-20.08,0,0,0,60.0000,0.236,3.82841,0,0,0,0,0,0.215571,0.026948,0.195362,0.048071,0.168515,0.061393,0.135616,0.066320,0.099399,0.061003,0.065434,0.046959,0.034709,0.027562,0.013970,20.08,-77.22,50.25,-33.62,84.10,2.75,117.38,37.86,152.16,72.57,-171.48,110.12,-130.46,152.02,-71.92,0.0059,0.0096,0.0042,0.0105,0.0084,0.0038,0.0091,0.0014,0.0018,0.0056,0.0008,0.0062,0.0011,0.0065,0.0016
2026-08-05 09:30:08.952,4.616667,62,7,0.435307,0.0196,32.45,0,0,0,60.0000,0.236,3.82841,0,0,0,0,0,0.235403,0.030186,0.212793,0.055136,0.181301,0.069301,0.142270,0.072600,0.099660,0.063744,0.060929,0.045930,0.029366,0.024425,0.016433,-32.45,-169.61,-107.12,121.98,-178.27,51.19,110.27,-19.26,41.13,-88.67,-24.49,-153.04,-76.96,156.09,-96.39,0.0059,0.0096,0.0042,0.0105,0.0084,0.0038,0.0091,0.0014,0.0018,0.0056,0.0008,0.0062,0.0011,0.0065,0.0016
2026-08-05 09:30:08.952,4.633333,62,8,0.409078,-0.0032,-150.46,0,0,0,60.0000,0.236,3.82841,0,0,0,0,0,0.219718,0.024421,0.199736,0.044181,0.172724,0.055614,0.138887,0.059151,0.101683,0.053119,0.066769,0.040080,0.035895,0.024548,0.017892,150.46,-142.85,81.00,144.04,15.22,76.05,-50.92,9.93,-114.93,-54.18,-176.33,-111.61,130.37,-155.48,100.27,0.0059,0.0096,0.0042,0.0105,0.0084,0.0038,0.0091,0.0014,0.0018,0.0056,0.0008,0.0062,0.0011,0.0065,0.0016
2026-08-05 09:30:08.952,4.650000,62,9,0.391043,0.0043,81.88,0,0,0,60.0000,0.236,3.82841,0,0,0,0,0,0.209865,0.031210,0.190142,0.052448,0.161598,0.065072,0.126534,0.068615,0.088716,0.060733,0.054162,0.044827,0.025095,0.025429,0.011356,-81.88,73.90,104.02,-86.19,-66.61,107.38,122.57,-60.62,-46.30,131.85,147.69,-30.80,-7.64,178.75,-123.61,0.0059,0.0096,0.0042,0.0105,0.0084,0.0038,0.0091,0.0014,0.0018,0.0056,0.0008,0.0062,0.0011,0.0065,0.0016
2026-08-05 09:30:08.952,4.666667,62,10,0.407919,0.0074,-169.41,0,0,0,60.0000,0.236,3.82841,0,0,0,0,0,0.222395,0.027478,0.201766,0.048593,0.171063,0.061315,0.134697,0.063249,0.093992,0.054379,0.056843,0.037213,0.025491,0.015591,0.008557,169.41,-125.08,137.65,-150.56,109.44,-177.59,80.90,154.62,53.47,128.85,29.05,106.30,10.80,105.26,48.48,0.0059,0.0096,0.0042,0.0105,0.0084,0.0038,0.0091,0.0014,0.0018,0.0056,0.0008,0.0062,0.0011,0.0065,0.0016
2026-08-05 09:30:08.952,4.683333,62,11,0.414218,-0.0014,21.91,0,0,0,60.0000,0.236,3.82841,0,0,0,0,0,0.225861,0.027146,0.205087,0.048590,0.174472,0.061289,0.137689,0.063817,0.096986,0.054919,0.058743,0.038561,0.027066,0.015363,0.009012,-21.91,-145.57,-76.26,165.35,-127.10,115.03,-178.27,64.10,131.63,14.96,84.49,-31.78,43.09,-63.65,57.96,0.0059,0.0096,0.0042,0.0105,0.0084,0.0038,0.0091,0.0014,0.0018,0.0056,0.0008,0.0062,0.0011,0.0065,0.0016
2026-08-05 09:30:08.952,4.700000,62,12,0.437291,0.0203,40.54,0,0,0,60.0000,0.236,3.82841,0,0,0,0,0,0.235629,0.036356,0.213898,0.058841,0.180569,0.073612,0.140826,0.076491,0.096698,0.067491,0.056715,0.049822,0.023838,0.027348,0.010667,-40.54,153.68,-131.78,78.35,140.51,-4.32,52.53,-89.33,-34.05,-172.81,-117.11,107.31,169.95,42.40,165.58,0.0059,0.0096,0.0042,0.0105,0.0084,0.0038,0.0091,0.0014,0.0018,0.0056,0.0008,0.0062,0.0011,0.0065,0.0016
2026-08-05 09:30:08.952,4.716667,62,13,0.467592,-0.0036,-129.00,0,0,0,60.0000,0.236,3.82841,0,0,0,0,0,0.252514,0.031340,0.230068,0.054697,0.195752,0.069505,0.154635,0.072435,0.109327,0.063497,0.068387,0.046319,0.035463,0.026233,0.021211,129.00,149.21,17.41,45.75,-90.73,-60.81,161.26,-167.97,55.29,87.60,-45.65,-12.38,-135.00,-93.92,165.62,0.0059,0.0096,0.0042,0.0105,0.0084,0.0038,0.0091,0.0014,0.0018,0.0056,0.0008,0.0062,0.0011,0.0065,0.0016
2026-08-05 09:30:08.952,4.733333,62,14,0.505714,0.0292,4.89,0,0,0,60.0000,0.236,3.82841,0,0,0,0,0,0.251915,0.036090,0.227341,0.061356,0.190200,0.076528,0.146701,0.077223,0.099252,0.064500,0.056382,0.043411,0.022296,0.018862,0.002700,-4.89,-127.05,-25.30,-134.35,-42.54,-146.84,-60.19,-161.03,-76.86,-174.15,-91.84,175.47,-105.95,-174.34,-58.75,0.0059,0.0096,0.0042,0.0105,0.0084,0.0038,0.0091,0.0014,0.0018,0.0056,0.0008,0.0062,0.0011,0.0065,0.0016
2026-08-05 09:30:08.952,4.750000,62,15,0.501627,0.0038,129.80,0,0,0,60.0000,0.236,3.82841,0,0,0,0,0,0.264472,0.055275,0.239657,0.077266,0.202175,0.092402,0.157411,0.094339,0.108317,0.083471,0.064582,0.064682,0.032622,0.043709,0.024873,-129.80,-44.11,-39.11,67.16,55.05,169.71,149.80,-91.16,-112.38,8.66,-7.89,112.05,113.06,-131.07,-100.88,0.0059,0.0096,0.0042,0.0105,0.0084,0.0038,0.0091,0.0014,0.0018,0.0056,0.0008,0.0062,0.0011,0.0065,0.0016
2026-08-05 09:30:08.952,4.766667,62,16,0.457417,0.0026,-175.20,0,0,0,60.0000,0.236,3.82841,0,0,0,0,0,0.267388,0.018681,0.237403,0.012213,0.191501,0.025987,0.137398,0.044650,0.080760,0.057103,0.032438,0.059998,0.003423,0.049853,0.022126,175.20,-38.76,156.84,-117.40,141.36,171.11,125.38,139.63,110.21,118.46,96.52,102.13,-82.07,89.42,-105.02,0.0059,0.0096,0.0042,0.0105,0.0084,0.0038,0.0091,0.0014,0.0018,0.0056,0.0008,0.0062,0.0011,0.0065,0.0016
2026-08-05 09:30:08.952,4.783333,62,17,0.450390,-0.0010,100.37,0,0,0,60.0000,0.236,3.82841,0,0,0,0,0,0.267275,0.027366,0.235329,0.008206,0.186440,0.019016,0.128941,0.044200,0.070427,0.061417,0.026319,0.066937,0.025750,0.057601,0.039892,-100.37,146.42,50.52,-82.46,-155.30,-69.65,-0.52,72.85,159.30,-138.39,-15.80,12.00,-135.70,160.34,36.22,0.0059,0.0096,0.0042,0.0105,0.0084,0.0038,0.0091,0.0014,0.0018,0.0056,0.0008,0.0062,0.0011,0.0065,0.0016
2026-08-05 09:30:08.952,4.800000,62,18,0.373195,0.0008,-171.40,0,0,0,60.0000,0.236,3.82841,0,0,0,0,0,0.197284,0.045865,0.180338,0.044289,0.158558,0.039581,0.132354,0.032975,0.102452,0.023433,0.073441,0.012360,0.045031,0.008546,0.023851,171.40,143.24,142.79,105.39,118.39,68.97,93.53,31.38,70.57,-8.85,49.67,-56.62,32.57,-170.34,27.65,0.0059,0.0096,0.0042,0.0105,0.0084,0.0038,0.0091,0.0014,0.0018,0.0056,0.0008,0.0062,0.0011,0.0065,0.0016
2026-08-05 09:30:08.952,4.816667,62,19,0.358014,0.0009,153.88,0,0,0,60.0000,0.236,3.82841,0,0,0,0,0,0.189745,0.023442,0.172535,0.042639,0.150199,0.054354,0.122709,0.059313,0.091241,0.055775,0.061061,0.044820,0.032833,0.029204,0.012210,-153.88,153.03,-112.15,-171.83,-66.98,-130.93,-23.14,-88.11,21.53,-45.27,66.40,-1.63,110.79,37.21,155.42,0.0059,0.0096,0.0042,0.0105,0.0084,0.0038,0.0091,0.0014,0.0018,0.0056,0.0008,0.0062,0.0011,0.0065,0.0016
2026-08-05 09:30:08.952,4.833333,62,20,0.327282,0.0090,40.86,0,0,0,60.0000,0.236,3.82841,0,0,0,0,0,0.172340,0.019372,0.157648,0.032700,0.138856,0.040677,0.115721,0.044318,0.089073,0.041329,0.063612,0.031773,0.038506,0.018213,0.019414,-40.86,28.64,-133.95,-75.82,136.65,-170.98,46.19,96.72,-42.85,4.19,-131.12,-86.55,141.44,178.58,59.90,0.0059,0.0096,0.0042,0.0105,0.0084,0.0038,0.0091,0.0014,0.0018,0.0056,0.0008,0.0062,0.0011,0.0065,0.0016
2026-08-05 09:30:08.952,4.850000,62,21,0.306539,0.0002,-123.73,0,0,0,60.0000,0.236,3.82841,0,0,0,0,0,0.159898,0.019936,0.146051,0.036329,0.127075,0.046813,0.104739,0.052101,0.079425,0.049750,0.055090,0.040699,0.032220,0.027670,0.015926,123.73,-32.16,-0.76,-153.06,-121.84,86.76,115.81,-34.17,-6.41,-156.14,-129.79,82.35,102.52,-44.90,-34.20,0.0059,0.0096,0.0042,0.0105,0.0084,0.0038,0.0091,0.0014,0.0018,0.0056,0.0008,0.0062,0.0011,0.0065,0.0016
2026-08-05 09:30:08.952,4.866667,62,22,0.392759,0.0079,-146.78,0,0,0,60.0000,0.236,3.82841,0,0,0,0,0,0.213027,0.025458,0.194259,0.044265,0.165617,0.056306,0.132235,0.058272,0.094159,0.050831,0.059012,0.035428,0.028188,0.015318,0.006340,146.78,27.61,69.55,-51.32,-4.15,-126.28,-78.40,159.36,-152.18,87.78,136.14,19.17,65.16,-30.95,21.84,0.0059,0.0096,0.0042,0.0105,0.0084,0.0038,0.0091,0.0014,0.0018,0.0056,0.0008,0.0062,0.0011,0.0065,0.0016
2026-08-05 09:30:08.952,4.883333,62,23,0.391616,-0.0007,147.08,0,0,0,60.0000,0.236,3.82841,0,0,0,0,0,0.211286,0.025894,0.192768,0.045745,0.164850,0.058546,0.131821,0.061602,0.094907,0.054370,0.059590,0.039953,0.029384,0.017991,0.006075,-147.08,157.09,-92.22,-148.52,-33.74,-91.67,23.97,-34.27,82.27,24.78,141.90,85.52,-158.33,151.28,-85.83,0.0059,0.0096,0.0042,0.0105,0.0084,0.0038,0.0091,0.0014,0.0018,0.0056,0.0008,0.0062,0.0011,0.0065,0.0016
2026-08-05 09:30:08.952,4.900000,62,24,0.379981,-0.0088,-146.56,0,0,0,60.0000,0.236,3.82841,0,0,0,0,0,0.205115,0.024379,0.187119,0.042998,0.160173,0.055106,0.128773,0.057642,0.093093,0.050904,0.059731,0.036729,0.030620,0.015899,0.008753,146.56,20.35,68.71,-56.50,-5.58,-131.44,-80.38,153.52,-154.58,80.32,132.97,9.26,62.19,-55.11,6.93,0.0059,0.0096,0.0042,0.0105,0.0084,0.0038,0.0091,0.0014,0.0018,0.0056,0.0008,0.0062,0.0011,0.0065,0.0016
2026-08-05 09:30:08.952,4.916667,62,25,0.381318,0.0065,102.62,0,0,0,60.0000,0.236,3.82841,0,0,0,0,0,0.204347,0.025360,0.186444,0.044936,0.159697,0.057809,0.128270,0.061445,0.092911,0.055166,0.059720,0.041441,0.030603,0.021929,0.009788,-102.62,-119.62,41.16,26.21,-171.36,173.15,-24.42,-39.72,123.33,109.72,-86.33,-98.56,66.67,62.38,-120.11,0.0059,0.0096,0.0042,0.0105,0.0084,0.0038,0.0091,0.0014,0.0018,0.0056,0.0008,0.0062,0.0011,0.0065,0.0016
2026-08-05 09:30:08.952,4.933333,62,26,0.387941,0.0035,-63.60,0,0,0,60.0000,0.236,3.82841,0,0,0,0,0,0.208244,0.025038,0.189363,0.045303,0.162243,0.058614,0.131148,0.061418,0.095306,0.054509,0.061345,0.041171,0.031964,0.023309,0.011524,63.60,-155.14,179.70,-33.59,-60.78,87.95,58.49,-151.03,178.88,-28.55,-58.56,96.67,65.08,-124.78,-157.46,0.0059,0.0096,0.0042,0.0105,0.0084,0.0038,0.0091,0.0014,0.0018,0.0056,0.0008,0.0062,0.0011,0.0065,0.0016
2026-08-05 09:30:08.952,4.950000,62,27,0.386382,-0.0044,-130.15,0,0,0,60.0000,0.236,3.82841,0,0,0,0,0,0.207814,0.024411,0.189170,0.043595,0.162430,0.056416,0.131525,0.059104,0.095753,0.052661,0.061419,0.039929,0.031936,0.022242,0.012212,130.15,-7.66,19.48,-120.18,-87.63,131.92,165.03,24.44,59.11,-81.27,-44.03,175.72,-144.17,84.79,138.27,0.0059,0.0096,0.0042,0.0105,0.0084,0.0038,0.0091,0.0014,0.0018,0.0056,0.0008,0.0062,0.0011,0.0065,0.0016
2026-08-05 09:30:08.952,4.966667,62,28,0.438666,-0.0114,141.82,0,0,0,60.0000,0.236,3.82841,0,0,0,0,0,0.260973,0.050755,0.226879,0.025130,0.174751,0.008637,0.114478,0.040732,0.054926,0.062425,0.011130,0.069320,0.025793,0.059068,0.036721,-141.82,-109.82,-73.94,-40.10,-3.53,-128.82,65.28,-69.81,131.61,2.15,161.79,77.27,127.02,156.70,-165.07,0.0059,0.0096,0.0042,0.0105,0.0084,0.0038,0.0091,0.0014,0.0018,0.0056,0.0008,0.0062,0.0011,0.0065,0.0016
2026-08-05 09:30:08.952,4.983333,62,29,0.444971,0.0197,-10.42,0,0,0,60.0000,0.236,3.82841,0,0,0,0,0,0.265472,0.054333,0.230357,0.029334,0.176697,0.018779,0.114580,0.048636,0.054625,0.071368,0.020636,0.078144,0.034856,0.065789,0.043260,10.42,-159.56,23.10,-127.13,39.26,-18.28,56.57,32.49,82.51,54.01,159.43,71.95,-123.64,88.03,-99.81,0.0059,0.0096,0.0042,0.0105,0.0084,0.0038,0.0091,0.0014,0.0018,0.0056,0.0008,0.0062,0.0011,0.0065,0.0016
2026-08-05 09:30:09.196,5.000000,63,0,0.432939,0.0348,31.98,0,0,0,60.0000,0.239,4.82964,0,0,0,0,0,0.232522,0.029476,0.210345,0.052907,0.180040,0.067675,0.143063,0.072990,0.103345,0.066540,0.067108,0.050867,0.036110,0.030150,0.018799,-31.98,-179.03,-105.49,119.98,-175.23,52.43,114.95,-16.17,47.48,-84.59,-17.20,-148.90,-73.08,156.05,-106.62,0.0041,0.0026,0.0144,0.0017,0.0096,0.0025,0.0013,0.0025,0.0060,0.0009,0.0012,0.0023,0.0039,0.0009,0.0022
2026-08-05 09:30:09.196,5.016667,63,1,0.399758,0.0294,75.57,0,0,0,60.0000,0.239,4.82964,0,0,0,0,0,0.213284,0.030091,0.193293,0.051385,0.166604,0.064295,0.133362,0.068313,0.096480,0.062297,0.062208,0.048269,0.032202,0.029664,0.013500,-75.57,85.47,123.22,-60.57,-34.39,145.60,167.24,-9.37,10.54,-164.28,-144.29,44.43,67.15,-100.42,-60.32,0.0041,0.0026,0.0144,0.0017,0.0096,0.0025,0.0013,0.0025,0.0060,0.0009,0.0012,0.0023,0.0039,0.0009,0.0022
2026-08-05 09:30:09.196,5.033333,63,2,0.400243,0.0033,44.95,0,0,0,60.0000,0.239,4.82964,0,0,0,0,0,0.213410,0.032569,0.193528,0.054339,0.165989,0.067705,0.131273,0.072382,0.093135,0.066338,0.058086,0.051001,0.026738,0.030372,0.008999,-44.95,144.28,-144.94,59.84,118.42,-32.61,21.19,-126.50,-74.23,138.83,-167.89,46.92,105.42,-40.25,61.68,0.0041,0.0026,0.0144,0.0017,0.0096,0.0025,0.0013,0.0025,0.0060,0.0009,0.0012,0.0023,0.0039,0.0009,0.0022
2026-08-05 09:30:09.196,5.050000,63,3,0.457957,0.0178,7.94,0,0,0,60.0000,0.239,4.82964,0,0,0,0,0,0.246453,0.033743,0.223456,0.059089,0.190144,0.074049,0.148604,0.078051,0.104206,0.069427,0.064071,0.052067,0.032345,0.031656,0.020855,-7.94,-130.50,-33.36,-145.19,-55.40,-164.62,-77.31,175.28,-96.68,156.05,-111.84,142.37,-112.36,141.29,-85.22,0.0041,0.0026,0.0144,0.0017,0.0096,0.0025,0.0013,0.0025,0.0060,0.0009,0.0012,0.0023,0.0039,0.0009,0.0022
2026-08-05 09:30:09.196,5.066667,63,4,0.443670,0.0114,-117.84,0,0,0,60.0000,0.239,4.82964,0,0,0,0,0,0.238246,0.033737,0.216652,0.058017,0.184000,0.073882,0.145126,0.077644,0.101818,0.069936,0.062585,0.052902,0.029653,0.030836,0.012492,117.84,120.50,-16.65,-2.30,-147.62,-130.24,81.23,100.43,-48.58,-27.23,-174.88,-151.91,66.45,95.50,-11.50,0.0041,0.0026,0.0144,0.0017,0.0096,0.0025,0.0013,0.0025,0.0060,0.0009,0.0012,0.0023,0.0039,0.0009,0.0022
2026-08-05 09:30:09.196,5.083333,63,5,0.454987,0.0150,-0.76,0,0,0,60.0000,0.239,4.82964,0,0,0,0,0,0.243727,0.029442,0.222349,0.052797,0.191002,0.067556,0.152760,0.072223,0.110333,0.065493,0.070560,0.051420,0.037501,0.031821,0.019039,0.76,-104.58,-7.69,-105.77,-12.64,-109.38,-17.53,-113.62,-20.82,-115.55,-20.15,-114.29,-11.61,-100.53,28.25,0.0041,0.0026,0.0144,0.0017,0.0096,0.0025,0.0013,0.0025,0.0060,0.0009,0.0012,0.0023,0.0039,0.0009,0.0022
2026-08-05 09:30:09.196,5.100000,63,6,0.416344,-0.0108,178.33,0,0,0,60.0000,0.239,4.82964,0,0,0,0,0,0.224426,0.026767,0.204407,0.047091,0.175423,0.060326,0.141283,0.063207,0.102192,0.056518,0.066169,0.042080,0.035097,0.021787,0.013802,-178.33,-79.70,174.86,-90.90,171.33,-96.53,167.73,-101.38,165.33,-103.77,165.60,-102.45,171.49,-89.47,-157.48,0.0041,0.0026,0.0144,0.0017,0.0096,0.0025,0.0013,0.0025,0.0060,0.0009,0.0012,0.0023,0.0039,0.0009,0.0022
2026-08-05 09:30:09.196,5.116667,63,7,0.422004,0.0055,-131.55,0,0,0,60.0000,0.239,4.82964,0,0,0,0,0,0.225609,0.029941,0.205615,0.052792,0.175461,0.067958,0.139662,0.072339,0.099815,0.065839,0.062882,0.051252,0.030952,0.031648,0.009974,131.55,156.46,24.36,57.35,-79.35,-44.29,176.53,-146.55,73.47,113.38,-26.83,16.21,-122.52,-70.40,172.83,0.0041,0.0026,0.0144,0.0017,0.0096,0.0025,0.0013,0.0025,0.0060,0.0009,0.0012,0.0023,0.0039,0.0009,0.0022
2026-08-05 09:30:09.196,5.133333,63,8,0.415087,0.0023,134.29,0,0,0,60.0000,0.239,4.82964,0,0,0,0,0,0.222423,0.037259,0.201353,0.057848,0.170393,0.071692,0.134231,0.074357,0.093569,0.065930,0.055537,0.050436,0.023412,0.031091,0.003226,-134.29,-42.39,-53.62,57.45,30.38,149.14,114.12,-122.17,-160.98,-32.78,-73.86,59.41,15.41,165.08,168.09,0.0041,0.0026,0.0144,0.0017,0.0096,0.0025,0.0013,0.0025,0.0060,0.0009,0.0012,0.0023,0.0039,0.0009,0.0022
2026-08-05 09:30:09.196,5.150000,63,9,0.393573,0.0116,-63.17,0,0,0,60.0000,0.239,4.82964,0,0,0,0,0,0.212505,0.027527,0.192757,0.048738,0.164097,0.062619,0.130658,0.065579,0.092397,0.058297,0.055980,0.044020,0.025190,0.023795,0.007973,63.17,17.07,178.89,141.14,-61.94,-97.26,57.03,22.91,177.49,143.86,-59.00,-93.70,69.53,38.96,-108.72,0.0041,0.0026,0.0144,0.0017,0.0096,0.0025,0.0013,0.0025,0.0060,0.0009,0.0012,0.0023,0.0039,0.0009,0.0022
2026-08-05 09:30:09.196,5.166667,63,10,0.437118,0.0158,102.34,0,0,0,60.0000,0.239,4.82964,0,0,0,0,0,0.257327,0.033139,0.223646,0.008995,0.172075,0.022499,0.112198,0.052647,0.052748,0.072210,0.006201,0.077336,0.025018,0.065639,0.035792,-102.34,147.90,44.41,-67.70,-166.02,-84.62,-17.42,62.98,131.15,-145.90,-97.66,8.04,-96.18,166.33,55.51,0.0041,0.0026,0.0144,0.0017,0.0096,0.0025,0.0013,0.0025,0.0060,0.0009,0.0012,0.0023,0.0039,0.0009,0.0022
2026-08-05 09:30:09.196,5.183333,63,11,0.450256,0.0028,168.99,0,0,0,60.0000,0.239,4.82964,0,0,0,0,0,0.270101,0.030146,0.235815,0.007903,0.183285,0.024594,0.122313,0.053279,0.062298,0.071084,0.020248,0.073867,0.025308,0.058863,0.035484,-168.99,19.42,-155.32,66.81,-138.35,-146.76,-120.93,-124.87,-98.04,-106.78,-42.95,-88.41,60.75,-69.43,88.72,0.0041,0.0026,0.0144,0.0017,0.0096,0.0025,0.0013,0.0025,0.0060,0.0009,0.0012,0.0023,0.0039,0.0009,0.0022
2026-08-05 09:30:09.196,5.200000,63,12,0.399054,0.0078,-31.79,0,0,0,60.0000,0.239,4.82964,0,0,0,0,0,0.215051,0.024380,0.194817,0.041760,0.167842,0.052793,0.135483,0.056597,0.100072,0.050893,0.067144,0.037051,0.037186,0.018242,0.016694,31.79,177.29,85.18,-139.15,142.50,-87.21,-160.46,-32.63,-101.44,23.48,-40.47,84.91,25.58,158.61,108.68,0.0041,0.0026,0.0144,0.0017,0.0096,0.0025,0.0013,0.0025,0.0060,0.0009,0.0012,0.0023,0.0039,0.0009,0.0022
2026-08-05 09:30:09.196,5.216667,63,13,0.401298,0.0006,-58.92,0,0,0,60.0000,0.239,4.82964,0,0,0,0,0,0.212827,0.030525,0.194639,0.042238,0.170723,0.049616,0.141260,0.051575,0.107607,0.045988,0.075205,0.034617,0.044927,0.019292,0.023441,58.92,-108.66,166.20,-18.09,-82.84,83.43,27.52,-170.43,139.56,-61.55,-106.78,53.44,11.11,178.17,139.71,0.0041,0.0026,0.0144,0.0017,0.0096,0.0025,0.0013,0.0025,0.0060,0.0009,0.0012,0.0023,0.0039,0.0009,0.0022
2026-08-05 09:30:09.196,5.233333,63,14,0.365398,0.0008,-84.04,0,0,0,60.0000,0.239,4.82964,0,0,0,0,0,0.194873,0.023053,0.177568,0.040496,0.154537,0.050814,0.125845,0.054580,0.093720,0.049749,0.063427,0.037473,0.035027,0.020628,0.014637,84.04,-88.08,-118.63,61.80,42.23,-141.01,-157.75,18.58,3.74,178.99,166.15,-16.55,-29.32,153.07,144.89,0.0041,0.0026,0.0144,0.0017,0.0096,0.0025,0.0013,0.0025,0.0060,0.0009,0.0012,0.0023,0.0039,0.0009,0.0022
2026-08-05 09:30:09.196,5.250000,63,15,0.349181,-0.0039,-139.05,0,0,0,60.0000,0.239,4.82964,0,0,0,0,0,0.184304,0.021309,0.168473,0.037841,0.147114,0.048190,0.120975,0.052745,0.091407,0.049058,0.063007,0.038418,0.035726,0.022888,0.015618,139.05,17.02,46.05,-81.35,-43.38,-173.45,-133.52,96.10,137.56,6.21,49.46,-79.97,-36.60,-163.82,-115.97,0.0041,0.0026,0.0144,0.0017,0.0096,0.0025,0.0013,0.0025,0.0060,0.0009,0.0012,0.0023,0.0039,0.0009,0.0022
2026-08-05 09:30:09.196,5.266667,63,16,0.399068,-0.0022,108.46,0,0,0,60.0000,0.239,4.82964,0,0,0,0,0,0.213260,0.031068,0.194607,0.052179,0.165133,0.066931,0.131042,0.070647,0.092156,0.064114,0.056874,0.049101,0.026149,0.028580,0.008388,-108.46,-154.15,23.91,-9.54,159.90,130.11,-64.39,-92.24,72.28,47.13,-147.85,-171.39,-3.53,-19.35,-171.12,0.0041,0.0026,0.0144,0.0017,0.0096,0.0025,0.0013,0.0025,0.0060,0.0009,0.0012,0.0023,0.0039,0.0009,0.0022
2026-08-05 09:30:09.196,5.283333,63,17,0.490843,0.0268,-37.91,0,0,0,60.0000,0.239,4.82964,0,0,0,0,0,0.264668,0.031518,0.241781,0.053403,0.206987,0.066640,0.164800,0.068439,0.118578,0.058881,0.076078,0.043035,0.041674,0.028524,0.021533,37.91,179.80,104.11,-119.79,173.73,-52.88,-116.67,16.63,-45.44,90.76,29.42,172.60,110.82,-80.18,-144.67,0.0041,0.0026,0.0144,0.0017,0.0096,0.0025,0.0013,0.0025,0.0060,0.0009,0.0012,0.0023,0.0039,0.0009,0.0022
2026-08-05 09:30:09.196,5.300000,63,18,0.506080,0.0432,-19.97,0,0,0,60.0000,0.239,4.82964,0,0,0,0,0,0.270495,0.039308,0.247699,0.056111,0.213332,0.067767,0.172272,0.068513,0.126190,0.060025,0.084226,0.045324,0.049593,0.030363,0.028613,19.97,168.57,50.74,-175.85,84.65,-149.00,118.87,-117.63,154.94,-81.27,-165.39,-36.78,-118.55,28.50,-54.44,0.0041,0.0026,0.0144,0.0017,0.0096,0.0025,0.0013,0.0025,0.0060,0.0009,0.0012,0.0023,0.0039,0.0009,0.0022
2026-08-05 09:30:09.196,5.316667,63,19,0.463783,-0.0064,130.20,0,0,0,60.0000,0.239,4.82964,0,0,0,0,0,0.249003,0.028877,0.228050,0.047741,0.196057,0.060010,0.157585,0.062379,0.114508,0.055132,0.074783,0.041551,0.040927,0.027689,0.021577,-130.20,-151.83,-40.34,-70.04,52.98,19.68,146.33,112.23,-118.67,-150.39,-19.72,-46.23,87.13,78.11,-141.71,0.0041,0.0026,0.0144,0.0017,0.0096,0.0025,0.0013,0.0025,0.0060,0.0009,0.0012,0.0023,0.0039,0.0009,0.0022
2026-08-05 09:30:09.196,5.333333,63,20,0.452114,0.0284,-28.63,0,0,0,60.0000,0.239,4.82964,0,0,0,0,0,0.243086,0.042653,0.221485,0.053093,0.189504,0.060936,0.152384,0.059157,0.110510,0.048040,0.071352,0.031219,0.039314,0.015636,0.022829,28.63,-163.48,76.32,-132.98,127.15,-92.03,178.17,-45.83,-128.64,5.49,-70.92,64.20,-5.13,161.74,83.24,0.0041,0.0026,0.0144,0.0017,0.0096,0.0025,0.0013,0.0025,0.0060,0.0009,0.0012,0.0023,0.0039,0.0009,0.0022
2026-08-05 09:30:09.196,5.350000,63,21,0.391498,-0.0086,149.15,0,0,0,60.0000,0.239,4.82964,0,0,0,0,0,0.211217,0.025224,0.192163,0.044633,0.164490,0.057354,0.132362,0.059677,0.095192,0.052264,0.059584,0.038368,0.028909,0.018986,0.008962,-149.15,158.50,-98.39,-154.65,-44.19,-102.09,9.83,-48.55,65.09,6.55,122.95,64.12,-176.29,134.28,-83.11,0.0041,0.0026,0.0144,0.0017,0.0096,0.0025,0.0013,0.0025,0.0060,0.0009,0.0012,0.0023,0.0039,0.0009,0.0022
2026-08-05 09:30:09.196,5.366667,63,22,0.444400,0.0162,-122.43,0,0,0,60.0000,0.239,4.82964,0,0,0,0,0,0.260632,0.047814,0.229377,0.027430,0.181686,0.012938,0.126320,0.033401,0.070004,0.051444,0.024741,0.058123,0.013828,0.050180,0.026207,122.43,53.50,-1.51,-79.80,-122.78,78.89,114.66,-95.45,-9.14,137.01,-142.79,18.14,-12.82,-93.92,-152.70,0.0041,0.0026,0.0144,0.0017,0.0096,0.0025,0.0013,0.0025,0.0060,0.0009,0.0012,0.0023,0.0039,0.0009,0.0022
2026-08-05 09:30:09.196,5.383333,63,23,0.486837,0.0201,14.12,0,0,0,60.0000,0.239,4.82964,0,0,0,0,0,0.292303,0.044823,0.255210,0.021877,0.198121,0.020867,0.131617,0.049917,0.068165,0.069800,0.032954,0.074175,0.042580,0.060077,0.051568,-14.12,151.37,-50.32,139.58,-82.83,-152.69,-113.36,-163.25,-133.86,167.35,-117.05,135.98,-95.83,104.22,-115.49,0.0041,0.0026,0.0144,0.0017,0.0096,0.0025,0.0013,0.0025,0.0060,0.0009,0.0012,0.0023,0.0039,0.0009,0.0022
2026-08-05 09:30:09.196,5.400000,63,24,0.416828,-0.0050,-154.48,0,0,0,60.0000,0.239,4.82964,0,0,0,0,0,0.225236,0.034831,0.201787,0.057559,0.169602,0.072935,0.130986,0.078446,0.090306,0.071457,0.053900,0.053748,0.022642,0.030354,0.007448,154.48,-179.42,93.97,139.74,37.24,88.68,-19.66,35.01,-74.39,-19.33,-127.06,-70.17,-170.78,-111.05,-148.64,0.0041,0.0026,0.0144,0.0017,0.0096,0.0025,0.0013,0.0025,0.0060,0.0009,0.0012,0.0023,0.0039,0.0009,0.0022
2026-08-05 09:30:09.196,5.416667,63,25,0.427445,0.0035,-140.72,0,0,0,60.0000,0.239,4.82964,0,0,0,0,0,0.227165,0.042303,0.204597,0.065592,0.173411,0.080134,0.134167,0.083947,0.091431,0.075520,0.052384,0.058036,0.020351,0.035939,0.011345,140.72,146.01,52.72,77.40,-31.87,-1.34,-117.01,-81.99,159.79,-162.69,79.67,120.45,15.50,51.54,14.66,0.0041,0.0026,0.0144,0.0017,0.0096,0.0025,0.0013,0.0025,0.0060,0.0009,0.0012,0.0023,0.0039,0.0009,0.0022
2026-08-05 09:30:09.196,5.433333,63,26,0.433397,0.0163,55.89,0,0,0,60.0000,0.239,4.82964,0,0,0,0,0,0.234606,0.026983,0.213091,0.048360,0.183274,0.060838,0.146228,0.064273,0.105459,0.057088,0.067537,0.041796,0.034905,0.022574,0.018547,-55.89,165.51,-177.83,39.05,63.85,-82.33,-54.73,158.13,-171.14,40.11,75.48,-72.50,-27.67,-173.22,-102.68,0.0041,0.0026,0.0144,0.0017,0.0096,0.0025,0.0013,0.0025,0.0060,0.0009,0.0012,0.0023,0.0039,0.0009,0.0022
2026-08-05 09:30:09.196,5.450000,63,27,0.430468,0.0107,-176.18,0,0,0,60.0000,0.239,4.82964,0,0,0,0,0,0.230202,0.042566,0.208242,0.064801,0.175915,0.078245,0.135371,0.081777,0.092412,0.072430,0.053136,0.053856,0.021204,0.031699,0.011356,176.18,-143.03,158.85,-141.91,144.73,-149.26,130.46,-159.11,118.26,-169.28,108.84,-174.87,115.06,-170.03,-179.66,0.0041,0.0026,0.0144,0.0017,0.0096,0.0025,0.0013,0.0025,0.0060,0.0009,0.0012,0.0023,0.0039,0.0009,0.0022
2026-08-05 09:30:09.196,5.466667,63,28,0.520554,0.0374,35.78,0,0,0,60.0000,0.239,4.82964,0,0,0,0,0,0.277389,0.051623,0.252097,0.076327,0.211861,0.093413,0.163555,0.096334,0.110682,0.086292,0.064551,0.066418,0.029847,0.044921,0.023137,-35.78,151.76,-116.60,90.17,166.03,19.81,89.00,-53.29,14.43,-124.75,-54.06,167.83,-104.14,113.91,-120.28,0.0041,0.0026,0.0144,0.0017,0.0096,0.0025,0.0013,0.0025,0.0060,0.0009,0.0012,0.0023,0.0039,0.0009,0.0022
2026-08-05 09:30:09.196,5.483333,63,29,0.451010,0.0099,134.94,0,0,0,60.0000,0.239,4.82964,0,0,0,0,0,0.243066,0.029024,0.220851,0.052673,0.189273,0.066903,0.150441,0.070779,0.107895,0.063146,0.068593,0.048422,0.036545,0.029635,0.019791,-134.94,-2.66,-54.80,78.31,28.86,161.55,112.62,-114.83,-161.92,-27.99,-72.14,62.94,25.90,169.91,153.71,0.0041,0.0026,0.0144,0.0017,0.0096,0.0025,0.0013,0.0025,0.0060,0.0009,0.0012,0.0023,0.0039,0.0009,0.0022
2026-08-05 09:30:09.458,5.500000,64,0,0.469883,0.0254,-21.46,0,0,0,60.0000,0.232,1.09254,0,0,0,0,0,0.254934,0.030781,0.231619,0.054596,0.196989,0.069595,0.155806,0.071983,0.109364,0.063542,0.067403,0.046960,0.033068,0.027885,0.015969,21.46,-42.73,54.92,-12.00,91.52,23.64,128.32,60.31,166.76,100.21,-151.03,146.20,-98.79,-148.61,-6.45,0.0180,0.0032,0.0027,0.0079,0.0015,0.0038,0.0077,0.0050,0.0038,0.0042,0.0072,0.0089,0.0031,0.0016,0.0054
2026-08-05 09:30:09.458,5.516667,64,1,0.427232,0.0073,116.67,0,0,0,60.0000,0.232,1.09254,0,0,0,0,0,0.230674,0.029136,0.209893,0.052014,0.178587,0.066744,0.141426,0.070438,0.099933,0.062805,0.061666,0.046944,0.029462,0.025443,0.012836,-116.67,28.52,-0.05,148.15,120.01,-91.82,-120.09,28.07,1.30,150.19,126.52,-84.86,-99.41,51.65,77.71,0.0180,0.0032,0.0027,0.0079,0.0015,0.0038,0.0077,0.0050,0.0038,0.0042,0.0072,0.0089,0.0031,0.0016,0.0054
2026-08-05 09:30:09.458,5.533333,64,2,0.515721,-0.0055,169.75,0,0,0,60.0000,0.232,1.09254,0,0,0,0,0,0.223511,0.039411,0.203265,0.044910,0.174423,0.045469,0.142890,0.035620,0.109924,0.017300,0.081892,0.005359,0.061439,0.027756,0.048668,-169.75,-15.62,-161.81,-18.97,-150.96,-13.64,-141.40,-4.60,-132.25,6.16,-122.73,-136.54,-112.26,-138.68,-93.12,0.0180,0.0032,0.0027,0.0079,0.0015,0.0038,0.0077,0.0050,0.0038,0.0042,0.0072,0.0089,0.0031,0.0016,0.0054
2026-08-05 09:30:09.458,5.550000,64,3,0.526968,0.0219,-42.36,0,0,0,60.0000,0.232,1.09254,0,0,0,0,0,0.287611,0.034050,0.260875,0.060874,0.219849,0.076758,0.170759,0.077724,0.117356,0.065394,0.070403,0.045245,0.038093,0.026990,0.033163,42.36,-12.40,118.25,64.95,-162.61,143.72,-82.62,-136.98,0.77,-54.52,91.98,34.85,-158.48,152.60,-32.13,0.0180,0.0032,0.0027,0.0079,0.0015,0.0038,0.0077,0.0050,0.0038,0.0042,0.0072,0.0089,0.0031,0.0016,0.0054
2026-08-05 09:30:09.458,5.566667,64,4,0.461352,0.0099,16.98,0,0,0,60.0000,0.232,1.09254,0,0,0,0,0,0.274086,0.056145,0.240659,0.032406,0.189431,0.010771,0.130476,0.033068,0.071861,0.052254,0.026182,0.057530,0.009829,0.046263,0.018011,-16.98,-43.32,-59.07,-91.00,-98.74,152.70,-139.63,47.06,178.44,2.05,129.40,-34.76,-12.20,-64.60,-80.40,0.0180,0.0032,0.0027,0.0079,0.0015,0.0038,0.0077,0.0050,0.0038,0.0042,0.0072,0.0089,0.0031,0.0016,0.0054
2026-08-05 09:30:09.458,5.583333,64,5,0.458818,0.0074,-75.33,0,0,0,60.0000,0.232,1.09254,0,0,0,0,0,0.276834,0.039754,0.241197,0.014478,0.186507,0.018252,0.122799,0.049672,0.060416,0.069665,0.020329,0.073947,0.032185,0.059663,0.042598,75.33,144.48,-142.20,-66.40,3.58,-113.73,150.23,32.87,-56.08,177.86,141.11,-36.38,0.90,109.98,156.19,0.0180,0.0032,0.0027,0.0079,0.0015,0.0038,0.0077,0.0050,0.0038,0.0042,0.0072,0.0089,0.0031,0.0016,0.0054
2026-08-05 09:30:09.458,5.600000,64,6,0.413046,0.0074,81.21,0,0,0,60.0000,0.232,1.09254,0,0,0,0,0,0.224857,0.024854,0.202639,0.046370,0.172434,0.060174,0.136405,0.065335,0.098105,0.059272,0.063437,0.043879,0.032706,0.023810,0.011628,-81.21,-88.03,106.85,110.25,-61.33,-55.78,130.27,137.39,-36.12,-29.26,159.09,168.83,-1.69,20.47,-145.64,0.0180,0.0032,0.0027,0.0079,0.0015,0.0038,0.0077,0.0050,0.0038,0.0042,0.0072,0.0089,0.0031,0.0016,0.0054
2026-08-05 09:30:09.458,5.616667,64,7,0.457184,0.0044,86.25,0,0,0,60.0000,0.232,1.09254,0,0,0,0,0,0.245377,0.037354,0.223604,0.050121,0.193605,0.057301,0.156091,0.057490,0.114942,0.048619,0.076511,0.035056,0.043457,0.023756,0.024355,-86.25,-36.59,91.34,125.00,-87.48,-62.60,93.56,115.15,-83.35,-61.96,102.52,132.19,-63.58,-10.76,147.24,0.0180,0.0032,0.0027,0.0079,0.0015,0.0038,0.0077,0.0050,0.0038,0.0042,0.0072,0.0089,0.0031,0.0016,0.0054
2026-08-05 09:30:09.458,5.633333,64,8,0.440270,0.0112,-60.80,0,0,0,60.0000,0.232,1.09254,0,0,0,0,0,0.235684,0.033744,0.214973,0.045487,0.186910,0.052161,0.151869,0.052374,0.113272,0.044423,0.077158,0.032113,0.045544,0.022094,0.025935,60.80,-103.37,172.46,-7.94,-72.32,98.86,42.71,-149.02,159.86,-32.11,-80.55,96.55,45.69,-110.90,-174.81,0.0180,0.0032,0.0027,0.0079,0.0015,0.0038,0.0077,0.0050,0.0038,0.0042,0.0072,0.0089,0.0031,0.0016,0.0054
2026-08-05 09:30:09.458,5.650000,64,9,0.382499,0.0105,-76.94,0,0,0,60.0000,0.232,1.09254,0,0,0,0,0,0.206036,0.027078,0.187309,0.042100,0.162147,0.051229,0.130980,0.053756,0.095982,0.047512,0.062783,0.034236,0.032215,0.016244,0.012584,76.94,-85.37,-139.85,43.75,6.97,-176.64,153.22,-33.50,-58.89,111.23,90.88,-99.37,-113.80,57.42,68.54,0.0180,0.0032,0.0027,0.0079,0.0015,0.0038,0.0077,0.0050,0.0038,0.0042,0.0072,0.0089,0.0031,0.0016,0.0054
2026-08-05 09:30:09.458,5.666667,64,10,0.289966,0.0061,-138.56,0,0,0,60.0000,0.232,1.09254,0,0,0,0,0,0.150795,0.026409,0.137790,0.032153,0.121314,0.036510,0.103364,0.037494,0.081256,0.034757,0.059228,0.027746,0.037782,0.016887,0.019325,138.56,58.48,42.26,-52.66,-49.40,-157.02,-142.14,102.01,125.79,3.98,35.57,-93.99,-55.42,161.09,-142.28,0.0180,0.0032,0.0027,0.0079,0.0015,0.0038,0.0077,0.0050,0.0038,0.0042,0.0072,0.0089,0.0031,0.0016,0.0054
2026-08-05 09:30:09.458,5.683333,64,11,0.251870,0.0040,21.28,0,0,0,60.0000,0.232,1.09254,0,0,0,0,0,0.127416,0.015414,0.116797,0.026130,0.103054,0.034570,0.088831,0.039644,0.071339,0.039575,0.053123,0.035989,0.036061,0.027379,0.020495,-21.28,61.36,-78.36,-2.11,-130.76,-59.42,175.60,-115.63,122.09,-170.14,69.38,135.16,14.47,74.91,-44.53,0.0180,0.0032,0.0027,0.0079,0.0015,0.0038,0.0077,0.0050,0.0038,0.0042,0.0072,0.0089,0.0031,0.0016,0.0054
2026-08-05 09:30:09.458,5.700000,64,12,0.241834,0.0049,35.90,0,0,0,60.0000,0.232,1.09254,0,0,0,0,0,0.120612,0.014269,0.110755,0.023534,0.098116,0.031616,0.085939,0.036235,0.070046,0.036984,0.053738,0.034084,0.038027,0.027550,0.024119,-35.90,34.53,-122.63,-60.28,155.17,-146.75,71.90,126.99,-11.67,42.61,-94.65,-41.88,179.64,-133.18,88.09,0.0180,0.0032,0.0027,0.0079,0.0015,0.0038,0.0077,0.0050,0.0038,0.0042,0.0072,0.0089,0.0031,0.0016,0.0054
2026-08-05 09:30:09.458,5.716667,64,13,0.257052,-0.0000,-126.40,0,0,0,60.0000,0.232,1.09254,0,0,0,0,0,0.124874,0.015696,0.114986,0.028093,0.101982,0.038310,0.088922,0.045172,0.072761,0.046932,0.055461,0.044628,0.038957,0.038406,0.024851,126.40,-19.45,4.42,-140.50,-112.94,100.72,128.56,-18.64,9.80,-136.57,-107.93,104.65,131.15,-17.91,6.02,0.0180,0.0032,0.0027,0.0079,0.0015,0.0038,0.0077,0.0050,0.0038,0.0042,0.0072,0.0089,0.0031,0.0016,0.0054
2026-08-05 09:30:09.458,5.733333,64,14,0.268249,0.0042,-7.59,0,0,0,60.0000,0.232,1.09254,0,0,0,0,0,0.137263,0.018492,0.125390,0.028027,0.110264,0.036568,0.095151,0.040217,0.075732,0.039154,0.055243,0.035034,0.036842,0.026438,0.021509,7.59,136.51,9.05,123.29,14.37,121.96,19.00,122.46,23.88,123.97,29.24,124.97,31.25,121.94,30.15,0.0180,0.0032,0.0027,0.0079,0.0015,0.0038,0.0077,0.0050,0.0038,0.0042,0.0072,0.0089,0.0031,0.0016,0.0054
2026-08-05 09:30:09.458,5.750000,64,15,0.264110,0.0066,-72.82,0,0,0,60.0000,0.232,1.09254,0,0,0,0,0,0.135720,0.017090,0.123992,0.026716,0.109285,0.034945,0.094118,0.038348,0.074290,0.037269,0.053696,0.033437,0.035031,0.024542,0.019148,72.82,-97.70,-155.48,21.26,-19.56,151.10,115.70,-78.01,-108.61,53.77,27.53,-174.55,160.46,-46.37,-68.11,0.0180,0.0032,0.0027,0.0079,0.0015,0.0038,0.0077,0.0050,0.0038,0.0042,0.0072,0.0089,0.0031,0.0016,0.0054
2026-08-05 09:30:09.458,5.766667,64,16,0.321046,0.0101,-58.09,0,0,0,60.0000,0.232,1.09254,0,0,0,0,0,0.179021,0.047933,0.154653,0.027331,0.119465,0.000282,0.082339,0.027354,0.050214,0.047215,0.038379,0.056034,0.043518,0.049845,0.045025,58.09,-67.33,163.50,46.41,-89.55,138.50,11.48,91.59,100.34,-154.82,173.53,-39.01,-101.47,78.35,4.77,0.0180,0.0032,0.0027,0.0079,0.0015,0.0038,0.0077,0.0050,0.0038,0.0042,0.0072,0.0089,0.0031,0.0016,0.0054
2026-08-05 09:30:09.458,5.783333,64,17,0.352859,0.0091,-34.51,0,0,0,60.0000,0.232,1.09254,0,0,0,0,0,0.208094,0.068843,0.181520,0.047638,0.142126,0.022144,0.097434,0.022934,0.052520,0.042405,0.018053,0.053124,0.014113,0.050035,0.021480,34.51,-111.46,94.30,-38.81,156.76,53.42,-142.93,-155.72,-85.62,-67.75,-44.89,3.44,-81.85,68.15,-41.90,0.0180,0.0032,0.0027,0.0079,0.0015,0.0038,0.0077,0.0050,0.0038,0.0042,0.0072,0.0089,0.0031,0.0016,0.0054
2026-08-05 09:30:09.458,5.800000,64,18,0.286914,-0.0009,-134.47,0,0,0,60.0000,0.232,1.09254,0,0,0,0,0,0.151090,0.019468,0.135269,0.033948,0.115906,0.045322,0.094148,0.052601,0.070454,0.052944,0.049257,0.045378,0.029270,0.032242,0.015155,134.47,144.05,31.01,61.88,-67.82,-31.32,-167.71,-127.61,93.37,133.26,-6.17,33.47,-110.34,-70.88,132.84,0.0180,0.0032,0.0027,0.0079,0.0015,0.0038,0.0077,0.0050,0.0038,0.0042,0.0072,0.0089,0.0031,0.0016,0.0054
2026-08-05 09:30:09.458,5.816667,64,19,0.285130,-0.0025,-155.79,0,0,0,60.0000,0.232,1.09254,0,0,0,0,0,0.148502,0.028203,0.133305,0.042009,0.114741,0.051576,0.092870,0.055651,0.067775,0.052560,0.044509,0.042560,0.024111,0.028783,0.014497,155.79,170.00,95.08,131.96,38.30,82.75,-20.89,30.58,-80.64,-23.85,-143.55,-78.35,142.35,-137.33,46.06,0.0180,0.0032,0.0027,0.0079,0.0015,0.0038,0.0077,0.0050,0.0038,0.0042,0.0072,0.0089,0.0031,0.0016,0.0054
2026-08-05 09:30:09.458,5.833333,64,20,0.307080,0.0017,-98.69,0,0,0,60.0000,0.232,1.09254,0,0,0,0,0,0.161499,0.021266,0.145753,0.039357,0.126097,0.050914,0.102570,0.056262,0.075556,0.053790,0.050061,0.043830,0.025792,0.029117,0.008753,98.69,92.30,-76.19,-75.18,112.88,114.63,-59.63,-55.79,128.47,132.83,-44.23,-37.72,139.11,148.44,-53.69,0.0180,0.0032,0.0027,0.0079,0.0015,0.0038,0.0077,0.0050,0.0038,0.0042,0.0072,0.0089,0.0031,0.0016,0.0054
2026-08-05 09:30:09.458,5.850000,64,21,0.280501,-0.0034,-130.47,0,0,0,60.0000,0.232,1.09254,0,0,0,0,0,0.143607,0.021905,0.130059,0.036999,0.113482,0.047310,0.093967,0.053197,0.071453,0.052461,0.050028,0.045000,0.029187,0.033836,0.014157,130.47,133.73,18.41,38.22,-89.64,-65.65,160.70,-171.50,51.54,80.39,-58.71,-27.97,-172.92,-141.03,64.04,0.0180,0.0032,0.0027,0.0079,0.0015,0.0038,0.0077,0.0050,0.0038,0.0042,0.0072,0.0089,0.0031,0.0016,0.0054
2026-08-05 09:30:09.458,5.866667,64,22,0.280740,-0.0024,-158.10,0,0,0,60.0000,0.232,1.09254,0,0,0,0,0,0.144210,0.020016,0.130939,0.035613,0.113572,0.047287,0.094672,0.052941,0.071824,0.052218,0.049829,0.045338,0.029349,0.032769,0.012891,158.10,-155.87,100.68,157.89,47.77,106.83,-6.56,54.22,-60.97,1.93,-114.74,-50.95,-172.57,-106.14,121.38,0.0180,0.0032,0.0027,0.0079,0.0015,0.0038,0.0077,0.0050,0.0038,0.0042,0.0072,0.0089,0.0031,0.0016,0.0054
2026-08-05 09:30:09.458,5.883333,64,23,0.251946,0.0069,-146.78,0,0,0,60.0000,0.232,1.09254,0,0,0,0,0,0.128815,0.016395,0.116860,0.029558,0.102325,0.038924,0.086490,0.044466,0.067770,0.043846,0.048474,0.039082,0.030795,0.028683,0.015262,146.78,-178.41,65.99,111.20,-10.14,36.84,-87.62,-39.41,-165.05,-115.46,118.41,168.32,39.00,87.44,-46.53,0.0180,0.0032,0.0027,0.0079,0.0015,0.0038,0.0077,0.0050,0.0038,0.0042,0.0072,0.0089,0.0031,0.0016,0.0054
2026-08-05 09:30:09.458,5.900000,64,24,0.265310,0.0086,54.11,0,0,0,60.0000,0.232,1.09254,0,0,0,0,0,0.136914,0.019865,0.124651,0.032597,0.108021,0.042384,0.090588,0.046886,0.069138,0.045430,0.048456,0.038729,0.029375,0.026437,0.013679,-54.11,125.15,-175.93,19.60,66.53,-92.71,-52.20,151.39,-171.11,35.38,70.40,-80.64,-51.15,158.52,176.34,0.0180,0.0032,0.0027,0.0079,0.0015,0.0038,0.0077,0.0050,0.0038,0.0042,0.0072,0.0089,0.0031,0.0016,0.0054
2026-08-05 09:30:09.458,5.916667,64,25,0.285627,-0.0016,109.87,0,0,0,60.0000,0.232,1.09254,0,0,0,0,0,0.146552,0.031923,0.132336,0.046314,0.111986,0.057677,0.089173,0.062780,0.063132,0.059535,0.038551,0.049733,0.017758,0.033674,0.010294,-109.87,-0.77,16.94,147.54,148.05,-73.46,-82.46,61.46,45.91,-164.27,173.21,-31.07,-73.80,99.70,-11.97,0.0180,0.0032,0.0027,0.0079,0.0015,0.0038,0.0077,0.0050,0.0038,0.0042,0.0072,0.0089,0.0031,0.0016,0.0054
2026-08-05 09:30:09.458,5.933333,64,26,0.257455,0.0037,-47.79,0,0,0,60.0000,0.232,1.09254,0,0,0,0,0,0.131721,0.018924,0.119163,0.032389,0.103378,0.042922,0.087321,0.048059,0.067088,0.047200,0.046173,0.042465,0.027622,0.032061,0.012689,47.79,-28.84,129.29,67.16,-145.10,158.11,-60.39,-114.88,24.63,-28.75,109.98,56.59,-169.49,139.16,-96.66,0.0180,0.0032,0.0027,0.0079,0.0015,0.0038,0.0077,0.0050,0.0038,0.0042,0.0072,0.0089,0.0031,0.0016,0.0054
2026-08-05 09:30:09.458,5.950000,64,27,0.302066,0.0004,118.85,0,0,0,60.0000,0.232,1.09254,0,0,0,0,0,0.155305,0.036885,0.140050,0.050405,0.119036,0.060912,0.095851,0.064581,0.068125,0.060350,0.040901,0.050834,0.018207,0.034418,0.006256,-118.85,-27.03,-9.89,104.09,103.04,-133.20,-144.93,-15.73,-32.79,99.75,79.05,-145.56,179.89,-32.29,-138.96,0.0180,0.0032,0.0027,0.0079,0.0015,0.0038,0.0077,0.0050,0.0038,0.0042,0.0072,0.0089,0.0031,0.0016,0.0054
2026-08-05 09:30:09.458,5.966667,64,28,0.283497,0.0015,111.08,0,0,0,60.0000,0.232,1.09254,0,0,0,0,0,0.153595,0.016271,0.136779,0.019907,0.113782,0.029380,0.089240,0.039879,0.062732,0.047364,0.040652,0.050098,0.027470,0.043681,0.021601,-111.08,90.76,14.90,-178.03,143.85,-72.39,-89.75,44.31,33.95,168.78,152.39,-61.69,-100.64,70.78,8.19,0.0180,0.0032,0.0027,0.0079,0.0015,0.0038,0.0077,0.0050,0.0038,0.0042,0.0072,0.0089,0.0031,0.0016,0.0054
2026-08-05 09:30:09.458,5.983333,64,29,0.302013,-0.0069,-121.32,0,0,0,60.0000,0.232,1.09254,0,0,0,0,0,0.174015,0.030921,0.154794,0.018711,0.127394,0.006089,0.096366,0.018177,0.061867,0.032986,0.030605,0.042356,0.005540,0.042813,0.010307,121.32,-129.80,-6.40,97.55,-130.65,-89.54,104.10,60.72,-20.47,-74.12,-143.21,158.15,92.12,28.85,141.67,0.0180,0.0032,0.0027,0.0079,0.0015,0.0038,0.0077,0.0050,0.0038,0.0042,0.0072,0.0089,0.0031,0.0016,0.0054
2026-08-05 09:30:09.709,6.000000,65,0,0.242181,0.0100,59.20,0,0,0,60.0000,0.234,8.86846,0,0,0,0,0,0.122729,0.011750,0.110484,0.023648,0.097117,0.032652,0.083152,0.039588,0.066555,0.042303,0.051125,0.039399,0.035378,0.033128,0.022632,-59.20,-30.08,169.02,-157.93,42.45,73.86,-85.38,-54.20,148.27,176.28,22.63,46.79,-105.04,-87.25,125.73,0.0017,0.0027,0.0003,0.0045,0.0068,0.0070,0.0030,0.0036,0.0041,0.0045,0.0011,0.0036,0.0018,0.0021,0.0037
2026-08-05 09:30:09.709,6.016667,65,1,0.264363,0.0104,-79.67,0,0,0,60.0000,0.234,8.86846,0,0,0,0,0,0.133620,0.015718,0.121256,0.030077,0.107642,0.039730,0.092150,0.045441,0.073215,0.045938,0.054366,0.040820,0.035144,0.032132,0.020044,79.67,-109.60,-133.89,35.68,17.06,-176.44,166.35,-26.88,-43.42,122.55,107.19,-86.54,-103.27,61.51,47.09,0.0017,0.0027,0.0003,0.0045,0.0068,0.0070,0.0030,0.0036,0.0041,0.0045,0.0011,0.0036,0.0018,0.0021,0.0037
2026-08-05 09:30:09.709,6.033333,65,2,0.273964,-0.0062,164.56,0,0,0,60.0000,0.234,8.86846,0,0,0,0,0,0.140286,0.019368,0.127602,0.033864,0.112391,0.043046,0.093937,0.048246,0.072404,0.047742,0.052027,0.040511,0.031849,0.029160,0.016493,-164.56,87.30,-146.01,120.79,-123.56,147.20,-102.94,172.66,-81.32,-163.87,-60.23,-139.36,-42.53,-117.39,-30.36,0.0017,0.0027,0.0003,0.0045,0.0068,0.0070,0.0030,0.0036,0.0041,0.0045,0.0011,0.0036,0.0018,0.0021,0.0037
2026-08-05 09:30:09.709,6.050000,65,3,0.315008,-0.0054,-171.77,0,0,0,60.0000,0.234,8.86846,0,0,0,0,0,0.164686,0.023034,0.149794,0.040793,0.129922,0.052119,0.105499,0.057895,0.078312,0.055224,0.052315,0.045122,0.027511,0.030218,0.009560,171.77,48.16,143.81,30.80,119.43,9.30,94.10,-13.34,70.05,-37.19,46.19,-58.78,23.22,-81.06,5.38,0.0017,0.0027,0.0003,0.0045,0.0068,0.0070,0.0030,0.0036,0.0041,0.0045,0.0011,0.0036,0.0018,0.0021,0.0037
2026-08-05 09:30:09.709,6.066667,65,4,0.333476,0.0027,-85.66,0,0,0,60.0000,0.234,8.86846,0,0,0,0,0,0.172730,0.037892,0.158041,0.051652,0.134394,0.063061,0.108334,0.066718,0.077533,0.062110,0.049101,0.050337,0.023618,0.031988,0.004264,85.66,-154.15,-114.80,25.69,48.48,-162.12,-148.85,5.10,13.84,172.32,178.34,-20.99,-19.94,147.62,142.62,0.0017,0.0027,0.0003,0.0045,0.0068,0.0070,0.0030,0.0036,0.0041,0.0045,0.0011,0.0036,0.0018,0.0021,0.0037
2026-08-05 09:30:09.709,6.083333,65,5,0.317128,0.0068,40.88,0,0,0,60.0000,0.234,8.86846,0,0,0,0,0,0.166875,0.022641,0.152103,0.032608,0.133728,0.039552,0.112210,0.042205,0.087475,0.038453,0.062305,0.030618,0.039606,0.016602,0.019714,-40.88,46.11,-134.93,-63.82,135.03,-162.88,44.40,100.26,-45.80,6.44,-134.05,-87.53,137.85,172.32,54.83,0.0017,0.0027,0.0003,0.0045,0.0068,0.0070,0.0030,0.0036,0.0041,0.0045,0.0011,0.0036,0.0018,0.0021,0.0037
2026-08-05 09:30:09.709,6.100000,65,6,0.265751,0.0067,-97.15,0,0,0,60.0000,0.234,8.86846,0,0,0,0,0,0.137006,0.016663,0.125052,0.029592,0.109029,0.039519,0.092313,0.044261,0.071501,0.043565,0.051078,0.037630,0.031854,0.026342,0.015371,97.15,-75.65,-82.02,103.87,103.04,-72.49,-72.78,110.41,111.49,-65.41,-63.07,119.16,120.94,-61.91,-59.57,0.0017,0.0027,0.0003,0.0045,0.0068,0.0070,0.0030,0.0036,0.0041,0.0045,0.0011,0.0036,0.0018,0.0021,0.0037
2026-08-05 09:30:09.709,6.116667,65,7,0.288020,0.0014,7.44,0,0,0,60.0000,0.234,8.86846,0,0,0,0,0,0.148139,0.018879,0.135669,0.031934,0.118725,0.042054,0.100518,0.046994,0.078509,0.045764,0.056653,0.039290,0.035854,0.027281,0.018529,-7.44,90.22,-35.08,55.22,-58.70,27.47,-83.18,0.94,-107.44,-23.29,-130.11,-47.39,-154.40,-73.40,-179.97,0.0017,0.0027,0.0003,0.0045,0.0068,0.0070,0.0030,0.0036,0.0041,0.0045,0.0011,0.0036,0.0018,0.0021,0.0037
2026-08-05 09:30:09.709,6.133333,65,8,0.257792,0.0019,62.92,0,0,0,60.0000,0.234,8.86846,0,0,0,0,0,0.131603,0.017055,0.120003,0.026962,0.105610,0.035783,0.091348,0.039777,0.072921,0.038812,0.053627,0.034642,0.035929,0.025464,0.021000,-62.92,-9.37,157.36,-161.61,21.63,57.34,-114.87,-81.56,108.97,140.79,-26.59,3.42,-165.72,-135.90,52.98,0.0017,0.0027,0.0003,0.0045,0.0068,0.0070,0.0030,0.0036,0.0041,0.0045,0.0011,0.0036,0.0018,0.0021,0.0037
2026-08-05 09:30:09.709,6.150000,65,9,0.255203,0.0011,-140.23,0,0,0,60.0000,0.234,8.86846,0,0,0,0,0,0.130239,0.016807,0.118196,0.030805,0.102963,0.041478,0.087471,0.046439,0.067426,0.045832,0.046965,0.041388,0.029239,0.031428,0.015187,140.23,3.73,46.26,-87.99,-43.41,-177.13,-133.89,92.07,135.92,1.29,45.73,-89.62,-49.16,176.90,-148.63,0.0017,0.0027,0.0003,0.0045,0.0068,0.0070,0.0030,0.0036,0.0041,0.0045,0.0011,0.0036,0.0018,0.0021,0.0037
2026-08-05 09:30:09.709,6.166667,65,10,0.268825,0.0069,-4.79,0,0,0,60.0000,0.234,8.86846,0,0,0,0,0,0.145676,0.011578,0.127810,0.013416,0.103145,0.026299,0.077774,0.040728,0.052912,0.050910,0.036722,0.054473,0.032619,0.047627,0.030903,4.79,146.17,1.33,86.65,0.31,59.58,-4.89,51.36,-16.40,50.71,-37.32,54.14,-62.86,59.34,-74.14,0.0017,0.0027,0.0003,0.0045,0.0068,0.0070,0.0030,0.0036,0.0041,0.0045,0.0011,0.0036,0.0018,0.0021,0.0037
2026-08-05 09:30:09.709,6.183333,65,11,0.319839,0.0097,49.40,0,0,0,60.0000,0.234,8.86846,0,0,0,0,0,0.186665,0.053032,0.164456,0.035817,0.132052,0.012590,0.095133,0.013133,0.055707,0.033530,0.021664,0.045827,0.006090,0.046611,0.018853,-49.40,75.64,-157.89,-27.18,96.72,-125.39,-10.10,-73.44,-117.22,-171.90,132.82,85.30,-101.66,-20.94,121.11,0.0017,0.0027,0.0003,0.0045,0.0068,0.0070,0.0030,0.0036,0.0041,0.0045,0.0011,0.0036,0.0018,0.0021,0.0037
2026-08-05 09:30:09.709,6.200000,65,12,0.264961,-0.0045,157.09,0,0,0,60.0000,0.234,8.86846,0,0,0,0,0,0.137722,0.018144,0.123297,0.030843,0.106075,0.041181,0.087219,0.048432,0.066405,0.049894,0.047735,0.044302,0.029586,0.033816,0.016155,-157.09,-84.45,-123.95,-27.92,-85.92,16.28,-49.01,57.16,-10.57,94.76,28.14,131.32,63.89,162.96,93.30,0.0017,0.0027,0.0003,0.0045,0.0068,0.0070,0.0030,0.0036,0.0041,0.0045,0.0011,0.0036,0.0018,0.0021,0.0037
2026-08-05 09:30:09.709,6.216667,65,13,0.276331,-0.0024,-175.43,0,0,0,60.0000,0.234,8.86846,0,0,0,0,0,0.141619,0.019804,0.127773,0.036608,0.111292,0.047752,0.092217,0.053652,0.069714,0.052852,0.048116,0.045285,0.027313,0.033940,0.012953,175.43,-122.82,153.48,-133.01,135.75,-149.03,116.06,-165.77,96.57,176.46,76.00,158.91,50.64,137.46,12.58,0.0017,0.0027,0.0003,0.0045,0.0068,0.0070,0.0030,0.0036,0.0041,0.0045,0.0011,0.0036,0.0018,0.0021,0.0037
2026-08-05 09:30:09.709,6.233333,65,14,0.304205,0.0062,-44.62,0,0,0,60.0000,0.234,8.86846,0,0,0,0,0,0.159118,0.023032,0.143928,0.040931,0.124519,0.052181,0.101097,0.057540,0.074310,0.055202,0.049136,0.045104,0.025093,0.030293,0.007669,44.62,-29.72,121.95,60.78,-156.87,144.84,-77.18,-132.06,3.50,-50.27,84.08,32.41,162.43,113.02,-127.82,0.0017,0.0027,0.0003,0.0045,0.0068,0.0070,0.0030,0.0036,0.0041,0.0045,0.0011,0.0036,0.0018,0.0021,0.0037
2026-08-05 09:30:09.709,6.250000,65,15,0.310770,-0.0081,57.14,0,0,0,60.0000,0.234,8.86846,0,0,0,0,0,0.162118,0.027138,0.147026,0.043212,0.127057,0.053708,0.102616,0.058896,0.075514,0.055666,0.049957,0.045047,0.025976,0.029850,0.010574,-57.14,112.91,176.78,5.68,54.25,-110.34,-69.78,131.21,166.52,10.76,41.19,-108.47,-89.79,130.49,118.18,0.0017,0.0027,0.0003,0.0045,0.0068,0.0070,0.0030,0.0036,0.0041,0.0045,0.0011,0.0036,0.0018,0.0021,0.0037
2026-08-05 09:30:09.709,6.266667,65,16,0.333831,0.0024,-92.61,0,0,0,60.0000,0.234,8.86846,0,0,0,0,0,0.173962,0.035627,0.157706,0.053300,0.132770,0.066795,0.104749,0.071382,0.072342,0.066702,0.042642,0.053650,0.016452,0.033884,0.002739,92.61,48.32,-94.21,-118.93,82.97,65.16,-100.73,-114.71,75.68,65.53,-106.41,-114.50,68.09,67.52,80.92,0.0017,0.0027,0.0003,0.0045,0.0068,0.0070,0.0030,0.0036,0.0041,0.0045,0.0011,0.0036,0.0018,0.0021,0.0037
2026-08-05 09:30:09.709,6.283333,65,17,0.324106,0.0042,73.26,0,0,0,60.0000,0.234,8.86846,0,0,0,0,0,0.168626,0.029388,0.153456,0.045126,0.131984,0.057061,0.107220,0.062237,0.078777,0.058956,0.051288,0.049406,0.027017,0.032757,0.007389,-73.26,78.64,127.98,-60.64,-26.74,151.43,177.57,-0.08,22.04,-151.54,-132.54,57.35,70.47,-92.23,-94.82,0.0017,0.0027,0.0003,0.0045,0.0068,0.0070,0.0030,0.0036,0.0041,0.0045,0.0011,0.0036,0.0018,0.0021,0.0037
2026-08-05 09:30:09.709,6.300000,65,18,0.274607,-0.0007,162.06,0,0,0,60.0000,0.234,8.86846,0,0,0,0,0,0.141563,0.019004,0.128770,0.033110,0.111970,0.043742,0.093905,0.048821,0.071872,0.047956,0.050423,0.041554,0.030490,0.029059,0.013762,-162.06,-80.62,-139.32,-45.67,-112.59,-14.84,-86.80,13.12,-61.27,41.56,-35.24,70.30,-11.94,96.22,0.87,0.0017,0.0027,0.0003,0.0045,0.0068,0.0070,0.0030,0.0036,0.0041,0.0045,0.0011,0.0036,0.0018,0.0021,0.0037
2026-08-05 09:30:09.709,6.316667,65,19,0.269442,0.0008,171.54,0,0,0,60.0000,0.234,8.86846,0,0,0,0,0,0.139504,0.017101,0.127017,0.029606,0.110706,0.039435,0.093584,0.044233,0.072741,0.043151,0.051603,0.037523,0.031770,0.026890,0.014853,-171.54,-63.76,-167.56,-65.65,-159.56,-61.18,-152.46,-56.18,-145.11,-49.96,-136.25,-44.07,-129.20,-42.56,-124.17,0.0017,0.0027,0.0003,0.0045,0.0068,0.0070,0.0030,0.0036,0.0041,0.0045,0.0011,0.0036,0.0018,0.0021,0.0037
2026-08-05 09:30:09.709,6.333333,65,20,0.257691,0.0044,67.24,0,0,0,60.0000,0.234,8.86846,0,0,0,0,0,0.130647,0.019687,0.118388,0.033387,0.102961,0.043978,0.087108,0.049283,0.067297,0.048609,0.046944,0.043847,0.028765,0.033413,0.014375,-67.24,98.47,144.03,-34.52,-0.50,-173.29,-145.98,43.91,68.84,-99.98,-75.86,115.51,134.85,-31.68,-20.29,0.0017,0.0027,0.0003,0.0045,0.0068,0.0070,0.0030,0.0036,0.0041,0.0045,0.0011,0.0036,0.0018,0.0021,0.0037
2026-08-05 09:30:09.709,6.350000,65,21,0.369587,0.0057,125.59,0,0,0,60.0000,0.234,8.86846,0,0,0,0,0,0.195483,0.026178,0.178275,0.043855,0.153994,0.056516,0.126370,0.060221,0.093762,0.055390,0.061960,0.044776,0.034119,0.028567,0.013382,-125.59,38.26,-27.69,127.37,73.65,-134.63,174.55,-34.59,-83.58,67.62,19.70,172.12,122.70,-75.01,-128.32,0.0017,0.0027,0.0003,0.0045,0.0068,0.0070,0.0030,0.0036,0.0041,0.0045,0.0011,0.0036,0.0018,0.0021,0.0037
2026-08-05 09:30:09.709,6.366667,65,22,0.284256,0.0043,-115.54,0,0,0,60.0000,0.234,8.86846,0,0,0,0,0,0.154322,0.011402,0.136783,0.022862,0.112517,0.035469,0.086910,0.046157,0.059938,0.052051,0.038726,0.052046,0.028647,0.042386,0.024856,115.54,133.49,-26.03,-23.85,-164.68,-169.82,53.64,47.02,-91.84,-92.86,115.42,130.45,-48.29,-4.91,155.22,0.0017,0.0027,0.0003,0.0045,0.0068,0.0070,0.0030,0.0036,0.0041,0.0045,0.0011,0.0036,0.0018,0.0021,0.0037
2026-08-05 09:30:09.709,6.383333,65,23,0.311510,-0.0031,130.23,0,0,0,60.0000,0.234,8.86846,0,0,0,0,0,0.179878,0.039912,0.160074,0.026880,0.131785,0.010338,0.099625,0.011523,0.064212,0.026983,0.032181,0.037131,0.006639,0.038656,0.009433,-130.23,88.91,-40.74,176.86,52.06,-111.73,143.93,-146.86,-123.45,-72.05,-28.71,15.92,68.14,101.25,-37.51,0.0017,0.0027,0.0003,0.0045,0.0068,0.0070,0.0030,0.0036,0.0041,0.0045,0.0011,0.0036,0.0018,0.0021,0.0037
2026-08-05 09:30:09.709,6.400000,65,24,0.272782,-0.0018,153.02,0,0,0,60.0000,0.234,8.86846,0,0,0,0,0,0.140620,0.014435,0.126348,0.028770,0.109336,0.039762,0.090815,0.047941,0.070241,0.050400,0.051764,0.046056,0.034179,0.036842,0.020961,-153.02,146.47,-111.62,-168.17,-65.35,-122.74,-20.12,-77.42,26.46,-33.95,73.64,9.11,117.83,47.14,156.97,0.0017,0.0027,0.0003,0.0045,0.0068,0.0070,0.0030,0.0036,0.0041,0.0045,0.0011,0.0036,0.0018,0.0021,0.0037
2026-08-05 09:30:09.709,6.416667,65,25,0.247104,0.0098,58.53,0,0,0,60.0000,0.234,8.86846,0,0,0,0,0,0.125572,0.015164,0.113453,0.029199,0.099998,0.038564,0.084944,0.044115,0.066598,0.044532,0.048468,0.039367,0.030041,0.031199,0.015940,-58.53,-32.13,170.74,-160.93,44.68,70.88,-83.30,-56.24,149.42,176.12,21.92,49.31,-108.69,-81.72,117.97,0.0017,0.0027,0.0003,0.0045,0.0068,0.0070,0.0030,0.0036,0.0041,0.0045,0.0011,0.0036,0.0018,0.0021,0.0037
2026-08-05 09:30:09.709,6.433333,65,26,0.282419,0.0030,129.34,0,0,0,60.0000,0.234,8.86846,0,0,0,0,0,0.145936,0.018075,0.132556,0.033937,0.116310,0.044063,0.096746,0.049623,0.073884,0.048882,0.052011,0.041317,0.030377,0.029590,0.013616,-129.34,179.57,-40.43,-87.20,52.56,5.41,144.13,98.49,-123.11,-169.51,-29.85,-76.32,62.38,14.12,155.88,0.0017,0.0027,0.0003,0.0045,0.0068,0.0070,0.0030,0.0036,0.0041,0.0045,0.0011,0.0036,0.0018,0.0021,0.0037
2026-08-05 09:30:09.709,6.450000,65,27,0.279232,0.0049,-149.23,0,0,0,60.0000,0.234,8.86846,0,0,0,0,0,0.145606,0.018338,0.132131,0.033972,0.115184,0.043876,0.094700,0.049200,0.071570,0.047625,0.049467,0.039309,0.027464,0.027052,0.011268,149.23,17.46,75.04,-52.38,4.82,-122.50,-66.81,167.37,-137.42,96.08,151.61,26.31,78.38,-47.20,2.19,0.0017,0.0027,0.0003,0.0045,0.0068,0.0070,0.0030,0.0036,0.0041,0.0045,0.0011,0.0036,0.0018,0.0021,0.0037
2026-08-05 09:30:09.709,6.466667,65,28,0.283186,0.0127,22.00,0,0,0,60.0000,0.234,8.86846,0,0,0,0,0,0.146688,0.019358,0.133698,0.034693,0.115585,0.046318,0.096059,0.051634,0.072350,0.050545,0.049482,0.043371,0.028033,0.030306,0.010328,-22.00,37.60,-79.39,-16.06,-132.31,-69.86,173.71,-124.19,120.04,-177.42,68.26,129.05,14.24,73.85,-36.78,0.0017,0.0027,0.0003,0.0045,0.0068,0.0070,0.0030,0.0036,0.0041,0.0045,0.0011,0.0036,0.0018,0.0021,0.0037
2026-08-05 09:30:09.709,6.483333,65,29,0.278635,-0.0014,169.10,0,0,0,60.0000,0.234,8.86846,0,0,0,0,0,0.144344,0.017489,0.131710,0.031352,0.114830,0.041476,0.096269,0.046582,0.074265,0.045225,0.051918,0.039072,0.031948,0.026716,0.014577,-169.10,109.68,-160.78,118.69,-148.19,129.97,-136.79,140.87,-125.46,152.66,-113.58,164.04,-105.13,170.68,-104.76,0.0017,0.0027,0.0003,0.0045,0.0068,0.0070,0.0030,0.0036,0.0041,0.0045,0.0011,0.0036,0.0018,0.0021,0.0037
2026-08-05 09:30:09.970,6.500000,66,0,0.316971,0.0048,172.10,0,0,0,60.0000,0.231,3.27852,0,0,0,0,0,0.166442,0.021990,0.151711,0.039280,0.130460,0.051820,0.106901,0.056503,0.078990,0.053475,0.052464,0.043671,0.028875,0.027001,0.010321,-172.10,101.84,-168.49,107.43,-161.11,114.92,-154.70,122.02,-148.27,130.39,-141.57,140.12,-137.48,149.73,-146.77,0.0046,0.0032,0.0063,0.0046,0.0053,0.0029,0.0023,0.0052,0.0028,0.0021,0.0044,0.0040,0.0012,0.0035,0.0052
2026-08-05 09:30:09.970,6.516667,66,1,0.277785,0.0004,87.45,0,0,0,60.0000,0.231,3.27852,0,0,0,0,0,0.144030,0.020094,0.131888,0.028520,0.115773,0.035835,0.098778,0.038861,0.078023,0.036965,0.056913,0.030898,0.036779,0.020063,0.019479,-87.45,-48.25,84.69,109.15,-99.15,-83.11,76.13,87.17,-108.36,-99.60,68.46,73.80,-116.58,-117.65,56.44,0.0046,0.0032,0.0063,0.0046,0.0053,0.0029,0.0023,0.0052,0.0028,0.0021,0.0044,0.0040,0.0012,0.0035,0.0052
2026-08-05 09:30:09.970,6.533333,66,2,0.279750,0.0114,-4.06,0,0,0,60.0000,0.231,3.27852,0,0,0,0,0,0.145339,0.020417,0.132534,0.029278,0.116192,0.037333,0.099420,0.040362,0.078144,0.038348,0.055992,0.032882,0.035712,0.022409,0.018636,4.06,134.43,-0.87,113.38,-1.90,104.06,-3.57,97.42,-4.51,92.30,-4.13,87.36,-5.51,79.28,-5.48,0.0046,0.0032,0.0063,0.0046,0.0053,0.0029,0.0023,0.0052,0.0028,0.0021,0.0044,0.0040,0.0012,0.0035,0.0052
2026-08-05 09:30:09.970,6.550000,66,3,0.256608,0.0020,110.41,0,0,0,60.0000,0.231,3.27852,0,0,0,0,0,0.130840,0.014964,0.119275,0.027502,0.105058,0.037101,0.090442,0.041713,0.071520,0.041298,0.051845,0.037659,0.033933,0.028654,0.019031,-110.41,-137.52,14.41,-11.08,143.60,118.44,-87.84,-113.78,41.32,14.08,171.45,141.94,-61.34,-91.73,66.05,0.0046,0.0032,0.0063,0.0046,0.0053,0.0029,0.0023,0.0052,0.0028,0.0021,0.0044,0.0040,0.0012,0.0035,0.0052
2026-08-05 09:30:09.970,6.566667,66,4,0.253375,0.0038,87.48,0,0,0,60.0000,0.231,3.27852,0,0,0,0,0,0.134462,0.016044,0.120104,0.020231,0.101025,0.028336,0.081803,0.036142,0.060470,0.041228,0.042357,0.042466,0.031520,0.035925,0.024813,-87.48,-42.76,83.77,100.17,-101.74,-103.83,70.22,59.63,-120.48,-130.38,44.73,44.43,-157.15,-139.47,3.65,0.0046,0.0032,0.0063,0.0046,0.0053,0.0029,0.0023,0.0052,0.0028,0.0021,0.0044,0.0040,0.0012,0.0035,0.0052
2026-08-05 09:30:09.970,6.583333,66,5,0.327590,0.0014,-138.75,0,0,0,60.0000,0.231,3.27852,0,0,0,0,0,0.184813,0.053612,0.165135,0.038420,0.136653,0.018039,0.104226,0.010104,0.067917,0.029324,0.034845,0.043752,0.008045,0.049157,0.009608,138.75,92.96,46.39,8.13,-42.83,-69.06,-132.99,-44.49,137.23,-103.36,48.12,173.77,-52.50,84.96,60.49,0.0046,0.0032,0.0063,0.0046,0.0053,0.0029,0.0023,0.0052,0.0028,0.0021,0.0044,0.0040,0.0012,0.0035,0.0052
2026-08-05 09:30:09.970,6.600000,66,6,0.315309,0.0145,80.75,0,0,0,60.0000,0.231,3.27852,0,0,0,0,0,0.164944,0.019231,0.148128,0.034762,0.126926,0.047541,0.103419,0.056539,0.078349,0.058619,0.056352,0.052313,0.036349,0.039806,0.021601,-80.75,77.18,106.24,-74.46,-62.35,122.88,128.45,-43.37,-39.18,147.27,153.58,-23.52,-15.93,160.64,168.76,0.0046,0.0032,0.0063,0.0046,0.0053,0.0029,0.0023,0.0052,0.0028,0.0021,0.0044,0.0040,0.0012,0.0035,0.0052
2026-08-05 09:30:09.970,6.616667,66,7,0.286182,-0.0006,174.12,0,0,0,60.0000,0.231,3.27852,0,0,0,0,0,0.148437,0.023047,0.133598,0.039894,0.115406,0.050980,0.094193,0.056229,0.069549,0.054232,0.046400,0.045082,0.024882,0.032336,0.010645,-174.12,-114.10,-174.73,-97.95,-171.27,-91.23,-169.80,-86.21,-168.19,-83.02,-167.74,-80.40,-173.40,-83.46,164.89,0.0046,0.0032,0.0063,0.0046,0.0053,0.0029,0.0023,0.0052,0.0028,0.0021,0.0044,0.0040,0.0012,0.0035,0.0052
2026-08-05 09:30:09.970,6.633333,66,8,0.297383,0.0020,-103.89,0,0,0,60.0000,0.231,3.27852,0,0,0,0,0,0.153039,0.030293,0.137689,0.047318,0.118205,0.058582,0.094198,0.064061,0.067082,0.061776,0.041935,0.051236,0.018546,0.035651,0.005418,103.89,70.74,-60.24,-73.65,139.37,132.23,-22.82,-24.15,175.88,177.38,13.22,19.05,-156.81,-141.12,-23.63,0.0046,0.0032,0.0063,0.0046,0.0053,0.0029,0.0023,0.0052,0.0028,0.0021,0.0044,0.0040,0.0012,0.0035,0.0052
2026-08-05 09:30:09.970,6.650000,66,9,0.280752,-0.0023,-143.14,0,0,0,60.0000,0.231,3.27852,0,0,0,0,0,0.145314,0.019122,0.131997,0.033507,0.115841,0.042878,0.096562,0.048120,0.074279,0.047089,0.052878,0.039566,0.031354,0.028199,0.015198,143.14,165.00,56.60,92.79,-25.83,13.83,-109.77,-66.39,167.15,-148.34,83.64,130.91,-2.28,47.48,-92.02,0.0046,0.0032,0.0063,0.0046,0.0053,0.0029,0.0023,0.0052,0.0028,0.0021,0.0044,0.0040,0.0012,0.0035,0.0052
2026-08-05 09:30:09.970,6.666667,66,10,0.257898,0.0091,-9.46,0,0,0,60.0000,0.231,3.27852,0,0,0,0,0,0.132513,0.015437,0.120592,0.027839,0.105700,0.037028,0.090112,0.041689,0.070669,0.041462,0.051617,0.036028,0.033177,0.026340,0.017298,9.46,-69.62,13.91,-65.77,23.29,-59.32,31.20,-52.65,39.33,-44.83,48.79,-37.83,55.36,-34.90,60.29,0.0046,0.0032,0.0063,0.0046,0.0053,0.0029,0.0023,0.0052,0.0028,0.0021,0.0044,0.0040,0.0012,0.0035,0.0052
2026-08-05 09:30:09.970,6.683333,66,11,0.271570,0.0093,59.05,0,0,0,60.0000,0.231,3.27852,0,0,0,0,0,0.140777,0.018812,0.127781,0.033674,0.110681,0.044178,0.091744,0.049596,0.069694,0.047846,0.047535,0.041129,0.027788,0.028010,0.011464,-59.05,131.76,169.19,9.67,41.87,-115.73,-86.80,116.86,144.36,-9.90,15.95,-137.15,-116.42,91.72,98.45,0.0046,0.0032,0.0063,0.0046,0.0053,0.0029,0.0023,0.0052,0.0028,0.0021,0.0044,0.0040,0.0012,0.0035,0.0052
2026-08-05 09:30:09.970,6.700000,66,12,0.304004,-0.0012,117.58,0,0,0,60.0000,0.231,3.27852,0,0,0,0,0,0.158741,0.022820,0.144427,0.039456,0.124055,0.051739,0.101510,0.056901,0.074716,0.054563,0.049032,0.045591,0.025591,0.029964,0.006252,-117.58,8.21,-5.15,132.30,111.21,-108.32,-133.22,8.54,-17.35,125.51,99.81,-117.16,-143.27,-2.83,-26.93,0.0046,0.0032,0.0063,0.0046,0.0053,0.0029,0.0023,0.0052,0.0028,0.0021,0.0044,0.0040,0.0012,0.0035,0.0052
2026-08-05 09:30:09.970,6.716667,66,13,0.274911,0.0079,56.87,0,0,0,60.0000,0.231,3.27852,0,0,0,0,0,0.141827,0.020616,0.128932,0.035149,0.111540,0.046065,0.092410,0.051570,0.069826,0.050123,0.047449,0.042981,0.026851,0.030501,0.010743,-56.87,126.54,176.07,12.73,53.25,-106.61,-70.72,131.27,165.06,9.44,41.86,-113.56,-85.54,119.60,133.65,0.0046,0.0032,0.0063,0.0046,0.0053,0.0029,0.0023,0.0052,0.0028,0.0021,0.0044,0.0040,0.0012,0.0035,0.0052
2026-08-05 09:30:09.970,6.733333,66,14,0.269005,0.0023,-113.12,0,0,0,60.0000,0.231,3.27852,0,0,0,0,0,0.139457,0.016803,0.126672,0.030531,0.110261,0.040930,0.093133,0.045453,0.071884,0.043930,0.049943,0.038285,0.030130,0.026782,0.013826,113.12,121.36,-34.02,-20.28,-177.12,-161.65,38.98,55.18,-104.16,-88.08,113.86,128.73,-30.71,-15.73,-175.63,0.0046,0.0032,0.0063,0.0046,0.0053,0.0029,0.0023,0.0052,0.0028,0.0021,0.0044,0.0040,0.0012,0.0035,0.0052
2026-08-05 09:30:09.970,6.750000,66,15,0.263237,-0.0046,-116.36,0,0,0,60.0000,0.231,3.27852,0,0,0,0,0,0.135170,0.014426,0.123503,0.025562,0.108942,0.034271,0.093982,0.038170,0.074477,0.037605,0.054008,0.034098,0.035632,0.025426,0.019824,116.36,147.46,-24.49,1.95,-161.19,-137.01,61.53,82.83,-75.19,-56.94,148.93,163.08,10.65,19.36,-127.43,0.0046,0.0032,0.0063,0.0046,0.0053,0.0029,0.0023,0.0052,0.0028,0.0021,0.0044,0.0040,0.0012,0.0035,0.0052
2026-08-05 09:30:09.970,6.766667,66,16,0.255417,0.0091,92.20,0,0,0,60.0000,0.231,3.27852,0,0,0,0,0,0.135281,0.011526,0.120978,0.021515,0.102200,0.031972,0.083020,0.040407,0.061199,0.044985,0.041801,0.045200,0.028256,0.037463,0.019083,-92.20,86.46,69.75,-126.28,-124.79,32.14,38.56,-167.62,-159.66,-4.32,-0.30,162.07,151.80,-30.59,-55.77,0.0046,0.0032,0.0063,0.0046,0.0053,0.0029,0.0023,0.0052,0.0028,0.0021,0.0044,0.0040,0.0012,0.0035,0.0052
2026-08-05 09:30:09.970,6.783333,66,17,0.350677,0.0012,-31.51,0,0,0,60.0000,0.231,3.27852,0,0,0,0,0,0.208070,0.058224,0.181394,0.038653,0.141952,0.018437,0.096725,0.028765,0.050403,0.047748,0.012838,0.056885,0.012838,0.051882,0.023186,31.51,63.12,85.83,132.77,143.20,-125.58,-160.59,5.30,-103.88,79.89,-45.65,143.77,-166.50,-157.71,-111.38,0.0046,0.0032,0.0063,0.0046,0.0053,0.0029,0.0023,0.0052,0.0028,0.0021,0.0044,0.0040,0.0012,0.0035,0.0052
2026-08-05 09:30:09.970,6.800000,66,18,0.368846,-0.0053,-64.17,0,0,0,60.0000,0.231,3.27852,0,0,0,0,0,0.201181,0.020241,0.179951,0.039593,0.151522,0.053441,0.118784,0.060968,0.085309,0.058311,0.056637,0.045193,0.031526,0.023955,0.013454,64.17,-144.81,-177.78,-19.77,-55.33,103.49,67.35,-134.30,-167.16,-13.22,-39.34,109.44,91.70,-126.18,-129.98,0.0046,0.0032,0.0063,0.0046,0.0053,0.0029,0.0023,0.0052,0.0028,0.0021,0.0044,0.0040,0.0012,0.0035,0.0052
2026-08-05 09:30:09.970,6.816667,66,19,0.392948,0.0034,-3.97,0,0,0,60.0000,0.231,3.27852,0,0,0,0,0,0.211823,0.025370,0.191947,0.044957,0.165339,0.056526,0.132257,0.059888,0.095338,0.053392,0.060662,0.039282,0.030325,0.020464,0.015406,3.97,110.72,1.64,101.03,3.05,97.90,3.98,97.15,6.95,97.92,12.91,103.62,29.30,117.95,78.33,0.0046,0.0032,0.0063,0.0046,0.0053,0.0029,0.0023,0.0052,0.0028,0.0021,0.0044,0.0040,0.0012,0.0035,0.0052
2026-08-05 09:30:09.970,6.833333,66,20,0.396781,0.0013,-96.99,0,0,0,60.0000,0.231,3.27852,0,0,0,0,0,0.212083,0.025359,0.192782,0.046369,0.166594,0.058703,0.133682,0.062871,0.097334,0.057113,0.063614,0.043365,0.033889,0.025507,0.015846,96.99,-76.91,-79.19,106.23,108.12,-67.70,-65.08,119.82,123.76,-51.63,-45.14,141.91,152.95,-14.53,12.80,0.0046,0.0032,0.0063,0.0046,0.0053,0.0029,0.0023,0.0052,0.0028,0.0021,0.0044,0.0040,0.0012,0.0035,0.0052
2026-08-05 09:30:09.970,6.850000,66,21,0.381045,0.0150,-2.50,0,0,0,60.0000,0.231,3.27852,0,0,0,0,0,0.203118,0.024160,0.184943,0.043364,0.160208,0.055114,0.129446,0.059734,0.095172,0.055058,0.062557,0.042853,0.032276,0.026229,0.012264,2.50,103.24,-3.13,92.90,-5.22,88.45,-7.92,85.83,-8.93,84.39,-8.50,87.75,-3.06,98.41,24.88,0.0046,0.0032,0.0063,0.0046,0.0053,0.0029,0.0023,0.0052,0.0028,0.0021,0.0044,0.0040,0.0012,0.0035,0.0052
2026-08-05 09:30:09.970,6.866667,66,22,0.354400,0.0119,114.81,0,0,0,60.0000,0.231,3.27852,0,0,0,0,0,0.189225,0.023183,0.172459,0.041370,0.147923,0.054048,0.119890,0.057925,0.087025,0.053775,0.056342,0.042045,0.028450,0.024566,0.008976,-114.81,-145.94,4.00,-24.01,126.83,98.16,-111.07,-139.58,12.01,-15.36,137.66,110.67,-94.27,-116.51,62.61,0.0046,0.0032,0.0063,0.0046,0.0053,0.0029,0.0023,0.0052,0.0028,0.0021,0.0044,0.0040,0.0012,0.0035,0.0052
2026-08-05 09:30:09.970,6.883333,66,23,0.273349,0.0005,-116.93,0,0,0,60.0000,0.231,3.27852,0,0,0,0,0,0.141766,0.019746,0.129249,0.028649,0.113934,0.035174,0.096920,0.038630,0.076632,0.036567,0.055545,0.031045,0.036072,0.019830,0.017944,116.93,1.06,-22.65,-153.39,-157.81,62.39,66.12,-79.50,-69.53,141.90,156.43,3.31,21.45,-140.00,-112.32,0.0046,0.0032,0.0063,0.0046,0.0053,0.0029,0.0023,0.0052,0.0028,0.0021,0.0044,0.0040,0.0012,0.0035,0.0052
2026-08-05 09:30:09.970,6.900000,66,24,0.240297,0.0006,69.77,0,0,0,60.0000,0.231,3.27852,0,0,0,0,0,0.121638,0.014641,0.111093,0.025757,0.097506,0.034704,0.084039,0.039390,0.066859,0.039621,0.049741,0.035317,0.033397,0.026564,0.019315,-69.77,-44.74,136.15,158.55,-13.47,7.16,-164.16,-144.64,44.82,65.06,-105.81,-84.67,100.75,119.47,-60.19,0.0046,0.0032,0.0063,0.0046,0.0053,0.0029,0.0023,0.0052,0.0028,0.0021,0.0044,0.0040,0.0012,0.0035,0.0052
2026-08-05 09:30:09.970,6.916667,66,25,0.251535,-0.0034,118.95,0,0,0,60.0000,0.231,3.27852,0,0,0,0,0,0.128132,0.018056,0.116847,0.030928,0.101585,0.040907,0.085293,0.046499,0.065712,0.045931,0.046189,0.040400,0.027689,0.029990,0.013238,-118.95,-176.82,-11.29,-55.73,100.98,60.13,-147.98,173.18,-37.39,-73.06,74.07,39.74,-179.46,148.76,-85.89,0.0046,0.0032,0.0063,0.0046,0.0053,0.0029,0.0023,0.0052,0.0028,0.0021,0.0044,0.0040,0.0012,0.0035,0.0052
2026-08-05 09:30:09.970,6.933333,66,26,0.251257,0.0032,74.77,0,0,0,60.0000,0.231,3.27852,0,0,0,0,0,0.129293,0.015645,0.117404,0.028567,0.102285,0.038363,0.087031,0.042850,0.067714,0.041768,0.048058,0.036705,0.030469,0.026429,0.016341,-74.77,-67.96,121.44,131.18,-38.16,-27.31,161.35,172.62,1.02,12.91,-158.78,-146.98,36.90,50.84,-131.49,0.0046,0.0032,0.0063,0.0046,0.0053,0.0029,0.0023,0.0052,0.0028,0.0021,0.0044,0.0040,0.0012,0.0035,0.0052
2026-08-05 09:30:09.970,6.950000,66,27,0.248430,-0.0078,143.31,0,0,0,60.0000,0.231,3.27852,0,0,0,0,0,0.126786,0.014482,0.115522,0.026475,0.101434,0.035651,0.087389,0.039860,0.069248,0.039204,0.050262,0.035335,0.033571,0.026332,0.019883,-143.31,150.39,-84.53,-146.11,-21.48,-81.28,40.93,-19.04,103.56,42.87,166.65,104.60,-134.14,163.29,-76.35,0.0046,0.0032,0.0063,0.0046,0.0053,0.0029,0.0023,0.0052,0.0028,0.0021,0.0044,0.0040,0.0012,0.0035,0.0052
2026-08-05 09:30:09.970,6.966667,66,28,0.279384,-0.0012,-58.52,0,0,0,60.0000,0.231,3.27852,0,0,0,0,0,0.152248,0.019916,0.134134,0.014205,0.109313,0.021793,0.084085,0.035822,0.059375,0.046245,0.042477,0.049571,0.035165,0.041803,0.029840,58.52,-88.46,163.09,-21.57,-90.01,37.15,13.05,128.42,111.20,-126.81,-156.38,-16.32,-66.64,95.95,34.68,0.0046,0.0032,0.0063,0.0046,0.0053,0.0029,0.0023,0.0052,0.0028,0.0021,0.0044,0.0040,0.0012,0.0035,0.0052
2026-08-05 09:30:09.970,6.983333,66,29,0.313300,0.0030,174.07,0,0,0,60.0000,0.231,3.27852,0,0,0,0,0,0.181328,0.046420,0.160847,0.031097,0.131386,0.010601,0.098098,0.012645,0.062011,0.031197,0.030309,0.042459,0.006925,0.043861,0.009388,-174.07,-174.06,-172.25,-166.13,-167.32,-152.80,-163.61,6.24,-160.03,18.26,-157.48,25.74,176.24,28.71,60.75,0.0046,0.0032,0.0063,0.0046,0.0053,0.0029,0.0023,0.0052,0.0028,0.0021,0.0044,0.0040,0.0012,0.0035,0.0052
2026-08-05 09:30:10.224,7.000000,67,0,0.265520,-0.0038,-146.20,0,0,0,60.0000,0.236,5.30715,0,0,0,0,0,0.137899,0.015395,0.123263,0.027909,0.105900,0.038477,0.087160,0.046580,0.066750,0.049441,0.048842,0.045512,0.032117,0.036988,0.020030,146.20,169.93,65.98,111.93,-9.31,42.37,-85.55,-30.73,-159.97,-107.38,126.22,174.43,49.94,90.26,-30.74,0.0036,0.0042,0.0014,0.0098,0.0060,0.0090,0.0028,0.0026,0.0050,0.0018,0.0056,0.0035,0.0023,0.0014,0.0065
2026-08-05 09:30:10.224,7.016667,67,1,0.261551,-0.0007,-116.21,0,0,0,60.0000,0.236,5.30715,0,0,0,0,0,0.134563,0.018849,0.121322,0.033278,0.106072,0.043035,0.088434,0.048306,0.067456,0.047523,0.047170,0.040626,0.026728,0.030338,0.011805,116.21,108.11,-24.32,-16.34,-160.39,-149.75,61.57,75.47,-75.87,-60.84,146.33,163.20,5.33,22.95,-142.41,0.0036,0.0042,0.0014,0.0098,0.0060,0.0090,0.0028,0.0026,0.0050,0.0018,0.0056,0.0035,0.0023,0.0014,0.0065
2026-08-05 09:30:10.224,7.033333,67,2,0.273819,-0.0108,151.29,0,0,0,60.0000,0.236,5.30715,0,0,0,0,0,0.140259,0.021690,0.127005,0.036263,0.111114,0.045997,0.092154,0.051233,0.070036,0.050542,0.049141,0.043146,0.028454,0.031835,0.013077,-151.29,-73.01,-106.56,-10.53,-57.82,42.58,-10.86,94.06,36.88,143.12,84.10,-168.11,127.67,-123.44,163.46,0.0036,0.0042,0.0014,0.0098,0.0060,0.0090,0.0028,0.0026,0.0050,0.0018,0.0056,0.0035,0.0023,0.0014,0.0065
2026-08-05 09:30:10.224,7.050000,67,3,0.292985,0.0056,62.61,0,0,0,60.0000,0.236,5.30715,0,0,0,0,0,0.151075,0.026007,0.137370,0.039862,0.119653,0.049096,0.098354,0.054113,0.074406,0.052232,0.051425,0.043280,0.029118,0.031154,0.012826,-62.61,96.23,159.84,-22.06,26.03,-149.57,-109.17,80.01,116.28,-53.44,-19.11,172.77,-157.23,33.71,58.78,0.0036,0.0042,0.0014,0.0098,0.0060,0.0090,0.0028,0.0026,0.0050,0.0018,0.0056,0.0035,0.0023,0.0014,0.0065
2026-08-05 09:30:10.224,7.066667,67,4,0.314304,0.0026,101.78,0,0,0,60.0000,0.236,5.30715,0,0,0,0,0,0.159497,0.037971,0.144833,0.053367,0.122193,0.065890,0.097543,0.071014,0.068920,0.067697,0.042654,0.057035,0.022014,0.039808,0.014066,-101.78,12.76,41.91,177.95,-170.66,-25.43,-24.82,126.19,119.28,-83.08,-98.74,65.67,27.29,-148.32,121.48,0.0036,0.0042,0.0014,0.0098,0.0060,0.0090,0.0028,0.0026,0.0050,0.0018,0.0056,0.0035,0.0023,0.0014,0.0065
2026-08-05 09:30:10.224,7.083333,67,5,0.307861,0.0100,98.35,0,0,0,60.0000,0.236,5.30715,0,0,0,0,0,0.156752,0.034421,0.142665,0.048139,0.122018,0.059454,0.099263,0.064655,0.072967,0.061905,0.047731,0.053006,0.026573,0.037836,0.012557,-98.35,18.90,52.18,-169.04,-153.34,-5.90,-0.46,152.59,151.54,-50.44,-57.61,105.02,85.23,-103.71,-157.34,0.0036,0.0042,0.0014,0.0098,0.0060,0.0090,0.0028,0.0026,0.0050,0.0018,0.0056,0.0035,0.0023,0.0014,0.0065
2026-08-05 09:30:10.224,7.100000,67,6,0.283700,0.0096,2.70,0,0,0,60.0000,0.236,5.30715,0,0,0,0,0,0.142912,0.016714,0.130908,0.030391,0.115573,0.040929,0.099544,0.046921,0.079263,0.047667,0.059150,0.043492,0.039556,0.034512,0.022348,-2.70,-110.40,-21.26,-123.33,-35.94,-136.47,-51.35,-152.17,-66.94,-167.14,-81.69,177.52,-97.96,157.09,-119.14,0.0036,0.0042,0.0014,0.0098,0.0060,0.0090,0.0028,0.0026,0.0050,0.0018,0.0056,0.0035,0.0023,0.0014,0.0065
2026-08-05 09:30:10.224,7.116667,67,7,0.344304,-0.0120,142.21,0,0,0,60.0000,0.236,5.30715,0,0,0,0,0,0.175095,0.040867,0.159577,0.056024,0.136586,0.068239,0.110009,0.073853,0.079989,0.070080,0.051642,0.059243,0.027022,0.041709,0.012220,-142.21,-70.62,-79.02,14.70,-11.95,90.78,53.77,162.36,118.52,-127.02,-177.38,-57.64,-121.84,9.55,-96.49,0.0036,0.0042,0.0014,0.0098,0.0060,0.0090,0.0028,0.0026,0.0050,0.0018,0.0056,0.0035,0.0023,0.0014,0.0065
2026-08-05 09:30:10.224,7.133333,67,8,0.306511,0.0024,-95.91,0,0,0,60.0000,0.236,5.30715,0,0,0,0,0,0.154879,0.018003,0.141967,0.032725,0.125181,0.044470,0.107864,0.050628,0.086137,0.050496,0.063298,0.046187,0.042300,0.036058,0.024412,95.91,101.51,-84.61,-80.99,98.37,101.29,-79.25,-76.97,103.74,104.98,-72.35,-73.28,109.58,106.63,-68.88,0.0036,0.0042,0.0014,0.0098,0.0060,0.0090,0.0028,0.0026,0.0050,0.0018,0.0056,0.0035,0.0023,0.0014,0.0065
2026-08-05 09:30:10.224,7.150000,67,9,0.283705,0.0118,29.03,0,0,0,60.0000,0.236,5.30715,0,0,0,0,0,0.139431,0.016823,0.128238,0.029818,0.114307,0.040551,0.100257,0.046819,0.081634,0.048440,0.061808,0.046733,0.043653,0.039309,0.027311,-29.03,-140.12,-100.36,143.25,-167.72,73.34,124.51,3.40,57.22,-65.86,-9.32,-134.40,-77.76,155.84,-145.25,0.0036,0.0042,0.0014,0.0098,0.0060,0.0090,0.0028,0.0026,0.0050,0.0018,0.0056,0.0035,0.0023,0.0014,0.0065
2026-08-05 09:30:10.224,7.166667,67,10,0.261396,0.0075,-24.71,0,0,0,60.0000,0.236,5.30715,0,0,0,0,0,0.137013,0.012619,0.120871,0.019831,0.099423,0.032805,0.078391,0.045698,0.057679,0.054285,0.042799,0.056311,0.035283,0.048166,0.028668,24.71,-11.77,60.83,-12.24,99.48,11.15,134.30,43.98,164.79,82.65,-168.64,124.77,-143.64,167.35,-109.65,0.0036,0.0042,0.0014,0.0098,0.0060,0.0090,0.0028,0.0026,0.0050,0.0018,0.0056,0.0035,0.0023,0.0014,0.0065
2026-08-05 09:30:10.224,7.183333,67,11,0.299626,-0.0043,-113.21,0,0,0,60.0000,0.236,5.30715,0,0,0,0,0,0.171319,0.038875,0.152849,0.026354,0.126600,0.010772,0.097319,0.012541,0.064555,0.027581,0.034843,0.037987,0.011551,0.039886,0.006043,113.21,-144.32,-30.74,69.71,-171.48,-96.56,46.49,10.55,-95.71,-149.71,121.46,65.54,-36.34,-80.47,62.81,0.0036,0.0042,0.0014,0.0098,0.0060,0.0090,0.0028,0.0026,0.0050,0.0018,0.0056,0.0035,0.0023,0.0014,0.0065
2026-08-05 09:30:10.224,7.200000,67,12,0.253226,-0.0001,107.04,0,0,0,60.0000,0.236,5.30715,0,0,0,0,0,0.132294,0.010808,0.117774,0.022594,0.100510,0.032933,0.082315,0.041840,0.062744,0.045959,0.046274,0.043536,0.031392,0.036018,0.020833,-107.04,-133.22,25.95,15.40,164.30,156.71,-57.89,-64.37,82.36,71.21,-135.89,-154.24,3.47,-25.93,138.44,0.0036,0.0042,0.0014,0.0098,0.0060,0.0090,0.0028,0.0026,0.0050,0.0018,0.0056,0.0035,0.0023,0.0014,0.0065
2026-08-05 09:30:10.224,7.216667,67,13,0.255059,-0.0024,-155.16,0,0,0,60.0000,0.236,5.30715,0,0,0,0,0,0.130028,0.014665,0.117795,0.028282,0.104186,0.037284,0.088865,0.042552,0.070168,0.042756,0.051617,0.037425,0.032612,0.029141,0.017879,155.16,37.82,92.24,-24.49,33.87,-85.85,-26.31,-145.67,-85.75,153.75,-145.17,94.12,153.09,29.70,89.75,0.0036,0.0042,0.0014,0.0098,0.0060,0.0090,0.0028,0.0026,0.0050,0.0018,0.0056,0.0035,0.0023,0.0014,0.0065
2026-08-05 09:30:10.224,7.233333,67,14,0.247739,0.0006,90.55,0,0,0,60.0000,0.236,5.30715,0,0,0,0,0,0.124825,0.015831,0.113365,0.027794,0.100641,0.036051,0.086280,0.041589,0.068654,0.042619,0.051416,0.038390,0.033672,0.031050,0.019315,-90.55,-73.43,74.28,82.36,-116.27,-113.75,51.30,52.95,-140.20,-140.51,28.22,27.15,-166.61,-169.00,-4.85,0.0036,0.0042,0.0014,0.0098,0.0060,0.0090,0.0028,0.0026,0.0050,0.0018,0.0056,0.0035,0.0023,0.0014,0.0065
2026-08-05 09:30:10.224,7.250000,67,15,0.251810,0.0009,8.05,0,0,0,60.0000,0.236,5.30715,0,0,0,0,0,0.128563,0.016509,0.116883,0.027848,0.103346,0.035605,0.087830,0.040959,0.069229,0.041310,0.050815,0.036166,0.031692,0.028302,0.016284,-8.05,95.62,-37.96,54.64,-63.41,22.74,-90.39,-6.21,-116.39,-35.48,-142.35,-63.37,-171.07,-95.48,158.26,0.0036,0.0042,0.0014,0.0098,0.0060,0.0090,0.0028,0.0026,0.0050,0.0018,0.0056,0.0035,0.0023,0.0014,0.0065
2026-08-05 09:30:10.224,7.266667,67,16,0.258776,0.0077,103.22,0,0,0,60.0000,0.236,5.30715,0,0,0,0,0,0.124832,0.014688,0.115291,0.026063,0.103084,0.036027,0.091446,0.042556,0.075821,0.045044,0.059336,0.043462,0.042866,0.037480,0.027272,-103.22,-111.47,35.41,24.66,178.91,164.99,-38.52,-54.32,104.24,88.36,-111.42,-129.22,30.41,11.28,171.81,0.0036,0.0042,0.0014,0.0098,0.0060,0.0090,0.0028,0.0026,0.0050,0.0018,0.0056,0.0035,0.0023,0.0014,0.0065
2026-08-05 09:30:10.224,7.283333,67,17,0.265013,-0.0013,-22.84,0,0,0,60.0000,0.236,5.30715,0,0,0,0,0,0.127260,0.017148,0.117215,0.028770,0.105016,0.038562,0.092582,0.045504,0.076995,0.047539,0.059871,0.045936,0.043849,0.039080,0.028566,22.84,155.71,53.87,178.25,89.45,-150.93,124.08,-118.72,158.71,-84.14,-165.89,-49.26,-132.58,-17.15,-102.68,0.0036,0.0042,0.0014,0.0098,0.0060,0.0090,0.0028,0.0026,0.0050,0.0018,0.0056,0.0035,0.0023,0.0014,0.0065
2026-08-05 09:30:10.224,7.300000,67,18,0.298611,0.0003,-54.26,0,0,0,60.0000,0.236,5.30715,0,0,0,0,0,0.151384,0.018987,0.139083,0.033465,0.121999,0.044874,0.103907,0.050546,0.081796,0.050280,0.059885,0.044584,0.039803,0.033561,0.022998,54.26,-156.69,149.78,-63.58,-110.85,34.14,-12.53,131.73,85.33,-129.81,-176.76,-31.45,-81.60,61.69,6.35,0.0036,0.0042,0.0014,0.0098,0.0060,0.0090,0.0028,0.0026,0.0050,0.0018,0.0056,0.0035,0.0023,0.0014,0.0065
2026-08-05 09:30:10.224,7.316667,67,19,0.281891,-0.0110,123.74,0,0,0,60.0000,0.236,5.30715,0,0,0,0,0,0.137500,0.017168,0.127105,0.028400,0.113711,0.038242,0.100106,0.044629,0.082873,0.046334,0.064472,0.043769,0.046273,0.037056,0.029910,-123.74,-137.80,-24.88,-48.43,78.22,49.55,-179.50,148.58,-77.16,-109.98,26.46,-8.62,128.21,89.41,-132.19,0.0036,0.0042,0.0014,0.0098,0.0060,0.0090,0.0028,0.0026,0.0050,0.0018,0.0056,0.0035,0.0023,0.0014,0.0065
2026-08-05 09:30:10.224,7.333333,67,20,0.282001,0.0027,-148.15,0,0,0,60.0000,0.236,5.30715,0,0,0,0,0,0.140151,0.016675,0.128664,0.030663,0.114068,0.041770,0.099026,0.047905,0.079674,0.048630,0.059442,0.045385,0.041133,0.036565,0.025453,148.15,16.00,70.52,-57.48,-3.03,-129.53,-77.40,156.56,-151.68,82.91,134.25,9.12,57.01,-66.87,-23.15,0.0036,0.0042,0.0014,0.0098,0.0060,0.0090,0.0028,0.0026,0.0050,0.0018,0.0056,0.0035,0.0023,0.0014,0.0065
2026-08-05 09:30:10.224,7.350000,67,21,0.290201,0.0082,-40.43,0,0,0,60.0000,0.236,5.30715,0,0,0,0,0,0.145054,0.017732,0.132964,0.032609,0.117629,0.044231,0.101623,0.050427,0.080713,0.050979,0.058814,0.047619,0.039170,0.038268,0.022613,40.43,151.82,107.53,-132.80,178.68,-58.68,-110.75,12.90,-39.92,84.07,31.03,155.56,98.45,-134.28,163.13,0.0036,0.0042,0.0014,0.0098,0.0060,0.0090,0.0028,0.0026,0.0050,0.0018,0.0056,0.0035,0.0023,0.0014,0.0065
2026-08-05 09:30:10.224,7.366667,67,22,0.308538,0.0097,-1.10,0,0,0,60.0000,0.236,5.30715,0,0,0,0,0,0.166506,0.014583,0.147731,0.025467,0.121425,0.039683,0.093849,0.052100,0.065782,0.058865,0.044530,0.058503,0.033288,0.047643,0.026648,1.10,110.49,-9.08,72.18,-16.74,52.69,-27.53,39.54,-42.21,31.25,-62.51,26.35,-89.51,23.93,-108.80,0.0036,0.0042,0.0014,0.0098,0.0060,0.0090,0.0028,0.0026,0.0050,0.0018,0.0056,0.0035,0.0023,0.0014,0.0065
2026-08-05 09:30:10.224,7.383333,67,23,0.346075,-0.0051,138.67,0,0,0,60.0000,0.236,5.30715,0,0,0,0,0,0.197465,0.043700,0.177176,0.029737,0.147765,0.012344,0.113828,0.012612,0.075903,0.029584,0.041234,0.041425,0.012697,0.044228,0.007234,-138.67,-107.81,-65.78,-37.07,10.30,16.29,85.70,-26.11,162.09,29.95,-119.09,101.76,-36.62,173.06,-176.69,0.0036,0.0042,0.0014,0.0098,0.0060,0.0090,0.0028,0.0026,0.0050,0.0018,0.0056,0.0035,0.0023,0.0014,0.0065
2026-08-05 09:30:10.224,7.400000,67,24,0.309521,0.0003,-96.70,0,0,0,60.0000,0.236,5.30715,0,0,0,0,0,0.162833,0.013894,0.146193,0.026162,0.125092,0.037780,0.102340,0.047784,0.078455,0.052149,0.058769,0.048676,0.040982,0.038957,0.027827,96.70,72.78,-81.36,-78.70,105.29,115.40,-68.08,-55.38,121.11,129.65,-48.23,-47.03,141.00,130.57,-33.77,0.0036,0.0042,0.0014,0.0098,0.0060,0.0090,0.0028,0.0026,0.0050,0.0018,0.0056,0.0035,0.0023,0.0014,0.0065
2026-08-05 09:30:10.224,7.416667,67,25,0.353693,0.0015,73.87,0,0,0,60.0000,0.236,5.30715,0,0,0,0,0,0.185986,0.019966,0.169764,0.037826,0.149149,0.049003,0.124168,0.054076,0.095186,0.051684,0.067081,0.042474,0.039877,0.028984,0.019292,-73.87,116.85,127.36,-39.82,-27.84,163.59,175.69,7.50,19.80,-149.00,-136.29,55.49,66.23,-104.03,-92.97,0.0036,0.0042,0.0014,0.0098,0.0060,0.0090,0.0028,0.0026,0.0050,0.0018,0.0056,0.0035,0.0023,0.0014,0.0065
2026-08-05 09:30:10.224,7.433333,67,26,0.409263,0.0040,-101.96,0,0,0,60.0000,0.236,5.30715,0,0,0,0,0,0.219650,0.028341,0.200907,0.040606,0.175822,0.048383,0.144887,0.050551,0.109655,0.045369,0.075517,0.033700,0.043466,0.018084,0.020257,101.96,152.97,-64.76,-30.98,132.12,155.86,-31.62,-13.85,166.14,177.29,5.37,10.24,-151.63,-163.14,64.19,0.0036,0.0042,0.0014,0.0098,0.0060,0.0090,0.0028,0.0026,0.0050,0.0018,0.0056,0.0035,0.0023,0.0014,0.0065
2026-08-05 09:30:10.224,7.450000,67,27,0.347980,0.0088,69.75,0,0,0,60.0000,0.236,5.30715,0,0,0,0,0,0.185593,0.026462,0.168309,0.046680,0.144169,0.058923,0.114187,0.063900,0.081387,0.058945,0.050578,0.045347,0.022222,0.026548,0.002669,-69.75,106.60,139.87,-33.49,-7.21,-177.59,-155.31,37.00,57.55,-109.62,-90.04,105.62,121.26,-40.03,-43.54,0.0036,0.0042,0.0014,0.0098,0.0060,0.0090,0.0028,0.0026,0.0050,0.0018,0.0056,0.0035,0.0023,0.0014,0.0065
2026-08-05 09:30:10.224,7.466667,67,28,0.298737,0.0131,46.01,0,0,0,60.0000,0.236,5.30715,0,0,0,0,0,0.155863,0.018610,0.142643,0.033117,0.123901,0.044034,0.103591,0.048660,0.078748,0.047081,0.054818,0.039659,0.032093,0.026937,0.013037,-46.01,162.45,-151.01,64.19,108.26,-36.37,6.53,-138.58,-95.00,120.01,164.99,17.11,62.58,-89.93,-39.39,0.0036,0.0042,0.0014,0.0098,0.0060,0.0090,0.0028,0.0026,0.0050,0.0018,0.0056,0.0035,0.0023,0.0014,0.0065
2026-08-05 09:30:10.224,7.483333,67,29,0.297401,0.0033,-38.02,0,0,0,60.0000,0.236,5.30715,0,0,0,0,0,0.153697,0.022033,0.140406,0.037149,0.121566,0.048396,0.100897,0.053809,0.076655,0.051763,0.052827,0.044309,0.031678,0.030428,0.014595,38.02,-45.03,101.15,32.46,168.26,103.77,-125.80,171.96,-60.34,-119.91,5.25,-52.73,66.40,10.20,115.64,0.0036,0.0042,0.0014,0.0098,0.0060,0.0090,0.0028,0.0026,0.0050,0.0018,0.0056,0.0035,0.0023,0.0014,0.0065
2026-08-05 09:30:10.482,7.500000,68,0,0.400743,0.0074,-75.27,0,0,0,60.0000,0.231,2.82266,0,0,0,0,0,0.216073,0.026856,0.196804,0.047597,0.167982,0.061108,0.134296,0.064221,0.095802,0.057487,0.059907,0.042762,0.028884,0.021706,0.005687,75.27,59.91,-144.82,-159.83,-1.50,-16.69,141.29,126.64,-75.23,-88.05,69.83,60.64,-143.08,-139.61,29.36,0.0054,0.0056,0.0026,0.0058,0.0028,0.0066,0.0015,0.0049,0.0020,0.0048,0.0036,0.0032,0.0046,0.0027,0.0013
2026-08-05 09:30:10.482,7.516667,68,1,0.338641,0.0127,16.70,0,0,0,60.0000,0.231,2.82266,0,0,0,0,0,0.180524,0.026570,0.164011,0.044645,0.139649,0.056983,0.111222,0.061117,0.079008,0.055973,0.048611,0.043242,0.021505,0.023944,0.000936,-16.70,-153.79,-61.94,175.09,-103.25,137.54,-145.42,97.44,172.55,58.26,132.26,19.32,90.92,-18.14,39.96,0.0054,0.0056,0.0026,0.0058,0.0028,0.0066,0.0015,0.0049,0.0020,0.0048,0.0036,0.0032,0.0046,0.0027,0.0013
2026-08-05 09:30:10.482,7.533333,68,2,0.356550,0.0105,-43.02,0,0,0,60.0000,0.231,2.82266,0,0,0,0,0,0.190489,0.033495,0.172218,0.051736,0.145709,0.064313,0.115209,0.067379,0.080180,0.060289,0.047190,0.046163,0.019165,0.024935,0.001025,43.02,-49.01,117.17,44.39,-164.97,128.95,-87.73,-150.30,-9.91,-70.15,69.08,10.12,146.14,92.77,66.96,0.0054,0.0056,0.0026,0.0058,0.0028,0.0066,0.0015,0.0049,0.0020,0.0048,0.0036,0.0032,0.0046,0.0027,0.0013
2026-08-05 09:30:10.482,7.550000,68,3,0.336564,-0.0128,171.66,0,0,0,60.0000,0.231,2.82266,0,0,0,0,0,0.176740,0.029791,0.159676,0.050054,0.135439,0.064182,0.108045,0.068960,0.076080,0.064139,0.045398,0.052422,0.020302,0.033379,0.007590,-171.66,-108.11,-167.12,-87.68,-159.08,-74.00,-151.89,-63.60,-144.84,-54.06,-138.63,-44.89,-143.61,-35.93,159.69,0.0054,0.0056,0.0026,0.0058,0.0028,0.0066,0.0015,0.0049,0.0020,0.0048,0.0036,0.0032,0.0046,0.0027,0.0013
2026-08-05 09:30:10.482,7.566667,68,4,0.442803,0.0129,-57.21,0,0,0,60.0000,0.231,2.82266,0,0,0,0,0,0.245738,0.030054,0.213596,0.049244,0.164482,0.071437,0.108251,0.089495,0.052575,0.096251,0.012811,0.089825,0.024450,0.069287,0.033101,57.21,-49.34,161.62,61.35,-91.23,169.26,13.97,-83.32,115.64,26.07,179.42,138.83,-167.46,-102.12,-66.91,0.0054,0.0056,0.0026,0.0058,0.0028,0.0066,0.0015,0.0049,0.0020,0.0048,0.0036,0.0032,0.0046,0.0027,0.0013
2026-08-05 09:30:10.482,7.583333,68,5,0.382476,0.0039,100.49,0,0,0,60.0000,0.231,2.82266,0,0,0,0,0,0.226353,0.051672,0.200597,0.033855,0.162020,0.012955,0.117333,0.019311,0.070128,0.037224,0.029572,0.046717,0.000984,0.043243,0.017602,-100.49,148.52,49.94,-65.19,-156.80,53.03,-4.35,103.44,148.67,-120.05,-56.72,29.15,-83.89,178.85,67.25,0.0054,0.0056,0.0026,0.0058,0.0028,0.0066,0.0015,0.0049,0.0020,0.0048,0.0036,0.0032,0.0046,0.0027,0.0013
2026-08-05 09:30:10.482,7.600000,68,6,0.298105,0.0061,139.72,0,0,0,60.0000,0.231,2.82266,0,0,0,0,0,0.157461,0.009980,0.141275,0.021513,0.121138,0.031817,0.099432,0.040708,0.076657,0.044683,0.057868,0.042117,0.041365,0.034517,0.029164,-139.72,175.99,-70.82,-106.42,2.98,-31.86,76.86,40.38,153.63,109.20,-127.51,176.46,-49.08,-123.83,26.65,0.0054,0.0056,0.0026,0.0058,0.0028,0.0066,0.0015,0.0049,0.0020,0.0048,0.0036,0.0032,0.0046,0.0027,0.0013
2026-08-05 09:30:10.482,7.616667,68,7,0.282928,0.0032,-80.78,0,0,0,60.0000,0.231,2.82266,0,0,0,0,0,0.145849,0.015876,0.132613,0.030394,0.117207,0.039851,0.099270,0.044914,0.077923,0.044150,0.057009,0.037666,0.035970,0.028170,0.019885,80.78,-113.91,-129.96,37.38,23.47,-171.23,175.09,-19.00,-32.64,132.25,119.27,-75.81,-90.73,70.65,57.04,0.0054,0.0056,0.0026,0.0058,0.0028,0.0066,0.0015,0.0049,0.0020,0.0048,0.0036,0.0032,0.0046,0.0027,0.0013
2026-08-05 09:30:10.482,7.633333,68,8,0.286468,0.0086,-57.24,0,0,0,60.0000,0.231,2.82266,0,0,0,0,0,0.145605,0.017877,0.132665,0.033377,0.117372,0.043468,0.099261,0.049462,0.077605,0.049652,0.056821,0.043379,0.036518,0.033256,0.021195,57.24,-173.13,159.29,-62.90,-94.83,44.14,9.21,151.28,113.78,-103.02,-142.32,2.94,-42.46,105.04,51.94,0.0054,0.0056,0.0026,0.0058,0.0028,0.0066,0.0015,0.0049,0.0020,0.0048,0.0036,0.0032,0.0046,0.0027,0.0013
2026-08-05 09:30:10.482,7.650000,68,9,0.279930,-0.0078,-154.85,0,0,0,60.0000,0.231,2.82266,0,0,0,0,0,0.141947,0.015500,0.129885,0.029003,0.115607,0.038106,0.098698,0.044226,0.078675,0.045078,0.058835,0.040116,0.038039,0.032136,0.021164,154.85,36.69,91.62,-27.23,32.42,-88.43,-28.05,-149.00,-87.47,149.33,-146.83,88.64,152.40,24.02,91.59,0.0054,0.0056,0.0026,0.0058,0.0028,0.0066,0.0015,0.0049,0.0020,0.0048,0.0036,0.0032,0.0046,0.0027,0.0013
2026-08-05 09:30:10.482,7.666667,68,10,0.275590,0.0124,41.35,0,0,0,60.0000,0.231,2.82266,0,0,0,0,0,0.140278,0.017300,0.128466,0.030968,0.112327,0.041600,0.095540,0.047036,0.074776,0.047090,0.054272,0.041699,0.034929,0.031607,0.018414,-41.35,4.44,-137.89,-90.84,130.03,175.36,36.71,81.06,-56.70,-12.12,-149.07,-106.49,114.98,155.31,16.02,0.0054,0.0056,0.0026,0.0058,0.0028,0.0066,0.0015,0.0049,0.0020,0.0048,0.0036,0.0032,0.0046,0.0027,0.0013
2026-08-05 09:30:10.482,7.683333,68,11,0.268507,-0.0010,-164.79,0,0,0,60.0000,0.231,2.82266,0,0,0,0,0,0.136646,0.016738,0.125025,0.028809,0.110174,0.037967,0.094012,0.043292,0.074814,0.043045,0.054627,0.038713,0.036210,0.029016,0.019633,164.79,72.85,120.49,21.94,80.56,-22.21,39.53,-65.89,-1.62,-107.73,-41.98,-150.10,-85.13,162.58,-133.04,0.0054,0.0056,0.0026,0.0058,0.0028,0.0066,0.0015,0.0049,0.0020,0.0048,0.0036,0.0032,0.0046,0.0027,0.0013
2026-08-05 09:30:10.482,7.700000,68,12,0.266847,0.0121,-18.16,0,0,0,60.0000,0.231,2.82266,0,0,0,0,0,0.133441,0.017150,0.122621,0.027059,0.108789,0.035759,0.094766,0.040726,0.076745,0.041907,0.058417,0.038719,0.040434,0.031589,0.024029,18.16,152.80,40.79,162.34,67.46,-177.73,93.51,-156.60,119.65,-133.28,146.92,-109.50,172.72,-91.21,-164.42,0.0054,0.0056,0.0026,0.0058,0.0028,0.0066,0.0015,0.0049,0.0020,0.0048,0.0036,0.0032,0.0046,0.0027,0.0013
2026-08-05 09:30:10.482,7.716667,68,13,0.268084,0.0007,-20.03,0,0,0,60.0000,0.231,2.82266,0,0,0,0,0,0.128743,0.016462,0.118918,0.026975,0.106779,0.036348,0.094824,0.042912,0.079324,0.045168,0.062571,0.043578,0.046140,0.038098,0.031025,20.03,151.83,45.88,167.26,76.06,-168.17,105.54,-142.28,135.06,-113.98,165.76,-85.36,-165.33,-60.13,-138.56,0.0054,0.0056,0.0026,0.0058,0.0028,0.0066,0.0015,0.0049,0.0020,0.0048,0.0036,0.0032,0.0046,0.0027,0.0013
2026-08-05 09:30:10.482,7.733333,68,14,0.256706,-0.0004,122.14,0,0,0,60.0000,0.231,2.82266,0,0,0,0,0,0.125532,0.015969,0.115043,0.027492,0.102186,0.037364,0.089990,0.043206,0.073666,0.044514,0.056246,0.042492,0.040532,0.035756,0.026908,-122.14,-138.47,-21.11,-45.19,84.07,56.87,-171.52,159.54,-67.20,-96.74,37.19,7.27,138.00,108.57,-123.79,0.0054,0.0056,0.0026,0.0058,0.0028,0.0066,0.0015,0.0049,0.0020,0.0048,0.0036,0.0032,0.0046,0.0027,0.0013
2026-08-05 09:30:10.482,7.750000,68,15,0.260372,-0.0025,111.53,0,0,0,60.0000,0.231,2.82266,0,0,0,0,0,0.130183,0.014460,0.119374,0.024953,0.106216,0.033854,0.093276,0.038546,0.075757,0.039269,0.056994,0.037397,0.039902,0.030851,0.024882,-111.53,-119.08,11.07,-5.42,137.85,117.54,-95.78,-119.75,30.88,3.29,158.22,126.59,-77.10,-113.12,47.67,0.0054,0.0056,0.0026,0.0058,0.0028,0.0066,0.0015,0.0049,0.0020,0.0048,0.0036,0.0032,0.0046,0.0027,0.0013
2026-08-05 09:30:10.482,7.766667,68,16,0.254836,-0.0016,102.84,0,0,0,60.0000,0.231,2.82266,0,0,0,0,0,0.133271,0.012992,0.119065,0.022592,0.100572,0.033516,0.082209,0.042362,0.062201,0.046979,0.045072,0.046956,0.033825,0.038667,0.025301,-102.84,-98.79,37.30,20.65,-179.33,155.40,-38.58,-66.19,99.81,76.01,-124.61,-139.04,6.03,6.24,139.89,0.0054,0.0056,0.0026,0.0058,0.0028,0.0066,0.0015,0.0049,0.0020,0.0048,0.0036,0.0032,0.0046,0.0027,0.0013
2026-08-05 09:30:10.482,7.783333,68,17,0.305180,0.0033,-116.80,0,0,0,60.0000,0.231,2.82266,0,0,0,0,0,0.173899,0.040649,0.155057,0.027728,0.128493,0.010640,0.098485,0.009363,0.064820,0.026022,0.033994,0.037332,0.009794,0.040880,0.009504,116.80,45.35,-20.11,-89.27,-153.83,128.64,71.09,-162.65,-64.27,54.62,159.28,-80.17,0.35,141.55,106.03,0.0054,0.0056,0.0026,0.0058,0.0028,0.0066,0.0015,0.0049,0.0020,0.0048,0.0036,0.0032,0.0046,0.0027,0.0013
2026-08-05 09:30:10.482,7.800000,68,18,0.260321,0.0064,65.95,0,0,0,60.0000,0.231,2.82266,0,0,0,0,0,0.136000,0.011090,0.121025,0.021660,0.102814,0.031825,0.083665,0.041341,0.063380,0.046598,0.046810,0.045396,0.032542,0.039183,0.022967,-65.95,110.89,149.28,-7.12,9.78,-139.25,-129.92,83.67,93.36,-57.74,-40.80,158.80,-175.72,8.99,45.74,0.0054,0.0056,0.0026,0.0058,0.0028,0.0066,0.0015,0.0049,0.0020,0.0048,0.0036,0.0032,0.0046,0.0027,0.0013
2026-08-05 09:30:10.482,7.816667,68,19,0.266909,-0.0072,-148.31,0,0,0,60.0000,0.231,2.82266,0,0,0,0,0,0.134224,0.016753,0.121855,0.031232,0.107668,0.041177,0.091922,0.047054,0.072753,0.047695,0.053904,0.042449,0.034812,0.034669,0.020073,148.31,-178.62,71.83,116.89,-0.28,45.79,-74.26,-25.93,-147.75,-99.28,138.37,-172.78,61.51,109.12,-18.16,0.0054,0.0056,0.0026,0.0058,0.0028,0.0066,0.0015,0.0049,0.0020,0.0048,0.0036,0.0032,0.0046,0.0027,0.0013
2026-08-05 09:30:10.482,7.833333,68,20,0.267961,-0.0000,-152.60,0,0,0,60.0000,0.231,2.82266,0,0,0,0,0,0.137547,0.015707,0.125010,0.029565,0.110258,0.038457,0.093343,0.043528,0.072901,0.043506,0.053339,0.037480,0.033664,0.028583,0.018364,152.60,-157.61,84.65,139.68,20.93,75.07,-44.56,10.92,-109.21,-54.81,-174.09,-120.79,118.19,167.66,47.29,0.0054,0.0056,0.0026,0.0058,0.0028,0.0066,0.0015,0.0049,0.0020,0.0048,0.0036,0.0032,0.0046,0.0027,0.0013
2026-08-05 09:30:10.482,7.850000,68,21,0.277858,0.0056,8.52,0,0,0,60.0000,0.231,2.82266,0,0,0,0,0,0.143334,0.016214,0.130536,0.030220,0.114963,0.039090,0.096945,0.044360,0.075503,0.043830,0.054747,0.037227,0.033676,0.027586,0.017107,-8.52,-107.75,-38.62,-138.81,-64.62,-167.20,-92.03,165.39,-118.49,136.79,-145.07,108.41,-173.75,74.89,155.81,0.0054,0.0056,0.0026,0.0058,0.0028,0.0066,0.0015,0.0049,0.0020,0.0048,0.0036,0.0032,0.0046,0.0027,0.0013
2026-08-05 09:30:10.482,7.866667,68,22,0.268223,0.0103,11.46,0,0,0,60.0000,0.231,2.82266,0,0,0,0,0,0.137078,0.017951,0.125229,0.031178,0.109012,0.041656,0.092226,0.046825,0.071312,0.046516,0.050838,0.041085,0.031608,0.030701,0.015433,-11.46,-138.15,-48.54,-163.59,-81.11,166.05,-114.92,133.23,-149.06,100.72,177.70,66.24,139.97,27.78,95.72,0.0054,0.0056,0.0026,0.0058,0.0028,0.0066,0.0015,0.0049,0.0020,0.0048,0.0036,0.0032,0.0046,0.0027,0.0013
2026-08-05 09:30:10.482,7.883333,68,23,0.284641,0.0163,2.62,0,0,0,60.0000,0.231,2.82266,0,0,0,0,0,0.145667,0.024543,0.132827,0.038802,0.114590,0.049990,0.094716,0.055580,0.071149,0.054044,0.048082,0.046908,0.027446,0.033545,0.010777,-2.62,-137.30,-21.14,-137.80,-35.53,-146.44,-51.06,-158.98,-67.01,-171.96,-82.42,173.72,-102.51,155.22,-137.98,0.0054,0.0056,0.0026,0.0058,0.0028,0.0066,0.0015,0.0049,0.0020,0.0048,0.0036,0.0032,0.0046,0.0027,0.0013
2026-08-05 09:30:10.482,7.900000,68,24,0.303739,0.0038,132.17,0,0,0,60.0000,0.231,2.82266,0,0,0,0,0,0.158273,0.029096,0.143879,0.044276,0.122400,0.056063,0.098694,0.060451,0.071074,0.056815,0.045123,0.046471,0.022890,0.029324,0.008626,-132.17,-39.08,-49.36,63.07,37.54,156.82,122.97,-113.30,-151.97,-24.17,-67.96,64.76,9.46,150.27,46.86,0.0054,0.0056,0.0026,0.0058,0.0028,0.0066,0.0015,0.0049,0.0020,0.0048,0.0036,0.0032,0.0046,0.0027,0.0013
2026-08-05 09:30:10.482,7.916667,68,25,0.298744,0.0014,-79.13,0,0,0,60.0000,0.231,2.82266,0,0,0,0,0,0.155539,0.024821,0.141432,0.039976,0.121642,0.051238,0.099434,0.056388,0.073383,0.053781,0.048224,0.044834,0.025509,0.029861,0.008976,79.13,29.31,-135.47,-167.93,14.01,-13.08,162.30,138.17,-49.82,-70.64,98.47,79.48,-118.49,-134.21,-0.38,0.0054,0.0056,0.0026,0.0058,0.0028,0.0066,0.0015,0.0049,0.0020,0.0048,0.0036,0.0032,0.0046,0.0027,0.0013
2026-08-05 09:30:10.482,7.933333,68,26,0.265823,0.0078,62.24,0,0,0,60.0000,0.231,2.82266,0,0,0,0,0,0.137285,0.017824,0.124593,0.031751,0.108010,0.042177,0.090853,0.046841,0.069774,0.045277,0.048361,0.039473,0.029397,0.028311,0.014434,-62.24,122.72,159.73,-6.01,25.70,-137.18,-109.34,88.80,115.82,-45.97,-18.48,178.30,-157.34,37.83,58.26,0.0054,0.0056,0.0026,0.0058,0.0028,0.0066,0.0015,0.0049,0.0020,0.0048,0.0036,0.0032,0.0046,0.0027,0.0013
2026-08-05 09:30:10.482,7.950000,68,27,0.276439,-0.0059,140.32,0,0,0,60.0000,0.231,2.82266,0,0,0,0,0,0.142011,0.020789,0.129022,0.034849,0.112087,0.045294,0.094245,0.049765,0.072080,0.048014,0.049800,0.042177,0.030751,0.030507,0.016522,-140.32,-47.30,-74.66,34.57,-5.04,110.12,63.60,-178.70,132.20,-108.75,-159.78,-39.70,-97.69,25.64,-42.90,0.0054,0.0056,0.0026,0.0058,0.0028,0.0066,0.0015,0.0049,0.0020,0.0048,0.0036,0.0032,0.0046,0.0027,0.0013
2026-08-05 09:30:10.482,7.966667,68,28,0.292848,0.0137,-68.60,0,0,0,60.0000,0.231,2.82266,0,0,0,0,0,0.157727,0.016987,0.139996,0.031644,0.115331,0.045180,0.089134,0.054636,0.061366,0.057812,0.038734,0.054388,0.025914,0.041325,0.019739,68.60,14.20,-166.91,143.18,-39.46,-89.42,85.32,36.94,-153.10,164.74,-37.53,-65.54,65.93,65.21,171.30,0.0054,0.0056,0.0026,0.0058,0.0028,0.0066,0.0015,0.0049,0.0020,0.0048,0.0036,0.0032,0.0046,0.0027,0.0013
2026-08-05 09:30:10.482,7.983333,68,29,0.328466,-0.0076,-120.86,0,0,0,60.0000,0.231,2.82266,0,0,0,0,0,0.191675,0.037183,0.170365,0.022842,0.139286,0.004328,0.103766,0.016854,0.065072,0.033237,0.030875,0.042675,0.004196,0.042250,0.011825,120.86,-127.31,-7.25,105.88,-132.14,-43.63,101.93,43.46,-23.48,-86.41,-148.01,147.00,71.11,17.13,146.22,0.0054,0.0056,0.0026,0.0058,0.0028,0.0066,0.0015,0.0049,0.0020,0.0048,0.0036,0.0032,0.0046,0.0027,0.0013
2026-08-05 09:30:10.735,8.000000,69,0,0.291445,0.0001,-131.11,0,0,0,60.0000,0.233,2.12376,0,0,0,0,0,0.157083,0.010450,0.139366,0.023061,0.116565,0.034742,0.092028,0.044816,0.067272,0.048948,0.048224,0.045160,0.032948,0.034607,0.022151,131.11,4.57,21.66,-96.51,-82.58,160.39,173.70,54.39,74.00,-54.70,-22.14,-165.18,-117.69,76.69,141.96,0.0075,0.0003,0.0032,0.0037,0.0031,0.0014,0.0040,0.0010,0.0022,0.0066,0.0050,0.0064,0.0072,0.0059,0.0019
2026-08-05 09:30:10.735,8.016667,69,1,0.299778,-0.0113,-90.24,0,0,0,60.0000,0.233,2.12376,0,0,0,0,0,0.156512,0.020361,0.142598,0.030089,0.126124,0.036335,0.106932,0.039309,0.083992,0.036956,0.061299,0.029674,0.038426,0.019688,0.020506,90.24,-51.47,-101.62,100.35,70.77,-97.87,-118.14,67.86,53.94,-125.86,-133.41,41.41,39.45,-160.41,-145.23,0.0075,0.0003,0.0032,0.0037,0.0031,0.0014,0.0040,0.0010,0.0022,0.0066,0.0050,0.0064,0.0072,0.0059,0.0019
2026-08-05 09:30:10.735,8.033333,69,2,0.274380,0.0058,-27.95,0,0,0,60.0000,0.233,2.12376,0,0,0,0,0,0.140814,0.017731,0.128528,0.027125,0.114608,0.033423,0.098345,0.037134,0.078583,0.036386,0.059245,0.030589,0.039345,0.022129,0.023065,27.95,179.78,70.80,-152.38,117.88,-114.08,163.43,-71.90,-150.04,-29.69,-103.32,13.58,-58.29,50.44,-14.02,0.0075,0.0003,0.0032,0.0037,0.0031,0.0014,0.0040,0.0010,0.0022,0.0066,0.0050,0.0064,0.0072,0.0059,0.0019
2026-08-05 09:30:10.735,8.050000,69,3,0.263112,0.0083,-40.47,0,0,0,60.0000,0.233,2.12376,0,0,0,0,0,0.134367,0.015827,0.122484,0.029555,0.108102,0.038298,0.091230,0.043963,0.071552,0.044001,0.052368,0.037868,0.032757,0.029037,0.017704,40.47,162.47,108.22,-127.47,-179.98,-56.24,-109.70,15.42,-38.46,85.11,32.25,155.52,100.16,-138.73,165.51,0.0075,0.0003,0.0032,0.0037,0.0031,0.0014,0.0040,0.0010,0.0022,0.0066,0.0050,0.0064,0.0072,0.0059,0.0019
2026-08-05 09:30:10.735,8.066667,69,4,0.265860,0.0067,48.44,0,0,0,60.0000,0.233,2.12376,0,0,0,0,0,0.134999,0.015535,0.124001,0.027499,0.108930,0.037083,0.093702,0.041925,0.074399,0.041822,0.055204,0.037027,0.036974,0.027714,0.021089,-48.44,-6.94,-159.49,-117.75,93.98,133.83,-13.81,25.23,-121.89,-82.00,130.90,169.54,19.70,57.20,-95.85,0.0075,0.0003,0.0032,0.0037,0.0031,0.0014,0.0040,0.0010,0.0022,0.0066,0.0050,0.0064,0.0072,0.0059,0.0019
2026-08-05 09:30:10.735,8.083333,69,5,0.315652,0.0039,168.49,0,0,0,60.0000,0.233,2.12376,0,0,0,0,0,0.163056,0.033871,0.149009,0.048002,0.126521,0.059889,0.101770,0.064273,0.072883,0.060422,0.045706,0.049456,0.022411,0.031876,0.009089,-168.49,61.76,-157.95,92.72,-143.48,115.47,-130.38,133.59,-117.95,150.91,-106.30,167.22,-104.46,-179.17,-146.85,0.0075,0.0003,0.0032,0.0037,0.0031,0.0014,0.0040,0.0010,0.0022,0.0066,0.0050,0.0064,0.0072,0.0059,0.0019
2026-08-05 09:30:10.735,8.100000,69,6,0.293582,0.0119,9.77,0,0,0,60.0000,0.233,2.12376,0,0,0,0,0,0.152856,0.021148,0.140017,0.027451,0.123625,0.033169,0.105772,0.034901,0.083540,0.032861,0.061467,0.026783,0.039824,0.017252,0.020630,-9.77,114.35,-41.86,64.99,-70.11,25.54,-98.73,-11.91,-126.94,-46.71,-153.44,-81.47,-179.20,-128.47,157.19,0.0075,0.0003,0.0032,0.0037,0.0031,0.0014,0.0040,0.0010,0.0022,0.0066,0.0050,0.0064,0.0072,0.0059,0.0019
2026-08-05 09:30:10.735,8.116667,69,7,0.290016,-0.0038,126.81,0,0,0,60.0000,0.233,2.12376,0,0,0,0,0,0.148700,0.025459,0.136516,0.029687,0.120943,0.034344,0.104460,0.035968,0.083676,0.034343,0.062342,0.029570,0.041587,0.021879,0.022937,-126.81,-111.38,-33.17,-34.59,64.35,49.82,161.44,136.39,-101.15,-134.32,-1.95,-45.43,96.88,34.23,-163.14,0.0075,0.0003,0.0032,0.0037,0.0031,0.0014,0.0040,0.0010,0.0022,0.0066,0.0050,0.0064,0.0072,0.0059,0.0019
2026-08-05 09:30:10.735,8.133333,69,8,0.265412,0.0046,162.29,0,0,0,60.0000,0.233,2.12376,0,0,0,0,0,0.134395,0.016251,0.122835,0.028830,0.107927,0.038847,0.092691,0.043931,0.073480,0.043870,0.053469,0.040058,0.035415,0.031268,0.020365,-162.29,133.78,-140.86,149.94,-115.36,173.04,-90.78,-164.16,-66.16,-140.78,-41.31,-117.74,-20.36,-98.83,-3.24,0.0075,0.0003,0.0032,0.0037,0.0031,0.0014,0.0040,0.0010,0.0022,0.0066,0.0050,0.0064,0.0072,0.0059,0.0019
2026-08-05 09:30:10.735,8.150000,69,9,0.275796,-0.0011,-136.92,0,0,0,60.0000,0.233,2.12376,0,0,0,0,0,0.142336,0.019686,0.130095,0.028567,0.114392,0.036509,0.098129,0.039680,0.077082,0.038282,0.055268,0.033874,0.035419,0.024649,0.018595,136.92,38.40,37.37,-76.79,-58.12,179.49,-154.08,77.62,110.57,-23.16,16.36,-123.99,-79.84,131.59,-174.35,0.0075,0.0003,0.0032,0.0037,0.0031,0.0014,0.0040,0.0010,0.0022,0.0066,0.0050,0.0064,0.0072,0.0059,0.0019
2026-08-05 09:30:10.735,8.166667,69,10,0.294244,-0.0033,-154.42,0,0,0,60.0000,0.233,2.12376,0,0,0,0,0,0.159741,0.027451,0.141743,0.019735,0.117263,0.021210,0.092949,0.031532,0.069370,0.039810,0.052360,0.041295,0.042057,0.031962,0.032698,154.42,108.56,90.94,22.52,29.58,-83.50,-35.39,-168.79,-104.07,124.41,-175.38,64.92,113.14,6.93,50.87,0.0075,0.0003,0.0032,0.0037,0.0031,0.0014,0.0040,0.0010,0.0022,0.0066,0.0050,0.0064,0.0072,0.0059,0.0019
2026-08-05 09:30:10.735,8.183333,69,11,0.324576,-0.0119,-135.76,0,0,0,60.0000,0.233,2.12376,0,0,0,0,0,0.188543,0.046949,0.167515,0.031906,0.136930,0.012477,0.102253,0.012042,0.064441,0.029454,0.030952,0.040287,0.006521,0.041251,0.011362,135.76,82.35,37.12,-16.55,-58.38,-129.77,-155.16,4.55,107.78,-107.93,9.37,153.44,-123.74,52.96,24.19,0.0075,0.0003,0.0032,0.0037,0.0031,0.0014,0.0040,0.0010,0.0022,0.0066,0.0050,0.0064,0.0072,0.0059,0.0019
2026-08-05 09:30:10.735,8.200000,69,12,0.271826,0.0058,-90.06,0,0,0,60.0000,0.233,2.12376,0,0,0,0,0,0.143731,0.011957,0.127708,0.021428,0.107522,0.031821,0.086130,0.041854,0.063796,0.047492,0.045886,0.046323,0.031241,0.039658,0.021861,90.06,52.20,-102.52,-105.72,70.11,77.75,-117.37,-105.59,58.31,65.73,-122.92,-125.67,54.95,35.85,-131.40,0.0075,0.0003,0.0032,0.0037,0.0031,0.0014,0.0040,0.0010,0.0022,0.0066,0.0050,0.0064,0.0072,0.0059,0.0019
2026-08-05 09:30:10.735,8.216667,69,13,0.264143,0.0059,-131.01,0,0,0,60.0000,0.233,2.12376,0,0,0,0,0,0.134536,0.015922,0.121693,0.030492,0.107177,0.040234,0.090803,0.046014,0.071018,0.046464,0.051553,0.041168,0.031975,0.033027,0.017230,131.01,163.96,19.53,56.24,-87.46,-52.44,163.66,-160.55,55.20,90.24,-53.80,-18.81,-166.30,-132.64,76.05,0.0075,0.0003,0.0032,0.0037,0.0031,0.0014,0.0040,0.0010,0.0022,0.0066,0.0050,0.0064,0.0072,0.0059,0.0019
2026-08-05 09:30:10.735,8.233333,69,14,0.249153,-0.0047,127.97,0,0,0,60.0000,0.233,2.12376,0,0,0,0,0,0.124860,0.015013,0.113128,0.028396,0.100200,0.037448,0.085733,0.043366,0.067852,0.044785,0.050303,0.040714,0.032419,0.033944,0.018261,-127.97,-1.87,-38.10,94.81,56.40,-171.28,148.97,-77.05,-117.76,15.58,-24.50,107.84,64.98,-164.38,150.19,0.0075,0.0003,0.0032,0.0037,0.0031,0.0014,0.0040,0.0010,0.0022,0.0066,0.0050,0.0064,0.0072,0.0059,0.0019
2026-08-05 09:30:10.735,8.250000,69,15,0.274315,-0.0039,161.16,0,0,0,60.0000,0.233,2.12376,0,0,0,0,0,0.137873,0.024251,0.124915,0.039122,0.108897,0.049319,0.089958,0.055504,0.068325,0.055287,0.048080,0.047927,0.028723,0.037346,0.016131,-161.16,-96.11,-136.53,-52.36,-108.13,-17.93,-81.56,14.21,-54.93,43.45,-30.35,72.27,-13.06,96.91,-7.58,0.0075,0.0003,0.0032,0.0037,0.0031,0.0014,0.0040,0.0010,0.0022,0.0066,0.0050,0.0064,0.0072,0.0059,0.0019
2026-08-05 09:30:10.735,8.266667,69,16,0.363818,0.0023,150.67,0,0,0,60.0000,0.233,2.12376,0,0,0,0,0,0.190964,0.036068,0.174376,0.052940,0.148256,0.065902,0.118471,0.070009,0.083949,0.064920,0.051856,0.051579,0.022953,0.031312,0.001723,-150.67,-79.86,-103.42,-13.06,-52.47,45.13,-2.13,99.20,48.44,153.29,100.85,-153.04,152.26,-97.42,-114.05,0.0075,0.0003,0.0032,0.0037,0.0031,0.0014,0.0040,0.0010,0.0022,0.0066,0.0050,0.0064,0.0072,0.0059,0.0019
2026-08-05 09:30:10.735,8.283333,69,17,0.292058,-0.0046,155.22,0,0,0,60.0000,0.233,2.12376,0,0,0,0,0,0.152225,0.017966,0.138556,0.032907,0.120857,0.043079,0.100914,0.048043,0.077664,0.045939,0.054100,0.039041,0.032744,0.025723,0.013985,-155.22,-49.17,-118.66,-9.08,-77.91,31.46,-38.07,70.61,1.91,110.85,43.11,150.46,82.63,-173.81,120.40,0.0075,0.0003,0.0032,0.0037,0.0031,0.0014,0.0040,0.0010,0.0022,0.0066,0.0050,0.0064,0.0072,0.0059,0.0019
2026-08-05 09:30:10.735,8.300000,69,18,0.274601,0.0013,-124.43,0,0,0,60.0000,0.233,2.12376,0,0,0,0,0,0.141423,0.018332,0.128717,0.032550,0.111816,0.043100,0.093866,0.048074,0.072056,0.047082,0.050876,0.040528,0.031366,0.028956,0.015842,124.43,139.51,-0.01,23.66,-120.52,-94.44,117.93,144.64,-4.15,24.08,-126.27,-97.26,107.89,134.33,-29.57,0.0075,0.0003,0.0032,0.0037,0.0031,0.0014,0.0040,0.0010,0.0022,0.0066,0.0050,0.0064,0.0072,0.0059,0.0019
2026-08-05 09:30:10.735,8.316667,69,19,0.274797,0.0108,31.61,0,0,0,60.0000,0.233,2.12376,0,0,0,0,0,0.141425,0.018183,0.128851,0.032482,0.112109,0.043042,0.094102,0.048372,0.072501,0.047328,0.051230,0.041024,0.031548,0.029818,0.015800,-31.61,-171.05,-108.27,120.11,179.18,49.28,105.55,-23.90,31.45,-96.52,-41.95,-170.34,-119.09,110.29,154.62,0.0075,0.0003,0.0032,0.0037,0.0031,0.0014,0.0040,0.0010,0.0022,0.0066,0.0050,0.0064,0.0072,0.0059,0.0019
2026-08-05 09:30:10.735,8.333333,69,20,0.285841,-0.0020,-91.05,0,0,0,60.0000,0.233,2.12376,0,0,0,0,0,0.147651,0.027185,0.133600,0.041729,0.114372,0.052657,0.093433,0.057198,0.068695,0.054327,0.044676,0.046071,0.024707,0.031873,0.012023,91.05,44.88,-100.44,-126.46,72.07,53.54,-116.72,-131.00,53.92,42.92,-136.55,-144.71,24.06,23.54,162.16,0.0075,0.0003,0.0032,0.0037,0.0031,0.0014,0.0040,0.0010,0.0022,0.0066,0.0050,0.0064,0.0072,0.0059,0.0019
2026-08-05 09:30:10.735,8.350000,69,21,0.313290,0.0019,-88.73,0,0,0,60.0000,0.233,2.12376,0,0,0,0,0,0.163368,0.031730,0.148092,0.045536,0.127116,0.055818,0.104053,0.059200,0.076463,0.054942,0.049473,0.045399,0.026880,0.029612,0.011591,88.73,33.16,-106.79,-140.93,61.46,36.25,-131.26,-151.63,36.06,18.54,-157.28,-172.70,1.96,-6.71,143.13,0.0075,0.0003,0.0032,0.0037,0.0031,0.0014,0.0040,0.0010,0.0022,0.0066,0.0050,0.0064,0.0072,0.0059,0.0019
2026-08-05 09:30:10.735,8.366667,69,22,0.288382,-0.0034,-176.67,0,0,0,60.0000,0.233,2.12376,0,0,0,0,0,0.155059,0.015676,0.137401,0.030385,0.113124,0.044155,0.087638,0.054080,0.060929,0.057471,0.039372,0.053910,0.026577,0.040439,0.018892,176.67,-114.93,157.37,-137.63,140.93,-156.77,121.75,-175.33,99.39,168.14,71.90,153.63,34.92,139.66,0.39,0.0075,0.0003,0.0032,0.0037,0.0031,0.0014,0.0040,0.0010,0.0022,0.0066,0.0050,0.0064,0.0072,0.0059,0.0019
2026-08-05 09:30:10.735,8.383333,69,23,0.367790,0.0020,-124.63,0,0,0,60.0000,0.233,2.12376,0,0,0,0,0,0.216382,0.041269,0.191956,0.024173,0.155557,0.003991,0.113657,0.023167,0.069046,0.041555,0.030534,0.051154,0.001421,0.048554,0.015054,124.63,-119.68,4.84,119.64,-112.04,-62.44,130.22,80.71,13.00,-41.82,-102.55,-160.36,152.89,78.93,-163.50,0.0075,0.0003,0.0032,0.0037,0.0031,0.0014,0.0040,0.0010,0.0022,0.0066,0.0050,0.0064,0.0072,0.0059,0.0019
2026-08-05 09:30:10.735,8.400000,69,24,0.295148,-0.0013,-71.10,0,0,0,60.0000,0.233,2.12376,0,0,0,0,0,0.157199,0.010785,0.139680,0.022807,0.116992,0.035106,0.092608,0.046589,0.067684,0.052708,0.048338,0.051079,0.033129,0.043091,0.023478,71.10,-146.41,-158.24,11.14,-22.62,153.91,113.39,-68.87,-106.99,64.03,36.27,-165.38,179.75,-41.46,-41.06,0.0075,0.0003,0.0032,0.0037,0.0031,0.0014,0.0040,0.0010,0.0022,0.0066,0.0050,0.0064,0.0072,0.0059,0.0019
2026-08-05 09:30:10.735,8.416667,69,25,0.283576,0.0140,55.49,0,0,0,60.0000,0.233,2.12376,0,0,0,0,0,0.145069,0.016056,0.132062,0.030380,0.116993,0.039916,0.099707,0.045351,0.078763,0.045187,0.058102,0.039341,0.037162,0.030562,0.020595,-55.49,-17.46,-179.04,-143.80,61.67,93.06,-59.19,-28.52,-179.33,-150.66,60.51,87.86,-61.12,-38.58,176.87,0.0075,0.0003,0.0032,0.0037,0.0031,0.0014,0.0040,0.0010,0.0022,0.0066,0.0050,0.0064,0.0072,0.0059,0.0019
2026-08-05 09:30:10.735,8.433333,69,26,0.293113,0.0059,-64.13,0,0,0,60.0000,0.233,2.12376,0,0,0,0,0,0.150217,0.017034,0.137006,0.032171,0.121306,0.042105,0.102404,0.047978,0.079809,0.048248,0.058031,0.042202,0.035724,0.032628,0.017929,64.13,-145.87,-179.86,-30.14,-59.82,87.08,58.82,-154.33,178.68,-36.82,-60.75,80.96,59.19,-165.71,-178.95,0.0075,0.0003,0.0032,0.0037,0.0031,0.0014,0.0040,0.0010,0.0022,0.0066,0.0050,0.0064,0.0072,0.0059,0.0019
2026-08-05 09:30:10.735,8.450000,69,27,0.275362,0.0078,55.67,0,0,0,60.0000,0.233,2.12376,0,0,0,0,0,0.138646,0.016553,0.126678,0.030388,0.112515,0.039907,0.096054,0.046404,0.076292,0.047657,0.056852,0.042918,0.036548,0.035075,0.020222,-55.67,-15.51,179.85,-144.78,59.54,91.21,-62.14,-31.09,177.32,-154.27,57.01,83.47,-65.04,-42.27,173.35,0.0075,0.0003,0.0032,0.0037,0.0031,0.0014,0.0040,0.0010,0.0022,0.0066,0.0050,0.0064,0.0072,0.0059,0.0019
2026-08-05 09:30:10.735,8.466667,69,28,0.273593,0.0034,80.27,0,0,0,60.0000,0.233,2.12376,0,0,0,0,0,0.137793,0.022976,0.125894,0.037928,0.108220,0.050137,0.089799,0.056386,0.067399,0.056095,0.045746,0.049587,0.026612,0.037119,0.013152,-80.27,-104.77,105.28,96.67,-64.96,-68.31,123.48,123.29,-49.07,-44.83,138.21,145.89,-42.98,-25.99,115.96,0.0075,0.0003,0.0032,0.0037,0.0031,0.0014,0.0040,0.0010,0.0022,0.0066,0.0050,0.0064,0.0072,0.0059,0.0019
2026-08-05 09:30:10.735,8.483333,69,29,0.267107,0.0090,9.58,0,0,0,60.0000,0.233,2.12376,0,0,0,0,0,0.136817,0.018529,0.124886,0.029135,0.110041,0.037286,0.093886,0.041942,0.074579,0.041083,0.054374,0.036202,0.035964,0.025982,0.018935,-9.58,98.82,-42.51,53.31,-71.09,18.09,-100.60,-15.71,-130.14,-46.79,-158.28,-78.19,171.36,-113.93,138.95,0.0075,0.0003,0.0032,0.0037,0.0031,0.0014,0.0040,0.0010,0.0022,0.0066,0.0050,0.0064,0.0072,0.0059,0.0019
2026-08-05 09:30:11.013,8.500000,70,0,0.256707,0.0068,-34.82,0,0,0,60.0000,0.227,2.95003,0,0,0,0,0,0.129321,0.015157,0.118682,0.027087,0.104217,0.036814,0.089828,0.042116,0.071496,0.042834,0.052936,0.038889,0.035267,0.030881,0.019642,34.82,154.38,90.31,-149.24,150.14,-90.34,-150.97,-32.72,-92.12,25.53,-32.44,83.62,25.15,135.10,77.40,0.0060,0.0032,0.0046,0.0063,0.0032,0.0003,0.0015,0.0020,0.0073,0.0054,0.0030,0.0059,0.0073,0.0066,0.0023
2026-08-05 09:30:11.013,8.516667,70,1,0.267528,0.0031,16.61,0,0,0,60.0000,0.227,2.95003,0,0,0,0,0,0.137721,0.016826,0.125927,0.028037,0.110451,0.036836,0.093901,0.041491,0.073556,0.041012,0.053030,0.035971,0.033258,0.026707,0.016213,-16.61,74.10,-63.44,17.90,-106.04,-29.92,-149.44,-77.36,167.08,-122.49,125.00,-168.46,80.68,139.17,31.84,0.0060,0.0032,0.0046,0.0063,0.0032,0.0003,0.0015,0.0020,0.0073,0.0054,0.0030,0.0059,0.0073,0.0066,0.0023
2026-08-05 09:30:11.013,8.533333,70,2,0.259193,0.0002,-147.85,0,0,0,60.0000,0.227,2.95003,0,0,0,0,0,0.127905,0.015675,0.117529,0.025648,0.104578,0.034728,0.091935,0.040519,0.075262,0.042119,0.057091,0.040773,0.039879,0.035241,0.024111,147.85,47.25,69.37,-43.62,-4.86,-124.17,-79.58,156.43,-153.78,78.74,133.40,1.24,58.60,-79.14,-15.51,0.0060,0.0032,0.0046,0.0063,0.0032,0.0003,0.0015,0.0020,0.0073,0.0054,0.0030,0.0059,0.0073,0.0066,0.0023
2026-08-05 09:30:11.013,8.550000,70,3,0.268116,-0.0051,175.06,0,0,0,60.0000,0.227,2.95003,0,0,0,0,0,0.136167,0.016045,0.124354,0.029415,0.109282,0.039725,0.093886,0.044703,0.074107,0.044456,0.053444,0.040528,0.035311,0.031360,0.020734,-175.06,98.50,-179.31,93.91,-179.54,93.80,179.46,92.42,178.50,91.10,177.36,89.48,171.44,85.41,161.08,0.0060,0.0032,0.0046,0.0063,0.0032,0.0003,0.0015,0.0020,0.0073,0.0054,0.0030,0.0059,0.0073,0.0066,0.0023
2026-08-05 09:30:11.013,8.566667,70,4,0.285790,0.0012,-62.09,0,0,0,60.0000,0.227,2.95003,0,0,0,0,0,0.153224,0.019851,0.136236,0.020413,0.113381,0.029497,0.090523,0.040664,0.067555,0.047823,0.049664,0.048371,0.038267,0.038493,0.028361,62.09,-92.31,173.51,-15.25,-72.52,71.63,38.18,173.76,145.88,-74.85,-108.93,41.73,-5.39,160.10,105.94,0.0060,0.0032,0.0046,0.0063,0.0032,0.0003,0.0015,0.0020,0.0073,0.0054,0.0030,0.0059,0.0073,0.0066,0.0023
2026-08-05 09:30:11.013,8.583333,70,5,0.329209,0.0154,-25.50,0,0,0,60.0000,0.227,2.95003,0,0,0,0,0,0.193290,0.059113,0.169865,0.040950,0.135676,0.017495,0.096973,0.015185,0.056312,0.034263,0.022603,0.045575,0.008391,0.044755,0.017243,25.50,-131.70,67.04,-80.38,111.48,-15.86,154.12,138.40,-164.63,-153.16,-130.03,-101.89,176.99,-56.63,178.94,0.0060,0.0032,0.0046,0.0063,0.0032,0.0003,0.0015,0.0020,0.0073,0.0054,0.0030,0.0059,0.0073,0.0066,0.0023
2026-08-05 09:30:11.013,8.600000,70,6,0.325554,0.0028,-74.84,0,0,0,60.0000,0.227,2.95003,0,0,0,0,0,0.173714,0.030270,0.152921,0.039276,0.125012,0.051761,0.094471,0.064088,0.064573,0.069472,0.042074,0.064562,0.025402,0.050604,0.015788,74.84,0.14,-146.14,174.51,-2.51,-24.41,141.32,127.86,-71.39,-86.54,78.88,55.57,-132.24,-169.02,4.22,0.0060,0.0032,0.0046,0.0063,0.0032,0.0003,0.0015,0.0020,0.0073,0.0054,0.0030,0.0059,0.0073,0.0066,0.0023
2026-08-05 09:30:11.013,8.616667,70,7,0.282357,0.0048,39.59,0,0,0,60.0000,0.227,2.95003,0,0,0,0,0,0.143372,0.018633,0.129718,0.035285,0.113806,0.046386,0.095711,0.052696,0.074314,0.052485,0.053752,0.045771,0.033906,0.035418,0.019723,-39.59,178.81,-131.94,93.10,139.98,5.19,49.98,-82.57,-39.90,-171.36,-130.82,100.50,133.76,8.17,31.91,0.0060,0.0032,0.0046,0.0063,0.0032,0.0003,0.0015,0.0020,0.0073,0.0054,0.0030,0.0059,0.0073,0.0066,0.0023
2026-08-05 09:30:11.013,8.633333,70,8,0.249818,0.0059,17.63,0,0,0,60.0000,0.227,2.95003,0,0,0,0,0,0.126253,0.014182,0.114524,0.027023,0.101560,0.035616,0.087046,0.041149,0.069279,0.042166,0.051699,0.037680,0.033485,0.030709,0.018924,-17.63,-134.68,-67.12,179.54,-111.87,133.06,-158.50,87.35,155.72,40.36,110.01,-6.55,61.42,-58.22,10.44,0.0060,0.0032,0.0046,0.0063,0.0032,0.0003,0.0015,0.0020,0.0073,0.0054,0.0030,0.0059,0.0073,0.0066,0.0023
2026-08-05 09:30:11.013,8.650000,70,9,0.247480,-0.0008,141.12,0,0,0,60.0000,0.227,2.95003,0,0,0,0,0,0.124134,0.014354,0.112741,0.026673,0.100310,0.034955,0.086417,0.040782,0.069282,0.042178,0.052425,0.038131,0.034498,0.031707,0.019729,-141.12,-7.52,-77.73,52.42,-9.58,116.34,56.84,-177.64,124.40,-112.71,-167.66,-47.10,-102.09,14.69,-36.90,0.0060,0.0032,0.0046,0.0063,0.0032,0.0003,0.0015,0.0020,0.0073,0.0054,0.0030,0.0059,0.0073,0.0066,0.0023
2026-08-05 09:30:11.013,8.666667,70,10,0.241475,0.0109,13.65,0,0,0,60.0000,0.227,2.95003,0,0,0,0,0,0.119613,0.014129,0.109349,0.025461,0.096608,0.034730,0.084446,0.040443,0.068175,0.042191,0.051710,0.039471,0.035458,0.033012,0.020604,-13.65,-121.13,-56.46,-162.28,-94.11,157.87,-133.07,117.73,-172.09,78.81,150.46,38.71,109.61,-4.81,66.17,0.0060,0.0032,0.0046,0.0063,0.0032,0.0003,0.0015,0.0020,0.0073,0.0054,0.0030,0.0059,0.0073,0.0066,0.0023
2026-08-05 09:30:11.013,8.683333,70,11,0.245433,-0.0009,100.30,0,0,0,60.0000,0.227,2.95003,0,0,0,0,0,0.121753,0.015993,0.111052,0.029056,0.097483,0.038978,0.083489,0.045422,0.066516,0.046143,0.048552,0.043139,0.032391,0.035045,0.018002,-100.30,51.68,44.22,-155.90,-166.71,-5.32,-18.83,143.13,128.59,-67.93,-83.15,79.95,61.18,-136.76,-162.27,0.0060,0.0032,0.0046,0.0063,0.0032,0.0003,0.0015,0.0020,0.0073,0.0054,0.0030,0.0059,0.0073,0.0066,0.0023
2026-08-05 09:30:11.013,8.700000,70,12,0.247269,0.0007,82.20,0,0,0,60.0000,0.227,2.95003,0,0,0,0,0,0.123891,0.014709,0.113269,0.026551,0.099640,0.035945,0.086039,0.041538,0.068672,0.042443,0.050993,0.039207,0.033957,0.031796,0.018923,-82.20,96.91,98.89,-79.39,-75.62,105.86,108.99,-70.75,-66.64,113.58,118.64,-62.71,-58.24,114.88,117.96,0.0060,0.0032,0.0046,0.0063,0.0032,0.0003,0.0015,0.0020,0.0073,0.0054,0.0030,0.0059,0.0073,0.0066,0.0023
2026-08-05 09:30:11.013,8.716667,70,13,0.253930,-0.0066,143.89,0,0,0,60.0000,0.227,2.95003,0,0,0,0,0,0.126865,0.016306,0.115818,0.029568,0.101601,0.039599,0.086949,0.045773,0.068932,0.046502,0.050642,0.042655,0.033215,0.034648,0.018906,-143.89,-34.15,-86.06,30.73,-23.87,94.38,37.23,155.52,97.88,-142.56,159.45,-81.90,-142.56,-26.33,-91.91,0.0060,0.0032,0.0046,0.0063,0.0032,0.0003,0.0015,0.0020,0.0073,0.0054,0.0030,0.0059,0.0073,0.0066,0.0023
2026-08-05 09:30:11.013,8.733333,70,14,0.272886,-0.0018,-177.46,0,0,0,60.0000,0.227,2.95003,0,0,0,0,0,0.140626,0.015996,0.128365,0.028949,0.112321,0.038728,0.095585,0.043498,0.074726,0.042475,0.053181,0.037543,0.033450,0.027437,0.016943,177.46,-97.58,158.89,-116.37,144.29,-131.83,128.85,-148.21,113.53,-164.22,98.92,178.80,80.81,157.50,57.83,0.0060,0.0032,0.0046,0.0063,0.0032,0.0003,0.0015,0.0020,0.0073,0.0054,0.0030,0.0059,0.0073,0.0066,0.0023
2026-08-05 09:30:11.013,8.750000,70,15,0.266816,0.0019,170.31,0,0,0,60.0000,0.227,2.95003,0,0,0,0,0,0.135690,0.017772,0.123519,0.032059,0.107745,0.042981,0.091489,0.048298,0.070772,0.047911,0.049357,0.043680,0.030382,0.033534,0.015012,-170.31,-93.58,-165.02,-78.60,-155.60,-65.97,-146.85,-56.43,-137.92,-47.56,-128.67,-39.07,-123.80,-33.19,-124.09,0.0060,0.0032,0.0046,0.0063,0.0032,0.0003,0.0015,0.0020,0.0073,0.0054,0.0030,0.0059,0.0073,0.0066,0.0023
2026-08-05 09:30:11.013,8.766667,70,16,0.261472,0.0106,-60.76,0,0,0,60.0000,0.227,2.95003,0,0,0,0,0,0.137124,0.011987,0.122321,0.023603,0.102900,0.035297,0.083782,0.044317,0.063310,0.048307,0.046256,0.046928,0.035189,0.036684,0.026114,60.76,22.59,168.33,121.55,-81.06,-130.95,26.86,-22.39,132.17,88.94,-125.10,-157.36,-26.08,-43.94,77.33,0.0060,0.0032,0.0046,0.0063,0.0032,0.0003,0.0015,0.0020,0.0073,0.0054,0.0030,0.0059,0.0073,0.0066,0.0023
2026-08-05 09:30:11.013,8.783333,70,17,0.372425,-0.0026,103.89,0,0,0,60.0000,0.227,2.95003,0,0,0,0,0,0.218660,0.011629,0.194227,0.013318,0.157903,0.025260,0.115517,0.038586,0.069988,0.047218,0.030935,0.048921,0.010829,0.040165,0.023708,-103.89,104.31,38.29,-175.01,-176.01,-63.94,-30.39,65.54,117.95,-157.62,-83.97,-17.31,144.75,121.95,-20.53,0.0060,0.0032,0.0046,0.0063,0.0032,0.0003,0.0015,0.0020,0.0073,0.0054,0.0030,0.0059,0.0073,0.0066,0.0023
2026-08-05 09:30:11.013,8.800000,70,18,0.346161,-0.0100,126.91,0,0,0,60.0000,0.227,2.95003,0,0,0,0,0,0.187505,0.027144,0.167750,0.032772,0.141602,0.038245,0.112797,0.042166,0.084293,0.040544,0.062817,0.032738,0.045994,0.018818,0.033563,-126.91,-90.42,-31.89,-2.25,68.19,88.46,169.57,178.06,-84.37,-92.92,25.92,-4.41,138.02,71.00,-112.32,0.0060,0.0032,0.0046,0.0063,0.0032,0.0003,0.0015,0.0020,0.0073,0.0054,0.0030,0.0059,0.0073,0.0066,0.0023
2026-08-05 09:30:11.013,8.816667,70,19,0.315650,0.0012,-149.39,0,0,0,60.0000,0.227,2.95003,0,0,0,0,0,0.165764,0.031436,0.151275,0.035118,0.133658,0.036593,0.112744,0.035914,0.088041,0.030913,0.063427,0.021994,0.038877,0.010925,0.019595,149.39,87.76,75.97,-0.88,6.76,-83.11,-63.54,-162.39,-132.62,119.39,159.28,43.41,92.41,-48.20,31.73,0.0060,0.0032,0.0046,0.0063,0.0032,0.0003,0.0015,0.0020,0.0073,0.0054,0.0030,0.0059,0.0073,0.0066,0.0023
2026-08-05 09:30:11.013,8.833333,70,20,0.306444,0.0039,5.75,0,0,0,60.0000,0.227,2.95003,0,0,0,0,0,0.159669,0.031134,0.145921,0.034486,0.129332,0.035802,0.109759,0.035793,0.086120,0.031912,0.062588,0.024392,0.038872,0.014998,0.019816,-5.75,137.56,-29.71,98.08,-49.40,64.53,-70.18,33.99,-89.58,4.04,-107.94,-24.86,-125.22,-66.88,-137.06,0.0060,0.0032,0.0046,0.0063,0.0032,0.0003,0.0015,0.0020,0.0073,0.0054,0.0030,0.0059,0.0073,0.0066,0.0023
2026-08-05 09:30:11.013,8.850000,70,21,0.315648,0.0121,14.61,0,0,0,60.0000,0.227,2.95003,0,0,0,0,0,0.162616,0.026464,0.149225,0.034359,0.132553,0.039811,0.112568,0.042791,0.089061,0.040546,0.065937,0.032845,0.042305,0.022420,0.023385,-14.61,108.48,-55.88,49.81,-93.31,1.17,-131.81,-43.66,-169.06,-87.78,154.22,-130.10,117.27,-179.11,83.44,0.0060,0.0032,0.0046,0.0063,0.0032,0.0003,0.0015,0.0020,0.0073,0.0054,0.0030,0.0059,0.0073,0.0066,0.0023
2026-08-05 09:30:11.013,8.866667,70,22,0.278169,-0.0098,164.35,0,0,0,60.0000,0.227,2.95003,0,0,0,0,0,0.141858,0.016963,0.130843,0.028752,0.114777,0.038583,0.098146,0.043374,0.077325,0.043250,0.056476,0.038178,0.036528,0.028015,0.018947,-164.35,131.36,-146.68,143.89,-124.68,162.16,-103.62,-179.25,-82.87,-158.66,-60.90,-139.29,-42.30,-123.62,-26.53,0.0060,0.0032,0.0046,0.0063,0.0032,0.0003,0.0015,0.0020,0.0073,0.0054,0.0030,0.0059,0.0073,0.0066,0.0023
2026-08-05 09:30:11.013,8.883333,70,23,0.308483,0.0111,13.90,0,0,0,60.0000,0.227,2.95003,0,0,0,0,0,0.160264,0.027670,0.147076,0.033061,0.129927,0.037334,0.110557,0.038174,0.087466,0.034362,0.063725,0.027203,0.041708,0.014941,0.021890,-13.90,114.75,-54.26,58.78,-90.57,10.79,-127.41,-34.86,-163.95,-76.52,161.55,-118.54,126.71,-166.66,96.19,0.0060,0.0032,0.0046,0.0063,0.0032,0.0003,0.0015,0.0020,0.0073,0.0054,0.0030,0.0059,0.0073,0.0066,0.0023
2026-08-05 09:30:11.013,8.900000,70,24,0.330447,0.0045,94.22,0,0,0,60.0000,0.227,2.95003,0,0,0,0,0,0.172658,0.024133,0.159193,0.031414,0.140153,0.037655,0.119185,0.039379,0.093330,0.036551,0.067723,0.029280,0.043398,0.017834,0.021891,-94.22,-54.65,65.40,88.51,-131.20,-119.36,31.70,35.49,-164.84,-167.29,0.16,-9.72,166.21,137.25,-24.25,0.0060,0.0032,0.0046,0.0063,0.0032,0.0003,0.0015,0.0020,0.0073,0.0054,0.0030,0.0059,0.0073,0.0066,0.0023
2026-08-05 09:30:11.013,8.916667,70,25,0.266170,0.0063,57.52,0,0,0,60.0000,0.227,2.95003,0,0,0,0,0,0.132691,0.015703,0.122361,0.026803,0.108558,0.035715,0.094109,0.041333,0.076292,0.042381,0.057742,0.039246,0.039457,0.032563,0.023491,-57.52,-10.71,173.05,-147.25,48.24,82.63,-77.59,-46.71,156.32,-174.01,31.44,57.93,-95.97,-75.15,132.64,0.0060,0.0032,0.0046,0.0063,0.0032,0.0003,0.0015,0.0020,0.0073,0.0054,0.0030,0.0059,0.0073,0.0066,0.0023
2026-08-05 09:30:11.013,8.933333,70,26,0.254309,0.0118,106.13,0,0,0,60.0000,0.227,2.95003,0,0,0,0,0,0.125941,0.014773,0.115471,0.026746,0.102341,0.036287,0.089184,0.041882,0.072250,0.042939,0.054346,0.040636,0.037937,0.033843,0.023448,-106.13,-121.02,26.63,9.74,163.94,145.44,-59.59,-79.90,76.86,55.47,-145.95,-169.64,-11.82,-38.43,120.33,0.0060,0.0032,0.0046,0.0063,0.0032,0.0003,0.0015,0.0020,0.0073,0.0054,0.0030,0.0059,0.0073,0.0066,0.0023
2026-08-05 09:30:11.013,8.950000,70,27,0.243859,0.0051,-77.27,0,0,0,60.0000,0.227,2.95003,0,0,0,0,0,0.120102,0.015604,0.109377,0.028493,0.096438,0.038623,0.083994,0.044200,0.067281,0.045034,0.049865,0.042750,0.034883,0.035519,0.022659,77.27,-139.36,-144.03,10.57,-0.83,158.04,141.57,-58.13,-76.20,85.00,65.43,-132.05,-157.60,8.10,-24.12,0.0060,0.0032,0.0046,0.0063,0.0032,0.0003,0.0015,0.0020,0.0073,0.0054,0.0030,0.0059,0.0073,0.0066,0.0023
2026-08-05 09:30:11.013,8.966667,70,28,0.275144,0.0037,-112.18,0,0,0,60.0000,0.227,2.95003,0,0,0,0,0,0.144501,0.012050,0.128610,0.023481,0.107494,0.036502,0.086637,0.047257,0.065160,0.052729,0.048057,0.051798,0.037260,0.041391,0.028262,112.18,-41.18,-37.29,150.54,176.00,-2.32,26.16,-151.58,-126.77,62.72,77.39,-80.33,-81.16,137.26,125.86,0.0060,0.0032,0.0046,0.0063,0.0032,0.0003,0.0015,0.0020,0.0073,0.0054,0.0030,0.0059,0.0073,0.0066,0.0023
2026-08-05 09:30:11.013,8.983333,70,29,0.338915,-0.0013,156.73,0,0,0,60.0000,0.227,2.95003,0,0,0,0,0,0.199014,0.051459,0.175655,0.033944,0.141426,0.011150,0.102305,0.016166,0.060880,0.035572,0.025433,0.046443,0.004038,0.045586,0.015351,-156.73,-138.09,-119.81,-93.60,-79.88,-35.75,-41.29,138.56,-2.98,-171.39,33.48,-128.65,-25.24,-90.74,-48.08,0.0060,0.0032,0.0046,0.0063,0.0032,0.0003,0.0015,0.0020,0.0073,0.0054,0.0030,0.0059,0.0073,0.0066,0.0023
2026-08-05 09:30:11.248,9.000000,71,0,0.346594,-0.0083,-124.57,0,0,0,60.0000,0.467,1.87549,0,0,0,0,0,0.191435,0.020594,0.168017,0.031225,0.135938,0.046158,0.100592,0.060217,0.067232,0.065567,0.043507,0.059113,0.027160,0.041823,0.016185,124.57,109.77,3.44,29.68,-112.90,-70.19,131.86,179.19,21.75,62.18,-82.91,-58.09,174.05,173.87,59.00,0.0154,0.0181,0.0056,0.0084,0.0049,0.0072,0.0050,0.0021,0.0048,0.0062,0.0083,0.0055,0.0050,0.0063,0.0085
2026-08-05 09:30:11.248,9.016667,71,1,0.318824,0.0136,13.36,0,0,0,60.0000,0.467,1.87549,0,0,0,0,0,0.168804,0.020698,0.152596,0.038819,0.132269,0.050023,0.107953,0.054868,0.079970,0.051758,0.053110,0.041285,0.027868,0.026511,0.009883,-13.36,-122.08,-51.92,-158.25,-86.57,165.74,-122.72,130.24,-158.39,94.27,165.28,58.87,126.03,18.62,75.63,0.0154,0.0181,0.0056,0.0084,0.0049,0.0072,0.0050,0.0021,0.0048,0.0062,0.0083,0.0055,0.0050,0.0063,0.0085
2026-08-05 09:30:11.248,9.033333,71,2,0.320449,-0.0003,-131.68,0,0,0,60.0000,0.467,1.87549,0,0,0,0,0,0.167661,0.025430,0.151988,0.042564,0.131900,0.053493,0.107377,0.058390,0.079329,0.055526,0.052952,0.044933,0.028102,0.029418,0.010480,131.68,135.21,23.51,44.15,-80.99,-55.57,172.92,-156.98,67.51,100.01,-38.40,-2.32,-147.91,-106.61,89.11,0.0154,0.0181,0.0056,0.0084,0.0049,0.0072,0.0050,0.0021,0.0048,0.0062,0.0083,0.0055,0.0050,0.0063,0.0085
2026-08-05 09:30:11.248,9.050000,71,3,0.361644,0.0086,142.19,0,0,0,60.0000,0.467,1.87549,0,0,0,0,0,0.190235,0.042059,0.172582,0.057408,0.147509,0.066820,0.115883,0.070034,0.081794,0.063390,0.049911,0.048258,0.020861,0.028468,0.003735,-142.19,-71.62,-77.07,14.36,-8.88,91.71,58.30,166.03,126.26,-122.29,-167.23,-48.78,-104.59,26.35,-105.01,0.0154,0.0181,0.0056,0.0084,0.0049,0.0072,0.0050,0.0021,0.0048,0.0062,0.0083,0.0055,0.0050,0.0063,0.0085
2026-08-05 09:30:11.248,9.066667,71,4,0.338027,-0.0072,133.63,0,0,0,60.0000,0.467,1.87549,0,0,0,0,0,0.179658,0.023107,0.162967,0.041700,0.139942,0.054385,0.113882,0.058540,0.083194,0.054708,0.054634,0.043176,0.028440,0.025559,0.008746,-133.63,-0.04,-53.06,81.87,31.67,164.59,115.46,-112.41,-160.10,-28.34,-73.92,55.75,12.09,138.75,108.79,0.0154,0.0181,0.0056,0.0084,0.0049,0.0072,0.0050,0.0021,0.0048,0.0062,0.0083,0.0055,0.0050,0.0063,0.0085
2026-08-05 09:30:11.248,9.083333,71,5,0.295689,0.0111,63.40,0,0,0,60.0000,0.467,1.87549,0,0,0,0,0,0.153332,0.020994,0.139578,0.036114,0.121350,0.046999,0.100769,0.052348,0.076824,0.050181,0.053023,0.042752,0.031836,0.028603,0.014191,-63.40,114.19,156.96,-12.11,21.31,-143.70,-115.36,81.42,107.52,-52.86,-28.83,171.86,-169.18,33.35,41.82,0.0154,0.0181,0.0056,0.0084,0.0049,0.0072,0.0050,0.0021,0.0048,0.0062,0.0083,0.0055,0.0050,0.0063,0.0085
2026-08-05 09:30:11.248,9.100000,71,6,0.308251,-0.0016,142.90,0,0,0,60.0000,0.467,1.87549,0,0,0,0,0,0.159500,0.026645,0.145054,0.043089,0.124300,0.055568,0.101292,0.061087,0.073996,0.058758,0.047779,0.049583,0.024449,0.033704,0.007238,-142.90,-54.85,-81.25,23.91,-15.68,94.93,48.79,162.43,113.07,-130.62,177.29,-63.95,-123.38,-1.56,-98.49,0.0154,0.0181,0.0056,0.0084,0.0049,0.0072,0.0050,0.0021,0.0048,0.0062,0.0083,0.0055,0.0050,0.0063,0.0085
2026-08-05 09:30:11.248,9.116667,71,7,0.297328,0.0148,-52.57,0,0,0,60.0000,0.467,1.87549,0,0,0,0,0,0.154438,0.016739,0.141346,0.030177,0.123911,0.039852,0.105081,0.044296,0.082075,0.042789,0.059260,0.036087,0.037610,0.024217,0.018895,52.57,14.49,145.11,105.15,-118.34,-159.72,-22.39,-65.70,73.89,29.67,171.88,124.88,-90.12,-144.92,9.07,0.0154,0.0181,0.0056,0.0084,0.0049,0.0072,0.0050,0.0021,0.0048,0.0062,0.0083,0.0055,0.0050,0.0063,0.0085
2026-08-05 09:30:11.248,9.133333,71,8,0.322768,0.0111,-84.19,0,0,0,60.0000,0.467,1.87549,0,0,0,0,0,0.169136,0.030533,0.153776,0.045044,0.131987,0.055808,0.107388,0.059613,0.078678,0.055149,0.051132,0.044533,0.027184,0.027412,0.009857,84.19,28.43,-119.98,-155.04,39.68,12.39,-161.59,175.43,-2.96,-22.61,155.88,138.59,-50.58,-62.54,85.97,0.0154,0.0181,0.0056,0.0084,0.0049,0.0072,0.0050,0.0021,0.0048,0.0062,0.0083,0.0055,0.0050,0.0063,0.0085
2026-08-05 09:30:11.248,9.150000,71,9,0.286257,-0.0016,-28.99,0,0,0,60.0000,0.467,1.87549,0,0,0,0,0,0.147995,0.018144,0.135312,0.029239,0.118710,0.038307,0.101440,0.042220,0.079724,0.040880,0.057124,0.036119,0.036870,0.026108,0.019861,28.99,-9.58,74.38,23.93,123.52,67.73,171.99,112.34,-139.12,157.76,-89.57,-157.28,-42.49,-116.22,4.42,0.0154,0.0181,0.0056,0.0084,0.0049,0.0072,0.0050,0.0021,0.0048,0.0062,0.0083,0.0055,0.0050,0.0063,0.0085
2026-08-05 09:30:11.248,9.166667,71,10,0.285537,0.0028,-84.01,0,0,0,60.0000,0.467,1.87549,0,0,0,0,0,0.149846,0.013030,0.133663,0.022909,0.112047,0.035815,0.090865,0.047140,0.069240,0.053115,0.051910,0.052346,0.040313,0.041549,0.029560,84.01,95.59,-120.95,-135.66,36.64,11.99,-168.84,165.44,-17.02,-36.75,132.83,123.85,-78.36,-75.80,76.82,0.0154,0.0181,0.0056,0.0084,0.0049,0.0072,0.0050,0.0021,0.0048,0.0062,0.0083,0.0055,0.0050,0.0063,0.0085
2026-08-05 09:30:11.248,9.183333,71,11,0.336839,0.0096,28.02,0,0,0,60.0000,0.467,1.87549,0,0,0,0,0,0.195952,0.041924,0.174144,0.026482,0.142476,0.005958,0.106562,0.016333,0.067638,0.034136,0.033585,0.044400,0.008456,0.044123,0.009102,-28.02,-62.99,-93.77,-124.97,-156.51,168.19,139.36,-70.12,74.93,-133.96,9.03,163.41,-80.59,97.16,91.68,0.0154,0.0181,0.0056,0.0084,0.0049,0.0072,0.0050,0.0021,0.0048,0.0062,0.0083,0.0055,0.0050,0.0063,0.0085
2026-08-05 09:30:11.248,9.200000,71,12,0.312825,-0.0012,149.33,0,0,0,60.0000,0.467,1.87549,0,0,0,0,0,0.167602,0.009237,0.149279,0.020983,0.124841,0.032883,0.098238,0.044163,0.071103,0.050276,0.050221,0.049099,0.035265,0.041604,0.026990,-149.33,177.37,-99.60,-126.18,-45.08,-70.46,9.94,-17.67,68.80,31.97,132.36,79.74,-162.59,119.70,-101.69,0.0154,0.0181,0.0056,0.0084,0.0049,0.0072,0.0050,0.0021,0.0048,0.0062,0.0083,0.0055,0.0050,0.0063,0.0085
2026-08-05 09:30:11.248,9.216667,71,13,0.315001,-0.0011,165.49,0,0,0,60.0000,0.467,1.87549,0,0,0,0,0,0.158807,0.034374,0.146127,0.035359,0.131626,0.034997,0.115113,0.034857,0.094328,0.033070,0.072918,0.029083,0.049916,0.024496,0.030017,-165.49,-176.28,-149.50,-172.99,-129.09,-167.60,-109.61,-161.23,-88.96,-154.40,-67.34,-145.42,-45.55,-141.82,-20.97,0.0154,0.0181,0.0056,0.0084,0.0049,0.0072,0.0050,0.0021,0.0048,0.0062,0.0083,0.0055,0.0050,0.0063,0.0085
2026-08-05 09:30:11.248,9.233333,71,14,0.279832,0.0060,39.98,0,0,0,60.0000,0.467,1.87549,0,0,0,0,0,0.134046,0.016596,0.123099,0.031966,0.110793,0.043018,0.096812,0.050902,0.079056,0.054244,0.061222,0.051582,0.042590,0.045191,0.026764,-39.98,-2.05,-132.94,-89.94,138.34,-179.08,48.03,92.96,-41.32,4.25,-130.30,-84.04,138.54,-174.25,46.31,0.0154,0.0181,0.0056,0.0084,0.0049,0.0072,0.0050,0.0021,0.0048,0.0062,0.0083,0.0055,0.0050,0.0063,0.0085
2026-08-05 09:30:11.248,9.250000,71,15,0.264209,-0.0049,-129.49,0,0,0,60.0000,0.467,1.87549,0,0,0,0,0,0.125331,0.014487,0.115563,0.026041,0.105122,0.034718,0.093675,0.041846,0.078923,0.045207,0.063990,0.043340,0.047309,0.039071,0.032631,129.49,2.15,14.45,-120.45,-96.17,124.48,152.00,12.37,41.30,-100.29,-69.04,148.50,178.81,35.55,67.05,0.0154,0.0181,0.0056,0.0084,0.0049,0.0072,0.0050,0.0021,0.0048,0.0062,0.0083,0.0055,0.0050,0.0063,0.0085
2026-08-05 09:30:11.248,9.266667,71,16,0.261857,-0.1531,170.15,0,0,0,60.0000,0.467,1.87549,0,0,0,0,0,0.130873,0.016307,0.119789,0.028811,0.105528,0.038851,0.091138,0.044291,0.072852,0.045143,0.054514,0.041110,0.037407,0.032802,0.022792,-170.15,114.31,-165.35,117.13,-155.83,123.97,-147.71,131.18,-140.14,139.46,-131.62,146.85,-127.39,150.19,-127.05,0.0154,0.0181,0.0056,0.0084,0.0049,0.0072,0.0050,0.0021,0.0048,0.0062,0.0083,0.0055,0.0050,0.0063,0.0085
2026-08-05 09:30:11.248,9.283333,71,17,0.279551,0.0980,-2.55,0,0,0,60.0000,0.467,1.87549,0,0,0,0,0,0.142675,0.017157,0.131190,0.027220,0.115851,0.035454,0.099679,0.039790,0.080065,0.038845,0.059548,0.034262,0.040638,0.024822,0.023210,2.55,118.27,-5.57,98.82,-9.66,88.71,-14.57,79.34,-19.51,72.29,-23.11,63.92,-28.77,49.46,-35.85,0.0154,0.0181,0.0056,0.0084,0.0049,0.0072,0.0050,0.0021,0.0048,0.0062,0.0083,0.0055,0.0050,0.0063,0.0085
2026-08-05 09:30:11.248,9.300000,71,18,0.297846,0.0809,-7.58,0,0,0,60.0000,0.467,1.87549,0,0,0,0,0,0.151494,0.022427,0.139537,0.029140,0.124173,0.035880,0.107702,0.039160,0.086833,0.038921,0.065484,0.034736,0.044428,0.026556,0.025019,7.58,149.74,10.00,134.82,16.35,129.83,22.34,127.09,28.63,127.68,36.56,128.70,44.52,123.70,52.66,0.0154,0.0181,0.0056,0.0084,0.0049,0.0072,0.0050,0.0021,0.0048,0.0062,0.0083,0.0055,0.0050,0.0063,0.0085
2026-08-05 09:30:11.248,9.316667,71,19,0.267893,0.0003,-32.57,0,0,0,60.0000,0.467,1.87549,0,0,0,0,0,0.131416,0.016167,0.121199,0.029201,0.107541,0.039563,0.093356,0.046512,0.075783,0.048082,0.057412,0.044990,0.039585,0.037749,0.024405,32.57,140.33,83.19,-162.11,138.41,-106.17,-167.37,-51.83,-113.45,3.66,-58.41,58.38,-6.22,109.45,41.32,0.0154,0.0181,0.0056,0.0084,0.0049,0.0072,0.0050,0.0021,0.0048,0.0062,0.0083,0.0055,0.0050,0.0063,0.0085
2026-08-05 09:30:11.248,9.333333,71,20,0.286855,0.0014,-56.98,0,0,0,60.0000,0.467,1.87549,0,0,0,0,0,0.146523,0.021354,0.134592,0.028455,0.118910,0.035523,0.102768,0.038887,0.082421,0.038090,0.060884,0.034537,0.040723,0.027127,0.022875,56.98,-114.08,157.92,-30.48,-97.24,63.15,6.92,159.77,111.62,-102.04,-142.48,-4.32,-38.25,87.82,66.32,0.0154,0.0181,0.0056,0.0084,0.0049,0.0072,0.0050,0.0021,0.0048,0.0062,0.0083,0.0055,0.0050,0.0063,0.0085
2026-08-05 09:30:11.248,9.350000,71,21,0.270556,-0.0033,-67.24,0,0,0,60.0000,0.467,1.87549,0,0,0,0,0,0.133214,0.016110,0.122368,0.028057,0.108913,0.038132,0.095790,0.043721,0.078057,0.044989,0.059076,0.043262,0.042135,0.036355,0.027155,67.24,-122.34,-172.68,-10.03,-48.40,110.85,75.37,-128.09,-160.49,-6.62,-35.86,115.37,86.15,-124.85,-152.11,0.0154,0.0181,0.0056,0.0084,0.0049,0.0072,0.0050,0.0021,0.0048,0.0062,0.0083,0.0055,0.0050,0.0063,0.0085
2026-08-05 09:30:11.248,9.366667,71,22,0.313950,0.0089,44.95,0,0,0,60.0000,0.467,1.87549,0,0,0,0,0,0.166419,0.015465,0.151188,0.027922,0.130580,0.038659,0.108577,0.044492,0.082929,0.044778,0.058620,0.040440,0.038449,0.028821,0.022767,-44.95,6.81,-147.45,-105.53,113.35,150.55,12.88,47.49,-88.20,-54.05,170.21,-154.54,64.65,103.84,-41.07,0.0154,0.0181,0.0056,0.0084,0.0049,0.0072,0.0050,0.0021,0.0048,0.0062,0.0083,0.0055,0.0050,0.0063,0.0085
2026-08-05 09:30:11.248,9.383333,71,23,0.313328,-0.0031,-127.64,0,0,0,60.0000,0.467,1.87549,0,0,0,0,0,0.174597,0.039395,0.156702,0.026608,0.131054,0.009688,0.102267,0.011393,0.069210,0.029277,0.038008,0.042363,0.012731,0.047526,0.008350,127.64,66.35,12.22,-47.72,-99.96,-173.93,146.76,-71.27,33.36,166.31,-80.75,52.89,149.09,-62.15,-82.25,0.0154,0.0181,0.0056,0.0084,0.0049,0.0072,0.0050,0.0021,0.0048,0.0062,0.0083,0.0055,0.0050,0.0063,0.0085
2026-08-05 09:30:11.248,9.400000,71,24,0.262051,0.0015,118.50,0,0,0,60.0000,0.467,1.87549,0,0,0,0,0,0.137445,0.011182,0.121868,0.014093,0.101951,0.022722,0.080894,0.034099,0.058943,0.042880,0.042465,0.046129,0.031047,0.044226,0.025667,-118.50,-30.90,-8.15,131.59,107.54,-88.93,-136.12,34.60,-15.17,149.35,112.04,-99.07,-117.72,6.10,9.03,0.0154,0.0181,0.0056,0.0084,0.0049,0.0072,0.0050,0.0021,0.0048,0.0062,0.0083,0.0055,0.0050,0.0063,0.0085
2026-08-05 09:30:11.248,9.416667,71,25,0.250276,-0.0306,135.43,0,0,0,60.0000,0.467,1.87549,0,0,0,0,0,0.124735,0.012905,0.113489,0.024673,0.101528,0.032768,0.088632,0.038455,0.072348,0.040039,0.055841,0.036838,0.037971,0.031832,0.023119,-135.43,0.15,-60.36,73.01,19.56,148.21,97.84,-134.75,177.19,-58.40,-102.76,18.32,-23.86,91.32,56.39,0.0154,0.0181,0.0056,0.0084,0.0049,0.0072,0.0050,0.0021,0.0048,0.0062,0.0083,0.0055,0.0050,0.0063,0.0085
2026-08-05 09:30:11.248,9.433333,71,26,0.254578,0.0025,-70.50,0,0,0,60.0000,0.467,1.87549,0,0,0,0,0,0.126085,0.014316,0.114979,0.027283,0.102751,0.036168,0.089290,0.042170,0.072311,0.044104,0.055664,0.040551,0.038110,0.034345,0.023583,70.50,38.64,-162.51,170.32,-30.92,-59.08,99.00,72.05,-130.10,-157.94,1.27,-27.70,130.60,99.08,-100.52,0.0154,0.0181,0.0056,0.0084,0.0049,0.0072,0.0050,0.0021,0.0048,0.0062,0.0083,0.0055,0.0050,0.0063,0.0085
2026-08-05 09:30:11.248,9.450000,71,27,0.275874,0.0106,28.01,0,0,0,60.0000,0.467,1.87549,0,0,0,0,0,0.141742,0.018075,0.128866,0.032884,0.113089,0.042471,0.094637,0.047928,0.073196,0.047407,0.052965,0.040377,0.032601,0.030274,0.017344,-28.01,-168.94,-96.95,132.48,-162.00,69.29,131.35,5.42,65.30,-60.50,-1.51,-126.35,-71.85,163.23,-146.59,0.0154,0.0181,0.0056,0.0084,0.0049,0.0072,0.0050,0.0021,0.0048,0.0062,0.0083,0.0055,0.0050,0.0063,0.0085
2026-08-05 09:30:11.248,9.466667,71,28,0.318090,-0.0188,123.81,0,0,0,60.0000,0.467,1.87549,0,0,0,0,0,0.166629,0.034396,0.150955,0.051018,0.126541,0.063578,0.099450,0.067607,0.068192,0.062418,0.039536,0.049450,0.015288,0.029759,0.006930,-123.81,-24.95,-23.77,94.64,80.10,-154.10,-177.18,-47.18,-75.04,59.50,26.91,165.05,116.65,-90.15,117.80,0.0154,0.0181,0.0056,0.0084,0.0049,0.0072,0.0050,0.0021,0.0048,0.0062,0.0083,0.0055,0.0050,0.0063,0.0085
2026-08-05 09:30:11.248,9.483333,71,29,0.284273,0.0023,32.84,0,0,0,60.0000,0.467,1.87549,0,0,0,0,0,0.146488,0.030438,0.132704,0.044436,0.112735,0.055277,0.090695,0.059976,0.065273,0.056588,0.041057,0.047200,0.020646,0.031248,0.008105,-32.84,153.79,-111.71,95.16,173.44,28.12,97.38,-43.69,20.35,-116.17,-56.79,169.65,-143.82,91.44,88.97,0.0154,0.0181,0.0056,0.0084,0.0049,0.0072,0.0050,0.0021,0.0048,0.0062,0.0083,0.0055,0.0050,0.0063,0.0085
2026-08-05 09:30:11.512,9.500000,72,0,0.296943,0.0025,18.00,0,0,0,60.0000,0.239,1.73516,0,0,0,0,0,0.155527,0.019343,0.141603,0.031696,0.123680,0.040985,0.103921,0.044895,0.079820,0.043256,0.056044,0.036339,0.033569,0.024734,0.014420,-18.00,-103.66,-66.50,-164.28,-111.18,145.59,-156.46,95.75,158.19,47.80,114.15,-0.82,69.40,-57.16,22.10,0.0100,0.0035,0.0104,0.0057,0.0024,0.0010,0.0048,0.0020,0.0032,0.0029,0.0045,0.0035,0.0068,0.0034,0.0021
2026-08-05 09:30:11.512,9.516667,72,1,0.252034,-0.0058,-120.56,0,0,0,60.0000,0.239,1.73516,0,0,0,0,0,0.125769,0.016901,0.114571,0.030207,0.100348,0.040499,0.085697,0.046556,0.067780,0.047100,0.049708,0.043027,0.032705,0.034857,0.019049,120.56,129.00,-12.90,5.49,-141.94,-121.08,87.85,109.56,-42.96,-19.33,-173.07,-149.45,52.88,74.97,-88.97,0.0100,0.0035,0.0104,0.0057,0.0024,0.0010,0.0048,0.0020,0.0032,0.0029,0.0045,0.0035,0.0068,0.0034,0.0021
2026-08-05 09:30:11.512,9.533333,72,2,0.260115,-0.0029,87.66,0,0,0,60.0000,0.239,1.73516,0,0,0,0,0,0.126138,0.017759,0.115490,0.031437,0.101866,0.042608,0.088522,0.049632,0.071375,0.051234,0.053255,0.048821,0.036748,0.041329,0.022521,-87.66,67.46,82.40,-110.16,-103.21,67.99,70.22,-116.66,-116.44,58.48,57.29,-127.04,-132.34,44.56,33.63,0.0100,0.0035,0.0104,0.0057,0.0024,0.0010,0.0048,0.0020,0.0032,0.0029,0.0045,0.0035,0.0068,0.0034,0.0021
2026-08-05 09:30:11.512,9.550000,72,3,0.271519,0.0158,-21.58,0,0,0,60.0000,0.239,1.73516,0,0,0,0,0,0.134891,0.026155,0.122153,0.040445,0.105703,0.051761,0.088531,0.057495,0.067252,0.056851,0.045953,0.051802,0.028688,0.040738,0.017214,21.58,-95.62,50.22,-45.79,82.93,-4.55,114.41,31.81,145.35,66.41,174.63,100.06,-164.52,131.06,-155.15,0.0100,0.0035,0.0104,0.0057,0.0024,0.0010,0.0048,0.0020,0.0032,0.0029,0.0045,0.0035,0.0068,0.0034,0.0021
2026-08-05 09:30:11.512,9.566667,72,4,0.247318,0.0026,139.27,0,0,0,60.0000,0.239,1.73516,0,0,0,0,0,0.121561,0.012600,0.110383,0.023859,0.096799,0.034221,0.084161,0.041973,0.068334,0.045859,0.052500,0.046050,0.039183,0.039874,0.026565,-139.27,-14.88,-72.61,48.01,-1.98,116.77,67.34,-174.93,136.32,-105.05,-154.56,-33.76,-87.45,35.37,-18.15,0.0100,0.0035,0.0104,0.0057,0.0024,0.0010,0.0048,0.0020,0.0032,0.0029,0.0045,0.0035,0.0068,0.0034,0.0021
2026-08-05 09:30:11.512,9.583333,72,5,0.295129,-0.0116,-143.05,0,0,0,60.0000,0.239,1.73516,0,0,0,0,0,0.165512,0.039453,0.147179,0.025764,0.121170,0.007466,0.092111,0.014260,0.059379,0.032831,0.029655,0.045797,0.006664,0.050156,0.010648,143.05,-82.55,58.65,-164.75,-22.41,100.84,-104.80,-136.01,172.71,137.46,89.51,56.07,-21.88,-27.82,130.39,0.0100,0.0035,0.0104,0.0057,0.0024,0.0010,0.0048,0.0020,0.0032,0.0029,0.0045,0.0035,0.0068,0.0034,0.0021
2026-08-05 09:30:11.512,9.600000,72,6,0.261180,0.0063,125.43,0,0,0,60.0000,0.239,1.73516,0,0,0,0,0,0.134756,0.016003,0.119435,0.018148,0.099932,0.026397,0.079353,0.038201,0.057285,0.047979,0.040049,0.051850,0.028003,0.049979,0.022504,-125.43,130.92,-28.63,-86.02,73.31,42.81,175.42,157.02,-78.47,-98.06,33.60,3.05,148.46,98.15,-98.53,0.0100,0.0035,0.0104,0.0057,0.0024,0.0010,0.0048,0.0020,0.0032,0.0029,0.0045,0.0035,0.0068,0.0034,0.0021
2026-08-05 09:30:11.512,9.616667,72,7,0.256088,0.0060,63.62,0,0,0,60.0000,0.239,1.73516,0,0,0,0,0,0.121641,0.014373,0.111296,0.027360,0.100441,0.037108,0.089298,0.044394,0.074349,0.047703,0.058859,0.045997,0.042236,0.041617,0.027835,-63.62,-30.19,154.93,-175.62,18.29,43.40,-119.83,-95.01,103.00,126.56,-33.71,-10.65,-172.47,-150.30,49.14,0.0100,0.0035,0.0104,0.0057,0.0024,0.0010,0.0048,0.0020,0.0032,0.0029,0.0045,0.0035,0.0068,0.0034,0.0021
2026-08-05 09:30:11.512,9.633333,72,8,0.252610,0.0019,82.63,0,0,0,60.0000,0.239,1.73516,0,0,0,0,0,0.119229,0.014556,0.109208,0.027751,0.098705,0.037642,0.087401,0.045044,0.072433,0.048650,0.057364,0.047096,0.041053,0.042746,0.027128,-82.63,-94.79,98.00,94.50,-76.75,-80.25,106.93,105.99,-68.26,-69.07,117.00,116.39,-59.70,-60.72,122.89,0.0100,0.0035,0.0104,0.0057,0.0024,0.0010,0.0048,0.0020,0.0032,0.0029,0.0045,0.0035,0.0068,0.0034,0.0021
2026-08-05 09:30:11.512,9.650000,72,9,0.262265,0.0065,-23.93,0,0,0,60.0000,0.239,1.73516,0,0,0,0,0,0.123870,0.014634,0.113926,0.027762,0.103147,0.037506,0.091364,0.045308,0.076260,0.049011,0.061065,0.047114,0.044246,0.042619,0.029520,23.93,133.26,57.62,168.23,95.81,-155.24,132.67,-117.10,170.70,-79.98,-150.96,-41.63,-114.78,-5.34,-78.28,0.0100,0.0035,0.0104,0.0057,0.0024,0.0010,0.0048,0.0020,0.0032,0.0029,0.0045,0.0035,0.0068,0.0034,0.0021
2026-08-05 09:30:11.512,9.666667,72,10,0.259344,-0.0072,-169.15,0,0,0,60.0000,0.239,1.73516,0,0,0,0,0,0.122410,0.015991,0.112907,0.029143,0.100582,0.040414,0.088909,0.048073,0.073371,0.051381,0.056967,0.050179,0.040991,0.044374,0.026049,169.15,64.68,132.27,29.75,100.24,-3.67,67.26,-37.07,34.23,-69.08,2.63,-101.53,-31.97,-136.01,-68.16,0.0100,0.0035,0.0104,0.0057,0.0024,0.0010,0.0048,0.0020,0.0032,0.0029,0.0045,0.0035,0.0068,0.0034,0.0021
2026-08-05 09:30:11.512,9.683333,72,11,0.255751,-0.0018,125.32,0,0,0,60.0000,0.239,1.73516,0,0,0,0,0,0.122636,0.015024,0.112845,0.026914,0.101043,0.036590,0.089135,0.043677,0.074309,0.045747,0.057840,0.044614,0.042555,0.038448,0.027515,-125.32,-153.75,-30.69,-63.00,68.39,33.55,166.79,130.06,-95.05,-131.63,4.26,-33.56,101.30,61.38,-164.36,0.0100,0.0035,0.0104,0.0057,0.0024,0.0010,0.0048,0.0020,0.0032,0.0029,0.0045,0.0035,0.0068,0.0034,0.0021
2026-08-05 09:30:11.512,9.700000,72,12,0.254305,0.0096,52.60,0,0,0,60.0000,0.239,1.73516,0,0,0,0,0,0.123413,0.014764,0.113812,0.025169,0.101721,0.034228,0.090127,0.040337,0.074746,0.042395,0.058499,0.040653,0.042362,0.035152,0.027236,-52.60,-0.37,-172.42,-128.71,72.21,111.49,-43.73,-7.83,-159.65,-125.08,85.76,118.16,-30.23,-3.36,-148.75,0.0100,0.0035,0.0104,0.0057,0.0024,0.0010,0.0048,0.0020,0.0032,0.0029,0.0045,0.0035,0.0068,0.0034,0.0021
2026-08-05 09:30:11.512,9.716667,72,13,0.257118,0.0110,30.73,0,0,0,60.0000,0.239,1.73516,0,0,0,0,0,0.123529,0.015409,0.113935,0.025684,0.102312,0.034718,0.090879,0.041164,0.076014,0.043717,0.060062,0.042429,0.043836,0.037345,0.029074,-30.73,48.50,-106.94,-37.77,-178.64,-114.53,109.09,169.28,36.69,95.97,-34.17,22.79,-106.93,-53.84,177.69,0.0100,0.0035,0.0104,0.0057,0.0024,0.0010,0.0048,0.0020,0.0032,0.0029,0.0045,0.0035,0.0068,0.0034,0.0021
2026-08-05 09:30:11.512,9.733333,72,14,0.250206,0.0051,-47.97,0,0,0,60.0000,0.239,1.73516,0,0,0,0,0,0.122946,0.014942,0.112869,0.025320,0.100280,0.034440,0.088127,0.040196,0.072310,0.041627,0.055199,0.039940,0.039114,0.034282,0.024576,47.97,-158.43,129.20,-86.31,-145.22,-5.39,-60.31,76.09,24.76,158.92,110.90,-118.30,-165.46,-39.12,-83.24,0.0100,0.0035,0.0104,0.0057,0.0024,0.0010,0.0048,0.0020,0.0032,0.0029,0.0045,0.0035,0.0068,0.0034,0.0021
2026-08-05 09:30:11.512,9.750000,72,15,0.256966,-0.0054,101.12,0,0,0,60.0000,0.239,1.73516,0,0,0,0,0,0.121724,0.013616,0.112269,0.025018,0.101270,0.034911,0.091203,0.041249,0.076926,0.043909,0.060834,0.044067,0.046067,0.039332,0.032335,-101.12,-108.34,41.42,30.62,-171.66,176.60,-24.97,-38.14,122.03,107.70,-90.33,-105.58,54.92,39.89,-159.89,0.0100,0.0035,0.0104,0.0057,0.0024,0.0010,0.0048,0.0020,0.0032,0.0029,0.0045,0.0035,0.0068,0.0034,0.0021
2026-08-05 09:30:11.512,9.766667,72,16,0.295993,-0.0008,-172.24,0,0,0,60.0000,0.239,1.73516,0,0,0,0,0,0.149376,0.016156,0.133936,0.031973,0.113540,0.047229,0.093314,0.058895,0.071960,0.064319,0.053719,0.062732,0.039915,0.051481,0.027744,172.24,48.06,142.98,21.95,116.48,-3.28,87.48,-28.52,56.46,-52.09,24.09,-73.88,-10.56,-95.55,-41.78,0.0100,0.0035,0.0104,0.0057,0.0024,0.0010,0.0048,0.0020,0.0032,0.0029,0.0045,0.0035,0.0068,0.0034,0.0021
2026-08-05 09:30:11.512,9.783333,72,17,0.311889,-0.0011,-83.16,0,0,0,60.0000,0.239,1.73516,0,0,0,0,0,0.175767,0.043552,0.157304,0.030106,0.130953,0.012310,0.101383,0.009471,0.068290,0.027038,0.038074,0.039556,0.015471,0.043849,0.009897,83.16,-22.14,-121.02,135.38,37.84,-76.36,-164.72,-60.92,-8.15,83.59,145.95,-118.84,-80.36,36.56,1.97,0.0100,0.0035,0.0104,0.0057,0.0024,0.0010,0.0048,0.0020,0.0032,0.0029,0.0045,0.0035,0.0068,0.0034,0.0021
2026-08-05 09:30:11.512,9.800000,72,18,0.271038,-0.0036,-90.02,0,0,0,60.0000,0.239,1.73516,0,0,0,0,0,0.139810,0.016421,0.123652,0.016974,0.102568,0.025596,0.080280,0.039130,0.056786,0.050535,0.039044,0.055847,0.027418,0.055027,0.023222,90.02,18.46,-102.41,-124.61,70.37,80.12,-116.38,-94.49,61.40,80.40,-113.74,-108.36,75.80,57.03,-98.40,0.0100,0.0035,0.0104,0.0057,0.0024,0.0010,0.0048,0.0020,0.0032,0.0029,0.0045,0.0035,0.0068,0.0034,0.0021
2026-08-05 09:30:11.512,9.816667,72,19,0.252676,0.0006,138.13,0,0,0,60.0000,0.239,1.73516,0,0,0,0,0,0.125291,0.013480,0.113983,0.025183,0.102081,0.033505,0.089242,0.039235,0.072986,0.041092,0.056372,0.038193,0.038667,0.033486,0.023975,-138.13,0.93,-68.46,65.97,5.99,134.93,78.74,-153.73,152.42,-82.95,-133.60,-11.83,-61.47,55.54,10.86,0.0100,0.0035,0.0104,0.0057,0.0024,0.0010,0.0048,0.0020,0.0032,0.0029,0.0045,0.0035,0.0068,0.0034,0.0021
2026-08-05 09:30:11.512,9.833333,72,20,0.256774,0.0009,103.87,0,0,0,60.0000,0.239,1.73516,0,0,0,0,0,0.128804,0.014858,0.117165,0.028038,0.104143,0.036845,0.089595,0.042539,0.071658,0.043694,0.054309,0.039608,0.036188,0.032758,0.021479,-103.87,63.17,34.52,-159.75,177.44,-20.21,-41.45,120.99,100.64,-98.68,-117.20,41.60,22.78,177.77,161.64,0.0100,0.0035,0.0104,0.0057,0.0024,0.0010,0.0048,0.0020,0.0032,0.0029,0.0045,0.0035,0.0068,0.0034,0.0021
2026-08-05 09:30:11.512,9.850000,72,21,0.247016,-0.0009,89.90,0,0,0,60.0000,0.239,1.73516,0,0,0,0,0,0.123353,0.013806,0.112513,0.024808,0.100449,0.032210,0.087398,0.037752,0.071013,0.039125,0.054995,0.035676,0.037586,0.030341,0.023224,-89.90,102.46,75.88,-99.20,-113.65,65.78,55.19,-126.85,-134.81,39.29,35.48,-153.68,-156.31,9.43,12.12,0.0100,0.0035,0.0104,0.0057,0.0024,0.0010,0.0048,0.0020,0.0032,0.0029,0.0045,0.0035,0.0068,0.0034,0.0021
2026-08-05 09:30:11.512,9.866667,72,22,0.250259,0.0016,-0.89,0,0,0,60.0000,0.239,1.73516,0,0,0,0,0,0.124994,0.014820,0.114522,0.025892,0.101077,0.034740,0.088072,0.039931,0.071041,0.041022,0.053942,0.037837,0.037232,0.030804,0.022171,0.89,-79.27,-12.39,-96.62,-20.80,-109.15,-30.50,-121.04,-40.41,-131.54,-49.16,-143.10,-61.33,-158.58,-76.66,0.0100,0.0035,0.0104,0.0057,0.0024,0.0010,0.0048,0.0020,0.0032,0.0029,0.0045,0.0035,0.0068,0.0034,0.0021
2026-08-05 09:30:11.512,9.883333,72,23,0.265408,0.0091,178.21,0,0,0,60.0000,0.239,1.73516,0,0,0,0,0,0.134567,0.015686,0.123243,0.028131,0.108518,0.037426,0.092930,0.042787,0.074182,0.042734,0.054607,0.038638,0.036537,0.029665,0.019899,-178.21,-86.25,171.54,-98.13,165.49,-105.85,158.66,-115.00,151.65,-122.65,146.14,-131.54,138.15,-145.44,128.17,0.0100,0.0035,0.0104,0.0057,0.0024,0.0010,0.0048,0.0020,0.0032,0.0029,0.0045,0.0035,0.0068,0.0034,0.0021
2026-08-05 09:30:11.512,9.900000,72,24,0.255741,-0.0050,168.70,0,0,0,60.0000,0.239,1.73516,0,0,0,0,0,0.125446,0.015692,0.115159,0.028249,0.101719,0.038465,0.088440,0.044782,0.071464,0.046399,0.054157,0.043683,0.037556,0.036791,0.022759,-168.70,-80.85,-160.59,-67.19,-148.12,-53.90,-136.66,-42.45,-125.43,-30.59,-113.69,-19.16,-104.33,-12.94,-101.00,0.0100,0.0035,0.0104,0.0057,0.0024,0.0010,0.0048,0.0020,0.0032,0.0029,0.0045,0.0035,0.0068,0.0034,0.0021
2026-08-05 09:30:11.512,9.916667,72,25,0.249451,0.0055,54.01,0,0,0,60.0000,0.239,1.73516,0,0,0,0,0,0.124394,0.016536,0.113492,0.029648,0.099451,0.039700,0.084959,0.045877,0.067209,0.046632,0.049265,0.042837,0.032206,0.034816,0.018331,-54.01,142.09,-176.80,28.56,64.97,-87.85,-54.37,153.10,-174.38,34.82,66.57,-84.75,-56.51,150.44,172.24,0.0100,0.0035,0.0104,0.0057,0.0024,0.0010,0.0048,0.0020,0.0032,0.0029,0.0045,0.0035,0.0068,0.0034,0.0021
2026-08-05 09:30:11.512,9.933333,72,26,0.246786,-0.0036,-162.36,0,0,0,60.0000,0.239,1.73516,0,0,0,0,0,0.121642,0.015657,0.111149,0.028443,0.097752,0.038646,0.084606,0.044846,0.067913,0.045995,0.050474,0.043474,0.034406,0.036289,0.020785,162.36,-141.99,112.08,174.99,66.24,130.98,19.42,84.63,-27.68,38.53,-74.27,-8.37,-124.80,-58.80,179.56,0.0100,0.0035,0.0104,0.0057,0.0024,0.0010,0.0048,0.0020,0.0032,0.0029,0.0045,0.0035,0.0068,0.0034,0.0021
2026-08-05 09:30:11.512,9.950000,72,27,0.243518,-0.0006,-179.76,0,0,0,60.0000,0.239,1.73516,0,0,0,0,0,0.121266,0.015440,0.110247,0.028439,0.096748,0.038466,0.083593,0.043857,0.066398,0.044501,0.048348,0.042175,0.032679,0.034738,0.019665,179.76,-109.09,164.15,-117.08,152.79,-125.95,140.72,-137.48,128.65,-149.91,116.45,-162.71,99.86,-178.90,79.78,0.0100,0.0035,0.0104,0.0057,0.0024,0.0010,0.0048,0.0020,0.0032,0.0029,0.0045,0.0035,0.0068,0.0034,0.0021
2026-08-05 09:30:11.512,9.966667,72,28,0.275894,-0.0068,-172.32,0,0,0,60.0000,0.239,1.73516,0,0,0,0,0,0.145398,0.015559,0.129178,0.029520,0.107407,0.042746,0.085823,0.052389,0.063279,0.055434,0.045029,0.051947,0.032835,0.038740,0.022772,172.32,-141.07,143.09,-164.10,116.72,171.64,87.35,146.53,55.31,122.86,20.37,100.88,-18.40,79.42,-53.42,0.0100,0.0035,0.0104,0.0057,0.0024,0.0010,0.0048,0.0020,0.0032,0.0029,0.0045,0.0035,0.0068,0.0034,0.0021
2026-08-05 09:30:11.512,9.983333,72,29,0.337775,0.0007,-156.71,0,0,0,60.0000,0.239,1.73516,0,0,0,0,0,0.197071,0.030176,0.175402,0.020596,0.143632,0.016477,0.107162,0.025946,0.066971,0.037380,0.031149,0.044005,0.002654,0.041114,0.014901,156.71,-67.17,99.99,-144.25,46.53,106.74,-7.73,8.16,-61.19,-62.70,-112.58,-123.96,-159.57,175.12,-44.14,0.0100,0.0035,0.0104,0.0057,0.0024,0.0010,0.0048,0.0020,0.0032,0.0029,0.0045,0.0035,0.0068,0.0034,0.0021
2026-08-05 09:30:11.759,10.000000,73,0,0.285671,0.0213,31.32,0,0,0,60.0000,0.243,0.87723,0,0,0,0,0,0.153968,0.010117,0.136007,0.014896,0.112382,0.026205,0.086575,0.039588,0.060374,0.048972,0.041113,0.050908,0.028440,0.045577,0.023092,-31.32,-30.26,-105.64,-44.34,-175.00,-91.63,116.39,-155.35,52.27,134.22,-4.81,61.03,-58.26,-19.03,-117.92,0.0155,0.0045,0.0018,0.0011,0.0027,0.0028,0.0017,0.0035,0.0063,0.0030,0.0008,0.0033,0.0058,0.0049,0.0035
2026-08-05 09:30:11.759,10.016667,73,1,0.271841,0.0024,27.21,0,0,0,60.0000,0.243,0.87723,0,0,0,0,0,0.140002,0.015953,0.126929,0.030251,0.111910,0.039611,0.094637,0.044784,0.073841,0.044356,0.053478,0.038015,0.032965,0.028579,0.017143,-27.21,36.51,-94.47,-31.79,-157.41,-98.16,137.96,-163.03,74.05,131.48,10.14,66.89,-55.99,-2.86,-124.29,0.0155,0.0045,0.0018,0.0011,0.0027,0.0028,0.0017,0.0035,0.0063,0.0030,0.0008,0.0033,0.0058,0.0049,0.0035
2026-08-05 09:30:11.759,10.033333,73,2,0.339141,-0.0075,120.99,0,0,0,60.0000,0.243,0.87723,0,0,0,0,0,0.180660,0.019907,0.164375,0.036025,0.143484,0.045630,0.117950,0.049457,0.088455,0.045776,0.060235,0.035095,0.033261,0.019916,0.012976,-120.99,-143.50,-14.27,-42.02,96.11,64.80,-154.81,173.44,-44.84,-78.33,65.30,30.83,174.22,133.88,-78.41,0.0155,0.0045,0.0018,0.0011,0.0027,0.0028,0.0017,0.0035,0.0063,0.0030,0.0008,0.0033,0.0058,0.0049,0.0035
2026-08-05 09:30:11.759,10.050000,73,3,0.351510,0.0227,46.12,0,0,0,60.0000,0.243,0.87723,0,0,0,0,0,0.184255,0.030339,0.167937,0.048684,0.144968,0.060212,0.116197,0.065632,0.084359,0.061829,0.054154,0.049054,0.025492,0.031444,0.005429,-46.12,-44.06,-149.11,-130.07,111.13,135.90,10.28,39.51,-89.58,-59.14,169.92,-156.78,67.20,103.21,-52.06,0.0155,0.0045,0.0018,0.0011,0.0027,0.0028,0.0017,0.0035,0.0063,0.0030,0.0008,0.0033,0.0058,0.0049,0.0035
2026-08-05 09:30:11.759,10.066667,73,4,0.455031,0.0109,-16.11,0,0,0,60.0000,0.243,0.87723,0,0,0,0,0,0.247375,0.030674,0.225098,0.054153,0.190703,0.068757,0.149848,0.070448,0.104333,0.060771,0.063481,0.042147,0.029493,0.021552,0.012538,16.11,114.91,38.31,140.63,63.96,166.50,89.44,-167.20,116.31,-138.18,146.66,-103.97,-175.08,-45.06,-93.36,0.0155,0.0045,0.0018,0.0011,0.0027,0.0028,0.0017,0.0035,0.0063,0.0030,0.0008,0.0033,0.0058,0.0049,0.0035
2026-08-05 09:30:11.759,10.083333,73,5,0.510885,0.0435,9.24,0,0,0,60.0000,0.243,0.87723,0,0,0,0,0,0.275899,0.037879,0.251520,0.056994,0.215177,0.068562,0.170851,0.068694,0.122347,0.057809,0.078284,0.040301,0.043059,0.027019,0.024858,-9.24,104.62,-36.97,63.09,-61.50,32.74,-85.67,5.98,-108.17,-14.59,-126.13,-26.46,-136.25,-7.06,-122.91,0.0155,0.0045,0.0018,0.0011,0.0027,0.0028,0.0017,0.0035,0.0063,0.0030,0.0008,0.0033,0.0058,0.0049,0.0035
2026-08-05 09:30:11.759,10.100000,73,6,0.446985,0.0087,66.45,0,0,0,60.0000,0.243,0.87723,0,0,0,0,0,0.242766,0.040298,0.220314,0.062831,0.184255,0.077752,0.141553,0.079359,0.094776,0.068120,0.052424,0.048076,0.018453,0.023914,0.007787,-66.45,-80.88,150.37,153.16,10.76,19.16,-129.50,-116.79,91.42,108.12,-45.48,-22.42,-175.51,-132.02,173.72,0.0155,0.0045,0.0018,0.0011,0.0027,0.0028,0.0017,0.0035,0.0063,0.0030,0.0008,0.0033,0.0058,0.0049,0.0035
2026-08-05 09:30:11.759,10.116667,73,7,0.479384,0.0221,-163.18,0,0,0,60.0000,0.243,0.87723,0,0,0,0,0,0.259732,0.032395,0.236124,0.055794,0.200594,0.069714,0.158056,0.070651,0.111054,0.059802,0.069349,0.040704,0.036025,0.022489,0.019260,163.18,67.28,119.95,18.52,80.01,-23.80,40.31,-64.46,2.21,-100.91,-31.63,-129.61,-55.80,-127.47,-53.06,0.0155,0.0045,0.0018,0.0011,0.0027,0.0028,0.0017,0.0035,0.0063,0.0030,0.0008,0.0033,0.0058,0.0049,0.0035
2026-08-05 09:30:11.759,10.133333,73,8,0.467709,0.0232,45.55,0,0,0,60.0000,0.243,0.87723,0,0,0,0,0,0.252491,0.030228,0.230008,0.053154,0.196200,0.067636,0.155850,0.069791,0.110722,0.060496,0.069176,0.043804,0.034861,0.025674,0.015732,-45.55,3.76,-146.39,-99.66,116.01,161.73,18.44,64.44,-77.55,-29.36,-170.01,-117.17,104.92,178.19,50.76,0.0155,0.0045,0.0018,0.0011,0.0027,0.0028,0.0017,0.0035,0.0063,0.0030,0.0008,0.0033,0.0058,0.0049,0.0035
2026-08-05 09:30:11.759,10.150000,73,9,0.421465,0.0527,-17.84,0,0,0,60.0000,0.243,0.87723,0,0,0,0,0,0.227532,0.027810,0.207153,0.046799,0.177376,0.059611,0.142862,0.061689,0.103247,0.053608,0.065686,0.038591,0.033877,0.018450,0.014940,17.84,142.34,43.29,158.52,72.06,-176.60,100.78,-149.72,131.16,-120.50,164.98,-88.19,-155.54,-39.48,-87.84,0.0155,0.0045,0.0018,0.0011,0.0027,0.0028,0.0017,0.0035,0.0063,0.0030,0.0008,0.0033,0.0058,0.0049,0.0035
2026-08-05 09:30:11.759,10.166667,73,10,0.420453,0.0026,-95.24,0,0,0,60.0000,0.243,0.87723,0,0,0,0,0,0.238427,0.017650,0.209338,0.028447,0.165976,0.046997,0.118379,0.062435,0.073258,0.067376,0.042145,0.060255,0.028125,0.041487,0.020804,95.24,-51.24,-84.37,87.39,98.04,-107.12,-82.71,69.98,91.93,-105.93,-102.37,84.46,53.33,-72.19,-132.91,0.0155,0.0045,0.0018,0.0011,0.0027,0.0028,0.0017,0.0035,0.0063,0.0030,0.0008,0.0033,0.0058,0.0049,0.0035
2026-08-05 09:30:11.759,10.183333,73,11,0.452044,0.0104,-16.75,0,0,0,60.0000,0.243,0.87723,0,0,0,0,0,0.270403,0.088998,0.235907,0.060060,0.183005,0.024411,0.122060,0.026906,0.061756,0.052448,0.014830,0.063946,0.016181,0.056379,0.026228,16.75,-147.75,42.76,-111.76,71.23,-56.68,98.68,74.69,125.98,124.68,147.46,161.00,20.02,-165.02,46.25,0.0155,0.0045,0.0018,0.0011,0.0027,0.0028,0.0017,0.0035,0.0063,0.0030,0.0008,0.0033,0.0058,0.0049,0.0035
2026-08-05 09:30:11.759,10.200000,73,12,0.351313,0.0150,-73.40,0,0,0,60.0000,0.243,0.87723,0,0,0,0,0,0.194972,0.004279,0.171989,0.016523,0.139852,0.031336,0.104639,0.045269,0.071661,0.052159,0.051590,0.049557,0.042027,0.036660,0.036616,73.40,77.39,-150.45,-118.21,-9.17,24.18,134.30,160.79,-74.79,-65.21,85.18,67.52,-113.41,-167.58,36.48,0.0155,0.0045,0.0018,0.0011,0.0027,0.0028,0.0017,0.0035,0.0063,0.0030,0.0008,0.0033,0.0058,0.0049,0.0035
2026-08-05 09:30:11.759,10.216667,73,13,0.265720,0.0067,98.30,0,0,0,60.0000,0.243,0.87723,0,0,0,0,0,0.136304,0.016814,0.123243,0.031528,0.108227,0.041280,0.091273,0.046710,0.070800,0.046266,0.050733,0.039826,0.030813,0.030054,0.015956,-98.30,52.68,51.94,-146.85,-153.38,8.55,-0.62,163.73,152.63,-42.43,-54.56,111.96,95.01,-98.18,-121.12,0.0155,0.0045,0.0018,0.0011,0.0027,0.0028,0.0017,0.0035,0.0063,0.0030,0.0008,0.0033,0.0058,0.0049,0.0035
2026-08-05 09:30:11.759,10.233333,73,14,0.263898,0.0049,-64.30,0,0,0,60.0000,0.243,0.87723,0,0,0,0,0,0.135576,0.016204,0.122727,0.030784,0.107941,0.040055,0.090863,0.045249,0.070357,0.044959,0.050611,0.038654,0.030952,0.028994,0.016049,64.30,28.03,179.39,147.83,-61.08,-93.62,56.60,25.56,174.96,143.53,-66.90,-98.54,48.00,14.04,158.01,0.0155,0.0045,0.0018,0.0011,0.0027,0.0028,0.0017,0.0035,0.0063,0.0030,0.0008,0.0033,0.0058,0.0049,0.0035
2026-08-05 09:30:11.759,10.250000,73,15,0.261682,-0.0047,-144.98,0,0,0,60.0000,0.243,0.87723,0,0,0,0,0,0.132598,0.015069,0.120884,0.028361,0.107163,0.037097,0.091529,0.042686,0.072730,0.043276,0.054425,0.038168,0.035297,0.030096,0.019893,144.98,-165.54,61.24,112.30,-18.10,31.43,-99.03,-48.84,-179.03,-130.40,100.96,148.53,18.87,63.02,-64.45,0.0155,0.0045,0.0018,0.0011,0.0027,0.0028,0.0017,0.0035,0.0063,0.0030,0.0008,0.0033,0.0058,0.0049,0.0035
2026-08-05 09:30:11.759,10.266667,73,16,0.274178,-0.0035,134.77,0,0,0,60.0000,0.243,0.87723,0,0,0,0,0,0.139098,0.019029,0.126959,0.033825,0.110336,0.045074,0.093003,0.050914,0.071669,0.050773,0.050854,0.044870,0.031717,0.033670,0.016798,-134.77,-19.91,-58.26,66.95,22.69,149.93,102.12,-128.95,-179.05,-47.49,-99.89,32.74,-26.52,109.08,37.07,0.0155,0.0045,0.0018,0.0011,0.0027,0.0028,0.0017,0.0035,0.0063,0.0030,0.0008,0.0033,0.0058,0.0049,0.0035
2026-08-05 09:30:11.759,10.283333,73,17,0.285201,0.0336,-18.61,0,0,0,60.0000,0.243,0.87723,0,0,0,0,0,0.147113,0.018971,0.134215,0.033837,0.116753,0.044272,0.097638,0.049586,0.075374,0.047932,0.052975,0.041549,0.032983,0.029125,0.015661,18.61,-71.54,42.63,-39.34,70.60,-9.30,97.64,18.01,124.20,45.97,151.88,72.29,176.38,93.97,-164.22,0.0155,0.0045,0.0018,0.0011,0.0027,0.0028,0.0017,0.0035,0.0063,0.0030,0.0008,0.0033,0.0058,0.0049,0.0035
2026-08-05 09:30:11.759,10.300000,73,18,0.296376,0.0162,-18.81,0,0,0,60.0000,0.243,0.87723,0,0,0,0,0,0.153835,0.018301,0.140607,0.033107,0.122613,0.043707,0.102886,0.048535,0.079167,0.046972,0.055901,0.039976,0.034389,0.027296,0.016128,18.81,-61.36,43.65,-33.16,72.36,-4.18,100.19,23.16,127.82,51.28,156.24,78.69,-177.51,100.02,-157.67,0.0155,0.0045,0.0018,0.0011,0.0027,0.0028,0.0017,0.0035,0.0063,0.0030,0.0008,0.0033,0.0058,0.0049,0.0035
2026-08-05 09:30:11.759,10.316667,73,19,0.417844,-0.0000,104.95,0,0,0,60.0000,0.243,0.87723,0,0,0,0,0,0.225437,0.031732,0.205054,0.049118,0.175523,0.061047,0.140664,0.062850,0.100964,0.055423,0.064401,0.040168,0.033409,0.019643,0.015116,-104.95,89.49,34.99,-144.35,178.28,-7.12,-38.34,132.58,106.42,-84.24,-105.14,63.19,51.24,-134.32,-119.68,0.0155,0.0045,0.0018,0.0011,0.0027,0.0028,0.0017,0.0035,0.0063,0.0030,0.0008,0.0033,0.0058,0.0049,0.0035
2026-08-05 09:30:11.759,10.333333,73,20,0.355358,0.0024,-84.06,0,0,0,60.0000,0.243,0.87723,0,0,0,0,0,0.187639,0.030057,0.170789,0.049075,0.145755,0.062398,0.116762,0.066808,0.083582,0.061554,0.052260,0.048802,0.025085,0.028808,0.005172,84.06,41.15,-119.79,-145.94,40.18,19.23,-160.66,-178.72,-1.34,-16.69,158.89,145.55,-44.13,-51.42,92.09,0.0155,0.0045,0.0018,0.0011,0.0027,0.0028,0.0017,0.0035,0.0063,0.0030,0.0008,0.0033,0.0058,0.0049,0.0035
2026-08-05 09:30:11.759,10.350000,73,21,0.318315,0.0123,-30.28,0,0,0,60.0000,0.243,0.87723,0,0,0,0,0,0.165189,0.033902,0.148931,0.051051,0.126119,0.063633,0.100668,0.067968,0.070872,0.063452,0.042100,0.052571,0.018819,0.034745,0.009583,30.28,-79.59,77.77,-11.00,128.98,48.68,179.16,103.73,-131.06,157.12,-82.76,-150.53,-49.03,-99.79,-65.52,0.0155,0.0045,0.0018,0.0011,0.0027,0.0028,0.0017,0.0035,0.0063,0.0030,0.0008,0.0033,0.0058,0.0049,0.0035
2026-08-05 09:30:11.759,10.366667,73,22,0.327045,-0.0011,108.71,0,0,0,60.0000,0.243,0.87723,0,0,0,0,0,0.176545,0.021858,0.157841,0.040354,0.131316,0.054918,0.102477,0.062329,0.071147,0.060994,0.043525,0.051969,0.022793,0.033560,0.009336,-108.71,29.13,21.84,164.83,155.43,-60.79,-72.66,72.44,58.02,-153.18,-173.09,-17.11,-52.56,121.35,56.36,0.0155,0.0045,0.0018,0.0011,0.0027,0.0028,0.0017,0.0035,0.0063,0.0030,0.0008,0.0033,0.0058,0.0049,0.0035
2026-08-05 09:30:11.759,10.383333,73,23,0.320482,0.0038,-104.24,0,0,0,60.0000,0.243,0.87723,0,0,0,0,0,0.183748,0.025482,0.164237,0.018973,0.136027,0.017784,0.103768,0.025377,0.067402,0.034746,0.033824,0.040840,0.006177,0.039573,0.012486,104.24,-176.27,-57.77,-2.53,143.68,150.63,-15.65,-47.02,-174.08,135.42,29.75,-32.80,-122.92,158.90,-116.46,0.0155,0.0045,0.0018,0.0011,0.0027,0.0028,0.0017,0.0035,0.0063,0.0030,0.0008,0.0033,0.0058,0.0049,0.0035
2026-08-05 09:30:11.759,10.400000,73,24,0.458004,0.0038,51.93,0,0,0,60.0000,0.243,0.87723,0,0,0,0,0,0.259956,0.038976,0.226815,0.048340,0.178642,0.066340,0.125033,0.083445,0.077686,0.087477,0.048282,0.074096,0.032272,0.043956,0.019499,-51.93,-73.06,-163.68,-144.56,88.92,129.28,-16.15,31.01,-113.70,-74.11,158.04,178.25,72.31,67.78,-30.18,0.0155,0.0045,0.0018,0.0011,0.0027,0.0028,0.0017,0.0035,0.0063,0.0030,0.0008,0.0033,0.0058,0.0049,0.0035
2026-08-05 09:30:11.759,10.416667,73,25,0.540390,0.0120,100.02,0,0,0,60.0000,0.243,0.87723,0,0,0,0,0,0.293740,0.036078,0.266082,0.065037,0.225901,0.080267,0.175748,0.081786,0.122448,0.069494,0.075024,0.051464,0.038389,0.039138,0.020867,-100.02,-104.72,51.52,44.61,-153.86,-161.57,0.74,-4.94,157.48,155.84,-42.38,-32.65,128.56,158.27,-40.61,0.0155,0.0045,0.0018,0.0011,0.0027,0.0028,0.0017,0.0035,0.0063,0.0030,0.0008,0.0033,0.0058,0.0049,0.0035
2026-08-05 09:30:11.759,10.433333,73,26,0.566563,0.0241,-35.94,0,0,0,60.0000,0.243,0.87723,0,0,0,0,0,0.254255,0.063513,0.224646,0.089398,0.180596,0.105484,0.125089,0.107964,0.066125,0.095671,0.014366,0.072149,0.031694,0.043694,0.059329,35.94,104.95,97.39,-173.64,162.32,-102.78,-132.98,-35.41,-65.15,29.54,21.31,93.37,-131.34,152.35,-57.67,0.0155,0.0045,0.0018,0.0011,0.0027,0.0028,0.0017,0.0035,0.0063,0.0030,0.0008,0.0033,0.0058,0.0049,0.0035
2026-08-05 09:30:11.759,10.450000,73,27,0.540782,0.0357,73.55,0,0,0,60.0000,0.243,0.87723,0,0,0,0,0,0.273844,0.033687,0.247588,0.059011,0.209232,0.072945,0.161237,0.075075,0.109635,0.064030,0.062732,0.044051,0.024658,0.021512,0.015072,-73.55,-46.18,129.73,150.73,-23.65,-6.06,-177.10,-160.59,31.63,46.62,-116.28,-99.86,112.61,131.39,43.79,0.0155,0.0045,0.0018,0.0011,0.0027,0.0028,0.0017,0.0035,0.0063,0.0030,0.0008,0.0033,0.0058,0.0049,0.0035
2026-08-05 09:30:11.759,10.466667,73,28,0.504218,0.0161,-50.08,0,0,0,60.0000,0.243,0.87723,0,0,0,0,0,0.213434,0.028576,0.190211,0.053525,0.157764,0.070557,0.119020,0.078024,0.075719,0.076634,0.038650,0.067025,0.024113,0.052378,0.039308,50.08,168.62,137.33,-95.13,-131.55,-4.37,-42.67,85.74,43.65,175.33,118.98,-95.67,147.21,-8.17,-157.34,0.0155,0.0045,0.0018,0.0011,0.0027,0.0028,0.0017,0.0035,0.0063,0.0030,0.0008,0.0033,0.0058,0.0049,0.0035
2026-08-05 09:30:11.759,10.483333,73,29,0.445757,0.0110,48.74,0,0,0,60.0000,0.243,0.87723,0,0,0,0,0,0.240090,0.040110,0.218399,0.065063,0.182482,0.081945,0.140451,0.085060,0.093928,0.075441,0.052451,0.055961,0.018444,0.031480,0.008465,-48.74,-39.86,-156.33,-132.85,99.42,127.97,-5.06,26.41,-108.74,-73.51,150.74,-170.80,57.72,105.51,70.97,0.0155,0.0045,0.0018,0.0011,0.0027,0.0028,0.0017,0.0035,0.0063,0.0030,0.0008,0.0033,0.0058,0.0049,0.0035
2026-08-05 09:30:12.024,10.500000,74,0,0.382659,0.0236,-136.49,0,0,0,60.0000,0.237,6.72579,0,0,0,0,0,0.199178,0.050377,0.182675,0.046065,0.162230,0.040632,0.138043,0.031352,0.108859,0.021670,0.080058,0.011107,0.052420,0.008258,0.029612,136.49,75.77,38.77,-30.77,-55.71,-135.42,-149.86,117.46,116.75,9.59,26.26,-110.33,-61.58,56.84,-140.24,0.0038,0.0088,0.0147,0.0048,0.0030,0.0037,0.0102,0.0066,0.0029,0.0048,0.0017,0.0022,0.0043,0.0019,0.0102
2026-08-05 09:30:12.024,10.516667,74,1,0.360975,0.0028,129.16,0,0,0,60.0000,0.237,6.72579,0,0,0,0,0,0.193369,0.021650,0.177027,0.038308,0.153106,0.049052,0.124921,0.052284,0.092659,0.047288,0.061964,0.035244,0.034004,0.017222,0.012000,-129.16,-167.50,-39.05,-77.86,54.68,14.53,147.72,106.21,-119.42,-160.25,-25.53,-66.99,66.74,20.85,154.04,0.0038,0.0088,0.0147,0.0048,0.0030,0.0037,0.0102,0.0066,0.0029,0.0048,0.0017,0.0022,0.0043,0.0019,0.0102
2026-08-05 09:30:12.024,10.533333,74,2,0.335416,0.0173,34.11,0,0,0,60.0000,0.237,6.72579,0,0,0,0,0,0.177362,0.029202,0.162694,0.035361,0.141933,0.040725,0.119002,0.041400,0.091777,0.036323,0.064436,0.027242,0.039071,0.014506,0.018317,-34.11,72.03,-113.86,-23.84,169.87,-111.54,92.85,164.07,16.10,82.13,-59.54,-1.90,-137.10,-98.83,144.12,0.0038,0.0088,0.0147,0.0048,0.0030,0.0037,0.0102,0.0066,0.0029,0.0048,0.0017,0.0022,0.0043,0.0019,0.0102
2026-08-05 09:30:12.024,10.550000,74,3,0.303223,-0.0024,-113.44,0,0,0,60.0000,0.237,6.72579,0,0,0,0,0,0.156854,0.027075,0.143538,0.034748,0.125742,0.042150,0.107088,0.044729,0.083647,0.042171,0.059381,0.036550,0.037787,0.026245,0.020187,113.44,3.66,-32.27,-158.93,-174.47,48.86,42.71,-100.33,-100.06,111.98,117.43,-36.27,-28.92,171.07,-179.00,0.0038,0.0088,0.0147,0.0048,0.0030,0.0037,0.0102,0.0066,0.0029,0.0048,0.0017,0.0022,0.0043,0.0019,0.0102
2026-08-05 09:30:12.024,10.566667,74,4,0.333652,-0.0113,151.91,0,0,0,60.0000,0.237,6.72579,0,0,0,0,0,0.185040,0.024899,0.160554,0.016903,0.126189,0.030161,0.092602,0.048356,0.066078,0.057429,0.052230,0.054205,0.044579,0.036748,0.033501,-151.91,-146.45,-107.43,-147.15,-61.88,-147.30,-22.29,-109.75,10.38,-60.17,41.44,-4.89,79.77,58.32,134.02,0.0038,0.0088,0.0147,0.0048,0.0030,0.0037,0.0102,0.0066,0.0029,0.0048,0.0017,0.0022,0.0043,0.0019,0.0102
2026-08-05 09:30:12.024,10.583333,74,5,0.433133,0.0054,-81.46,0,0,0,60.0000,0.237,6.72579,0,0,0,0,0,0.256019,0.100776,0.221976,0.072568,0.170726,0.039459,0.112906,0.028965,0.056571,0.047232,0.019089,0.058048,0.026147,0.051036,0.032539,81.46,-15.92,-123.47,152.25,33.85,-25.32,-171.37,-156.86,-22.29,39.55,91.15,-148.99,174.59,15.71,-36.11,0.0038,0.0088,0.0147,0.0048,0.0030,0.0037,0.0102,0.0066,0.0029,0.0048,0.0017,0.0022,0.0043,0.0019,0.0102
2026-08-05 09:30:12.024,10.600000,74,6,0.352218,-0.0023,-174.24,0,0,0,60.0000,0.237,6.72579,0,0,0,0,0,0.191389,0.055858,0.165323,0.049193,0.128072,0.052262,0.087209,0.066195,0.049575,0.077108,0.027659,0.076188,0.020298,0.061615,0.014678,174.24,-179.74,152.98,-170.50,136.49,-155.88,121.71,-152.04,115.69,-160.98,127.65,-176.31,147.09,161.37,139.26,0.0038,0.0088,0.0147,0.0048,0.0030,0.0037,0.0102,0.0066,0.0029,0.0048,0.0017,0.0022,0.0043,0.0019,0.0102
2026-08-05 09:30:12.024,10.616667,74,7,0.373030,0.0194,-86.82,0,0,0,60.0000,0.237,6.72579,0,0,0,0,0,0.197867,0.024037,0.179837,0.042516,0.156377,0.054198,0.127828,0.058842,0.095277,0.054704,0.064307,0.042897,0.035199,0.025935,0.015190,86.82,95.61,-111.11,-108.52,54.92,53.46,-139.77,-142.51,27.03,22.46,-164.56,-169.37,7.99,0.68,-163.78,0.0038,0.0088,0.0147,0.0048,0.0030,0.0037,0.0102,0.0066,0.0029,0.0048,0.0017,0.0022,0.0043,0.0019,0.0102
2026-08-05 09:30:12.024,10.633333,74,8,0.348275,0.0075,35.27,0,0,0,60.0000,0.237,6.72579,0,0,0,0,0,0.180740,0.044389,0.162543,0.061302,0.138056,0.072649,0.107631,0.076490,0.073794,0.071082,0.042865,0.056591,0.015687,0.036714,0.007025,-35.27,141.76,-116.66,82.02,165.42,12.32,85.85,-60.48,6.73,-135.58,-73.79,149.42,-164.00,72.46,11.32,0.0038,0.0088,0.0147,0.0048,0.0030,0.0037,0.0102,0.0066,0.0029,0.0048,0.0017,0.0022,0.0043,0.0019,0.0102
2026-08-05 09:30:12.024,10.650000,74,9,0.450968,0.0149,-17.30,0,0,0,60.0000,0.237,6.72579,0,0,0,0,0,0.248151,0.031234,0.223670,0.053467,0.189495,0.065351,0.147239,0.066287,0.101558,0.055123,0.060340,0.035629,0.027278,0.015774,0.016764,17.30,-38.21,41.78,-22.20,69.98,1.31,97.94,27.76,128.28,56.71,162.56,93.80,-147.63,164.22,-57.72,0.0038,0.0088,0.0147,0.0048,0.0030,0.0037,0.0102,0.0066,0.0029,0.0048,0.0017,0.0022,0.0043,0.0019,0.0102
2026-08-05 09:30:12.024,10.666667,74,10,0.385786,-0.0020,146.90,0,0,0,60.0000,0.237,6.72579,0,0,0,0,0,0.208768,0.029490,0.188754,0.051722,0.159470,0.065856,0.125125,0.069272,0.086384,0.061726,0.050760,0.044923,0.020017,0.021533,0.002055,-146.90,-45.13,-91.88,20.30,-33.23,81.11,24.54,140.64,82.59,-159.28,141.46,-98.41,-162.23,-34.70,114.20,0.0038,0.0088,0.0147,0.0048,0.0030,0.0037,0.0102,0.0066,0.0029,0.0048,0.0017,0.0022,0.0043,0.0019,0.0102
2026-08-05 09:30:12.024,10.683333,74,11,0.353560,0.0041,-43.71,0,0,0,60.0000,0.237,6.72579,0,0,0,0,0,0.188783,0.029353,0.171444,0.037835,0.150067,0.042962,0.124129,0.043594,0.094722,0.037425,0.065002,0.027039,0.038429,0.010363,0.016113,43.71,46.59,119.69,104.77,-160.63,174.20,-81.31,-114.38,-1.41,-38.89,80.96,36.29,164.73,106.25,-99.22,0.0038,0.0088,0.0147,0.0048,0.0030,0.0037,0.0102,0.0066,0.0029,0.0048,0.0017,0.0022,0.0043,0.0019,0.0102
2026-08-05 09:30:12.024,10.700000,74,12,0.288086,0.0027,26.98,0,0,0,60.0000,0.237,6.72579,0,0,0,0,0,0.150369,0.017863,0.136874,0.031696,0.119343,0.041464,0.100074,0.045694,0.077175,0.043660,0.054624,0.036351,0.033977,0.024022,0.016952,-26.98,-136.85,-93.85,151.93,-156.83,86.77,139.24,21.00,74.99,-43.44,11.41,-108.40,-54.90,179.16,-128.10,0.0038,0.0088,0.0147,0.0048,0.0030,0.0037,0.0102,0.0066,0.0029,0.0048,0.0017,0.0022,0.0043,0.0019,0.0102
2026-08-05 09:30:12.024,10.716667,74,13,0.273032,-0.0011,-91.69,0,0,0,60.0000,0.237,6.72579,0,0,0,0,0,0.136230,0.017349,0.124076,0.032469,0.109284,0.043321,0.093414,0.049759,0.073675,0.050990,0.054374,0.046460,0.035846,0.037674,0.020936,91.69,82.89,-98.55,-102.90,75.35,71.43,-112.01,-115.52,60.18,58.15,-126.95,-129.44,41.86,38.55,-156.97,0.0038,0.0088,0.0147,0.0048,0.0030,0.0037,0.0102,0.0066,0.0029,0.0048,0.0017,0.0022,0.0043,0.0019,0.0102
2026-08-05 09:30:12.024,10.733333,74,14,0.264170,-0.0162,167.63,0,0,0,60.0000,0.237,6.72579,0,0,0,0,0,0.134120,0.016430,0.122583,0.029071,0.107241,0.039043,0.091610,0.044297,0.072414,0.043913,0.052673,0.039500,0.034618,0.030533,0.019702,-167.63,-62.97,-156.63,-54.10,-141.57,-40.87,-127.69,-27.96,-114.00,-14.40,-99.68,-2.06,-89.39,5.34,-85.19,0.0038,0.0088,0.0147,0.0048,0.0030,0.0037,0.0102,0.0066,0.0029,0.0048,0.0017,0.0022,0.0043,0.0019,0.0102
2026-08-05 09:30:12.024,10.750000,74,15,0.276485,-0.0065,-179.35,0,0,0,60.0000,0.237,6.72579,0,0,0,0,0,0.142605,0.017407,0.129719,0.031865,0.112953,0.042478,0.095362,0.047284,0.073463,0.045887,0.050944,0.040568,0.031348,0.029838,0.015647,179.35,-105.13,164.39,-115.12,153.37,-124.74,141.60,-136.64,130.10,-149.22,118.95,-162.73,103.56,179.47,84.13,0.0038,0.0088,0.0147,0.0048,0.0030,0.0037,0.0102,0.0066,0.0029,0.0048,0.0017,0.0022,0.0043,0.0019,0.0102
2026-08-05 09:30:12.024,10.766667,74,16,0.260899,0.0064,-6.70,0,0,0,60.0000,0.237,6.72579,0,0,0,0,0,0.134958,0.015842,0.121963,0.029315,0.105035,0.040136,0.087955,0.046157,0.067346,0.046419,0.047162,0.042380,0.030598,0.031318,0.017399,6.70,-91.37,6.12,-88.22,9.25,-84.05,10.96,-81.25,12.09,-78.29,12.53,-74.66,7.50,-72.91,-1.43,0.0038,0.0088,0.0147,0.0048,0.0030,0.0037,0.0102,0.0066,0.0029,0.0048,0.0017,0.0022,0.0043,0.0019,0.0102
2026-08-05 09:30:12.024,10.783333,74,17,0.286708,0.0104,59.43,0,0,0,60.0000,0.237,6.72579,0,0,0,0,0,0.163535,0.026113,0.144692,0.014205,0.118025,0.006565,0.088010,0.022219,0.054665,0.036979,0.024759,0.046348,0.006535,0.046957,0.016185,-59.43,-131.92,170.49,90.72,43.79,-135.27,-84.41,51.04,146.55,-82.97,13.79,148.32,169.92,17.60,-24.53,0.0038,0.0088,0.0147,0.0048,0.0030,0.0037,0.0102,0.0066,0.0029,0.0048,0.0017,0.0022,0.0043,0.0019,0.0102
2026-08-05 09:30:12.024,10.800000,74,18,0.271526,0.0044,-154.01,0,0,0,60.0000,0.237,6.72579,0,0,0,0,0,0.147537,0.008937,0.129856,0.004952,0.106090,0.016180,0.080261,0.030302,0.053245,0.040992,0.034003,0.045294,0.025470,0.042561,0.025714,154.01,-51.34,90.17,-17.69,31.41,-34.50,-26.49,-91.75,-78.30,-154.80,-117.59,140.74,-146.41,69.92,173.09,0.0038,0.0088,0.0147,0.0048,0.0030,0.0037,0.0102,0.0066,0.0029,0.0048,0.0017,0.0022,0.0043,0.0019,0.0102
2026-08-05 09:30:12.024,10.816667,74,19,0.263405,0.0065,144.69,0,0,0,60.0000,0.237,6.72579,0,0,0,0,0,0.136367,0.016398,0.123352,0.029281,0.108574,0.037720,0.091753,0.042299,0.071380,0.041451,0.051209,0.034978,0.031132,0.025529,0.015538,-144.69,176.12,-87.20,-134.73,-25.17,-78.57,35.10,-19.97,96.17,38.54,157.47,98.08,-142.96,151.67,-84.23,0.0038,0.0088,0.0147,0.0048,0.0030,0.0037,0.0102,0.0066,0.0029,0.0048,0.0017,0.0022,0.0043,0.0019,0.0102
2026-08-05 09:30:12.024,10.833333,74,20,0.248172,-0.0070,-175.57,0,0,0,60.0000,0.237,6.72579,0,0,0,0,0,0.125455,0.013395,0.114150,0.023949,0.101963,0.030998,0.088457,0.035599,0.071395,0.036451,0.054505,0.032565,0.036712,0.026694,0.022169,175.57,97.04,152.86,64.48,134.88,39.07,115.24,16.92,96.83,-5.79,79.24,-28.18,60.66,-56.47,43.22,0.0038,0.0088,0.0147,0.0048,0.0030,0.0037,0.0102,0.0066,0.0029,0.0048,0.0017,0.0022,0.0043,0.0019,0.0102
2026-08-05 09:30:12.024,10.850000,74,21,0.252578,-0.0027,-71.57,0,0,0,60.0000,0.237,6.72579,0,0,0,0,0,0.126778,0.014435,0.115641,0.027062,0.102907,0.035540,0.088268,0.041534,0.070547,0.042700,0.053189,0.038190,0.034722,0.031135,0.019816,71.57,-131.22,-159.09,-2.07,-25.36,129.47,106.96,-98.08,-119.55,32.92,14.18,164.62,146.11,-67.97,-81.82,0.0038,0.0088,0.0147,0.0048,0.0030,0.0037,0.0102,0.0066,0.0029,0.0048,0.0017,0.0022,0.0043,0.0019,0.0102
2026-08-05 09:30:12.024,10.866667,74,22,0.245454,-0.0058,-128.96,0,0,0,60.0000,0.237,6.72579,0,0,0,0,0,0.122309,0.015211,0.111943,0.027796,0.098104,0.037275,0.084632,0.043504,0.066961,0.044089,0.049681,0.040899,0.032651,0.032914,0.018707,128.96,-20.34,12.40,-132.81,-99.92,113.72,146.90,0.34,33.21,-113.02,-79.63,133.16,163.52,14.64,41.48,0.0038,0.0088,0.0147,0.0048,0.0030,0.0037,0.0102,0.0066,0.0029,0.0048,0.0017,0.0022,0.0043,0.0019,0.0102
2026-08-05 09:30:12.024,10.883333,74,23,0.261779,0.0017,-125.84,0,0,0,60.0000,0.237,6.72579,0,0,0,0,0,0.132214,0.018187,0.120691,0.032463,0.105032,0.043443,0.088475,0.049690,0.068616,0.049482,0.048412,0.044476,0.030354,0.033357,0.014854,125.84,-36.46,3.61,-150.69,-114.43,93.50,126.59,-24.93,6.95,-142.14,-111.86,99.36,124.62,-22.68,-7.76,0.0038,0.0088,0.0147,0.0048,0.0030,0.0037,0.0102,0.0066,0.0029,0.0048,0.0017,0.0022,0.0043,0.0019,0.0102
2026-08-05 09:30:12.024,10.900000,74,24,0.255997,0.0058,-90.19,0,0,0,60.0000,0.237,6.72579,0,0,0,0,0,0.129778,0.016861,0.118569,0.030243,0.103265,0.040653,0.087404,0.046472,0.067788,0.046487,0.048081,0.041717,0.029761,0.031807,0.014201,90.19,-104.45,-103.62,68.01,66.98,-120.69,-123.55,49.13,45.71,-140.82,-144.26,28.81,22.42,-166.95,178.49,0.0038,0.0088,0.0147,0.0048,0.0030,0.0037,0.0102,0.0066,0.0029,0.0048,0.0017,0.0022,0.0043,0.0019,0.0102
2026-08-05 09:30:12.024,10.916667,74,25,0.251098,-0.0030,128.69,0,0,0,60.0000,0.237,6.72579,0,0,0,0,0,0.126805,0.015417,0.115796,0.028023,0.101708,0.037459,0.086845,0.043035,0.068637,0.043355,0.050373,0.038696,0.032709,0.030174,0.018070,-128.69,-173.75,-40.69,-83.39,51.84,8.73,143.39,99.05,-125.62,-168.90,-33.36,-77.93,55.75,7.39,137.63,0.0038,0.0088,0.0147,0.0048,0.0030,0.0037,0.0102,0.0066,0.0029,0.0048,0.0017,0.0022,0.0043,0.0019,0.0102
2026-08-05 09:30:12.024,10.933333,74,26,0.265842,-0.0031,-177.17,0,0,0,60.0000,0.237,6.72579,0,0,0,0,0,0.135547,0.016986,0.123836,0.030452,0.108043,0.040837,0.091418,0.046439,0.071221,0.045924,0.050848,0.040838,0.032049,0.030945,0.017037,177.17,71.28,157.65,57.42,142.33,42.84,125.86,26.59,108.93,11.06,92.61,-5.92,71.74,-27.53,42.12,0.0038,0.0088,0.0147,0.0048,0.0030,0.0037,0.0102,0.0066,0.0029,0.0048,0.0017,0.0022,0.0043,0.0019,0.0102
2026-08-05 09:30:12.024,10.950000,74,27,0.257488,0.0037,86.62,0,0,0,60.0000,0.237,6.72579,0,0,0,0,0,0.132475,0.016421,0.120147,0.030135,0.104406,0.040486,0.088339,0.045067,0.068206,0.043753,0.047571,0.038656,0.029900,0.028452,0.016599,-86.62,-97.31,85.87,80.92,-97.67,-100.17,77.84,76.32,-106.82,-107.69,68.04,67.38,-123.45,-121.13,36.91,0.0038,0.0088,0.0147,0.0048,0.0030,0.0037,0.0102,0.0066,0.0029,0.0048,0.0017,0.0022,0.0043,0.0019,0.0102
2026-08-05 09:30:12.024,10.966667,74,28,0.258515,0.0069,-123.61,0,0,0,60.0000,0.237,6.72579,0,0,0,0,0,0.132176,0.014622,0.119965,0.027076,0.104647,0.037167,0.089503,0.042655,0.070703,0.043160,0.051788,0.039731,0.035766,0.030388,0.022646,123.61,-28.42,-3.45,-155.65,-126.68,81.19,108.98,-43.10,-15.77,-166.84,-140.99,69.72,89.51,-55.81,-41.42,0.0038,0.0088,0.0147,0.0048,0.0030,0.0037,0.0102,0.0066,0.0029,0.0048,0.0017,0.0022,0.0043,0.0019,0.0102
2026-08-05 09:30:12.024,10.983333,74,29,0.370852,0.0075,109.57,0,0,0,60.0000,0.237,6.72579,0,0,0,0,0,0.218350,0.016724,0.191595,0.007445,0.151670,0.022919,0.104998,0.042752,0.056146,0.056688,0.017460,0.061608,0.022261,0.053991,0.037686,-109.57,-62.42,21.60,-2.66,156.39,65.68,-68.76,-173.17,70.49,-44.82,-123.48,86.40,117.22,-142.79,-95.12,0.0038,0.0088,0.0147,0.0048,0.0030,0.0037,0.0102,0.0066,0.0029,0.0048,0.0017,0.0022,0.0043,0.0019,0.0102
2026-08-05 09:30:12.326,11.000000,75,0,0.334233,0.0008,-162.17,0,0,0,60.0000,0.450,0.65472,0,0,0,0,0,0.186417,0.005344,0.164429,0.014251,0.133443,0.028382,0.098521,0.043243,0.063727,0.052537,0.040323,0.053304,0.031886,0.044976,0.031841,162.17,-160.37,115.97,-140.22,74.53,-170.28,34.59,148.37,1.86,102.85,-17.02,55.52,-25.31,1.60,-49.00,0.0427,0.0139,0.0034,0.0072,0.0075,0.0114,0.0080,0.0020,0.0095,0.0009,0.0028,0.0092,0.0059,0.0031,0.0066
2026-08-05 09:30:12.326,11.016667,75,1,0.261941,-0.0169,-157.65,0,0,0,60.0000,0.450,0.65472,0,0,0,0,0,0.134048,0.018542,0.121310,0.033081,0.106416,0.042753,0.088886,0.048182,0.068250,0.047785,0.048303,0.041112,0.028295,0.030834,0.013132,157.65,-166.11,100.34,151.84,47.63,100.83,-7.09,48.67,-61.40,-4.50,-115.91,-57.04,-172.86,-114.34,125.22,0.0427,0.0139,0.0034,0.0072,0.0075,0.0114,0.0080,0.0020,0.0095,0.0009,0.0028,0.0092,0.0059,0.0031,0.0066
2026-08-05 09:30:12.326,11.033333,75,2,0.266249,0.0009,-125.30,0,0,0,60.0000,0.450,0.65472,0,0,0,0,0,0.137136,0.017146,0.124099,0.032422,0.108777,0.042162,0.090929,0.047556,0.069628,0.047146,0.049103,0.040647,0.028920,0.030354,0.013739,125.30,149.19,2.94,31.89,-115.19,-86.80,124.77,155.10,5.49,35.94,-114.16,-82.88,122.92,153.99,-7.34,0.0427,0.0139,0.0034,0.0072,0.0075,0.0114,0.0080,0.0020,0.0095,0.0009,0.0028,0.0092,0.0059,0.0031,0.0066
2026-08-05 09:30:12.326,11.050000,75,3,0.265949,0.0108,-1.10,0,0,0,60.0000,0.450,0.65472,0,0,0,0,0,0.134669,0.020262,0.122307,0.035147,0.107083,0.045120,0.089211,0.051414,0.068244,0.051713,0.048239,0.045295,0.027867,0.035271,0.012469,1.10,-121.88,-9.77,-118.10,-16.64,-121.28,-25.07,-125.80,-32.46,-132.75,-40.51,-139.42,-51.94,-149.40,-69.57,0.0427,0.0139,0.0034,0.0072,0.0075,0.0114,0.0080,0.0020,0.0095,0.0009,0.0028,0.0092,0.0059,0.0031,0.0066
2026-08-05 09:30:12.326,11.066667,75,4,0.302714,-0.0008,79.90,0,0,0,60.0000,0.450,0.65472,0,0,0,0,0,0.154967,0.032261,0.141428,0.045983,0.121195,0.056705,0.098695,0.061772,0.072529,0.058867,0.047514,0.049705,0.025003,0.034442,0.009520,-79.90,57.41,107.83,-94.33,-60.70,105.71,129.65,-58.93,-40.55,135.41,149.04,-31.14,-27.58,159.68,130.77,0.0427,0.0139,0.0034,0.0072,0.0075,0.0114,0.0080,0.0020,0.0095,0.0009,0.0028,0.0092,0.0059,0.0031,0.0066
2026-08-05 09:30:12.326,11.083333,75,5,0.297784,0.0020,-7.09,0,0,0,60.0000,0.450,0.65472,0,0,0,0,0,0.155410,0.019130,0.141552,0.034807,0.123057,0.045641,0.102208,0.050827,0.078009,0.048728,0.053831,0.041355,0.032220,0.027460,0.014136,7.09,-81.49,8.57,-77.71,13.91,-72.17,18.35,-68.16,22.29,-62.50,27.18,-57.99,28.13,-56.06,21.53,0.0427,0.0139,0.0034,0.0072,0.0075,0.0114,0.0080,0.0020,0.0095,0.0009,0.0028,0.0092,0.0059,0.0031,0.0066
2026-08-05 09:30:12.326,11.100000,75,6,0.280376,-0.0045,-150.33,0,0,0,60.0000,0.450,0.65472,0,0,0,0,0,0.142928,0.017973,0.130608,0.032345,0.114283,0.043177,0.096701,0.048904,0.075509,0.048555,0.054170,0.043246,0.034533,0.032409,0.017503,150.33,-164.88,77.62,128.89,8.99,61.37,-60.65,-8.16,-130.38,-77.33,160.74,-147.13,89.45,137.91,11.94,0.0427,0.0139,0.0034,0.0072,0.0075,0.0114,0.0080,0.0020,0.0095,0.0009,0.0028,0.0092,0.0059,0.0031,0.0066
2026-08-05 09:30:12.326,11.116667,75,7,0.281578,-0.0012,-110.51,0,0,0,60.0000,0.450,0.65472,0,0,0,0,0,0.145909,0.017785,0.133014,0.032244,0.115862,0.042441,0.097060,0.047471,0.074477,0.046268,0.052462,0.039261,0.031654,0.027629,0.014606,110.51,122.45,-41.78,-26.88,170.00,-175.02,21.03,34.86,-128.34,-113.99,83.54,95.97,-66.78,-60.41,135.82,0.0427,0.0139,0.0034,0.0072,0.0075,0.0114,0.0080,0.0020,0.0095,0.0009,0.0028,0.0092,0.0059,0.0031,0.0066
2026-08-05 09:30:12.326,11.133333,75,8,0.266761,-0.0066,124.01,0,0,0,60.0000,0.450,0.65472,0,0,0,0,0,0.136664,0.016442,0.124968,0.029300,0.109331,0.039064,0.092842,0.044293,0.072891,0.043480,0.052461,0.038256,0.033378,0.028111,0.017625,-124.01,6.46,-25.67,111.56,76.90,-144.93,178.35,-42.92,-80.27,59.67,22.11,160.95,121.03,-102.08,-146.09,0.0427,0.0139,0.0034,0.0072,0.0075,0.0114,0.0080,0.0020,0.0095,0.0009,0.0028,0.0092,0.0059,0.0031,0.0066
2026-08-05 09:30:12.326,11.150000,75,9,0.345775,0.0040,113.93,0,0,0,60.0000,0.450,0.65472,0,0,0,0,0,0.179270,0.048568,0.161225,0.062491,0.135578,0.072822,0.106342,0.075003,0.072407,0.067827,0.040029,0.054148,0.014981,0.033457,0.013004,-113.93,-21.75,5.26,120.49,128.15,-105.40,-109.97,23.54,11.38,150.63,130.68,-83.07,-133.88,43.98,-97.26,0.0427,0.0139,0.0034,0.0072,0.0075,0.0114,0.0080,0.0020,0.0095,0.0009,0.0028,0.0092,0.0059,0.0031,0.0066
2026-08-05 09:30:12.326,11.166667,75,10,0.323347,-0.0141,125.72,0,0,0,60.0000,0.450,0.65472,0,0,0,0,0,0.175408,0.025391,0.157750,0.028472,0.133659,0.035146,0.108507,0.040048,0.081402,0.039714,0.057169,0.033258,0.036977,0.018173,0.021012,-125.72,70.54,-28.30,143.56,71.80,-134.90,170.23,-45.51,-91.80,50.59,6.89,151.47,106.32,-101.41,-143.23,0.0427,0.0139,0.0034,0.0072,0.0075,0.0114,0.0080,0.0020,0.0095,0.0009,0.0028,0.0092,0.0059,0.0031,0.0066
2026-08-05 09:30:12.326,11.183333,75,11,0.318090,0.0037,-63.54,0,0,0,60.0000,0.450,0.65472,0,0,0,0,0,0.183470,0.044347,0.163711,0.030701,0.135353,0.012640,0.103343,0.007605,0.068240,0.024073,0.037036,0.034355,0.015233,0.035205,0.011808,63.54,119.95,-179.48,-119.40,-59.54,-2.67,58.81,-50.27,176.01,64.60,-70.23,-174.46,19.06,-56.75,71.46,0.0427,0.0139,0.0034,0.0072,0.0075,0.0114,0.0080,0.0020,0.0095,0.0009,0.0028,0.0092,0.0059,0.0031,0.0066
2026-08-05 09:30:12.326,11.200000,75,12,0.258476,-0.0031,-104.65,0,0,0,60.0000,0.450,0.65472,0,0,0,0,0,0.139485,0.018109,0.122095,0.011322,0.098582,0.016905,0.072745,0.032197,0.045027,0.045376,0.023241,0.052334,0.013093,0.051623,0.016240,104.65,-145.76,-58.21,98.44,143.65,3.44,-14.53,-136.17,-168.23,68.97,51.74,-89.63,-56.81,105.95,177.78,0.0427,0.0139,0.0034,0.0072,0.0075,0.0114,0.0080,0.0020,0.0095,0.0009,0.0028,0.0092,0.0059,0.0031,0.0066
2026-08-05 09:30:12.326,11.216667,75,13,0.250643,0.0010,-136.96,0,0,0,60.0000,0.450,0.65472,0,0,0,0,0,0.126790,0.018590,0.114235,0.033213,0.099918,0.043413,0.083773,0.049202,0.064300,0.049265,0.045347,0.043210,0.026658,0.033659,0.013081,136.96,-29.24,37.48,-112.76,-57.39,155.15,-154.37,61.85,109.13,-32.88,11.68,-127.08,-90.29,134.92,158.69,0.0427,0.0139,0.0034,0.0072,0.0075,0.0114,0.0080,0.0020,0.0095,0.0009,0.0028,0.0092,0.0059,0.0031,0.0066
2026-08-05 09:30:12.326,11.233333,75,14,0.259490,0.0121,25.73,0,0,0,60.0000,0.450,0.65472,0,0,0,0,0,0.133160,0.016146,0.120583,0.030514,0.105867,0.039980,0.089090,0.045291,0.068769,0.045120,0.049180,0.038936,0.029633,0.029084,0.014569,-25.73,31.37,-90.47,-30.51,-150.82,-92.46,147.03,-153.45,85.68,144.78,24.21,83.64,-40.03,17.57,-108.49,0.0427,0.0139,0.0034,0.0072,0.0075,0.0114,0.0080,0.0020,0.0095,0.0009,0.0028,0.0092,0.0059,0.0031,0.0066
2026-08-05 09:30:12.326,11.250000,75,15,0.260955,0.0041,-53.11,0,0,0,60.0000,0.450,0.65472,0,0,0,0,0,0.134992,0.015909,0.122591,0.028958,0.107718,0.037519,0.090557,0.042417,0.070301,0.041698,0.050895,0.034945,0.031267,0.025130,0.016221,53.11,-158.50,145.78,-69.26,-117.25,24.98,-21.94,120.66,74.26,-144.58,169.80,-48.40,-97.95,42.49,-9.67,0.0427,0.0139,0.0034,0.0072,0.0075,0.0114,0.0080,0.0020,0.0095,0.0009,0.0028,0.0092,0.0059,0.0031,0.0066
2026-08-05 09:30:12.326,11.266667,75,16,0.280334,-0.0043,-169.78,0,0,0,60.0000,0.450,0.65472,0,0,0,0,0,0.144651,0.017981,0.132138,0.032334,0.115095,0.042905,0.096251,0.048489,0.073640,0.047580,0.051196,0.041100,0.029895,0.029429,0.012353,169.78,53.06,136.12,26.39,106.70,-2.41,76.18,-32.34,45.84,-62.23,16.21,-92.22,-16.43,-126.42,-56.10,0.0427,0.0139,0.0034,0.0072,0.0075,0.0114,0.0080,0.0020,0.0095,0.0009,0.0028,0.0092,0.0059,0.0031,0.0066
2026-08-05 09:30:12.326,11.283333,75,17,0.309647,0.0029,69.35,0,0,0,60.0000,0.450,0.65472,0,0,0,0,0,0.161800,0.019013,0.147863,0.033585,0.129052,0.043882,0.107705,0.048638,0.082722,0.046120,0.057415,0.038467,0.034485,0.024069,0.014540,-69.35,-41.74,139.52,162.78,-7.78,13.15,-155.70,-136.80,56.47,75.40,-89.71,-72.65,122.35,136.62,-25.06,0.0427,0.0139,0.0034,0.0072,0.0075,0.0114,0.0080,0.0020,0.0095,0.0009,0.0028,0.0092,0.0059,0.0031,0.0066
2026-08-05 09:30:12.326,11.300000,75,18,0.321694,-0.0006,127.36,0,0,0,60.0000,0.450,0.65472,0,0,0,0,0,0.167702,0.020885,0.153506,0.035809,0.133832,0.046711,0.111776,0.051395,0.085452,0.048940,0.059583,0.040486,0.035845,0.025399,0.015958,-127.36,-151.22,-34.31,-64.48,62.51,29.39,158.60,124.01,-105.30,-139.06,-8.20,-40.93,87.05,56.89,178.56,0.0427,0.0139,0.0034,0.0072,0.0075,0.0114,0.0080,0.0020,0.0095,0.0009,0.0028,0.0092,0.0059,0.0031,0.0066
2026-08-05 09:30:12.326,11.316667,75,19,0.365855,0.0450,-2.22,0,0,0,60.0000,0.450,0.65472,0,0,0,0,0,0.194810,0.030851,0.177912,0.040686,0.154850,0.048375,0.128067,0.049305,0.096225,0.044342,0.065961,0.033314,0.037680,0.016681,0.014561,2.22,140.31,-4.40,117.52,-7.67,105.80,-11.16,97.10,-14.37,92.70,-15.99,91.96,-16.37,98.58,-12.35,0.0427,0.0139,0.0034,0.0072,0.0075,0.0114,0.0080,0.0020,0.0095,0.0009,0.0028,0.0092,0.0059,0.0031,0.0066
2026-08-05 09:30:12.326,11.333333,75,20,0.298188,-0.0685,97.72,0,0,0,60.0000,0.450,0.65472,0,0,0,0,0,0.156006,0.019236,0.142802,0.030886,0.124682,0.039776,0.104818,0.043440,0.081184,0.040590,0.057780,0.032911,0.035876,0.020131,0.017888,-97.72,-83.94,54.81,58.08,-149.03,-150.96,6.32,1.59,161.84,155.78,-41.33,-50.54,113.65,99.03,-93.15,0.0427,0.0139,0.0034,0.0072,0.0075,0.0114,0.0080,0.0020,0.0095,0.0009,0.0028,0.0092,0.0059,0.0031,0.0066
2026-08-05 09:30:12.326,11.350000,75,21,0.287122,0.1091,63.43,0,0,0,60.0000,0.450,0.65472,0,0,0,0,0,0.150080,0.017972,0.136023,0.033359,0.118004,0.044595,0.098829,0.048844,0.074930,0.046589,0.050946,0.039635,0.029684,0.026770,0.013467,-63.43,-51.68,156.47,175.07,20.30,41.12,-116.75,-94.72,106.42,129.32,-30.29,-7.18,-172.25,-145.00,37.02,0.0427,0.0139,0.0034,0.0072,0.0075,0.0114,0.0080,0.0020,0.0095,0.0009,0.0028,0.0092,0.0059,0.0031,0.0066
2026-08-05 09:30:12.326,11.366667,75,22,0.285212,0.0186,-105.94,0,0,0,60.0000,0.450,0.65472,0,0,0,0,0,0.149379,0.017269,0.135473,0.031345,0.117156,0.042294,0.097840,0.047068,0.074542,0.045767,0.051432,0.039473,0.031625,0.026705,0.016020,105.94,-56.11,-55.70,138.37,146.61,-20.28,-12.35,-179.78,-171.20,21.89,29.70,-136.15,-133.61,65.01,58.91,0.0427,0.0139,0.0034,0.0072,0.0075,0.0114,0.0080,0.0020,0.0095,0.0009,0.0028,0.0092,0.0059,0.0031,0.0066
2026-08-05 09:30:12.326,11.383333,75,23,0.315268,0.0238,-90.49,0,0,0,60.0000,0.450,0.65472,0,0,0,0,0,0.184081,0.032614,0.161214,0.016103,0.127709,0.005630,0.089533,0.028644,0.049215,0.046213,0.015211,0.055290,0.013289,0.052751,0.026254,90.49,-5.85,-98.94,170.34,74.79,160.74,-113.17,-24.59,57.50,149.46,-141.89,-35.84,-100.91,136.70,58.31,0.0427,0.0139,0.0034,0.0072,0.0075,0.0114,0.0080,0.0020,0.0095,0.0009,0.0028,0.0092,0.0059,0.0031,0.0066
2026-08-05 09:30:12.326,11.400000,75,24,0.298157,0.0034,-30.61,0,0,0,60.0000,0.450,0.65472,0,0,0,0,0,0.166087,0.018444,0.145893,0.007181,0.117347,0.012901,0.085473,0.030311,0.052460,0.043436,0.028664,0.049359,0.021625,0.046920,0.025655,30.61,-122.64,80.67,-37.45,135.28,122.82,-169.33,-174.20,-107.61,-122.06,-28.54,-72.11,72.96,-28.29,149.31,0.0427,0.0139,0.0034,0.0072,0.0075,0.0114,0.0080,0.0020,0.0095,0.0009,0.0028,0.0092,0.0059,0.0031,0.0066
2026-08-05 09:30:12.326,11.416667,75,25,0.319213,0.0000,-112.80,0,0,0,60.0000,0.450,0.65472,0,0,0,0,0,0.168915,0.026154,0.153935,0.033039,0.135529,0.036834,0.113577,0.037732,0.087878,0.033281,0.062701,0.024266,0.037897,0.012290,0.019042,112.80,-174.60,-33.84,21.74,-176.31,-132.80,40.23,76.30,-101.78,-73.40,117.46,139.25,-21.06,-18.71,-151.41,0.0427,0.0139,0.0034,0.0072,0.0075,0.0114,0.0080,0.0020,0.0095,0.0009,0.0028,0.0092,0.0059,0.0031,0.0066
2026-08-05 09:30:12.326,11.433333,75,26,0.342010,0.0057,89.70,0,0,0,60.0000,0.450,0.65472,0,0,0,0,0,0.180561,0.020053,0.164598,0.036875,0.144360,0.046958,0.119369,0.051073,0.090444,0.047870,0.062733,0.037807,0.036385,0.022933,0.016622,-89.70,70.87,80.00,-110.87,-106.61,63.43,65.63,-122.45,-120.73,51.22,54.00,-133.21,-129.07,42.30,54.52,0.0427,0.0139,0.0034,0.0072,0.0075,0.0114,0.0080,0.0020,0.0095,0.0009,0.0028,0.0092,0.0059,0.0031,0.0066
2026-08-05 09:30:12.326,11.450000,75,27,0.309752,-0.0028,177.66,0,0,0,60.0000,0.450,0.65472,0,0,0,0,0,0.161627,0.021728,0.146819,0.039766,0.127488,0.051099,0.103901,0.056982,0.077317,0.054900,0.052133,0.044972,0.027678,0.030818,0.009846,-177.66,-102.53,174.99,-102.56,171.39,-104.81,166.41,-107.56,162.41,-111.79,157.88,-114.92,150.84,-121.11,137.36,0.0427,0.0139,0.0034,0.0072,0.0075,0.0114,0.0080,0.0020,0.0095,0.0009,0.0028,0.0092,0.0059,0.0031,0.0066
2026-08-05 09:30:12.326,11.466667,75,28,0.295105,-0.0010,-127.03,0,0,0,60.0000,0.450,0.65472,0,0,0,0,0,0.153255,0.019450,0.140003,0.034053,0.121840,0.044417,0.101578,0.049382,0.077891,0.047708,0.054714,0.040225,0.033100,0.028589,0.015792,127.03,140.02,8.26,31.50,-106.52,-81.14,137.53,163.71,21.70,47.95,-93.77,-69.26,148.49,167.19,26.78,0.0427,0.0139,0.0034,0.0072,0.0075,0.0114,0.0080,0.0020,0.0095,0.0009,0.0028,0.0092,0.0059,0.0031,0.0066
2026-08-05 09:30:12.326,11.483333,75,29,0.299882,0.0009,111.11,0,0,0,60.0000,0.450,0.65472,0,0,0,0,0,0.153396,0.018545,0.140569,0.033658,0.123104,0.044756,0.104001,0.050948,0.081186,0.050351,0.057930,0.045032,0.036754,0.033785,0.017922,-111.11,39.66,13.88,167.24,142.74,-63.88,-89.23,63.09,38.48,-168.81,167.28,-42.02,-66.84,80.49,54.67,0.0427,0.0139,0.0034,0.0072,0.0075,0.0114,0.0080,0.0020,0.0095,0.0009,0.0028,0.0092,0.0059,0.0031,0.0066
2026-08-05 09:30:12.586,11.500000,76,0,0.375314,0.0213,79.02,0,0,0,60.0000,0.227,5.86218,0,0,0,0,0,0.200590,0.030180,0.183654,0.036342,0.160875,0.040665,0.133867,0.040523,0.102337,0.035308,0.071182,0.026402,0.042635,0.014818,0.019603,-79.02,163.48,112.01,-24.16,-53.45,157.34,140.90,-19.72,-23.99,165.64,173.72,-12.20,14.14,151.41,-132.53,0.0031,0.0058,0.0075,0.0019,0.0072,0.0032,0.0028,0.0011,0.0056,0.0061,0.0021,0.0055,0.0037,0.0036,0.0063
2026-08-05 09:30:12.586,11.516667,76,1,0.310930,0.0032,-49.19,0,0,0,60.0000,0.227,5.86218,0,0,0,0,0,0.158634,0.021444,0.145357,0.037771,0.126931,0.049560,0.106506,0.055505,0.082503,0.054342,0.059412,0.046820,0.038001,0.034330,0.021366,49.19,-14.45,134.54,82.24,-136.18,174.48,-47.95,-96.04,39.49,-5.88,127.41,82.93,-148.04,167.29,-71.04,0.0031,0.0058,0.0075,0.0019,0.0072,0.0032,0.0028,0.0011,0.0056,0.0061,0.0021,0.0055,0.0037,0.0036,0.0063
2026-08-05 09:30:12.586,11.533333,76,2,0.323776,-0.0097,160.78,0,0,0,60.0000,0.227,5.86218,0,0,0,0,0,0.169245,0.034163,0.153643,0.049885,0.130535,0.061478,0.103878,0.065835,0.073854,0.060715,0.045980,0.048600,0.022629,0.030318,0.010479,-160.78,-101.27,-135.08,-54.35,-105.40,-17.21,-77.06,15.74,-49.82,47.97,-23.39,78.66,-7.21,105.33,-28.87,0.0031,0.0058,0.0075,0.0019,0.0072,0.0032,0.0028,0.0011,0.0056,0.0061,0.0021,0.0055,0.0037,0.0036,0.0063
2026-08-05 09:30:12.586,11.550000,76,3,0.351104,0.0163,-16.45,0,0,0,60.0000,0.227,5.86218,0,0,0,0,0,0.186171,0.031847,0.167969,0.052329,0.141978,0.066500,0.112613,0.070433,0.078765,0.064159,0.046622,0.050683,0.020462,0.030174,0.007735,16.45,-94.96,37.29,-57.10,61.56,-26.64,84.87,0.35,108.03,26.29,130.37,51.24,141.67,75.22,98.36,0.0031,0.0058,0.0075,0.0019,0.0072,0.0032,0.0028,0.0011,0.0056,0.0061,0.0021,0.0055,0.0037,0.0036,0.0063
2026-08-05 09:30:12.586,11.566667,76,4,0.358958,-0.0045,138.63,0,0,0,60.0000,0.227,5.86218,0,0,0,0,0,0.196166,0.019957,0.175810,0.036113,0.146763,0.050343,0.115898,0.057810,0.083669,0.055920,0.055697,0.045354,0.033631,0.024628,0.015923,-138.63,1.58,-67.13,59.81,6.85,128.49,78.80,-159.81,149.47,-85.11,-140.61,-8.07,-72.63,72.49,0.80,0.0031,0.0058,0.0075,0.0019,0.0072,0.0032,0.0028,0.0011,0.0056,0.0061,0.0021,0.0055,0.0037,0.0036,0.0063
2026-08-05 09:30:12.586,11.583333,76,5,0.406829,0.0020,148.96,0,0,0,60.0000,0.227,5.86218,0,0,0,0,0,0.245291,0.061179,0.214533,0.036640,0.167565,0.004287,0.113794,0.028099,0.059944,0.050991,0.017988,0.059835,0.014236,0.051446,0.024080,-148.96,56.76,-95.29,114.63,-39.14,174.18,15.44,46.02,68.29,103.45,108.57,161.63,41.51,-141.14,81.74,0.0031,0.0058,0.0075,0.0019,0.0072,0.0032,0.0028,0.0011,0.0056,0.0061,0.0021,0.0055,0.0037,0.0036,0.0063
2026-08-05 09:30:12.586,11.600000,76,6,0.357420,0.0118,-72.65,0,0,0,60.0000,0.227,5.86218,0,0,0,0,0,0.205371,0.023618,0.178953,0.011561,0.140323,0.023071,0.096392,0.044512,0.053640,0.058565,0.026498,0.060795,0.024191,0.049755,0.027893,72.65,149.02,-151.80,-21.99,-12.12,-168.59,128.68,-17.85,-82.80,121.91,90.20,-101.53,-78.34,28.58,73.77,0.0031,0.0058,0.0075,0.0019,0.0072,0.0032,0.0028,0.0011,0.0056,0.0061,0.0021,0.0055,0.0037,0.0036,0.0063
2026-08-05 09:30:12.586,11.616667,76,7,0.311785,-0.0031,-73.09,0,0,0,60.0000,0.227,5.86218,0,0,0,0,0,0.164469,0.022918,0.148515,0.040346,0.128466,0.051402,0.104523,0.056172,0.076857,0.052762,0.050552,0.042207,0.025758,0.026768,0.008394,73.09,-155.06,-152.13,-5.21,-13.44,136.42,123.65,-82.95,-98.75,56.63,38.23,-162.33,172.18,-22.87,-67.43,0.0031,0.0058,0.0075,0.0019,0.0072,0.0032,0.0028,0.0011,0.0056,0.0061,0.0021,0.0055,0.0037,0.0036,0.0063
2026-08-05 09:30:12.586,11.633333,76,8,0.305596,-0.0082,160.23,0,0,0,60.0000,0.227,5.86218,0,0,0,0,0,0.160686,0.021297,0.146069,0.033073,0.128204,0.040643,0.107209,0.044259,0.082579,0.041764,0.058664,0.033304,0.035014,0.021221,0.016583,-160.23,161.80,-133.23,174.59,-101.99,-162.56,-72.07,-136.23,-41.10,-109.53,-9.79,-81.05,21.35,-58.63,54.19,0.0031,0.0058,0.0075,0.0019,0.0072,0.0032,0.0028,0.0011,0.0056,0.0061,0.0021,0.0055,0.0037,0.0036,0.0063
2026-08-05 09:30:12.586,11.650000,76,9,0.279913,0.0132,68.56,0,0,0,60.0000,0.227,5.86218,0,0,0,0,0,0.145476,0.017275,0.132175,0.031122,0.115955,0.040090,0.096890,0.045077,0.074700,0.043906,0.053440,0.036551,0.032151,0.026254,0.015749,-68.56,-39.13,141.30,165.62,-4.76,15.77,-152.26,-132.50,61.07,78.11,-85.96,-70.79,124.25,134.05,-27.74,0.0031,0.0058,0.0075,0.0019,0.0072,0.0032,0.0028,0.0011,0.0056,0.0061,0.0021,0.0055,0.0037,0.0036,0.0063
2026-08-05 09:30:12.586,11.666667,76,10,0.283620,-0.0028,128.18,0,0,0,60.0000,0.227,5.86218,0,0,0,0,0,0.145571,0.016940,0.133115,0.030369,0.117136,0.040143,0.099421,0.045491,0.077949,0.045034,0.056679,0.039113,0.035830,0.028767,0.018748,-128.18,-162.72,-37.85,-74.83,56.74,16.94,150.18,109.31,-115.98,-157.75,-21.64,-64.59,70.65,24.33,160.43,0.0031,0.0058,0.0075,0.0019,0.0072,0.0032,0.0028,0.0011,0.0056,0.0061,0.0021,0.0055,0.0037,0.0036,0.0063
2026-08-05 09:30:12.586,11.683333,76,11,0.267919,0.0163,-4.46,0,0,0,60.0000,0.227,5.86218,0,0,0,0,0,0.135790,0.017007,0.123988,0.030523,0.108734,0.040793,0.092286,0.046858,0.072518,0.046888,0.052039,0.042619,0.033526,0.032726,0.016861,4.46,102.01,-0.45,94.56,-1.20,91.95,-2.89,88.64,-5.01,86.84,-6.20,84.01,-11.17,76.91,-23.31,0.0031,0.0058,0.0075,0.0019,0.0072,0.0032,0.0028,0.0011,0.0056,0.0061,0.0021,0.0055,0.0037,0.0036,0.0063
2026-08-05 09:30:12.586,11.700000,76,12,0.286209,-0.0058,-118.87,0,0,0,60.0000,0.227,5.86218,0,0,0,0,0,0.149158,0.017922,0.136103,0.031692,0.118464,0.041676,0.099000,0.046445,0.075830,0.044665,0.052668,0.037901,0.031598,0.025460,0.013421,118.87,-27.63,-16.54,-166.07,-147.85,60.10,79.81,-73.94,-52.52,153.17,175.76,19.81,41.42,-119.76,-100.49,0.0031,0.0058,0.0075,0.0019,0.0072,0.0032,0.0028,0.0011,0.0056,0.0061,0.0021,0.0055,0.0037,0.0036,0.0063
2026-08-05 09:30:12.586,11.716667,76,13,0.293203,0.0075,-48.24,0,0,0,60.0000,0.227,5.86218,0,0,0,0,0,0.151239,0.019608,0.138546,0.033539,0.120969,0.043758,0.101529,0.048911,0.078215,0.047536,0.055471,0.040230,0.033912,0.027677,0.016156,48.24,156.94,131.38,-106.54,-141.21,-15.54,-54.73,72.15,31.40,160.66,118.65,-111.77,-156.70,-28.82,-79.60,0.0031,0.0058,0.0075,0.0019,0.0072,0.0032,0.0028,0.0011,0.0056,0.0061,0.0021,0.0055,0.0037,0.0036,0.0063
2026-08-05 09:30:12.586,11.733333,76,14,0.275802,-0.0034,-39.09,0,0,0,60.0000,0.227,5.86218,0,0,0,0,0,0.139743,0.021901,0.128684,0.027399,0.113947,0.033193,0.099203,0.036314,0.080762,0.035288,0.061016,0.031225,0.041858,0.024104,0.024981,39.09,-145.51,104.30,-96.68,173.45,-39.80,-118.14,20.56,-49.18,83.45,21.45,145.59,90.73,-158.29,159.99,0.0031,0.0058,0.0075,0.0019,0.0072,0.0032,0.0028,0.0011,0.0056,0.0061,0.0021,0.0055,0.0037,0.0036,0.0063
2026-08-05 09:30:12.586,11.750000,76,15,0.275386,-0.0021,161.05,0,0,0,60.0000,0.227,5.86218,0,0,0,0,0,0.141541,0.015271,0.129355,0.027613,0.113659,0.037348,0.097662,0.041629,0.077194,0.040676,0.055810,0.036388,0.036339,0.027338,0.020239,-161.05,131.79,-136.85,151.65,-108.62,177.74,-81.08,-156.69,-52.97,-131.39,-24.01,-106.75,2.01,-86.10,27.43,0.0031,0.0058,0.0075,0.0019,0.0072,0.0032,0.0028,0.0011,0.0056,0.0061,0.0021,0.0055,0.0037,0.0036,0.0063
2026-08-05 09:30:12.586,11.766667,76,16,0.304002,0.0007,-142.92,0,0,0,60.0000,0.227,5.86218,0,0,0,0,0,0.158391,0.022718,0.145044,0.032132,0.127284,0.040182,0.108100,0.042736,0.084062,0.040097,0.059374,0.033932,0.036956,0.022673,0.018675,142.92,53.50,56.44,-48.85,-26.23,-140.09,-109.34,130.95,168.31,43.14,87.14,-44.59,4.43,-135.19,-75.39,0.0031,0.0058,0.0075,0.0019,0.0072,0.0032,0.0028,0.0011,0.0056,0.0061,0.0021,0.0055,0.0037,0.0036,0.0063
2026-08-05 09:30:12.586,11.783333,76,17,0.225130,0.0032,88.40,0,0,0,60.0000,0.227,5.86218,0,0,0,0,0,0.116687,0.025486,0.104444,0.019782,0.088794,0.016210,0.073167,0.019292,0.054187,0.027644,0.036366,0.035973,0.025223,0.039416,0.021008,-88.40,-17.00,80.48,139.74,-106.76,-80.29,64.00,51.41,-127.25,-156.38,36.90,10.30,-171.97,179.45,-25.41,0.0031,0.0058,0.0075,0.0019,0.0072,0.0032,0.0028,0.0011,0.0056,0.0061,0.0021,0.0055,0.0037,0.0036,0.0063
2026-08-05 09:30:12.586,11.800000,76,18,0.220116,-0.0069,-107.46,0,0,0,60.0000,0.227,5.86218,0,0,0,0,0,0.113934,0.024972,0.100493,0.015836,0.083009,0.006031,0.064803,0.015078,0.043032,0.029014,0.022713,0.039485,0.006388,0.045491,0.008010,107.46,29.21,-51.62,-115.30,154.04,140.19,-1.22,70.16,-154.95,-74.58,56.51,134.21,-75.50,-23.07,-122.47,0.0031,0.0058,0.0075,0.0019,0.0072,0.0032,0.0028,0.0011,0.0056,0.0061,0.0021,0.0055,0.0037,0.0036,0.0063
2026-08-05 09:30:12.586,11.816667,76,19,0.205111,-0.0016,79.39,0,0,0,60.0000,0.227,5.86218,0,0,0,0,0,0.097562,0.012172,0.087925,0.023423,0.078542,0.031734,0.069479,0.037956,0.057255,0.040886,0.044850,0.039197,0.031471,0.035775,0.020207,-79.39,90.72,105.60,-74.16,-63.73,116.27,124.70,-53.05,-46.06,136.51,143.36,-33.63,-30.67,153.08,153.77,0.0031,0.0058,0.0075,0.0019,0.0072,0.0032,0.0028,0.0011,0.0056,0.0061,0.0021,0.0055,0.0037,0.0036,0.0063
2026-08-05 09:30:12.586,11.833333,76,20,0.196564,-0.0014,100.68,0,0,0,60.0000,0.227,5.86218,0,0,0,0,0,0.093637,0.011154,0.084326,0.021583,0.075387,0.029099,0.066996,0.034808,0.055471,0.037671,0.043894,0.036308,0.031286,0.033244,0.020820,-100.68,64.36,40.93,-152.48,-171.65,-7.72,-26.54,138.57,119.52,-75.91,-94.06,70.05,48.85,-147.49,-169.82,0.0031,0.0058,0.0075,0.0019,0.0072,0.0032,0.0028,0.0011,0.0056,0.0061,0.0021,0.0055,0.0037,0.0036,0.0063
2026-08-05 09:30:12.586,11.850000,76,21,0.192778,-0.0017,173.04,0,0,0,60.0000,0.227,5.86218,0,0,0,0,0,0.089947,0.011112,0.081505,0.020627,0.073511,0.027584,0.065818,0.033607,0.055485,0.036941,0.045054,0.035853,0.033154,0.033488,0.023096,-173.04,-102.72,-176.61,-94.46,-174.56,-91.12,-174.42,-87.21,-172.86,-85.61,-171.32,-84.06,-173.07,-85.06,-175.18,0.0031,0.0058,0.0075,0.0019,0.0072,0.0032,0.0028,0.0011,0.0056,0.0061,0.0021,0.0055,0.0037,0.0036,0.0063
2026-08-05 09:30:12.586,11.866667,76,22,0.202854,0.0065,5.89,0,0,0,60.0000,0.227,5.86218,0,0,0,0,0,0.092627,0.014351,0.084513,0.023877,0.075509,0.031936,0.067512,0.038809,0.056616,0.042304,0.044823,0.042079,0.032531,0.039762,0.021507,-5.89,-144.29,-35.42,-155.82,-59.26,-174.72,-84.48,163.66,-109.14,140.79,-133.01,117.47,-159.81,90.81,171.03,0.0031,0.0058,0.0075,0.0019,0.0072,0.0032,0.0028,0.0011,0.0056,0.0061,0.0021,0.0055,0.0037,0.0036,0.0063
2026-08-05 09:30:12.586,11.883333,76,23,0.184493,-0.0013,-140.99,0,0,0,60.0000,0.227,5.86218,0,0,0,0,0,0.084355,0.009794,0.076749,0.017563,0.069255,0.024211,0.063257,0.030234,0.055011,0.033054,0.044777,0.034317,0.035298,0.032341,0.025153,140.99,-163.66,43.97,96.26,-47.19,2.36,-139.11,-92.04,128.94,176.31,38.60,84.35,-53.98,-11.73,-149.93,0.0031,0.0058,0.0075,0.0019,0.0072,0.0032,0.0028,0.0011,0.0056,0.0061,0.0021,0.0055,0.0037,0.0036,0.0063
2026-08-05 09:30:12.586,11.900000,76,24,0.159240,0.0024,65.34,0,0,0,60.0000,0.227,5.86218,0,0,0,0,0,0.068751,0.009831,0.062256,0.016499,0.055849,0.022935,0.051807,0.028885,0.045457,0.032222,0.037413,0.033925,0.029822,0.033824,0.022069,-65.34,97.95,141.62,-36.94,-4.10,-177.99,-151.16,38.11,62.27,-106.10,-83.02,109.84,129.54,-39.40,-23.23,0.0031,0.0058,0.0075,0.0019,0.0072,0.0032,0.0028,0.0011,0.0056,0.0061,0.0021,0.0055,0.0037,0.0036,0.0063
2026-08-05 09:30:12.586,11.916667,76,25,0.155706,0.0026,142.70,0,0,0,60.0000,0.227,5.86218,0,0,0,0,0,0.067557,0.007863,0.061026,0.014328,0.055211,0.020240,0.051640,0.025985,0.045878,0.029418,0.038740,0.030929,0.030975,0.031648,0.023905,-142.70,-37.93,-90.57,23.27,-31.32,84.38,27.49,142.33,85.88,-156.91,147.01,-97.18,-154.75,-41.41,-99.22,0.0031,0.0058,0.0075,0.0019,0.0072,0.0032,0.0028,0.0011,0.0056,0.0061,0.0021,0.0055,0.0037,0.0036,0.0063
2026-08-05 09:30:12.586,11.933333,76,26,0.189102,0.0037,-62.00,0,0,0,60.0000,0.227,5.86218,0,0,0,0,0,0.089181,0.013912,0.081106,0.022417,0.071499,0.030176,0.063188,0.036184,0.052475,0.037982,0.040391,0.037177,0.029053,0.033430,0.019789,62.00,-7.06,167.79,116.90,-80.56,-126.20,29.38,-12.68,138.97,100.75,-110.34,-147.63,-4.33,-39.84,95.22,0.0031,0.0058,0.0075,0.0019,0.0072,0.0032,0.0028,0.0011,0.0056,0.0061,0.0021,0.0055,0.0037,0.0036,0.0063
2026-08-05 09:30:12.586,11.950000,76,27,0.200200,0.0021,6.93,0,0,0,60.0000,0.227,5.86218,0,0,0,0,0,0.093650,0.016724,0.084519,0.026245,0.074502,0.034377,0.066256,0.039885,0.054132,0.042023,0.040734,0.041824,0.029421,0.037507,0.019917,-6.93,-156.49,-39.24,-166.92,-66.31,175.21,-94.25,151.48,-122.20,125.93,-150.40,100.05,176.12,70.98,138.35,0.0031,0.0058,0.0075,0.0019,0.0072,0.0032,0.0028,0.0011,0.0056,0.0061,0.0021,0.0055,0.0037,0.0036,0.0063
2026-08-05 09:30:12.586,11.966667,76,28,0.220632,-0.0026,-112.14,0,0,0,60.0000,0.227,5.86218,0,0,0,0,0,0.101269,0.033672,0.090276,0.040946,0.077503,0.048147,0.066178,0.053376,0.051745,0.054355,0.037230,0.051505,0.024531,0.043506,0.012919,112.14,56.57,-41.77,-76.33,169.08,145.73,18.46,2.93,-132.47,-142.16,76.86,71.65,-77.74,-78.66,124.59,0.0031,0.0058,0.0075,0.0019,0.0072,0.0032,0.0028,0.0011,0.0056,0.0061,0.0021,0.0055,0.0037,0.0036,0.0063
2026-08-05 09:30:12.586,11.983333,76,29,0.371783,-0.0017,-117.68,0,0,0,60.0000,0.227,5.86218,0,0,0,0,0,0.213734,0.023667,0.191385,0.020978,0.158416,0.025062,0.120034,0.033855,0.077405,0.042112,0.038519,0.046498,0.008498,0.042634,0.014393,117.68,-158.01,-16.96,34.63,-148.51,-136.19,79.05,64.29,-53.33,-82.84,173.27,136.48,11.09,-3.66,121.39,0.0031,0.0058,0.0075,0.0019,0.0072,0.0032,0.0028,0.0011,0.0056,0.0061,0.0021,0.0055,0.0037,0.0036,0.0063
2026-08-05 09:30:12.856,12.000000,77,0,0.421362,-0.0078,176.29,0,0,0,60.0000,0.570,0.36472,0,0,0,0,0,0.246728,0.016273,0.216028,0.008069,0.170070,0.028579,0.117351,0.050452,0.066769,0.062386,0.035019,0.061070,0.031209,0.045163,0.034772,-176.29,10.70,-177.67,109.03,-175.14,155.85,-171.15,160.57,-159.26,160.28,-125.31,157.86,-75.75,148.53,-59.29,0.1000,0.0322,0.0017,0.0043,0.0071,0.0008,0.0107,0.0041,0.0019,0.0052,0.0032,0.0033,0.0026,0.0025,0.0048
2026-08-05 09:30:12.856,12.016667,77,1,0.328332,-0.0038,-132.28,0,0,0,60.0000,0.570,0.36472,0,0,0,0,0,0.171608,0.023907,0.156300,0.036955,0.137386,0.045683,0.115054,0.050025,0.088831,0.047673,0.063348,0.039354,0.038397,0.027313,0.019034,132.28,28.50,25.01,-93.53,-78.32,154.44,177.00,45.97,72.98,-61.88,-31.10,-168.54,-136.53,78.98,116.42,0.1000,0.0322,0.0017,0.0043,0.0071,0.0008,0.0107,0.0041,0.0019,0.0052,0.0032,0.0033,0.0026,0.0025,0.0048
2026-08-05 09:30:12.856,12.033333,77,2,0.329550,0.0067,-179.82,0,0,0,60.0000,0.570,0.36472,0,0,0,0,0,0.173145,0.020311,0.157961,0.036741,0.138614,0.046666,0.114950,0.050732,0.087353,0.047834,0.061042,0.038111,0.035871,0.023844,0.017202,179.82,63.15,168.49,64.07,160.72,58.48,151.38,52.44,142.63,45.12,133.62,38.50,122.53,27.41,106.50,0.1000,0.0322,0.0017,0.0043,0.0071,0.0008,0.0107,0.0041,0.0019,0.0052,0.0032,0.0033,0.0026,0.0025,0.0048
2026-08-05 09:30:12.856,12.050000,77,3,0.405966,0.0032,-61.75,0,0,0,60.0000,0.570,0.36472,0,0,0,0,0,0.215924,0.031567,0.197823,0.039718,0.173701,0.044327,0.143934,0.044435,0.110214,0.037581,0.077747,0.025045,0.047433,0.008595,0.026775,61.75,-97.27,174.62,-2.13,-68.81,102.55,47.31,-148.95,165.24,-39.07,-74.87,73.97,49.94,178.38,-172.83,0.1000,0.0322,0.0017,0.0043,0.0071,0.0008,0.0107,0.0041,0.0019,0.0052,0.0032,0.0033,0.0026,0.0025,0.0048
2026-08-05 09:30:12.856,12.066667,77,4,0.356493,-0.0048,-161.62,0,0,0,60.0000,0.570,0.36472,0,0,0,0,0,0.179167,0.034016,0.165119,0.051116,0.143776,0.064152,0.118419,0.071571,0.089670,0.069934,0.061028,0.060971,0.034407,0.045511,0.013669,161.62,5.23,113.61,-24.22,68.91,-61.06,23.56,-101.93,-21.56,-143.99,-66.58,174.52,-113.35,131.37,-168.38,0.1000,0.0322,0.0017,0.0043,0.0071,0.0008,0.0107,0.0041,0.0019,0.0052,0.0032,0.0033,0.0026,0.0025,0.0048
2026-08-05 09:30:12.856,12.083333,77,5,0.292455,-0.0074,-75.40,0,0,0,60.0000,0.570,0.36472,0,0,0,0,0,0.145175,0.018666,0.133638,0.030836,0.118937,0.040680,0.103189,0.046994,0.084053,0.047851,0.063809,0.044764,0.044760,0.036365,0.027137,75.40,-96.48,-147.34,30.03,-5.98,165.85,134.55,-57.20,-85.00,81.98,56.29,-138.87,-164.44,-3.39,-27.97,0.1000,0.0322,0.0017,0.0043,0.0071,0.0008,0.0107,0.0041,0.0019,0.0052,0.0032,0.0033,0.0026,0.0025,0.0048
2026-08-05 09:30:12.856,12.100000,77,6,0.291673,-0.0052,-108.55,0,0,0,60.0000,0.570,0.36472,0,0,0,0,0,0.148833,0.029117,0.136225,0.041571,0.117237,0.052306,0.096676,0.057296,0.072454,0.055051,0.048708,0.047233,0.027854,0.032911,0.011902,108.55,-104.89,-47.76,119.76,160.31,-24.61,6.82,-173.04,-146.80,37.02,59.09,-113.50,-100.07,91.14,80.90,0.1000,0.0322,0.0017,0.0043,0.0071,0.0008,0.0107,0.0041,0.0019,0.0052,0.0032,0.0033,0.0026,0.0025,0.0048
2026-08-05 09:30:12.856,12.116667,77,7,0.261396,0.0002,-145.13,0,0,0,60.0000,0.570,0.36472,0,0,0,0,0,0.130983,0.020054,0.119905,0.027803,0.106712,0.035025,0.093248,0.039011,0.075741,0.039562,0.058053,0.035645,0.040251,0.027897,0.024576,145.13,60.88,61.49,-38.68,-18.13,-126.57,-98.09,146.94,-178.58,64.28,102.32,-17.66,21.45,-104.97,-63.64,0.1000,0.0322,0.0017,0.0043,0.0071,0.0008,0.0107,0.0041,0.0019,0.0052,0.0032,0.0033,0.0026,0.0025,0.0048
2026-08-05 09:30:12.856,12.133333,77,8,0.288117,0.0137,35.89,0,0,0,60.0000,0.570,0.36472,0,0,0,0,0,0.148341,0.023648,0.136452,0.028842,0.120578,0.034216,0.103958,0.036667,0.083503,0.034633,0.062227,0.029240,0.041419,0.019807,0.023537,-35.89,66.86,-120.10,-33.71,159.65,-126.46,78.66,144.51,-1.56,59.09,-79.76,-26.81,-158.39,-117.27,125.09,0.1000,0.0322,0.0017,0.0043,0.0071,0.0008,0.0107,0.0041,0.0019,0.0052,0.0032,0.0033,0.0026,0.0025,0.0048
2026-08-05 09:30:12.856,12.150000,77,9,0.216105,0.0033,84.12,0,0,0,60.0000,0.570,0.36472,0,0,0,0,0,0.103958,0.015844,0.094925,0.019379,0.085786,0.024351,0.078464,0.027510,0.067333,0.028310,0.054155,0.028609,0.041946,0.025640,0.030117,-84.12,-30.18,91.67,127.25,-88.21,-63.53,92.00,107.77,-87.22,-78.85,94.69,95.67,-85.56,-91.92,95.05,0.1000,0.0322,0.0017,0.0043,0.0071,0.0008,0.0107,0.0041,0.0019,0.0052,0.0032,0.0033,0.0026,0.0025,0.0048
2026-08-05 09:30:12.856,12.166667,77,10,0.356842,0.0271,-2.23,0,0,0,60.0000,0.570,0.36472,0,0,0,0,0,0.188234,0.030961,0.170197,0.051913,0.144527,0.066508,0.115162,0.070868,0.081199,0.065026,0.049142,0.052059,0.023157,0.032139,0.010504,2.23,59.57,-5.51,68.38,-9.78,70.62,-14.97,69.79,-20.44,68.80,-27.17,68.18,-45.74,71.45,-102.43,0.1000,0.0322,0.0017,0.0043,0.0071,0.0008,0.0107,0.0041,0.0019,0.0052,0.0032,0.0033,0.0026,0.0025,0.0048
2026-08-05 09:30:12.856,12.183333,77,11,0.286787,0.0032,95.42,0,0,0,60.0000,0.570,0.36472,0,0,0,0,0,0.157565,0.032614,0.138983,0.017868,0.112798,0.002439,0.084843,0.024295,0.055830,0.042536,0.034830,0.054100,0.029347,0.055383,0.030625,-95.42,-15.22,62.10,152.39,-137.81,106.41,18.70,-66.76,169.79,98.46,-51.22,-95.64,74.13,67.90,-144.79,0.1000,0.0322,0.0017,0.0043,0.0071,0.0008,0.0107,0.0041,0.0019,0.0052,0.0032,0.0033,0.0026,0.0025,0.0048
2026-08-05 09:30:12.856,12.200000,77,12,0.297295,-0.0442,140.18,0,0,0,60.0000,0.570,0.36472,0,0,0,0,0,0.164497,0.022885,0.145558,0.010234,0.118592,0.008047,0.088272,0.026649,0.055224,0.042050,0.026707,0.051043,0.009825,0.051771,0.016684,-140.18,-106.76,-71.81,-22.93,0.55,-173.94,72.46,-88.25,147.03,-16.32,-129.04,54.24,1.41,119.93,128.82,0.1000,0.0322,0.0017,0.0043,0.0071,0.0008,0.0107,0.0041,0.0019,0.0052,0.0032,0.0033,0.0026,0.0025,0.0048
2026-08-05 09:30:12.856,12.216667,77,13,0.287748,0.0064,86.20,0,0,0,60.0000,0.570,0.36472,0,0,0,0,0,0.145497,0.020055,0.131996,0.035630,0.116124,0.046478,0.098113,0.052554,0.076602,0.052307,0.055870,0.045914,0.035417,0.036325,0.020379,-86.20,64.26,89.07,-104.05,-91.69,78.05,85.73,-101.26,-96.64,77.47,80.01,-104.13,-106.89,69.44,61.12,0.1000,0.0322,0.0017,0.0043,0.0071,0.0008,0.0107,0.0041,0.0019,0.0052,0.0032,0.0033,0.0026,0.0025,0.0048
2026-08-05 09:30:12.856,12.233333,77,14,0.278596,0.0001,-133.95,0,0,0,60.0000,0.570,0.36472,0,0,0,0,0,0.136285,0.016623,0.124463,0.031737,0.111205,0.042298,0.096466,0.049284,0.078234,0.051252,0.060097,0.047564,0.041329,0.040743,0.026163,133.95,176.78,28.28,71.63,-72.93,-31.96,-175.82,-134.24,81.94,122.96,-20.11,20.68,-124.46,-84.85,130.07,0.1000,0.0322,0.0017,0.0043,0.0071,0.0008,0.0107,0.0041,0.0019,0.0052,0.0032,0.0033,0.0026,0.0025,0.0048
2026-08-05 09:30:12.856,12.250000,77,15,0.280838,0.0226,66.25,0,0,0,60.0000,0.570,0.36472,0,0,0,0,0,0.141534,0.026314,0.129501,0.030553,0.116278,0.033762,0.101399,0.035978,0.082835,0.035305,0.064017,0.031334,0.043629,0.025977,0.026462,-66.25,-167.07,147.54,31.47,6.08,-124.38,-136.61,82.66,82.20,-68.65,-58.16,141.76,161.70,-12.77,25.11,0.1000,0.0322,0.0017,0.0043,0.0071,0.0008,0.0107,0.0041,0.0019,0.0052,0.0032,0.0033,0.0026,0.0025,0.0048
2026-08-05 09:30:12.856,12.266667,77,16,0.303567,-0.0063,162.06,0,0,0,60.0000,0.570,0.36472,0,0,0,0,0,0.157809,0.024252,0.143722,0.041217,0.123759,0.052862,0.100596,0.058450,0.074330,0.055791,0.049184,0.046238,0.026026,0.031412,0.009637,-162.06,-86.03,-138.45,-48.13,-111.18,-16.44,-85.03,12.68,-58.87,40.84,-33.10,69.41,-11.52,94.47,-7.12,0.1000,0.0322,0.0017,0.0043,0.0071,0.0008,0.0107,0.0041,0.0019,0.0052,0.0032,0.0033,0.0026,0.0025,0.0048
2026-08-05 09:30:12.856,12.283333,77,17,0.334409,0.0063,-59.76,0,0,0,60.0000,0.570,0.36472,0,0,0,0,0,0.176221,0.036219,0.160482,0.050569,0.135480,0.061795,0.107877,0.064595,0.075864,0.058460,0.046847,0.045162,0.022184,0.025337,0.007823,59.76,-22.45,167.41,105.85,-81.34,-133.70,28.91,-18.21,138.27,97.68,-112.43,-147.00,-13.13,-28.40,44.15,0.1000,0.0322,0.0017,0.0043,0.0071,0.0008,0.0107,0.0041,0.0019,0.0052,0.0032,0.0033,0.0026,0.0025,0.0048
2026-08-05 09:30:12.856,12.300000,77,18,0.436653,-0.0342,-153.58,0,0,0,60.0000,0.570,0.36472,0,0,0,0,0,0.236555,0.036301,0.215492,0.046736,0.186793,0.052992,0.151367,0.052102,0.111884,0.043070,0.074123,0.027827,0.041752,0.006606,0.020543,153.58,-95.04,90.60,-176.23,31.01,113.76,-28.48,46.11,-86.85,-17.12,-141.47,-79.39,169.26,-131.49,143.40,0.1000,0.0322,0.0017,0.0043,0.0071,0.0008,0.0107,0.0041,0.0019,0.0052,0.0032,0.0033,0.0026,0.0025,0.0048
2026-08-05 09:30:12.856,12.316667,77,19,0.345632,0.0037,33.18,0,0,0,60.0000,0.570,0.36472,0,0,0,0,0,0.184503,0.028448,0.167997,0.039307,0.145553,0.047577,0.119479,0.049177,0.088629,0.044539,0.059378,0.033593,0.032555,0.016817,0.012549,-33.18,-115.79,-110.80,149.61,175.14,66.47,100.99,-14.45,27.68,-92.21,-42.76,-168.57,-108.70,111.35,-151.41,0.1000,0.0322,0.0017,0.0043,0.0071,0.0008,0.0107,0.0041,0.0019,0.0052,0.0032,0.0033,0.0026,0.0025,0.0048
2026-08-05 09:30:12.856,12.333333,77,20,0.271419,0.0018,-111.67,0,0,0,60.0000,0.570,0.36472,0,0,0,0,0,0.137378,0.017423,0.126215,0.028651,0.111079,0.037897,0.095409,0.043191,0.076355,0.042908,0.056387,0.038735,0.037415,0.030675,0.021358,111.67,151.85,-38.46,-7.71,175.62,-159.48,28.65,50.09,-118.10,-98.71,96.74,111.42,-50.95,-43.12,159.10,0.1000,0.0322,0.0017,0.0043,0.0071,0.0008,0.0107,0.0041,0.0019,0.0052,0.0032,0.0033,0.0026,0.0025,0.0048
2026-08-05 09:30:12.856,12.350000,77,21,0.268206,0.1070,-21.94,0,0,0,60.0000,0.570,0.36472,0,0,0,0,0,0.135511,0.025774,0.122769,0.039113,0.105974,0.049469,0.088348,0.054099,0.066586,0.052360,0.044766,0.046502,0.026905,0.034758,0.015014,21.94,-98.08,51.19,-47.15,84.56,-4.84,116.78,32.27,148.56,66.95,179.35,100.44,-159.20,130.14,-151.95,0.1000,0.0322,0.0017,0.0043,0.0071,0.0008,0.0107,0.0041,0.0019,0.0052,0.0032,0.0033,0.0026,0.0025,0.0048
2026-08-05 09:30:12.856,12.366667,77,22,0.273934,-0.0197,-157.12,0,0,0,60.0000,0.570,0.36472,0,0,0,0,0,0.140156,0.019777,0.127868,0.031903,0.112055,0.041697,0.095419,0.045929,0.074206,0.044886,0.052494,0.040355,0.033389,0.030249,0.017905,157.12,-111.50,98.01,178.19,42.82,118.22,-13.00,59.14,-68.59,0.91,-124.14,-57.22,176.08,-117.46,113.04,0.1000,0.0322,0.0017,0.0043,0.0071,0.0008,0.0107,0.0041,0.0019,0.0052,0.0032,0.0033,0.0026,0.0025,0.0048
2026-08-05 09:30:12.856,12.383333,77,23,0.278533,0.0011,84.03,0,0,0,60.0000,0.570,0.36472,0,0,0,0,0,0.153231,0.012955,0.134215,0.009084,0.107393,0.021219,0.077650,0.037849,0.045614,0.051502,0.020878,0.059385,0.020546,0.057217,0.029433,-84.03,161.78,95.56,-83.27,-81.61,52.31,98.39,-137.15,-86.46,42.14,68.26,-134.55,-174.67,48.86,-12.21,0.1000,0.0322,0.0017,0.0043,0.0071,0.0008,0.0107,0.0041,0.0019,0.0052,0.0032,0.0033,0.0026,0.0025,0.0048
2026-08-05 09:30:12.856,12.400000,77,24,0.343590,0.0555,18.85,0,0,0,60.0000,0.570,0.36472,0,0,0,0,0,0.198470,0.031299,0.173941,0.016271,0.137707,0.015109,0.096612,0.035793,0.054528,0.051858,0.024131,0.058190,0.019454,0.051308,0.026637,-18.85,-37.88,-65.96,-58.89,-109.33,-9.42,-152.20,-27.39,170.81,-67.67,155.54,-111.03,179.40,-159.61,155.70,0.1000,0.0322,0.0017,0.0043,0.0071,0.0008,0.0107,0.0041,0.0019,0.0052,0.0032,0.0033,0.0026,0.0025,0.0048
2026-08-05 09:30:12.856,12.416667,77,25,0.338585,0.0078,41.30,0,0,0,60.0000,0.570,0.36472,0,0,0,0,0,0.179914,0.021641,0.163797,0.034059,0.143554,0.042179,0.119349,0.045351,0.090833,0.041861,0.062997,0.032184,0.035800,0.018515,0.015005,-41.30,38.51,-135.42,-70.13,134.43,-168.82,43.22,95.86,-46.82,1.18,-135.86,-91.68,136.33,168.45,56.20,0.1000,0.0322,0.0017,0.0043,0.0071,0.0008,0.0107,0.0041,0.0019,0.0052,0.0032,0.0033,0.0026,0.0025,0.0048
2026-08-05 09:30:12.856,12.433333,77,26,0.304729,-0.1177,-107.77,0,0,0,60.0000,0.570,0.36472,0,0,0,0,0,0.156091,0.027149,0.142031,0.041556,0.124412,0.051487,0.103088,0.056588,0.077803,0.054972,0.053446,0.046490,0.029546,0.033684,0.011666,107.77,-104.65,-48.07,119.98,160.05,-26.50,6.44,-175.06,-146.33,34.48,61.06,-116.03,-93.15,89.48,107.40,0.1000,0.0322,0.0017,0.0043,0.0071,0.0008,0.0107,0.0041,0.0019,0.0052,0.0032,0.0033,0.0026,0.0025,0.0048
2026-08-05 09:30:12.856,12.450000,77,27,0.272128,0.1060,32.40,0,0,0,60.0000,0.570,0.36472,0,0,0,0,0,0.139933,0.019031,0.127089,0.033436,0.111478,0.042902,0.092868,0.048293,0.071256,0.047770,0.050668,0.040416,0.029867,0.029356,0.013898,-32.40,-6.31,-110.04,-70.21,176.42,-140.48,101.22,148.18,27.09,74.74,-47.42,2.03,-124.58,-73.98,153.75,0.1000,0.0322,0.0017,0.0043,0.0071,0.0008,0.0107,0.0041,0.0019,0.0052,0.0032,0.0033,0.0026,0.0025,0.0048
2026-08-05 09:30:12.856,12.466667,77,28,0.258291,-0.0193,-97.26,0,0,0,60.0000,0.570,0.36472,0,0,0,0,0,0.131663,0.024460,0.119662,0.028886,0.106624,0.031641,0.092487,0.033642,0.074607,0.032926,0.056599,0.028856,0.037588,0.023110,0.021204,97.26,-21.01,-82.84,143.67,102.12,-45.87,-74.28,128.24,110.41,-56.42,-63.89,119.84,120.69,-70.15,-53.16,0.1000,0.0322,0.0017,0.0043,0.0071,0.0008,0.0107,0.0041,0.0019,0.0052,0.0032,0.0033,0.0026,0.0025,0.0048
2026-08-05 09:30:12.856,12.483333,77,29,0.242915,0.0054,73.16,0,0,0,60.0000,0.570,0.36472,0,0,0,0,0,0.120669,0.014099,0.110507,0.024233,0.098388,0.032388,0.086030,0.037839,0.070511,0.038986,0.053806,0.036774,0.037693,0.030069,0.022136,-73.16,-41.97,125.61,149.46,-30.95,-12.16,171.67,-173.02,14.36,28.29,-141.42,-130.52,60.59,66.54,-98.87,0.1000,0.0322,0.0017,0.0043,0.0071,0.0008,0.0107,0.0041,0.0019,0.0052,0.0032,0.0033,0.0026,0.0025,0.0048
2026-08-05 09:30:13.099,12.500000,78,0,0.230710,0.0005,138.63,0,0,0,60.0000,1.048,0.68921,0,0,0,0,0,0.114918,0.012924,0.105029,0.023539,0.093023,0.031629,0.080874,0.036897,0.066070,0.037465,0.050188,0.034922,0.035454,0.028072,0.021489,-138.63,165.28,-71.08,-124.14,1.30,-52.85,72.38,17.60,143.52,88.40,-144.50,159.16,-75.06,-136.62,-9.64,0.0722,0.0439,0.0098,0.0063,0.0068,0.0081,0.0090,0.0059,0.0105,0.0035,0.0043,0.0051,0.0011,0.0017,0.0037
2026-08-05 09:30:13.099,12.516667,78,1,0.308099,0.0028,94.94,0,0,0,60.0000,1.048,0.68921,0,0,0,0,0,0.160076,0.018841,0.146278,0.033770,0.127932,0.044245,0.107269,0.049136,0.082602,0.047385,0.058465,0.039801,0.035983,0.026981,0.017727,-94.94,-96.28,63.09,59.37,-135.28,-140.59,25.39,18.72,-174.33,179.54,-13.40,-20.26,144.60,134.03,-66.25,0.0722,0.0439,0.0098,0.0063,0.0068,0.0081,0.0090,0.0059,0.0105,0.0035,0.0043,0.0051,0.0011,0.0017,0.0037
2026-08-05 09:30:13.099,12.533333,78,2,0.290113,-0.2070,-156.79,0,0,0,60.0000,1.048,0.68921,0,0,0,0,0,0.148089,0.015502,0.135965,0.026655,0.120265,0.035792,0.103546,0.040942,0.083453,0.040505,0.062438,0.036315,0.041924,0.028183,0.024239,156.79,50.87,97.64,-14.41,42.53,-72.96,-13.77,-131.91,-69.77,170.23,-124.50,111.04,178.39,46.16,119.42,0.0722,0.0439,0.0098,0.0063,0.0068,0.0081,0.0090,0.0059,0.0105,0.0035,0.0043,0.0051,0.0011,0.0017,0.0037
2026-08-05 09:30:13.099,12.550000,78,3,0.296020,-0.2758,121.24,0,0,0,60.0000,1.048,0.68921,0,0,0,0,0,0.150313,0.016922,0.136996,0.029794,0.121481,0.040116,0.105303,0.045024,0.084578,0.044404,0.063059,0.040647,0.043454,0.031951,0.026988,-121.24,-139.88,-16.59,-43.59,91.50,62.09,-160.90,167.17,-52.93,-87.65,55.51,17.37,161.24,118.79,-93.41,0.0722,0.0439,0.0098,0.0063,0.0068,0.0081,0.0090,0.0059,0.0105,0.0035,0.0043,0.0051,0.0011,0.0017,0.0037
2026-08-05 09:30:13.099,12.566667,78,4,0.266194,0.2574,-60.84,0,0,0,60.0000,1.048,0.68921,0,0,0,0,0,0.134726,0.021961,0.123407,0.027571,0.109624,0.033530,0.095762,0.035990,0.077593,0.035196,0.058095,0.032480,0.040322,0.025570,0.024669,60.84,-100.70,169.33,-9.13,-78.43,92.36,33.33,-163.81,145.44,-58.48,-101.72,47.66,8.37,150.58,118.43,0.0722,0.0439,0.0098,0.0063,0.0068,0.0081,0.0090,0.0059,0.0105,0.0035,0.0043,0.0051,0.0011,0.0017,0.0037
2026-08-05 09:30:13.099,12.583333,78,5,0.301047,0.0218,-101.30,0,0,0,60.0000,1.048,0.68921,0,0,0,0,0,0.169585,0.042626,0.149811,0.027415,0.121982,0.007627,0.091631,0.015417,0.060030,0.033358,0.035715,0.044421,0.026752,0.044565,0.027048,101.30,16.35,-66.83,-148.03,127.48,31.02,-41.28,82.78,145.60,-85.83,-38.15,111.91,120.32,-51.00,-68.19,0.0722,0.0439,0.0098,0.0063,0.0068,0.0081,0.0090,0.0059,0.0105,0.0035,0.0043,0.0051,0.0011,0.0017,0.0037
2026-08-05 09:30:13.099,12.600000,78,6,0.303665,0.0663,-31.43,0,0,0,60.0000,1.048,0.68921,0,0,0,0,0,0.168106,0.060111,0.145788,0.043861,0.114017,0.027854,0.078241,0.031902,0.040890,0.048355,0.010097,0.059469,0.011577,0.060315,0.020711,31.43,-115.23,84.70,-44.20,141.09,46.80,-163.70,159.37,-108.42,-121.03,-52.02,-56.31,-171.39,0.26,-119.79,0.0722,0.0439,0.0098,0.0063,0.0068,0.0081,0.0090,0.0059,0.0105,0.0035,0.0043,0.0051,0.0011,0.0017,0.0037
2026-08-05 09:30:13.099,12.616667,78,7,0.242489,-0.0427,-102.05,0,0,0,60.0000,1.048,0.68921,0,0,0,0,0,0.121461,0.021074,0.108854,0.034048,0.094907,0.043840,0.079460,0.049723,0.061148,0.050206,0.043696,0.044489,0.026511,0.035456,0.014637,102.05,68.14,-67.55,-80.03,127.52,120.52,-39.69,-41.42,153.40,154.48,-14.74,-9.88,171.47,-177.81,-12.16,0.0722,0.0439,0.0098,0.0063,0.0068,0.0081,0.0090,0.0059,0.0105,0.0035,0.0043,0.0051,0.0011,0.0017,0.0037
2026-08-05 09:30:13.099,12.633333,78,8,0.252987,-0.0740,-132.06,0,0,0,60.0000,1.048,0.68921,0,0,0,0,0,0.125380,0.031597,0.112248,0.043071,0.097164,0.051959,0.079611,0.056734,0.058966,0.055939,0.039457,0.048851,0.021269,0.038253,0.010990,132.06,112.65,23.34,27.07,-81.21,-69.33,171.80,-168.87,64.80,88.98,-44.09,-14.07,-161.58,-120.93,56.99,0.0722,0.0439,0.0098,0.0063,0.0068,0.0081,0.0090,0.0059,0.0105,0.0035,0.0043,0.0051,0.0011,0.0017,0.0037
2026-08-05 09:30:13.099,12.650000,78,9,0.213382,0.0051,-93.59,0,0,0,60.0000,1.048,0.68921,0,0,0,0,0,0.101866,0.015741,0.091505,0.027157,0.081179,0.035790,0.070532,0.042426,0.056883,0.045223,0.043633,0.042914,0.029630,0.038496,0.018559,93.59,58.85,-95.27,-112.00,80.94,68.28,-105.01,-112.91,69.65,63.52,-115.90,-120.06,53.42,53.17,-141.64,0.0722,0.0439,0.0098,0.0063,0.0068,0.0081,0.0090,0.0059,0.0105,0.0035,0.0043,0.0051,0.0011,0.0017,0.0037
2026-08-05 09:30:13.099,12.666667,78,10,0.195782,0.0005,-162.28,0,0,0,60.0000,1.048,0.68921,0,0,0,0,0,0.090042,0.011560,0.081268,0.021405,0.073036,0.029333,0.065607,0.035812,0.055515,0.039704,0.044922,0.039595,0.033139,0.037760,0.022818,162.28,-151.50,109.14,167.71,61.88,121.33,12.71,74.74,-35.33,27.21,-82.61,-20.33,-132.49,-70.22,176.94,0.0722,0.0439,0.0098,0.0063,0.0068,0.0081,0.0090,0.0059,0.0105,0.0035,0.0043,0.0051,0.0011,0.0017,0.0037
2026-08-05 09:30:13.099,12.683333,78,11,0.199449,0.0084,37.90,0,0,0,60.0000,1.048,0.68921,0,0,0,0,0,0.089932,0.011081,0.081670,0.020525,0.073690,0.028721,0.066967,0.035470,0.057874,0.039328,0.046998,0.040709,0.036304,0.039006,0.025530,-37.90,174.51,-131.42,90.74,140.63,3.49,51.67,-85.01,-37.28,-172.60,-124.41,99.92,146.10,8.97,54.33,0.0722,0.0439,0.0098,0.0063,0.0068,0.0081,0.0090,0.0059,0.0105,0.0035,0.0043,0.0051,0.0011,0.0017,0.0037
2026-08-05 09:30:13.099,12.700000,78,12,0.186261,0.0034,-1.93,0,0,0,60.0000,1.048,0.68921,0,0,0,0,0,0.083771,0.014539,0.075658,0.023220,0.067110,0.031061,0.059867,0.037757,0.050427,0.040791,0.039420,0.041468,0.029251,0.038926,0.019652,1.93,-133.59,-13.02,-127.83,-22.03,-130.64,-32.75,-136.93,-43.37,-144.28,-53.34,-151.88,-66.22,-164.32,-86.93,0.0722,0.0439,0.0098,0.0063,0.0068,0.0081,0.0090,0.0059,0.0105,0.0035,0.0043,0.0051,0.0011,0.0017,0.0037
2026-08-05 09:30:13.099,12.716667,78,13,0.189655,-0.0021,-58.80,0,0,0,60.0000,1.048,0.68921,0,0,0,0,0,0.084346,0.012401,0.076595,0.021207,0.068625,0.029220,0.062261,0.036023,0.053338,0.039808,0.043188,0.040902,0.032530,0.039783,0.022765,58.80,-11.45,158.03,104.52,-97.17,-145.48,6.87,-39.50,110.67,67.08,-143.73,173.03,-40.30,-84.80,58.79,0.0722,0.0439,0.0098,0.0063,0.0068,0.0081,0.0090,0.0059,0.0105,0.0035,0.0043,0.0051,0.0011,0.0017,0.0037
2026-08-05 09:30:13.099,12.733333,78,14,0.197438,0.0038,175.14,0,0,0,60.0000,1.048,0.68921,0,0,0,0,0,0.088859,0.020677,0.080705,0.028078,0.071132,0.035664,0.062729,0.042059,0.052057,0.044453,0.040034,0.044186,0.028382,0.041328,0.018716,-175.14,-142.77,176.52,-128.22,173.90,-122.02,169.68,-120.19,165.07,-119.88,161.98,-121.40,154.08,-126.34,139.66,0.0722,0.0439,0.0098,0.0063,0.0068,0.0081,0.0090,0.0059,0.0105,0.0035,0.0043,0.0051,0.0011,0.0017,0.0037
2026-08-05 09:30:13.099,12.750000,78,15,0.212591,-0.0264,166.24,0,0,0,60.0000,1.048,0.68921,0,0,0,0,0,0.099217,0.020214,0.089238,0.030496,0.078102,0.039696,0.068244,0.045834,0.054757,0.047952,0.039958,0.047460,0.027163,0.042341,0.016499,-166.24,-117.84,-155.65,-85.40,-140.60,-60.84,-126.47,-41.66,-112.12,-24.69,-98.03,-8.20,-89.79,5.41,-88.08,0.0722,0.0439,0.0098,0.0063,0.0068,0.0081,0.0090,0.0059,0.0105,0.0035,0.0043,0.0051,0.0011,0.0017,0.0037
2026-08-05 09:30:13.099,12.766667,78,16,0.230965,0.0038,-32.85,0,0,0,60.0000,1.048,0.68921,0,0,0,0,0,0.109913,0.021468,0.099705,0.031203,0.088167,0.039600,0.077288,0.045123,0.062570,0.046683,0.046838,0.045767,0.033153,0.039972,0.021475,32.85,-81.63,82.80,-9.74,137.25,54.23,-169.11,112.27,-115.42,167.91,-61.78,-136.73,-12.68,-84.32,33.73,0.0722,0.0439,0.0098,0.0063,0.0068,0.0081,0.0090,0.0059,0.0105,0.0035,0.0043,0.0051,0.0011,0.0017,0.0037
2026-08-05 09:30:13.099,12.783333,78,17,0.250294,0.0155,-70.33,0,0,0,60.0000,1.048,0.68921,0,0,0,0,0,0.131051,0.028225,0.117288,0.021779,0.099356,0.018842,0.081473,0.023901,0.061308,0.032962,0.043758,0.040640,0.033105,0.041276,0.027034,70.33,121.46,-161.40,-124.49,-30.18,-28.08,98.69,67.15,-134.84,-177.76,-12.20,-50.19,103.21,79.59,-138.67,0.0722,0.0439,0.0098,0.0063,0.0068,0.0081,0.0090,0.0059,0.0105,0.0035,0.0043,0.0051,0.0011,0.0017,0.0037
2026-08-05 09:30:13.099,12.800000,78,18,0.257670,-0.0044,-168.50,0,0,0,60.0000,1.048,0.68921,0,0,0,0,0,0.139668,0.035334,0.124026,0.024042,0.103068,0.009116,0.080180,0.011432,0.053801,0.027756,0.029084,0.040052,0.008725,0.046052,0.005205,168.50,-28.84,134.25,-54.50,103.63,-67.41,71.76,29.70,40.36,12.63,10.34,-14.13,-26.55,-46.85,126.72,0.0722,0.0439,0.0098,0.0063,0.0068,0.0081,0.0090,0.0059,0.0105,0.0035,0.0043,0.0051,0.0011,0.0017,0.0037
2026-08-05 09:30:13.099,12.816667,78,19,0.245754,-0.0043,-93.62,0,0,0,60.0000,1.048,0.68921,0,0,0,0,0,0.121982,0.020556,0.109930,0.032035,0.096733,0.041070,0.082305,0.046827,0.065123,0.047744,0.048367,0.043006,0.031550,0.035446,0.019185,93.62,-134.11,-91.80,63.51,87.04,-111.46,-96.12,70.73,80.83,-109.63,-103.00,69.26,67.90,-116.39,-127.55,0.0722,0.0439,0.0098,0.0063,0.0068,0.0081,0.0090,0.0059,0.0105,0.0035,0.0043,0.0051,0.0011,0.0017,0.0037
2026-08-05 09:30:13.099,12.833333,78,20,0.259059,-0.0132,170.78,0,0,0,60.0000,1.048,0.68921,0,0,0,0,0,0.131650,0.017235,0.119096,0.030708,0.105004,0.040085,0.089087,0.045438,0.069899,0.045516,0.051114,0.039918,0.032279,0.031029,0.017948,-170.78,76.66,-164.98,97.62,-154.92,109.87,-146.82,121.45,-138.23,131.30,-129.93,141.37,-124.79,146.78,-123.83,0.0722,0.0439,0.0098,0.0063,0.0068,0.0081,0.0090,0.0059,0.0105,0.0035,0.0043,0.0051,0.0011,0.0017,0.0037
2026-08-05 09:30:13.099,12.850000,78,21,0.228044,0.0222,68.50,0,0,0,60.0000,1.048,0.68921,0,0,0,0,0,0.111981,0.014236,0.101458,0.026543,0.090277,0.035131,0.078018,0.041090,0.062871,0.043212,0.048327,0.039666,0.033035,0.033645,0.020899,-68.50,-65.41,140.12,151.38,-6.79,5.25,-155.64,-140.61,56.31,71.80,-91.96,-75.75,115.85,133.20,-38.93,0.0722,0.0439,0.0098,0.0063,0.0068,0.0081,0.0090,0.0059,0.0105,0.0035,0.0043,0.0051,0.0011,0.0017,0.0037
2026-08-05 09:30:13.099,12.866667,78,22,0.204253,-0.0041,168.19,0,0,0,60.0000,1.048,0.68921,0,0,0,0,0,0.098036,0.013618,0.088832,0.023879,0.079063,0.031634,0.069086,0.037768,0.056665,0.040249,0.044007,0.038321,0.030529,0.034166,0.019323,-168.19,80.62,-160.50,102.45,-147.82,118.35,-136.93,132.74,-125.26,145.42,-113.53,158.12,-105.03,166.90,-99.39,0.0722,0.0439,0.0098,0.0063,0.0068,0.0081,0.0090,0.0059,0.0105,0.0035,0.0043,0.0051,0.0011,0.0017,0.0037
2026-08-05 09:30:13.099,12.883333,78,23,0.254013,-0.0073,147.58,0,0,0,60.0000,1.048,0.68921,0,0,0,0,0,0.127605,0.018579,0.116263,0.031842,0.101310,0.042486,0.085754,0.048662,0.066805,0.049187,0.047677,0.044876,0.029778,0.035094,0.014136,-147.58,124.85,-96.65,-171.10,-41.30,-112.30,13.00,-56.67,67.08,-0.52,122.64,54.54,175.00,106.52,-137.05,0.0722,0.0439,0.0098,0.0063,0.0068,0.0081,0.0090,0.0059,0.0105,0.0035,0.0043,0.0051,0.0011,0.0017,0.0037
2026-08-05 09:30:13.099,12.900000,78,24,0.235019,0.0088,8.04,0,0,0,60.0000,1.048,0.68921,0,0,0,0,0,0.116269,0.014914,0.105924,0.026954,0.093231,0.036415,0.080255,0.042595,0.064549,0.043719,0.047753,0.041209,0.032500,0.033845,0.018611,-8.04,56.77,-39.19,33.38,-65.56,7.46,-93.32,-19.49,-121.16,-46.58,-148.35,-73.73,-178.53,-106.53,144.49,0.0722,0.0439,0.0098,0.0063,0.0068,0.0081,0.0090,0.0059,0.0105,0.0035,0.0043,0.0051,0.0011,0.0017,0.0037
2026-08-05 09:30:13.099,12.916667,78,25,0.228387,0.0022,103.65,0,0,0,60.0000,1.048,0.68921,0,0,0,0,0,0.113493,0.014639,0.103137,0.026626,0.090427,0.036140,0.077830,0.042266,0.061877,0.043727,0.045671,0.040709,0.029635,0.033626,0.015928,-103.65,-133.04,34.30,11.22,176.74,154.83,-41.70,-63.85,99.65,78.29,-118.05,-139.54,22.10,-2.35,154.84,0.0722,0.0439,0.0098,0.0063,0.0068,0.0081,0.0090,0.0059,0.0105,0.0035,0.0043,0.0051,0.0011,0.0017,0.0037
2026-08-05 09:30:13.099,12.933333,78,26,0.239943,0.0690,-1.62,0,0,0,60.0000,1.048,0.68921,0,0,0,0,0,0.119706,0.024602,0.108386,0.035880,0.093442,0.045150,0.077453,0.050745,0.058844,0.049982,0.040035,0.044541,0.023298,0.034569,0.012327,1.62,39.99,-9.79,49.89,-16.73,50.66,-25.27,47.22,-34.72,42.93,-43.76,36.33,-61.44,25.52,-100.19,0.0722,0.0439,0.0098,0.0063,0.0068,0.0081,0.0090,0.0059,0.0105,0.0035,0.0043,0.0051,0.0011,0.0017,0.0037
2026-08-05 09:30:13.099,12.950000,78,27,0.280330,0.0869,-53.45,0,0,0,60.0000,1.048,0.68921,0,0,0,0,0,0.145279,0.018145,0.132422,0.028574,0.116105,0.037570,0.099372,0.041420,0.078263,0.039870,0.055984,0.035146,0.035392,0.025158,0.018019,53.45,-135.90,147.73,-56.05,-114.44,35.60,-17.19,129.12,80.88,-136.42,-179.76,-42.35,-82.48,48.93,15.68,0.0722,0.0439,0.0098,0.0063,0.0068,0.0081,0.0090,0.0059,0.0105,0.0035,0.0043,0.0051,0.0011,0.0017,0.0037
2026-08-05 09:30:13.099,12.966667,78,28,0.202405,0.0450,-42.24,0,0,0,60.0000,1.048,0.68921,0,0,0,0,0,0.094311,0.022336,0.084713,0.031468,0.073816,0.039622,0.063935,0.045071,0.050372,0.046855,0.035666,0.046001,0.023504,0.040544,0.013959,42.24,112.96,108.96,-156.97,-179.32,-75.09,-108.41,0.83,-37.69,74.56,32.32,147.99,95.00,-141.85,148.83,0.0722,0.0439,0.0098,0.0063,0.0068,0.0081,0.0090,0.0059,0.0105,0.0035,0.0043,0.0051,0.0011,0.0017,0.0037
2026-08-05 09:30:13.099,12.983333,78,29,0.193958,0.0106,10.70,0,0,0,60.0000,1.048,0.68921,0,0,0,0,0,0.095002,0.009493,0.082623,0.007711,0.067586,0.016584,0.054028,0.029054,0.040175,0.040203,0.031080,0.047823,0.030354,0.048443,0.030134,-10.70,124.77,-48.43,31.49,-82.79,-39.84,-121.68,-82.70,-166.53,-116.63,141.52,-146.06,88.32,-176.16,46.25,0.0722,0.0439,0.0098,0.0063,0.0068,0.0081,0.0090,0.0059,0.0105,0.0035,0.0043,0.0051,0.0011,0.0017,0.0037
2026-08-05 09:30:13.349,13.000000,79,0,0.274637,-0.0535,-148.50,0,0,0,60.0000,0.703,0.46308,0,0,0,0,0,0.154449,0.021017,0.137294,0.010909,0.113922,0.004916,0.087601,0.018402,0.057708,0.030995,0.030034,0.039288,0.007365,0.040811,0.009996,148.50,103.09,74.15,21.75,3.72,-156.97,-67.76,86.22,-137.69,7.38,156.33,-66.54,105.56,-143.79,160.64,0.0590,0.0094,0.0112,0.0106,0.0080,0.0018,0.0013,0.0124,0.0067,0.0083,0.0052,0.0051,0.0027,0.0051,0.0010
2026-08-05 09:30:13.349,13.016667,79,1,0.232590,-0.0022,-157.46,0,0,0,60.0000,0.703,0.46308,0,0,0,0,0,0.113665,0.016550,0.102290,0.029363,0.090163,0.039113,0.077420,0.045840,0.061645,0.048152,0.046242,0.044703,0.030381,0.038589,0.017849,157.46,-173.25,98.72,147.14,44.82,96.60,-11.01,44.47,-66.26,-9.74,-121.56,-64.20,179.05,-122.39,115.67,0.0590,0.0094,0.0112,0.0106,0.0080,0.0018,0.0013,0.0124,0.0067,0.0083,0.0052,0.0051,0.0027,0.0051,0.0010
2026-08-05 09:30:13.349,13.033333,79,2,0.248472,0.0205,30.20,0,0,0,60.0000,0.703,0.46308,0,0,0,0,0,0.125119,0.017141,0.113715,0.026638,0.101400,0.033344,0.088023,0.037918,0.071173,0.038717,0.054315,0.034743,0.036268,0.028390,0.021526,-30.20,-116.01,-104.41,154.52,-173.88,75.57,115.00,0.14,45.10,-74.29,-24.25,-147.20,-94.57,135.44,-163.62,0.0590,0.0094,0.0112,0.0106,0.0080,0.0018,0.0013,0.0124,0.0067,0.0083,0.0052,0.0051,0.0027,0.0051,0.0010
2026-08-05 09:30:13.349,13.050000,79,3,0.217951,0.0048,-59.22,0,0,0,60.0000,0.703,0.46308,0,0,0,0,0,0.105733,0.013364,0.095765,0.024641,0.085486,0.032568,0.074699,0.038509,0.061011,0.040957,0.047517,0.038489,0.033286,0.033910,0.021567,59.22,36.42,162.12,134.78,-89.96,-121.06,15.74,-14.60,122.38,91.02,-130.78,-162.96,-28.27,-60.15,72.17,0.0590,0.0094,0.0112,0.0106,0.0080,0.0018,0.0013,0.0124,0.0067,0.0083,0.0052,0.0051,0.0027,0.0051,0.0010
2026-08-05 09:30:13.349,13.066667,79,4,0.220110,0.0071,23.46,0,0,0,60.0000,0.703,0.46308,0,0,0,0,0,0.104819,0.013596,0.095505,0.025401,0.085118,0.034069,0.074437,0.040897,0.061201,0.043594,0.047817,0.041513,0.033655,0.037446,0.022283,-23.46,-151.63,-85.97,152.22,-143.86,95.14,156.65,37.88,97.73,-20.57,38.63,-78.51,-24.23,-140.02,-89.77,0.0590,0.0094,0.0112,0.0106,0.0080,0.0018,0.0013,0.0124,0.0067,0.0083,0.0052,0.0051,0.0027,0.0051,0.0010
2026-08-05 09:30:13.349,13.083333,79,5,0.219494,0.1557,-20.56,0,0,0,60.0000,0.703,0.46308,0,0,0,0,0,0.102532,0.013372,0.094081,0.024157,0.083427,0.033777,0.074200,0.040719,0.062022,0.043816,0.048366,0.043677,0.035246,0.039629,0.022880,20.56,-66.71,45.40,-33.06,75.29,-1.85,104.32,27.11,132.88,57.51,162.97,87.03,-170.11,113.34,-147.00,0.0590,0.0094,0.0112,0.0106,0.0080,0.0018,0.0013,0.0124,0.0067,0.0083,0.0052,0.0051,0.0027,0.0051,0.0010
2026-08-05 09:30:13.349,13.100000,79,6,0.242566,-0.0995,-177.23,0,0,0,60.0000,0.703,0.46308,0,0,0,0,0,0.119684,0.023578,0.109322,0.028590,0.097905,0.032909,0.085884,0.036115,0.071360,0.035905,0.054876,0.033644,0.039414,0.027067,0.023996,177.23,-43.14,156.66,-78.62,140.96,-106.28,124.24,-131.84,107.85,-153.57,92.83,-174.86,76.48,158.71,57.90,0.0590,0.0094,0.0112,0.0106,0.0080,0.0018,0.0013,0.0124,0.0067,0.0083,0.0052,0.0051,0.0027,0.0051,0.0010
2026-08-05 09:30:13.349,13.116667,79,7,0.196546,-0.0477,158.12,0,0,0,60.0000,0.703,0.46308,0,0,0,0,0,0.091861,0.016396,0.083959,0.020334,0.075735,0.025074,0.069222,0.028963,0.059699,0.031149,0.048908,0.031127,0.037724,0.029133,0.026867,-158.12,0.48,-131.79,11.89,-100.26,32.24,-69.08,54.31,-37.94,80.98,-4.74,108.76,27.02,131.43,56.04,0.0590,0.0094,0.0112,0.0106,0.0080,0.0018,0.0013,0.0124,0.0067,0.0083,0.0052,0.0051,0.0027,0.0051,0.0010
2026-08-05 09:30:13.349,13.133333,79,8,0.194777,-0.0084,-166.63,0,0,0,60.0000,0.703,0.46308,0,0,0,0,0,0.090796,0.015761,0.083120,0.020651,0.074510,0.026128,0.067630,0.030921,0.058317,0.032981,0.046795,0.033293,0.035557,0.031258,0.024955,166.63,-75.06,122.38,-133.27,83.57,176.78,43.86,130.05,4.59,86.91,-32.64,44.29,-72.65,-1.55,-114.30,0.0590,0.0094,0.0112,0.0106,0.0080,0.0018,0.0013,0.0124,0.0067,0.0083,0.0052,0.0051,0.0027,0.0051,0.0010
2026-08-05 09:30:13.349,13.150000,79,9,0.226216,0.0010,179.95,0,0,0,60.0000,0.703,0.46308,0,0,0,0,0,0.109702,0.018739,0.099135,0.030881,0.086710,0.040910,0.074878,0.046824,0.059041,0.047948,0.041965,0.046054,0.027386,0.038786,0.015498,-179.95,-135.18,163.36,-132.16,151.48,-136.62,138.79,-145.92,126.15,-156.90,113.44,-168.07,94.85,178.06,69.49,0.0590,0.0094,0.0112,0.0106,0.0080,0.0018,0.0013,0.0124,0.0067,0.0083,0.0052,0.0051,0.0027,0.0051,0.0010
2026-08-05 09:30:13.349,13.166667,79,10,0.196557,0.0078,89.73,0,0,0,60.0000,0.703,0.46308,0,0,0,0,0,0.093441,0.016908,0.085422,0.019740,0.077163,0.023681,0.070890,0.025979,0.060686,0.026908,0.048867,0.027630,0.038432,0.025039,0.028066,-89.73,141.39,73.59,-69.42,-117.95,87.47,50.29,-113.89,-140.97,46.46,28.51,-150.39,-164.36,10.63,3.83,0.0590,0.0094,0.0112,0.0106,0.0080,0.0018,0.0013,0.0124,0.0067,0.0083,0.0052,0.0051,0.0027,0.0051,0.0010
2026-08-05 09:30:13.349,13.183333,79,11,0.194498,-0.0291,149.58,0,0,0,60.0000,0.703,0.46308,0,0,0,0,0,0.095433,0.013150,0.085056,0.012387,0.073190,0.016591,0.063100,0.024018,0.050959,0.031584,0.040063,0.037301,0.033942,0.037319,0.028833,-149.58,26.40,-105.94,41.84,-58.13,59.84,-12.57,89.83,30.97,131.35,72.52,-179.75,110.96,-131.02,153.85,0.0590,0.0094,0.0112,0.0106,0.0080,0.0018,0.0013,0.0124,0.0067,0.0083,0.0052,0.0051,0.0027,0.0051,0.0010
2026-08-05 09:30:13.349,13.200000,79,12,0.274431,0.0083,18.17,0,0,0,60.0000,0.703,0.46308,0,0,0,0,0,0.151117,0.055328,0.132384,0.040746,0.106174,0.023526,0.077273,0.020621,0.045840,0.035852,0.018721,0.048414,0.006133,0.052935,0.014257,-18.17,-37.40,-65.22,-70.28,-108.89,-88.09,-154.32,-63.43,159.39,-74.64,108.58,-107.33,-35.68,-149.40,-125.71,0.0590,0.0094,0.0112,0.0106,0.0080,0.0018,0.0013,0.0124,0.0067,0.0083,0.0052,0.0051,0.0027,0.0051,0.0010
2026-08-05 09:30:13.349,13.216667,79,13,0.245693,0.0067,0.91,0,0,0,60.0000,0.703,0.46308,0,0,0,0,0,0.123313,0.019065,0.110763,0.031661,0.096960,0.041414,0.081860,0.047838,0.063923,0.049233,0.046800,0.044381,0.029341,0.036056,0.016292,-0.91,44.33,-16.35,50.12,-26.88,44.37,-39.23,36.44,-50.82,25.96,-62.71,15.39,-78.55,0.59,-100.32,0.0590,0.0094,0.0112,0.0106,0.0080,0.0018,0.0013,0.0124,0.0067,0.0083,0.0052,0.0051,0.0027,0.0051,0.0010
2026-08-05 09:30:13.349,13.233333,79,14,0.263122,-0.0103,-99.79,0,0,0,60.0000,0.703,0.46308,0,0,0,0,0,0.132000,0.018406,0.119289,0.034148,0.104782,0.044926,0.088408,0.051441,0.068673,0.052107,0.049447,0.046528,0.030586,0.037207,0.016794,99.79,-95.30,-74.20,103.31,116.27,-64.37,-55.15,127.67,133.68,-41.59,-38.32,149.88,145.16,-22.05,-38.92,0.0590,0.0094,0.0112,0.0106,0.0080,0.0018,0.0013,0.0124,0.0067,0.0083,0.0052,0.0051,0.0027,0.0051,0.0010
2026-08-05 09:30:13.349,13.250000,79,15,0.249073,-0.0031,133.43,0,0,0,60.0000,0.703,0.46308,0,0,0,0,0,0.125146,0.014758,0.113682,0.026394,0.101443,0.034504,0.087521,0.040213,0.070487,0.041508,0.053549,0.037587,0.035371,0.030634,0.020585,-133.43,-163.22,-54.71,-91.42,28.78,-13.06,110.61,67.95,-166.72,148.59,-83.78,-129.18,-3.66,-50.95,74.88,0.0590,0.0094,0.0112,0.0106,0.0080,0.0018,0.0013,0.0124,0.0067,0.0083,0.0052,0.0051,0.0027,0.0051,0.0010
2026-08-05 09:30:13.349,13.266667,79,16,0.301772,0.0022,27.10,0,0,0,60.0000,0.703,0.46308,0,0,0,0,0,0.155803,0.018428,0.142508,0.028786,0.126871,0.035747,0.108600,0.039613,0.086743,0.038434,0.065291,0.031727,0.042967,0.021501,0.025015,-27.10,67.06,-94.05,-13.82,-156.74,-84.88,139.38,-152.14,76.72,141.04,14.82,76.56,-47.13,7.94,-106.45,0.0590,0.0094,0.0112,0.0106,0.0080,0.0018,0.0013,0.0124,0.0067,0.0083,0.0052,0.0051,0.0027,0.0051,0.0010
2026-08-05 09:30:13.349,13.283333,79,17,0.261134,0.0028,121.23,0,0,0,60.0000,0.703,0.46308,0,0,0,0,0,0.132575,0.014597,0.121475,0.026310,0.107043,0.035466,0.092397,0.040494,0.073992,0.040669,0.055327,0.036134,0.037187,0.026706,0.021203,-121.23,-154.96,-17.95,-50.20,89.96,56.45,-163.26,162.62,-56.62,-89.53,51.17,17.81,155.82,122.09,-102.65,0.0590,0.0094,0.0112,0.0106,0.0080,0.0018,0.0013,0.0124,0.0067,0.0083,0.0052,0.0051,0.0027,0.0051,0.0010
2026-08-05 09:30:13.349,13.300000,79,18,0.268288,0.0161,39.04,0,0,0,60.0000,0.703,0.46308,0,0,0,0,0,0.135582,0.026010,0.124209,0.036235,0.107847,0.045293,0.090573,0.050068,0.069707,0.048844,0.048732,0.042828,0.029869,0.030971,0.014614,-39.04,-43.06,-131.18,-113.51,141.17,167.04,52.03,83.59,-37.43,-1.46,-127.07,-87.15,138.32,-178.02,28.37,0.0590,0.0094,0.0112,0.0106,0.0080,0.0018,0.0013,0.0124,0.0067,0.0083,0.0052,0.0051,0.0027,0.0051,0.0010
2026-08-05 09:30:13.349,13.316667,79,19,0.278238,0.0015,110.14,0,0,0,60.0000,0.703,0.46308,0,0,0,0,0,0.139657,0.034441,0.127218,0.045191,0.109110,0.054880,0.089299,0.059639,0.065953,0.057356,0.043198,0.049318,0.022931,0.035426,0.008850,-110.14,168.77,15.75,-43.35,146.29,96.16,-84.79,-128.93,43.77,4.22,172.23,136.50,-66.31,-95.99,23.60,0.0590,0.0094,0.0112,0.0106,0.0080,0.0018,0.0013,0.0124,0.0067,0.0083,0.0052,0.0051,0.0027,0.0051,0.0010
2026-08-05 09:30:13.349,13.333333,79,20,0.299355,-0.0488,142.61,0,0,0,60.0000,0.703,0.46308,0,0,0,0,0,0.154304,0.022870,0.140917,0.037751,0.122146,0.049138,0.101427,0.054886,0.077132,0.053182,0.053136,0.045487,0.030695,0.031696,0.012720,-142.61,129.89,-80.55,-152.44,-14.34,-81.91,50.84,-14.07,116.16,53.91,-177.02,121.70,-112.78,-172.36,-53.72,0.0590,0.0094,0.0112,0.0106,0.0080,0.0018,0.0013,0.0124,0.0067,0.0083,0.0052,0.0051,0.0027,0.0051,0.0010
2026-08-05 09:30:13.349,13.350000,79,21,0.309737,0.0036,143.83,0,0,0,60.0000,0.703,0.46308,0,0,0,0,0,0.157351,0.038327,0.142012,0.052466,0.121030,0.063836,0.097644,0.068506,0.069830,0.065079,0.042417,0.056074,0.018684,0.039760,0.005429,-143.83,102.91,-84.68,-175.69,-21.62,-102.84,40.61,-34.88,103.07,31.37,165.55,97.05,-141.62,162.21,-153.46,0.0590,0.0094,0.0112,0.0106,0.0080,0.0018,0.0013,0.0124,0.0067,0.0083,0.0052,0.0051,0.0027,0.0051,0.0010
2026-08-05 09:30:13.349,13.366667,79,22,0.309708,-0.0072,176.01,0,0,0,60.0000,0.703,0.46308,0,0,0,0,0,0.161528,0.029509,0.146110,0.044684,0.125132,0.056117,0.101802,0.060133,0.073999,0.056215,0.046524,0.046843,0.022924,0.030554,0.006665,-176.01,49.52,179.39,65.02,178.59,72.14,177.05,74.95,175.79,76.38,174.88,77.73,167.15,79.45,133.14,0.0590,0.0094,0.0112,0.0106,0.0080,0.0018,0.0013,0.0124,0.0067,0.0083,0.0052,0.0051,0.0027,0.0051,0.0010
2026-08-05 09:30:13.349,13.383333,79,23,0.345728,0.0063,-135.57,0,0,0,60.0000,0.703,0.46308,0,0,0,0,0,0.189548,0.023536,0.168817,0.040244,0.138643,0.054170,0.104130,0.062517,0.066150,0.063656,0.032353,0.058678,0.013159,0.044856,0.019469,135.57,-40.92,35.35,-131.23,-61.58,132.88,-160.07,34.08,99.96,-64.21,-5.87,-160.83,-160.35,104.76,46.30,0.0590,0.0094,0.0112,0.0106,0.0080,0.0018,0.0013,0.0124,0.0067,0.0083,0.0052,0.0051,0.0027,0.0051,0.0010
2026-08-05 09:30:13.349,13.400000,79,24,0.375450,0.0019,-75.92,0,0,0,60.0000,0.703,0.46308,0,0,0,0,0,0.219657,0.014133,0.194738,0.008260,0.157918,0.021373,0.115038,0.037895,0.070126,0.049132,0.034160,0.052157,0.019645,0.043588,0.027483,75.92,-57.85,-141.41,12.92,4.91,102.75,151.64,-126.95,-57.19,11.15,108.34,152.49,-43.59,-67.70,139.07,0.0590,0.0094,0.0112,0.0106,0.0080,0.0018,0.0013,0.0124,0.0067,0.0083,0.0052,0.0051,0.0027,0.0051,0.0010
2026-08-05 09:30:13.349,13.416667,79,25,0.341605,-0.0268,107.24,0,0,0,60.0000,0.703,0.46308,0,0,0,0,0,0.180641,0.023246,0.163829,0.037175,0.142545,0.046950,0.117769,0.051900,0.090087,0.049559,0.064187,0.039924,0.038883,0.024809,0.019643,-107.24,90.28,27.56,-149.41,166.51,-18.49,-55.05,115.37,85.17,-109.87,-133.13,27.34,10.92,163.35,161.92,0.0590,0.0094,0.0112,0.0106,0.0080,0.0018,0.0013,0.0124,0.0067,0.0083,0.0052,0.0051,0.0027,0.0051,0.0010
2026-08-05 09:30:13.349,13.433333,79,26,0.284191,-0.0108,160.45,0,0,0,60.0000,0.703,0.46308,0,0,0,0,0,0.146210,0.017885,0.132768,0.033091,0.117090,0.042788,0.098728,0.048107,0.076508,0.047395,0.054901,0.040475,0.033025,0.029629,0.016408,-160.45,-38.42,-133.43,-17.99,-102.28,8.76,-72.72,37.92,-42.48,67.39,-11.85,98.64,17.56,126.63,46.53,0.0590,0.0094,0.0112,0.0106,0.0080,0.0018,0.0013,0.0124,0.0067,0.0083,0.0052,0.0051,0.0027,0.0051,0.0010
2026-08-05 09:30:13.349,13.450000,79,27,0.269042,0.1405,-4.89,0,0,0,60.0000,0.703,0.46308,0,0,0,0,0,0.136775,0.022717,0.125206,0.029313,0.111713,0.033975,0.096182,0.037020,0.077361,0.036244,0.058557,0.031021,0.038614,0.023697,0.022258,4.89,-31.14,1.52,-52.40,2.64,-63.11,2.30,-70.35,3.29,-76.72,5.15,-81.44,6.19,-92.33,9.95,0.0590,0.0094,0.0112,0.0106,0.0080,0.0018,0.0013,0.0124,0.0067,0.0083,0.0052,0.0051,0.0027,0.0051,0.0010
2026-08-05 09:30:13.349,13.466667,79,28,0.225413,-0.0393,-133.12,0,0,0,60.0000,0.703,0.46308,0,0,0,0,0,0.109927,0.013927,0.100584,0.023596,0.090322,0.030666,0.079285,0.036454,0.065493,0.038333,0.051547,0.035739,0.036118,0.030908,0.023107,133.12,-163.90,24.33,76.71,-79.72,-32.78,174.78,-139.91,70.35,112.96,-33.71,7.34,-139.97,-102.08,113.60,0.0590,0.0094,0.0112,0.0106,0.0080,0.0018,0.0013,0.0124,0.0067,0.0083,0.0052,0.0051,0.0027,0.0051,0.0010
2026-08-05 09:30:13.349,13.483333,79,29,0.253662,-0.0090,33.35,0,0,0,60.0000,0.703,0.46308,0,0,0,0,0,0.126498,0.024443,0.115790,0.036946,0.099329,0.047888,0.082631,0.053555,0.062192,0.053216,0.042353,0.047532,0.024433,0.036039,0.010785,-33.35,157.32,-114.41,95.01,168.98,25.96,91.11,-48.19,12.26,-122.30,-65.93,161.61,-151.71,82.58,103.78,0.0590,0.0094,0.0112,0.0106,0.0080,0.0018,0.0013,0.0124,0.0067,0.0083,0.0052,0.0051,0.0027,0.0051,0.0010
2026-08-05 09:30:13.660,13.500000,80,0,0.323609,-0.0027,-104.56,0,0,0,60.0000,0.475,0.54558,0,0,0,0,0,0.161208,0.056115,0.146598,0.066484,0.121213,0.076519,0.093476,0.078858,0.061372,0.072641,0.032150,0.058812,0.010027,0.037793,0.016389,104.56,51.98,-59.21,-90.79,141.39,120.00,-20.05,-33.81,178.03,170.31,12.57,13.81,171.69,-146.37,-78.15,0.0438,0.0178,0.0112,0.0023,0.0030,0.0027,0.0010,0.0052,0.0008,0.0033,0.0035,0.0028,0.0024,0.0054,0.0032
2026-08-05 09:30:13.660,13.516667,80,1,0.349537,0.0374,78.69,0,0,0,60.0000,0.475,0.54558,0,0,0,0,0,0.183810,0.034921,0.167839,0.038295,0.147579,0.041695,0.124730,0.040307,0.096588,0.035753,0.068995,0.026637,0.042490,0.013623,0.020142,-78.69,171.36,112.74,-14.41,-52.53,167.98,142.36,-7.99,-22.08,178.76,175.94,6.10,16.66,178.82,-133.00,0.0438,0.0178,0.0112,0.0023,0.0030,0.0027,0.0010,0.0052,0.0008,0.0033,0.0035,0.0028,0.0024,0.0054,0.0032
2026-08-05 09:30:13.660,13.533333,80,2,0.268506,-0.0823,154.30,0,0,0,60.0000,0.475,0.54558,0,0,0,0,0,0.135553,0.017961,0.124338,0.028935,0.109529,0.038086,0.094191,0.043339,0.075413,0.043243,0.055641,0.039180,0.036759,0.030574,0.020246,-154.30,-16.04,-116.51,10.99,-74.46,46.77,-33.41,84.16,7.83,123.45,50.61,162.28,90.86,-163.73,129.23,0.0438,0.0178,0.0112,0.0023,0.0030,0.0027,0.0010,0.0052,0.0008,0.0033,0.0035,0.0028,0.0024,0.0054,0.0032
2026-08-05 09:30:13.660,13.550000,80,3,0.256352,0.0825,0.49,0,0,0,60.0000,0.475,0.54558,0,0,0,0,0,0.128451,0.023037,0.117799,0.026548,0.104803,0.031073,0.092897,0.032735,0.076716,0.031353,0.058665,0.028799,0.041820,0.022672,0.026681,-0.49,-36.73,-15.06,-68.20,-25.74,-91.18,-36.93,-111.59,-47.10,-130.28,-55.87,-148.89,-66.38,-172.10,-74.97,0.0438,0.0178,0.0112,0.0023,0.0030,0.0027,0.0010,0.0052,0.0008,0.0033,0.0035,0.0028,0.0024,0.0054,0.0032
2026-08-05 09:30:13.660,13.566667,80,4,0.242516,-0.0004,-145.19,0,0,0,60.0000,0.475,0.54558,0,0,0,0,0,0.119779,0.017478,0.110051,0.023457,0.098622,0.029590,0.087972,0.032773,0.072905,0.033380,0.056225,0.032617,0.041168,0.027432,0.026979,145.19,-118.28,60.78,141.44,-19.07,51.77,-99.32,-35.95,-178.97,-122.43,102.19,152.73,21.16,65.36,-58.39,0.0438,0.0178,0.0112,0.0023,0.0030,0.0027,0.0010,0.0052,0.0008,0.0033,0.0035,0.0028,0.0024,0.0054,0.0032
2026-08-05 09:30:13.660,13.583333,80,5,0.335001,0.0054,167.58,0,0,0,60.0000,0.475,0.54558,0,0,0,0,0,0.180878,0.067356,0.161913,0.051728,0.135015,0.031476,0.106271,0.014169,0.076480,0.019452,0.052342,0.029352,0.037660,0.029015,0.028922,-167.58,17.37,-152.90,33.14,-135.94,41.67,-121.45,16.58,-109.61,-31.65,-101.43,-27.31,-98.85,-13.28,-89.29,0.0438,0.0178,0.0112,0.0023,0.0030,0.0027,0.0010,0.0052,0.0008,0.0033,0.0035,0.0028,0.0024,0.0054,0.0032
2026-08-05 09:30:13.660,13.600000,80,6,0.290156,0.0099,35.81,0,0,0,60.0000,0.475,0.54558,0,0,0,0,0,0.164884,0.047663,0.146088,0.033490,0.119427,0.014133,0.089502,0.007957,0.056421,0.027067,0.026762,0.040150,0.008148,0.044277,0.014489,-35.81,-78.54,-118.49,-156.61,162.13,125.53,81.26,-143.03,-0.62,141.78,-86.32,64.65,133.77,-16.75,-19.46,0.0438,0.0178,0.0112,0.0023,0.0030,0.0027,0.0010,0.0052,0.0008,0.0033,0.0035,0.0028,0.0024,0.0054,0.0032
2026-08-05 09:30:13.660,13.616667,80,7,0.227373,0.0006,59.27,0,0,0,60.0000,0.475,0.54558,0,0,0,0,0,0.111756,0.012528,0.100466,0.024168,0.088497,0.033229,0.076391,0.040536,0.061786,0.044116,0.047757,0.042230,0.033402,0.037807,0.021993,-59.27,-46.72,166.76,-168.88,38.35,63.40,-91.41,-64.77,140.09,165.10,12.44,34.71,-118.14,-99.77,110.00,0.0438,0.0178,0.0112,0.0023,0.0030,0.0027,0.0010,0.0052,0.0008,0.0033,0.0035,0.0028,0.0024,0.0054,0.0032
2026-08-05 09:30:13.660,13.633333,80,8,0.215682,-0.0323,-100.70,0,0,0,60.0000,0.475,0.54558,0,0,0,0,0,0.104499,0.012019,0.094382,0.023286,0.084355,0.031365,0.074455,0.037211,0.061548,0.039786,0.048453,0.037690,0.034121,0.033576,0.022377,100.70,-74.22,-73.85,113.80,116.93,-57.30,-54.06,132.62,135.32,-37.84,-34.96,152.18,151.07,-21.55,-24.03,0.0438,0.0178,0.0112,0.0023,0.0030,0.0027,0.0010,0.0052,0.0008,0.0033,0.0035,0.0028,0.0024,0.0054,0.0032
2026-08-05 09:30:13.660,13.650000,80,9,0.197697,0.0222,64.39,0,0,0,60.0000,0.475,0.54558,0,0,0,0,0,0.093259,0.010993,0.084136,0.021032,0.075675,0.028432,0.067462,0.034420,0.056420,0.037692,0.045214,0.036650,0.032772,0.034294,0.022214,-64.39,-59.91,149.47,163.73,9.22,22.90,-133.16,-116.88,85.68,101.58,-55.08,-39.65,160.59,175.56,16.07,0.0438,0.0178,0.0112,0.0023,0.0030,0.0027,0.0010,0.0052,0.0008,0.0033,0.0035,0.0028,0.0024,0.0054,0.0032
2026-08-05 09:30:13.660,13.666667,80,10,0.267122,0.0393,-36.95,0,0,0,60.0000,0.475,0.54558,0,0,0,0,0,0.132083,0.023832,0.120145,0.037237,0.105579,0.047041,0.088574,0.053608,0.068750,0.054250,0.049706,0.048195,0.030671,0.039169,0.017197,36.95,115.81,97.48,-163.74,161.99,-92.60,-135.19,-23.99,-72.02,41.73,-10.04,107.27,46.21,168.83,94.01,0.0438,0.0178,0.0112,0.0023,0.0030,0.0027,0.0010,0.0052,0.0008,0.0033,0.0035,0.0028,0.0024,0.0054,0.0032
2026-08-05 09:30:13.660,13.683333,80,11,0.219946,-0.0011,-179.25,0,0,0,60.0000,0.475,0.54558,0,0,0,0,0,0.104233,0.012363,0.095119,0.022347,0.085046,0.030842,0.076160,0.036851,0.063975,0.039706,0.051055,0.038893,0.038287,0.035132,0.026319,179.25,89.71,160.57,71.62,147.62,55.40,133.13,39.79,118.52,25.92,105.19,11.42,88.24,-6.63,69.37,0.0438,0.0178,0.0112,0.0023,0.0030,0.0027,0.0010,0.0052,0.0008,0.0033,0.0035,0.0028,0.0024,0.0054,0.0032
2026-08-05 09:30:13.660,13.700000,80,12,0.262137,0.0032,9.81,0,0,0,60.0000,0.475,0.54558,0,0,0,0,0,0.132161,0.016301,0.120565,0.029699,0.106140,0.039743,0.090586,0.045871,0.072026,0.046122,0.052444,0.042053,0.034666,0.032482,0.018605,-9.81,54.10,-43.69,27.72,-73.05,-0.82,-103.54,-30.80,-134.22,-60.25,-164.08,-90.14,162.99,-125.06,124.14,0.0438,0.0178,0.0112,0.0023,0.0030,0.0027,0.0010,0.0052,0.0008,0.0033,0.0035,0.0028,0.0024,0.0054,0.0032
2026-08-05 09:30:13.660,13.716667,80,13,0.243293,-0.0053,150.28,0,0,0,60.0000,0.475,0.54558,0,0,0,0,0,0.117396,0.015770,0.107894,0.022437,0.097249,0.029446,0.087359,0.034242,0.073742,0.036604,0.059160,0.035669,0.044194,0.031990,0.029915,-150.28,-174.05,-105.51,-145.96,-56.50,-105.66,-7.73,-64.06,40.97,-18.80,91.20,27.29,140.35,67.99,-173.37,0.0438,0.0178,0.0112,0.0023,0.0030,0.0027,0.0010,0.0052,0.0008,0.0033,0.0035,0.0028,0.0024,0.0054,0.0032
2026-08-05 09:30:13.660,13.733333,80,14,0.220126,0.0237,8.72,0,0,0,60.0000,0.475,0.54558,0,0,0,0,0,0.101826,0.012004,0.094010,0.020206,0.084805,0.028088,0.077146,0.034481,0.066632,0.037473,0.054134,0.038077,0.041707,0.035931,0.030023,-8.72,86.80,-42.45,44.43,-71.15,10.82,-100.57,-21.55,-129.70,-51.88,-157.00,-82.15,173.32,-115.86,142.45,0.0438,0.0178,0.0112,0.0023,0.0030,0.0027,0.0010,0.0052,0.0008,0.0033,0.0035,0.0028,0.0024,0.0054,0.0032
2026-08-05 09:30:13.660,13.750000,80,15,0.213710,0.0027,-80.17,0,0,0,60.0000,0.475,0.54558,0,0,0,0,0,0.098777,0.011434,0.090496,0.019979,0.081703,0.028048,0.074962,0.033673,0.064609,0.036472,0.052322,0.037606,0.041437,0.035034,0.030793,80.17,-96.46,-136.45,38.40,11.63,-176.19,159.34,-30.43,-52.38,116.07,96.32,-96.24,-117.50,48.85,28.33,0.0438,0.0178,0.0112,0.0023,0.0030,0.0027,0.0010,0.0052,0.0008,0.0033,0.0035,0.0028,0.0024,0.0054,0.0032
2026-08-05 09:30:13.660,13.766667,80,16,0.195211,-0.0268,166.08,0,0,0,60.0000,0.475,0.54558,0,0,0,0,0,0.090304,0.010557,0.082168,0.019538,0.073874,0.027270,0.067328,0.032731,0.057133,0.035829,0.045290,0.037332,0.035203,0.034966,0.025347,-166.08,102.02,-156.61,116.93,-141.81,134.14,-127.24,147.91,-112.50,161.45,-97.31,176.53,-85.21,-171.18,-73.04,0.0438,0.0178,0.0112,0.0023,0.0030,0.0027,0.0010,0.0052,0.0008,0.0033,0.0035,0.0028,0.0024,0.0054,0.0032
2026-08-05 09:30:13.660,13.783333,80,17,0.187146,-0.0048,127.14,0,0,0,60.0000,0.475,0.54558,0,0,0,0,0,0.091913,0.006394,0.079651,0.009845,0.065066,0.020271,0.052869,0.031933,0.041303,0.041070,0.034428,0.045838,0.033540,0.043013,0.031049,-127.14,-129.92,-39.37,-98.40,51.77,-22.13,137.86,66.61,-141.42,160.98,-63.80,-101.25,16.02,-4.82,105.88,0.0438,0.0178,0.0112,0.0023,0.0030,0.0027,0.0010,0.0052,0.0008,0.0033,0.0035,0.0028,0.0024,0.0054,0.0032
2026-08-05 09:30:13.660,13.800000,80,18,0.249114,0.0044,-70.84,0,0,0,60.0000,0.475,0.54558,0,0,0,0,0,0.137736,0.032187,0.123535,0.023702,0.104664,0.013658,0.084411,0.009558,0.060215,0.018761,0.036775,0.027866,0.016850,0.031701,0.002917,70.84,-52.38,-159.69,73.41,-26.39,-175.30,105.87,-115.82,-121.52,-24.85,11.83,99.00,138.10,-136.48,-131.26,0.0438,0.0178,0.0112,0.0023,0.0030,0.0027,0.0010,0.0052,0.0008,0.0033,0.0035,0.0028,0.0024,0.0054,0.0032
2026-08-05 09:30:13.660,13.816667,80,19,0.195644,0.0146,24.51,0,0,0,60.0000,0.475,0.54558,0,0,0,0,0,0.094595,0.009949,0.084461,0.018976,0.074233,0.026756,0.064812,0.033949,0.053347,0.038385,0.042568,0.038212,0.031439,0.035765,0.022761,-24.51,-171.55,-89.89,145.53,-148.92,90.75,150.59,34.13,91.91,-25.46,34.10,-85.71,-27.11,-150.21,-90.07,0.0438,0.0178,0.0112,0.0023,0.0030,0.0027,0.0010,0.0052,0.0008,0.0033,0.0035,0.0028,0.0024,0.0054,0.0032
2026-08-05 09:30:13.660,13.833333,80,20,0.204918,-0.0085,-98.74,0,0,0,60.0000,0.475,0.54558,0,0,0,0,0,0.097452,0.016325,0.087471,0.027150,0.077699,0.035699,0.067755,0.041728,0.054824,0.044082,0.041704,0.041727,0.027624,0.037513,0.016602,98.74,60.31,-79.49,-96.33,107.83,95.35,-67.33,-74.73,118.24,113.31,-56.25,-58.58,125.17,125.82,-56.71,0.0438,0.0178,0.0112,0.0023,0.0030,0.0027,0.0010,0.0052,0.0008,0.0033,0.0035,0.0028,0.0024,0.0054,0.0032
2026-08-05 09:30:13.660,13.850000,80,21,0.191016,0.0019,-142.71,0,0,0,60.0000,0.475,0.54558,0,0,0,0,0,0.089088,0.014810,0.080442,0.023122,0.072474,0.029595,0.064549,0.034962,0.053946,0.038048,0.043424,0.036722,0.031365,0.034148,0.021248,142.71,141.29,51.07,71.62,-34.86,-8.99,-123.11,-90.93,150.18,-175.75,64.01,98.67,-25.67,9.78,-115.42,0.0438,0.0178,0.0112,0.0023,0.0030,0.0027,0.0010,0.0052,0.0008,0.0033,0.0035,0.0028,0.0024,0.0054,0.0032
2026-08-05 09:30:13.660,13.866667,80,22,0.204932,0.0132,-0.90,0,0,0,60.0000,0.475,0.54558,0,0,0,0,0,0.093001,0.012762,0.084638,0.022894,0.076633,0.030717,0.068971,0.037594,0.058495,0.041811,0.047770,0.041497,0.035348,0.039875,0.024545,0.90,-124.12,-14.48,-123.76,-24.32,-130.49,-35.96,-137.72,-46.03,-147.02,-55.68,-156.13,-68.45,-167.78,-81.08,0.0438,0.0178,0.0112,0.0023,0.0030,0.0027,0.0010,0.0052,0.0008,0.0033,0.0035,0.0028,0.0024,0.0054,0.0032
2026-08-05 09:30:13.660,13.883333,80,23,0.235596,-0.0006,-121.41,0,0,0,60.0000,0.475,0.54558,0,0,0,0,0,0.113895,0.018527,0.103917,0.030973,0.090696,0.041784,0.077921,0.048429,0.061450,0.050306,0.045041,0.047443,0.029602,0.039987,0.016728,121.41,117.45,-11.56,0.92,-139.54,-122.09,91.01,111.21,-39.24,-14.91,-168.39,-142.58,56.13,86.65,-88.25,0.0438,0.0178,0.0112,0.0023,0.0030,0.0027,0.0010,0.0052,0.0008,0.0033,0.0035,0.0028,0.0024,0.0054,0.0032
2026-08-05 09:30:13.660,13.900000,80,24,0.236653,0.0005,106.88,0,0,0,60.0000,0.475,0.54558,0,0,0,0,0,0.113805,0.034633,0.103281,0.042888,0.088105,0.051071,0.072840,0.055738,0.054270,0.054872,0.035748,0.049514,0.019319,0.038981,0.008688,-106.88,-11.14,23.75,141.40,159.57,-72.85,-66.45,67.83,66.92,-153.27,-159.93,-15.74,-36.10,116.77,50.71,0.0438,0.0178,0.0112,0.0023,0.0030,0.0027,0.0010,0.0052,0.0008,0.0033,0.0035,0.0028,0.0024,0.0054,0.0032
2026-08-05 09:30:13.660,13.916667,80,25,0.278087,-0.0057,-81.89,0,0,0,60.0000,0.475,0.54558,0,0,0,0,0,0.140674,0.022355,0.127992,0.038088,0.110592,0.050214,0.092067,0.056612,0.069480,0.056343,0.047406,0.050058,0.027054,0.037366,0.010396,81.89,40.85,-127.84,-154.03,26.69,5.11,-179.90,161.15,-26.59,-42.85,127.29,113.36,-82.21,-94.00,53.06,0.0438,0.0178,0.0112,0.0023,0.0030,0.0027,0.0010,0.0052,0.0008,0.0033,0.0035,0.0028,0.0024,0.0054,0.0032
2026-08-05 09:30:13.660,13.933333,80,26,0.231003,-0.0274,167.59,0,0,0,60.0000,0.475,0.54558,0,0,0,0,0,0.114875,0.015183,0.104447,0.026449,0.091633,0.035986,0.079361,0.041849,0.063805,0.042973,0.047093,0.040363,0.031198,0.032957,0.017261,-167.59,-55.32,-157.53,-51.20,-142.93,-39.49,-129.45,-27.38,-115.85,-13.68,-101.02,-0.05,-89.67,9.94,-83.15,0.0438,0.0178,0.0112,0.0023,0.0030,0.0027,0.0010,0.0052,0.0008,0.0033,0.0035,0.0028,0.0024,0.0054,0.0032
2026-08-05 09:30:13.660,13.950000,80,27,0.220629,0.0033,5.70,0,0,0,60.0000,0.475,0.54558,0,0,0,0,0,0.107636,0.017770,0.097172,0.029503,0.084878,0.039285,0.073312,0.045082,0.058049,0.046302,0.041437,0.044367,0.026982,0.037191,0.014894,-5.70,-143.89,-33.38,-153.36,-56.26,-169.50,-80.19,170.08,-103.92,148.19,-127.31,126.25,-156.51,101.36,167.80,0.0438,0.0178,0.0112,0.0023,0.0030,0.0027,0.0010,0.0052,0.0008,0.0033,0.0035,0.0028,0.0024,0.0054,0.0032
2026-08-05 09:30:13.660,13.966667,80,28,0.198616,0.0005,-113.28,0,0,0,60.0000,0.475,0.54558,0,0,0,0,0,0.093690,0.013633,0.084733,0.024352,0.074526,0.033363,0.066142,0.039013,0.053823,0.041364,0.040544,0.041433,0.029736,0.036826,0.020233,113.28,109.09,-37.92,-29.21,176.08,-170.72,29.22,44.23,-117.86,-101.66,94.47,113.15,-58.37,-34.72,146.31,0.0438,0.0178,0.0112,0.0023,0.0030,0.0027,0.0010,0.0052,0.0008,0.0033,0.0035,0.0028,0.0024,0.0054,0.0032
2026-08-05 09:30:13.660,13.983333,80,29,0.213847,-0.0032,163.90,0,0,0,60.0000,0.475,0.54558,0,0,0,0,0,0.109451,0.006931,0.095435,0.012245,0.077833,0.023757,0.061469,0.036227,0.045674,0.045309,0.035628,0.049594,0.033405,0.044825,0.030588,-163.90,-32.33,-147.32,-66.00,-127.64,-59.41,-112.78,-42.72,-103.52,-20.62,-99.66,5.16,-95.30,30.81,-80.00,0.0438,0.0178,0.0112,0.0023,0.0030,0.0027,0.0010,0.0052,0.0008,0.0033,0.0035,0.0028,0.0024,0.0054,0.0032
2026-08-05 09:30:14.008,14.000000,81,0,0.279517,0.0025,-69.12,0,0,0,60.0000,0.320,0.51698,0,0,0,0,0,0.156562,0.032467,0.140607,0.022717,0.118609,0.010973,0.094169,0.010312,0.065546,0.022952,0.038155,0.033416,0.014931,0.037202,0.002901,69.12,125.33,-163.75,-110.86,-33.00,-5.90,96.78,26.62,-132.99,129.95,-2.03,-104.46,121.28,20.21,128.44,0.0399,0.0055,0.0073,0.0052,0.0101,0.0037,0.0020,0.0042,0.0009,0.0012,0.0090,0.0062,0.0028,0.0054,0.0046
2026-08-05 09:30:14.008,14.016667,81,1,0.275358,0.0034,-114.56,0,0,0,60.0000,0.320,0.51698,0,0,0,0,0,0.140649,0.020080,0.127420,0.027490,0.112266,0.034003,0.095854,0.039488,0.077109,0.041073,0.059772,0.037349,0.042196,0.029710,0.028128,114.56,9.88,-29.50,-148.34,-168.40,62.01,52.16,-84.50,-85.12,129.58,139.30,-14.82,3.79,-164.10,-130.79,0.0399,0.0055,0.0073,0.0052,0.0101,0.0037,0.0020,0.0042,0.0009,0.0012,0.0090,0.0062,0.0028,0.0054,0.0046
2026-08-05 09:30:14.008,14.033333,81,2,0.206864,0.0017,140.84,0,0,0,60.0000,0.320,0.51698,0,0,0,0,0,0.098727,0.011305,0.089160,0.022231,0.080181,0.030218,0.071369,0.036233,0.059472,0.039106,0.047227,0.037441,0.033565,0.034369,0.022344,-140.84,166.67,-78.46,-130.30,-10.47,-65.76,55.41,0.88,122.16,67.16,-170.66,134.56,-106.81,-161.55,-43.55,0.0399,0.0055,0.0073,0.0052,0.0101,0.0037,0.0020,0.0042,0.0009,0.0012,0.0090,0.0062,0.0028,0.0054,0.0046
2026-08-05 09:30:14.008,14.050000,81,3,0.225108,0.0053,62.34,0,0,0,60.0000,0.320,0.51698,0,0,0,0,0,0.110582,0.013944,0.100192,0.026814,0.089158,0.035573,0.076877,0.041893,0.061444,0.044149,0.046361,0.040884,0.030219,0.034851,0.017096,-62.34,-47.49,158.24,178.02,23.64,42.66,-112.92,-91.53,111.81,132.85,-23.17,-2.14,-161.69,-140.30,57.93,0.0399,0.0055,0.0073,0.0052,0.0101,0.0037,0.0020,0.0042,0.0009,0.0012,0.0090,0.0062,0.0028,0.0054,0.0046
2026-08-05 09:30:14.008,14.066667,81,4,0.211653,0.0105,91.97,0,0,0,60.0000,0.320,0.51698,0,0,0,0,0,0.102013,0.014137,0.092938,0.020550,0.084276,0.025546,0.075606,0.030264,0.063925,0.032547,0.052037,0.030949,0.038292,0.028248,0.026081,-91.97,-56.32,67.69,87.29,-127.13,-118.79,36.48,40.00,-158.19,-160.77,8.16,0.72,172.61,158.86,-20.78,0.0399,0.0055,0.0073,0.0052,0.0101,0.0037,0.0020,0.0042,0.0009,0.0012,0.0090,0.0062,0.0028,0.0054,0.0046
2026-08-05 09:30:14.008,14.083333,81,5,0.205479,0.0102,57.14,0,0,0,60.0000,0.320,0.51698,0,0,0,0,0,0.098230,0.012629,0.089821,0.022474,0.079362,0.031291,0.070369,0.037228,0.057969,0.039813,0.044871,0.038658,0.032016,0.034197,0.019792,-57.14,-32.55,171.08,-160.32,45.09,72.48,-82.20,-55.53,150.23,178.32,24.79,51.21,-104.98,-79.25,122.75,0.0399,0.0055,0.0073,0.0052,0.0101,0.0037,0.0020,0.0042,0.0009,0.0012,0.0090,0.0062,0.0028,0.0054,0.0046
2026-08-05 09:30:14.008,14.100000,81,6,0.202789,-0.0015,170.28,0,0,0,60.0000,0.320,0.51698,0,0,0,0,0,0.097048,0.012005,0.088699,0.019953,0.079426,0.026980,0.071056,0.032583,0.060146,0.034681,0.047363,0.034434,0.035238,0.030589,0.022979,-170.28,125.83,-168.24,119.66,-160.56,121.70,-153.87,124.62,-147.09,130.10,-138.51,135.98,-132.18,136.84,-128.47,0.0399,0.0055,0.0073,0.0052,0.0101,0.0037,0.0020,0.0042,0.0009,0.0012,0.0090,0.0062,0.0028,0.0054,0.0046
2026-08-05 09:30:14.008,14.116667,81,7,0.192903,-0.0142,174.44,0,0,0,60.0000,0.320,0.51698,0,0,0,0,0,0.090192,0.013830,0.082407,0.021955,0.072909,0.029767,0.065197,0.035639,0.054353,0.038238,0.042547,0.037542,0.031158,0.034239,0.020641,-174.44,58.64,178.34,69.23,176.77,73.21,174.09,73.52,171.39,73.48,169.74,73.18,164.70,66.50,153.22,0.0399,0.0055,0.0073,0.0052,0.0101,0.0037,0.0020,0.0042,0.0009,0.0012,0.0090,0.0062,0.0028,0.0054,0.0046
2026-08-05 09:30:14.008,14.133333,81,8,0.206169,-0.0004,157.82,0,0,0,60.0000,0.320,0.51698,0,0,0,0,0,0.099571,0.013746,0.091016,0.021426,0.080847,0.028724,0.071977,0.033872,0.060155,0.035658,0.046926,0.034646,0.034156,0.030495,0.022110,-157.82,160.31,-130.04,176.24,-97.06,-157.74,-65.05,-130.00,-32.94,-99.54,0.72,-68.86,31.44,-42.70,59.25,0.0399,0.0055,0.0073,0.0052,0.0101,0.0037,0.0020,0.0042,0.0009,0.0012,0.0090,0.0062,0.0028,0.0054,0.0046
2026-08-05 09:30:14.008,14.150000,81,9,0.213767,0.0088,112.68,0,0,0,60.0000,0.320,0.51698,0,0,0,0,0,0.101682,0.013723,0.092513,0.024377,0.082146,0.033406,0.073045,0.039334,0.060256,0.041673,0.046046,0.041489,0.033447,0.036771,0.021955,-112.68,-167.88,4.77,-35.82,127.30,91.90,-110.94,-144.37,10.94,-21.31,133.07,102.05,-109.16,-137.81,5.83,0.0399,0.0055,0.0073,0.0052,0.0101,0.0037,0.0020,0.0042,0.0009,0.0012,0.0090,0.0062,0.0028,0.0054,0.0046
2026-08-05 09:30:14.008,14.166667,81,10,0.211832,0.0015,76.18,0,0,0,60.0000,0.320,0.51698,0,0,0,0,0,0.101504,0.012410,0.092691,0.020974,0.082990,0.028680,0.074756,0.033555,0.062697,0.035561,0.049088,0.035838,0.037156,0.031942,0.025732,-76.18,-45.11,114.74,136.48,-49.35,-31.62,146.14,160.34,-17.99,-6.98,178.45,-172.72,11.78,18.97,-154.27,0.0399,0.0055,0.0073,0.0052,0.0101,0.0037,0.0020,0.0042,0.0009,0.0012,0.0090,0.0062,0.0028,0.0054,0.0046
2026-08-05 09:30:14.008,14.183333,81,11,0.244332,-0.0079,-86.96,0,0,0,60.0000,0.320,0.51698,0,0,0,0,0,0.125754,0.022683,0.110706,0.033150,0.091009,0.044035,0.070486,0.052670,0.047842,0.056571,0.028827,0.055545,0.019185,0.046193,0.016844,86.96,-164.56,-114.41,10.25,48.09,178.69,-152.10,-16.79,4.55,147.65,154.18,-46.52,-74.88,119.26,58.95,0.0399,0.0055,0.0073,0.0052,0.0101,0.0037,0.0020,0.0042,0.0009,0.0012,0.0090,0.0062,0.0028,0.0054,0.0046
2026-08-05 09:30:14.008,14.200000,81,12,0.278013,0.0044,101.63,0,0,0,60.0000,0.320,0.51698,0,0,0,0,0,0.156317,0.032582,0.140160,0.022263,0.118047,0.009316,0.093446,0.009715,0.065057,0.023437,0.038040,0.033600,0.015705,0.037000,0.003952,-101.63,-34.29,43.89,110.26,-167.01,-122.77,-19.12,-92.21,129.00,37.53,-82.69,-176.17,55.59,-31.98,115.51,0.0399,0.0055,0.0073,0.0052,0.0101,0.0037,0.0020,0.0042,0.0009,0.0012,0.0090,0.0062,0.0028,0.0054,0.0046
2026-08-05 09:30:14.008,14.216667,81,13,0.228936,-0.0153,136.32,0,0,0,60.0000,0.320,0.51698,0,0,0,0,0,0.116119,0.009101,0.104233,0.017768,0.091286,0.025130,0.078261,0.031928,0.063279,0.036001,0.049957,0.035281,0.036824,0.031802,0.026610,-136.32,18.90,-63.27,88.62,15.44,163.50,93.58,-120.79,174.00,-46.86,-103.56,27.29,-22.60,95.67,58.13,0.0399,0.0055,0.0073,0.0052,0.0101,0.0037,0.0020,0.0042,0.0009,0.0012,0.0090,0.0062,0.0028,0.0054,0.0046
2026-08-05 09:30:14.008,14.233333,81,14,0.209561,0.0056,-68.52,0,0,0,60.0000,0.320,0.51698,0,0,0,0,0,0.102463,0.011270,0.092448,0.022269,0.082794,0.029831,0.072957,0.035309,0.060227,0.037335,0.047091,0.034788,0.032657,0.030922,0.020792,68.52,32.34,-169.67,161.04,-42.53,-73.62,82.53,52.80,-151.43,178.15,-24.95,-55.73,98.65,66.39,-137.86,0.0399,0.0055,0.0073,0.0052,0.0101,0.0037,0.0020,0.0042,0.0009,0.0012,0.0090,0.0062,0.0028,0.0054,0.0046
2026-08-05 09:30:14.008,14.250000,81,15,0.211219,-0.0045,147.35,0,0,0,60.0000,0.320,0.51698,0,0,0,0,0,0.102943,0.010902,0.093342,0.021036,0.084018,0.027816,0.074292,0.033085,0.061646,0.035393,0.048926,0.033230,0.034954,0.029574,0.023188,-147.35,-30.84,-97.82,20.43,-43.03,72.44,9.71,126.19,63.67,178.86,118.28,-128.45,169.69,-79.95,-139.17,0.0399,0.0055,0.0073,0.0052,0.0101,0.0037,0.0020,0.0042,0.0009,0.0012,0.0090,0.0062,0.0028,0.0054,0.0046
2026-08-05 09:30:14.008,14.266667,81,16,0.205761,0.0127,-33.08,0,0,0,60.0000,0.320,0.51698,0,0,0,0,0,0.098213,0.012147,0.089056,0.023013,0.079868,0.030733,0.070336,0.037060,0.058100,0.040102,0.045995,0.038245,0.032187,0.034764,0.020711,33.08,-41.03,82.90,16.07,137.96,71.37,-168.85,127.18,-114.47,-178.64,-59.76,-123.92,-8.79,-72.04,41.59,0.0399,0.0055,0.0073,0.0052,0.0101,0.0037,0.0020,0.0042,0.0009,0.0012,0.0090,0.0062,0.0028,0.0054,0.0046
2026-08-05 09:30:14.008,14.283333,81,17,0.216572,-0.0036,-132.56,0,0,0,60.0000,0.320,0.51698,0,0,0,0,0,0.104191,0.016474,0.095378,0.026206,0.083865,0.035188,0.073536,0.040999,0.059703,0.042724,0.045550,0.040764,0.031845,0.034880,0.019528,132.56,132.72,20.96,39.47,-85.20,-61.08,167.28,-165.97,59.34,89.64,-46.81,-16.85,-157.67,-126.41,88.45,0.0399,0.0055,0.0073,0.0052,0.0101,0.0037,0.0020,0.0042,0.0009,0.0012,0.0090,0.0062,0.0028,0.0054,0.0046
2026-08-05 09:30:14.008,14.300000,81,18,0.192764,0.0045,58.03,0,0,0,60.0000,0.320,0.51698,0,0,0,0,0,0.090501,0.011987,0.082509,0.021200,0.073279,0.029102,0.065364,0.035209,0.054952,0.037545,0.043001,0.037414,0.031897,0.033688,0.020868,-58.03,125.54,167.78,4.21,39.33,-121.22,-90.27,110.43,139.95,-17.23,11.71,-145.61,-119.72,81.28,104.19,0.0399,0.0055,0.0073,0.0052,0.0101,0.0037,0.0020,0.0042,0.0009,0.0012,0.0090,0.0062,0.0028,0.0054,0.0046
2026-08-05 09:30:14.008,14.316667,81,19,0.218806,0.0137,47.79,0,0,0,60.0000,0.320,0.51698,0,0,0,0,0,0.105945,0.013900,0.096702,0.024832,0.085384,0.034170,0.074861,0.040351,0.061084,0.042559,0.046569,0.040952,0.032322,0.035097,0.019427,-47.79,155.63,-159.28,52.29,94.15,-52.39,-13.44,-159.56,-121.13,94.12,132.30,-12.19,23.49,-123.46,-90.94,0.0399,0.0055,0.0073,0.0052,0.0101,0.0037,0.0020,0.0042,0.0009,0.0012,0.0090,0.0062,0.0028,0.0054,0.0046
2026-08-05 09:30:14.008,14.333333,81,20,0.210104,0.0064,156.53,0,0,0,60.0000,0.320,0.51698,0,0,0,0,0,0.099694,0.011901,0.091186,0.021402,0.081408,0.029550,0.072714,0.035741,0.061333,0.038086,0.048383,0.037654,0.035791,0.034133,0.024076,-156.53,-45.35,-126.30,-15.16,-90.84,18.76,-56.35,51.84,-22.00,86.47,14.17,120.80,47.73,150.69,78.38,0.0399,0.0055,0.0073,0.0052,0.0101,0.0037,0.0020,0.0042,0.0009,0.0012,0.0090,0.0062,0.0028,0.0054,0.0046
2026-08-05 09:30:14.008,14.350000,81,21,0.232801,0.0077,106.59,0,0,0,60.0000,0.320,0.51698,0,0,0,0,0,0.108746,0.013593,0.099941,0.023548,0.089877,0.032774,0.081455,0.039066,0.069100,0.041966,0.054865,0.042702,0.041730,0.039091,0.028905,-106.59,71.50,24.23,-166.21,159.68,-33.98,-65.25,98.75,70.42,-127.40,-153.05,7.47,-18.71,140.20,115.40,0.0399,0.0055,0.0073,0.0052,0.0101,0.0037,0.0020,0.0042,0.0009,0.0012,0.0090,0.0062,0.0028,0.0054,0.0046
2026-08-05 09:30:14.008,14.366667,81,22,0.234448,-0.0184,151.18,0,0,0,60.0000,0.320,0.51698,0,0,0,0,0,0.108538,0.013422,0.099705,0.025017,0.089652,0.034887,0.080845,0.041772,0.067921,0.045226,0.053287,0.046410,0.040341,0.042615,0.027802,-151.18,-49.74,-109.90,-1.53,-63.83,46.95,-18.01,92.78,28.13,138.42,74.89,-174.77,119.16,-129.97,163.76,0.0399,0.0055,0.0073,0.0052,0.0101,0.0037,0.0020,0.0042,0.0009,0.0012,0.0090,0.0062,0.0028,0.0054,0.0046
2026-08-05 09:30:14.008,14.383333,81,23,0.250289,0.0013,142.51,0,0,0,60.0000,0.320,0.51698,0,0,0,0,0,0.131144,0.012375,0.115122,0.015821,0.093872,0.027840,0.073708,0.041110,0.054687,0.050043,0.042328,0.052655,0.037739,0.044562,0.032175,-142.51,26.58,-81.58,42.23,-18.32,84.59,40.47,141.61,93.97,-154.25,143.25,-85.98,-166.62,-17.36,-106.34,0.0399,0.0055,0.0073,0.0052,0.0101,0.0037,0.0020,0.0042,0.0009,0.0012,0.0090,0.0062,0.0028,0.0054,0.0046
2026-08-05 09:30:14.008,14.400000,81,24,0.347485,0.0114,65.26,0,0,0,60.0000,0.320,0.51698,0,0,0,0,0,0.203949,0.048275,0.180198,0.030829,0.145362,0.008633,0.105279,0.020123,0.062692,0.039822,0.026098,0.050794,0.003363,0.049392,0.016321,-65.26,-134.57,154.78,94.45,17.86,-11.10,-120.21,-27.33,101.74,-155.04,-36.88,72.15,72.39,-64.45,-118.23,0.0399,0.0055,0.0073,0.0052,0.0101,0.0037,0.0020,0.0042,0.0009,0.0012,0.0090,0.0062,0.0028,0.0054,0.0046
2026-08-05 09:30:14.008,14.416667,81,25,0.246867,0.0138,39.98,0,0,0,60.0000,0.320,0.51698,0,0,0,0,0,0.128116,0.013369,0.113634,0.023678,0.096403,0.034029,0.078220,0.043504,0.058923,0.048644,0.043044,0.046924,0.028635,0.039682,0.018835,-39.98,-28.38,-133.12,-91.66,139.22,-170.23,51.25,106.15,-33.90,18.15,-116.60,-71.22,159.02,-166.23,70.86,0.0399,0.0055,0.0073,0.0052,0.0101,0.0037,0.0020,0.0042,0.0009,0.0012,0.0090,0.0062,0.0028,0.0054,0.0046
2026-08-05 09:30:14.008,14.433333,81,26,0.229484,0.0580,-23.34,0,0,0,60.0000,0.320,0.51698,0,0,0,0,0,0.114079,0.014444,0.102921,0.027588,0.091017,0.036772,0.078093,0.042886,0.062237,0.044251,0.046486,0.040184,0.030134,0.033638,0.017747,23.34,129.41,55.34,165.35,92.45,-159.35,127.41,-122.85,162.89,-86.87,-161.81,-50.09,-130.74,-16.96,-102.89,0.0399,0.0055,0.0073,0.0052,0.0101,0.0037,0.0020,0.0042,0.0009,0.0012,0.0090,0.0062,0.0028,0.0054,0.0046
2026-08-05 09:30:14.008,14.450000,81,27,0.218228,-0.0022,166.76,0,0,0,60.0000,0.320,0.51698,0,0,0,0,0,0.107855,0.012225,0.097814,0.021890,0.087638,0.028946,0.076991,0.034248,0.063227,0.036373,0.049469,0.033708,0.034290,0.029355,0.021560,-166.76,129.69,-156.02,132.56,-139.89,142.59,-125.62,155.62,-110.09,168.37,-93.78,-177.87,-80.01,-168.04,-65.71,0.0399,0.0055,0.0073,0.0052,0.0101,0.0037,0.0020,0.0042,0.0009,0.0012,0.0090,0.0062,0.0028,0.0054,0.0046
2026-08-05 09:30:14.008,14.466667,81,28,0.223871,-0.0025,146.40,0,0,0,60.0000,0.320,0.51698,0,0,0,0,0,0.110639,0.014070,0.100128,0.026463,0.088791,0.035050,0.076330,0.041206,0.061144,0.043093,0.046364,0.039395,0.030592,0.033207,0.018248,-146.40,142.52,-94.39,-159.07,-37.51,-101.90,17.43,-44.17,73.42,11.74,128.98,68.52,-179.51,121.93,-130.66,0.0399,0.0055,0.0073,0.0052,0.0101,0.0037,0.0020,0.0042,0.0009,0.0012,0.0090,0.0062,0.0028,0.0054,0.0046
2026-08-05 09:30:14.008,14.483333,81,29,0.204037,-0.0715,-179.41,0,0,0,60.0000,0.320,0.51698,0,0,0,0,0,0.097614,0.012882,0.088898,0.021335,0.079082,0.029113,0.070903,0.034525,0.059139,0.037424,0.046603,0.036839,0.033813,0.032837,0.021552,179.41,105.54,160.04,79.26,146.96,59.43,132.42,41.24,118.24,26.17,106.42,10.73,91.02,-7.58,75.52,0.0399,0.0055,0.0073,0.0052,0.0101,0.0037,0.0020,0.0042,0.0009,0.0012,0.0090,0.0062,0.0028,0.0054,0.0046
2026-08-05 09:30:14.272,14.500000,82,0,0.226455,0.0199,38.71,0,0,0,60.0000,0.960,0.54322,0,0,0,0,0,0.111834,0.017097,0.101928,0.028601,0.089120,0.038083,0.076260,0.044340,0.060334,0.045200,0.043663,0.042346,0.028367,0.034140,0.014314,-38.71,-23.51,-131.79,-100.93,140.12,175.54,50.96,88.34,-38.49,1.50,-126.43,-86.16,141.76,-178.14,43.47,0.0687,0.0220,0.0212,0.0058,0.0060,0.0058,0.0037,0.0044,0.0064,0.0070,0.0114,0.0013,0.0090,0.0027,0.0040
2026-08-05 09:30:14.272,14.516667,82,1,0.218431,-0.3470,156.84,0,0,0,60.0000,0.960,0.54322,0,0,0,0,0,0.107049,0.016948,0.097447,0.022063,0.087290,0.027722,0.078032,0.031443,0.065353,0.032957,0.051884,0.031514,0.038058,0.027024,0.024677,-156.84,179.88,-126.30,-166.53,-91.04,-141.62,-55.91,-114.91,-20.78,-84.18,16.40,-51.98,52.79,-26.12,87.71,0.0687,0.0220,0.0212,0.0058,0.0060,0.0058,0.0037,0.0044,0.0064,0.0070,0.0114,0.0013,0.0090,0.0027,0.0040
2026-08-05 09:30:14.272,14.533333,82,2,0.236593,0.1061,-19.30,0,0,0,60.0000,0.960,0.54322,0,0,0,0,0,0.117443,0.015561,0.107173,0.028194,0.093896,0.038297,0.080463,0.044688,0.063826,0.045892,0.046671,0.042656,0.030140,0.034855,0.015921,19.30,116.32,42.64,144.96,70.77,173.47,97.83,-159.23,124.77,-130.89,152.97,-102.98,177.36,-78.91,-165.36,0.0687,0.0220,0.0212,0.0058,0.0060,0.0058,0.0037,0.0044,0.0064,0.0070,0.0114,0.0013,0.0090,0.0027,0.0040
2026-08-05 09:30:14.272,14.550000,82,3,0.253155,0.0721,-33.23,0,0,0,60.0000,0.960,0.54322,0,0,0,0,0,0.125824,0.021009,0.115460,0.025812,0.102866,0.031652,0.091088,0.034901,0.075327,0.035013,0.057726,0.033310,0.041374,0.027874,0.026216,33.23,-155.03,85.49,-119.93,141.93,-75.39,-162.27,-27.63,-105.87,21.99,-48.31,72.62,6.94,119.14,62.12,0.0687,0.0220,0.0212,0.0058,0.0060,0.0058,0.0037,0.0044,0.0064,0.0070,0.0114,0.0013,0.0090,0.0027,0.0040
2026-08-05 09:30:14.272,14.566667,82,4,0.238363,0.0554,-34.84,0,0,0,60.0000,0.960,0.54322,0,0,0,0,0,0.117812,0.017084,0.106999,0.029861,0.093938,0.040104,0.081073,0.045755,0.064073,0.046507,0.046031,0.044110,0.030490,0.036144,0.017500,34.84,125.76,88.80,-164.99,147.43,-101.14,-154.74,-41.07,-96.77,18.02,-38.68,77.21,13.94,133.97,62.31,0.0687,0.0220,0.0212,0.0058,0.0060,0.0058,0.0037,0.0044,0.0064,0.0070,0.0114,0.0013,0.0090,0.0027,0.0040
2026-08-05 09:30:14.272,14.583333,82,5,0.226420,0.0553,-48.44,0,0,0,60.0000,0.960,0.54322,0,0,0,0,0,0.111320,0.015649,0.100269,0.027797,0.086778,0.038284,0.073928,0.045423,0.057757,0.048304,0.041455,0.047706,0.028547,0.040910,0.018197,48.44,151.33,129.17,-114.96,-145.71,-25.45,-61.87,60.75,21.23,146.54,103.45,-126.63,179.24,-41.51,-107.50,0.0687,0.0220,0.0212,0.0058,0.0060,0.0058,0.0037,0.0044,0.0064,0.0070,0.0114,0.0013,0.0090,0.0027,0.0040
2026-08-05 09:30:14.272,14.600000,82,6,0.249460,0.0033,-170.10,0,0,0,60.0000,0.960,0.54322,0,0,0,0,0,0.137072,0.016108,0.122683,0.008920,0.103642,0.007437,0.083085,0.017816,0.058475,0.028761,0.034620,0.037002,0.013979,0.039935,0.003626,170.10,140.27,137.67,89.76,109.45,-22.89,80.58,-92.25,52.96,-132.22,28.45,-164.61,5.74,160.63,79.43,0.0687,0.0220,0.0212,0.0058,0.0060,0.0058,0.0037,0.0044,0.0064,0.0070,0.0114,0.0013,0.0090,0.0027,0.0040
2026-08-05 09:30:14.272,14.616667,82,7,0.266853,-0.0076,-154.78,0,0,0,60.0000,0.960,0.54322,0,0,0,0,0,0.140106,0.012751,0.124886,0.024235,0.106297,0.034863,0.086206,0.044282,0.064597,0.049039,0.046246,0.046850,0.030060,0.039176,0.018773,154.78,-169.91,91.97,152.94,34.31,102.33,-23.66,47.67,-78.87,-10.68,-131.18,-70.51,176.44,-135.99,122.14,0.0687,0.0220,0.0212,0.0058,0.0060,0.0058,0.0037,0.0044,0.0064,0.0070,0.0114,0.0013,0.0090,0.0027,0.0040
2026-08-05 09:30:14.272,14.633333,82,8,0.257153,0.0127,51.25,0,0,0,60.0000,0.960,0.54322,0,0,0,0,0,0.130099,0.018496,0.118628,0.025710,0.106278,0.030955,0.092737,0.034568,0.075769,0.034420,0.058412,0.030015,0.039582,0.023533,0.024146,-51.25,-149.22,-167.55,77.91,80.91,-45.09,-31.98,-164.03,-143.80,78.06,105.22,-37.34,-6.51,-158.00,-116.30,0.0687,0.0220,0.0212,0.0058,0.0060,0.0058,0.0037,0.0044,0.0064,0.0070,0.0114,0.0013,0.0090,0.0027,0.0040
2026-08-05 09:30:14.272,14.650000,82,9,0.235317,-0.0141,133.80,0,0,0,60.0000,0.960,0.54322,0,0,0,0,0,0.116930,0.018382,0.106463,0.024936,0.095801,0.029828,0.084297,0.033655,0.069494,0.034617,0.054625,0.031157,0.038272,0.025942,0.024404,-133.80,47.14,-56.19,108.35,26.37,179.48,107.46,-104.93,-170.26,-28.59,-86.97,49.79,-5.32,124.13,77.43,0.0687,0.0220,0.0212,0.0058,0.0060,0.0058,0.0037,0.0044,0.0064,0.0070,0.0114,0.0013,0.0090,0.0027,0.0040
2026-08-05 09:30:14.272,14.666667,82,10,0.207987,0.0075,-23.25,0,0,0,60.0000,0.960,0.54322,0,0,0,0,0,0.101613,0.012505,0.092089,0.023741,0.082191,0.031368,0.071452,0.037436,0.058082,0.039795,0.044919,0.036869,0.030148,0.032169,0.018140,23.25,-56.48,53.85,-21.24,89.56,13.83,123.41,49.78,158.98,83.93,-165.28,119.15,-132.53,151.29,-99.32,0.0687,0.0220,0.0212,0.0058,0.0060,0.0058,0.0037,0.0044,0.0064,0.0070,0.0114,0.0013,0.0090,0.0027,0.0040
2026-08-05 09:30:14.272,14.683333,82,11,0.198861,0.0013,58.14,0,0,0,60.0000,0.960,0.54322,0,0,0,0,0,0.094645,0.013552,0.086656,0.022317,0.076543,0.030478,0.068146,0.035907,0.056495,0.038100,0.044151,0.036897,0.032115,0.032503,0.020738,-58.14,116.22,167.80,-1.43,39.45,-124.63,-90.09,107.76,140.00,-18.89,12.14,-147.42,-120.29,80.87,104.99,0.0687,0.0220,0.0212,0.0058,0.0060,0.0058,0.0037,0.0044,0.0064,0.0070,0.0114,0.0013,0.0090,0.0027,0.0040
2026-08-05 09:30:14.272,14.700000,82,12,0.201167,0.0029,-32.81,0,0,0,60.0000,0.960,0.54322,0,0,0,0,0,0.095555,0.012455,0.087240,0.020236,0.078094,0.027212,0.070104,0.032764,0.059559,0.034962,0.047175,0.034969,0.035476,0.031471,0.023368,32.81,-3.59,80.90,34.81,134.57,82.41,-172.66,130.84,-119.87,-177.68,-65.08,-126.06,-12.93,-78.76,37.12,0.0687,0.0220,0.0212,0.0058,0.0060,0.0058,0.0037,0.0044,0.0064,0.0070,0.0114,0.0013,0.0090,0.0027,0.0040
2026-08-05 09:30:14.272,14.716667,82,13,0.200694,-0.0077,-148.50,0,0,0,60.0000,0.960,0.54322,0,0,0,0,0,0.096418,0.010872,0.088216,0.019044,0.078759,0.026295,0.070663,0.031473,0.059515,0.033723,0.047366,0.033086,0.035128,0.029540,0.023096,148.50,-150.39,68.36,126.67,-6.30,48.92,-81.88,-29.44,-157.09,-105.96,129.45,178.08,54.34,95.88,-23.40,0.0687,0.0220,0.0212,0.0058,0.0060,0.0058,0.0037,0.0044,0.0064,0.0070,0.0114,0.0013,0.0090,0.0027,0.0040
2026-08-05 09:30:14.272,14.733333,82,14,0.213491,-0.0056,-162.17,0,0,0,60.0000,0.960,0.54322,0,0,0,0,0,0.102945,0.015063,0.094158,0.025060,0.083185,0.033648,0.072663,0.039872,0.059524,0.041534,0.045325,0.039782,0.031452,0.034453,0.019079,162.17,-162.57,109.70,161.32,62.74,118.57,14.47,72.34,-33.88,26.48,-80.47,-20.52,-130.52,-72.11,174.53,0.0687,0.0220,0.0212,0.0058,0.0060,0.0058,0.0037,0.0044,0.0064,0.0070,0.0114,0.0013,0.0090,0.0027,0.0040
2026-08-05 09:30:14.272,14.750000,82,15,0.183261,0.0053,137.41,0,0,0,60.0000,0.960,0.54322,0,0,0,0,0,0.084783,0.011817,0.077097,0.017543,0.069285,0.023817,0.063845,0.028588,0.055260,0.031080,0.044653,0.032544,0.034921,0.031086,0.024954,-137.41,25.72,-70.99,77.57,0.98,141.81,72.62,-152.25,145.08,-84.16,-141.03,-14.32,-69.05,52.51,3.16,0.0687,0.0220,0.0212,0.0058,0.0060,0.0058,0.0037,0.0044,0.0064,0.0070,0.0114,0.0013,0.0090,0.0027,0.0040
2026-08-05 09:30:14.272,14.766667,82,16,0.181734,-0.0017,74.29,0,0,0,60.0000,0.960,0.54322,0,0,0,0,0,0.084512,0.010993,0.076565,0.018033,0.068798,0.024978,0.063134,0.029791,0.053719,0.032293,0.042656,0.033804,0.033395,0.031538,0.023789,-74.29,140.19,118.33,-36.98,-43.47,157.17,154.33,-9.14,-7.26,-174.04,-168.45,23.06,27.70,-142.59,-135.47,0.0687,0.0220,0.0212,0.0058,0.0060,0.0058,0.0037,0.0044,0.0064,0.0070,0.0114,0.0013,0.0090,0.0027,0.0040
2026-08-05 09:30:14.272,14.783333,82,17,0.177574,0.0053,-87.64,0,0,0,60.0000,0.960,0.54322,0,0,0,0,0,0.085486,0.008902,0.075910,0.015710,0.065544,0.023738,0.057601,0.030911,0.047819,0.035741,0.038318,0.037753,0.031722,0.033905,0.024056,87.64,98.57,-116.10,-122.40,44.76,32.67,-156.36,-169.90,1.31,-9.10,158.76,155.11,-45.00,-43.05,114.63,0.0687,0.0220,0.0212,0.0058,0.0060,0.0058,0.0037,0.0044,0.0064,0.0070,0.0114,0.0013,0.0090,0.0027,0.0040
2026-08-05 09:30:14.272,14.800000,82,18,0.224765,-0.0194,-162.90,0,0,0,60.0000,0.960,0.54322,0,0,0,0,0,0.120629,0.035430,0.107681,0.026341,0.091036,0.013884,0.073712,0.002312,0.052739,0.016590,0.032098,0.028509,0.015617,0.035725,0.006507,162.90,-43.59,115.49,-87.22,72.19,-134.11,27.45,51.06,-17.60,-28.98,-63.54,-71.50,-123.09,-118.05,137.15,0.0687,0.0220,0.0212,0.0058,0.0060,0.0058,0.0037,0.0044,0.0064,0.0070,0.0114,0.0013,0.0090,0.0027,0.0040
2026-08-05 09:30:14.272,14.816667,82,19,0.195088,-0.0057,123.12,0,0,0,60.0000,0.960,0.54322,0,0,0,0,0,0.096373,0.016449,0.084526,0.018134,0.071287,0.023528,0.058445,0.031623,0.044056,0.038940,0.032349,0.041967,0.022565,0.041976,0.017221,-123.12,130.67,-24.78,-93.05,79.90,34.11,-175.95,152.55,-68.22,-98.34,43.87,7.31,154.95,106.54,-94.25,0.0687,0.0220,0.0212,0.0058,0.0060,0.0058,0.0037,0.0044,0.0064,0.0070,0.0114,0.0013,0.0090,0.0027,0.0040
2026-08-05 09:30:14.272,14.833333,82,20,0.218862,0.0073,-106.01,0,0,0,60.0000,0.960,0.54322,0,0,0,0,0,0.108722,0.015924,0.097797,0.027343,0.086356,0.035759,0.074240,0.041126,0.059208,0.042140,0.044213,0.037878,0.028529,0.031338,0.016910,106.01,-98.97,-56.62,117.97,145.93,-35.92,-13.87,168.77,-173.12,11.61,27.16,-145.11,-137.06,53.86,55.07,0.0687,0.0220,0.0212,0.0058,0.0060,0.0058,0.0037,0.0044,0.0064,0.0070,0.0114,0.0013,0.0090,0.0027,0.0040
2026-08-05 09:30:14.272,14.850000,82,21,0.220923,0.0014,-98.16,0,0,0,60.0000,0.960,0.54322,0,0,0,0,0,0.107434,0.025134,0.096146,0.036187,0.083854,0.044699,0.069558,0.050037,0.052314,0.051090,0.035848,0.046010,0.019494,0.037839,0.009137,98.16,-132.22,-79.97,72.45,106.61,-93.70,-69.39,97.86,115.57,-73.33,-60.48,114.81,114.44,-60.55,-93.95,0.0687,0.0220,0.0212,0.0058,0.0060,0.0058,0.0037,0.0044,0.0064,0.0070,0.0114,0.0013,0.0090,0.0027,0.0040
2026-08-05 09:30:14.272,14.866667,82,22,0.269589,-0.0011,75.19,0,0,0,60.0000,0.960,0.54322,0,0,0,0,0,0.135268,0.024805,0.122576,0.038886,0.107240,0.048963,0.088697,0.055390,0.067381,0.055602,0.046853,0.048773,0.025970,0.038120,0.010756,-75.19,-107.79,121.46,108.44,-37.78,-44.49,161.43,160.43,1.49,2.73,-159.13,-154.18,36.06,46.43,-138.52,0.0687,0.0220,0.0212,0.0058,0.0060,0.0058,0.0037,0.0044,0.0064,0.0070,0.0114,0.0013,0.0090,0.0027,0.0040
2026-08-05 09:30:14.272,14.883333,82,23,0.238623,-0.0237,-138.77,0,0,0,60.0000,0.960,0.54322,0,0,0,0,0,0.119108,0.017991,0.108453,0.024738,0.096754,0.030618,0.085377,0.034144,0.070019,0.035125,0.054442,0.032183,0.038415,0.026068,0.023641,138.77,48.81,40.26,-64.07,-52.43,-169.16,-146.49,89.90,120.02,-8.28,28.85,-105.98,-64.42,152.31,-155.25,0.0687,0.0220,0.0212,0.0058,0.0060,0.0058,0.0037,0.0044,0.0064,0.0070,0.0114,0.0013,0.0090,0.0027,0.0040
2026-08-05 09:30:14.272,14.900000,82,24,0.190314,-0.0002,103.83,0,0,0,60.0000,0.960,0.54322,0,0,0,0,0,0.090414,0.012350,0.081820,0.019708,0.073513,0.026051,0.066026,0.031506,0.056267,0.033722,0.044552,0.033817,0.033898,0.030103,0.022550,-103.83,-91.87,30.44,30.75,170.48,164.19,-50.60,-60.90,88.35,77.34,-130.87,-144.23,6.87,-10.06,141.34,0.0687,0.0220,0.0212,0.0058,0.0060,0.0058,0.0037,0.0044,0.0064,0.0070,0.0114,0.0013,0.0090,0.0027,0.0040
2026-08-05 09:30:14.272,14.916667,82,25,0.191555,0.0088,37.03,0,0,0,60.0000,0.960,0.54322,0,0,0,0,0,0.091941,0.013113,0.083459,0.022654,0.073302,0.031004,0.064347,0.036839,0.052454,0.039113,0.039602,0.037890,0.027248,0.033273,0.016078,-37.03,-15.05,-128.72,-93.49,145.16,-175.74,57.87,98.48,-29.57,13.17,-115.87,-72.33,154.67,-163.53,57.33,0.0687,0.0220,0.0212,0.0058,0.0060,0.0058,0.0037,0.0044,0.0064,0.0070,0.0114,0.0013,0.0090,0.0027,0.0040
2026-08-05 09:30:14.272,14.933333,82,26,0.196247,0.0033,85.81,0,0,0,60.0000,0.960,0.54322,0,0,0,0,0,0.093369,0.011267,0.085066,0.020423,0.075716,0.028328,0.067641,0.034237,0.056706,0.036713,0.044581,0.036076,0.032546,0.032497,0.021550,-85.81,-86.08,85.07,85.88,-98.61,-98.59,76.92,75.77,-107.91,-107.90,68.91,68.24,-117.52,-120.34,51.93,0.0687,0.0220,0.0212,0.0058,0.0060,0.0058,0.0037,0.0044,0.0064,0.0070,0.0114,0.0013,0.0090,0.0027,0.0040
2026-08-05 09:30:14.272,14.950000,82,27,0.188824,0.0011,81.70,0,0,0,60.0000,0.960,0.54322,0,0,0,0,0,0.089127,0.011574,0.081048,0.018470,0.072495,0.025587,0.065996,0.030541,0.056226,0.032776,0.044840,0.033228,0.034319,0.030325,0.024098,-81.70,-51.33,97.08,115.92,-78.79,-65.32,104.64,114.60,-71.47,-63.70,113.62,119.13,-64.19,-61.67,117.21,0.0687,0.0220,0.0212,0.0058,0.0060,0.0058,0.0037,0.0044,0.0064,0.0070,0.0114,0.0013,0.0090,0.0027,0.0040
2026-08-05 09:30:14.272,14.966667,82,28,0.185954,0.0243,-12.03,0,0,0,60.0000,0.960,0.54322,0,0,0,0,0,0.086130,0.010404,0.078379,0.017905,0.070488,0.025099,0.064749,0.030057,0.055507,0.032876,0.044434,0.034390,0.034929,0.032220,0.025312,12.03,126.09,17.22,123.62,28.03,131.79,38.55,139.23,49.57,147.70,61.02,157.95,69.80,165.84,79.03,0.0687,0.0220,0.0212,0.0058,0.0060,0.0058,0.0037,0.0044,0.0064,0.0070,0.0114,0.0013,0.0090,0.0027,0.0040
2026-08-05 09:30:14.272,14.983333,82,29,0.215597,-0.0027,-89.68,0,0,0,60.0000,0.960,0.54322,0,0,0,0,0,0.101334,0.009949,0.092827,0.018666,0.083690,0.026408,0.076135,0.032169,0.064927,0.035588,0.052247,0.037156,0.041113,0.034485,0.030060,89.68,-105.56,-108.05,59.73,59.17,-132.09,-133.97,33.45,33.20,-160.93,-159.10,6.63,6.39,171.42,173.09,0.0687,0.0220,0.0212,0.0058,0.0060,0.0058,0.0037,0.0044,0.0064,0.0070,0.0114,0.0013,0.0090,0.0027,0.0040
