========================================================================================
[adapt_ovh+pp+rm0.02] stage 2 | test.2, test3, test_11, test_12, test_13, test_4, test_5, test_6, test_7, test_8, test_9
========================================================================================

                                오귀속W                    최악FA                     잔차W               on/off F1
                    소프트           하드        소프트           하드        소프트           하드        소프트           하드
  test.2          1.440        0.005      0.001        0.000      2.811        3.676      0.931        0.931
  test3           1.380        0.128      0.002        0.002      4.267        4.806      0.756        0.756
  test_11         9.712        8.930      0.163        0.161     11.432       14.484      0.784        0.784
  test_12         2.067        0.305      0.017        0.006     13.187       18.183      0.833        0.833
  test_13         0.977        0.000      0.001        0.000      1.568        2.147      0.926        0.926
  test_4         10.018        7.766      0.340        0.342      8.615        9.337      0.685        0.685
  test_5          3.372        1.227      0.002        0.001      6.934        8.434      0.787        0.787
  test_6          1.642        0.322      0.002        0.000      5.493        6.683      0.828        0.828
  test_7          0.379        0.000      0.000        0.000      1.955        2.638      0.852        0.852
  test_8          1.146        0.000      0.001        0.000      2.363        3.216      0.922        0.922
  test_9          4.361        4.298      0.005        0.004      9.577       14.475      0.837        0.835
  평균              3.318        2.089      0.049        0.047      6.200        8.007      0.831        0.831

  [망설임] 게이트가 (0.05, 0.95) 안에 있는 창
    test.2   창의  33.5% 에서 발생, 예측 전력의   0.7% 를 만든다
        oven               창   0.1%  게이트 0.874  정격   935.3W ->   817.5W 를 낸다
        beam_projector     창  17.3%  게이트 0.461  정격     9.6W ->     4.2W 를 낸다
        minipc             창  17.8%  게이트 0.612  정격     6.0W ->     3.5W 를 낸다
    test3    창의  19.4% 에서 발생, 예측 전력의   3.3% 를 만든다
        electiric_kettle   창   1.7%  게이트 0.533  정격  1210.0W ->   647.7W 를 낸다
        oven               창   1.7%  게이트 0.452  정격  1139.9W ->   512.4W 를 낸다
        beam_projector     창   6.4%  게이트 0.245  정격    11.8W ->     2.8W 를 낸다
    test_11  창의  63.2% 에서 발생, 예측 전력의   5.3% 를 만든다
        electiric_kettle   창   3.9%  게이트 0.556  정격  1187.6W ->   661.1W 를 낸다
        oven               창   2.9%  게이트 0.435  정격  1117.6W ->   486.0W 를 낸다
        beam_projector     창  59.7%  게이트 0.483  정격    18.4W ->     9.8W 를 낸다
    test_12  창의  35.2% 에서 발생, 예측 전력의  10.5% 를 만든다
        oven               창  13.1%  게이트 0.545  정격  1102.4W ->   605.2W 를 낸다
        electiric_kettle   창  13.5%  게이트 0.481  정격  1173.2W ->   559.3W 를 낸다
        hotplate           창   4.1%  게이트 0.601  정격   396.5W ->   236.6W 를 낸다
    test_13  창의   5.3% 에서 발생, 예측 전력의   0.3% 를 만든다
        beam_projector     창   3.6%  게이트 0.515  정격    10.0W ->     5.3W 를 낸다
        minipc             창   1.3%  게이트 0.426  정격    14.3W ->     4.8W 를 낸다
        laptop_charger     창   0.5%  게이트 0.210  정격    11.5W ->     2.2W 를 낸다
    test_4   창의  31.1% 에서 발생, 예측 전력의   2.8% 를 만든다
        oven               창   1.1%  게이트 0.785  정격  1133.1W ->   888.6W 를 낸다
        hotplate           창   1.7%  게이트 0.514  정격   417.4W ->   221.0W 를 낸다
        electiric_kettle   창   1.1%  게이트 0.242  정격  1199.4W ->   290.7W 를 낸다
    test_5   창의  36.1% 에서 발생, 예측 전력의   0.7% 를 만든다
        oven               창   0.3%  게이트 0.922  정격  1120.0W ->  1032.5W 를 낸다
        hotplate           창   0.9%  게이트 0.352  정격   418.4W ->   148.3W 를 낸다
        electiric_kettle   창   0.3%  게이트 0.100  정격  1192.0W ->   119.5W 를 낸다
    test_6   창의  40.3% 에서 발생, 예측 전력의   0.8% 를 만든다
        beam_projector     창  19.3%  게이트 0.368  정격    18.5W ->     7.1W 를 낸다
        hotplate           창   0.5%  게이트 0.423  정격   420.6W ->   178.0W 를 낸다
        laptop_charger     창   4.9%  게이트 0.721  정격    21.4W ->    16.5W 를 낸다
    test_7   창의  23.8% 에서 발생, 예측 전력의   2.2% 를 만든다
        beam_projector     창  18.8%  게이트 0.538  정격    13.3W ->     7.7W 를 낸다
        laptop_charger     창   5.0%  게이트 0.570  정격    11.1W ->     4.6W 를 낸다
    test_8   창의   5.5% 에서 발생, 예측 전력의   0.3% 를 만든다
        laptop_charger     창   1.4%  게이트 0.760  정격    16.5W ->    13.2W 를 낸다
        beam_projector     창   2.6%  게이트 0.482  정격     7.7W ->     3.7W 를 낸다
        minipc             창   1.6%  게이트 0.333  정격     5.4W ->     2.3W 를 낸다
    test_9   창의  14.1% 에서 발생, 예측 전력의   2.2% 를 만든다
        electiric_kettle   창   1.4%  게이트 0.642  정격  1229.0W ->   791.5W 를 낸다
        oven               창   2.2%  게이트 0.387  정격  1156.8W ->   446.2W 를 낸다
        hotplate           창   2.5%  게이트 0.429  정격   384.4W ->   163.0W 를 낸다

  [test_4 오븐 히터 통전 구간] — 12.9.5 가 지목한 남은 실패
    구간                     n              오븐              핫플              포트       예측합       관측P
    오븐ON+핫플통전            172  0.998  1105.8W  0.999   427.8W  0.004     4.3W   1610.5W   1608.0W
    오븐ON+핫플휴지            267  1.000  1120.0W  0.002     0.9W  0.000     0.3W   1182.3W   1200.2W
    오븐OFF+핫플통전           400  0.000     0.0W  1.000   474.0W  0.000     0.0W    524.8W    536.7W

========================================================================================
[adapt_ovh_s1+pp+rm0.02] stage 2 | test.2, test3, test_11, test_12, test_13, test_4, test_5, test_6, test_7, test_8, test_9
========================================================================================

                                오귀속W                    최악FA                     잔차W               on/off F1
                    소프트           하드        소프트           하드        소프트           하드        소프트           하드
  test.2          2.759        0.061      0.003        0.001      2.792        3.786      0.962        0.962
  test3           2.547        0.208      0.003        0.003      5.060        5.141      0.763        0.763
  test_11        10.066        7.302      0.122        0.104     11.868       18.197      0.766        0.764
  test_12         5.906        0.240      0.013        0.004     12.503       19.457      0.828        0.829
  test_13         1.235        0.000      0.002        0.000      1.673        2.294      0.933        0.933
  test_4         15.491        8.350      0.345        0.347      8.348       10.637      0.685        0.685
  test_5          5.508        0.000      0.007        0.000      7.075        9.928      0.811        0.811
  test_6          3.465        0.000      0.004        0.000      5.768        7.302      0.844        0.844
  test_7          0.634        0.000      0.001        0.000      2.038        2.709      0.879        0.879
  test_8          1.458        0.000      0.002        0.000      2.103        3.058      0.927        0.927
  test_9          9.877        8.574      0.009        0.009      9.518       12.366      0.858        0.856
  평균              5.359        2.249      0.046        0.043      6.250        8.625      0.841        0.841

  [망설임] 게이트가 (0.05, 0.95) 안에 있는 창
    test.2   창의  20.2% 에서 발생, 예측 전력의  10.2% 를 만든다
        oven               창   3.1%  게이트 0.896  정격  1105.6W ->   990.3W 를 낸다
        electiric_kettle   창   3.0%  게이트 0.096  정격  1173.7W ->   112.3W 를 낸다
        minipc             창   9.0%  게이트 0.590  정격     4.9W ->     3.0W 를 낸다
    test3    창의  31.0% 에서 발생, 예측 전력의  27.9% 를 만든다
        oven               창  14.3%  게이트 0.760  정격  1118.8W ->   851.4W 를 낸다
        electiric_kettle   창  14.6%  게이트 0.255  정격  1182.8W ->   302.9W 를 낸다
        minipc             창  14.4%  게이트 0.326  정격     1.5W ->     0.6W 를 낸다
    test_11  창의  58.6% 에서 발생, 예측 전력의  12.0% 를 만든다
        electiric_kettle   창   9.5%  게이트 0.594  정격  1169.8W ->   701.1W 를 낸다
        oven               창   9.7%  게이트 0.398  정격  1100.9W ->   433.9W 를 낸다
        hair_dryer         창   1.2%  게이트 0.630  정격   860.7W ->   545.1W 를 낸다
    test_12  창의  38.1% 에서 발생, 예측 전력의  10.0% 를 만든다
        electiric_kettle   창  13.0%  게이트 0.706  정격  1138.1W ->   804.6W 를 낸다
        oven               창  13.0%  게이트 0.298  정격  1054.5W ->   316.0W 를 낸다
        hotplate           창   5.0%  게이트 0.484  정격   384.1W ->   184.6W 를 낸다
    test_13  창의   9.1% 에서 발생, 예측 전력의   0.8% 를 만든다
        minipc             창   4.5%  게이트 0.848  정격    13.2W ->    11.0W 를 낸다
        beam_projector     창   4.7%  게이트 0.483  정격     8.3W ->     4.4W 를 낸다
        laptop_charger     창   0.3%  게이트 0.157  정격    17.6W ->     2.9W 를 낸다
    test_4   창의  29.0% 에서 발생, 예측 전력의   5.0% 를 만든다
        oven               창   2.3%  게이트 0.772  정격  1086.0W ->   844.0W 를 낸다
        electiric_kettle   창   2.3%  게이트 0.280  정격  1153.9W ->   319.9W 를 낸다
        hotplate           창   2.1%  게이트 0.444  정격   402.0W ->   183.2W 를 낸다
    test_5   창의  32.4% 에서 발생, 예측 전력의   0.3% 를 만든다
        hotplate           창   1.4%  게이트 0.258  정격   389.3W ->   101.7W 를 낸다
        laptop_charger     창  15.3%  게이트 0.506  정격     3.3W ->     1.7W 를 낸다
        minipc             창  20.7%  게이트 0.569  정격     1.3W ->     0.7W 를 낸다
    test_6   창의  34.2% 에서 발생, 예측 전력의   0.7% 를 만든다
        beam_projector     창  18.8%  게이트 0.374  정격    19.7W ->     7.1W 를 낸다
        hotplate           창   0.5%  게이트 0.555  정격   398.9W ->   223.8W 를 낸다
        laptop_charger     창   4.6%  게이트 0.542  정격    19.6W ->    10.5W 를 낸다
    test_7   창의   7.4% 에서 발생, 예측 전력의   1.3% 를 만든다
        laptop_charger     창   3.9%  게이트 0.506  정격    38.5W ->    19.1W 를 낸다
        minipc             창   0.7%  게이트 0.770  정격    25.2W ->    19.2W 를 낸다
        beam_projector     창   3.0%  게이트 0.344  정격     6.1W ->     2.4W 를 낸다
    test_8   창의   6.1% 에서 발생, 예측 전력의   0.3% 를 만든다
        beam_projector     창   4.5%  게이트 0.405  정격     8.0W ->     3.1W 를 낸다
        laptop_charger     창   0.8%  게이트 0.592  정격    22.4W ->    14.1W 를 낸다
        minipc             창   0.9%  게이트 0.578  정격     8.1W ->     4.1W 를 낸다
    test_9   창의  13.5% 에서 발생, 예측 전력의   3.2% 를 만든다
        electiric_kettle   창   2.5%  게이트 0.690  정격  1246.9W ->   864.1W 를 낸다
        oven               창   2.9%  게이트 0.282  정격  1156.1W ->   326.1W 를 낸다
        hotplate           창   5.9%  게이트 0.280  정격   391.3W ->   106.6W 를 낸다

  [test_4 오븐 히터 통전 구간] — 12.9.5 가 지목한 남은 실패
    구간                     n              오븐              핫플              포트       예측합       관측P
    오븐ON+핫플통전            172  0.995  1071.6W  1.000   411.6W  0.005     6.0W   1582.3W   1608.0W
    오븐ON+핫플휴지            267  0.998  1096.4W  0.003     1.2W  0.002     2.7W   1169.2W   1200.2W
    오븐OFF+핫플통전           400  0.000     0.0W  1.000   462.0W  0.000     0.0W    515.8W    536.7W

========================================================================================
[adapt_ovh_s2+pp+rm0.02] stage 2 | test.2, test3, test_11, test_12, test_13, test_4, test_5, test_6, test_7, test_8, test_9
========================================================================================

                                오귀속W                    최악FA                     잔차W               on/off F1
                    소프트           하드        소프트           하드        소프트           하드        소프트           하드
  test.2          2.725        0.272      0.006        0.004      2.590        3.264      0.959        0.959
  test3           3.078        0.206      0.004        0.003      5.578        5.092      0.771        0.771
  test_11        10.969        8.757      0.156        0.149     12.424       17.632      0.781        0.781
  test_12         4.351        0.611      0.020        0.010     12.695       17.212      0.831        0.830
  test_13         1.138        0.000      0.001        0.000      1.646        2.272      0.935        0.935
  test_4         13.716        8.255      0.378        0.380      7.328        8.940      0.686        0.686
  test_5          6.117        1.227      0.005        0.001      5.982        7.973      0.812        0.812
  test_6          2.916        0.000      0.003        0.000      5.626        7.155      0.836        0.836
  test_7          0.541        0.000      0.001        0.000      1.996        2.371      0.878        0.878
  test_8          1.346        0.000      0.002        0.000      2.041        2.831      0.925        0.925
  test_9          6.467        5.776      0.007        0.006      9.728       14.712      0.860        0.858
  평균              4.851        2.282      0.053        0.050      6.149        8.132      0.843        0.843

  [망설임] 게이트가 (0.05, 0.95) 안에 있는 창
    test.2   창의  26.4% 에서 발생, 예측 전력의  15.3% 를 만든다
        oven               창   4.7%  게이트 0.919  정격  1113.6W ->  1024.3W 를 낸다
        electiric_kettle   창   3.6%  게이트 0.068  정격  1174.9W ->    80.4W 를 낸다
        beam_projector     창  14.0%  게이트 0.343  정격     9.0W ->     2.7W 를 낸다
    test3    창의  37.8% 에서 발생, 예측 전력의  24.6% 를 만든다
        oven               창  12.3%  게이트 0.782  정격  1121.7W ->   873.7W 를 낸다
        electiric_kettle   창  13.4%  게이트 0.241  정격  1185.4W ->   292.2W 를 낸다
        beam_projector     창   2.1%  게이트 0.406  정격     9.3W ->     3.5W 를 낸다
    test_11  창의  69.5% 에서 발생, 예측 전력의   8.2% 를 만든다
        oven               창   6.4%  게이트 0.687  정격  1100.2W ->   753.2W 를 낸다
        electiric_kettle   창   7.0%  게이트 0.282  정격  1172.4W ->   333.2W 를 낸다
        beam_projector     창  60.1%  게이트 0.450  정격    16.5W ->     8.0W 를 낸다
    test_12  창의  49.4% 에서 발생, 예측 전력의   6.7% 를 만든다
        electiric_kettle   창   8.4%  게이트 0.661  정격  1153.4W ->   766.2W 를 낸다
        oven               창   8.0%  게이트 0.369  정격  1069.8W ->   394.3W 를 낸다
        hotplate           창   5.0%  게이트 0.421  정격   381.0W ->   160.7W 를 낸다
    test_13  창의  13.2% 에서 발생, 예측 전력의   1.1% 를 만든다
        minipc             창   8.9%  게이트 0.682  정격    12.7W ->     8.4W 를 낸다
        beam_projector     창   4.1%  게이트 0.460  정격     8.2W ->     3.7W 를 낸다
        laptop_charger     창   0.7%  게이트 0.364  정격    20.9W ->     7.6W 를 낸다
    test_4   창의  32.2% 에서 발생, 예측 전력의   9.7% 를 만든다
        oven               창   5.3%  게이트 0.808  정격  1105.8W ->   893.3W 를 낸다
        electiric_kettle   창   5.2%  게이트 0.169  정격  1170.5W ->   197.6W 를 낸다
        hotplate           창   2.5%  게이트 0.390  정격   406.5W ->   161.6W 를 낸다
    test_5   창의  35.7% 에서 발생, 예측 전력의   1.0% 를 만든다
        oven               창   0.5%  게이트 0.766  정격  1095.9W ->   840.1W 를 낸다
        electiric_kettle   창   0.8%  게이트 0.166  정격  1160.0W ->   191.7W 를 낸다
        hotplate           창   1.4%  게이트 0.155  정격   395.7W ->    61.5W 를 낸다
    test_6   창의  43.2% 에서 발생, 예측 전력의   1.9% 를 만든다
        oven               창   0.5%  게이트 0.938  정격  1078.8W ->  1012.1W 를 낸다
        beam_projector     창  23.6%  게이트 0.426  정격    16.0W ->     7.3W 를 낸다
        laptop_charger     창   5.7%  게이트 0.547  정격    18.6W ->    10.5W 를 낸다
    test_7   창의   8.3% 에서 발생, 예측 전력의   0.8% 를 만든다
        laptop_charger     창   2.9%  게이트 0.344  정격    38.8W ->    13.3W 를 낸다
        beam_projector     창   5.3%  게이트 0.294  정격     7.0W ->     2.2W 를 낸다
        minipc             창   0.6%  게이트 0.845  정격    20.7W ->    17.4W 를 낸다
    test_8   창의   6.4% 에서 발생, 예측 전력의   0.5% 를 만든다
        beam_projector     창   4.6%  게이트 0.511  정격     9.1W ->     4.8W 를 낸다
        laptop_charger     창   0.9%  게이트 0.647  정격    26.0W ->    18.5W 를 낸다
        minipc             창   1.0%  게이트 0.471  정격     7.5W ->     2.7W 를 낸다
    test_9   창의  21.1% 에서 발생, 예측 전력의   3.2% 를 만든다
        electiric_kettle   창   2.7%  게이트 0.655  정격  1267.2W ->   831.3W 를 낸다
        oven               창   2.5%  게이트 0.359  정격  1184.4W ->   426.1W 를 낸다
        hotplate           창   3.8%  게이트 0.332  정격   391.9W ->   124.9W 를 낸다

  [test_4 오븐 히터 통전 구간] — 12.9.5 가 지목한 남은 실패
    구간                     n              오븐              핫플              포트       예측합       관측P
    오븐ON+핫플통전            172  0.987  1082.0W  1.000   417.9W  0.019    22.2W   1595.8W   1608.0W
    오븐ON+핫플휴지            267  0.999  1115.6W  0.004     1.7W  0.001     1.5W   1185.0W   1200.2W
    오븐OFF+핫플통전           400  0.000     0.0W  1.000   467.9W  0.000     0.0W    520.7W    536.7W

========================================================================================
[adapt_zi_s0+pp+rm0.02] stage 2 | test.2, test3, test_11, test_12, test_13, test_4, test_5, test_6, test_7, test_8, test_9
========================================================================================

                                오귀속W                    최악FA                     잔차W               on/off F1
                    소프트           하드        소프트           하드        소프트           하드        소프트           하드
  test.2          8.580        2.521      0.045        0.038      3.476        7.565      0.972        0.972
  test3           7.756        1.181      0.024        0.018      5.048        8.333      0.983        0.983
  test_11         3.887        1.439      0.033        0.033     11.483       15.285      0.785        0.770
  test_12         3.111        0.000      0.004        0.000     15.460       32.838      0.833        0.833
  test_13         2.503        0.000      0.003        0.000      2.159        4.461      0.947        0.947
  test_4         14.551        3.968      0.116        0.119      8.543       16.182      0.685        0.685
  test_5          9.720        1.227      0.011        0.001      7.863       13.242      0.820        0.820
  test_6          4.384        0.000      0.006        0.000      5.789        9.454      0.857        0.857
  test_7          2.064        0.000      0.003        0.000      2.640        4.457      0.885        0.885
  test_8          3.329        0.000      0.004        0.000      2.556        5.675      0.922        0.922
  test_9          5.015        0.000      0.006        0.000     11.041       14.773      0.834        0.838
  평균              5.900        0.940      0.023        0.019      6.914       12.024      0.866        0.865

  [망설임] 게이트가 (0.05, 0.95) 안에 있는 창
    test.2   창의  25.0% 에서 발생, 예측 전력의   0.7% 를 만든다
        laptop_charger     창  16.6%  게이트 0.321  정격    29.6W ->     9.6W 를 낸다
        minipc             창  10.0%  게이트 0.699  정격     8.1W ->     5.9W 를 낸다
        air_conditioner    창   0.1%  게이트 0.223  정격   574.1W ->   127.9W 를 낸다
    test3    창의  61.5% 에서 발생, 예측 전력의   6.8% 를 만든다
        electiric_kettle   창   3.0%  게이트 0.730  정격  1250.7W ->   914.2W 를 낸다
        oven               창   3.1%  게이트 0.288  정격  1173.0W ->   336.5W 를 낸다
        minipc             창  53.9%  게이트 0.750  정격     4.6W ->     3.4W 를 낸다
    test_11  창의  25.9% 에서 발생, 예측 전력의   8.2% 를 만든다
        oven               창   7.0%  게이트 0.514  정격  1104.1W ->   567.0W 를 낸다
        electiric_kettle   창   7.2%  게이트 0.448  정격  1187.2W ->   534.2W 를 낸다
        hair_dryer         창   0.8%  게이트 0.696  정격   633.9W ->   448.6W 를 낸다
    test_12  창의  27.8% 에서 발생, 예측 전력의  13.7% 를 만든다
        electiric_kettle   창  17.9%  게이트 0.679  정격  1158.4W ->   789.8W 를 낸다
        oven               창  18.5%  게이트 0.351  정격  1084.9W ->   376.7W 를 낸다
        hotplate           창   6.5%  게이트 0.257  정격   397.8W ->    99.5W 를 낸다
    test_13  창의  27.3% 에서 발생, 예측 전력의   3.3% 를 만든다
        minipc             창  20.9%  게이트 0.728  정격    12.3W ->     8.3W 를 낸다
        beam_projector     창   6.0%  게이트 0.544  정격    19.1W ->    13.3W 를 낸다
        laptop_charger     창   2.6%  게이트 0.267  정격    29.4W ->     8.0W 를 낸다
    test_4   창의  55.4% 에서 발생, 예측 전력의   3.4% 를 만든다
        electiric_kettle   창   1.2%  게이트 0.657  정격  1153.5W ->   758.2W 를 낸다
        hotplate           창   1.9%  게이트 0.539  정격   416.7W ->   227.0W 를 낸다
        oven               창   1.4%  게이트 0.290  정격  1037.0W ->   309.8W 를 낸다
    test_5   창의  49.2% 에서 발생, 예측 전력의   0.4% 를 만든다
        laptop_charger     창  11.8%  게이트 0.467  정격    20.3W ->     9.9W 를 낸다
        minipc             창  47.5%  게이트 0.558  정격     3.4W ->     2.0W 를 낸다
        hotplate           창   0.6%  게이트 0.322  정격   416.0W ->   136.2W 를 낸다
    test_6   창의  45.1% 에서 발생, 예측 전력의   0.9% 를 만든다
        minipc             창  40.2%  게이트 0.582  정격     8.0W ->     4.7W 를 낸다
        laptop_charger     창   6.0%  게이트 0.528  정격    24.4W ->    14.2W 를 낸다
        hotplate           창   0.4%  게이트 0.483  정격   416.3W ->   205.9W 를 낸다
    test_7   창의  19.6% 에서 발생, 예측 전력의   1.6% 를 만든다
        minipc             창  16.8%  게이트 0.733  정격     6.9W ->     4.6W 를 낸다
        beam_projector     창   2.4%  게이트 0.506  정격    16.6W ->    10.3W 를 낸다
        laptop_charger     창   0.7%  게이트 0.736  정격    30.6W ->    24.2W 를 낸다
    test_8   창의  16.8% 에서 발생, 예측 전력의   1.3% 를 만든다
        minipc             창  11.9%  게이트 0.742  정격     5.6W ->     4.0W 를 낸다
        beam_projector     창   3.9%  게이트 0.560  정격    18.4W ->    10.5W 를 낸다
        laptop_charger     창   1.6%  게이트 0.531  정격    29.4W ->    16.1W 를 낸다
    test_9   창의  10.3% 에서 발생, 예측 전력의   4.5% 를 만든다
        electiric_kettle   창   3.1%  게이트 0.573  정격  1261.2W ->   724.7W 를 낸다
        oven               창   3.8%  게이트 0.398  정격  1162.4W ->   469.2W 를 낸다
        hotplate           창   5.9%  게이트 0.619  정격   395.9W ->   242.2W 를 낸다

  [test_4 오븐 히터 통전 구간] — 12.9.5 가 지목한 남은 실패
    구간                     n              오븐              핫플              포트       예측합       관측P
    오븐ON+핫플통전            172  1.000  1112.0W  1.000   431.8W  0.000     0.3W   1618.7W   1608.0W
    오븐ON+핫플휴지            267  1.000  1128.0W  0.005     2.0W  0.000     0.1W   1194.1W   1200.2W
    오븐OFF+핫플통전           400  0.000     0.0W  1.000   474.0W  0.000     0.0W    526.1W    536.7W

========================================================================================
[adapt_zi_s1+pp+rm0.02] stage 2 | test.2, test3, test_11, test_12, test_13, test_4, test_5, test_6, test_7, test_8, test_9
========================================================================================

                                오귀속W                    최악FA                     잔차W               on/off F1
                    소프트           하드        소프트           하드        소프트           하드        소프트           하드
  test.2          7.516        1.138      0.023        0.017      3.176        6.723      0.974        0.974
  test3           8.124        0.484      0.013        0.007      4.722        7.425      0.981        0.981
  test_11         4.268        1.430      0.035        0.037     12.904       16.185      0.766        0.759
  test_12         4.035        0.000      0.005        0.000     12.390       25.925      0.834        0.836
  test_13         2.671        0.000      0.003        0.000      1.596        3.541      0.961        0.961
  test_4         16.560        2.603      0.127        0.120      8.518       16.459      0.685        0.685
  test_5         11.183        1.227      0.013        0.001      6.839       13.492      0.850        0.850
  test_6          4.911        0.000      0.006        0.000      5.294        8.918      0.870        0.870
  test_7          2.277        0.000      0.003        0.000      1.892        3.534      0.894        0.894
  test_8          3.583        0.000      0.005        0.000      1.677        4.269      0.929        0.929
  test_9          8.735        5.666      0.011        0.006      9.858       13.296      0.862        0.860
  평균              6.715        1.141      0.022        0.017      6.261       10.888      0.873        0.873

  [망설임] 게이트가 (0.05, 0.95) 안에 있는 창
    test.2   창의  15.9% 에서 발생, 예측 전력의   0.4% 를 만든다
        laptop_charger     창  11.9%  게이트 0.327  정격    28.0W ->     8.8W 를 낸다
        minipc             창   2.7%  게이트 0.707  정격     7.7W ->     5.9W 를 낸다
        air_conditioner    창   0.1%  게이트 0.159  정격   566.3W ->    90.2W 를 낸다
    test3    창의  43.8% 에서 발생, 예측 전력의   4.4% 를 만든다
        oven               창   2.1%  게이트 0.506  정격  1149.1W ->   579.3W 를 낸다
        electiric_kettle   창   2.3%  게이트 0.434  정격  1218.0W ->   531.1W 를 낸다
        minipc             창  38.3%  게이트 0.716  정격     4.9W ->     3.5W 를 낸다
    test_11  창의  18.3% 에서 발생, 예측 전력의   8.1% 를 만든다
        oven               창   7.2%  게이트 0.577  정격  1102.9W ->   642.0W 를 낸다
        electiric_kettle   창   7.0%  게이트 0.386  정격  1190.7W ->   460.5W 를 낸다
        hotplate           창   2.1%  게이트 0.333  정격   417.5W ->   141.5W 를 낸다
    test_12  창의  22.2% 에서 발생, 예측 전력의  11.4% 를 만든다
        electiric_kettle   창  15.1%  게이트 0.648  정격  1172.1W ->   767.9W 를 낸다
        oven               창  15.6%  게이트 0.322  정격  1097.8W ->   347.3W 를 낸다
        hotplate           창   4.9%  게이트 0.554  정격   386.7W ->   212.3W 를 낸다
    test_13  창의  41.0% 에서 발생, 예측 전력의   3.9% 를 만든다
        minipc             창  33.9%  게이트 0.579  정격    12.8W ->     6.2W 를 낸다
        beam_projector     창   7.3%  게이트 0.556  정격    18.1W ->    12.4W 를 낸다
        laptop_charger     창   2.5%  게이트 0.296  정격    28.7W ->     8.5W 를 낸다
    test_4   창의  49.7% 에서 발생, 예측 전력의   2.2% 를 만든다
        oven               창   0.7%  게이트 0.731  정격  1090.9W ->   830.9W 를 낸다
        hotplate           창   1.9%  게이트 0.484  정격   420.0W ->   208.1W 를 낸다
        electiric_kettle   창   0.6%  게이트 0.199  정격  1212.0W ->   241.5W 를 낸다
    test_5   창의  42.7% 에서 발생, 예측 전력의   0.5% 를 만든다
        hotplate           창   0.9%  게이트 0.403  정격   418.2W ->   170.0W 를 낸다
        laptop_charger     창   9.1%  게이트 0.665  정격    19.0W ->    12.8W 를 낸다
        minipc             창  38.2%  게이트 0.612  정격     3.3W ->     2.4W 를 낸다
    test_6   창의  38.2% 에서 발생, 예측 전력의   0.6% 를 만든다
        minipc             창  32.0%  게이트 0.575  정격     7.5W ->     4.2W 를 낸다
        laptop_charger     창   4.2%  게이트 0.465  정격    23.6W ->    11.0W 를 낸다
        beam_projector     창   8.0%  게이트 0.306  정격    17.3W ->     5.7W 를 낸다
    test_7   창의  26.1% 에서 발생, 예측 전력의   2.0% 를 만든다
        minipc             창  20.9%  게이트 0.670  정격     5.9W ->     3.6W 를 낸다
        beam_projector     창   5.3%  게이트 0.475  정격    22.5W ->    12.1W 를 낸다
        laptop_charger     창   0.4%  게이트 0.634  정격    21.3W ->    13.8W 를 낸다
    test_8   창의  18.3% 에서 발생, 예측 전력의   1.0% 를 만든다
        minipc             창  13.7%  게이트 0.639  정격     5.9W ->     3.7W 를 낸다
        beam_projector     창   4.3%  게이트 0.380  정격    16.4W ->     5.7W 를 낸다
        laptop_charger     창   1.0%  게이트 0.488  정격    27.4W ->    14.4W 를 낸다
    test_9   창의   8.3% 에서 발생, 예측 전력의   1.8% 를 만든다
        electiric_kettle   창   1.1%  게이트 0.578  정격  1224.0W ->   709.6W 를 낸다
        hotplate           창   3.2%  게이트 0.510  정격   398.8W ->   198.8W 를 낸다
        oven               창   1.3%  게이트 0.402  정격  1140.7W ->   459.9W 를 낸다

  [test_4 오븐 히터 통전 구간] — 12.9.5 가 지목한 남은 실패
    구간                     n              오븐              핫플              포트       예측합       관측P
    오븐ON+핫플통전            172  1.000  1111.8W  1.000   429.8W  0.001     1.2W   1621.9W   1608.0W
    오븐ON+핫플휴지            267  1.000  1120.0W  0.003     1.2W  0.000     0.1W   1186.4W   1200.2W
    오븐OFF+핫플통전           400  0.000     0.0W  1.000   470.0W  0.000     0.0W    525.7W    536.7W

========================================================================================
[adapt_zi_s2+pp+rm0.02] stage 2 | test.2, test3, test_11, test_12, test_13, test_4, test_5, test_6, test_7, test_8, test_9
========================================================================================

                                오귀속W                    최악FA                     잔차W               on/off F1
                    소프트           하드        소프트           하드        소프트           하드        소프트           하드
  test.2          5.867        0.255      0.007        0.004      3.732        7.718      0.973        0.973
  test3           9.308        1.934      0.007        0.003      4.020       12.370      0.959        0.959
  test_11         3.688        0.923      0.020        0.013     11.344       15.132      0.775        0.770
  test_12         2.873        0.000      0.004        0.000     16.716       25.882      0.834        0.834
  test_13         2.688        0.000      0.003        0.000      1.886        4.394      0.963        0.963
  test_4         14.180        2.175      0.107        0.100      9.189       16.775      0.684        0.684
  test_5         10.417        1.227      0.012        0.001      7.866       13.223      0.809        0.809
  test_6          4.366        0.000      0.005        0.000      5.571        9.176      0.861        0.861
  test_7          2.395        0.000      0.003        0.000      2.387        4.647      0.894        0.894
  test_8          3.703        0.000      0.005        0.000      2.136        5.563      0.926        0.926
  test_9         10.683        5.666      0.006        0.006     10.596       15.540      0.855        0.859
  평균              6.379        1.107      0.016        0.012      6.858       11.856      0.867        0.867

  [망설임] 게이트가 (0.05, 0.95) 안에 있는 창
    test.2   창의  13.5% 에서 발생, 예측 전력의   8.1% 를 만든다
        oven               창   2.5%  게이트 0.889  정격  1107.1W ->   989.6W 를 낸다
        electiric_kettle   창   2.5%  게이트 0.075  정격  1182.4W ->    88.3W 를 낸다
        minipc             창   5.0%  게이트 0.753  정격     9.5W ->     7.5W 를 낸다
    test3    창의  65.2% 에서 발생, 예측 전력의  12.7% 를 만든다
        oven               창   6.5%  게이트 0.713  정격  1143.8W ->   814.1W 를 낸다
        electiric_kettle   창   6.6%  게이트 0.265  정격  1214.8W ->   324.2W 를 낸다
        minipc             창  59.5%  게이트 0.673  정격     4.8W ->     3.3W 를 낸다
    test_11  창의  27.0% 에서 발생, 예측 전력의  12.7% 를 만든다
        oven               창  10.3%  게이트 0.516  정격  1223.5W ->   630.6W 를 낸다
        electiric_kettle   창  10.3%  게이트 0.441  정격  1298.6W ->   575.2W 를 낸다
        hair_dryer         창   1.0%  게이트 0.585  정격   835.6W ->   501.8W 를 낸다
    test_12  창의  19.6% 에서 발생, 예측 전력의  11.4% 를 만든다
        oven               창  15.1%  게이트 0.527  정격  1116.2W ->   588.0W 를 낸다
        electiric_kettle   창  15.1%  게이트 0.477  정격  1193.4W ->   569.5W 를 낸다
        hotplate           창   4.7%  게이트 0.375  정격   399.1W ->   147.7W 를 낸다
    test_13  창의  43.0% 에서 발생, 예측 전력의   3.9% 를 만든다
        minipc             창  37.7%  게이트 0.595  정격    13.5W ->     6.6W 를 낸다
        beam_projector     창   5.0%  게이트 0.485  정격    18.8W ->    11.2W 를 낸다
        laptop_charger     창   1.8%  게이트 0.321  정격    27.5W ->     9.1W 를 낸다
    test_4   창의  50.5% 에서 발생, 예측 전력의   5.3% 를 만든다
        oven               창   2.7%  게이트 0.682  정격  1119.5W ->   769.0W 를 낸다
        electiric_kettle   창   2.3%  게이트 0.281  정격  1192.3W ->   332.5W 를 낸다
        hotplate           창   1.4%  게이트 0.534  정격   418.3W ->   225.7W 를 낸다
    test_5   창의  48.5% 에서 발생, 예측 전력의   0.5% 를 만든다
        hotplate           창   0.7%  게이트 0.449  정격   426.6W ->   193.9W 를 낸다
        laptop_charger     창  12.5%  게이트 0.417  정격    21.2W ->     8.9W 를 낸다
        minipc             창  40.7%  게이트 0.501  정격     2.9W ->     1.5W 를 낸다
    test_6   창의  46.0% 에서 발생, 예측 전력의   1.2% 를 만든다
        minipc             창  39.8%  게이트 0.502  정격     8.5W ->     4.0W 를 낸다
        oven               창   0.1%  게이트 0.927  정격  1108.0W ->  1026.6W 를 낸다
        hotplate           창   0.5%  게이트 0.445  정격   420.8W ->   187.9W 를 낸다
    test_7   창의  31.6% 에서 발생, 예측 전력의   2.6% 를 만든다
        minipc             창  28.4%  게이트 0.651  정격     6.9W ->     3.9W 를 낸다
        beam_projector     창   4.3%  게이트 0.627  정격    25.4W ->    17.8W 를 낸다
        laptop_charger     창   0.4%  게이트 0.520  정격    21.6W ->    11.5W 를 낸다
    test_8   창의  20.9% 에서 발생, 예측 전력의   1.7% 를 만든다
        minipc             창  18.3%  게이트 0.677  정격     7.8W ->     5.3W 를 낸다
        beam_projector     창   4.3%  게이트 0.558  정격    16.8W ->    10.6W 를 낸다
        laptop_charger     창   0.8%  게이트 0.535  정격    27.9W ->    15.6W 를 낸다
    test_9   창의   8.6% 에서 발생, 예측 전력의   4.7% 를 만든다
        oven               창   4.0%  게이트 0.653  정격  1169.6W ->   763.4W 를 낸다
        electiric_kettle   창   4.0%  게이트 0.331  정격  1243.3W ->   411.1W 를 낸다
        hotplate           창   4.1%  게이트 0.573  정격   396.8W ->   226.9W 를 낸다

  [test_4 오븐 히터 통전 구간] — 12.9.5 가 지목한 남은 실패
    구간                     n              오븐              핫플              포트       예측합       관측P
    오븐ON+핫플통전            172  0.999  1110.9W  1.000   435.5W  0.001     1.5W   1613.5W   1608.0W
    오븐ON+핫플휴지            267  1.000  1128.0W  0.003     1.4W  0.000     0.3W   1191.4W   1200.2W
    오븐OFF+핫플통전           400  0.000     0.0W  1.000   476.0W  0.000     0.0W    528.8W    536.7W

========================================================================================
[adapt_zl0_s0+pp+rm0.02] stage 2 | test.2, test3, test_11, test_12, test_13, test_4, test_5, test_6, test_7, test_8, test_9
========================================================================================

                                오귀속W                    최악FA                     잔차W               on/off F1
                    소프트           하드        소프트           하드        소프트           하드        소프트           하드
  test.2          7.685        2.130      0.036        0.032      2.976        6.666      0.975        0.975
  test3           7.472        0.959      0.023        0.015      4.743        7.683      0.984        0.984
  test_11         4.912        1.754      0.038        0.037     12.243       16.909      0.765        0.757
  test_12         3.742        0.000      0.005        0.000     15.523       21.498      0.832        0.832
  test_13         2.331        0.000      0.003        0.000      1.863        3.987      0.933        0.933
  test_4         16.577        3.520      0.159        0.162      9.115       16.703      0.685        0.685
  test_5          9.311        0.832      0.011        0.001      7.451       13.598      0.826        0.826
  test_6          4.446        0.000      0.006        0.000      5.933        9.459      0.861        0.861
  test_7          1.880        0.000      0.002        0.000      2.037        3.724      0.886        0.886
  test_8          3.033        0.000      0.004        0.000      2.070        4.809      0.924        0.924
  test_9          8.449        5.666      0.009        0.006     10.577       13.821      0.857        0.858
  평균              6.349        1.351      0.027        0.023      6.776       10.805      0.866        0.866

  [망설임] 게이트가 (0.05, 0.95) 안에 있는 창
    test.2   창의  19.6% 에서 발생, 예측 전력의   0.9% 를 만든다
        laptop_charger     창  12.3%  게이트 0.350  정격    28.4W ->     9.8W 를 낸다
        oven               창   0.1%  게이트 0.824  정격   963.7W ->   794.5W 를 낸다
        minipc             창   7.9%  게이트 0.655  정격     8.8W ->     5.9W 를 낸다
    test3    창의  39.7% 에서 발생, 예측 전력의   4.5% 를 만든다
        oven               창   2.1%  게이트 0.556  정격  1149.8W ->   634.6W 를 낸다
        electiric_kettle   창   3.3%  게이트 0.276  정격  1211.8W ->   340.7W 를 낸다
        minipc             창  32.7%  게이트 0.730  정격     6.4W ->     4.6W 를 낸다
    test_11  창의  26.8% 에서 발생, 예측 전력의   8.3% 를 만든다
        oven               창   6.4%  게이트 0.585  정격  1108.1W ->   643.8W 를 낸다
        electiric_kettle   창   7.2%  게이트 0.451  정격  1186.2W ->   537.6W 를 낸다
        hair_dryer         창   0.8%  게이트 0.819  정격   680.0W ->   556.5W 를 낸다
    test_12  창의  20.1% 에서 발생, 예측 전력의   3.7% 를 만든다
        oven               창   4.5%  게이트 0.573  정격  1074.1W ->   616.9W 를 낸다
        electiric_kettle   창   4.1%  게이트 0.520  정격  1148.5W ->   594.5W 를 낸다
        hotplate           창   6.2%  게이트 0.278  정격   394.1W ->   108.0W 를 낸다
    test_13  창의  26.2% 에서 발생, 예측 전력의   3.5% 를 만든다
        minipc             창  18.5%  게이트 0.784  정격    12.8W ->     9.6W 를 낸다
        beam_projector     창   5.9%  게이트 0.503  정격    19.2W ->    11.6W 를 낸다
        laptop_charger     창   3.6%  게이트 0.366  정격    29.1W ->    10.9W 를 낸다
    test_4   창의  48.3% 에서 발생, 예측 전력의   2.4% 를 만든다
        electiric_kettle   창   0.9%  게이트 0.507  정격  1203.6W ->   611.3W 를 낸다
        oven               창   0.7%  게이트 0.531  정격  1109.7W ->   586.1W 를 낸다
        hotplate           창   2.6%  게이트 0.221  정격   417.9W ->    93.1W 를 낸다
    test_5   창의  49.6% 에서 발생, 예측 전력의   0.5% 를 만든다
        hotplate           창   1.3%  게이트 0.201  정격   409.2W ->    84.2W 를 낸다
        laptop_charger     창  13.1%  게이트 0.429  정격    18.0W ->     8.0W 를 낸다
        minipc             창  45.9%  게이트 0.548  정격     4.1W ->     2.2W 를 낸다
    test_6   창의  41.3% 에서 발생, 예측 전력의   1.0% 를 만든다
        minipc             창  36.5%  게이트 0.555  정격     8.2W ->     4.8W 를 낸다
        hotplate           창   1.5%  게이트 0.268  정격   413.8W ->   110.6W 를 낸다
        laptop_charger     창   4.6%  게이트 0.563  정격    22.5W ->    13.1W 를 낸다
    test_7   창의  19.5% 에서 발생, 예측 전력의   2.0% 를 만든다
        beam_projector     창   4.8%  게이트 0.498  정격    25.3W ->    14.7W 를 낸다
        minipc             창  14.5%  게이트 0.741  정격     7.6W ->     4.6W 를 낸다
        laptop_charger     창   0.5%  게이트 0.562  정격    21.3W ->    11.9W 를 낸다
    test_8   창의  16.5% 에서 발생, 예측 전력의   0.9% 를 만든다
        minipc             창  10.1%  게이트 0.668  정격     4.9W ->     2.9W 를 낸다
        laptop_charger     창   2.4%  게이트 0.379  정격    28.1W ->    10.8W 를 낸다
        beam_projector     창   4.0%  게이트 0.336  정격    17.9W ->     5.9W 를 낸다
    test_9   창의   9.5% 에서 발생, 예측 전력의   3.3% 를 만든다
        oven               창   2.9%  게이트 0.714  정격  1149.4W ->   824.1W 를 낸다
        electiric_kettle   창   3.4%  게이트 0.253  정격  1229.1W ->   308.0W 를 낸다
        hotplate           창   4.9%  게이트 0.265  정격   407.0W ->   102.1W 를 낸다

  [test_4 오븐 히터 통전 구간] — 12.9.5 가 지목한 남은 실패
    구간                     n              오븐              핫플              포트       예측합       관측P
    오븐ON+핫플통전            172  1.000  1111.8W  1.000   434.0W  0.001     0.6W   1618.0W   1608.0W
    오븐ON+핫플휴지            267  1.000  1120.0W  0.012     5.0W  0.000     0.1W   1191.6W   1200.2W
    오븐OFF+핫플통전           400  0.000     0.0W  1.000   474.0W  0.000     0.0W    529.1W    536.7W

========================================================================================
[adapt_zl0_s1+pp+rm0.02] stage 2 | test.2, test3, test_11, test_12, test_13, test_4, test_5, test_6, test_7, test_8, test_9
========================================================================================

                                오귀속W                    최악FA                     잔차W               on/off F1
                    소프트           하드        소프트           하드        소프트           하드        소프트           하드
  test.2          5.886        0.516      0.009        0.008      3.295        7.084      0.973        0.973
  test3           7.623        0.001      0.008        0.000      4.843        8.468      0.985        0.985
  test_11         3.759        1.025      0.020        0.021     12.571       20.676      0.762        0.753
  test_12         3.582        0.266      0.009        0.007     13.432       18.492      0.833        0.833
  test_13         2.447        0.000      0.003        0.000      1.747        4.010      0.960        0.960
  test_4         16.677        4.673      0.172        0.174      8.239       15.047      0.685        0.685
  test_5         10.042        1.731      0.026        0.024      7.488       12.253      0.842        0.841
  test_6          4.508        0.000      0.006        0.000      5.673        8.888      0.858        0.858
  test_7          2.194        0.000      0.003        0.000      2.110        4.050      0.890        0.890
  test_8          3.212        0.000      0.004        0.000      1.932        4.652      0.927        0.927
  test_9          8.001        5.666      0.008        0.006     10.647       16.764      0.856        0.858
  평균              6.176        1.262      0.024        0.022      6.543       10.944      0.870        0.869

  [망설임] 게이트가 (0.05, 0.95) 안에 있는 창
    test.2   창의  11.4% 에서 발생, 예측 전력의   1.2% 를 만든다
        oven               창   0.4%  게이트 0.768  정격  1053.2W ->   825.5W 를 낸다
        laptop_charger     창   5.7%  게이트 0.296  정격    27.7W ->     8.8W 를 낸다
        electiric_kettle   창   0.2%  게이트 0.053  정격  1164.0W ->    62.0W 를 낸다
    test3    창의  31.1% 에서 발생, 예측 전력의   5.2% 를 만든다
        oven               창   2.5%  게이트 0.548  정격  1136.0W ->   619.5W 를 낸다
        electiric_kettle   창   2.7%  게이트 0.432  정격  1203.8W ->   522.9W 를 낸다
        minipc             창  27.0%  게이트 0.690  정격     4.7W ->     3.2W 를 낸다
    test_11  창의  24.7% 에서 발생, 예측 전력의   7.2% 를 만든다
        electiric_kettle   창   6.0%  게이트 0.516  정격  1200.5W ->   616.6W 를 낸다
        oven               창   5.1%  게이트 0.507  정격  1130.1W ->   575.0W 를 낸다
        hair_dryer         창   1.0%  게이트 0.753  정격   670.1W ->   506.9W 를 낸다
    test_12  창의  24.4% 에서 발생, 예측 전력의  10.0% 를 만든다
        electiric_kettle   창  13.1%  게이트 0.776  정격  1168.6W ->   910.0W 를 낸다
        oven               창  10.7%  게이트 0.257  정격  1089.8W ->   277.9W 를 낸다
        hotplate           창   3.6%  게이트 0.530  정격   395.3W ->   208.9W 를 낸다
    test_13  창의  39.5% 에서 발생, 예측 전력의   3.9% 를 만든다
        minipc             창  34.5%  게이트 0.579  정격    14.8W ->     7.4W 를 낸다
        beam_projector     창   4.4%  게이트 0.460  정격    18.8W ->    10.3W 를 낸다
        laptop_charger     창   1.7%  게이트 0.461  정격    26.5W ->    13.1W 를 낸다
    test_4   창의  44.8% 에서 발생, 예측 전력의   3.8% 를 만든다
        oven               창   1.9%  게이트 0.754  정격  1087.2W ->   827.3W 를 낸다
        electiric_kettle   창   1.4%  게이트 0.233  정격  1155.6W ->   265.9W 를 낸다
        hotplate           창   1.8%  게이트 0.315  정격   417.1W ->   133.8W 를 낸다
    test_5   창의  44.1% 에서 발생, 예측 전력의   0.6% 를 만든다
        laptop_charger     창  11.1%  게이트 0.642  정격    19.9W ->    13.0W 를 낸다
        hotplate           창   0.8%  게이트 0.404  정격   409.8W ->   169.4W 를 낸다
        minipc             창  34.6%  게이트 0.700  정격     2.3W ->     1.7W 를 낸다
    test_6   창의  37.2% 에서 발생, 예측 전력의   0.7% 를 만든다
        minipc             창  28.7%  게이트 0.533  정격     7.9W ->     4.2W 를 낸다
        hotplate           창   0.5%  게이트 0.411  정격   416.0W ->   174.1W 를 낸다
        laptop_charger     창   4.7%  게이트 0.518  정격    23.4W ->    12.9W 를 낸다
    test_7   창의  21.0% 에서 발생, 예측 전력의   2.2% 를 만든다
        minipc             창  16.2%  게이트 0.706  정격     7.7W ->     5.0W 를 낸다
        beam_projector     창   4.9%  게이트 0.551  정격    25.9W ->    16.0W 를 낸다
        laptop_charger     창   0.4%  게이트 0.613  정격    19.0W ->    12.1W 를 낸다
    test_8   창의  19.6% 에서 발생, 예측 전력의   1.1% 를 만든다
        minipc             창  14.6%  게이트 0.687  정격     6.7W ->     4.5W 를 낸다
        beam_projector     창   4.1%  게이트 0.285  정격    16.5W ->     4.0W 를 낸다
        laptop_charger     창   1.1%  게이트 0.467  정격    26.8W ->    13.6W 를 낸다
    test_9   창의  10.1% 에서 발생, 예측 전력의   5.2% 를 만든다
        electiric_kettle   창   4.7%  게이트 0.633  정격  1227.4W ->   781.5W 를 낸다
        oven               창   4.9%  게이트 0.364  정격  1154.0W ->   419.6W 를 낸다
        hotplate           창   4.5%  게이트 0.337  정격   403.8W ->   131.5W 를 낸다

  [test_4 오븐 히터 통전 구간] — 12.9.5 가 지목한 남은 실패
    구간                     n              오븐              핫플              포트       예측합       관측P
    오븐ON+핫플통전            172  0.999  1115.4W  1.000   433.4W  0.001     1.1W   1617.9W   1608.0W
    오븐ON+핫플휴지            267  1.000  1120.0W  0.003     1.2W  0.000     0.1W   1188.3W   1200.2W
    오븐OFF+핫플통전           400  0.000     0.0W  1.000   478.0W  0.000     0.0W    531.8W    536.7W

========================================================================================
[adapt_zl0_s2+pp+rm0.02] stage 2 | test.2, test3, test_11, test_12, test_13, test_4, test_5, test_6, test_7, test_8, test_9
========================================================================================

                                오귀속W                    최악FA                     잔차W               on/off F1
                    소프트           하드        소프트           하드        소프트           하드        소프트           하드
  test.2          5.719        0.492      0.010        0.007      3.023        6.742      0.973        0.973
  test3           6.211        0.220      0.007        0.003      4.700        7.375      0.986        0.986
  test_11         3.640        1.093      0.021        0.021     13.312       19.318      0.778        0.778
  test_12         2.804        0.000      0.003        0.000     14.576       40.290      0.827        0.829
  test_13         2.450        0.000      0.003        0.000      1.871        4.219      0.954        0.954
  test_4         14.667        3.302      0.147        0.152      8.954       16.176      0.685        0.685
  test_5          9.482        1.227      0.010        0.001      8.498       13.585      0.824        0.824
  test_6          4.316        0.000      0.005        0.000      5.471        9.086      0.863        0.863
  test_7          2.132        0.000      0.003        0.000      2.196        4.183      0.893        0.893
  test_8          3.105        0.000      0.004        0.000      2.098        4.825      0.927        0.927
  test_9          4.989        0.000      0.006        0.000     11.864       16.066      0.835        0.838
  평균              5.411        0.576      0.020        0.017      6.960       12.897      0.868        0.868

  [망설임] 게이트가 (0.05, 0.95) 안에 있는 창
    test.2   창의  15.6% 에서 발생, 예측 전력의  14.5% 를 만든다
        oven               창   4.4%  게이트 0.886  정격  1105.8W ->   979.9W 를 낸다
        electiric_kettle   창   3.9%  게이트 0.108  정격  1172.8W ->   126.3W 를 낸다
        laptop_charger     창   5.4%  게이트 0.324  정격    28.1W ->     9.5W 를 낸다
    test3    창의  47.7% 에서 발생, 예측 전력의  12.4% 를 만든다
        oven               창   5.8%  게이트 0.588  정격  1143.0W ->   667.3W 를 낸다
        electiric_kettle   창   6.2%  게이트 0.441  정격  1214.4W ->   541.4W 를 낸다
        minipc             창  38.6%  게이트 0.759  정격     4.4W ->     3.3W 를 낸다
    test_11  창의  28.8% 에서 발생, 예측 전력의  14.9% 를 만든다
        oven               창  12.3%  게이트 0.637  정격  1135.0W ->   724.3W 를 낸다
        electiric_kettle   창  12.8%  게이트 0.385  정격  1207.6W ->   463.9W 를 낸다
        hair_dryer         창   1.0%  게이트 0.684  정격   658.7W ->   479.9W 를 낸다
    test_12  창의  32.8% 에서 발생, 예측 전력의  18.5% 를 만든다
        electiric_kettle   창  23.9%  게이트 0.486  정격  1197.9W ->   580.6W 를 낸다
        oven               창  23.7%  게이트 0.493  정격  1125.8W ->   554.9W 를 낸다
        hotplate           창   8.9%  게이트 0.622  정격   396.9W ->   245.7W 를 낸다
    test_13  창의  32.4% 에서 발생, 예측 전력의   4.4% 를 만든다
        minipc             창  27.4%  게이트 0.716  정격    13.9W ->     9.3W 를 낸다
        beam_projector     창   6.8%  게이트 0.591  정격    20.9W ->    14.3W 를 낸다
        laptop_charger     창   1.7%  게이트 0.253  정격    28.6W ->     7.5W 를 낸다
    test_4   창의  44.8% 에서 발생, 예측 전력의   5.2% 를 만든다
        oven               창   2.5%  게이트 0.822  정격  1126.5W ->   926.5W 를 낸다
        electiric_kettle   창   2.5%  게이트 0.147  정격  1194.8W ->   175.3W 를 낸다
        hotplate           창   1.7%  게이트 0.497  정격   415.5W ->   211.3W 를 낸다
    test_5   창의  47.5% 에서 발생, 예측 전력의   0.6% 를 만든다
        hotplate           창   0.7%  게이트 0.577  정격   426.3W ->   246.3W 를 낸다
        laptop_charger     창  11.4%  게이트 0.614  정격    20.1W ->    12.7W 를 낸다
        minipc             창  43.5%  게이트 0.605  정격     3.4W ->     2.1W 를 낸다
    test_6   창의  45.3% 에서 발생, 예측 전력의   1.1% 를 만든다
        minipc             창  38.9%  게이트 0.510  정격     8.4W ->     4.4W 를 낸다
        oven               창   0.1%  게이트 0.738  정격  1082.8W ->   804.6W 를 낸다
        hotplate           창   0.6%  게이트 0.400  정격   420.7W ->   173.7W 를 낸다
    test_7   창의  22.6% 에서 발생, 예측 전력의   1.9% 를 만든다
        minipc             창  17.5%  게이트 0.688  정격     8.0W ->     4.9W 를 낸다
        beam_projector     창   5.0%  게이트 0.410  정격    23.5W ->    10.2W 를 낸다
        laptop_charger     창   0.5%  게이트 0.479  정격    21.9W ->    10.8W 를 낸다
    test_8   창의  18.3% 에서 발생, 예측 전력의   1.1% 를 만든다
        minipc             창  13.3%  게이트 0.698  정격     6.8W ->     4.6W 를 낸다
        laptop_charger     창   1.5%  게이트 0.506  정격    29.8W ->    15.6W 를 낸다
        beam_projector     창   3.8%  게이트 0.349  정격    16.0W ->     4.2W 를 낸다
    test_9   창의  12.3% 에서 발생, 예측 전력의   5.1% 를 만든다
        oven               창   3.1%  게이트 0.673  정격  1166.1W ->   784.6W 를 낸다
        hotplate           창   7.7%  게이트 0.754  정격   395.9W ->   300.3W 를 낸다
        electiric_kettle   창   3.1%  게이트 0.371  정격  1245.6W ->   467.6W 를 낸다

  [test_4 오븐 히터 통전 구간] — 12.9.5 가 지목한 남은 실패
    구간                     n              오븐              핫플              포트       예측합       관측P
    오븐ON+핫플통전            172  0.998  1113.9W  0.999   432.3W  0.002     2.8W   1606.9W   1608.0W
    오븐ON+핫플휴지            267  1.000  1120.0W  0.005     1.9W  0.000     0.3W   1188.9W   1200.2W
    오븐OFF+핫플통전           400  0.000     0.0W  1.000   478.0W  0.000     0.0W    526.8W    536.7W

========================================================================================
[adapt_zc3_s0+pp+rm0.02] stage 2 | test.2, test3, test_11, test_12, test_13, test_4, test_5, test_6, test_7, test_8, test_9
========================================================================================

                                오귀속W                    최악FA                     잔차W               on/off F1
                    소프트           하드        소프트           하드        소프트           하드        소프트           하드
  test.2          8.994        2.708      0.046        0.041      3.057        6.790      0.974        0.974
  test3           9.202        2.358      0.040        0.036      5.102        8.560      0.975        0.975
  test_11         3.697        1.289      0.026        0.027     13.431       17.673      0.778        0.773
  test_12         4.201        0.000      0.005        0.000     13.533       35.895      0.831        0.832
  test_13         2.468        0.000      0.003        0.000      1.898        4.183      0.950        0.950
  test_4         14.269        2.528      0.116        0.117      9.021       16.853      0.685        0.685
  test_5         10.465        1.227      0.012        0.001      7.913       14.947      0.836        0.836
  test_6          4.687        0.000      0.006        0.000      5.609        9.508      0.871        0.871
  test_7          1.913        0.000      0.002        0.000      2.207        4.004      0.888        0.888
  test_8          3.231        0.000      0.004        0.000      2.219        5.105      0.927        0.927
  test_9          7.739        5.666      0.008        0.006     10.212       13.842      0.857        0.858
  평균              6.442        1.434      0.024        0.021      6.746       12.487      0.870        0.870

  [망설임] 게이트가 (0.05, 0.95) 안에 있는 창
    test.2   창의  21.5% 에서 발생, 예측 전력의   0.9% 를 만든다
        laptop_charger     창  13.5%  게이트 0.320  정격    28.8W ->     9.2W 를 낸다
        oven               창   0.1%  게이트 0.926  정격   959.6W ->   888.9W 를 낸다
        minipc             창   8.0%  게이트 0.634  정격     6.3W ->     4.3W 를 낸다
    test3    창의  59.5% 에서 발생, 예측 전력의   6.5% 를 만든다
        electiric_kettle   창   3.0%  게이트 0.627  정격  1220.6W ->   767.8W 를 낸다
        oven               창   2.7%  게이트 0.393  정격  1149.8W ->   449.3W 를 낸다
        laptop_charger     창  24.6%  게이트 0.335  정격    25.4W ->     8.9W 를 낸다
    test_11  창의  26.7% 에서 발생, 예측 전력의   6.9% 를 만든다
        electiric_kettle   창   6.0%  게이트 0.513  정격  1186.6W ->   608.7W 를 낸다
        oven               창   5.1%  게이트 0.487  정격  1108.8W ->   540.3W 를 낸다
        hotplate           창   1.6%  게이트 0.546  정격   415.8W ->   232.9W 를 낸다
    test_12  창의  32.6% 에서 발생, 예측 전력의  19.5% 를 만든다
        electiric_kettle   창  25.2%  게이트 0.639  정격  1163.7W ->   746.8W 를 낸다
        oven               창  25.0%  게이트 0.394  정격  1091.4W ->   426.1W 를 낸다
        hotplate           창   4.7%  게이트 0.649  정격   388.0W ->   251.7W 를 낸다
    test_13  창의  38.4% 에서 발생, 예측 전력의   4.6% 를 만든다
        minipc             창  30.7%  게이트 0.697  정격    11.7W ->     7.4W 를 낸다
        beam_projector     창   8.2%  게이트 0.615  정격    20.9W ->    15.1W 를 낸다
        laptop_charger     창   3.4%  게이트 0.266  정격    28.8W ->     7.8W 를 낸다
    test_4   창의  55.8% 에서 발생, 예측 전력의   2.4% 를 만든다
        hotplate           창   2.0%  게이트 0.515  정격   418.6W ->   221.0W 를 낸다
        electiric_kettle   창   0.7%  게이트 0.501  정격  1216.9W ->   612.7W 를 낸다
        oven               창   0.6%  게이트 0.471  정격  1133.1W ->   521.2W 를 낸다
    test_5   창의  48.4% 에서 발생, 예측 전력의   0.4% 를 만든다
        laptop_charger     창  14.1%  게이트 0.467  정격    19.1W ->     9.2W 를 낸다
        minipc             창  44.0%  게이트 0.541  정격     3.0W ->     1.8W 를 낸다
        hotplate           창   0.8%  게이트 0.228  정격   410.2W ->    93.4W 를 낸다
    test_6   창의  44.3% 에서 발생, 예측 전력의   0.7% 를 만든다
        minipc             창  38.0%  게이트 0.518  정격     7.3W ->     3.7W 를 낸다
        hotplate           창   0.4%  게이트 0.398  정격   410.7W ->   166.6W 를 낸다
        laptop_charger     창   5.6%  게이트 0.488  정격    22.7W ->    11.2W 를 낸다
    test_7   창의  23.7% 에서 발생, 예측 전력의   2.1% 를 만든다
        minipc             창  19.3%  게이트 0.707  정격     6.4W ->     4.0W 를 낸다
        beam_projector     창   4.7%  게이트 0.541  정격    24.1W ->    15.6W 를 낸다
        laptop_charger     창   0.4%  게이트 0.550  정격    20.2W ->    11.5W 를 낸다
    test_8   창의  18.1% 에서 발생, 예측 전력의   1.0% 를 만든다
        minipc             창  12.6%  게이트 0.626  정격     5.6W ->     3.4W 를 낸다
        beam_projector     창   3.9%  게이트 0.418  정격    17.9W ->     7.2W 를 낸다
        laptop_charger     창   1.7%  게이트 0.421  정격    29.0W ->    12.5W 를 낸다
    test_9   창의   5.2% 에서 발생, 예측 전력의   1.9% 를 만든다
        electiric_kettle   창   1.3%  게이트 0.577  정격  1198.9W ->   691.5W 를 낸다
        oven               창   1.6%  게이트 0.398  정격  1128.4W ->   453.4W 를 낸다
        hotplate           창   3.2%  게이트 0.468  정격   393.3W ->   181.5W 를 낸다

  [test_4 오븐 히터 통전 구간] — 12.9.5 가 지목한 남은 실패
    구간                     n              오븐              핫플              포트       예측합       관측P
    오븐ON+핫플통전            172  1.000  1111.5W  1.000   429.9W  0.001     0.8W   1616.1W   1608.0W
    오븐ON+핫플휴지            267  1.000  1128.0W  0.005     2.0W  0.000     0.1W   1199.3W   1200.2W
    오븐OFF+핫플통전           400  0.000     0.0W  1.000   470.0W  0.000     0.0W    521.5W    536.7W

========================================================================================
[adapt_zc3_s1+pp+rm0.02] stage 2 | test.2, test3, test_11, test_12, test_13, test_4, test_5, test_6, test_7, test_8, test_9
========================================================================================

                                오귀속W                    최악FA                     잔차W               on/off F1
                    소프트           하드        소프트           하드        소프트           하드        소프트           하드
  test.2          6.285        0.527      0.011        0.008      2.923        5.786      0.974        0.974
  test3           7.319        1.867      0.007        0.003      4.555        7.992      0.992        0.992
  test_11         3.671        1.212      0.025        0.030     12.953       14.056      0.766        0.760
  test_12         3.913        0.000      0.005        0.000     14.976       22.069      0.836        0.836
  test_13         3.153        0.000      0.004        0.000      1.643        3.592      0.961        0.961
  test_4         16.320        4.836      0.121        0.115      9.112       17.426      0.685        0.685
  test_5         10.034        1.227      0.011        0.001      7.324       13.560      0.833        0.833
  test_6          4.894        0.413      0.006        0.001      5.170        8.544      0.870        0.870
  test_7          2.775        0.000      0.004        0.000      1.989        3.642      0.890        0.890
  test_8          4.169        0.000      0.005        0.000      1.638        4.679      0.930        0.930
  test_9          7.518        5.666      0.010        0.006     10.541       15.502      0.861        0.859
  평균              6.368        1.432      0.019        0.015      6.620       10.622      0.873        0.872

  [망설임] 게이트가 (0.05, 0.95) 안에 있는 창
    test.2   창의  15.5% 에서 발생, 예측 전력의   5.7% 를 만든다
        oven               창   1.5%  게이트 0.925  정격  1105.8W ->  1024.1W 를 낸다
        electiric_kettle   창   4.1%  게이트 0.075  정격  1184.7W ->    88.9W 를 낸다
        laptop_charger     창   7.7%  게이트 0.230  정격    29.4W ->     7.0W 를 낸다
    test3    창의  28.3% 에서 발생, 예측 전력의  14.7% 를 만든다
        oven               창   7.5%  게이트 0.807  정격  1123.6W ->   903.7W 를 낸다
        electiric_kettle   창   9.6%  게이트 0.180  정격  1189.6W ->   216.1W 를 낸다
        minipc             창  22.9%  게이트 0.821  정격     4.2W ->     3.4W 를 낸다
    test_11  창의  22.8% 에서 발생, 예측 전력의   4.8% 를 만든다
        electiric_kettle   창   4.1%  게이트 0.568  정격  1214.1W ->   687.9W 를 낸다
        oven               창   3.5%  게이트 0.384  정격  1140.1W ->   442.3W 를 낸다
        hair_dryer         창   0.6%  게이트 0.926  정격   740.2W ->   685.2W 를 낸다
    test_12  창의  16.7% 에서 발생, 예측 전력의   3.8% 를 만든다
        oven               창   4.4%  게이트 0.549  정격  1067.4W ->   588.3W 를 낸다
        electiric_kettle   창   4.2%  게이트 0.505  정격  1144.6W ->   577.1W 를 낸다
        hotplate           창   4.2%  게이트 0.596  정격   386.3W ->   227.8W 를 낸다
    test_13  창의  40.1% 에서 발생, 예측 전력의   3.9% 를 만든다
        minipc             창  34.5%  게이트 0.599  정격    12.9W ->     6.5W 를 낸다
        beam_projector     창   5.5%  게이트 0.567  정격    18.2W ->    12.7W 를 낸다
        laptop_charger     창   2.2%  게이트 0.406  정격    28.9W ->    12.2W 를 낸다
    test_4   창의  48.9% 에서 발생, 예측 전력의   5.8% 를 만든다
        oven               창   2.6%  게이트 0.760  정격  1124.4W ->   853.1W 를 낸다
        electiric_kettle   창   3.0%  게이트 0.257  정격  1194.1W ->   307.5W 를 낸다
        hotplate           창   1.8%  게이트 0.473  정격   424.4W ->   205.7W 를 낸다
    test_5   창의  44.6% 에서 발생, 예측 전력의   0.6% 를 만든다
        hotplate           창   0.7%  게이트 0.553  정격   423.7W ->   235.9W 를 낸다
        laptop_charger     창  11.8%  게이트 0.463  정격    21.4W ->    10.3W 를 낸다
        minipc             창  40.4%  게이트 0.609  정격     3.6W ->     2.5W 를 낸다
    test_6   창의  39.7% 에서 발생, 예측 전력의   1.4% 를 만든다
        oven               창   0.3%  게이트 0.929  정격  1090.0W ->  1012.8W 를 낸다
        minipc             창  33.0%  게이트 0.511  정격     7.1W ->     3.6W 를 낸다
        hotplate           창   0.5%  게이트 0.425  정격   412.6W ->   177.8W 를 낸다
    test_7   창의  27.4% 에서 발생, 예측 전력의   2.1% 를 만든다
        minipc             창  22.9%  게이트 0.664  정격     6.3W ->     3.5W 를 낸다
        beam_projector     창   4.5%  게이트 0.596  정격    21.7W ->    14.8W 를 낸다
        laptop_charger     창   0.4%  게이트 0.595  정격    20.6W ->    12.7W 를 낸다
    test_8   창의  23.2% 에서 발생, 예측 전력의   1.3% 를 만든다
        minipc             창  17.9%  게이트 0.652  정격     6.2W ->     4.0W 를 낸다
        laptop_charger     창   1.8%  게이트 0.467  정격    28.9W ->    14.4W 를 낸다
        beam_projector     창   4.2%  게이트 0.373  정격    15.4W ->     5.4W 를 낸다
    test_9   창의   6.5% 에서 발생, 예측 전력의   2.9% 를 만든다
        electiric_kettle   창   2.2%  게이트 0.685  정격  1236.7W ->   853.1W 를 낸다
        oven               창   2.9%  게이트 0.297  정격  1124.6W ->   339.5W 를 낸다
        hotplate           창   2.9%  게이트 0.521  정격   392.5W ->   203.9W 를 낸다

  [test_4 오븐 히터 통전 구간] — 12.9.5 가 지목한 남은 실패
    구간                     n              오븐              핫플              포트       예측합       관측P
    오븐ON+핫플통전            172  0.998  1103.4W  1.000   433.1W  0.004     4.2W   1634.3W   1608.0W
    오븐ON+핫플휴지            267  1.000  1128.0W  0.003     1.1W  0.000     0.2W   1192.1W   1200.2W
    오븐OFF+핫플통전           400  0.000     0.0W  1.000   474.0W  0.000     0.0W    530.6W    536.7W

========================================================================================
[adapt_zc3_s2+pp+rm0.02] stage 2 | test.2, test3, test_11, test_12, test_13, test_4, test_5, test_6, test_7, test_8, test_9
========================================================================================

                                오귀속W                    최악FA                     잔차W               on/off F1
                    소프트           하드        소프트           하드        소프트           하드        소프트           하드
  test.2          8.189        1.950      0.035        0.030      3.396        6.752      0.972        0.972
  test3           8.981        1.609      0.028        0.024      4.860        8.714      0.943        0.943
  test_11         3.503        0.653      0.017        0.017     12.353       15.312      0.785        0.784
  test_12         4.009        0.000      0.005        0.000     15.674       31.559      0.828        0.830
  test_13         3.052        0.000      0.004        0.000      1.744        3.828      0.960        0.960
  test_4         16.049        2.275      0.109        0.105      8.699       16.493      0.685        0.685
  test_5         12.000        1.264      0.013        0.001      7.119       13.012      0.822        0.822
  test_6          5.124        0.000      0.006        0.000      5.374        9.011      0.864        0.864
  test_7          2.554        0.000      0.003        0.000      2.015        3.943      0.890        0.890
  test_8          3.941        0.000      0.005        0.000      1.810        4.830      0.929        0.929
  test_9          8.279        2.835      0.011        0.003     10.815       16.759      0.834        0.836
  평균              6.880        0.962      0.022        0.016      6.714       11.838      0.865        0.865

  [망설임] 게이트가 (0.05, 0.95) 안에 있는 창
    test.2   창의  21.4% 에서 발생, 예측 전력의   5.2% 를 만든다
        oven               창   1.5%  게이트 0.929  정격  1103.7W ->  1025.3W 를 낸다
        laptop_charger     창  13.3%  게이트 0.300  정격    29.7W ->     8.7W 를 낸다
        electiric_kettle   창   1.0%  게이트 0.067  정격  1181.0W ->    78.5W 를 낸다
    test3    창의  68.6% 에서 발생, 예측 전력의  16.2% 를 만든다
        oven               창   8.2%  게이트 0.643  정격  1146.0W ->   734.9W 를 낸다
        electiric_kettle   창   6.5%  게이트 0.421  정격  1216.9W ->   515.1W 를 낸다
        laptop_charger     창  18.1%  게이트 0.341  정격    25.8W ->     9.3W 를 낸다
    test_11  창의  23.5% 에서 발생, 예측 전력의  13.1% 를 만든다
        oven               창  10.1%  게이트 0.547  정격  1144.6W ->   619.7W 를 낸다
        electiric_kettle   창  10.3%  게이트 0.475  정격  1219.2W ->   585.0W 를 낸다
        hotplate           창   3.3%  게이트 0.686  정격   426.7W ->   294.3W 를 낸다
    test_12  창의  40.1% 에서 발생, 예측 전력의  26.0% 를 만든다
        electiric_kettle   창  33.0%  게이트 0.532  정격  1212.0W ->   644.4W 를 낸다
        oven               창  32.8%  게이트 0.472  정격  1138.2W ->   537.2W 를 낸다
        hotplate           창   7.8%  게이트 0.688  정격   408.0W ->   282.5W 를 낸다
    test_13  창의  43.2% 에서 발생, 예측 전력의   4.3% 를 만든다
        minipc             창  36.1%  게이트 0.618  정격    12.6W ->     6.7W 를 낸다
        beam_projector     창   7.1%  게이트 0.507  정격    18.0W ->    11.6W 를 낸다
        laptop_charger     창   2.6%  게이트 0.478  정격    30.4W ->    15.7W 를 낸다
    test_4   창의  54.7% 에서 발생, 예측 전력의   6.9% 를 만든다
        oven               창   3.6%  게이트 0.743  정격  1118.9W ->   830.4W 를 낸다
        electiric_kettle   창   3.3%  게이트 0.226  정격  1190.9W ->   268.5W 를 낸다
        hotplate           창   1.6%  게이트 0.547  정격   419.4W ->   232.1W 를 낸다
    test_5   창의  48.6% 에서 발생, 예측 전력의   1.2% 를 만든다
        oven               창   0.4%  게이트 0.910  정격  1110.0W ->  1010.4W 를 낸다
        laptop_charger     창  14.3%  게이트 0.503  정격    20.9W ->    10.8W 를 낸다
        hotplate           창   0.7%  게이트 0.525  정격   424.9W ->   224.9W 를 낸다
    test_6   창의  47.5% 에서 발생, 예측 전력의   1.2% 를 만든다
        minipc             창  41.0%  게이트 0.495  정격     8.2W ->     4.1W 를 낸다
        hotplate           창   0.6%  게이트 0.567  정격   413.8W ->   238.4W 를 낸다
        oven               창   0.3%  게이트 0.452  정격  1002.0W ->   485.0W 를 낸다
    test_7   창의  28.1% 에서 발생, 예측 전력의   2.3% 를 만든다
        minipc             창  22.8%  게이트 0.666  정격     6.6W ->     3.8W 를 낸다
        beam_projector     창   5.9%  게이트 0.521  정격    21.4W ->    12.8W 를 낸다
        laptop_charger     창   0.4%  게이트 0.669  정격    23.0W ->    15.7W 를 낸다
    test_8   창의  24.0% 에서 발생, 예측 전력의   1.6% 를 만든다
        minipc             창  17.8%  게이트 0.676  정격     7.0W ->     4.8W 를 낸다
        laptop_charger     창   1.8%  게이트 0.574  정격    30.2W ->    18.3W 를 낸다
        beam_projector     창   4.8%  게이트 0.413  정격    15.3W ->     5.5W 를 낸다
    test_9   창의   9.9% 에서 발생, 예측 전력의   2.9% 를 만든다
        oven               창   2.0%  게이트 0.588  정격  1167.2W ->   683.7W 를 낸다
        hotplate           창   4.1%  게이트 0.635  정격   398.4W ->   257.1W 를 낸다
        electiric_kettle   창   1.6%  게이트 0.452  정격  1238.2W ->   560.9W 를 낸다

  [test_4 오븐 히터 통전 구간] — 12.9.5 가 지목한 남은 실패
    구간                     n              오븐              핫플              포트       예측합       관측P
    오븐ON+핫플통전            172  0.995  1099.5W  1.000   434.1W  0.005     6.4W   1607.1W   1608.0W
    오븐ON+핫플휴지            267  1.000  1127.7W  0.002     0.9W  0.000     0.3W   1187.7W   1200.2W
    오븐OFF+핫플통전           400  0.000     0.0W  1.000   478.0W  0.000     0.0W    530.5W    536.7W

========================================================================================
[adapt_zc10_s0+pp+rm0.02] stage 2 | test.2, test3, test_11, test_12, test_13, test_4, test_5, test_6, test_7, test_8, test_9
========================================================================================

                                오귀속W                    최악FA                     잔차W               on/off F1
                    소프트           하드        소프트           하드        소프트           하드        소프트           하드
  test.2          7.470        2.027      0.033        0.031      3.206        6.923      0.974        0.974
  test3           8.445        0.913      0.018        0.014      4.894       11.253      0.981        0.981
  test_11         3.580        0.802      0.016        0.011     16.822       24.696      0.768        0.764
  test_12         3.456        0.000      0.004        0.000     14.520       20.909      0.826        0.827
  test_13         2.264        0.000      0.003        0.000      1.741        3.628      0.950        0.950
  test_4         12.430        2.733      0.126        0.126      9.488       15.754      0.685        0.685
  test_5          8.916        1.246      0.010        0.001      7.944       12.736      0.827        0.827
  test_6          4.004        0.000      0.005        0.000      5.318        8.550      0.861        0.861
  test_7          1.851        0.000      0.002        0.000      2.280        3.689      0.885        0.885
  test_8          3.002        0.000      0.004        0.000      1.959        4.524      0.923        0.923
  test_9         11.899        5.666      0.008        0.006     10.178       15.160      0.855        0.859
  평균              6.120        1.217      0.021        0.017      7.123       11.620      0.867        0.867

  [망설임] 게이트가 (0.05, 0.95) 안에 있는 창
    test.2   창의  14.8% 에서 발생, 예측 전력의   0.7% 를 만든다
        oven               창   0.1%  게이트 0.739  정격   955.0W ->   705.4W 를 낸다
        laptop_charger     창   7.3%  게이트 0.376  정격    28.8W ->    10.9W 를 낸다
        minipc             창   6.6%  게이트 0.668  정격     6.0W ->     4.1W 를 낸다
    test3    창의  41.4% 에서 발생, 예측 전력의   6.9% 를 만든다
        oven               창   3.5%  게이트 0.648  정격  1157.8W ->   749.0W 를 낸다
        electiric_kettle   창   3.5%  게이트 0.282  정격  1231.4W ->   347.2W 를 낸다
        minipc             창  34.8%  게이트 0.696  정격     4.9W ->     3.3W 를 낸다
    test_11  창의  22.4% 에서 발생, 예측 전력의   5.2% 를 만든다
        electiric_kettle   창   5.3%  게이트 0.594  정격  1153.2W ->   680.0W 를 낸다
        oven               창   1.2%  게이트 0.631  정격  1121.6W ->   700.0W 를 낸다
        hair_dryer         창   1.9%  게이트 0.364  정격   728.6W ->   265.7W 를 낸다
    test_12  창의  26.0% 에서 발생, 예측 전력의  13.2% 를 만든다
        electiric_kettle   창  17.5%  게이트 0.654  정격  1167.0W ->   767.1W 를 낸다
        oven               창  16.9%  게이트 0.369  정격  1088.6W ->   396.5W 를 낸다
        hotplate           창   3.7%  게이트 0.363  정격   392.3W ->   142.5W 를 낸다
    test_13  창의  30.1% 에서 발생, 예측 전력의   3.4% 를 만든다
        minipc             창  23.3%  게이트 0.679  정격    11.8W ->     7.2W 를 낸다
        beam_projector     창   6.3%  게이트 0.532  정격    18.3W ->    12.1W 를 낸다
        laptop_charger     창   2.2%  게이트 0.585  정격    28.3W ->    17.2W 를 낸다
    test_4   창의  49.5% 에서 발생, 예측 전력의   3.4% 를 만든다
        oven               창   1.6%  게이트 0.576  정격  1086.6W ->   644.4W 를 낸다
        hotplate           창   1.9%  게이트 0.568  정격   421.2W ->   243.4W 를 낸다
        electiric_kettle   창   1.2%  게이트 0.312  정격  1198.5W ->   374.3W 를 낸다
    test_5   창의  52.3% 에서 발생, 예측 전력의   0.4% 를 만든다
        laptop_charger     창  11.5%  게이트 0.477  정격    21.5W ->     9.9W 를 낸다
        minipc             창  49.6%  게이트 0.527  정격     3.0W ->     1.7W 를 낸다
        hotplate           창   0.7%  게이트 0.253  정격   410.3W ->   106.6W 를 낸다
    test_6   창의  44.1% 에서 발생, 예측 전력의   0.9% 를 만든다
        minipc             창  37.8%  게이트 0.525  정격     7.8W ->     4.1W 를 낸다
        laptop_charger     창   8.3%  게이트 0.458  정격    26.1W ->    12.3W 를 낸다
        oven               창   0.1%  게이트 0.881  정격  1071.7W ->   943.9W 를 낸다
    test_7   창의  18.9% 에서 발생, 예측 전력의   1.6% 를 만든다
        minipc             창  14.9%  게이트 0.694  정격     7.2W ->     4.3W 를 낸다
        laptop_charger     창   1.9%  게이트 0.744  정격    30.7W ->    24.1W 를 낸다
        beam_projector     창   2.8%  게이트 0.304  정격    15.5W ->     4.6W 를 낸다
    test_8   창의  18.3% 에서 발생, 예측 전력의   1.7% 를 만든다
        laptop_charger     창   2.8%  게이트 0.668  정격    28.9W ->    19.9W 를 낸다
        beam_projector     창   4.1%  게이트 0.631  정격    19.0W ->    13.0W 를 낸다
        minipc             창  11.8%  게이트 0.649  정격     5.8W ->     3.7W 를 낸다
    test_9   창의   4.9% 에서 발생, 예측 전력의   1.9% 를 만든다
        hotplate           창   3.6%  게이트 0.628  정격   403.8W ->   254.5W 를 낸다
        electiric_kettle   창   1.1%  게이트 0.496  정격  1258.7W ->   631.0W 를 낸다
        oven               창   1.1%  게이트 0.516  정격  1179.9W ->   605.2W 를 낸다

  [test_4 오븐 히터 통전 구간] — 12.9.5 가 지목한 남은 실패
    구간                     n              오븐              핫플              포트       예측합       관측P
    오븐ON+핫플통전            172  0.999  1103.9W  1.000   431.5W  0.001     1.4W   1604.0W   1608.0W
    오븐ON+핫플휴지            267  1.000  1136.0W  0.003     1.1W  0.000     0.1W   1195.5W   1200.2W
    오븐OFF+핫플통전           400  0.000     0.0W  1.000   476.0W  0.000     0.0W    526.6W    536.7W

========================================================================================
[adapt_zc10_s1+pp+rm0.02] stage 2 | test.2, test3, test_11, test_12, test_13, test_4, test_5, test_6, test_7, test_8, test_9
========================================================================================

                                오귀속W                    최악FA                     잔차W               on/off F1
                    소프트           하드        소프트           하드        소프트           하드        소프트           하드
  test.2          6.385        0.720      0.016        0.011      2.961        6.050      0.974        0.974
  test3           6.532        0.418      0.012        0.006      3.956        7.170      0.971        0.971
  test_11         3.230        1.167      0.028        0.029     12.819       17.347      0.763        0.761
  test_12         2.908        0.000      0.004        0.000     14.225       19.591      0.833        0.834
  test_13         2.730        0.000      0.004        0.000      1.716        3.937      0.961        0.961
  test_4         13.555        2.148      0.105        0.099      9.234       15.100      0.685        0.685
  test_5          9.185        1.247      0.010        0.001      7.817       13.829      0.831        0.831
  test_6          4.185        0.000      0.005        0.000      5.613        8.911      0.874        0.874
  test_7          2.374        0.000      0.003        0.000      2.039        4.157      0.896        0.896
  test_8          3.757        0.000      0.005        0.000      1.970        5.242      0.931        0.931
  test_9          9.508        7.222      0.008        0.007     11.097       15.904      0.855        0.855
  평균              5.850        1.175      0.018        0.014      6.677       10.658      0.870        0.870

  [망설임] 게이트가 (0.05, 0.95) 안에 있는 창
    test.2   창의  12.9% 에서 발생, 예측 전력의   1.0% 를 만든다
        oven               창   0.2%  게이트 0.796  정격  1033.3W ->   831.4W 를 낸다
        laptop_charger     창   7.6%  게이트 0.248  정격    27.6W ->     7.0W 를 낸다
        electiric_kettle   창   0.4%  게이트 0.091  정격  1194.7W ->   108.1W 를 낸다
    test3    창의  43.7% 에서 발생, 예측 전력의  19.5% 를 만든다
        oven               창   9.8%  게이트 0.826  정격  1123.5W ->   924.7W 를 낸다
        electiric_kettle   창  11.3%  게이트 0.193  정격  1190.8W ->   234.0W 를 낸다
        minipc             창  38.8%  게이트 0.684  정격     4.6W ->     3.2W 를 낸다
    test_11  창의  24.9% 에서 발생, 예측 전력의   7.6% 를 만든다
        oven               창   5.4%  게이트 0.638  정격  1119.3W ->   709.1W 를 낸다
        electiric_kettle   창   7.0%  게이트 0.395  정격  1191.3W ->   476.9W 를 낸다
        hotplate           창   2.1%  게이트 0.720  정격   437.8W ->   318.4W 를 낸다
    test_12  창의  16.1% 에서 발생, 예측 전력의   5.9% 를 만든다
        oven               창   6.8%  게이트 0.568  정격  1068.6W ->   608.3W 를 낸다
        electiric_kettle   창   6.8%  게이트 0.404  정격  1145.9W ->   465.1W 를 낸다
        hotplate           창   6.5%  게이트 0.759  정격   391.9W ->   297.7W 를 낸다
    test_13  창의  39.1% 에서 발생, 예측 전력의   3.8% 를 만든다
        minipc             창  33.5%  게이트 0.608  정격    13.2W ->     6.9W 를 낸다
        beam_projector     창   5.5%  게이트 0.515  정격    16.5W ->    10.6W 를 낸다
        laptop_charger     창   2.1%  게이트 0.412  정격    27.3W ->    12.0W 를 낸다
    test_4   창의  49.2% 에서 발생, 예측 전력의   2.4% 를 만든다
        oven               창   0.9%  게이트 0.775  정격  1117.1W ->   863.1W 를 낸다
        hotplate           창   1.7%  게이트 0.436  정격   422.2W ->   184.5W 를 낸다
        electiric_kettle   창   0.7%  게이트 0.234  정격  1208.0W ->   282.4W 를 낸다
    test_5   창의  50.4% 에서 발생, 예측 전력의   0.6% 를 만든다
        laptop_charger     창  16.0%  게이트 0.457  정격    21.2W ->    10.1W 를 낸다
        hotplate           창   0.7%  게이트 0.527  정격   413.1W ->   223.3W 를 낸다
        minipc             창  46.5%  게이트 0.549  정격     3.3W ->     2.0W 를 낸다
    test_6   창의  38.8% 에서 발생, 예측 전력의   0.9% 를 만든다
        hotplate           창   1.2%  게이트 0.336  정격   419.1W ->   140.5W 를 낸다
        minipc             창  31.7%  게이트 0.512  정격     8.0W ->     4.1W 를 낸다
        beam_projector     창   8.3%  게이트 0.327  정격    18.5W ->     6.3W 를 낸다
    test_7   창의  27.5% 에서 발생, 예측 전력의   2.1% 를 만든다
        minipc             창  22.2%  게이트 0.653  정격     6.8W ->     4.0W 를 낸다
        beam_projector     창   5.4%  게이트 0.479  정격    20.8W ->    11.0W 를 낸다
        laptop_charger     창   0.4%  게이트 0.697  정격    22.9W ->    16.0W 를 낸다
    test_8   창의  20.1% 에서 발생, 예측 전력의   1.0% 를 만든다
        minipc             창  15.1%  게이트 0.627  정격     6.1W ->     3.7W 를 낸다
        laptop_charger     창   1.3%  게이트 0.488  정격    28.6W ->    15.1W 를 낸다
        beam_projector     창   3.9%  게이트 0.310  정격    13.9W ->     4.0W 를 낸다
    test_9   창의   7.2% 에서 발생, 예측 전력의   3.9% 를 만든다
        oven               창   3.1%  게이트 0.543  정격  1190.0W ->   648.8W 를 낸다
        electiric_kettle   창   3.2%  게이트 0.434  정격  1279.6W ->   554.9W 를 낸다
        hotplate           창   3.2%  게이트 0.693  정격   400.8W ->   278.1W 를 낸다

  [test_4 오븐 히터 통전 구간] — 12.9.5 가 지목한 남은 실패
    구간                     n              오븐              핫플              포트       예측합       관측P
    오븐ON+핫플통전            172  0.999  1117.4W  1.000   439.1W  0.002     1.8W   1626.9W   1608.0W
    오븐ON+핫플휴지            267  1.000  1128.0W  0.003     1.5W  0.000     0.1W   1194.0W   1200.2W
    오븐OFF+핫플통전           400  0.000     0.0W  1.000   476.0W  0.000     0.0W    533.3W    536.7W

========================================================================================
[adapt_zc10_s2+pp+rm0.02] stage 2 | test.2, test3, test_11, test_12, test_13, test_4, test_5, test_6, test_7, test_8, test_9
========================================================================================

                                오귀속W                    최악FA                     잔차W               on/off F1
                    소프트           하드        소프트           하드        소프트           하드        소프트           하드
  test.2          7.300        1.204      0.024        0.018      3.755        7.633      0.973        0.973
  test3           7.056        0.364      0.013        0.006      4.155        7.419      0.960        0.960
  test_11         3.423        1.637      0.026        0.030     12.927       18.859      0.773        0.760
  test_12         3.051        0.000      0.004        0.000     15.876       24.976      0.828        0.828
  test_13         2.667        0.000      0.003        0.000      1.807        4.108      0.956        0.956
  test_4         14.574        2.793      0.112        0.106      8.129       14.470      0.685        0.685
  test_5          9.950        1.251      0.011        0.001      7.419       12.258      0.825        0.825
  test_6          4.306        0.000      0.005        0.000      5.232        8.173      0.873        0.873
  test_7          2.140        0.000      0.003        0.000      2.126        4.071      0.900        0.900
  test_8          3.278        0.000      0.004        0.000      2.216        5.029      0.933        0.933
  test_9          7.934        5.666      0.010        0.006     11.303       13.434      0.860        0.858
  평균              5.971        1.174      0.020        0.015      6.813       10.948      0.870        0.868

  [망설임] 게이트가 (0.05, 0.95) 안에 있는 창
    test.2   창의  15.7% 에서 발생, 예측 전력의   0.5% 를 만든다
        laptop_charger     창  10.9%  게이트 0.298  정격    30.0W ->     8.6W 를 낸다
        oven               창   0.1%  게이트 0.385  정격   964.0W ->   371.1W 를 낸다
        minipc             창   3.3%  게이트 0.687  정격     8.5W ->     6.3W 를 낸다
    test3    창의  50.4% 에서 발생, 예측 전력의   8.1% 를 만든다
        oven               창   3.5%  게이트 0.674  정격  1144.0W ->   768.1W 를 낸다
        electiric_kettle   창   3.7%  게이트 0.443  정격  1218.8W ->   545.1W 를 낸다
        minipc             창  41.9%  게이트 0.577  정격     4.5W ->     2.5W 를 낸다
    test_11  창의  27.0% 에서 발생, 예측 전력의   9.2% 를 만든다
        oven               창   7.0%  게이트 0.637  정격  1141.3W ->   723.0W 를 낸다
        electiric_kettle   창   8.2%  게이트 0.394  정격  1218.9W ->   486.7W 를 낸다
        hotplate           창   1.6%  게이트 0.453  정격   436.2W ->   199.1W 를 낸다
    test_12  창의  21.1% 에서 발생, 예측 전력의  12.2% 를 만든다
        electiric_kettle   창  15.6%  게이트 0.693  정격  1175.1W ->   818.8W 를 낸다
        oven               창  14.3%  게이트 0.337  정격  1095.6W ->   367.9W 를 낸다
        hotplate           창   5.7%  게이트 0.565  정격   408.1W ->   231.4W 를 낸다
    test_13  창의  51.2% 에서 발생, 예측 전력의   4.9% 를 만든다
        minipc             창  44.4%  게이트 0.589  정격    12.8W ->     6.3W 를 낸다
        beam_projector     창   7.1%  게이트 0.586  정격    19.8W ->    14.2W 를 낸다
        laptop_charger     창   2.8%  게이트 0.298  정격    29.8W ->     9.2W 를 낸다
    test_4   창의  51.3% 에서 발생, 예측 전력의   3.3% 를 만든다
        oven               창   1.4%  게이트 0.547  정격  1053.6W ->   603.4W 를 낸다
        electiric_kettle   창   1.1%  게이트 0.495  정격  1167.4W ->   577.0W 를 낸다
        hotplate           창   1.4%  게이트 0.580  정격   424.1W ->   249.1W 를 낸다
    test_5   창의  48.7% 에서 발생, 예측 전력의   0.5% 를 만든다
        hotplate           창   0.5%  게이트 0.496  정격   422.4W ->   210.8W 를 낸다
        laptop_charger     창   9.8%  게이트 0.468  정격    21.2W ->    10.2W 를 낸다
        minipc             창  45.5%  게이트 0.483  정격     4.0W ->     2.1W 를 낸다
    test_6   창의  43.6% 에서 발생, 예측 전력의   0.8% 를 만든다
        minipc             창  37.5%  게이트 0.532  정격     7.9W ->     4.1W 를 낸다
        hotplate           창   0.5%  게이트 0.459  정격   418.0W ->   198.9W 를 낸다
        beam_projector     창   7.6%  게이트 0.411  정격    18.3W ->     9.3W 를 낸다
    test_7   창의  30.3% 에서 발생, 예측 전력의   2.1% 를 만든다
        minipc             창  25.2%  게이트 0.645  정격     6.3W ->     3.6W 를 낸다
        beam_projector     창   5.1%  게이트 0.481  정격    21.7W ->    11.0W 를 낸다
        laptop_charger     창   0.5%  게이트 0.646  정격    22.2W ->    14.7W 를 낸다
    test_8   창의  31.2% 에서 발생, 예측 전력의   1.9% 를 만든다
        minipc             창  25.7%  게이트 0.684  정격     7.5W ->     5.2W 를 낸다
        laptop_charger     창   1.8%  게이트 0.386  정격    30.6W ->    12.3W 를 낸다
        beam_projector     창   4.0%  게이트 0.328  정격    14.2W ->     4.0W 를 낸다
    test_9   창의   9.0% 에서 발생, 예측 전력의   2.7% 를 만든다
        electiric_kettle   창   2.0%  게이트 0.618  정격  1258.9W ->   786.4W 를 낸다
        hotplate           창   2.9%  게이트 0.683  정격   402.9W ->   276.9W 를 낸다
        oven               창   1.6%  게이트 0.396  정격  1151.1W ->   460.0W 를 낸다

  [test_4 오븐 히터 통전 구간] — 12.9.5 가 지목한 남은 실패
    구간                     n              오븐              핫플              포트       예측합       관측P
    오븐ON+핫플통전            172  1.000  1112.0W  1.000   431.9W  0.001     0.7W   1621.5W   1608.0W
    오븐ON+핫플휴지            267  1.000  1135.8W  0.001     0.4W  0.000     0.1W   1195.5W   1200.2W
    오븐OFF+핫플통전           400  0.000     0.0W  1.000   479.9W  0.000     0.0W    530.0W    536.7W

========================================================================================
[adapt_zc30_s0+pp+rm0.02] stage 2 | test.2, test3, test_11, test_12, test_13, test_4, test_5, test_6, test_7, test_8, test_9
========================================================================================

                                오귀속W                    최악FA                     잔차W               on/off F1
                    소프트           하드        소프트           하드        소프트           하드        소프트           하드
  test.2          7.259        1.807      0.031        0.027      3.978        7.804      0.974        0.974
  test3           6.623        1.096      0.019        0.017      4.465        7.847      0.979        0.979
  test_11         4.138        1.228      0.027        0.031     14.514       19.404      0.776        0.764
  test_12         3.422        0.000      0.004        0.000     14.099       23.675      0.813        0.815
  test_13         2.319        0.000      0.003        0.000      2.044        4.235      0.955        0.955
  test_4         13.211        2.656      0.122        0.122      8.865       16.867      0.685        0.685
  test_5          9.209        1.227      0.010        0.001      7.861       13.884      0.833        0.833
  test_6          4.114        0.000      0.005        0.000      5.436        8.812      0.865        0.865
  test_7          1.938        0.000      0.002        0.000      2.399        4.175      0.888        0.888
  test_8          3.069        0.000      0.004        0.000      2.443        5.183      0.927        0.927
  test_9          6.158        2.835      0.008        0.003     10.181       14.303      0.834        0.836
  평균              5.587        0.986      0.021        0.018      6.935       11.472      0.866        0.866

  [망설임] 게이트가 (0.05, 0.95) 안에 있는 창
    test.2   창의  18.7% 에서 발생, 예측 전력의   7.1% 를 만든다
        oven               창   2.1%  게이트 0.890  정격  1090.0W ->   978.3W 를 낸다
        electiric_kettle   창   2.6%  게이트 0.063  정격  1166.5W ->    73.1W 를 낸다
        laptop_charger     창  10.7%  게이트 0.327  정격    29.8W ->     9.2W 를 낸다
    test3    창의  62.2% 에서 발생, 예측 전력의  31.0% 를 만든다
        oven               창  15.7%  게이트 0.762  정격  1131.4W ->   859.9W 를 낸다
        electiric_kettle   창  16.1%  게이트 0.242  정격  1201.8W ->   295.0W 를 낸다
        minipc             창  49.5%  게이트 0.755  정격     5.0W ->     3.7W 를 낸다
    test_11  창의  22.4% 에서 발생, 예측 전력의   5.4% 를 만든다
        electiric_kettle   창   4.9%  게이트 0.582  정격  1148.2W ->   663.9W 를 낸다
        hair_dryer         창   2.5%  게이트 0.634  정격   611.7W ->   403.9W 를 낸다
        oven               창   2.1%  게이트 0.307  정격  1052.4W ->   328.0W 를 낸다
    test_12  창의  28.4% 에서 발생, 예측 전력의  17.2% 를 만든다
        oven               창  20.9%  게이트 0.656  정격  1123.6W ->   737.2W 를 낸다
        electiric_kettle   창  20.1%  게이트 0.385  정격  1199.0W ->   461.7W 를 낸다
        hotplate           창   6.3%  게이트 0.663  정격   395.5W ->   262.0W 를 낸다
    test_13  창의  31.8% 에서 발생, 예측 전력의   3.8% 를 만든다
        minipc             창  26.7%  게이트 0.650  정격    12.2W ->     7.0W 를 낸다
        beam_projector     창   6.8%  게이트 0.612  정격    22.2W ->    15.4W 를 낸다
        laptop_charger     창   1.8%  게이트 0.377  정격    28.5W ->    11.4W 를 낸다
    test_4   창의  51.9% 에서 발생, 예측 전력의   3.4% 를 만든다
        oven               창   1.4%  게이트 0.744  정격  1116.1W ->   838.7W 를 낸다
        hotplate           창   1.9%  게이트 0.499  정격   422.8W ->   217.5W 를 낸다
        electiric_kettle   창   0.9%  게이트 0.224  정격  1207.3W ->   272.4W 를 낸다
    test_5   창의  47.5% 에서 발생, 예측 전력의   0.5% 를 만든다
        laptop_charger     창  12.0%  게이트 0.460  정격    21.7W ->    10.1W 를 낸다
        minipc             창  44.1%  게이트 0.536  정격     3.1W ->     1.9W 를 낸다
        hotplate           창   0.6%  게이트 0.284  정격   412.7W ->   117.3W 를 낸다
    test_6   창의  42.5% 에서 발생, 예측 전력의   1.1% 를 만든다
        minipc             창  36.7%  게이트 0.529  정격     7.5W ->     3.9W 를 낸다
        hotplate           창   0.5%  게이트 0.580  정격   416.2W ->   244.6W 를 낸다
        laptop_charger     창   7.9%  게이트 0.503  정격    26.2W ->    13.5W 를 낸다
    test_7   창의  21.7% 에서 발생, 예측 전력의   2.1% 를 만든다
        beam_projector     창   4.2%  게이트 0.645  정격    25.9W ->    19.2W 를 낸다
        minipc             창  17.6%  게이트 0.665  정격     6.7W ->     3.9W 를 낸다
        laptop_charger     창   0.4%  게이트 0.626  정격    21.9W ->    14.1W 를 낸다
    test_8   창의  18.6% 에서 발생, 예측 전력의   1.0% 를 만든다
        minipc             창  13.2%  게이트 0.632  정격     5.4W ->     3.3W 를 낸다
        beam_projector     창   4.2%  게이트 0.344  정격    17.7W ->     5.8W 를 낸다
        laptop_charger     창   1.3%  게이트 0.586  정격    30.0W ->    18.4W 를 낸다
    test_9   창의   5.0% 에서 발생, 예측 전력의   1.6% 를 만든다
        oven               창   1.4%  게이트 0.545  정격  1159.1W ->   630.6W 를 낸다
        hotplate           창   3.2%  게이트 0.521  정격   388.4W ->   202.2W 를 낸다
        electiric_kettle   창   0.9%  게이트 0.248  정격  1224.0W ->   304.3W 를 낸다

  [test_4 오븐 히터 통전 구간] — 12.9.5 가 지목한 남은 실패
    구간                     n              오븐              핫플              포트       예측합       관측P
    오븐ON+핫플통전            172  0.999  1103.3W  1.000   431.9W  0.001     1.4W   1607.9W   1608.0W
    오븐ON+핫플휴지            267  1.000  1120.0W  0.003     1.4W  0.000     0.1W   1183.2W   1200.2W
    오븐OFF+핫플통전           400  0.000     0.0W  1.000   472.0W  0.000     0.0W    523.5W    536.7W

========================================================================================
[adapt_zc30_s1+pp+rm0.02] stage 2 | test.2, test3, test_11, test_12, test_13, test_4, test_5, test_6, test_7, test_8, test_9
========================================================================================

                                오귀속W                    최악FA                     잔차W               on/off F1
                    소프트           하드        소프트           하드        소프트           하드        소프트           하드
  test.2          8.423        2.221      0.038        0.034      3.200        6.723      0.974        0.974
  test3           8.726        0.622      0.015        0.009      4.471        9.386      0.962        0.962
  test_11         3.149        0.807      0.023        0.018     12.300       18.681      0.766        0.764
  test_12         3.155        0.000      0.004        0.000     15.234       39.053      0.815        0.816
  test_13         3.014        0.000      0.004        0.000      1.639        3.892      0.961        0.961
  test_4         14.531        2.210      0.108        0.102      8.607       14.710      0.685        0.685
  test_5         10.243        1.227      0.011        0.001      7.543       12.347      0.829        0.829
  test_6          4.679        0.000      0.006        0.000      5.877        9.585      0.868        0.868
  test_7          2.522        0.000      0.003        0.000      2.001        3.817      0.891        0.891
  test_8          3.818        0.000      0.005        0.000      1.652        4.524      0.925        0.925
  test_9          5.844        1.416      0.007        0.001     10.566       16.702      0.834        0.837
  평균              6.191        0.773      0.020        0.015      6.644       12.675      0.865        0.865

  [망설임] 게이트가 (0.05, 0.95) 안에 있는 창
    test.2   창의  24.7% 에서 발생, 예측 전력의   2.3% 를 만든다
        oven               창   0.5%  게이트 0.944  정격  1088.0W ->  1027.5W 를 낸다
        laptop_charger     창  17.6%  게이트 0.326  정격    28.6W ->     9.0W 를 낸다
        minipc             창   9.0%  게이트 0.710  정격     8.9W ->     6.7W 를 낸다
    test3    창의  58.0% 에서 발생, 예측 전력의  14.8% 를 만든다
        oven               창   6.9%  게이트 0.731  정격  1132.4W ->   826.4W 를 낸다
        electiric_kettle   창   7.9%  게이트 0.301  정격  1204.0W ->   366.4W 를 낸다
        minipc             창  45.8%  게이트 0.638  정격     4.8W ->     3.0W 를 낸다
    test_11  창의  29.4% 에서 발생, 예측 전력의  14.8% 를 만든다
        electiric_kettle   창  12.6%  게이트 0.495  정격  1281.7W ->   633.5W 를 낸다
        oven               창  12.5%  게이트 0.454  정격  1204.9W ->   549.7W 를 낸다
        hotplate           창   3.3%  게이트 0.388  정격   432.2W ->   168.1W 를 낸다
    test_12  창의  39.8% 에서 발생, 예측 전력의  26.1% 를 만든다
        electiric_kettle   창  33.9%  게이트 0.501  정격  1227.4W ->   618.2W 를 낸다
        oven               창  32.3%  게이트 0.506  정격  1153.1W ->   581.6W 를 낸다
        hotplate           창   6.3%  게이트 0.608  정격   402.6W ->   243.7W 를 낸다
    test_13  창의  46.3% 에서 발생, 예측 전력의   4.6% 를 만든다
        minipc             창  40.1%  게이트 0.597  정격    13.7W ->     7.0W 를 낸다
        beam_projector     창   5.9%  게이트 0.520  정격    19.4W ->    12.6W 를 낸다
        laptop_charger     창   3.0%  게이트 0.313  정격    27.8W ->     9.3W 를 낸다
    test_4   창의  51.6% 에서 발생, 예측 전력의   1.8% 를 만든다
        oven               창   0.5%  게이트 0.854  정격  1117.3W ->   958.3W 를 낸다
        hotplate           창   1.9%  게이트 0.493  정격   417.8W ->   208.8W 를 낸다
        minipc             창  45.9%  게이트 0.443  정격     7.8W ->     3.3W 를 낸다
    test_5   창의  49.8% 에서 발생, 예측 전력의   0.5% 를 만든다
        minipc             창  45.6%  게이트 0.515  정격     4.7W ->     2.6W 를 낸다
        hotplate           창   0.6%  게이트 0.459  정격   423.7W ->   194.5W 를 낸다
        laptop_charger     창  11.6%  게이트 0.497  정격    17.8W ->     9.1W 를 낸다
    test_6   창의  43.6% 에서 발생, 예측 전력의   0.8% 를 만든다
        minipc             창  37.8%  게이트 0.548  정격     8.2W ->     4.4W 를 낸다
        hotplate           창   0.5%  게이트 0.411  정격   415.1W ->   174.2W 를 낸다
        laptop_charger     창   5.2%  게이트 0.480  정격    23.7W ->    12.0W 를 낸다
    test_7   창의  29.4% 에서 발생, 예측 전력의   2.8% 를 만든다
        minipc             창  26.5%  게이트 0.702  정격     6.8W ->     4.7W 를 낸다
        beam_projector     창   4.8%  게이트 0.591  정격    24.0W ->    16.5W 를 낸다
        laptop_charger     창   0.7%  게이트 0.186  정격    20.3W ->     3.7W 를 낸다
    test_8   창의  24.6% 에서 발생, 예측 전력의   2.0% 를 만든다
        minipc             창  21.2%  게이트 0.676  정격     7.8W ->     5.2W 를 낸다
        beam_projector     창   4.2%  게이트 0.585  정격    17.0W ->    11.2W 를 낸다
        laptop_charger     창   1.8%  게이트 0.348  정격    29.3W ->    10.7W 를 낸다
    test_9   창의   7.2% 에서 발생, 예측 전력의   2.8% 를 만든다
        oven               창   2.7%  게이트 0.475  정격  1179.8W ->   554.8W 를 낸다
        electiric_kettle   창   2.2%  게이트 0.456  정격  1250.7W ->   575.8W 를 낸다
        hotplate           창   3.8%  게이트 0.415  정격   400.1W ->   164.0W 를 낸다

  [test_4 오븐 히터 통전 구간] — 12.9.5 가 지목한 남은 실패
    구간                     n              오븐              핫플              포트       예측합       관측P
    오븐ON+핫플통전            172  1.000  1119.0W  1.000   431.9W  0.000     0.5W   1612.3W   1608.0W
    오븐ON+핫플휴지            267  1.000  1136.0W  0.002     1.0W  0.000     0.1W   1198.6W   1200.2W
    오븐OFF+핫플통전           400  0.000     0.0W  1.000   474.0W  0.000     0.0W    525.9W    536.7W

========================================================================================
[adapt_zc30_s2+pp+rm0.02] stage 2 | test.2, test3, test_11, test_12, test_13, test_4, test_5, test_6, test_7, test_8, test_9
========================================================================================

                                오귀속W                    최악FA                     잔차W               on/off F1
                    소프트           하드        소프트           하드        소프트           하드        소프트           하드
  test.2          6.640        0.872      0.018        0.013      3.308        6.302      0.974        0.974
  test3           7.362        0.138      0.008        0.002      4.060        8.896      0.928        0.928
  test_11         4.212        1.385      0.020        0.020     13.090       17.131      0.779        0.770
  test_12         3.568        0.000      0.004        0.000     12.818       24.483      0.829        0.830
  test_13         2.851        0.000      0.004        0.000      1.718        4.004      0.957        0.957
  test_4         14.404        3.120      0.101        0.100      8.395       14.785      0.685        0.685
  test_5         10.837        1.360      0.012        0.003      7.687       13.297      0.821        0.821
  test_6          4.855        0.000      0.006        0.000      5.696        8.939      0.870        0.870
  test_7          2.532        0.000      0.003        0.000      2.030        4.054      0.895        0.895
  test_8          3.676        0.000      0.005        0.000      1.977        5.091      0.929        0.929
  test_9          7.007        5.666      0.007        0.006     10.787       15.249      0.858        0.858
  평균              6.177        1.140      0.017        0.013      6.506       11.112      0.866        0.865

  [망설임] 게이트가 (0.05, 0.95) 안에 있는 창
    test.2   창의  20.5% 에서 발생, 예측 전력의  14.9% 를 만든다
        oven               창   4.4%  게이트 0.864  정격  1119.5W ->   966.9W 를 낸다
        electiric_kettle   창   4.4%  게이트 0.125  정격  1187.1W ->   147.7W 를 낸다
        laptop_charger     창   9.3%  게이트 0.360  정격    28.0W ->    10.2W 를 낸다
    test3    창의  73.8% 에서 발생, 예측 전력의  32.3% 를 만든다
        oven               창  16.8%  게이트 0.739  정격  1141.4W ->   840.2W 를 낸다
        electiric_kettle   창  17.1%  게이트 0.251  정격  1206.9W ->   306.9W 를 낸다
        minipc             창  63.1%  게이트 0.514  정격     4.5W ->     2.4W 를 낸다
    test_11  창의  39.9% 에서 발생, 예측 전력의  18.5% 를 만든다
        oven               창  14.8%  게이트 0.784  정격  1181.5W ->   928.8W 를 낸다
        electiric_kettle   창  16.9%  게이트 0.223  정격  1251.9W ->   277.9W 를 낸다
        hair_dryer         창   1.0%  게이트 0.753  정격   827.2W ->   615.6W 를 낸다
    test_12  창의  34.7% 에서 발생, 예측 전력의  17.0% 를 만든다
        electiric_kettle   창  22.1%  게이트 0.606  정격  1188.2W ->   726.3W 를 낸다
        oven               창  21.3%  게이트 0.380  정격  1116.9W ->   418.3W 를 낸다
        hotplate           창   6.8%  게이트 0.657  정격   398.1W ->   262.7W 를 낸다
    test_13  창의  43.2% 에서 발생, 예측 전력의   4.5% 를 만든다
        minipc             창  36.8%  게이트 0.628  정격    13.2W ->     7.1W 를 낸다
        beam_projector     창   7.7%  게이트 0.564  정격    19.4W ->    13.1W 를 낸다
        laptop_charger     창   1.9%  게이트 0.306  정격    27.3W ->     9.1W 를 낸다
    test_4   창의  52.1% 에서 발생, 예측 전력의   6.2% 를 만든다
        oven               창   3.0%  게이트 0.699  정격  1107.7W ->   781.6W 를 낸다
        electiric_kettle   창   3.0%  게이트 0.256  정격  1184.4W ->   300.6W 를 낸다
        hotplate           창   1.7%  게이트 0.680  정격   424.0W ->   290.7W 를 낸다
    test_5   창의  44.3% 에서 발생, 예측 전력의   0.4% 를 만든다
        laptop_charger     창   8.5%  게이트 0.565  정격    18.8W ->    11.4W 를 낸다
        hotplate           창   0.4%  게이트 0.488  정격   423.5W ->   209.8W 를 낸다
        minipc             창  38.5%  게이트 0.491  정격     3.3W ->     1.9W 를 낸다
    test_6   창의  42.6% 에서 발생, 예측 전력의   0.9% 를 만든다
        minipc             창  35.3%  게이트 0.496  정격     8.4W ->     3.9W 를 낸다
        hotplate           창   0.5%  게이트 0.462  정격   419.1W ->   197.0W 를 낸다
        oven               창   0.1%  게이트 0.941  정격  1104.0W ->  1038.6W 를 낸다
    test_7   창의  28.5% 에서 발생, 예측 전력의   2.2% 를 만든다
        minipc             창  23.0%  게이트 0.687  정격     6.3W ->     4.0W 를 낸다
        beam_projector     창   6.0%  게이트 0.443  정격    23.6W ->    11.0W 를 낸다
        laptop_charger     창   0.4%  게이트 0.475  정격    21.6W ->    10.6W 를 낸다
    test_8   창의  24.1% 에서 발생, 예측 전력의   1.4% 를 만든다
        minipc             창  19.5%  게이트 0.717  정격     6.6W ->     4.8W 를 낸다
        beam_projector     창   3.8%  게이트 0.367  정격    15.5W ->     4.3W 를 낸다
        laptop_charger     창   1.1%  게이트 0.342  정격    28.4W ->     9.9W 를 낸다
    test_9   창의   6.3% 에서 발생, 예측 전력의   3.2% 를 만든다
        electiric_kettle   창   2.7%  게이트 0.594  정격  1258.7W ->   753.3W 를 낸다
        oven               창   2.5%  게이트 0.420  정격  1184.3W ->   493.0W 를 낸다
        hotplate           창   2.3%  게이트 0.560  정격   387.7W ->   218.0W 를 낸다

  [test_4 오븐 히터 통전 구간] — 12.9.5 가 지목한 남은 실패
    구간                     n              오븐              핫플              포트       예측합       관측P
    오븐ON+핫플통전            172  0.999  1110.6W  0.999   431.4W  0.001     1.2W   1614.7W   1608.0W
    오븐ON+핫플휴지            267  1.000  1135.9W  0.001     0.5W  0.000     0.2W   1199.8W   1200.2W
    오븐OFF+핫플통전           400  0.000     0.0W  1.000   474.0W  0.000     0.0W    530.8W    536.7W

========================================================================================
[adapt_zv_s0+pp+rm0.02] stage 2 | test.2, test3, test_11, test_12, test_13, test_4, test_5, test_6, test_7, test_8, test_9
========================================================================================

                                오귀속W                    최악FA                     잔차W               on/off F1
                    소프트           하드        소프트           하드        소프트           하드        소프트           하드
  test.2          9.106        1.953      0.034        0.030      6.024        7.757      0.974        0.974
  test3          11.329        0.662      0.016        0.010      8.097       10.427      0.989        0.989
  test_11         4.504        1.571      0.028        0.024     13.566       20.111      0.781        0.781
  test_12         4.442        0.028      0.007        0.001     15.893       24.027      0.827        0.829
  test_13         2.693        0.000      0.003        0.000      1.735        3.682      0.946        0.946
  test_4         29.880       10.940      0.125        0.127      9.431       19.301      0.676        0.677
  test_5          9.292        0.000      0.012        0.000      6.997       12.156      0.831        0.831
  test_6          6.756        0.000      0.006        0.000      5.901        9.727      0.861        0.861
  test_7          2.181        0.000      0.003        0.000      1.978        3.544      0.887        0.887
  test_8          3.480        0.000      0.004        0.000      1.775        4.249      0.921        0.921
  test_9          8.000        5.666      0.010        0.006     13.807       12.311      0.862        0.860
  평균              8.333        1.893      0.023        0.018      7.746       11.572      0.869        0.869

  [망설임] 게이트가 (0.05, 0.95) 안에 있는 창
    test.2   창의  24.5% 에서 발생, 예측 전력의  15.1% 를 만든다
        oven               창   4.6%  게이트 0.929  정격  1089.7W ->  1013.0W 를 낸다
        electiric_kettle   창   3.1%  게이트 0.066  정격  1157.8W ->    76.6W 를 낸다
        laptop_charger     창  13.8%  게이트 0.307  정격    29.3W ->     8.5W 를 낸다
    test3    창의  51.8% 에서 발생, 예측 전력의  18.5% 를 만든다
        oven               창   9.8%  게이트 0.862  정격  1108.7W ->   954.8W 를 낸다
        electiric_kettle   창   7.5%  게이트 0.151  정격  1182.3W ->   179.4W 를 낸다
        minipc             창  39.6%  게이트 0.833  정격     4.6W ->     3.9W 를 낸다
    test_11  창의  30.2% 에서 발생, 예측 전력의  11.5% 를 만든다
        electiric_kettle   창   9.5%  게이트 0.616  정격  1180.4W ->   726.0W 를 낸다
        oven               창   8.8%  게이트 0.402  정격  1100.4W ->   444.5W 를 낸다
        hair_dryer         창   0.8%  게이트 0.819  정격   757.1W ->   632.4W 를 낸다
    test_12  창의  27.1% 에서 발생, 예측 전력의  11.4% 를 만든다
        electiric_kettle   창  14.8%  게이트 0.604  정격  1134.1W ->   688.2W 를 낸다
        oven               창  14.0%  게이트 0.389  정격  1058.3W ->   408.9W 를 낸다
        hotplate           창   7.3%  게이트 0.587  정격   382.2W ->   221.7W 를 낸다
    test_13  창의  31.4% 에서 발생, 예측 전력의   3.8% 를 만든다
        minipc             창  22.8%  게이트 0.741  정격    11.3W ->     7.9W 를 낸다
        beam_projector     창   6.8%  게이트 0.560  정격    19.5W ->    13.5W 를 낸다
        laptop_charger     창   4.2%  게이트 0.325  정격    30.2W ->    10.2W 를 낸다
    test_4   창의  56.3% 에서 발생, 예측 전력의   7.5% 를 만든다
        oven               창   3.5%  게이트 0.720  정격  1094.8W ->   787.0W 를 낸다
        electiric_kettle   창   3.1%  게이트 0.264  정격  1159.2W ->   306.7W 를 낸다
        hotplate           창   2.9%  게이트 0.494  정격   438.1W ->   221.6W 를 낸다
    test_5   창의  50.7% 에서 발생, 예측 전력의   0.5% 를 만든다
        oven               창   0.1%  게이트 0.948  정격  1064.0W ->  1008.8W 를 낸다
        hotplate           창   0.4%  게이트 0.497  정격   409.5W ->   204.3W 를 낸다
        laptop_charger     창   9.7%  게이트 0.432  정격    17.4W ->     7.9W 를 낸다
    test_6   창의  44.2% 에서 발생, 예측 전력의  11.1% 를 만든다
        oven               창   4.6%  게이트 0.786  정격  1077.2W ->   846.9W 를 낸다
        electiric_kettle   창   4.2%  게이트 0.178  정격  1146.8W ->   204.5W 를 낸다
        minipc             창  34.7%  게이트 0.542  정격     7.6W ->     4.1W 를 낸다
    test_7   창의  24.8% 에서 발생, 예측 전력의   2.3% 를 만든다
        minipc             창  19.8%  게이트 0.744  정격     6.0W ->     4.2W 를 낸다
        beam_projector     창   5.7%  게이트 0.493  정격    23.9W ->    14.2W 를 낸다
        laptop_charger     창   0.5%  게이트 0.449  정격    22.9W ->    10.6W 를 낸다
    test_8   창의  17.3% 에서 발생, 예측 전력의   1.4% 를 만든다
        beam_projector     창   3.7%  게이트 0.670  정격    18.7W ->    14.4W 를 낸다
        minipc             창  13.1%  게이트 0.707  정격     5.6W ->     3.8W 를 낸다
        laptop_charger     창   2.0%  게이트 0.391  정격    29.8W ->    12.3W 를 낸다
    test_9   창의   7.2% 에서 발생, 예측 전력의   2.0% 를 만든다
        electiric_kettle   창   1.4%  게이트 0.530  정격  1185.0W ->   629.2W 를 낸다
        oven               창   1.3%  게이트 0.534  정격  1117.1W ->   596.1W 를 낸다
        hotplate           창   3.6%  게이트 0.406  정격   391.4W ->   153.7W 를 낸다

  [test_4 오븐 히터 통전 구간] — 12.9.5 가 지목한 남은 실패
    구간                     n              오븐              핫플              포트       예측합       관측P
    오븐ON+핫플통전            172  0.994  1069.3W  1.000   419.7W  0.007     7.7W   1576.4W   1608.0W
    오븐ON+핫플휴지            267  0.999  1093.3W  0.003     1.4W  0.001     1.4W   1157.8W   1200.2W
    오븐OFF+핫플통전           400  0.000     0.0W  1.000   467.7W  0.000     0.0W    518.8W    536.7W

========================================================================================
[adapt_zv_s1+pp+rm0.02] stage 2 | test.2, test3, test_11, test_12, test_13, test_4, test_5, test_6, test_7, test_8, test_9
========================================================================================

                                오귀속W                    최악FA                     잔차W               on/off F1
                    소프트           하드        소프트           하드        소프트           하드        소프트           하드
  test.2          9.258        1.599      0.030        0.024      5.514        6.908      0.973        0.973
  test3          12.761        0.416      0.015        0.006      7.713        7.895      0.965        0.965
  test_11         4.755        1.210      0.030        0.031     11.365       14.633      0.785        0.764
  test_12         5.192        0.000      0.007        0.000     14.172       26.485      0.826        0.830
  test_13         2.412        0.000      0.003        0.000      1.933        4.084      0.958        0.958
  test_4         18.962        2.910      0.110        0.104      9.367       13.515      0.685        0.685
  test_5         11.008        1.045      0.028        0.027      7.202       11.062      0.845        0.845
  test_6          5.272        0.000      0.006        0.000      6.185        7.213      0.871        0.871
  test_7          2.073        0.000      0.003        0.000      2.012        3.910      0.901        0.901
  test_8          3.154        0.000      0.004        0.000      2.287        5.007      0.934        0.934
  test_9         11.205        1.554      0.012        0.002     14.572       18.416      0.832        0.835
  평균              7.823        0.794      0.023        0.018      7.484       10.830      0.870        0.869

  [망설임] 게이트가 (0.05, 0.95) 안에 있는 창
    test.2   창의  21.8% 에서 발생, 예측 전력의   5.4% 를 만든다
        oven               창   1.5%  게이트 0.896  정격  1071.3W ->   963.7W 를 낸다
        electiric_kettle   창   2.5%  게이트 0.072  정격  1139.2W ->    82.2W 를 낸다
        laptop_charger     창  13.8%  게이트 0.290  정격    30.1W ->     8.5W 를 낸다
    test3    창의  54.5% 에서 발생, 예측 전력의  14.9% 를 만든다
        oven               창   7.2%  게이트 0.869  정격  1110.5W ->   963.1W 를 낸다
        electiric_kettle   창   8.5%  게이트 0.161  정격  1170.1W ->   192.4W 를 낸다
        minipc             창  46.5%  게이트 0.653  정격     4.8W ->     3.3W 를 낸다
    test_11  창의  27.0% 에서 발생, 예측 전력의  10.8% 를 만든다
        electiric_kettle   창   9.5%  게이트 0.508  정격  1168.0W ->   597.4W 를 낸다
        oven               창   8.9%  게이트 0.534  정격  1088.0W ->   584.0W 를 낸다
        hotplate           창   2.7%  게이트 0.188  정격   410.3W ->    77.7W 를 낸다
    test_12  창의  23.5% 에서 발생, 예측 전력의  12.7% 를 만든다
        electiric_kettle   창  16.6%  게이트 0.644  정격  1151.5W ->   748.6W 를 낸다
        oven               창  16.2%  게이트 0.373  정격  1078.9W ->   396.5W 를 낸다
        hotplate           창   5.5%  게이트 0.495  정격   386.1W ->   188.8W 를 낸다
    test_13  창의  51.0% 에서 발생, 예측 전력의   5.2% 를 만든다
        minipc             창  44.7%  게이트 0.605  정격    12.4W ->     6.3W 를 낸다
        beam_projector     창   7.2%  게이트 0.626  정격    21.6W ->    15.6W 를 낸다
        laptop_charger     창   3.1%  게이트 0.307  정격    30.2W ->     9.6W 를 낸다
    test_4   창의  52.5% 에서 발생, 예측 전력의   7.6% 를 만든다
        oven               창   3.7%  게이트 0.755  정격  1090.9W ->   832.6W 를 낸다
        electiric_kettle   창   4.0%  게이트 0.210  정격  1165.4W ->   245.8W 를 낸다
        hotplate           창   2.1%  게이트 0.566  정격   417.4W ->   240.5W 를 낸다
    test_5   창의  57.5% 에서 발생, 예측 전력의   0.6% 를 만든다
        laptop_charger     창  10.6%  게이트 0.596  정격    19.7W ->    12.0W 를 낸다
        hotplate           창   0.6%  게이트 0.483  정격   412.0W ->   198.8W 를 낸다
        minipc             창  50.4%  게이트 0.588  정격     2.8W ->     2.0W 를 낸다
    test_6   창의  40.5% 에서 발생, 예측 전력의   0.7% 를 만든다
        minipc             창  34.2%  게이트 0.566  정격     7.6W ->     4.2W 를 낸다
        hotplate           창   0.3%  게이트 0.586  정격   413.0W ->   247.2W 를 낸다
        beam_projector     창   7.9%  게이트 0.342  정격    17.9W ->     6.8W 를 낸다
    test_7   창의  32.7% 에서 발생, 예측 전력의   2.2% 를 만든다
        minipc             창  28.1%  게이트 0.643  정격     6.1W ->     3.6W 를 낸다
        beam_projector     창   5.0%  게이트 0.424  정격    23.8W ->    11.1W 를 낸다
        laptop_charger     창   0.3%  게이트 0.642  정격    22.5W ->    14.8W 를 낸다
    test_8   창의  35.8% 에서 발생, 예측 전력의   2.1% 를 만든다
        minipc             창  31.1%  게이트 0.698  정격     6.8W ->     4.8W 를 낸다
        beam_projector     창   4.1%  게이트 0.313  정격    17.0W ->     4.9W 를 낸다
        laptop_charger     창   1.5%  게이트 0.386  정격    30.3W ->    12.1W 를 낸다
    test_9   창의  14.2% 에서 발생, 예측 전력의   6.0% 를 만든다
        oven               창   4.7%  게이트 0.602  정격  1180.1W ->   712.7W 를 낸다
        electiric_kettle   창   4.9%  게이트 0.431  정격  1260.7W ->   545.1W 를 낸다
        hotplate           창   3.4%  게이트 0.686  정격   389.2W ->   266.8W 를 낸다

  [test_4 오븐 히터 통전 구간] — 12.9.5 가 지목한 남은 실패
    구간                     n              오븐              핫플              포트       예측합       관측P
    오븐ON+핫플통전            172  0.996  1076.2W  1.000   422.4W  0.006     6.4W   1602.3W   1608.0W
    오븐ON+핫플휴지            267  1.000  1095.9W  0.002     0.7W  0.001     0.7W   1161.3W   1200.2W
    오븐OFF+핫플통전           400  0.000     0.0W  1.000   470.0W  0.000     0.0W    522.6W    536.7W

========================================================================================
[adapt_zv_s2+pp+rm0.02] stage 2 | test.2, test3, test_11, test_12, test_13, test_4, test_5, test_6, test_7, test_8, test_9
========================================================================================

                                오귀속W                    최악FA                     잔차W               on/off F1
                    소프트           하드        소프트           하드        소프트           하드        소프트           하드
  test.2          7.130        1.529      0.025        0.023      5.213        6.487      0.974        0.974
  test3           6.303        0.301      0.008        0.005      7.346        7.603      0.966        0.966
  test_11         3.718        1.803      0.035        0.038      9.338       12.117      0.777        0.762
  test_12         4.009        0.000      0.005        0.000     12.520       16.598      0.829        0.833
  test_13         2.108        0.000      0.003        0.000      2.787        4.832      0.956        0.956
  test_4         13.857        2.832      0.100        0.100      9.185       14.429      0.685        0.685
  test_5          8.818        0.000      0.011        0.000      7.544       13.153      0.834        0.834
  test_6          4.480        0.000      0.006        0.000      5.926        7.276      0.866        0.866
  test_7          1.597        0.000      0.002        0.000      2.864        4.489      0.914        0.914
  test_8          2.820        0.000      0.004        0.000      3.201        5.882      0.933        0.933
  test_9          5.976        1.416      0.008        0.001     12.541       15.680      0.834        0.837
  평균              5.529        0.716      0.019        0.015      7.133        9.868      0.870        0.869

  [망설임] 게이트가 (0.05, 0.95) 안에 있는 창
    test.2   창의  15.7% 에서 발생, 예측 전력의   0.5% 를 만든다
        laptop_charger     창   9.1%  게이트 0.405  정격    31.0W ->    12.0W 를 낸다
        minipc             창   4.8%  게이트 0.778  정격     8.2W ->     6.4W 를 낸다
        air_conditioner    창   0.1%  게이트 0.155  정격   550.7W ->    85.4W 를 낸다
    test3    창의  58.0% 에서 발생, 예측 전력의   6.8% 를 만든다
        electiric_kettle   창   3.3%  게이트 0.590  정격  1199.3W ->   715.9W 를 낸다
        oven               창   2.3%  게이트 0.583  정격  1120.8W ->   647.3W 를 낸다
        minipc             창  52.1%  게이트 0.693  정격     4.8W ->     3.2W 를 낸다
    test_11  창의  23.2% 에서 발생, 예측 전력의   6.9% 를 만든다
        electiric_kettle   창   5.3%  게이트 0.485  정격  1193.2W ->   583.1W 를 낸다
        oven               창   4.7%  게이트 0.576  정격  1120.6W ->   641.1W 를 낸다
        hotplate           창   4.5%  게이트 0.431  정격   442.1W ->   190.5W 를 낸다
    test_12  창의  15.9% 에서 발생, 예측 전력의   6.2% 를 만든다
        electiric_kettle   창   7.5%  게이트 0.717  정격  1140.0W ->   819.7W 를 낸다
        oven               창   7.6%  게이트 0.303  정격  1062.5W ->   322.0W 를 낸다
        hotplate           창   4.4%  게이트 0.530  정격   384.7W ->   205.5W 를 낸다
    test_13  창의  52.2% 에서 발생, 예측 전력의   6.5% 를 만든다
        minipc             창  47.0%  게이트 0.651  정격    12.2W ->     6.9W 를 낸다
        beam_projector     창   9.9%  게이트 0.668  정격    25.7W ->    19.0W 를 낸다
        laptop_charger     창   1.8%  게이트 0.309  정격    30.5W ->    10.1W 를 낸다
    test_4   창의  55.6% 에서 발생, 예측 전력의   3.8% 를 만든다
        oven               창   1.2%  게이트 0.538  정격  1119.8W ->   596.1W 를 낸다
        hotplate           창   2.2%  게이트 0.688  정격   423.9W ->   295.4W 를 낸다
        electiric_kettle   창   1.1%  게이트 0.453  정격  1200.6W ->   549.9W 를 낸다
    test_5   창의  53.1% 에서 발생, 예측 전력의   0.8% 를 만든다
        hotplate           창   1.1%  게이트 0.597  정격   413.1W ->   248.8W 를 낸다
        laptop_charger     창  11.7%  게이트 0.402  정격    21.1W ->     8.6W 를 낸다
        minipc             창  48.3%  게이트 0.500  정격     3.0W ->     1.6W 를 낸다
    test_6   창의  45.4% 에서 발생, 예측 전력의   1.3% 를 만든다
        minipc             창  40.7%  게이트 0.526  정격     8.6W ->     4.3W 를 낸다
        hotplate           창   0.6%  게이트 0.600  정격   410.9W ->   252.2W 를 낸다
        laptop_charger     창   6.4%  게이트 0.626  정격    28.3W ->    18.5W 를 낸다
    test_7   창의  34.2% 에서 발생, 예측 전력의   2.5% 를 만든다
        minipc             창  29.5%  게이트 0.675  정격     7.0W ->     4.2W 를 낸다
        beam_projector     창   5.2%  게이트 0.340  정격    27.1W ->    10.0W 를 낸다
        laptop_charger     창   0.4%  게이트 0.496  정격    24.4W ->    12.7W 를 낸다
    test_8   창의  36.7% 에서 발생, 예측 전력의   3.1% 를 만든다
        minipc             창  32.5%  게이트 0.690  정격     8.2W ->     5.5W 를 낸다
        beam_projector     창   4.8%  게이트 0.639  정격    21.9W ->    16.5W 를 낸다
        laptop_charger     창   1.2%  게이트 0.420  정격    32.0W ->    14.2W 를 낸다
    test_9   창의   9.2% 에서 발생, 예측 전력의   3.6% 를 만든다
        electiric_kettle   창   2.2%  게이트 0.672  정격  1212.7W ->   820.0W 를 낸다
        hotplate           창   6.1%  게이트 0.738  정격   386.4W ->   286.7W 를 낸다
        oven               창   2.2%  게이트 0.306  정격  1093.0W ->   343.8W 를 낸다

  [test_4 오븐 히터 통전 구간] — 12.9.5 가 지목한 남은 실패
    구간                     n              오븐              핫플              포트       예측합       관측P
    오븐ON+핫플통전            172  1.000  1094.3W  0.999   423.1W  0.001     0.9W   1588.8W   1608.0W
    오븐ON+핫플휴지            267  1.000  1112.0W  0.003     1.1W  0.000     0.1W   1171.6W   1200.2W
    오븐OFF+핫플통전           400  0.000     0.0W  1.000   466.0W  0.000     0.0W    514.1W    536.7W

========================================================================================
[adapt_vs_s0+pp+rm0.02] stage 2 | test.2, test3, test_11, test_12, test_13, test_4, test_5, test_6, test_7, test_8, test_9
========================================================================================

                                오귀속W                    최악FA                     잔차W               on/off F1
                    소프트           하드        소프트           하드        소프트           하드        소프트           하드
  test.2          4.574        1.020      0.016        0.015      5.352        5.883      0.972        0.972
  test3           5.126        0.313      0.010        0.005      7.827        7.239      0.855        0.855
  test_11        12.602        9.033      0.150        0.150     15.080       26.756      0.773        0.751
  test_12         7.911        1.051      0.031        0.030     14.531       17.238      0.824        0.828
  test_13         1.022        0.000      0.001        0.000      1.525        2.532      0.951        0.951
  test_4         25.548       18.323      0.356        0.355      8.776       11.638      0.677        0.678
  test_5          4.465        0.000      0.005        0.000      7.865        8.040      0.827        0.827
  test_6          3.499        0.016      0.004        0.000      6.066        6.505      0.852        0.852
  test_7          0.573        0.000      0.001        0.000      1.927        2.582      0.894        0.894
  test_8          1.248        0.000      0.002        0.000      1.700        2.813      0.930        0.930
  test_9         10.231        2.835      0.016        0.003     13.974       15.597      0.832        0.835
  평균              6.982        2.963      0.054        0.051      7.693        9.711      0.854        0.852

  [망설임] 게이트가 (0.05, 0.95) 안에 있는 창
    test.2   창의  19.3% 에서 발생, 예측 전력의   4.2% 를 만든다
        oven               창   1.2%  게이트 0.865  정격  1075.3W ->   938.4W 를 낸다
        electiric_kettle   창   1.2%  게이트 0.074  정격  1150.4W ->    85.3W 를 낸다
        laptop_charger     창   7.3%  게이트 0.444  정격    23.2W ->    10.3W 를 낸다
    test3    창의  77.9% 에서 발생, 예측 전력의  15.9% 를 만든다
        oven               창   8.3%  게이트 0.878  정격  1114.6W ->   978.2W 를 낸다
        electiric_kettle   창   7.8%  게이트 0.126  정격  1182.0W ->   149.7W 를 낸다
        minipc             창  68.7%  게이트 0.347  정격     4.4W ->     1.3W 를 낸다
    test_11  창의  51.2% 에서 발생, 예측 전력의   8.7% 를 만든다
        electiric_kettle   창   7.6%  게이트 0.478  정격  1157.5W ->   555.5W 를 낸다
        oven               창   6.2%  게이트 0.533  정격  1086.3W ->   577.4W 를 낸다
        hotplate           창   2.7%  게이트 0.329  정격   403.3W ->   135.3W 를 낸다
    test_12  창의  43.3% 에서 발생, 예측 전력의  10.2% 를 만든다
        electiric_kettle   창  13.6%  게이트 0.575  정격  1126.9W ->   647.8W 를 낸다
        oven               창  12.7%  게이트 0.426  정격  1055.4W ->   449.5W 를 낸다
        hotplate           창   5.0%  게이트 0.492  정격   380.1W ->   187.1W 를 낸다
    test_13  창의  38.6% 에서 발생, 예측 전력의   2.4% 를 만든다
        minipc             창  34.8%  게이트 0.463  정격    13.0W ->     4.8W 를 낸다
        beam_projector     창   3.3%  게이트 0.429  정격    16.3W ->     9.5W 를 낸다
        laptop_charger     창   0.9%  게이트 0.285  정격    20.4W ->     5.9W 를 낸다
    test_4   창의  38.5% 에서 발생, 예측 전력의   5.4% 를 만든다
        oven               창   2.3%  게이트 0.732  정격  1103.3W ->   806.9W 를 낸다
        electiric_kettle   창   2.3%  게이트 0.242  정격  1167.4W ->   281.1W 를 낸다
        hotplate           창   2.6%  게이트 0.526  정격   440.5W ->   230.5W 를 낸다
    test_5   창의  47.2% 에서 발생, 예측 전력의   0.4% 를 만든다
        hotplate           창   0.7%  게이트 0.487  정격   400.6W ->   197.8W 를 낸다
        laptop_charger     창  15.1%  게이트 0.544  정격    11.3W ->     5.4W 를 낸다
        minipc             창  39.4%  게이트 0.614  정격     2.1W ->     1.3W 를 낸다
    test_6   창의  43.8% 에서 발생, 예측 전력의   5.1% 를 만든다
        oven               창   1.8%  게이트 0.892  정격  1077.3W ->   960.8W 를 낸다
        electiric_kettle   창   1.8%  게이트 0.101  정격  1142.2W ->   115.7W 를 낸다
        minipc             창  39.9%  게이트 0.560  정격     8.8W ->     4.6W 를 낸다
    test_7   창의  33.7% 에서 발생, 예측 전력의   1.6% 를 만든다
        minipc             창  28.2%  게이트 0.567  정격     6.0W ->     2.6W 를 낸다
        laptop_charger     창   3.8%  게이트 0.370  정격    30.5W ->    12.5W 를 낸다
        beam_projector     창   2.0%  게이트 0.284  정격    14.6W ->     3.2W 를 낸다
    test_8   창의  23.1% 에서 발생, 예측 전력의   2.0% 를 만든다
        minipc             창  20.2%  게이트 0.594  정격     9.4W ->     5.6W 를 낸다
        beam_projector     창   4.2%  게이트 0.606  정격    20.5W ->    14.6W 를 낸다
        laptop_charger     창   1.2%  게이트 0.391  정격    21.8W ->     9.2W 를 낸다
    test_9   창의  19.8% 에서 발생, 예측 전력의   2.4% 를 만든다
        oven               창   1.8%  게이트 0.625  정격  1129.6W ->   707.2W 를 낸다
        electiric_kettle   창   2.0%  게이트 0.414  정격  1197.1W ->   494.7W 를 낸다
        hotplate           창   2.5%  게이트 0.388  정격   379.7W ->   144.6W 를 낸다

  [test_4 오븐 히터 통전 구간] — 12.9.5 가 지목한 남은 실패
    구간                     n              오븐              핫플              포트       예측합       관측P
    오븐ON+핫플통전            172  0.996  1073.1W  0.999   416.0W  0.006     6.5W   1580.4W   1608.0W
    오븐ON+핫플휴지            267  0.998  1095.4W  0.001     0.5W  0.002     2.3W   1163.5W   1200.2W
    오븐OFF+핫플통전           400  0.000     0.0W  1.000   466.0W  0.000     0.0W    523.9W    536.7W

========================================================================================
[adapt_vs_s1+pp+rm0.02] stage 2 | test.2, test3, test_11, test_12, test_13, test_4, test_5, test_6, test_7, test_8, test_9
========================================================================================

                                오귀속W                    최악FA                     잔차W               on/off F1
                    소프트           하드        소프트           하드        소프트           하드        소프트           하드
  test.2          3.888        0.354      0.008        0.005      4.787        4.401      0.964        0.964
  test3           7.501        0.306      0.007        0.005      8.240        9.112      0.816        0.816
  test_11        13.282        9.530      0.172        0.154     14.580       19.219      0.779        0.760
  test_12         6.687        0.613      0.024        0.007     16.504       21.404      0.831        0.834
  test_13         1.083        0.000      0.001        0.000      1.511        2.279      0.948        0.948
  test_4         16.595       11.004      0.330        0.325      9.091       11.130      0.684        0.684
  test_5          5.345        0.227      0.018        0.006      7.192        7.552      0.824        0.824
  test_6          3.197        0.041      0.005        0.001      6.048        6.236      0.866        0.866
  test_7          0.548        0.000      0.001        0.000      2.144        2.539      0.891        0.891
  test_8          1.286        0.000      0.002        0.000      1.591        2.318      0.932        0.932
  test_9         16.292        4.484      0.012        0.005     13.534       13.146      0.831        0.835
  평균              6.882        2.414      0.053        0.046      7.747        9.031      0.852        0.850

  [망설임] 게이트가 (0.05, 0.95) 안에 있는 창
    test.2   창의  20.2% 에서 발생, 예측 전력의   0.6% 를 만든다
        oven               창   0.1%  게이트 0.850  정격   938.1W ->   797.3W 를 낸다
        laptop_charger     창   5.3%  게이트 0.254  정격    27.7W ->     7.6W 를 낸다
        minipc             창  10.9%  게이트 0.571  정격     6.2W ->     3.4W 를 낸다
    test3    창의  48.4% 에서 발생, 예측 전력의   8.2% 를 만든다
        oven               창   4.1%  게이트 0.805  정격  1125.4W ->   903.5W 를 낸다
        electiric_kettle   창   5.2%  게이트 0.185  정격  1187.9W ->   222.3W 를 낸다
        minipc             창  41.3%  게이트 0.351  정격     2.8W ->     1.0W 를 낸다
    test_11  창의  57.2% 에서 발생, 예측 전력의  11.5% 를 만든다
        electiric_kettle   창   9.9%  게이트 0.469  정격  1159.8W ->   548.3W 를 낸다
        oven               창   9.1%  게이트 0.533  정격  1085.3W ->   578.0W 를 낸다
        beam_projector     창  42.0%  게이트 0.375  정격    29.4W ->    12.1W 를 낸다
    test_12  창의  49.4% 에서 발생, 예측 전력의  11.6% 를 만든다
        electiric_kettle   창  15.6%  게이트 0.620  정격  1151.8W ->   720.8W 를 낸다
        oven               창  15.1%  게이트 0.384  정격  1078.5W ->   408.4W 를 낸다
        hotplate           창   4.1%  게이트 0.334  정격   389.4W ->   129.0W 를 낸다
    test_13  창의  39.4% 에서 발생, 예측 전력의   2.3% 를 만든다
        minipc             창  33.7%  게이트 0.480  정격    11.4W ->     4.6W 를 낸다
        beam_projector     창   4.9%  게이트 0.428  정격    14.5W ->     7.5W 를 낸다
        laptop_charger     창   1.5%  게이트 0.333  정격    19.9W ->     6.8W 를 낸다
    test_4   창의  36.4% 에서 발생, 예측 전력의   3.9% 를 만든다
        oven               창   1.6%  게이트 0.777  정격  1098.8W ->   851.7W 를 낸다
        electiric_kettle   창   1.7%  게이트 0.222  정격  1161.5W ->   260.2W 를 낸다
        hotplate           창   1.9%  게이트 0.559  정격   415.8W ->   236.5W 를 낸다
    test_5   창의  46.4% 에서 발생, 예측 전력의   0.5% 를 만든다
        hotplate           창   0.8%  게이트 0.486  정격   404.8W ->   196.9W 를 낸다
        laptop_charger     창  15.6%  게이트 0.556  정격    12.8W ->     6.9W 를 낸다
        fan                창  12.8%  게이트 0.183  정격    24.4W ->     4.5W 를 낸다
    test_6   창의  43.7% 에서 발생, 예측 전력의   0.8% 를 만든다
        minipc             창  33.2%  게이트 0.562  정격     7.5W ->     3.9W 를 낸다
        beam_projector     창  14.8%  게이트 0.289  정격    23.4W ->     7.0W 를 낸다
        hotplate           창   0.4%  게이트 0.392  정격   405.3W ->   161.4W 를 낸다
    test_7   창의  29.1% 에서 발생, 예측 전력의   1.8% 를 만든다
        beam_projector     창   4.3%  게이트 0.530  정격    22.6W ->    15.2W 를 낸다
        minipc             창  23.6%  게이트 0.632  정격     5.5W ->     2.6W 를 낸다
        laptop_charger     창   1.7%  게이트 0.345  정격    13.6W ->     6.5W 를 낸다
    test_8   창의  19.4% 에서 발생, 예측 전력의   0.8% 를 만든다
        minipc             창  14.1%  게이트 0.583  정격     6.7W ->     3.6W 를 낸다
        beam_projector     창   4.4%  게이트 0.320  정격    15.4W ->     4.4W 를 낸다
        laptop_charger     창   1.3%  게이트 0.304  정격    19.6W ->     6.1W 를 낸다
    test_9   창의  22.5% 에서 발생, 예측 전력의   2.7% 를 만든다
        electiric_kettle   창   2.0%  게이트 0.726  정격  1230.5W ->   895.9W 를 낸다
        oven               창   1.8%  게이트 0.343  정격  1089.0W ->   389.6W 를 낸다
        hotplate           창   4.0%  게이트 0.287  정격   391.3W ->   110.1W 를 낸다

  [test_4 오븐 히터 통전 구간] — 12.9.5 가 지목한 남은 실패
    구간                     n              오븐              핫플              포트       예측합       관측P
    오븐ON+핫플통전            172  0.998  1076.5W  1.000   418.0W  0.003     3.4W   1586.3W   1608.0W
    오븐ON+핫플휴지            267  1.000  1102.4W  0.002     0.7W  0.000     0.4W   1166.0W   1200.2W
    오븐OFF+핫플통전           400  0.000     0.0W  1.000   469.6W  0.000     0.0W    525.4W    536.7W

========================================================================================
[adapt_vs_s2+pp+rm0.02] stage 2 | test.2, test3, test_11, test_12, test_13, test_4, test_5, test_6, test_7, test_8, test_9
========================================================================================

                                오귀속W                    최악FA                     잔차W               on/off F1
                    소프트           하드        소프트           하드        소프트           하드        소프트           하드
  test.2          3.741        0.069      0.004        0.001      4.463        4.583      0.967        0.967
  test3           5.270        0.134      0.004        0.002      8.245        8.574      0.820        0.820
  test_11        13.377        9.926      0.183        0.154     14.055       16.728      0.750        0.758
  test_12         8.423        0.945      0.052        0.016     17.033       22.219      0.828        0.832
  test_13         1.288        0.000      0.002        0.000      1.683        3.044      0.950        0.950
  test_4         15.882        7.757      0.325        0.326      9.297       10.558      0.684        0.684
  test_5          5.132        0.085      0.012        0.002      7.586        8.375      0.813        0.813
  test_6          3.270        0.014      0.004        0.000      6.418        6.651      0.840        0.840
  test_7          0.659        0.000      0.001        0.000      2.386        3.166      0.893        0.893
  test_8          1.535        0.000      0.002        0.000      1.840        3.094      0.933        0.933
  test_9          7.524        0.000      0.009        0.000     12.691       13.866      0.834        0.837
  평균              6.009        1.721      0.054        0.046      7.791        9.169      0.847        0.848

  [망설임] 게이트가 (0.05, 0.95) 안에 있는 창
    test.2   창의  14.8% 에서 발생, 예측 전력의   0.9% 를 만든다
        oven               창   0.2%  게이트 0.936  정격  1011.9W ->   947.1W 를 낸다
        minipc             창  10.1%  게이트 0.621  정격     7.7W ->     4.8W 를 낸다
        beam_projector     창   4.7%  게이트 0.244  정격     9.2W ->     2.0W 를 낸다
    test3    창의  48.8% 에서 발생, 예측 전력의   7.1% 를 만든다
        electiric_kettle   창   4.0%  게이트 0.504  정격  1210.9W ->   613.8W 를 낸다
        oven               창   3.8%  게이트 0.394  정격  1140.6W ->   445.2W 를 낸다
        minipc             창  43.6%  게이트 0.358  정격     3.2W ->     1.1W 를 낸다
    test_11  창의  56.2% 에서 발생, 예측 전력의   6.7% 를 만든다
        electiric_kettle   창   5.4%  게이트 0.543  정격  1172.3W ->   634.5W 를 낸다
        oven               창   4.7%  게이트 0.449  정격  1093.9W ->   494.6W 를 낸다
        beam_projector     창  43.8%  게이트 0.312  정격    34.5W ->    10.8W 를 낸다
    test_12  창의  57.1% 에서 발생, 예측 전력의  18.1% 를 만든다
        electiric_kettle   창  24.2%  게이트 0.693  정격  1168.5W ->   813.9W 를 낸다
        oven               창  21.1%  게이트 0.319  정격  1089.1W ->   343.5W 를 낸다
        hotplate           창   4.2%  게이트 0.423  정격   382.5W ->   162.8W 를 낸다
    test_13  창의  40.4% 에서 발생, 예측 전력의   2.3% 를 만든다
        minipc             창  36.0%  게이트 0.483  정격    11.5W ->     4.5W 를 낸다
        beam_projector     창   3.7%  게이트 0.433  정격    15.7W ->     8.9W 를 낸다
        laptop_charger     창   1.1%  게이트 0.253  정격    19.3W ->     5.0W 를 낸다
    test_4   창의  39.1% 에서 발생, 예측 전력의   5.4% 를 만든다
        oven               창   2.6%  게이트 0.831  정격  1106.3W ->   918.8W 를 낸다
        hotplate           창   1.6%  게이트 0.693  정격   417.4W ->   291.6W 를 낸다
        electiric_kettle   창   2.4%  게이트 0.124  정격  1174.5W ->   146.1W 를 낸다
    test_5   창의  47.6% 에서 발생, 예측 전력의   0.6% 를 만든다
        hotplate           창   0.9%  게이트 0.428  정격   407.3W ->   176.3W 를 낸다
        oven               창   0.1%  게이트 0.934  정격  1071.9W ->  1001.6W 를 낸다
        laptop_charger     창  17.0%  게이트 0.499  정격    11.1W ->     4.9W 를 낸다
    test_6   창의  39.0% 에서 발생, 예측 전력의   1.1% 를 만든다
        hotplate           창   0.8%  게이트 0.420  정격   398.0W ->   168.2W 를 낸다
        beam_projector     창  11.9%  게이트 0.336  정격    30.2W ->    10.5W 를 낸다
        minipc             창  29.1%  게이트 0.516  정격     7.7W ->     3.4W 를 낸다
    test_7   창의  31.2% 에서 발생, 예측 전력의   2.3% 를 만든다
        beam_projector     창   3.9%  게이트 0.515  정격    27.2W ->    18.3W 를 낸다
        minipc             창  26.3%  게이트 0.624  정격     5.0W ->     2.5W 를 낸다
        laptop_charger     창   1.9%  게이트 0.543  정격    30.4W ->    20.8W 를 낸다
    test_8   창의  19.8% 에서 발생, 예측 전력의   0.9% 를 만든다
        minipc             창  15.1%  게이트 0.613  정격     6.4W ->     3.9W 를 낸다
        beam_projector     창   4.4%  게이트 0.356  정격    16.7W ->     4.9W 를 낸다
        laptop_charger     창   0.9%  게이트 0.228  정격    19.3W ->     4.1W 를 낸다
    test_9   창의  16.0% 에서 발생, 예측 전력의   2.9% 를 만든다
        electiric_kettle   창   1.6%  게이트 0.648  정격  1219.6W ->   793.4W 를 낸다
        hotplate           창   4.9%  게이트 0.596  정격   388.1W ->   234.2W 를 낸다
        oven               창   1.8%  게이트 0.381  정격  1139.7W ->   436.0W 를 낸다

  [test_4 오븐 히터 통전 구간] — 12.9.5 가 지목한 남은 실패
    구간                     n              오븐              핫플              포트       예측합       관측P
    오븐ON+핫플통전            172  0.997  1076.6W  0.999   418.2W  0.003     3.9W   1573.1W   1608.0W
    오븐ON+핫플휴지            267  1.000  1103.9W  0.002     1.0W  0.000     0.3W   1169.1W   1200.2W
    오븐OFF+핫플통전           400  0.000     0.0W  1.000   468.0W  0.000     0.0W    524.1W    536.7W

========================================================================================
[adapt_znr_s0+pp+rm0.02] stage 2 | test.2, test3, test_11, test_12, test_13, test_4, test_5, test_6, test_7, test_8, test_9
========================================================================================

                                오귀속W                    최악FA                     잔차W               on/off F1
                    소프트           하드        소프트           하드        소프트           하드        소프트           하드
  test.2          7.556        1.857      0.032        0.028      3.231        6.339      0.974        0.974
  test3           7.674        1.323      0.024        0.020      4.617        8.112      0.979        0.979
  test_11         3.952        1.306      0.029        0.030     12.058       15.243      0.780        0.772
  test_12         3.479        0.000      0.004        0.000     18.632       38.156      0.834        0.834
  test_13         2.468        0.000      0.003        0.000      1.761        4.078      0.952        0.952
  test_4         15.207        2.495      0.117        0.115      8.644       15.783      0.685        0.685
  test_5         10.356        1.249      0.011        0.001      7.498       13.152      0.818        0.818
  test_6          4.647        0.000      0.006        0.000      5.453        9.322      0.871        0.871
  test_7          2.098        0.000      0.003        0.000      2.096        4.001      0.887        0.887
  test_8          3.296        0.000      0.004        0.000      2.053        4.870      0.925        0.925
  test_9          8.594        2.835      0.007        0.003      9.925       14.335      0.834        0.837
  평균              6.302        1.006      0.022        0.018      6.906       12.126      0.867        0.867

  [망설임] 게이트가 (0.05, 0.95) 안에 있는 창
    test.2   창의  17.1% 에서 발생, 예측 전력의   0.8% 를 만든다
        oven               창   0.1%  게이트 0.950  정격   963.9W ->   915.4W 를 낸다
        laptop_charger     창  10.5%  게이트 0.342  정격    28.3W ->     9.4W 를 낸다
        minipc             창   6.0%  게이트 0.741  정격     8.0W ->     6.2W 를 낸다
    test3    창의  59.1% 에서 발생, 예측 전력의  10.1% 를 만든다
        oven               창   5.0%  게이트 0.827  정격  1143.5W ->   944.7W 를 낸다
        electiric_kettle   창   6.8%  게이트 0.139  정격  1213.8W ->   170.6W 를 낸다
        minipc             창  51.6%  게이트 0.710  정격     5.0W ->     3.5W 를 낸다
    test_11  창의  24.1% 에서 발생, 예측 전력의   9.0% 를 만든다
        oven               창   8.4%  게이트 0.602  정격  1117.1W ->   672.8W 를 낸다
        electiric_kettle   창   8.0%  게이트 0.332  정격  1193.0W ->   395.3W 를 낸다
        hair_dryer         창   0.8%  게이트 0.870  정격   643.6W ->   564.6W 를 낸다
    test_12  창의  27.8% 에서 발생, 예측 전력의  14.1% 를 만든다
        electiric_kettle   창  18.2%  게이트 0.498  정격  1192.1W ->   595.1W 를 낸다
        oven               창  18.2%  게이트 0.527  정격  1115.2W ->   586.7W 를 낸다
        hotplate           창   5.8%  게이트 0.422  정격   395.3W ->   165.5W 를 낸다
    test_13  창의  34.1% 에서 발생, 예측 전력의   4.0% 를 만든다
        minipc             창  27.2%  게이트 0.697  정격    12.8W ->     7.9W 를 낸다
        beam_projector     창   6.4%  게이트 0.538  정격    18.2W ->    11.9W 를 낸다
        laptop_charger     창   3.0%  게이트 0.349  정격    30.3W ->    10.8W 를 낸다
    test_4   창의  51.9% 에서 발생, 예측 전력의   4.2% 를 만든다
        oven               창   1.8%  게이트 0.710  정격  1126.3W ->   803.5W 를 낸다
        electiric_kettle   창   1.9%  게이트 0.271  정격  1207.7W ->   327.0W 를 낸다
        hotplate           창   1.9%  게이트 0.443  정격   432.2W ->   198.4W 를 낸다
    test_5   창의  50.2% 에서 발생, 예측 전력의   0.4% 를 만든다
        laptop_charger     창  13.5%  게이트 0.486  정격    20.6W ->    10.1W 를 낸다
        minipc             창  47.2%  게이트 0.509  정격     3.4W ->     1.9W 를 낸다
        hotplate           창   0.5%  게이트 0.206  정격   413.2W ->    84.8W 를 낸다
    test_6   창의  45.1% 에서 발생, 예측 전력의   1.0% 를 만든다
        minipc             창  38.5%  게이트 0.521  정격     7.7W ->     3.9W 를 낸다
        hotplate           창   0.4%  게이트 0.597  정격   420.3W ->   254.4W 를 낸다
        laptop_charger     창   5.8%  게이트 0.538  정격    25.1W ->    14.0W 를 낸다
    test_7   창의  23.1% 에서 발생, 예측 전력의   2.1% 를 만든다
        minipc             창  17.9%  게이트 0.724  정격     7.1W ->     4.4W 를 낸다
        beam_projector     창   5.4%  게이트 0.498  정격    22.6W ->    12.9W 를 낸다
        laptop_charger     창   0.5%  게이트 0.517  정격    22.5W ->    12.1W 를 낸다
    test_8   창의  16.4% 에서 발생, 예측 전력의   0.9% 를 만든다
        minipc             창  10.8%  게이트 0.716  정격     6.0W ->     4.0W 를 낸다
        beam_projector     창   4.2%  게이트 0.323  정격    16.5W ->     4.8W 를 낸다
        laptop_charger     창   1.4%  게이트 0.466  정격    28.7W ->    13.8W 를 낸다
    test_9   창의   6.3% 에서 발생, 예측 전력의   2.4% 를 만든다
        oven               창   1.8%  게이트 0.599  정격  1152.6W ->   693.6W 를 낸다
        electiric_kettle   창   1.8%  게이트 0.422  정격  1234.4W ->   521.3W 를 낸다
        hotplate           창   4.0%  게이트 0.455  정격   408.4W ->   179.0W 를 낸다

  [test_4 오븐 히터 통전 구간] — 12.9.5 가 지목한 남은 실패
    구간                     n              오븐              핫플              포트       예측합       관측P
    오븐ON+핫플통전            172  0.999  1111.1W  1.000   434.0W  0.002     2.5W   1633.3W   1608.0W
    오븐ON+핫플휴지            267  1.000  1132.3W  0.006     2.4W  0.000     0.3W   1196.6W   1200.2W
    오븐OFF+핫플통전           400  0.000     0.0W  1.000   476.0W  0.000     0.0W    526.7W    536.7W

========================================================================================
[adapt_znr_s1+pp+rm0.02] stage 2 | test.2, test3, test_11, test_12, test_13, test_4, test_5, test_6, test_7, test_8, test_9
========================================================================================

                                오귀속W                    최악FA                     잔차W               on/off F1
                    소프트           하드        소프트           하드        소프트           하드        소프트           하드
  test.2          6.583        0.443      0.010        0.007      2.815        6.384      0.974        0.974
  test3           7.668        0.216      0.009        0.003      4.672        7.295      0.969        0.969
  test_11         4.061        1.497      0.033        0.038     11.298       15.603      0.774        0.762
  test_12         3.686        0.028      0.005        0.001     13.167       18.037      0.832        0.833
  test_13         2.292        0.000      0.003        0.000      1.645        3.442      0.962        0.962
  test_4         18.548        2.726      0.129        0.126      8.098       15.978      0.685        0.685
  test_5         11.270        1.267      0.013        0.001      6.799       12.730      0.833        0.833
  test_6          4.815        0.000      0.006        0.000      5.335        8.639      0.868        0.868
  test_7          1.994        0.000      0.003        0.000      1.895        3.567      0.897        0.897
  test_8          2.949        0.000      0.004        0.000      1.755        4.139      0.930        0.930
  test_9          8.829        5.666      0.011        0.006     10.634       13.560      0.862        0.860
  평균              6.609        1.077      0.020        0.016      6.192        9.943      0.871        0.870

  [망설임] 게이트가 (0.05, 0.95) 안에 있는 창
    test.2   창의  16.0% 에서 발생, 예측 전력의   2.4% 를 만든다
        oven               창   0.6%  게이트 0.887  정격  1070.4W ->   954.2W 를 낸다
        electiric_kettle   창   1.8%  게이트 0.065  정격  1165.3W ->    76.3W 를 낸다
        laptop_charger     창   7.4%  게이트 0.247  정격    28.3W ->     7.4W 를 낸다
    test3    창의  40.6% 에서 발생, 예측 전력의   9.0% 를 만든다
        electiric_kettle   창   5.1%  게이트 0.423  정격  1222.9W ->   523.5W 를 낸다
        oven               창   4.1%  게이트 0.556  정격  1150.3W ->   635.7W 를 낸다
        minipc             창  33.2%  게이트 0.642  정격     4.5W ->     2.9W 를 낸다
    test_11  창의  19.3% 에서 발생, 예측 전력의   7.1% 를 만든다
        electiric_kettle   창   6.4%  게이트 0.521  정격  1172.4W ->   611.2W 를 낸다
        oven               창   6.0%  게이트 0.494  정격  1076.0W ->   539.7W 를 낸다
        hotplate           창   2.3%  게이트 0.158  정격   419.0W ->    65.7W 를 낸다
    test_12  창의  12.8% 에서 발생, 예측 전력의   4.3% 를 만든다
        electiric_kettle   창   5.4%  게이트 0.583  정격  1152.5W ->   673.2W 를 낸다
        oven               창   5.5%  게이트 0.405  정격  1060.4W ->   433.6W 를 낸다
        hotplate           창   4.1%  게이트 0.463  정격   395.5W ->   181.4W 를 낸다
    test_13  창의  40.9% 에서 발생, 예측 전력의   4.0% 를 만든다
        minipc             창  34.8%  게이트 0.572  정격    13.2W ->     6.3W 를 낸다
        beam_projector     창   6.2%  게이트 0.571  정격    19.1W ->    13.1W 를 낸다
        laptop_charger     창   2.4%  게이트 0.374  정격    28.6W ->    11.1W 를 낸다
    test_4   창의  48.7% 에서 발생, 예측 전력의   3.7% 를 만든다
        oven               창   1.6%  게이트 0.865  정격  1128.5W ->   977.0W 를 낸다
        hotplate           창   2.1%  게이트 0.450  정격   421.7W ->   194.0W 를 낸다
        electiric_kettle   창   1.4%  게이트 0.115  정격  1205.3W ->   139.0W 를 낸다
    test_5   창의  45.4% 에서 발생, 예측 전력의   0.6% 를 만든다
        laptop_charger     창  13.8%  게이트 0.556  정격    21.4W ->    11.9W 를 낸다
        hotplate           창   0.7%  게이트 0.409  정격   413.1W ->   172.8W 를 낸다
        minipc             창  38.8%  게이트 0.643  정격     3.5W ->     2.4W 를 낸다
    test_6   창의  40.7% 에서 발생, 예측 전력의   0.8% 를 만든다
        minipc             창  34.6%  게이트 0.565  정격     8.2W ->     4.5W 를 낸다
        hotplate           창   0.6%  게이트 0.476  정격   422.9W ->   205.5W 를 낸다
        laptop_charger     창   4.7%  게이트 0.446  정격    23.6W ->    10.7W 를 낸다
    test_7   창의  24.2% 에서 발생, 예측 전력의   1.9% 를 만든다
        minipc             창  18.5%  게이트 0.651  정격     6.6W ->     3.9W 를 낸다
        beam_projector     창   5.4%  게이트 0.426  정격    23.3W ->    10.7W 를 낸다
        laptop_charger     창   0.5%  게이트 0.491  정격    20.8W ->    10.6W 를 낸다
    test_8   창의  19.9% 에서 발생, 예측 전력의   1.1% 를 만든다
        minipc             창  15.1%  게이트 0.621  정격     6.8W ->     4.1W 를 낸다
        beam_projector     창   4.2%  게이트 0.328  정격    15.6W ->     4.4W 를 낸다
        laptop_charger     창   1.3%  게이트 0.449  정격    28.2W ->    13.3W 를 낸다
    test_9   창의   8.8% 에서 발생, 예측 전력의   2.4% 를 만든다
        oven               창   1.8%  게이트 0.553  정격  1134.2W ->   632.2W 를 낸다
        electiric_kettle   창   1.8%  게이트 0.477  정격  1225.6W ->   586.9W 를 낸다
        hotplate           창   2.9%  게이트 0.439  정격   399.6W ->   169.5W 를 낸다

  [test_4 오븐 히터 통전 구간] — 12.9.5 가 지목한 남은 실패
    구간                     n              오븐              핫플              포트       예측합       관측P
    오븐ON+핫플통전            172  0.998  1103.9W  1.000   433.8W  0.002     2.7W   1618.5W   1608.0W
    오븐ON+핫플휴지            267  1.000  1120.0W  0.003     1.4W  0.000     0.1W   1190.0W   1200.2W
    오븐OFF+핫플통전           400  0.000     0.0W  1.000   476.0W  0.000     0.0W    531.4W    536.7W

========================================================================================
[adapt_znr_s2+pp+rm0.02] stage 2 | test.2, test3, test_11, test_12, test_13, test_4, test_5, test_6, test_7, test_8, test_9
========================================================================================

                                오귀속W                    최악FA                     잔차W               on/off F1
                    소프트           하드        소프트           하드        소프트           하드        소프트           하드
  test.2         35.652       32.127      0.486        0.486      3.777        5.700      0.751        0.751
  test3          46.370       43.748      0.580        0.582      4.681       15.755      0.615        0.615
  test_11         3.456        1.199      0.027        0.029     11.402       16.274      0.777        0.767
  test_12         2.888        0.000      0.004        0.000     14.794       28.444      0.829        0.831
  test_13         2.168        0.000      0.003        0.000      1.840        4.108      0.894        0.894
  test_4         19.410        6.602      0.056        0.051      9.316       21.450      0.680        0.681
  test_5         10.477        1.467      0.011        0.006      8.743       14.120      0.808        0.808
  test_6          4.249        0.000      0.005        0.000      5.972        9.136      0.846        0.846
  test_7          1.957        0.000      0.003        0.000      2.057        3.839      0.876        0.876
  test_8          2.913        0.000      0.004        0.000      2.062        4.606      0.919        0.919
  test_9          5.806        0.000      0.007        0.000     10.624       15.418      0.834        0.837
  평균             12.304        7.740      0.108        0.105      6.843       12.623      0.803        0.802

  [망설임] 게이트가 (0.05, 0.95) 안에 있는 창
    test.2   창의  41.8% 에서 발생, 예측 전력의   7.4% 를 만든다
        oven               창   2.0%  게이트 0.919  정격  1128.0W ->  1036.8W 를 낸다
        electiric_kettle   창   2.7%  게이트 0.073  정격  1187.6W ->    86.6W 를 낸다
        beam_projector     창  12.2%  게이트 0.255  정격    23.6W ->     6.7W 를 낸다
    test3    창의  84.9% 에서 발생, 예측 전력의  24.3% 를 만든다
        oven               창  12.3%  게이트 0.816  정격  1144.5W ->   930.9W 를 낸다
        electiric_kettle   창  13.7%  게이트 0.170  정격  1212.4W ->   209.4W 를 낸다
        beam_projector     창  19.5%  게이트 0.307  정격    27.5W ->    10.1W 를 낸다
    test_11  창의  27.4% 에서 발생, 예측 전력의   9.1% 를 만든다
        electiric_kettle   창   8.0%  게이트 0.486  정격  1210.5W ->   592.4W 를 낸다
        oven               창   7.2%  게이트 0.515  정격  1136.5W ->   582.1W 를 낸다
        hair_dryer         창   0.6%  게이트 0.822  정격   679.0W ->   564.6W 를 낸다
    test_12  창의  26.0% 에서 발생, 예측 전력의  15.1% 를 만든다
        electiric_kettle   창  19.5%  게이트 0.572  정격  1211.3W ->   698.5W 를 낸다
        oven               창  19.0%  게이트 0.435  정격  1133.0W ->   487.8W 를 낸다
        hotplate           창   5.8%  게이트 0.517  정격   398.2W ->   204.4W 를 낸다
    test_13  창의  60.6% 에서 발생, 예측 전력의   5.0% 를 만든다
        minipc             창  55.0%  게이트 0.662  정격    10.1W ->     5.5W 를 낸다
        beam_projector     창  10.4%  게이트 0.489  정격    17.3W ->     9.4W 를 낸다
        laptop_charger     창   0.6%  게이트 0.363  정격    40.0W ->    15.8W 를 낸다
    test_4   창의  53.6% 에서 발생, 예측 전력의   8.4% 를 만든다
        oven               창   4.0%  게이트 0.527  정격  1120.8W ->   592.4W 를 낸다
        electiric_kettle   창   4.5%  게이트 0.434  정격  1187.9W ->   513.7W 를 낸다
        hotplate           창   1.6%  게이트 0.469  정격   429.4W ->   204.1W 를 낸다
    test_5   창의  52.5% 에서 발생, 예측 전력의   0.7% 를 만든다
        hotplate           창   0.9%  게이트 0.596  정격   429.3W ->   259.1W 를 낸다
        beam_projector     창   4.7%  게이트 0.684  정격    22.2W ->    16.4W 를 낸다
        laptop_charger     창   7.3%  게이트 0.470  정격    20.4W ->     9.7W 를 낸다
    test_6   창의  49.7% 에서 발생, 예측 전력의   0.9% 를 만든다
        minipc             창  42.3%  게이트 0.504  정격     8.2W ->     3.9W 를 낸다
        laptop_charger     창   6.6%  게이트 0.481  정격    30.8W ->    15.5W 를 낸다
        hotplate           창   0.5%  게이트 0.492  정격   416.0W ->   208.9W 를 낸다
    test_7   창의  38.4% 에서 발생, 예측 전력의   2.1% 를 만든다
        minipc             창  33.5%  게이트 0.610  정격     6.7W ->     3.1W 를 낸다
        beam_projector     창   6.2%  게이트 0.468  정격    15.2W ->     7.6W 를 낸다
        laptop_charger     창   0.1%  게이트 0.078  정격    25.8W ->     2.0W 를 낸다
    test_8   창의  28.7% 에서 발생, 예측 전력의   1.9% 를 만든다
        minipc             창  22.5%  게이트 0.669  정격     7.9W ->     5.5W 를 낸다
        beam_projector     창   7.6%  게이트 0.447  정격    12.3W ->     5.3W 를 낸다
        laptop_charger     창   0.3%  게이트 0.195  정격    29.6W ->     5.8W 를 낸다
    test_9   창의   8.6% 에서 발생, 예측 전력의   4.1% 를 만든다
        electiric_kettle   창   2.9%  게이트 0.632  정격  1286.0W ->   815.7W 를 낸다
        oven               창   3.2%  게이트 0.347  정격  1205.2W ->   417.4W 를 낸다
        hotplate           창   5.0%  게이트 0.659  정격   395.6W ->   262.0W 를 낸다

  [test_4 오븐 히터 통전 구간] — 12.9.5 가 지목한 남은 실패
    구간                     n              오븐              핫플              포트       예측합       관측P
    오븐ON+핫플통전            172  0.997  1111.4W  0.999   437.9W  0.004     5.3W   1619.0W   1608.0W
    오븐ON+핫플휴지            267  1.000  1143.8W  0.004     1.6W  0.000     0.4W   1200.4W   1200.2W
    오븐OFF+핫플통전           400  0.000     0.0W  1.000   477.7W  0.000     0.0W    528.0W    536.7W

========================================================================================
[adapt_zvnr_s0+pp+rm0.02] stage 2 | test.2, test3, test_11, test_12, test_13, test_4, test_5, test_6, test_7, test_8, test_9
========================================================================================

                                오귀속W                    최악FA                     잔차W               on/off F1
                    소프트           하드        소프트           하드        소프트           하드        소프트           하드
  test.2          7.987        2.624      0.040        0.033      3.713        6.810      0.973        0.973
  test3           6.903        1.050      0.022        0.016      5.132        6.692      0.990        0.990
  test_11         3.681        1.151      0.023        0.022     11.840       13.653      0.783        0.783
  test_12         3.360        0.000      0.004        0.000     11.698       20.154      0.836        0.837
  test_13         2.690        0.000      0.003        0.000      1.711        3.916      0.947        0.947
  test_4         15.886        2.907      0.130        0.134      8.890       16.556      0.684        0.684
  test_5         10.057        1.252      0.011        0.001      6.629       12.177      0.836        0.836
  test_6          4.477        0.000      0.006        0.000      5.254        8.416      0.869        0.869
  test_7          2.286        0.000      0.003        0.000      2.049        3.710      0.885        0.885
  test_8          3.752        0.000      0.005        0.000      2.001        5.230      0.920        0.920
  test_9          5.875        2.835      0.008        0.003     10.880       16.556      0.835        0.837
  평균              6.087        1.075      0.023        0.019      6.345       10.352      0.869        0.869

  [망설임] 게이트가 (0.05, 0.95) 안에 있는 창
    test.2   창의  23.9% 에서 발생, 예측 전력의   0.6% 를 만든다
        laptop_charger     창  14.6%  게이트 0.273  정격    29.9W ->     8.0W 를 낸다
        oven               창   0.1%  게이트 0.315  정격   915.5W ->   288.3W 를 낸다
        hotplate           창   0.1%  게이트 0.504  정격   378.0W ->   190.6W 를 낸다
    test3    창의  49.2% 에서 발생, 예측 전력의   4.8% 를 만든다
        oven               창   2.1%  게이트 0.563  정격  1148.9W ->   643.8W 를 낸다
        electiric_kettle   창   3.4%  게이트 0.299  정격  1212.0W ->   365.9W 를 낸다
        minipc             창  38.5%  게이트 0.820  정격     4.6W ->     3.7W 를 낸다
    test_11  창의  28.2% 에서 발생, 예측 전력의   8.4% 를 만든다
        electiric_kettle   창   7.4%  게이트 0.526  정격  1157.9W ->   608.9W 를 낸다
        oven               창   6.4%  게이트 0.483  정격  1083.7W ->   523.2W 를 낸다
        hair_dryer         창   1.0%  게이트 0.732  정격   719.8W ->   524.9W 를 낸다
    test_12  창의  25.8% 에서 발생, 예측 전력의  10.5% 를 만든다
        electiric_kettle   창  14.1%  게이트 0.669  정격  1128.5W ->   756.0W 를 낸다
        oven               창  14.3%  게이트 0.337  정격  1046.7W ->   353.5W 를 낸다
        hotplate           창   9.4%  게이트 0.197  정격   394.5W ->    77.0W 를 낸다
    test_13  창의  27.8% 에서 발생, 예측 전력의   2.8% 를 만든다
        minipc             창  21.5%  게이트 0.726  정격    11.6W ->     7.9W 를 낸다
        beam_projector     창   5.3%  게이트 0.442  정격    15.5W ->     8.7W 를 낸다
        laptop_charger     창   1.8%  게이트 0.261  정격    28.0W ->     7.2W 를 낸다
    test_4   창의  54.0% 에서 발생, 예측 전력의   3.1% 를 만든다
        oven               창   1.3%  게이트 0.722  정격  1121.3W ->   810.5W 를 낸다
        electiric_kettle   창   1.2%  게이트 0.245  정격  1196.5W ->   295.3W 를 낸다
        hotplate           창   1.4%  게이트 0.328  정격   414.8W ->   138.3W 를 낸다
    test_5   창의  48.5% 에서 발생, 예측 전력의   0.4% 를 만든다
        laptop_charger     창  12.5%  게이트 0.473  정격    19.6W ->     9.3W 를 낸다
        hotplate           창   0.8%  게이트 0.236  정격   407.0W ->    97.1W 를 낸다
        minipc             창  44.7%  게이트 0.498  정격     2.6W ->     1.4W 를 낸다
    test_6   창의  46.1% 에서 발생, 예측 전력의   0.8% 를 만든다
        minipc             창  38.6%  게이트 0.518  정격     6.6W ->     3.4W 를 낸다
        hotplate           창   0.7%  게이트 0.452  정격   416.6W ->   190.9W 를 낸다
        laptop_charger     창   5.4%  게이트 0.523  정격    23.1W ->    12.6W 를 낸다
    test_7   창의  22.9% 에서 발생, 예측 전력의   1.5% 를 만든다
        minipc             창  20.9%  게이트 0.745  정격     6.3W ->     4.0W 를 낸다
        beam_projector     창   2.6%  게이트 0.386  정격    16.0W ->     7.7W 를 낸다
        laptop_charger     창   0.3%  게이트 0.429  정격    20.4W ->     9.0W 를 낸다
    test_8   창의  17.7% 에서 발생, 예측 전력의   1.5% 를 만든다
        minipc             창  13.9%  게이트 0.687  정격     6.1W ->     4.1W 를 낸다
        beam_projector     창   3.8%  게이트 0.711  정격    16.9W ->    13.3W 를 낸다
        laptop_charger     창   1.6%  게이트 0.539  정격    27.2W ->    15.4W 를 낸다
    test_9   창의   5.4% 에서 발생, 예측 전력의   1.8% 를 만든다
        electiric_kettle   창   1.4%  게이트 0.559  정격  1217.0W ->   683.1W 를 낸다
        hotplate           창   3.1%  게이트 0.533  정격   377.6W ->   202.9W 를 낸다
        oven               창   1.6%  게이트 0.256  정격   987.3W ->   277.7W 를 낸다

  [test_4 오븐 히터 통전 구간] — 12.9.5 가 지목한 남은 실패
    구간                     n              오븐              핫플              포트       예측합       관측P
    오븐ON+핫플통전            172  0.999  1103.7W  1.000   432.0W  0.001     1.4W   1611.5W   1608.0W
    오븐ON+핫플휴지            267  1.000  1127.9W  0.004     1.7W  0.000     0.1W   1190.0W   1200.2W
    오븐OFF+핫플통전           400  0.000     0.0W  1.000   476.0W  0.000     0.0W    529.6W    536.7W

========================================================================================
[adapt_zvnr_s1+pp+rm0.02] stage 2 | test.2, test3, test_11, test_12, test_13, test_4, test_5, test_6, test_7, test_8, test_9
========================================================================================

                                오귀속W                    최악FA                     잔차W               on/off F1
                    소프트           하드        소프트           하드        소프트           하드        소프트           하드
  test.2          6.827        0.978      0.019        0.015      3.364        5.573      0.974        0.974
  test3           8.368        0.037      0.009        0.001      6.085        8.062      0.978        0.978
  test_11         4.436        1.191      0.028        0.031     11.929       22.999      0.780        0.779
  test_12         4.518        0.000      0.006        0.000     12.475       29.721      0.828        0.828
  test_13         2.570        0.000      0.003        0.000      1.762        3.728      0.960        0.960
  test_4         18.806        3.990      0.141        0.140      7.590       14.651      0.685        0.685
  test_5         11.209        1.297      0.013        0.002      6.411       12.816      0.851        0.851
  test_6          4.809        0.000      0.006        0.000      5.449        8.361      0.870        0.870
  test_7          2.178        0.000      0.003        0.000      1.850        3.494      0.898        0.898
  test_8          3.509        0.000      0.005        0.000      1.766        4.489      0.932        0.932
  test_9          9.209        0.000      0.012        0.000      9.531       14.751      0.834        0.837
  평균              6.949        0.681      0.022        0.017      6.201       11.695      0.872        0.872

  [망설임] 게이트가 (0.05, 0.95) 안에 있는 창
    test.2   창의  18.5% 에서 발생, 예측 전력의  17.9% 를 만든다
        oven               창   5.3%  게이트 0.910  정격  1096.6W ->   998.6W 를 낸다
        electiric_kettle   창   5.9%  게이트 0.093  정격  1163.3W ->   107.6W 를 낸다
        laptop_charger     창  10.1%  게이트 0.298  정격    27.9W ->     8.4W 를 낸다
    test3    창의  50.2% 에서 발생, 예측 전력의  29.2% 를 만든다
        oven               창  15.3%  게이트 0.827  정격  1110.7W ->   916.5W 를 낸다
        electiric_kettle   창  16.5%  게이트 0.167  정격  1175.2W ->   198.5W 를 낸다
        minipc             창  41.6%  게이트 0.723  정격     4.1W ->     3.1W 를 낸다
    test_11  창의  21.8% 에서 발생, 예측 전력의   6.4% 를 만든다
        electiric_kettle   창   6.0%  게이트 0.507  정격  1182.2W ->   598.6W 를 낸다
        oven               창   4.7%  게이트 0.497  정격  1106.0W ->   555.4W 를 낸다
        hotplate           창   1.6%  게이트 0.291  정격   409.8W ->   120.8W 를 낸다
    test_12  창의  25.3% 에서 발생, 예측 전력의  11.5% 를 만든다
        electiric_kettle   창  14.0%  게이트 0.553  정격  1159.4W ->   641.6W 를 낸다
        oven               창  13.8%  게이트 0.464  정격  1084.0W ->   504.2W 를 낸다
        hotplate           창   7.6%  게이트 0.688  정격   391.0W ->   268.6W 를 낸다
    test_13  창의  43.4% 에서 발생, 예측 전력의   4.6% 를 만든다
        minipc             창  36.2%  게이트 0.589  정격    12.9W ->     6.6W 를 낸다
        beam_projector     창   7.3%  게이트 0.588  정격    19.9W ->    13.6W 를 낸다
        laptop_charger     창   3.3%  게이트 0.404  정격    29.9W ->    12.5W 를 낸다
    test_4   창의  46.8% 에서 발생, 예측 전력의   6.4% 를 만든다
        oven               창   3.1%  게이트 0.683  정격  1111.7W ->   759.0W 를 낸다
        electiric_kettle   창   3.4%  게이트 0.265  정격  1180.2W ->   315.0W 를 낸다
        hotplate           창   2.0%  게이트 0.489  정격   419.9W ->   210.2W 를 낸다
    test_5   창의  45.2% 에서 발생, 예측 전력의   0.5% 를 만든다
        laptop_charger     창  10.6%  게이트 0.588  정격    19.3W ->    11.6W 를 낸다
        hotplate           창   0.6%  게이트 0.481  정격   413.7W ->   201.2W 를 낸다
        minipc             창  39.9%  게이트 0.631  정격     2.8W ->     2.0W 를 낸다
    test_6   창의  38.2% 에서 발생, 예측 전력의   0.6% 를 만든다
        minipc             창  30.8%  게이트 0.563  정격     7.9W ->     4.2W 를 낸다
        laptop_charger     창   4.8%  게이트 0.480  정격    23.8W ->    11.7W 를 낸다
        beam_projector     창   9.7%  게이트 0.285  정격    16.9W ->     5.0W 를 낸다
    test_7   창의  27.4% 에서 발생, 예측 전력의   2.0% 를 만든다
        minipc             창  22.4%  게이트 0.658  정격     6.1W ->     3.7W 를 낸다
        beam_projector     창   5.1%  게이트 0.477  정격    23.6W ->    12.2W 를 낸다
        laptop_charger     창   0.5%  게이트 0.480  정격    21.8W ->    10.8W 를 낸다
    test_8   창의  21.8% 에서 발생, 예측 전력의   1.3% 를 만든다
        minipc             창  17.0%  게이트 0.625  정격     6.6W ->     4.2W 를 낸다
        beam_projector     창   4.1%  게이트 0.421  정격    16.7W ->     5.8W 를 낸다
        laptop_charger     창   1.5%  게이트 0.396  정격    30.1W ->    12.7W 를 낸다
    test_9   창의  11.5% 에서 발생, 예측 전력의   2.4% 를 만든다
        hotplate           창   5.2%  게이트 0.572  정격   392.3W ->   224.9W 를 낸다
        electiric_kettle   창   1.3%  게이트 0.603  정격  1228.6W ->   742.3W 를 낸다
        oven               창   1.3%  게이트 0.326  정격  1058.8W ->   365.7W 를 낸다

  [test_4 오븐 히터 통전 구간] — 12.9.5 가 지목한 남은 실패
    구간                     n              오븐              핫플              포트       예측합       관측P
    오븐ON+핫플통전            172  0.998  1087.7W  1.000   427.9W  0.003     3.6W   1598.7W   1608.0W
    오븐ON+핫플휴지            267  1.000  1112.0W  0.003     1.1W  0.000     0.4W   1183.4W   1200.2W
    오븐OFF+핫플통전           400  0.000     0.0W  1.000   472.0W  0.000     0.0W    527.0W    536.7W

========================================================================================
[adapt_zvnr_s2+pp+rm0.02] stage 2 | test.2, test3, test_11, test_12, test_13, test_4, test_5, test_6, test_7, test_8, test_9
========================================================================================

                                오귀속W                    최악FA                     잔차W               on/off F1
                    소프트           하드        소프트           하드        소프트           하드        소프트           하드
  test.2          7.295        1.665      0.026        0.025      3.651        6.146      0.972        0.972
  test3           7.381        1.938      0.008        0.003      4.608        8.218      0.981        0.981
  test_11         4.311        0.942      0.020        0.014     13.588       24.059      0.770        0.765
  test_12         4.069        0.000      0.005        0.000     11.901       28.939      0.826        0.826
  test_13         2.408        0.000      0.003        0.000      2.442        4.880      0.959        0.959
  test_4         16.480        2.598      0.102        0.099      8.726       18.250      0.683        0.684
  test_5         10.647        1.227      0.012        0.001      8.095       14.869      0.828        0.828
  test_6          4.658        0.000      0.006        0.000      5.418        9.193      0.861        0.861
  test_7          2.136        0.000      0.003        0.000      2.697        4.767      0.895        0.895
  test_8          3.411        0.000      0.004        0.000      2.832        6.077      0.927        0.927
  test_9          5.350        1.416      0.007        0.001     11.337       15.151      0.835        0.838
  평균              6.195        0.890      0.018        0.013      6.845       12.777      0.867        0.867

  [망설임] 게이트가 (0.05, 0.95) 안에 있는 창
    test.2   창의  15.1% 에서 발생, 예측 전력의   4.0% 를 만든다
        oven               창   1.1%  게이트 0.942  정격  1087.8W ->  1024.6W 를 낸다
        electiric_kettle   창   1.4%  게이트 0.057  정격  1161.5W ->    66.7W 를 낸다
        laptop_charger     창   7.3%  게이트 0.426  정격    27.3W ->    11.6W 를 낸다
    test3    창의  61.1% 에서 발생, 예측 전력의  19.4% 를 만든다
        oven               창   9.9%  게이트 0.711  정격  1142.9W ->   805.2W 를 낸다
        electiric_kettle   창   8.3%  게이트 0.340  정격  1214.4W ->   420.9W 를 낸다
        minipc             창  51.1%  게이트 0.729  정격     4.0W ->     2.9W 를 낸다
    test_11  창의  38.3% 에서 발생, 예측 전력의  20.7% 를 만든다
        oven               창  15.4%  게이트 0.698  정격  1157.2W ->   817.5W 를 낸다
        electiric_kettle   창  16.0%  게이트 0.345  정격  1242.5W ->   420.1W 를 낸다
        hair_dryer         창   3.5%  게이트 0.678  정격   600.3W ->   425.4W 를 낸다
    test_12  창의  40.4% 에서 발생, 예측 전력의  25.1% 를 만든다
        oven               창  31.8%  게이트 0.610  정격  1143.5W ->   698.5W 를 낸다
        electiric_kettle   창  32.8%  게이트 0.381  정격  1213.4W ->   461.6W 를 낸다
        hair_dryer         창   2.9%  게이트 0.839  정격   498.8W ->   403.7W 를 낸다
    test_13  창의  47.1% 에서 발생, 예측 전력의   4.2% 를 만든다
        minipc             창  41.8%  게이트 0.597  정격    13.5W ->     6.9W 를 낸다
        beam_projector     창   4.9%  게이트 0.442  정격    17.6W ->     9.6W 를 낸다
        laptop_charger     창   1.5%  게이트 0.246  정격    26.4W ->     6.6W 를 낸다
    test_4   창의  53.4% 에서 발생, 예측 전력의   6.3% 를 만든다
        oven               창   3.1%  게이트 0.778  정격  1118.0W ->   871.4W 를 낸다
        electiric_kettle   창   3.0%  게이트 0.177  정격  1184.4W ->   209.3W 를 낸다
        hotplate           창   1.8%  게이트 0.579  정격   423.0W ->   247.0W 를 낸다
    test_5   창의  54.4% 에서 발생, 예측 전력의   0.8% 를 만든다
        hotplate           창   1.1%  게이트 0.600  정격   426.7W ->   258.1W 를 낸다
        oven               창   0.1%  게이트 0.838  정격  1101.0W ->   922.2W 를 낸다
        laptop_charger     창   9.2%  게이트 0.485  정격    19.3W ->     9.4W 를 낸다
    test_6   창의  49.6% 에서 발생, 예측 전력의   1.3% 를 만든다
        minipc             창  43.2%  게이트 0.505  정격     8.0W ->     3.9W 를 낸다
        oven               창   0.1%  게이트 0.912  정격  1067.1W ->   972.9W 를 낸다
        hotplate           창   0.5%  게이트 0.496  정격   414.2W ->   211.6W 를 낸다
    test_7   창의  35.6% 에서 발생, 예측 전력의   3.1% 를 만든다
        minipc             창  33.6%  게이트 0.637  정격     7.5W ->     4.5W 를 낸다
        beam_projector     창   4.2%  게이트 0.553  정격    24.7W ->    16.1W 를 낸다
        laptop_charger     창   0.5%  게이트 0.536  정격    21.9W ->    12.0W 를 낸다
    test_8   창의  28.8% 에서 발생, 예측 전력의   2.5% 를 만든다
        minipc             창  26.8%  게이트 0.681  정격     8.2W ->     5.6W 를 낸다
        beam_projector     창   4.0%  게이트 0.691  정격    17.7W ->    13.3W 를 낸다
        laptop_charger     창   0.9%  게이트 0.555  정격    25.8W ->    15.3W 를 낸다
    test_9   창의  11.2% 에서 발생, 예측 전력의   4.4% 를 만든다
        hotplate           창   7.7%  게이트 0.738  정격   398.4W ->   294.6W 를 낸다
        oven               창   3.1%  게이트 0.624  정격  1064.7W ->   722.6W 를 낸다
        electiric_kettle   창   2.0%  게이트 0.311  정격  1239.3W ->   383.3W 를 낸다

  [test_4 오븐 히터 통전 구간] — 12.9.5 가 지목한 남은 실패
    구간                     n              오븐              핫플              포트       예측합       관측P
    오븐ON+핫플통전            172  0.996  1092.8W  0.999   428.3W  0.004     5.2W   1594.1W   1608.0W
    오븐ON+핫플휴지            267  1.000  1120.0W  0.004     1.6W  0.000     0.3W   1186.0W   1200.2W
    오븐OFF+핫플통전           400  0.000     0.0W  1.000   476.0W  0.000     0.0W    525.6W    536.7W

저장: results/gc_v1.json
