### 시드 스윕 시작 Sat Aug 22 23:27:26     2026  — 짝지은 설계: 같은 시드로 base(fd0) 와 fd0.2 를 함께
### [sw_base_s1] 1단계 Sat Aug 22 23:27:26     2026
====================================================================================
[Phase 3] 2갈래 CNN — 세밀 10초@60Hz + 광역 60초@2Hz, 타깃 끝-1초
====================================================================================
평가: 홀드아웃 8,000창 (뒤 20%) | sha a2f4974fe456dc3b | 타깃 3239/3600
모델 0.61M 파라미터 | 배치 512 | 300 epoch x 50,000창 = 29,100 step | 장치 cuda
손실 가중치: power 1.0 / state .3 / on .3 / plugged .1 / standby .1 / harm 0.1 / cons 0.0 / over 0.0
학습 데이터: 캐시 cache/train60_v17 — 독립 창 300,000개 (14.6GB) | epoch 당 50,000창 -> 전체 50.0회 재사용
  ep  1  loss 0.4827 (pw 0.0097 harm 2.1411)  [6s, 8,131 win/s]
  ep  2  loss 0.3159 (pw 0.0069 harm 1.9630)  [7s, 7,646 win/s]
  ep  3  loss 0.2855 (pw 0.0057 harm 1.9139)  [6s, 8,940 win/s]
  ep  4  loss 0.2710 (pw 0.0051 harm 1.8701)  [7s, 7,676 win/s]
  ep  5  loss 0.2479 (pw 0.0043 harm 1.6891)  [7s, 7,446 win/s]
  ep  6  loss 0.2281 (pw 0.0035 harm 1.5522)  [7s, 7,652 win/s]
  ep  7  loss 0.2158 (pw 0.0028 harm 1.4938)  [6s, 8,998 win/s]
  ep  8  loss 0.2163 (pw 0.0026 harm 1.5172)  [5s, 9,153 win/s]
  ep  9  loss 0.2081 (pw 0.0023 harm 1.4787)  [5s, 9,150 win/s]
  ep 10  loss 0.2024 (pw 0.0021 harm 1.4493)  [5s, 9,104 win/s]
  ep 11  loss 0.2005 (pw 0.0019 harm 1.4580)  [5s, 9,133 win/s]
  ep 12  loss 0.1980 (pw 0.0018 harm 1.4536)  [5s, 9,144 win/s]
  ep 13  loss 0.1988 (pw 0.0018 harm 1.4697)  [6s, 8,911 win/s]
  ep 14  loss 0.1954 (pw 0.0017 harm 1.4559)  [6s, 8,641 win/s]
  ep 15  loss 0.1911 (pw 0.0017 harm 1.4180)  [6s, 8,638 win/s]
  ep 16  loss 0.1945 (pw 0.0016 harm 1.4634)  [6s, 8,653 win/s]
  ep 17  loss 0.1885 (pw 0.0015 harm 1.4194)  [6s, 8,663 win/s]
  ep 18  loss 0.1909 (pw 0.0015 harm 1.4535)  [6s, 9,018 win/s]
  ep 19  loss 0.1898 (pw 0.0015 harm 1.4524)  [5s, 9,108 win/s]
  ep 20  loss 0.1902 (pw 0.0015 harm 1.4590)  [5s, 9,152 win/s]
  ep 21  loss 0.1864 (pw 0.0014 harm 1.4248)  [5s, 9,099 win/s]
  ep 22  loss 0.1859 (pw 0.0014 harm 1.4338)  [5s, 9,133 win/s]
  ep 23  loss 0.1863 (pw 0.0014 harm 1.4437)  [5s, 9,155 win/s]
  ep 24  loss 0.1852 (pw 0.0013 harm 1.4424)  [5s, 9,171 win/s]
  ep 25  loss 0.1827 (pw 0.0013 harm 1.4233)  [5s, 9,152 win/s]
  ep 26  loss 0.1851 (pw 0.0013 harm 1.4537)  [5s, 9,138 win/s]
  ep 27  loss 0.1842 (pw 0.0013 harm 1.4496)  [5s, 9,107 win/s]
  ep 28  loss 0.1855 (pw 0.0013 harm 1.4593)  [6s, 9,078 win/s]
  ep 29  loss 0.1829 (pw 0.0012 harm 1.4485)  [5s, 9,133 win/s]
  ep 30  loss 0.1829 (pw 0.0013 harm 1.4486)  [5s, 9,105 win/s]
  ep 31  loss 0.1804 (pw 0.0012 harm 1.4358)  [5s, 9,095 win/s]
  ep 32  loss 0.1807 (pw 0.0012 harm 1.4329)  [5s, 9,098 win/s]
  ep 33  loss 0.1793 (pw 0.0012 harm 1.4274)  [6s, 9,068 win/s]
  ep 34  loss 0.1828 (pw 0.0012 harm 1.4647)  [6s, 9,059 win/s]
  ep 35  loss 0.1787 (pw 0.0012 harm 1.4276)  [6s, 9,086 win/s]
  ep 36  loss 0.1776 (pw 0.0012 harm 1.4227)  [5s, 9,124 win/s]
  ep 37  loss 0.1777 (pw 0.0012 harm 1.4242)  [5s, 9,100 win/s]
  ep 38  loss 0.1772 (pw 0.0012 harm 1.4252)  [5s, 9,135 win/s]
  ep 39  loss 0.1754 (pw 0.0011 harm 1.4229)  [5s, 9,136 win/s]
  ep 40  loss 0.1792 (pw 0.0012 harm 1.4464)  [6s, 9,077 win/s]
  ep 41  loss 0.1781 (pw 0.0012 harm 1.4382)  [5s, 9,113 win/s]
  ep 42  loss 0.1791 (pw 0.0012 harm 1.4412)  [5s, 9,105 win/s]
  ep 43  loss 0.1763 (pw 0.0012 harm 1.4248)  [6s, 9,075 win/s]
  ep 44  loss 0.1790 (pw 0.0011 harm 1.4607)  [6s, 8,779 win/s]
  ep 45  loss 0.1771 (pw 0.0012 harm 1.4381)  [6s, 8,730 win/s]
  ep 46  loss 0.1779 (pw 0.0011 harm 1.4535)  [6s, 8,830 win/s]
  ep 47  loss 0.1756 (pw 0.0011 harm 1.4432)  [6s, 8,859 win/s]
  ep 48  loss 0.1740 (pw 0.0010 harm 1.4301)  [6s, 8,794 win/s]
  ep 49  loss 0.1731 (pw 0.0011 harm 1.4167)  [6s, 9,029 win/s]
  ep 50  loss 0.1720 (pw 0.0011 harm 1.4117)  [5s, 9,149 win/s]
  ep 51  loss 0.1747 (pw 0.0011 harm 1.4391)  [5s, 9,148 win/s]
  ep 52  loss 0.1721 (pw 0.0010 harm 1.4203)  [5s, 9,149 win/s]
  ep 53  loss 0.1721 (pw 0.0011 harm 1.4125)  [5s, 9,171 win/s]
  ep 54  loss 0.1778 (pw 0.0011 harm 1.4666)  [5s, 9,093 win/s]
  ep 55  loss 0.1737 (pw 0.0011 harm 1.4321)  [6s, 8,843 win/s]
  ep 56  loss 0.1740 (pw 0.0011 harm 1.4443)  [5s, 9,098 win/s]
  ep 57  loss 0.1740 (pw 0.0011 harm 1.4398)  [5s, 9,137 win/s]
  ep 58  loss 0.1699 (pw 0.0010 harm 1.4106)  [5s, 9,161 win/s]
  ep 59  loss 0.1748 (pw 0.0011 harm 1.4485)  [5s, 9,170 win/s]
  ep 60  loss 0.1714 (pw 0.0010 harm 1.4341)  [5s, 9,138 win/s]
  ep 61  loss 0.1740 (pw 0.0010 harm 1.4546)  [5s, 9,129 win/s]
  ep 62  loss 0.1714 (pw 0.0010 harm 1.4336)  [6s, 8,703 win/s]
  ep 63  loss 0.1704 (pw 0.0010 harm 1.4178)  [6s, 8,772 win/s]
  ep 64  loss 0.1688 (pw 0.0010 harm 1.4176)  [6s, 8,713 win/s]
  ep 65  loss 0.1694 (pw 0.0010 harm 1.4217)  [6s, 8,712 win/s]
  ep 66  loss 0.1732 (pw 0.0010 harm 1.4494)  [6s, 8,729 win/s]
  ep 67  loss 0.1698 (pw 0.0010 harm 1.4302)  [6s, 8,717 win/s]
  ep 68  loss 0.1683 (pw 0.0010 harm 1.4177)  [6s, 8,726 win/s]
  ep 69  loss 0.1679 (pw 0.0010 harm 1.4112)  [6s, 8,894 win/s]
  ep 70  loss 0.1679 (pw 0.0010 harm 1.4036)  [5s, 9,098 win/s]
  ep 71  loss 0.1727 (pw 0.0010 harm 1.4531)  [6s, 9,080 win/s]
  ep 72  loss 0.1682 (pw 0.0010 harm 1.4205)  [5s, 9,126 win/s]
  ep 73  loss 0.1693 (pw 0.0010 harm 1.4320)  [5s, 9,135 win/s]
  ep 74  loss 0.1706 (pw 0.0010 harm 1.4333)  [6s, 8,884 win/s]
  ep 75  loss 0.1722 (pw 0.0010 harm 1.4572)  [6s, 8,969 win/s]
  ep 76  loss 0.1717 (pw 0.0010 harm 1.4527)  [6s, 9,090 win/s]
  ep 77  loss 0.1734 (pw 0.0010 harm 1.4582)  [5s, 9,134 win/s]
  ep 78  loss 0.1676 (pw 0.0010 harm 1.4212)  [5s, 9,132 win/s]
  ep 79  loss 0.1712 (pw 0.0010 harm 1.4517)  [5s, 9,180 win/s]
  ep 80  loss 0.1694 (pw 0.0010 harm 1.4335)  [5s, 9,127 win/s]
  ep 81  loss 0.1673 (pw 0.0010 harm 1.4219)  [5s, 9,125 win/s]
  ep 82  loss 0.1695 (pw 0.0010 harm 1.4472)  [5s, 9,101 win/s]
  ep 83  loss 0.1678 (pw 0.0010 harm 1.4206)  [5s, 9,117 win/s]
  ep 84  loss 0.1694 (pw 0.0009 harm 1.4499)  [5s, 9,172 win/s]
  ep 85  loss 0.1672 (pw 0.0010 harm 1.4150)  [5s, 9,113 win/s]
  ep 86  loss 0.1657 (pw 0.0009 harm 1.4151)  [5s, 9,136 win/s]
  ep 87  loss 0.1668 (pw 0.0010 harm 1.4169)  [5s, 9,176 win/s]
  ep 88  loss 0.1693 (pw 0.0010 harm 1.4369)  [5s, 9,174 win/s]
  ep 89  loss 0.1683 (pw 0.0010 harm 1.4348)  [5s, 9,144 win/s]
  ep 90  loss 0.1641 (pw 0.0009 harm 1.4064)  [5s, 9,138 win/s]
  ep 91  loss 0.1668 (pw 0.0010 harm 1.4286)  [5s, 9,194 win/s]
  ep 92  loss 0.1665 (pw 0.0009 harm 1.4235)  [5s, 9,157 win/s]
  ep 93  loss 0.1654 (pw 0.0009 harm 1.4197)  [5s, 9,185 win/s]
  ep 94  loss 0.1687 (pw 0.0010 harm 1.4487)  [5s, 9,193 win/s]
  ep 95  loss 0.1673 (pw 0.0010 harm 1.4310)  [5s, 9,176 win/s]
  ep 96  loss 0.1661 (pw 0.0010 harm 1.4247)  [5s, 9,134 win/s]
  ep 97  loss 0.1652 (pw 0.0009 harm 1.4163)  [5s, 9,175 win/s]
  ep 98  loss 0.1641 (pw 0.0009 harm 1.4119)  [5s, 9,156 win/s]
  ep 99  loss 0.1662 (pw 0.0009 harm 1.4236)  [5s, 9,153 win/s]
  ep100  loss 0.1645 (pw 0.0009 harm 1.4172)  |  MAE 3.264W  F1 0.9743  저항3종 1.000  잔차 27.0W  [5s 학습 / 0s 평가, 9,151 win/s]
  ep101  loss 0.1679 (pw 0.0009 harm 1.4451)  [6s, 9,069 win/s]
  ep102  loss 0.1656 (pw 0.0009 harm 1.4215)  [5s, 9,091 win/s]
  ep103  loss 0.1690 (pw 0.0009 harm 1.4580)  [5s, 9,140 win/s]
  ep104  loss 0.1649 (pw 0.0009 harm 1.4229)  [5s, 9,161 win/s]
  ep105  loss 0.1655 (pw 0.0009 harm 1.4233)  [5s, 9,140 win/s]
  ep106  loss 0.1680 (pw 0.0009 harm 1.4488)  [6s, 8,942 win/s]
  ep107  loss 0.1637 (pw 0.0009 harm 1.4127)  [6s, 8,799 win/s]
  ep108  loss 0.1645 (pw 0.0009 harm 1.4269)  [6s, 8,686 win/s]
  ep109  loss 0.1636 (pw 0.0009 harm 1.4134)  [6s, 8,646 win/s]
  ep110  loss 0.1663 (pw 0.0009 harm 1.4386)  [6s, 8,735 win/s]
  ep111  loss 0.1639 (pw 0.0009 harm 1.4220)  [6s, 8,970 win/s]
  ep112  loss 0.1658 (pw 0.0009 harm 1.4438)  [6s, 9,060 win/s]
  ep113  loss 0.1660 (pw 0.0009 harm 1.4382)  [6s, 8,692 win/s]
  ep114  loss 0.1650 (pw 0.0009 harm 1.4317)  [6s, 8,764 win/s]
  ep115  loss 0.1624 (pw 0.0009 harm 1.4090)  [6s, 8,852 win/s]
  ep116  loss 0.1622 (pw 0.0009 harm 1.4090)  [6s, 8,831 win/s]
  ep117  loss 0.1633 (pw 0.0009 harm 1.4143)  [6s, 8,628 win/s]
  ep118  loss 0.1639 (pw 0.0009 harm 1.4266)  [5s, 9,098 win/s]
  ep119  loss 0.1654 (pw 0.0009 harm 1.4441)  [5s, 9,138 win/s]
  ep120  loss 0.1638 (pw 0.0009 harm 1.4372)  [5s, 9,144 win/s]
  ep121  loss 0.1609 (pw 0.0009 harm 1.4006)  [5s, 9,111 win/s]
  ep122  loss 0.1639 (pw 0.0009 harm 1.4273)  [5s, 9,131 win/s]
  ep123  loss 0.1626 (pw 0.0009 harm 1.4153)  [5s, 9,159 win/s]
  ep124  loss 0.1654 (pw 0.0009 harm 1.4354)  [5s, 9,111 win/s]
  ep125  loss 0.1647 (pw 0.0009 harm 1.4429)  [5s, 9,129 win/s]
  ep126  loss 0.1650 (pw 0.0009 harm 1.4477)  [5s, 9,105 win/s]
  ep127  loss 0.1653 (pw 0.0009 harm 1.4492)  [6s, 9,043 win/s]
  ep128  loss 0.1618 (pw 0.0009 harm 1.4132)  [5s, 9,162 win/s]
  ep129  loss 0.1612 (pw 0.0009 harm 1.4116)  [5s, 9,144 win/s]
  ep130  loss 0.1637 (pw 0.0009 harm 1.4307)  [6s, 9,065 win/s]
  ep131  loss 0.1641 (pw 0.0009 harm 1.4408)  [6s, 9,046 win/s]
  ep132  loss 0.1641 (pw 0.0009 harm 1.4452)  [6s, 9,013 win/s]
  ep133  loss 0.1607 (pw 0.0008 harm 1.4113)  [5s, 9,111 win/s]
  ep134  loss 0.1622 (pw 0.0009 harm 1.4254)  [5s, 9,147 win/s]
  ep135  loss 0.1634 (pw 0.0009 harm 1.4378)  [5s, 9,132 win/s]
  ep136  loss 0.1622 (pw 0.0009 harm 1.4284)  [5s, 9,172 win/s]
  ep137  loss 0.1610 (pw 0.0009 harm 1.4163)  [5s, 9,172 win/s]
  ep138  loss 0.1619 (pw 0.0009 harm 1.4237)  [5s, 9,103 win/s]
  ep139  loss 0.1602 (pw 0.0008 harm 1.4164)  [5s, 9,144 win/s]
  ep140  loss 0.1609 (pw 0.0008 harm 1.4242)  [5s, 9,131 win/s]
  ep141  loss 0.1606 (pw 0.0008 harm 1.4154)  [5s, 9,121 win/s]
  ep142  loss 0.1585 (pw 0.0008 harm 1.4001)  [6s, 9,025 win/s]
  ep143  loss 0.1611 (pw 0.0009 harm 1.4152)  [6s, 9,070 win/s]
  ep144  loss 0.1639 (pw 0.0009 harm 1.4362)  [6s, 9,090 win/s]
  ep145  loss 0.1626 (pw 0.0008 harm 1.4398)  [6s, 9,090 win/s]
  ep146  loss 0.1604 (pw 0.0008 harm 1.4241)  [6s, 8,676 win/s]
  ep147  loss 0.1611 (pw 0.0009 harm 1.4260)  [6s, 8,703 win/s]
  ep148  loss 0.1622 (pw 0.0008 harm 1.4367)  [6s, 8,741 win/s]
  ep149  loss 0.1605 (pw 0.0008 harm 1.4152)  [6s, 8,676 win/s]
  ep150  loss 0.1625 (pw 0.0008 harm 1.4414)  [6s, 8,692 win/s]
  ep151  loss 0.1633 (pw 0.0009 harm 1.4417)  [6s, 8,877 win/s]
  ep152  loss 0.1630 (pw 0.0008 harm 1.4458)  [6s, 8,785 win/s]
  ep153  loss 0.1622 (pw 0.0008 harm 1.4379)  [6s, 9,056 win/s]
  ep154  loss 0.1587 (pw 0.0008 harm 1.4102)  [6s, 9,085 win/s]
  ep155  loss 0.1634 (pw 0.0008 harm 1.4466)  [5s, 9,170 win/s]
  ep156  loss 0.1609 (pw 0.0008 harm 1.4373)  [6s, 8,966 win/s]
  ep157  loss 0.1598 (pw 0.0008 harm 1.4201)  [6s, 8,784 win/s]
  ep158  loss 0.1597 (pw 0.0008 harm 1.4284)  [6s, 8,950 win/s]
  ep159  loss 0.1606 (pw 0.0008 harm 1.4283)  [6s, 8,763 win/s]
  ep160  loss 0.1592 (pw 0.0008 harm 1.4195)  [6s, 9,036 win/s]
  ep161  loss 0.1595 (pw 0.0008 harm 1.4128)  [6s, 9,042 win/s]
  ep162  loss 0.1608 (pw 0.0008 harm 1.4376)  [6s, 9,075 win/s]
  ep163  loss 0.1584 (pw 0.0008 harm 1.4143)  [6s, 9,048 win/s]
  ep164  loss 0.1590 (pw 0.0008 harm 1.4240)  [5s, 9,175 win/s]
  ep165  loss 0.1590 (pw 0.0008 harm 1.4137)  [5s, 9,160 win/s]
  ep166  loss 0.1623 (pw 0.0008 harm 1.4486)  [6s, 9,044 win/s]
  ep167  loss 0.1618 (pw 0.0008 harm 1.4389)  [6s, 8,968 win/s]
  ep168  loss 0.1582 (pw 0.0008 harm 1.4181)  [5s, 9,102 win/s]
  ep169  loss 0.1577 (pw 0.0008 harm 1.4136)  [5s, 9,179 win/s]
  ep170  loss 0.1617 (pw 0.0008 harm 1.4381)  [5s, 9,172 win/s]
  ep171  loss 0.1630 (pw 0.0008 harm 1.4596)  [5s, 9,133 win/s]
  ep172  loss 0.1577 (pw 0.0008 harm 1.4118)  [6s, 9,064 win/s]
  ep173  loss 0.1582 (pw 0.0008 harm 1.4187)  [5s, 9,127 win/s]
  ep174  loss 0.1580 (pw 0.0008 harm 1.4224)  [5s, 9,144 win/s]
  ep175  loss 0.1579 (pw 0.0008 harm 1.4071)  [5s, 9,123 win/s]
  ep176  loss 0.1570 (pw 0.0008 harm 1.4047)  [5s, 9,154 win/s]
  ep177  loss 0.1635 (pw 0.0008 harm 1.4558)  [6s, 9,057 win/s]
  ep178  loss 0.1577 (pw 0.0008 harm 1.4171)  [6s, 8,852 win/s]
  ep179  loss 0.1605 (pw 0.0008 harm 1.4382)  [6s, 8,750 win/s]
  ep180  loss 0.1549 (pw 0.0008 harm 1.3875)  [6s, 8,786 win/s]
  ep181  loss 0.1588 (pw 0.0008 harm 1.4260)  [6s, 8,664 win/s]
  ep182  loss 0.1599 (pw 0.0008 harm 1.4402)  [6s, 8,427 win/s]
  ep183  loss 0.1586 (pw 0.0008 harm 1.4323)  [6s, 8,526 win/s]
  ep184  loss 0.1587 (pw 0.0008 harm 1.4333)  [6s, 8,631 win/s]
  ep185  loss 0.1595 (pw 0.0008 harm 1.4374)  [6s, 8,623 win/s]
  ep186  loss 0.1606 (pw 0.0008 harm 1.4533)  [6s, 8,593 win/s]
  ep187  loss 0.1577 (pw 0.0008 harm 1.4189)  [6s, 8,616 win/s]
  ep188  loss 0.1602 (pw 0.0008 harm 1.4499)  [6s, 8,486 win/s]
  ep189  loss 0.1574 (pw 0.0008 harm 1.4255)  [6s, 8,640 win/s]
  ep190  loss 0.1575 (pw 0.0008 harm 1.4286)  [6s, 8,763 win/s]
  ep191  loss 0.1592 (pw 0.0008 harm 1.4358)  [6s, 9,042 win/s]
  ep192  loss 0.1570 (pw 0.0008 harm 1.4188)  [6s, 8,770 win/s]
  ep193  loss 0.1577 (pw 0.0007 harm 1.4331)  [6s, 8,464 win/s]
  ep194  loss 0.1595 (pw 0.0008 harm 1.4278)  [6s, 8,902 win/s]
  ep195  loss 0.1563 (pw 0.0008 harm 1.4039)  [6s, 8,880 win/s]
  ep196  loss 0.1592 (pw 0.0007 harm 1.4446)  [6s, 8,817 win/s]
  ep197  loss 0.1586 (pw 0.0008 harm 1.4300)  [6s, 8,717 win/s]
  ep198  loss 0.1557 (pw 0.0008 harm 1.4068)  [6s, 8,877 win/s]
  ep199  loss 0.1589 (pw 0.0008 harm 1.4340)  [6s, 8,763 win/s]
  ep200  loss 0.1577 (pw 0.0008 harm 1.4274)  |  MAE 3.142W  F1 0.9765  저항3종 1.000  잔차 26.3W  [6s 학습 / 0s 평가, 8,606 win/s]
  ep201  loss 0.1565 (pw 0.0008 harm 1.4161)  [6s, 8,841 win/s]
  ep202  loss 0.1552 (pw 0.0007 harm 1.4062)  [6s, 8,776 win/s]
  ep203  loss 0.1563 (pw 0.0007 harm 1.4144)  [6s, 8,736 win/s]
  ep204  loss 0.1569 (pw 0.0007 harm 1.4292)  [6s, 8,522 win/s]
  ep205  loss 0.1556 (pw 0.0007 harm 1.4142)  [6s, 8,591 win/s]
  ep206  loss 0.1614 (pw 0.0008 harm 1.4571)  [6s, 8,644 win/s]
  ep207  loss 0.1601 (pw 0.0008 harm 1.4513)  [6s, 8,667 win/s]
  ep208  loss 0.1556 (pw 0.0007 harm 1.4064)  [6s, 8,751 win/s]
  ep209  loss 0.1561 (pw 0.0007 harm 1.4210)  [6s, 8,782 win/s]
  ep210  loss 0.1561 (pw 0.0007 harm 1.4181)  [6s, 8,829 win/s]
  ep211  loss 0.1570 (pw 0.0007 harm 1.4258)  [6s, 8,880 win/s]
  ep212  loss 0.1572 (pw 0.0007 harm 1.4313)  [6s, 8,838 win/s]
  ep213  loss 0.1556 (pw 0.0007 harm 1.4072)  [6s, 8,822 win/s]
  ep214  loss 0.1576 (pw 0.0007 harm 1.4367)  [6s, 8,636 win/s]
  ep215  loss 0.1548 (pw 0.0007 harm 1.4127)  [6s, 8,878 win/s]
  ep216  loss 0.1559 (pw 0.0007 harm 1.4146)  [6s, 8,709 win/s]
  ep217  loss 0.1555 (pw 0.0007 harm 1.4187)  [6s, 9,043 win/s]
  ep218  loss 0.1570 (pw 0.0007 harm 1.4252)  [6s, 9,016 win/s]
  ep219  loss 0.1590 (pw 0.0007 harm 1.4461)  [5s, 9,101 win/s]
  ep220  loss 0.1581 (pw 0.0007 harm 1.4346)  [6s, 9,066 win/s]
  ep221  loss 0.1560 (pw 0.0007 harm 1.4155)  [6s, 8,858 win/s]
  ep222  loss 0.1574 (pw 0.0007 harm 1.4351)  [6s, 8,982 win/s]
  ep223  loss 0.1571 (pw 0.0007 harm 1.4304)  [6s, 9,025 win/s]
  ep224  loss 0.1588 (pw 0.0007 harm 1.4507)  [5s, 9,133 win/s]
  ep225  loss 0.1575 (pw 0.0007 harm 1.4429)  [6s, 8,998 win/s]
  ep226  loss 0.1566 (pw 0.0007 harm 1.4375)  [6s, 8,446 win/s]
  ep227  loss 0.1573 (pw 0.0007 harm 1.4319)  [6s, 8,833 win/s]
  ep228  loss 0.1543 (pw 0.0007 harm 1.4021)  [6s, 8,797 win/s]
  ep229  loss 0.1545 (pw 0.0007 harm 1.4109)  [6s, 8,857 win/s]
  ep230  loss 0.1540 (pw 0.0007 harm 1.4005)  [6s, 8,627 win/s]
  ep231  loss 0.1547 (pw 0.0007 harm 1.4149)  [6s, 8,772 win/s]
  ep232  loss 0.1544 (pw 0.0007 harm 1.4071)  [6s, 8,747 win/s]
  ep233  loss 0.1572 (pw 0.0007 harm 1.4350)  [6s, 8,810 win/s]
  ep234  loss 0.1535 (pw 0.0007 harm 1.4050)  [6s, 8,825 win/s]
  ep235  loss 0.1592 (pw 0.0007 harm 1.4581)  [6s, 8,825 win/s]
  ep236  loss 0.1568 (pw 0.0007 harm 1.4310)  [6s, 8,815 win/s]
  ep237  loss 0.1546 (pw 0.0007 harm 1.4120)  [6s, 8,854 win/s]
  ep238  loss 0.1560 (pw 0.0007 harm 1.4320)  [6s, 8,853 win/s]
  ep239  loss 0.1553 (pw 0.0007 harm 1.4224)  [6s, 8,793 win/s]
  ep240  loss 0.1536 (pw 0.0007 harm 1.4096)  [6s, 8,873 win/s]
  ep241  loss 0.1576 (pw 0.0007 harm 1.4344)  [6s, 8,840 win/s]
  ep242  loss 0.1550 (pw 0.0007 harm 1.4205)  [6s, 8,865 win/s]
  ep243  loss 0.1541 (pw 0.0007 harm 1.4104)  [6s, 8,845 win/s]
  ep244  loss 0.1548 (pw 0.0007 harm 1.4180)  [6s, 8,842 win/s]
  ep245  loss 0.1546 (pw 0.0007 harm 1.4216)  [6s, 8,815 win/s]
  ep246  loss 0.1533 (pw 0.0007 harm 1.4065)  [6s, 8,818 win/s]
  ep247  loss 0.1542 (pw 0.0007 harm 1.4090)  [6s, 8,872 win/s]
  ep248  loss 0.1553 (pw 0.0007 harm 1.4269)  [6s, 8,816 win/s]
  ep249  loss 0.1561 (pw 0.0007 harm 1.4270)  [6s, 8,834 win/s]
  ep250  loss 0.1556 (pw 0.0007 harm 1.4300)  [6s, 8,791 win/s]
  ep251  loss 0.1532 (pw 0.0007 harm 1.4069)  [6s, 8,826 win/s]
  ep252  loss 0.1576 (pw 0.0007 harm 1.4464)  [6s, 8,820 win/s]
  ep253  loss 0.1547 (pw 0.0007 harm 1.4185)  [6s, 8,838 win/s]
  ep254  loss 0.1585 (pw 0.0007 harm 1.4520)  [6s, 8,871 win/s]
  ep255  loss 0.1565 (pw 0.0007 harm 1.4346)  [6s, 8,839 win/s]
  ep256  loss 0.1553 (pw 0.0007 harm 1.4263)  [6s, 8,843 win/s]
  ep257  loss 0.1555 (pw 0.0007 harm 1.4281)  [6s, 8,791 win/s]
  ep258  loss 0.1528 (pw 0.0007 harm 1.4034)  [6s, 8,833 win/s]
  ep259  loss 0.1554 (pw 0.0007 harm 1.4245)  [6s, 8,544 win/s]
  ep260  loss 0.1550 (pw 0.0007 harm 1.4265)  [6s, 8,668 win/s]
  ep261  loss 0.1558 (pw 0.0007 harm 1.4324)  [6s, 8,805 win/s]
  ep262  loss 0.1559 (pw 0.0007 harm 1.4319)  [6s, 8,794 win/s]
  ep263  loss 0.1546 (pw 0.0007 harm 1.4221)  [6s, 8,841 win/s]
  ep264  loss 0.1548 (pw 0.0007 harm 1.4197)  [6s, 8,849 win/s]
  ep265  loss 0.1585 (pw 0.0007 harm 1.4552)  [6s, 8,625 win/s]
  ep266  loss 0.1542 (pw 0.0007 harm 1.4148)  [6s, 8,706 win/s]
  ep267  loss 0.1587 (pw 0.0007 harm 1.4617)  [6s, 8,721 win/s]
  ep268  loss 0.1547 (pw 0.0007 harm 1.4226)  [6s, 8,736 win/s]
  ep269  loss 0.1539 (pw 0.0007 harm 1.4146)  [6s, 8,747 win/s]
  ep270  loss 0.1535 (pw 0.0007 harm 1.4086)  [6s, 8,785 win/s]
  ep271  loss 0.1572 (pw 0.0007 harm 1.4449)  [6s, 8,742 win/s]
  ep272  loss 0.1534 (pw 0.0007 harm 1.4148)  [6s, 8,760 win/s]
  ep273  loss 0.1572 (pw 0.0007 harm 1.4472)  [6s, 8,850 win/s]
  ep274  loss 0.1556 (pw 0.0007 harm 1.4313)  [5s, 9,136 win/s]
  ep275  loss 0.1549 (pw 0.0007 harm 1.4212)  [5s, 9,117 win/s]
  ep276  loss 0.1558 (pw 0.0007 harm 1.4320)  [5s, 9,122 win/s]
  ep277  loss 0.1550 (pw 0.0007 harm 1.4309)  [5s, 9,132 win/s]
  ep278  loss 0.1558 (pw 0.0007 harm 1.4352)  [5s, 9,124 win/s]
  ep279  loss 0.1542 (pw 0.0007 harm 1.4174)  [5s, 9,125 win/s]
  ep280  loss 0.1530 (pw 0.0007 harm 1.4066)  [6s, 9,071 win/s]
  ep281  loss 0.1583 (pw 0.0007 harm 1.4556)  [6s, 8,818 win/s]
  ep282  loss 0.1558 (pw 0.0007 harm 1.4363)  [6s, 8,922 win/s]
  ep283  loss 0.1544 (pw 0.0007 harm 1.4217)  [6s, 8,964 win/s]
  ep284  loss 0.1539 (pw 0.0007 harm 1.4145)  [6s, 8,968 win/s]
  ep285  loss 0.1550 (pw 0.0007 harm 1.4240)  [6s, 8,962 win/s]
  ep286  loss 0.1571 (pw 0.0007 harm 1.4480)  [6s, 8,952 win/s]
  ep287  loss 0.1534 (pw 0.0007 harm 1.4103)  [6s, 8,948 win/s]
  ep288  loss 0.1534 (pw 0.0007 harm 1.4109)  [6s, 8,976 win/s]
  ep289  loss 0.1567 (pw 0.0007 harm 1.4436)  [6s, 8,986 win/s]
  ep290  loss 0.1539 (pw 0.0007 harm 1.4165)  [6s, 8,976 win/s]
  ep291  loss 0.1520 (pw 0.0007 harm 1.3961)  [6s, 8,941 win/s]
  ep292  loss 0.1552 (pw 0.0007 harm 1.4246)  [6s, 8,764 win/s]
  ep293  loss 0.1539 (pw 0.0007 harm 1.4157)  [6s, 8,828 win/s]
  ep294  loss 0.1566 (pw 0.0007 harm 1.4409)  [6s, 8,810 win/s]
  ep295  loss 0.1558 (pw 0.0007 harm 1.4320)  [6s, 8,782 win/s]
  ep296  loss 0.1527 (pw 0.0007 harm 1.4072)  [6s, 8,826 win/s]
  ep297  loss 0.1532 (pw 0.0007 harm 1.4102)  [6s, 8,837 win/s]
  ep298  loss 0.1541 (pw 0.0007 harm 1.4185)  [6s, 8,788 win/s]
  ep299  loss 0.1563 (pw 0.0007 harm 1.4368)  [6s, 8,813 win/s]
  ep300  loss 0.1585 (pw 0.0007 harm 1.4588)  |  MAE 3.171W  F1 0.9777  저항3종 1.000  잔차 26.6W  [6s 학습 / 0s 평가, 8,814 win/s]

가전                     양성      MAE   MAE(on)    nMAE    RE중앙    편향(on)      FA     FA(고부하)      전가     F1
---------------------------------------------------------------------------------------------------------
air_conditioner       295     0.81     21.84   0.028   0.050     -5.52    0.00        0.00   +0.00  0.976
beam_projector       1266     0.55      3.49   0.069   0.058     -2.42    0.00        0.01   +0.01  0.986
electiric_kettle      983    10.21     82.00   0.053   0.052    -49.74    0.15        1.23   +1.22  0.999
fan                  1386     0.63      3.07   0.080   0.042     -1.50    0.12        0.50   +0.49  0.971
hair_dryer            785     5.14     51.89   0.054   0.060    +32.30    0.05        0.29   +0.28  0.999
hotplate              373     5.88     35.38   0.065   0.065     -7.61    4.44       13.71  +11.51  0.923
laptop_charger       1505     1.06      5.30   0.080   0.108     -1.26    0.07        0.07   -0.00  0.995
minipc               1531     0.58      2.73   0.126   0.149     -0.25    0.07        0.11   +0.05  0.973
oven                  920     3.68     31.47   0.026   0.055    -13.72    0.07        0.20   +0.15  0.976

  기기 평균 MAE 3.17W | F1 평균 0.978 | 최악 F1 0.923 (hotplate)
  저항3종 혼동 정확도 1.000 | 오븐→포트 0/188 (0.0%)
  저부하 FA_rel(고부하 동시) < 0.15 : 4/4
  총전력 잔차 절대 평균 26.58W

                            Phase1 GBM    Phase3 CNN
  기기 평균 MAE (W)                  1.760         3.171   패
  F1 평균                          0.956         0.978   승
  저항3종 정확도                       0.993         1.000   승
  총전력 잔차 (W)                    14.244        26.580   패

완료 1684s | results\cnn_sw_base_s1.json
====================================================================================

### [sw_base_s1] 1단계 exit=0  Sat Aug 22 23:55:43     2026
### [sw_base_s1] 2단계 exit=0
### [sw_base_s1] LOFO 3폴드 완료 Sun Aug 23 00:02:25     2026
### [sw_fd02_s1] 1단계 Sun Aug 23 00:02:25     2026
====================================================================================
[Phase 3] 2갈래 CNN — 세밀 10초@60Hz + 광역 60초@2Hz, 타깃 끝-1초
====================================================================================
평가: 홀드아웃 8,000창 (뒤 20%) | sha a2f4974fe456dc3b | 타깃 3239/3600
모델 0.61M 파라미터 | 배치 512 | 300 epoch x 50,000창 = 29,100 step | 장치 cuda
손실 가중치: power 1.0 / state .3 / on .3 / plugged .1 / standby .1 / harm 0.1 / cons 0.0 / over 0.0
학습 데이터: 캐시 cache/train60_v17 — 독립 창 300,000개 (14.6GB) | epoch 당 50,000창 -> 전체 50.0회 재사용
  ep  1  loss 0.5456 (pw 0.0100 harm 2.1597)  [7s, 7,073 win/s]
  ep  2  loss 0.3650 (pw 0.0079 harm 2.0094)  [6s, 8,051 win/s]
  ep  3  loss 0.3314 (pw 0.0068 harm 1.9627)  [6s, 9,067 win/s]
  ep  4  loss 0.3154 (pw 0.0063 harm 1.9426)  [7s, 7,668 win/s]
  ep  5  loss 0.2984 (pw 0.0058 harm 1.8629)  [7s, 7,674 win/s]
  ep  6  loss 0.2787 (pw 0.0052 harm 1.7135)  [6s, 9,054 win/s]
  ep  7  loss 0.2629 (pw 0.0046 harm 1.6221)  [5s, 9,092 win/s]
  ep  8  loss 0.2607 (pw 0.0043 harm 1.6343)  [6s, 9,067 win/s]
  ep  9  loss 0.2503 (pw 0.0039 harm 1.5873)  [6s, 8,916 win/s]
  ep 10  loss 0.2409 (pw 0.0036 harm 1.5493)  [6s, 9,077 win/s]
  ep 11  loss 0.2380 (pw 0.0034 harm 1.5521)  [6s, 9,077 win/s]
  ep 12  loss 0.2338 (pw 0.0033 harm 1.5411)  [5s, 9,122 win/s]
  ep 13  loss 0.2333 (pw 0.0032 harm 1.5510)  [6s, 9,078 win/s]
  ep 14  loss 0.2292 (pw 0.0032 harm 1.5307)  [6s, 9,013 win/s]
  ep 15  loss 0.2230 (pw 0.0030 harm 1.4856)  [6s, 8,871 win/s]
  ep 16  loss 0.2266 (pw 0.0030 harm 1.5277)  [6s, 8,886 win/s]
  ep 17  loss 0.2185 (pw 0.0029 harm 1.4787)  [6s, 8,875 win/s]
  ep 18  loss 0.2207 (pw 0.0029 harm 1.5069)  [6s, 8,892 win/s]
  ep 19  loss 0.2190 (pw 0.0029 harm 1.5023)  [6s, 8,898 win/s]
  ep 20  loss 0.2183 (pw 0.0028 harm 1.5062)  [6s, 8,911 win/s]
  ep 21  loss 0.2145 (pw 0.0028 harm 1.4712)  [6s, 8,805 win/s]
  ep 22  loss 0.2134 (pw 0.0028 harm 1.4761)  [6s, 8,963 win/s]
  ep 23  loss 0.2131 (pw 0.0026 harm 1.4847)  [5s, 9,148 win/s]
  ep 24  loss 0.2119 (pw 0.0027 harm 1.4818)  [5s, 9,137 win/s]
  ep 25  loss 0.2086 (pw 0.0025 harm 1.4612)  [5s, 9,165 win/s]
  ep 26  loss 0.2107 (pw 0.0026 harm 1.4920)  [5s, 9,112 win/s]
  ep 27  loss 0.2103 (pw 0.0026 harm 1.4864)  [5s, 9,146 win/s]
  ep 28  loss 0.2097 (pw 0.0026 harm 1.4925)  [5s, 9,107 win/s]
  ep 29  loss 0.2084 (pw 0.0025 harm 1.4830)  [5s, 9,122 win/s]
  ep 30  loss 0.2078 (pw 0.0025 harm 1.4838)  [5s, 9,159 win/s]
  ep 31  loss 0.2050 (pw 0.0024 harm 1.4695)  [6s, 9,048 win/s]
  ep 32  loss 0.2046 (pw 0.0024 harm 1.4665)  [6s, 8,930 win/s]
  ep 33  loss 0.2030 (pw 0.0024 harm 1.4607)  [6s, 8,904 win/s]
  ep 34  loss 0.2066 (pw 0.0024 harm 1.4970)  [6s, 8,924 win/s]
  ep 35  loss 0.2020 (pw 0.0023 harm 1.4603)  [6s, 8,885 win/s]
  ep 36  loss 0.2005 (pw 0.0023 harm 1.4533)  [6s, 8,902 win/s]
  ep 37  loss 0.2000 (pw 0.0022 harm 1.4543)  [6s, 8,871 win/s]
  ep 38  loss 0.1997 (pw 0.0023 harm 1.4559)  [6s, 8,881 win/s]
  ep 39  loss 0.1997 (pw 0.0024 harm 1.4561)  [6s, 8,918 win/s]
  ep 40  loss 0.2014 (pw 0.0023 harm 1.4761)  [6s, 8,908 win/s]
  ep 41  loss 0.2002 (pw 0.0022 harm 1.4681)  [6s, 8,905 win/s]
  ep 42  loss 0.2002 (pw 0.0022 harm 1.4710)  [6s, 8,908 win/s]
  ep 43  loss 0.1975 (pw 0.0022 harm 1.4541)  [6s, 8,875 win/s]
  ep 44  loss 0.2010 (pw 0.0022 harm 1.4902)  [6s, 9,029 win/s]
  ep 45  loss 0.1985 (pw 0.0022 harm 1.4679)  [6s, 8,923 win/s]
  ep 46  loss 0.2001 (pw 0.0022 harm 1.4830)  [6s, 9,039 win/s]
  ep 47  loss 0.1979 (pw 0.0021 harm 1.4726)  [6s, 8,953 win/s]
  ep 48  loss 0.1961 (pw 0.0021 harm 1.4589)  [6s, 8,951 win/s]
  ep 49  loss 0.1943 (pw 0.0021 harm 1.4458)  [6s, 8,938 win/s]
  ep 50  loss 0.1944 (pw 0.0021 harm 1.4415)  [6s, 8,919 win/s]
  ep 51  loss 0.1957 (pw 0.0021 harm 1.4657)  [6s, 9,022 win/s]
  ep 52  loss 0.1936 (pw 0.0021 harm 1.4491)  [6s, 8,936 win/s]
  ep 53  loss 0.1931 (pw 0.0021 harm 1.4396)  [6s, 9,048 win/s]
  ep 54  loss 0.1996 (pw 0.0021 harm 1.4938)  [6s, 9,050 win/s]
  ep 55  loss 0.1946 (pw 0.0020 harm 1.4582)  [6s, 9,050 win/s]
  ep 56  loss 0.1958 (pw 0.0021 harm 1.4728)  [5s, 9,116 win/s]
  ep 57  loss 0.1949 (pw 0.0021 harm 1.4667)  [6s, 8,993 win/s]
  ep 58  loss 0.1906 (pw 0.0020 harm 1.4365)  [6s, 9,020 win/s]
  ep 59  loss 0.1953 (pw 0.0020 harm 1.4761)  [6s, 8,755 win/s]
  ep 60  loss 0.1926 (pw 0.0020 harm 1.4613)  [6s, 9,082 win/s]
  ep 61  loss 0.1947 (pw 0.0020 harm 1.4816)  [5s, 9,328 win/s]
  ep 62  loss 0.1924 (pw 0.0020 harm 1.4610)  [5s, 9,329 win/s]
  ep 63  loss 0.1900 (pw 0.0019 harm 1.4426)  [5s, 9,158 win/s]
  ep 64  loss 0.1898 (pw 0.0019 harm 1.4435)  [5s, 9,165 win/s]
  ep 65  loss 0.1903 (pw 0.0019 harm 1.4483)  [5s, 9,169 win/s]
  ep 66  loss 0.1937 (pw 0.0020 harm 1.4749)  [6s, 8,862 win/s]
  ep 67  loss 0.1900 (pw 0.0020 harm 1.4560)  [5s, 9,096 win/s]
  ep 68  loss 0.1885 (pw 0.0019 harm 1.4436)  [5s, 9,190 win/s]
  ep 69  loss 0.1880 (pw 0.0019 harm 1.4363)  [5s, 9,164 win/s]
  ep 70  loss 0.1878 (pw 0.0019 harm 1.4303)  [5s, 9,172 win/s]
  ep 71  loss 0.1929 (pw 0.0019 harm 1.4782)  [5s, 9,160 win/s]
  ep 72  loss 0.1884 (pw 0.0019 harm 1.4459)  [5s, 9,157 win/s]
  ep 73  loss 0.1892 (pw 0.0018 harm 1.4571)  [6s, 9,010 win/s]
  ep 74  loss 0.1898 (pw 0.0019 harm 1.4576)  [6s, 9,089 win/s]
  ep 75  loss 0.1926 (pw 0.0019 harm 1.4830)  [6s, 9,083 win/s]
  ep 76  loss 0.1906 (pw 0.0018 harm 1.4776)  [6s, 8,973 win/s]
  ep 77  loss 0.1924 (pw 0.0019 harm 1.4830)  [6s, 9,043 win/s]
  ep 78  loss 0.1872 (pw 0.0018 harm 1.4452)  [6s, 8,648 win/s]
  ep 79  loss 0.1907 (pw 0.0019 harm 1.4753)  [5s, 9,106 win/s]
  ep 80  loss 0.1893 (pw 0.0019 harm 1.4586)  [6s, 9,088 win/s]
  ep 81  loss 0.1875 (pw 0.0018 harm 1.4474)  [6s, 8,979 win/s]
  ep 82  loss 0.1892 (pw 0.0018 harm 1.4711)  [6s, 9,040 win/s]
  ep 83  loss 0.1875 (pw 0.0018 harm 1.4459)  [6s, 8,837 win/s]
  ep 84  loss 0.1895 (pw 0.0018 harm 1.4752)  [5s, 9,100 win/s]
  ep 85  loss 0.1853 (pw 0.0018 harm 1.4374)  [6s, 8,951 win/s]
  ep 86  loss 0.1848 (pw 0.0018 harm 1.4394)  [5s, 9,198 win/s]
  ep 87  loss 0.1863 (pw 0.0019 harm 1.4411)  [5s, 9,155 win/s]
  ep 88  loss 0.1885 (pw 0.0018 harm 1.4618)  [5s, 9,122 win/s]
  ep 89  loss 0.1872 (pw 0.0018 harm 1.4585)  [6s, 9,091 win/s]
  ep 90  loss 0.1831 (pw 0.0017 harm 1.4300)  [5s, 9,141 win/s]
  ep 91  loss 0.1858 (pw 0.0018 harm 1.4521)  [5s, 9,191 win/s]
  ep 92  loss 0.1852 (pw 0.0017 harm 1.4464)  [6s, 9,029 win/s]
  ep 93  loss 0.1853 (pw 0.0018 harm 1.4436)  [5s, 9,140 win/s]
  ep 94  loss 0.1873 (pw 0.0017 harm 1.4716)  [6s, 9,029 win/s]
  ep 95  loss 0.1858 (pw 0.0017 harm 1.4542)  [5s, 9,138 win/s]
  ep 96  loss 0.1846 (pw 0.0017 harm 1.4477)  [6s, 9,031 win/s]
  ep 97  loss 0.1839 (pw 0.0017 harm 1.4399)  [6s, 9,029 win/s]
  ep 98  loss 0.1828 (pw 0.0017 harm 1.4350)  [5s, 9,104 win/s]
  ep 99  loss 0.1846 (pw 0.0017 harm 1.4463)  [6s, 8,952 win/s]
  ep100  loss 0.1830 (pw 0.0016 harm 1.4407)  |  MAE 3.416W  F1 0.9733  저항3종 0.999  잔차 27.3W  [6s 학습 / 0s 평가, 8,906 win/s]
  ep101  loss 0.1870 (pw 0.0018 harm 1.4686)  [6s, 8,911 win/s]
  ep102  loss 0.1846 (pw 0.0017 harm 1.4459)  [5s, 9,169 win/s]
  ep103  loss 0.1877 (pw 0.0017 harm 1.4810)  [5s, 9,167 win/s]
  ep104  loss 0.1839 (pw 0.0017 harm 1.4466)  [5s, 9,150 win/s]
  ep105  loss 0.1841 (pw 0.0017 harm 1.4451)  [5s, 9,203 win/s]
  ep106  loss 0.1863 (pw 0.0017 harm 1.4713)  [5s, 9,124 win/s]
  ep107  loss 0.1828 (pw 0.0017 harm 1.4356)  [5s, 9,203 win/s]
  ep108  loss 0.1837 (pw 0.0017 harm 1.4499)  [5s, 9,139 win/s]
  ep109  loss 0.1823 (pw 0.0017 harm 1.4372)  [5s, 9,159 win/s]
  ep110  loss 0.1845 (pw 0.0017 harm 1.4614)  [5s, 9,124 win/s]
  ep111  loss 0.1825 (pw 0.0017 harm 1.4451)  [5s, 9,108 win/s]
  ep112  loss 0.1842 (pw 0.0016 harm 1.4664)  [5s, 9,121 win/s]
  ep113  loss 0.1840 (pw 0.0016 harm 1.4611)  [6s, 8,995 win/s]
  ep114  loss 0.1833 (pw 0.0016 harm 1.4549)  [6s, 9,085 win/s]
  ep115  loss 0.1801 (pw 0.0015 harm 1.4307)  [6s, 9,083 win/s]
  ep116  loss 0.1803 (pw 0.0016 harm 1.4312)  [6s, 8,956 win/s]
  ep117  loss 0.1818 (pw 0.0017 harm 1.4368)  [6s, 8,990 win/s]
  ep118  loss 0.1820 (pw 0.0016 harm 1.4490)  [6s, 8,842 win/s]
  ep119  loss 0.1836 (pw 0.0016 harm 1.4670)  [5s, 9,158 win/s]
  ep120  loss 0.1825 (pw 0.0016 harm 1.4597)  [6s, 8,861 win/s]
  ep121  loss 0.1793 (pw 0.0016 harm 1.4226)  [5s, 9,163 win/s]
  ep122  loss 0.1826 (pw 0.0017 harm 1.4499)  [6s, 9,017 win/s]
  ep123  loss 0.1804 (pw 0.0015 harm 1.4373)  [6s, 9,076 win/s]
  ep124  loss 0.1830 (pw 0.0016 harm 1.4579)  [6s, 8,927 win/s]
  ep125  loss 0.1831 (pw 0.0016 harm 1.4652)  [6s, 8,865 win/s]
  ep126  loss 0.1835 (pw 0.0016 harm 1.4695)  [6s, 8,986 win/s]
  ep127  loss 0.1831 (pw 0.0016 harm 1.4707)  [6s, 9,037 win/s]
  ep128  loss 0.1799 (pw 0.0015 harm 1.4347)  [6s, 9,051 win/s]
  ep129  loss 0.1791 (pw 0.0016 harm 1.4332)  [6s, 9,042 win/s]
  ep130  loss 0.1815 (pw 0.0016 harm 1.4531)  [6s, 9,039 win/s]
  ep131  loss 0.1819 (pw 0.0016 harm 1.4624)  [6s, 9,048 win/s]
  ep132  loss 0.1823 (pw 0.0015 harm 1.4671)  [6s, 9,056 win/s]
  ep133  loss 0.1786 (pw 0.0015 harm 1.4329)  [6s, 9,055 win/s]
  ep134  loss 0.1806 (pw 0.0015 harm 1.4472)  [6s, 8,977 win/s]
  ep135  loss 0.1819 (pw 0.0015 harm 1.4595)  [6s, 9,087 win/s]
  ep136  loss 0.1808 (pw 0.0015 harm 1.4502)  [6s, 8,976 win/s]
  ep137  loss 0.1791 (pw 0.0015 harm 1.4384)  [6s, 8,911 win/s]
  ep138  loss 0.1805 (pw 0.0016 harm 1.4451)  [6s, 8,846 win/s]
  ep139  loss 0.1786 (pw 0.0015 harm 1.4378)  [6s, 8,803 win/s]
  ep140  loss 0.1790 (pw 0.0015 harm 1.4449)  [6s, 8,897 win/s]
  ep141  loss 0.1781 (pw 0.0015 harm 1.4363)  [6s, 8,919 win/s]
  ep142  loss 0.1770 (pw 0.0015 harm 1.4221)  [6s, 8,909 win/s]
  ep143  loss 0.1790 (pw 0.0015 harm 1.4364)  [6s, 8,920 win/s]
  ep144  loss 0.1813 (pw 0.0015 harm 1.4569)  [6s, 8,919 win/s]
  ep145  loss 0.1810 (pw 0.0015 harm 1.4617)  [6s, 8,911 win/s]
  ep146  loss 0.1789 (pw 0.0015 harm 1.4459)  [6s, 8,919 win/s]
  ep147  loss 0.1796 (pw 0.0015 harm 1.4473)  [6s, 8,914 win/s]
  ep148  loss 0.1799 (pw 0.0015 harm 1.4575)  [6s, 8,929 win/s]
  ep149  loss 0.1781 (pw 0.0015 harm 1.4362)  [6s, 8,926 win/s]
  ep150  loss 0.1809 (pw 0.0016 harm 1.4644)  [6s, 8,826 win/s]
  ep151  loss 0.1808 (pw 0.0015 harm 1.4622)  [6s, 8,884 win/s]
  ep152  loss 0.1807 (pw 0.0015 harm 1.4664)  [6s, 8,731 win/s]
  ep153  loss 0.1802 (pw 0.0015 harm 1.4590)  [5s, 9,119 win/s]
  ep154  loss 0.1776 (pw 0.0015 harm 1.4316)  [5s, 9,114 win/s]
  ep155  loss 0.1807 (pw 0.0015 harm 1.4667)  [5s, 9,137 win/s]
  ep156  loss 0.1792 (pw 0.0014 harm 1.4587)  [6s, 9,036 win/s]
  ep157  loss 0.1780 (pw 0.0014 harm 1.4406)  [5s, 9,139 win/s]
  ep158  loss 0.1776 (pw 0.0015 harm 1.4495)  [6s, 8,891 win/s]
  ep159  loss 0.1785 (pw 0.0015 harm 1.4490)  [5s, 9,099 win/s]
  ep160  loss 0.1771 (pw 0.0014 harm 1.4409)  [5s, 9,140 win/s]
  ep161  loss 0.1776 (pw 0.0015 harm 1.4341)  [5s, 9,100 win/s]
  ep162  loss 0.1789 (pw 0.0014 harm 1.4580)  [6s, 9,076 win/s]
  ep163  loss 0.1761 (pw 0.0015 harm 1.4348)  [6s, 8,949 win/s]
  ep164  loss 0.1770 (pw 0.0014 harm 1.4448)  [6s, 8,999 win/s]
  ep165  loss 0.1769 (pw 0.0015 harm 1.4350)  [6s, 8,847 win/s]
  ep166  loss 0.1801 (pw 0.0015 harm 1.4703)  [6s, 9,058 win/s]
  ep167  loss 0.1795 (pw 0.0015 harm 1.4607)  [6s, 9,006 win/s]
  ep168  loss 0.1767 (pw 0.0014 harm 1.4393)  [6s, 8,975 win/s]
  ep169  loss 0.1757 (pw 0.0014 harm 1.4340)  [6s, 9,085 win/s]
  ep170  loss 0.1797 (pw 0.0015 harm 1.4593)  [6s, 8,996 win/s]
  ep171  loss 0.1811 (pw 0.0015 harm 1.4812)  [6s, 9,041 win/s]
  ep172  loss 0.1751 (pw 0.0014 harm 1.4316)  [5s, 9,093 win/s]
  ep173  loss 0.1763 (pw 0.0014 harm 1.4402)  [5s, 9,110 win/s]
  ep174  loss 0.1760 (pw 0.0014 harm 1.4433)  [6s, 9,012 win/s]
  ep175  loss 0.1757 (pw 0.0014 harm 1.4277)  [6s, 9,090 win/s]
  ep176  loss 0.1747 (pw 0.0014 harm 1.4255)  [5s, 9,120 win/s]
  ep177  loss 0.1803 (pw 0.0014 harm 1.4759)  [6s, 8,795 win/s]
  ep178  loss 0.1758 (pw 0.0014 harm 1.4377)  [6s, 8,960 win/s]
  ep179  loss 0.1786 (pw 0.0015 harm 1.4594)  [6s, 9,027 win/s]
  ep180  loss 0.1726 (pw 0.0014 harm 1.4079)  [6s, 9,029 win/s]
  ep181  loss 0.1760 (pw 0.0014 harm 1.4452)  [6s, 9,024 win/s]
  ep182  loss 0.1779 (pw 0.0014 harm 1.4609)  [6s, 8,992 win/s]
  ep183  loss 0.1764 (pw 0.0014 harm 1.4519)  [6s, 9,054 win/s]
  ep184  loss 0.1767 (pw 0.0014 harm 1.4533)  [6s, 9,008 win/s]
  ep185  loss 0.1775 (pw 0.0014 harm 1.4577)  [6s, 9,004 win/s]
  ep186  loss 0.1785 (pw 0.0014 harm 1.4738)  [6s, 9,004 win/s]
  ep187  loss 0.1757 (pw 0.0014 harm 1.4397)  [6s, 9,054 win/s]
  ep188  loss 0.1781 (pw 0.0014 harm 1.4696)  [6s, 9,009 win/s]
  ep189  loss 0.1748 (pw 0.0013 harm 1.4454)  [6s, 8,762 win/s]
  ep190  loss 0.1751 (pw 0.0013 harm 1.4473)  [6s, 8,888 win/s]
  ep191  loss 0.1773 (pw 0.0014 harm 1.4564)  [6s, 8,858 win/s]
  ep192  loss 0.1752 (pw 0.0014 harm 1.4397)  [6s, 8,909 win/s]
  ep193  loss 0.1758 (pw 0.0014 harm 1.4530)  [6s, 8,898 win/s]
  ep194  loss 0.1775 (pw 0.0014 harm 1.4479)  [6s, 8,861 win/s]
  ep195  loss 0.1744 (pw 0.0014 harm 1.4249)  [6s, 8,917 win/s]
  ep196  loss 0.1767 (pw 0.0014 harm 1.4647)  [6s, 8,899 win/s]
  ep197  loss 0.1764 (pw 0.0013 harm 1.4506)  [6s, 8,946 win/s]
  ep198  loss 0.1734 (pw 0.0013 harm 1.4267)  [6s, 8,882 win/s]
  ep199  loss 0.1766 (pw 0.0015 harm 1.4537)  [6s, 8,833 win/s]
  ep200  loss 0.1754 (pw 0.0014 harm 1.4476)  |  MAE 3.263W  F1 0.9761  저항3종 1.000  잔차 27.4W  [6s 학습 / 0s 평가, 8,918 win/s]
  ep201  loss 0.1742 (pw 0.0014 harm 1.4361)  [6s, 8,723 win/s]
  ep202  loss 0.1734 (pw 0.0013 harm 1.4267)  [6s, 8,921 win/s]
  ep203  loss 0.1741 (pw 0.0013 harm 1.4347)  [6s, 8,839 win/s]
  ep204  loss 0.1750 (pw 0.0014 harm 1.4492)  [6s, 8,943 win/s]
  ep205  loss 0.1737 (pw 0.0013 harm 1.4352)  [6s, 8,922 win/s]
  ep206  loss 0.1790 (pw 0.0014 harm 1.4772)  [6s, 8,823 win/s]
  ep207  loss 0.1778 (pw 0.0014 harm 1.4710)  [6s, 8,882 win/s]
  ep208  loss 0.1737 (pw 0.0014 harm 1.4273)  [6s, 8,835 win/s]
  ep209  loss 0.1742 (pw 0.0013 harm 1.4410)  [6s, 8,845 win/s]
  ep210  loss 0.1742 (pw 0.0014 harm 1.4384)  [6s, 8,905 win/s]
  ep211  loss 0.1746 (pw 0.0014 harm 1.4458)  [6s, 8,879 win/s]
  ep212  loss 0.1750 (pw 0.0014 harm 1.4504)  [6s, 8,801 win/s]
  ep213  loss 0.1732 (pw 0.0014 harm 1.4271)  [6s, 8,920 win/s]
  ep214  loss 0.1755 (pw 0.0013 harm 1.4565)  [6s, 8,753 win/s]
  ep215  loss 0.1726 (pw 0.0013 harm 1.4324)  [6s, 8,662 win/s]
  ep216  loss 0.1740 (pw 0.0014 harm 1.4340)  [6s, 8,609 win/s]
  ep217  loss 0.1735 (pw 0.0014 harm 1.4387)  [6s, 9,002 win/s]
  ep218  loss 0.1742 (pw 0.0013 harm 1.4440)  [6s, 8,745 win/s]
  ep219  loss 0.1772 (pw 0.0014 harm 1.4665)  [6s, 9,035 win/s]
  ep220  loss 0.1757 (pw 0.0014 harm 1.4545)  [6s, 8,849 win/s]
  ep221  loss 0.1742 (pw 0.0014 harm 1.4362)  [5s, 9,240 win/s]
  ep222  loss 0.1751 (pw 0.0013 harm 1.4553)  [5s, 9,124 win/s]
  ep223  loss 0.1749 (pw 0.0013 harm 1.4496)  [5s, 9,140 win/s]
  ep224  loss 0.1768 (pw 0.0013 harm 1.4707)  [5s, 9,150 win/s]
  ep225  loss 0.1758 (pw 0.0013 harm 1.4632)  [5s, 9,116 win/s]
  ep226  loss 0.1749 (pw 0.0013 harm 1.4573)  [5s, 9,239 win/s]
  ep227  loss 0.1750 (pw 0.0014 harm 1.4519)  [5s, 9,207 win/s]
  ep228  loss 0.1720 (pw 0.0013 harm 1.4220)  [5s, 9,202 win/s]
  ep229  loss 0.1724 (pw 0.0013 harm 1.4303)  [5s, 9,184 win/s]
  ep230  loss 0.1717 (pw 0.0014 harm 1.4207)  [5s, 9,251 win/s]
  ep231  loss 0.1731 (pw 0.0014 harm 1.4351)  [5s, 9,214 win/s]
  ep232  loss 0.1721 (pw 0.0013 harm 1.4267)  [6s, 9,020 win/s]
  ep233  loss 0.1751 (pw 0.0014 harm 1.4548)  [5s, 9,124 win/s]
  ep234  loss 0.1715 (pw 0.0013 harm 1.4245)  [6s, 8,925 win/s]
  ep235  loss 0.1773 (pw 0.0013 harm 1.4782)  [5s, 9,142 win/s]
  ep236  loss 0.1744 (pw 0.0013 harm 1.4504)  [5s, 9,122 win/s]
  ep237  loss 0.1726 (pw 0.0013 harm 1.4326)  [6s, 9,026 win/s]
  ep238  loss 0.1737 (pw 0.0013 harm 1.4515)  [5s, 9,204 win/s]
  ep239  loss 0.1730 (pw 0.0013 harm 1.4420)  [5s, 9,127 win/s]
  ep240  loss 0.1719 (pw 0.0013 harm 1.4294)  [5s, 9,167 win/s]
  ep241  loss 0.1751 (pw 0.0013 harm 1.4543)  [5s, 9,164 win/s]
  ep242  loss 0.1729 (pw 0.0013 harm 1.4405)  [5s, 9,102 win/s]
  ep243  loss 0.1723 (pw 0.0013 harm 1.4306)  [5s, 9,093 win/s]
  ep244  loss 0.1727 (pw 0.0013 harm 1.4371)  [6s, 9,049 win/s]
  ep245  loss 0.1725 (pw 0.0013 harm 1.4413)  [6s, 9,072 win/s]
  ep246  loss 0.1716 (pw 0.0013 harm 1.4267)  [5s, 9,105 win/s]
  ep247  loss 0.1720 (pw 0.0014 harm 1.4278)  [5s, 9,113 win/s]
  ep248  loss 0.1731 (pw 0.0012 harm 1.4465)  [6s, 9,083 win/s]
  ep249  loss 0.1738 (pw 0.0013 harm 1.4462)  [6s, 9,021 win/s]
  ep250  loss 0.1739 (pw 0.0013 harm 1.4500)  [6s, 8,906 win/s]
  ep251  loss 0.1710 (pw 0.0013 harm 1.4261)  [6s, 9,029 win/s]
  ep252  loss 0.1759 (pw 0.0013 harm 1.4665)  [6s, 9,078 win/s]
  ep253  loss 0.1725 (pw 0.0013 harm 1.4384)  [6s, 8,966 win/s]
  ep254  loss 0.1768 (pw 0.0013 harm 1.4726)  [6s, 9,021 win/s]
  ep255  loss 0.1743 (pw 0.0013 harm 1.4542)  [6s, 8,929 win/s]
  ep256  loss 0.1732 (pw 0.0013 harm 1.4452)  [6s, 8,923 win/s]
  ep257  loss 0.1732 (pw 0.0013 harm 1.4480)  [6s, 8,831 win/s]
  ep258  loss 0.1704 (pw 0.0013 harm 1.4227)  [6s, 8,825 win/s]
  ep259  loss 0.1732 (pw 0.0013 harm 1.4439)  [6s, 8,931 win/s]
  ep260  loss 0.1726 (pw 0.0013 harm 1.4456)  [6s, 8,862 win/s]
  ep261  loss 0.1737 (pw 0.0013 harm 1.4519)  [6s, 8,861 win/s]
  ep262  loss 0.1735 (pw 0.0013 harm 1.4511)  [6s, 8,965 win/s]
  ep263  loss 0.1730 (pw 0.0013 harm 1.4422)  [6s, 9,031 win/s]
  ep264  loss 0.1723 (pw 0.0013 harm 1.4385)  [6s, 9,036 win/s]
  ep265  loss 0.1761 (pw 0.0013 harm 1.4747)  [6s, 9,090 win/s]
  ep266  loss 0.1717 (pw 0.0013 harm 1.4340)  [6s, 9,074 win/s]
  ep267  loss 0.1766 (pw 0.0013 harm 1.4816)  [6s, 9,049 win/s]
  ep268  loss 0.1726 (pw 0.0013 harm 1.4419)  [5s, 9,119 win/s]
  ep269  loss 0.1716 (pw 0.0013 harm 1.4339)  [6s, 9,088 win/s]
  ep270  loss 0.1712 (pw 0.0013 harm 1.4275)  [5s, 9,144 win/s]
  ep271  loss 0.1752 (pw 0.0013 harm 1.4646)  [5s, 9,101 win/s]
  ep272  loss 0.1711 (pw 0.0012 harm 1.4337)  [6s, 8,576 win/s]
  ep273  loss 0.1750 (pw 0.0013 harm 1.4667)  [6s, 8,917 win/s]
  ep274  loss 0.1733 (pw 0.0013 harm 1.4512)  [6s, 9,014 win/s]
  ep275  loss 0.1731 (pw 0.0014 harm 1.4414)  [6s, 9,029 win/s]
  ep276  loss 0.1737 (pw 0.0013 harm 1.4507)  [6s, 8,943 win/s]
  ep277  loss 0.1737 (pw 0.0013 harm 1.4514)  [6s, 8,897 win/s]
  ep278  loss 0.1738 (pw 0.0013 harm 1.4546)  [6s, 8,921 win/s]
  ep279  loss 0.1721 (pw 0.0013 harm 1.4366)  [6s, 8,866 win/s]
  ep280  loss 0.1709 (pw 0.0013 harm 1.4267)  [6s, 8,912 win/s]
  ep281  loss 0.1759 (pw 0.0013 harm 1.4757)  [6s, 8,852 win/s]
  ep282  loss 0.1739 (pw 0.0013 harm 1.4559)  [6s, 8,969 win/s]
  ep283  loss 0.1720 (pw 0.0013 harm 1.4407)  [6s, 8,987 win/s]
  ep284  loss 0.1719 (pw 0.0013 harm 1.4345)  [6s, 8,901 win/s]
  ep285  loss 0.1727 (pw 0.0013 harm 1.4438)  [6s, 8,995 win/s]
  ep286  loss 0.1748 (pw 0.0013 harm 1.4678)  [6s, 9,033 win/s]
  ep287  loss 0.1713 (pw 0.0013 harm 1.4300)  [6s, 9,085 win/s]
  ep288  loss 0.1710 (pw 0.0013 harm 1.4305)  [6s, 9,075 win/s]
  ep289  loss 0.1745 (pw 0.0013 harm 1.4631)  [6s, 9,084 win/s]
  ep290  loss 0.1721 (pw 0.0013 harm 1.4365)  [5s, 9,113 win/s]
  ep291  loss 0.1698 (pw 0.0013 harm 1.4153)  [6s, 9,034 win/s]
  ep292  loss 0.1733 (pw 0.0013 harm 1.4442)  [5s, 9,106 win/s]
  ep293  loss 0.1718 (pw 0.0013 harm 1.4349)  [6s, 8,877 win/s]
  ep294  loss 0.1746 (pw 0.0013 harm 1.4599)  [6s, 8,709 win/s]
  ep295  loss 0.1739 (pw 0.0013 harm 1.4516)  [6s, 8,891 win/s]
  ep296  loss 0.1704 (pw 0.0013 harm 1.4269)  [6s, 8,857 win/s]
  ep297  loss 0.1709 (pw 0.0013 harm 1.4298)  [6s, 8,941 win/s]
  ep298  loss 0.1722 (pw 0.0013 harm 1.4379)  [6s, 8,871 win/s]
  ep299  loss 0.1742 (pw 0.0013 harm 1.4569)  [6s, 8,866 win/s]
  ep300  loss 0.1763 (pw 0.0013 harm 1.4783)  |  MAE 3.218W  F1 0.9775  저항3종 1.000  잔차 27.4W  [6s 학습 / 0s 평가, 8,828 win/s]

가전                     양성      MAE   MAE(on)    nMAE    RE중앙    편향(on)      FA     FA(고부하)      전가     F1
---------------------------------------------------------------------------------------------------------
air_conditioner       295     0.78     21.15   0.027   0.045     -4.31    0.00        0.01   +0.01  0.970
beam_projector       1266     0.55      3.47   0.069   0.059     -2.36    0.00        0.00   +0.00  0.989
electiric_kettle      983    11.10     89.88   0.059   0.058    -61.14    0.06        0.53   +0.53  1.000
fan                  1386     0.73      3.16   0.083   0.055     -1.98    0.21        0.93   +0.91  0.969
hair_dryer            785     5.29     53.68   0.056   0.061    +29.10    0.02        0.12   +0.12  0.997
hotplate              373     5.14     38.27   0.070   0.071    -14.74    3.52       11.79  +10.27  0.928
laptop_charger       1505     0.99      5.19   0.078   0.108     -0.91    0.02        0.08   +0.08  0.999
minipc               1531     0.55      2.55   0.117   0.150     +0.04    0.08        0.14   +0.07  0.975
oven                  920     3.83     32.32   0.027   0.057    -15.10    0.13        0.48   +0.43  0.970

  기기 평균 MAE 3.22W | F1 평균 0.978 | 최악 F1 0.928 (hotplate)
  저항3종 혼동 정확도 1.000 | 오븐→포트 0/188 (0.0%)
  저부하 FA_rel(고부하 동시) < 0.15 : 4/4
  총전력 잔차 절대 평균 27.41W

                            Phase1 GBM    Phase3 CNN
  기기 평균 MAE (W)                  1.760         3.218   패
  F1 평균                          0.956         0.978   승
  저항3종 정확도                       0.993         1.000   승
  총전력 잔차 (W)                    14.244        27.413   패

완료 1672s | results\cnn_sw_fd02_s1.json
====================================================================================

### [sw_fd02_s1] 1단계 exit=0  Sun Aug 23 00:30:31     2026
### [sw_fd02_s1] 2단계 exit=0
### [sw_fd02_s1] LOFO 3폴드 완료 Sun Aug 23 00:37:03     2026
### [sw_base_s2] 1단계 Sun Aug 23 00:37:03     2026
====================================================================================
[Phase 3] 2갈래 CNN — 세밀 10초@60Hz + 광역 60초@2Hz, 타깃 끝-1초
====================================================================================
평가: 홀드아웃 8,000창 (뒤 20%) | sha a2f4974fe456dc3b | 타깃 3239/3600
모델 0.61M 파라미터 | 배치 512 | 300 epoch x 50,000창 = 29,100 step | 장치 cuda
손실 가중치: power 1.0 / state .3 / on .3 / plugged .1 / standby .1 / harm 0.1 / cons 0.0 / over 0.0
학습 데이터: 캐시 cache/train60_v17 — 독립 창 300,000개 (14.6GB) | epoch 당 50,000창 -> 전체 50.0회 재사용
  ep  1  loss 0.5004 (pw 0.0100 harm 2.1298)  [6s, 8,430 win/s]
  ep  2  loss 0.3301 (pw 0.0072 harm 1.9998)  [6s, 8,959 win/s]
  ep  3  loss 0.2903 (pw 0.0058 harm 1.9436)  [6s, 8,981 win/s]
  ep  4  loss 0.2693 (pw 0.0051 harm 1.8586)  [6s, 9,026 win/s]
  ep  5  loss 0.2444 (pw 0.0042 harm 1.6593)  [6s, 9,013 win/s]
  ep  6  loss 0.2275 (pw 0.0034 harm 1.5469)  [6s, 9,014 win/s]
  ep  7  loss 0.2198 (pw 0.0029 harm 1.5177)  [6s, 9,018 win/s]
  ep  8  loss 0.2125 (pw 0.0026 harm 1.4730)  [6s, 9,010 win/s]
  ep  9  loss 0.2106 (pw 0.0022 harm 1.4942)  [6s, 9,031 win/s]
  ep 10  loss 0.2040 (pw 0.0021 harm 1.4519)  [6s, 9,021 win/s]
  ep 11  loss 0.2031 (pw 0.0020 harm 1.4642)  [6s, 9,014 win/s]
  ep 12  loss 0.1997 (pw 0.0018 harm 1.4530)  [6s, 8,996 win/s]
  ep 13  loss 0.1972 (pw 0.0018 harm 1.4536)  [6s, 9,006 win/s]
  ep 14  loss 0.1973 (pw 0.0017 harm 1.4585)  [6s, 8,796 win/s]
  ep 15  loss 0.1951 (pw 0.0017 harm 1.4580)  [6s, 8,786 win/s]
  ep 16  loss 0.1942 (pw 0.0017 harm 1.4453)  [6s, 8,928 win/s]
  ep 17  loss 0.1894 (pw 0.0016 harm 1.4107)  [6s, 8,909 win/s]
  ep 18  loss 0.1882 (pw 0.0016 harm 1.4173)  [6s, 8,926 win/s]
  ep 19  loss 0.1923 (pw 0.0015 harm 1.4599)  [6s, 8,793 win/s]
  ep 20  loss 0.1888 (pw 0.0015 harm 1.4366)  [6s, 8,746 win/s]
  ep 21  loss 0.1884 (pw 0.0014 harm 1.4465)  [6s, 8,675 win/s]
  ep 22  loss 0.1908 (pw 0.0015 harm 1.4583)  [6s, 8,683 win/s]
  ep 23  loss 0.1882 (pw 0.0014 harm 1.4574)  [6s, 8,642 win/s]
  ep 24  loss 0.1876 (pw 0.0014 harm 1.4558)  [6s, 8,683 win/s]
  ep 25  loss 0.1876 (pw 0.0014 harm 1.4468)  [6s, 8,684 win/s]
  ep 26  loss 0.1837 (pw 0.0013 harm 1.4295)  [6s, 8,735 win/s]
  ep 27  loss 0.1850 (pw 0.0013 harm 1.4428)  [6s, 8,678 win/s]
  ep 28  loss 0.1843 (pw 0.0013 harm 1.4436)  [6s, 8,617 win/s]
  ep 29  loss 0.1855 (pw 0.0013 harm 1.4589)  [6s, 8,646 win/s]
  ep 30  loss 0.1835 (pw 0.0013 harm 1.4533)  [6s, 8,683 win/s]
  ep 31  loss 0.1816 (pw 0.0012 harm 1.4376)  [6s, 8,651 win/s]
  ep 32  loss 0.1811 (pw 0.0012 harm 1.4365)  [6s, 8,696 win/s]
  ep 33  loss 0.1832 (pw 0.0012 harm 1.4669)  [6s, 8,704 win/s]
  ep 34  loss 0.1832 (pw 0.0013 harm 1.4523)  [6s, 8,648 win/s]
  ep 35  loss 0.1788 (pw 0.0012 harm 1.4156)  [6s, 8,697 win/s]
  ep 36  loss 0.1775 (pw 0.0012 harm 1.4113)  [6s, 8,717 win/s]
  ep 37  loss 0.1800 (pw 0.0011 harm 1.4555)  [6s, 8,692 win/s]
  ep 38  loss 0.1806 (pw 0.0012 harm 1.4417)  [6s, 8,672 win/s]
  ep 39  loss 0.1772 (pw 0.0012 harm 1.4197)  [6s, 8,691 win/s]
  ep 40  loss 0.1777 (pw 0.0011 harm 1.4413)  [6s, 8,697 win/s]
  ep 41  loss 0.1812 (pw 0.0012 harm 1.4577)  [6s, 8,627 win/s]
  ep 42  loss 0.1764 (pw 0.0011 harm 1.4371)  [6s, 8,669 win/s]
  ep 43  loss 0.1793 (pw 0.0012 harm 1.4435)  [6s, 8,603 win/s]
  ep 44  loss 0.1779 (pw 0.0011 harm 1.4575)  [6s, 8,210 win/s]
  ep 45  loss 0.1751 (pw 0.0012 harm 1.4082)  [6s, 8,271 win/s]
  ep 46  loss 0.1762 (pw 0.0011 harm 1.4297)  [6s, 8,604 win/s]
  ep 47  loss 0.1763 (pw 0.0011 harm 1.4452)  [6s, 8,915 win/s]
  ep 48  loss 0.1757 (pw 0.0011 harm 1.4286)  [6s, 9,027 win/s]
  ep 49  loss 0.1748 (pw 0.0011 harm 1.4207)  [6s, 8,518 win/s]
  ep 50  loss 0.1758 (pw 0.0011 harm 1.4447)  [5s, 9,694 win/s]
  ep 51  loss 0.1753 (pw 0.0011 harm 1.4371)  [5s, 9,725 win/s]
  ep 52  loss 0.1717 (pw 0.0011 harm 1.4060)  [5s, 9,725 win/s]
  ep 53  loss 0.1744 (pw 0.0011 harm 1.4306)  [5s, 9,728 win/s]
  ep 54  loss 0.1726 (pw 0.0011 harm 1.4223)  [5s, 9,707 win/s]
  ep 55  loss 0.1730 (pw 0.0011 harm 1.4220)  [5s, 9,730 win/s]
  ep 56  loss 0.1744 (pw 0.0011 harm 1.4409)  [5s, 9,723 win/s]
  ep 57  loss 0.1716 (pw 0.0011 harm 1.4237)  [5s, 9,711 win/s]
  ep 58  loss 0.1716 (pw 0.0010 harm 1.4267)  [5s, 9,722 win/s]
  ep 59  loss 0.1706 (pw 0.0010 harm 1.4191)  [5s, 9,690 win/s]
  ep 60  loss 0.1708 (pw 0.0010 harm 1.4175)  [5s, 9,725 win/s]
  ep 61  loss 0.1701 (pw 0.0010 harm 1.4186)  [5s, 9,709 win/s]
  ep 62  loss 0.1728 (pw 0.0011 harm 1.4319)  [5s, 9,735 win/s]
  ep 63  loss 0.1716 (pw 0.0010 harm 1.4293)  [5s, 9,696 win/s]
  ep 64  loss 0.1706 (pw 0.0010 harm 1.4301)  [5s, 9,704 win/s]
  ep 65  loss 0.1717 (pw 0.0011 harm 1.4304)  [5s, 9,699 win/s]
  ep 66  loss 0.1713 (pw 0.0010 harm 1.4384)  [5s, 9,737 win/s]
  ep 67  loss 0.1707 (pw 0.0010 harm 1.4293)  [5s, 9,702 win/s]
  ep 68  loss 0.1682 (pw 0.0010 harm 1.4112)  [5s, 9,729 win/s]
  ep 69  loss 0.1730 (pw 0.0011 harm 1.4486)  [5s, 9,698 win/s]
  ep 70  loss 0.1704 (pw 0.0010 harm 1.4370)  [5s, 9,734 win/s]
  ep 71  loss 0.1689 (pw 0.0010 harm 1.4193)  [5s, 9,713 win/s]
  ep 72  loss 0.1719 (pw 0.0010 harm 1.4465)  [5s, 9,727 win/s]
  ep 73  loss 0.1721 (pw 0.0011 harm 1.4428)  [5s, 9,735 win/s]
  ep 74  loss 0.1662 (pw 0.0010 harm 1.4058)  [5s, 9,720 win/s]
  ep 75  loss 0.1669 (pw 0.0010 harm 1.4136)  [5s, 9,728 win/s]
  ep 76  loss 0.1706 (pw 0.0010 harm 1.4472)  [5s, 9,704 win/s]
  ep 77  loss 0.1702 (pw 0.0010 harm 1.4344)  [5s, 9,723 win/s]
  ep 78  loss 0.1688 (pw 0.0010 harm 1.4253)  [5s, 9,706 win/s]
  ep 79  loss 0.1705 (pw 0.0010 harm 1.4371)  [5s, 9,734 win/s]
  ep 80  loss 0.1690 (pw 0.0010 harm 1.4353)  [5s, 9,708 win/s]
  ep 81  loss 0.1674 (pw 0.0010 harm 1.4140)  [5s, 9,736 win/s]
  ep 82  loss 0.1701 (pw 0.0011 harm 1.4345)  [5s, 9,691 win/s]
  ep 83  loss 0.1710 (pw 0.0010 harm 1.4563)  [5s, 9,713 win/s]
  ep 84  loss 0.1652 (pw 0.0010 harm 1.4084)  [5s, 9,705 win/s]
  ep 85  loss 0.1672 (pw 0.0010 harm 1.4142)  [5s, 9,726 win/s]
  ep 86  loss 0.1674 (pw 0.0010 harm 1.4302)  [5s, 9,690 win/s]
  ep 87  loss 0.1670 (pw 0.0010 harm 1.4229)  [5s, 9,707 win/s]
  ep 88  loss 0.1670 (pw 0.0009 harm 1.4337)  [5s, 9,683 win/s]
  ep 89  loss 0.1641 (pw 0.0009 harm 1.4088)  [5s, 9,710 win/s]
  ep 90  loss 0.1657 (pw 0.0009 harm 1.4308)  [5s, 9,701 win/s]
  ep 91  loss 0.1682 (pw 0.0010 harm 1.4325)  [5s, 9,697 win/s]
  ep 92  loss 0.1675 (pw 0.0009 harm 1.4348)  [5s, 9,711 win/s]
  ep 93  loss 0.1678 (pw 0.0010 harm 1.4361)  [5s, 9,708 win/s]
  ep 94  loss 0.1648 (pw 0.0009 harm 1.4119)  [5s, 9,697 win/s]
  ep 95  loss 0.1653 (pw 0.0010 harm 1.4077)  [5s, 9,683 win/s]
  ep 96  loss 0.1649 (pw 0.0009 harm 1.4245)  [5s, 9,704 win/s]
  ep 97  loss 0.1668 (pw 0.0009 harm 1.4328)  [5s, 9,686 win/s]
  ep 98  loss 0.1651 (pw 0.0010 harm 1.4245)  [5s, 9,705 win/s]
  ep 99  loss 0.1647 (pw 0.0009 harm 1.4187)  [5s, 9,701 win/s]
  ep100  loss 0.1724 (pw 0.0010 harm 1.4709)  |  MAE 3.444W  F1 0.9734  저항3종 0.999  잔차 27.5W  [5s 학습 / 0s 평가, 9,730 win/s]
  ep101  loss 0.1642 (pw 0.0009 harm 1.4146)  [5s, 9,682 win/s]
  ep102  loss 0.1640 (pw 0.0009 harm 1.4158)  [5s, 9,698 win/s]
  ep103  loss 0.1650 (pw 0.0009 harm 1.4240)  [5s, 9,698 win/s]
  ep104  loss 0.1676 (pw 0.0010 harm 1.4346)  [5s, 9,710 win/s]
  ep105  loss 0.1668 (pw 0.0009 harm 1.4417)  [5s, 9,681 win/s]
  ep106  loss 0.1654 (pw 0.0009 harm 1.4277)  [5s, 9,698 win/s]
  ep107  loss 0.1657 (pw 0.0009 harm 1.4351)  [5s, 9,703 win/s]
  ep108  loss 0.1658 (pw 0.0009 harm 1.4351)  [5s, 9,703 win/s]
  ep109  loss 0.1656 (pw 0.0009 harm 1.4396)  [5s, 9,686 win/s]
  ep110  loss 0.1643 (pw 0.0009 harm 1.4186)  [5s, 9,695 win/s]
  ep111  loss 0.1631 (pw 0.0009 harm 1.4130)  [5s, 9,732 win/s]
  ep112  loss 0.1629 (pw 0.0009 harm 1.4104)  [5s, 9,699 win/s]
  ep113  loss 0.1633 (pw 0.0009 harm 1.4227)  [5s, 9,716 win/s]
  ep114  loss 0.1620 (pw 0.0009 harm 1.4142)  [5s, 9,698 win/s]
  ep115  loss 0.1641 (pw 0.0009 harm 1.4318)  [5s, 9,740 win/s]
  ep116  loss 0.1657 (pw 0.0010 harm 1.4303)  [5s, 9,701 win/s]
  ep117  loss 0.1634 (pw 0.0009 harm 1.4297)  [5s, 9,713 win/s]
  ep118  loss 0.1648 (pw 0.0009 harm 1.4352)  [5s, 9,703 win/s]
  ep119  loss 0.1657 (pw 0.0009 harm 1.4504)  [5s, 9,718 win/s]
  ep120  loss 0.1672 (pw 0.0010 harm 1.4373)  [5s, 9,675 win/s]
  ep121  loss 0.1620 (pw 0.0009 harm 1.4156)  [5s, 9,694 win/s]
  ep122  loss 0.1662 (pw 0.0009 harm 1.4388)  [5s, 9,682 win/s]
  ep123  loss 0.1641 (pw 0.0009 harm 1.4362)  [5s, 9,718 win/s]
  ep124  loss 0.1632 (pw 0.0009 harm 1.4193)  [5s, 9,699 win/s]
  ep125  loss 0.1652 (pw 0.0009 harm 1.4460)  [5s, 9,711 win/s]
  ep126  loss 0.1631 (pw 0.0009 harm 1.4210)  [5s, 9,734 win/s]
  ep127  loss 0.1620 (pw 0.0009 harm 1.4132)  [5s, 9,727 win/s]
  ep128  loss 0.1617 (pw 0.0009 harm 1.4210)  [5s, 9,697 win/s]
  ep129  loss 0.1655 (pw 0.0009 harm 1.4398)  [5s, 9,732 win/s]
  ep130  loss 0.1642 (pw 0.0009 harm 1.4380)  [5s, 9,723 win/s]
  ep131  loss 0.1638 (pw 0.0009 harm 1.4421)  [5s, 9,694 win/s]
  ep132  loss 0.1651 (pw 0.0009 harm 1.4395)  [5s, 9,712 win/s]
  ep133  loss 0.1641 (pw 0.0009 harm 1.4390)  [5s, 9,702 win/s]
  ep134  loss 0.1636 (pw 0.0009 harm 1.4410)  [5s, 9,747 win/s]
  ep135  loss 0.1633 (pw 0.0009 harm 1.4355)  [5s, 9,711 win/s]
  ep136  loss 0.1610 (pw 0.0009 harm 1.4122)  [5s, 9,736 win/s]
  ep137  loss 0.1613 (pw 0.0009 harm 1.4092)  [5s, 9,695 win/s]
  ep138  loss 0.1616 (pw 0.0008 harm 1.4284)  [5s, 9,742 win/s]
  ep139  loss 0.1625 (pw 0.0008 harm 1.4386)  [5s, 9,706 win/s]
  ep140  loss 0.1591 (pw 0.0008 harm 1.4088)  [5s, 9,712 win/s]
  ep141  loss 0.1600 (pw 0.0008 harm 1.4106)  [5s, 9,734 win/s]
  ep142  loss 0.1650 (pw 0.0009 harm 1.4554)  [5s, 9,720 win/s]
  ep143  loss 0.1653 (pw 0.0009 harm 1.4576)  [5s, 9,708 win/s]
  ep144  loss 0.1608 (pw 0.0008 harm 1.4296)  [5s, 9,702 win/s]
  ep145  loss 0.1629 (pw 0.0009 harm 1.4420)  [5s, 9,734 win/s]
  ep146  loss 0.1592 (pw 0.0008 harm 1.4092)  [5s, 9,703 win/s]
  ep147  loss 0.1597 (pw 0.0008 harm 1.4242)  [5s, 9,715 win/s]
  ep148  loss 0.1631 (pw 0.0009 harm 1.4394)  [5s, 9,717 win/s]
  ep149  loss 0.1610 (pw 0.0008 harm 1.4268)  [5s, 9,724 win/s]
  ep150  loss 0.1638 (pw 0.0009 harm 1.4429)  [5s, 9,704 win/s]
  ep151  loss 0.1602 (pw 0.0008 harm 1.4219)  [5s, 9,718 win/s]
  ep152  loss 0.1618 (pw 0.0008 harm 1.4361)  [5s, 9,721 win/s]
  ep153  loss 0.1612 (pw 0.0008 harm 1.4245)  [5s, 9,716 win/s]
  ep154  loss 0.1608 (pw 0.0009 harm 1.4159)  [5s, 9,678 win/s]
  ep155  loss 0.1630 (pw 0.0008 harm 1.4470)  [5s, 9,716 win/s]
  ep156  loss 0.1613 (pw 0.0008 harm 1.4368)  [5s, 9,710 win/s]
  ep157  loss 0.1616 (pw 0.0008 harm 1.4307)  [5s, 9,725 win/s]
  ep158  loss 0.1635 (pw 0.0008 harm 1.4606)  [5s, 9,697 win/s]
  ep159  loss 0.1621 (pw 0.0009 harm 1.4335)  [5s, 9,712 win/s]
  ep160  loss 0.1604 (pw 0.0008 harm 1.4300)  [5s, 9,722 win/s]
  ep161  loss 0.1593 (pw 0.0008 harm 1.4083)  [5s, 9,683 win/s]
  ep162  loss 0.1610 (pw 0.0008 harm 1.4277)  [5s, 9,690 win/s]
  ep163  loss 0.1614 (pw 0.0008 harm 1.4335)  [5s, 9,711 win/s]
  ep164  loss 0.1577 (pw 0.0008 harm 1.4042)  [5s, 9,724 win/s]
  ep165  loss 0.1583 (pw 0.0008 harm 1.4116)  [5s, 9,714 win/s]
  ep166  loss 0.1632 (pw 0.0008 harm 1.4573)  [5s, 9,705 win/s]
  ep167  loss 0.1581 (pw 0.0008 harm 1.4046)  [5s, 9,698 win/s]
  ep168  loss 0.1581 (pw 0.0008 harm 1.4112)  [5s, 9,725 win/s]
  ep169  loss 0.1582 (pw 0.0008 harm 1.4157)  [5s, 9,683 win/s]
  ep170  loss 0.1599 (pw 0.0008 harm 1.4284)  [5s, 9,710 win/s]
  ep171  loss 0.1596 (pw 0.0008 harm 1.4233)  [5s, 9,697 win/s]
  ep172  loss 0.1601 (pw 0.0008 harm 1.4340)  [5s, 9,742 win/s]
  ep173  loss 0.1603 (pw 0.0008 harm 1.4283)  [5s, 9,670 win/s]
  ep174  loss 0.1585 (pw 0.0008 harm 1.4244)  [5s, 9,708 win/s]
  ep175  loss 0.1575 (pw 0.0008 harm 1.4123)  [5s, 9,703 win/s]
  ep176  loss 0.1593 (pw 0.0008 harm 1.4235)  [5s, 9,720 win/s]
  ep177  loss 0.1594 (pw 0.0008 harm 1.4310)  [5s, 9,697 win/s]
  ep178  loss 0.1597 (pw 0.0008 harm 1.4364)  [5s, 9,714 win/s]
  ep179  loss 0.1573 (pw 0.0008 harm 1.4155)  [5s, 9,745 win/s]
  ep180  loss 0.1577 (pw 0.0008 harm 1.4140)  [5s, 9,727 win/s]
  ep181  loss 0.1598 (pw 0.0008 harm 1.4331)  [5s, 9,716 win/s]
  ep182  loss 0.1601 (pw 0.0008 harm 1.4324)  [5s, 9,713 win/s]
  ep183  loss 0.1588 (pw 0.0008 harm 1.4303)  [5s, 9,755 win/s]
  ep184  loss 0.1574 (pw 0.0008 harm 1.4172)  [5s, 9,709 win/s]
  ep185  loss 0.1562 (pw 0.0008 harm 1.4059)  [5s, 9,734 win/s]
  ep186  loss 0.1592 (pw 0.0008 harm 1.4368)  [5s, 9,716 win/s]
  ep187  loss 0.1562 (pw 0.0008 harm 1.4049)  [5s, 9,727 win/s]
  ep188  loss 0.1599 (pw 0.0008 harm 1.4397)  [5s, 9,685 win/s]
  ep189  loss 0.1610 (pw 0.0008 harm 1.4571)  [5s, 9,706 win/s]
  ep190  loss 0.1585 (pw 0.0008 harm 1.4317)  [5s, 9,706 win/s]
  ep191  loss 0.1597 (pw 0.0008 harm 1.4386)  [5s, 9,722 win/s]
  ep192  loss 0.1559 (pw 0.0008 harm 1.4004)  [5s, 9,690 win/s]
  ep193  loss 0.1579 (pw 0.0008 harm 1.4243)  [5s, 9,721 win/s]
  ep194  loss 0.1552 (pw 0.0008 harm 1.3998)  [5s, 9,713 win/s]
  ep195  loss 0.1602 (pw 0.0008 harm 1.4345)  [5s, 9,712 win/s]
  ep196  loss 0.1575 (pw 0.0008 harm 1.4188)  [5s, 9,711 win/s]
  ep197  loss 0.1573 (pw 0.0008 harm 1.4207)  [5s, 9,717 win/s]
  ep198  loss 0.1591 (pw 0.0008 harm 1.4353)  [5s, 9,731 win/s]
  ep199  loss 0.1601 (pw 0.0008 harm 1.4513)  [5s, 9,716 win/s]
  ep200  loss 0.1585 (pw 0.0008 harm 1.4389)  |  MAE 3.177W  F1 0.9776  저항3종 1.000  잔차 26.0W  [5s 학습 / 0s 평가, 9,713 win/s]
  ep201  loss 0.1576 (pw 0.0008 harm 1.4268)  [5s, 9,701 win/s]
  ep202  loss 0.1601 (pw 0.0008 harm 1.4512)  [5s, 9,735 win/s]
  ep203  loss 0.1573 (pw 0.0008 harm 1.4251)  [5s, 9,694 win/s]
  ep204  loss 0.1564 (pw 0.0008 harm 1.4117)  [5s, 9,686 win/s]
  ep205  loss 0.1590 (pw 0.0008 harm 1.4461)  [5s, 9,680 win/s]
  ep206  loss 0.1575 (pw 0.0008 harm 1.4265)  [5s, 9,721 win/s]
  ep207  loss 0.1563 (pw 0.0007 harm 1.4189)  [5s, 9,700 win/s]
  ep208  loss 0.1556 (pw 0.0007 harm 1.4140)  [5s, 9,703 win/s]
  ep209  loss 0.1572 (pw 0.0007 harm 1.4219)  [5s, 9,698 win/s]
  ep210  loss 0.1551 (pw 0.0007 harm 1.4072)  [5s, 9,725 win/s]
  ep211  loss 0.1589 (pw 0.0008 harm 1.4416)  [5s, 9,691 win/s]
  ep212  loss 0.1576 (pw 0.0007 harm 1.4313)  [5s, 9,701 win/s]
  ep213  loss 0.1550 (pw 0.0008 harm 1.4003)  [5s, 9,719 win/s]
  ep214  loss 0.1548 (pw 0.0007 harm 1.4063)  [5s, 9,696 win/s]
  ep215  loss 0.1562 (pw 0.0007 harm 1.4183)  [5s, 9,702 win/s]
  ep216  loss 0.1558 (pw 0.0007 harm 1.4165)  [5s, 9,696 win/s]
  ep217  loss 0.1564 (pw 0.0007 harm 1.4221)  [5s, 9,701 win/s]
  ep218  loss 0.1559 (pw 0.0007 harm 1.4179)  [5s, 9,720 win/s]
  ep219  loss 0.1552 (pw 0.0007 harm 1.4138)  [5s, 9,709 win/s]
  ep220  loss 0.1575 (pw 0.0008 harm 1.4333)  [5s, 9,712 win/s]
  ep221  loss 0.1561 (pw 0.0007 harm 1.4226)  [5s, 9,748 win/s]
  ep222  loss 0.1575 (pw 0.0008 harm 1.4337)  [5s, 9,706 win/s]
  ep223  loss 0.1555 (pw 0.0007 harm 1.4150)  [5s, 9,721 win/s]
  ep224  loss 0.1550 (pw 0.0007 harm 1.4114)  [5s, 9,713 win/s]
  ep225  loss 0.1590 (pw 0.0007 harm 1.4510)  [5s, 9,723 win/s]
  ep226  loss 0.1571 (pw 0.0007 harm 1.4313)  [5s, 9,686 win/s]
  ep227  loss 0.1548 (pw 0.0007 harm 1.4131)  [5s, 9,708 win/s]
  ep228  loss 0.1558 (pw 0.0007 harm 1.4255)  [5s, 9,706 win/s]
  ep229  loss 0.1575 (pw 0.0007 harm 1.4343)  [5s, 9,710 win/s]
  ep230  loss 0.1568 (pw 0.0007 harm 1.4321)  [5s, 9,713 win/s]
  ep231  loss 0.1590 (pw 0.0007 harm 1.4543)  [5s, 9,699 win/s]
  ep232  loss 0.1550 (pw 0.0007 harm 1.4135)  [5s, 9,728 win/s]
  ep233  loss 0.1566 (pw 0.0007 harm 1.4304)  [5s, 9,702 win/s]
  ep234  loss 0.1550 (pw 0.0007 harm 1.4108)  [5s, 9,717 win/s]
  ep235  loss 0.1579 (pw 0.0007 harm 1.4444)  [5s, 9,706 win/s]
  ep236  loss 0.1551 (pw 0.0007 harm 1.4216)  [5s, 9,741 win/s]
  ep237  loss 0.1557 (pw 0.0007 harm 1.4287)  [5s, 9,680 win/s]
  ep238  loss 0.1553 (pw 0.0007 harm 1.4236)  [5s, 9,712 win/s]
  ep239  loss 0.1563 (pw 0.0007 harm 1.4302)  [5s, 9,712 win/s]
  ep240  loss 0.1562 (pw 0.0007 harm 1.4305)  [5s, 9,724 win/s]
  ep241  loss 0.1545 (pw 0.0007 harm 1.4163)  [5s, 9,698 win/s]
  ep242  loss 0.1545 (pw 0.0007 harm 1.4142)  [5s, 9,722 win/s]
  ep243  loss 0.1570 (pw 0.0007 harm 1.4382)  [5s, 9,723 win/s]
  ep244  loss 0.1572 (pw 0.0007 harm 1.4361)  [5s, 9,723 win/s]
  ep245  loss 0.1577 (pw 0.0007 harm 1.4486)  [5s, 9,707 win/s]
  ep246  loss 0.1546 (pw 0.0007 harm 1.4133)  [5s, 9,720 win/s]
  ep247  loss 0.1588 (pw 0.0007 harm 1.4554)  [5s, 9,731 win/s]
  ep248  loss 0.1546 (pw 0.0007 harm 1.4165)  [5s, 9,732 win/s]
  ep249  loss 0.1550 (pw 0.0007 harm 1.4236)  [5s, 9,704 win/s]
  ep250  loss 0.1538 (pw 0.0007 harm 1.4025)  [5s, 9,728 win/s]
  ep251  loss 0.1547 (pw 0.0007 harm 1.4152)  [5s, 9,734 win/s]
  ep252  loss 0.1551 (pw 0.0007 harm 1.4196)  [5s, 9,696 win/s]
  ep253  loss 0.1554 (pw 0.0007 harm 1.4270)  [5s, 9,735 win/s]
  ep254  loss 0.1565 (pw 0.0007 harm 1.4305)  [5s, 9,726 win/s]
  ep255  loss 0.1576 (pw 0.0007 harm 1.4489)  [5s, 9,729 win/s]
  ep256  loss 0.1557 (pw 0.0007 harm 1.4297)  [5s, 9,673 win/s]
  ep257  loss 0.1570 (pw 0.0007 harm 1.4391)  [5s, 9,722 win/s]
  ep258  loss 0.1549 (pw 0.0007 harm 1.4208)  [5s, 9,718 win/s]
  ep259  loss 0.1555 (pw 0.0007 harm 1.4277)  [5s, 9,737 win/s]
  ep260  loss 0.1544 (pw 0.0007 harm 1.4186)  [5s, 9,700 win/s]
  ep261  loss 0.1542 (pw 0.0007 harm 1.4105)  [5s, 9,723 win/s]
  ep262  loss 0.1540 (pw 0.0007 harm 1.4121)  [5s, 9,730 win/s]
  ep263  loss 0.1553 (pw 0.0007 harm 1.4251)  [5s, 9,728 win/s]
  ep264  loss 0.1536 (pw 0.0007 harm 1.4067)  [5s, 9,708 win/s]
  ep265  loss 0.1555 (pw 0.0007 harm 1.4262)  [5s, 9,711 win/s]
  ep266  loss 0.1553 (pw 0.0007 harm 1.4293)  [5s, 9,731 win/s]
  ep267  loss 0.1544 (pw 0.0007 harm 1.4183)  [5s, 9,698 win/s]
  ep268  loss 0.1569 (pw 0.0007 harm 1.4420)  [5s, 9,718 win/s]
  ep269  loss 0.1537 (pw 0.0007 harm 1.4058)  [5s, 9,706 win/s]
  ep270  loss 0.1568 (pw 0.0007 harm 1.4388)  [5s, 9,723 win/s]
  ep271  loss 0.1551 (pw 0.0007 harm 1.4271)  [5s, 9,683 win/s]
  ep272  loss 0.1581 (pw 0.0007 harm 1.4535)  [5s, 9,712 win/s]
  ep273  loss 0.1547 (pw 0.0007 harm 1.4220)  [5s, 9,708 win/s]
  ep274  loss 0.1551 (pw 0.0007 harm 1.4253)  [5s, 9,727 win/s]
  ep275  loss 0.1553 (pw 0.0007 harm 1.4291)  [5s, 9,678 win/s]
  ep276  loss 0.1560 (pw 0.0007 harm 1.4325)  [5s, 9,715 win/s]
  ep277  loss 0.1569 (pw 0.0007 harm 1.4440)  [5s, 9,718 win/s]
  ep278  loss 0.1542 (pw 0.0007 harm 1.4160)  [5s, 9,718 win/s]
  ep279  loss 0.1535 (pw 0.0007 harm 1.4114)  [5s, 9,697 win/s]
  ep280  loss 0.1528 (pw 0.0007 harm 1.4022)  [5s, 9,710 win/s]
  ep281  loss 0.1534 (pw 0.0007 harm 1.4113)  [5s, 9,712 win/s]
  ep282  loss 0.1542 (pw 0.0007 harm 1.4177)  [5s, 9,705 win/s]
  ep283  loss 0.1602 (pw 0.0007 harm 1.4726)  [5s, 9,698 win/s]
  ep284  loss 0.1539 (pw 0.0007 harm 1.4092)  [5s, 9,703 win/s]
  ep285  loss 0.1543 (pw 0.0007 harm 1.4208)  [5s, 9,688 win/s]
  ep286  loss 0.1541 (pw 0.0007 harm 1.4128)  [5s, 9,678 win/s]
  ep287  loss 0.1542 (pw 0.0007 harm 1.4170)  [5s, 9,696 win/s]
  ep288  loss 0.1530 (pw 0.0007 harm 1.4015)  [5s, 9,694 win/s]
  ep289  loss 0.1560 (pw 0.0007 harm 1.4331)  [5s, 9,719 win/s]
  ep290  loss 0.1560 (pw 0.0007 harm 1.4344)  [5s, 9,696 win/s]
  ep291  loss 0.1543 (pw 0.0007 harm 1.4169)  [5s, 9,699 win/s]
  ep292  loss 0.1556 (pw 0.0007 harm 1.4310)  [5s, 9,709 win/s]
  ep293  loss 0.1563 (pw 0.0007 harm 1.4355)  [5s, 9,735 win/s]
  ep294  loss 0.1537 (pw 0.0007 harm 1.4127)  [5s, 9,695 win/s]
  ep295  loss 0.1541 (pw 0.0007 harm 1.4198)  [5s, 9,725 win/s]
  ep296  loss 0.1558 (pw 0.0007 harm 1.4320)  [5s, 9,721 win/s]
  ep297  loss 0.1539 (pw 0.0007 harm 1.4155)  [5s, 9,729 win/s]
  ep298  loss 0.1567 (pw 0.0007 harm 1.4407)  [5s, 9,700 win/s]
  ep299  loss 0.1540 (pw 0.0007 harm 1.4150)  [5s, 9,712 win/s]
  ep300  loss 0.1562 (pw 0.0007 harm 1.4341)  |  MAE 3.067W  F1 0.9789  저항3종 0.999  잔차 25.3W  [5s 학습 / 0s 평가, 9,715 win/s]

가전                     양성      MAE   MAE(on)    nMAE    RE중앙    편향(on)      FA     FA(고부하)      전가     F1
---------------------------------------------------------------------------------------------------------
air_conditioner       295     0.80     21.56   0.028   0.045     -7.91    0.00        0.01   +0.01  0.974
beam_projector       1266     0.56      3.50   0.069   0.061     -2.39    0.00        0.00   -0.00  0.987
electiric_kettle      983     9.59     77.24   0.050   0.049    -37.05    0.11        0.58   +0.53  0.999
fan                  1386     0.68      3.31   0.087   0.043     -2.00    0.13        0.53   +0.51  0.964
hair_dryer            785     5.10     51.84   0.054   0.059    +32.55    0.02        0.09   +0.09  0.999
hotplate              373     5.62     34.03   0.062   0.062     -6.97    4.23       12.65  +10.47  0.929
laptop_charger       1505     1.05      5.47   0.083   0.112     -1.27    0.03        0.01   -0.02  0.997
minipc               1531     0.55      2.63   0.121   0.154     -0.01    0.06        0.11   +0.05  0.978
oven                  920     3.66     30.10   0.025   0.055    -11.73    0.22        1.06   +1.02  0.982

  기기 평균 MAE 3.07W | F1 평균 0.979 | 최악 F1 0.929 (hotplate)
  저항3종 혼동 정확도 0.999 | 오븐→포트 0/188 (0.0%)
  저부하 FA_rel(고부하 동시) < 0.15 : 4/4
  총전력 잔차 절대 평균 25.35W

                            Phase1 GBM    Phase3 CNN
  기기 평균 MAE (W)                  1.760         3.067   패
  F1 평균                          0.956         0.979   승
  저항3종 정확도                       0.993         0.999   승
  총전력 잔차 (W)                    14.244        25.346   패

완료 1573s | results\cnn_sw_base_s2.json
====================================================================================

### [sw_base_s2] 1단계 exit=0  Sun Aug 23 01:03:30     2026
### [sw_base_s2] 2단계 exit=0
### [sw_base_s2] LOFO 3폴드 완료 Sun Aug 23 01:09:32     2026
### [sw_fd02_s2] 1단계 Sun Aug 23 01:09:32     2026
====================================================================================
[Phase 3] 2갈래 CNN — 세밀 10초@60Hz + 광역 60초@2Hz, 타깃 끝-1초
====================================================================================
평가: 홀드아웃 8,000창 (뒤 20%) | sha a2f4974fe456dc3b | 타깃 3239/3600
모델 0.61M 파라미터 | 배치 512 | 300 epoch x 50,000창 = 29,100 step | 장치 cuda
손실 가중치: power 1.0 / state .3 / on .3 / plugged .1 / standby .1 / harm 0.1 / cons 0.0 / over 0.0
학습 데이터: 캐시 cache/train60_v17 — 독립 창 300,000개 (14.6GB) | epoch 당 50,000창 -> 전체 50.0회 재사용
  ep  1  loss 0.5562 (pw 0.0101 harm 2.1456)  [6s, 9,060 win/s]
  ep  2  loss 0.3744 (pw 0.0081 harm 2.0464)  [5s, 9,649 win/s]
  ep  3  loss 0.3362 (pw 0.0068 harm 1.9947)  [5s, 9,645 win/s]
  ep  4  loss 0.3159 (pw 0.0063 harm 1.9458)  [5s, 9,643 win/s]
  ep  5  loss 0.2958 (pw 0.0058 harm 1.8485)  [5s, 9,647 win/s]
  ep  6  loss 0.2774 (pw 0.0051 harm 1.7159)  [5s, 9,653 win/s]
  ep  7  loss 0.2664 (pw 0.0046 harm 1.6561)  [5s, 9,652 win/s]
  ep  8  loss 0.2550 (pw 0.0042 harm 1.6000)  [5s, 9,670 win/s]
  ep  9  loss 0.2513 (pw 0.0039 harm 1.6097)  [5s, 9,637 win/s]
  ep 10  loss 0.2404 (pw 0.0036 harm 1.5551)  [5s, 9,700 win/s]
  ep 11  loss 0.2391 (pw 0.0035 harm 1.5605)  [5s, 9,650 win/s]
  ep 12  loss 0.2339 (pw 0.0034 harm 1.5416)  [5s, 9,678 win/s]
  ep 13  loss 0.2308 (pw 0.0032 harm 1.5368)  [5s, 9,667 win/s]
  ep 14  loss 0.2282 (pw 0.0031 harm 1.5341)  [5s, 9,698 win/s]
  ep 15  loss 0.2266 (pw 0.0031 harm 1.5279)  [5s, 9,653 win/s]
  ep 16  loss 0.2236 (pw 0.0031 harm 1.5094)  [5s, 9,667 win/s]
  ep 17  loss 0.2170 (pw 0.0030 harm 1.4674)  [5s, 9,694 win/s]
  ep 18  loss 0.2150 (pw 0.0029 harm 1.4697)  [5s, 9,676 win/s]
  ep 19  loss 0.2182 (pw 0.0028 harm 1.5085)  [5s, 9,667 win/s]
  ep 20  loss 0.2146 (pw 0.0029 harm 1.4838)  [5s, 9,676 win/s]
  ep 21  loss 0.2142 (pw 0.0028 harm 1.4918)  [5s, 9,691 win/s]
  ep 22  loss 0.2136 (pw 0.0027 harm 1.4992)  [5s, 9,712 win/s]
  ep 23  loss 0.2121 (pw 0.0026 harm 1.4966)  [5s, 9,685 win/s]
  ep 24  loss 0.2109 (pw 0.0026 harm 1.4952)  [5s, 9,700 win/s]
  ep 25  loss 0.2100 (pw 0.0026 harm 1.4835)  [5s, 9,720 win/s]
  ep 26  loss 0.2061 (pw 0.0026 harm 1.4664)  [5s, 9,673 win/s]
  ep 27  loss 0.2072 (pw 0.0025 harm 1.4793)  [5s, 9,697 win/s]
  ep 28  loss 0.2062 (pw 0.0025 harm 1.4787)  [5s, 9,685 win/s]
  ep 29  loss 0.2067 (pw 0.0024 harm 1.4914)  [5s, 9,715 win/s]
  ep 30  loss 0.2052 (pw 0.0024 harm 1.4873)  [5s, 9,667 win/s]
  ep 31  loss 0.2032 (pw 0.0024 harm 1.4704)  [5s, 9,708 win/s]
  ep 32  loss 0.2025 (pw 0.0024 harm 1.4700)  [5s, 9,719 win/s]
  ep 33  loss 0.2050 (pw 0.0024 harm 1.4999)  [5s, 9,713 win/s]
  ep 34  loss 0.2046 (pw 0.0024 harm 1.4846)  [5s, 9,705 win/s]
  ep 35  loss 0.1996 (pw 0.0024 harm 1.4476)  [5s, 9,707 win/s]
  ep 36  loss 0.1985 (pw 0.0023 harm 1.4422)  [5s, 9,712 win/s]
  ep 37  loss 0.2007 (pw 0.0022 harm 1.4849)  [5s, 9,729 win/s]
  ep 38  loss 0.2010 (pw 0.0023 harm 1.4726)  [5s, 9,697 win/s]
  ep 39  loss 0.1971 (pw 0.0022 harm 1.4493)  [5s, 9,675 win/s]
  ep 40  loss 0.1990 (pw 0.0022 harm 1.4709)  [5s, 9,713 win/s]
  ep 41  loss 0.2016 (pw 0.0023 harm 1.4873)  [5s, 9,700 win/s]
  ep 42  loss 0.1973 (pw 0.0022 harm 1.4661)  [5s, 9,707 win/s]
  ep 43  loss 0.1994 (pw 0.0023 harm 1.4726)  [5s, 9,700 win/s]
  ep 44  loss 0.1981 (pw 0.0021 harm 1.4855)  [5s, 9,741 win/s]
  ep 45  loss 0.1945 (pw 0.0022 harm 1.4366)  [5s, 9,690 win/s]
  ep 46  loss 0.1962 (pw 0.0022 harm 1.4583)  [5s, 9,711 win/s]
  ep 47  loss 0.1959 (pw 0.0021 harm 1.4726)  [5s, 9,719 win/s]
  ep 48  loss 0.1947 (pw 0.0021 harm 1.4561)  [5s, 9,725 win/s]
  ep 49  loss 0.1947 (pw 0.0022 harm 1.4492)  [5s, 9,674 win/s]
  ep 50  loss 0.1960 (pw 0.0021 harm 1.4736)  [5s, 9,706 win/s]
  ep 51  loss 0.1945 (pw 0.0021 harm 1.4639)  [5s, 9,703 win/s]
  ep 52  loss 0.1906 (pw 0.0020 harm 1.4327)  [5s, 9,710 win/s]
  ep 53  loss 0.1942 (pw 0.0021 harm 1.4592)  [5s, 9,688 win/s]
  ep 54  loss 0.1919 (pw 0.0020 harm 1.4490)  [5s, 9,701 win/s]
  ep 55  loss 0.1923 (pw 0.0020 harm 1.4488)  [5s, 9,724 win/s]
  ep 56  loss 0.1947 (pw 0.0021 harm 1.4678)  [5s, 9,697 win/s]
  ep 57  loss 0.1907 (pw 0.0020 harm 1.4498)  [5s, 9,694 win/s]
  ep 58  loss 0.1910 (pw 0.0020 harm 1.4534)  [5s, 9,711 win/s]
  ep 59  loss 0.1907 (pw 0.0020 harm 1.4460)  [5s, 9,729 win/s]
  ep 60  loss 0.1902 (pw 0.0020 harm 1.4441)  [5s, 9,681 win/s]
  ep 61  loss 0.1900 (pw 0.0019 harm 1.4446)  [5s, 9,688 win/s]
  ep 62  loss 0.1914 (pw 0.0020 harm 1.4583)  [5s, 9,685 win/s]
  ep 63  loss 0.1895 (pw 0.0019 harm 1.4547)  [5s, 9,723 win/s]
  ep 64  loss 0.1897 (pw 0.0019 harm 1.4557)  [5s, 9,663 win/s]
  ep 65  loss 0.1896 (pw 0.0019 harm 1.4550)  [5s, 9,691 win/s]
  ep 66  loss 0.1895 (pw 0.0019 harm 1.4637)  [5s, 9,665 win/s]
  ep 67  loss 0.1894 (pw 0.0019 harm 1.4538)  [5s, 9,722 win/s]
  ep 68  loss 0.1871 (pw 0.0019 harm 1.4371)  [5s, 9,687 win/s]
  ep 69  loss 0.1917 (pw 0.0019 harm 1.4746)  [5s, 9,682 win/s]
  ep 70  loss 0.1897 (pw 0.0019 harm 1.4624)  [5s, 9,697 win/s]
  ep 71  loss 0.1878 (pw 0.0019 harm 1.4440)  [5s, 9,700 win/s]
  ep 72  loss 0.1894 (pw 0.0018 harm 1.4692)  [5s, 9,674 win/s]
  ep 73  loss 0.1897 (pw 0.0018 harm 1.4671)  [5s, 9,694 win/s]
  ep 74  loss 0.1855 (pw 0.0018 harm 1.4315)  [5s, 9,705 win/s]
  ep 75  loss 0.1859 (pw 0.0019 harm 1.4389)  [5s, 9,670 win/s]
  ep 76  loss 0.1889 (pw 0.0018 harm 1.4725)  [5s, 9,673 win/s]
  ep 77  loss 0.1879 (pw 0.0018 harm 1.4588)  [5s, 9,707 win/s]
  ep 78  loss 0.1860 (pw 0.0017 harm 1.4474)  [5s, 9,710 win/s]
  ep 79  loss 0.1883 (pw 0.0018 harm 1.4601)  [5s, 9,677 win/s]
  ep 80  loss 0.1869 (pw 0.0018 harm 1.4583)  [5s, 9,669 win/s]
  ep 81  loss 0.1852 (pw 0.0018 harm 1.4380)  [5s, 9,690 win/s]
  ep 82  loss 0.1876 (pw 0.0018 harm 1.4583)  [5s, 9,707 win/s]
  ep 83  loss 0.1893 (pw 0.0018 harm 1.4807)  [5s, 9,648 win/s]
  ep 84  loss 0.1834 (pw 0.0017 harm 1.4320)  [5s, 9,703 win/s]
  ep 85  loss 0.1847 (pw 0.0017 harm 1.4372)  [5s, 9,706 win/s]
  ep 86  loss 0.1858 (pw 0.0017 harm 1.4542)  [5s, 9,700 win/s]
  ep 87  loss 0.1841 (pw 0.0017 harm 1.4459)  [5s, 9,681 win/s]
  ep 88  loss 0.1851 (pw 0.0017 harm 1.4570)  [5s, 9,689 win/s]
  ep 89  loss 0.1821 (pw 0.0017 harm 1.4322)  [5s, 9,715 win/s]
  ep 90  loss 0.1846 (pw 0.0017 harm 1.4547)  [5s, 9,706 win/s]
  ep 91  loss 0.1862 (pw 0.0017 harm 1.4561)  [5s, 9,685 win/s]
  ep 92  loss 0.1852 (pw 0.0017 harm 1.4572)  [5s, 9,707 win/s]
  ep 93  loss 0.1851 (pw 0.0017 harm 1.4577)  [5s, 9,702 win/s]
  ep 94  loss 0.1824 (pw 0.0017 harm 1.4348)  [5s, 9,673 win/s]
  ep 95  loss 0.1829 (pw 0.0017 harm 1.4316)  [5s, 9,701 win/s]
  ep 96  loss 0.1829 (pw 0.0016 harm 1.4478)  [5s, 9,694 win/s]
  ep 97  loss 0.1841 (pw 0.0016 harm 1.4555)  [5s, 9,724 win/s]
  ep 98  loss 0.1821 (pw 0.0016 harm 1.4464)  [5s, 9,677 win/s]
  ep 99  loss 0.1820 (pw 0.0016 harm 1.4410)  [5s, 9,711 win/s]
  ep100  loss 0.1894 (pw 0.0017 harm 1.4940)  |  MAE 3.348W  F1 0.9746  저항3종 1.000  잔차 25.4W  [5s 학습 / 0s 평가, 9,704 win/s]
  ep101  loss 0.1822 (pw 0.0017 harm 1.4370)  [5s, 9,727 win/s]
  ep102  loss 0.1824 (pw 0.0017 harm 1.4391)  [5s, 9,701 win/s]
  ep103  loss 0.1829 (pw 0.0016 harm 1.4472)  [5s, 9,711 win/s]
  ep104  loss 0.1841 (pw 0.0017 harm 1.4572)  [5s, 9,712 win/s]
  ep105  loss 0.1836 (pw 0.0016 harm 1.4633)  [5s, 9,714 win/s]
  ep106  loss 0.1830 (pw 0.0016 harm 1.4503)  [5s, 9,696 win/s]
  ep107  loss 0.1831 (pw 0.0016 harm 1.4575)  [5s, 9,724 win/s]
  ep108  loss 0.1835 (pw 0.0016 harm 1.4583)  [5s, 9,714 win/s]
  ep109  loss 0.1828 (pw 0.0016 harm 1.4618)  [5s, 9,711 win/s]
  ep110  loss 0.1814 (pw 0.0016 harm 1.4401)  [5s, 9,721 win/s]
  ep111  loss 0.1804 (pw 0.0016 harm 1.4352)  [5s, 9,708 win/s]
  ep112  loss 0.1807 (pw 0.0016 harm 1.4338)  [5s, 9,726 win/s]
  ep113  loss 0.1808 (pw 0.0015 harm 1.4443)  [5s, 9,703 win/s]
  ep114  loss 0.1798 (pw 0.0016 harm 1.4362)  [5s, 9,715 win/s]
  ep115  loss 0.1810 (pw 0.0015 harm 1.4527)  [5s, 9,693 win/s]
  ep116  loss 0.1825 (pw 0.0016 harm 1.4526)  [5s, 9,740 win/s]
  ep117  loss 0.1808 (pw 0.0015 harm 1.4514)  [5s, 9,672 win/s]
  ep118  loss 0.1813 (pw 0.0015 harm 1.4555)  [5s, 9,701 win/s]
  ep119  loss 0.1836 (pw 0.0016 harm 1.4731)  [5s, 9,701 win/s]
  ep120  loss 0.1834 (pw 0.0016 harm 1.4593)  [5s, 9,712 win/s]
  ep121  loss 0.1795 (pw 0.0016 harm 1.4369)  [5s, 9,665 win/s]
  ep122  loss 0.1831 (pw 0.0016 harm 1.4618)  [5s, 9,515 win/s]
  ep123  loss 0.1815 (pw 0.0016 harm 1.4586)  [5s, 9,840 win/s]
  ep124  loss 0.1800 (pw 0.0015 harm 1.4415)  [5s, 9,866 win/s]
  ep125  loss 0.1822 (pw 0.0015 harm 1.4675)  [5s, 9,853 win/s]
  ep126  loss 0.1794 (pw 0.0015 harm 1.4429)  [5s, 9,877 win/s]
  ep127  loss 0.1786 (pw 0.0015 harm 1.4336)  [5s, 9,876 win/s]
  ep128  loss 0.1785 (pw 0.0015 harm 1.4417)  [5s, 9,873 win/s]
  ep129  loss 0.1826 (pw 0.0016 harm 1.4619)  [5s, 9,875 win/s]
  ep130  loss 0.1809 (pw 0.0015 harm 1.4589)  [5s, 9,851 win/s]
  ep131  loss 0.1803 (pw 0.0014 harm 1.4631)  [5s, 9,852 win/s]
  ep132  loss 0.1819 (pw 0.0016 harm 1.4617)  [5s, 9,780 win/s]
  ep133  loss 0.1813 (pw 0.0015 harm 1.4606)  [5s, 9,827 win/s]
  ep134  loss 0.1817 (pw 0.0015 harm 1.4624)  [5s, 9,816 win/s]
  ep135  loss 0.1796 (pw 0.0015 harm 1.4564)  [5s, 9,855 win/s]
  ep136  loss 0.1781 (pw 0.0015 harm 1.4337)  [5s, 9,797 win/s]
  ep137  loss 0.1781 (pw 0.0015 harm 1.4312)  [5s, 9,827 win/s]
  ep138  loss 0.1788 (pw 0.0015 harm 1.4493)  [5s, 9,807 win/s]
  ep139  loss 0.1798 (pw 0.0015 harm 1.4595)  [5s, 9,827 win/s]
  ep140  loss 0.1763 (pw 0.0014 harm 1.4293)  [5s, 9,811 win/s]
  ep141  loss 0.1767 (pw 0.0015 harm 1.4310)  [5s, 9,837 win/s]
  ep142  loss 0.1821 (pw 0.0016 harm 1.4771)  [5s, 9,883 win/s]
  ep143  loss 0.1821 (pw 0.0015 harm 1.4782)  [5s, 9,893 win/s]
  ep144  loss 0.1777 (pw 0.0014 harm 1.4500)  [5s, 9,870 win/s]
  ep145  loss 0.1798 (pw 0.0015 harm 1.4630)  [5s, 9,882 win/s]
  ep146  loss 0.1761 (pw 0.0014 harm 1.4295)  [5s, 9,887 win/s]
  ep147  loss 0.1770 (pw 0.0014 harm 1.4454)  [5s, 9,873 win/s]
  ep148  loss 0.1801 (pw 0.0015 harm 1.4608)  [5s, 9,864 win/s]
  ep149  loss 0.1778 (pw 0.0015 harm 1.4474)  [5s, 9,876 win/s]
  ep150  loss 0.1802 (pw 0.0015 harm 1.4642)  [5s, 9,890 win/s]
  ep151  loss 0.1771 (pw 0.0015 harm 1.4426)  [5s, 9,881 win/s]
  ep152  loss 0.1782 (pw 0.0014 harm 1.4560)  [5s, 9,885 win/s]
  ep153  loss 0.1779 (pw 0.0015 harm 1.4456)  [5s, 9,895 win/s]
  ep154  loss 0.1775 (pw 0.0015 harm 1.4362)  [5s, 9,893 win/s]
  ep155  loss 0.1798 (pw 0.0014 harm 1.4671)  [5s, 9,890 win/s]
  ep156  loss 0.1784 (pw 0.0014 harm 1.4572)  [5s, 9,878 win/s]
  ep157  loss 0.1782 (pw 0.0015 harm 1.4509)  [5s, 9,888 win/s]
  ep158  loss 0.1808 (pw 0.0015 harm 1.4818)  [5s, 9,874 win/s]
  ep159  loss 0.1787 (pw 0.0015 harm 1.4538)  [5s, 9,865 win/s]
  ep160  loss 0.1771 (pw 0.0014 harm 1.4501)  [5s, 9,886 win/s]
  ep161  loss 0.1760 (pw 0.0014 harm 1.4290)  [5s, 9,903 win/s]
  ep162  loss 0.1770 (pw 0.0014 harm 1.4471)  [5s, 9,880 win/s]
  ep163  loss 0.1776 (pw 0.0014 harm 1.4541)  [5s, 9,866 win/s]
  ep164  loss 0.1750 (pw 0.0014 harm 1.4250)  [5s, 9,874 win/s]
  ep165  loss 0.1753 (pw 0.0015 harm 1.4322)  [5s, 9,888 win/s]
  ep166  loss 0.1798 (pw 0.0014 harm 1.4784)  [5s, 9,886 win/s]
  ep167  loss 0.1750 (pw 0.0014 harm 1.4243)  [5s, 9,868 win/s]
  ep168  loss 0.1753 (pw 0.0014 harm 1.4318)  [5s, 9,882 win/s]
  ep169  loss 0.1752 (pw 0.0014 harm 1.4363)  [5s, 9,896 win/s]
  ep170  loss 0.1766 (pw 0.0014 harm 1.4476)  [5s, 9,862 win/s]
  ep171  loss 0.1762 (pw 0.0014 harm 1.4426)  [5s, 9,881 win/s]
  ep172  loss 0.1766 (pw 0.0014 harm 1.4534)  [5s, 9,887 win/s]
  ep173  loss 0.1761 (pw 0.0014 harm 1.4473)  [5s, 9,884 win/s]
  ep174  loss 0.1752 (pw 0.0014 harm 1.4446)  [5s, 9,869 win/s]
  ep175  loss 0.1739 (pw 0.0013 harm 1.4322)  [5s, 9,876 win/s]
  ep176  loss 0.1758 (pw 0.0014 harm 1.4438)  [5s, 9,880 win/s]
  ep177  loss 0.1764 (pw 0.0014 harm 1.4512)  [5s, 9,891 win/s]
  ep178  loss 0.1767 (pw 0.0014 harm 1.4573)  [5s, 9,876 win/s]
  ep179  loss 0.1744 (pw 0.0014 harm 1.4359)  [5s, 9,874 win/s]
  ep180  loss 0.1749 (pw 0.0014 harm 1.4343)  [5s, 9,899 win/s]
  ep181  loss 0.1762 (pw 0.0014 harm 1.4523)  [5s, 9,872 win/s]
  ep182  loss 0.1767 (pw 0.0014 harm 1.4513)  [5s, 9,862 win/s]
  ep183  loss 0.1758 (pw 0.0014 harm 1.4504)  [5s, 9,870 win/s]
  ep184  loss 0.1747 (pw 0.0014 harm 1.4375)  [5s, 9,895 win/s]
  ep185  loss 0.1731 (pw 0.0013 harm 1.4262)  [5s, 9,886 win/s]
  ep186  loss 0.1763 (pw 0.0014 harm 1.4574)  [5s, 9,881 win/s]
  ep187  loss 0.1731 (pw 0.0013 harm 1.4245)  [5s, 9,889 win/s]
  ep188  loss 0.1763 (pw 0.0013 harm 1.4592)  [5s, 9,902 win/s]
  ep189  loss 0.1780 (pw 0.0014 harm 1.4768)  [5s, 9,872 win/s]
  ep190  loss 0.1754 (pw 0.0013 harm 1.4516)  [5s, 9,873 win/s]
  ep191  loss 0.1762 (pw 0.0014 harm 1.4585)  [5s, 9,882 win/s]
  ep192  loss 0.1724 (pw 0.0013 harm 1.4199)  [5s, 9,890 win/s]
  ep193  loss 0.1745 (pw 0.0013 harm 1.4434)  [5s, 9,868 win/s]
  ep194  loss 0.1722 (pw 0.0014 harm 1.4201)  [5s, 9,876 win/s]
  ep195  loss 0.1767 (pw 0.0014 harm 1.4536)  [5s, 9,887 win/s]
  ep196  loss 0.1741 (pw 0.0014 harm 1.4380)  [5s, 9,895 win/s]
  ep197  loss 0.1738 (pw 0.0013 harm 1.4404)  [5s, 9,871 win/s]
  ep198  loss 0.1757 (pw 0.0014 harm 1.4560)  [5s, 9,873 win/s]
  ep199  loss 0.1765 (pw 0.0014 harm 1.4706)  [5s, 9,877 win/s]
  ep200  loss 0.1753 (pw 0.0013 harm 1.4579)  |  MAE 3.452W  F1 0.9716  저항3종 1.000  잔차 26.9W  [5s 학습 / 0s 평가, 9,887 win/s]
  ep201  loss 0.1743 (pw 0.0013 harm 1.4463)  [5s, 9,868 win/s]
  ep202  loss 0.1766 (pw 0.0013 harm 1.4711)  [5s, 9,885 win/s]
  ep203  loss 0.1738 (pw 0.0013 harm 1.4451)  [5s, 9,887 win/s]
  ep204  loss 0.1731 (pw 0.0013 harm 1.4322)  [5s, 9,869 win/s]
  ep205  loss 0.1761 (pw 0.0014 harm 1.4659)  [5s, 9,866 win/s]
  ep206  loss 0.1741 (pw 0.0013 harm 1.4459)  [5s, 9,862 win/s]
  ep207  loss 0.1728 (pw 0.0013 harm 1.4385)  [5s, 9,887 win/s]
  ep208  loss 0.1726 (pw 0.0013 harm 1.4336)  [5s, 9,875 win/s]
  ep209  loss 0.1737 (pw 0.0013 harm 1.4414)  [5s, 9,864 win/s]
  ep210  loss 0.1719 (pw 0.0013 harm 1.4271)  [5s, 9,877 win/s]
  ep211  loss 0.1757 (pw 0.0013 harm 1.4612)  [5s, 9,877 win/s]
  ep212  loss 0.1741 (pw 0.0013 harm 1.4505)  [5s, 9,857 win/s]
  ep213  loss 0.1716 (pw 0.0014 harm 1.4192)  [5s, 9,873 win/s]
  ep214  loss 0.1716 (pw 0.0013 harm 1.4262)  [5s, 9,867 win/s]
  ep215  loss 0.1728 (pw 0.0013 harm 1.4382)  [5s, 9,863 win/s]
  ep216  loss 0.1725 (pw 0.0013 harm 1.4357)  [5s, 9,870 win/s]
  ep217  loss 0.1731 (pw 0.0013 harm 1.4415)  [5s, 9,876 win/s]
  ep218  loss 0.1732 (pw 0.0013 harm 1.4379)  [5s, 9,883 win/s]
  ep219  loss 0.1716 (pw 0.0013 harm 1.4334)  [5s, 9,873 win/s]
  ep220  loss 0.1741 (pw 0.0013 harm 1.4530)  [5s, 9,877 win/s]
  ep221  loss 0.1726 (pw 0.0013 harm 1.4417)  [5s, 9,878 win/s]
  ep222  loss 0.1745 (pw 0.0013 harm 1.4529)  [5s, 9,875 win/s]
  ep223  loss 0.1723 (pw 0.0013 harm 1.4350)  [5s, 9,876 win/s]
  ep224  loss 0.1717 (pw 0.0013 harm 1.4307)  [5s, 9,884 win/s]
  ep225  loss 0.1757 (pw 0.0013 harm 1.4698)  [5s, 9,879 win/s]
  ep226  loss 0.1740 (pw 0.0013 harm 1.4512)  [5s, 9,872 win/s]
  ep227  loss 0.1715 (pw 0.0013 harm 1.4329)  [5s, 9,862 win/s]
  ep228  loss 0.1730 (pw 0.0013 harm 1.4453)  [5s, 9,882 win/s]
  ep229  loss 0.1739 (pw 0.0013 harm 1.4530)  [5s, 9,873 win/s]
  ep230  loss 0.1736 (pw 0.0013 harm 1.4513)  [5s, 9,879 win/s]
  ep231  loss 0.1755 (pw 0.0013 harm 1.4732)  [5s, 9,870 win/s]
  ep232  loss 0.1717 (pw 0.0013 harm 1.4333)  [5s, 9,878 win/s]
  ep233  loss 0.1732 (pw 0.0013 harm 1.4498)  [5s, 9,862 win/s]
  ep234  loss 0.1719 (pw 0.0013 harm 1.4310)  [5s, 9,861 win/s]
  ep235  loss 0.1743 (pw 0.0012 harm 1.4628)  [5s, 9,873 win/s]
  ep236  loss 0.1714 (pw 0.0012 harm 1.4406)  [5s, 9,864 win/s]
  ep237  loss 0.1724 (pw 0.0012 harm 1.4477)  [5s, 9,879 win/s]
  ep238  loss 0.1719 (pw 0.0012 harm 1.4420)  [5s, 9,857 win/s]
  ep239  loss 0.1731 (pw 0.0013 harm 1.4499)  [5s, 9,887 win/s]
  ep240  loss 0.1729 (pw 0.0013 harm 1.4496)  [5s, 9,883 win/s]
  ep241  loss 0.1712 (pw 0.0013 harm 1.4359)  [5s, 9,890 win/s]
  ep242  loss 0.1708 (pw 0.0013 harm 1.4331)  [5s, 9,874 win/s]
  ep243  loss 0.1736 (pw 0.0013 harm 1.4573)  [5s, 9,890 win/s]
  ep244  loss 0.1741 (pw 0.0013 harm 1.4559)  [5s, 9,896 win/s]
  ep245  loss 0.1739 (pw 0.0013 harm 1.4674)  [5s, 9,875 win/s]
  ep246  loss 0.1706 (pw 0.0013 harm 1.4325)  [5s, 9,838 win/s]
  ep247  loss 0.1753 (pw 0.0013 harm 1.4742)  [5s, 9,883 win/s]
  ep248  loss 0.1712 (pw 0.0013 harm 1.4358)  [5s, 9,867 win/s]
  ep249  loss 0.1716 (pw 0.0013 harm 1.4431)  [5s, 9,882 win/s]
  ep250  loss 0.1702 (pw 0.0013 harm 1.4211)  [5s, 9,874 win/s]
  ep251  loss 0.1713 (pw 0.0013 harm 1.4343)  [5s, 9,880 win/s]
  ep252  loss 0.1717 (pw 0.0013 harm 1.4394)  [5s, 9,885 win/s]
  ep253  loss 0.1723 (pw 0.0013 harm 1.4465)  [5s, 9,881 win/s]
  ep254  loss 0.1728 (pw 0.0013 harm 1.4502)  [5s, 9,868 win/s]
  ep255  loss 0.1739 (pw 0.0012 harm 1.4674)  [5s, 9,871 win/s]
  ep256  loss 0.1723 (pw 0.0013 harm 1.4483)  [5s, 9,879 win/s]
  ep257  loss 0.1732 (pw 0.0013 harm 1.4579)  [5s, 9,875 win/s]
  ep258  loss 0.1714 (pw 0.0012 harm 1.4397)  [5s, 9,866 win/s]
  ep259  loss 0.1721 (pw 0.0012 harm 1.4460)  [5s, 9,878 win/s]
  ep260  loss 0.1710 (pw 0.0012 harm 1.4374)  [5s, 9,886 win/s]
  ep261  loss 0.1711 (pw 0.0013 harm 1.4297)  [5s, 9,876 win/s]
  ep262  loss 0.1710 (pw 0.0013 harm 1.4322)  [5s, 9,887 win/s]
  ep263  loss 0.1723 (pw 0.0013 harm 1.4442)  [5s, 9,897 win/s]
  ep264  loss 0.1703 (pw 0.0013 harm 1.4256)  [5s, 9,881 win/s]
  ep265  loss 0.1722 (pw 0.0013 harm 1.4457)  [5s, 9,869 win/s]
  ep266  loss 0.1720 (pw 0.0013 harm 1.4485)  [5s, 9,861 win/s]
  ep267  loss 0.1711 (pw 0.0012 harm 1.4372)  [5s, 9,848 win/s]
  ep268  loss 0.1733 (pw 0.0012 harm 1.4607)  [5s, 9,830 win/s]
  ep269  loss 0.1703 (pw 0.0012 harm 1.4255)  [5s, 9,854 win/s]
  ep270  loss 0.1734 (pw 0.0013 harm 1.4572)  [5s, 9,870 win/s]
  ep271  loss 0.1717 (pw 0.0012 harm 1.4458)  [5s, 9,884 win/s]
  ep272  loss 0.1744 (pw 0.0013 harm 1.4717)  [5s, 9,874 win/s]
  ep273  loss 0.1709 (pw 0.0012 harm 1.4399)  [5s, 9,856 win/s]
  ep274  loss 0.1715 (pw 0.0013 harm 1.4436)  [5s, 9,859 win/s]
  ep275  loss 0.1718 (pw 0.0013 harm 1.4476)  [5s, 9,902 win/s]
  ep276  loss 0.1724 (pw 0.0012 harm 1.4509)  [5s, 9,878 win/s]
  ep277  loss 0.1733 (pw 0.0012 harm 1.4632)  [5s, 9,884 win/s]
  ep278  loss 0.1709 (pw 0.0012 harm 1.4348)  [5s, 9,876 win/s]
  ep279  loss 0.1698 (pw 0.0012 harm 1.4300)  [5s, 9,884 win/s]
  ep280  loss 0.1692 (pw 0.0013 harm 1.4208)  [5s, 9,874 win/s]
  ep281  loss 0.1698 (pw 0.0013 harm 1.4300)  [5s, 9,877 win/s]
  ep282  loss 0.1702 (pw 0.0012 harm 1.4365)  [5s, 9,882 win/s]
  ep283  loss 0.1766 (pw 0.0013 harm 1.4918)  [5s, 9,874 win/s]
  ep284  loss 0.1705 (pw 0.0012 harm 1.4285)  [5s, 9,845 win/s]
  ep285  loss 0.1709 (pw 0.0012 harm 1.4403)  [5s, 9,864 win/s]
  ep286  loss 0.1709 (pw 0.0012 harm 1.4327)  [5s, 9,874 win/s]
  ep287  loss 0.1707 (pw 0.0013 harm 1.4358)  [5s, 9,863 win/s]
  ep288  loss 0.1697 (pw 0.0013 harm 1.4208)  [5s, 9,866 win/s]
  ep289  loss 0.1721 (pw 0.0012 harm 1.4516)  [5s, 9,856 win/s]
  ep290  loss 0.1728 (pw 0.0013 harm 1.4542)  [5s, 9,877 win/s]
  ep291  loss 0.1709 (pw 0.0012 harm 1.4359)  [5s, 9,871 win/s]
  ep292  loss 0.1724 (pw 0.0012 harm 1.4505)  [5s, 9,885 win/s]
  ep293  loss 0.1731 (pw 0.0012 harm 1.4547)  [5s, 9,885 win/s]
  ep294  loss 0.1699 (pw 0.0012 harm 1.4306)  [5s, 9,874 win/s]
  ep295  loss 0.1706 (pw 0.0012 harm 1.4390)  [5s, 9,858 win/s]
  ep296  loss 0.1723 (pw 0.0012 harm 1.4507)  [5s, 9,873 win/s]
  ep297  loss 0.1703 (pw 0.0013 harm 1.4344)  [5s, 9,870 win/s]
  ep298  loss 0.1732 (pw 0.0013 harm 1.4596)  [5s, 9,867 win/s]
  ep299  loss 0.1705 (pw 0.0013 harm 1.4346)  [5s, 9,859 win/s]
  ep300  loss 0.1726 (pw 0.0012 harm 1.4528)  |  MAE 3.293W  F1 0.9743  저항3종 1.000  잔차 26.1W  [5s 학습 / 0s 평가, 9,868 win/s]
  [참고] 최고 F1 은 ep100 (0.9746, MAE 3.35W) 였다. 저장한 것은 마지막 ep300 이다.

가전                     양성      MAE   MAE(on)    nMAE    RE중앙    편향(on)      FA     FA(고부하)      전가     F1
---------------------------------------------------------------------------------------------------------
air_conditioner       295     0.72     19.37   0.025   0.044     -9.11    0.01        0.02   +0.02  0.977
beam_projector       1266     0.67      4.17   0.082   0.078     -3.31    0.01        0.03   +0.03  0.989
electiric_kettle      983    10.54     85.21   0.056   0.056    -53.57    0.08        0.72   +0.72  1.000
fan                  1386     0.75      3.51   0.092   0.053     -2.56    0.17        0.71   +0.68  0.963
hair_dryer            785     4.99     50.42   0.052   0.056    +19.41    0.05        0.34   +0.34  0.999
hotplate              373     6.05     34.79   0.063   0.062    -13.51    4.64       17.00  +15.35  0.910
laptop_charger       1505     1.07      5.50   0.083   0.115     -2.19    0.04        0.18   +0.18  0.997
minipc               1531     0.55      2.56   0.118   0.146     -0.16    0.07        0.11   +0.05  0.977
oven                  920     4.30     36.20   0.030   0.059    -23.43    0.15        0.28   +0.15  0.958

  기기 평균 MAE 3.29W | F1 평균 0.974 | 최악 F1 0.910 (hotplate)
  저항3종 혼동 정확도 1.000 | 오븐→포트 0/188 (0.0%)
  저부하 FA_rel(고부하 동시) < 0.15 : 4/4
  총전력 잔차 절대 평균 26.11W

                            Phase1 GBM    Phase3 CNN
  기기 평균 MAE (W)                  1.760         3.293   패
  F1 평균                          0.956         0.974   승
  저항3종 정확도                       0.993         1.000   승
  총전력 잔차 (W)                    14.244        26.111   패

완료 1532s | results\cnn_sw_fd02_s2.json
====================================================================================

### [sw_fd02_s2] 1단계 exit=0  Sun Aug 23 01:35:17     2026
### [sw_fd02_s2] 2단계 exit=0
### [sw_fd02_s2] LOFO 3폴드 완료 Sun Aug 23 01:41:11     2026
### [sw_base_s3] 1단계 Sun Aug 23 01:41:11     2026
====================================================================================
[Phase 3] 2갈래 CNN — 세밀 10초@60Hz + 광역 60초@2Hz, 타깃 끝-1초
====================================================================================
평가: 홀드아웃 8,000창 (뒤 20%) | sha a2f4974fe456dc3b | 타깃 3239/3600
모델 0.61M 파라미터 | 배치 512 | 300 epoch x 50,000창 = 29,100 step | 장치 cuda
손실 가중치: power 1.0 / state .3 / on .3 / plugged .1 / standby .1 / harm 0.1 / cons 0.0 / over 0.0
학습 데이터: 캐시 cache/train60_v17 — 독립 창 300,000개 (14.6GB) | epoch 당 50,000창 -> 전체 50.0회 재사용
  ep  1  loss 0.4855 (pw 0.0099 harm 2.1015)  [5s, 9,256 win/s]
  ep  2  loss 0.3270 (pw 0.0071 harm 1.9882)  [5s, 9,842 win/s]
  ep  3  loss 0.2893 (pw 0.0058 harm 1.9191)  [5s, 9,840 win/s]
  ep  4  loss 0.2711 (pw 0.0051 harm 1.8625)  [5s, 9,845 win/s]
  ep  5  loss 0.2467 (pw 0.0042 harm 1.6763)  [5s, 9,858 win/s]
  ep  6  loss 0.2337 (pw 0.0037 harm 1.5810)  [5s, 9,876 win/s]
  ep  7  loss 0.2221 (pw 0.0029 harm 1.5360)  [5s, 9,863 win/s]
  ep  8  loss 0.2105 (pw 0.0026 harm 1.4534)  [5s, 9,866 win/s]
  ep  9  loss 0.2057 (pw 0.0022 harm 1.4446)  [5s, 9,862 win/s]
  ep 10  loss 0.2039 (pw 0.0021 harm 1.4588)  [5s, 9,875 win/s]
  ep 11  loss 0.1998 (pw 0.0020 harm 1.4383)  [5s, 9,862 win/s]
  ep 12  loss 0.2005 (pw 0.0019 harm 1.4477)  [5s, 9,862 win/s]
  ep 13  loss 0.1992 (pw 0.0018 harm 1.4565)  [5s, 9,881 win/s]
  ep 14  loss 0.1963 (pw 0.0017 harm 1.4467)  [5s, 9,857 win/s]
  ep 15  loss 0.1955 (pw 0.0017 harm 1.4579)  [5s, 9,864 win/s]
  ep 16  loss 0.1897 (pw 0.0016 harm 1.4209)  [5s, 9,867 win/s]
  ep 17  loss 0.1948 (pw 0.0016 harm 1.4659)  [5s, 9,864 win/s]
  ep 18  loss 0.1892 (pw 0.0015 harm 1.4288)  [5s, 9,849 win/s]
  ep 19  loss 0.1887 (pw 0.0015 harm 1.4305)  [5s, 9,851 win/s]
  ep 20  loss 0.1895 (pw 0.0015 harm 1.4500)  [5s, 9,858 win/s]
  ep 21  loss 0.1887 (pw 0.0014 harm 1.4567)  [5s, 9,863 win/s]
  ep 22  loss 0.1881 (pw 0.0014 harm 1.4488)  [5s, 9,864 win/s]
  ep 23  loss 0.1862 (pw 0.0014 harm 1.4483)  [5s, 9,865 win/s]
  ep 24  loss 0.1835 (pw 0.0013 harm 1.4335)  [5s, 9,881 win/s]
  ep 25  loss 0.1851 (pw 0.0014 harm 1.4417)  [5s, 9,879 win/s]
  ep 26  loss 0.1845 (pw 0.0013 harm 1.4509)  [5s, 9,852 win/s]
  ep 27  loss 0.1835 (pw 0.0013 harm 1.4428)  [5s, 9,863 win/s]
  ep 28  loss 0.1818 (pw 0.0013 harm 1.4242)  [5s, 9,879 win/s]
  ep 29  loss 0.1823 (pw 0.0013 harm 1.4376)  [5s, 9,882 win/s]
  ep 30  loss 0.1820 (pw 0.0013 harm 1.4416)  [5s, 9,849 win/s]
  ep 31  loss 0.1818 (pw 0.0012 harm 1.4498)  [5s, 9,871 win/s]
  ep 32  loss 0.1791 (pw 0.0012 harm 1.4219)  [5s, 9,863 win/s]
  ep 33  loss 0.1813 (pw 0.0012 harm 1.4472)  [5s, 9,872 win/s]
  ep 34  loss 0.1816 (pw 0.0012 harm 1.4465)  [5s, 9,877 win/s]
  ep 35  loss 0.1820 (pw 0.0012 harm 1.4585)  [5s, 9,873 win/s]
  ep 36  loss 0.1821 (pw 0.0012 harm 1.4658)  [5s, 9,875 win/s]
  ep 37  loss 0.1769 (pw 0.0012 harm 1.4218)  [5s, 9,873 win/s]
  ep 38  loss 0.1782 (pw 0.0011 harm 1.4345)  [5s, 9,865 win/s]
  ep 39  loss 0.1754 (pw 0.0011 harm 1.4218)  [5s, 9,877 win/s]
  ep 40  loss 0.1764 (pw 0.0011 harm 1.4230)  [5s, 9,883 win/s]
  ep 41  loss 0.1794 (pw 0.0012 harm 1.4483)  [5s, 9,869 win/s]
  ep 42  loss 0.1759 (pw 0.0012 harm 1.4189)  [5s, 9,881 win/s]
  ep 43  loss 0.1743 (pw 0.0011 harm 1.4159)  [5s, 9,873 win/s]
  ep 44  loss 0.1767 (pw 0.0011 harm 1.4459)  [5s, 9,885 win/s]
  ep 45  loss 0.1749 (pw 0.0011 harm 1.4177)  [5s, 9,864 win/s]
  ep 46  loss 0.1768 (pw 0.0011 harm 1.4384)  [5s, 9,885 win/s]
  ep 47  loss 0.1749 (pw 0.0011 harm 1.4210)  [5s, 9,896 win/s]
  ep 48  loss 0.1755 (pw 0.0011 harm 1.4347)  [5s, 9,887 win/s]
  ep 49  loss 0.1759 (pw 0.0012 harm 1.4332)  [5s, 9,868 win/s]
  ep 50  loss 0.1735 (pw 0.0011 harm 1.4264)  [5s, 9,882 win/s]
  ep 51  loss 0.1729 (pw 0.0011 harm 1.4197)  [5s, 9,899 win/s]
  ep 52  loss 0.1751 (pw 0.0011 harm 1.4409)  [5s, 9,884 win/s]
  ep 53  loss 0.1718 (pw 0.0011 harm 1.4181)  [5s, 9,867 win/s]
  ep 54  loss 0.1710 (pw 0.0010 harm 1.4182)  [5s, 9,894 win/s]
  ep 55  loss 0.1749 (pw 0.0011 harm 1.4419)  [5s, 9,894 win/s]
  ep 56  loss 0.1727 (pw 0.0011 harm 1.4253)  [5s, 9,886 win/s]
  ep 57  loss 0.1747 (pw 0.0011 harm 1.4433)  [5s, 9,888 win/s]
  ep 58  loss 0.1717 (pw 0.0010 harm 1.4260)  [5s, 9,897 win/s]
  ep 59  loss 0.1725 (pw 0.0010 harm 1.4360)  [5s, 9,894 win/s]
  ep 60  loss 0.1730 (pw 0.0010 harm 1.4378)  [5s, 9,885 win/s]
  ep 61  loss 0.1698 (pw 0.0010 harm 1.4192)  [5s, 9,863 win/s]
  ep 62  loss 0.1695 (pw 0.0010 harm 1.4111)  [5s, 9,873 win/s]
  ep 63  loss 0.1697 (pw 0.0010 harm 1.4164)  [5s, 9,876 win/s]
  ep 64  loss 0.1733 (pw 0.0011 harm 1.4468)  [5s, 9,870 win/s]
  ep 65  loss 0.1719 (pw 0.0010 harm 1.4291)  [5s, 9,873 win/s]
  ep 66  loss 0.1730 (pw 0.0011 harm 1.4463)  [5s, 9,863 win/s]
  ep 67  loss 0.1688 (pw 0.0010 harm 1.4175)  [5s, 9,866 win/s]
  ep 68  loss 0.1714 (pw 0.0011 harm 1.4321)  [5s, 9,864 win/s]
  ep 69  loss 0.1670 (pw 0.0010 harm 1.4036)  [5s, 9,859 win/s]
  ep 70  loss 0.1700 (pw 0.0010 harm 1.4294)  [5s, 9,877 win/s]
  ep 71  loss 0.1704 (pw 0.0010 harm 1.4268)  [5s, 9,864 win/s]
  ep 72  loss 0.1679 (pw 0.0010 harm 1.4136)  [5s, 9,893 win/s]
  ep 73  loss 0.1676 (pw 0.0010 harm 1.4155)  [5s, 9,888 win/s]
  ep 74  loss 0.1736 (pw 0.0011 harm 1.4612)  [5s, 9,892 win/s]
  ep 75  loss 0.1679 (pw 0.0010 harm 1.4266)  [5s, 9,863 win/s]
  ep 76  loss 0.1723 (pw 0.0010 harm 1.4477)  [5s, 9,876 win/s]
  ep 77  loss 0.1706 (pw 0.0010 harm 1.4450)  [5s, 9,886 win/s]
  ep 78  loss 0.1698 (pw 0.0010 harm 1.4335)  [5s, 9,887 win/s]
  ep 79  loss 0.1717 (pw 0.0010 harm 1.4583)  [5s, 9,880 win/s]
  ep 80  loss 0.1667 (pw 0.0010 harm 1.4167)  [5s, 9,878 win/s]
  ep 81  loss 0.1666 (pw 0.0010 harm 1.4118)  [5s, 9,895 win/s]
  ep 82  loss 0.1669 (pw 0.0010 harm 1.4178)  [5s, 9,908 win/s]
  ep 83  loss 0.1680 (pw 0.0010 harm 1.4253)  [5s, 9,893 win/s]
  ep 84  loss 0.1680 (pw 0.0010 harm 1.4235)  [5s, 9,885 win/s]
  ep 85  loss 0.1674 (pw 0.0010 harm 1.4258)  [5s, 9,894 win/s]
  ep 86  loss 0.1674 (pw 0.0010 harm 1.4264)  [5s, 9,889 win/s]
  ep 87  loss 0.1660 (pw 0.0010 harm 1.4180)  [5s, 9,877 win/s]
  ep 88  loss 0.1709 (pw 0.0010 harm 1.4551)  [5s, 9,883 win/s]
  ep 89  loss 0.1668 (pw 0.0010 harm 1.4213)  [5s, 9,887 win/s]
  ep 90  loss 0.1647 (pw 0.0009 harm 1.4101)  [5s, 9,881 win/s]
  ep 91  loss 0.1688 (pw 0.0010 harm 1.4442)  [5s, 9,867 win/s]
  ep 92  loss 0.1664 (pw 0.0010 harm 1.4232)  [5s, 9,869 win/s]
  ep 93  loss 0.1659 (pw 0.0010 harm 1.4213)  [5s, 9,876 win/s]
  ep 94  loss 0.1655 (pw 0.0009 harm 1.4230)  [5s, 9,875 win/s]
  ep 95  loss 0.1676 (pw 0.0010 harm 1.4398)  [5s, 9,874 win/s]
  ep 96  loss 0.1669 (pw 0.0009 harm 1.4325)  [5s, 9,903 win/s]
  ep 97  loss 0.1637 (pw 0.0009 harm 1.4145)  [5s, 9,895 win/s]
  ep 98  loss 0.1669 (pw 0.0010 harm 1.4364)  [5s, 9,869 win/s]
  ep 99  loss 0.1651 (pw 0.0010 harm 1.4128)  [5s, 9,886 win/s]
  ep100  loss 0.1667 (pw 0.0010 harm 1.4378)  |  MAE 2.999W  F1 0.9809  저항3종 1.000  잔차 24.7W  [5s 학습 / 0s 평가, 9,872 win/s]
  ep101  loss 0.1645 (pw 0.0009 harm 1.4250)  [5s, 9,871 win/s]
  ep102  loss 0.1622 (pw 0.0009 harm 1.4152)  [5s, 9,867 win/s]
  ep103  loss 0.1623 (pw 0.0009 harm 1.4067)  [5s, 9,857 win/s]
  ep104  loss 0.1668 (pw 0.0010 harm 1.4367)  [5s, 9,878 win/s]
  ep105  loss 0.1669 (pw 0.0009 harm 1.4351)  [5s, 9,869 win/s]
  ep106  loss 0.1639 (pw 0.0009 harm 1.4151)  [5s, 9,872 win/s]
  ep107  loss 0.1656 (pw 0.0010 harm 1.4241)  [5s, 9,879 win/s]
  ep108  loss 0.1675 (pw 0.0009 harm 1.4490)  [5s, 9,865 win/s]
  ep109  loss 0.1642 (pw 0.0009 harm 1.4279)  [5s, 9,840 win/s]
  ep110  loss 0.1619 (pw 0.0009 harm 1.4121)  [5s, 9,872 win/s]
  ep111  loss 0.1662 (pw 0.0009 harm 1.4396)  [5s, 9,869 win/s]
  ep112  loss 0.1650 (pw 0.0009 harm 1.4292)  [5s, 9,876 win/s]
  ep113  loss 0.1637 (pw 0.0009 harm 1.4220)  [5s, 9,860 win/s]
  ep114  loss 0.1612 (pw 0.0009 harm 1.4154)  [5s, 9,882 win/s]
  ep115  loss 0.1649 (pw 0.0009 harm 1.4387)  [5s, 9,866 win/s]
  ep116  loss 0.1638 (pw 0.0009 harm 1.4114)  [5s, 9,856 win/s]
  ep117  loss 0.1598 (pw 0.0009 harm 1.3983)  [5s, 9,874 win/s]
  ep118  loss 0.1656 (pw 0.0009 harm 1.4342)  [5s, 9,868 win/s]
  ep119  loss 0.1614 (pw 0.0009 harm 1.4136)  [5s, 9,884 win/s]
  ep120  loss 0.1628 (pw 0.0009 harm 1.4249)  [5s, 9,877 win/s]
  ep121  loss 0.1682 (pw 0.0010 harm 1.4532)  [5s, 9,870 win/s]
  ep122  loss 0.1621 (pw 0.0009 harm 1.4171)  [5s, 9,870 win/s]
  ep123  loss 0.1653 (pw 0.0009 harm 1.4389)  [5s, 9,879 win/s]
  ep124  loss 0.1631 (pw 0.0009 harm 1.4250)  [5s, 9,856 win/s]
  ep125  loss 0.1633 (pw 0.0009 harm 1.4169)  [5s, 9,850 win/s]
  ep126  loss 0.1668 (pw 0.0009 harm 1.4595)  [5s, 9,872 win/s]
  ep127  loss 0.1614 (pw 0.0009 harm 1.4146)  [5s, 9,869 win/s]
  ep128  loss 0.1649 (pw 0.0009 harm 1.4485)  [5s, 9,870 win/s]
  ep129  loss 0.1628 (pw 0.0009 harm 1.4201)  [5s, 9,874 win/s]
  ep130  loss 0.1639 (pw 0.0009 harm 1.4232)  [5s, 9,876 win/s]
  ep131  loss 0.1607 (pw 0.0009 harm 1.4115)  [5s, 9,872 win/s]
  ep132  loss 0.1610 (pw 0.0009 harm 1.4170)  [5s, 9,859 win/s]
  ep133  loss 0.1613 (pw 0.0009 harm 1.4264)  [5s, 9,875 win/s]
  ep134  loss 0.1637 (pw 0.0009 harm 1.4316)  [5s, 9,870 win/s]
  ep135  loss 0.1601 (pw 0.0009 harm 1.4168)  [5s, 9,873 win/s]
  ep136  loss 0.1636 (pw 0.0009 harm 1.4359)  [5s, 9,874 win/s]
  ep137  loss 0.1624 (pw 0.0009 harm 1.4335)  [5s, 9,871 win/s]
  ep138  loss 0.1620 (pw 0.0009 harm 1.4187)  [5s, 9,887 win/s]
  ep139  loss 0.1645 (pw 0.0009 harm 1.4503)  [5s, 9,876 win/s]
  ep140  loss 0.1633 (pw 0.0009 harm 1.4349)  [5s, 9,870 win/s]
  ep141  loss 0.1625 (pw 0.0009 harm 1.4299)  [5s, 9,889 win/s]
  ep142  loss 0.1619 (pw 0.0009 harm 1.4282)  [5s, 9,880 win/s]
  ep143  loss 0.1627 (pw 0.0009 harm 1.4370)  [5s, 9,867 win/s]
  ep144  loss 0.1604 (pw 0.0008 harm 1.4192)  [5s, 9,882 win/s]
  ep145  loss 0.1613 (pw 0.0009 harm 1.4211)  [5s, 9,895 win/s]
  ep146  loss 0.1592 (pw 0.0008 harm 1.4128)  [5s, 9,900 win/s]
  ep147  loss 0.1590 (pw 0.0008 harm 1.4195)  [5s, 9,870 win/s]
  ep148  loss 0.1594 (pw 0.0008 harm 1.4132)  [5s, 9,883 win/s]
  ep149  loss 0.1590 (pw 0.0008 harm 1.4198)  [5s, 9,882 win/s]
  ep150  loss 0.1617 (pw 0.0009 harm 1.4275)  [5s, 9,868 win/s]
  ep151  loss 0.1637 (pw 0.0009 harm 1.4442)  [5s, 9,865 win/s]
  ep152  loss 0.1591 (pw 0.0008 harm 1.4076)  [5s, 9,887 win/s]
  ep153  loss 0.1579 (pw 0.0008 harm 1.4172)  [5s, 9,869 win/s]
  ep154  loss 0.1602 (pw 0.0008 harm 1.4228)  [5s, 9,872 win/s]
  ep155  loss 0.1597 (pw 0.0008 harm 1.4240)  [5s, 9,888 win/s]
  ep156  loss 0.1618 (pw 0.0008 harm 1.4364)  [5s, 9,877 win/s]
  ep157  loss 0.1621 (pw 0.0008 harm 1.4485)  [5s, 9,887 win/s]
  ep158  loss 0.1595 (pw 0.0008 harm 1.4149)  [5s, 9,869 win/s]
  ep159  loss 0.1615 (pw 0.0008 harm 1.4305)  [5s, 9,913 win/s]
  ep160  loss 0.1626 (pw 0.0009 harm 1.4402)  [5s, 9,904 win/s]
  ep161  loss 0.1588 (pw 0.0008 harm 1.4118)  [5s, 9,910 win/s]
  ep162  loss 0.1597 (pw 0.0008 harm 1.4258)  [5s, 9,893 win/s]
  ep163  loss 0.1598 (pw 0.0008 harm 1.4230)  [5s, 9,890 win/s]
  ep164  loss 0.1589 (pw 0.0008 harm 1.4224)  [5s, 9,893 win/s]
  ep165  loss 0.1603 (pw 0.0008 harm 1.4285)  [5s, 9,893 win/s]
  ep166  loss 0.1577 (pw 0.0008 harm 1.4077)  [5s, 9,881 win/s]
  ep167  loss 0.1605 (pw 0.0008 harm 1.4350)  [5s, 9,887 win/s]
  ep168  loss 0.1605 (pw 0.0008 harm 1.4369)  [5s, 9,886 win/s]
  ep169  loss 0.1616 (pw 0.0008 harm 1.4393)  [5s, 9,871 win/s]
  ep170  loss 0.1590 (pw 0.0008 harm 1.4246)  [5s, 9,870 win/s]
  ep171  loss 0.1590 (pw 0.0008 harm 1.4197)  [5s, 9,865 win/s]
  ep172  loss 0.1581 (pw 0.0008 harm 1.4233)  [5s, 9,867 win/s]
  ep173  loss 0.1613 (pw 0.0008 harm 1.4411)  [5s, 9,867 win/s]
  ep174  loss 0.1576 (pw 0.0008 harm 1.4095)  [5s, 9,872 win/s]
  ep175  loss 0.1593 (pw 0.0008 harm 1.4360)  [5s, 9,877 win/s]
  ep176  loss 0.1585 (pw 0.0008 harm 1.4273)  [5s, 9,882 win/s]
  ep177  loss 0.1574 (pw 0.0008 harm 1.4217)  [5s, 9,871 win/s]
  ep178  loss 0.1607 (pw 0.0008 harm 1.4415)  [5s, 9,883 win/s]
  ep179  loss 0.1571 (pw 0.0008 harm 1.4175)  [5s, 9,891 win/s]
  ep180  loss 0.1603 (pw 0.0008 harm 1.4353)  [5s, 9,883 win/s]
  ep181  loss 0.1590 (pw 0.0008 harm 1.4327)  [5s, 9,870 win/s]
  ep182  loss 0.1601 (pw 0.0008 harm 1.4432)  [5s, 9,887 win/s]
  ep183  loss 0.1586 (pw 0.0008 harm 1.4180)  [5s, 9,890 win/s]
  ep184  loss 0.1609 (pw 0.0008 harm 1.4394)  [5s, 9,876 win/s]
  ep185  loss 0.1594 (pw 0.0008 harm 1.4361)  [5s, 9,871 win/s]
  ep186  loss 0.1569 (pw 0.0008 harm 1.4127)  [5s, 9,866 win/s]
  ep187  loss 0.1563 (pw 0.0008 harm 1.4135)  [5s, 9,882 win/s]
  ep188  loss 0.1552 (pw 0.0008 harm 1.3944)  [5s, 9,887 win/s]
  ep189  loss 0.1560 (pw 0.0008 harm 1.4046)  [5s, 9,881 win/s]
  ep190  loss 0.1579 (pw 0.0008 harm 1.4232)  [5s, 9,891 win/s]
  ep191  loss 0.1568 (pw 0.0008 harm 1.4173)  [5s, 9,882 win/s]
  ep192  loss 0.1556 (pw 0.0008 harm 1.4054)  [5s, 9,867 win/s]
  ep193  loss 0.1637 (pw 0.0008 harm 1.4738)  [5s, 9,862 win/s]
  ep194  loss 0.1604 (pw 0.0008 harm 1.4446)  [5s, 9,872 win/s]
  ep195  loss 0.1564 (pw 0.0008 harm 1.4140)  [5s, 9,878 win/s]
  ep196  loss 0.1593 (pw 0.0008 harm 1.4455)  [5s, 9,875 win/s]
  ep197  loss 0.1546 (pw 0.0007 harm 1.4030)  [5s, 9,874 win/s]
  ep198  loss 0.1584 (pw 0.0008 harm 1.4344)  [5s, 9,867 win/s]
  ep199  loss 0.1576 (pw 0.0008 harm 1.4239)  [5s, 9,877 win/s]
  ep200  loss 0.1550 (pw 0.0008 harm 1.4051)  |  MAE 3.024W  F1 0.9818  저항3종 1.000  잔차 25.5W  [5s 학습 / 0s 평가, 9,879 win/s]
  ep201  loss 0.1623 (pw 0.0008 harm 1.4700)  [5s, 9,884 win/s]
  ep202  loss 0.1569 (pw 0.0008 harm 1.4223)  [5s, 9,878 win/s]
  ep203  loss 0.1580 (pw 0.0007 harm 1.4397)  [5s, 9,888 win/s]
  ep204  loss 0.1577 (pw 0.0008 harm 1.4343)  [5s, 9,889 win/s]
  ep205  loss 0.1584 (pw 0.0008 harm 1.4271)  [5s, 9,894 win/s]
  ep206  loss 0.1556 (pw 0.0008 harm 1.4171)  [5s, 9,890 win/s]
  ep207  loss 0.1577 (pw 0.0007 harm 1.4342)  [5s, 9,863 win/s]
  ep208  loss 0.1579 (pw 0.0008 harm 1.4309)  [5s, 9,865 win/s]
  ep209  loss 0.1580 (pw 0.0008 harm 1.4323)  [5s, 9,881 win/s]
  ep210  loss 0.1562 (pw 0.0008 harm 1.4183)  [5s, 9,879 win/s]
  ep211  loss 0.1543 (pw 0.0007 harm 1.4080)  [5s, 9,878 win/s]
  ep212  loss 0.1594 (pw 0.0008 harm 1.4519)  [5s, 9,877 win/s]
  ep213  loss 0.1543 (pw 0.0007 harm 1.4076)  [5s, 9,871 win/s]
  ep214  loss 0.1607 (pw 0.0008 harm 1.4561)  [5s, 9,873 win/s]
  ep215  loss 0.1593 (pw 0.0008 harm 1.4494)  [5s, 9,849 win/s]
  ep216  loss 0.1574 (pw 0.0008 harm 1.4340)  [5s, 9,857 win/s]
  ep217  loss 0.1579 (pw 0.0008 harm 1.4363)  [5s, 9,864 win/s]
  ep218  loss 0.1565 (pw 0.0007 harm 1.4261)  [5s, 9,869 win/s]
  ep219  loss 0.1559 (pw 0.0008 harm 1.4166)  [5s, 9,864 win/s]
  ep220  loss 0.1569 (pw 0.0008 harm 1.4253)  [5s, 9,849 win/s]
  ep221  loss 0.1557 (pw 0.0007 harm 1.4199)  [5s, 9,861 win/s]
  ep222  loss 0.1572 (pw 0.0007 harm 1.4373)  [5s, 9,866 win/s]
  ep223  loss 0.1544 (pw 0.0007 harm 1.4056)  [5s, 9,862 win/s]
  ep224  loss 0.1553 (pw 0.0007 harm 1.4210)  [5s, 9,886 win/s]
  ep225  loss 0.1529 (pw 0.0007 harm 1.4008)  [5s, 9,865 win/s]
  ep226  loss 0.1577 (pw 0.0008 harm 1.4360)  [5s, 9,880 win/s]
  ep227  loss 0.1579 (pw 0.0008 harm 1.4404)  [5s, 9,883 win/s]
  ep228  loss 0.1566 (pw 0.0007 harm 1.4273)  [5s, 9,886 win/s]
  ep229  loss 0.1555 (pw 0.0007 harm 1.4233)  [5s, 9,879 win/s]
  ep230  loss 0.1563 (pw 0.0007 harm 1.4291)  [5s, 9,877 win/s]
  ep231  loss 0.1576 (pw 0.0007 harm 1.4390)  [5s, 9,890 win/s]
  ep232  loss 0.1590 (pw 0.0007 harm 1.4570)  [5s, 9,887 win/s]
  ep233  loss 0.1541 (pw 0.0007 harm 1.4078)  [5s, 9,884 win/s]
  ep234  loss 0.1555 (pw 0.0007 harm 1.4239)  [5s, 9,880 win/s]
  ep235  loss 0.1555 (pw 0.0007 harm 1.4236)  [5s, 9,875 win/s]
  ep236  loss 0.1572 (pw 0.0007 harm 1.4376)  [5s, 9,895 win/s]
  ep237  loss 0.1553 (pw 0.0007 harm 1.4200)  [5s, 9,892 win/s]
  ep238  loss 0.1547 (pw 0.0007 harm 1.4145)  [5s, 9,879 win/s]
  ep239  loss 0.1550 (pw 0.0007 harm 1.4217)  [5s, 9,881 win/s]
  ep240  loss 0.1538 (pw 0.0007 harm 1.4107)  [5s, 9,896 win/s]
  ep241  loss 0.1562 (pw 0.0007 harm 1.4273)  [5s, 9,878 win/s]
  ep242  loss 0.1562 (pw 0.0007 harm 1.4305)  [5s, 9,884 win/s]
  ep243  loss 0.1566 (pw 0.0007 harm 1.4370)  [5s, 9,873 win/s]
  ep244  loss 0.1549 (pw 0.0007 harm 1.4199)  [5s, 9,897 win/s]
  ep245  loss 0.1530 (pw 0.0007 harm 1.4077)  [5s, 9,875 win/s]
  ep246  loss 0.1537 (pw 0.0007 harm 1.4083)  [5s, 9,874 win/s]
  ep247  loss 0.1537 (pw 0.0007 harm 1.4093)  [5s, 9,898 win/s]
  ep248  loss 0.1544 (pw 0.0007 harm 1.4197)  [5s, 9,899 win/s]
  ep249  loss 0.1518 (pw 0.0007 harm 1.3913)  [5s, 9,875 win/s]
  ep250  loss 0.1536 (pw 0.0007 harm 1.4091)  [5s, 9,887 win/s]
  ep251  loss 0.1530 (pw 0.0007 harm 1.4057)  [5s, 9,894 win/s]
  ep252  loss 0.1567 (pw 0.0007 harm 1.4402)  [5s, 9,898 win/s]
  ep253  loss 0.1549 (pw 0.0007 harm 1.4213)  [5s, 9,880 win/s]
  ep254  loss 0.1539 (pw 0.0007 harm 1.4139)  [5s, 9,882 win/s]
  ep255  loss 0.1562 (pw 0.0007 harm 1.4338)  [5s, 9,890 win/s]
  ep256  loss 0.1529 (pw 0.0007 harm 1.4052)  [5s, 9,882 win/s]
  ep257  loss 0.1558 (pw 0.0007 harm 1.4308)  [5s, 9,888 win/s]
  ep258  loss 0.1562 (pw 0.0007 harm 1.4317)  [5s, 9,887 win/s]
  ep259  loss 0.1529 (pw 0.0007 harm 1.4082)  [5s, 9,892 win/s]
  ep260  loss 0.1539 (pw 0.0007 harm 1.4143)  [5s, 9,884 win/s]
  ep261  loss 0.1557 (pw 0.0007 harm 1.4312)  [5s, 9,878 win/s]
  ep262  loss 0.1552 (pw 0.0007 harm 1.4274)  [5s, 9,890 win/s]
  ep263  loss 0.1563 (pw 0.0007 harm 1.4366)  [5s, 9,868 win/s]
  ep264  loss 0.1567 (pw 0.0007 harm 1.4344)  [5s, 9,856 win/s]
  ep265  loss 0.1577 (pw 0.0007 harm 1.4487)  [5s, 9,889 win/s]
  ep266  loss 0.1554 (pw 0.0007 harm 1.4289)  [5s, 9,887 win/s]
  ep267  loss 0.1528 (pw 0.0007 harm 1.4076)  [5s, 9,869 win/s]
  ep268  loss 0.1557 (pw 0.0007 harm 1.4310)  [5s, 9,886 win/s]
  ep269  loss 0.1579 (pw 0.0007 harm 1.4539)  [5s, 9,882 win/s]
  ep270  loss 0.1564 (pw 0.0007 harm 1.4377)  [5s, 9,880 win/s]
  ep271  loss 0.1548 (pw 0.0007 harm 1.4271)  [5s, 9,869 win/s]
  ep272  loss 0.1542 (pw 0.0007 harm 1.4188)  [5s, 9,876 win/s]
  ep273  loss 0.1524 (pw 0.0007 harm 1.4031)  [5s, 9,885 win/s]
  ep274  loss 0.1552 (pw 0.0007 harm 1.4294)  [5s, 9,886 win/s]
  ep275  loss 0.1532 (pw 0.0007 harm 1.4098)  [5s, 9,887 win/s]
  ep276  loss 0.1530 (pw 0.0007 harm 1.4073)  [5s, 9,893 win/s]
  ep277  loss 0.1549 (pw 0.0007 harm 1.4259)  [5s, 9,895 win/s]
  ep278  loss 0.1518 (pw 0.0007 harm 1.4004)  [5s, 9,892 win/s]
  ep279  loss 0.1511 (pw 0.0007 harm 1.3935)  [5s, 9,868 win/s]
  ep280  loss 0.1537 (pw 0.0007 harm 1.4149)  [5s, 9,875 win/s]
  ep281  loss 0.1545 (pw 0.0007 harm 1.4225)  [5s, 9,886 win/s]
  ep282  loss 0.1537 (pw 0.0007 harm 1.4165)  [5s, 9,867 win/s]
  ep283  loss 0.1539 (pw 0.0007 harm 1.4144)  [5s, 9,864 win/s]
  ep284  loss 0.1540 (pw 0.0007 harm 1.4213)  [5s, 9,870 win/s]
  ep285  loss 0.1523 (pw 0.0007 harm 1.4021)  [5s, 9,878 win/s]
  ep286  loss 0.1531 (pw 0.0007 harm 1.4109)  [5s, 9,847 win/s]
  ep287  loss 0.1546 (pw 0.0007 harm 1.4250)  [5s, 9,856 win/s]
  ep288  loss 0.1547 (pw 0.0007 harm 1.4246)  [5s, 9,863 win/s]
  ep289  loss 0.1561 (pw 0.0007 harm 1.4352)  [5s, 9,875 win/s]
  ep290  loss 0.1543 (pw 0.0007 harm 1.4220)  [5s, 9,880 win/s]
  ep291  loss 0.1541 (pw 0.0007 harm 1.4198)  [5s, 9,878 win/s]
  ep292  loss 0.1558 (pw 0.0007 harm 1.4329)  [5s, 9,877 win/s]
  ep293  loss 0.1570 (pw 0.0007 harm 1.4451)  [5s, 9,877 win/s]
  ep294  loss 0.1554 (pw 0.0007 harm 1.4346)  [5s, 9,875 win/s]
  ep295  loss 0.1528 (pw 0.0007 harm 1.4085)  [5s, 9,882 win/s]
  ep296  loss 0.1566 (pw 0.0007 harm 1.4445)  [5s, 9,880 win/s]
  ep297  loss 0.1516 (pw 0.0007 harm 1.3946)  [5s, 9,880 win/s]
  ep298  loss 0.1528 (pw 0.0007 harm 1.4111)  [5s, 9,877 win/s]
  ep299  loss 0.1554 (pw 0.0007 harm 1.4324)  [5s, 9,856 win/s]
  ep300  loss 0.1586 (pw 0.0007 harm 1.4601)  |  MAE 3.012W  F1 0.9806  저항3종 1.000  잔차 25.4W  [5s 학습 / 0s 평가, 9,876 win/s]
  [참고] 최고 F1 은 ep200 (0.9818, MAE 3.02W) 였다. 저장한 것은 마지막 ep300 이다.

가전                     양성      MAE   MAE(on)    nMAE    RE중앙    편향(on)      FA     FA(고부하)      전가     F1
---------------------------------------------------------------------------------------------------------
air_conditioner       295     0.74     20.02   0.026   0.044     -9.70    0.00        0.01   +0.01  0.983
beam_projector       1266     0.47      2.97   0.059   0.046     -1.29    0.01        0.00   -0.00  0.987
electiric_kettle      983     9.88     79.38   0.052   0.049    -42.49    0.14        0.85   +0.80  1.000
fan                  1386     0.72      3.12   0.082   0.044     -1.34    0.22        0.92   +0.89  0.960
hair_dryer            785     5.10     51.36   0.053   0.059    +31.51    0.07        0.33   +0.31  0.999
hotplate              373     4.85     36.32   0.066   0.065    -10.65    3.31       10.34   +8.74  0.943
laptop_charger       1505     1.01      5.29   0.080   0.109     -1.72    0.02        0.02   +0.00  0.998
minipc               1531     0.56      2.72   0.125   0.157     -0.32    0.06        0.08   +0.04  0.980
oven                  920     3.76     30.52   0.025   0.055    -11.35    0.28        0.46   +0.22  0.976

  기기 평균 MAE 3.01W | F1 평균 0.981 | 최악 F1 0.943 (hotplate)
  저항3종 혼동 정확도 1.000 | 오븐→포트 0/188 (0.0%)
  저부하 FA_rel(고부하 동시) < 0.15 : 4/4
  총전력 잔차 절대 평균 25.37W

                            Phase1 GBM    Phase3 CNN
  기기 평균 MAE (W)                  1.760         3.012   패
  F1 평균                          0.956         0.981   승
  저항3종 정확도                       0.993         1.000   승
  총전력 잔차 (W)                    14.244        25.366   패

완료 1520s | results\cnn_sw_base_s3.json
====================================================================================

### [sw_base_s3] 1단계 exit=0  Sun Aug 23 02:06:43     2026
### [sw_base_s3] 2단계 exit=0
### [sw_base_s3] LOFO 3폴드 완료 Sun Aug 23 02:12:36     2026
### [sw_fd02_s3] 1단계 Sun Aug 23 02:12:36     2026
====================================================================================
[Phase 3] 2갈래 CNN — 세밀 10초@60Hz + 광역 60초@2Hz, 타깃 끝-1초
====================================================================================
평가: 홀드아웃 8,000창 (뒤 20%) | sha a2f4974fe456dc3b | 타깃 3239/3600
모델 0.61M 파라미터 | 배치 512 | 300 epoch x 50,000창 = 29,100 step | 장치 cuda
손실 가중치: power 1.0 / state .3 / on .3 / plugged .1 / standby .1 / harm 0.1 / cons 0.0 / over 0.0
학습 데이터: 캐시 cache/train60_v17 — 독립 창 300,000개 (14.6GB) | epoch 당 50,000창 -> 전체 50.0회 재사용
  ep  1  loss 0.5453 (pw 0.0100 harm 2.1180)  [5s, 9,236 win/s]
  ep  2  loss 0.3719 (pw 0.0080 harm 2.0334)  [5s, 9,833 win/s]
  ep  3  loss 0.3349 (pw 0.0068 harm 1.9697)  [5s, 9,825 win/s]
  ep  4  loss 0.3171 (pw 0.0063 harm 1.9351)  [5s, 9,833 win/s]
  ep  5  loss 0.2970 (pw 0.0057 harm 1.8337)  [5s, 9,843 win/s]
  ep  6  loss 0.2837 (pw 0.0052 harm 1.7372)  [5s, 9,843 win/s]
  ep  7  loss 0.2691 (pw 0.0046 harm 1.6701)  [5s, 9,865 win/s]
  ep  8  loss 0.2546 (pw 0.0043 harm 1.5778)  [5s, 9,852 win/s]
  ep  9  loss 0.2475 (pw 0.0039 harm 1.5586)  [5s, 9,866 win/s]
  ep 10  loss 0.2427 (pw 0.0037 harm 1.5598)  [5s, 9,861 win/s]
  ep 11  loss 0.2361 (pw 0.0034 harm 1.5313)  [5s, 9,868 win/s]
  ep 12  loss 0.2354 (pw 0.0034 harm 1.5355)  [5s, 9,854 win/s]
  ep 13  loss 0.2323 (pw 0.0033 harm 1.5356)  [5s, 9,873 win/s]
  ep 14  loss 0.2291 (pw 0.0032 harm 1.5214)  [5s, 9,869 win/s]
  ep 15  loss 0.2267 (pw 0.0031 harm 1.5249)  [5s, 9,853 win/s]
  ep 16  loss 0.2196 (pw 0.0030 harm 1.4806)  [5s, 9,867 win/s]
  ep 17  loss 0.2243 (pw 0.0031 harm 1.5232)  [5s, 9,860 win/s]
  ep 18  loss 0.2176 (pw 0.0030 harm 1.4807)  [5s, 9,862 win/s]
  ep 19  loss 0.2171 (pw 0.0029 harm 1.4808)  [5s, 9,875 win/s]
  ep 20  loss 0.2164 (pw 0.0029 harm 1.4950)  [5s, 9,849 win/s]
  ep 21  loss 0.2155 (pw 0.0028 harm 1.5006)  [5s, 9,858 win/s]
  ep 22  loss 0.2140 (pw 0.0028 harm 1.4900)  [5s, 9,860 win/s]
  ep 23  loss 0.2122 (pw 0.0027 harm 1.4876)  [5s, 9,859 win/s]
  ep 24  loss 0.2090 (pw 0.0027 harm 1.4727)  [5s, 9,879 win/s]
  ep 25  loss 0.2099 (pw 0.0026 harm 1.4803)  [5s, 9,868 win/s]
  ep 26  loss 0.2087 (pw 0.0026 harm 1.4870)  [5s, 9,864 win/s]
  ep 27  loss 0.2077 (pw 0.0025 harm 1.4791)  [5s, 9,872 win/s]
  ep 28  loss 0.2050 (pw 0.0025 harm 1.4583)  [5s, 9,873 win/s]
  ep 29  loss 0.2059 (pw 0.0025 harm 1.4724)  [5s, 9,871 win/s]
  ep 30  loss 0.2051 (pw 0.0025 harm 1.4751)  [5s, 9,855 win/s]
  ep 31  loss 0.2062 (pw 0.0025 harm 1.4844)  [5s, 9,868 win/s]
  ep 32  loss 0.2021 (pw 0.0024 harm 1.4551)  [5s, 9,865 win/s]
  ep 33  loss 0.2041 (pw 0.0024 harm 1.4802)  [5s, 9,878 win/s]
  ep 34  loss 0.2033 (pw 0.0023 harm 1.4787)  [5s, 9,862 win/s]
  ep 35  loss 0.2041 (pw 0.0024 harm 1.4895)  [5s, 9,876 win/s]
  ep 36  loss 0.2044 (pw 0.0023 harm 1.4974)  [5s, 9,875 win/s]
  ep 37  loss 0.2000 (pw 0.0023 harm 1.4536)  [5s, 9,858 win/s]
  ep 38  loss 0.2007 (pw 0.0023 harm 1.4657)  [5s, 9,869 win/s]
  ep 39  loss 0.1975 (pw 0.0022 harm 1.4520)  [5s, 9,873 win/s]
  ep 40  loss 0.1980 (pw 0.0022 harm 1.4531)  [5s, 9,890 win/s]
  ep 41  loss 0.2011 (pw 0.0023 harm 1.4774)  [5s, 9,867 win/s]
  ep 42  loss 0.1968 (pw 0.0022 harm 1.4475)  [5s, 9,879 win/s]
  ep 43  loss 0.1957 (pw 0.0022 harm 1.4457)  [5s, 9,879 win/s]
  ep 44  loss 0.1981 (pw 0.0022 harm 1.4741)  [5s, 9,886 win/s]
  ep 45  loss 0.1968 (pw 0.0022 harm 1.4488)  [5s, 9,861 win/s]
  ep 46  loss 0.1977 (pw 0.0022 harm 1.4674)  [5s, 9,866 win/s]
  ep 47  loss 0.1949 (pw 0.0021 harm 1.4481)  [5s, 9,883 win/s]
  ep 48  loss 0.1959 (pw 0.0021 harm 1.4622)  [5s, 9,881 win/s]
  ep 49  loss 0.1970 (pw 0.0022 harm 1.4613)  [5s, 9,867 win/s]
  ep 50  loss 0.1950 (pw 0.0021 harm 1.4561)  [5s, 9,880 win/s]
  ep 51  loss 0.1934 (pw 0.0021 harm 1.4475)  [5s, 9,887 win/s]
  ep 52  loss 0.1958 (pw 0.0021 harm 1.4680)  [5s, 9,871 win/s]
  ep 53  loss 0.1925 (pw 0.0020 harm 1.4465)  [5s, 9,874 win/s]
  ep 54  loss 0.1916 (pw 0.0020 harm 1.4445)  [5s, 9,874 win/s]
  ep 55  loss 0.1949 (pw 0.0021 harm 1.4681)  [5s, 9,893 win/s]
  ep 56  loss 0.1928 (pw 0.0020 harm 1.4517)  [5s, 9,874 win/s]
  ep 57  loss 0.1954 (pw 0.0021 harm 1.4707)  [5s, 9,873 win/s]
  ep 58  loss 0.1922 (pw 0.0020 harm 1.4523)  [5s, 9,867 win/s]
  ep 59  loss 0.1929 (pw 0.0020 harm 1.4629)  [5s, 9,871 win/s]
  ep 60  loss 0.1929 (pw 0.0020 harm 1.4637)  [5s, 9,857 win/s]
  ep 61  loss 0.1904 (pw 0.0020 harm 1.4451)  [5s, 9,881 win/s]
  ep 62  loss 0.1898 (pw 0.0020 harm 1.4381)  [5s, 9,873 win/s]
  ep 63  loss 0.1901 (pw 0.0019 harm 1.4425)  [5s, 9,879 win/s]
  ep 64  loss 0.1935 (pw 0.0020 harm 1.4733)  [5s, 9,857 win/s]
  ep 65  loss 0.1912 (pw 0.0019 harm 1.4548)  [5s, 9,871 win/s]
  ep 66  loss 0.1924 (pw 0.0020 harm 1.4707)  [5s, 9,890 win/s]
  ep 67  loss 0.1897 (pw 0.0019 harm 1.4423)  [5s, 9,865 win/s]
  ep 68  loss 0.1908 (pw 0.0019 harm 1.4575)  [5s, 9,869 win/s]
  ep 69  loss 0.1862 (pw 0.0019 harm 1.4284)  [5s, 9,874 win/s]
  ep 70  loss 0.1894 (pw 0.0018 harm 1.4546)  [5s, 9,871 win/s]
  ep 71  loss 0.1891 (pw 0.0019 harm 1.4516)  [5s, 9,871 win/s]
  ep 72  loss 0.1877 (pw 0.0019 harm 1.4383)  [5s, 9,855 win/s]
  ep 73  loss 0.1863 (pw 0.0018 harm 1.4391)  [5s, 9,866 win/s]
  ep 74  loss 0.1925 (pw 0.0019 harm 1.4859)  [5s, 9,883 win/s]
  ep 75  loss 0.1877 (pw 0.0018 harm 1.4511)  [5s, 9,871 win/s]
  ep 76  loss 0.1908 (pw 0.0019 harm 1.4721)  [5s, 9,890 win/s]
  ep 77  loss 0.1904 (pw 0.0019 harm 1.4695)  [5s, 9,880 win/s]
  ep 78  loss 0.1888 (pw 0.0018 harm 1.4591)  [5s, 9,886 win/s]
  ep 79  loss 0.1912 (pw 0.0019 harm 1.4827)  [5s, 9,873 win/s]
  ep 80  loss 0.1858 (pw 0.0018 harm 1.4408)  [5s, 9,881 win/s]
  ep 81  loss 0.1858 (pw 0.0018 harm 1.4360)  [5s, 9,884 win/s]
  ep 82  loss 0.1859 (pw 0.0018 harm 1.4419)  [5s, 9,884 win/s]
  ep 83  loss 0.1863 (pw 0.0018 harm 1.4491)  [5s, 9,870 win/s]
  ep 84  loss 0.1864 (pw 0.0018 harm 1.4480)  [5s, 9,878 win/s]
  ep 85  loss 0.1858 (pw 0.0018 harm 1.4498)  [5s, 9,887 win/s]
  ep 86  loss 0.1858 (pw 0.0017 harm 1.4501)  [5s, 9,878 win/s]
  ep 87  loss 0.1845 (pw 0.0017 harm 1.4415)  [5s, 9,884 win/s]
  ep 88  loss 0.1890 (pw 0.0017 harm 1.4789)  [5s, 9,881 win/s]
  ep 89  loss 0.1856 (pw 0.0017 harm 1.4459)  [5s, 9,891 win/s]
  ep 90  loss 0.1818 (pw 0.0016 harm 1.4329)  [5s, 9,882 win/s]
  ep 91  loss 0.1876 (pw 0.0018 harm 1.4686)  [5s, 9,877 win/s]
  ep 92  loss 0.1845 (pw 0.0017 harm 1.4455)  [5s, 9,863 win/s]
  ep 93  loss 0.1842 (pw 0.0017 harm 1.4438)  [5s, 9,878 win/s]
  ep 94  loss 0.1845 (pw 0.0018 harm 1.4475)  [5s, 9,843 win/s]
  ep 95  loss 0.1859 (pw 0.0017 harm 1.4629)  [5s, 9,860 win/s]
  ep 96  loss 0.1852 (pw 0.0017 harm 1.4555)  [5s, 9,872 win/s]
  ep 97  loss 0.1824 (pw 0.0017 harm 1.4379)  [5s, 9,874 win/s]
  ep 98  loss 0.1849 (pw 0.0017 harm 1.4588)  [5s, 9,863 win/s]
  ep 99  loss 0.1832 (pw 0.0017 harm 1.4350)  [5s, 9,859 win/s]
  ep100  loss 0.1847 (pw 0.0017 harm 1.4612)  |  MAE 3.620W  F1 0.9749  저항3종 0.999  잔차 27.8W  [5s 학습 / 0s 평가, 9,861 win/s]
  ep101  loss 0.1830 (pw 0.0017 harm 1.4472)  [5s, 9,882 win/s]
  ep102  loss 0.1812 (pw 0.0016 harm 1.4377)  [5s, 9,860 win/s]
  ep103  loss 0.1801 (pw 0.0016 harm 1.4286)  [5s, 9,872 win/s]
  ep104  loss 0.1850 (pw 0.0017 harm 1.4579)  [5s, 9,883 win/s]
  ep105  loss 0.1848 (pw 0.0017 harm 1.4576)  [5s, 9,865 win/s]
  ep106  loss 0.1822 (pw 0.0017 harm 1.4374)  [5s, 9,863 win/s]
  ep107  loss 0.1834 (pw 0.0017 harm 1.4467)  [5s, 9,861 win/s]
  ep108  loss 0.1851 (pw 0.0016 harm 1.4705)  [5s, 9,873 win/s]
  ep109  loss 0.1827 (pw 0.0016 harm 1.4501)  [5s, 9,864 win/s]
  ep110  loss 0.1801 (pw 0.0016 harm 1.4348)  [5s, 9,865 win/s]
  ep111  loss 0.1840 (pw 0.0016 harm 1.4626)  [5s, 9,872 win/s]
  ep112  loss 0.1827 (pw 0.0017 harm 1.4514)  [5s, 9,883 win/s]
  ep113  loss 0.1815 (pw 0.0016 harm 1.4441)  [5s, 9,866 win/s]
  ep114  loss 0.1800 (pw 0.0016 harm 1.4379)  [5s, 9,860 win/s]
  ep115  loss 0.1831 (pw 0.0016 harm 1.4618)  [5s, 9,877 win/s]
  ep116  loss 0.1808 (pw 0.0016 harm 1.4332)  [5s, 9,873 win/s]
  ep117  loss 0.1781 (pw 0.0016 harm 1.4201)  [5s, 9,870 win/s]
  ep118  loss 0.1829 (pw 0.0016 harm 1.4552)  [5s, 9,876 win/s]
  ep119  loss 0.1794 (pw 0.0016 harm 1.4356)  [5s, 9,891 win/s]
  ep120  loss 0.1806 (pw 0.0015 harm 1.4469)  [5s, 9,880 win/s]
  ep121  loss 0.1855 (pw 0.0016 harm 1.4748)  [5s, 9,879 win/s]
  ep122  loss 0.1791 (pw 0.0015 harm 1.4375)  [5s, 9,874 win/s]
  ep123  loss 0.1827 (pw 0.0016 harm 1.4602)  [5s, 9,885 win/s]
  ep124  loss 0.1808 (pw 0.0016 harm 1.4465)  [5s, 9,854 win/s]
  ep125  loss 0.1807 (pw 0.0015 harm 1.4381)  [5s, 9,864 win/s]
  ep126  loss 0.1847 (pw 0.0016 harm 1.4811)  [5s, 9,879 win/s]
  ep127  loss 0.1789 (pw 0.0015 harm 1.4349)  [5s, 9,876 win/s]
  ep128  loss 0.1829 (pw 0.0016 harm 1.4701)  [5s, 9,860 win/s]
  ep129  loss 0.1794 (pw 0.0015 harm 1.4409)  [5s, 9,884 win/s]
  ep130  loss 0.1814 (pw 0.0016 harm 1.4442)  [5s, 9,885 win/s]
  ep131  loss 0.1780 (pw 0.0015 harm 1.4313)  [5s, 9,885 win/s]
  ep132  loss 0.1787 (pw 0.0015 harm 1.4378)  [5s, 9,887 win/s]
  ep133  loss 0.1796 (pw 0.0015 harm 1.4483)  [5s, 9,867 win/s]
  ep134  loss 0.1809 (pw 0.0015 harm 1.4525)  [5s, 9,870 win/s]
  ep135  loss 0.1783 (pw 0.0015 harm 1.4382)  [5s, 9,863 win/s]
  ep136  loss 0.1817 (pw 0.0015 harm 1.4579)  [5s, 9,869 win/s]
  ep137  loss 0.1798 (pw 0.0015 harm 1.4542)  [5s, 9,875 win/s]
  ep138  loss 0.1794 (pw 0.0015 harm 1.4401)  [5s, 9,884 win/s]
  ep139  loss 0.1815 (pw 0.0015 harm 1.4719)  [5s, 9,873 win/s]
  ep140  loss 0.1805 (pw 0.0015 harm 1.4552)  [5s, 9,877 win/s]
  ep141  loss 0.1802 (pw 0.0015 harm 1.4513)  [5s, 9,879 win/s]
  ep142  loss 0.1793 (pw 0.0015 harm 1.4481)  [5s, 9,889 win/s]
  ep143  loss 0.1804 (pw 0.0015 harm 1.4577)  [5s, 9,867 win/s]
  ep144  loss 0.1780 (pw 0.0015 harm 1.4403)  [5s, 9,874 win/s]
  ep145  loss 0.1781 (pw 0.0015 harm 1.4413)  [5s, 9,882 win/s]
  ep146  loss 0.1769 (pw 0.0014 harm 1.4332)  [5s, 9,887 win/s]
  ep147  loss 0.1770 (pw 0.0015 harm 1.4401)  [5s, 9,852 win/s]
  ep148  loss 0.1773 (pw 0.0015 harm 1.4353)  [5s, 9,869 win/s]
  ep149  loss 0.1771 (pw 0.0015 harm 1.4405)  [5s, 9,891 win/s]
  ep150  loss 0.1792 (pw 0.0015 harm 1.4485)  [5s, 9,883 win/s]
  ep151  loss 0.1803 (pw 0.0015 harm 1.4640)  [5s, 9,874 win/s]
  ep152  loss 0.1754 (pw 0.0014 harm 1.4270)  [5s, 9,880 win/s]
  ep153  loss 0.1759 (pw 0.0015 harm 1.4383)  [5s, 9,873 win/s]
  ep154  loss 0.1775 (pw 0.0015 harm 1.4426)  [5s, 9,880 win/s]
  ep155  loss 0.1771 (pw 0.0014 harm 1.4441)  [5s, 9,870 win/s]
  ep156  loss 0.1788 (pw 0.0014 harm 1.4565)  [5s, 9,892 win/s]
  ep157  loss 0.1800 (pw 0.0015 harm 1.4692)  [5s, 9,888 win/s]
  ep158  loss 0.1771 (pw 0.0015 harm 1.4361)  [5s, 9,861 win/s]
  ep159  loss 0.1781 (pw 0.0015 harm 1.4497)  [5s, 9,879 win/s]
  ep160  loss 0.1797 (pw 0.0015 harm 1.4610)  [5s, 9,878 win/s]
  ep161  loss 0.1759 (pw 0.0015 harm 1.4315)  [5s, 9,876 win/s]
  ep162  loss 0.1773 (pw 0.0015 harm 1.4463)  [5s, 9,865 win/s]
  ep163  loss 0.1773 (pw 0.0015 harm 1.4429)  [5s, 9,876 win/s]
  ep164  loss 0.1762 (pw 0.0014 harm 1.4426)  [5s, 9,879 win/s]
  ep165  loss 0.1775 (pw 0.0015 harm 1.4487)  [5s, 9,877 win/s]
  ep166  loss 0.1752 (pw 0.0014 harm 1.4277)  [5s, 9,896 win/s]
  ep167  loss 0.1777 (pw 0.0014 harm 1.4551)  [5s, 9,881 win/s]
  ep168  loss 0.1782 (pw 0.0015 harm 1.4567)  [5s, 9,888 win/s]
  ep169  loss 0.1788 (pw 0.0015 harm 1.4599)  [5s, 9,885 win/s]
  ep170  loss 0.1766 (pw 0.0014 harm 1.4443)  [5s, 9,881 win/s]
  ep171  loss 0.1761 (pw 0.0014 harm 1.4393)  [5s, 9,887 win/s]
  ep172  loss 0.1758 (pw 0.0015 harm 1.4426)  [5s, 9,874 win/s]
  ep173  loss 0.1783 (pw 0.0015 harm 1.4608)  [5s, 9,860 win/s]
  ep174  loss 0.1745 (pw 0.0014 harm 1.4291)  [5s, 9,870 win/s]
  ep175  loss 0.1764 (pw 0.0014 harm 1.4555)  [5s, 9,863 win/s]
  ep176  loss 0.1759 (pw 0.0014 harm 1.4462)  [5s, 9,866 win/s]
  ep177  loss 0.1751 (pw 0.0013 harm 1.4414)  [5s, 9,855 win/s]
  ep178  loss 0.1781 (pw 0.0014 harm 1.4620)  [5s, 9,876 win/s]
  ep179  loss 0.1747 (pw 0.0014 harm 1.4373)  [5s, 9,886 win/s]
  ep180  loss 0.1779 (pw 0.0014 harm 1.4556)  [5s, 9,881 win/s]
  ep181  loss 0.1766 (pw 0.0014 harm 1.4525)  [5s, 9,858 win/s]
  ep182  loss 0.1779 (pw 0.0014 harm 1.4639)  [5s, 9,860 win/s]
  ep183  loss 0.1747 (pw 0.0014 harm 1.4367)  [5s, 9,870 win/s]
  ep184  loss 0.1775 (pw 0.0014 harm 1.4582)  [5s, 9,865 win/s]
  ep185  loss 0.1770 (pw 0.0014 harm 1.4558)  [5s, 9,869 win/s]
  ep186  loss 0.1741 (pw 0.0013 harm 1.4318)  [5s, 9,881 win/s]
  ep187  loss 0.1741 (pw 0.0014 harm 1.4339)  [5s, 9,880 win/s]
  ep188  loss 0.1727 (pw 0.0014 harm 1.4148)  [5s, 9,864 win/s]
  ep189  loss 0.1731 (pw 0.0014 harm 1.4244)  [5s, 9,865 win/s]
  ep190  loss 0.1755 (pw 0.0014 harm 1.4440)  [5s, 9,866 win/s]
  ep191  loss 0.1742 (pw 0.0014 harm 1.4371)  [5s, 9,875 win/s]
  ep192  loss 0.1726 (pw 0.0013 harm 1.4246)  [5s, 9,865 win/s]
  ep193  loss 0.1804 (pw 0.0014 harm 1.4938)  [5s, 9,867 win/s]
  ep194  loss 0.1775 (pw 0.0014 harm 1.4649)  [5s, 9,866 win/s]
  ep195  loss 0.1736 (pw 0.0013 harm 1.4328)  [5s, 9,882 win/s]
  ep196  loss 0.1773 (pw 0.0014 harm 1.4657)  [5s, 9,872 win/s]
  ep197  loss 0.1724 (pw 0.0013 harm 1.4230)  [5s, 9,888 win/s]
  ep198  loss 0.1757 (pw 0.0014 harm 1.4537)  [5s, 9,878 win/s]
  ep199  loss 0.1745 (pw 0.0013 harm 1.4430)  [5s, 9,870 win/s]
  ep200  loss 0.1723 (pw 0.0014 harm 1.4247)  |  MAE 3.190W  F1 0.9803  저항3종 0.999  잔차 26.4W  [5s 학습 / 0s 평가, 9,851 win/s]
  ep201  loss 0.1790 (pw 0.0014 harm 1.4889)  [5s, 9,860 win/s]
  ep202  loss 0.1742 (pw 0.0013 harm 1.4421)  [5s, 9,846 win/s]
  ep203  loss 0.1754 (pw 0.0013 harm 1.4593)  [5s, 9,848 win/s]
  ep204  loss 0.1752 (pw 0.0013 harm 1.4548)  [5s, 9,869 win/s]
  ep205  loss 0.1750 (pw 0.0013 harm 1.4464)  [5s, 9,863 win/s]
  ep206  loss 0.1731 (pw 0.0013 harm 1.4365)  [5s, 9,868 win/s]
  ep207  loss 0.1750 (pw 0.0013 harm 1.4540)  [5s, 9,869 win/s]
  ep208  loss 0.1748 (pw 0.0013 harm 1.4499)  [5s, 9,869 win/s]
  ep209  loss 0.1749 (pw 0.0013 harm 1.4514)  [5s, 9,879 win/s]
  ep210  loss 0.1735 (pw 0.0013 harm 1.4379)  [5s, 9,871 win/s]
  ep211  loss 0.1721 (pw 0.0013 harm 1.4275)  [5s, 9,860 win/s]
  ep212  loss 0.1765 (pw 0.0013 harm 1.4711)  [5s, 9,880 win/s]
  ep213  loss 0.1717 (pw 0.0013 harm 1.4266)  [5s, 9,885 win/s]
  ep214  loss 0.1778 (pw 0.0014 harm 1.4756)  [5s, 9,869 win/s]
  ep215  loss 0.1767 (pw 0.0013 harm 1.4683)  [5s, 9,858 win/s]
  ep216  loss 0.1753 (pw 0.0014 harm 1.4542)  [5s, 9,874 win/s]
  ep217  loss 0.1750 (pw 0.0013 harm 1.4559)  [5s, 9,873 win/s]
  ep218  loss 0.1737 (pw 0.0013 harm 1.4454)  [5s, 9,866 win/s]
  ep219  loss 0.1733 (pw 0.0014 harm 1.4362)  [5s, 9,876 win/s]
  ep220  loss 0.1742 (pw 0.0013 harm 1.4449)  [5s, 9,862 win/s]
  ep221  loss 0.1727 (pw 0.0013 harm 1.4391)  [5s, 9,862 win/s]
  ep222  loss 0.1747 (pw 0.0014 harm 1.4570)  [5s, 9,844 win/s]
  ep223  loss 0.1717 (pw 0.0013 harm 1.4247)  [5s, 9,874 win/s]
  ep224  loss 0.1726 (pw 0.0013 harm 1.4401)  [5s, 9,874 win/s]
  ep225  loss 0.1700 (pw 0.0013 harm 1.4196)  [5s, 9,876 win/s]
  ep226  loss 0.1746 (pw 0.0013 harm 1.4546)  [5s, 9,865 win/s]
  ep227  loss 0.1753 (pw 0.0013 harm 1.4599)  [5s, 9,878 win/s]
  ep228  loss 0.1738 (pw 0.0013 harm 1.4464)  [5s, 9,872 win/s]
  ep229  loss 0.1724 (pw 0.0013 harm 1.4412)  [5s, 9,864 win/s]
  ep230  loss 0.1736 (pw 0.0013 harm 1.4484)  [5s, 9,853 win/s]
  ep231  loss 0.1748 (pw 0.0013 harm 1.4580)  [5s, 9,876 win/s]
  ep232  loss 0.1764 (pw 0.0013 harm 1.4767)  [5s, 9,860 win/s]
  ep233  loss 0.1710 (pw 0.0013 harm 1.4267)  [5s, 9,861 win/s]
  ep234  loss 0.1727 (pw 0.0013 harm 1.4428)  [5s, 9,865 win/s]
  ep235  loss 0.1729 (pw 0.0013 harm 1.4431)  [5s, 9,865 win/s]
  ep236  loss 0.1742 (pw 0.0013 harm 1.4561)  [5s, 9,865 win/s]
  ep237  loss 0.1731 (pw 0.0013 harm 1.4389)  [5s, 9,850 win/s]
  ep238  loss 0.1718 (pw 0.0013 harm 1.4334)  [5s, 9,868 win/s]
  ep239  loss 0.1723 (pw 0.0013 harm 1.4411)  [5s, 9,887 win/s]
  ep240  loss 0.1712 (pw 0.0013 harm 1.4300)  [5s, 9,877 win/s]
  ep241  loss 0.1736 (pw 0.0013 harm 1.4467)  [5s, 9,860 win/s]
  ep242  loss 0.1733 (pw 0.0013 harm 1.4497)  [5s, 9,861 win/s]
  ep243  loss 0.1738 (pw 0.0013 harm 1.4558)  [5s, 9,881 win/s]
  ep244  loss 0.1723 (pw 0.0014 harm 1.4394)  [5s, 9,888 win/s]
  ep245  loss 0.1709 (pw 0.0013 harm 1.4273)  [5s, 9,875 win/s]
  ep246  loss 0.1709 (pw 0.0013 harm 1.4273)  [5s, 9,873 win/s]
  ep247  loss 0.1710 (pw 0.0013 harm 1.4280)  [5s, 9,891 win/s]
  ep248  loss 0.1721 (pw 0.0013 harm 1.4397)  [5s, 9,883 win/s]
  ep249  loss 0.1691 (pw 0.0012 harm 1.4101)  [5s, 9,868 win/s]
  ep250  loss 0.1710 (pw 0.0013 harm 1.4283)  [5s, 9,883 win/s]
  ep251  loss 0.1705 (pw 0.0012 harm 1.4253)  [5s, 9,886 win/s]
  ep252  loss 0.1741 (pw 0.0013 harm 1.4596)  [5s, 9,870 win/s]
  ep253  loss 0.1718 (pw 0.0012 harm 1.4398)  [5s, 9,856 win/s]
  ep254  loss 0.1711 (pw 0.0013 harm 1.4326)  [5s, 9,883 win/s]
  ep255  loss 0.1732 (pw 0.0013 harm 1.4519)  [5s, 9,889 win/s]
  ep256  loss 0.1696 (pw 0.0013 harm 1.4238)  [5s, 9,874 win/s]
  ep257  loss 0.1730 (pw 0.0013 harm 1.4501)  [5s, 9,874 win/s]
  ep258  loss 0.1731 (pw 0.0013 harm 1.4503)  [5s, 9,890 win/s]
  ep259  loss 0.1698 (pw 0.0012 harm 1.4263)  [5s, 9,865 win/s]
  ep260  loss 0.1708 (pw 0.0012 harm 1.4329)  [5s, 9,869 win/s]
  ep261  loss 0.1727 (pw 0.0013 harm 1.4506)  [5s, 9,884 win/s]
  ep262  loss 0.1725 (pw 0.0013 harm 1.4466)  [5s, 9,878 win/s]
  ep263  loss 0.1735 (pw 0.0013 harm 1.4554)  [5s, 9,881 win/s]
  ep264  loss 0.1735 (pw 0.0013 harm 1.4529)  [5s, 9,879 win/s]
  ep265  loss 0.1750 (pw 0.0013 harm 1.4681)  [5s, 9,869 win/s]
  ep266  loss 0.1724 (pw 0.0012 harm 1.4478)  [5s, 9,879 win/s]
  ep267  loss 0.1700 (pw 0.0012 harm 1.4268)  [5s, 9,873 win/s]
  ep268  loss 0.1727 (pw 0.0013 harm 1.4501)  [5s, 9,876 win/s]
  ep269  loss 0.1751 (pw 0.0013 harm 1.4726)  [5s, 9,870 win/s]
  ep270  loss 0.1737 (pw 0.0013 harm 1.4565)  [5s, 9,880 win/s]
  ep271  loss 0.1716 (pw 0.0012 harm 1.4453)  [5s, 9,860 win/s]
  ep272  loss 0.1713 (pw 0.0013 harm 1.4374)  [5s, 9,856 win/s]
  ep273  loss 0.1695 (pw 0.0013 harm 1.4214)  [5s, 9,872 win/s]
  ep274  loss 0.1724 (pw 0.0013 harm 1.4478)  [5s, 9,883 win/s]
  ep275  loss 0.1703 (pw 0.0013 harm 1.4284)  [5s, 9,846 win/s]
  ep276  loss 0.1703 (pw 0.0012 harm 1.4259)  [5s, 9,846 win/s]
  ep277  loss 0.1725 (pw 0.0013 harm 1.4447)  [5s, 9,861 win/s]
  ep278  loss 0.1693 (pw 0.0013 harm 1.4197)  [5s, 9,862 win/s]
  ep279  loss 0.1683 (pw 0.0013 harm 1.4123)  [5s, 9,851 win/s]
  ep280  loss 0.1713 (pw 0.0013 harm 1.4339)  [5s, 9,859 win/s]
  ep281  loss 0.1721 (pw 0.0012 harm 1.4423)  [5s, 9,883 win/s]
  ep282  loss 0.1709 (pw 0.0013 harm 1.4355)  [5s, 9,870 win/s]
  ep283  loss 0.1711 (pw 0.0012 harm 1.4335)  [5s, 9,879 win/s]
  ep284  loss 0.1717 (pw 0.0013 harm 1.4413)  [5s, 9,874 win/s]
  ep285  loss 0.1696 (pw 0.0013 harm 1.4210)  [5s, 9,886 win/s]
  ep286  loss 0.1701 (pw 0.0012 harm 1.4302)  [5s, 9,859 win/s]
  ep287  loss 0.1717 (pw 0.0012 harm 1.4438)  [5s, 9,866 win/s]
  ep288  loss 0.1724 (pw 0.0013 harm 1.4432)  [5s, 9,869 win/s]
  ep289  loss 0.1730 (pw 0.0013 harm 1.4539)  [5s, 9,881 win/s]
  ep290  loss 0.1717 (pw 0.0012 harm 1.4411)  [5s, 9,866 win/s]
  ep291  loss 0.1713 (pw 0.0012 harm 1.4390)  [5s, 9,879 win/s]
  ep292  loss 0.1735 (pw 0.0013 harm 1.4529)  [5s, 9,862 win/s]
  ep293  loss 0.1744 (pw 0.0013 harm 1.4644)  [5s, 9,868 win/s]
  ep294  loss 0.1729 (pw 0.0013 harm 1.4537)  [5s, 9,847 win/s]
  ep295  loss 0.1699 (pw 0.0012 harm 1.4276)  [5s, 9,864 win/s]
  ep296  loss 0.1741 (pw 0.0013 harm 1.4640)  [5s, 9,857 win/s]
  ep297  loss 0.1691 (pw 0.0013 harm 1.4140)  [5s, 9,856 win/s]
  ep298  loss 0.1703 (pw 0.0013 harm 1.4303)  [5s, 9,860 win/s]
  ep299  loss 0.1727 (pw 0.0013 harm 1.4513)  [5s, 9,848 win/s]
  ep300  loss 0.1757 (pw 0.0013 harm 1.4789)  |  MAE 3.210W  F1 0.9792  저항3종 1.000  잔차 26.8W  [5s 학습 / 0s 평가, 9,867 win/s]
  [참고] 최고 F1 은 ep200 (0.9803, MAE 3.19W) 였다. 저장한 것은 마지막 ep300 이다.

가전                     양성      MAE   MAE(on)    nMAE    RE중앙    편향(on)      FA     FA(고부하)      전가     F1
---------------------------------------------------------------------------------------------------------
air_conditioner       295     0.79     21.34   0.028   0.050    -10.33    0.01        0.02   +0.02  0.974
beam_projector       1266     0.57      3.57   0.071   0.064     -2.46    0.00        0.01   +0.00  0.990
electiric_kettle      983    11.45     91.72   0.060   0.058    -62.68    0.20        1.79   +1.79  0.999
fan                  1386     0.74      3.43   0.090   0.062     -2.16    0.18        0.76   +0.74  0.966
hair_dryer            785     5.08     51.03   0.053   0.058    +21.59    0.08        0.17   +0.10  0.999
hotplate              373     4.46     34.59   0.063   0.062    -15.11    2.98        9.52   +8.12  0.951
laptop_charger       1505     1.05      5.49   0.083   0.119     -2.36    0.02        0.08   +0.08  0.999
minipc               1531     0.56      2.57   0.118   0.156     -0.31    0.08        0.12   +0.05  0.978
oven                  920     4.20     34.26   0.028   0.056    -17.85    0.29        1.08   +0.96  0.958

  기기 평균 MAE 3.21W | F1 평균 0.979 | 최악 F1 0.951 (hotplate)
  저항3종 혼동 정확도 1.000 | 오븐→포트 0/188 (0.0%)
  저부하 FA_rel(고부하 동시) < 0.15 : 4/4
  총전력 잔차 절대 평균 26.79W

                            Phase1 GBM    Phase3 CNN
  기기 평균 MAE (W)                  1.760         3.210   패
  F1 평균                          0.956         0.979   승
  저항3종 정확도                       0.993         1.000   승
  총전력 잔차 (W)                    14.244        26.793   패

완료 1521s | results\cnn_sw_fd02_s3.json
====================================================================================

### [sw_fd02_s3] 1단계 exit=0  Sun Aug 23 02:38:10     2026
### [sw_fd02_s3] 2단계 exit=0
### [sw_fd02_s3] LOFO 3폴드 완료 Sun Aug 23 02:44:03     2026
### 시드 스윕 완료 Sun Aug 23 02:44:03     2026
